tab,cell,row,col,value,field_type,formula
Improvements,M1,1,M,<<Property Type Show/Hide,user_entry,
Improvements,AN2,2,AN,?,user_entry,
Improvements,N4,4,N,2.0,user_entry,
Improvements,S4,4,S,VeryHidden,user_entry,
Improvements,BC4,4,BC,2.0,user_entry,
Improvements,A5,5,A,VeryHidden,user_entry,
Improvements,B5,5,B,VeryHidden,user_entry,
Improvements,C5,5,C,VeryHidden,user_entry,
Improvements,D5,5,D,VeryHidden,user_entry,
Improvements,E5,5,E,VeryHidden,user_entry,
Improvements,F5,5,F,VeryHidden,user_entry,
Improvements,G5,5,G,VeryHidden,user_entry,
Improvements,H5,5,H,VeryHidden,user_entry,
Improvements,I5,5,I,VeryHidden,user_entry,
Improvements,J5,5,J,VeryHidden,user_entry,
Improvements,K5,5,K,VeryHidden,user_entry,
Improvements,L5,5,L,VeryHidden,user_entry,
Improvements,N5,5,N,VeryHidden,user_entry,
Improvements,O5,5,O,VeryHidden,user_entry,
Improvements,P5,5,P,VeryHidden,user_entry,
Improvements,Q5,5,Q,VeryHidden,user_entry,
Improvements,S5,5,S,VeryHidden,user_entry,
Improvements,U5,5,U,VeryHidden,user_entry,
Improvements,Y5,5,Y,VeryHidden,user_entry,
Improvements,Z5,5,Z,VeryHidden,user_entry,
Improvements,AA5,5,AA,0x7,user_entry,
Improvements,AC5,5,AC,0x7,user_entry,
Improvements,AD5,5,AD,0x7,user_entry,
Improvements,AE5,5,AE,0x7,user_entry,
Improvements,AF5,5,AF,0x7,user_entry,
Improvements,AG5,5,AG,0x7,user_entry,
Improvements,AH5,5,AH,0x7,user_entry,
Improvements,AI5,5,AI,0x7,user_entry,
Improvements,AJ5,5,AJ,0x7,user_entry,
Improvements,AK5,5,AK,0x7,user_entry,
Improvements,P7,7,P,REPORT WRITER,user_entry,
Improvements,W7,7,W,"20800 Homestead Road Cupertino, CA • Multi-Family",user_entry,
Improvements,AN7,7,AN,V: 46.02.9,user_entry,
Improvements,P10,10,P,Navigate,user_entry,
Improvements,U10,10,U,System,user_entry,
Improvements,W10,10,W,Improvements Description,user_entry,
Improvements,U11,11,U,Column,user_entry,
Improvements,P12,12,P,Toggle Display,user_entry,
Improvements,U12,12,U,All,user_entry,
Improvements,W12,12,W,Choose Number of Buildings,user_entry,
Improvements,AB12,12,AB,1.0,user_entry,
Improvements,U13,13,U,1.0,user_entry,
Improvements,P15,15,P,Show Totals Column,user_entry,
Improvements,W15,15,W,Overall Property & Multiple Buildings Summary,user_entry,
Improvements,AN15,15,AN,Hide,user_entry,
Improvements,A17,17,A,PropertyTypeKey,user_entry,
Improvements,Y18,18,Y,Database Record (Optional),user_entry,
Improvements,AB18,18,AB,All Buildings Description / Totals,user_entry,
Improvements,A19,19,A,Multi-Family|Mobile/Manufactured Home Park,user_entry,
Improvements,B19,19,B,Multi-Family|All,user_entry,
Improvements,C19,19,C,Multi-Family|Student-Oriented Housing,user_entry,
Improvements,D19,19,D,Multi-Family|Affordable,user_entry,
Improvements,E19,19,E,Retail-Commercial|All,user_entry,
Improvements,F19,19,F,Shopping Center|Super Regional Center/Mall,user_entry,
Improvements,G19,19,G,Office|All,user_entry,
Improvements,H19,19,H,Health Care|All,user_entry,
Improvements,I19,19,I,Senior Housing|All,user_entry,
Improvements,J19,19,J,Industrial|All,user_entry,
Improvements,K19,19,K,Self-Storage|All,user_entry,
Improvements,L19,19,L,Lodging & Hospitality|All,user_entry,
Improvements,N19,19,N,Active PropertyType,user_entry,
Improvements,AB19,19,AB,New! Gen AI > Generate Property Capsule button in Partner Ribbon,user_entry,
Improvements,A20,20,A,Hide,user_entry,
Improvements,B20,20,B,Show,user_entry,
Improvements,C20,20,C,Show,user_entry,
Improvements,D20,20,D,Show,user_entry,
Improvements,E20,20,E,Show,user_entry,
Improvements,F20,20,F,Show,user_entry,
Improvements,G20,20,G,Show,user_entry,
Improvements,H20,20,H,Show,user_entry,
Improvements,I20,20,I,Show,user_entry,
Improvements,J20,20,J,Show,user_entry,
Improvements,K20,20,K,Show,user_entry,
Improvements,L20,20,L,Show,user_entry,
Improvements,N20,20,N,Show,user_entry,
Improvements,P20,20,P,Show,user_entry,
Improvements,R20,20,R,Show,user_entry,
Improvements,S20,20,S,0.5,user_entry,
Improvements,X20,20,X,Capsule Description,user_entry,
Improvements,AB20,20,AB,0.0,user_entry,
Improvements,A21,21,A,Hide,user_entry,
Improvements,B21,21,B,Hide,user_entry,
Improvements,C21,21,C,Hide,user_entry,
Improvements,D21,21,D,Hide,user_entry,
Improvements,E21,21,E,Hide,user_entry,
Improvements,F21,21,F,Hide,user_entry,
Improvements,G21,21,G,Hide,user_entry,
Improvements,H21,21,H,Hide,user_entry,
Improvements,I21,21,I,Hide,user_entry,
Improvements,J21,21,J,Hide,user_entry,
Improvements,K21,21,K,Hide,user_entry,
Improvements,L21,21,L,Show,user_entry,
Improvements,N21,21,N,Hide,user_entry,
Improvements,P21,21,P,Show,user_entry,
Improvements,R21,21,R,Hide,user_entry,
Improvements,S21,21,S,0x7,user_entry,
Improvements,X21,21,X,Expanded Subject & Neighborhood,user_entry,
Improvements,A22,22,A,Hide,user_entry,
Improvements,B22,22,B,Hide,user_entry,
Improvements,C22,22,C,Hide,user_entry,
Improvements,D22,22,D,Hide,user_entry,
Improvements,E22,22,E,Hide,user_entry,
Improvements,F22,22,F,Hide,user_entry,
Improvements,G22,22,G,Hide,user_entry,
Improvements,H22,22,H,Hide,user_entry,
Improvements,I22,22,I,Hide,user_entry,
Improvements,J22,22,J,Hide,user_entry,
Improvements,K22,22,K,Hide,user_entry,
Improvements,L22,22,L,Show,user_entry,
Improvements,N22,22,N,Hide,user_entry,
Improvements,P22,22,P,Show,user_entry,
Improvements,R22,22,R,Hide,user_entry,
Improvements,S22,22,S,0x7,user_entry,
Improvements,X22,22,X,Historical CapEx,user_entry,
Improvements,A23,23,A,Hide,user_entry,
Improvements,B23,23,B,Hide,user_entry,
Improvements,C23,23,C,Hide,user_entry,
Improvements,D23,23,D,Hide,user_entry,
Improvements,E23,23,E,Hide,user_entry,
Improvements,F23,23,F,Hide,user_entry,
Improvements,G23,23,G,Hide,user_entry,
Improvements,H23,23,H,Hide,user_entry,
Improvements,I23,23,I,Hide,user_entry,
Improvements,J23,23,J,Hide,user_entry,
Improvements,K23,23,K,Hide,user_entry,
Improvements,L23,23,L,Show,user_entry,
Improvements,N23,23,N,Hide,user_entry,
Improvements,P23,23,P,Show,user_entry,
Improvements,R23,23,R,Hide,user_entry,
Improvements,S23,23,S,0x7,user_entry,
Improvements,X23,23,X,Future CapEx,user_entry,
Improvements,A24,24,A,Hide,user_entry,
Improvements,B24,24,B,Show,user_entry,
Improvements,C24,24,C,Show,user_entry,
Improvements,D24,24,D,Show,user_entry,
Improvements,E24,24,E,Show,user_entry,
Improvements,F24,24,F,Show,user_entry,
Improvements,G24,24,G,Show,user_entry,
Improvements,H24,24,H,Show,user_entry,
Improvements,I24,24,I,Show,user_entry,
Improvements,J24,24,J,Show,user_entry,
Improvements,K24,24,K,Show,user_entry,
Improvements,L24,24,L,Show,user_entry,
Improvements,N24,24,N,Show,user_entry,
Improvements,P24,24,P,Show,user_entry,
Improvements,R24,24,R,Show,user_entry,
Improvements,S24,24,S,0.5,user_entry,
Improvements,X24,24,X,Number of Buildings,user_entry,
Improvements,Y24,24,Y,1.0,user_entry,
Improvements,AB24,24,AB,1.0,user_entry,
Improvements,A25,25,A,Hide,user_entry,
Improvements,B25,25,B,Show,user_entry,
Improvements,C25,25,C,Show,user_entry,
Improvements,D25,25,D,Show,user_entry,
Improvements,E25,25,E,Show,user_entry,
Improvements,F25,25,F,Show,user_entry,
Improvements,G25,25,G,Show,user_entry,
Improvements,H25,25,H,Show,user_entry,
Improvements,I25,25,I,Show,user_entry,
Improvements,J25,25,J,Show,user_entry,
Improvements,K25,25,K,Show,user_entry,
Improvements,L25,25,L,Hide,user_entry,
Improvements,N25,25,N,Show,user_entry,
Improvements,P25,25,P,Show,user_entry,
Improvements,R25,25,R,Show,user_entry,
Improvements,S25,25,S,0.5,user_entry,
Improvements,X25,25,X,Predominant Building Class,user_entry,
Improvements,AC25,25,AC,,user_entry,
Improvements,AL25,25,AL,,user_entry,
Improvements,A26,26,A,Hide,user_entry,
Improvements,B26,26,B,Show,user_entry,
Improvements,C26,26,C,Show,user_entry,
Improvements,D26,26,D,Show,user_entry,
Improvements,E26,26,E,Show,user_entry,
Improvements,F26,26,F,Show,user_entry,
Improvements,G26,26,G,Show,user_entry,
Improvements,H26,26,H,Show,user_entry,
Improvements,I26,26,I,Show,user_entry,
Improvements,J26,26,J,Show,user_entry,
Improvements,K26,26,K,Show,user_entry,
Improvements,L26,26,L,Show,user_entry,
Improvements,N26,26,N,Show,user_entry,
Improvements,P26,26,P,Show,user_entry,
Improvements,R26,26,R,Show,user_entry,
Improvements,S26,26,S,0.5,user_entry,
Improvements,X26,26,X,Predominant Construction,user_entry,
Improvements,A27,27,A,Show,user_entry,
Improvements,B27,27,B,Show,user_entry,
Improvements,C27,27,C,Show,user_entry,
Improvements,D27,27,D,Show,user_entry,
Improvements,E27,27,E,Show,user_entry,
Improvements,F27,27,F,Show,user_entry,
Improvements,G27,27,G,Show,user_entry,
Improvements,H27,27,H,Show,user_entry,
Improvements,I27,27,I,Show,user_entry,
Improvements,J27,27,J,Show,user_entry,
Improvements,K27,27,K,Show,user_entry,
Improvements,L27,27,L,Show,user_entry,
Improvements,N27,27,N,Show,user_entry,
Improvements,P27,27,P,Show,user_entry,
Improvements,R27,27,R,Show,user_entry,
Improvements,S27,27,S,0.5,user_entry,
Improvements,X27,27,X,Construction Quality,user_entry,
Improvements,A28,28,A,Hide,user_entry,
Improvements,B28,28,B,Show,user_entry,
Improvements,C28,28,C,Show,user_entry,
Improvements,D28,28,D,Hide,user_entry,
Improvements,E28,28,E,Show,user_entry,
Improvements,F28,28,F,Show,user_entry,
Improvements,G28,28,G,Show,user_entry,
Improvements,H28,28,H,Show,user_entry,
Improvements,I28,28,I,Hide,user_entry,
Improvements,J28,28,J,Show,user_entry,
Improvements,K28,28,K,Show,user_entry,
Improvements,L28,28,L,Show,user_entry,
Improvements,N28,28,N,Show,user_entry,
Improvements,P28,28,P,Show,user_entry,
Improvements,R28,28,R,Show,user_entry,
Improvements,S28,28,S,0.5,user_entry,
Improvements,X28,28,X,Year Built Range,user_entry,
Improvements,A29,29,A,Hide,user_entry,
Improvements,B29,29,B,Show,user_entry,
Improvements,C29,29,C,Show,user_entry,
Improvements,D29,29,D,Hide,user_entry,
Improvements,E29,29,E,Show,user_entry,
Improvements,F29,29,F,Show,user_entry,
Improvements,G29,29,G,Show,user_entry,
Improvements,H29,29,H,Show,user_entry,
Improvements,I29,29,I,Hide,user_entry,
Improvements,J29,29,J,Show,user_entry,
Improvements,K29,29,K,Show,user_entry,
Improvements,L29,29,L,Show,user_entry,
Improvements,N29,29,N,Show,user_entry,
Improvements,P29,29,P,Show,user_entry,
Improvements,R29,29,R,Show,user_entry,
Improvements,S29,29,S,0.5,user_entry,
Improvements,X29,29,X,Year Renovated Range,user_entry,
Improvements,A30,30,A,Hide,user_entry,
Improvements,B30,30,B,Show,user_entry,
Improvements,C30,30,C,Show,user_entry,
Improvements,D30,30,D,Hide,user_entry,
Improvements,E30,30,E,Show,user_entry,
Improvements,F30,30,F,Show,user_entry,
Improvements,G30,30,G,Show,user_entry,
Improvements,H30,30,H,Show,user_entry,
Improvements,I30,30,I,Hide,user_entry,
Improvements,J30,30,J,Show,user_entry,
Improvements,K30,30,K,Show,user_entry,
Improvements,L30,30,L,Show,user_entry,
Improvements,N30,30,N,Show,user_entry,
Improvements,P30,30,P,Show,user_entry,
Improvements,R30,30,R,Show,user_entry,
Improvements,S30,30,S,0.5,user_entry,
Improvements,X30,30,X,Effective Age Range,user_entry,
Improvements,A31,31,A,Hide,user_entry,
Improvements,B31,31,B,Show,user_entry,
Improvements,C31,31,C,Show,user_entry,
Improvements,D31,31,D,Hide,user_entry,
Improvements,E31,31,E,Show,user_entry,
Improvements,F31,31,F,Show,user_entry,
Improvements,G31,31,G,Show,user_entry,
Improvements,H31,31,H,Show,user_entry,
Improvements,I31,31,I,Show,user_entry,
Improvements,J31,31,J,Show,user_entry,
Improvements,K31,31,K,Show,user_entry,
Improvements,L31,31,L,Show,user_entry,
Improvements,N31,31,N,Show,user_entry,
Improvements,P31,31,P,Show,user_entry,
Improvements,R31,31,R,Show,user_entry,
Improvements,S31,31,S,0.5,user_entry,
Improvements,X31,31,X,Predominant Condition of All Buildings,user_entry,
Improvements,AC31,31,AC,,user_entry,
Improvements,AL31,31,AL,,user_entry,
Improvements,A32,32,A,Hide,user_entry,
Improvements,B32,32,B,Show,user_entry,
Improvements,C32,32,C,Show,user_entry,
Improvements,D32,32,D,Hide,user_entry,
Improvements,E32,32,E,Show,user_entry,
Improvements,F32,32,F,Show,user_entry,
Improvements,G32,32,G,Show,user_entry,
Improvements,H32,32,H,Show,user_entry,
Improvements,I32,32,I,Hide,user_entry,
Improvements,J32,32,J,Show,user_entry,
Improvements,K32,32,K,Show,user_entry,
Improvements,L32,32,L,Show,user_entry,
Improvements,N32,32,N,Show,user_entry,
Improvements,P32,32,P,Show,user_entry,
Improvements,R32,32,R,Show,user_entry,
Improvements,S32,32,S,0.5,user_entry,
Improvements,X32,32,X,Overall Land to Building Ratio,user_entry,
Improvements,AM32,32,AM,Land SF,user_entry,
Improvements,A33,33,A,Hide,user_entry,
Improvements,B33,33,B,Hide,user_entry,
Improvements,C33,33,C,Hide,user_entry,
Improvements,D33,33,D,Hide,user_entry,
Improvements,E33,33,E,Hide,user_entry,
Improvements,F33,33,F,Hide,user_entry,
Improvements,G33,33,G,Hide,user_entry,
Improvements,H33,33,H,Hide,user_entry,
Improvements,I33,33,I,Hide,user_entry,
Improvements,J33,33,J,Hide,user_entry,
Improvements,K33,33,K,Hide,user_entry,
Improvements,L33,33,L,Hide,user_entry,
Improvements,N33,33,N,Hide,user_entry,
Improvements,P33,33,P,Hide,user_entry,
Improvements,R33,33,R,Hide,user_entry,
Improvements,S33,33,S,0x7,user_entry,
Improvements,X33,33,X,Land to Building Ratio (Metric),user_entry,
Improvements,A34,34,A,Hide,user_entry,
Improvements,B34,34,B,Show,user_entry,
Improvements,C34,34,C,Show,user_entry,
Improvements,D34,34,D,Hide,user_entry,
Improvements,E34,34,E,Show,user_entry,
Improvements,F34,34,F,Show,user_entry,
Improvements,G34,34,G,Show,user_entry,
Improvements,H34,34,H,Show,user_entry,
Improvements,I34,34,I,Hide,user_entry,
Improvements,J34,34,J,Show,user_entry,
Improvements,K34,34,K,Show,user_entry,
Improvements,L34,34,L,Show,user_entry,
Improvements,N34,34,N,Show,user_entry,
Improvements,P34,34,P,Show,user_entry,
Improvements,R34,34,R,Show,user_entry,
Improvements,S34,34,S,0.5,user_entry,
Improvements,X34,34,X,Overall Floor Area Ratio (FAR),user_entry,
Improvements,AB34,34,AB,0.0,user_entry,
Improvements,A35,35,A,Hide,user_entry,
Improvements,B35,35,B,Hide,user_entry,
Improvements,C35,35,C,Hide,user_entry,
Improvements,D35,35,D,Hide,user_entry,
Improvements,E35,35,E,Hide,user_entry,
Improvements,F35,35,F,Hide,user_entry,
Improvements,G35,35,G,Hide,user_entry,
Improvements,H35,35,H,Hide,user_entry,
Improvements,I35,35,I,Hide,user_entry,
Improvements,J35,35,J,Hide,user_entry,
Improvements,K35,35,K,Hide,user_entry,
Improvements,L35,35,L,Hide,user_entry,
Improvements,N35,35,N,Hide,user_entry,
Improvements,P35,35,P,Hide,user_entry,
Improvements,R35,35,R,Hide,user_entry,
Improvements,S35,35,S,0x7,user_entry,
Improvements,X35,35,X,"Overall Floor Area Ratio (FAR, Metric)",user_entry,
Improvements,Z35,35,Z,From All Blds >,user_entry,
Improvements,A36,36,A,Show,user_entry,
Improvements,B36,36,B,Show,user_entry,
Improvements,C36,36,C,Show,user_entry,
Improvements,D36,36,D,Show,user_entry,
Improvements,E36,36,E,Show,user_entry,
Improvements,F36,36,F,Show,user_entry,
Improvements,G36,36,G,Show,user_entry,
Improvements,H36,36,H,Show,user_entry,
Improvements,I36,36,I,Show,user_entry,
Improvements,J36,36,J,Show,user_entry,
Improvements,K36,36,K,Show,user_entry,
Improvements,L36,36,L,Show,user_entry,
Improvements,N36,36,N,Show,user_entry,
Improvements,P36,36,P,Show,user_entry,
Improvements,R36,36,R,Show,user_entry,
Improvements,S36,36,S,0.5,user_entry,
Improvements,X36,36,X,Parking Type,user_entry,
Improvements,AC36,36,AC,,user_entry,
Improvements,AL36,36,AL,,user_entry,
Improvements,A37,37,A,Show,user_entry,
Improvements,B37,37,B,Show,user_entry,
Improvements,C37,37,C,Show,user_entry,
Improvements,D37,37,D,Show,user_entry,
Improvements,E37,37,E,Show,user_entry,
Improvements,F37,37,F,Show,user_entry,
Improvements,G37,37,G,Show,user_entry,
Improvements,H37,37,H,Show,user_entry,
Improvements,I37,37,I,Show,user_entry,
Improvements,J37,37,J,Show,user_entry,
Improvements,K37,37,K,Show,user_entry,
Improvements,L37,37,L,Show,user_entry,
Improvements,N37,37,N,Show,user_entry,
Improvements,P37,37,P,Show,user_entry,
Improvements,R37,37,R,Show,user_entry,
Improvements,S37,37,S,0.5,user_entry,
Improvements,X37,37,X,Total Number of Parking Spaces,user_entry,
Improvements,A38,38,A,Show,user_entry,
Improvements,B38,38,B,Show,user_entry,
Improvements,C38,38,C,Show,user_entry,
Improvements,D38,38,D,Show,user_entry,
Improvements,E38,38,E,Show,user_entry,
Improvements,F38,38,F,Show,user_entry,
Improvements,G38,38,G,Show,user_entry,
Improvements,H38,38,H,Show,user_entry,
Improvements,I38,38,I,Hide,user_entry,
Improvements,J38,38,J,Show,user_entry,
Improvements,K38,38,K,Show,user_entry,
Improvements,L38,38,L,Show,user_entry,
Improvements,N38,38,N,Show,user_entry,
Improvements,P38,38,P,Show,user_entry,
Improvements,R38,38,R,Show,user_entry,
Improvements,S38,38,S,0.5,user_entry,
Improvements,X38,38,X,Source For Parking,user_entry,
Improvements,AB38,38,AB,0.0,user_entry,
Improvements,A39,39,A,Hide,user_entry,
Improvements,B39,39,B,Hide,user_entry,
Improvements,C39,39,C,Hide,user_entry,
Improvements,D39,39,D,Hide,user_entry,
Improvements,E39,39,E,Hide,user_entry,
Improvements,F39,39,F,Hide,user_entry,
Improvements,G39,39,G,Hide,user_entry,
Improvements,H39,39,H,Hide,user_entry,
Improvements,I39,39,I,Hide,user_entry,
Improvements,J39,39,J,Hide,user_entry,
Improvements,K39,39,K,Hide,user_entry,
Improvements,L39,39,L,Hide,user_entry,
Improvements,N39,39,N,Hide,user_entry,
Improvements,P39,39,P,Show,user_entry,
Improvements,R39,39,R,Hide,user_entry,
Improvements,S39,39,S,0x7,user_entry,
Improvements,X39,39,X,Condition of Parking Lot,user_entry,
Improvements,AC39,39,AC,,user_entry,
Improvements,AL39,39,AL,,user_entry,
Improvements,A40,40,A,Hide,user_entry,
Improvements,B40,40,B,Show,user_entry,
Improvements,C40,40,C,Show,user_entry,
Improvements,D40,40,D,Hide,user_entry,
Improvements,E40,40,E,Show,user_entry,
Improvements,F40,40,F,Show,user_entry,
Improvements,G40,40,G,Show,user_entry,
Improvements,H40,40,H,Show,user_entry,
Improvements,I40,40,I,Hide,user_entry,
Improvements,J40,40,J,Show,user_entry,
Improvements,K40,40,K,Show,user_entry,
Improvements,L40,40,L,Show,user_entry,
Improvements,N40,40,N,Show,user_entry,
Improvements,P40,40,P,Show,user_entry,
Improvements,R40,40,R,Show,user_entry,
Improvements,S40,40,S,0.5,user_entry,
Improvements,X40,40,X,Parking Ratio Type,user_entry,
Improvements,AB40,40,AB,Spaces per Unit,user_entry,
Improvements,AC40,40,AC,,user_entry,
Improvements,AL40,40,AL,,user_entry,
Improvements,A41,41,A,Hide,user_entry,
Improvements,B41,41,B,Show,user_entry,
Improvements,C41,41,C,Show,user_entry,
Improvements,D41,41,D,Show,user_entry,
Improvements,E41,41,E,Show,user_entry,
Improvements,F41,41,F,Show,user_entry,
Improvements,G41,41,G,Show,user_entry,
Improvements,H41,41,H,Show,user_entry,
Improvements,I41,41,I,Hide,user_entry,
Improvements,J41,41,J,Show,user_entry,
Improvements,K41,41,K,Show,user_entry,
Improvements,L41,41,L,Show,user_entry,
Improvements,N41,41,N,Show,user_entry,
Improvements,P41,41,P,Show,user_entry,
Improvements,R41,41,R,Show,user_entry,
Improvements,S41,41,S,0.5,user_entry,
Improvements,X41,41,X,Parking Ratio,user_entry,
Improvements,A42,42,A,Hide,user_entry,
Improvements,B42,42,B,Hide,user_entry,
Improvements,C42,42,C,Hide,user_entry,
Improvements,D42,42,D,Hide,user_entry,
Improvements,E42,42,E,Hide,user_entry,
Improvements,F42,42,F,Hide,user_entry,
Improvements,G42,42,G,Hide,user_entry,
Improvements,H42,42,H,Hide,user_entry,
Improvements,I42,42,I,Hide,user_entry,
Improvements,J42,42,J,Hide,user_entry,
Improvements,K42,42,K,Hide,user_entry,
Improvements,L42,42,L,Hide,user_entry,
Improvements,N42,42,N,Hide,user_entry,
Improvements,P42,42,P,Hide,user_entry,
Improvements,R42,42,R,Hide,user_entry,
Improvements,S42,42,S,0x7,user_entry,
Improvements,X42,42,X,Parking Ratio (Metric),user_entry,
Improvements,AB42,42,AB,0x7,user_entry,
Improvements,A43,43,A,Hide,user_entry,
Improvements,B43,43,B,Show,user_entry,
Improvements,C43,43,C,Show,user_entry,
Improvements,D43,43,D,Show,user_entry,
Improvements,E43,43,E,Show,user_entry,
Improvements,F43,43,F,Show,user_entry,
Improvements,G43,43,G,Show,user_entry,
Improvements,H43,43,H,Show,user_entry,
Improvements,I43,43,I,Hide,user_entry,
Improvements,J43,43,J,Show,user_entry,
Improvements,K43,43,K,Show,user_entry,
Improvements,L43,43,L,Show,user_entry,
Improvements,N43,43,N,Show,user_entry,
Improvements,P43,43,P,Show,user_entry,
Improvements,R43,43,R,Show,user_entry,
Improvements,S43,43,S,0.5,user_entry,
Improvements,X43,43,X,Parking Adequacy,user_entry,
Improvements,A44,44,A,Hide,user_entry,
Improvements,B44,44,B,Show,user_entry,
Improvements,C44,44,C,Show,user_entry,
Improvements,D44,44,D,Show,user_entry,
Improvements,E44,44,E,Show,user_entry,
Improvements,F44,44,F,Show,user_entry,
Improvements,G44,44,G,Show,user_entry,
Improvements,H44,44,H,Show,user_entry,
Improvements,I44,44,I,Hide,user_entry,
Improvements,J44,44,J,Show,user_entry,
Improvements,K44,44,K,Show,user_entry,
Improvements,L44,44,L,Show,user_entry,
Improvements,N44,44,N,Show,user_entry,
Improvements,P44,44,P,Show,user_entry,
Improvements,R44,44,R,Show,user_entry,
Improvements,S44,44,S,0.5,user_entry,
Improvements,X44,44,X,Source For Square Foot Areas,user_entry,
Improvements,A45,45,A,Show,user_entry,
Improvements,B45,45,B,Show,user_entry,
Improvements,C45,45,C,Show,user_entry,
Improvements,D45,45,D,Hide,user_entry,
Improvements,E45,45,E,Show,user_entry,
Improvements,F45,45,F,Show,user_entry,
Improvements,G45,45,G,Show,user_entry,
Improvements,H45,45,H,Show,user_entry,
Improvements,I45,45,I,Hide,user_entry,
Improvements,J45,45,J,Show,user_entry,
Improvements,K45,45,K,Show,user_entry,
Improvements,L45,45,L,Show,user_entry,
Improvements,N45,45,N,Show,user_entry,
Improvements,P45,45,P,Show,user_entry,
Improvements,R45,45,R,Show,user_entry,
Improvements,S45,45,S,0.5,user_entry,
Improvements,X45,45,X,Overall Deferred Maintenance,user_entry,
Improvements,A46,46,A,Hide,user_entry,
Improvements,B46,46,B,Show,user_entry,
Improvements,C46,46,C,Show,user_entry,
Improvements,D46,46,D,Show,user_entry,
Improvements,E46,46,E,Show,user_entry,
Improvements,F46,46,F,Show,user_entry,
Improvements,G46,46,G,Show,user_entry,
Improvements,H46,46,H,Show,user_entry,
Improvements,I46,46,I,Show,user_entry,
Improvements,J46,46,J,Show,user_entry,
Improvements,K46,46,K,Show,user_entry,
Improvements,L46,46,L,Show,user_entry,
Improvements,N46,46,N,Show,user_entry,
Improvements,P46,46,P,Show,user_entry,
Improvements,R46,46,R,Show,user_entry,
Improvements,S46,46,S,0.5,user_entry,
Improvements,X46,46,X,Overall Design/Appeal & Functional Utility,user_entry,
Improvements,A47,47,A,Hide,user_entry,
Improvements,B47,47,B,Show,user_entry,
Improvements,C47,47,C,Show,user_entry,
Improvements,D47,47,D,Hide,user_entry,
Improvements,E47,47,E,Show,user_entry,
Improvements,F47,47,F,Show,user_entry,
Improvements,G47,47,G,Show,user_entry,
Improvements,H47,47,H,Show,user_entry,
Improvements,I47,47,I,Hide,user_entry,
Improvements,J47,47,J,Show,user_entry,
Improvements,K47,47,K,Show,user_entry,
Improvements,L47,47,L,Show,user_entry,
Improvements,N47,47,N,Show,user_entry,
Improvements,P47,47,P,Show,user_entry,
Improvements,R47,47,R,Show,user_entry,
Improvements,S47,47,S,0.5,user_entry,
Improvements,X47,47,X,Planned Capital Improvements,user_entry,
Improvements,A48,48,A,Hide,user_entry,
Improvements,B48,48,B,Show,user_entry,
Improvements,C48,48,C,Show,user_entry,
Improvements,D48,48,D,Hide,user_entry,
Improvements,E48,48,E,Hide,user_entry,
Improvements,F48,48,F,Hide,user_entry,
Improvements,G48,48,G,Hide,user_entry,
Improvements,H48,48,H,Hide,user_entry,
Improvements,I48,48,I,Hide,user_entry,
Improvements,J48,48,J,Show,user_entry,
Improvements,K48,48,K,Hide,user_entry,
Improvements,L48,48,L,Show,user_entry,
Improvements,N48,48,N,Show,user_entry,
Improvements,P48,48,P,Show,user_entry,
Improvements,R48,48,R,Show,user_entry,
Improvements,S48,48,S,0.5,user_entry,
Improvements,X48,48,X,"Furniture, Fixtures & Equipment (FF&E) Description",user_entry,
Improvements,A49,49,A,Hide,user_entry,
Improvements,B49,49,B,Show,user_entry,
Improvements,C49,49,C,Show,user_entry,
Improvements,D49,49,D,Hide,user_entry,
Improvements,E49,49,E,Hide,user_entry,
Improvements,F49,49,F,Hide,user_entry,
Improvements,G49,49,G,Hide,user_entry,
Improvements,H49,49,H,Hide,user_entry,
Improvements,I49,49,I,Hide,user_entry,
Improvements,J49,49,J,Hide,user_entry,
Improvements,K49,49,K,Hide,user_entry,
Improvements,L49,49,L,Show,user_entry,
Improvements,N49,49,N,Show,user_entry,
Improvements,P49,49,P,Show,user_entry,
Improvements,R49,49,R,Show,user_entry,
Improvements,S49,49,S,0.5,user_entry,
Improvements,X49,49,X,"Furniture, Fixtures & Equipment (FF&E) Estimated Value",user_entry,
Improvements,A50,50,A,Hide,user_entry,
Improvements,B50,50,B,Show,user_entry,
Improvements,C50,50,C,Show,user_entry,
Improvements,D50,50,D,Hide,user_entry,
Improvements,E50,50,E,Show,user_entry,
Improvements,F50,50,F,Show,user_entry,
Improvements,G50,50,G,Show,user_entry,
Improvements,H50,50,H,Show,user_entry,
Improvements,I50,50,I,Hide,user_entry,
Improvements,J50,50,J,Show,user_entry,
Improvements,K50,50,K,Show,user_entry,
Improvements,L50,50,L,Show,user_entry,
Improvements,N50,50,N,Show,user_entry,
Improvements,P50,50,P,Show,user_entry,
Improvements,R50,50,R,Show,user_entry,
Improvements,S50,50,S,0.5,user_entry,
Improvements,X50,50,X,Overall Property Comments,user_entry,
Improvements,P54,54,P,Navigate,user_entry,
Improvements,W54,54,W,Building Summary,user_entry,
Improvements,AN54,54,AN,Hide,user_entry,
Improvements,AB57,57,AB,Show,user_entry,
Improvements,AC57,57,AC,Auto,user_entry,
Improvements,AD57,57,AD,Auto,user_entry,
Improvements,AE57,57,AE,Auto,user_entry,
Improvements,AF57,57,AF,Auto,user_entry,
Improvements,AG57,57,AG,Auto,user_entry,
Improvements,AH57,57,AH,Auto,user_entry,
Improvements,AI57,57,AI,Auto,user_entry,
Improvements,AJ57,57,AJ,Auto,user_entry,
Improvements,AK57,57,AK,Auto,user_entry,
Improvements,Y58,58,Y,Database Record (Optional),user_entry,
Improvements,Z58,58,Z,Method,user_entry,
Improvements,AA58,58,AA,Totals & Averages,user_entry,
Improvements,AB58,58,AB,Description - Building 1,user_entry,
Improvements,AC58,58,AC,Description - Building 2,user_entry,
Improvements,AD58,58,AD,Description - Building 3,user_entry,
Improvements,AE58,58,AE,Description - Building 4,user_entry,
Improvements,AF58,58,AF,Description - Building 5,user_entry,
Improvements,AG58,58,AG,Description - Building 6,user_entry,
Improvements,AH58,58,AH,Description - Building 7,user_entry,
Improvements,AI58,58,AI,Description - Building 8,user_entry,
Improvements,AJ58,58,AJ,Description - Building 9,user_entry,
Improvements,AK58,58,AK,Description - Building 10,user_entry,
Improvements,A59,59,A,Hide,user_entry,
Improvements,B59,59,B,Hide,user_entry,
Improvements,C59,59,C,Hide,user_entry,
Improvements,D59,59,D,Hide,user_entry,
Improvements,E59,59,E,Show,user_entry,
Improvements,F59,59,F,Show,user_entry,
Improvements,G59,59,G,Show,user_entry,
Improvements,H59,59,H,Show,user_entry,
Improvements,I59,59,I,Hide,user_entry,
Improvements,J59,59,J,Show,user_entry,
Improvements,K59,59,K,Show,user_entry,
Improvements,L59,59,L,Hide,user_entry,
Improvements,N59,59,N,Hide,user_entry,
Improvements,P59,59,P,Show,user_entry,
Improvements,R59,59,R,Hide,user_entry,
Improvements,S59,59,S,0x7,user_entry,
Improvements,X59,59,X,Building Name/ID,user_entry,
Improvements,Y59,59,Y,Markham Q4 2025,user_entry,
Improvements,Z59,59,Z,Concatenate,user_entry,
Improvements,AA59,59,AA,Markham Q4 2025,user_entry,
Improvements,AB59,59,AB,Markham Q4 2025,user_entry,
Improvements,A60,60,A,Hide,user_entry,
Improvements,B60,60,B,Show,user_entry,
Improvements,C60,60,C,Show,user_entry,
Improvements,D60,60,D,Show,user_entry,
Improvements,E60,60,E,Show,user_entry,
Improvements,F60,60,F,Show,user_entry,
Improvements,G60,60,G,Show,user_entry,
Improvements,H60,60,H,Show,user_entry,
Improvements,I60,60,I,Hide,user_entry,
Improvements,J60,60,J,Show,user_entry,
Improvements,K60,60,K,Show,user_entry,
Improvements,L60,60,L,Show,user_entry,
Improvements,N60,60,N,Show,user_entry,
Improvements,P60,60,P,Show,user_entry,
Improvements,R60,60,R,Show,user_entry,
Improvements,S60,60,S,0.5,user_entry,
Improvements,X60,60,X,Building Description,user_entry,
Improvements,Z60,60,Z,Unique Values,user_entry,
Improvements,A61,61,A,Hide,user_entry,
Improvements,B61,61,B,Show,user_entry,
Improvements,C61,61,C,Show,user_entry,
Improvements,D61,61,D,Show,user_entry,
Improvements,E61,61,E,Show,user_entry,
Improvements,F61,61,F,Show,user_entry,
Improvements,G61,61,G,Show,user_entry,
Improvements,H61,61,H,Show,user_entry,
Improvements,I61,61,I,Hide,user_entry,
Improvements,J61,61,J,Show,user_entry,
Improvements,K61,61,K,Show,user_entry,
Improvements,L61,61,L,Show,user_entry,
Improvements,N61,61,N,Show,user_entry,
Improvements,P61,61,P,Show,user_entry,
Improvements,R61,61,R,Show,user_entry,
Improvements,S61,61,S,0.5,user_entry,
Improvements,T61,61,T,Competitive Property Class,user_entry,
Improvements,X61,61,X,Building Class,user_entry,
Improvements,Z61,61,Z,Unique Values,user_entry,
Improvements,AL61,61,AL,,user_entry,
Improvements,A62,62,A,Show,user_entry,
Improvements,B62,62,B,Hide,user_entry,
Improvements,C62,62,C,Hide,user_entry,
Improvements,D62,62,D,Hide,user_entry,
Improvements,E62,62,E,Hide,user_entry,
Improvements,F62,62,F,Hide,user_entry,
Improvements,G62,62,G,Hide,user_entry,
Improvements,H62,62,H,Hide,user_entry,
Improvements,I62,62,I,Hide,user_entry,
Improvements,J62,62,J,Hide,user_entry,
Improvements,K62,62,K,Hide,user_entry,
Improvements,L62,62,L,Hide,user_entry,
Improvements,N62,62,N,Hide,user_entry,
Improvements,P62,62,P,Hide,user_entry,
Improvements,R62,62,R,Hide,user_entry,
Improvements,S62,62,S,0x7,user_entry,
Improvements,T62,62,T,MHC Type,user_entry,
Improvements,X62,62,X,MHC Type,user_entry,
Improvements,Y62,62,Y,0.0,user_entry,
Improvements,Z62,62,Z,Building 1,user_entry,
Improvements,AA62,62,AA,0.0,user_entry,
Improvements,AL62,62,AL,,user_entry,
Improvements,A63,63,A,Show,user_entry,
Improvements,B63,63,B,Hide,user_entry,
Improvements,C63,63,C,Hide,user_entry,
Improvements,D63,63,D,Hide,user_entry,
Improvements,E63,63,E,Hide,user_entry,
Improvements,F63,63,F,Hide,user_entry,
Improvements,G63,63,G,Hide,user_entry,
Improvements,H63,63,H,Hide,user_entry,
Improvements,I63,63,I,Hide,user_entry,
Improvements,J63,63,J,Hide,user_entry,
Improvements,K63,63,K,Hide,user_entry,
Improvements,L63,63,L,Hide,user_entry,
Improvements,N63,63,N,Hide,user_entry,
Improvements,P63,63,P,Hide,user_entry,
Improvements,R63,63,R,Hide,user_entry,
Improvements,S63,63,S,0x7,user_entry,
Improvements,T63,63,T,MHC Class Rating,user_entry,
Improvements,X63,63,X,MHC Class Rating,user_entry,
Improvements,Y63,63,Y,0.0,user_entry,
Improvements,Z63,63,Z,Building 1,user_entry,
Improvements,AA63,63,AA,0.0,user_entry,
Improvements,AL63,63,AL,,user_entry,
Improvements,A64,64,A,Show,user_entry,
Improvements,B64,64,B,Hide,user_entry,
Improvements,C64,64,C,Hide,user_entry,
Improvements,D64,64,D,Hide,user_entry,
Improvements,E64,64,E,Hide,user_entry,
Improvements,F64,64,F,Hide,user_entry,
Improvements,G64,64,G,Hide,user_entry,
Improvements,H64,64,H,Hide,user_entry,
Improvements,I64,64,I,Hide,user_entry,
Improvements,J64,64,J,Hide,user_entry,
Improvements,K64,64,K,Hide,user_entry,
Improvements,L64,64,L,Hide,user_entry,
Improvements,N64,64,N,Hide,user_entry,
Improvements,P64,64,P,Hide,user_entry,
Improvements,R64,64,R,Hide,user_entry,
Improvements,S64,64,S,0x7,user_entry,
Improvements,T64,64,T,Pad Site Mix: Single-Wide,user_entry,
Improvements,X64,64,X,Pad Site Mix: Single-wide,user_entry,
Improvements,Y64,64,Y,0.0,user_entry,
Improvements,Z64,64,Z,Sum,user_entry,
Improvements,AA64,64,AA,0.0,user_entry,
Improvements,A65,65,A,Show,user_entry,
Improvements,B65,65,B,Hide,user_entry,
Improvements,C65,65,C,Hide,user_entry,
Improvements,D65,65,D,Hide,user_entry,
Improvements,E65,65,E,Hide,user_entry,
Improvements,F65,65,F,Hide,user_entry,
Improvements,G65,65,G,Hide,user_entry,
Improvements,H65,65,H,Hide,user_entry,
Improvements,I65,65,I,Hide,user_entry,
Improvements,J65,65,J,Hide,user_entry,
Improvements,K65,65,K,Hide,user_entry,
Improvements,L65,65,L,Hide,user_entry,
Improvements,N65,65,N,Hide,user_entry,
Improvements,P65,65,P,Hide,user_entry,
Improvements,R65,65,R,Hide,user_entry,
Improvements,S65,65,S,0x7,user_entry,
Improvements,T65,65,T,Pad Site Mix: Double-Wide,user_entry,
Improvements,X65,65,X,Pad Site Mix: Double-wide,user_entry,
Improvements,Y65,65,Y,0.0,user_entry,
Improvements,Z65,65,Z,Sum,user_entry,
Improvements,AA65,65,AA,0.0,user_entry,
Improvements,A66,66,A,Hide,user_entry,
Improvements,B66,66,B,Hide,user_entry,
Improvements,C66,66,C,Hide,user_entry,
Improvements,D66,66,D,Hide,user_entry,
Improvements,E66,66,E,Hide,user_entry,
Improvements,F66,66,F,Hide,user_entry,
Improvements,G66,66,G,Hide,user_entry,
Improvements,H66,66,H,Hide,user_entry,
Improvements,I66,66,I,Hide,user_entry,
Improvements,J66,66,J,Hide,user_entry,
Improvements,K66,66,K,Hide,user_entry,
Improvements,L66,66,L,Show,user_entry,
Improvements,N66,66,N,Hide,user_entry,
Improvements,P66,66,P,Show,user_entry,
Improvements,R66,66,R,Hide,user_entry,
Improvements,S66,66,S,0x7,user_entry,
Improvements,X66,66,X,Hotel Class,user_entry,
Improvements,Z66,66,Z,Unique Values,user_entry,
Improvements,AL66,66,AL,,user_entry,
Improvements,A67,67,A,Hide,user_entry,
Improvements,B67,67,B,Hide,user_entry,
Improvements,C67,67,C,Hide,user_entry,
Improvements,D67,67,D,Hide,user_entry,
Improvements,E67,67,E,Hide,user_entry,
Improvements,F67,67,F,Hide,user_entry,
Improvements,G67,67,G,Hide,user_entry,
Improvements,H67,67,H,Hide,user_entry,
Improvements,I67,67,I,Hide,user_entry,
Improvements,J67,67,J,Hide,user_entry,
Improvements,K67,67,K,Hide,user_entry,
Improvements,L67,67,L,Show,user_entry,
Improvements,N67,67,N,Hide,user_entry,
Improvements,R67,67,R,Hide,user_entry,
Improvements,X67,67,X,PVA Property Type,user_entry,
Improvements,A68,68,A,Hide,user_entry,
Improvements,B68,68,B,Show,user_entry,
Improvements,C68,68,C,Show,user_entry,
Improvements,D68,68,D,Hide,user_entry,
Improvements,E68,68,E,Show,user_entry,
Improvements,F68,68,F,Show,user_entry,
Improvements,G68,68,G,Show,user_entry,
Improvements,H68,68,H,Show,user_entry,
Improvements,I68,68,I,Show,user_entry,
Improvements,J68,68,J,Show,user_entry,
Improvements,K68,68,K,Show,user_entry,
Improvements,L68,68,L,Show,user_entry,
Improvements,N68,68,N,Show,user_entry,
Improvements,P68,68,P,Show,user_entry,
Improvements,R68,68,R,Show,user_entry,
Improvements,S68,68,S,0.5,user_entry,
Improvements,T68,68,T,Construction Class,user_entry,
Improvements,X68,68,X,Construction Class,user_entry,
Improvements,Y68,68,Y,Unknown,user_entry,
Improvements,Z68,68,Z,Building 1,user_entry,
Improvements,AA68,68,AA,Unknown,user_entry,
Improvements,AB68,68,AB,Unknown,user_entry,
Improvements,AL68,68,AL,,user_entry,
Improvements,A69,69,A,Hide,user_entry,
Improvements,B69,69,B,Show,user_entry,
Improvements,C69,69,C,Show,user_entry,
Improvements,D69,69,D,Hide,user_entry,
Improvements,E69,69,E,Show,user_entry,
Improvements,F69,69,F,Show,user_entry,
Improvements,G69,69,G,Show,user_entry,
Improvements,H69,69,H,Show,user_entry,
Improvements,I69,69,I,Hide,user_entry,
Improvements,J69,69,J,Show,user_entry,
Improvements,K69,69,K,Show,user_entry,
Improvements,L69,69,L,Show,user_entry,
Improvements,N69,69,N,Show,user_entry,
Improvements,P69,69,P,Show,user_entry,
Improvements,R69,69,R,Show,user_entry,
Improvements,S69,69,S,0.5,user_entry,
Improvements,T69,69,T,Construction Class Type,user_entry,
Improvements,X69,69,X,Construction,user_entry,
Improvements,Z69,69,Z,Unique Values,user_entry,
Improvements,AL69,69,AL,,user_entry,
Improvements,A70,70,A,Show,user_entry,
Improvements,B70,70,B,Show,user_entry,
Improvements,C70,70,C,Show,user_entry,
Improvements,D70,70,D,Hide,user_entry,
Improvements,E70,70,E,Show,user_entry,
Improvements,F70,70,F,Show,user_entry,
Improvements,G70,70,G,Show,user_entry,
Improvements,H70,70,H,Show,user_entry,
Improvements,I70,70,I,Show,user_entry,
Improvements,J70,70,J,Show,user_entry,
Improvements,K70,70,K,Show,user_entry,
Improvements,L70,70,L,Show,user_entry,
Improvements,N70,70,N,Show,user_entry,
Improvements,P70,70,P,Show,user_entry,
Improvements,R70,70,R,Show,user_entry,
Improvements,S70,70,S,0.5,user_entry,
Improvements,X70,70,X,Construction Quality,user_entry,
Improvements,Z70,70,Z,Unique Values,user_entry,
Improvements,AL70,70,AL,,user_entry,
Improvements,A71,71,A,Hide,user_entry,
Improvements,B71,71,B,Show,user_entry,
Improvements,C71,71,C,Show,user_entry,
Improvements,D71,71,D,Show,user_entry,
Improvements,E71,71,E,Show,user_entry,
Improvements,F71,71,F,Show,user_entry,
Improvements,G71,71,G,Show,user_entry,
Improvements,H71,71,H,Show,user_entry,
Improvements,I71,71,I,Hide,user_entry,
Improvements,J71,71,J,Show,user_entry,
Improvements,K71,71,K,Show,user_entry,
Improvements,L71,71,L,Show,user_entry,
Improvements,N71,71,N,Show,user_entry,
Improvements,P71,71,P,Show,user_entry,
Improvements,R71,71,R,Show,user_entry,
Improvements,S71,71,S,0.5,user_entry,
Improvements,X71,71,X,Building Landscaping,user_entry,
Improvements,AA71,71,AA,0.0,user_entry,
Improvements,A72,72,A,Show,user_entry,
Improvements,B72,72,B,Show,user_entry,
Improvements,C72,72,C,Show,user_entry,
Improvements,D72,72,D,Show,user_entry,
Improvements,E72,72,E,Show,user_entry,
Improvements,F72,72,F,Show,user_entry,
Improvements,G72,72,G,Show,user_entry,
Improvements,H72,72,H,Show,user_entry,
Improvements,I72,72,I,Show,user_entry,
Improvements,J72,72,J,Show,user_entry,
Improvements,K72,72,K,Show,user_entry,
Improvements,L72,72,L,Show,user_entry,
Improvements,N72,72,N,Show,user_entry,
Improvements,P72,72,P,Show,user_entry,
Improvements,R72,72,R,Show,user_entry,
Improvements,S72,72,S,0.5,user_entry,
Improvements,T72,72,T,Year Built,user_entry,
Improvements,X72,72,X,Year Built,user_entry,
Improvements,Z72,72,Z,Unique Values,user_entry,
Improvements,A73,73,A,Hide,user_entry,
Improvements,B73,73,B,Show,user_entry,
Improvements,C73,73,C,Show,user_entry,
Improvements,D73,73,D,Hide,user_entry,
Improvements,E73,73,E,Show,user_entry,
Improvements,F73,73,F,Show,user_entry,
Improvements,G73,73,G,Show,user_entry,
Improvements,H73,73,H,Show,user_entry,
Improvements,I73,73,I,Hide,user_entry,
Improvements,J73,73,J,Show,user_entry,
Improvements,K73,73,K,Show,user_entry,
Improvements,L73,73,L,Show,user_entry,
Improvements,N73,73,N,Show,user_entry,
Improvements,P73,73,P,Show,user_entry,
Improvements,R73,73,R,Show,user_entry,
Improvements,S73,73,S,0.5,user_entry,
Improvements,X73,73,X,Renovations,user_entry,
Improvements,Z73,73,Z,Unique Values,user_entry,
Improvements,A74,74,A,Hide,user_entry,
Improvements,B74,74,B,Auto,user_entry,
Improvements,C74,74,C,Auto,user_entry,
Improvements,D74,74,D,Auto,user_entry,
Improvements,E74,74,E,Hide,user_entry,
Improvements,F74,74,F,Hide,user_entry,
Improvements,G74,74,G,Hide,user_entry,
Improvements,H74,74,H,Hide,user_entry,
Improvements,I74,74,I,Hide,user_entry,
Improvements,J74,74,J,Hide,user_entry,
Improvements,K74,74,K,Hide,user_entry,
Improvements,L74,74,L,Auto,user_entry,
Improvements,N74,74,N,Auto,user_entry,
Improvements,P74,74,P,Show,user_entry,
Improvements,R74,74,R,Auto,user_entry,
Improvements,S74,74,S,1.0,user_entry,
Improvements,X74,74,X,Proportion Renovated %,user_entry,
Improvements,Z74,74,Z,Average,user_entry,
Improvements,A75,75,A,Hide,user_entry,
Improvements,B75,75,B,Hide,user_entry,
Improvements,C75,75,C,Hide,user_entry,
Improvements,D75,75,D,Hide,user_entry,
Improvements,E75,75,E,Hide,user_entry,
Improvements,F75,75,F,Hide,user_entry,
Improvements,G75,75,G,Hide,user_entry,
Improvements,H75,75,H,Hide,user_entry,
Improvements,I75,75,I,Hide,user_entry,
Improvements,J75,75,J,Hide,user_entry,
Improvements,K75,75,K,Hide,user_entry,
Improvements,L75,75,L,Show,user_entry,
Improvements,N75,75,N,Hide,user_entry,
Improvements,P75,75,P,Show,user_entry,
Improvements,R75,75,R,Hide,user_entry,
Improvements,S75,75,S,0x7,user_entry,
Improvements,T75,75,T,Effective Age,user_entry,
Improvements,X75,75,X,Chronological Age,user_entry,
Improvements,Y75,75,Y,2026.0,user_entry,
Improvements,Z75,75,Z,Average,user_entry,
Improvements,AB75,75,AB,2026.0,user_entry,
Improvements,A76,76,A,Show,user_entry,
Improvements,B76,76,B,Show,user_entry,
Improvements,C76,76,C,Show,user_entry,
Improvements,D76,76,D,Show,user_entry,
Improvements,E76,76,E,Show,user_entry,
Improvements,F76,76,F,Show,user_entry,
Improvements,G76,76,G,Show,user_entry,
Improvements,H76,76,H,Show,user_entry,
Improvements,I76,76,I,Show,user_entry,
Improvements,J76,76,J,Show,user_entry,
Improvements,K76,76,K,Show,user_entry,
Improvements,L76,76,L,Show,user_entry,
Improvements,N76,76,N,Show,user_entry,
Improvements,P76,76,P,Show,user_entry,
Improvements,R76,76,R,Show,user_entry,
Improvements,S76,76,S,0.5,user_entry,
Improvements,T76,76,T,Effective Age,user_entry,
Improvements,X76,76,X,Effective Age,user_entry,
Improvements,Z76,76,Z,Average,user_entry,
Improvements,A77,77,A,Hide,user_entry,
Improvements,B77,77,B,Show,user_entry,
Improvements,C77,77,C,Show,user_entry,
Improvements,D77,77,D,Show,user_entry,
Improvements,E77,77,E,Show,user_entry,
Improvements,F77,77,F,Show,user_entry,
Improvements,G77,77,G,Show,user_entry,
Improvements,H77,77,H,Show,user_entry,
Improvements,I77,77,I,Show,user_entry,
Improvements,J77,77,J,Show,user_entry,
Improvements,K77,77,K,Show,user_entry,
Improvements,L77,77,L,Show,user_entry,
Improvements,N77,77,N,Show,user_entry,
Improvements,P77,77,P,Show,user_entry,
Improvements,R77,77,R,Show,user_entry,
Improvements,S77,77,S,0.5,user_entry,
Improvements,T77,77,T,Economic Life,user_entry,
Improvements,X77,77,X,Total Economic Life,user_entry,
Improvements,Z77,77,Z,Average,user_entry,
Improvements,A78,78,A,Show,user_entry,
Improvements,B78,78,B,Show,user_entry,
Improvements,C78,78,C,Show,user_entry,
Improvements,D78,78,D,Show,user_entry,
Improvements,E78,78,E,Show,user_entry,
Improvements,F78,78,F,Show,user_entry,
Improvements,G78,78,G,Show,user_entry,
Improvements,H78,78,H,Show,user_entry,
Improvements,I78,78,I,Show,user_entry,
Improvements,J78,78,J,Show,user_entry,
Improvements,K78,78,K,Show,user_entry,
Improvements,L78,78,L,Show,user_entry,
Improvements,N78,78,N,Show,user_entry,
Improvements,P78,78,P,Show,user_entry,
Improvements,R78,78,R,Show,user_entry,
Improvements,S78,78,S,0.5,user_entry,
Improvements,T78,78,T,Remaining Useful Life,user_entry,
Improvements,X78,78,X,Remaining Economic/Useful Life,user_entry,
Improvements,Z78,78,Z,Average,user_entry,
Improvements,A79,79,A,Show,user_entry,
Improvements,B79,79,B,Show,user_entry,
Improvements,C79,79,C,Show,user_entry,
Improvements,D79,79,D,Show,user_entry,
Improvements,E79,79,E,Show,user_entry,
Improvements,F79,79,F,Show,user_entry,
Improvements,G79,79,G,Show,user_entry,
Improvements,H79,79,H,Show,user_entry,
Improvements,I79,79,I,Show,user_entry,
Improvements,J79,79,J,Show,user_entry,
Improvements,K79,79,K,Show,user_entry,
Improvements,L79,79,L,Show,user_entry,
Improvements,N79,79,N,Show,user_entry,
Improvements,P79,79,P,Show,user_entry,
Improvements,R79,79,R,Show,user_entry,
Improvements,S79,79,S,0.5,user_entry,
Improvements,T79,79,T,Condition,user_entry,
Improvements,X79,79,X,Condition,user_entry,
Improvements,Z79,79,Z,Unique Values,user_entry,
Improvements,AL79,79,AL,,user_entry,
Improvements,A80,80,A,Show,user_entry,
Improvements,B80,80,B,Show,user_entry,
Improvements,C80,80,C,Show,user_entry,
Improvements,D80,80,D,Show,user_entry,
Improvements,E80,80,E,Show,user_entry,
Improvements,F80,80,F,Show,user_entry,
Improvements,G80,80,G,Show,user_entry,
Improvements,H80,80,H,Show,user_entry,
Improvements,I80,80,I,Hide,user_entry,
Improvements,J80,80,J,Show,user_entry,
Improvements,K80,80,K,Show,user_entry,
Improvements,L80,80,L,Show,user_entry,
Improvements,N80,80,N,Show,user_entry,
Improvements,P80,80,P,Show,user_entry,
Improvements,R80,80,R,Show,user_entry,
Improvements,S80,80,S,0.5,user_entry,
Improvements,X80,80,X,Appeal and Appearance,user_entry,
Improvements,Z80,80,Z,Unique Values,user_entry,
Improvements,AL80,80,AL,,user_entry,
Improvements,A81,81,A,Show,user_entry,
Improvements,B81,81,B,Show,user_entry,
Improvements,C81,81,C,Show,user_entry,
Improvements,D81,81,D,Hide,user_entry,
Improvements,E81,81,E,Hide,user_entry,
Improvements,F81,81,F,Hide,user_entry,
Improvements,G81,81,G,Hide,user_entry,
Improvements,H81,81,H,Hide,user_entry,
Improvements,I81,81,I,Hide,user_entry,
Improvements,J81,81,J,Hide,user_entry,
Improvements,K81,81,K,Hide,user_entry,
Improvements,L81,81,L,Show,user_entry,
Improvements,N81,81,N,Show,user_entry,
Improvements,P81,81,P,Show,user_entry,
Improvements,R81,81,R,Show,user_entry,
Improvements,S81,81,S,0.5,user_entry,
Improvements,X81,81,X,Personal Property,user_entry,
Improvements,Y81,81,Y,0.0,user_entry,
Improvements,Z81,81,Z,Building 1,user_entry,
Improvements,AA81,81,AA,0.0,user_entry,
Improvements,AL81,81,AL,,user_entry,
Improvements,A82,82,A,Show,user_entry,
Improvements,B82,82,B,Show,user_entry,
Improvements,C82,82,C,Show,user_entry,
Improvements,D82,82,D,Show,user_entry,
Improvements,E82,82,E,Hide,user_entry,
Improvements,F82,82,F,Hide,user_entry,
Improvements,G82,82,G,Show,user_entry,
Improvements,H82,82,H,Show,user_entry,
Improvements,I82,82,I,Hide,user_entry,
Improvements,J82,82,J,Hide,user_entry,
Improvements,K82,82,K,Show,user_entry,
Improvements,L82,82,L,Show,user_entry,
Improvements,N82,82,N,Show,user_entry,
Improvements,P82,82,P,Show,user_entry,
Improvements,R82,82,R,Show,user_entry,
Improvements,S82,82,S,0.5,user_entry,
Improvements,X82,82,X,Property Amenities,user_entry,
Improvements,Z82,82,Z,Building 1,user_entry,
Improvements,AL82,82,AL,,user_entry,
Improvements,A83,83,A,Hide,user_entry,
Improvements,B83,83,B,Hide,user_entry,
Improvements,C83,83,C,Hide,user_entry,
Improvements,D83,83,D,Hide,user_entry,
Improvements,E83,83,E,Hide,user_entry,
Improvements,F83,83,F,Hide,user_entry,
Improvements,G83,83,G,Hide,user_entry,
Improvements,H83,83,H,Hide,user_entry,
Improvements,I83,83,I,Hide,user_entry,
Improvements,J83,83,J,Hide,user_entry,
Improvements,K83,83,K,Hide,user_entry,
Improvements,L83,83,L,Hide,user_entry,
Improvements,N83,83,N,Hide,user_entry,
Improvements,P83,83,P,Show,user_entry,
Improvements,R83,83,R,Hide,user_entry,
Improvements,S83,83,S,0x7,user_entry,
Improvements,X83,83,X,Tenant Improvements,user_entry,
Improvements,Z83,83,Z,Unique Values,user_entry,
Improvements,A84,84,A,Hide,user_entry,
Improvements,B84,84,B,Show,user_entry,
Improvements,C84,84,C,Show,user_entry,
Improvements,D84,84,D,Show,user_entry,
Improvements,E84,84,E,Show,user_entry,
Improvements,F84,84,F,Show,user_entry,
Improvements,G84,84,G,Show,user_entry,
Improvements,H84,84,H,Show,user_entry,
Improvements,I84,84,I,Show,user_entry,
Improvements,J84,84,J,Show,user_entry,
Improvements,K84,84,K,Show,user_entry,
Improvements,L84,84,L,Show,user_entry,
Improvements,N84,84,N,Show,user_entry,
Improvements,P84,84,P,Show,user_entry,
Improvements,R84,84,R,Show,user_entry,
Improvements,S84,84,S,0.5,user_entry,
Improvements,T84,84,T,No. of Stories,user_entry,
Improvements,X84,84,X,Number of Stories,user_entry,
Improvements,Z84,84,Z,Unique Values,user_entry,
Improvements,A85,85,A,Hide,user_entry,
Improvements,B85,85,B,Show,user_entry,
Improvements,C85,85,C,Show,user_entry,
Improvements,D85,85,D,Show,user_entry,
Improvements,E85,85,E,Hide,user_entry,
Improvements,F85,85,F,Hide,user_entry,
Improvements,G85,85,G,Hide,user_entry,
Improvements,H85,85,H,Hide,user_entry,
Improvements,I85,85,I,Hide,user_entry,
Improvements,J85,85,J,Hide,user_entry,
Improvements,K85,85,K,Hide,user_entry,
Improvements,L85,85,L,Hide,user_entry,
Improvements,N85,85,N,Show,user_entry,
Improvements,P85,85,P,Hide,user_entry,
Improvements,R85,85,R,Show,user_entry,
Improvements,S85,85,S,0.5,user_entry,
Improvements,X85,85,X,Multi-Family GBA,user_entry,
Improvements,Y85,85,Y,0.0,user_entry,
Improvements,Z85,85,Z,Sum,user_entry,
Improvements,AA85,85,AA,0.0,user_entry,
Improvements,A86,86,A,Hide,user_entry,
Improvements,B86,86,B,Hide,user_entry,
Improvements,C86,86,C,Hide,user_entry,
Improvements,D86,86,D,Hide,user_entry,
Improvements,E86,86,E,Hide,user_entry,
Improvements,F86,86,F,Hide,user_entry,
Improvements,G86,86,G,Show,user_entry,
Improvements,H86,86,H,Show,user_entry,
Improvements,I86,86,I,Hide,user_entry,
Improvements,J86,86,J,Hide,user_entry,
Improvements,K86,86,K,Hide,user_entry,
Improvements,L86,86,L,Hide,user_entry,
Improvements,N86,86,N,Hide,user_entry,
Improvements,P86,86,P,Hide,user_entry,
Improvements,R86,86,R,Hide,user_entry,
Improvements,S86,86,S,0x7,user_entry,
Improvements,X86,86,X,Office GBA,user_entry,
Improvements,Y86,86,Y,0.0,user_entry,
Improvements,Z86,86,Z,Sum,user_entry,
Improvements,AA86,86,AA,0.0,user_entry,
Improvements,A87,87,A,Hide,user_entry,
Improvements,B87,87,B,Hide,user_entry,
Improvements,C87,87,C,Hide,user_entry,
Improvements,D87,87,D,Hide,user_entry,
Improvements,E87,87,E,Show,user_entry,
Improvements,F87,87,F,Show,user_entry,
Improvements,G87,87,G,Hide,user_entry,
Improvements,H87,87,H,Hide,user_entry,
Improvements,I87,87,I,Hide,user_entry,
Improvements,J87,87,J,Hide,user_entry,
Improvements,K87,87,K,Hide,user_entry,
Improvements,L87,87,L,Hide,user_entry,
Improvements,N87,87,N,Hide,user_entry,
Improvements,P87,87,P,Hide,user_entry,
Improvements,R87,87,R,Hide,user_entry,
Improvements,S87,87,S,0x7,user_entry,
Improvements,X87,87,X,Retail GBA,user_entry,
Improvements,Y87,87,Y,0.0,user_entry,
Improvements,Z87,87,Z,Sum,user_entry,
Improvements,AA87,87,AA,0.0,user_entry,
Improvements,A88,88,A,Hide,user_entry,
Improvements,B88,88,B,Hide,user_entry,
Improvements,C88,88,C,Hide,user_entry,
Improvements,D88,88,D,Hide,user_entry,
Improvements,E88,88,E,Hide,user_entry,
Improvements,F88,88,F,Hide,user_entry,
Improvements,G88,88,G,Hide,user_entry,
Improvements,H88,88,H,Hide,user_entry,
Improvements,I88,88,I,Hide,user_entry,
Improvements,J88,88,J,Show,user_entry,
Improvements,K88,88,K,Hide,user_entry,
Improvements,L88,88,L,Hide,user_entry,
Improvements,N88,88,N,Hide,user_entry,
Improvements,P88,88,P,Hide,user_entry,
Improvements,R88,88,R,Hide,user_entry,
Improvements,S88,88,S,0x7,user_entry,
Improvements,X88,88,X,Industrial GBA,user_entry,
Improvements,Y88,88,Y,0.0,user_entry,
Improvements,Z88,88,Z,Sum,user_entry,
Improvements,AA88,88,AA,0.0,user_entry,
Improvements,A89,89,A,Hide,user_entry,
Improvements,B89,89,B,Hide,user_entry,
Improvements,C89,89,C,Hide,user_entry,
Improvements,D89,89,D,Hide,user_entry,
Improvements,E89,89,E,Hide,user_entry,
Improvements,F89,89,F,Hide,user_entry,
Improvements,G89,89,G,Hide,user_entry,
Improvements,H89,89,H,Hide,user_entry,
Improvements,I89,89,I,Hide,user_entry,
Improvements,J89,89,J,Hide,user_entry,
Improvements,K89,89,K,Hide,user_entry,
Improvements,L89,89,L,Hide,user_entry,
Improvements,N89,89,N,Hide,user_entry,
Improvements,P89,89,P,Hide,user_entry,
Improvements,R89,89,R,Hide,user_entry,
Improvements,S89,89,S,0x7,user_entry,
Improvements,X89,89,X,Other GBA,user_entry,
Improvements,Y89,89,Y,0.0,user_entry,
Improvements,Z89,89,Z,Sum,user_entry,
Improvements,AA89,89,AA,0.0,user_entry,
Improvements,A90,90,A,Hide,user_entry,
Improvements,B90,90,B,Show,user_entry,
Improvements,C90,90,C,Show,user_entry,
Improvements,D90,90,D,Show,user_entry,
Improvements,E90,90,E,Show,user_entry,
Improvements,F90,90,F,Show,user_entry,
Improvements,G90,90,G,Show,user_entry,
Improvements,H90,90,H,Show,user_entry,
Improvements,I90,90,I,Show,user_entry,
Improvements,J90,90,J,Show,user_entry,
Improvements,K90,90,K,Show,user_entry,
Improvements,L90,90,L,Show,user_entry,
Improvements,N90,90,N,Show,user_entry,
Improvements,P90,90,P,Show,user_entry,
Improvements,R90,90,R,Show,user_entry,
Improvements,S90,90,S,0.5,user_entry,
Improvements,T90,90,T,GBA,user_entry,
Improvements,X90,90,X,Gross Building Area,user_entry,
Improvements,Y90,90,Y,0.0,user_entry,
Improvements,Z90,90,Z,Sum,user_entry,
Improvements,AA90,90,AA,0.0,user_entry,
Improvements,AB90,90,AB,0.0,user_entry,
Improvements,A91,91,A,Hide,user_entry,
Improvements,B91,91,B,Show,user_entry,
Improvements,C91,91,C,Show,user_entry,
Improvements,D91,91,D,Hide,user_entry,
Improvements,E91,91,E,Hide,user_entry,
Improvements,F91,91,F,Hide,user_entry,
Improvements,G91,91,G,Show,user_entry,
Improvements,H91,91,H,Show,user_entry,
Improvements,I91,91,I,Hide,user_entry,
Improvements,J91,91,J,Hide,user_entry,
Improvements,K91,91,K,Hide,user_entry,
Improvements,L91,91,L,Hide,user_entry,
Improvements,N91,91,N,Show,user_entry,
Improvements,P91,91,P,Hide,user_entry,
Improvements,R91,91,R,Show,user_entry,
Improvements,S91,91,S,0.5,user_entry,
Improvements,X91,91,X,Percent Retail,user_entry,
Improvements,Y91,91,Y,0.0,user_entry,
Improvements,Z91,91,Z,Retail GBA/GBA,user_entry,
Improvements,AA91,91,AA,0.0,user_entry,
Improvements,A92,92,A,Hide,user_entry,
Improvements,B92,92,B,Show,user_entry,
Improvements,C92,92,C,Show,user_entry,
Improvements,D92,92,D,Show,user_entry,
Improvements,E92,92,E,Hide,user_entry,
Improvements,F92,92,F,Hide,user_entry,
Improvements,G92,92,G,Hide,user_entry,
Improvements,H92,92,H,Hide,user_entry,
Improvements,I92,92,I,Hide,user_entry,
Improvements,J92,92,J,Hide,user_entry,
Improvements,K92,92,K,Hide,user_entry,
Improvements,L92,92,L,Hide,user_entry,
Improvements,N92,92,N,Show,user_entry,
Improvements,P92,92,P,Hide,user_entry,
Improvements,R92,92,R,Show,user_entry,
Improvements,S92,92,S,0.5,user_entry,
Improvements,X92,92,X,Multi-Family RA,user_entry,
Improvements,Y92,92,Y,0.0,user_entry,
Improvements,Z92,92,Z,Sum,user_entry,
Improvements,AA92,92,AA,0.0,user_entry,
Improvements,AB92,92,AB,0.0,user_entry,
Improvements,A93,93,A,Hide,user_entry,
Improvements,B93,93,B,Hide,user_entry,
Improvements,C93,93,C,Hide,user_entry,
Improvements,D93,93,D,Hide,user_entry,
Improvements,E93,93,E,Hide,user_entry,
Improvements,F93,93,F,Hide,user_entry,
Improvements,G93,93,G,Show,user_entry,
Improvements,H93,93,H,Show,user_entry,
Improvements,I93,93,I,Hide,user_entry,
Improvements,J93,93,J,Hide,user_entry,
Improvements,K93,93,K,Hide,user_entry,
Improvements,L93,93,L,Hide,user_entry,
Improvements,N93,93,N,Hide,user_entry,
Improvements,P93,93,P,Hide,user_entry,
Improvements,R93,93,R,Hide,user_entry,
Improvements,S93,93,S,0x7,user_entry,
Improvements,X93,93,X,Office RA,user_entry,
Improvements,Y93,93,Y,0.0,user_entry,
Improvements,Z93,93,Z,Sum,user_entry,
Improvements,AA93,93,AA,0.0,user_entry,
Improvements,A94,94,A,Hide,user_entry,
Improvements,B94,94,B,Hide,user_entry,
Improvements,C94,94,C,Hide,user_entry,
Improvements,D94,94,D,Hide,user_entry,
Improvements,E94,94,E,Hide,user_entry,
Improvements,F94,94,F,Hide,user_entry,
Improvements,G94,94,G,Hide,user_entry,
Improvements,H94,94,H,Hide,user_entry,
Improvements,I94,94,I,Hide,user_entry,
Improvements,J94,94,J,Show,user_entry,
Improvements,K94,94,K,Hide,user_entry,
Improvements,L94,94,L,Hide,user_entry,
Improvements,N94,94,N,Hide,user_entry,
Improvements,P94,94,P,Hide,user_entry,
Improvements,R94,94,R,Hide,user_entry,
Improvements,S94,94,S,0x7,user_entry,
Improvements,X94,94,X,Industrial RA,user_entry,
Improvements,Y94,94,Y,0.0,user_entry,
Improvements,Z94,94,Z,Sum,user_entry,
Improvements,AA94,94,AA,0.0,user_entry,
Improvements,A95,95,A,Hide,user_entry,
Improvements,B95,95,B,Hide,user_entry,
Improvements,C95,95,C,Hide,user_entry,
Improvements,D95,95,D,Hide,user_entry,
Improvements,E95,95,E,Hide,user_entry,
Improvements,F95,95,F,Hide,user_entry,
Improvements,G95,95,G,Hide,user_entry,
Improvements,H95,95,H,Hide,user_entry,
Improvements,I95,95,I,Hide,user_entry,
Improvements,J95,95,J,Hide,user_entry,
Improvements,K95,95,K,Hide,user_entry,
Improvements,L95,95,L,Hide,user_entry,
Improvements,N95,95,N,Hide,user_entry,
Improvements,P95,95,P,Hide,user_entry,
Improvements,R95,95,R,Hide,user_entry,
Improvements,S95,95,S,0x7,user_entry,
Improvements,X95,95,X,Other RA,user_entry,
Improvements,Y95,95,Y,0.0,user_entry,
Improvements,Z95,95,Z,Sum,user_entry,
Improvements,AA95,95,AA,0.0,user_entry,
Improvements,A96,96,A,Hide,user_entry,
Improvements,B96,96,B,Show,user_entry,
Improvements,C96,96,C,Show,user_entry,
Improvements,D96,96,D,Show,user_entry,
Improvements,E96,96,E,Show,user_entry,
Improvements,F96,96,F,Show,user_entry,
Improvements,G96,96,G,Show,user_entry,
Improvements,H96,96,H,Show,user_entry,
Improvements,I96,96,I,Hide,user_entry,
Improvements,J96,96,J,Show,user_entry,
Improvements,K96,96,K,Show,user_entry,
Improvements,L96,96,L,Hide,user_entry,
Improvements,N96,96,N,Show,user_entry,
Improvements,P96,96,P,Show,user_entry,
Improvements,R96,96,R,Show,user_entry,
Improvements,S96,96,S,0.5,user_entry,
Improvements,T96,96,T,Rentable Area,user_entry,
Improvements,X96,96,X,Rentable Area,user_entry,
Improvements,Y96,96,Y,0.0,user_entry,
Improvements,Z96,96,Z,Sum,user_entry,
Improvements,AA96,96,AA,0.0,user_entry,
Improvements,A97,97,A,Hide,user_entry,
Improvements,B97,97,B,Show,user_entry,
Improvements,C97,97,C,Show,user_entry,
Improvements,D97,97,D,Hide,user_entry,
Improvements,E97,97,E,Show,user_entry,
Improvements,F97,97,F,Show,user_entry,
Improvements,G97,97,G,Show,user_entry,
Improvements,H97,97,H,Show,user_entry,
Improvements,I97,97,I,Hide,user_entry,
Improvements,J97,97,J,Hide,user_entry,
Improvements,K97,97,K,Hide,user_entry,
Improvements,L97,97,L,Hide,user_entry,
Improvements,N97,97,N,Show,user_entry,
Improvements,P97,97,P,Hide,user_entry,
Improvements,R97,97,R,Show,user_entry,
Improvements,S97,97,S,0.5,user_entry,
Improvements,X97,97,X,Gross Leasable Area (Retail GLA),user_entry,
Improvements,Y97,97,Y,0.0,user_entry,
Improvements,Z97,97,Z,Sum,user_entry,
Improvements,AA97,97,AA,0.0,user_entry,
Improvements,A98,98,A,Hide,user_entry,
Improvements,B98,98,B,Hide,user_entry,
Improvements,C98,98,C,Hide,user_entry,
Improvements,D98,98,D,Hide,user_entry,
Improvements,E98,98,E,Hide,user_entry,
Improvements,F98,98,F,Hide,user_entry,
Improvements,G98,98,G,Hide,user_entry,
Improvements,H98,98,H,Hide,user_entry,
Improvements,I98,98,I,Hide,user_entry,
Improvements,J98,98,J,Hide,user_entry,
Improvements,K98,98,K,Hide,user_entry,
Improvements,L98,98,L,Hide,user_entry,
Improvements,N98,98,N,Hide,user_entry,
Improvements,P98,98,P,Hide,user_entry,
Improvements,R98,98,R,Hide,user_entry,
Improvements,S98,98,S,0x7,user_entry,
Improvements,X98,98,X,Gross Building Area (Meters),user_entry,
Improvements,Y98,98,Y,0.0,user_entry,
Improvements,Z98,98,Z,Sum,user_entry,
Improvements,AA98,98,AA,0.0,user_entry,
Improvements,A99,99,A,Hide,user_entry,
Improvements,B99,99,B,Hide,user_entry,
Improvements,C99,99,C,Hide,user_entry,
Improvements,D99,99,D,Hide,user_entry,
Improvements,E99,99,E,Hide,user_entry,
Improvements,F99,99,F,Hide,user_entry,
Improvements,G99,99,G,Hide,user_entry,
Improvements,H99,99,H,Hide,user_entry,
Improvements,I99,99,I,Hide,user_entry,
Improvements,J99,99,J,Hide,user_entry,
Improvements,K99,99,K,Hide,user_entry,
Improvements,L99,99,L,Hide,user_entry,
Improvements,N99,99,N,Hide,user_entry,
Improvements,P99,99,P,Hide,user_entry,
Improvements,R99,99,R,Hide,user_entry,
Improvements,S99,99,S,0x7,user_entry,
Improvements,X99,99,X,Rentable Area (Meters),user_entry,
Improvements,Y99,99,Y,0.0,user_entry,
Improvements,Z99,99,Z,Sum,user_entry,
Improvements,AA99,99,AA,0.0,user_entry,
Improvements,A100,100,A,Hide,user_entry,
Improvements,B100,100,B,Hide,user_entry,
Improvements,C100,100,C,Hide,user_entry,
Improvements,D100,100,D,Hide,user_entry,
Improvements,E100,100,E,Hide,user_entry,
Improvements,F100,100,F,Hide,user_entry,
Improvements,G100,100,G,Hide,user_entry,
Improvements,H100,100,H,Hide,user_entry,
Improvements,I100,100,I,Hide,user_entry,
Improvements,J100,100,J,Hide,user_entry,
Improvements,K100,100,K,Hide,user_entry,
Improvements,L100,100,L,Hide,user_entry,
Improvements,N100,100,N,Hide,user_entry,
Improvements,P100,100,P,Hide,user_entry,
Improvements,R100,100,R,Hide,user_entry,
Improvements,S100,100,S,0x7,user_entry,
Improvements,X100,100,X,Gross Leasable Area (Meters),user_entry,
Improvements,Y100,100,Y,0.0,user_entry,
Improvements,Z100,100,Z,Sum,user_entry,
Improvements,AA100,100,AA,0.0,user_entry,
Improvements,A101,101,A,Hide,user_entry,
Improvements,B101,101,B,Hide,user_entry,
Improvements,C101,101,C,Hide,user_entry,
Improvements,D101,101,D,Hide,user_entry,
Improvements,E101,101,E,Hide,user_entry,
Improvements,F101,101,F,Hide,user_entry,
Improvements,G101,101,G,Hide,user_entry,
Improvements,H101,101,H,Hide,user_entry,
Improvements,I101,101,I,Hide,user_entry,
Improvements,J101,101,J,Hide,user_entry,
Improvements,K101,101,K,Hide,user_entry,
Improvements,L101,101,L,Hide,user_entry,
Improvements,N101,101,N,Hide,user_entry,
Improvements,P101,101,P,Hide,user_entry,
Improvements,R101,101,R,Hide,user_entry,
Improvements,S101,101,S,0x7,user_entry,
Improvements,X101,101,X,Usable Area,user_entry,
Improvements,Y101,101,Y,0.0,user_entry,
Improvements,Z101,101,Z,Sum,user_entry,
Improvements,AA101,101,AA,0.0,user_entry,
Improvements,A102,102,A,Hide,user_entry,
Improvements,B102,102,B,Show,user_entry,
Improvements,C102,102,C,Show,user_entry,
Improvements,D102,102,D,Show,user_entry,
Improvements,E102,102,E,Show,user_entry,
Improvements,F102,102,F,Show,user_entry,
Improvements,G102,102,G,Show,user_entry,
Improvements,H102,102,H,Show,user_entry,
Improvements,I102,102,I,Hide,user_entry,
Improvements,J102,102,J,Show,user_entry,
Improvements,K102,102,K,Show,user_entry,
Improvements,L102,102,L,Show,user_entry,
Improvements,N102,102,N,Show,user_entry,
Improvements,P102,102,P,Show,user_entry,
Improvements,R102,102,R,Show,user_entry,
Improvements,S102,102,S,0.5,user_entry,
Improvements,T102,102,T,Building Area Source,user_entry,
Improvements,X102,102,X,Source for SF Area,user_entry,
Improvements,Z102,102,Z,Unique Values,user_entry,
Improvements,A103,103,A,Hide,user_entry,
Improvements,B103,103,B,Hide,user_entry,
Improvements,C103,103,C,Hide,user_entry,
Improvements,D103,103,D,Hide,user_entry,
Improvements,E103,103,E,Hide,user_entry,
Improvements,F103,103,F,Hide,user_entry,
Improvements,G103,103,G,Hide,user_entry,
Improvements,H103,103,H,Hide,user_entry,
Improvements,I103,103,I,Hide,user_entry,
Improvements,J103,103,J,Show,user_entry,
Improvements,K103,103,K,Hide,user_entry,
Improvements,L103,103,L,Hide,user_entry,
Improvements,N103,103,N,Hide,user_entry,
Improvements,P103,103,P,Hide,user_entry,
Improvements,R103,103,R,Hide,user_entry,
Improvements,S103,103,S,0x7,user_entry,
Improvements,T103,103,T,% Office,user_entry,
Improvements,X103,103,X,Percent Office,user_entry,
Improvements,Y103,103,Y,0.0,user_entry,
Improvements,Z103,103,Z,Office GBA/GBA,user_entry,
Improvements,AA103,103,AA,0.0,user_entry,
Improvements,A104,104,A,Hide,user_entry,
Improvements,B104,104,B,Hide,user_entry,
Improvements,C104,104,C,Hide,user_entry,
Improvements,D104,104,D,Hide,user_entry,
Improvements,E104,104,E,Hide,user_entry,
Improvements,F104,104,F,Hide,user_entry,
Improvements,G104,104,G,Hide,user_entry,
Improvements,H104,104,H,Hide,user_entry,
Improvements,I104,104,I,Hide,user_entry,
Improvements,J104,104,J,Show,user_entry,
Improvements,K104,104,K,Hide,user_entry,
Improvements,L104,104,L,Hide,user_entry,
Improvements,N104,104,N,Hide,user_entry,
Improvements,P104,104,P,Hide,user_entry,
Improvements,R104,104,R,Hide,user_entry,
Improvements,S104,104,S,0x7,user_entry,
Improvements,X104,104,X,Percent Office RA,user_entry,
Improvements,Y104,104,Y,0.0,user_entry,
Improvements,Z104,104,Z,Office RA/Total RA,user_entry,
Improvements,AA104,104,AA,0.0,user_entry,
Improvements,A105,105,A,Hide,user_entry,
Improvements,B105,105,B,Hide,user_entry,
Improvements,C105,105,C,Hide,user_entry,
Improvements,D105,105,D,Hide,user_entry,
Improvements,E105,105,E,Hide,user_entry,
Improvements,F105,105,F,Hide,user_entry,
Improvements,G105,105,G,Show,user_entry,
Improvements,H105,105,H,Show,user_entry,
Improvements,I105,105,I,Hide,user_entry,
Improvements,J105,105,J,Hide,user_entry,
Improvements,K105,105,K,Hide,user_entry,
Improvements,L105,105,L,Hide,user_entry,
Improvements,N105,105,N,Hide,user_entry,
Improvements,P105,105,P,Hide,user_entry,
Improvements,R105,105,R,Hide,user_entry,
Improvements,S105,105,S,0x7,user_entry,
Improvements,X105,105,X,Load Factor,user_entry,
Improvements,Y105,105,Y,0.0,user_entry,
Improvements,Z105,105,Z,(RA/Usable Area)-1,user_entry,
Improvements,AA105,105,AA,0.0,user_entry,
Improvements,A106,106,A,Hide,user_entry,
Improvements,B106,106,B,Hide,user_entry,
Improvements,C106,106,C,Hide,user_entry,
Improvements,D106,106,D,Hide,user_entry,
Improvements,E106,106,E,Hide,user_entry,
Improvements,F106,106,F,Hide,user_entry,
Improvements,G106,106,G,Hide,user_entry,
Improvements,H106,106,H,Hide,user_entry,
Improvements,I106,106,I,Hide,user_entry,
Improvements,J106,106,J,Hide,user_entry,
Improvements,K106,106,K,Hide,user_entry,
Improvements,L106,106,L,Hide,user_entry,
Improvements,N106,106,N,Hide,user_entry,
Improvements,P106,106,P,Hide,user_entry,
Improvements,R106,106,R,Hide,user_entry,
Improvements,S106,106,S,0x7,user_entry,
Improvements,X106,106,X,Perimeter SF,user_entry,
Improvements,Y106,106,Y,0.0,user_entry,
Improvements,Z106,106,Z,Sum,user_entry,
Improvements,AA106,106,AA,0.0,user_entry,
Improvements,A107,107,A,Hide,user_entry,
Improvements,B107,107,B,Show,user_entry,
Improvements,C107,107,C,Show,user_entry,
Improvements,D107,107,D,Show,user_entry,
Improvements,E107,107,E,Show,user_entry,
Improvements,F107,107,F,Show,user_entry,
Improvements,G107,107,G,Show,user_entry,
Improvements,H107,107,H,Show,user_entry,
Improvements,I107,107,I,Hide,user_entry,
Improvements,J107,107,J,Show,user_entry,
Improvements,K107,107,K,Show,user_entry,
Improvements,L107,107,L,Hide,user_entry,
Improvements,N107,107,N,Show,user_entry,
Improvements,P107,107,P,Show,user_entry,
Improvements,R107,107,R,Show,user_entry,
Improvements,S107,107,S,0.5,user_entry,
Improvements,X107,107,X,Building Efficiency Ratio,user_entry,
Improvements,Y107,107,Y,0.0,user_entry,
Improvements,AA107,107,AA,0.0,user_entry,
Improvements,A108,108,A,Hide,user_entry,
Improvements,B108,108,B,Hide,user_entry,
Improvements,C108,108,C,Hide,user_entry,
Improvements,D108,108,D,Hide,user_entry,
Improvements,E108,108,E,Hide,user_entry,
Improvements,F108,108,F,Hide,user_entry,
Improvements,G108,108,G,Hide,user_entry,
Improvements,H108,108,H,Hide,user_entry,
Improvements,I108,108,I,Hide,user_entry,
Improvements,J108,108,J,Hide,user_entry,
Improvements,K108,108,K,Hide,user_entry,
Improvements,L108,108,L,Hide,user_entry,
Improvements,N108,108,N,Hide,user_entry,
Improvements,P108,108,P,Hide,user_entry,
Improvements,R108,108,R,Hide,user_entry,
Improvements,S108,108,S,0x7,user_entry,
Improvements,X108,108,X,Building Efficiency Ratio (Metric > ),user_entry,
Improvements,A109,109,A,Hide,user_entry,
Improvements,B109,109,B,Hide,user_entry,
Improvements,C109,109,C,Hide,user_entry,
Improvements,D109,109,D,Hide,user_entry,
Improvements,E109,109,E,Hide,user_entry,
Improvements,F109,109,F,Hide,user_entry,
Improvements,G109,109,G,Hide,user_entry,
Improvements,H109,109,H,Hide,user_entry,
Improvements,I109,109,I,Hide,user_entry,
Improvements,J109,109,J,Show,user_entry,
Improvements,K109,109,K,Show,user_entry,
Improvements,L109,109,L,Hide,user_entry,
Improvements,N109,109,N,Hide,user_entry,
Improvements,P109,109,P,Show,user_entry,
Improvements,R109,109,R,Hide,user_entry,
Improvements,S109,109,S,0x7,user_entry,
Improvements,X109,109,X,Land to Building Ratio,user_entry,
Improvements,Y109,109,Y,0.0,user_entry,
Improvements,AA109,109,AA,0.0,user_entry,
Improvements,AM109,109,AM,Land SF,user_entry,
Improvements,A110,110,A,Hide,user_entry,
Improvements,B110,110,B,Show,user_entry,
Improvements,C110,110,C,Show,user_entry,
Improvements,D110,110,D,Show,user_entry,
Improvements,E110,110,E,Show,user_entry,
Improvements,F110,110,F,Show,user_entry,
Improvements,G110,110,G,Show,user_entry,
Improvements,H110,110,H,Show,user_entry,
Improvements,I110,110,I,Hide,user_entry,
Improvements,J110,110,J,Show,user_entry,
Improvements,K110,110,K,Hide,user_entry,
Improvements,L110,110,L,Show,user_entry,
Improvements,N110,110,N,Show,user_entry,
Improvements,P110,110,P,Show,user_entry,
Improvements,R110,110,R,Show,user_entry,
Improvements,S110,110,S,0.5,user_entry,
Improvements,X110,110,X,Surface Parking Spaces,user_entry,
Improvements,Y110,110,Y,0.0,user_entry,
Improvements,Z110,110,Z,Sum,user_entry,
Improvements,AA110,110,AA,0.0,user_entry,
Improvements,A111,111,A,Hide,user_entry,
Improvements,B111,111,B,Show,user_entry,
Improvements,C111,111,C,Show,user_entry,
Improvements,D111,111,D,Auto,user_entry,
Improvements,E111,111,E,Show,user_entry,
Improvements,F111,111,F,Show,user_entry,
Improvements,G111,111,G,Show,user_entry,
Improvements,H111,111,H,Show,user_entry,
Improvements,I111,111,I,Hide,user_entry,
Improvements,J111,111,J,Show,user_entry,
Improvements,K111,111,K,Hide,user_entry,
Improvements,L111,111,L,Show,user_entry,
Improvements,N111,111,N,Show,user_entry,
Improvements,P111,111,P,Show,user_entry,
Improvements,R111,111,R,Show,user_entry,
Improvements,S111,111,S,0.5,user_entry,
Improvements,X111,111,X,Covered Parking Spaces,user_entry,
Improvements,Y111,111,Y,0.0,user_entry,
Improvements,Z111,111,Z,Sum,user_entry,
Improvements,AA111,111,AA,0.0,user_entry,
Improvements,A112,112,A,Hide,user_entry,
Improvements,B112,112,B,Show,user_entry,
Improvements,C112,112,C,Show,user_entry,
Improvements,D112,112,D,Auto,user_entry,
Improvements,E112,112,E,Show,user_entry,
Improvements,F112,112,F,Show,user_entry,
Improvements,G112,112,G,Show,user_entry,
Improvements,H112,112,H,Show,user_entry,
Improvements,I112,112,I,Hide,user_entry,
Improvements,J112,112,J,Show,user_entry,
Improvements,K112,112,K,Hide,user_entry,
Improvements,L112,112,L,Show,user_entry,
Improvements,N112,112,N,Show,user_entry,
Improvements,P112,112,P,Show,user_entry,
Improvements,R112,112,R,Show,user_entry,
Improvements,S112,112,S,0.5,user_entry,
Improvements,X112,112,X,Garage Parking Spaces,user_entry,
Improvements,Y112,112,Y,0.0,user_entry,
Improvements,Z112,112,Z,Sum,user_entry,
Improvements,AA112,112,AA,0.0,user_entry,
Improvements,A113,113,A,Hide,user_entry,
Improvements,B113,113,B,Show,user_entry,
Improvements,C113,113,C,Show,user_entry,
Improvements,D113,113,D,Auto,user_entry,
Improvements,E113,113,E,Show,user_entry,
Improvements,F113,113,F,Show,user_entry,
Improvements,G113,113,G,Show,user_entry,
Improvements,H113,113,H,Show,user_entry,
Improvements,I113,113,I,Hide,user_entry,
Improvements,J113,113,J,Show,user_entry,
Improvements,K113,113,K,Show,user_entry,
Improvements,L113,113,L,Show,user_entry,
Improvements,N113,113,N,Show,user_entry,
Improvements,P113,113,P,Show,user_entry,
Improvements,R113,113,R,Show,user_entry,
Improvements,S113,113,S,0.5,user_entry,
Improvements,T113,113,T,Parking Spaces,user_entry,
Improvements,X113,113,X,Parking Spaces,user_entry,
Improvements,Y113,113,Y,0.0,user_entry,
Improvements,Z113,113,Z,Sum,user_entry,
Improvements,AA113,113,AA,0.0,user_entry,
Improvements,A114,114,A,Hide,user_entry,
Improvements,B114,114,B,Show,user_entry,
Improvements,C114,114,C,Show,user_entry,
Improvements,D114,114,D,Show,user_entry,
Improvements,E114,114,E,Show,user_entry,
Improvements,F114,114,F,Show,user_entry,
Improvements,G114,114,G,Show,user_entry,
Improvements,H114,114,H,Show,user_entry,
Improvements,I114,114,I,Hide,user_entry,
Improvements,J114,114,J,Show,user_entry,
Improvements,K114,114,K,Show,user_entry,
Improvements,L114,114,L,Show,user_entry,
Improvements,N114,114,N,Show,user_entry,
Improvements,P114,114,P,Show,user_entry,
Improvements,R114,114,R,Show,user_entry,
Improvements,S114,114,S,0.5,user_entry,
Improvements,T114,114,T,Parking Type,user_entry,
Improvements,X114,114,X,Parking Type,user_entry,
Improvements,Z114,114,Z,Unique Values,user_entry,
Improvements,AL114,114,AL,,user_entry,
Improvements,A115,115,A,Hide,user_entry,
Improvements,B115,115,B,Show,user_entry,
Improvements,C115,115,C,Show,user_entry,
Improvements,D115,115,D,Show,user_entry,
Improvements,E115,115,E,Show,user_entry,
Improvements,F115,115,F,Show,user_entry,
Improvements,G115,115,G,Show,user_entry,
Improvements,H115,115,H,Show,user_entry,
Improvements,I115,115,I,Hide,user_entry,
Improvements,J115,115,J,Show,user_entry,
Improvements,K115,115,K,Show,user_entry,
Improvements,L115,115,L,Show,user_entry,
Improvements,N115,115,N,Show,user_entry,
Improvements,P115,115,P,Show,user_entry,
Improvements,R115,115,R,Show,user_entry,
Improvements,S115,115,S,0.5,user_entry,
Improvements,X115,115,X,Parking Adequacy,user_entry,
Improvements,Z115,115,Z,Unique Values,user_entry,
Improvements,A116,116,A,Hide,user_entry,
Improvements,B116,116,B,Show,user_entry,
Improvements,C116,116,C,Show,user_entry,
Improvements,D116,116,D,Show,user_entry,
Improvements,E116,116,E,Show,user_entry,
Improvements,F116,116,F,Show,user_entry,
Improvements,G116,116,G,Show,user_entry,
Improvements,H116,116,H,Show,user_entry,
Improvements,I116,116,I,Hide,user_entry,
Improvements,J116,116,J,Show,user_entry,
Improvements,K116,116,K,Show,user_entry,
Improvements,L116,116,L,Show,user_entry,
Improvements,N116,116,N,Show,user_entry,
Improvements,P116,116,P,Show,user_entry,
Improvements,R116,116,R,Show,user_entry,
Improvements,S116,116,S,0.5,user_entry,
Improvements,X116,116,X,Parking Condition,user_entry,
Improvements,Z116,116,Z,Unique Values,user_entry,
Improvements,AL116,116,AL,,user_entry,
Improvements,A117,117,A,Hide,user_entry,
Improvements,B117,117,B,Show,user_entry,
Improvements,C117,117,C,Show,user_entry,
Improvements,D117,117,D,Hide,user_entry,
Improvements,E117,117,E,Show,user_entry,
Improvements,F117,117,F,Show,user_entry,
Improvements,G117,117,G,Show,user_entry,
Improvements,H117,117,H,Show,user_entry,
Improvements,I117,117,I,Hide,user_entry,
Improvements,J117,117,J,Show,user_entry,
Improvements,K117,117,K,Show,user_entry,
Improvements,L117,117,L,Show,user_entry,
Improvements,N117,117,N,Show,user_entry,
Improvements,P117,117,P,Show,user_entry,
Improvements,R117,117,R,Show,user_entry,
Improvements,S117,117,S,0.5,user_entry,
Improvements,X117,117,X,Source for Parking Count,user_entry,
Improvements,Y117,117,Y,0.0,user_entry,
Improvements,Z117,117,Z,Building 1,user_entry,
Improvements,AA117,117,AA,0.0,user_entry,
Improvements,A118,118,A,Hide,user_entry,
Improvements,B118,118,B,Show,user_entry,
Improvements,C118,118,C,Show,user_entry,
Improvements,D118,118,D,Hide,user_entry,
Improvements,E118,118,E,Show,user_entry,
Improvements,F118,118,F,Show,user_entry,
Improvements,G118,118,G,Show,user_entry,
Improvements,H118,118,H,Show,user_entry,
Improvements,I118,118,I,Hide,user_entry,
Improvements,J118,118,J,Show,user_entry,
Improvements,K118,118,K,Hide,user_entry,
Improvements,L118,118,L,Show,user_entry,
Improvements,N118,118,N,Show,user_entry,
Improvements,P118,118,P,Show,user_entry,
Improvements,R118,118,R,Show,user_entry,
Improvements,S118,118,S,0.5,user_entry,
Improvements,X118,118,X,Parking Comments,user_entry,
Improvements,Z118,118,Z,Unique Values,user_entry,
Improvements,A119,119,A,Hide,user_entry,
Improvements,B119,119,B,Show,user_entry,
Improvements,C119,119,C,Show,user_entry,
Improvements,D119,119,D,Show,user_entry,
Improvements,E119,119,E,Hide,user_entry,
Improvements,F119,119,F,Hide,user_entry,
Improvements,G119,119,G,Hide,user_entry,
Improvements,H119,119,H,Hide,user_entry,
Improvements,I119,119,I,Hide,user_entry,
Improvements,J119,119,J,Hide,user_entry,
Improvements,K119,119,K,Hide,user_entry,
Improvements,L119,119,L,Hide,user_entry,
Improvements,N119,119,N,Show,user_entry,
Improvements,P119,119,P,Hide,user_entry,
Improvements,R119,119,R,Show,user_entry,
Improvements,S119,119,S,0.5,user_entry,
Improvements,X119,119,X,Multi-Family Units,user_entry,
Improvements,Y119,119,Y,0.0,user_entry,
Improvements,Z119,119,Z,Sum,user_entry,
Improvements,AA119,119,AA,0.0,user_entry,
Improvements,AB119,119,AB,0.0,user_entry,
Improvements,A120,120,A,Hide,user_entry,
Improvements,B120,120,B,Hide,user_entry,
Improvements,C120,120,C,Hide,user_entry,
Improvements,D120,120,D,Hide,user_entry,
Improvements,E120,120,E,Hide,user_entry,
Improvements,F120,120,F,Hide,user_entry,
Improvements,G120,120,G,Hide,user_entry,
Improvements,H120,120,H,Hide,user_entry,
Improvements,I120,120,I,Hide,user_entry,
Improvements,J120,120,J,Hide,user_entry,
Improvements,K120,120,K,Hide,user_entry,
Improvements,L120,120,L,Hide,user_entry,
Improvements,N120,120,N,Hide,user_entry,
Improvements,P120,120,P,Hide,user_entry,
Improvements,R120,120,R,Hide,user_entry,
Improvements,S120,120,S,0x7,user_entry,
Improvements,X120,120,X,Office Units,user_entry,
Improvements,Y120,120,Y,0.0,user_entry,
Improvements,Z120,120,Z,Sum,user_entry,
Improvements,AA120,120,AA,0.0,user_entry,
Improvements,A121,121,A,Hide,user_entry,
Improvements,B121,121,B,Hide,user_entry,
Improvements,C121,121,C,Hide,user_entry,
Improvements,D121,121,D,Hide,user_entry,
Improvements,E121,121,E,Hide,user_entry,
Improvements,F121,121,F,Hide,user_entry,
Improvements,G121,121,G,Hide,user_entry,
Improvements,H121,121,H,Hide,user_entry,
Improvements,I121,121,I,Hide,user_entry,
Improvements,J121,121,J,Hide,user_entry,
Improvements,K121,121,K,Hide,user_entry,
Improvements,L121,121,L,Hide,user_entry,
Improvements,N121,121,N,Hide,user_entry,
Improvements,P121,121,P,Hide,user_entry,
Improvements,R121,121,R,Hide,user_entry,
Improvements,S121,121,S,0x7,user_entry,
Improvements,X121,121,X,Retail Units,user_entry,
Improvements,Y121,121,Y,0.0,user_entry,
Improvements,Z121,121,Z,Sum,user_entry,
Improvements,AA121,121,AA,0.0,user_entry,
Improvements,A122,122,A,Hide,user_entry,
Improvements,B122,122,B,Hide,user_entry,
Improvements,C122,122,C,Hide,user_entry,
Improvements,D122,122,D,Hide,user_entry,
Improvements,E122,122,E,Hide,user_entry,
Improvements,F122,122,F,Hide,user_entry,
Improvements,G122,122,G,Hide,user_entry,
Improvements,H122,122,H,Hide,user_entry,
Improvements,I122,122,I,Hide,user_entry,
Improvements,J122,122,J,Hide,user_entry,
Improvements,K122,122,K,Hide,user_entry,
Improvements,L122,122,L,Hide,user_entry,
Improvements,N122,122,N,Hide,user_entry,
Improvements,P122,122,P,Hide,user_entry,
Improvements,R122,122,R,Hide,user_entry,
Improvements,S122,122,S,0x7,user_entry,
Improvements,X122,122,X,Industrial Units,user_entry,
Improvements,Y122,122,Y,0.0,user_entry,
Improvements,Z122,122,Z,Sum,user_entry,
Improvements,AA122,122,AA,0.0,user_entry,
Improvements,A123,123,A,Hide,user_entry,
Improvements,B123,123,B,Hide,user_entry,
Improvements,C123,123,C,Hide,user_entry,
Improvements,D123,123,D,Hide,user_entry,
Improvements,E123,123,E,Hide,user_entry,
Improvements,F123,123,F,Hide,user_entry,
Improvements,G123,123,G,Hide,user_entry,
Improvements,H123,123,H,Hide,user_entry,
Improvements,I123,123,I,Hide,user_entry,
Improvements,J123,123,J,Hide,user_entry,
Improvements,K123,123,K,Hide,user_entry,
Improvements,L123,123,L,Hide,user_entry,
Improvements,N123,123,N,Hide,user_entry,
Improvements,P123,123,P,Hide,user_entry,
Improvements,R123,123,R,Hide,user_entry,
Improvements,S123,123,S,0x7,user_entry,
Improvements,X123,123,X,Other Units,user_entry,
Improvements,Y123,123,Y,0.0,user_entry,
Improvements,Z123,123,Z,Sum,user_entry,
Improvements,AA123,123,AA,0.0,user_entry,
Improvements,A124,124,A,Show,user_entry,
Improvements,B124,124,B,Show,user_entry,
Improvements,C124,124,C,Show,user_entry,
Improvements,D124,124,D,Show,user_entry,
Improvements,E124,124,E,Hide,user_entry,
Improvements,F124,124,F,Hide,user_entry,
Improvements,G124,124,G,Hide,user_entry,
Improvements,H124,124,H,Hide,user_entry,
Improvements,I124,124,I,Show,user_entry,
Improvements,J124,124,J,Hide,user_entry,
Improvements,K124,124,K,Show,user_entry,
Improvements,L124,124,L,Show,user_entry,
Improvements,N124,124,N,Show,user_entry,
Improvements,P124,124,P,Show,user_entry,
Improvements,R124,124,R,Show,user_entry,
Improvements,S124,124,S,0.5,user_entry,
Improvements,X124,124,X,Number of Units,user_entry,
Improvements,Y124,124,Y,0.0,user_entry,
Improvements,Z124,124,Z,Sum,user_entry,
Improvements,AA124,124,AA,0.0,user_entry,
Improvements,AB124,124,AB,0.0,user_entry,
Improvements,A125,125,A,Hide,user_entry,
Improvements,B125,125,B,Hide,user_entry,
Improvements,C125,125,C,Hide,user_entry,
Improvements,D125,125,D,Hide,user_entry,
Improvements,E125,125,E,Hide,user_entry,
Improvements,F125,125,F,Hide,user_entry,
Improvements,G125,125,G,Hide,user_entry,
Improvements,H125,125,H,Hide,user_entry,
Improvements,I125,125,I,Hide,user_entry,
Improvements,J125,125,J,Hide,user_entry,
Improvements,K125,125,K,Hide,user_entry,
Improvements,L125,125,L,Show,user_entry,
Improvements,N125,125,N,Hide,user_entry,
Improvements,P125,125,P,Show,user_entry,
Improvements,R125,125,R,Hide,user_entry,
Improvements,S125,125,S,0x7,user_entry,
Improvements,X125,125,X,Number of Rooms,user_entry,
Improvements,Y125,125,Y,0.0,user_entry,
Improvements,Z125,125,Z,Sum,user_entry,
Improvements,AA125,125,AA,0.0,user_entry,
Improvements,AB125,125,AB,0.0,user_entry,
Improvements,A126,126,A,Hide,user_entry,
Improvements,B126,126,B,Hide,user_entry,
Improvements,C126,126,C,Show,user_entry,
Improvements,D126,126,D,Hide,user_entry,
Improvements,E126,126,E,Hide,user_entry,
Improvements,F126,126,F,Hide,user_entry,
Improvements,G126,126,G,Hide,user_entry,
Improvements,H126,126,H,Hide,user_entry,
Improvements,I126,126,I,Hide,user_entry,
Improvements,J126,126,J,Hide,user_entry,
Improvements,K126,126,K,Hide,user_entry,
Improvements,L126,126,L,Hide,user_entry,
Improvements,N126,126,N,Hide,user_entry,
Improvements,P126,126,P,Show,user_entry,
Improvements,R126,126,R,Hide,user_entry,
Improvements,S126,126,S,0x7,user_entry,
Improvements,X126,126,X,Number of Bedrooms,user_entry,
Improvements,Y126,126,Y,0.0,user_entry,
Improvements,Z126,126,Z,Sum,user_entry,
Improvements,AA126,126,AA,0.0,user_entry,
Improvements,A127,127,A,Hide,user_entry,
Improvements,B127,127,B,Hide,user_entry,
Improvements,C127,127,C,Show,user_entry,
Improvements,D127,127,D,Hide,user_entry,
Improvements,E127,127,E,Hide,user_entry,
Improvements,F127,127,F,Hide,user_entry,
Improvements,G127,127,G,Hide,user_entry,
Improvements,H127,127,H,Hide,user_entry,
Improvements,I127,127,I,Hide,user_entry,
Improvements,J127,127,J,Hide,user_entry,
Improvements,K127,127,K,Hide,user_entry,
Improvements,L127,127,L,Hide,user_entry,
Improvements,N127,127,N,Hide,user_entry,
Improvements,P127,127,P,Show,user_entry,
Improvements,R127,127,R,Hide,user_entry,
Improvements,S127,127,S,0x7,user_entry,
Improvements,X127,127,X,Number of Bathrooms,user_entry,
Improvements,Y127,127,Y,0.0,user_entry,
Improvements,Z127,127,Z,Sum,user_entry,
Improvements,AA127,127,AA,0.0,user_entry,
Improvements,A128,128,A,Hide,user_entry,
Improvements,B128,128,B,Hide,user_entry,
Improvements,C128,128,C,Show,user_entry,
Improvements,D128,128,D,Hide,user_entry,
Improvements,E128,128,E,Hide,user_entry,
Improvements,F128,128,F,Hide,user_entry,
Improvements,G128,128,G,Hide,user_entry,
Improvements,H128,128,H,Hide,user_entry,
Improvements,I128,128,I,Hide,user_entry,
Improvements,J128,128,J,Hide,user_entry,
Improvements,K128,128,K,Hide,user_entry,
Improvements,L128,128,L,Hide,user_entry,
Improvements,N128,128,N,Hide,user_entry,
Improvements,P128,128,P,Show,user_entry,
Improvements,R128,128,R,Hide,user_entry,
Improvements,S128,128,S,0x7,user_entry,
Improvements,X128,128,X,Number of Half Bathrooms,user_entry,
Improvements,Y128,128,Y,0.0,user_entry,
Improvements,Z128,128,Z,Sum,user_entry,
Improvements,AA128,128,AA,0.0,user_entry,
Improvements,A129,129,A,Hide,user_entry,
Improvements,B129,129,B,Hide,user_entry,
Improvements,C129,129,C,Show,user_entry,
Improvements,D129,129,D,Hide,user_entry,
Improvements,E129,129,E,Hide,user_entry,
Improvements,F129,129,F,Hide,user_entry,
Improvements,G129,129,G,Hide,user_entry,
Improvements,H129,129,H,Hide,user_entry,
Improvements,I129,129,I,Hide,user_entry,
Improvements,J129,129,J,Hide,user_entry,
Improvements,K129,129,K,Hide,user_entry,
Improvements,L129,129,L,Hide,user_entry,
Improvements,N129,129,N,Hide,user_entry,
Improvements,P129,129,P,Hide,user_entry,
Improvements,R129,129,R,Hide,user_entry,
Improvements,S129,129,S,0x7,user_entry,
Improvements,X129,129,X,Number of Beds,user_entry,
Improvements,Y129,129,Y,0.0,user_entry,
Improvements,Z129,129,Z,Sum,user_entry,
Improvements,AA129,129,AA,0.0,user_entry,
Improvements,A130,130,A,Hide,user_entry,
Improvements,B130,130,B,Hide,user_entry,
Improvements,C130,130,C,Hide,user_entry,
Improvements,D130,130,D,Hide,user_entry,
Improvements,E130,130,E,Hide,user_entry,
Improvements,F130,130,F,Hide,user_entry,
Improvements,G130,130,G,Hide,user_entry,
Improvements,H130,130,H,Hide,user_entry,
Improvements,I130,130,I,Hide,user_entry,
Improvements,J130,130,J,Hide,user_entry,
Improvements,K130,130,K,Hide,user_entry,
Improvements,L130,130,L,Hide,user_entry,
Improvements,N130,130,N,Hide,user_entry,
Improvements,P130,130,P,Hide,user_entry,
Improvements,R130,130,R,Hide,user_entry,
Improvements,S130,130,S,0x7,user_entry,
Improvements,X130,130,X,Number of Seats,user_entry,
Improvements,Y130,130,Y,0.0,user_entry,
Improvements,Z130,130,Z,Sum,user_entry,
Improvements,AA130,130,AA,0.0,user_entry,
Improvements,A131,131,A,Hide,user_entry,
Improvements,B131,131,B,Hide,user_entry,
Improvements,C131,131,C,Hide,user_entry,
Improvements,D131,131,D,Hide,user_entry,
Improvements,E131,131,E,Hide,user_entry,
Improvements,F131,131,F,Hide,user_entry,
Improvements,G131,131,G,Hide,user_entry,
Improvements,H131,131,H,Hide,user_entry,
Improvements,I131,131,I,Hide,user_entry,
Improvements,J131,131,J,Hide,user_entry,
Improvements,K131,131,K,Hide,user_entry,
Improvements,L131,131,L,Hide,user_entry,
Improvements,N131,131,N,Hide,user_entry,
Improvements,P131,131,P,Hide,user_entry,
Improvements,R131,131,R,Hide,user_entry,
Improvements,S131,131,S,0x7,user_entry,
Improvements,X131,131,X,Number of Bays,user_entry,
Improvements,Y131,131,Y,0.0,user_entry,
Improvements,Z131,131,Z,Sum,user_entry,
Improvements,AA131,131,AA,0.0,user_entry,
Improvements,A132,132,A,Hide,user_entry,
Improvements,B132,132,B,Hide,user_entry,
Improvements,C132,132,C,Hide,user_entry,
Improvements,D132,132,D,Hide,user_entry,
Improvements,E132,132,E,Hide,user_entry,
Improvements,F132,132,F,Hide,user_entry,
Improvements,G132,132,G,Hide,user_entry,
Improvements,H132,132,H,Hide,user_entry,
Improvements,I132,132,I,Hide,user_entry,
Improvements,J132,132,J,Hide,user_entry,
Improvements,K132,132,K,Hide,user_entry,
Improvements,L132,132,L,Hide,user_entry,
Improvements,N132,132,N,Hide,user_entry,
Improvements,P132,132,P,Hide,user_entry,
Improvements,R132,132,R,Hide,user_entry,
Improvements,S132,132,S,0x7,user_entry,
Improvements,X132,132,X,Number of Golf Holes,user_entry,
Improvements,Y132,132,Y,0.0,user_entry,
Improvements,Z132,132,Z,Sum,user_entry,
Improvements,AA132,132,AA,0.0,user_entry,
Improvements,A133,133,A,Hide,user_entry,
Improvements,B133,133,B,Hide,user_entry,
Improvements,C133,133,C,Hide,user_entry,
Improvements,D133,133,D,Hide,user_entry,
Improvements,E133,133,E,Hide,user_entry,
Improvements,F133,133,F,Hide,user_entry,
Improvements,G133,133,G,Hide,user_entry,
Improvements,H133,133,H,Hide,user_entry,
Improvements,I133,133,I,Hide,user_entry,
Improvements,J133,133,J,Hide,user_entry,
Improvements,K133,133,K,Hide,user_entry,
Improvements,L133,133,L,Hide,user_entry,
Improvements,N133,133,N,Hide,user_entry,
Improvements,P133,133,P,Hide,user_entry,
Improvements,R133,133,R,Hide,user_entry,
Improvements,S133,133,S,0x7,user_entry,
Improvements,X133,133,X,Number of Spaces,user_entry,
Improvements,Y133,133,Y,0.0,user_entry,
Improvements,Z133,133,Z,Sum,user_entry,
Improvements,AA133,133,AA,0.0,user_entry,
Improvements,A134,134,A,Hide,user_entry,
Improvements,B134,134,B,Hide,user_entry,
Improvements,C134,134,C,Hide,user_entry,
Improvements,D134,134,D,Hide,user_entry,
Improvements,E134,134,E,Hide,user_entry,
Improvements,F134,134,F,Hide,user_entry,
Improvements,G134,134,G,Hide,user_entry,
Improvements,H134,134,H,Hide,user_entry,
Improvements,I134,134,I,Hide,user_entry,
Improvements,J134,134,J,Hide,user_entry,
Improvements,K134,134,K,Show,user_entry,
Improvements,L134,134,L,Hide,user_entry,
Improvements,N134,134,N,Hide,user_entry,
Improvements,R134,134,R,Hide,user_entry,
Improvements,S134,134,S,0x7,user_entry,
Improvements,X134,134,X,Number of Climate Controlled Units,user_entry,
Improvements,Y134,134,Y,0.0,user_entry,
Improvements,Z134,134,Z,Sum,user_entry,
Improvements,AA134,134,AA,0.0,user_entry,
Improvements,AB134,134,AB,0.0,user_entry,
Improvements,S137,137,S,0.125,user_entry,
Improvements,P138,138,P,Navigate,user_entry,
Improvements,S138,138,S,0.125,user_entry,
Improvements,W138,138,W,Foundation Frame/Ext.,user_entry,
Improvements,AN138,138,AN,Hide,user_entry,
Improvements,S139,139,S,0.125,user_entry,
Improvements,S140,140,S,0.125,user_entry,
Improvements,A141,141,A,Hide,user_entry,
Improvements,B141,141,B,Show,user_entry,
Improvements,C141,141,C,Show,user_entry,
Improvements,D141,141,D,Show,user_entry,
Improvements,E141,141,E,Show,user_entry,
Improvements,F141,141,F,Show,user_entry,
Improvements,G141,141,G,Show,user_entry,
Improvements,H141,141,H,Show,user_entry,
Improvements,I141,141,I,Hide,user_entry,
Improvements,J141,141,J,Show,user_entry,
Improvements,K141,141,K,Show,user_entry,
Improvements,L141,141,L,Show,user_entry,
Improvements,N141,141,N,Show,user_entry,
Improvements,P141,141,P,Show,user_entry,
Improvements,R141,141,R,Show,user_entry,
Improvements,S141,141,S,0.5,user_entry,
Improvements,T141,141,T,Foundation,user_entry,
Improvements,X141,141,X,Foundation,user_entry,
Improvements,Z141,141,Z,Unique Values,user_entry,
Improvements,AL141,141,AL,,user_entry,
Improvements,A142,142,A,Hide,user_entry,
Improvements,B142,142,B,Auto,user_entry,
Improvements,C142,142,C,Auto,user_entry,
Improvements,D142,142,D,Auto,user_entry,
Improvements,E142,142,E,Auto,user_entry,
Improvements,F142,142,F,Auto,user_entry,
Improvements,G142,142,G,Auto,user_entry,
Improvements,H142,142,H,Auto,user_entry,
Improvements,I142,142,I,Hide,user_entry,
Improvements,J142,142,J,Auto,user_entry,
Improvements,K142,142,K,Hide,user_entry,
Improvements,L142,142,L,Auto,user_entry,
Improvements,N142,142,N,Auto,user_entry,
Improvements,P142,142,P,Show,user_entry,
Improvements,R142,142,R,Auto,user_entry,
Improvements,S142,142,S,1.0,user_entry,
Improvements,X142,142,X,Basement Size (SF),user_entry,
Improvements,Y142,142,Y,0.0,user_entry,
Improvements,Z142,142,Z,Sum,user_entry,
Improvements,AA142,142,AA,0.0,user_entry,
Improvements,A143,143,A,Hide,user_entry,
Improvements,B143,143,B,Hide,user_entry,
Improvements,C143,143,C,Hide,user_entry,
Improvements,D143,143,D,Hide,user_entry,
Improvements,E143,143,E,Hide,user_entry,
Improvements,F143,143,F,Hide,user_entry,
Improvements,G143,143,G,Hide,user_entry,
Improvements,H143,143,H,Hide,user_entry,
Improvements,I143,143,I,Hide,user_entry,
Improvements,J143,143,J,Hide,user_entry,
Improvements,K143,143,K,Hide,user_entry,
Improvements,L143,143,L,Hide,user_entry,
Improvements,N143,143,N,Hide,user_entry,
Improvements,P143,143,P,Hide,user_entry,
Improvements,R143,143,R,Hide,user_entry,
Improvements,S143,143,S,0x7,user_entry,
Improvements,X143,143,X,Basement Size (Meters),user_entry,
Improvements,Y143,143,Y,0.0,user_entry,
Improvements,Z143,143,Z,Sum,user_entry,
Improvements,AA143,143,AA,0.0,user_entry,
Improvements,A144,144,A,Hide,user_entry,
Improvements,B144,144,B,Hide,user_entry,
Improvements,C144,144,C,Hide,user_entry,
Improvements,D144,144,D,Hide,user_entry,
Improvements,E144,144,E,Hide,user_entry,
Improvements,F144,144,F,Hide,user_entry,
Improvements,G144,144,G,Hide,user_entry,
Improvements,H144,144,H,Hide,user_entry,
Improvements,I144,144,I,Hide,user_entry,
Improvements,J144,144,J,Hide,user_entry,
Improvements,K144,144,K,Hide,user_entry,
Improvements,L144,144,L,Hide,user_entry,
Improvements,N144,144,N,Hide,user_entry,
Improvements,P144,144,P,Show,user_entry,
Improvements,R144,144,R,Hide,user_entry,
Improvements,S144,144,S,0x7,user_entry,
Improvements,X144,144,X,Number of Sublevels,user_entry,
Improvements,Y144,144,Y,0.0,user_entry,
Improvements,AA144,144,AA,0.0,user_entry,
Improvements,AL144,144,AL,,user_entry,
Improvements,A145,145,A,Hide,user_entry,
Improvements,B145,145,B,Auto,user_entry,
Improvements,C145,145,C,Auto,user_entry,
Improvements,D145,145,D,Auto,user_entry,
Improvements,E145,145,E,Auto,user_entry,
Improvements,F145,145,F,Auto,user_entry,
Improvements,G145,145,G,Auto,user_entry,
Improvements,H145,145,H,Auto,user_entry,
Improvements,I145,145,I,Hide,user_entry,
Improvements,J145,145,J,Auto,user_entry,
Improvements,K145,145,K,Hide,user_entry,
Improvements,L145,145,L,Auto,user_entry,
Improvements,N145,145,N,Auto,user_entry,
Improvements,P145,145,P,Show,user_entry,
Improvements,R145,145,R,Auto,user_entry,
Improvements,S145,145,S,1.0,user_entry,
Improvements,X145,145,X,Basement Use/Finish,user_entry,
Improvements,Z145,145,Z,Unique Values,user_entry,
Improvements,AL145,145,AL,,user_entry,
Improvements,A146,146,A,Hide,user_entry,
Improvements,B146,146,B,Show,user_entry,
Improvements,C146,146,C,Show,user_entry,
Improvements,D146,146,D,Show,user_entry,
Improvements,E146,146,E,Show,user_entry,
Improvements,F146,146,F,Show,user_entry,
Improvements,G146,146,G,Show,user_entry,
Improvements,H146,146,H,Show,user_entry,
Improvements,I146,146,I,Hide,user_entry,
Improvements,J146,146,J,Show,user_entry,
Improvements,K146,146,K,Show,user_entry,
Improvements,L146,146,L,Show,user_entry,
Improvements,N146,146,N,Show,user_entry,
Improvements,P146,146,P,Show,user_entry,
Improvements,R146,146,R,Show,user_entry,
Improvements,S146,146,S,0.5,user_entry,
Improvements,T146,146,T,Frame,user_entry,
Improvements,X146,146,X,Frame,user_entry,
Improvements,Z146,146,Z,Unique Values,user_entry,
Improvements,AA146,146,AA,0.0,user_entry,
Improvements,AL146,146,AL,,user_entry,
Improvements,A147,147,A,Hide,user_entry,
Improvements,B147,147,B,Hide,user_entry,
Improvements,C147,147,C,Hide,user_entry,
Improvements,D147,147,D,Hide,user_entry,
Improvements,E147,147,E,Hide,user_entry,
Improvements,F147,147,F,Hide,user_entry,
Improvements,G147,147,G,Hide,user_entry,
Improvements,H147,147,H,Hide,user_entry,
Improvements,I147,147,I,Hide,user_entry,
Improvements,J147,147,J,Show,user_entry,
Improvements,K147,147,K,Hide,user_entry,
Improvements,L147,147,L,Hide,user_entry,
Improvements,N147,147,N,Hide,user_entry,
Improvements,P147,147,P,Show,user_entry,
Improvements,R147,147,R,Hide,user_entry,
Improvements,S147,147,S,0x7,user_entry,
Improvements,X147,147,X,Column Spacing (Feet),user_entry,
Improvements,Z147,147,Z,Unique Values,user_entry,
Improvements,A148,148,A,Hide,user_entry,
Improvements,B148,148,B,Hide,user_entry,
Improvements,C148,148,C,Hide,user_entry,
Improvements,D148,148,D,Hide,user_entry,
Improvements,E148,148,E,Hide,user_entry,
Improvements,F148,148,F,Hide,user_entry,
Improvements,G148,148,G,Hide,user_entry,
Improvements,H148,148,H,Hide,user_entry,
Improvements,I148,148,I,Hide,user_entry,
Improvements,J148,148,J,Hide,user_entry,
Improvements,K148,148,K,Hide,user_entry,
Improvements,L148,148,L,Hide,user_entry,
Improvements,N148,148,N,Hide,user_entry,
Improvements,P148,148,P,Hide,user_entry,
Improvements,R148,148,R,Hide,user_entry,
Improvements,S148,148,S,0x7,user_entry,
Improvements,X148,148,X,Column Spacing (Meters),user_entry,
Improvements,Z148,148,Z,Unique Values,user_entry,
Improvements,A149,149,A,Hide,user_entry,
Improvements,B149,149,B,Hide,user_entry,
Improvements,C149,149,C,Hide,user_entry,
Improvements,D149,149,D,Hide,user_entry,
Improvements,E149,149,E,Hide,user_entry,
Improvements,F149,149,F,Hide,user_entry,
Improvements,G149,149,G,Hide,user_entry,
Improvements,H149,149,H,Hide,user_entry,
Improvements,I149,149,I,Hide,user_entry,
Improvements,J149,149,J,Show,user_entry,
Improvements,K149,149,K,Hide,user_entry,
Improvements,L149,149,L,Hide,user_entry,
Improvements,N149,149,N,Hide,user_entry,
Improvements,P149,149,P,Hide,user_entry,
Improvements,R149,149,R,Hide,user_entry,
Improvements,S149,149,S,0x7,user_entry,
Improvements,X149,149,X,Typical Bay Depth (Feet),user_entry,
Improvements,Z149,149,Z,Unique Values,user_entry,
Improvements,A150,150,A,Hide,user_entry,
Improvements,B150,150,B,Hide,user_entry,
Improvements,C150,150,C,Hide,user_entry,
Improvements,D150,150,D,Hide,user_entry,
Improvements,E150,150,E,Hide,user_entry,
Improvements,F150,150,F,Hide,user_entry,
Improvements,G150,150,G,Hide,user_entry,
Improvements,H150,150,H,Hide,user_entry,
Improvements,I150,150,I,Hide,user_entry,
Improvements,J150,150,J,Hide,user_entry,
Improvements,K150,150,K,Hide,user_entry,
Improvements,L150,150,L,Hide,user_entry,
Improvements,N150,150,N,Hide,user_entry,
Improvements,P150,150,P,Hide,user_entry,
Improvements,R150,150,R,Hide,user_entry,
Improvements,S150,150,S,0x7,user_entry,
Improvements,U150,150,U,?,user_entry,
Improvements,X150,150,X,Typical Bay Depth (Meters),user_entry,
Improvements,Y150,150,Y,0,user_entry,
Improvements,Z150,150,Z,Unique Values,user_entry,
Improvements,AA150,150,AA,0.0,user_entry,
Improvements,AB150,150,AB,0.0,user_entry,
Improvements,A151,151,A,Hide,user_entry,
Improvements,B151,151,B,Show,user_entry,
Improvements,C151,151,C,Show,user_entry,
Improvements,D151,151,D,Show,user_entry,
Improvements,E151,151,E,Show,user_entry,
Improvements,F151,151,F,Show,user_entry,
Improvements,G151,151,G,Show,user_entry,
Improvements,H151,151,H,Show,user_entry,
Improvements,I151,151,I,Hide,user_entry,
Improvements,J151,151,J,Show,user_entry,
Improvements,K151,151,K,Show,user_entry,
Improvements,L151,151,L,Show,user_entry,
Improvements,N151,151,N,Show,user_entry,
Improvements,P151,151,P,Show,user_entry,
Improvements,R151,151,R,Show,user_entry,
Improvements,S151,151,S,0.5,user_entry,
Improvements,T151,151,T,Exterior Walls,user_entry,
Improvements,X151,151,X,Exterior Walls,user_entry,
Improvements,Z151,151,Z,Unique Values,user_entry,
Improvements,AL151,151,AL,,user_entry,
Improvements,A152,152,A,Hide,user_entry,
Improvements,B152,152,B,Show,user_entry,
Improvements,C152,152,C,Show,user_entry,
Improvements,D152,152,D,Show,user_entry,
Improvements,E152,152,E,Show,user_entry,
Improvements,F152,152,F,Show,user_entry,
Improvements,G152,152,G,Show,user_entry,
Improvements,H152,152,H,Show,user_entry,
Improvements,I152,152,I,Hide,user_entry,
Improvements,J152,152,J,Show,user_entry,
Improvements,K152,152,K,Show,user_entry,
Improvements,L152,152,L,Show,user_entry,
Improvements,N152,152,N,Show,user_entry,
Improvements,P152,152,P,Show,user_entry,
Improvements,R152,152,R,Show,user_entry,
Improvements,S152,152,S,0.5,user_entry,
Improvements,T152,152,T,Windows,user_entry,
Improvements,X152,152,X,Windows,user_entry,
Improvements,Z152,152,Z,Unique Values,user_entry,
Improvements,AA152,152,AA,0.0,user_entry,
Improvements,AL152,152,AL,,user_entry,
Improvements,A153,153,A,Hide,user_entry,
Improvements,B153,153,B,Show,user_entry,
Improvements,C153,153,C,Show,user_entry,
Improvements,D153,153,D,Show,user_entry,
Improvements,E153,153,E,Show,user_entry,
Improvements,F153,153,F,Show,user_entry,
Improvements,G153,153,G,Show,user_entry,
Improvements,H153,153,H,Show,user_entry,
Improvements,I153,153,I,Hide,user_entry,
Improvements,J153,153,J,Show,user_entry,
Improvements,K153,153,K,Show,user_entry,
Improvements,L153,153,L,Show,user_entry,
Improvements,N153,153,N,Show,user_entry,
Improvements,P153,153,P,Show,user_entry,
Improvements,R153,153,R,Show,user_entry,
Improvements,S153,153,S,0.5,user_entry,
Improvements,T153,153,T,Roof Type,user_entry,
Improvements,X153,153,X,Roof Type,user_entry,
Improvements,Z153,153,Z,Unique Values,user_entry,
Improvements,AL153,153,AL,,user_entry,
Improvements,A154,154,A,Hide,user_entry,
Improvements,B154,154,B,Show,user_entry,
Improvements,C154,154,C,Show,user_entry,
Improvements,D154,154,D,Show,user_entry,
Improvements,E154,154,E,Show,user_entry,
Improvements,F154,154,F,Show,user_entry,
Improvements,G154,154,G,Show,user_entry,
Improvements,H154,154,H,Show,user_entry,
Improvements,I154,154,I,Hide,user_entry,
Improvements,J154,154,J,Show,user_entry,
Improvements,K154,154,K,Show,user_entry,
Improvements,L154,154,L,Show,user_entry,
Improvements,N154,154,N,Show,user_entry,
Improvements,P154,154,P,Show,user_entry,
Improvements,R154,154,R,Show,user_entry,
Improvements,S154,154,S,0.5,user_entry,
Improvements,X154,154,X,Roof Cover,user_entry,
Improvements,Z154,154,Z,Unique Values,user_entry,
Improvements,AL154,154,AL,,user_entry,
Improvements,A155,155,A,Hide,user_entry,
Improvements,B155,155,B,Hide,user_entry,
Improvements,C155,155,C,Hide,user_entry,
Improvements,D155,155,D,Hide,user_entry,
Improvements,E155,155,E,Hide,user_entry,
Improvements,F155,155,F,Hide,user_entry,
Improvements,G155,155,G,Hide,user_entry,
Improvements,H155,155,H,Hide,user_entry,
Improvements,I155,155,I,Hide,user_entry,
Improvements,J155,155,J,Show,user_entry,
Improvements,K155,155,K,Hide,user_entry,
Improvements,L155,155,L,Hide,user_entry,
Improvements,N155,155,N,Hide,user_entry,
Improvements,P155,155,P,Hide,user_entry,
Improvements,R155,155,R,Hide,user_entry,
Improvements,S155,155,S,0x7,user_entry,
Improvements,T155,155,T,Truck Doors,user_entry,
Improvements,X155,155,X,Number of Truck Doors,user_entry,
Improvements,Y155,155,Y,0.0,user_entry,
Improvements,Z155,155,Z,Sum,user_entry,
Improvements,AA155,155,AA,0.0,user_entry,
Improvements,A156,156,A,Hide,user_entry,
Improvements,B156,156,B,Hide,user_entry,
Improvements,C156,156,C,Hide,user_entry,
Improvements,D156,156,D,Hide,user_entry,
Improvements,E156,156,E,Hide,user_entry,
Improvements,F156,156,F,Hide,user_entry,
Improvements,G156,156,G,Hide,user_entry,
Improvements,H156,156,H,Hide,user_entry,
Improvements,I156,156,I,Hide,user_entry,
Improvements,J156,156,J,Show,user_entry,
Improvements,K156,156,K,Hide,user_entry,
Improvements,L156,156,L,Hide,user_entry,
Improvements,N156,156,N,Hide,user_entry,
Improvements,P156,156,P,Hide,user_entry,
Improvements,R156,156,R,Hide,user_entry,
Improvements,S156,156,S,0x7,user_entry,
Improvements,T156,156,T,Truck Doors with Levelers,user_entry,
Improvements,X156,156,X,Number of Truck Doors With Levelers,user_entry,
Improvements,Y156,156,Y,0.0,user_entry,
Improvements,Z156,156,Z,Sum,user_entry,
Improvements,AA156,156,AA,0.0,user_entry,
Improvements,A157,157,A,Hide,user_entry,
Improvements,B157,157,B,Hide,user_entry,
Improvements,C157,157,C,Hide,user_entry,
Improvements,D157,157,D,Hide,user_entry,
Improvements,E157,157,E,Hide,user_entry,
Improvements,F157,157,F,Hide,user_entry,
Improvements,G157,157,G,Hide,user_entry,
Improvements,H157,157,H,Hide,user_entry,
Improvements,I157,157,I,Hide,user_entry,
Improvements,J157,157,J,Show,user_entry,
Improvements,K157,157,K,Hide,user_entry,
Improvements,L157,157,L,Hide,user_entry,
Improvements,N157,157,N,Hide,user_entry,
Improvements,P157,157,P,Hide,user_entry,
Improvements,R157,157,R,Hide,user_entry,
Improvements,S157,157,S,0x7,user_entry,
Improvements,T157,157,T,Clear Height (Ft),user_entry,
Improvements,X157,157,X,Clear Height,user_entry,
Improvements,Y157,157,Y,0.0,user_entry,
Improvements,Z157,157,Z,MAX,user_entry,
Improvements,AA157,157,AA,0.0,user_entry,
Improvements,A158,158,A,Hide,user_entry,
Improvements,B158,158,B,Hide,user_entry,
Improvements,C158,158,C,Hide,user_entry,
Improvements,D158,158,D,Hide,user_entry,
Improvements,E158,158,E,Hide,user_entry,
Improvements,F158,158,F,Hide,user_entry,
Improvements,G158,158,G,Hide,user_entry,
Improvements,H158,158,H,Hide,user_entry,
Improvements,I158,158,I,Hide,user_entry,
Improvements,J158,158,J,Show,user_entry,
Improvements,K158,158,K,Hide,user_entry,
Improvements,L158,158,L,Hide,user_entry,
Improvements,N158,158,N,Hide,user_entry,
Improvements,P158,158,P,Hide,user_entry,
Improvements,R158,158,R,Hide,user_entry,
Improvements,S158,158,S,0x7,user_entry,
Improvements,T158,158,T,Craneways,user_entry,
Improvements,X158,158,X,Craneways,user_entry,
Improvements,Z158,158,Z,TextJoin,user_entry,
Improvements,AL158,158,AL,,user_entry,
Improvements,S159,159,S,0.125,user_entry,
Improvements,S160,160,S,0.125,user_entry,
Improvements,S161,161,S,0.16666666666666666,user_entry,
Improvements,P162,162,P,Navigate,user_entry,
Improvements,S162,162,S,0.16666666666666666,user_entry,
Improvements,W162,162,W,Interior,user_entry,
Improvements,AN162,162,AN,Hide,user_entry,
Improvements,S163,163,S,0.16666666666666666,user_entry,
Improvements,S164,164,S,0.16666666666666666,user_entry,
Improvements,A165,165,A,Hide,user_entry,
Improvements,B165,165,B,Show,user_entry,
Improvements,C165,165,C,Show,user_entry,
Improvements,D165,165,D,Show,user_entry,
Improvements,E165,165,E,Hide,user_entry,
Improvements,F165,165,F,Hide,user_entry,
Improvements,G165,165,G,Hide,user_entry,
Improvements,H165,165,H,Hide,user_entry,
Improvements,I165,165,I,Hide,user_entry,
Improvements,J165,165,J,Hide,user_entry,
Improvements,K165,165,K,Hide,user_entry,
Improvements,L165,165,L,Show,user_entry,
Improvements,N165,165,N,Show,user_entry,
Improvements,P165,165,P,Show,user_entry,
Improvements,R165,165,R,Show,user_entry,
Improvements,S165,165,S,0.5,user_entry,
Improvements,X165,165,X,Floor Plan Layout,user_entry,
Improvements,Z165,165,Z,Unique Values,user_entry,
Improvements,AA165,165,AA,0.0,user_entry,
Improvements,AL165,165,AL,,user_entry,
Improvements,A166,166,A,Hide,user_entry,
Improvements,B166,166,B,Show,user_entry,
Improvements,C166,166,C,Show,user_entry,
Improvements,D166,166,D,Show,user_entry,
Improvements,E166,166,E,Show,user_entry,
Improvements,F166,166,F,Show,user_entry,
Improvements,G166,166,G,Show,user_entry,
Improvements,H166,166,H,Show,user_entry,
Improvements,I166,166,I,Hide,user_entry,
Improvements,J166,166,J,Show,user_entry,
Improvements,K166,166,K,Show,user_entry,
Improvements,L166,166,L,Show,user_entry,
Improvements,N166,166,N,Show,user_entry,
Improvements,P166,166,P,Show,user_entry,
Improvements,R166,166,R,Show,user_entry,
Improvements,S166,166,S,0.5,user_entry,
Improvements,T166,166,T,Floor Covering,user_entry,
Improvements,X166,166,X,Floor Covering,user_entry,
Improvements,Z166,166,Z,Unique Values,user_entry,
Improvements,AA166,166,AA,0.0,user_entry,
Improvements,AL166,166,AL,,user_entry,
Improvements,A167,167,A,Hide,user_entry,
Improvements,B167,167,B,Show,user_entry,
Improvements,C167,167,C,Show,user_entry,
Improvements,D167,167,D,Show,user_entry,
Improvements,E167,167,E,Show,user_entry,
Improvements,F167,167,F,Show,user_entry,
Improvements,G167,167,G,Show,user_entry,
Improvements,H167,167,H,Show,user_entry,
Improvements,I167,167,I,Hide,user_entry,
Improvements,J167,167,J,Show,user_entry,
Improvements,K167,167,K,Show,user_entry,
Improvements,L167,167,L,Show,user_entry,
Improvements,N167,167,N,Show,user_entry,
Improvements,P167,167,P,Show,user_entry,
Improvements,R167,167,R,Show,user_entry,
Improvements,S167,167,S,0.5,user_entry,
Improvements,T167,167,T,Interior Walls,user_entry,
Improvements,X167,167,X,Walls,user_entry,
Improvements,Z167,167,Z,Unique Values,user_entry,
Improvements,AA167,167,AA,0.0,user_entry,
Improvements,AL167,167,AL,,user_entry,
Improvements,A168,168,A,Hide,user_entry,
Improvements,B168,168,B,Show,user_entry,
Improvements,C168,168,C,Show,user_entry,
Improvements,D168,168,D,Show,user_entry,
Improvements,E168,168,E,Show,user_entry,
Improvements,F168,168,F,Show,user_entry,
Improvements,G168,168,G,Show,user_entry,
Improvements,H168,168,H,Show,user_entry,
Improvements,I168,168,I,Hide,user_entry,
Improvements,J168,168,J,Show,user_entry,
Improvements,K168,168,K,Show,user_entry,
Improvements,L168,168,L,Show,user_entry,
Improvements,N168,168,N,Show,user_entry,
Improvements,P168,168,P,Show,user_entry,
Improvements,R168,168,R,Show,user_entry,
Improvements,S168,168,S,0.5,user_entry,
Improvements,T168,168,T,Ceiling Cover,user_entry,
Improvements,X168,168,X,Ceiling Cover,user_entry,
Improvements,Z168,168,Z,Unique Values,user_entry,
Improvements,AA168,168,AA,0.0,user_entry,
Improvements,AL168,168,AL,,user_entry,
Improvements,A169,169,A,Hide,user_entry,
Improvements,B169,169,B,Hide,user_entry,
Improvements,C169,169,C,Hide,user_entry,
Improvements,D169,169,D,Hide,user_entry,
Improvements,E169,169,E,Hide,user_entry,
Improvements,F169,169,F,Hide,user_entry,
Improvements,G169,169,G,Hide,user_entry,
Improvements,H169,169,H,Hide,user_entry,
Improvements,I169,169,I,Hide,user_entry,
Improvements,J169,169,J,Show,user_entry,
Improvements,K169,169,K,Show,user_entry,
Improvements,L169,169,L,Hide,user_entry,
Improvements,N169,169,N,Hide,user_entry,
Improvements,P169,169,P,Show,user_entry,
Improvements,R169,169,R,Hide,user_entry,
Improvements,S169,169,S,0x7,user_entry,
Improvements,T169,169,T,Clear Height (Ft),user_entry,
Improvements,X169,169,X,"Ceiling Height (Effective, Feet)",user_entry,
Improvements,Z169,169,Z,Unique Values,user_entry,
Improvements,A170,170,A,Hide,user_entry,
Improvements,B170,170,B,Hide,user_entry,
Improvements,C170,170,C,Hide,user_entry,
Improvements,D170,170,D,Hide,user_entry,
Improvements,E170,170,E,Hide,user_entry,
Improvements,F170,170,F,Hide,user_entry,
Improvements,G170,170,G,Hide,user_entry,
Improvements,H170,170,H,Hide,user_entry,
Improvements,I170,170,I,Hide,user_entry,
Improvements,J170,170,J,Hide,user_entry,
Improvements,K170,170,K,Hide,user_entry,
Improvements,L170,170,L,Hide,user_entry,
Improvements,N170,170,N,Hide,user_entry,
Improvements,P170,170,P,Hide,user_entry,
Improvements,R170,170,R,Hide,user_entry,
Improvements,S170,170,S,0x7,user_entry,
Improvements,U170,170,U,?,user_entry,
Improvements,X170,170,X,"Ceiling Height (Effective, Metric > )",user_entry,
Improvements,Y170,170,Y,0.0,user_entry,
Improvements,Z170,170,Z,Building 1,user_entry,
Improvements,AA170,170,AA,0.0,user_entry,
Improvements,A171,171,A,Hide,user_entry,
Improvements,B171,171,B,Show,user_entry,
Improvements,C171,171,C,Show,user_entry,
Improvements,D171,171,D,Show,user_entry,
Improvements,E171,171,E,Show,user_entry,
Improvements,F171,171,F,Show,user_entry,
Improvements,G171,171,G,Show,user_entry,
Improvements,H171,171,H,Show,user_entry,
Improvements,I171,171,I,Hide,user_entry,
Improvements,J171,171,J,Show,user_entry,
Improvements,K171,171,K,Show,user_entry,
Improvements,L171,171,L,Show,user_entry,
Improvements,N171,171,N,Show,user_entry,
Improvements,P171,171,P,Show,user_entry,
Improvements,R171,171,R,Show,user_entry,
Improvements,S171,171,S,0.5,user_entry,
Improvements,X171,171,X,Interior Lighting,user_entry,
Improvements,Z171,171,Z,Unique Values,user_entry,
Improvements,AA171,171,AA,0.0,user_entry,
Improvements,AL171,171,AL,,user_entry,
Improvements,A172,172,A,Hide,user_entry,
Improvements,B172,172,B,Show,user_entry,
Improvements,C172,172,C,Show,user_entry,
Improvements,D172,172,D,Hide,user_entry,
Improvements,E172,172,E,Show,user_entry,
Improvements,F172,172,F,Show,user_entry,
Improvements,G172,172,G,Show,user_entry,
Improvements,H172,172,H,Show,user_entry,
Improvements,I172,172,I,Hide,user_entry,
Improvements,J172,172,J,Show,user_entry,
Improvements,K172,172,K,Show,user_entry,
Improvements,L172,172,L,Show,user_entry,
Improvements,N172,172,N,Show,user_entry,
Improvements,P172,172,P,Show,user_entry,
Improvements,R172,172,R,Show,user_entry,
Improvements,S172,172,S,0.5,user_entry,
Improvements,X172,172,X,Restrooms,user_entry,
Improvements,Z172,172,Z,Unique Values,user_entry,
Improvements,AA172,172,AA,0.0,user_entry,
Improvements,AL172,172,AL,,user_entry,
Improvements,S173,173,S,0.16666666666666666,user_entry,
Improvements,S174,174,S,0.16666666666666666,user_entry,
Improvements,S175,175,S,0.1,user_entry,
Improvements,P176,176,P,Navigate,user_entry,
Improvements,S176,176,S,0.1,user_entry,
Improvements,W176,176,W,Mechanical Systems,user_entry,
Improvements,AN176,176,AN,Hide,user_entry,
Improvements,S177,177,S,0.1,user_entry,
Improvements,S178,178,S,0.1,user_entry,
Improvements,A179,179,A,Hide,user_entry,
Improvements,B179,179,B,Show,user_entry,
Improvements,C179,179,C,Show,user_entry,
Improvements,D179,179,D,Show,user_entry,
Improvements,E179,179,E,Show,user_entry,
Improvements,F179,179,F,Show,user_entry,
Improvements,G179,179,G,Show,user_entry,
Improvements,H179,179,H,Show,user_entry,
Improvements,I179,179,I,Hide,user_entry,
Improvements,J179,179,J,Show,user_entry,
Improvements,K179,179,K,Hide,user_entry,
Improvements,L179,179,L,Show,user_entry,
Improvements,N179,179,N,Show,user_entry,
Improvements,P179,179,P,Show,user_entry,
Improvements,R179,179,R,Show,user_entry,
Improvements,S179,179,S,0.5,user_entry,
Improvements,T179,179,T,Heating & Cooling,user_entry,
Improvements,X179,179,X,Heating,user_entry,
Improvements,Z179,179,Z,Unique Values,user_entry,
Improvements,AA179,179,AA,0.0,user_entry,
Improvements,AL179,179,AL,,user_entry,
Improvements,A180,180,A,Hide,user_entry,
Improvements,B180,180,B,Show,user_entry,
Improvements,C180,180,C,Show,user_entry,
Improvements,D180,180,D,Show,user_entry,
Improvements,E180,180,E,Show,user_entry,
Improvements,F180,180,F,Show,user_entry,
Improvements,G180,180,G,Show,user_entry,
Improvements,H180,180,H,Show,user_entry,
Improvements,I180,180,I,Hide,user_entry,
Improvements,J180,180,J,Show,user_entry,
Improvements,K180,180,K,Show,user_entry,
Improvements,L180,180,L,Show,user_entry,
Improvements,N180,180,N,Show,user_entry,
Improvements,P180,180,P,Show,user_entry,
Improvements,R180,180,R,Show,user_entry,
Improvements,S180,180,S,0.5,user_entry,
Improvements,X180,180,X,Cooling,user_entry,
Improvements,Z180,180,Z,Unique Values,user_entry,
Improvements,AA180,180,AA,0.0,user_entry,
Improvements,AL180,180,AL,,user_entry,
Improvements,A181,181,A,Hide,user_entry,
Improvements,B181,181,B,Show,user_entry,
Improvements,C181,181,C,Show,user_entry,
Improvements,D181,181,D,Show,user_entry,
Improvements,E181,181,E,Show,user_entry,
Improvements,F181,181,F,Show,user_entry,
Improvements,G181,181,G,Show,user_entry,
Improvements,H181,181,H,Show,user_entry,
Improvements,I181,181,I,Hide,user_entry,
Improvements,J181,181,J,Show,user_entry,
Improvements,K181,181,K,Show,user_entry,
Improvements,L181,181,L,Show,user_entry,
Improvements,N181,181,N,Show,user_entry,
Improvements,P181,181,P,Show,user_entry,
Improvements,R181,181,R,Show,user_entry,
Improvements,S181,181,S,0.5,user_entry,
Improvements,T181,181,T,Electrical,user_entry,
Improvements,X181,181,X,Electrical,user_entry,
Improvements,Z181,181,Z,Unique Values,user_entry,
Improvements,AA181,181,AA,0.0,user_entry,
Improvements,AL181,181,AL,,user_entry,
Improvements,A182,182,A,Hide,user_entry,
Improvements,B182,182,B,Show,user_entry,
Improvements,C182,182,C,Show,user_entry,
Improvements,D182,182,D,Show,user_entry,
Improvements,E182,182,E,Show,user_entry,
Improvements,F182,182,F,Show,user_entry,
Improvements,G182,182,G,Show,user_entry,
Improvements,H182,182,H,Show,user_entry,
Improvements,I182,182,I,Hide,user_entry,
Improvements,J182,182,J,Show,user_entry,
Improvements,K182,182,K,Show,user_entry,
Improvements,L182,182,L,Show,user_entry,
Improvements,N182,182,N,Show,user_entry,
Improvements,P182,182,P,Show,user_entry,
Improvements,R182,182,R,Show,user_entry,
Improvements,S182,182,S,0.5,user_entry,
Improvements,T182,182,T,Plumbing,user_entry,
Improvements,X182,182,X,Plumbing Condition,user_entry,
Improvements,Z182,182,Z,Unique Values,user_entry,
Improvements,AA182,182,AA,0.0,user_entry,
Improvements,AL182,182,AL,,user_entry,
Improvements,A183,183,A,Hide,user_entry,
Improvements,B183,183,B,Show,user_entry,
Improvements,C183,183,C,Show,user_entry,
Improvements,D183,183,D,Show,user_entry,
Improvements,E183,183,E,Show,user_entry,
Improvements,F183,183,F,Show,user_entry,
Improvements,G183,183,G,Show,user_entry,
Improvements,H183,183,H,Show,user_entry,
Improvements,I183,183,I,Hide,user_entry,
Improvements,J183,183,J,Show,user_entry,
Improvements,K183,183,K,Show,user_entry,
Improvements,L183,183,L,Show,user_entry,
Improvements,N183,183,N,Show,user_entry,
Improvements,P183,183,P,Show,user_entry,
Improvements,R183,183,R,Show,user_entry,
Improvements,S183,183,S,0.5,user_entry,
Improvements,T183,183,T,Fire Sprinklers,user_entry,
Improvements,X183,183,X,Fire Sprinkler,user_entry,
Improvements,Z183,183,Z,Unique Values,user_entry,
Improvements,AL183,183,AL,,user_entry,
Improvements,A184,184,A,Hide,user_entry,
Improvements,B184,184,B,Show,user_entry,
Improvements,C184,184,C,Show,user_entry,
Improvements,D184,184,D,Show,user_entry,
Improvements,E184,184,E,Show,user_entry,
Improvements,F184,184,F,Show,user_entry,
Improvements,G184,184,G,Show,user_entry,
Improvements,H184,184,H,Show,user_entry,
Improvements,I184,184,I,Show,user_entry,
Improvements,J184,184,J,Show,user_entry,
Improvements,K184,184,K,Show,user_entry,
Improvements,L184,184,L,Show,user_entry,
Improvements,N184,184,N,Show,user_entry,
Improvements,P184,184,P,Show,user_entry,
Improvements,R184,184,R,Show,user_entry,
Improvements,S184,184,S,0.5,user_entry,
Improvements,T184,184,T,No. of Elevators,user_entry,
Improvements,X184,184,X,Number of Elevators,user_entry,
Improvements,Y184,184,Y,0.0,user_entry,
Improvements,Z184,184,Z,Sum,user_entry,
Improvements,AA184,184,AA,0.0,user_entry,
Improvements,A185,185,A,Hide,user_entry,
Improvements,B185,185,B,Hide,user_entry,
Improvements,C185,185,C,Hide,user_entry,
Improvements,D185,185,D,Hide,user_entry,
Improvements,E185,185,E,Hide,user_entry,
Improvements,F185,185,F,Hide,user_entry,
Improvements,G185,185,G,Hide,user_entry,
Improvements,H185,185,H,Hide,user_entry,
Improvements,I185,185,I,Hide,user_entry,
Improvements,J185,185,J,Hide,user_entry,
Improvements,K185,185,K,Hide,user_entry,
Improvements,L185,185,L,Hide,user_entry,
Improvements,N185,185,N,Hide,user_entry,
Improvements,P185,185,P,Show,user_entry,
Improvements,R185,185,R,Hide,user_entry,
Improvements,S185,185,S,0x7,user_entry,
Improvements,X185,185,X,Number of Escalators,user_entry,
Improvements,Y185,185,Y,0.0,user_entry,
Improvements,Z185,185,Z,Sum,user_entry,
Improvements,AA185,185,AA,0.0,user_entry,
Improvements,A186,186,A,Hide,user_entry,
Improvements,B186,186,B,Show,user_entry,
Improvements,C186,186,C,Show,user_entry,
Improvements,D186,186,D,Show,user_entry,
Improvements,E186,186,E,Show,user_entry,
Improvements,F186,186,F,Show,user_entry,
Improvements,G186,186,G,Show,user_entry,
Improvements,H186,186,H,Show,user_entry,
Improvements,I186,186,I,Hide,user_entry,
Improvements,J186,186,J,Show,user_entry,
Improvements,K186,186,K,Show,user_entry,
Improvements,L186,186,L,Show,user_entry,
Improvements,N186,186,N,Show,user_entry,
Improvements,P186,186,P,Show,user_entry,
Improvements,R186,186,R,Show,user_entry,
Improvements,S186,186,S,0.5,user_entry,
Improvements,X186,186,X,Security,user_entry,
Improvements,Z186,186,Z,Unique Values,user_entry,
Improvements,AA186,186,AA,0.0,user_entry,
Improvements,A187,187,A,Hide,user_entry,
Improvements,B187,187,B,Show,user_entry,
Improvements,C187,187,C,Show,user_entry,
Improvements,D187,187,D,Hide,user_entry,
Improvements,E187,187,E,Show,user_entry,
Improvements,F187,187,F,Show,user_entry,
Improvements,G187,187,G,Show,user_entry,
Improvements,H187,187,H,Show,user_entry,
Improvements,I187,187,I,Hide,user_entry,
Improvements,J187,187,J,Show,user_entry,
Improvements,K187,187,K,Hide,user_entry,
Improvements,L187,187,L,Show,user_entry,
Improvements,N187,187,N,Show,user_entry,
Improvements,P187,187,P,Show,user_entry,
Improvements,R187,187,R,Show,user_entry,
Improvements,S187,187,S,0.5,user_entry,
Improvements,X187,187,X,Deferred Maintenance,user_entry,
Improvements,Z187,187,Z,Unique Values,user_entry,
Improvements,A188,188,A,Hide,user_entry,
Improvements,B188,188,B,Show,user_entry,
Improvements,C188,188,C,Show,user_entry,
Improvements,D188,188,D,Show,user_entry,
Improvements,E188,188,E,Hide,user_entry,
Improvements,F188,188,F,Hide,user_entry,
Improvements,G188,188,G,Hide,user_entry,
Improvements,H188,188,H,Hide,user_entry,
Improvements,I188,188,I,Hide,user_entry,
Improvements,J188,188,J,Show,user_entry,
Improvements,K188,188,K,Hide,user_entry,
Improvements,L188,188,L,Show,user_entry,
Improvements,N188,188,N,Show,user_entry,
Improvements,P188,188,P,Show,user_entry,
Improvements,R188,188,R,Show,user_entry,
Improvements,S188,188,S,0.5,user_entry,
Improvements,X188,188,X,FF & E Description,user_entry,
Improvements,Z188,188,Z,Unique Values,user_entry,
Improvements,A189,189,A,Hide,user_entry,
Improvements,B189,189,B,Show,user_entry,
Improvements,C189,189,C,Show,user_entry,
Improvements,D189,189,D,Show,user_entry,
Improvements,E189,189,E,Show,user_entry,
Improvements,F189,189,F,Show,user_entry,
Improvements,G189,189,G,Show,user_entry,
Improvements,H189,189,H,Show,user_entry,
Improvements,I189,189,I,Hide,user_entry,
Improvements,J189,189,J,Show,user_entry,
Improvements,K189,189,K,Hide,user_entry,
Improvements,L189,189,L,Show,user_entry,
Improvements,N189,189,N,Show,user_entry,
Improvements,P189,189,P,Show,user_entry,
Improvements,R189,189,R,Show,user_entry,
Improvements,S189,189,S,0.5,user_entry,
Improvements,X189,189,X,Building Description Comments,user_entry,
Improvements,Y189,189,Y,0.0,user_entry,
Improvements,Z189,189,Z,Building 1,user_entry,
Improvements,AA189,189,AA,0.0,user_entry,
Improvements,S190,190,S,0.1,user_entry,
Improvements,S191,191,S,0.1,user_entry,
Improvements,S192,192,S,0x7,user_entry,
Improvements,P193,193,P,Navigate,user_entry,
Improvements,S193,193,S,0x7,user_entry,
Improvements,W193,193,W,Single Family Residential,user_entry,
Improvements,AN193,193,AN,Show,user_entry,
Improvements,S194,194,S,0x7,user_entry,
Improvements,S195,195,S,0x7,user_entry,
Improvements,A196,196,A,Hide,user_entry,
Improvements,B196,196,B,Hide,user_entry,
Improvements,C196,196,C,Hide,user_entry,
Improvements,D196,196,D,Hide,user_entry,
Improvements,E196,196,E,Hide,user_entry,
Improvements,F196,196,F,Hide,user_entry,
Improvements,G196,196,G,Hide,user_entry,
Improvements,H196,196,H,Hide,user_entry,
Improvements,I196,196,I,Hide,user_entry,
Improvements,J196,196,J,Hide,user_entry,
Improvements,K196,196,K,Hide,user_entry,
Improvements,L196,196,L,Hide,user_entry,
Improvements,N196,196,N,Hide,user_entry,
Improvements,R196,196,R,Hide,user_entry,
Improvements,S196,196,S,0x7,user_entry,
Improvements,Y196,196,Y,DB Column,user_entry,
Improvements,Z196,196,Z,DB Method,user_entry,
Improvements,AA196,196,AA,Totals,user_entry,
Improvements,AB196,196,AB,Building 1,user_entry,
Improvements,AC196,196,AC,Building 2,user_entry,
Improvements,AD196,196,AD,Building 3,user_entry,
Improvements,AE196,196,AE,Building 4,user_entry,
Improvements,AF196,196,AF,Building 5,user_entry,
Improvements,AG196,196,AG,Building 6,user_entry,
Improvements,AH196,196,AH,Building 7,user_entry,
Improvements,AI196,196,AI,Building 8,user_entry,
Improvements,AJ196,196,AJ,Building 9,user_entry,
Improvements,AK196,196,AK,Building 10,user_entry,
Improvements,A197,197,A,Hide,user_entry,
Improvements,B197,197,B,Hide,user_entry,
Improvements,C197,197,C,Hide,user_entry,
Improvements,D197,197,D,Hide,user_entry,
Improvements,E197,197,E,Hide,user_entry,
Improvements,F197,197,F,Hide,user_entry,
Improvements,G197,197,G,Hide,user_entry,
Improvements,H197,197,H,Hide,user_entry,
Improvements,I197,197,I,Hide,user_entry,
Improvements,J197,197,J,Hide,user_entry,
Improvements,K197,197,K,Hide,user_entry,
Improvements,L197,197,L,Hide,user_entry,
Improvements,N197,197,N,Hide,user_entry,
Improvements,R197,197,R,Hide,user_entry,
Improvements,S197,197,S,0x7,user_entry,
Improvements,U197,197,U,?,user_entry,
Improvements,X197,197,X,Design,user_entry,
Improvements,Z197,197,Z,Unique Values,user_entry,
Improvements,AL197,197,AL,,user_entry,
Improvements,A198,198,A,Hide,user_entry,
Improvements,B198,198,B,Hide,user_entry,
Improvements,C198,198,C,Hide,user_entry,
Improvements,D198,198,D,Hide,user_entry,
Improvements,E198,198,E,Hide,user_entry,
Improvements,F198,198,F,Hide,user_entry,
Improvements,G198,198,G,Hide,user_entry,
Improvements,H198,198,H,Hide,user_entry,
Improvements,I198,198,I,Hide,user_entry,
Improvements,J198,198,J,Hide,user_entry,
Improvements,K198,198,K,Hide,user_entry,
Improvements,L198,198,L,Hide,user_entry,
Improvements,N198,198,N,Hide,user_entry,
Improvements,R198,198,R,Hide,user_entry,
Improvements,S198,198,S,0x7,user_entry,
Improvements,X198,198,X,Number of Rooms,user_entry,
Improvements,Y198,198,Y,0.0,user_entry,
Improvements,AA198,198,AA,0.0,user_entry,
Improvements,AL198,198,AL,,user_entry,
Improvements,A199,199,A,Hide,user_entry,
Improvements,B199,199,B,Hide,user_entry,
Improvements,C199,199,C,Hide,user_entry,
Improvements,D199,199,D,Hide,user_entry,
Improvements,E199,199,E,Hide,user_entry,
Improvements,F199,199,F,Hide,user_entry,
Improvements,G199,199,G,Hide,user_entry,
Improvements,H199,199,H,Hide,user_entry,
Improvements,I199,199,I,Hide,user_entry,
Improvements,J199,199,J,Hide,user_entry,
Improvements,K199,199,K,Hide,user_entry,
Improvements,L199,199,L,Hide,user_entry,
Improvements,N199,199,N,Hide,user_entry,
Improvements,P199,199,P,Ctrl+Home to top,user_entry,
Improvements,R199,199,R,Hide,user_entry,
Improvements,S199,199,S,0x7,user_entry,
Improvements,X199,199,X,Number of Bedrooms,user_entry,
Improvements,Y199,199,Y,0.0,user_entry,
Improvements,AA199,199,AA,0.0,user_entry,
Improvements,AL199,199,AL,,user_entry,
Improvements,A200,200,A,Hide,user_entry,
Improvements,B200,200,B,Hide,user_entry,
Improvements,C200,200,C,Hide,user_entry,
Improvements,D200,200,D,Hide,user_entry,
Improvements,E200,200,E,Hide,user_entry,
Improvements,F200,200,F,Hide,user_entry,
Improvements,G200,200,G,Hide,user_entry,
Improvements,H200,200,H,Hide,user_entry,
Improvements,I200,200,I,Hide,user_entry,
Improvements,J200,200,J,Hide,user_entry,
Improvements,K200,200,K,Hide,user_entry,
Improvements,L200,200,L,Hide,user_entry,
Improvements,N200,200,N,Hide,user_entry,
Improvements,R200,200,R,Hide,user_entry,
Improvements,S200,200,S,0x7,user_entry,
Improvements,X200,200,X,Number of Bathrooms,user_entry,
Improvements,Y200,200,Y,0.0,user_entry,
Improvements,AA200,200,AA,0.0,user_entry,
Improvements,AL200,200,AL,,user_entry,
Improvements,A201,201,A,Hide,user_entry,
Improvements,B201,201,B,Hide,user_entry,
Improvements,C201,201,C,Hide,user_entry,
Improvements,D201,201,D,Hide,user_entry,
Improvements,E201,201,E,Hide,user_entry,
Improvements,F201,201,F,Hide,user_entry,
Improvements,G201,201,G,Hide,user_entry,
Improvements,H201,201,H,Hide,user_entry,
Improvements,I201,201,I,Hide,user_entry,
Improvements,J201,201,J,Hide,user_entry,
Improvements,K201,201,K,Hide,user_entry,
Improvements,L201,201,L,Hide,user_entry,
Improvements,N201,201,N,Hide,user_entry,
Improvements,R201,201,R,Hide,user_entry,
Improvements,S201,201,S,0x7,user_entry,
Improvements,X201,201,X,Fireplace/Woodstove,user_entry,
Improvements,Z201,201,Z,Unique Values,user_entry,
Improvements,AL201,201,AL,,user_entry,
Improvements,A202,202,A,Hide,user_entry,
Improvements,B202,202,B,Hide,user_entry,
Improvements,C202,202,C,Hide,user_entry,
Improvements,D202,202,D,Hide,user_entry,
Improvements,E202,202,E,Hide,user_entry,
Improvements,F202,202,F,Hide,user_entry,
Improvements,G202,202,G,Hide,user_entry,
Improvements,H202,202,H,Hide,user_entry,
Improvements,I202,202,I,Hide,user_entry,
Improvements,J202,202,J,Hide,user_entry,
Improvements,K202,202,K,Hide,user_entry,
Improvements,L202,202,L,Hide,user_entry,
Improvements,N202,202,N,Hide,user_entry,
Improvements,R202,202,R,Hide,user_entry,
Improvements,S202,202,S,0x7,user_entry,
Improvements,X202,202,X,Porch/Deck,user_entry,
Improvements,Z202,202,Z,Unique Values,user_entry,
Improvements,AL202,202,AL,,user_entry,
Improvements,A203,203,A,Hide,user_entry,
Improvements,B203,203,B,Hide,user_entry,
Improvements,C203,203,C,Hide,user_entry,
Improvements,D203,203,D,Hide,user_entry,
Improvements,E203,203,E,Hide,user_entry,
Improvements,F203,203,F,Hide,user_entry,
Improvements,G203,203,G,Hide,user_entry,
Improvements,H203,203,H,Hide,user_entry,
Improvements,I203,203,I,Hide,user_entry,
Improvements,J203,203,J,Hide,user_entry,
Improvements,K203,203,K,Hide,user_entry,
Improvements,L203,203,L,Hide,user_entry,
Improvements,N203,203,N,Hide,user_entry,
Improvements,R203,203,R,Hide,user_entry,
Improvements,S203,203,S,0x7,user_entry,
Improvements,X203,203,X,Garage,user_entry,
Improvements,Z203,203,Z,Unique Values,user_entry,
Improvements,AL203,203,AL,,user_entry,
Improvements,A204,204,A,Hide,user_entry,
Improvements,B204,204,B,Hide,user_entry,
Improvements,C204,204,C,Hide,user_entry,
Improvements,D204,204,D,Hide,user_entry,
Improvements,E204,204,E,Hide,user_entry,
Improvements,F204,204,F,Hide,user_entry,
Improvements,G204,204,G,Hide,user_entry,
Improvements,H204,204,H,Hide,user_entry,
Improvements,I204,204,I,Hide,user_entry,
Improvements,J204,204,J,Hide,user_entry,
Improvements,K204,204,K,Hide,user_entry,
Improvements,L204,204,L,Hide,user_entry,
Improvements,N204,204,N,Hide,user_entry,
Improvements,R204,204,R,Hide,user_entry,
Improvements,S204,204,S,0x7,user_entry,
Improvements,X204,204,X,Ancillary Buildings/Shed,user_entry,
Improvements,Z204,204,Z,Unique Values,user_entry,
Improvements,AL204,204,AL,,user_entry,
Improvements,A205,205,A,Hide,user_entry,
Improvements,B205,205,B,Hide,user_entry,
Improvements,C205,205,C,Hide,user_entry,
Improvements,D205,205,D,Hide,user_entry,
Improvements,E205,205,E,Hide,user_entry,
Improvements,F205,205,F,Hide,user_entry,
Improvements,G205,205,G,Hide,user_entry,
Improvements,H205,205,H,Hide,user_entry,
Improvements,I205,205,I,Hide,user_entry,
Improvements,J205,205,J,Hide,user_entry,
Improvements,K205,205,K,Hide,user_entry,
Improvements,L205,205,L,Hide,user_entry,
Improvements,N205,205,N,Hide,user_entry,
Improvements,R205,205,R,Hide,user_entry,
Improvements,S205,205,S,0x7,user_entry,
Improvements,X205,205,X,Dock/Boathouse,user_entry,
Improvements,Z205,205,Z,Unique Values,user_entry,
Improvements,AL205,205,AL,,user_entry,
Improvements,A206,206,A,Hide,user_entry,
Improvements,B206,206,B,Hide,user_entry,
Improvements,C206,206,C,Hide,user_entry,
Improvements,D206,206,D,Hide,user_entry,
Improvements,E206,206,E,Hide,user_entry,
Improvements,F206,206,F,Hide,user_entry,
Improvements,G206,206,G,Hide,user_entry,
Improvements,H206,206,H,Hide,user_entry,
Improvements,I206,206,I,Hide,user_entry,
Improvements,J206,206,J,Hide,user_entry,
Improvements,K206,206,K,Hide,user_entry,
Improvements,L206,206,L,Hide,user_entry,
Improvements,N206,206,N,Hide,user_entry,
Improvements,R206,206,R,Hide,user_entry,
Improvements,S206,206,S,0x7,user_entry,
Improvements,X206,206,X,Other Amenities,user_entry,
Improvements,Z206,206,Z,Unique Values,user_entry,
Improvements,A207,207,A,Hide,user_entry,
Improvements,B207,207,B,Hide,user_entry,
Improvements,C207,207,C,Hide,user_entry,
Improvements,D207,207,D,Hide,user_entry,
Improvements,E207,207,E,Hide,user_entry,
Improvements,F207,207,F,Hide,user_entry,
Improvements,G207,207,G,Hide,user_entry,
Improvements,H207,207,H,Hide,user_entry,
Improvements,I207,207,I,Hide,user_entry,
Improvements,J207,207,J,Hide,user_entry,
Improvements,K207,207,K,Hide,user_entry,
Improvements,L207,207,L,Hide,user_entry,
Improvements,N207,207,N,Hide,user_entry,
Improvements,R207,207,R,Hide,user_entry,
Improvements,S207,207,S,0x7,user_entry,
Improvements,X207,207,X,Other,user_entry,
Improvements,Z207,207,Z,Unique Values,user_entry,
Improvements,S208,208,S,0x7,user_entry,
Improvements,S209,209,S,0x7,user_entry,
Improvements,BB214,214,BB,<<Property Type Show/Hide,user_entry,
Improvements,BG215,215,BG,Navigate,user_entry,
Improvements,AP217,217,AP,VeryHidden,user_entry,
Improvements,AQ217,217,AQ,VeryHidden,user_entry,
Improvements,AR217,217,AR,VeryHidden,user_entry,
Improvements,AS217,217,AS,VeryHidden,user_entry,
Improvements,AT217,217,AT,VeryHidden,user_entry,
Improvements,AU217,217,AU,VeryHidden,user_entry,
Improvements,AV217,217,AV,VeryHidden,user_entry,
Improvements,AW217,217,AW,VeryHidden,user_entry,
Improvements,AX217,217,AX,VeryHidden,user_entry,
Improvements,AY217,217,AY,VeryHidden,user_entry,
Improvements,AZ217,217,AZ,VeryHidden,user_entry,
Improvements,BA217,217,BA,VeryHidden,user_entry,
Improvements,BC217,217,BC,VeryHidden,user_entry,
Improvements,BD217,217,BD,VeryHidden,user_entry,
Improvements,BE217,217,BE,VeryHidden,user_entry,
Improvements,AP219,219,AP,PropertyTypeKey,user_entry,
Improvements,BG219,219,BG,Toggle Display,user_entry,
Improvements,AP220,220,AP,1.0,user_entry,
Improvements,AQ220,220,AQ,2.0,user_entry,
Improvements,AR220,220,AR,3.0,user_entry,
Improvements,AS220,220,AS,4.0,user_entry,
Improvements,AT220,220,AT,5.0,user_entry,
Improvements,AU220,220,AU,6.0,user_entry,
Improvements,AV220,220,AV,7.0,user_entry,
Improvements,AW220,220,AW,8.0,user_entry,
Improvements,AX220,220,AX,9.0,user_entry,
Improvements,AY220,220,AY,10.0,user_entry,
Improvements,AZ220,220,AZ,11.0,user_entry,
Improvements,BA220,220,BA,12.0,user_entry,
Improvements,BD220,220,BD,0.0,user_entry,
Improvements,AP221,221,AP,Multi-Family|Mobile/Manufactured Home Park,user_entry,
Improvements,AQ221,221,AQ,Multi-Family|All,user_entry,
Improvements,AR221,221,AR,Multi-Family|Student-Oriented Housing,user_entry,
Improvements,AS221,221,AS,Multi-Family|Affordable,user_entry,
Improvements,AT221,221,AT,Retail-Commercial|All,user_entry,
Improvements,AU221,221,AU,Shopping Center|Super Regional Center/Mall,user_entry,
Improvements,AV221,221,AV,Office|All,user_entry,
Improvements,AW221,221,AW,Health Care|All,user_entry,
Improvements,AX221,221,AX,Senior Housing|All,user_entry,
Improvements,AY221,221,AY,Industrial|All,user_entry,
Improvements,AZ221,221,AZ,Self-Storage|All,user_entry,
Improvements,BA221,221,BA,Lodging & Hospitality|All,user_entry,
Improvements,BC221,221,BC,Active PropertyType,user_entry,
Improvements,BD221,221,BD,0.0,user_entry,
Improvements,AP222,222,AP,Auto,user_entry,
Improvements,AQ222,222,AQ,Auto,user_entry,
Improvements,AR222,222,AR,Auto,user_entry,
Improvements,AS222,222,AS,Auto,user_entry,
Improvements,AT222,222,AT,Auto,user_entry,
Improvements,AU222,222,AU,Auto,user_entry,
Improvements,AV222,222,AV,Auto,user_entry,
Improvements,AW222,222,AW,Auto,user_entry,
Improvements,AX222,222,AX,Auto,user_entry,
Improvements,AY222,222,AY,Auto,user_entry,
Improvements,AZ222,222,AZ,Auto,user_entry,
Improvements,BA222,222,BA,Auto,user_entry,
Improvements,BC222,222,BC,Auto,user_entry,
Improvements,BD222,222,BD,1.0,user_entry,
Improvements,BE222,222,BE,1.0,user_entry,
Improvements,BF222,222,BF,-1.0,user_entry,
Improvements,BG222,222,BG,Auto,user_entry,
Improvements,AP223,223,AP,Hide,user_entry,
Improvements,AQ223,223,AQ,Auto,user_entry,
Improvements,AR223,223,AR,Auto,user_entry,
Improvements,AS223,223,AS,Auto,user_entry,
Improvements,AT223,223,AT,Auto,user_entry,
Improvements,AU223,223,AU,Auto,user_entry,
Improvements,AV223,223,AV,Auto,user_entry,
Improvements,AW223,223,AW,Auto,user_entry,
Improvements,AX223,223,AX,Hide,user_entry,
Improvements,AY223,223,AY,Auto,user_entry,
Improvements,AZ223,223,AZ,Auto,user_entry,
Improvements,BA223,223,BA,Show,user_entry,
Improvements,BC223,223,BC,Auto,user_entry,
Improvements,BD223,223,BD,2.0,user_entry,
Improvements,BE223,223,BE,1.0,user_entry,
Improvements,BF223,223,BF,-1.0,user_entry,
Improvements,BG223,223,BG,Auto,user_entry,
Improvements,AP224,224,AP,Show,user_entry,
Improvements,AQ224,224,AQ,Show,user_entry,
Improvements,AR224,224,AR,Show,user_entry,
Improvements,AS224,224,AS,Show,user_entry,
Improvements,AT224,224,AT,Show,user_entry,
Improvements,AU224,224,AU,Show,user_entry,
Improvements,AV224,224,AV,Show,user_entry,
Improvements,AW224,224,AW,Show,user_entry,
Improvements,AX224,224,AX,Show,user_entry,
Improvements,AY224,224,AY,Show,user_entry,
Improvements,AZ224,224,AZ,Show,user_entry,
Improvements,BA224,224,BA,Hide,user_entry,
Improvements,BC224,224,BC,Show,user_entry,
Improvements,BD224,224,BD,3.0,user_entry,
Improvements,BE224,224,BE,0.5,user_entry,
Improvements,BF224,224,BF,-1.0,user_entry,
Improvements,BG224,224,BG,Show,user_entry,
Improvements,AP225,225,AP,Hide,user_entry,
Improvements,AQ225,225,AQ,Hide,user_entry,
Improvements,AR225,225,AR,Hide,user_entry,
Improvements,AS225,225,AS,Hide,user_entry,
Improvements,AT225,225,AT,Hide,user_entry,
Improvements,AU225,225,AU,Hide,user_entry,
Improvements,AV225,225,AV,Hide,user_entry,
Improvements,AW225,225,AW,Hide,user_entry,
Improvements,AX225,225,AX,Hide,user_entry,
Improvements,AY225,225,AY,Hide,user_entry,
Improvements,AZ225,225,AZ,Hide,user_entry,
Improvements,BA225,225,BA,Show,user_entry,
Improvements,BC225,225,BC,Hide,user_entry,
Improvements,BD225,225,BD,3.0,user_entry,
Improvements,BE225,225,BE,0x7,user_entry,
Improvements,BG225,225,BG,Hide,user_entry,
Improvements,AP226,226,AP,Show,user_entry,
Improvements,AQ226,226,AQ,Hide,user_entry,
Improvements,AR226,226,AR,Hide,user_entry,
Improvements,AS226,226,AS,Hide,user_entry,
Improvements,AT226,226,AT,Hide,user_entry,
Improvements,AU226,226,AU,Hide,user_entry,
Improvements,AV226,226,AV,Hide,user_entry,
Improvements,AW226,226,AW,Hide,user_entry,
Improvements,AX226,226,AX,Hide,user_entry,
Improvements,AY226,226,AY,Hide,user_entry,
Improvements,AZ226,226,AZ,Hide,user_entry,
Improvements,BA226,226,BA,Hide,user_entry,
Improvements,BC226,226,BC,Hide,user_entry,
Improvements,BD226,226,BD,3.0,user_entry,
Improvements,BE226,226,BE,0x7,user_entry,
Improvements,BF226,226,BF,43.0,user_entry,
Improvements,BG226,226,BG,Hide,user_entry,
Improvements,AP227,227,AP,Hide,user_entry,
Improvements,AQ227,227,AQ,Show,user_entry,
Improvements,AR227,227,AR,Show,user_entry,
Improvements,AS227,227,AS,Show,user_entry,
Improvements,AT227,227,AT,Show,user_entry,
Improvements,AU227,227,AU,Show,user_entry,
Improvements,AV227,227,AV,Show,user_entry,
Improvements,AW227,227,AW,Show,user_entry,
Improvements,AX227,227,AX,Show,user_entry,
Improvements,AY227,227,AY,Show,user_entry,
Improvements,AZ227,227,AZ,Show,user_entry,
Improvements,BA227,227,BA,Show,user_entry,
Improvements,BC227,227,BC,Show,user_entry,
Improvements,BD227,227,BD,4.0,user_entry,
Improvements,BE227,227,BE,0.5,user_entry,
Improvements,BF227,227,BF,5.0,user_entry,
Improvements,BG227,227,BG,Show,user_entry,
Improvements,AP228,228,AP,Hide,user_entry,
Improvements,AQ228,228,AQ,Show,user_entry,
Improvements,AR228,228,AR,Hide,user_entry,
Improvements,AS228,228,AS,Auto,user_entry,
Improvements,AT228,228,AT,Hide,user_entry,
Improvements,AU228,228,AU,Hide,user_entry,
Improvements,AV228,228,AV,Hide,user_entry,
Improvements,AW228,228,AW,Hide,user_entry,
Improvements,AX228,228,AX,Show,user_entry,
Improvements,AY228,228,AY,Hide,user_entry,
Improvements,AZ228,228,AZ,Hide,user_entry,
Improvements,BA228,228,BA,Show,user_entry,
Improvements,BC228,228,BC,Show,user_entry,
Improvements,BD228,228,BD,5.0,user_entry,
Improvements,BE228,228,BE,1.0,user_entry,
Improvements,BF228,228,BF,-1.0,user_entry,
Improvements,BG228,228,BG,Show,user_entry,
Improvements,AP229,229,AP,Show,user_entry,
Improvements,AQ229,229,AQ,Hide,user_entry,
Improvements,AR229,229,AR,Hide,user_entry,
Improvements,AS229,229,AS,Hide,user_entry,
Improvements,AT229,229,AT,Hide,user_entry,
Improvements,AU229,229,AU,Hide,user_entry,
Improvements,AV229,229,AV,Hide,user_entry,
Improvements,AW229,229,AW,Hide,user_entry,
Improvements,AX229,229,AX,Hide,user_entry,
Improvements,AY229,229,AY,Hide,user_entry,
Improvements,AZ229,229,AZ,Hide,user_entry,
Improvements,BA229,229,BA,Hide,user_entry,
Improvements,BC229,229,BC,Hide,user_entry,
Improvements,BD229,229,BD,5.0,user_entry,
Improvements,BE229,229,BE,0x7,user_entry,
Improvements,BF229,229,BF,44.0,user_entry,
Improvements,BG229,229,BG,Hide,user_entry,
Improvements,AP230,230,AP,Show,user_entry,
Improvements,AQ230,230,AQ,Hide,user_entry,
Improvements,AR230,230,AR,Hide,user_entry,
Improvements,AS230,230,AS,Hide,user_entry,
Improvements,AT230,230,AT,Hide,user_entry,
Improvements,AU230,230,AU,Hide,user_entry,
Improvements,AV230,230,AV,Hide,user_entry,
Improvements,AW230,230,AW,Hide,user_entry,
Improvements,AX230,230,AX,Hide,user_entry,
Improvements,AY230,230,AY,Hide,user_entry,
Improvements,AZ230,230,AZ,Hide,user_entry,
Improvements,BA230,230,BA,Hide,user_entry,
Improvements,BC230,230,BC,Hide,user_entry,
Improvements,BD230,230,BD,5.0,user_entry,
Improvements,BE230,230,BE,0x7,user_entry,
Improvements,BF230,230,BF,-1.0,user_entry,
Improvements,BG230,230,BG,Hide,user_entry,
Improvements,AP231,231,AP,Show,user_entry,
Improvements,AQ231,231,AQ,Show,user_entry,
Improvements,AR231,231,AR,Show,user_entry,
Improvements,AS231,231,AS,Show,user_entry,
Improvements,AT231,231,AT,Hide,user_entry,
Improvements,AU231,231,AU,Hide,user_entry,
Improvements,AV231,231,AV,Hide,user_entry,
Improvements,AW231,231,AW,Hide,user_entry,
Improvements,AX231,231,AX,Show,user_entry,
Improvements,AY231,231,AY,Hide,user_entry,
Improvements,AZ231,231,AZ,Show,user_entry,
Improvements,BA231,231,BA,Show,user_entry,
Improvements,BC231,231,BC,Show,user_entry,
Improvements,BD231,231,BD,6.0,user_entry,
Improvements,BE231,231,BE,1.0,user_entry,
Improvements,BF231,231,BF,105.0,user_entry,
Improvements,BG231,231,BG,Show,user_entry,
Improvements,AP232,232,AP,Hide,user_entry,
Improvements,AQ232,232,AQ,Hide,user_entry,
Improvements,AR232,232,AR,Hide,user_entry,
Improvements,AS232,232,AS,Hide,user_entry,
Improvements,AT232,232,AT,Hide,user_entry,
Improvements,AU232,232,AU,Hide,user_entry,
Improvements,AV232,232,AV,Hide,user_entry,
Improvements,AW232,232,AW,Hide,user_entry,
Improvements,AX232,232,AX,Hide,user_entry,
Improvements,AY232,232,AY,Hide,user_entry,
Improvements,AZ232,232,AZ,Show,user_entry,
Improvements,BA232,232,BA,Hide,user_entry,
Improvements,BC232,232,BC,Hide,user_entry,
Improvements,BD232,232,BD,6.0,user_entry,
Improvements,BE232,232,BE,0x7,user_entry,
Improvements,BF232,232,BF,115.0,user_entry,
Improvements,BG232,232,BG,Hide,user_entry,
Improvements,AP233,233,AP,Hide,user_entry,
Improvements,AQ233,233,AQ,Hide,user_entry,
Improvements,AR233,233,AR,Hide,user_entry,
Improvements,AS233,233,AS,Hide,user_entry,
Improvements,AT233,233,AT,Hide,user_entry,
Improvements,AU233,233,AU,Hide,user_entry,
Improvements,AV233,233,AV,Hide,user_entry,
Improvements,AW233,233,AW,Hide,user_entry,
Improvements,AX233,233,AX,Hide,user_entry,
Improvements,AY233,233,AY,Hide,user_entry,
Improvements,AZ233,233,AZ,Show,user_entry,
Improvements,BA233,233,BA,Hide,user_entry,
Improvements,BC233,233,BC,Hide,user_entry,
Improvements,BD233,233,BD,6.0,user_entry,
Improvements,BE233,233,BE,0x7,user_entry,
Improvements,BF233,233,BF,-1.0,user_entry,
Improvements,BG233,233,BG,Hide,user_entry,
Improvements,AP234,234,AP,Show,user_entry,
Improvements,AQ234,234,AQ,Show,user_entry,
Improvements,AR234,234,AR,Show,user_entry,
Improvements,AS234,234,AS,Show,user_entry,
Improvements,AT234,234,AT,Show,user_entry,
Improvements,AU234,234,AU,Show,user_entry,
Improvements,AV234,234,AV,Show,user_entry,
Improvements,AW234,234,AW,Show,user_entry,
Improvements,AX234,234,AX,Hide,user_entry,
Improvements,AY234,234,AY,Show,user_entry,
Improvements,AZ234,234,AZ,Hide,user_entry,
Improvements,BA234,234,BA,Show,user_entry,
Improvements,BC234,234,BC,Show,user_entry,
Improvements,BD234,234,BD,7.0,user_entry,
Improvements,BE234,234,BE,0.5,user_entry,
Improvements,BF234,234,BF,-1.0,user_entry,
Improvements,BG234,234,BG,Show,user_entry,
Improvements,AP235,235,AP,Hide,user_entry,
Improvements,AQ235,235,AQ,Hide,user_entry,
Improvements,AR235,235,AR,Hide,user_entry,
Improvements,AS235,235,AS,Hide,user_entry,
Improvements,AT235,235,AT,Hide,user_entry,
Improvements,AU235,235,AU,Hide,user_entry,
Improvements,AV235,235,AV,Hide,user_entry,
Improvements,AW235,235,AW,Hide,user_entry,
Improvements,AX235,235,AX,Hide,user_entry,
Improvements,AY235,235,AY,Hide,user_entry,
Improvements,AZ235,235,AZ,Hide,user_entry,
Improvements,BA235,235,BA,Show,user_entry,
Improvements,BC235,235,BC,Hide,user_entry,
Improvements,BD235,235,BD,7.0,user_entry,
Improvements,BE235,235,BE,0x7,user_entry,
Improvements,BF235,235,BF,-1.0,user_entry,
Improvements,BG235,235,BG,Hide,user_entry,
Improvements,AP236,236,AP,Show,user_entry,
Improvements,AQ236,236,AQ,Show,user_entry,
Improvements,AR236,236,AR,Show,user_entry,
Improvements,AS236,236,AS,Show,user_entry,
Improvements,AT236,236,AT,Show,user_entry,
Improvements,AU236,236,AU,Show,user_entry,
Improvements,AV236,236,AV,Show,user_entry,
Improvements,AW236,236,AW,Show,user_entry,
Improvements,AX236,236,AX,Hide,user_entry,
Improvements,AY236,236,AY,Show,user_entry,
Improvements,AZ236,236,AZ,Hide,user_entry,
Improvements,BA236,236,BA,Show,user_entry,
Improvements,BC236,236,BC,Show,user_entry,
Improvements,BD236,236,BD,8.0,user_entry,
Improvements,BE236,236,BE,1.0,user_entry,
Improvements,BF236,236,BF,-1.0,user_entry,
Improvements,BG236,236,BG,Show,user_entry,
Improvements,AP237,237,AP,Hide,user_entry,
Improvements,AQ237,237,AQ,Show,user_entry,
Improvements,AR237,237,AR,Show,user_entry,
Improvements,AS237,237,AS,Show,user_entry,
Improvements,AT237,237,AT,Hide,user_entry,
Improvements,AU237,237,AU,Hide,user_entry,
Improvements,AV237,237,AV,Hide,user_entry,
Improvements,AW237,237,AW,Hide,user_entry,
Improvements,AX237,237,AX,Show,user_entry,
Improvements,AY237,237,AY,Hide,user_entry,
Improvements,AZ237,237,AZ,Hide,user_entry,
Improvements,BA237,237,BA,Show,user_entry,
Improvements,BC237,237,BC,Show,user_entry,
Improvements,BD237,237,BD,9.0,user_entry,
Improvements,BE237,237,BE,1.0,user_entry,
Improvements,BF237,237,BF,71.0,user_entry,
Improvements,BG237,237,BG,Show,user_entry,
Improvements,AP238,238,AP,Hide,user_entry,
Improvements,AQ238,238,AQ,Show,user_entry,
Improvements,AR238,238,AR,Show,user_entry,
Improvements,AS238,238,AS,Show,user_entry,
Improvements,AT238,238,AT,Show,user_entry,
Improvements,AU238,238,AU,Hide,user_entry,
Improvements,AV238,238,AV,Hide,user_entry,
Improvements,AW238,238,AW,Hide,user_entry,
Improvements,AX238,238,AX,Hide,user_entry,
Improvements,AY238,238,AY,Hide,user_entry,
Improvements,AZ238,238,AZ,Hide,user_entry,
Improvements,BA238,238,BA,Hide,user_entry,
Improvements,BC238,238,BC,Show,user_entry,
Improvements,BD238,238,BD,10.0,user_entry,
Improvements,BE238,238,BE,1.0,user_entry,
Improvements,BF238,238,BF,77.0,user_entry,
Improvements,BG238,238,BG,Show,user_entry,
Improvements,AP239,239,AP,Show,user_entry,
Improvements,AQ239,239,AQ,Show,user_entry,
Improvements,AR239,239,AR,Show,user_entry,
Improvements,AS239,239,AS,Hide,user_entry,
Improvements,AT239,239,AT,Show,user_entry,
Improvements,AU239,239,AU,Show,user_entry,
Improvements,AV239,239,AV,Show,user_entry,
Improvements,AW239,239,AW,Show,user_entry,
Improvements,AX239,239,AX,Show,user_entry,
Improvements,AY239,239,AY,Show,user_entry,
Improvements,AZ239,239,AZ,Show,user_entry,
Improvements,BA239,239,BA,Show,user_entry,
Improvements,BC239,239,BC,Show,user_entry,
Improvements,BD239,239,BD,11.0,user_entry,
Improvements,BE239,239,BE,1.0,user_entry,
Improvements,BF239,239,BF,-1.0,user_entry,
Improvements,BG239,239,BG,Show,user_entry,
Improvements,AP240,240,AP,Show,user_entry,
Improvements,AQ240,240,AQ,Show,user_entry,
Improvements,AR240,240,AR,Show,user_entry,
Improvements,AS240,240,AS,Hide,user_entry,
Improvements,AT240,240,AT,Show,user_entry,
Improvements,AU240,240,AU,Show,user_entry,
Improvements,AV240,240,AV,Show,user_entry,
Improvements,AW240,240,AW,Show,user_entry,
Improvements,AX240,240,AX,Show,user_entry,
Improvements,AY240,240,AY,Show,user_entry,
Improvements,AZ240,240,AZ,Show,user_entry,
Improvements,BA240,240,BA,Show,user_entry,
Improvements,BC240,240,BC,Show,user_entry,
Improvements,BD240,240,BD,12.0,user_entry,
Improvements,BE240,240,BE,1.0,user_entry,
Improvements,BF240,240,BF,-1.0,user_entry,
Improvements,BG240,240,BG,Show,user_entry,
Improvements,AP241,241,AP,Show,user_entry,
Improvements,AQ241,241,AQ,Show,user_entry,
Improvements,AR241,241,AR,Show,user_entry,
Improvements,AS241,241,AS,Hide,user_entry,
Improvements,AT241,241,AT,Show,user_entry,
Improvements,AU241,241,AU,Show,user_entry,
Improvements,AV241,241,AV,Show,user_entry,
Improvements,AW241,241,AW,Show,user_entry,
Improvements,AX241,241,AX,Show,user_entry,
Improvements,AY241,241,AY,Show,user_entry,
Improvements,AZ241,241,AZ,Show,user_entry,
Improvements,BA241,241,BA,Show,user_entry,
Improvements,BC241,241,BC,Show,user_entry,
Improvements,BD241,241,BD,13.0,user_entry,
Improvements,BE241,241,BE,1.0,user_entry,
Improvements,BF241,241,BF,-1.0,user_entry,
Improvements,BG241,241,BG,Show,user_entry,
Improvements,AP242,242,AP,Hide,user_entry,
Improvements,AQ242,242,AQ,Show,user_entry,
Improvements,AR242,242,AR,Show,user_entry,
Improvements,AS242,242,AS,Show,user_entry,
Improvements,AT242,242,AT,Show,user_entry,
Improvements,AU242,242,AU,Show,user_entry,
Improvements,AV242,242,AV,Show,user_entry,
Improvements,AW242,242,AW,Show,user_entry,
Improvements,AX242,242,AX,Show,user_entry,
Improvements,AY242,242,AY,Show,user_entry,
Improvements,AZ242,242,AZ,Show,user_entry,
Improvements,BA242,242,BA,Hide,user_entry,
Improvements,BC242,242,BC,Show,user_entry,
Improvements,BD242,242,BD,14.0,user_entry,
Improvements,BE242,242,BE,1.0,user_entry,
Improvements,BF242,242,BF,6.0,user_entry,
Improvements,BG242,242,BG,Show,user_entry,
Improvements,AP243,243,AP,Hide,user_entry,
Improvements,AQ243,243,AQ,Show,user_entry,
Improvements,AR243,243,AR,Show,user_entry,
Improvements,AS243,243,AS,Show,user_entry,
Improvements,AT243,243,AT,Show,user_entry,
Improvements,AU243,243,AU,Show,user_entry,
Improvements,AV243,243,AV,Show,user_entry,
Improvements,AW243,243,AW,Show,user_entry,
Improvements,AX243,243,AX,Show,user_entry,
Improvements,AY243,243,AY,Show,user_entry,
Improvements,AZ243,243,AZ,Show,user_entry,
Improvements,BA243,243,BA,Show,user_entry,
Improvements,BC243,243,BC,Show,user_entry,
Improvements,BD243,243,BD,15.0,user_entry,
Improvements,BE243,243,BE,1.0,user_entry,
Improvements,BF243,243,BF,7.0,user_entry,
Improvements,BG243,243,BG,Show,user_entry,
Improvements,AP244,244,AP,Show,user_entry,
Improvements,AQ244,244,AQ,Show,user_entry,
Improvements,AR244,244,AR,Show,user_entry,
Improvements,AS244,244,AS,Show,user_entry,
Improvements,AT244,244,AT,Show,user_entry,
Improvements,AU244,244,AU,Show,user_entry,
Improvements,AV244,244,AV,Show,user_entry,
Improvements,AW244,244,AW,Show,user_entry,
Improvements,AX244,244,AX,Show,user_entry,
Improvements,AY244,244,AY,Show,user_entry,
Improvements,AZ244,244,AZ,Show,user_entry,
Improvements,BA244,244,BA,Show,user_entry,
Improvements,BC244,244,BC,Show,user_entry,
Improvements,BD244,244,BD,16.0,user_entry,
Improvements,BE244,244,BE,1.0,user_entry,
Improvements,BF244,244,BF,8.0,user_entry,
Improvements,BG244,244,BG,Show,user_entry,
Improvements,AP245,245,AP,Show,user_entry,
Improvements,AQ245,245,AQ,Show,user_entry,
Improvements,AR245,245,AR,Show,user_entry,
Improvements,AS245,245,AS,Show,user_entry,
Improvements,AT245,245,AT,Show,user_entry,
Improvements,AU245,245,AU,Show,user_entry,
Improvements,AV245,245,AV,Show,user_entry,
Improvements,AW245,245,AW,Show,user_entry,
Improvements,AX245,245,AX,Show,user_entry,
Improvements,AY245,245,AY,Show,user_entry,
Improvements,AZ245,245,AZ,Show,user_entry,
Improvements,BA245,245,BA,Show,user_entry,
Improvements,BC245,245,BC,Show,user_entry,
Improvements,BD245,245,BD,17.0,user_entry,
Improvements,BE245,245,BE,1.0,user_entry,
Improvements,BF245,245,BF,53.0,user_entry,
Improvements,BG245,245,BG,Show,user_entry,
Improvements,AP246,246,AP,Hide,user_entry,
Improvements,AQ246,246,AQ,Show,user_entry,
Improvements,AR246,246,AR,Show,user_entry,
Improvements,AS246,246,AS,Hide,user_entry,
Improvements,AT246,246,AT,Show,user_entry,
Improvements,AU246,246,AU,Show,user_entry,
Improvements,AV246,246,AV,Show,user_entry,
Improvements,AW246,246,AW,Show,user_entry,
Improvements,AX246,246,AX,Hide,user_entry,
Improvements,AY246,246,AY,Show,user_entry,
Improvements,AZ246,246,AZ,Hide,user_entry,
Improvements,BA246,246,BA,Show,user_entry,
Improvements,BC246,246,BC,Show,user_entry,
Improvements,BD246,246,BD,18.0,user_entry,
Improvements,BE246,246,BE,1.0,user_entry,
Improvements,BF246,246,BF,9.0,user_entry,
Improvements,BG246,246,BG,Show,user_entry,
Improvements,AP247,247,AP,Hide,user_entry,
Improvements,AQ247,247,AQ,Show,user_entry,
Improvements,AR247,247,AR,Show,user_entry,
Improvements,AS247,247,AS,Hide,user_entry,
Improvements,AT247,247,AT,Show,user_entry,
Improvements,AU247,247,AU,Show,user_entry,
Improvements,AV247,247,AV,Show,user_entry,
Improvements,AW247,247,AW,Show,user_entry,
Improvements,AX247,247,AX,Hide,user_entry,
Improvements,AY247,247,AY,Show,user_entry,
Improvements,AZ247,247,AZ,Show,user_entry,
Improvements,BA247,247,BA,Hide,user_entry,
Improvements,BC247,247,BC,Show,user_entry,
Improvements,BD247,247,BD,19.0,user_entry,
Improvements,BE247,247,BE,1.0,user_entry,
Improvements,BF247,247,BF,10.0,user_entry,
Improvements,BG247,247,BG,Show,user_entry,
Improvements,AP248,248,AP,Hide,user_entry,
Improvements,AQ248,248,AQ,Show,user_entry,
Improvements,AR248,248,AR,Show,user_entry,
Improvements,AS248,248,AS,Hide,user_entry,
Improvements,AT248,248,AT,Show,user_entry,
Improvements,AU248,248,AU,Show,user_entry,
Improvements,AV248,248,AV,Show,user_entry,
Improvements,AW248,248,AW,Show,user_entry,
Improvements,AX248,248,AX,Hide,user_entry,
Improvements,AY248,248,AY,Show,user_entry,
Improvements,AZ248,248,AZ,Show,user_entry,
Improvements,BA248,248,BA,Show,user_entry,
Improvements,BC248,248,BC,Show,user_entry,
Improvements,BD248,248,BD,20.0,user_entry,
Improvements,BE248,248,BE,1.0,user_entry,
Improvements,BF248,248,BF,11.0,user_entry,
Improvements,BG248,248,BG,Show,user_entry,
Improvements,AP249,249,AP,Hide,user_entry,
Improvements,AQ249,249,AQ,Show,user_entry,
Improvements,AR249,249,AR,Show,user_entry,
Improvements,AS249,249,AS,Hide,user_entry,
Improvements,AT249,249,AT,Show,user_entry,
Improvements,AU249,249,AU,Show,user_entry,
Improvements,AV249,249,AV,Show,user_entry,
Improvements,AW249,249,AW,Show,user_entry,
Improvements,AX249,249,AX,Show,user_entry,
Improvements,AY249,249,AY,Show,user_entry,
Improvements,AZ249,249,AZ,Show,user_entry,
Improvements,BA249,249,BA,Show,user_entry,
Improvements,BC249,249,BC,Show,user_entry,
Improvements,BD249,249,BD,21.0,user_entry,
Improvements,BE249,249,BE,1.0,user_entry,
Improvements,BF249,249,BF,12.0,user_entry,
Improvements,BG249,249,BG,Show,user_entry,
Improvements,AP250,250,AP,Hide,user_entry,
Improvements,AQ250,250,AQ,Show,user_entry,
Improvements,AR250,250,AR,Show,user_entry,
Improvements,AS250,250,AS,Hide,user_entry,
Improvements,AT250,250,AT,Show,user_entry,
Improvements,AU250,250,AU,Show,user_entry,
Improvements,AV250,250,AV,Show,user_entry,
Improvements,AW250,250,AW,Show,user_entry,
Improvements,AX250,250,AX,Hide,user_entry,
Improvements,AY250,250,AY,Show,user_entry,
Improvements,AZ250,250,AZ,Show,user_entry,
Improvements,BA250,250,BA,Show,user_entry,
Improvements,BC250,250,BC,Show,user_entry,
Improvements,BD250,250,BD,22.0,user_entry,
Improvements,BE250,250,BE,1.0,user_entry,
Improvements,BF250,250,BF,13.0,user_entry,
Improvements,BG250,250,BG,Show,user_entry,
Improvements,AP251,251,AP,Hide,user_entry,
Improvements,AQ251,251,AQ,Hide,user_entry,
Improvements,AR251,251,AR,Hide,user_entry,
Improvements,AS251,251,AS,Hide,user_entry,
Improvements,AT251,251,AT,Hide,user_entry,
Improvements,AU251,251,AU,Hide,user_entry,
Improvements,AV251,251,AV,Hide,user_entry,
Improvements,AW251,251,AW,Hide,user_entry,
Improvements,AX251,251,AX,Hide,user_entry,
Improvements,AY251,251,AY,Hide,user_entry,
Improvements,AZ251,251,AZ,Hide,user_entry,
Improvements,BA251,251,BA,Hide,user_entry,
Improvements,BC251,251,BC,Hide,user_entry,
Improvements,BD251,251,BD,22.0,user_entry,
Improvements,BE251,251,BE,0x7,user_entry,
Improvements,BF251,251,BF,14.0,user_entry,
Improvements,BG251,251,BG,Hide,user_entry,
Improvements,AP252,252,AP,Hide,user_entry,
Improvements,AQ252,252,AQ,Show,user_entry,
Improvements,AR252,252,AR,Show,user_entry,
Improvements,AS252,252,AS,Hide,user_entry,
Improvements,AT252,252,AT,Show,user_entry,
Improvements,AU252,252,AU,Show,user_entry,
Improvements,AV252,252,AV,Show,user_entry,
Improvements,AW252,252,AW,Show,user_entry,
Improvements,AX252,252,AX,Hide,user_entry,
Improvements,AY252,252,AY,Show,user_entry,
Improvements,AZ252,252,AZ,Show,user_entry,
Improvements,BA252,252,BA,Show,user_entry,
Improvements,BC252,252,BC,Show,user_entry,
Improvements,BD252,252,BD,23.0,user_entry,
Improvements,BE252,252,BE,1.0,user_entry,
Improvements,BF252,252,BF,15.0,user_entry,
Improvements,BG252,252,BG,Show,user_entry,
Improvements,AP253,253,AP,Hide,user_entry,
Improvements,AQ253,253,AQ,Hide,user_entry,
Improvements,AR253,253,AR,Hide,user_entry,
Improvements,AS253,253,AS,Hide,user_entry,
Improvements,AT253,253,AT,Hide,user_entry,
Improvements,AU253,253,AU,Hide,user_entry,
Improvements,AV253,253,AV,Hide,user_entry,
Improvements,AW253,253,AW,Hide,user_entry,
Improvements,AX253,253,AX,Hide,user_entry,
Improvements,AY253,253,AY,Hide,user_entry,
Improvements,AZ253,253,AZ,Hide,user_entry,
Improvements,BA253,253,BA,Hide,user_entry,
Improvements,BC253,253,BC,Hide,user_entry,
Improvements,BD253,253,BD,23.0,user_entry,
Improvements,BE253,253,BE,0x7,user_entry,
Improvements,BF253,253,BF,16.0,user_entry,
Improvements,BG253,253,BG,Hide,user_entry,
Improvements,AP254,254,AP,Hide,user_entry,
Improvements,AQ254,254,AQ,Hide,user_entry,
Improvements,AR254,254,AR,Hide,user_entry,
Improvements,AS254,254,AS,Hide,user_entry,
Improvements,AT254,254,AT,Hide,user_entry,
Improvements,AU254,254,AU,Hide,user_entry,
Improvements,AV254,254,AV,Hide,user_entry,
Improvements,AW254,254,AW,Hide,user_entry,
Improvements,AX254,254,AX,Hide,user_entry,
Improvements,AY254,254,AY,Hide,user_entry,
Improvements,AZ254,254,AZ,Hide,user_entry,
Improvements,BA254,254,BA,Show,user_entry,
Improvements,BC254,254,BC,Hide,user_entry,
Improvements,BD254,254,BD,23.0,user_entry,
Improvements,BE254,254,BE,0x7,user_entry,
Improvements,BF254,254,BF,25.0,user_entry,
Improvements,BG254,254,BG,Hide,user_entry,
Improvements,AP255,255,AP,Show,user_entry,
Improvements,AQ255,255,AQ,Show,user_entry,
Improvements,AR255,255,AR,Show,user_entry,
Improvements,AS255,255,AS,Hide,user_entry,
Improvements,AT255,255,AT,Show,user_entry,
Improvements,AU255,255,AU,Show,user_entry,
Improvements,AV255,255,AV,Show,user_entry,
Improvements,AW255,255,AW,Show,user_entry,
Improvements,AX255,255,AX,Show,user_entry,
Improvements,AY255,255,AY,Show,user_entry,
Improvements,AZ255,255,AZ,Show,user_entry,
Improvements,BA255,255,BA,Show,user_entry,
Improvements,BC255,255,BC,Show,user_entry,
Improvements,BD255,255,BD,24.0,user_entry,
Improvements,BE255,255,BE,1.0,user_entry,
Improvements,BF255,255,BF,17.0,user_entry,
Improvements,BG255,255,BG,Show,user_entry,
Improvements,AP256,256,AP,Show,user_entry,
Improvements,AQ256,256,AQ,Show,user_entry,
Improvements,AR256,256,AR,Show,user_entry,
Improvements,AS256,256,AS,Hide,user_entry,
Improvements,AT256,256,AT,Show,user_entry,
Improvements,AU256,256,AU,Show,user_entry,
Improvements,AV256,256,AV,Show,user_entry,
Improvements,AW256,256,AW,Show,user_entry,
Improvements,AX256,256,AX,Show,user_entry,
Improvements,AY256,256,AY,Show,user_entry,
Improvements,AZ256,256,AZ,Show,user_entry,
Improvements,BA256,256,BA,Show,user_entry,
Improvements,BC256,256,BC,Show,user_entry,
Improvements,BD256,256,BD,25.0,user_entry,
Improvements,BE256,256,BE,1.0,user_entry,
Improvements,BF256,256,BF,18.0,user_entry,
Improvements,BG256,256,BG,Show,user_entry,
Improvements,AP257,257,AP,Hide,user_entry,
Improvements,AQ257,257,AQ,Show,user_entry,
Improvements,AR257,257,AR,Show,user_entry,
Improvements,AS257,257,AS,Hide,user_entry,
Improvements,AT257,257,AT,Show,user_entry,
Improvements,AU257,257,AU,Show,user_entry,
Improvements,AV257,257,AV,Show,user_entry,
Improvements,AW257,257,AW,Show,user_entry,
Improvements,AX257,257,AX,Hide,user_entry,
Improvements,AY257,257,AY,Show,user_entry,
Improvements,AZ257,257,AZ,Show,user_entry,
Improvements,BA257,257,BA,Show,user_entry,
Improvements,BC257,257,BC,Show,user_entry,
Improvements,BD257,257,BD,26.0,user_entry,
Improvements,BE257,257,BE,1.0,user_entry,
Improvements,BF257,257,BF,98.0,user_entry,
Improvements,BG257,257,BG,Show,user_entry,
Improvements,AP258,258,AP,Hide,user_entry,
Improvements,AQ258,258,AQ,Hide,user_entry,
Improvements,AR258,258,AR,Hide,user_entry,
Improvements,AS258,258,AS,Hide,user_entry,
Improvements,AT258,258,AT,Hide,user_entry,
Improvements,AU258,258,AU,Hide,user_entry,
Improvements,AV258,258,AV,Hide,user_entry,
Improvements,AW258,258,AW,Hide,user_entry,
Improvements,AX258,258,AX,Hide,user_entry,
Improvements,AY258,258,AY,Hide,user_entry,
Improvements,AZ258,258,AZ,Hide,user_entry,
Improvements,BA258,258,BA,Hide,user_entry,
Improvements,BC258,258,BC,Hide,user_entry,
Improvements,BD258,258,BD,26.0,user_entry,
Improvements,BE258,258,BE,0x7,user_entry,
Improvements,BF258,258,BF,20.0,user_entry,
Improvements,BG258,258,BG,Hide,user_entry,
Improvements,AP259,259,AP,Hide,user_entry,
Improvements,AQ259,259,AQ,Show,user_entry,
Improvements,AR259,259,AR,Show,user_entry,
Improvements,AS259,259,AS,Hide,user_entry,
Improvements,AT259,259,AT,Show,user_entry,
Improvements,AU259,259,AU,Show,user_entry,
Improvements,AV259,259,AV,Show,user_entry,
Improvements,AW259,259,AW,Show,user_entry,
Improvements,AX259,259,AX,Hide,user_entry,
Improvements,AY259,259,AY,Show,user_entry,
Improvements,AZ259,259,AZ,Show,user_entry,
Improvements,BA259,259,BA,Show,user_entry,
Improvements,BC259,259,BC,Show,user_entry,
Improvements,BD259,259,BD,27.0,user_entry,
Improvements,BE259,259,BE,0.5,user_entry,
Improvements,BF259,259,BF,21.0,user_entry,
Improvements,BG259,259,BG,Show,user_entry,
Improvements,AP260,260,AP,Hide,user_entry,
Improvements,AQ260,260,AQ,Show,user_entry,
Improvements,AR260,260,AR,Show,user_entry,
Improvements,AS260,260,AS,Hide,user_entry,
Improvements,AT260,260,AT,Show,user_entry,
Improvements,AU260,260,AU,Show,user_entry,
Improvements,AV260,260,AV,Show,user_entry,
Improvements,AW260,260,AW,Show,user_entry,
Improvements,AX260,260,AX,Hide,user_entry,
Improvements,AY260,260,AY,Show,user_entry,
Improvements,AZ260,260,AZ,Show,user_entry,
Improvements,BA260,260,BA,Show,user_entry,
Improvements,BC260,260,BC,Show,user_entry,
Improvements,BD260,260,BD,28.0,user_entry,
Improvements,BE260,260,BE,1.0,user_entry,
Improvements,BF260,260,BF,22.0,user_entry,
Improvements,BG260,260,BG,Show,user_entry,
Improvements,AP261,261,AP,Hide,user_entry,
Improvements,AQ261,261,AQ,Hide,user_entry,
Improvements,AR261,261,AR,Hide,user_entry,
Improvements,AS261,261,AS,Hide,user_entry,
Improvements,AT261,261,AT,Hide,user_entry,
Improvements,AU261,261,AU,Hide,user_entry,
Improvements,AV261,261,AV,Hide,user_entry,
Improvements,AW261,261,AW,Hide,user_entry,
Improvements,AX261,261,AX,Hide,user_entry,
Improvements,AY261,261,AY,Hide,user_entry,
Improvements,AZ261,261,AZ,Hide,user_entry,
Improvements,BA261,261,BA,Hide,user_entry,
Improvements,BC261,261,BC,Hide,user_entry,
Improvements,BD261,261,BD,28.0,user_entry,
Improvements,BE261,261,BE,0x7,user_entry,
Improvements,BF261,261,BF,23.0,user_entry,
Improvements,BG261,261,BG,Hide,user_entry,
Improvements,AP262,262,AP,Hide,user_entry,
Improvements,AQ262,262,AQ,Show,user_entry,
Improvements,AR262,262,AR,Show,user_entry,
Improvements,AS262,262,AS,Hide,user_entry,
Improvements,AT262,262,AT,Show,user_entry,
Improvements,AU262,262,AU,Show,user_entry,
Improvements,AV262,262,AV,Show,user_entry,
Improvements,AW262,262,AW,Show,user_entry,
Improvements,AX262,262,AX,Hide,user_entry,
Improvements,AY262,262,AY,Show,user_entry,
Improvements,AZ262,262,AZ,Show,user_entry,
Improvements,BA262,262,BA,Hide,user_entry,
Improvements,BC262,262,BC,Show,user_entry,
Improvements,BD262,262,BD,29.0,user_entry,
Improvements,BE262,262,BE,1.0,user_entry,
Improvements,BF262,262,BF,24.0,user_entry,
Improvements,BG262,262,BG,Show,user_entry,
Improvements,AP263,263,AP,Hide,user_entry,
Improvements,AQ263,263,AQ,Hide,user_entry,
Improvements,AR263,263,AR,Hide,user_entry,
Improvements,AS263,263,AS,Hide,user_entry,
Improvements,AT263,263,AT,Hide,user_entry,
Improvements,AU263,263,AU,Hide,user_entry,
Improvements,AV263,263,AV,Hide,user_entry,
Improvements,AW263,263,AW,Hide,user_entry,
Improvements,AX263,263,AX,Show,user_entry,
Improvements,AY263,263,AY,Hide,user_entry,
Improvements,AZ263,263,AZ,Hide,user_entry,
Improvements,BA263,263,BA,Hide,user_entry,
Improvements,BC263,263,BC,Hide,user_entry,
Improvements,BD263,263,BD,29.0,user_entry,
Improvements,BE263,263,BE,0x7,user_entry,
Improvements,BF263,263,BF,165.0,user_entry,
Improvements,BG263,263,BG,Hide,user_entry,
Improvements,AP264,264,AP,Hide,user_entry,
Improvements,AQ264,264,AQ,Show,user_entry,
Improvements,AR264,264,AR,Show,user_entry,
Improvements,AS264,264,AS,Hide,user_entry,
Improvements,AT264,264,AT,Show,user_entry,
Improvements,AU264,264,AU,Show,user_entry,
Improvements,AV264,264,AV,Show,user_entry,
Improvements,AW264,264,AW,Show,user_entry,
Improvements,AX264,264,AX,Hide,user_entry,
Improvements,AY264,264,AY,Show,user_entry,
Improvements,AZ264,264,AZ,Show,user_entry,
Improvements,BA264,264,BA,Hide,user_entry,
Improvements,BC264,264,BC,Show,user_entry,
Improvements,BD264,264,BD,30.0,user_entry,
Improvements,BE264,264,BE,1.0,user_entry,
Improvements,BF264,264,BF,25.0,user_entry,
Improvements,BG264,264,BG,Show,user_entry,
Improvements,AP265,265,AP,Hide,user_entry,
Improvements,AQ265,265,AQ,Hide,user_entry,
Improvements,AR265,265,AR,Hide,user_entry,
Improvements,AS265,265,AS,Hide,user_entry,
Improvements,AT265,265,AT,Hide,user_entry,
Improvements,AU265,265,AU,Hide,user_entry,
Improvements,AV265,265,AV,Hide,user_entry,
Improvements,AW265,265,AW,Hide,user_entry,
Improvements,AX265,265,AX,Hide,user_entry,
Improvements,AY265,265,AY,Hide,user_entry,
Improvements,AZ265,265,AZ,Hide,user_entry,
Improvements,BA265,265,BA,Show,user_entry,
Improvements,BC265,265,BC,Hide,user_entry,
Improvements,BD265,265,BD,30.0,user_entry,
Improvements,BE265,265,BE,0x7,user_entry,
Improvements,BF265,265,BF,-1.0,user_entry,
Improvements,BG265,265,BG,Hide,user_entry,
Improvements,AP266,266,AP,Hide,user_entry,
Improvements,AQ266,266,AQ,Hide,user_entry,
Improvements,AR266,266,AR,Hide,user_entry,
Improvements,AS266,266,AS,Hide,user_entry,
Improvements,AT266,266,AT,Hide,user_entry,
Improvements,AU266,266,AU,Hide,user_entry,
Improvements,AV266,266,AV,Hide,user_entry,
Improvements,AW266,266,AW,Hide,user_entry,
Improvements,AX266,266,AX,Hide,user_entry,
Improvements,AY266,266,AY,Hide,user_entry,
Improvements,AZ266,266,AZ,Hide,user_entry,
Improvements,BA266,266,BA,Show,user_entry,
Improvements,BC266,266,BC,Hide,user_entry,
Improvements,BD266,266,BD,30.0,user_entry,
Improvements,BE266,266,BE,0x7,user_entry,
Improvements,BF266,266,BF,-1.0,user_entry,
Improvements,BG266,266,BG,Hide,user_entry,
Improvements,AP267,267,AP,Hide,user_entry,
Improvements,AQ267,267,AQ,Hide,user_entry,
Improvements,AR267,267,AR,Hide,user_entry,
Improvements,AS267,267,AS,Hide,user_entry,
Improvements,AT267,267,AT,Hide,user_entry,
Improvements,AU267,267,AU,Hide,user_entry,
Improvements,AV267,267,AV,Hide,user_entry,
Improvements,AW267,267,AW,Hide,user_entry,
Improvements,AX267,267,AX,Hide,user_entry,
Improvements,AY267,267,AY,Hide,user_entry,
Improvements,AZ267,267,AZ,Hide,user_entry,
Improvements,BA267,267,BA,Show,user_entry,
Improvements,BC267,267,BC,Hide,user_entry,
Improvements,BD267,267,BD,30.0,user_entry,
Improvements,BE267,267,BE,0x7,user_entry,
Improvements,BF267,267,BF,-1.0,user_entry,
Improvements,BG267,267,BG,Hide,user_entry,
Improvements,AP268,268,AP,Hide,user_entry,
Improvements,AQ268,268,AQ,Hide,user_entry,
Improvements,AR268,268,AR,Hide,user_entry,
Improvements,AS268,268,AS,Hide,user_entry,
Improvements,AT268,268,AT,Hide,user_entry,
Improvements,AU268,268,AU,Hide,user_entry,
Improvements,AV268,268,AV,Hide,user_entry,
Improvements,AW268,268,AW,Hide,user_entry,
Improvements,AX268,268,AX,Hide,user_entry,
Improvements,AY268,268,AY,Hide,user_entry,
Improvements,AZ268,268,AZ,Hide,user_entry,
Improvements,BA268,268,BA,Show,user_entry,
Improvements,BC268,268,BC,Hide,user_entry,
Improvements,BD268,268,BD,30.0,user_entry,
Improvements,BE268,268,BE,0x7,user_entry,
Improvements,BF268,268,BF,-1.0,user_entry,
Improvements,BG268,268,BG,Hide,user_entry,
Improvements,AP269,269,AP,Hide,user_entry,
Improvements,AQ269,269,AQ,Hide,user_entry,
Improvements,AR269,269,AR,Hide,user_entry,
Improvements,AS269,269,AS,Hide,user_entry,
Improvements,AT269,269,AT,Hide,user_entry,
Improvements,AU269,269,AU,Hide,user_entry,
Improvements,AV269,269,AV,Hide,user_entry,
Improvements,AW269,269,AW,Hide,user_entry,
Improvements,AX269,269,AX,Hide,user_entry,
Improvements,AY269,269,AY,Hide,user_entry,
Improvements,AZ269,269,AZ,Hide,user_entry,
Improvements,BA269,269,BA,Show,user_entry,
Improvements,BC269,269,BC,Hide,user_entry,
Improvements,BD269,269,BD,30.0,user_entry,
Improvements,BE269,269,BE,0x7,user_entry,
Improvements,BF269,269,BF,-1.0,user_entry,
Improvements,BG269,269,BG,Hide,user_entry,
Improvements,AP270,270,AP,Hide,user_entry,
Improvements,AQ270,270,AQ,Hide,user_entry,
Improvements,AR270,270,AR,Hide,user_entry,
Improvements,AS270,270,AS,Hide,user_entry,
Improvements,AT270,270,AT,Hide,user_entry,
Improvements,AU270,270,AU,Hide,user_entry,
Improvements,AV270,270,AV,Hide,user_entry,
Improvements,AW270,270,AW,Hide,user_entry,
Improvements,AX270,270,AX,Hide,user_entry,
Improvements,AY270,270,AY,Hide,user_entry,
Improvements,AZ270,270,AZ,Hide,user_entry,
Improvements,BA270,270,BA,Show,user_entry,
Improvements,BC270,270,BC,Hide,user_entry,
Improvements,BD270,270,BD,30.0,user_entry,
Improvements,BE270,270,BE,0x7,user_entry,
Improvements,BF270,270,BF,-1.0,user_entry,
Improvements,BG270,270,BG,Hide,user_entry,
Improvements,AP271,271,AP,Hide,user_entry,
Improvements,AQ271,271,AQ,Hide,user_entry,
Improvements,AR271,271,AR,Hide,user_entry,
Improvements,AS271,271,AS,Hide,user_entry,
Improvements,AT271,271,AT,Hide,user_entry,
Improvements,AU271,271,AU,Hide,user_entry,
Improvements,AV271,271,AV,Hide,user_entry,
Improvements,AW271,271,AW,Hide,user_entry,
Improvements,AX271,271,AX,Hide,user_entry,
Improvements,AY271,271,AY,Hide,user_entry,
Improvements,AZ271,271,AZ,Hide,user_entry,
Improvements,BA271,271,BA,Show,user_entry,
Improvements,BC271,271,BC,Hide,user_entry,
Improvements,BD271,271,BD,30.0,user_entry,
Improvements,BE271,271,BE,0x7,user_entry,
Improvements,BF271,271,BF,31.0,user_entry,
Improvements,BG271,271,BG,Hide,user_entry,
Improvements,AP272,272,AP,Show,user_entry,
Improvements,AQ272,272,AQ,Show,user_entry,
Improvements,AR272,272,AR,Show,user_entry,
Improvements,AS272,272,AS,Hide,user_entry,
Improvements,AT272,272,AT,Show,user_entry,
Improvements,AU272,272,AU,Show,user_entry,
Improvements,AV272,272,AV,Show,user_entry,
Improvements,AW272,272,AW,Show,user_entry,
Improvements,AX272,272,AX,Hide,user_entry,
Improvements,AY272,272,AY,Show,user_entry,
Improvements,AZ272,272,AZ,Show,user_entry,
Improvements,BA272,272,BA,Show,user_entry,
Improvements,BC272,272,BC,Show,user_entry,
Improvements,BD272,272,BD,31.0,user_entry,
Improvements,BE272,272,BE,1.0,user_entry,
Improvements,BF272,272,BF,26.0,user_entry,
Improvements,BG272,272,BG,Show,user_entry,
Improvements,AP273,273,AP,Hide,user_entry,
Improvements,AQ273,273,AQ,Show,user_entry,
Improvements,AR273,273,AR,Show,user_entry,
Improvements,AS273,273,AS,Hide,user_entry,
Improvements,AT273,273,AT,Show,user_entry,
Improvements,AU273,273,AU,Show,user_entry,
Improvements,AV273,273,AV,Show,user_entry,
Improvements,AW273,273,AW,Show,user_entry,
Improvements,AX273,273,AX,Show,user_entry,
Improvements,AY273,273,AY,Show,user_entry,
Improvements,AZ273,273,AZ,Show,user_entry,
Improvements,BA273,273,BA,Show,user_entry,
Improvements,BC273,273,BC,Show,user_entry,
Improvements,BD273,273,BD,32.0,user_entry,
Improvements,BE273,273,BE,1.0,user_entry,
Improvements,BF273,273,BF,27.0,user_entry,
Improvements,BG273,273,BG,Show,user_entry,
Improvements,AP274,274,AP,Hide,user_entry,
Improvements,AQ274,274,AQ,Show,user_entry,
Improvements,AR274,274,AR,Show,user_entry,
Improvements,AS274,274,AS,Hide,user_entry,
Improvements,AT274,274,AT,Show,user_entry,
Improvements,AU274,274,AU,Show,user_entry,
Improvements,AV274,274,AV,Show,user_entry,
Improvements,AW274,274,AW,Show,user_entry,
Improvements,AX274,274,AX,Hide,user_entry,
Improvements,AY274,274,AY,Show,user_entry,
Improvements,AZ274,274,AZ,Show,user_entry,
Improvements,BA274,274,BA,Hide,user_entry,
Improvements,BC274,274,BC,Show,user_entry,
Improvements,BD274,274,BD,33.0,user_entry,
Improvements,BE274,274,BE,1.0,user_entry,
Improvements,BF274,274,BF,28.0,user_entry,
Improvements,BG274,274,BG,Show,user_entry,
Improvements,AP275,275,AP,Hide,user_entry,
Improvements,AQ275,275,AQ,Show,user_entry,
Improvements,AR275,275,AR,Show,user_entry,
Improvements,AS275,275,AS,Hide,user_entry,
Improvements,AT275,275,AT,Hide,user_entry,
Improvements,AU275,275,AU,Hide,user_entry,
Improvements,AV275,275,AV,Hide,user_entry,
Improvements,AW275,275,AW,Hide,user_entry,
Improvements,AX275,275,AX,Hide,user_entry,
Improvements,AY275,275,AY,Show,user_entry,
Improvements,AZ275,275,AZ,Hide,user_entry,
Improvements,BA275,275,BA,Show,user_entry,
Improvements,BC275,275,BC,Show,user_entry,
Improvements,BD275,275,BD,34.0,user_entry,
Improvements,BE275,275,BE,1.0,user_entry,
Improvements,BF275,275,BF,29.0,user_entry,
Improvements,BG275,275,BG,Show,user_entry,
Improvements,AP276,276,AP,Hide,user_entry,
Improvements,AQ276,276,AQ,Show,user_entry,
Improvements,AR276,276,AR,Show,user_entry,
Improvements,AS276,276,AS,Hide,user_entry,
Improvements,AT276,276,AT,Show,user_entry,
Improvements,AU276,276,AU,Show,user_entry,
Improvements,AV276,276,AV,Show,user_entry,
Improvements,AW276,276,AW,Show,user_entry,
Improvements,AX276,276,AX,Hide,user_entry,
Improvements,AY276,276,AY,Show,user_entry,
Improvements,AZ276,276,AZ,Show,user_entry,
Improvements,BA276,276,BA,Hide,user_entry,
Improvements,BC276,276,BC,Show,user_entry,
Improvements,BD276,276,BD,35.0,user_entry,
Improvements,BE276,276,BE,1.0,user_entry,
Improvements,BF276,276,BF,31.0,user_entry,
Improvements,BG276,276,BG,Show,user_entry,
Improvements,AP277,277,AP,Hide,user_entry,
Improvements,AQ277,277,AQ,Hide,user_entry,
Improvements,AR277,277,AR,Hide,user_entry,
Improvements,AS277,277,AS,Hide,user_entry,
Improvements,AT277,277,AT,Hide,user_entry,
Improvements,AU277,277,AU,Hide,user_entry,
Improvements,AV277,277,AV,Hide,user_entry,
Improvements,AW277,277,AW,Hide,user_entry,
Improvements,AX277,277,AX,Hide,user_entry,
Improvements,AY277,277,AY,Hide,user_entry,
Improvements,AZ277,277,AZ,Hide,user_entry,
Improvements,BA277,277,BA,Hide,user_entry,
Improvements,BC277,277,BC,Hide,user_entry,
Improvements,BD277,277,BD,35.0,user_entry,
Improvements,BE277,277,BE,0x17,user_entry,
Improvements,BF277,277,BF,-1.0,user_entry,
Improvements,BG277,277,BG,Hide,user_entry,
Improvements,AP278,278,AP,Hide,user_entry,
Improvements,AQ278,278,AQ,Hide,user_entry,
Improvements,AR278,278,AR,Hide,user_entry,
Improvements,AS278,278,AS,Hide,user_entry,
Improvements,AT278,278,AT,Hide,user_entry,
Improvements,AU278,278,AU,Hide,user_entry,
Improvements,AV278,278,AV,Hide,user_entry,
Improvements,AW278,278,AW,Hide,user_entry,
Improvements,AX278,278,AX,Hide,user_entry,
Improvements,AY278,278,AY,Hide,user_entry,
Improvements,AZ278,278,AZ,Hide,user_entry,
Improvements,BA278,278,BA,Hide,user_entry,
Improvements,BC278,278,BC,Hide,user_entry,
Improvements,BD278,278,BD,35.0,user_entry,
Improvements,BE278,278,BE,0x17,user_entry,
Improvements,BF278,278,BF,-1.0,user_entry,
Improvements,BG278,278,BG,Hide,user_entry,
Improvements,AP279,279,AP,Hide,user_entry,
Improvements,AQ279,279,AQ,Hide,user_entry,
Improvements,AR279,279,AR,Hide,user_entry,
Improvements,AS279,279,AS,Hide,user_entry,
Improvements,AT279,279,AT,Hide,user_entry,
Improvements,AU279,279,AU,Hide,user_entry,
Improvements,AV279,279,AV,Hide,user_entry,
Improvements,AW279,279,AW,Hide,user_entry,
Improvements,AX279,279,AX,Hide,user_entry,
Improvements,AY279,279,AY,Hide,user_entry,
Improvements,AZ279,279,AZ,Hide,user_entry,
Improvements,BA279,279,BA,Hide,user_entry,
Improvements,BC279,279,BC,Hide,user_entry,
Improvements,BD279,279,BD,35.0,user_entry,
Improvements,BE279,279,BE,0x17,user_entry,
Improvements,BF279,279,BF,-1.0,user_entry,
Improvements,BG279,279,BG,Hide,user_entry,
Improvements,AP280,280,AP,Hide,user_entry,
Improvements,AQ280,280,AQ,Hide,user_entry,
Improvements,AR280,280,AR,Hide,user_entry,
Improvements,AS280,280,AS,Hide,user_entry,
Improvements,AT280,280,AT,Hide,user_entry,
Improvements,AU280,280,AU,Hide,user_entry,
Improvements,AV280,280,AV,Hide,user_entry,
Improvements,AW280,280,AW,Hide,user_entry,
Improvements,AX280,280,AX,Hide,user_entry,
Improvements,AY280,280,AY,Hide,user_entry,
Improvements,AZ280,280,AZ,Hide,user_entry,
Improvements,BA280,280,BA,Show,user_entry,
Improvements,BC280,280,BC,Hide,user_entry,
Improvements,BD280,280,BD,35.0,user_entry,
Improvements,BE280,280,BE,0x7,user_entry,
Improvements,BF280,280,BF,28.0,user_entry,
Improvements,BG280,280,BG,Hide,user_entry,
Improvements,AP281,281,AP,Hide,user_entry,
Improvements,AQ281,281,AQ,Hide,user_entry,
Improvements,AR281,281,AR,Hide,user_entry,
Improvements,AS281,281,AS,Hide,user_entry,
Improvements,AT281,281,AT,Hide,user_entry,
Improvements,AU281,281,AU,Hide,user_entry,
Improvements,AV281,281,AV,Hide,user_entry,
Improvements,AW281,281,AW,Hide,user_entry,
Improvements,AX281,281,AX,Hide,user_entry,
Improvements,AY281,281,AY,Hide,user_entry,
Improvements,AZ281,281,AZ,Hide,user_entry,
Improvements,BA281,281,BA,Show,user_entry,
Improvements,BC281,281,BC,Hide,user_entry,
Improvements,BD281,281,BD,35.0,user_entry,
Improvements,BE281,281,BE,0x7,user_entry,
Improvements,BF281,281,BF,-1.0,user_entry,
Improvements,BG281,281,BG,Hide,user_entry,
Improvements,AP282,282,AP,Hide,user_entry,
Improvements,AQ282,282,AQ,Hide,user_entry,
Improvements,AR282,282,AR,Hide,user_entry,
Improvements,AS282,282,AS,Hide,user_entry,
Improvements,AT282,282,AT,Hide,user_entry,
Improvements,AU282,282,AU,Hide,user_entry,
Improvements,AV282,282,AV,Hide,user_entry,
Improvements,AW282,282,AW,Hide,user_entry,
Improvements,AX282,282,AX,Hide,user_entry,
Improvements,AY282,282,AY,Hide,user_entry,
Improvements,AZ282,282,AZ,Hide,user_entry,
Improvements,BA282,282,BA,Show,user_entry,
Improvements,BC282,282,BC,Hide,user_entry,
Improvements,BD282,282,BD,35.0,user_entry,
Improvements,BE282,282,BE,0x7,user_entry,
Improvements,BF282,282,BF,-1.0,user_entry,
Improvements,BG282,282,BG,Hide,user_entry,
Improvements,AP283,283,AP,Hide,user_entry,
Improvements,AQ283,283,AQ,Hide,user_entry,
Improvements,AR283,283,AR,Hide,user_entry,
Improvements,AS283,283,AS,Hide,user_entry,
Improvements,AT283,283,AT,Hide,user_entry,
Improvements,AU283,283,AU,Hide,user_entry,
Improvements,AV283,283,AV,Hide,user_entry,
Improvements,AW283,283,AW,Hide,user_entry,
Improvements,AX283,283,AX,Hide,user_entry,
Improvements,AY283,283,AY,Hide,user_entry,
Improvements,AZ283,283,AZ,Hide,user_entry,
Improvements,BA283,283,BA,Show,user_entry,
Improvements,BC283,283,BC,Hide,user_entry,
Improvements,BD283,283,BD,35.0,user_entry,
Improvements,BE283,283,BE,0x7,user_entry,
Improvements,BF283,283,BF,-1.0,user_entry,
Improvements,BG283,283,BG,Hide,user_entry,
Improvements,AP284,284,AP,Hide,user_entry,
Improvements,AQ284,284,AQ,Hide,user_entry,
Improvements,AR284,284,AR,Hide,user_entry,
Improvements,AS284,284,AS,Hide,user_entry,
Improvements,AT284,284,AT,Hide,user_entry,
Improvements,AU284,284,AU,Hide,user_entry,
Improvements,AV284,284,AV,Hide,user_entry,
Improvements,AW284,284,AW,Hide,user_entry,
Improvements,AX284,284,AX,Hide,user_entry,
Improvements,AY284,284,AY,Hide,user_entry,
Improvements,AZ284,284,AZ,Hide,user_entry,
Improvements,BA284,284,BA,Show,user_entry,
Improvements,BC284,284,BC,Hide,user_entry,
Improvements,BD284,284,BD,35.0,user_entry,
Improvements,BE284,284,BE,0x7,user_entry,
Improvements,BF284,284,BF,-1.0,user_entry,
Improvements,BG284,284,BG,Hide,user_entry,
Improvements,AP285,285,AP,Hide,user_entry,
Improvements,AQ285,285,AQ,Hide,user_entry,
Improvements,AR285,285,AR,Hide,user_entry,
Improvements,AS285,285,AS,Hide,user_entry,
Improvements,AT285,285,AT,Hide,user_entry,
Improvements,AU285,285,AU,Hide,user_entry,
Improvements,AV285,285,AV,Hide,user_entry,
Improvements,AW285,285,AW,Hide,user_entry,
Improvements,AX285,285,AX,Hide,user_entry,
Improvements,AY285,285,AY,Hide,user_entry,
Improvements,AZ285,285,AZ,Hide,user_entry,
Improvements,BA285,285,BA,Show,user_entry,
Improvements,BC285,285,BC,Hide,user_entry,
Improvements,BD285,285,BD,35.0,user_entry,
Improvements,BE285,285,BE,0x7,user_entry,
Improvements,BF285,285,BF,-1.0,user_entry,
Improvements,BG285,285,BG,Hide,user_entry,
Improvements,AP286,286,AP,Hide,user_entry,
Improvements,AQ286,286,AQ,Hide,user_entry,
Improvements,AR286,286,AR,Hide,user_entry,
Improvements,AS286,286,AS,Hide,user_entry,
Improvements,AT286,286,AT,Hide,user_entry,
Improvements,AU286,286,AU,Hide,user_entry,
Improvements,AV286,286,AV,Hide,user_entry,
Improvements,AW286,286,AW,Hide,user_entry,
Improvements,AX286,286,AX,Hide,user_entry,
Improvements,AY286,286,AY,Hide,user_entry,
Improvements,AZ286,286,AZ,Hide,user_entry,
Improvements,BA286,286,BA,Show,user_entry,
Improvements,BC286,286,BC,Hide,user_entry,
Improvements,BD286,286,BD,35.0,user_entry,
Improvements,BE286,286,BE,0x7,user_entry,
Improvements,BF286,286,BF,-1.0,user_entry,
Improvements,BG286,286,BG,Hide,user_entry,
Improvements,AP287,287,AP,Hide,user_entry,
Improvements,AQ287,287,AQ,Hide,user_entry,
Improvements,AR287,287,AR,Hide,user_entry,
Improvements,AS287,287,AS,Hide,user_entry,
Improvements,AT287,287,AT,Hide,user_entry,
Improvements,AU287,287,AU,Hide,user_entry,
Improvements,AV287,287,AV,Hide,user_entry,
Improvements,AW287,287,AW,Hide,user_entry,
Improvements,AX287,287,AX,Hide,user_entry,
Improvements,AY287,287,AY,Hide,user_entry,
Improvements,AZ287,287,AZ,Hide,user_entry,
Improvements,BA287,287,BA,Show,user_entry,
Improvements,BC287,287,BC,Hide,user_entry,
Improvements,BD287,287,BD,35.0,user_entry,
Improvements,BE287,287,BE,0x7,user_entry,
Improvements,BF287,287,BF,-1.0,user_entry,
Improvements,BG287,287,BG,Hide,user_entry,
Improvements,AP288,288,AP,Hide,user_entry,
Improvements,AQ288,288,AQ,Hide,user_entry,
Improvements,AR288,288,AR,Hide,user_entry,
Improvements,AS288,288,AS,Hide,user_entry,
Improvements,AT288,288,AT,Hide,user_entry,
Improvements,AU288,288,AU,Hide,user_entry,
Improvements,AV288,288,AV,Hide,user_entry,
Improvements,AW288,288,AW,Hide,user_entry,
Improvements,AX288,288,AX,Hide,user_entry,
Improvements,AY288,288,AY,Hide,user_entry,
Improvements,AZ288,288,AZ,Hide,user_entry,
Improvements,BA288,288,BA,Show,user_entry,
Improvements,BC288,288,BC,Hide,user_entry,
Improvements,BD288,288,BD,35.0,user_entry,
Improvements,BE288,288,BE,0x7,user_entry,
Improvements,BF288,288,BF,-1.0,user_entry,
Improvements,BG288,288,BG,Hide,user_entry,
Improvements,AP289,289,AP,Hide,user_entry,
Improvements,AQ289,289,AQ,Hide,user_entry,
Improvements,AR289,289,AR,Hide,user_entry,
Improvements,AS289,289,AS,Hide,user_entry,
Improvements,AT289,289,AT,Hide,user_entry,
Improvements,AU289,289,AU,Hide,user_entry,
Improvements,AV289,289,AV,Hide,user_entry,
Improvements,AW289,289,AW,Hide,user_entry,
Improvements,AX289,289,AX,Hide,user_entry,
Improvements,AY289,289,AY,Hide,user_entry,
Improvements,AZ289,289,AZ,Hide,user_entry,
Improvements,BA289,289,BA,Show,user_entry,
Improvements,BC289,289,BC,Hide,user_entry,
Improvements,BD289,289,BD,35.0,user_entry,
Improvements,BE289,289,BE,0x7,user_entry,
Improvements,BF289,289,BF,-1.0,user_entry,
Improvements,BG289,289,BG,Hide,user_entry,
Improvements,AP290,290,AP,Hide,user_entry,
Improvements,AQ290,290,AQ,Hide,user_entry,
Improvements,AR290,290,AR,Hide,user_entry,
Improvements,AS290,290,AS,Hide,user_entry,
Improvements,AT290,290,AT,Hide,user_entry,
Improvements,AU290,290,AU,Hide,user_entry,
Improvements,AV290,290,AV,Hide,user_entry,
Improvements,AW290,290,AW,Hide,user_entry,
Improvements,AX290,290,AX,Hide,user_entry,
Improvements,AY290,290,AY,Hide,user_entry,
Improvements,AZ290,290,AZ,Hide,user_entry,
Improvements,BA290,290,BA,Show,user_entry,
Improvements,BC290,290,BC,Hide,user_entry,
Improvements,BD290,290,BD,35.0,user_entry,
Improvements,BE290,290,BE,0x7,user_entry,
Improvements,BF290,290,BF,-1.0,user_entry,
Improvements,BG290,290,BG,Hide,user_entry,
Improvements,AP291,291,AP,Hide,user_entry,
Improvements,AQ291,291,AQ,Show,user_entry,
Improvements,AR291,291,AR,Show,user_entry,
Improvements,AS291,291,AS,Hide,user_entry,
Improvements,AT291,291,AT,Show,user_entry,
Improvements,AU291,291,AU,Show,user_entry,
Improvements,AV291,291,AV,Show,user_entry,
Improvements,AW291,291,AW,Show,user_entry,
Improvements,AX291,291,AX,Hide,user_entry,
Improvements,AY291,291,AY,Show,user_entry,
Improvements,AZ291,291,AZ,Show,user_entry,
Improvements,BA291,291,BA,Show,user_entry,
Improvements,BC291,291,BC,Show,user_entry,
Improvements,BD291,291,BD,36.0,user_entry,
Improvements,BE291,291,BE,1.0,user_entry,
Improvements,BF291,291,BF,31.0,user_entry,
Improvements,BG291,291,BG,Show,user_entry,
Improvements,AP292,292,AP,Auto,user_entry,
Improvements,AQ292,292,AQ,Show,user_entry,
Improvements,AR292,292,AR,Show,user_entry,
Improvements,AS292,292,AS,Show,user_entry,
Improvements,AT292,292,AT,Show,user_entry,
Improvements,AU292,292,AU,Show,user_entry,
Improvements,AV292,292,AV,Show,user_entry,
Improvements,AW292,292,AW,Show,user_entry,
Improvements,AX292,292,AX,Show,user_entry,
Improvements,AY292,292,AY,Show,user_entry,
Improvements,AZ292,292,AZ,Show,user_entry,
Improvements,BA292,292,BA,Show,user_entry,
Improvements,BC292,292,BC,Show,user_entry,
Improvements,BE292,292,BE,0.5,user_entry,
Improvements,BG292,292,BG,Show,user_entry,
Improvements,AP293,293,AP,Auto,user_entry,
Improvements,AQ293,293,AQ,Show,user_entry,
Improvements,AR293,293,AR,Show,user_entry,
Improvements,AS293,293,AS,Show,user_entry,
Improvements,AT293,293,AT,Show,user_entry,
Improvements,AU293,293,AU,Show,user_entry,
Improvements,AV293,293,AV,Show,user_entry,
Improvements,AW293,293,AW,Show,user_entry,
Improvements,AX293,293,AX,Show,user_entry,
Improvements,AY293,293,AY,Show,user_entry,
Improvements,AZ293,293,AZ,Show,user_entry,
Improvements,BA293,293,BA,Show,user_entry,
Improvements,BC293,293,BC,Show,user_entry,
Improvements,BE293,293,BE,0.5,user_entry,
Improvements,BG293,293,BG,Show,user_entry,
Improvements,AP294,294,AP,Auto,user_entry,
Improvements,AQ294,294,AQ,Show,user_entry,
Improvements,AR294,294,AR,Show,user_entry,
Improvements,AS294,294,AS,Show,user_entry,
Improvements,AT294,294,AT,Show,user_entry,
Improvements,AU294,294,AU,Show,user_entry,
Improvements,AV294,294,AV,Show,user_entry,
Improvements,AW294,294,AW,Show,user_entry,
Improvements,AX294,294,AX,Show,user_entry,
Improvements,AY294,294,AY,Show,user_entry,
Improvements,AZ294,294,AZ,Show,user_entry,
Improvements,BA294,294,BA,Show,user_entry,
Improvements,BC294,294,BC,Show,user_entry,
Improvements,BE294,294,BE,0.5,user_entry,
Improvements,BG294,294,BG,Show,user_entry,
Improvements,AP295,295,AP,Auto,user_entry,
Improvements,AQ295,295,AQ,Auto,user_entry,
Improvements,AR295,295,AR,Auto,user_entry,
Improvements,AS295,295,AS,Auto,user_entry,
Improvements,AT295,295,AT,Auto,user_entry,
Improvements,AU295,295,AU,Auto,user_entry,
Improvements,AV295,295,AV,Auto,user_entry,
Improvements,AW295,295,AW,Auto,user_entry,
Improvements,AX295,295,AX,Auto,user_entry,
Improvements,AY295,295,AY,Auto,user_entry,
Improvements,AZ295,295,AZ,Auto,user_entry,
Improvements,BA295,295,BA,Auto,user_entry,
Improvements,BC295,295,BC,Auto,user_entry,
Improvements,BE295,295,BE,1.0,user_entry,
Improvements,BG295,295,BG,Auto,user_entry,
Improvements,AP296,296,AP,Hide,user_entry,
Improvements,AQ296,296,AQ,Hide,user_entry,
Improvements,AR296,296,AR,Hide,user_entry,
Improvements,AS296,296,AS,Hide,user_entry,
Improvements,AT296,296,AT,Show,user_entry,
Improvements,AU296,296,AU,Show,user_entry,
Improvements,AV296,296,AV,Show,user_entry,
Improvements,AW296,296,AW,Show,user_entry,
Improvements,AX296,296,AX,Hide,user_entry,
Improvements,AY296,296,AY,Show,user_entry,
Improvements,AZ296,296,AZ,Auto,user_entry,
Improvements,BA296,296,BA,Hide,user_entry,
Improvements,BC296,296,BC,Hide,user_entry,
Improvements,BD296,296,BD,0.0,user_entry,
Improvements,BE296,296,BE,0x7,user_entry,
Improvements,BF296,296,BF,40.0,user_entry,
Improvements,BG296,296,BG,Hide,user_entry,
Improvements,AP297,297,AP,Hide,user_entry,
Improvements,AQ297,297,AQ,Hide,user_entry,
Improvements,AR297,297,AR,Hide,user_entry,
Improvements,AS297,297,AS,Hide,user_entry,
Improvements,AT297,297,AT,Hide,user_entry,
Improvements,AU297,297,AU,Hide,user_entry,
Improvements,AV297,297,AV,Hide,user_entry,
Improvements,AW297,297,AW,Hide,user_entry,
Improvements,AX297,297,AX,Hide,user_entry,
Improvements,AY297,297,AY,Hide,user_entry,
Improvements,AZ297,297,AZ,Show,user_entry,
Improvements,BA297,297,BA,Hide,user_entry,
Improvements,BC297,297,BC,Hide,user_entry,
Improvements,BD297,297,BD,0.0,user_entry,
Improvements,BE297,297,BE,0x7,user_entry,
Improvements,BF297,297,BF,5.0,user_entry,
Improvements,BG297,297,BG,Hide,user_entry,
Improvements,AP298,298,AP,Hide,user_entry,
Improvements,AQ298,298,AQ,Show,user_entry,
Improvements,AR298,298,AR,Show,user_entry,
Improvements,AS298,298,AS,Show,user_entry,
Improvements,AT298,298,AT,Show,user_entry,
Improvements,AU298,298,AU,Show,user_entry,
Improvements,AV298,298,AV,Show,user_entry,
Improvements,AW298,298,AW,Show,user_entry,
Improvements,AX298,298,AX,Hide,user_entry,
Improvements,AY298,298,AY,Show,user_entry,
Improvements,AZ298,298,AZ,Show,user_entry,
Improvements,BA298,298,BA,Show,user_entry,
Improvements,BC298,298,BC,Show,user_entry,
Improvements,BD298,298,BD,1.0,user_entry,
Improvements,BE298,298,BE,1.0,user_entry,
Improvements,BF298,298,BF,41.0,user_entry,
Improvements,BG298,298,BG,Show,user_entry,
Improvements,AP299,299,AP,Hide,user_entry,
Improvements,AQ299,299,AQ,Show,user_entry,
Improvements,AR299,299,AR,Show,user_entry,
Improvements,AS299,299,AS,Show,user_entry,
Improvements,AT299,299,AT,Show,user_entry,
Improvements,AU299,299,AU,Show,user_entry,
Improvements,AV299,299,AV,Show,user_entry,
Improvements,AW299,299,AW,Show,user_entry,
Improvements,AX299,299,AX,Hide,user_entry,
Improvements,AY299,299,AY,Show,user_entry,
Improvements,AZ299,299,AZ,Show,user_entry,
Improvements,BA299,299,BA,Hide,user_entry,
Improvements,BC299,299,BC,Show,user_entry,
Improvements,BD299,299,BD,2.0,user_entry,
Improvements,BE299,299,BE,1.0,user_entry,
Improvements,BF299,299,BF,42.0,user_entry,
Improvements,BG299,299,BG,Show,user_entry,
Improvements,AP300,300,AP,Hide,user_entry,
Improvements,AQ300,300,AQ,Show,user_entry,
Improvements,AR300,300,AR,Show,user_entry,
Improvements,AS300,300,AS,Hide,user_entry,
Improvements,AT300,300,AT,Show,user_entry,
Improvements,AU300,300,AU,Show,user_entry,
Improvements,AV300,300,AV,Show,user_entry,
Improvements,AW300,300,AW,Show,user_entry,
Improvements,AX300,300,AX,Show,user_entry,
Improvements,AY300,300,AY,Show,user_entry,
Improvements,AZ300,300,AZ,Show,user_entry,
Improvements,BA300,300,BA,Show,user_entry,
Improvements,BC300,300,BC,Show,user_entry,
Improvements,BD300,300,BD,3.0,user_entry,
Improvements,BE300,300,BE,0.5,user_entry,
Improvements,BF300,300,BF,49.0,user_entry,
Improvements,BG300,300,BG,Show,user_entry,
