tab,cell,row,col,value,field_type,formula
MF Market Rent,C1,1,C,Rent Roll Master Header>>,user_entry,
MF Market Rent,D1,1,D,Unit Type Unit Name,user_entry,
MF Market Rent,E1,1,E,Unit Type,user_entry,
MF Market Rent,F1,1,F,Unit Name,user_entry,
MF Market Rent,T1,1,T,VeryHidden,user_entry,
MF Market Rent,Y1,1,Y,# of Units,user_entry,
MF Market Rent,Z1,1,Z,Calc,user_entry,
MF Market Rent,AA1,1,AA,Total SF,user_entry,
MF Market Rent,AB1,1,AB,Occupancy Type,user_entry,
MF Market Rent,AD1,1,AD,Occupancy Type,user_entry,
MF Market Rent,AE1,1,AE,Occupancy Type,user_entry,
MF Market Rent,AF1,1,AF,Occupancy Type,user_entry,
MF Market Rent,AO1,1,AO,Calc,user_entry,
MF Market Rent,AP1,1,AP,Total Asking,user_entry,
MF Market Rent,AV1,1,AV,Total Contract,user_entry,
MF Market Rent,C2,2,C,Rent Roll Master Column Index>>,user_entry,
MF Market Rent,D2,2,D,61.0,user_entry,
MF Market Rent,E2,2,E,59.0,user_entry,
MF Market Rent,F2,2,F,60.0,user_entry,
MF Market Rent,T2,2,T,VeryHidden,user_entry,
MF Market Rent,Y2,2,Y,3.0,user_entry,
MF Market Rent,Z2,2,Z,-1.0,user_entry,
MF Market Rent,AA2,2,AA,13.0,user_entry,
MF Market Rent,AB2,2,AB,30.0,user_entry,
MF Market Rent,AD2,2,AD,30.0,user_entry,
MF Market Rent,AE2,2,AE,30.0,user_entry,
MF Market Rent,AF2,2,AF,30.0,user_entry,
MF Market Rent,AO2,2,AO,-1.0,user_entry,
MF Market Rent,AP2,2,AP,40.0,user_entry,
MF Market Rent,AV2,2,AV,42.0,user_entry,
MF Market Rent,T3,3,T,VeryHidden,user_entry,
MF Market Rent,AB3,3,AB,Leased,user_entry,
MF Market Rent,AD3,3,AD,Model,user_entry,
MF Market Rent,AE3,3,AE,Employee,user_entry,
MF Market Rent,AF3,3,AF,Vacant,user_entry,
MF Market Rent,A4,4,A,VeryHidden,user_entry,
MF Market Rent,B4,4,B,VeryHidden,user_entry,
MF Market Rent,C4,4,C,VeryHidden,user_entry,
MF Market Rent,D4,4,D,VeryHidden,user_entry,
MF Market Rent,E4,4,E,VeryHidden,user_entry,
MF Market Rent,F4,4,F,VeryHidden,user_entry,
MF Market Rent,G4,4,G,VeryHidden,user_entry,
MF Market Rent,H4,4,H,VeryHidden,user_entry,
MF Market Rent,I4,4,I,VeryHidden,user_entry,
MF Market Rent,J4,4,J,VeryHidden,user_entry,
MF Market Rent,K4,4,K,VeryHidden,user_entry,
MF Market Rent,L4,4,L,VeryHidden,user_entry,
MF Market Rent,M4,4,M,VeryHidden,user_entry,
MF Market Rent,N4,4,N,VeryHidden,user_entry,
MF Market Rent,O4,4,O,VeryHidden,user_entry,
MF Market Rent,P4,4,P,VeryHidden,user_entry,
MF Market Rent,Q4,4,Q,VeryHidden,user_entry,
MF Market Rent,R4,4,R,VeryHidden,user_entry,
MF Market Rent,S4,4,S,VeryHidden,user_entry,
MF Market Rent,T4,4,T,VeryHidden,user_entry,
MF Market Rent,U4,4,U,VeryHidden,user_entry,
MF Market Rent,V4,4,V,VeryHidden,user_entry,
MF Market Rent,AP4,4,AP,0x7,user_entry,
MF Market Rent,AS4,4,AS,0x7,user_entry,
MF Market Rent,AT4,4,AT,1.0,user_entry,
MF Market Rent,AU4,4,AU,0x7,user_entry,
MF Market Rent,AV4,4,AV,0x7,user_entry,
MF Market Rent,AW4,4,AW,1.0,user_entry,
MF Market Rent,AX4,4,AX,1.0,user_entry,
MF Market Rent,AY4,4,AY,1.0,user_entry,
MF Market Rent,BF4,4,BF,1.0,user_entry,
MF Market Rent,BG4,4,BG,0x7,user_entry,
MF Market Rent,BH4,4,BH,0x7,user_entry,
MF Market Rent,X5,5,X,Display:,user_entry,
MF Market Rent,AP5,5,AP,Hide,user_entry,
MF Market Rent,AS5,5,AS,Hide,user_entry,
MF Market Rent,AT5,5,AT,Auto,user_entry,
MF Market Rent,AU5,5,AU,Hide,user_entry,
MF Market Rent,AV5,5,AV,Hide,user_entry,
MF Market Rent,AW5,5,AW,Auto,user_entry,
MF Market Rent,AY5,5,AY,Auto,user_entry,
MF Market Rent,BF5,5,BF,Auto,user_entry,
MF Market Rent,BG5,5,BG,Hide,user_entry,
MF Market Rent,BH5,5,BH,Hide,user_entry,
MF Market Rent,X6,6,X,Unit Type,user_entry,
MF Market Rent,Y8,8,Y,# of Units,user_entry,
MF Market Rent,Z8,8,Z,Avg. Size (SF),user_entry,
MF Market Rent,AA8,8,AA,Rentable Area (SF),user_entry,
MF Market Rent,AB8,8,AB,Leased Units,user_entry,
MF Market Rent,AC8,8,AC,Leased SF,user_entry,
MF Market Rent,AD8,8,AD,Model Units,user_entry,
MF Market Rent,AE8,8,AE,Employee Units,user_entry,
MF Market Rent,AF8,8,AF,Vacant Units,user_entry,
MF Market Rent,AG8,8,AG,% Units Vacant,user_entry,
MF Market Rent,AL8,8,AL,# of Units,user_entry,
MF Market Rent,AM8,8,AM,Avg. Size (SF),user_entry,
MF Market Rent,AO8,8,AO,Asking Rent,user_entry,
MF Market Rent,AS8,8,AS,Contract Rent,user_entry,
MF Market Rent,AY8,8,AY,Contract % of Ask,user_entry,
MF Market Rent,BD8,8,BD,# of Units,user_entry,
MF Market Rent,BE8,8,BE,Avg. Size (SF),user_entry,
MF Market Rent,BG8,8,BG,Monthly,user_entry,
MF Market Rent,T9,9,T,0x7,user_entry,
MF Market Rent,A10,10,A,SpaceType_MF #,user_entry,
MF Market Rent,B10,10,B,Unit Type #,user_entry,
MF Market Rent,C10,10,C,Unit Grid,user_entry,
MF Market Rent,D10,10,D,Unit Type Unit Name,user_entry,
MF Market Rent,E10,10,E,Unit Type,user_entry,
MF Market Rent,F10,10,F,Unit Name,user_entry,
MF Market Rent,G10,10,G,# Units,user_entry,
MF Market Rent,H10,10,H,Avg Size,user_entry,
MF Market Rent,J10,10,J,Rank Score,user_entry,
MF Market Rent,K10,10,K,Rank,user_entry,
MF Market Rent,L10,10,L,Comp Unit Grid,user_entry,
MF Market Rent,M10,10,M,Aff Comp Unit Grid,user_entry,
MF Market Rent,P10,10,P,Sorted Unit Grid_Unit Type Unit Name,user_entry,
MF Market Rent,Q10,10,Q,Sorted Unit Type Uint Name,user_entry,
MF Market Rent,R10,10,R,Sorted Comp Unit Grid,user_entry,
MF Market Rent,S10,10,S,Sorted Aff Comp Unit Grid,user_entry,
MF Market Rent,X10,10,X,Unit Types,user_entry,
MF Market Rent,AK10,10,AK,Unit Types,user_entry,
MF Market Rent,AO10,10,AO,Average,user_entry,
MF Market Rent,AP10,10,AP,Total,user_entry,
MF Market Rent,AQ10,10,AQ,Avg PSF,user_entry,
MF Market Rent,AS10,10,AS,Min,user_entry,
MF Market Rent,AT10,10,AT,Average,user_entry,
MF Market Rent,AU10,10,AU,Max,user_entry,
MF Market Rent,AV10,10,AV,Total,user_entry,
MF Market Rent,AW10,10,AW,Avg. PSF,user_entry,
MF Market Rent,BC10,10,BC,Unit Types,user_entry,
MF Market Rent,BG10,10,BG,Asking Rent,user_entry,
MF Market Rent,BH10,10,BH,Contract Rent (1),user_entry,
MF Market Rent,A11,11,A,1.0,user_entry,
MF Market Rent,G11,11,G,0.0,user_entry,
MF Market Rent,P11,11,P,_Total,user_entry,
MF Market Rent,Q11,11,Q,Total,user_entry,
MF Market Rent,T11,11,T,0x7,user_entry,
MF Market Rent,Y11,11,Y,0.0,user_entry,
MF Market Rent,Z11,11,Z,0.0,user_entry,
MF Market Rent,AA11,11,AA,0.0,user_entry,
MF Market Rent,AB11,11,AB,0.0,user_entry,
MF Market Rent,AC11,11,AC,0.0,user_entry,
MF Market Rent,AD11,11,AD,0.0,user_entry,
MF Market Rent,AE11,11,AE,0.0,user_entry,
MF Market Rent,AF11,11,AF,0.0,user_entry,
MF Market Rent,AL11,11,AL,0.0,user_entry,
MF Market Rent,AM11,11,AM,0.0,user_entry,
MF Market Rent,AP11,11,AP,0.0,user_entry,
MF Market Rent,AS11,11,AS,0.0,user_entry,
MF Market Rent,AU11,11,AU,0.0,user_entry,
MF Market Rent,AV11,11,AV,0.0,user_entry,
MF Market Rent,BD11,11,BD,0.0,user_entry,
MF Market Rent,BE11,11,BE,0.0,user_entry,
MF Market Rent,A12,12,A,1.0,user_entry,
MF Market Rent,B12,12,B,1.0,user_entry,
MF Market Rent,G12,12,G,0.0,user_entry,
MF Market Rent,H12,12,H,0x7,user_entry,
MF Market Rent,O12,12,O,-1.0,user_entry,
MF Market Rent,P12,12,P,_,user_entry,
MF Market Rent,T12,12,T,0x7,user_entry,
MF Market Rent,Y12,12,Y,0.0,user_entry,
MF Market Rent,AA12,12,AA,0.0,user_entry,
MF Market Rent,AB12,12,AB,0.0,user_entry,
MF Market Rent,AC12,12,AC,0.0,user_entry,
MF Market Rent,AD12,12,AD,0.0,user_entry,
MF Market Rent,AE12,12,AE,0.0,user_entry,
MF Market Rent,AF12,12,AF,0.0,user_entry,
MF Market Rent,AL12,12,AL,0.0,user_entry,
MF Market Rent,AP12,12,AP,0.0,user_entry,
MF Market Rent,AU12,12,AU,0.0,user_entry,
MF Market Rent,AV12,12,AV,0.0,user_entry,
MF Market Rent,BD12,12,BD,0.0,user_entry,
MF Market Rent,A13,13,A,1.0,user_entry,
MF Market Rent,B13,13,B,2.0,user_entry,
MF Market Rent,G13,13,G,0.0,user_entry,
MF Market Rent,H13,13,H,0x7,user_entry,
MF Market Rent,O13,13,O,-1.0,user_entry,
MF Market Rent,P13,13,P,_,user_entry,
MF Market Rent,T13,13,T,0x7,user_entry,
MF Market Rent,Y13,13,Y,0.0,user_entry,
MF Market Rent,AA13,13,AA,0.0,user_entry,
MF Market Rent,AB13,13,AB,0.0,user_entry,
MF Market Rent,AC13,13,AC,0.0,user_entry,
MF Market Rent,AD13,13,AD,0.0,user_entry,
MF Market Rent,AE13,13,AE,0.0,user_entry,
MF Market Rent,AF13,13,AF,0.0,user_entry,
MF Market Rent,AL13,13,AL,0.0,user_entry,
MF Market Rent,AP13,13,AP,0.0,user_entry,
MF Market Rent,AU13,13,AU,0.0,user_entry,
MF Market Rent,AV13,13,AV,0.0,user_entry,
MF Market Rent,BD13,13,BD,0.0,user_entry,
MF Market Rent,A14,14,A,1.0,user_entry,
MF Market Rent,B14,14,B,3.0,user_entry,
MF Market Rent,G14,14,G,0.0,user_entry,
MF Market Rent,H14,14,H,0x7,user_entry,
MF Market Rent,O14,14,O,-1.0,user_entry,
MF Market Rent,P14,14,P,_,user_entry,
MF Market Rent,T14,14,T,0x7,user_entry,
MF Market Rent,Y14,14,Y,0.0,user_entry,
MF Market Rent,AA14,14,AA,0.0,user_entry,
MF Market Rent,AB14,14,AB,0.0,user_entry,
MF Market Rent,AC14,14,AC,0.0,user_entry,
MF Market Rent,AD14,14,AD,0.0,user_entry,
MF Market Rent,AE14,14,AE,0.0,user_entry,
MF Market Rent,AF14,14,AF,0.0,user_entry,
MF Market Rent,AL14,14,AL,0.0,user_entry,
MF Market Rent,AP14,14,AP,0.0,user_entry,
MF Market Rent,AU14,14,AU,0.0,user_entry,
MF Market Rent,AV14,14,AV,0.0,user_entry,
MF Market Rent,BD14,14,BD,0.0,user_entry,
MF Market Rent,A15,15,A,1.0,user_entry,
MF Market Rent,B15,15,B,4.0,user_entry,
MF Market Rent,G15,15,G,0.0,user_entry,
MF Market Rent,H15,15,H,0x7,user_entry,
MF Market Rent,O15,15,O,-1.0,user_entry,
MF Market Rent,P15,15,P,_,user_entry,
MF Market Rent,T15,15,T,0x7,user_entry,
MF Market Rent,Y15,15,Y,0.0,user_entry,
MF Market Rent,AA15,15,AA,0.0,user_entry,
MF Market Rent,AB15,15,AB,0.0,user_entry,
MF Market Rent,AC15,15,AC,0.0,user_entry,
MF Market Rent,AD15,15,AD,0.0,user_entry,
MF Market Rent,AE15,15,AE,0.0,user_entry,
MF Market Rent,AF15,15,AF,0.0,user_entry,
MF Market Rent,AL15,15,AL,0.0,user_entry,
MF Market Rent,AP15,15,AP,0.0,user_entry,
MF Market Rent,AU15,15,AU,0.0,user_entry,
MF Market Rent,AV15,15,AV,0.0,user_entry,
MF Market Rent,BD15,15,BD,0.0,user_entry,
MF Market Rent,A16,16,A,1.0,user_entry,
MF Market Rent,B16,16,B,5.0,user_entry,
MF Market Rent,G16,16,G,0.0,user_entry,
MF Market Rent,H16,16,H,0x7,user_entry,
MF Market Rent,O16,16,O,-1.0,user_entry,
MF Market Rent,P16,16,P,_,user_entry,
MF Market Rent,T16,16,T,0x7,user_entry,
MF Market Rent,Y16,16,Y,0.0,user_entry,
MF Market Rent,AA16,16,AA,0.0,user_entry,
MF Market Rent,AB16,16,AB,0.0,user_entry,
MF Market Rent,AC16,16,AC,0.0,user_entry,
MF Market Rent,AD16,16,AD,0.0,user_entry,
MF Market Rent,AE16,16,AE,0.0,user_entry,
MF Market Rent,AF16,16,AF,0.0,user_entry,
MF Market Rent,AL16,16,AL,0.0,user_entry,
MF Market Rent,AP16,16,AP,0.0,user_entry,
MF Market Rent,AU16,16,AU,0.0,user_entry,
MF Market Rent,AV16,16,AV,0.0,user_entry,
MF Market Rent,BD16,16,BD,0.0,user_entry,
MF Market Rent,A17,17,A,1.0,user_entry,
MF Market Rent,B17,17,B,6.0,user_entry,
MF Market Rent,G17,17,G,0.0,user_entry,
MF Market Rent,H17,17,H,0x7,user_entry,
MF Market Rent,O17,17,O,-1.0,user_entry,
MF Market Rent,P17,17,P,_,user_entry,
MF Market Rent,T17,17,T,0x7,user_entry,
MF Market Rent,Y17,17,Y,0.0,user_entry,
MF Market Rent,AA17,17,AA,0.0,user_entry,
MF Market Rent,AB17,17,AB,0.0,user_entry,
MF Market Rent,AC17,17,AC,0.0,user_entry,
MF Market Rent,AD17,17,AD,0.0,user_entry,
MF Market Rent,AE17,17,AE,0.0,user_entry,
MF Market Rent,AF17,17,AF,0.0,user_entry,
MF Market Rent,AL17,17,AL,0.0,user_entry,
MF Market Rent,AP17,17,AP,0.0,user_entry,
MF Market Rent,AU17,17,AU,0.0,user_entry,
MF Market Rent,AV17,17,AV,0.0,user_entry,
MF Market Rent,BD17,17,BD,0.0,user_entry,
MF Market Rent,A18,18,A,1.0,user_entry,
MF Market Rent,B18,18,B,7.0,user_entry,
MF Market Rent,G18,18,G,0.0,user_entry,
MF Market Rent,H18,18,H,0x7,user_entry,
MF Market Rent,O18,18,O,-1.0,user_entry,
MF Market Rent,P18,18,P,_,user_entry,
MF Market Rent,T18,18,T,0x7,user_entry,
MF Market Rent,Y18,18,Y,0.0,user_entry,
MF Market Rent,AA18,18,AA,0.0,user_entry,
MF Market Rent,AB18,18,AB,0.0,user_entry,
MF Market Rent,AC18,18,AC,0.0,user_entry,
MF Market Rent,AD18,18,AD,0.0,user_entry,
MF Market Rent,AE18,18,AE,0.0,user_entry,
MF Market Rent,AF18,18,AF,0.0,user_entry,
MF Market Rent,AL18,18,AL,0.0,user_entry,
MF Market Rent,AP18,18,AP,0.0,user_entry,
MF Market Rent,AU18,18,AU,0.0,user_entry,
MF Market Rent,AV18,18,AV,0.0,user_entry,
MF Market Rent,BD18,18,BD,0.0,user_entry,
MF Market Rent,A19,19,A,1.0,user_entry,
MF Market Rent,B19,19,B,8.0,user_entry,
MF Market Rent,G19,19,G,0.0,user_entry,
MF Market Rent,H19,19,H,0x7,user_entry,
MF Market Rent,O19,19,O,-1.0,user_entry,
MF Market Rent,P19,19,P,_,user_entry,
MF Market Rent,T19,19,T,0x7,user_entry,
MF Market Rent,Y19,19,Y,0.0,user_entry,
MF Market Rent,AA19,19,AA,0.0,user_entry,
MF Market Rent,AB19,19,AB,0.0,user_entry,
MF Market Rent,AC19,19,AC,0.0,user_entry,
MF Market Rent,AD19,19,AD,0.0,user_entry,
MF Market Rent,AE19,19,AE,0.0,user_entry,
MF Market Rent,AF19,19,AF,0.0,user_entry,
MF Market Rent,AL19,19,AL,0.0,user_entry,
MF Market Rent,AP19,19,AP,0.0,user_entry,
MF Market Rent,AU19,19,AU,0.0,user_entry,
MF Market Rent,AV19,19,AV,0.0,user_entry,
MF Market Rent,BD19,19,BD,0.0,user_entry,
MF Market Rent,A20,20,A,1.0,user_entry,
MF Market Rent,B20,20,B,9.0,user_entry,
MF Market Rent,G20,20,G,0.0,user_entry,
MF Market Rent,H20,20,H,0x7,user_entry,
MF Market Rent,O20,20,O,-1.0,user_entry,
MF Market Rent,P20,20,P,_,user_entry,
MF Market Rent,T20,20,T,0x7,user_entry,
MF Market Rent,Y20,20,Y,0.0,user_entry,
MF Market Rent,AA20,20,AA,0.0,user_entry,
MF Market Rent,AB20,20,AB,0.0,user_entry,
MF Market Rent,AC20,20,AC,0.0,user_entry,
MF Market Rent,AD20,20,AD,0.0,user_entry,
MF Market Rent,AE20,20,AE,0.0,user_entry,
MF Market Rent,AF20,20,AF,0.0,user_entry,
MF Market Rent,AL20,20,AL,0.0,user_entry,
MF Market Rent,AP20,20,AP,0.0,user_entry,
MF Market Rent,AU20,20,AU,0.0,user_entry,
MF Market Rent,AV20,20,AV,0.0,user_entry,
MF Market Rent,BD20,20,BD,0.0,user_entry,
MF Market Rent,A21,21,A,1.0,user_entry,
MF Market Rent,B21,21,B,10.0,user_entry,
MF Market Rent,G21,21,G,0.0,user_entry,
MF Market Rent,H21,21,H,0x7,user_entry,
MF Market Rent,O21,21,O,-1.0,user_entry,
MF Market Rent,P21,21,P,_,user_entry,
MF Market Rent,T21,21,T,0x7,user_entry,
MF Market Rent,Y21,21,Y,0.0,user_entry,
MF Market Rent,AA21,21,AA,0.0,user_entry,
MF Market Rent,AB21,21,AB,0.0,user_entry,
MF Market Rent,AC21,21,AC,0.0,user_entry,
MF Market Rent,AD21,21,AD,0.0,user_entry,
MF Market Rent,AE21,21,AE,0.0,user_entry,
MF Market Rent,AF21,21,AF,0.0,user_entry,
MF Market Rent,AL21,21,AL,0.0,user_entry,
MF Market Rent,AP21,21,AP,0.0,user_entry,
MF Market Rent,AU21,21,AU,0.0,user_entry,
MF Market Rent,AV21,21,AV,0.0,user_entry,
MF Market Rent,BD21,21,BD,0.0,user_entry,
MF Market Rent,A22,22,A,1.0,user_entry,
MF Market Rent,B22,22,B,11.0,user_entry,
MF Market Rent,G22,22,G,0.0,user_entry,
MF Market Rent,H22,22,H,0x7,user_entry,
MF Market Rent,O22,22,O,-1.0,user_entry,
MF Market Rent,P22,22,P,_,user_entry,
MF Market Rent,T22,22,T,0x7,user_entry,
MF Market Rent,Y22,22,Y,0.0,user_entry,
MF Market Rent,AA22,22,AA,0.0,user_entry,
MF Market Rent,AB22,22,AB,0.0,user_entry,
MF Market Rent,AC22,22,AC,0.0,user_entry,
MF Market Rent,AD22,22,AD,0.0,user_entry,
MF Market Rent,AE22,22,AE,0.0,user_entry,
MF Market Rent,AF22,22,AF,0.0,user_entry,
MF Market Rent,AL22,22,AL,0.0,user_entry,
MF Market Rent,AP22,22,AP,0.0,user_entry,
MF Market Rent,AU22,22,AU,0.0,user_entry,
MF Market Rent,AV22,22,AV,0.0,user_entry,
MF Market Rent,BD22,22,BD,0.0,user_entry,
MF Market Rent,A23,23,A,1.0,user_entry,
MF Market Rent,B23,23,B,12.0,user_entry,
MF Market Rent,G23,23,G,0.0,user_entry,
MF Market Rent,H23,23,H,0x7,user_entry,
MF Market Rent,O23,23,O,-1.0,user_entry,
MF Market Rent,P23,23,P,_,user_entry,
MF Market Rent,T23,23,T,0x7,user_entry,
MF Market Rent,Y23,23,Y,0.0,user_entry,
MF Market Rent,AA23,23,AA,0.0,user_entry,
MF Market Rent,AB23,23,AB,0.0,user_entry,
MF Market Rent,AC23,23,AC,0.0,user_entry,
MF Market Rent,AD23,23,AD,0.0,user_entry,
MF Market Rent,AE23,23,AE,0.0,user_entry,
MF Market Rent,AF23,23,AF,0.0,user_entry,
MF Market Rent,AL23,23,AL,0.0,user_entry,
MF Market Rent,AP23,23,AP,0.0,user_entry,
MF Market Rent,AU23,23,AU,0.0,user_entry,
MF Market Rent,AV23,23,AV,0.0,user_entry,
MF Market Rent,BD23,23,BD,0.0,user_entry,
MF Market Rent,A24,24,A,1.0,user_entry,
MF Market Rent,B24,24,B,13.0,user_entry,
MF Market Rent,G24,24,G,0.0,user_entry,
MF Market Rent,H24,24,H,0x7,user_entry,
MF Market Rent,O24,24,O,-1.0,user_entry,
MF Market Rent,P24,24,P,_,user_entry,
MF Market Rent,T24,24,T,0x7,user_entry,
MF Market Rent,Y24,24,Y,0.0,user_entry,
MF Market Rent,AA24,24,AA,0.0,user_entry,
MF Market Rent,AB24,24,AB,0.0,user_entry,
MF Market Rent,AC24,24,AC,0.0,user_entry,
MF Market Rent,AD24,24,AD,0.0,user_entry,
MF Market Rent,AE24,24,AE,0.0,user_entry,
MF Market Rent,AF24,24,AF,0.0,user_entry,
MF Market Rent,AL24,24,AL,0.0,user_entry,
MF Market Rent,AP24,24,AP,0.0,user_entry,
MF Market Rent,AU24,24,AU,0.0,user_entry,
MF Market Rent,AV24,24,AV,0.0,user_entry,
MF Market Rent,BD24,24,BD,0.0,user_entry,
MF Market Rent,A25,25,A,1.0,user_entry,
MF Market Rent,B25,25,B,14.0,user_entry,
MF Market Rent,G25,25,G,0.0,user_entry,
MF Market Rent,H25,25,H,0x7,user_entry,
MF Market Rent,O25,25,O,-1.0,user_entry,
MF Market Rent,P25,25,P,_,user_entry,
MF Market Rent,T25,25,T,0x7,user_entry,
MF Market Rent,Y25,25,Y,0.0,user_entry,
MF Market Rent,AA25,25,AA,0.0,user_entry,
MF Market Rent,AB25,25,AB,0.0,user_entry,
MF Market Rent,AC25,25,AC,0.0,user_entry,
MF Market Rent,AD25,25,AD,0.0,user_entry,
MF Market Rent,AE25,25,AE,0.0,user_entry,
MF Market Rent,AF25,25,AF,0.0,user_entry,
MF Market Rent,AL25,25,AL,0.0,user_entry,
MF Market Rent,AP25,25,AP,0.0,user_entry,
MF Market Rent,AU25,25,AU,0.0,user_entry,
MF Market Rent,AV25,25,AV,0.0,user_entry,
MF Market Rent,BD25,25,BD,0.0,user_entry,
MF Market Rent,A26,26,A,1.0,user_entry,
MF Market Rent,B26,26,B,15.0,user_entry,
MF Market Rent,G26,26,G,0.0,user_entry,
MF Market Rent,H26,26,H,0x7,user_entry,
MF Market Rent,O26,26,O,-1.0,user_entry,
MF Market Rent,P26,26,P,_,user_entry,
MF Market Rent,T26,26,T,0x7,user_entry,
MF Market Rent,Y26,26,Y,0.0,user_entry,
MF Market Rent,AA26,26,AA,0.0,user_entry,
MF Market Rent,AB26,26,AB,0.0,user_entry,
MF Market Rent,AC26,26,AC,0.0,user_entry,
MF Market Rent,AD26,26,AD,0.0,user_entry,
MF Market Rent,AE26,26,AE,0.0,user_entry,
MF Market Rent,AF26,26,AF,0.0,user_entry,
MF Market Rent,AL26,26,AL,0.0,user_entry,
MF Market Rent,AP26,26,AP,0.0,user_entry,
MF Market Rent,AU26,26,AU,0.0,user_entry,
MF Market Rent,AV26,26,AV,0.0,user_entry,
MF Market Rent,BD26,26,BD,0.0,user_entry,
MF Market Rent,A27,27,A,1.0,user_entry,
MF Market Rent,B27,27,B,16.0,user_entry,
MF Market Rent,G27,27,G,0.0,user_entry,
MF Market Rent,H27,27,H,0x7,user_entry,
MF Market Rent,O27,27,O,-1.0,user_entry,
MF Market Rent,P27,27,P,_,user_entry,
MF Market Rent,T27,27,T,0x7,user_entry,
MF Market Rent,Y27,27,Y,0.0,user_entry,
MF Market Rent,AA27,27,AA,0.0,user_entry,
MF Market Rent,AB27,27,AB,0.0,user_entry,
MF Market Rent,AC27,27,AC,0.0,user_entry,
MF Market Rent,AD27,27,AD,0.0,user_entry,
MF Market Rent,AE27,27,AE,0.0,user_entry,
MF Market Rent,AF27,27,AF,0.0,user_entry,
MF Market Rent,AL27,27,AL,0.0,user_entry,
MF Market Rent,AP27,27,AP,0.0,user_entry,
MF Market Rent,AU27,27,AU,0.0,user_entry,
MF Market Rent,AV27,27,AV,0.0,user_entry,
MF Market Rent,BD27,27,BD,0.0,user_entry,
MF Market Rent,A28,28,A,1.0,user_entry,
MF Market Rent,B28,28,B,17.0,user_entry,
MF Market Rent,G28,28,G,0.0,user_entry,
MF Market Rent,H28,28,H,0x7,user_entry,
MF Market Rent,O28,28,O,-1.0,user_entry,
MF Market Rent,P28,28,P,_,user_entry,
MF Market Rent,T28,28,T,0x7,user_entry,
MF Market Rent,Y28,28,Y,0.0,user_entry,
MF Market Rent,AA28,28,AA,0.0,user_entry,
MF Market Rent,AB28,28,AB,0.0,user_entry,
MF Market Rent,AC28,28,AC,0.0,user_entry,
MF Market Rent,AD28,28,AD,0.0,user_entry,
MF Market Rent,AE28,28,AE,0.0,user_entry,
MF Market Rent,AF28,28,AF,0.0,user_entry,
MF Market Rent,AL28,28,AL,0.0,user_entry,
MF Market Rent,AP28,28,AP,0.0,user_entry,
MF Market Rent,AU28,28,AU,0.0,user_entry,
MF Market Rent,AV28,28,AV,0.0,user_entry,
MF Market Rent,BD28,28,BD,0.0,user_entry,
MF Market Rent,A29,29,A,1.0,user_entry,
MF Market Rent,B29,29,B,18.0,user_entry,
MF Market Rent,G29,29,G,0.0,user_entry,
MF Market Rent,H29,29,H,0x7,user_entry,
MF Market Rent,O29,29,O,-1.0,user_entry,
MF Market Rent,P29,29,P,_,user_entry,
MF Market Rent,T29,29,T,0x7,user_entry,
MF Market Rent,Y29,29,Y,0.0,user_entry,
MF Market Rent,AA29,29,AA,0.0,user_entry,
MF Market Rent,AB29,29,AB,0.0,user_entry,
MF Market Rent,AC29,29,AC,0.0,user_entry,
MF Market Rent,AD29,29,AD,0.0,user_entry,
MF Market Rent,AE29,29,AE,0.0,user_entry,
MF Market Rent,AF29,29,AF,0.0,user_entry,
MF Market Rent,AL29,29,AL,0.0,user_entry,
MF Market Rent,AP29,29,AP,0.0,user_entry,
MF Market Rent,AU29,29,AU,0.0,user_entry,
MF Market Rent,AV29,29,AV,0.0,user_entry,
MF Market Rent,BD29,29,BD,0.0,user_entry,
MF Market Rent,A30,30,A,1.0,user_entry,
MF Market Rent,B30,30,B,19.0,user_entry,
MF Market Rent,G30,30,G,0.0,user_entry,
MF Market Rent,H30,30,H,0x7,user_entry,
MF Market Rent,O30,30,O,-1.0,user_entry,
MF Market Rent,P30,30,P,_,user_entry,
MF Market Rent,T30,30,T,0x7,user_entry,
MF Market Rent,Y30,30,Y,0.0,user_entry,
MF Market Rent,AA30,30,AA,0.0,user_entry,
MF Market Rent,AB30,30,AB,0.0,user_entry,
MF Market Rent,AC30,30,AC,0.0,user_entry,
MF Market Rent,AD30,30,AD,0.0,user_entry,
MF Market Rent,AE30,30,AE,0.0,user_entry,
MF Market Rent,AF30,30,AF,0.0,user_entry,
MF Market Rent,AL30,30,AL,0.0,user_entry,
MF Market Rent,AP30,30,AP,0.0,user_entry,
MF Market Rent,AU30,30,AU,0.0,user_entry,
MF Market Rent,AV30,30,AV,0.0,user_entry,
MF Market Rent,BD30,30,BD,0.0,user_entry,
MF Market Rent,A31,31,A,1.0,user_entry,
MF Market Rent,B31,31,B,20.0,user_entry,
MF Market Rent,G31,31,G,0.0,user_entry,
MF Market Rent,H31,31,H,0x7,user_entry,
MF Market Rent,O31,31,O,-1.0,user_entry,
MF Market Rent,P31,31,P,_,user_entry,
MF Market Rent,T31,31,T,0x7,user_entry,
MF Market Rent,Y31,31,Y,0.0,user_entry,
MF Market Rent,AA31,31,AA,0.0,user_entry,
MF Market Rent,AB31,31,AB,0.0,user_entry,
MF Market Rent,AC31,31,AC,0.0,user_entry,
MF Market Rent,AD31,31,AD,0.0,user_entry,
MF Market Rent,AE31,31,AE,0.0,user_entry,
MF Market Rent,AF31,31,AF,0.0,user_entry,
MF Market Rent,AL31,31,AL,0.0,user_entry,
MF Market Rent,AP31,31,AP,0.0,user_entry,
MF Market Rent,AU31,31,AU,0.0,user_entry,
MF Market Rent,AV31,31,AV,0.0,user_entry,
MF Market Rent,BD31,31,BD,0.0,user_entry,
MF Market Rent,A32,32,A,1.0,user_entry,
MF Market Rent,B32,32,B,21.0,user_entry,
MF Market Rent,G32,32,G,0.0,user_entry,
MF Market Rent,H32,32,H,0x7,user_entry,
MF Market Rent,O32,32,O,-1.0,user_entry,
MF Market Rent,P32,32,P,_,user_entry,
MF Market Rent,T32,32,T,0x7,user_entry,
MF Market Rent,Y32,32,Y,0.0,user_entry,
MF Market Rent,AA32,32,AA,0.0,user_entry,
MF Market Rent,AB32,32,AB,0.0,user_entry,
MF Market Rent,AC32,32,AC,0.0,user_entry,
MF Market Rent,AD32,32,AD,0.0,user_entry,
MF Market Rent,AE32,32,AE,0.0,user_entry,
MF Market Rent,AF32,32,AF,0.0,user_entry,
MF Market Rent,AL32,32,AL,0.0,user_entry,
MF Market Rent,AP32,32,AP,0.0,user_entry,
MF Market Rent,AU32,32,AU,0.0,user_entry,
MF Market Rent,AV32,32,AV,0.0,user_entry,
MF Market Rent,BD32,32,BD,0.0,user_entry,
MF Market Rent,A33,33,A,1.0,user_entry,
MF Market Rent,B33,33,B,22.0,user_entry,
MF Market Rent,G33,33,G,0.0,user_entry,
MF Market Rent,H33,33,H,0x7,user_entry,
MF Market Rent,O33,33,O,-1.0,user_entry,
MF Market Rent,P33,33,P,_,user_entry,
MF Market Rent,T33,33,T,0x7,user_entry,
MF Market Rent,Y33,33,Y,0.0,user_entry,
MF Market Rent,AA33,33,AA,0.0,user_entry,
MF Market Rent,AB33,33,AB,0.0,user_entry,
MF Market Rent,AC33,33,AC,0.0,user_entry,
MF Market Rent,AD33,33,AD,0.0,user_entry,
MF Market Rent,AE33,33,AE,0.0,user_entry,
MF Market Rent,AF33,33,AF,0.0,user_entry,
MF Market Rent,AL33,33,AL,0.0,user_entry,
MF Market Rent,AP33,33,AP,0.0,user_entry,
MF Market Rent,AU33,33,AU,0.0,user_entry,
MF Market Rent,AV33,33,AV,0.0,user_entry,
MF Market Rent,BD33,33,BD,0.0,user_entry,
MF Market Rent,A34,34,A,1.0,user_entry,
MF Market Rent,B34,34,B,23.0,user_entry,
MF Market Rent,G34,34,G,0.0,user_entry,
MF Market Rent,H34,34,H,0x7,user_entry,
MF Market Rent,O34,34,O,-1.0,user_entry,
MF Market Rent,P34,34,P,_,user_entry,
MF Market Rent,T34,34,T,0x7,user_entry,
MF Market Rent,Y34,34,Y,0.0,user_entry,
MF Market Rent,AA34,34,AA,0.0,user_entry,
MF Market Rent,AB34,34,AB,0.0,user_entry,
MF Market Rent,AC34,34,AC,0.0,user_entry,
MF Market Rent,AD34,34,AD,0.0,user_entry,
MF Market Rent,AE34,34,AE,0.0,user_entry,
MF Market Rent,AF34,34,AF,0.0,user_entry,
MF Market Rent,AL34,34,AL,0.0,user_entry,
MF Market Rent,AP34,34,AP,0.0,user_entry,
MF Market Rent,AU34,34,AU,0.0,user_entry,
MF Market Rent,AV34,34,AV,0.0,user_entry,
MF Market Rent,BD34,34,BD,0.0,user_entry,
MF Market Rent,A35,35,A,1.0,user_entry,
MF Market Rent,B35,35,B,24.0,user_entry,
MF Market Rent,G35,35,G,0.0,user_entry,
MF Market Rent,H35,35,H,0x7,user_entry,
MF Market Rent,O35,35,O,-1.0,user_entry,
MF Market Rent,P35,35,P,_,user_entry,
MF Market Rent,T35,35,T,0x7,user_entry,
MF Market Rent,Y35,35,Y,0.0,user_entry,
MF Market Rent,AA35,35,AA,0.0,user_entry,
MF Market Rent,AB35,35,AB,0.0,user_entry,
MF Market Rent,AC35,35,AC,0.0,user_entry,
MF Market Rent,AD35,35,AD,0.0,user_entry,
MF Market Rent,AE35,35,AE,0.0,user_entry,
MF Market Rent,AF35,35,AF,0.0,user_entry,
MF Market Rent,AL35,35,AL,0.0,user_entry,
MF Market Rent,AP35,35,AP,0.0,user_entry,
MF Market Rent,AU35,35,AU,0.0,user_entry,
MF Market Rent,AV35,35,AV,0.0,user_entry,
MF Market Rent,BD35,35,BD,0.0,user_entry,
MF Market Rent,A36,36,A,1.0,user_entry,
MF Market Rent,B36,36,B,25.0,user_entry,
MF Market Rent,G36,36,G,0.0,user_entry,
MF Market Rent,H36,36,H,0x7,user_entry,
MF Market Rent,O36,36,O,-1.0,user_entry,
MF Market Rent,P36,36,P,_,user_entry,
MF Market Rent,T36,36,T,0x7,user_entry,
MF Market Rent,Y36,36,Y,0.0,user_entry,
MF Market Rent,AA36,36,AA,0.0,user_entry,
MF Market Rent,AB36,36,AB,0.0,user_entry,
MF Market Rent,AC36,36,AC,0.0,user_entry,
MF Market Rent,AD36,36,AD,0.0,user_entry,
MF Market Rent,AE36,36,AE,0.0,user_entry,
MF Market Rent,AF36,36,AF,0.0,user_entry,
MF Market Rent,AL36,36,AL,0.0,user_entry,
MF Market Rent,AP36,36,AP,0.0,user_entry,
MF Market Rent,AU36,36,AU,0.0,user_entry,
MF Market Rent,AV36,36,AV,0.0,user_entry,
MF Market Rent,BD36,36,BD,0.0,user_entry,
MF Market Rent,A37,37,A,1.0,user_entry,
MF Market Rent,B37,37,B,26.0,user_entry,
MF Market Rent,G37,37,G,0.0,user_entry,
MF Market Rent,H37,37,H,0x7,user_entry,
MF Market Rent,O37,37,O,-1.0,user_entry,
MF Market Rent,P37,37,P,_,user_entry,
MF Market Rent,T37,37,T,0x7,user_entry,
MF Market Rent,Y37,37,Y,0.0,user_entry,
MF Market Rent,AA37,37,AA,0.0,user_entry,
MF Market Rent,AB37,37,AB,0.0,user_entry,
MF Market Rent,AC37,37,AC,0.0,user_entry,
MF Market Rent,AD37,37,AD,0.0,user_entry,
MF Market Rent,AE37,37,AE,0.0,user_entry,
MF Market Rent,AF37,37,AF,0.0,user_entry,
MF Market Rent,AL37,37,AL,0.0,user_entry,
MF Market Rent,AP37,37,AP,0.0,user_entry,
MF Market Rent,AU37,37,AU,0.0,user_entry,
MF Market Rent,AV37,37,AV,0.0,user_entry,
MF Market Rent,BD37,37,BD,0.0,user_entry,
MF Market Rent,A38,38,A,1.0,user_entry,
MF Market Rent,B38,38,B,27.0,user_entry,
MF Market Rent,G38,38,G,0.0,user_entry,
MF Market Rent,H38,38,H,0x7,user_entry,
MF Market Rent,O38,38,O,-1.0,user_entry,
MF Market Rent,P38,38,P,_,user_entry,
MF Market Rent,T38,38,T,0x7,user_entry,
MF Market Rent,Y38,38,Y,0.0,user_entry,
MF Market Rent,AA38,38,AA,0.0,user_entry,
MF Market Rent,AB38,38,AB,0.0,user_entry,
MF Market Rent,AC38,38,AC,0.0,user_entry,
MF Market Rent,AD38,38,AD,0.0,user_entry,
MF Market Rent,AE38,38,AE,0.0,user_entry,
MF Market Rent,AF38,38,AF,0.0,user_entry,
MF Market Rent,AL38,38,AL,0.0,user_entry,
MF Market Rent,AP38,38,AP,0.0,user_entry,
MF Market Rent,AU38,38,AU,0.0,user_entry,
MF Market Rent,AV38,38,AV,0.0,user_entry,
MF Market Rent,BD38,38,BD,0.0,user_entry,
MF Market Rent,A39,39,A,1.0,user_entry,
MF Market Rent,B39,39,B,28.0,user_entry,
MF Market Rent,G39,39,G,0.0,user_entry,
MF Market Rent,H39,39,H,0x7,user_entry,
MF Market Rent,O39,39,O,-1.0,user_entry,
MF Market Rent,P39,39,P,_,user_entry,
MF Market Rent,T39,39,T,0x7,user_entry,
MF Market Rent,Y39,39,Y,0.0,user_entry,
MF Market Rent,AA39,39,AA,0.0,user_entry,
MF Market Rent,AB39,39,AB,0.0,user_entry,
MF Market Rent,AC39,39,AC,0.0,user_entry,
MF Market Rent,AD39,39,AD,0.0,user_entry,
MF Market Rent,AE39,39,AE,0.0,user_entry,
MF Market Rent,AF39,39,AF,0.0,user_entry,
MF Market Rent,AL39,39,AL,0.0,user_entry,
MF Market Rent,AP39,39,AP,0.0,user_entry,
MF Market Rent,AU39,39,AU,0.0,user_entry,
MF Market Rent,AV39,39,AV,0.0,user_entry,
MF Market Rent,BD39,39,BD,0.0,user_entry,
MF Market Rent,A40,40,A,1.0,user_entry,
MF Market Rent,B40,40,B,29.0,user_entry,
MF Market Rent,G40,40,G,0.0,user_entry,
MF Market Rent,H40,40,H,0x7,user_entry,
MF Market Rent,O40,40,O,-1.0,user_entry,
MF Market Rent,P40,40,P,_,user_entry,
MF Market Rent,T40,40,T,0x7,user_entry,
MF Market Rent,Y40,40,Y,0.0,user_entry,
MF Market Rent,AA40,40,AA,0.0,user_entry,
MF Market Rent,AB40,40,AB,0.0,user_entry,
MF Market Rent,AC40,40,AC,0.0,user_entry,
MF Market Rent,AD40,40,AD,0.0,user_entry,
MF Market Rent,AE40,40,AE,0.0,user_entry,
MF Market Rent,AF40,40,AF,0.0,user_entry,
MF Market Rent,AL40,40,AL,0.0,user_entry,
MF Market Rent,AP40,40,AP,0.0,user_entry,
MF Market Rent,AU40,40,AU,0.0,user_entry,
MF Market Rent,AV40,40,AV,0.0,user_entry,
MF Market Rent,BD40,40,BD,0.0,user_entry,
MF Market Rent,A41,41,A,1.0,user_entry,
MF Market Rent,B41,41,B,30.0,user_entry,
MF Market Rent,G41,41,G,0.0,user_entry,
MF Market Rent,H41,41,H,0x7,user_entry,
MF Market Rent,O41,41,O,-1.0,user_entry,
MF Market Rent,P41,41,P,_,user_entry,
MF Market Rent,T41,41,T,0x7,user_entry,
MF Market Rent,Y41,41,Y,0.0,user_entry,
MF Market Rent,AA41,41,AA,0.0,user_entry,
MF Market Rent,AB41,41,AB,0.0,user_entry,
MF Market Rent,AC41,41,AC,0.0,user_entry,
MF Market Rent,AD41,41,AD,0.0,user_entry,
MF Market Rent,AE41,41,AE,0.0,user_entry,
MF Market Rent,AF41,41,AF,0.0,user_entry,
MF Market Rent,AL41,41,AL,0.0,user_entry,
MF Market Rent,AP41,41,AP,0.0,user_entry,
MF Market Rent,AU41,41,AU,0.0,user_entry,
MF Market Rent,AV41,41,AV,0.0,user_entry,
MF Market Rent,BD41,41,BD,0.0,user_entry,
MF Market Rent,A42,42,A,2.0,user_entry,
MF Market Rent,G42,42,G,0.0,user_entry,
MF Market Rent,P42,42,P,_Total,user_entry,
MF Market Rent,Q42,42,Q,Total,user_entry,
MF Market Rent,T42,42,T,0x7,user_entry,
MF Market Rent,Y42,42,Y,0.0,user_entry,
MF Market Rent,Z42,42,Z,0.0,user_entry,
MF Market Rent,AA42,42,AA,0.0,user_entry,
MF Market Rent,AB42,42,AB,0.0,user_entry,
MF Market Rent,AC42,42,AC,0.0,user_entry,
MF Market Rent,AD42,42,AD,0.0,user_entry,
MF Market Rent,AE42,42,AE,0.0,user_entry,
MF Market Rent,AF42,42,AF,0.0,user_entry,
MF Market Rent,AL42,42,AL,0.0,user_entry,
MF Market Rent,AM42,42,AM,0.0,user_entry,
MF Market Rent,AP42,42,AP,0.0,user_entry,
MF Market Rent,AS42,42,AS,0.0,user_entry,
MF Market Rent,AU42,42,AU,0.0,user_entry,
MF Market Rent,AV42,42,AV,0.0,user_entry,
MF Market Rent,BD42,42,BD,0.0,user_entry,
MF Market Rent,BE42,42,BE,0.0,user_entry,
MF Market Rent,A43,43,A,2.0,user_entry,
MF Market Rent,B43,43,B,1.0,user_entry,
MF Market Rent,G43,43,G,0.0,user_entry,
MF Market Rent,H43,43,H,0x7,user_entry,
MF Market Rent,O43,43,O,-1.0,user_entry,
MF Market Rent,P43,43,P,_,user_entry,
MF Market Rent,T43,43,T,0x7,user_entry,
MF Market Rent,Y43,43,Y,0.0,user_entry,
MF Market Rent,AA43,43,AA,0.0,user_entry,
MF Market Rent,AB43,43,AB,0.0,user_entry,
MF Market Rent,AC43,43,AC,0.0,user_entry,
MF Market Rent,AD43,43,AD,0.0,user_entry,
MF Market Rent,AE43,43,AE,0.0,user_entry,
MF Market Rent,AF43,43,AF,0.0,user_entry,
MF Market Rent,AL43,43,AL,0.0,user_entry,
MF Market Rent,AP43,43,AP,0.0,user_entry,
MF Market Rent,AU43,43,AU,0.0,user_entry,
MF Market Rent,AV43,43,AV,0.0,user_entry,
MF Market Rent,BD43,43,BD,0.0,user_entry,
MF Market Rent,A44,44,A,2.0,user_entry,
MF Market Rent,B44,44,B,2.0,user_entry,
MF Market Rent,G44,44,G,0.0,user_entry,
MF Market Rent,H44,44,H,0x7,user_entry,
MF Market Rent,O44,44,O,-1.0,user_entry,
MF Market Rent,P44,44,P,_,user_entry,
MF Market Rent,T44,44,T,0x7,user_entry,
MF Market Rent,Y44,44,Y,0.0,user_entry,
MF Market Rent,AA44,44,AA,0.0,user_entry,
MF Market Rent,AB44,44,AB,0.0,user_entry,
MF Market Rent,AC44,44,AC,0.0,user_entry,
MF Market Rent,AD44,44,AD,0.0,user_entry,
MF Market Rent,AE44,44,AE,0.0,user_entry,
MF Market Rent,AF44,44,AF,0.0,user_entry,
MF Market Rent,AL44,44,AL,0.0,user_entry,
MF Market Rent,AP44,44,AP,0.0,user_entry,
MF Market Rent,AU44,44,AU,0.0,user_entry,
MF Market Rent,AV44,44,AV,0.0,user_entry,
MF Market Rent,BD44,44,BD,0.0,user_entry,
MF Market Rent,A45,45,A,2.0,user_entry,
MF Market Rent,B45,45,B,3.0,user_entry,
MF Market Rent,G45,45,G,0.0,user_entry,
MF Market Rent,H45,45,H,0x7,user_entry,
MF Market Rent,O45,45,O,-1.0,user_entry,
MF Market Rent,P45,45,P,_,user_entry,
MF Market Rent,T45,45,T,0x7,user_entry,
MF Market Rent,Y45,45,Y,0.0,user_entry,
MF Market Rent,AA45,45,AA,0.0,user_entry,
MF Market Rent,AB45,45,AB,0.0,user_entry,
MF Market Rent,AC45,45,AC,0.0,user_entry,
MF Market Rent,AD45,45,AD,0.0,user_entry,
MF Market Rent,AE45,45,AE,0.0,user_entry,
MF Market Rent,AF45,45,AF,0.0,user_entry,
MF Market Rent,AL45,45,AL,0.0,user_entry,
MF Market Rent,AP45,45,AP,0.0,user_entry,
MF Market Rent,AU45,45,AU,0.0,user_entry,
MF Market Rent,AV45,45,AV,0.0,user_entry,
MF Market Rent,BD45,45,BD,0.0,user_entry,
MF Market Rent,A46,46,A,2.0,user_entry,
MF Market Rent,B46,46,B,4.0,user_entry,
MF Market Rent,G46,46,G,0.0,user_entry,
MF Market Rent,H46,46,H,0x7,user_entry,
MF Market Rent,O46,46,O,-1.0,user_entry,
MF Market Rent,P46,46,P,_,user_entry,
MF Market Rent,T46,46,T,0x7,user_entry,
MF Market Rent,Y46,46,Y,0.0,user_entry,
MF Market Rent,AA46,46,AA,0.0,user_entry,
MF Market Rent,AB46,46,AB,0.0,user_entry,
MF Market Rent,AC46,46,AC,0.0,user_entry,
MF Market Rent,AD46,46,AD,0.0,user_entry,
MF Market Rent,AE46,46,AE,0.0,user_entry,
MF Market Rent,AF46,46,AF,0.0,user_entry,
MF Market Rent,AL46,46,AL,0.0,user_entry,
MF Market Rent,AP46,46,AP,0.0,user_entry,
MF Market Rent,AU46,46,AU,0.0,user_entry,
MF Market Rent,AV46,46,AV,0.0,user_entry,
MF Market Rent,BD46,46,BD,0.0,user_entry,
MF Market Rent,A47,47,A,2.0,user_entry,
MF Market Rent,B47,47,B,5.0,user_entry,
MF Market Rent,G47,47,G,0.0,user_entry,
MF Market Rent,H47,47,H,0x7,user_entry,
MF Market Rent,O47,47,O,-1.0,user_entry,
MF Market Rent,P47,47,P,_,user_entry,
MF Market Rent,T47,47,T,0x7,user_entry,
MF Market Rent,Y47,47,Y,0.0,user_entry,
MF Market Rent,AA47,47,AA,0.0,user_entry,
MF Market Rent,AB47,47,AB,0.0,user_entry,
MF Market Rent,AC47,47,AC,0.0,user_entry,
MF Market Rent,AD47,47,AD,0.0,user_entry,
MF Market Rent,AE47,47,AE,0.0,user_entry,
MF Market Rent,AF47,47,AF,0.0,user_entry,
MF Market Rent,AL47,47,AL,0.0,user_entry,
MF Market Rent,AP47,47,AP,0.0,user_entry,
MF Market Rent,AU47,47,AU,0.0,user_entry,
MF Market Rent,AV47,47,AV,0.0,user_entry,
MF Market Rent,BD47,47,BD,0.0,user_entry,
MF Market Rent,A48,48,A,2.0,user_entry,
MF Market Rent,B48,48,B,6.0,user_entry,
MF Market Rent,G48,48,G,0.0,user_entry,
MF Market Rent,H48,48,H,0x7,user_entry,
MF Market Rent,O48,48,O,-1.0,user_entry,
MF Market Rent,P48,48,P,_,user_entry,
MF Market Rent,T48,48,T,0x7,user_entry,
MF Market Rent,Y48,48,Y,0.0,user_entry,
MF Market Rent,AA48,48,AA,0.0,user_entry,
MF Market Rent,AB48,48,AB,0.0,user_entry,
MF Market Rent,AC48,48,AC,0.0,user_entry,
MF Market Rent,AD48,48,AD,0.0,user_entry,
MF Market Rent,AE48,48,AE,0.0,user_entry,
MF Market Rent,AF48,48,AF,0.0,user_entry,
MF Market Rent,AL48,48,AL,0.0,user_entry,
MF Market Rent,AP48,48,AP,0.0,user_entry,
MF Market Rent,AU48,48,AU,0.0,user_entry,
MF Market Rent,AV48,48,AV,0.0,user_entry,
MF Market Rent,BD48,48,BD,0.0,user_entry,
MF Market Rent,A49,49,A,2.0,user_entry,
MF Market Rent,B49,49,B,7.0,user_entry,
MF Market Rent,G49,49,G,0.0,user_entry,
MF Market Rent,H49,49,H,0x7,user_entry,
MF Market Rent,O49,49,O,-1.0,user_entry,
MF Market Rent,P49,49,P,_,user_entry,
MF Market Rent,T49,49,T,0x7,user_entry,
MF Market Rent,Y49,49,Y,0.0,user_entry,
MF Market Rent,AA49,49,AA,0.0,user_entry,
MF Market Rent,AB49,49,AB,0.0,user_entry,
MF Market Rent,AC49,49,AC,0.0,user_entry,
MF Market Rent,AD49,49,AD,0.0,user_entry,
MF Market Rent,AE49,49,AE,0.0,user_entry,
MF Market Rent,AF49,49,AF,0.0,user_entry,
MF Market Rent,AL49,49,AL,0.0,user_entry,
MF Market Rent,AP49,49,AP,0.0,user_entry,
MF Market Rent,AU49,49,AU,0.0,user_entry,
MF Market Rent,AV49,49,AV,0.0,user_entry,
MF Market Rent,BD49,49,BD,0.0,user_entry,
MF Market Rent,A50,50,A,2.0,user_entry,
MF Market Rent,B50,50,B,8.0,user_entry,
MF Market Rent,G50,50,G,0.0,user_entry,
MF Market Rent,H50,50,H,0x7,user_entry,
MF Market Rent,O50,50,O,-1.0,user_entry,
MF Market Rent,P50,50,P,_,user_entry,
MF Market Rent,T50,50,T,0x7,user_entry,
MF Market Rent,Y50,50,Y,0.0,user_entry,
MF Market Rent,AA50,50,AA,0.0,user_entry,
MF Market Rent,AB50,50,AB,0.0,user_entry,
MF Market Rent,AC50,50,AC,0.0,user_entry,
MF Market Rent,AD50,50,AD,0.0,user_entry,
MF Market Rent,AE50,50,AE,0.0,user_entry,
MF Market Rent,AF50,50,AF,0.0,user_entry,
MF Market Rent,AL50,50,AL,0.0,user_entry,
MF Market Rent,AP50,50,AP,0.0,user_entry,
MF Market Rent,AU50,50,AU,0.0,user_entry,
MF Market Rent,AV50,50,AV,0.0,user_entry,
MF Market Rent,BD50,50,BD,0.0,user_entry,
MF Market Rent,A51,51,A,2.0,user_entry,
MF Market Rent,B51,51,B,9.0,user_entry,
MF Market Rent,G51,51,G,0.0,user_entry,
MF Market Rent,H51,51,H,0x7,user_entry,
MF Market Rent,O51,51,O,-1.0,user_entry,
MF Market Rent,P51,51,P,_,user_entry,
MF Market Rent,T51,51,T,0x7,user_entry,
MF Market Rent,Y51,51,Y,0.0,user_entry,
MF Market Rent,AA51,51,AA,0.0,user_entry,
MF Market Rent,AB51,51,AB,0.0,user_entry,
MF Market Rent,AC51,51,AC,0.0,user_entry,
MF Market Rent,AD51,51,AD,0.0,user_entry,
MF Market Rent,AE51,51,AE,0.0,user_entry,
MF Market Rent,AF51,51,AF,0.0,user_entry,
MF Market Rent,AL51,51,AL,0.0,user_entry,
MF Market Rent,AP51,51,AP,0.0,user_entry,
MF Market Rent,AU51,51,AU,0.0,user_entry,
MF Market Rent,AV51,51,AV,0.0,user_entry,
MF Market Rent,BD51,51,BD,0.0,user_entry,
MF Market Rent,A52,52,A,2.0,user_entry,
MF Market Rent,B52,52,B,10.0,user_entry,
MF Market Rent,G52,52,G,0.0,user_entry,
MF Market Rent,H52,52,H,0x7,user_entry,
MF Market Rent,O52,52,O,-1.0,user_entry,
MF Market Rent,P52,52,P,_,user_entry,
MF Market Rent,T52,52,T,0x7,user_entry,
MF Market Rent,Y52,52,Y,0.0,user_entry,
MF Market Rent,AA52,52,AA,0.0,user_entry,
MF Market Rent,AB52,52,AB,0.0,user_entry,
MF Market Rent,AC52,52,AC,0.0,user_entry,
MF Market Rent,AD52,52,AD,0.0,user_entry,
MF Market Rent,AE52,52,AE,0.0,user_entry,
MF Market Rent,AF52,52,AF,0.0,user_entry,
MF Market Rent,AL52,52,AL,0.0,user_entry,
MF Market Rent,AP52,52,AP,0.0,user_entry,
MF Market Rent,AU52,52,AU,0.0,user_entry,
MF Market Rent,AV52,52,AV,0.0,user_entry,
MF Market Rent,BD52,52,BD,0.0,user_entry,
MF Market Rent,A53,53,A,2.0,user_entry,
MF Market Rent,B53,53,B,11.0,user_entry,
MF Market Rent,G53,53,G,0.0,user_entry,
MF Market Rent,H53,53,H,0x7,user_entry,
MF Market Rent,O53,53,O,-1.0,user_entry,
MF Market Rent,P53,53,P,_,user_entry,
MF Market Rent,T53,53,T,0x7,user_entry,
MF Market Rent,Y53,53,Y,0.0,user_entry,
MF Market Rent,AA53,53,AA,0.0,user_entry,
MF Market Rent,AB53,53,AB,0.0,user_entry,
MF Market Rent,AC53,53,AC,0.0,user_entry,
MF Market Rent,AD53,53,AD,0.0,user_entry,
MF Market Rent,AE53,53,AE,0.0,user_entry,
MF Market Rent,AF53,53,AF,0.0,user_entry,
MF Market Rent,AL53,53,AL,0.0,user_entry,
MF Market Rent,AP53,53,AP,0.0,user_entry,
MF Market Rent,AU53,53,AU,0.0,user_entry,
MF Market Rent,AV53,53,AV,0.0,user_entry,
MF Market Rent,BD53,53,BD,0.0,user_entry,
MF Market Rent,A54,54,A,2.0,user_entry,
MF Market Rent,B54,54,B,12.0,user_entry,
MF Market Rent,G54,54,G,0.0,user_entry,
MF Market Rent,H54,54,H,0x7,user_entry,
MF Market Rent,O54,54,O,-1.0,user_entry,
MF Market Rent,P54,54,P,_,user_entry,
MF Market Rent,T54,54,T,0x7,user_entry,
MF Market Rent,Y54,54,Y,0.0,user_entry,
MF Market Rent,AA54,54,AA,0.0,user_entry,
MF Market Rent,AB54,54,AB,0.0,user_entry,
MF Market Rent,AC54,54,AC,0.0,user_entry,
MF Market Rent,AD54,54,AD,0.0,user_entry,
MF Market Rent,AE54,54,AE,0.0,user_entry,
MF Market Rent,AF54,54,AF,0.0,user_entry,
MF Market Rent,AL54,54,AL,0.0,user_entry,
MF Market Rent,AP54,54,AP,0.0,user_entry,
MF Market Rent,AU54,54,AU,0.0,user_entry,
MF Market Rent,AV54,54,AV,0.0,user_entry,
MF Market Rent,BD54,54,BD,0.0,user_entry,
MF Market Rent,A55,55,A,2.0,user_entry,
MF Market Rent,B55,55,B,13.0,user_entry,
MF Market Rent,G55,55,G,0.0,user_entry,
MF Market Rent,H55,55,H,0x7,user_entry,
MF Market Rent,O55,55,O,-1.0,user_entry,
MF Market Rent,P55,55,P,_,user_entry,
MF Market Rent,T55,55,T,0x7,user_entry,
MF Market Rent,Y55,55,Y,0.0,user_entry,
MF Market Rent,AA55,55,AA,0.0,user_entry,
MF Market Rent,AB55,55,AB,0.0,user_entry,
MF Market Rent,AC55,55,AC,0.0,user_entry,
MF Market Rent,AD55,55,AD,0.0,user_entry,
MF Market Rent,AE55,55,AE,0.0,user_entry,
MF Market Rent,AF55,55,AF,0.0,user_entry,
MF Market Rent,AL55,55,AL,0.0,user_entry,
MF Market Rent,AP55,55,AP,0.0,user_entry,
MF Market Rent,AU55,55,AU,0.0,user_entry,
MF Market Rent,AV55,55,AV,0.0,user_entry,
MF Market Rent,BD55,55,BD,0.0,user_entry,
MF Market Rent,A56,56,A,2.0,user_entry,
MF Market Rent,B56,56,B,14.0,user_entry,
MF Market Rent,G56,56,G,0.0,user_entry,
MF Market Rent,H56,56,H,0x7,user_entry,
MF Market Rent,O56,56,O,-1.0,user_entry,
MF Market Rent,P56,56,P,_,user_entry,
MF Market Rent,T56,56,T,0x7,user_entry,
MF Market Rent,Y56,56,Y,0.0,user_entry,
MF Market Rent,AA56,56,AA,0.0,user_entry,
MF Market Rent,AB56,56,AB,0.0,user_entry,
MF Market Rent,AC56,56,AC,0.0,user_entry,
MF Market Rent,AD56,56,AD,0.0,user_entry,
MF Market Rent,AE56,56,AE,0.0,user_entry,
MF Market Rent,AF56,56,AF,0.0,user_entry,
MF Market Rent,AL56,56,AL,0.0,user_entry,
MF Market Rent,AP56,56,AP,0.0,user_entry,
MF Market Rent,AU56,56,AU,0.0,user_entry,
MF Market Rent,AV56,56,AV,0.0,user_entry,
MF Market Rent,BD56,56,BD,0.0,user_entry,
MF Market Rent,A57,57,A,2.0,user_entry,
MF Market Rent,B57,57,B,15.0,user_entry,
MF Market Rent,G57,57,G,0.0,user_entry,
MF Market Rent,H57,57,H,0x7,user_entry,
MF Market Rent,O57,57,O,-1.0,user_entry,
MF Market Rent,P57,57,P,_,user_entry,
MF Market Rent,T57,57,T,0x7,user_entry,
MF Market Rent,Y57,57,Y,0.0,user_entry,
MF Market Rent,AA57,57,AA,0.0,user_entry,
MF Market Rent,AB57,57,AB,0.0,user_entry,
MF Market Rent,AC57,57,AC,0.0,user_entry,
MF Market Rent,AD57,57,AD,0.0,user_entry,
MF Market Rent,AE57,57,AE,0.0,user_entry,
MF Market Rent,AF57,57,AF,0.0,user_entry,
MF Market Rent,AL57,57,AL,0.0,user_entry,
MF Market Rent,AP57,57,AP,0.0,user_entry,
MF Market Rent,AU57,57,AU,0.0,user_entry,
MF Market Rent,AV57,57,AV,0.0,user_entry,
MF Market Rent,BD57,57,BD,0.0,user_entry,
MF Market Rent,A58,58,A,2.0,user_entry,
MF Market Rent,B58,58,B,16.0,user_entry,
MF Market Rent,G58,58,G,0.0,user_entry,
MF Market Rent,H58,58,H,0x7,user_entry,
MF Market Rent,O58,58,O,-1.0,user_entry,
MF Market Rent,P58,58,P,_,user_entry,
MF Market Rent,T58,58,T,0x7,user_entry,
MF Market Rent,Y58,58,Y,0.0,user_entry,
MF Market Rent,AA58,58,AA,0.0,user_entry,
MF Market Rent,AB58,58,AB,0.0,user_entry,
MF Market Rent,AC58,58,AC,0.0,user_entry,
MF Market Rent,AD58,58,AD,0.0,user_entry,
MF Market Rent,AE58,58,AE,0.0,user_entry,
MF Market Rent,AF58,58,AF,0.0,user_entry,
MF Market Rent,AL58,58,AL,0.0,user_entry,
MF Market Rent,AP58,58,AP,0.0,user_entry,
MF Market Rent,AU58,58,AU,0.0,user_entry,
MF Market Rent,AV58,58,AV,0.0,user_entry,
MF Market Rent,BD58,58,BD,0.0,user_entry,
MF Market Rent,A59,59,A,2.0,user_entry,
MF Market Rent,B59,59,B,17.0,user_entry,
MF Market Rent,G59,59,G,0.0,user_entry,
MF Market Rent,H59,59,H,0x7,user_entry,
MF Market Rent,O59,59,O,-1.0,user_entry,
MF Market Rent,P59,59,P,_,user_entry,
MF Market Rent,T59,59,T,0x7,user_entry,
MF Market Rent,Y59,59,Y,0.0,user_entry,
MF Market Rent,AA59,59,AA,0.0,user_entry,
MF Market Rent,AB59,59,AB,0.0,user_entry,
MF Market Rent,AC59,59,AC,0.0,user_entry,
MF Market Rent,AD59,59,AD,0.0,user_entry,
MF Market Rent,AE59,59,AE,0.0,user_entry,
MF Market Rent,AF59,59,AF,0.0,user_entry,
MF Market Rent,AL59,59,AL,0.0,user_entry,
MF Market Rent,AP59,59,AP,0.0,user_entry,
MF Market Rent,AU59,59,AU,0.0,user_entry,
MF Market Rent,AV59,59,AV,0.0,user_entry,
MF Market Rent,BD59,59,BD,0.0,user_entry,
MF Market Rent,A60,60,A,2.0,user_entry,
MF Market Rent,B60,60,B,18.0,user_entry,
MF Market Rent,G60,60,G,0.0,user_entry,
MF Market Rent,H60,60,H,0x7,user_entry,
MF Market Rent,O60,60,O,-1.0,user_entry,
MF Market Rent,P60,60,P,_,user_entry,
MF Market Rent,T60,60,T,0x7,user_entry,
MF Market Rent,Y60,60,Y,0.0,user_entry,
MF Market Rent,AA60,60,AA,0.0,user_entry,
MF Market Rent,AB60,60,AB,0.0,user_entry,
MF Market Rent,AC60,60,AC,0.0,user_entry,
MF Market Rent,AD60,60,AD,0.0,user_entry,
MF Market Rent,AE60,60,AE,0.0,user_entry,
MF Market Rent,AF60,60,AF,0.0,user_entry,
MF Market Rent,AL60,60,AL,0.0,user_entry,
MF Market Rent,AP60,60,AP,0.0,user_entry,
MF Market Rent,AU60,60,AU,0.0,user_entry,
MF Market Rent,AV60,60,AV,0.0,user_entry,
MF Market Rent,BD60,60,BD,0.0,user_entry,
MF Market Rent,A61,61,A,2.0,user_entry,
MF Market Rent,B61,61,B,19.0,user_entry,
MF Market Rent,G61,61,G,0.0,user_entry,
MF Market Rent,H61,61,H,0x7,user_entry,
MF Market Rent,O61,61,O,-1.0,user_entry,
MF Market Rent,P61,61,P,_,user_entry,
MF Market Rent,T61,61,T,0x7,user_entry,
MF Market Rent,Y61,61,Y,0.0,user_entry,
MF Market Rent,AA61,61,AA,0.0,user_entry,
MF Market Rent,AB61,61,AB,0.0,user_entry,
MF Market Rent,AC61,61,AC,0.0,user_entry,
MF Market Rent,AD61,61,AD,0.0,user_entry,
MF Market Rent,AE61,61,AE,0.0,user_entry,
MF Market Rent,AF61,61,AF,0.0,user_entry,
MF Market Rent,AL61,61,AL,0.0,user_entry,
MF Market Rent,AP61,61,AP,0.0,user_entry,
MF Market Rent,AU61,61,AU,0.0,user_entry,
MF Market Rent,AV61,61,AV,0.0,user_entry,
MF Market Rent,BD61,61,BD,0.0,user_entry,
MF Market Rent,A62,62,A,2.0,user_entry,
MF Market Rent,B62,62,B,20.0,user_entry,
MF Market Rent,G62,62,G,0.0,user_entry,
MF Market Rent,H62,62,H,0x7,user_entry,
MF Market Rent,O62,62,O,-1.0,user_entry,
MF Market Rent,P62,62,P,_,user_entry,
MF Market Rent,T62,62,T,0x7,user_entry,
MF Market Rent,Y62,62,Y,0.0,user_entry,
MF Market Rent,AA62,62,AA,0.0,user_entry,
MF Market Rent,AB62,62,AB,0.0,user_entry,
MF Market Rent,AC62,62,AC,0.0,user_entry,
MF Market Rent,AD62,62,AD,0.0,user_entry,
MF Market Rent,AE62,62,AE,0.0,user_entry,
MF Market Rent,AF62,62,AF,0.0,user_entry,
MF Market Rent,AL62,62,AL,0.0,user_entry,
MF Market Rent,AP62,62,AP,0.0,user_entry,
MF Market Rent,AU62,62,AU,0.0,user_entry,
MF Market Rent,AV62,62,AV,0.0,user_entry,
MF Market Rent,BD62,62,BD,0.0,user_entry,
MF Market Rent,A63,63,A,2.0,user_entry,
MF Market Rent,B63,63,B,21.0,user_entry,
MF Market Rent,G63,63,G,0.0,user_entry,
MF Market Rent,H63,63,H,0x7,user_entry,
MF Market Rent,O63,63,O,-1.0,user_entry,
MF Market Rent,P63,63,P,_,user_entry,
MF Market Rent,T63,63,T,0x7,user_entry,
MF Market Rent,Y63,63,Y,0.0,user_entry,
MF Market Rent,AA63,63,AA,0.0,user_entry,
MF Market Rent,AB63,63,AB,0.0,user_entry,
MF Market Rent,AC63,63,AC,0.0,user_entry,
MF Market Rent,AD63,63,AD,0.0,user_entry,
MF Market Rent,AE63,63,AE,0.0,user_entry,
MF Market Rent,AF63,63,AF,0.0,user_entry,
MF Market Rent,AL63,63,AL,0.0,user_entry,
MF Market Rent,AP63,63,AP,0.0,user_entry,
MF Market Rent,AU63,63,AU,0.0,user_entry,
MF Market Rent,AV63,63,AV,0.0,user_entry,
MF Market Rent,BD63,63,BD,0.0,user_entry,
MF Market Rent,A64,64,A,2.0,user_entry,
MF Market Rent,B64,64,B,22.0,user_entry,
MF Market Rent,G64,64,G,0.0,user_entry,
MF Market Rent,H64,64,H,0x7,user_entry,
MF Market Rent,O64,64,O,-1.0,user_entry,
MF Market Rent,P64,64,P,_,user_entry,
MF Market Rent,T64,64,T,0x7,user_entry,
MF Market Rent,Y64,64,Y,0.0,user_entry,
MF Market Rent,AA64,64,AA,0.0,user_entry,
MF Market Rent,AB64,64,AB,0.0,user_entry,
MF Market Rent,AC64,64,AC,0.0,user_entry,
MF Market Rent,AD64,64,AD,0.0,user_entry,
MF Market Rent,AE64,64,AE,0.0,user_entry,
MF Market Rent,AF64,64,AF,0.0,user_entry,
MF Market Rent,AL64,64,AL,0.0,user_entry,
MF Market Rent,AP64,64,AP,0.0,user_entry,
MF Market Rent,AU64,64,AU,0.0,user_entry,
MF Market Rent,AV64,64,AV,0.0,user_entry,
MF Market Rent,BD64,64,BD,0.0,user_entry,
MF Market Rent,A65,65,A,2.0,user_entry,
MF Market Rent,B65,65,B,23.0,user_entry,
MF Market Rent,G65,65,G,0.0,user_entry,
MF Market Rent,H65,65,H,0x7,user_entry,
MF Market Rent,O65,65,O,-1.0,user_entry,
MF Market Rent,P65,65,P,_,user_entry,
MF Market Rent,T65,65,T,0x7,user_entry,
MF Market Rent,Y65,65,Y,0.0,user_entry,
MF Market Rent,AA65,65,AA,0.0,user_entry,
MF Market Rent,AB65,65,AB,0.0,user_entry,
MF Market Rent,AC65,65,AC,0.0,user_entry,
MF Market Rent,AD65,65,AD,0.0,user_entry,
MF Market Rent,AE65,65,AE,0.0,user_entry,
MF Market Rent,AF65,65,AF,0.0,user_entry,
MF Market Rent,AL65,65,AL,0.0,user_entry,
MF Market Rent,AP65,65,AP,0.0,user_entry,
MF Market Rent,AU65,65,AU,0.0,user_entry,
MF Market Rent,AV65,65,AV,0.0,user_entry,
MF Market Rent,BD65,65,BD,0.0,user_entry,
MF Market Rent,A66,66,A,2.0,user_entry,
MF Market Rent,B66,66,B,24.0,user_entry,
MF Market Rent,G66,66,G,0.0,user_entry,
MF Market Rent,H66,66,H,0x7,user_entry,
MF Market Rent,O66,66,O,-1.0,user_entry,
MF Market Rent,P66,66,P,_,user_entry,
MF Market Rent,T66,66,T,0x7,user_entry,
MF Market Rent,Y66,66,Y,0.0,user_entry,
MF Market Rent,AA66,66,AA,0.0,user_entry,
MF Market Rent,AB66,66,AB,0.0,user_entry,
MF Market Rent,AC66,66,AC,0.0,user_entry,
MF Market Rent,AD66,66,AD,0.0,user_entry,
MF Market Rent,AE66,66,AE,0.0,user_entry,
MF Market Rent,AF66,66,AF,0.0,user_entry,
MF Market Rent,AL66,66,AL,0.0,user_entry,
MF Market Rent,AP66,66,AP,0.0,user_entry,
MF Market Rent,AU66,66,AU,0.0,user_entry,
MF Market Rent,AV66,66,AV,0.0,user_entry,
MF Market Rent,BD66,66,BD,0.0,user_entry,
MF Market Rent,A67,67,A,2.0,user_entry,
MF Market Rent,B67,67,B,25.0,user_entry,
MF Market Rent,G67,67,G,0.0,user_entry,
MF Market Rent,H67,67,H,0x7,user_entry,
MF Market Rent,O67,67,O,-1.0,user_entry,
MF Market Rent,P67,67,P,_,user_entry,
MF Market Rent,T67,67,T,0x7,user_entry,
MF Market Rent,Y67,67,Y,0.0,user_entry,
MF Market Rent,AA67,67,AA,0.0,user_entry,
MF Market Rent,AB67,67,AB,0.0,user_entry,
MF Market Rent,AC67,67,AC,0.0,user_entry,
MF Market Rent,AD67,67,AD,0.0,user_entry,
MF Market Rent,AE67,67,AE,0.0,user_entry,
MF Market Rent,AF67,67,AF,0.0,user_entry,
MF Market Rent,AL67,67,AL,0.0,user_entry,
MF Market Rent,AP67,67,AP,0.0,user_entry,
MF Market Rent,AU67,67,AU,0.0,user_entry,
MF Market Rent,AV67,67,AV,0.0,user_entry,
MF Market Rent,BD67,67,BD,0.0,user_entry,
MF Market Rent,A68,68,A,2.0,user_entry,
MF Market Rent,B68,68,B,26.0,user_entry,
MF Market Rent,G68,68,G,0.0,user_entry,
MF Market Rent,H68,68,H,0x7,user_entry,
MF Market Rent,O68,68,O,-1.0,user_entry,
MF Market Rent,P68,68,P,_,user_entry,
MF Market Rent,T68,68,T,0x7,user_entry,
MF Market Rent,Y68,68,Y,0.0,user_entry,
MF Market Rent,AA68,68,AA,0.0,user_entry,
MF Market Rent,AB68,68,AB,0.0,user_entry,
MF Market Rent,AC68,68,AC,0.0,user_entry,
MF Market Rent,AD68,68,AD,0.0,user_entry,
MF Market Rent,AE68,68,AE,0.0,user_entry,
MF Market Rent,AF68,68,AF,0.0,user_entry,
MF Market Rent,AL68,68,AL,0.0,user_entry,
MF Market Rent,AP68,68,AP,0.0,user_entry,
MF Market Rent,AU68,68,AU,0.0,user_entry,
MF Market Rent,AV68,68,AV,0.0,user_entry,
MF Market Rent,BD68,68,BD,0.0,user_entry,
MF Market Rent,A69,69,A,2.0,user_entry,
MF Market Rent,B69,69,B,27.0,user_entry,
MF Market Rent,G69,69,G,0.0,user_entry,
MF Market Rent,H69,69,H,0x7,user_entry,
MF Market Rent,O69,69,O,-1.0,user_entry,
MF Market Rent,P69,69,P,_,user_entry,
MF Market Rent,T69,69,T,0x7,user_entry,
MF Market Rent,Y69,69,Y,0.0,user_entry,
MF Market Rent,AA69,69,AA,0.0,user_entry,
MF Market Rent,AB69,69,AB,0.0,user_entry,
MF Market Rent,AC69,69,AC,0.0,user_entry,
MF Market Rent,AD69,69,AD,0.0,user_entry,
MF Market Rent,AE69,69,AE,0.0,user_entry,
MF Market Rent,AF69,69,AF,0.0,user_entry,
MF Market Rent,AL69,69,AL,0.0,user_entry,
MF Market Rent,AP69,69,AP,0.0,user_entry,
MF Market Rent,AU69,69,AU,0.0,user_entry,
MF Market Rent,AV69,69,AV,0.0,user_entry,
MF Market Rent,BD69,69,BD,0.0,user_entry,
MF Market Rent,A70,70,A,2.0,user_entry,
MF Market Rent,B70,70,B,28.0,user_entry,
MF Market Rent,G70,70,G,0.0,user_entry,
MF Market Rent,H70,70,H,0x7,user_entry,
MF Market Rent,O70,70,O,-1.0,user_entry,
MF Market Rent,P70,70,P,_,user_entry,
MF Market Rent,T70,70,T,0x7,user_entry,
MF Market Rent,Y70,70,Y,0.0,user_entry,
MF Market Rent,AA70,70,AA,0.0,user_entry,
MF Market Rent,AB70,70,AB,0.0,user_entry,
MF Market Rent,AC70,70,AC,0.0,user_entry,
MF Market Rent,AD70,70,AD,0.0,user_entry,
MF Market Rent,AE70,70,AE,0.0,user_entry,
MF Market Rent,AF70,70,AF,0.0,user_entry,
MF Market Rent,AL70,70,AL,0.0,user_entry,
MF Market Rent,AP70,70,AP,0.0,user_entry,
MF Market Rent,AU70,70,AU,0.0,user_entry,
MF Market Rent,AV70,70,AV,0.0,user_entry,
MF Market Rent,BD70,70,BD,0.0,user_entry,
MF Market Rent,A71,71,A,2.0,user_entry,
MF Market Rent,B71,71,B,29.0,user_entry,
MF Market Rent,G71,71,G,0.0,user_entry,
MF Market Rent,H71,71,H,0x7,user_entry,
MF Market Rent,O71,71,O,-1.0,user_entry,
MF Market Rent,P71,71,P,_,user_entry,
MF Market Rent,T71,71,T,0x7,user_entry,
MF Market Rent,Y71,71,Y,0.0,user_entry,
MF Market Rent,AA71,71,AA,0.0,user_entry,
MF Market Rent,AB71,71,AB,0.0,user_entry,
MF Market Rent,AC71,71,AC,0.0,user_entry,
MF Market Rent,AD71,71,AD,0.0,user_entry,
MF Market Rent,AE71,71,AE,0.0,user_entry,
MF Market Rent,AF71,71,AF,0.0,user_entry,
MF Market Rent,AL71,71,AL,0.0,user_entry,
MF Market Rent,AP71,71,AP,0.0,user_entry,
MF Market Rent,AU71,71,AU,0.0,user_entry,
MF Market Rent,AV71,71,AV,0.0,user_entry,
MF Market Rent,BD71,71,BD,0.0,user_entry,
MF Market Rent,A72,72,A,2.0,user_entry,
MF Market Rent,B72,72,B,30.0,user_entry,
MF Market Rent,G72,72,G,0.0,user_entry,
MF Market Rent,H72,72,H,0x7,user_entry,
MF Market Rent,O72,72,O,-1.0,user_entry,
MF Market Rent,P72,72,P,_,user_entry,
MF Market Rent,T72,72,T,0x7,user_entry,
MF Market Rent,Y72,72,Y,0.0,user_entry,
MF Market Rent,AA72,72,AA,0.0,user_entry,
MF Market Rent,AB72,72,AB,0.0,user_entry,
MF Market Rent,AC72,72,AC,0.0,user_entry,
MF Market Rent,AD72,72,AD,0.0,user_entry,
MF Market Rent,AE72,72,AE,0.0,user_entry,
MF Market Rent,AF72,72,AF,0.0,user_entry,
MF Market Rent,AL72,72,AL,0.0,user_entry,
MF Market Rent,AP72,72,AP,0.0,user_entry,
MF Market Rent,AU72,72,AU,0.0,user_entry,
MF Market Rent,AV72,72,AV,0.0,user_entry,
MF Market Rent,BD72,72,BD,0.0,user_entry,
MF Market Rent,A73,73,A,3.0,user_entry,
MF Market Rent,G73,73,G,0.0,user_entry,
MF Market Rent,P73,73,P,_Total,user_entry,
MF Market Rent,Q73,73,Q,Total,user_entry,
MF Market Rent,T73,73,T,0x7,user_entry,
MF Market Rent,Y73,73,Y,0.0,user_entry,
MF Market Rent,Z73,73,Z,0.0,user_entry,
MF Market Rent,AA73,73,AA,0.0,user_entry,
MF Market Rent,AB73,73,AB,0.0,user_entry,
MF Market Rent,AC73,73,AC,0.0,user_entry,
MF Market Rent,AD73,73,AD,0.0,user_entry,
MF Market Rent,AE73,73,AE,0.0,user_entry,
MF Market Rent,AF73,73,AF,0.0,user_entry,
MF Market Rent,AL73,73,AL,0.0,user_entry,
MF Market Rent,AM73,73,AM,0.0,user_entry,
MF Market Rent,AP73,73,AP,0.0,user_entry,
MF Market Rent,AS73,73,AS,0.0,user_entry,
MF Market Rent,AU73,73,AU,0.0,user_entry,
MF Market Rent,AV73,73,AV,0.0,user_entry,
MF Market Rent,BD73,73,BD,0.0,user_entry,
MF Market Rent,BE73,73,BE,0.0,user_entry,
MF Market Rent,A74,74,A,3.0,user_entry,
MF Market Rent,B74,74,B,1.0,user_entry,
MF Market Rent,G74,74,G,0.0,user_entry,
MF Market Rent,H74,74,H,0x7,user_entry,
MF Market Rent,O74,74,O,-1.0,user_entry,
MF Market Rent,P74,74,P,_,user_entry,
MF Market Rent,T74,74,T,0x7,user_entry,
MF Market Rent,Y74,74,Y,0.0,user_entry,
MF Market Rent,AA74,74,AA,0.0,user_entry,
MF Market Rent,AB74,74,AB,0.0,user_entry,
MF Market Rent,AC74,74,AC,0.0,user_entry,
MF Market Rent,AD74,74,AD,0.0,user_entry,
MF Market Rent,AE74,74,AE,0.0,user_entry,
MF Market Rent,AF74,74,AF,0.0,user_entry,
MF Market Rent,AL74,74,AL,0.0,user_entry,
MF Market Rent,AP74,74,AP,0.0,user_entry,
MF Market Rent,AU74,74,AU,0.0,user_entry,
MF Market Rent,AV74,74,AV,0.0,user_entry,
MF Market Rent,BD74,74,BD,0.0,user_entry,
MF Market Rent,A75,75,A,3.0,user_entry,
MF Market Rent,B75,75,B,2.0,user_entry,
MF Market Rent,G75,75,G,0.0,user_entry,
MF Market Rent,H75,75,H,0x7,user_entry,
MF Market Rent,O75,75,O,-1.0,user_entry,
MF Market Rent,P75,75,P,_,user_entry,
MF Market Rent,T75,75,T,0x7,user_entry,
MF Market Rent,Y75,75,Y,0.0,user_entry,
MF Market Rent,AA75,75,AA,0.0,user_entry,
MF Market Rent,AB75,75,AB,0.0,user_entry,
MF Market Rent,AC75,75,AC,0.0,user_entry,
MF Market Rent,AD75,75,AD,0.0,user_entry,
MF Market Rent,AE75,75,AE,0.0,user_entry,
MF Market Rent,AF75,75,AF,0.0,user_entry,
MF Market Rent,AL75,75,AL,0.0,user_entry,
MF Market Rent,AP75,75,AP,0.0,user_entry,
MF Market Rent,AU75,75,AU,0.0,user_entry,
MF Market Rent,AV75,75,AV,0.0,user_entry,
MF Market Rent,BD75,75,BD,0.0,user_entry,
MF Market Rent,A76,76,A,3.0,user_entry,
MF Market Rent,B76,76,B,3.0,user_entry,
MF Market Rent,G76,76,G,0.0,user_entry,
MF Market Rent,H76,76,H,0x7,user_entry,
MF Market Rent,O76,76,O,-1.0,user_entry,
MF Market Rent,P76,76,P,_,user_entry,
MF Market Rent,T76,76,T,0x7,user_entry,
MF Market Rent,Y76,76,Y,0.0,user_entry,
MF Market Rent,AA76,76,AA,0.0,user_entry,
MF Market Rent,AB76,76,AB,0.0,user_entry,
MF Market Rent,AC76,76,AC,0.0,user_entry,
MF Market Rent,AD76,76,AD,0.0,user_entry,
MF Market Rent,AE76,76,AE,0.0,user_entry,
MF Market Rent,AF76,76,AF,0.0,user_entry,
MF Market Rent,AL76,76,AL,0.0,user_entry,
MF Market Rent,AP76,76,AP,0.0,user_entry,
MF Market Rent,AU76,76,AU,0.0,user_entry,
MF Market Rent,AV76,76,AV,0.0,user_entry,
MF Market Rent,BD76,76,BD,0.0,user_entry,
MF Market Rent,A77,77,A,3.0,user_entry,
MF Market Rent,B77,77,B,4.0,user_entry,
MF Market Rent,G77,77,G,0.0,user_entry,
MF Market Rent,H77,77,H,0x7,user_entry,
MF Market Rent,O77,77,O,-1.0,user_entry,
MF Market Rent,P77,77,P,_,user_entry,
MF Market Rent,T77,77,T,0x7,user_entry,
MF Market Rent,Y77,77,Y,0.0,user_entry,
MF Market Rent,AA77,77,AA,0.0,user_entry,
MF Market Rent,AB77,77,AB,0.0,user_entry,
MF Market Rent,AC77,77,AC,0.0,user_entry,
MF Market Rent,AD77,77,AD,0.0,user_entry,
MF Market Rent,AE77,77,AE,0.0,user_entry,
MF Market Rent,AF77,77,AF,0.0,user_entry,
MF Market Rent,AL77,77,AL,0.0,user_entry,
MF Market Rent,AP77,77,AP,0.0,user_entry,
MF Market Rent,AU77,77,AU,0.0,user_entry,
MF Market Rent,AV77,77,AV,0.0,user_entry,
MF Market Rent,BD77,77,BD,0.0,user_entry,
MF Market Rent,A78,78,A,3.0,user_entry,
MF Market Rent,B78,78,B,5.0,user_entry,
MF Market Rent,G78,78,G,0.0,user_entry,
MF Market Rent,H78,78,H,0x7,user_entry,
MF Market Rent,O78,78,O,-1.0,user_entry,
MF Market Rent,P78,78,P,_,user_entry,
MF Market Rent,T78,78,T,0x7,user_entry,
MF Market Rent,Y78,78,Y,0.0,user_entry,
MF Market Rent,AA78,78,AA,0.0,user_entry,
MF Market Rent,AB78,78,AB,0.0,user_entry,
MF Market Rent,AC78,78,AC,0.0,user_entry,
MF Market Rent,AD78,78,AD,0.0,user_entry,
MF Market Rent,AE78,78,AE,0.0,user_entry,
MF Market Rent,AF78,78,AF,0.0,user_entry,
MF Market Rent,AL78,78,AL,0.0,user_entry,
MF Market Rent,AP78,78,AP,0.0,user_entry,
MF Market Rent,AU78,78,AU,0.0,user_entry,
MF Market Rent,AV78,78,AV,0.0,user_entry,
MF Market Rent,BD78,78,BD,0.0,user_entry,
MF Market Rent,A79,79,A,3.0,user_entry,
MF Market Rent,B79,79,B,6.0,user_entry,
MF Market Rent,G79,79,G,0.0,user_entry,
MF Market Rent,H79,79,H,0x7,user_entry,
MF Market Rent,O79,79,O,-1.0,user_entry,
MF Market Rent,P79,79,P,_,user_entry,
MF Market Rent,T79,79,T,0x7,user_entry,
MF Market Rent,Y79,79,Y,0.0,user_entry,
MF Market Rent,AA79,79,AA,0.0,user_entry,
MF Market Rent,AB79,79,AB,0.0,user_entry,
MF Market Rent,AC79,79,AC,0.0,user_entry,
MF Market Rent,AD79,79,AD,0.0,user_entry,
MF Market Rent,AE79,79,AE,0.0,user_entry,
MF Market Rent,AF79,79,AF,0.0,user_entry,
MF Market Rent,AL79,79,AL,0.0,user_entry,
MF Market Rent,AP79,79,AP,0.0,user_entry,
MF Market Rent,AU79,79,AU,0.0,user_entry,
MF Market Rent,AV79,79,AV,0.0,user_entry,
MF Market Rent,BD79,79,BD,0.0,user_entry,
MF Market Rent,A80,80,A,3.0,user_entry,
MF Market Rent,B80,80,B,7.0,user_entry,
MF Market Rent,G80,80,G,0.0,user_entry,
MF Market Rent,H80,80,H,0x7,user_entry,
MF Market Rent,O80,80,O,-1.0,user_entry,
MF Market Rent,P80,80,P,_,user_entry,
MF Market Rent,T80,80,T,0x7,user_entry,
MF Market Rent,Y80,80,Y,0.0,user_entry,
MF Market Rent,AA80,80,AA,0.0,user_entry,
MF Market Rent,AB80,80,AB,0.0,user_entry,
MF Market Rent,AC80,80,AC,0.0,user_entry,
MF Market Rent,AD80,80,AD,0.0,user_entry,
MF Market Rent,AE80,80,AE,0.0,user_entry,
MF Market Rent,AF80,80,AF,0.0,user_entry,
MF Market Rent,AL80,80,AL,0.0,user_entry,
MF Market Rent,AP80,80,AP,0.0,user_entry,
MF Market Rent,AU80,80,AU,0.0,user_entry,
MF Market Rent,AV80,80,AV,0.0,user_entry,
MF Market Rent,BD80,80,BD,0.0,user_entry,
MF Market Rent,A81,81,A,3.0,user_entry,
MF Market Rent,B81,81,B,8.0,user_entry,
MF Market Rent,G81,81,G,0.0,user_entry,
MF Market Rent,H81,81,H,0x7,user_entry,
MF Market Rent,O81,81,O,-1.0,user_entry,
MF Market Rent,P81,81,P,_,user_entry,
MF Market Rent,T81,81,T,0x7,user_entry,
MF Market Rent,Y81,81,Y,0.0,user_entry,
MF Market Rent,AA81,81,AA,0.0,user_entry,
MF Market Rent,AB81,81,AB,0.0,user_entry,
MF Market Rent,AC81,81,AC,0.0,user_entry,
MF Market Rent,AD81,81,AD,0.0,user_entry,
MF Market Rent,AE81,81,AE,0.0,user_entry,
MF Market Rent,AF81,81,AF,0.0,user_entry,
MF Market Rent,AL81,81,AL,0.0,user_entry,
MF Market Rent,AP81,81,AP,0.0,user_entry,
MF Market Rent,AU81,81,AU,0.0,user_entry,
MF Market Rent,AV81,81,AV,0.0,user_entry,
MF Market Rent,BD81,81,BD,0.0,user_entry,
MF Market Rent,A82,82,A,3.0,user_entry,
MF Market Rent,B82,82,B,9.0,user_entry,
MF Market Rent,G82,82,G,0.0,user_entry,
MF Market Rent,H82,82,H,0x7,user_entry,
MF Market Rent,O82,82,O,-1.0,user_entry,
MF Market Rent,P82,82,P,_,user_entry,
MF Market Rent,T82,82,T,0x7,user_entry,
MF Market Rent,Y82,82,Y,0.0,user_entry,
MF Market Rent,AA82,82,AA,0.0,user_entry,
MF Market Rent,AB82,82,AB,0.0,user_entry,
MF Market Rent,AC82,82,AC,0.0,user_entry,
MF Market Rent,AD82,82,AD,0.0,user_entry,
MF Market Rent,AE82,82,AE,0.0,user_entry,
MF Market Rent,AF82,82,AF,0.0,user_entry,
MF Market Rent,AL82,82,AL,0.0,user_entry,
MF Market Rent,AP82,82,AP,0.0,user_entry,
MF Market Rent,AU82,82,AU,0.0,user_entry,
MF Market Rent,AV82,82,AV,0.0,user_entry,
MF Market Rent,BD82,82,BD,0.0,user_entry,
MF Market Rent,A83,83,A,3.0,user_entry,
MF Market Rent,B83,83,B,10.0,user_entry,
MF Market Rent,G83,83,G,0.0,user_entry,
MF Market Rent,H83,83,H,0x7,user_entry,
MF Market Rent,O83,83,O,-1.0,user_entry,
MF Market Rent,P83,83,P,_,user_entry,
MF Market Rent,T83,83,T,0x7,user_entry,
MF Market Rent,Y83,83,Y,0.0,user_entry,
MF Market Rent,AA83,83,AA,0.0,user_entry,
MF Market Rent,AB83,83,AB,0.0,user_entry,
MF Market Rent,AC83,83,AC,0.0,user_entry,
MF Market Rent,AD83,83,AD,0.0,user_entry,
MF Market Rent,AE83,83,AE,0.0,user_entry,
MF Market Rent,AF83,83,AF,0.0,user_entry,
MF Market Rent,AL83,83,AL,0.0,user_entry,
MF Market Rent,AP83,83,AP,0.0,user_entry,
MF Market Rent,AU83,83,AU,0.0,user_entry,
MF Market Rent,AV83,83,AV,0.0,user_entry,
MF Market Rent,BD83,83,BD,0.0,user_entry,
MF Market Rent,A84,84,A,3.0,user_entry,
MF Market Rent,B84,84,B,11.0,user_entry,
MF Market Rent,G84,84,G,0.0,user_entry,
MF Market Rent,H84,84,H,0x7,user_entry,
MF Market Rent,O84,84,O,-1.0,user_entry,
MF Market Rent,P84,84,P,_,user_entry,
MF Market Rent,T84,84,T,0x7,user_entry,
MF Market Rent,Y84,84,Y,0.0,user_entry,
MF Market Rent,AA84,84,AA,0.0,user_entry,
MF Market Rent,AB84,84,AB,0.0,user_entry,
MF Market Rent,AC84,84,AC,0.0,user_entry,
MF Market Rent,AD84,84,AD,0.0,user_entry,
MF Market Rent,AE84,84,AE,0.0,user_entry,
MF Market Rent,AF84,84,AF,0.0,user_entry,
MF Market Rent,AL84,84,AL,0.0,user_entry,
MF Market Rent,AP84,84,AP,0.0,user_entry,
MF Market Rent,AU84,84,AU,0.0,user_entry,
MF Market Rent,AV84,84,AV,0.0,user_entry,
MF Market Rent,BD84,84,BD,0.0,user_entry,
MF Market Rent,A85,85,A,3.0,user_entry,
MF Market Rent,B85,85,B,12.0,user_entry,
MF Market Rent,G85,85,G,0.0,user_entry,
MF Market Rent,H85,85,H,0x7,user_entry,
MF Market Rent,O85,85,O,-1.0,user_entry,
MF Market Rent,P85,85,P,_,user_entry,
MF Market Rent,T85,85,T,0x7,user_entry,
MF Market Rent,Y85,85,Y,0.0,user_entry,
MF Market Rent,AA85,85,AA,0.0,user_entry,
MF Market Rent,AB85,85,AB,0.0,user_entry,
MF Market Rent,AC85,85,AC,0.0,user_entry,
MF Market Rent,AD85,85,AD,0.0,user_entry,
MF Market Rent,AE85,85,AE,0.0,user_entry,
MF Market Rent,AF85,85,AF,0.0,user_entry,
MF Market Rent,AL85,85,AL,0.0,user_entry,
MF Market Rent,AP85,85,AP,0.0,user_entry,
MF Market Rent,AU85,85,AU,0.0,user_entry,
MF Market Rent,AV85,85,AV,0.0,user_entry,
MF Market Rent,BD85,85,BD,0.0,user_entry,
MF Market Rent,A86,86,A,3.0,user_entry,
MF Market Rent,B86,86,B,13.0,user_entry,
MF Market Rent,G86,86,G,0.0,user_entry,
MF Market Rent,H86,86,H,0x7,user_entry,
MF Market Rent,O86,86,O,-1.0,user_entry,
MF Market Rent,P86,86,P,_,user_entry,
MF Market Rent,T86,86,T,0x7,user_entry,
MF Market Rent,Y86,86,Y,0.0,user_entry,
MF Market Rent,AA86,86,AA,0.0,user_entry,
MF Market Rent,AB86,86,AB,0.0,user_entry,
MF Market Rent,AC86,86,AC,0.0,user_entry,
MF Market Rent,AD86,86,AD,0.0,user_entry,
MF Market Rent,AE86,86,AE,0.0,user_entry,
MF Market Rent,AF86,86,AF,0.0,user_entry,
MF Market Rent,AL86,86,AL,0.0,user_entry,
MF Market Rent,AP86,86,AP,0.0,user_entry,
MF Market Rent,AU86,86,AU,0.0,user_entry,
MF Market Rent,AV86,86,AV,0.0,user_entry,
MF Market Rent,BD86,86,BD,0.0,user_entry,
MF Market Rent,A87,87,A,3.0,user_entry,
MF Market Rent,B87,87,B,14.0,user_entry,
MF Market Rent,G87,87,G,0.0,user_entry,
MF Market Rent,H87,87,H,0x7,user_entry,
MF Market Rent,O87,87,O,-1.0,user_entry,
MF Market Rent,P87,87,P,_,user_entry,
MF Market Rent,T87,87,T,0x7,user_entry,
MF Market Rent,Y87,87,Y,0.0,user_entry,
MF Market Rent,AA87,87,AA,0.0,user_entry,
MF Market Rent,AB87,87,AB,0.0,user_entry,
MF Market Rent,AC87,87,AC,0.0,user_entry,
MF Market Rent,AD87,87,AD,0.0,user_entry,
MF Market Rent,AE87,87,AE,0.0,user_entry,
MF Market Rent,AF87,87,AF,0.0,user_entry,
MF Market Rent,AL87,87,AL,0.0,user_entry,
MF Market Rent,AP87,87,AP,0.0,user_entry,
MF Market Rent,AU87,87,AU,0.0,user_entry,
MF Market Rent,AV87,87,AV,0.0,user_entry,
MF Market Rent,BD87,87,BD,0.0,user_entry,
MF Market Rent,A88,88,A,3.0,user_entry,
MF Market Rent,B88,88,B,15.0,user_entry,
MF Market Rent,G88,88,G,0.0,user_entry,
MF Market Rent,H88,88,H,0x7,user_entry,
MF Market Rent,O88,88,O,-1.0,user_entry,
MF Market Rent,P88,88,P,_,user_entry,
MF Market Rent,T88,88,T,0x7,user_entry,
MF Market Rent,Y88,88,Y,0.0,user_entry,
MF Market Rent,AA88,88,AA,0.0,user_entry,
MF Market Rent,AB88,88,AB,0.0,user_entry,
MF Market Rent,AC88,88,AC,0.0,user_entry,
MF Market Rent,AD88,88,AD,0.0,user_entry,
MF Market Rent,AE88,88,AE,0.0,user_entry,
MF Market Rent,AF88,88,AF,0.0,user_entry,
MF Market Rent,AL88,88,AL,0.0,user_entry,
MF Market Rent,AP88,88,AP,0.0,user_entry,
MF Market Rent,AU88,88,AU,0.0,user_entry,
MF Market Rent,AV88,88,AV,0.0,user_entry,
MF Market Rent,BD88,88,BD,0.0,user_entry,
MF Market Rent,A89,89,A,3.0,user_entry,
MF Market Rent,B89,89,B,16.0,user_entry,
MF Market Rent,G89,89,G,0.0,user_entry,
MF Market Rent,H89,89,H,0x7,user_entry,
MF Market Rent,O89,89,O,-1.0,user_entry,
MF Market Rent,P89,89,P,_,user_entry,
MF Market Rent,T89,89,T,0x7,user_entry,
MF Market Rent,Y89,89,Y,0.0,user_entry,
MF Market Rent,AA89,89,AA,0.0,user_entry,
MF Market Rent,AB89,89,AB,0.0,user_entry,
MF Market Rent,AC89,89,AC,0.0,user_entry,
MF Market Rent,AD89,89,AD,0.0,user_entry,
MF Market Rent,AE89,89,AE,0.0,user_entry,
MF Market Rent,AF89,89,AF,0.0,user_entry,
MF Market Rent,AL89,89,AL,0.0,user_entry,
MF Market Rent,AP89,89,AP,0.0,user_entry,
MF Market Rent,AU89,89,AU,0.0,user_entry,
MF Market Rent,AV89,89,AV,0.0,user_entry,
MF Market Rent,BD89,89,BD,0.0,user_entry,
MF Market Rent,A90,90,A,3.0,user_entry,
MF Market Rent,B90,90,B,17.0,user_entry,
MF Market Rent,G90,90,G,0.0,user_entry,
MF Market Rent,H90,90,H,0x7,user_entry,
MF Market Rent,O90,90,O,-1.0,user_entry,
MF Market Rent,P90,90,P,_,user_entry,
MF Market Rent,T90,90,T,0x7,user_entry,
MF Market Rent,Y90,90,Y,0.0,user_entry,
MF Market Rent,AA90,90,AA,0.0,user_entry,
MF Market Rent,AB90,90,AB,0.0,user_entry,
MF Market Rent,AC90,90,AC,0.0,user_entry,
MF Market Rent,AD90,90,AD,0.0,user_entry,
MF Market Rent,AE90,90,AE,0.0,user_entry,
MF Market Rent,AF90,90,AF,0.0,user_entry,
MF Market Rent,AL90,90,AL,0.0,user_entry,
MF Market Rent,AP90,90,AP,0.0,user_entry,
MF Market Rent,AU90,90,AU,0.0,user_entry,
MF Market Rent,AV90,90,AV,0.0,user_entry,
MF Market Rent,BD90,90,BD,0.0,user_entry,
MF Market Rent,A91,91,A,3.0,user_entry,
MF Market Rent,B91,91,B,18.0,user_entry,
MF Market Rent,G91,91,G,0.0,user_entry,
MF Market Rent,H91,91,H,0x7,user_entry,
MF Market Rent,O91,91,O,-1.0,user_entry,
MF Market Rent,P91,91,P,_,user_entry,
MF Market Rent,T91,91,T,0x7,user_entry,
MF Market Rent,Y91,91,Y,0.0,user_entry,
MF Market Rent,AA91,91,AA,0.0,user_entry,
MF Market Rent,AB91,91,AB,0.0,user_entry,
MF Market Rent,AC91,91,AC,0.0,user_entry,
MF Market Rent,AD91,91,AD,0.0,user_entry,
MF Market Rent,AE91,91,AE,0.0,user_entry,
MF Market Rent,AF91,91,AF,0.0,user_entry,
MF Market Rent,AL91,91,AL,0.0,user_entry,
MF Market Rent,AP91,91,AP,0.0,user_entry,
MF Market Rent,AU91,91,AU,0.0,user_entry,
MF Market Rent,AV91,91,AV,0.0,user_entry,
MF Market Rent,BD91,91,BD,0.0,user_entry,
MF Market Rent,A92,92,A,3.0,user_entry,
MF Market Rent,B92,92,B,19.0,user_entry,
MF Market Rent,G92,92,G,0.0,user_entry,
MF Market Rent,H92,92,H,0x7,user_entry,
MF Market Rent,O92,92,O,-1.0,user_entry,
MF Market Rent,P92,92,P,_,user_entry,
MF Market Rent,T92,92,T,0x7,user_entry,
MF Market Rent,Y92,92,Y,0.0,user_entry,
MF Market Rent,AA92,92,AA,0.0,user_entry,
MF Market Rent,AB92,92,AB,0.0,user_entry,
MF Market Rent,AC92,92,AC,0.0,user_entry,
MF Market Rent,AD92,92,AD,0.0,user_entry,
MF Market Rent,AE92,92,AE,0.0,user_entry,
MF Market Rent,AF92,92,AF,0.0,user_entry,
MF Market Rent,AL92,92,AL,0.0,user_entry,
MF Market Rent,AP92,92,AP,0.0,user_entry,
MF Market Rent,AU92,92,AU,0.0,user_entry,
MF Market Rent,AV92,92,AV,0.0,user_entry,
MF Market Rent,BD92,92,BD,0.0,user_entry,
MF Market Rent,A93,93,A,3.0,user_entry,
MF Market Rent,B93,93,B,20.0,user_entry,
MF Market Rent,G93,93,G,0.0,user_entry,
MF Market Rent,H93,93,H,0x7,user_entry,
MF Market Rent,O93,93,O,-1.0,user_entry,
MF Market Rent,P93,93,P,_,user_entry,
MF Market Rent,T93,93,T,0x7,user_entry,
MF Market Rent,Y93,93,Y,0.0,user_entry,
MF Market Rent,AA93,93,AA,0.0,user_entry,
MF Market Rent,AB93,93,AB,0.0,user_entry,
MF Market Rent,AC93,93,AC,0.0,user_entry,
MF Market Rent,AD93,93,AD,0.0,user_entry,
MF Market Rent,AE93,93,AE,0.0,user_entry,
MF Market Rent,AF93,93,AF,0.0,user_entry,
MF Market Rent,AL93,93,AL,0.0,user_entry,
MF Market Rent,AP93,93,AP,0.0,user_entry,
MF Market Rent,AU93,93,AU,0.0,user_entry,
MF Market Rent,AV93,93,AV,0.0,user_entry,
MF Market Rent,BD93,93,BD,0.0,user_entry,
MF Market Rent,A94,94,A,3.0,user_entry,
MF Market Rent,B94,94,B,21.0,user_entry,
MF Market Rent,G94,94,G,0.0,user_entry,
MF Market Rent,H94,94,H,0x7,user_entry,
MF Market Rent,O94,94,O,-1.0,user_entry,
MF Market Rent,P94,94,P,_,user_entry,
MF Market Rent,T94,94,T,0x7,user_entry,
MF Market Rent,Y94,94,Y,0.0,user_entry,
MF Market Rent,AA94,94,AA,0.0,user_entry,
MF Market Rent,AB94,94,AB,0.0,user_entry,
MF Market Rent,AC94,94,AC,0.0,user_entry,
MF Market Rent,AD94,94,AD,0.0,user_entry,
MF Market Rent,AE94,94,AE,0.0,user_entry,
MF Market Rent,AF94,94,AF,0.0,user_entry,
MF Market Rent,AL94,94,AL,0.0,user_entry,
MF Market Rent,AP94,94,AP,0.0,user_entry,
MF Market Rent,AU94,94,AU,0.0,user_entry,
MF Market Rent,AV94,94,AV,0.0,user_entry,
MF Market Rent,BD94,94,BD,0.0,user_entry,
MF Market Rent,A95,95,A,3.0,user_entry,
MF Market Rent,B95,95,B,22.0,user_entry,
MF Market Rent,G95,95,G,0.0,user_entry,
MF Market Rent,H95,95,H,0x7,user_entry,
MF Market Rent,O95,95,O,-1.0,user_entry,
MF Market Rent,P95,95,P,_,user_entry,
MF Market Rent,T95,95,T,0x7,user_entry,
MF Market Rent,Y95,95,Y,0.0,user_entry,
MF Market Rent,AA95,95,AA,0.0,user_entry,
MF Market Rent,AB95,95,AB,0.0,user_entry,
MF Market Rent,AC95,95,AC,0.0,user_entry,
MF Market Rent,AD95,95,AD,0.0,user_entry,
MF Market Rent,AE95,95,AE,0.0,user_entry,
MF Market Rent,AF95,95,AF,0.0,user_entry,
MF Market Rent,AL95,95,AL,0.0,user_entry,
MF Market Rent,AP95,95,AP,0.0,user_entry,
MF Market Rent,AU95,95,AU,0.0,user_entry,
MF Market Rent,AV95,95,AV,0.0,user_entry,
MF Market Rent,BD95,95,BD,0.0,user_entry,
MF Market Rent,A96,96,A,3.0,user_entry,
MF Market Rent,B96,96,B,23.0,user_entry,
MF Market Rent,G96,96,G,0.0,user_entry,
MF Market Rent,H96,96,H,0x7,user_entry,
MF Market Rent,O96,96,O,-1.0,user_entry,
MF Market Rent,P96,96,P,_,user_entry,
MF Market Rent,T96,96,T,0x7,user_entry,
MF Market Rent,Y96,96,Y,0.0,user_entry,
MF Market Rent,AA96,96,AA,0.0,user_entry,
MF Market Rent,AB96,96,AB,0.0,user_entry,
MF Market Rent,AC96,96,AC,0.0,user_entry,
MF Market Rent,AD96,96,AD,0.0,user_entry,
MF Market Rent,AE96,96,AE,0.0,user_entry,
MF Market Rent,AF96,96,AF,0.0,user_entry,
MF Market Rent,AL96,96,AL,0.0,user_entry,
MF Market Rent,AP96,96,AP,0.0,user_entry,
MF Market Rent,AU96,96,AU,0.0,user_entry,
MF Market Rent,AV96,96,AV,0.0,user_entry,
MF Market Rent,BD96,96,BD,0.0,user_entry,
MF Market Rent,A97,97,A,3.0,user_entry,
MF Market Rent,B97,97,B,24.0,user_entry,
MF Market Rent,G97,97,G,0.0,user_entry,
MF Market Rent,H97,97,H,0x7,user_entry,
MF Market Rent,O97,97,O,-1.0,user_entry,
MF Market Rent,P97,97,P,_,user_entry,
MF Market Rent,T97,97,T,0x7,user_entry,
MF Market Rent,Y97,97,Y,0.0,user_entry,
MF Market Rent,AA97,97,AA,0.0,user_entry,
MF Market Rent,AB97,97,AB,0.0,user_entry,
MF Market Rent,AC97,97,AC,0.0,user_entry,
MF Market Rent,AD97,97,AD,0.0,user_entry,
MF Market Rent,AE97,97,AE,0.0,user_entry,
MF Market Rent,AF97,97,AF,0.0,user_entry,
MF Market Rent,AL97,97,AL,0.0,user_entry,
MF Market Rent,AP97,97,AP,0.0,user_entry,
MF Market Rent,AU97,97,AU,0.0,user_entry,
MF Market Rent,AV97,97,AV,0.0,user_entry,
MF Market Rent,BD97,97,BD,0.0,user_entry,
MF Market Rent,A98,98,A,3.0,user_entry,
MF Market Rent,B98,98,B,25.0,user_entry,
MF Market Rent,G98,98,G,0.0,user_entry,
MF Market Rent,H98,98,H,0x7,user_entry,
MF Market Rent,O98,98,O,-1.0,user_entry,
MF Market Rent,P98,98,P,_,user_entry,
MF Market Rent,T98,98,T,0x7,user_entry,
MF Market Rent,Y98,98,Y,0.0,user_entry,
MF Market Rent,AA98,98,AA,0.0,user_entry,
MF Market Rent,AB98,98,AB,0.0,user_entry,
MF Market Rent,AC98,98,AC,0.0,user_entry,
MF Market Rent,AD98,98,AD,0.0,user_entry,
MF Market Rent,AE98,98,AE,0.0,user_entry,
MF Market Rent,AF98,98,AF,0.0,user_entry,
MF Market Rent,AL98,98,AL,0.0,user_entry,
MF Market Rent,AP98,98,AP,0.0,user_entry,
MF Market Rent,AU98,98,AU,0.0,user_entry,
MF Market Rent,AV98,98,AV,0.0,user_entry,
MF Market Rent,BD98,98,BD,0.0,user_entry,
MF Market Rent,A99,99,A,3.0,user_entry,
MF Market Rent,B99,99,B,26.0,user_entry,
MF Market Rent,G99,99,G,0.0,user_entry,
MF Market Rent,H99,99,H,0x7,user_entry,
MF Market Rent,O99,99,O,-1.0,user_entry,
MF Market Rent,P99,99,P,_,user_entry,
MF Market Rent,T99,99,T,0x7,user_entry,
MF Market Rent,Y99,99,Y,0.0,user_entry,
MF Market Rent,AA99,99,AA,0.0,user_entry,
MF Market Rent,AB99,99,AB,0.0,user_entry,
MF Market Rent,AC99,99,AC,0.0,user_entry,
MF Market Rent,AD99,99,AD,0.0,user_entry,
MF Market Rent,AE99,99,AE,0.0,user_entry,
MF Market Rent,AF99,99,AF,0.0,user_entry,
MF Market Rent,AL99,99,AL,0.0,user_entry,
MF Market Rent,AP99,99,AP,0.0,user_entry,
MF Market Rent,AU99,99,AU,0.0,user_entry,
MF Market Rent,AV99,99,AV,0.0,user_entry,
MF Market Rent,BD99,99,BD,0.0,user_entry,
MF Market Rent,A100,100,A,3.0,user_entry,
MF Market Rent,B100,100,B,27.0,user_entry,
MF Market Rent,G100,100,G,0.0,user_entry,
MF Market Rent,H100,100,H,0x7,user_entry,
MF Market Rent,O100,100,O,-1.0,user_entry,
MF Market Rent,P100,100,P,_,user_entry,
MF Market Rent,T100,100,T,0x7,user_entry,
MF Market Rent,Y100,100,Y,0.0,user_entry,
MF Market Rent,AA100,100,AA,0.0,user_entry,
MF Market Rent,AB100,100,AB,0.0,user_entry,
MF Market Rent,AC100,100,AC,0.0,user_entry,
MF Market Rent,AD100,100,AD,0.0,user_entry,
MF Market Rent,AE100,100,AE,0.0,user_entry,
MF Market Rent,AF100,100,AF,0.0,user_entry,
MF Market Rent,AL100,100,AL,0.0,user_entry,
MF Market Rent,AP100,100,AP,0.0,user_entry,
MF Market Rent,AU100,100,AU,0.0,user_entry,
MF Market Rent,AV100,100,AV,0.0,user_entry,
MF Market Rent,BD100,100,BD,0.0,user_entry,
MF Market Rent,A101,101,A,3.0,user_entry,
MF Market Rent,B101,101,B,28.0,user_entry,
MF Market Rent,G101,101,G,0.0,user_entry,
MF Market Rent,H101,101,H,0x7,user_entry,
MF Market Rent,O101,101,O,-1.0,user_entry,
MF Market Rent,P101,101,P,_,user_entry,
MF Market Rent,T101,101,T,0x7,user_entry,
MF Market Rent,Y101,101,Y,0.0,user_entry,
MF Market Rent,AA101,101,AA,0.0,user_entry,
MF Market Rent,AB101,101,AB,0.0,user_entry,
MF Market Rent,AC101,101,AC,0.0,user_entry,
MF Market Rent,AD101,101,AD,0.0,user_entry,
MF Market Rent,AE101,101,AE,0.0,user_entry,
MF Market Rent,AF101,101,AF,0.0,user_entry,
MF Market Rent,AL101,101,AL,0.0,user_entry,
MF Market Rent,AP101,101,AP,0.0,user_entry,
MF Market Rent,AU101,101,AU,0.0,user_entry,
MF Market Rent,AV101,101,AV,0.0,user_entry,
MF Market Rent,BD101,101,BD,0.0,user_entry,
MF Market Rent,A102,102,A,3.0,user_entry,
MF Market Rent,B102,102,B,29.0,user_entry,
MF Market Rent,G102,102,G,0.0,user_entry,
MF Market Rent,H102,102,H,0x7,user_entry,
MF Market Rent,O102,102,O,-1.0,user_entry,
MF Market Rent,P102,102,P,_,user_entry,
MF Market Rent,T102,102,T,0x7,user_entry,
MF Market Rent,Y102,102,Y,0.0,user_entry,
MF Market Rent,AA102,102,AA,0.0,user_entry,
MF Market Rent,AB102,102,AB,0.0,user_entry,
MF Market Rent,AC102,102,AC,0.0,user_entry,
MF Market Rent,AD102,102,AD,0.0,user_entry,
MF Market Rent,AE102,102,AE,0.0,user_entry,
MF Market Rent,AF102,102,AF,0.0,user_entry,
MF Market Rent,AL102,102,AL,0.0,user_entry,
MF Market Rent,AP102,102,AP,0.0,user_entry,
MF Market Rent,AU102,102,AU,0.0,user_entry,
MF Market Rent,AV102,102,AV,0.0,user_entry,
MF Market Rent,BD102,102,BD,0.0,user_entry,
MF Market Rent,A103,103,A,3.0,user_entry,
MF Market Rent,B103,103,B,30.0,user_entry,
MF Market Rent,G103,103,G,0.0,user_entry,
MF Market Rent,H103,103,H,0x7,user_entry,
MF Market Rent,O103,103,O,-1.0,user_entry,
MF Market Rent,P103,103,P,_,user_entry,
MF Market Rent,T103,103,T,0x7,user_entry,
MF Market Rent,Y103,103,Y,0.0,user_entry,
MF Market Rent,AA103,103,AA,0.0,user_entry,
MF Market Rent,AB103,103,AB,0.0,user_entry,
MF Market Rent,AC103,103,AC,0.0,user_entry,
MF Market Rent,AD103,103,AD,0.0,user_entry,
MF Market Rent,AE103,103,AE,0.0,user_entry,
MF Market Rent,AF103,103,AF,0.0,user_entry,
MF Market Rent,AL103,103,AL,0.0,user_entry,
MF Market Rent,AP103,103,AP,0.0,user_entry,
MF Market Rent,AU103,103,AU,0.0,user_entry,
MF Market Rent,AV103,103,AV,0.0,user_entry,
MF Market Rent,BD103,103,BD,0.0,user_entry,
MF Market Rent,A104,104,A,4.0,user_entry,
MF Market Rent,G104,104,G,0.0,user_entry,
MF Market Rent,P104,104,P,_Total,user_entry,
MF Market Rent,Q104,104,Q,Total,user_entry,
MF Market Rent,T104,104,T,0x7,user_entry,
MF Market Rent,Y104,104,Y,0.0,user_entry,
MF Market Rent,Z104,104,Z,0.0,user_entry,
MF Market Rent,AA104,104,AA,0.0,user_entry,
MF Market Rent,AB104,104,AB,0.0,user_entry,
MF Market Rent,AC104,104,AC,0.0,user_entry,
MF Market Rent,AD104,104,AD,0.0,user_entry,
MF Market Rent,AE104,104,AE,0.0,user_entry,
MF Market Rent,AF104,104,AF,0.0,user_entry,
MF Market Rent,AL104,104,AL,0.0,user_entry,
MF Market Rent,AM104,104,AM,0.0,user_entry,
MF Market Rent,AP104,104,AP,0.0,user_entry,
MF Market Rent,AS104,104,AS,0.0,user_entry,
MF Market Rent,AU104,104,AU,0.0,user_entry,
MF Market Rent,AV104,104,AV,0.0,user_entry,
MF Market Rent,BD104,104,BD,0.0,user_entry,
MF Market Rent,BE104,104,BE,0.0,user_entry,
MF Market Rent,A105,105,A,4.0,user_entry,
MF Market Rent,B105,105,B,1.0,user_entry,
MF Market Rent,G105,105,G,0.0,user_entry,
MF Market Rent,H105,105,H,0x7,user_entry,
MF Market Rent,O105,105,O,-1.0,user_entry,
MF Market Rent,P105,105,P,_,user_entry,
MF Market Rent,T105,105,T,0x7,user_entry,
MF Market Rent,Y105,105,Y,0.0,user_entry,
MF Market Rent,AA105,105,AA,0.0,user_entry,
MF Market Rent,AB105,105,AB,0.0,user_entry,
MF Market Rent,AC105,105,AC,0.0,user_entry,
MF Market Rent,AD105,105,AD,0.0,user_entry,
MF Market Rent,AE105,105,AE,0.0,user_entry,
MF Market Rent,AF105,105,AF,0.0,user_entry,
MF Market Rent,AL105,105,AL,0.0,user_entry,
MF Market Rent,AP105,105,AP,0.0,user_entry,
MF Market Rent,AU105,105,AU,0.0,user_entry,
MF Market Rent,AV105,105,AV,0.0,user_entry,
MF Market Rent,BD105,105,BD,0.0,user_entry,
MF Market Rent,A106,106,A,4.0,user_entry,
MF Market Rent,B106,106,B,2.0,user_entry,
MF Market Rent,G106,106,G,0.0,user_entry,
MF Market Rent,H106,106,H,0x7,user_entry,
MF Market Rent,O106,106,O,-1.0,user_entry,
MF Market Rent,P106,106,P,_,user_entry,
MF Market Rent,T106,106,T,0x7,user_entry,
MF Market Rent,Y106,106,Y,0.0,user_entry,
MF Market Rent,AA106,106,AA,0.0,user_entry,
MF Market Rent,AB106,106,AB,0.0,user_entry,
MF Market Rent,AC106,106,AC,0.0,user_entry,
MF Market Rent,AD106,106,AD,0.0,user_entry,
MF Market Rent,AE106,106,AE,0.0,user_entry,
MF Market Rent,AF106,106,AF,0.0,user_entry,
MF Market Rent,AL106,106,AL,0.0,user_entry,
MF Market Rent,AP106,106,AP,0.0,user_entry,
MF Market Rent,AU106,106,AU,0.0,user_entry,
MF Market Rent,AV106,106,AV,0.0,user_entry,
MF Market Rent,BD106,106,BD,0.0,user_entry,
MF Market Rent,A107,107,A,4.0,user_entry,
MF Market Rent,B107,107,B,3.0,user_entry,
MF Market Rent,G107,107,G,0.0,user_entry,
MF Market Rent,H107,107,H,0x7,user_entry,
MF Market Rent,O107,107,O,-1.0,user_entry,
MF Market Rent,P107,107,P,_,user_entry,
MF Market Rent,T107,107,T,0x7,user_entry,
MF Market Rent,Y107,107,Y,0.0,user_entry,
MF Market Rent,AA107,107,AA,0.0,user_entry,
MF Market Rent,AB107,107,AB,0.0,user_entry,
MF Market Rent,AC107,107,AC,0.0,user_entry,
MF Market Rent,AD107,107,AD,0.0,user_entry,
MF Market Rent,AE107,107,AE,0.0,user_entry,
MF Market Rent,AF107,107,AF,0.0,user_entry,
MF Market Rent,AL107,107,AL,0.0,user_entry,
MF Market Rent,AP107,107,AP,0.0,user_entry,
MF Market Rent,AU107,107,AU,0.0,user_entry,
MF Market Rent,AV107,107,AV,0.0,user_entry,
MF Market Rent,BD107,107,BD,0.0,user_entry,
MF Market Rent,A108,108,A,4.0,user_entry,
MF Market Rent,B108,108,B,4.0,user_entry,
MF Market Rent,G108,108,G,0.0,user_entry,
MF Market Rent,H108,108,H,0x7,user_entry,
MF Market Rent,O108,108,O,-1.0,user_entry,
MF Market Rent,P108,108,P,_,user_entry,
MF Market Rent,T108,108,T,0x7,user_entry,
MF Market Rent,Y108,108,Y,0.0,user_entry,
MF Market Rent,AA108,108,AA,0.0,user_entry,
MF Market Rent,AB108,108,AB,0.0,user_entry,
MF Market Rent,AC108,108,AC,0.0,user_entry,
MF Market Rent,AD108,108,AD,0.0,user_entry,
MF Market Rent,AE108,108,AE,0.0,user_entry,
MF Market Rent,AF108,108,AF,0.0,user_entry,
MF Market Rent,AL108,108,AL,0.0,user_entry,
MF Market Rent,AP108,108,AP,0.0,user_entry,
MF Market Rent,AU108,108,AU,0.0,user_entry,
MF Market Rent,AV108,108,AV,0.0,user_entry,
MF Market Rent,BD108,108,BD,0.0,user_entry,
MF Market Rent,A109,109,A,4.0,user_entry,
MF Market Rent,B109,109,B,5.0,user_entry,
MF Market Rent,G109,109,G,0.0,user_entry,
MF Market Rent,H109,109,H,0x7,user_entry,
MF Market Rent,O109,109,O,-1.0,user_entry,
MF Market Rent,P109,109,P,_,user_entry,
MF Market Rent,T109,109,T,0x7,user_entry,
MF Market Rent,Y109,109,Y,0.0,user_entry,
MF Market Rent,AA109,109,AA,0.0,user_entry,
MF Market Rent,AB109,109,AB,0.0,user_entry,
MF Market Rent,AC109,109,AC,0.0,user_entry,
MF Market Rent,AD109,109,AD,0.0,user_entry,
MF Market Rent,AE109,109,AE,0.0,user_entry,
MF Market Rent,AF109,109,AF,0.0,user_entry,
MF Market Rent,AL109,109,AL,0.0,user_entry,
MF Market Rent,AP109,109,AP,0.0,user_entry,
MF Market Rent,AU109,109,AU,0.0,user_entry,
MF Market Rent,AV109,109,AV,0.0,user_entry,
MF Market Rent,BD109,109,BD,0.0,user_entry,
MF Market Rent,A110,110,A,4.0,user_entry,
MF Market Rent,B110,110,B,6.0,user_entry,
MF Market Rent,G110,110,G,0.0,user_entry,
MF Market Rent,H110,110,H,0x7,user_entry,
MF Market Rent,O110,110,O,-1.0,user_entry,
MF Market Rent,P110,110,P,_,user_entry,
MF Market Rent,T110,110,T,0x7,user_entry,
MF Market Rent,Y110,110,Y,0.0,user_entry,
MF Market Rent,AA110,110,AA,0.0,user_entry,
MF Market Rent,AB110,110,AB,0.0,user_entry,
MF Market Rent,AC110,110,AC,0.0,user_entry,
MF Market Rent,AD110,110,AD,0.0,user_entry,
MF Market Rent,AE110,110,AE,0.0,user_entry,
MF Market Rent,AF110,110,AF,0.0,user_entry,
MF Market Rent,AL110,110,AL,0.0,user_entry,
MF Market Rent,AP110,110,AP,0.0,user_entry,
MF Market Rent,AU110,110,AU,0.0,user_entry,
MF Market Rent,AV110,110,AV,0.0,user_entry,
MF Market Rent,BD110,110,BD,0.0,user_entry,
MF Market Rent,A111,111,A,4.0,user_entry,
MF Market Rent,B111,111,B,7.0,user_entry,
MF Market Rent,G111,111,G,0.0,user_entry,
MF Market Rent,H111,111,H,0x7,user_entry,
MF Market Rent,O111,111,O,-1.0,user_entry,
MF Market Rent,P111,111,P,_,user_entry,
MF Market Rent,T111,111,T,0x7,user_entry,
MF Market Rent,Y111,111,Y,0.0,user_entry,
MF Market Rent,AA111,111,AA,0.0,user_entry,
MF Market Rent,AB111,111,AB,0.0,user_entry,
MF Market Rent,AC111,111,AC,0.0,user_entry,
MF Market Rent,AD111,111,AD,0.0,user_entry,
MF Market Rent,AE111,111,AE,0.0,user_entry,
MF Market Rent,AF111,111,AF,0.0,user_entry,
MF Market Rent,AL111,111,AL,0.0,user_entry,
MF Market Rent,AP111,111,AP,0.0,user_entry,
MF Market Rent,AU111,111,AU,0.0,user_entry,
MF Market Rent,AV111,111,AV,0.0,user_entry,
MF Market Rent,BD111,111,BD,0.0,user_entry,
MF Market Rent,A112,112,A,4.0,user_entry,
MF Market Rent,B112,112,B,8.0,user_entry,
MF Market Rent,G112,112,G,0.0,user_entry,
MF Market Rent,H112,112,H,0x7,user_entry,
MF Market Rent,O112,112,O,-1.0,user_entry,
MF Market Rent,P112,112,P,_,user_entry,
MF Market Rent,T112,112,T,0x7,user_entry,
MF Market Rent,Y112,112,Y,0.0,user_entry,
MF Market Rent,AA112,112,AA,0.0,user_entry,
MF Market Rent,AB112,112,AB,0.0,user_entry,
MF Market Rent,AC112,112,AC,0.0,user_entry,
MF Market Rent,AD112,112,AD,0.0,user_entry,
MF Market Rent,AE112,112,AE,0.0,user_entry,
MF Market Rent,AF112,112,AF,0.0,user_entry,
MF Market Rent,AL112,112,AL,0.0,user_entry,
MF Market Rent,AP112,112,AP,0.0,user_entry,
MF Market Rent,AU112,112,AU,0.0,user_entry,
MF Market Rent,AV112,112,AV,0.0,user_entry,
MF Market Rent,BD112,112,BD,0.0,user_entry,
MF Market Rent,A113,113,A,4.0,user_entry,
MF Market Rent,B113,113,B,9.0,user_entry,
MF Market Rent,G113,113,G,0.0,user_entry,
MF Market Rent,H113,113,H,0x7,user_entry,
MF Market Rent,O113,113,O,-1.0,user_entry,
MF Market Rent,P113,113,P,_,user_entry,
MF Market Rent,T113,113,T,0x7,user_entry,
MF Market Rent,Y113,113,Y,0.0,user_entry,
MF Market Rent,AA113,113,AA,0.0,user_entry,
MF Market Rent,AB113,113,AB,0.0,user_entry,
MF Market Rent,AC113,113,AC,0.0,user_entry,
MF Market Rent,AD113,113,AD,0.0,user_entry,
MF Market Rent,AE113,113,AE,0.0,user_entry,
MF Market Rent,AF113,113,AF,0.0,user_entry,
MF Market Rent,AL113,113,AL,0.0,user_entry,
MF Market Rent,AP113,113,AP,0.0,user_entry,
MF Market Rent,AU113,113,AU,0.0,user_entry,
MF Market Rent,AV113,113,AV,0.0,user_entry,
MF Market Rent,BD113,113,BD,0.0,user_entry,
MF Market Rent,A114,114,A,4.0,user_entry,
MF Market Rent,B114,114,B,10.0,user_entry,
MF Market Rent,G114,114,G,0.0,user_entry,
MF Market Rent,H114,114,H,0x7,user_entry,
MF Market Rent,O114,114,O,-1.0,user_entry,
MF Market Rent,P114,114,P,_,user_entry,
MF Market Rent,T114,114,T,0x7,user_entry,
MF Market Rent,Y114,114,Y,0.0,user_entry,
MF Market Rent,AA114,114,AA,0.0,user_entry,
MF Market Rent,AB114,114,AB,0.0,user_entry,
MF Market Rent,AC114,114,AC,0.0,user_entry,
MF Market Rent,AD114,114,AD,0.0,user_entry,
MF Market Rent,AE114,114,AE,0.0,user_entry,
MF Market Rent,AF114,114,AF,0.0,user_entry,
MF Market Rent,AL114,114,AL,0.0,user_entry,
MF Market Rent,AP114,114,AP,0.0,user_entry,
MF Market Rent,AU114,114,AU,0.0,user_entry,
MF Market Rent,AV114,114,AV,0.0,user_entry,
MF Market Rent,BD114,114,BD,0.0,user_entry,
MF Market Rent,A115,115,A,4.0,user_entry,
MF Market Rent,B115,115,B,11.0,user_entry,
MF Market Rent,G115,115,G,0.0,user_entry,
MF Market Rent,H115,115,H,0x7,user_entry,
MF Market Rent,O115,115,O,-1.0,user_entry,
MF Market Rent,P115,115,P,_,user_entry,
MF Market Rent,T115,115,T,0x7,user_entry,
MF Market Rent,Y115,115,Y,0.0,user_entry,
MF Market Rent,AA115,115,AA,0.0,user_entry,
MF Market Rent,AB115,115,AB,0.0,user_entry,
MF Market Rent,AC115,115,AC,0.0,user_entry,
MF Market Rent,AD115,115,AD,0.0,user_entry,
MF Market Rent,AE115,115,AE,0.0,user_entry,
MF Market Rent,AF115,115,AF,0.0,user_entry,
MF Market Rent,AL115,115,AL,0.0,user_entry,
MF Market Rent,AP115,115,AP,0.0,user_entry,
MF Market Rent,AU115,115,AU,0.0,user_entry,
MF Market Rent,AV115,115,AV,0.0,user_entry,
MF Market Rent,BD115,115,BD,0.0,user_entry,
MF Market Rent,A116,116,A,4.0,user_entry,
MF Market Rent,B116,116,B,12.0,user_entry,
MF Market Rent,G116,116,G,0.0,user_entry,
MF Market Rent,H116,116,H,0x7,user_entry,
MF Market Rent,O116,116,O,-1.0,user_entry,
MF Market Rent,P116,116,P,_,user_entry,
MF Market Rent,T116,116,T,0x7,user_entry,
MF Market Rent,Y116,116,Y,0.0,user_entry,
MF Market Rent,AA116,116,AA,0.0,user_entry,
MF Market Rent,AB116,116,AB,0.0,user_entry,
MF Market Rent,AC116,116,AC,0.0,user_entry,
MF Market Rent,AD116,116,AD,0.0,user_entry,
MF Market Rent,AE116,116,AE,0.0,user_entry,
MF Market Rent,AF116,116,AF,0.0,user_entry,
MF Market Rent,AL116,116,AL,0.0,user_entry,
MF Market Rent,AP116,116,AP,0.0,user_entry,
MF Market Rent,AU116,116,AU,0.0,user_entry,
MF Market Rent,AV116,116,AV,0.0,user_entry,
MF Market Rent,BD116,116,BD,0.0,user_entry,
MF Market Rent,A117,117,A,4.0,user_entry,
MF Market Rent,B117,117,B,13.0,user_entry,
MF Market Rent,G117,117,G,0.0,user_entry,
MF Market Rent,H117,117,H,0x7,user_entry,
MF Market Rent,O117,117,O,-1.0,user_entry,
MF Market Rent,P117,117,P,_,user_entry,
MF Market Rent,T117,117,T,0x7,user_entry,
MF Market Rent,Y117,117,Y,0.0,user_entry,
MF Market Rent,AA117,117,AA,0.0,user_entry,
MF Market Rent,AB117,117,AB,0.0,user_entry,
MF Market Rent,AC117,117,AC,0.0,user_entry,
MF Market Rent,AD117,117,AD,0.0,user_entry,
MF Market Rent,AE117,117,AE,0.0,user_entry,
MF Market Rent,AF117,117,AF,0.0,user_entry,
MF Market Rent,AL117,117,AL,0.0,user_entry,
MF Market Rent,AP117,117,AP,0.0,user_entry,
MF Market Rent,AU117,117,AU,0.0,user_entry,
MF Market Rent,AV117,117,AV,0.0,user_entry,
MF Market Rent,BD117,117,BD,0.0,user_entry,
MF Market Rent,A118,118,A,4.0,user_entry,
MF Market Rent,B118,118,B,14.0,user_entry,
MF Market Rent,G118,118,G,0.0,user_entry,
MF Market Rent,H118,118,H,0x7,user_entry,
MF Market Rent,O118,118,O,-1.0,user_entry,
MF Market Rent,P118,118,P,_,user_entry,
MF Market Rent,T118,118,T,0x7,user_entry,
MF Market Rent,Y118,118,Y,0.0,user_entry,
MF Market Rent,AA118,118,AA,0.0,user_entry,
MF Market Rent,AB118,118,AB,0.0,user_entry,
MF Market Rent,AC118,118,AC,0.0,user_entry,
MF Market Rent,AD118,118,AD,0.0,user_entry,
MF Market Rent,AE118,118,AE,0.0,user_entry,
MF Market Rent,AF118,118,AF,0.0,user_entry,
MF Market Rent,AL118,118,AL,0.0,user_entry,
MF Market Rent,AP118,118,AP,0.0,user_entry,
MF Market Rent,AU118,118,AU,0.0,user_entry,
MF Market Rent,AV118,118,AV,0.0,user_entry,
MF Market Rent,BD118,118,BD,0.0,user_entry,
MF Market Rent,A119,119,A,4.0,user_entry,
MF Market Rent,B119,119,B,15.0,user_entry,
MF Market Rent,G119,119,G,0.0,user_entry,
MF Market Rent,H119,119,H,0x7,user_entry,
MF Market Rent,O119,119,O,-1.0,user_entry,
MF Market Rent,P119,119,P,_,user_entry,
MF Market Rent,T119,119,T,0x7,user_entry,
MF Market Rent,Y119,119,Y,0.0,user_entry,
MF Market Rent,AA119,119,AA,0.0,user_entry,
MF Market Rent,AB119,119,AB,0.0,user_entry,
MF Market Rent,AC119,119,AC,0.0,user_entry,
MF Market Rent,AD119,119,AD,0.0,user_entry,
MF Market Rent,AE119,119,AE,0.0,user_entry,
MF Market Rent,AF119,119,AF,0.0,user_entry,
MF Market Rent,AL119,119,AL,0.0,user_entry,
MF Market Rent,AP119,119,AP,0.0,user_entry,
MF Market Rent,AU119,119,AU,0.0,user_entry,
MF Market Rent,AV119,119,AV,0.0,user_entry,
MF Market Rent,BD119,119,BD,0.0,user_entry,
MF Market Rent,A120,120,A,4.0,user_entry,
MF Market Rent,B120,120,B,16.0,user_entry,
MF Market Rent,G120,120,G,0.0,user_entry,
MF Market Rent,H120,120,H,0x7,user_entry,
MF Market Rent,O120,120,O,-1.0,user_entry,
MF Market Rent,P120,120,P,_,user_entry,
MF Market Rent,T120,120,T,0x7,user_entry,
MF Market Rent,Y120,120,Y,0.0,user_entry,
MF Market Rent,AA120,120,AA,0.0,user_entry,
MF Market Rent,AB120,120,AB,0.0,user_entry,
MF Market Rent,AC120,120,AC,0.0,user_entry,
MF Market Rent,AD120,120,AD,0.0,user_entry,
MF Market Rent,AE120,120,AE,0.0,user_entry,
MF Market Rent,AF120,120,AF,0.0,user_entry,
MF Market Rent,AL120,120,AL,0.0,user_entry,
MF Market Rent,AP120,120,AP,0.0,user_entry,
MF Market Rent,AU120,120,AU,0.0,user_entry,
MF Market Rent,AV120,120,AV,0.0,user_entry,
MF Market Rent,BD120,120,BD,0.0,user_entry,
MF Market Rent,A121,121,A,4.0,user_entry,
MF Market Rent,B121,121,B,17.0,user_entry,
MF Market Rent,G121,121,G,0.0,user_entry,
MF Market Rent,H121,121,H,0x7,user_entry,
MF Market Rent,O121,121,O,-1.0,user_entry,
MF Market Rent,P121,121,P,_,user_entry,
MF Market Rent,T121,121,T,0x7,user_entry,
MF Market Rent,Y121,121,Y,0.0,user_entry,
MF Market Rent,AA121,121,AA,0.0,user_entry,
MF Market Rent,AB121,121,AB,0.0,user_entry,
MF Market Rent,AC121,121,AC,0.0,user_entry,
MF Market Rent,AD121,121,AD,0.0,user_entry,
MF Market Rent,AE121,121,AE,0.0,user_entry,
MF Market Rent,AF121,121,AF,0.0,user_entry,
MF Market Rent,AL121,121,AL,0.0,user_entry,
MF Market Rent,AP121,121,AP,0.0,user_entry,
MF Market Rent,AU121,121,AU,0.0,user_entry,
MF Market Rent,AV121,121,AV,0.0,user_entry,
MF Market Rent,BD121,121,BD,0.0,user_entry,
MF Market Rent,A122,122,A,4.0,user_entry,
MF Market Rent,B122,122,B,18.0,user_entry,
MF Market Rent,G122,122,G,0.0,user_entry,
MF Market Rent,H122,122,H,0x7,user_entry,
MF Market Rent,O122,122,O,-1.0,user_entry,
MF Market Rent,P122,122,P,_,user_entry,
MF Market Rent,T122,122,T,0x7,user_entry,
MF Market Rent,Y122,122,Y,0.0,user_entry,
MF Market Rent,AA122,122,AA,0.0,user_entry,
MF Market Rent,AB122,122,AB,0.0,user_entry,
MF Market Rent,AC122,122,AC,0.0,user_entry,
MF Market Rent,AD122,122,AD,0.0,user_entry,
MF Market Rent,AE122,122,AE,0.0,user_entry,
MF Market Rent,AF122,122,AF,0.0,user_entry,
MF Market Rent,AL122,122,AL,0.0,user_entry,
MF Market Rent,AP122,122,AP,0.0,user_entry,
MF Market Rent,AU122,122,AU,0.0,user_entry,
MF Market Rent,AV122,122,AV,0.0,user_entry,
MF Market Rent,BD122,122,BD,0.0,user_entry,
MF Market Rent,A123,123,A,4.0,user_entry,
MF Market Rent,B123,123,B,19.0,user_entry,
MF Market Rent,G123,123,G,0.0,user_entry,
MF Market Rent,H123,123,H,0x7,user_entry,
MF Market Rent,O123,123,O,-1.0,user_entry,
MF Market Rent,P123,123,P,_,user_entry,
MF Market Rent,T123,123,T,0x7,user_entry,
MF Market Rent,Y123,123,Y,0.0,user_entry,
MF Market Rent,AA123,123,AA,0.0,user_entry,
MF Market Rent,AB123,123,AB,0.0,user_entry,
MF Market Rent,AC123,123,AC,0.0,user_entry,
MF Market Rent,AD123,123,AD,0.0,user_entry,
MF Market Rent,AE123,123,AE,0.0,user_entry,
MF Market Rent,AF123,123,AF,0.0,user_entry,
MF Market Rent,AL123,123,AL,0.0,user_entry,
MF Market Rent,AP123,123,AP,0.0,user_entry,
MF Market Rent,AU123,123,AU,0.0,user_entry,
MF Market Rent,AV123,123,AV,0.0,user_entry,
MF Market Rent,BD123,123,BD,0.0,user_entry,
MF Market Rent,A124,124,A,4.0,user_entry,
MF Market Rent,B124,124,B,20.0,user_entry,
MF Market Rent,G124,124,G,0.0,user_entry,
MF Market Rent,H124,124,H,0x7,user_entry,
MF Market Rent,O124,124,O,-1.0,user_entry,
MF Market Rent,P124,124,P,_,user_entry,
MF Market Rent,T124,124,T,0x7,user_entry,
MF Market Rent,Y124,124,Y,0.0,user_entry,
MF Market Rent,AA124,124,AA,0.0,user_entry,
MF Market Rent,AB124,124,AB,0.0,user_entry,
MF Market Rent,AC124,124,AC,0.0,user_entry,
MF Market Rent,AD124,124,AD,0.0,user_entry,
MF Market Rent,AE124,124,AE,0.0,user_entry,
MF Market Rent,AF124,124,AF,0.0,user_entry,
MF Market Rent,AL124,124,AL,0.0,user_entry,
MF Market Rent,AP124,124,AP,0.0,user_entry,
MF Market Rent,AU124,124,AU,0.0,user_entry,
MF Market Rent,AV124,124,AV,0.0,user_entry,
MF Market Rent,BD124,124,BD,0.0,user_entry,
MF Market Rent,A125,125,A,4.0,user_entry,
MF Market Rent,B125,125,B,21.0,user_entry,
MF Market Rent,G125,125,G,0.0,user_entry,
MF Market Rent,H125,125,H,0x7,user_entry,
MF Market Rent,O125,125,O,-1.0,user_entry,
MF Market Rent,P125,125,P,_,user_entry,
MF Market Rent,T125,125,T,0x7,user_entry,
MF Market Rent,Y125,125,Y,0.0,user_entry,
MF Market Rent,AA125,125,AA,0.0,user_entry,
MF Market Rent,AB125,125,AB,0.0,user_entry,
MF Market Rent,AC125,125,AC,0.0,user_entry,
MF Market Rent,AD125,125,AD,0.0,user_entry,
MF Market Rent,AE125,125,AE,0.0,user_entry,
MF Market Rent,AF125,125,AF,0.0,user_entry,
MF Market Rent,AL125,125,AL,0.0,user_entry,
MF Market Rent,AP125,125,AP,0.0,user_entry,
MF Market Rent,AU125,125,AU,0.0,user_entry,
MF Market Rent,AV125,125,AV,0.0,user_entry,
MF Market Rent,BD125,125,BD,0.0,user_entry,
MF Market Rent,A126,126,A,4.0,user_entry,
MF Market Rent,B126,126,B,22.0,user_entry,
MF Market Rent,G126,126,G,0.0,user_entry,
MF Market Rent,H126,126,H,0x7,user_entry,
MF Market Rent,O126,126,O,-1.0,user_entry,
MF Market Rent,P126,126,P,_,user_entry,
MF Market Rent,T126,126,T,0x7,user_entry,
MF Market Rent,Y126,126,Y,0.0,user_entry,
MF Market Rent,AA126,126,AA,0.0,user_entry,
MF Market Rent,AB126,126,AB,0.0,user_entry,
MF Market Rent,AC126,126,AC,0.0,user_entry,
MF Market Rent,AD126,126,AD,0.0,user_entry,
MF Market Rent,AE126,126,AE,0.0,user_entry,
MF Market Rent,AF126,126,AF,0.0,user_entry,
MF Market Rent,AL126,126,AL,0.0,user_entry,
MF Market Rent,AP126,126,AP,0.0,user_entry,
MF Market Rent,AU126,126,AU,0.0,user_entry,
MF Market Rent,AV126,126,AV,0.0,user_entry,
MF Market Rent,BD126,126,BD,0.0,user_entry,
MF Market Rent,A127,127,A,4.0,user_entry,
MF Market Rent,B127,127,B,23.0,user_entry,
MF Market Rent,G127,127,G,0.0,user_entry,
MF Market Rent,H127,127,H,0x7,user_entry,
MF Market Rent,O127,127,O,-1.0,user_entry,
MF Market Rent,P127,127,P,_,user_entry,
MF Market Rent,T127,127,T,0x7,user_entry,
MF Market Rent,Y127,127,Y,0.0,user_entry,
MF Market Rent,AA127,127,AA,0.0,user_entry,
MF Market Rent,AB127,127,AB,0.0,user_entry,
MF Market Rent,AC127,127,AC,0.0,user_entry,
MF Market Rent,AD127,127,AD,0.0,user_entry,
MF Market Rent,AE127,127,AE,0.0,user_entry,
MF Market Rent,AF127,127,AF,0.0,user_entry,
MF Market Rent,AL127,127,AL,0.0,user_entry,
MF Market Rent,AP127,127,AP,0.0,user_entry,
MF Market Rent,AU127,127,AU,0.0,user_entry,
MF Market Rent,AV127,127,AV,0.0,user_entry,
MF Market Rent,BD127,127,BD,0.0,user_entry,
MF Market Rent,A128,128,A,4.0,user_entry,
MF Market Rent,B128,128,B,24.0,user_entry,
MF Market Rent,G128,128,G,0.0,user_entry,
MF Market Rent,H128,128,H,0x7,user_entry,
MF Market Rent,O128,128,O,-1.0,user_entry,
MF Market Rent,P128,128,P,_,user_entry,
MF Market Rent,T128,128,T,0x7,user_entry,
MF Market Rent,Y128,128,Y,0.0,user_entry,
MF Market Rent,AA128,128,AA,0.0,user_entry,
MF Market Rent,AB128,128,AB,0.0,user_entry,
MF Market Rent,AC128,128,AC,0.0,user_entry,
MF Market Rent,AD128,128,AD,0.0,user_entry,
MF Market Rent,AE128,128,AE,0.0,user_entry,
MF Market Rent,AF128,128,AF,0.0,user_entry,
MF Market Rent,AL128,128,AL,0.0,user_entry,
MF Market Rent,AP128,128,AP,0.0,user_entry,
MF Market Rent,AU128,128,AU,0.0,user_entry,
MF Market Rent,AV128,128,AV,0.0,user_entry,
MF Market Rent,BD128,128,BD,0.0,user_entry,
MF Market Rent,A129,129,A,4.0,user_entry,
MF Market Rent,B129,129,B,25.0,user_entry,
MF Market Rent,G129,129,G,0.0,user_entry,
MF Market Rent,H129,129,H,0x7,user_entry,
MF Market Rent,O129,129,O,-1.0,user_entry,
MF Market Rent,P129,129,P,_,user_entry,
MF Market Rent,T129,129,T,0x7,user_entry,
MF Market Rent,Y129,129,Y,0.0,user_entry,
MF Market Rent,AA129,129,AA,0.0,user_entry,
MF Market Rent,AB129,129,AB,0.0,user_entry,
MF Market Rent,AC129,129,AC,0.0,user_entry,
MF Market Rent,AD129,129,AD,0.0,user_entry,
MF Market Rent,AE129,129,AE,0.0,user_entry,
MF Market Rent,AF129,129,AF,0.0,user_entry,
MF Market Rent,AL129,129,AL,0.0,user_entry,
MF Market Rent,AP129,129,AP,0.0,user_entry,
MF Market Rent,AU129,129,AU,0.0,user_entry,
MF Market Rent,AV129,129,AV,0.0,user_entry,
MF Market Rent,BD129,129,BD,0.0,user_entry,
MF Market Rent,A130,130,A,4.0,user_entry,
MF Market Rent,B130,130,B,26.0,user_entry,
MF Market Rent,G130,130,G,0.0,user_entry,
MF Market Rent,H130,130,H,0x7,user_entry,
MF Market Rent,O130,130,O,-1.0,user_entry,
MF Market Rent,P130,130,P,_,user_entry,
MF Market Rent,T130,130,T,0x7,user_entry,
MF Market Rent,Y130,130,Y,0.0,user_entry,
MF Market Rent,AA130,130,AA,0.0,user_entry,
MF Market Rent,AB130,130,AB,0.0,user_entry,
MF Market Rent,AC130,130,AC,0.0,user_entry,
MF Market Rent,AD130,130,AD,0.0,user_entry,
MF Market Rent,AE130,130,AE,0.0,user_entry,
MF Market Rent,AF130,130,AF,0.0,user_entry,
MF Market Rent,AL130,130,AL,0.0,user_entry,
MF Market Rent,AP130,130,AP,0.0,user_entry,
MF Market Rent,AU130,130,AU,0.0,user_entry,
MF Market Rent,AV130,130,AV,0.0,user_entry,
MF Market Rent,BD130,130,BD,0.0,user_entry,
MF Market Rent,A131,131,A,4.0,user_entry,
MF Market Rent,B131,131,B,27.0,user_entry,
MF Market Rent,G131,131,G,0.0,user_entry,
MF Market Rent,H131,131,H,0x7,user_entry,
MF Market Rent,O131,131,O,-1.0,user_entry,
MF Market Rent,P131,131,P,_,user_entry,
MF Market Rent,T131,131,T,0x7,user_entry,
MF Market Rent,Y131,131,Y,0.0,user_entry,
MF Market Rent,AA131,131,AA,0.0,user_entry,
MF Market Rent,AB131,131,AB,0.0,user_entry,
MF Market Rent,AC131,131,AC,0.0,user_entry,
MF Market Rent,AD131,131,AD,0.0,user_entry,
MF Market Rent,AE131,131,AE,0.0,user_entry,
MF Market Rent,AF131,131,AF,0.0,user_entry,
MF Market Rent,AL131,131,AL,0.0,user_entry,
MF Market Rent,AP131,131,AP,0.0,user_entry,
MF Market Rent,AU131,131,AU,0.0,user_entry,
MF Market Rent,AV131,131,AV,0.0,user_entry,
MF Market Rent,BD131,131,BD,0.0,user_entry,
MF Market Rent,A132,132,A,4.0,user_entry,
MF Market Rent,B132,132,B,28.0,user_entry,
MF Market Rent,G132,132,G,0.0,user_entry,
MF Market Rent,H132,132,H,0x7,user_entry,
MF Market Rent,O132,132,O,-1.0,user_entry,
MF Market Rent,P132,132,P,_,user_entry,
MF Market Rent,T132,132,T,0x7,user_entry,
MF Market Rent,Y132,132,Y,0.0,user_entry,
MF Market Rent,AA132,132,AA,0.0,user_entry,
MF Market Rent,AB132,132,AB,0.0,user_entry,
MF Market Rent,AC132,132,AC,0.0,user_entry,
MF Market Rent,AD132,132,AD,0.0,user_entry,
MF Market Rent,AE132,132,AE,0.0,user_entry,
MF Market Rent,AF132,132,AF,0.0,user_entry,
MF Market Rent,AL132,132,AL,0.0,user_entry,
MF Market Rent,AP132,132,AP,0.0,user_entry,
MF Market Rent,AU132,132,AU,0.0,user_entry,
MF Market Rent,AV132,132,AV,0.0,user_entry,
MF Market Rent,BD132,132,BD,0.0,user_entry,
MF Market Rent,A133,133,A,4.0,user_entry,
MF Market Rent,B133,133,B,29.0,user_entry,
MF Market Rent,G133,133,G,0.0,user_entry,
MF Market Rent,H133,133,H,0x7,user_entry,
MF Market Rent,O133,133,O,-1.0,user_entry,
MF Market Rent,P133,133,P,_,user_entry,
MF Market Rent,T133,133,T,0x7,user_entry,
MF Market Rent,Y133,133,Y,0.0,user_entry,
MF Market Rent,AA133,133,AA,0.0,user_entry,
MF Market Rent,AB133,133,AB,0.0,user_entry,
MF Market Rent,AC133,133,AC,0.0,user_entry,
MF Market Rent,AD133,133,AD,0.0,user_entry,
MF Market Rent,AE133,133,AE,0.0,user_entry,
MF Market Rent,AF133,133,AF,0.0,user_entry,
MF Market Rent,AL133,133,AL,0.0,user_entry,
MF Market Rent,AP133,133,AP,0.0,user_entry,
MF Market Rent,AU133,133,AU,0.0,user_entry,
MF Market Rent,AV133,133,AV,0.0,user_entry,
MF Market Rent,BD133,133,BD,0.0,user_entry,
MF Market Rent,A134,134,A,4.0,user_entry,
MF Market Rent,B134,134,B,30.0,user_entry,
MF Market Rent,G134,134,G,0.0,user_entry,
MF Market Rent,H134,134,H,0x7,user_entry,
MF Market Rent,O134,134,O,-1.0,user_entry,
MF Market Rent,P134,134,P,_,user_entry,
MF Market Rent,T134,134,T,0x7,user_entry,
MF Market Rent,Y134,134,Y,0.0,user_entry,
MF Market Rent,AA134,134,AA,0.0,user_entry,
MF Market Rent,AB134,134,AB,0.0,user_entry,
MF Market Rent,AC134,134,AC,0.0,user_entry,
MF Market Rent,AD134,134,AD,0.0,user_entry,
MF Market Rent,AE134,134,AE,0.0,user_entry,
MF Market Rent,AF134,134,AF,0.0,user_entry,
MF Market Rent,AL134,134,AL,0.0,user_entry,
MF Market Rent,AP134,134,AP,0.0,user_entry,
MF Market Rent,AU134,134,AU,0.0,user_entry,
MF Market Rent,AV134,134,AV,0.0,user_entry,
MF Market Rent,BD134,134,BD,0.0,user_entry,
MF Market Rent,A135,135,A,5.0,user_entry,
MF Market Rent,G135,135,G,0.0,user_entry,
MF Market Rent,P135,135,P,_Total,user_entry,
MF Market Rent,Q135,135,Q,Total,user_entry,
MF Market Rent,T135,135,T,0x7,user_entry,
MF Market Rent,Y135,135,Y,0.0,user_entry,
MF Market Rent,Z135,135,Z,0.0,user_entry,
MF Market Rent,AA135,135,AA,0.0,user_entry,
MF Market Rent,AB135,135,AB,0.0,user_entry,
MF Market Rent,AC135,135,AC,0.0,user_entry,
MF Market Rent,AD135,135,AD,0.0,user_entry,
MF Market Rent,AE135,135,AE,0.0,user_entry,
MF Market Rent,AF135,135,AF,0.0,user_entry,
MF Market Rent,AL135,135,AL,0.0,user_entry,
MF Market Rent,AM135,135,AM,0.0,user_entry,
MF Market Rent,AP135,135,AP,0.0,user_entry,
MF Market Rent,AS135,135,AS,0.0,user_entry,
MF Market Rent,AU135,135,AU,0.0,user_entry,
MF Market Rent,AV135,135,AV,0.0,user_entry,
MF Market Rent,BD135,135,BD,0.0,user_entry,
MF Market Rent,BE135,135,BE,0.0,user_entry,
MF Market Rent,A136,136,A,5.0,user_entry,
MF Market Rent,B136,136,B,1.0,user_entry,
MF Market Rent,G136,136,G,0.0,user_entry,
MF Market Rent,H136,136,H,0x7,user_entry,
MF Market Rent,O136,136,O,-1.0,user_entry,
MF Market Rent,P136,136,P,_,user_entry,
MF Market Rent,T136,136,T,0x7,user_entry,
MF Market Rent,Y136,136,Y,0.0,user_entry,
MF Market Rent,AA136,136,AA,0.0,user_entry,
MF Market Rent,AB136,136,AB,0.0,user_entry,
MF Market Rent,AC136,136,AC,0.0,user_entry,
MF Market Rent,AD136,136,AD,0.0,user_entry,
MF Market Rent,AE136,136,AE,0.0,user_entry,
MF Market Rent,AF136,136,AF,0.0,user_entry,
MF Market Rent,AL136,136,AL,0.0,user_entry,
MF Market Rent,AP136,136,AP,0.0,user_entry,
MF Market Rent,AU136,136,AU,0.0,user_entry,
MF Market Rent,AV136,136,AV,0.0,user_entry,
MF Market Rent,BD136,136,BD,0.0,user_entry,
MF Market Rent,A137,137,A,5.0,user_entry,
MF Market Rent,B137,137,B,2.0,user_entry,
MF Market Rent,G137,137,G,0.0,user_entry,
MF Market Rent,H137,137,H,0x7,user_entry,
MF Market Rent,O137,137,O,-1.0,user_entry,
MF Market Rent,P137,137,P,_,user_entry,
MF Market Rent,T137,137,T,0x7,user_entry,
MF Market Rent,Y137,137,Y,0.0,user_entry,
MF Market Rent,AA137,137,AA,0.0,user_entry,
MF Market Rent,AB137,137,AB,0.0,user_entry,
MF Market Rent,AC137,137,AC,0.0,user_entry,
MF Market Rent,AD137,137,AD,0.0,user_entry,
MF Market Rent,AE137,137,AE,0.0,user_entry,
MF Market Rent,AF137,137,AF,0.0,user_entry,
MF Market Rent,AL137,137,AL,0.0,user_entry,
MF Market Rent,AP137,137,AP,0.0,user_entry,
MF Market Rent,AU137,137,AU,0.0,user_entry,
MF Market Rent,AV137,137,AV,0.0,user_entry,
MF Market Rent,BD137,137,BD,0.0,user_entry,
MF Market Rent,A138,138,A,5.0,user_entry,
MF Market Rent,B138,138,B,3.0,user_entry,
MF Market Rent,G138,138,G,0.0,user_entry,
MF Market Rent,H138,138,H,0x7,user_entry,
MF Market Rent,O138,138,O,-1.0,user_entry,
MF Market Rent,P138,138,P,_,user_entry,
MF Market Rent,T138,138,T,0x7,user_entry,
MF Market Rent,Y138,138,Y,0.0,user_entry,
MF Market Rent,AA138,138,AA,0.0,user_entry,
MF Market Rent,AB138,138,AB,0.0,user_entry,
MF Market Rent,AC138,138,AC,0.0,user_entry,
MF Market Rent,AD138,138,AD,0.0,user_entry,
MF Market Rent,AE138,138,AE,0.0,user_entry,
MF Market Rent,AF138,138,AF,0.0,user_entry,
MF Market Rent,AL138,138,AL,0.0,user_entry,
MF Market Rent,AP138,138,AP,0.0,user_entry,
MF Market Rent,AU138,138,AU,0.0,user_entry,
MF Market Rent,AV138,138,AV,0.0,user_entry,
MF Market Rent,BD138,138,BD,0.0,user_entry,
MF Market Rent,A139,139,A,5.0,user_entry,
MF Market Rent,B139,139,B,4.0,user_entry,
MF Market Rent,G139,139,G,0.0,user_entry,
MF Market Rent,H139,139,H,0x7,user_entry,
MF Market Rent,O139,139,O,-1.0,user_entry,
MF Market Rent,P139,139,P,_,user_entry,
MF Market Rent,T139,139,T,0x7,user_entry,
MF Market Rent,Y139,139,Y,0.0,user_entry,
MF Market Rent,AA139,139,AA,0.0,user_entry,
MF Market Rent,AB139,139,AB,0.0,user_entry,
MF Market Rent,AC139,139,AC,0.0,user_entry,
MF Market Rent,AD139,139,AD,0.0,user_entry,
MF Market Rent,AE139,139,AE,0.0,user_entry,
MF Market Rent,AF139,139,AF,0.0,user_entry,
MF Market Rent,AL139,139,AL,0.0,user_entry,
MF Market Rent,AP139,139,AP,0.0,user_entry,
MF Market Rent,AU139,139,AU,0.0,user_entry,
MF Market Rent,AV139,139,AV,0.0,user_entry,
MF Market Rent,BD139,139,BD,0.0,user_entry,
MF Market Rent,A140,140,A,5.0,user_entry,
MF Market Rent,B140,140,B,5.0,user_entry,
MF Market Rent,G140,140,G,0.0,user_entry,
MF Market Rent,H140,140,H,0x7,user_entry,
MF Market Rent,O140,140,O,-1.0,user_entry,
MF Market Rent,P140,140,P,_,user_entry,
MF Market Rent,T140,140,T,0x7,user_entry,
MF Market Rent,Y140,140,Y,0.0,user_entry,
MF Market Rent,AA140,140,AA,0.0,user_entry,
MF Market Rent,AB140,140,AB,0.0,user_entry,
MF Market Rent,AC140,140,AC,0.0,user_entry,
MF Market Rent,AD140,140,AD,0.0,user_entry,
MF Market Rent,AE140,140,AE,0.0,user_entry,
MF Market Rent,AF140,140,AF,0.0,user_entry,
MF Market Rent,AL140,140,AL,0.0,user_entry,
MF Market Rent,AP140,140,AP,0.0,user_entry,
MF Market Rent,AU140,140,AU,0.0,user_entry,
MF Market Rent,AV140,140,AV,0.0,user_entry,
MF Market Rent,BD140,140,BD,0.0,user_entry,
MF Market Rent,A141,141,A,5.0,user_entry,
MF Market Rent,B141,141,B,6.0,user_entry,
MF Market Rent,G141,141,G,0.0,user_entry,
MF Market Rent,H141,141,H,0x7,user_entry,
MF Market Rent,O141,141,O,-1.0,user_entry,
MF Market Rent,P141,141,P,_,user_entry,
MF Market Rent,T141,141,T,0x7,user_entry,
MF Market Rent,Y141,141,Y,0.0,user_entry,
MF Market Rent,AA141,141,AA,0.0,user_entry,
MF Market Rent,AB141,141,AB,0.0,user_entry,
MF Market Rent,AC141,141,AC,0.0,user_entry,
MF Market Rent,AD141,141,AD,0.0,user_entry,
MF Market Rent,AE141,141,AE,0.0,user_entry,
MF Market Rent,AF141,141,AF,0.0,user_entry,
MF Market Rent,AL141,141,AL,0.0,user_entry,
MF Market Rent,AP141,141,AP,0.0,user_entry,
MF Market Rent,AU141,141,AU,0.0,user_entry,
MF Market Rent,AV141,141,AV,0.0,user_entry,
MF Market Rent,BD141,141,BD,0.0,user_entry,
MF Market Rent,A142,142,A,5.0,user_entry,
MF Market Rent,B142,142,B,7.0,user_entry,
MF Market Rent,G142,142,G,0.0,user_entry,
MF Market Rent,H142,142,H,0x7,user_entry,
MF Market Rent,O142,142,O,-1.0,user_entry,
MF Market Rent,P142,142,P,_,user_entry,
MF Market Rent,T142,142,T,0x7,user_entry,
MF Market Rent,Y142,142,Y,0.0,user_entry,
MF Market Rent,AA142,142,AA,0.0,user_entry,
MF Market Rent,AB142,142,AB,0.0,user_entry,
MF Market Rent,AC142,142,AC,0.0,user_entry,
MF Market Rent,AD142,142,AD,0.0,user_entry,
MF Market Rent,AE142,142,AE,0.0,user_entry,
MF Market Rent,AF142,142,AF,0.0,user_entry,
MF Market Rent,AL142,142,AL,0.0,user_entry,
MF Market Rent,AP142,142,AP,0.0,user_entry,
MF Market Rent,AU142,142,AU,0.0,user_entry,
MF Market Rent,AV142,142,AV,0.0,user_entry,
MF Market Rent,BD142,142,BD,0.0,user_entry,
MF Market Rent,A143,143,A,5.0,user_entry,
MF Market Rent,B143,143,B,8.0,user_entry,
MF Market Rent,G143,143,G,0.0,user_entry,
MF Market Rent,H143,143,H,0x7,user_entry,
MF Market Rent,O143,143,O,-1.0,user_entry,
MF Market Rent,P143,143,P,_,user_entry,
MF Market Rent,T143,143,T,0x7,user_entry,
MF Market Rent,Y143,143,Y,0.0,user_entry,
MF Market Rent,AA143,143,AA,0.0,user_entry,
MF Market Rent,AB143,143,AB,0.0,user_entry,
MF Market Rent,AC143,143,AC,0.0,user_entry,
MF Market Rent,AD143,143,AD,0.0,user_entry,
MF Market Rent,AE143,143,AE,0.0,user_entry,
MF Market Rent,AF143,143,AF,0.0,user_entry,
MF Market Rent,AL143,143,AL,0.0,user_entry,
MF Market Rent,AP143,143,AP,0.0,user_entry,
MF Market Rent,AU143,143,AU,0.0,user_entry,
MF Market Rent,AV143,143,AV,0.0,user_entry,
MF Market Rent,BD143,143,BD,0.0,user_entry,
MF Market Rent,A144,144,A,5.0,user_entry,
MF Market Rent,B144,144,B,9.0,user_entry,
MF Market Rent,G144,144,G,0.0,user_entry,
MF Market Rent,H144,144,H,0x7,user_entry,
MF Market Rent,O144,144,O,-1.0,user_entry,
MF Market Rent,P144,144,P,_,user_entry,
MF Market Rent,T144,144,T,0x7,user_entry,
MF Market Rent,Y144,144,Y,0.0,user_entry,
MF Market Rent,AA144,144,AA,0.0,user_entry,
MF Market Rent,AB144,144,AB,0.0,user_entry,
MF Market Rent,AC144,144,AC,0.0,user_entry,
MF Market Rent,AD144,144,AD,0.0,user_entry,
MF Market Rent,AE144,144,AE,0.0,user_entry,
MF Market Rent,AF144,144,AF,0.0,user_entry,
MF Market Rent,AL144,144,AL,0.0,user_entry,
MF Market Rent,AP144,144,AP,0.0,user_entry,
MF Market Rent,AU144,144,AU,0.0,user_entry,
MF Market Rent,AV144,144,AV,0.0,user_entry,
MF Market Rent,BD144,144,BD,0.0,user_entry,
MF Market Rent,A145,145,A,5.0,user_entry,
MF Market Rent,B145,145,B,10.0,user_entry,
MF Market Rent,G145,145,G,0.0,user_entry,
MF Market Rent,H145,145,H,0x7,user_entry,
MF Market Rent,O145,145,O,-1.0,user_entry,
MF Market Rent,P145,145,P,_,user_entry,
MF Market Rent,T145,145,T,0x7,user_entry,
MF Market Rent,Y145,145,Y,0.0,user_entry,
MF Market Rent,AA145,145,AA,0.0,user_entry,
MF Market Rent,AB145,145,AB,0.0,user_entry,
MF Market Rent,AC145,145,AC,0.0,user_entry,
MF Market Rent,AD145,145,AD,0.0,user_entry,
MF Market Rent,AE145,145,AE,0.0,user_entry,
MF Market Rent,AF145,145,AF,0.0,user_entry,
MF Market Rent,AL145,145,AL,0.0,user_entry,
MF Market Rent,AP145,145,AP,0.0,user_entry,
MF Market Rent,AU145,145,AU,0.0,user_entry,
MF Market Rent,AV145,145,AV,0.0,user_entry,
MF Market Rent,BD145,145,BD,0.0,user_entry,
MF Market Rent,A146,146,A,5.0,user_entry,
MF Market Rent,B146,146,B,11.0,user_entry,
MF Market Rent,G146,146,G,0.0,user_entry,
MF Market Rent,H146,146,H,0x7,user_entry,
MF Market Rent,O146,146,O,-1.0,user_entry,
MF Market Rent,P146,146,P,_,user_entry,
MF Market Rent,T146,146,T,0x7,user_entry,
MF Market Rent,Y146,146,Y,0.0,user_entry,
MF Market Rent,AA146,146,AA,0.0,user_entry,
MF Market Rent,AB146,146,AB,0.0,user_entry,
MF Market Rent,AC146,146,AC,0.0,user_entry,
MF Market Rent,AD146,146,AD,0.0,user_entry,
MF Market Rent,AE146,146,AE,0.0,user_entry,
MF Market Rent,AF146,146,AF,0.0,user_entry,
MF Market Rent,AL146,146,AL,0.0,user_entry,
MF Market Rent,AP146,146,AP,0.0,user_entry,
MF Market Rent,AU146,146,AU,0.0,user_entry,
MF Market Rent,AV146,146,AV,0.0,user_entry,
MF Market Rent,BD146,146,BD,0.0,user_entry,
MF Market Rent,A147,147,A,5.0,user_entry,
MF Market Rent,B147,147,B,12.0,user_entry,
MF Market Rent,G147,147,G,0.0,user_entry,
MF Market Rent,H147,147,H,0x7,user_entry,
MF Market Rent,O147,147,O,-1.0,user_entry,
MF Market Rent,P147,147,P,_,user_entry,
MF Market Rent,T147,147,T,0x7,user_entry,
MF Market Rent,Y147,147,Y,0.0,user_entry,
MF Market Rent,AA147,147,AA,0.0,user_entry,
MF Market Rent,AB147,147,AB,0.0,user_entry,
MF Market Rent,AC147,147,AC,0.0,user_entry,
MF Market Rent,AD147,147,AD,0.0,user_entry,
MF Market Rent,AE147,147,AE,0.0,user_entry,
MF Market Rent,AF147,147,AF,0.0,user_entry,
MF Market Rent,AL147,147,AL,0.0,user_entry,
MF Market Rent,AP147,147,AP,0.0,user_entry,
MF Market Rent,AU147,147,AU,0.0,user_entry,
MF Market Rent,AV147,147,AV,0.0,user_entry,
MF Market Rent,BD147,147,BD,0.0,user_entry,
MF Market Rent,A148,148,A,5.0,user_entry,
MF Market Rent,B148,148,B,13.0,user_entry,
MF Market Rent,G148,148,G,0.0,user_entry,
MF Market Rent,H148,148,H,0x7,user_entry,
MF Market Rent,O148,148,O,-1.0,user_entry,
MF Market Rent,P148,148,P,_,user_entry,
MF Market Rent,T148,148,T,0x7,user_entry,
MF Market Rent,Y148,148,Y,0.0,user_entry,
MF Market Rent,AA148,148,AA,0.0,user_entry,
MF Market Rent,AB148,148,AB,0.0,user_entry,
MF Market Rent,AC148,148,AC,0.0,user_entry,
MF Market Rent,AD148,148,AD,0.0,user_entry,
MF Market Rent,AE148,148,AE,0.0,user_entry,
MF Market Rent,AF148,148,AF,0.0,user_entry,
MF Market Rent,AL148,148,AL,0.0,user_entry,
MF Market Rent,AP148,148,AP,0.0,user_entry,
MF Market Rent,AU148,148,AU,0.0,user_entry,
MF Market Rent,AV148,148,AV,0.0,user_entry,
MF Market Rent,BD148,148,BD,0.0,user_entry,
MF Market Rent,A149,149,A,5.0,user_entry,
MF Market Rent,B149,149,B,14.0,user_entry,
MF Market Rent,G149,149,G,0.0,user_entry,
MF Market Rent,H149,149,H,0x7,user_entry,
MF Market Rent,O149,149,O,-1.0,user_entry,
MF Market Rent,P149,149,P,_,user_entry,
MF Market Rent,T149,149,T,0x7,user_entry,
MF Market Rent,Y149,149,Y,0.0,user_entry,
MF Market Rent,AA149,149,AA,0.0,user_entry,
MF Market Rent,AB149,149,AB,0.0,user_entry,
MF Market Rent,AC149,149,AC,0.0,user_entry,
MF Market Rent,AD149,149,AD,0.0,user_entry,
MF Market Rent,AE149,149,AE,0.0,user_entry,
MF Market Rent,AF149,149,AF,0.0,user_entry,
MF Market Rent,AL149,149,AL,0.0,user_entry,
MF Market Rent,AP149,149,AP,0.0,user_entry,
MF Market Rent,AU149,149,AU,0.0,user_entry,
MF Market Rent,AV149,149,AV,0.0,user_entry,
MF Market Rent,BD149,149,BD,0.0,user_entry,
MF Market Rent,A150,150,A,5.0,user_entry,
MF Market Rent,B150,150,B,15.0,user_entry,
MF Market Rent,G150,150,G,0.0,user_entry,
MF Market Rent,H150,150,H,0x7,user_entry,
MF Market Rent,O150,150,O,-1.0,user_entry,
MF Market Rent,P150,150,P,_,user_entry,
MF Market Rent,T150,150,T,0x7,user_entry,
MF Market Rent,Y150,150,Y,0.0,user_entry,
MF Market Rent,AA150,150,AA,0.0,user_entry,
MF Market Rent,AB150,150,AB,0.0,user_entry,
MF Market Rent,AC150,150,AC,0.0,user_entry,
MF Market Rent,AD150,150,AD,0.0,user_entry,
MF Market Rent,AE150,150,AE,0.0,user_entry,
MF Market Rent,AF150,150,AF,0.0,user_entry,
MF Market Rent,AL150,150,AL,0.0,user_entry,
MF Market Rent,AP150,150,AP,0.0,user_entry,
MF Market Rent,AU150,150,AU,0.0,user_entry,
MF Market Rent,AV150,150,AV,0.0,user_entry,
MF Market Rent,BD150,150,BD,0.0,user_entry,
MF Market Rent,A151,151,A,5.0,user_entry,
MF Market Rent,B151,151,B,16.0,user_entry,
MF Market Rent,G151,151,G,0.0,user_entry,
MF Market Rent,H151,151,H,0x7,user_entry,
MF Market Rent,O151,151,O,-1.0,user_entry,
MF Market Rent,P151,151,P,_,user_entry,
MF Market Rent,T151,151,T,0x7,user_entry,
MF Market Rent,Y151,151,Y,0.0,user_entry,
MF Market Rent,AA151,151,AA,0.0,user_entry,
MF Market Rent,AB151,151,AB,0.0,user_entry,
MF Market Rent,AC151,151,AC,0.0,user_entry,
MF Market Rent,AD151,151,AD,0.0,user_entry,
MF Market Rent,AE151,151,AE,0.0,user_entry,
MF Market Rent,AF151,151,AF,0.0,user_entry,
MF Market Rent,AL151,151,AL,0.0,user_entry,
MF Market Rent,AP151,151,AP,0.0,user_entry,
MF Market Rent,AU151,151,AU,0.0,user_entry,
MF Market Rent,AV151,151,AV,0.0,user_entry,
MF Market Rent,BD151,151,BD,0.0,user_entry,
MF Market Rent,A152,152,A,5.0,user_entry,
MF Market Rent,B152,152,B,17.0,user_entry,
MF Market Rent,G152,152,G,0.0,user_entry,
MF Market Rent,H152,152,H,0x7,user_entry,
MF Market Rent,O152,152,O,-1.0,user_entry,
MF Market Rent,P152,152,P,_,user_entry,
MF Market Rent,T152,152,T,0x7,user_entry,
MF Market Rent,Y152,152,Y,0.0,user_entry,
MF Market Rent,AA152,152,AA,0.0,user_entry,
MF Market Rent,AB152,152,AB,0.0,user_entry,
MF Market Rent,AC152,152,AC,0.0,user_entry,
MF Market Rent,AD152,152,AD,0.0,user_entry,
MF Market Rent,AE152,152,AE,0.0,user_entry,
MF Market Rent,AF152,152,AF,0.0,user_entry,
MF Market Rent,AL152,152,AL,0.0,user_entry,
MF Market Rent,AP152,152,AP,0.0,user_entry,
MF Market Rent,AU152,152,AU,0.0,user_entry,
MF Market Rent,AV152,152,AV,0.0,user_entry,
MF Market Rent,BD152,152,BD,0.0,user_entry,
MF Market Rent,A153,153,A,5.0,user_entry,
MF Market Rent,B153,153,B,18.0,user_entry,
MF Market Rent,G153,153,G,0.0,user_entry,
MF Market Rent,H153,153,H,0x7,user_entry,
MF Market Rent,O153,153,O,-1.0,user_entry,
MF Market Rent,P153,153,P,_,user_entry,
MF Market Rent,T153,153,T,0x7,user_entry,
MF Market Rent,Y153,153,Y,0.0,user_entry,
MF Market Rent,AA153,153,AA,0.0,user_entry,
MF Market Rent,AB153,153,AB,0.0,user_entry,
MF Market Rent,AC153,153,AC,0.0,user_entry,
MF Market Rent,AD153,153,AD,0.0,user_entry,
MF Market Rent,AE153,153,AE,0.0,user_entry,
MF Market Rent,AF153,153,AF,0.0,user_entry,
MF Market Rent,AL153,153,AL,0.0,user_entry,
MF Market Rent,AP153,153,AP,0.0,user_entry,
MF Market Rent,AU153,153,AU,0.0,user_entry,
MF Market Rent,AV153,153,AV,0.0,user_entry,
MF Market Rent,BD153,153,BD,0.0,user_entry,
MF Market Rent,A154,154,A,5.0,user_entry,
MF Market Rent,B154,154,B,19.0,user_entry,
MF Market Rent,G154,154,G,0.0,user_entry,
MF Market Rent,H154,154,H,0x7,user_entry,
MF Market Rent,O154,154,O,-1.0,user_entry,
MF Market Rent,P154,154,P,_,user_entry,
MF Market Rent,T154,154,T,0x7,user_entry,
MF Market Rent,Y154,154,Y,0.0,user_entry,
MF Market Rent,AA154,154,AA,0.0,user_entry,
MF Market Rent,AB154,154,AB,0.0,user_entry,
MF Market Rent,AC154,154,AC,0.0,user_entry,
MF Market Rent,AD154,154,AD,0.0,user_entry,
MF Market Rent,AE154,154,AE,0.0,user_entry,
MF Market Rent,AF154,154,AF,0.0,user_entry,
MF Market Rent,AL154,154,AL,0.0,user_entry,
MF Market Rent,AP154,154,AP,0.0,user_entry,
MF Market Rent,AU154,154,AU,0.0,user_entry,
MF Market Rent,AV154,154,AV,0.0,user_entry,
MF Market Rent,BD154,154,BD,0.0,user_entry,
MF Market Rent,A155,155,A,5.0,user_entry,
MF Market Rent,B155,155,B,20.0,user_entry,
MF Market Rent,G155,155,G,0.0,user_entry,
MF Market Rent,H155,155,H,0x7,user_entry,
MF Market Rent,O155,155,O,-1.0,user_entry,
MF Market Rent,P155,155,P,_,user_entry,
MF Market Rent,T155,155,T,0x7,user_entry,
MF Market Rent,Y155,155,Y,0.0,user_entry,
MF Market Rent,AA155,155,AA,0.0,user_entry,
MF Market Rent,AB155,155,AB,0.0,user_entry,
MF Market Rent,AC155,155,AC,0.0,user_entry,
MF Market Rent,AD155,155,AD,0.0,user_entry,
MF Market Rent,AE155,155,AE,0.0,user_entry,
MF Market Rent,AF155,155,AF,0.0,user_entry,
MF Market Rent,AL155,155,AL,0.0,user_entry,
MF Market Rent,AP155,155,AP,0.0,user_entry,
MF Market Rent,AU155,155,AU,0.0,user_entry,
MF Market Rent,AV155,155,AV,0.0,user_entry,
MF Market Rent,BD155,155,BD,0.0,user_entry,
MF Market Rent,A156,156,A,5.0,user_entry,
MF Market Rent,B156,156,B,21.0,user_entry,
MF Market Rent,G156,156,G,0.0,user_entry,
MF Market Rent,H156,156,H,0x7,user_entry,
MF Market Rent,O156,156,O,-1.0,user_entry,
MF Market Rent,P156,156,P,_,user_entry,
MF Market Rent,T156,156,T,0x7,user_entry,
MF Market Rent,Y156,156,Y,0.0,user_entry,
MF Market Rent,AA156,156,AA,0.0,user_entry,
MF Market Rent,AB156,156,AB,0.0,user_entry,
MF Market Rent,AC156,156,AC,0.0,user_entry,
MF Market Rent,AD156,156,AD,0.0,user_entry,
MF Market Rent,AE156,156,AE,0.0,user_entry,
MF Market Rent,AF156,156,AF,0.0,user_entry,
MF Market Rent,AL156,156,AL,0.0,user_entry,
MF Market Rent,AP156,156,AP,0.0,user_entry,
MF Market Rent,AU156,156,AU,0.0,user_entry,
MF Market Rent,AV156,156,AV,0.0,user_entry,
MF Market Rent,BD156,156,BD,0.0,user_entry,
MF Market Rent,A157,157,A,5.0,user_entry,
MF Market Rent,B157,157,B,22.0,user_entry,
MF Market Rent,G157,157,G,0.0,user_entry,
MF Market Rent,H157,157,H,0x7,user_entry,
MF Market Rent,O157,157,O,-1.0,user_entry,
MF Market Rent,P157,157,P,_,user_entry,
MF Market Rent,T157,157,T,0x7,user_entry,
MF Market Rent,Y157,157,Y,0.0,user_entry,
MF Market Rent,AA157,157,AA,0.0,user_entry,
MF Market Rent,AB157,157,AB,0.0,user_entry,
MF Market Rent,AC157,157,AC,0.0,user_entry,
MF Market Rent,AD157,157,AD,0.0,user_entry,
MF Market Rent,AE157,157,AE,0.0,user_entry,
MF Market Rent,AF157,157,AF,0.0,user_entry,
MF Market Rent,AL157,157,AL,0.0,user_entry,
MF Market Rent,AP157,157,AP,0.0,user_entry,
MF Market Rent,AU157,157,AU,0.0,user_entry,
MF Market Rent,AV157,157,AV,0.0,user_entry,
MF Market Rent,BD157,157,BD,0.0,user_entry,
MF Market Rent,A158,158,A,5.0,user_entry,
MF Market Rent,B158,158,B,23.0,user_entry,
MF Market Rent,G158,158,G,0.0,user_entry,
MF Market Rent,H158,158,H,0x7,user_entry,
MF Market Rent,O158,158,O,-1.0,user_entry,
MF Market Rent,P158,158,P,_,user_entry,
MF Market Rent,T158,158,T,0x7,user_entry,
MF Market Rent,Y158,158,Y,0.0,user_entry,
MF Market Rent,AA158,158,AA,0.0,user_entry,
MF Market Rent,AB158,158,AB,0.0,user_entry,
MF Market Rent,AC158,158,AC,0.0,user_entry,
MF Market Rent,AD158,158,AD,0.0,user_entry,
MF Market Rent,AE158,158,AE,0.0,user_entry,
MF Market Rent,AF158,158,AF,0.0,user_entry,
MF Market Rent,AL158,158,AL,0.0,user_entry,
MF Market Rent,AP158,158,AP,0.0,user_entry,
MF Market Rent,AU158,158,AU,0.0,user_entry,
MF Market Rent,AV158,158,AV,0.0,user_entry,
MF Market Rent,BD158,158,BD,0.0,user_entry,
MF Market Rent,A159,159,A,5.0,user_entry,
MF Market Rent,B159,159,B,24.0,user_entry,
MF Market Rent,G159,159,G,0.0,user_entry,
MF Market Rent,H159,159,H,0x7,user_entry,
MF Market Rent,O159,159,O,-1.0,user_entry,
MF Market Rent,P159,159,P,_,user_entry,
MF Market Rent,T159,159,T,0x7,user_entry,
MF Market Rent,Y159,159,Y,0.0,user_entry,
MF Market Rent,AA159,159,AA,0.0,user_entry,
MF Market Rent,AB159,159,AB,0.0,user_entry,
MF Market Rent,AC159,159,AC,0.0,user_entry,
MF Market Rent,AD159,159,AD,0.0,user_entry,
MF Market Rent,AE159,159,AE,0.0,user_entry,
MF Market Rent,AF159,159,AF,0.0,user_entry,
MF Market Rent,AL159,159,AL,0.0,user_entry,
MF Market Rent,AP159,159,AP,0.0,user_entry,
MF Market Rent,AU159,159,AU,0.0,user_entry,
MF Market Rent,AV159,159,AV,0.0,user_entry,
MF Market Rent,BD159,159,BD,0.0,user_entry,
MF Market Rent,A160,160,A,5.0,user_entry,
MF Market Rent,B160,160,B,25.0,user_entry,
MF Market Rent,G160,160,G,0.0,user_entry,
MF Market Rent,H160,160,H,0x7,user_entry,
MF Market Rent,O160,160,O,-1.0,user_entry,
MF Market Rent,P160,160,P,_,user_entry,
MF Market Rent,T160,160,T,0x7,user_entry,
MF Market Rent,Y160,160,Y,0.0,user_entry,
MF Market Rent,AA160,160,AA,0.0,user_entry,
MF Market Rent,AB160,160,AB,0.0,user_entry,
MF Market Rent,AC160,160,AC,0.0,user_entry,
MF Market Rent,AD160,160,AD,0.0,user_entry,
MF Market Rent,AE160,160,AE,0.0,user_entry,
MF Market Rent,AF160,160,AF,0.0,user_entry,
MF Market Rent,AL160,160,AL,0.0,user_entry,
MF Market Rent,AP160,160,AP,0.0,user_entry,
MF Market Rent,AU160,160,AU,0.0,user_entry,
MF Market Rent,AV160,160,AV,0.0,user_entry,
MF Market Rent,BD160,160,BD,0.0,user_entry,
MF Market Rent,A161,161,A,5.0,user_entry,
MF Market Rent,B161,161,B,26.0,user_entry,
MF Market Rent,G161,161,G,0.0,user_entry,
MF Market Rent,H161,161,H,0x7,user_entry,
MF Market Rent,O161,161,O,-1.0,user_entry,
MF Market Rent,P161,161,P,_,user_entry,
MF Market Rent,T161,161,T,0x7,user_entry,
MF Market Rent,Y161,161,Y,0.0,user_entry,
MF Market Rent,AA161,161,AA,0.0,user_entry,
MF Market Rent,AB161,161,AB,0.0,user_entry,
MF Market Rent,AC161,161,AC,0.0,user_entry,
MF Market Rent,AD161,161,AD,0.0,user_entry,
MF Market Rent,AE161,161,AE,0.0,user_entry,
MF Market Rent,AF161,161,AF,0.0,user_entry,
MF Market Rent,AL161,161,AL,0.0,user_entry,
MF Market Rent,AP161,161,AP,0.0,user_entry,
MF Market Rent,AU161,161,AU,0.0,user_entry,
MF Market Rent,AV161,161,AV,0.0,user_entry,
MF Market Rent,BD161,161,BD,0.0,user_entry,
MF Market Rent,A162,162,A,5.0,user_entry,
MF Market Rent,B162,162,B,27.0,user_entry,
MF Market Rent,G162,162,G,0.0,user_entry,
MF Market Rent,H162,162,H,0x7,user_entry,
MF Market Rent,O162,162,O,-1.0,user_entry,
MF Market Rent,P162,162,P,_,user_entry,
MF Market Rent,T162,162,T,0x7,user_entry,
MF Market Rent,Y162,162,Y,0.0,user_entry,
MF Market Rent,AA162,162,AA,0.0,user_entry,
MF Market Rent,AB162,162,AB,0.0,user_entry,
MF Market Rent,AC162,162,AC,0.0,user_entry,
MF Market Rent,AD162,162,AD,0.0,user_entry,
MF Market Rent,AE162,162,AE,0.0,user_entry,
MF Market Rent,AF162,162,AF,0.0,user_entry,
MF Market Rent,AL162,162,AL,0.0,user_entry,
MF Market Rent,AP162,162,AP,0.0,user_entry,
MF Market Rent,AU162,162,AU,0.0,user_entry,
MF Market Rent,AV162,162,AV,0.0,user_entry,
MF Market Rent,BD162,162,BD,0.0,user_entry,
MF Market Rent,A163,163,A,5.0,user_entry,
MF Market Rent,B163,163,B,28.0,user_entry,
MF Market Rent,G163,163,G,0.0,user_entry,
MF Market Rent,H163,163,H,0x7,user_entry,
MF Market Rent,O163,163,O,-1.0,user_entry,
MF Market Rent,P163,163,P,_,user_entry,
MF Market Rent,T163,163,T,0x7,user_entry,
MF Market Rent,Y163,163,Y,0.0,user_entry,
MF Market Rent,AA163,163,AA,0.0,user_entry,
MF Market Rent,AB163,163,AB,0.0,user_entry,
MF Market Rent,AC163,163,AC,0.0,user_entry,
MF Market Rent,AD163,163,AD,0.0,user_entry,
MF Market Rent,AE163,163,AE,0.0,user_entry,
MF Market Rent,AF163,163,AF,0.0,user_entry,
MF Market Rent,AL163,163,AL,0.0,user_entry,
MF Market Rent,AP163,163,AP,0.0,user_entry,
MF Market Rent,AU163,163,AU,0.0,user_entry,
MF Market Rent,AV163,163,AV,0.0,user_entry,
MF Market Rent,BD163,163,BD,0.0,user_entry,
MF Market Rent,A164,164,A,5.0,user_entry,
MF Market Rent,B164,164,B,29.0,user_entry,
MF Market Rent,G164,164,G,0.0,user_entry,
MF Market Rent,H164,164,H,0x7,user_entry,
MF Market Rent,O164,164,O,-1.0,user_entry,
MF Market Rent,P164,164,P,_,user_entry,
MF Market Rent,T164,164,T,0x7,user_entry,
MF Market Rent,Y164,164,Y,0.0,user_entry,
MF Market Rent,AA164,164,AA,0.0,user_entry,
MF Market Rent,AB164,164,AB,0.0,user_entry,
MF Market Rent,AC164,164,AC,0.0,user_entry,
MF Market Rent,AD164,164,AD,0.0,user_entry,
MF Market Rent,AE164,164,AE,0.0,user_entry,
MF Market Rent,AF164,164,AF,0.0,user_entry,
MF Market Rent,AL164,164,AL,0.0,user_entry,
MF Market Rent,AP164,164,AP,0.0,user_entry,
MF Market Rent,AU164,164,AU,0.0,user_entry,
MF Market Rent,AV164,164,AV,0.0,user_entry,
MF Market Rent,BD164,164,BD,0.0,user_entry,
MF Market Rent,A165,165,A,5.0,user_entry,
MF Market Rent,B165,165,B,30.0,user_entry,
MF Market Rent,G165,165,G,0.0,user_entry,
MF Market Rent,H165,165,H,0x7,user_entry,
MF Market Rent,O165,165,O,-1.0,user_entry,
MF Market Rent,P165,165,P,_,user_entry,
MF Market Rent,T165,165,T,0x7,user_entry,
MF Market Rent,Y165,165,Y,0.0,user_entry,
MF Market Rent,AA165,165,AA,0.0,user_entry,
MF Market Rent,AB165,165,AB,0.0,user_entry,
MF Market Rent,AC165,165,AC,0.0,user_entry,
MF Market Rent,AD165,165,AD,0.0,user_entry,
MF Market Rent,AE165,165,AE,0.0,user_entry,
MF Market Rent,AF165,165,AF,0.0,user_entry,
MF Market Rent,AL165,165,AL,0.0,user_entry,
MF Market Rent,AP165,165,AP,0.0,user_entry,
MF Market Rent,AU165,165,AU,0.0,user_entry,
MF Market Rent,AV165,165,AV,0.0,user_entry,
MF Market Rent,BD165,165,BD,0.0,user_entry,
MF Market Rent,A166,166,A,6.0,user_entry,
MF Market Rent,G166,166,G,0.0,user_entry,
MF Market Rent,P166,166,P,_Total,user_entry,
MF Market Rent,Q166,166,Q,Total,user_entry,
MF Market Rent,T166,166,T,0x7,user_entry,
MF Market Rent,Y166,166,Y,0.0,user_entry,
MF Market Rent,Z166,166,Z,0.0,user_entry,
MF Market Rent,AA166,166,AA,0.0,user_entry,
MF Market Rent,AB166,166,AB,0.0,user_entry,
MF Market Rent,AC166,166,AC,0.0,user_entry,
MF Market Rent,AD166,166,AD,0.0,user_entry,
MF Market Rent,AE166,166,AE,0.0,user_entry,
MF Market Rent,AF166,166,AF,0.0,user_entry,
MF Market Rent,AL166,166,AL,0.0,user_entry,
MF Market Rent,AM166,166,AM,0.0,user_entry,
MF Market Rent,AP166,166,AP,0.0,user_entry,
MF Market Rent,AS166,166,AS,0.0,user_entry,
MF Market Rent,AU166,166,AU,0.0,user_entry,
MF Market Rent,AV166,166,AV,0.0,user_entry,
MF Market Rent,BD166,166,BD,0.0,user_entry,
MF Market Rent,BE166,166,BE,0.0,user_entry,
MF Market Rent,A167,167,A,6.0,user_entry,
MF Market Rent,B167,167,B,1.0,user_entry,
MF Market Rent,G167,167,G,0.0,user_entry,
MF Market Rent,H167,167,H,0x7,user_entry,
MF Market Rent,O167,167,O,-1.0,user_entry,
MF Market Rent,P167,167,P,_,user_entry,
MF Market Rent,T167,167,T,0x7,user_entry,
MF Market Rent,Y167,167,Y,0.0,user_entry,
MF Market Rent,AA167,167,AA,0.0,user_entry,
MF Market Rent,AB167,167,AB,0.0,user_entry,
MF Market Rent,AC167,167,AC,0.0,user_entry,
MF Market Rent,AD167,167,AD,0.0,user_entry,
MF Market Rent,AE167,167,AE,0.0,user_entry,
MF Market Rent,AF167,167,AF,0.0,user_entry,
MF Market Rent,AL167,167,AL,0.0,user_entry,
MF Market Rent,AP167,167,AP,0.0,user_entry,
MF Market Rent,AU167,167,AU,0.0,user_entry,
MF Market Rent,AV167,167,AV,0.0,user_entry,
MF Market Rent,BD167,167,BD,0.0,user_entry,
MF Market Rent,A168,168,A,6.0,user_entry,
MF Market Rent,B168,168,B,2.0,user_entry,
MF Market Rent,G168,168,G,0.0,user_entry,
MF Market Rent,H168,168,H,0x7,user_entry,
MF Market Rent,O168,168,O,-1.0,user_entry,
MF Market Rent,P168,168,P,_,user_entry,
MF Market Rent,T168,168,T,0x7,user_entry,
MF Market Rent,Y168,168,Y,0.0,user_entry,
MF Market Rent,AA168,168,AA,0.0,user_entry,
MF Market Rent,AB168,168,AB,0.0,user_entry,
MF Market Rent,AC168,168,AC,0.0,user_entry,
MF Market Rent,AD168,168,AD,0.0,user_entry,
MF Market Rent,AE168,168,AE,0.0,user_entry,
MF Market Rent,AF168,168,AF,0.0,user_entry,
MF Market Rent,AL168,168,AL,0.0,user_entry,
MF Market Rent,AP168,168,AP,0.0,user_entry,
MF Market Rent,AU168,168,AU,0.0,user_entry,
MF Market Rent,AV168,168,AV,0.0,user_entry,
MF Market Rent,BD168,168,BD,0.0,user_entry,
MF Market Rent,A169,169,A,6.0,user_entry,
MF Market Rent,B169,169,B,3.0,user_entry,
MF Market Rent,G169,169,G,0.0,user_entry,
MF Market Rent,H169,169,H,0x7,user_entry,
MF Market Rent,O169,169,O,-1.0,user_entry,
MF Market Rent,P169,169,P,_,user_entry,
MF Market Rent,T169,169,T,0x7,user_entry,
MF Market Rent,Y169,169,Y,0.0,user_entry,
MF Market Rent,AA169,169,AA,0.0,user_entry,
MF Market Rent,AB169,169,AB,0.0,user_entry,
MF Market Rent,AC169,169,AC,0.0,user_entry,
MF Market Rent,AD169,169,AD,0.0,user_entry,
MF Market Rent,AE169,169,AE,0.0,user_entry,
MF Market Rent,AF169,169,AF,0.0,user_entry,
MF Market Rent,AL169,169,AL,0.0,user_entry,
MF Market Rent,AP169,169,AP,0.0,user_entry,
MF Market Rent,AU169,169,AU,0.0,user_entry,
MF Market Rent,AV169,169,AV,0.0,user_entry,
MF Market Rent,BD169,169,BD,0.0,user_entry,
MF Market Rent,A170,170,A,6.0,user_entry,
MF Market Rent,B170,170,B,4.0,user_entry,
MF Market Rent,G170,170,G,0.0,user_entry,
MF Market Rent,H170,170,H,0x7,user_entry,
MF Market Rent,O170,170,O,-1.0,user_entry,
MF Market Rent,P170,170,P,_,user_entry,
MF Market Rent,T170,170,T,0x7,user_entry,
MF Market Rent,Y170,170,Y,0.0,user_entry,
MF Market Rent,AA170,170,AA,0.0,user_entry,
MF Market Rent,AB170,170,AB,0.0,user_entry,
MF Market Rent,AC170,170,AC,0.0,user_entry,
MF Market Rent,AD170,170,AD,0.0,user_entry,
MF Market Rent,AE170,170,AE,0.0,user_entry,
MF Market Rent,AF170,170,AF,0.0,user_entry,
MF Market Rent,AL170,170,AL,0.0,user_entry,
MF Market Rent,AP170,170,AP,0.0,user_entry,
MF Market Rent,AU170,170,AU,0.0,user_entry,
MF Market Rent,AV170,170,AV,0.0,user_entry,
MF Market Rent,BD170,170,BD,0.0,user_entry,
MF Market Rent,A171,171,A,6.0,user_entry,
MF Market Rent,B171,171,B,5.0,user_entry,
MF Market Rent,G171,171,G,0.0,user_entry,
MF Market Rent,H171,171,H,0x7,user_entry,
MF Market Rent,O171,171,O,-1.0,user_entry,
MF Market Rent,P171,171,P,_,user_entry,
MF Market Rent,T171,171,T,0x7,user_entry,
MF Market Rent,Y171,171,Y,0.0,user_entry,
MF Market Rent,AA171,171,AA,0.0,user_entry,
MF Market Rent,AB171,171,AB,0.0,user_entry,
MF Market Rent,AC171,171,AC,0.0,user_entry,
MF Market Rent,AD171,171,AD,0.0,user_entry,
MF Market Rent,AE171,171,AE,0.0,user_entry,
MF Market Rent,AF171,171,AF,0.0,user_entry,
MF Market Rent,AL171,171,AL,0.0,user_entry,
MF Market Rent,AP171,171,AP,0.0,user_entry,
MF Market Rent,AU171,171,AU,0.0,user_entry,
MF Market Rent,AV171,171,AV,0.0,user_entry,
MF Market Rent,BD171,171,BD,0.0,user_entry,
MF Market Rent,A172,172,A,6.0,user_entry,
MF Market Rent,B172,172,B,6.0,user_entry,
MF Market Rent,G172,172,G,0.0,user_entry,
MF Market Rent,H172,172,H,0x7,user_entry,
MF Market Rent,O172,172,O,-1.0,user_entry,
MF Market Rent,P172,172,P,_,user_entry,
MF Market Rent,T172,172,T,0x7,user_entry,
MF Market Rent,Y172,172,Y,0.0,user_entry,
MF Market Rent,AA172,172,AA,0.0,user_entry,
MF Market Rent,AB172,172,AB,0.0,user_entry,
MF Market Rent,AC172,172,AC,0.0,user_entry,
MF Market Rent,AD172,172,AD,0.0,user_entry,
MF Market Rent,AE172,172,AE,0.0,user_entry,
MF Market Rent,AF172,172,AF,0.0,user_entry,
MF Market Rent,AL172,172,AL,0.0,user_entry,
MF Market Rent,AP172,172,AP,0.0,user_entry,
MF Market Rent,AU172,172,AU,0.0,user_entry,
MF Market Rent,AV172,172,AV,0.0,user_entry,
MF Market Rent,BD172,172,BD,0.0,user_entry,
MF Market Rent,A173,173,A,6.0,user_entry,
MF Market Rent,B173,173,B,7.0,user_entry,
MF Market Rent,G173,173,G,0.0,user_entry,
MF Market Rent,H173,173,H,0x7,user_entry,
MF Market Rent,O173,173,O,-1.0,user_entry,
MF Market Rent,P173,173,P,_,user_entry,
MF Market Rent,T173,173,T,0x7,user_entry,
MF Market Rent,Y173,173,Y,0.0,user_entry,
MF Market Rent,AA173,173,AA,0.0,user_entry,
MF Market Rent,AB173,173,AB,0.0,user_entry,
MF Market Rent,AC173,173,AC,0.0,user_entry,
MF Market Rent,AD173,173,AD,0.0,user_entry,
MF Market Rent,AE173,173,AE,0.0,user_entry,
MF Market Rent,AF173,173,AF,0.0,user_entry,
MF Market Rent,AL173,173,AL,0.0,user_entry,
MF Market Rent,AP173,173,AP,0.0,user_entry,
MF Market Rent,AU173,173,AU,0.0,user_entry,
MF Market Rent,AV173,173,AV,0.0,user_entry,
MF Market Rent,BD173,173,BD,0.0,user_entry,
MF Market Rent,A174,174,A,6.0,user_entry,
MF Market Rent,B174,174,B,8.0,user_entry,
MF Market Rent,G174,174,G,0.0,user_entry,
MF Market Rent,H174,174,H,0x7,user_entry,
MF Market Rent,O174,174,O,-1.0,user_entry,
MF Market Rent,P174,174,P,_,user_entry,
MF Market Rent,T174,174,T,0x7,user_entry,
MF Market Rent,Y174,174,Y,0.0,user_entry,
MF Market Rent,AA174,174,AA,0.0,user_entry,
MF Market Rent,AB174,174,AB,0.0,user_entry,
MF Market Rent,AC174,174,AC,0.0,user_entry,
MF Market Rent,AD174,174,AD,0.0,user_entry,
MF Market Rent,AE174,174,AE,0.0,user_entry,
MF Market Rent,AF174,174,AF,0.0,user_entry,
MF Market Rent,AL174,174,AL,0.0,user_entry,
MF Market Rent,AP174,174,AP,0.0,user_entry,
MF Market Rent,AU174,174,AU,0.0,user_entry,
MF Market Rent,AV174,174,AV,0.0,user_entry,
MF Market Rent,BD174,174,BD,0.0,user_entry,
MF Market Rent,A175,175,A,6.0,user_entry,
MF Market Rent,B175,175,B,9.0,user_entry,
MF Market Rent,G175,175,G,0.0,user_entry,
MF Market Rent,H175,175,H,0x7,user_entry,
MF Market Rent,O175,175,O,-1.0,user_entry,
MF Market Rent,P175,175,P,_,user_entry,
MF Market Rent,T175,175,T,0x7,user_entry,
MF Market Rent,Y175,175,Y,0.0,user_entry,
MF Market Rent,AA175,175,AA,0.0,user_entry,
MF Market Rent,AB175,175,AB,0.0,user_entry,
MF Market Rent,AC175,175,AC,0.0,user_entry,
MF Market Rent,AD175,175,AD,0.0,user_entry,
MF Market Rent,AE175,175,AE,0.0,user_entry,
MF Market Rent,AF175,175,AF,0.0,user_entry,
MF Market Rent,AL175,175,AL,0.0,user_entry,
MF Market Rent,AP175,175,AP,0.0,user_entry,
MF Market Rent,AU175,175,AU,0.0,user_entry,
MF Market Rent,AV175,175,AV,0.0,user_entry,
MF Market Rent,BD175,175,BD,0.0,user_entry,
MF Market Rent,A176,176,A,6.0,user_entry,
MF Market Rent,B176,176,B,10.0,user_entry,
MF Market Rent,G176,176,G,0.0,user_entry,
MF Market Rent,H176,176,H,0x7,user_entry,
MF Market Rent,O176,176,O,-1.0,user_entry,
MF Market Rent,P176,176,P,_,user_entry,
MF Market Rent,T176,176,T,0x7,user_entry,
MF Market Rent,Y176,176,Y,0.0,user_entry,
MF Market Rent,AA176,176,AA,0.0,user_entry,
MF Market Rent,AB176,176,AB,0.0,user_entry,
MF Market Rent,AC176,176,AC,0.0,user_entry,
MF Market Rent,AD176,176,AD,0.0,user_entry,
MF Market Rent,AE176,176,AE,0.0,user_entry,
MF Market Rent,AF176,176,AF,0.0,user_entry,
MF Market Rent,AL176,176,AL,0.0,user_entry,
MF Market Rent,AP176,176,AP,0.0,user_entry,
MF Market Rent,AU176,176,AU,0.0,user_entry,
MF Market Rent,AV176,176,AV,0.0,user_entry,
MF Market Rent,BD176,176,BD,0.0,user_entry,
MF Market Rent,A177,177,A,6.0,user_entry,
MF Market Rent,B177,177,B,11.0,user_entry,
MF Market Rent,G177,177,G,0.0,user_entry,
MF Market Rent,H177,177,H,0x7,user_entry,
MF Market Rent,O177,177,O,-1.0,user_entry,
MF Market Rent,P177,177,P,_,user_entry,
MF Market Rent,T177,177,T,0x7,user_entry,
MF Market Rent,Y177,177,Y,0.0,user_entry,
MF Market Rent,AA177,177,AA,0.0,user_entry,
MF Market Rent,AB177,177,AB,0.0,user_entry,
MF Market Rent,AC177,177,AC,0.0,user_entry,
MF Market Rent,AD177,177,AD,0.0,user_entry,
MF Market Rent,AE177,177,AE,0.0,user_entry,
MF Market Rent,AF177,177,AF,0.0,user_entry,
MF Market Rent,AL177,177,AL,0.0,user_entry,
MF Market Rent,AP177,177,AP,0.0,user_entry,
MF Market Rent,AU177,177,AU,0.0,user_entry,
MF Market Rent,AV177,177,AV,0.0,user_entry,
MF Market Rent,BD177,177,BD,0.0,user_entry,
MF Market Rent,A178,178,A,6.0,user_entry,
MF Market Rent,B178,178,B,12.0,user_entry,
MF Market Rent,G178,178,G,0.0,user_entry,
MF Market Rent,H178,178,H,0x7,user_entry,
MF Market Rent,O178,178,O,-1.0,user_entry,
MF Market Rent,P178,178,P,_,user_entry,
MF Market Rent,T178,178,T,0x7,user_entry,
MF Market Rent,Y178,178,Y,0.0,user_entry,
MF Market Rent,AA178,178,AA,0.0,user_entry,
MF Market Rent,AB178,178,AB,0.0,user_entry,
MF Market Rent,AC178,178,AC,0.0,user_entry,
MF Market Rent,AD178,178,AD,0.0,user_entry,
MF Market Rent,AE178,178,AE,0.0,user_entry,
MF Market Rent,AF178,178,AF,0.0,user_entry,
MF Market Rent,AL178,178,AL,0.0,user_entry,
MF Market Rent,AP178,178,AP,0.0,user_entry,
MF Market Rent,AU178,178,AU,0.0,user_entry,
MF Market Rent,AV178,178,AV,0.0,user_entry,
MF Market Rent,BD178,178,BD,0.0,user_entry,
MF Market Rent,A179,179,A,6.0,user_entry,
MF Market Rent,B179,179,B,13.0,user_entry,
MF Market Rent,G179,179,G,0.0,user_entry,
MF Market Rent,H179,179,H,0x7,user_entry,
MF Market Rent,O179,179,O,-1.0,user_entry,
MF Market Rent,P179,179,P,_,user_entry,
MF Market Rent,T179,179,T,0x7,user_entry,
MF Market Rent,Y179,179,Y,0.0,user_entry,
MF Market Rent,AA179,179,AA,0.0,user_entry,
MF Market Rent,AB179,179,AB,0.0,user_entry,
MF Market Rent,AC179,179,AC,0.0,user_entry,
MF Market Rent,AD179,179,AD,0.0,user_entry,
MF Market Rent,AE179,179,AE,0.0,user_entry,
MF Market Rent,AF179,179,AF,0.0,user_entry,
MF Market Rent,AL179,179,AL,0.0,user_entry,
MF Market Rent,AP179,179,AP,0.0,user_entry,
MF Market Rent,AU179,179,AU,0.0,user_entry,
MF Market Rent,AV179,179,AV,0.0,user_entry,
MF Market Rent,BD179,179,BD,0.0,user_entry,
MF Market Rent,A180,180,A,6.0,user_entry,
MF Market Rent,B180,180,B,14.0,user_entry,
MF Market Rent,G180,180,G,0.0,user_entry,
MF Market Rent,H180,180,H,0x7,user_entry,
MF Market Rent,O180,180,O,-1.0,user_entry,
MF Market Rent,P180,180,P,_,user_entry,
MF Market Rent,T180,180,T,0x7,user_entry,
MF Market Rent,Y180,180,Y,0.0,user_entry,
MF Market Rent,AA180,180,AA,0.0,user_entry,
MF Market Rent,AB180,180,AB,0.0,user_entry,
MF Market Rent,AC180,180,AC,0.0,user_entry,
MF Market Rent,AD180,180,AD,0.0,user_entry,
MF Market Rent,AE180,180,AE,0.0,user_entry,
MF Market Rent,AF180,180,AF,0.0,user_entry,
MF Market Rent,AL180,180,AL,0.0,user_entry,
MF Market Rent,AP180,180,AP,0.0,user_entry,
MF Market Rent,AU180,180,AU,0.0,user_entry,
MF Market Rent,AV180,180,AV,0.0,user_entry,
MF Market Rent,BD180,180,BD,0.0,user_entry,
MF Market Rent,A181,181,A,6.0,user_entry,
MF Market Rent,B181,181,B,15.0,user_entry,
MF Market Rent,G181,181,G,0.0,user_entry,
MF Market Rent,H181,181,H,0x7,user_entry,
MF Market Rent,O181,181,O,-1.0,user_entry,
MF Market Rent,P181,181,P,_,user_entry,
MF Market Rent,T181,181,T,0x7,user_entry,
MF Market Rent,Y181,181,Y,0.0,user_entry,
MF Market Rent,AA181,181,AA,0.0,user_entry,
MF Market Rent,AB181,181,AB,0.0,user_entry,
MF Market Rent,AC181,181,AC,0.0,user_entry,
MF Market Rent,AD181,181,AD,0.0,user_entry,
MF Market Rent,AE181,181,AE,0.0,user_entry,
MF Market Rent,AF181,181,AF,0.0,user_entry,
MF Market Rent,AL181,181,AL,0.0,user_entry,
MF Market Rent,AP181,181,AP,0.0,user_entry,
MF Market Rent,AU181,181,AU,0.0,user_entry,
MF Market Rent,AV181,181,AV,0.0,user_entry,
MF Market Rent,BD181,181,BD,0.0,user_entry,
MF Market Rent,A182,182,A,6.0,user_entry,
MF Market Rent,B182,182,B,16.0,user_entry,
MF Market Rent,G182,182,G,0.0,user_entry,
MF Market Rent,H182,182,H,0x7,user_entry,
MF Market Rent,O182,182,O,-1.0,user_entry,
MF Market Rent,P182,182,P,_,user_entry,
MF Market Rent,T182,182,T,0x7,user_entry,
MF Market Rent,Y182,182,Y,0.0,user_entry,
MF Market Rent,AA182,182,AA,0.0,user_entry,
MF Market Rent,AB182,182,AB,0.0,user_entry,
MF Market Rent,AC182,182,AC,0.0,user_entry,
MF Market Rent,AD182,182,AD,0.0,user_entry,
MF Market Rent,AE182,182,AE,0.0,user_entry,
MF Market Rent,AF182,182,AF,0.0,user_entry,
MF Market Rent,AL182,182,AL,0.0,user_entry,
MF Market Rent,AP182,182,AP,0.0,user_entry,
MF Market Rent,AU182,182,AU,0.0,user_entry,
MF Market Rent,AV182,182,AV,0.0,user_entry,
MF Market Rent,BD182,182,BD,0.0,user_entry,
MF Market Rent,A183,183,A,6.0,user_entry,
MF Market Rent,B183,183,B,17.0,user_entry,
MF Market Rent,G183,183,G,0.0,user_entry,
MF Market Rent,H183,183,H,0x7,user_entry,
MF Market Rent,O183,183,O,-1.0,user_entry,
MF Market Rent,P183,183,P,_,user_entry,
MF Market Rent,T183,183,T,0x7,user_entry,
MF Market Rent,Y183,183,Y,0.0,user_entry,
MF Market Rent,AA183,183,AA,0.0,user_entry,
MF Market Rent,AB183,183,AB,0.0,user_entry,
MF Market Rent,AC183,183,AC,0.0,user_entry,
MF Market Rent,AD183,183,AD,0.0,user_entry,
MF Market Rent,AE183,183,AE,0.0,user_entry,
MF Market Rent,AF183,183,AF,0.0,user_entry,
MF Market Rent,AL183,183,AL,0.0,user_entry,
MF Market Rent,AP183,183,AP,0.0,user_entry,
MF Market Rent,AU183,183,AU,0.0,user_entry,
MF Market Rent,AV183,183,AV,0.0,user_entry,
MF Market Rent,BD183,183,BD,0.0,user_entry,
MF Market Rent,A184,184,A,6.0,user_entry,
MF Market Rent,B184,184,B,18.0,user_entry,
MF Market Rent,G184,184,G,0.0,user_entry,
MF Market Rent,H184,184,H,0x7,user_entry,
MF Market Rent,O184,184,O,-1.0,user_entry,
MF Market Rent,P184,184,P,_,user_entry,
MF Market Rent,T184,184,T,0x7,user_entry,
MF Market Rent,Y184,184,Y,0.0,user_entry,
MF Market Rent,AA184,184,AA,0.0,user_entry,
MF Market Rent,AB184,184,AB,0.0,user_entry,
MF Market Rent,AC184,184,AC,0.0,user_entry,
MF Market Rent,AD184,184,AD,0.0,user_entry,
MF Market Rent,AE184,184,AE,0.0,user_entry,
MF Market Rent,AF184,184,AF,0.0,user_entry,
MF Market Rent,AL184,184,AL,0.0,user_entry,
MF Market Rent,AP184,184,AP,0.0,user_entry,
MF Market Rent,AU184,184,AU,0.0,user_entry,
MF Market Rent,AV184,184,AV,0.0,user_entry,
MF Market Rent,BD184,184,BD,0.0,user_entry,
MF Market Rent,A185,185,A,6.0,user_entry,
MF Market Rent,B185,185,B,19.0,user_entry,
MF Market Rent,G185,185,G,0.0,user_entry,
MF Market Rent,H185,185,H,0x7,user_entry,
MF Market Rent,O185,185,O,-1.0,user_entry,
MF Market Rent,P185,185,P,_,user_entry,
MF Market Rent,T185,185,T,0x7,user_entry,
MF Market Rent,Y185,185,Y,0.0,user_entry,
MF Market Rent,AA185,185,AA,0.0,user_entry,
MF Market Rent,AB185,185,AB,0.0,user_entry,
MF Market Rent,AC185,185,AC,0.0,user_entry,
MF Market Rent,AD185,185,AD,0.0,user_entry,
MF Market Rent,AE185,185,AE,0.0,user_entry,
MF Market Rent,AF185,185,AF,0.0,user_entry,
MF Market Rent,AL185,185,AL,0.0,user_entry,
MF Market Rent,AP185,185,AP,0.0,user_entry,
MF Market Rent,AU185,185,AU,0.0,user_entry,
MF Market Rent,AV185,185,AV,0.0,user_entry,
MF Market Rent,BD185,185,BD,0.0,user_entry,
MF Market Rent,A186,186,A,6.0,user_entry,
MF Market Rent,B186,186,B,20.0,user_entry,
MF Market Rent,G186,186,G,0.0,user_entry,
MF Market Rent,H186,186,H,0x7,user_entry,
MF Market Rent,O186,186,O,-1.0,user_entry,
MF Market Rent,P186,186,P,_,user_entry,
MF Market Rent,T186,186,T,0x7,user_entry,
MF Market Rent,Y186,186,Y,0.0,user_entry,
MF Market Rent,AA186,186,AA,0.0,user_entry,
MF Market Rent,AB186,186,AB,0.0,user_entry,
MF Market Rent,AC186,186,AC,0.0,user_entry,
MF Market Rent,AD186,186,AD,0.0,user_entry,
MF Market Rent,AE186,186,AE,0.0,user_entry,
MF Market Rent,AF186,186,AF,0.0,user_entry,
MF Market Rent,AL186,186,AL,0.0,user_entry,
MF Market Rent,AP186,186,AP,0.0,user_entry,
MF Market Rent,AU186,186,AU,0.0,user_entry,
MF Market Rent,AV186,186,AV,0.0,user_entry,
MF Market Rent,BD186,186,BD,0.0,user_entry,
MF Market Rent,A187,187,A,6.0,user_entry,
MF Market Rent,B187,187,B,21.0,user_entry,
MF Market Rent,G187,187,G,0.0,user_entry,
MF Market Rent,H187,187,H,0x7,user_entry,
MF Market Rent,O187,187,O,-1.0,user_entry,
MF Market Rent,P187,187,P,_,user_entry,
MF Market Rent,T187,187,T,0x7,user_entry,
MF Market Rent,Y187,187,Y,0.0,user_entry,
MF Market Rent,AA187,187,AA,0.0,user_entry,
MF Market Rent,AB187,187,AB,0.0,user_entry,
MF Market Rent,AC187,187,AC,0.0,user_entry,
MF Market Rent,AD187,187,AD,0.0,user_entry,
MF Market Rent,AE187,187,AE,0.0,user_entry,
MF Market Rent,AF187,187,AF,0.0,user_entry,
MF Market Rent,AL187,187,AL,0.0,user_entry,
MF Market Rent,AP187,187,AP,0.0,user_entry,
MF Market Rent,AU187,187,AU,0.0,user_entry,
MF Market Rent,AV187,187,AV,0.0,user_entry,
MF Market Rent,BD187,187,BD,0.0,user_entry,
MF Market Rent,A188,188,A,6.0,user_entry,
MF Market Rent,B188,188,B,22.0,user_entry,
MF Market Rent,G188,188,G,0.0,user_entry,
MF Market Rent,H188,188,H,0x7,user_entry,
MF Market Rent,O188,188,O,-1.0,user_entry,
MF Market Rent,P188,188,P,_,user_entry,
MF Market Rent,T188,188,T,0x7,user_entry,
MF Market Rent,Y188,188,Y,0.0,user_entry,
MF Market Rent,AA188,188,AA,0.0,user_entry,
MF Market Rent,AB188,188,AB,0.0,user_entry,
MF Market Rent,AC188,188,AC,0.0,user_entry,
MF Market Rent,AD188,188,AD,0.0,user_entry,
MF Market Rent,AE188,188,AE,0.0,user_entry,
MF Market Rent,AF188,188,AF,0.0,user_entry,
MF Market Rent,AL188,188,AL,0.0,user_entry,
MF Market Rent,AP188,188,AP,0.0,user_entry,
MF Market Rent,AU188,188,AU,0.0,user_entry,
MF Market Rent,AV188,188,AV,0.0,user_entry,
MF Market Rent,BD188,188,BD,0.0,user_entry,
MF Market Rent,A189,189,A,6.0,user_entry,
MF Market Rent,B189,189,B,23.0,user_entry,
MF Market Rent,G189,189,G,0.0,user_entry,
MF Market Rent,H189,189,H,0x7,user_entry,
MF Market Rent,O189,189,O,-1.0,user_entry,
MF Market Rent,P189,189,P,_,user_entry,
MF Market Rent,T189,189,T,0x7,user_entry,
MF Market Rent,Y189,189,Y,0.0,user_entry,
MF Market Rent,AA189,189,AA,0.0,user_entry,
MF Market Rent,AB189,189,AB,0.0,user_entry,
MF Market Rent,AC189,189,AC,0.0,user_entry,
MF Market Rent,AD189,189,AD,0.0,user_entry,
MF Market Rent,AE189,189,AE,0.0,user_entry,
MF Market Rent,AF189,189,AF,0.0,user_entry,
MF Market Rent,AL189,189,AL,0.0,user_entry,
MF Market Rent,AP189,189,AP,0.0,user_entry,
MF Market Rent,AU189,189,AU,0.0,user_entry,
MF Market Rent,AV189,189,AV,0.0,user_entry,
MF Market Rent,BD189,189,BD,0.0,user_entry,
MF Market Rent,A190,190,A,6.0,user_entry,
MF Market Rent,B190,190,B,24.0,user_entry,
MF Market Rent,G190,190,G,0.0,user_entry,
MF Market Rent,H190,190,H,0x7,user_entry,
MF Market Rent,O190,190,O,-1.0,user_entry,
MF Market Rent,P190,190,P,_,user_entry,
MF Market Rent,T190,190,T,0x7,user_entry,
MF Market Rent,Y190,190,Y,0.0,user_entry,
MF Market Rent,AA190,190,AA,0.0,user_entry,
MF Market Rent,AB190,190,AB,0.0,user_entry,
MF Market Rent,AC190,190,AC,0.0,user_entry,
MF Market Rent,AD190,190,AD,0.0,user_entry,
MF Market Rent,AE190,190,AE,0.0,user_entry,
MF Market Rent,AF190,190,AF,0.0,user_entry,
MF Market Rent,AL190,190,AL,0.0,user_entry,
MF Market Rent,AP190,190,AP,0.0,user_entry,
MF Market Rent,AU190,190,AU,0.0,user_entry,
MF Market Rent,AV190,190,AV,0.0,user_entry,
MF Market Rent,BD190,190,BD,0.0,user_entry,
MF Market Rent,A191,191,A,6.0,user_entry,
MF Market Rent,B191,191,B,25.0,user_entry,
MF Market Rent,G191,191,G,0.0,user_entry,
MF Market Rent,H191,191,H,0x7,user_entry,
MF Market Rent,O191,191,O,-1.0,user_entry,
MF Market Rent,P191,191,P,_,user_entry,
MF Market Rent,T191,191,T,0x7,user_entry,
MF Market Rent,Y191,191,Y,0.0,user_entry,
MF Market Rent,AA191,191,AA,0.0,user_entry,
MF Market Rent,AB191,191,AB,0.0,user_entry,
MF Market Rent,AC191,191,AC,0.0,user_entry,
MF Market Rent,AD191,191,AD,0.0,user_entry,
MF Market Rent,AE191,191,AE,0.0,user_entry,
MF Market Rent,AF191,191,AF,0.0,user_entry,
MF Market Rent,AL191,191,AL,0.0,user_entry,
MF Market Rent,AP191,191,AP,0.0,user_entry,
MF Market Rent,AU191,191,AU,0.0,user_entry,
MF Market Rent,AV191,191,AV,0.0,user_entry,
MF Market Rent,BD191,191,BD,0.0,user_entry,
MF Market Rent,A192,192,A,6.0,user_entry,
MF Market Rent,B192,192,B,26.0,user_entry,
MF Market Rent,G192,192,G,0.0,user_entry,
MF Market Rent,H192,192,H,0x7,user_entry,
MF Market Rent,O192,192,O,-1.0,user_entry,
MF Market Rent,P192,192,P,_,user_entry,
MF Market Rent,T192,192,T,0x7,user_entry,
MF Market Rent,Y192,192,Y,0.0,user_entry,
MF Market Rent,AA192,192,AA,0.0,user_entry,
MF Market Rent,AB192,192,AB,0.0,user_entry,
MF Market Rent,AC192,192,AC,0.0,user_entry,
MF Market Rent,AD192,192,AD,0.0,user_entry,
MF Market Rent,AE192,192,AE,0.0,user_entry,
MF Market Rent,AF192,192,AF,0.0,user_entry,
MF Market Rent,AL192,192,AL,0.0,user_entry,
MF Market Rent,AP192,192,AP,0.0,user_entry,
MF Market Rent,AU192,192,AU,0.0,user_entry,
MF Market Rent,AV192,192,AV,0.0,user_entry,
MF Market Rent,BD192,192,BD,0.0,user_entry,
MF Market Rent,A193,193,A,6.0,user_entry,
MF Market Rent,B193,193,B,27.0,user_entry,
MF Market Rent,G193,193,G,0.0,user_entry,
MF Market Rent,H193,193,H,0x7,user_entry,
MF Market Rent,O193,193,O,-1.0,user_entry,
MF Market Rent,P193,193,P,_,user_entry,
MF Market Rent,T193,193,T,0x7,user_entry,
MF Market Rent,Y193,193,Y,0.0,user_entry,
MF Market Rent,AA193,193,AA,0.0,user_entry,
MF Market Rent,AB193,193,AB,0.0,user_entry,
MF Market Rent,AC193,193,AC,0.0,user_entry,
MF Market Rent,AD193,193,AD,0.0,user_entry,
MF Market Rent,AE193,193,AE,0.0,user_entry,
MF Market Rent,AF193,193,AF,0.0,user_entry,
MF Market Rent,AL193,193,AL,0.0,user_entry,
MF Market Rent,AP193,193,AP,0.0,user_entry,
MF Market Rent,AU193,193,AU,0.0,user_entry,
MF Market Rent,AV193,193,AV,0.0,user_entry,
MF Market Rent,BD193,193,BD,0.0,user_entry,
MF Market Rent,A194,194,A,6.0,user_entry,
MF Market Rent,B194,194,B,28.0,user_entry,
MF Market Rent,G194,194,G,0.0,user_entry,
MF Market Rent,H194,194,H,0x7,user_entry,
MF Market Rent,O194,194,O,-1.0,user_entry,
MF Market Rent,P194,194,P,_,user_entry,
MF Market Rent,T194,194,T,0x7,user_entry,
MF Market Rent,Y194,194,Y,0.0,user_entry,
MF Market Rent,AA194,194,AA,0.0,user_entry,
MF Market Rent,AB194,194,AB,0.0,user_entry,
MF Market Rent,AC194,194,AC,0.0,user_entry,
MF Market Rent,AD194,194,AD,0.0,user_entry,
MF Market Rent,AE194,194,AE,0.0,user_entry,
MF Market Rent,AF194,194,AF,0.0,user_entry,
MF Market Rent,AL194,194,AL,0.0,user_entry,
MF Market Rent,AP194,194,AP,0.0,user_entry,
MF Market Rent,AU194,194,AU,0.0,user_entry,
MF Market Rent,AV194,194,AV,0.0,user_entry,
MF Market Rent,BD194,194,BD,0.0,user_entry,
MF Market Rent,A195,195,A,6.0,user_entry,
MF Market Rent,B195,195,B,29.0,user_entry,
MF Market Rent,G195,195,G,0.0,user_entry,
MF Market Rent,H195,195,H,0x7,user_entry,
MF Market Rent,O195,195,O,-1.0,user_entry,
MF Market Rent,P195,195,P,_,user_entry,
MF Market Rent,T195,195,T,0x7,user_entry,
MF Market Rent,Y195,195,Y,0.0,user_entry,
MF Market Rent,AA195,195,AA,0.0,user_entry,
MF Market Rent,AB195,195,AB,0.0,user_entry,
MF Market Rent,AC195,195,AC,0.0,user_entry,
MF Market Rent,AD195,195,AD,0.0,user_entry,
MF Market Rent,AE195,195,AE,0.0,user_entry,
MF Market Rent,AF195,195,AF,0.0,user_entry,
MF Market Rent,AL195,195,AL,0.0,user_entry,
MF Market Rent,AP195,195,AP,0.0,user_entry,
MF Market Rent,AU195,195,AU,0.0,user_entry,
MF Market Rent,AV195,195,AV,0.0,user_entry,
MF Market Rent,BD195,195,BD,0.0,user_entry,
MF Market Rent,A196,196,A,6.0,user_entry,
MF Market Rent,B196,196,B,30.0,user_entry,
MF Market Rent,G196,196,G,0.0,user_entry,
MF Market Rent,H196,196,H,0x7,user_entry,
MF Market Rent,O196,196,O,-1.0,user_entry,
MF Market Rent,P196,196,P,_,user_entry,
MF Market Rent,T196,196,T,0x7,user_entry,
MF Market Rent,Y196,196,Y,0.0,user_entry,
MF Market Rent,AA196,196,AA,0.0,user_entry,
MF Market Rent,AB196,196,AB,0.0,user_entry,
MF Market Rent,AC196,196,AC,0.0,user_entry,
MF Market Rent,AD196,196,AD,0.0,user_entry,
MF Market Rent,AE196,196,AE,0.0,user_entry,
MF Market Rent,AF196,196,AF,0.0,user_entry,
MF Market Rent,AL196,196,AL,0.0,user_entry,
MF Market Rent,AP196,196,AP,0.0,user_entry,
MF Market Rent,AU196,196,AU,0.0,user_entry,
MF Market Rent,AV196,196,AV,0.0,user_entry,
MF Market Rent,BD196,196,BD,0.0,user_entry,
MF Market Rent,A197,197,A,7.0,user_entry,
MF Market Rent,G197,197,G,0.0,user_entry,
MF Market Rent,P197,197,P,_Total,user_entry,
MF Market Rent,Q197,197,Q,Total,user_entry,
MF Market Rent,T197,197,T,0x7,user_entry,
MF Market Rent,Y197,197,Y,0.0,user_entry,
MF Market Rent,Z197,197,Z,0.0,user_entry,
MF Market Rent,AA197,197,AA,0.0,user_entry,
MF Market Rent,AB197,197,AB,0.0,user_entry,
MF Market Rent,AC197,197,AC,0.0,user_entry,
MF Market Rent,AD197,197,AD,0.0,user_entry,
MF Market Rent,AE197,197,AE,0.0,user_entry,
MF Market Rent,AF197,197,AF,0.0,user_entry,
MF Market Rent,AL197,197,AL,0.0,user_entry,
MF Market Rent,AM197,197,AM,0.0,user_entry,
MF Market Rent,AP197,197,AP,0.0,user_entry,
MF Market Rent,AS197,197,AS,0.0,user_entry,
MF Market Rent,AU197,197,AU,0.0,user_entry,
MF Market Rent,AV197,197,AV,0.0,user_entry,
MF Market Rent,BD197,197,BD,0.0,user_entry,
MF Market Rent,BE197,197,BE,0.0,user_entry,
MF Market Rent,A198,198,A,7.0,user_entry,
MF Market Rent,B198,198,B,1.0,user_entry,
MF Market Rent,G198,198,G,0.0,user_entry,
MF Market Rent,H198,198,H,0x7,user_entry,
MF Market Rent,O198,198,O,-1.0,user_entry,
MF Market Rent,P198,198,P,_,user_entry,
MF Market Rent,T198,198,T,0x7,user_entry,
MF Market Rent,Y198,198,Y,0.0,user_entry,
MF Market Rent,AA198,198,AA,0.0,user_entry,
MF Market Rent,AB198,198,AB,0.0,user_entry,
MF Market Rent,AC198,198,AC,0.0,user_entry,
MF Market Rent,AD198,198,AD,0.0,user_entry,
MF Market Rent,AE198,198,AE,0.0,user_entry,
MF Market Rent,AF198,198,AF,0.0,user_entry,
MF Market Rent,AL198,198,AL,0.0,user_entry,
MF Market Rent,AP198,198,AP,0.0,user_entry,
MF Market Rent,AU198,198,AU,0.0,user_entry,
MF Market Rent,AV198,198,AV,0.0,user_entry,
MF Market Rent,BD198,198,BD,0.0,user_entry,
MF Market Rent,A199,199,A,7.0,user_entry,
MF Market Rent,B199,199,B,2.0,user_entry,
MF Market Rent,G199,199,G,0.0,user_entry,
MF Market Rent,H199,199,H,0x7,user_entry,
MF Market Rent,O199,199,O,-1.0,user_entry,
MF Market Rent,P199,199,P,_,user_entry,
MF Market Rent,T199,199,T,0x7,user_entry,
MF Market Rent,Y199,199,Y,0.0,user_entry,
MF Market Rent,AA199,199,AA,0.0,user_entry,
MF Market Rent,AB199,199,AB,0.0,user_entry,
MF Market Rent,AC199,199,AC,0.0,user_entry,
MF Market Rent,AD199,199,AD,0.0,user_entry,
MF Market Rent,AE199,199,AE,0.0,user_entry,
MF Market Rent,AF199,199,AF,0.0,user_entry,
MF Market Rent,AL199,199,AL,0.0,user_entry,
MF Market Rent,AP199,199,AP,0.0,user_entry,
MF Market Rent,AU199,199,AU,0.0,user_entry,
MF Market Rent,AV199,199,AV,0.0,user_entry,
MF Market Rent,BD199,199,BD,0.0,user_entry,
MF Market Rent,A200,200,A,7.0,user_entry,
MF Market Rent,B200,200,B,3.0,user_entry,
MF Market Rent,G200,200,G,0.0,user_entry,
MF Market Rent,H200,200,H,0x7,user_entry,
MF Market Rent,O200,200,O,-1.0,user_entry,
MF Market Rent,P200,200,P,_,user_entry,
MF Market Rent,T200,200,T,0x7,user_entry,
MF Market Rent,Y200,200,Y,0.0,user_entry,
MF Market Rent,AA200,200,AA,0.0,user_entry,
MF Market Rent,AB200,200,AB,0.0,user_entry,
MF Market Rent,AC200,200,AC,0.0,user_entry,
MF Market Rent,AD200,200,AD,0.0,user_entry,
MF Market Rent,AE200,200,AE,0.0,user_entry,
MF Market Rent,AF200,200,AF,0.0,user_entry,
MF Market Rent,AL200,200,AL,0.0,user_entry,
MF Market Rent,AP200,200,AP,0.0,user_entry,
MF Market Rent,AU200,200,AU,0.0,user_entry,
MF Market Rent,AV200,200,AV,0.0,user_entry,
MF Market Rent,BD200,200,BD,0.0,user_entry,
MF Market Rent,A201,201,A,7.0,user_entry,
MF Market Rent,B201,201,B,4.0,user_entry,
MF Market Rent,G201,201,G,0.0,user_entry,
MF Market Rent,H201,201,H,0x7,user_entry,
MF Market Rent,O201,201,O,-1.0,user_entry,
MF Market Rent,P201,201,P,_,user_entry,
MF Market Rent,T201,201,T,0x7,user_entry,
MF Market Rent,Y201,201,Y,0.0,user_entry,
MF Market Rent,AA201,201,AA,0.0,user_entry,
MF Market Rent,AB201,201,AB,0.0,user_entry,
MF Market Rent,AC201,201,AC,0.0,user_entry,
MF Market Rent,AD201,201,AD,0.0,user_entry,
MF Market Rent,AE201,201,AE,0.0,user_entry,
MF Market Rent,AF201,201,AF,0.0,user_entry,
MF Market Rent,AL201,201,AL,0.0,user_entry,
MF Market Rent,AP201,201,AP,0.0,user_entry,
MF Market Rent,AU201,201,AU,0.0,user_entry,
MF Market Rent,AV201,201,AV,0.0,user_entry,
MF Market Rent,BD201,201,BD,0.0,user_entry,
MF Market Rent,A202,202,A,7.0,user_entry,
MF Market Rent,B202,202,B,5.0,user_entry,
MF Market Rent,G202,202,G,0.0,user_entry,
MF Market Rent,H202,202,H,0x7,user_entry,
MF Market Rent,O202,202,O,-1.0,user_entry,
MF Market Rent,P202,202,P,_,user_entry,
MF Market Rent,T202,202,T,0x7,user_entry,
MF Market Rent,Y202,202,Y,0.0,user_entry,
MF Market Rent,AA202,202,AA,0.0,user_entry,
MF Market Rent,AB202,202,AB,0.0,user_entry,
MF Market Rent,AC202,202,AC,0.0,user_entry,
MF Market Rent,AD202,202,AD,0.0,user_entry,
MF Market Rent,AE202,202,AE,0.0,user_entry,
MF Market Rent,AF202,202,AF,0.0,user_entry,
MF Market Rent,AL202,202,AL,0.0,user_entry,
MF Market Rent,AP202,202,AP,0.0,user_entry,
MF Market Rent,AU202,202,AU,0.0,user_entry,
MF Market Rent,AV202,202,AV,0.0,user_entry,
MF Market Rent,BD202,202,BD,0.0,user_entry,
MF Market Rent,A203,203,A,7.0,user_entry,
MF Market Rent,B203,203,B,6.0,user_entry,
MF Market Rent,G203,203,G,0.0,user_entry,
MF Market Rent,H203,203,H,0x7,user_entry,
MF Market Rent,O203,203,O,-1.0,user_entry,
MF Market Rent,P203,203,P,_,user_entry,
MF Market Rent,T203,203,T,0x7,user_entry,
MF Market Rent,Y203,203,Y,0.0,user_entry,
MF Market Rent,AA203,203,AA,0.0,user_entry,
MF Market Rent,AB203,203,AB,0.0,user_entry,
MF Market Rent,AC203,203,AC,0.0,user_entry,
MF Market Rent,AD203,203,AD,0.0,user_entry,
MF Market Rent,AE203,203,AE,0.0,user_entry,
MF Market Rent,AF203,203,AF,0.0,user_entry,
MF Market Rent,AL203,203,AL,0.0,user_entry,
MF Market Rent,AP203,203,AP,0.0,user_entry,
MF Market Rent,AU203,203,AU,0.0,user_entry,
MF Market Rent,AV203,203,AV,0.0,user_entry,
MF Market Rent,BD203,203,BD,0.0,user_entry,
MF Market Rent,A204,204,A,7.0,user_entry,
MF Market Rent,B204,204,B,7.0,user_entry,
MF Market Rent,G204,204,G,0.0,user_entry,
MF Market Rent,H204,204,H,0x7,user_entry,
MF Market Rent,O204,204,O,-1.0,user_entry,
MF Market Rent,P204,204,P,_,user_entry,
MF Market Rent,T204,204,T,0x7,user_entry,
MF Market Rent,Y204,204,Y,0.0,user_entry,
MF Market Rent,AA204,204,AA,0.0,user_entry,
MF Market Rent,AB204,204,AB,0.0,user_entry,
MF Market Rent,AC204,204,AC,0.0,user_entry,
MF Market Rent,AD204,204,AD,0.0,user_entry,
MF Market Rent,AE204,204,AE,0.0,user_entry,
MF Market Rent,AF204,204,AF,0.0,user_entry,
MF Market Rent,AL204,204,AL,0.0,user_entry,
MF Market Rent,AP204,204,AP,0.0,user_entry,
MF Market Rent,AU204,204,AU,0.0,user_entry,
MF Market Rent,AV204,204,AV,0.0,user_entry,
MF Market Rent,BD204,204,BD,0.0,user_entry,
MF Market Rent,A205,205,A,7.0,user_entry,
MF Market Rent,B205,205,B,8.0,user_entry,
MF Market Rent,G205,205,G,0.0,user_entry,
MF Market Rent,H205,205,H,0x7,user_entry,
MF Market Rent,O205,205,O,-1.0,user_entry,
MF Market Rent,P205,205,P,_,user_entry,
MF Market Rent,T205,205,T,0x7,user_entry,
MF Market Rent,Y205,205,Y,0.0,user_entry,
MF Market Rent,AA205,205,AA,0.0,user_entry,
MF Market Rent,AB205,205,AB,0.0,user_entry,
MF Market Rent,AC205,205,AC,0.0,user_entry,
MF Market Rent,AD205,205,AD,0.0,user_entry,
MF Market Rent,AE205,205,AE,0.0,user_entry,
MF Market Rent,AF205,205,AF,0.0,user_entry,
MF Market Rent,AL205,205,AL,0.0,user_entry,
MF Market Rent,AP205,205,AP,0.0,user_entry,
MF Market Rent,AU205,205,AU,0.0,user_entry,
MF Market Rent,AV205,205,AV,0.0,user_entry,
MF Market Rent,BD205,205,BD,0.0,user_entry,
MF Market Rent,A206,206,A,7.0,user_entry,
MF Market Rent,B206,206,B,9.0,user_entry,
MF Market Rent,G206,206,G,0.0,user_entry,
MF Market Rent,H206,206,H,0x7,user_entry,
MF Market Rent,O206,206,O,-1.0,user_entry,
MF Market Rent,P206,206,P,_,user_entry,
MF Market Rent,T206,206,T,0x7,user_entry,
MF Market Rent,Y206,206,Y,0.0,user_entry,
MF Market Rent,AA206,206,AA,0.0,user_entry,
MF Market Rent,AB206,206,AB,0.0,user_entry,
MF Market Rent,AC206,206,AC,0.0,user_entry,
MF Market Rent,AD206,206,AD,0.0,user_entry,
MF Market Rent,AE206,206,AE,0.0,user_entry,
MF Market Rent,AF206,206,AF,0.0,user_entry,
MF Market Rent,AL206,206,AL,0.0,user_entry,
MF Market Rent,AP206,206,AP,0.0,user_entry,
MF Market Rent,AU206,206,AU,0.0,user_entry,
MF Market Rent,AV206,206,AV,0.0,user_entry,
MF Market Rent,BD206,206,BD,0.0,user_entry,
MF Market Rent,A207,207,A,7.0,user_entry,
MF Market Rent,B207,207,B,10.0,user_entry,
MF Market Rent,G207,207,G,0.0,user_entry,
MF Market Rent,H207,207,H,0x7,user_entry,
MF Market Rent,O207,207,O,-1.0,user_entry,
MF Market Rent,P207,207,P,_,user_entry,
MF Market Rent,T207,207,T,0x7,user_entry,
MF Market Rent,Y207,207,Y,0.0,user_entry,
MF Market Rent,AA207,207,AA,0.0,user_entry,
MF Market Rent,AB207,207,AB,0.0,user_entry,
MF Market Rent,AC207,207,AC,0.0,user_entry,
MF Market Rent,AD207,207,AD,0.0,user_entry,
MF Market Rent,AE207,207,AE,0.0,user_entry,
MF Market Rent,AF207,207,AF,0.0,user_entry,
MF Market Rent,AL207,207,AL,0.0,user_entry,
MF Market Rent,AP207,207,AP,0.0,user_entry,
MF Market Rent,AU207,207,AU,0.0,user_entry,
MF Market Rent,AV207,207,AV,0.0,user_entry,
MF Market Rent,BD207,207,BD,0.0,user_entry,
MF Market Rent,A208,208,A,7.0,user_entry,
MF Market Rent,B208,208,B,11.0,user_entry,
MF Market Rent,G208,208,G,0.0,user_entry,
MF Market Rent,H208,208,H,0x7,user_entry,
MF Market Rent,O208,208,O,-1.0,user_entry,
MF Market Rent,P208,208,P,_,user_entry,
MF Market Rent,T208,208,T,0x7,user_entry,
MF Market Rent,Y208,208,Y,0.0,user_entry,
MF Market Rent,AA208,208,AA,0.0,user_entry,
MF Market Rent,AB208,208,AB,0.0,user_entry,
MF Market Rent,AC208,208,AC,0.0,user_entry,
MF Market Rent,AD208,208,AD,0.0,user_entry,
MF Market Rent,AE208,208,AE,0.0,user_entry,
MF Market Rent,AF208,208,AF,0.0,user_entry,
MF Market Rent,AL208,208,AL,0.0,user_entry,
MF Market Rent,AP208,208,AP,0.0,user_entry,
MF Market Rent,AU208,208,AU,0.0,user_entry,
MF Market Rent,AV208,208,AV,0.0,user_entry,
MF Market Rent,BD208,208,BD,0.0,user_entry,
MF Market Rent,A209,209,A,7.0,user_entry,
MF Market Rent,B209,209,B,12.0,user_entry,
MF Market Rent,G209,209,G,0.0,user_entry,
MF Market Rent,H209,209,H,0x7,user_entry,
MF Market Rent,O209,209,O,-1.0,user_entry,
MF Market Rent,P209,209,P,_,user_entry,
MF Market Rent,T209,209,T,0x7,user_entry,
MF Market Rent,Y209,209,Y,0.0,user_entry,
MF Market Rent,AA209,209,AA,0.0,user_entry,
MF Market Rent,AB209,209,AB,0.0,user_entry,
MF Market Rent,AC209,209,AC,0.0,user_entry,
MF Market Rent,AD209,209,AD,0.0,user_entry,
MF Market Rent,AE209,209,AE,0.0,user_entry,
MF Market Rent,AF209,209,AF,0.0,user_entry,
MF Market Rent,AL209,209,AL,0.0,user_entry,
MF Market Rent,AP209,209,AP,0.0,user_entry,
MF Market Rent,AU209,209,AU,0.0,user_entry,
MF Market Rent,AV209,209,AV,0.0,user_entry,
MF Market Rent,BD209,209,BD,0.0,user_entry,
MF Market Rent,A210,210,A,7.0,user_entry,
MF Market Rent,B210,210,B,13.0,user_entry,
MF Market Rent,G210,210,G,0.0,user_entry,
MF Market Rent,H210,210,H,0x7,user_entry,
MF Market Rent,O210,210,O,-1.0,user_entry,
MF Market Rent,P210,210,P,_,user_entry,
MF Market Rent,T210,210,T,0x7,user_entry,
MF Market Rent,Y210,210,Y,0.0,user_entry,
MF Market Rent,AA210,210,AA,0.0,user_entry,
MF Market Rent,AB210,210,AB,0.0,user_entry,
MF Market Rent,AC210,210,AC,0.0,user_entry,
MF Market Rent,AD210,210,AD,0.0,user_entry,
MF Market Rent,AE210,210,AE,0.0,user_entry,
MF Market Rent,AF210,210,AF,0.0,user_entry,
MF Market Rent,AL210,210,AL,0.0,user_entry,
MF Market Rent,AP210,210,AP,0.0,user_entry,
MF Market Rent,AU210,210,AU,0.0,user_entry,
MF Market Rent,AV210,210,AV,0.0,user_entry,
MF Market Rent,BD210,210,BD,0.0,user_entry,
MF Market Rent,A211,211,A,7.0,user_entry,
MF Market Rent,B211,211,B,14.0,user_entry,
MF Market Rent,G211,211,G,0.0,user_entry,
MF Market Rent,H211,211,H,0x7,user_entry,
MF Market Rent,O211,211,O,-1.0,user_entry,
MF Market Rent,P211,211,P,_,user_entry,
MF Market Rent,T211,211,T,0x7,user_entry,
MF Market Rent,Y211,211,Y,0.0,user_entry,
MF Market Rent,AA211,211,AA,0.0,user_entry,
MF Market Rent,AB211,211,AB,0.0,user_entry,
MF Market Rent,AC211,211,AC,0.0,user_entry,
MF Market Rent,AD211,211,AD,0.0,user_entry,
MF Market Rent,AE211,211,AE,0.0,user_entry,
MF Market Rent,AF211,211,AF,0.0,user_entry,
MF Market Rent,AL211,211,AL,0.0,user_entry,
MF Market Rent,AP211,211,AP,0.0,user_entry,
MF Market Rent,AU211,211,AU,0.0,user_entry,
MF Market Rent,AV211,211,AV,0.0,user_entry,
MF Market Rent,BD211,211,BD,0.0,user_entry,
MF Market Rent,A212,212,A,7.0,user_entry,
MF Market Rent,B212,212,B,15.0,user_entry,
MF Market Rent,G212,212,G,0.0,user_entry,
MF Market Rent,H212,212,H,0x7,user_entry,
MF Market Rent,O212,212,O,-1.0,user_entry,
MF Market Rent,P212,212,P,_,user_entry,
MF Market Rent,T212,212,T,0x7,user_entry,
MF Market Rent,Y212,212,Y,0.0,user_entry,
MF Market Rent,AA212,212,AA,0.0,user_entry,
MF Market Rent,AB212,212,AB,0.0,user_entry,
MF Market Rent,AC212,212,AC,0.0,user_entry,
MF Market Rent,AD212,212,AD,0.0,user_entry,
MF Market Rent,AE212,212,AE,0.0,user_entry,
MF Market Rent,AF212,212,AF,0.0,user_entry,
MF Market Rent,AL212,212,AL,0.0,user_entry,
MF Market Rent,AP212,212,AP,0.0,user_entry,
MF Market Rent,AU212,212,AU,0.0,user_entry,
MF Market Rent,AV212,212,AV,0.0,user_entry,
MF Market Rent,BD212,212,BD,0.0,user_entry,
MF Market Rent,A213,213,A,7.0,user_entry,
MF Market Rent,B213,213,B,16.0,user_entry,
MF Market Rent,G213,213,G,0.0,user_entry,
MF Market Rent,H213,213,H,0x7,user_entry,
MF Market Rent,O213,213,O,-1.0,user_entry,
MF Market Rent,P213,213,P,_,user_entry,
MF Market Rent,T213,213,T,0x7,user_entry,
MF Market Rent,Y213,213,Y,0.0,user_entry,
MF Market Rent,AA213,213,AA,0.0,user_entry,
MF Market Rent,AB213,213,AB,0.0,user_entry,
MF Market Rent,AC213,213,AC,0.0,user_entry,
MF Market Rent,AD213,213,AD,0.0,user_entry,
MF Market Rent,AE213,213,AE,0.0,user_entry,
MF Market Rent,AF213,213,AF,0.0,user_entry,
MF Market Rent,AL213,213,AL,0.0,user_entry,
MF Market Rent,AP213,213,AP,0.0,user_entry,
MF Market Rent,AU213,213,AU,0.0,user_entry,
MF Market Rent,AV213,213,AV,0.0,user_entry,
MF Market Rent,BD213,213,BD,0.0,user_entry,
MF Market Rent,A214,214,A,7.0,user_entry,
MF Market Rent,B214,214,B,17.0,user_entry,
MF Market Rent,G214,214,G,0.0,user_entry,
MF Market Rent,H214,214,H,0x7,user_entry,
MF Market Rent,O214,214,O,-1.0,user_entry,
MF Market Rent,P214,214,P,_,user_entry,
MF Market Rent,T214,214,T,0x7,user_entry,
MF Market Rent,Y214,214,Y,0.0,user_entry,
MF Market Rent,AA214,214,AA,0.0,user_entry,
MF Market Rent,AB214,214,AB,0.0,user_entry,
MF Market Rent,AC214,214,AC,0.0,user_entry,
MF Market Rent,AD214,214,AD,0.0,user_entry,
MF Market Rent,AE214,214,AE,0.0,user_entry,
MF Market Rent,AF214,214,AF,0.0,user_entry,
MF Market Rent,AL214,214,AL,0.0,user_entry,
MF Market Rent,AP214,214,AP,0.0,user_entry,
MF Market Rent,AU214,214,AU,0.0,user_entry,
MF Market Rent,AV214,214,AV,0.0,user_entry,
MF Market Rent,BD214,214,BD,0.0,user_entry,
MF Market Rent,A215,215,A,7.0,user_entry,
MF Market Rent,B215,215,B,18.0,user_entry,
MF Market Rent,G215,215,G,0.0,user_entry,
MF Market Rent,H215,215,H,0x7,user_entry,
MF Market Rent,O215,215,O,-1.0,user_entry,
MF Market Rent,P215,215,P,_,user_entry,
MF Market Rent,T215,215,T,0x7,user_entry,
MF Market Rent,Y215,215,Y,0.0,user_entry,
MF Market Rent,AA215,215,AA,0.0,user_entry,
MF Market Rent,AB215,215,AB,0.0,user_entry,
MF Market Rent,AC215,215,AC,0.0,user_entry,
MF Market Rent,AD215,215,AD,0.0,user_entry,
MF Market Rent,AE215,215,AE,0.0,user_entry,
MF Market Rent,AF215,215,AF,0.0,user_entry,
MF Market Rent,AL215,215,AL,0.0,user_entry,
MF Market Rent,AP215,215,AP,0.0,user_entry,
MF Market Rent,AU215,215,AU,0.0,user_entry,
MF Market Rent,AV215,215,AV,0.0,user_entry,
MF Market Rent,BD215,215,BD,0.0,user_entry,
MF Market Rent,A216,216,A,7.0,user_entry,
MF Market Rent,B216,216,B,19.0,user_entry,
MF Market Rent,G216,216,G,0.0,user_entry,
MF Market Rent,H216,216,H,0x7,user_entry,
MF Market Rent,O216,216,O,-1.0,user_entry,
MF Market Rent,P216,216,P,_,user_entry,
MF Market Rent,T216,216,T,0x7,user_entry,
MF Market Rent,Y216,216,Y,0.0,user_entry,
MF Market Rent,AA216,216,AA,0.0,user_entry,
MF Market Rent,AB216,216,AB,0.0,user_entry,
MF Market Rent,AC216,216,AC,0.0,user_entry,
MF Market Rent,AD216,216,AD,0.0,user_entry,
MF Market Rent,AE216,216,AE,0.0,user_entry,
MF Market Rent,AF216,216,AF,0.0,user_entry,
MF Market Rent,AL216,216,AL,0.0,user_entry,
MF Market Rent,AP216,216,AP,0.0,user_entry,
MF Market Rent,AU216,216,AU,0.0,user_entry,
MF Market Rent,AV216,216,AV,0.0,user_entry,
MF Market Rent,BD216,216,BD,0.0,user_entry,
MF Market Rent,A217,217,A,7.0,user_entry,
MF Market Rent,B217,217,B,20.0,user_entry,
MF Market Rent,G217,217,G,0.0,user_entry,
MF Market Rent,H217,217,H,0x7,user_entry,
MF Market Rent,O217,217,O,-1.0,user_entry,
MF Market Rent,P217,217,P,_,user_entry,
MF Market Rent,T217,217,T,0x7,user_entry,
MF Market Rent,Y217,217,Y,0.0,user_entry,
MF Market Rent,AA217,217,AA,0.0,user_entry,
MF Market Rent,AB217,217,AB,0.0,user_entry,
MF Market Rent,AC217,217,AC,0.0,user_entry,
MF Market Rent,AD217,217,AD,0.0,user_entry,
MF Market Rent,AE217,217,AE,0.0,user_entry,
MF Market Rent,AF217,217,AF,0.0,user_entry,
MF Market Rent,AL217,217,AL,0.0,user_entry,
MF Market Rent,AP217,217,AP,0.0,user_entry,
MF Market Rent,AU217,217,AU,0.0,user_entry,
MF Market Rent,AV217,217,AV,0.0,user_entry,
MF Market Rent,BD217,217,BD,0.0,user_entry,
MF Market Rent,A218,218,A,7.0,user_entry,
MF Market Rent,B218,218,B,21.0,user_entry,
MF Market Rent,G218,218,G,0.0,user_entry,
MF Market Rent,H218,218,H,0x7,user_entry,
MF Market Rent,O218,218,O,-1.0,user_entry,
MF Market Rent,P218,218,P,_,user_entry,
MF Market Rent,T218,218,T,0x7,user_entry,
MF Market Rent,Y218,218,Y,0.0,user_entry,
MF Market Rent,AA218,218,AA,0.0,user_entry,
MF Market Rent,AB218,218,AB,0.0,user_entry,
MF Market Rent,AC218,218,AC,0.0,user_entry,
MF Market Rent,AD218,218,AD,0.0,user_entry,
MF Market Rent,AE218,218,AE,0.0,user_entry,
MF Market Rent,AF218,218,AF,0.0,user_entry,
MF Market Rent,AL218,218,AL,0.0,user_entry,
MF Market Rent,AP218,218,AP,0.0,user_entry,
MF Market Rent,AU218,218,AU,0.0,user_entry,
MF Market Rent,AV218,218,AV,0.0,user_entry,
MF Market Rent,BD218,218,BD,0.0,user_entry,
MF Market Rent,A219,219,A,7.0,user_entry,
MF Market Rent,B219,219,B,22.0,user_entry,
MF Market Rent,G219,219,G,0.0,user_entry,
MF Market Rent,H219,219,H,0x7,user_entry,
MF Market Rent,O219,219,O,-1.0,user_entry,
MF Market Rent,P219,219,P,_,user_entry,
MF Market Rent,T219,219,T,0x7,user_entry,
MF Market Rent,Y219,219,Y,0.0,user_entry,
MF Market Rent,AA219,219,AA,0.0,user_entry,
MF Market Rent,AB219,219,AB,0.0,user_entry,
MF Market Rent,AC219,219,AC,0.0,user_entry,
MF Market Rent,AD219,219,AD,0.0,user_entry,
MF Market Rent,AE219,219,AE,0.0,user_entry,
MF Market Rent,AF219,219,AF,0.0,user_entry,
MF Market Rent,AL219,219,AL,0.0,user_entry,
MF Market Rent,AP219,219,AP,0.0,user_entry,
MF Market Rent,AU219,219,AU,0.0,user_entry,
MF Market Rent,AV219,219,AV,0.0,user_entry,
MF Market Rent,BD219,219,BD,0.0,user_entry,
MF Market Rent,A220,220,A,7.0,user_entry,
MF Market Rent,B220,220,B,23.0,user_entry,
MF Market Rent,G220,220,G,0.0,user_entry,
MF Market Rent,H220,220,H,0x7,user_entry,
MF Market Rent,O220,220,O,-1.0,user_entry,
MF Market Rent,P220,220,P,_,user_entry,
MF Market Rent,T220,220,T,0x7,user_entry,
MF Market Rent,Y220,220,Y,0.0,user_entry,
MF Market Rent,AA220,220,AA,0.0,user_entry,
MF Market Rent,AB220,220,AB,0.0,user_entry,
MF Market Rent,AC220,220,AC,0.0,user_entry,
MF Market Rent,AD220,220,AD,0.0,user_entry,
MF Market Rent,AE220,220,AE,0.0,user_entry,
MF Market Rent,AF220,220,AF,0.0,user_entry,
MF Market Rent,AL220,220,AL,0.0,user_entry,
MF Market Rent,AP220,220,AP,0.0,user_entry,
MF Market Rent,AU220,220,AU,0.0,user_entry,
MF Market Rent,AV220,220,AV,0.0,user_entry,
MF Market Rent,BD220,220,BD,0.0,user_entry,
MF Market Rent,A221,221,A,7.0,user_entry,
MF Market Rent,B221,221,B,24.0,user_entry,
MF Market Rent,G221,221,G,0.0,user_entry,
MF Market Rent,H221,221,H,0x7,user_entry,
MF Market Rent,O221,221,O,-1.0,user_entry,
MF Market Rent,P221,221,P,_,user_entry,
MF Market Rent,T221,221,T,0x7,user_entry,
MF Market Rent,Y221,221,Y,0.0,user_entry,
MF Market Rent,AA221,221,AA,0.0,user_entry,
MF Market Rent,AB221,221,AB,0.0,user_entry,
MF Market Rent,AC221,221,AC,0.0,user_entry,
MF Market Rent,AD221,221,AD,0.0,user_entry,
MF Market Rent,AE221,221,AE,0.0,user_entry,
MF Market Rent,AF221,221,AF,0.0,user_entry,
MF Market Rent,AL221,221,AL,0.0,user_entry,
MF Market Rent,AP221,221,AP,0.0,user_entry,
MF Market Rent,AU221,221,AU,0.0,user_entry,
MF Market Rent,AV221,221,AV,0.0,user_entry,
MF Market Rent,BD221,221,BD,0.0,user_entry,
MF Market Rent,A222,222,A,7.0,user_entry,
MF Market Rent,B222,222,B,25.0,user_entry,
MF Market Rent,G222,222,G,0.0,user_entry,
MF Market Rent,H222,222,H,0x7,user_entry,
MF Market Rent,O222,222,O,-1.0,user_entry,
MF Market Rent,P222,222,P,_,user_entry,
MF Market Rent,T222,222,T,0x7,user_entry,
MF Market Rent,Y222,222,Y,0.0,user_entry,
MF Market Rent,AA222,222,AA,0.0,user_entry,
MF Market Rent,AB222,222,AB,0.0,user_entry,
MF Market Rent,AC222,222,AC,0.0,user_entry,
MF Market Rent,AD222,222,AD,0.0,user_entry,
MF Market Rent,AE222,222,AE,0.0,user_entry,
MF Market Rent,AF222,222,AF,0.0,user_entry,
MF Market Rent,AL222,222,AL,0.0,user_entry,
MF Market Rent,AP222,222,AP,0.0,user_entry,
MF Market Rent,AU222,222,AU,0.0,user_entry,
MF Market Rent,AV222,222,AV,0.0,user_entry,
MF Market Rent,BD222,222,BD,0.0,user_entry,
MF Market Rent,A223,223,A,7.0,user_entry,
MF Market Rent,B223,223,B,26.0,user_entry,
MF Market Rent,G223,223,G,0.0,user_entry,
MF Market Rent,H223,223,H,0x7,user_entry,
MF Market Rent,O223,223,O,-1.0,user_entry,
MF Market Rent,P223,223,P,_,user_entry,
MF Market Rent,T223,223,T,0x7,user_entry,
MF Market Rent,Y223,223,Y,0.0,user_entry,
MF Market Rent,AA223,223,AA,0.0,user_entry,
MF Market Rent,AB223,223,AB,0.0,user_entry,
MF Market Rent,AC223,223,AC,0.0,user_entry,
MF Market Rent,AD223,223,AD,0.0,user_entry,
MF Market Rent,AE223,223,AE,0.0,user_entry,
MF Market Rent,AF223,223,AF,0.0,user_entry,
MF Market Rent,AL223,223,AL,0.0,user_entry,
MF Market Rent,AP223,223,AP,0.0,user_entry,
MF Market Rent,AU223,223,AU,0.0,user_entry,
MF Market Rent,AV223,223,AV,0.0,user_entry,
MF Market Rent,BD223,223,BD,0.0,user_entry,
MF Market Rent,A224,224,A,7.0,user_entry,
MF Market Rent,B224,224,B,27.0,user_entry,
MF Market Rent,G224,224,G,0.0,user_entry,
MF Market Rent,H224,224,H,0x7,user_entry,
MF Market Rent,O224,224,O,-1.0,user_entry,
MF Market Rent,P224,224,P,_,user_entry,
MF Market Rent,T224,224,T,0x7,user_entry,
MF Market Rent,Y224,224,Y,0.0,user_entry,
MF Market Rent,AA224,224,AA,0.0,user_entry,
MF Market Rent,AB224,224,AB,0.0,user_entry,
MF Market Rent,AC224,224,AC,0.0,user_entry,
MF Market Rent,AD224,224,AD,0.0,user_entry,
MF Market Rent,AE224,224,AE,0.0,user_entry,
MF Market Rent,AF224,224,AF,0.0,user_entry,
MF Market Rent,AL224,224,AL,0.0,user_entry,
MF Market Rent,AP224,224,AP,0.0,user_entry,
MF Market Rent,AU224,224,AU,0.0,user_entry,
MF Market Rent,AV224,224,AV,0.0,user_entry,
MF Market Rent,BD224,224,BD,0.0,user_entry,
MF Market Rent,A225,225,A,7.0,user_entry,
MF Market Rent,B225,225,B,28.0,user_entry,
MF Market Rent,G225,225,G,0.0,user_entry,
MF Market Rent,H225,225,H,0x7,user_entry,
MF Market Rent,O225,225,O,-1.0,user_entry,
MF Market Rent,P225,225,P,_,user_entry,
MF Market Rent,T225,225,T,0x7,user_entry,
MF Market Rent,Y225,225,Y,0.0,user_entry,
MF Market Rent,AA225,225,AA,0.0,user_entry,
MF Market Rent,AB225,225,AB,0.0,user_entry,
MF Market Rent,AC225,225,AC,0.0,user_entry,
MF Market Rent,AD225,225,AD,0.0,user_entry,
MF Market Rent,AE225,225,AE,0.0,user_entry,
MF Market Rent,AF225,225,AF,0.0,user_entry,
MF Market Rent,AL225,225,AL,0.0,user_entry,
MF Market Rent,AP225,225,AP,0.0,user_entry,
MF Market Rent,AU225,225,AU,0.0,user_entry,
MF Market Rent,AV225,225,AV,0.0,user_entry,
MF Market Rent,BD225,225,BD,0.0,user_entry,
MF Market Rent,A226,226,A,7.0,user_entry,
MF Market Rent,B226,226,B,29.0,user_entry,
MF Market Rent,G226,226,G,0.0,user_entry,
MF Market Rent,H226,226,H,0x7,user_entry,
MF Market Rent,O226,226,O,-1.0,user_entry,
MF Market Rent,P226,226,P,_,user_entry,
MF Market Rent,T226,226,T,0x7,user_entry,
MF Market Rent,Y226,226,Y,0.0,user_entry,
MF Market Rent,AA226,226,AA,0.0,user_entry,
MF Market Rent,AB226,226,AB,0.0,user_entry,
MF Market Rent,AC226,226,AC,0.0,user_entry,
MF Market Rent,AD226,226,AD,0.0,user_entry,
MF Market Rent,AE226,226,AE,0.0,user_entry,
MF Market Rent,AF226,226,AF,0.0,user_entry,
MF Market Rent,AL226,226,AL,0.0,user_entry,
MF Market Rent,AP226,226,AP,0.0,user_entry,
MF Market Rent,AU226,226,AU,0.0,user_entry,
MF Market Rent,AV226,226,AV,0.0,user_entry,
MF Market Rent,BD226,226,BD,0.0,user_entry,
MF Market Rent,A227,227,A,7.0,user_entry,
MF Market Rent,B227,227,B,30.0,user_entry,
MF Market Rent,G227,227,G,0.0,user_entry,
MF Market Rent,H227,227,H,0x7,user_entry,
MF Market Rent,O227,227,O,-1.0,user_entry,
MF Market Rent,P227,227,P,_,user_entry,
MF Market Rent,T227,227,T,0x7,user_entry,
MF Market Rent,Y227,227,Y,0.0,user_entry,
MF Market Rent,AA227,227,AA,0.0,user_entry,
MF Market Rent,AB227,227,AB,0.0,user_entry,
MF Market Rent,AC227,227,AC,0.0,user_entry,
MF Market Rent,AD227,227,AD,0.0,user_entry,
MF Market Rent,AE227,227,AE,0.0,user_entry,
MF Market Rent,AF227,227,AF,0.0,user_entry,
MF Market Rent,AL227,227,AL,0.0,user_entry,
MF Market Rent,AP227,227,AP,0.0,user_entry,
MF Market Rent,AU227,227,AU,0.0,user_entry,
MF Market Rent,AV227,227,AV,0.0,user_entry,
MF Market Rent,BD227,227,BD,0.0,user_entry,
MF Market Rent,A228,228,A,8.0,user_entry,
MF Market Rent,G228,228,G,0.0,user_entry,
MF Market Rent,P228,228,P,_Total,user_entry,
MF Market Rent,Q228,228,Q,Total,user_entry,
MF Market Rent,T228,228,T,0x7,user_entry,
MF Market Rent,Y228,228,Y,0.0,user_entry,
MF Market Rent,Z228,228,Z,0.0,user_entry,
MF Market Rent,AA228,228,AA,0.0,user_entry,
MF Market Rent,AB228,228,AB,0.0,user_entry,
MF Market Rent,AC228,228,AC,0.0,user_entry,
MF Market Rent,AD228,228,AD,0.0,user_entry,
MF Market Rent,AE228,228,AE,0.0,user_entry,
MF Market Rent,AF228,228,AF,0.0,user_entry,
MF Market Rent,AL228,228,AL,0.0,user_entry,
MF Market Rent,AM228,228,AM,0.0,user_entry,
MF Market Rent,AP228,228,AP,0.0,user_entry,
MF Market Rent,AS228,228,AS,0.0,user_entry,
MF Market Rent,AU228,228,AU,0.0,user_entry,
MF Market Rent,AV228,228,AV,0.0,user_entry,
MF Market Rent,BD228,228,BD,0.0,user_entry,
MF Market Rent,BE228,228,BE,0.0,user_entry,
MF Market Rent,A229,229,A,8.0,user_entry,
MF Market Rent,B229,229,B,1.0,user_entry,
MF Market Rent,G229,229,G,0.0,user_entry,
MF Market Rent,H229,229,H,0x7,user_entry,
MF Market Rent,O229,229,O,-1.0,user_entry,
MF Market Rent,P229,229,P,_,user_entry,
MF Market Rent,T229,229,T,0x7,user_entry,
MF Market Rent,Y229,229,Y,0.0,user_entry,
MF Market Rent,AA229,229,AA,0.0,user_entry,
MF Market Rent,AB229,229,AB,0.0,user_entry,
MF Market Rent,AC229,229,AC,0.0,user_entry,
MF Market Rent,AD229,229,AD,0.0,user_entry,
MF Market Rent,AE229,229,AE,0.0,user_entry,
MF Market Rent,AF229,229,AF,0.0,user_entry,
MF Market Rent,AL229,229,AL,0.0,user_entry,
MF Market Rent,AP229,229,AP,0.0,user_entry,
MF Market Rent,AU229,229,AU,0.0,user_entry,
MF Market Rent,AV229,229,AV,0.0,user_entry,
MF Market Rent,BD229,229,BD,0.0,user_entry,
MF Market Rent,A230,230,A,8.0,user_entry,
MF Market Rent,B230,230,B,2.0,user_entry,
MF Market Rent,G230,230,G,0.0,user_entry,
MF Market Rent,H230,230,H,0x7,user_entry,
MF Market Rent,O230,230,O,-1.0,user_entry,
MF Market Rent,P230,230,P,_,user_entry,
MF Market Rent,T230,230,T,0x7,user_entry,
MF Market Rent,Y230,230,Y,0.0,user_entry,
MF Market Rent,AA230,230,AA,0.0,user_entry,
MF Market Rent,AB230,230,AB,0.0,user_entry,
MF Market Rent,AC230,230,AC,0.0,user_entry,
MF Market Rent,AD230,230,AD,0.0,user_entry,
MF Market Rent,AE230,230,AE,0.0,user_entry,
MF Market Rent,AF230,230,AF,0.0,user_entry,
MF Market Rent,AL230,230,AL,0.0,user_entry,
MF Market Rent,AP230,230,AP,0.0,user_entry,
MF Market Rent,AU230,230,AU,0.0,user_entry,
MF Market Rent,AV230,230,AV,0.0,user_entry,
MF Market Rent,BD230,230,BD,0.0,user_entry,
MF Market Rent,A231,231,A,8.0,user_entry,
MF Market Rent,B231,231,B,3.0,user_entry,
MF Market Rent,G231,231,G,0.0,user_entry,
MF Market Rent,H231,231,H,0x7,user_entry,
MF Market Rent,O231,231,O,-1.0,user_entry,
MF Market Rent,P231,231,P,_,user_entry,
MF Market Rent,T231,231,T,0x7,user_entry,
MF Market Rent,Y231,231,Y,0.0,user_entry,
MF Market Rent,AA231,231,AA,0.0,user_entry,
MF Market Rent,AB231,231,AB,0.0,user_entry,
MF Market Rent,AC231,231,AC,0.0,user_entry,
MF Market Rent,AD231,231,AD,0.0,user_entry,
MF Market Rent,AE231,231,AE,0.0,user_entry,
MF Market Rent,AF231,231,AF,0.0,user_entry,
MF Market Rent,AL231,231,AL,0.0,user_entry,
MF Market Rent,AP231,231,AP,0.0,user_entry,
MF Market Rent,AU231,231,AU,0.0,user_entry,
MF Market Rent,AV231,231,AV,0.0,user_entry,
MF Market Rent,BD231,231,BD,0.0,user_entry,
MF Market Rent,A232,232,A,8.0,user_entry,
MF Market Rent,B232,232,B,4.0,user_entry,
MF Market Rent,G232,232,G,0.0,user_entry,
MF Market Rent,H232,232,H,0x7,user_entry,
MF Market Rent,O232,232,O,-1.0,user_entry,
MF Market Rent,P232,232,P,_,user_entry,
MF Market Rent,T232,232,T,0x7,user_entry,
MF Market Rent,Y232,232,Y,0.0,user_entry,
MF Market Rent,AA232,232,AA,0.0,user_entry,
MF Market Rent,AB232,232,AB,0.0,user_entry,
MF Market Rent,AC232,232,AC,0.0,user_entry,
MF Market Rent,AD232,232,AD,0.0,user_entry,
MF Market Rent,AE232,232,AE,0.0,user_entry,
MF Market Rent,AF232,232,AF,0.0,user_entry,
MF Market Rent,AL232,232,AL,0.0,user_entry,
MF Market Rent,AP232,232,AP,0.0,user_entry,
MF Market Rent,AU232,232,AU,0.0,user_entry,
MF Market Rent,AV232,232,AV,0.0,user_entry,
MF Market Rent,BD232,232,BD,0.0,user_entry,
MF Market Rent,A233,233,A,8.0,user_entry,
MF Market Rent,B233,233,B,5.0,user_entry,
MF Market Rent,G233,233,G,0.0,user_entry,
MF Market Rent,H233,233,H,0x7,user_entry,
MF Market Rent,O233,233,O,-1.0,user_entry,
MF Market Rent,P233,233,P,_,user_entry,
MF Market Rent,T233,233,T,0x7,user_entry,
MF Market Rent,Y233,233,Y,0.0,user_entry,
MF Market Rent,AA233,233,AA,0.0,user_entry,
MF Market Rent,AB233,233,AB,0.0,user_entry,
MF Market Rent,AC233,233,AC,0.0,user_entry,
MF Market Rent,AD233,233,AD,0.0,user_entry,
MF Market Rent,AE233,233,AE,0.0,user_entry,
MF Market Rent,AF233,233,AF,0.0,user_entry,
MF Market Rent,AL233,233,AL,0.0,user_entry,
MF Market Rent,AP233,233,AP,0.0,user_entry,
MF Market Rent,AU233,233,AU,0.0,user_entry,
MF Market Rent,AV233,233,AV,0.0,user_entry,
MF Market Rent,BD233,233,BD,0.0,user_entry,
MF Market Rent,A234,234,A,8.0,user_entry,
MF Market Rent,B234,234,B,6.0,user_entry,
MF Market Rent,G234,234,G,0.0,user_entry,
MF Market Rent,H234,234,H,0x7,user_entry,
MF Market Rent,O234,234,O,-1.0,user_entry,
MF Market Rent,P234,234,P,_,user_entry,
MF Market Rent,T234,234,T,0x7,user_entry,
MF Market Rent,Y234,234,Y,0.0,user_entry,
MF Market Rent,AA234,234,AA,0.0,user_entry,
MF Market Rent,AB234,234,AB,0.0,user_entry,
MF Market Rent,AC234,234,AC,0.0,user_entry,
MF Market Rent,AD234,234,AD,0.0,user_entry,
MF Market Rent,AE234,234,AE,0.0,user_entry,
MF Market Rent,AF234,234,AF,0.0,user_entry,
MF Market Rent,AL234,234,AL,0.0,user_entry,
MF Market Rent,AP234,234,AP,0.0,user_entry,
MF Market Rent,AU234,234,AU,0.0,user_entry,
MF Market Rent,AV234,234,AV,0.0,user_entry,
MF Market Rent,BD234,234,BD,0.0,user_entry,
MF Market Rent,A235,235,A,8.0,user_entry,
MF Market Rent,B235,235,B,7.0,user_entry,
MF Market Rent,G235,235,G,0.0,user_entry,
MF Market Rent,H235,235,H,0x7,user_entry,
MF Market Rent,O235,235,O,-1.0,user_entry,
MF Market Rent,P235,235,P,_,user_entry,
MF Market Rent,T235,235,T,0x7,user_entry,
MF Market Rent,Y235,235,Y,0.0,user_entry,
MF Market Rent,AA235,235,AA,0.0,user_entry,
MF Market Rent,AB235,235,AB,0.0,user_entry,
MF Market Rent,AC235,235,AC,0.0,user_entry,
MF Market Rent,AD235,235,AD,0.0,user_entry,
MF Market Rent,AE235,235,AE,0.0,user_entry,
MF Market Rent,AF235,235,AF,0.0,user_entry,
MF Market Rent,AL235,235,AL,0.0,user_entry,
MF Market Rent,AP235,235,AP,0.0,user_entry,
MF Market Rent,AU235,235,AU,0.0,user_entry,
MF Market Rent,AV235,235,AV,0.0,user_entry,
MF Market Rent,BD235,235,BD,0.0,user_entry,
MF Market Rent,A236,236,A,8.0,user_entry,
MF Market Rent,B236,236,B,8.0,user_entry,
MF Market Rent,G236,236,G,0.0,user_entry,
MF Market Rent,H236,236,H,0x7,user_entry,
MF Market Rent,O236,236,O,-1.0,user_entry,
MF Market Rent,P236,236,P,_,user_entry,
MF Market Rent,T236,236,T,0x7,user_entry,
MF Market Rent,Y236,236,Y,0.0,user_entry,
MF Market Rent,AA236,236,AA,0.0,user_entry,
MF Market Rent,AB236,236,AB,0.0,user_entry,
MF Market Rent,AC236,236,AC,0.0,user_entry,
MF Market Rent,AD236,236,AD,0.0,user_entry,
MF Market Rent,AE236,236,AE,0.0,user_entry,
MF Market Rent,AF236,236,AF,0.0,user_entry,
MF Market Rent,AL236,236,AL,0.0,user_entry,
MF Market Rent,AP236,236,AP,0.0,user_entry,
MF Market Rent,AU236,236,AU,0.0,user_entry,
MF Market Rent,AV236,236,AV,0.0,user_entry,
MF Market Rent,BD236,236,BD,0.0,user_entry,
MF Market Rent,A237,237,A,8.0,user_entry,
MF Market Rent,B237,237,B,9.0,user_entry,
MF Market Rent,G237,237,G,0.0,user_entry,
MF Market Rent,H237,237,H,0x7,user_entry,
MF Market Rent,O237,237,O,-1.0,user_entry,
MF Market Rent,P237,237,P,_,user_entry,
MF Market Rent,T237,237,T,0x7,user_entry,
MF Market Rent,Y237,237,Y,0.0,user_entry,
MF Market Rent,AA237,237,AA,0.0,user_entry,
MF Market Rent,AB237,237,AB,0.0,user_entry,
MF Market Rent,AC237,237,AC,0.0,user_entry,
MF Market Rent,AD237,237,AD,0.0,user_entry,
MF Market Rent,AE237,237,AE,0.0,user_entry,
MF Market Rent,AF237,237,AF,0.0,user_entry,
MF Market Rent,AL237,237,AL,0.0,user_entry,
MF Market Rent,AP237,237,AP,0.0,user_entry,
MF Market Rent,AU237,237,AU,0.0,user_entry,
MF Market Rent,AV237,237,AV,0.0,user_entry,
MF Market Rent,BD237,237,BD,0.0,user_entry,
MF Market Rent,A238,238,A,8.0,user_entry,
MF Market Rent,B238,238,B,10.0,user_entry,
MF Market Rent,G238,238,G,0.0,user_entry,
MF Market Rent,H238,238,H,0x7,user_entry,
MF Market Rent,O238,238,O,-1.0,user_entry,
MF Market Rent,P238,238,P,_,user_entry,
MF Market Rent,T238,238,T,0x7,user_entry,
MF Market Rent,Y238,238,Y,0.0,user_entry,
MF Market Rent,AA238,238,AA,0.0,user_entry,
MF Market Rent,AB238,238,AB,0.0,user_entry,
MF Market Rent,AC238,238,AC,0.0,user_entry,
MF Market Rent,AD238,238,AD,0.0,user_entry,
MF Market Rent,AE238,238,AE,0.0,user_entry,
MF Market Rent,AF238,238,AF,0.0,user_entry,
MF Market Rent,AL238,238,AL,0.0,user_entry,
MF Market Rent,AP238,238,AP,0.0,user_entry,
MF Market Rent,AU238,238,AU,0.0,user_entry,
MF Market Rent,AV238,238,AV,0.0,user_entry,
MF Market Rent,BD238,238,BD,0.0,user_entry,
MF Market Rent,A239,239,A,8.0,user_entry,
MF Market Rent,B239,239,B,11.0,user_entry,
MF Market Rent,G239,239,G,0.0,user_entry,
MF Market Rent,H239,239,H,0x7,user_entry,
MF Market Rent,O239,239,O,-1.0,user_entry,
MF Market Rent,P239,239,P,_,user_entry,
MF Market Rent,T239,239,T,0x7,user_entry,
MF Market Rent,Y239,239,Y,0.0,user_entry,
MF Market Rent,AA239,239,AA,0.0,user_entry,
MF Market Rent,AB239,239,AB,0.0,user_entry,
MF Market Rent,AC239,239,AC,0.0,user_entry,
MF Market Rent,AD239,239,AD,0.0,user_entry,
MF Market Rent,AE239,239,AE,0.0,user_entry,
MF Market Rent,AF239,239,AF,0.0,user_entry,
MF Market Rent,AL239,239,AL,0.0,user_entry,
MF Market Rent,AP239,239,AP,0.0,user_entry,
MF Market Rent,AU239,239,AU,0.0,user_entry,
MF Market Rent,AV239,239,AV,0.0,user_entry,
MF Market Rent,BD239,239,BD,0.0,user_entry,
MF Market Rent,A240,240,A,8.0,user_entry,
MF Market Rent,B240,240,B,12.0,user_entry,
MF Market Rent,G240,240,G,0.0,user_entry,
MF Market Rent,H240,240,H,0x7,user_entry,
MF Market Rent,O240,240,O,-1.0,user_entry,
MF Market Rent,P240,240,P,_,user_entry,
MF Market Rent,T240,240,T,0x7,user_entry,
MF Market Rent,Y240,240,Y,0.0,user_entry,
MF Market Rent,AA240,240,AA,0.0,user_entry,
MF Market Rent,AB240,240,AB,0.0,user_entry,
MF Market Rent,AC240,240,AC,0.0,user_entry,
MF Market Rent,AD240,240,AD,0.0,user_entry,
MF Market Rent,AE240,240,AE,0.0,user_entry,
MF Market Rent,AF240,240,AF,0.0,user_entry,
MF Market Rent,AL240,240,AL,0.0,user_entry,
MF Market Rent,AP240,240,AP,0.0,user_entry,
MF Market Rent,AU240,240,AU,0.0,user_entry,
MF Market Rent,AV240,240,AV,0.0,user_entry,
MF Market Rent,BD240,240,BD,0.0,user_entry,
MF Market Rent,A241,241,A,8.0,user_entry,
MF Market Rent,B241,241,B,13.0,user_entry,
MF Market Rent,G241,241,G,0.0,user_entry,
MF Market Rent,H241,241,H,0x7,user_entry,
MF Market Rent,O241,241,O,-1.0,user_entry,
MF Market Rent,P241,241,P,_,user_entry,
MF Market Rent,T241,241,T,0x7,user_entry,
MF Market Rent,Y241,241,Y,0.0,user_entry,
MF Market Rent,AA241,241,AA,0.0,user_entry,
MF Market Rent,AB241,241,AB,0.0,user_entry,
MF Market Rent,AC241,241,AC,0.0,user_entry,
MF Market Rent,AD241,241,AD,0.0,user_entry,
MF Market Rent,AE241,241,AE,0.0,user_entry,
MF Market Rent,AF241,241,AF,0.0,user_entry,
MF Market Rent,AL241,241,AL,0.0,user_entry,
MF Market Rent,AP241,241,AP,0.0,user_entry,
MF Market Rent,AU241,241,AU,0.0,user_entry,
MF Market Rent,AV241,241,AV,0.0,user_entry,
MF Market Rent,BD241,241,BD,0.0,user_entry,
MF Market Rent,A242,242,A,8.0,user_entry,
MF Market Rent,B242,242,B,14.0,user_entry,
MF Market Rent,G242,242,G,0.0,user_entry,
MF Market Rent,H242,242,H,0x7,user_entry,
MF Market Rent,O242,242,O,-1.0,user_entry,
MF Market Rent,P242,242,P,_,user_entry,
MF Market Rent,T242,242,T,0x7,user_entry,
MF Market Rent,Y242,242,Y,0.0,user_entry,
MF Market Rent,AA242,242,AA,0.0,user_entry,
MF Market Rent,AB242,242,AB,0.0,user_entry,
MF Market Rent,AC242,242,AC,0.0,user_entry,
MF Market Rent,AD242,242,AD,0.0,user_entry,
MF Market Rent,AE242,242,AE,0.0,user_entry,
MF Market Rent,AF242,242,AF,0.0,user_entry,
MF Market Rent,AL242,242,AL,0.0,user_entry,
MF Market Rent,AP242,242,AP,0.0,user_entry,
MF Market Rent,AU242,242,AU,0.0,user_entry,
MF Market Rent,AV242,242,AV,0.0,user_entry,
MF Market Rent,BD242,242,BD,0.0,user_entry,
MF Market Rent,A243,243,A,8.0,user_entry,
MF Market Rent,B243,243,B,15.0,user_entry,
MF Market Rent,G243,243,G,0.0,user_entry,
MF Market Rent,H243,243,H,0x7,user_entry,
MF Market Rent,O243,243,O,-1.0,user_entry,
MF Market Rent,P243,243,P,_,user_entry,
MF Market Rent,T243,243,T,0x7,user_entry,
MF Market Rent,Y243,243,Y,0.0,user_entry,
MF Market Rent,AA243,243,AA,0.0,user_entry,
MF Market Rent,AB243,243,AB,0.0,user_entry,
MF Market Rent,AC243,243,AC,0.0,user_entry,
MF Market Rent,AD243,243,AD,0.0,user_entry,
MF Market Rent,AE243,243,AE,0.0,user_entry,
MF Market Rent,AF243,243,AF,0.0,user_entry,
MF Market Rent,AL243,243,AL,0.0,user_entry,
MF Market Rent,AP243,243,AP,0.0,user_entry,
MF Market Rent,AU243,243,AU,0.0,user_entry,
MF Market Rent,AV243,243,AV,0.0,user_entry,
MF Market Rent,BD243,243,BD,0.0,user_entry,
MF Market Rent,A244,244,A,8.0,user_entry,
MF Market Rent,B244,244,B,16.0,user_entry,
MF Market Rent,G244,244,G,0.0,user_entry,
MF Market Rent,H244,244,H,0x7,user_entry,
MF Market Rent,O244,244,O,-1.0,user_entry,
MF Market Rent,P244,244,P,_,user_entry,
MF Market Rent,T244,244,T,0x7,user_entry,
MF Market Rent,Y244,244,Y,0.0,user_entry,
MF Market Rent,AA244,244,AA,0.0,user_entry,
MF Market Rent,AB244,244,AB,0.0,user_entry,
MF Market Rent,AC244,244,AC,0.0,user_entry,
MF Market Rent,AD244,244,AD,0.0,user_entry,
MF Market Rent,AE244,244,AE,0.0,user_entry,
MF Market Rent,AF244,244,AF,0.0,user_entry,
MF Market Rent,AL244,244,AL,0.0,user_entry,
MF Market Rent,AP244,244,AP,0.0,user_entry,
MF Market Rent,AU244,244,AU,0.0,user_entry,
MF Market Rent,AV244,244,AV,0.0,user_entry,
MF Market Rent,BD244,244,BD,0.0,user_entry,
MF Market Rent,A245,245,A,8.0,user_entry,
MF Market Rent,B245,245,B,17.0,user_entry,
MF Market Rent,G245,245,G,0.0,user_entry,
MF Market Rent,H245,245,H,0x7,user_entry,
MF Market Rent,O245,245,O,-1.0,user_entry,
MF Market Rent,P245,245,P,_,user_entry,
MF Market Rent,T245,245,T,0x7,user_entry,
MF Market Rent,Y245,245,Y,0.0,user_entry,
MF Market Rent,AA245,245,AA,0.0,user_entry,
MF Market Rent,AB245,245,AB,0.0,user_entry,
MF Market Rent,AC245,245,AC,0.0,user_entry,
MF Market Rent,AD245,245,AD,0.0,user_entry,
MF Market Rent,AE245,245,AE,0.0,user_entry,
MF Market Rent,AF245,245,AF,0.0,user_entry,
MF Market Rent,AL245,245,AL,0.0,user_entry,
MF Market Rent,AP245,245,AP,0.0,user_entry,
MF Market Rent,AU245,245,AU,0.0,user_entry,
MF Market Rent,AV245,245,AV,0.0,user_entry,
MF Market Rent,BD245,245,BD,0.0,user_entry,
MF Market Rent,A246,246,A,8.0,user_entry,
MF Market Rent,B246,246,B,18.0,user_entry,
MF Market Rent,G246,246,G,0.0,user_entry,
MF Market Rent,H246,246,H,0x7,user_entry,
MF Market Rent,O246,246,O,-1.0,user_entry,
MF Market Rent,P246,246,P,_,user_entry,
MF Market Rent,T246,246,T,0x7,user_entry,
MF Market Rent,Y246,246,Y,0.0,user_entry,
MF Market Rent,AA246,246,AA,0.0,user_entry,
MF Market Rent,AB246,246,AB,0.0,user_entry,
MF Market Rent,AC246,246,AC,0.0,user_entry,
MF Market Rent,AD246,246,AD,0.0,user_entry,
MF Market Rent,AE246,246,AE,0.0,user_entry,
MF Market Rent,AF246,246,AF,0.0,user_entry,
MF Market Rent,AL246,246,AL,0.0,user_entry,
MF Market Rent,AP246,246,AP,0.0,user_entry,
MF Market Rent,AU246,246,AU,0.0,user_entry,
MF Market Rent,AV246,246,AV,0.0,user_entry,
MF Market Rent,BD246,246,BD,0.0,user_entry,
MF Market Rent,A247,247,A,8.0,user_entry,
MF Market Rent,B247,247,B,19.0,user_entry,
MF Market Rent,G247,247,G,0.0,user_entry,
MF Market Rent,H247,247,H,0x7,user_entry,
MF Market Rent,O247,247,O,-1.0,user_entry,
MF Market Rent,P247,247,P,_,user_entry,
MF Market Rent,T247,247,T,0x7,user_entry,
MF Market Rent,Y247,247,Y,0.0,user_entry,
MF Market Rent,AA247,247,AA,0.0,user_entry,
MF Market Rent,AB247,247,AB,0.0,user_entry,
MF Market Rent,AC247,247,AC,0.0,user_entry,
MF Market Rent,AD247,247,AD,0.0,user_entry,
MF Market Rent,AE247,247,AE,0.0,user_entry,
MF Market Rent,AF247,247,AF,0.0,user_entry,
MF Market Rent,AL247,247,AL,0.0,user_entry,
MF Market Rent,AP247,247,AP,0.0,user_entry,
MF Market Rent,AU247,247,AU,0.0,user_entry,
MF Market Rent,AV247,247,AV,0.0,user_entry,
MF Market Rent,BD247,247,BD,0.0,user_entry,
MF Market Rent,A248,248,A,8.0,user_entry,
MF Market Rent,B248,248,B,20.0,user_entry,
MF Market Rent,G248,248,G,0.0,user_entry,
MF Market Rent,H248,248,H,0x7,user_entry,
MF Market Rent,O248,248,O,-1.0,user_entry,
MF Market Rent,P248,248,P,_,user_entry,
MF Market Rent,T248,248,T,0x7,user_entry,
MF Market Rent,Y248,248,Y,0.0,user_entry,
MF Market Rent,AA248,248,AA,0.0,user_entry,
MF Market Rent,AB248,248,AB,0.0,user_entry,
MF Market Rent,AC248,248,AC,0.0,user_entry,
MF Market Rent,AD248,248,AD,0.0,user_entry,
MF Market Rent,AE248,248,AE,0.0,user_entry,
MF Market Rent,AF248,248,AF,0.0,user_entry,
MF Market Rent,AL248,248,AL,0.0,user_entry,
MF Market Rent,AP248,248,AP,0.0,user_entry,
MF Market Rent,AU248,248,AU,0.0,user_entry,
MF Market Rent,AV248,248,AV,0.0,user_entry,
MF Market Rent,BD248,248,BD,0.0,user_entry,
MF Market Rent,A249,249,A,8.0,user_entry,
MF Market Rent,B249,249,B,21.0,user_entry,
MF Market Rent,G249,249,G,0.0,user_entry,
MF Market Rent,H249,249,H,0x7,user_entry,
MF Market Rent,O249,249,O,-1.0,user_entry,
MF Market Rent,P249,249,P,_,user_entry,
MF Market Rent,T249,249,T,0x7,user_entry,
MF Market Rent,Y249,249,Y,0.0,user_entry,
MF Market Rent,AA249,249,AA,0.0,user_entry,
MF Market Rent,AB249,249,AB,0.0,user_entry,
MF Market Rent,AC249,249,AC,0.0,user_entry,
MF Market Rent,AD249,249,AD,0.0,user_entry,
MF Market Rent,AE249,249,AE,0.0,user_entry,
MF Market Rent,AF249,249,AF,0.0,user_entry,
MF Market Rent,AL249,249,AL,0.0,user_entry,
MF Market Rent,AP249,249,AP,0.0,user_entry,
MF Market Rent,AU249,249,AU,0.0,user_entry,
MF Market Rent,AV249,249,AV,0.0,user_entry,
MF Market Rent,BD249,249,BD,0.0,user_entry,
MF Market Rent,A250,250,A,8.0,user_entry,
MF Market Rent,B250,250,B,22.0,user_entry,
MF Market Rent,G250,250,G,0.0,user_entry,
MF Market Rent,H250,250,H,0x7,user_entry,
MF Market Rent,O250,250,O,-1.0,user_entry,
MF Market Rent,P250,250,P,_,user_entry,
MF Market Rent,T250,250,T,0x7,user_entry,
MF Market Rent,Y250,250,Y,0.0,user_entry,
MF Market Rent,AA250,250,AA,0.0,user_entry,
MF Market Rent,AB250,250,AB,0.0,user_entry,
MF Market Rent,AC250,250,AC,0.0,user_entry,
MF Market Rent,AD250,250,AD,0.0,user_entry,
MF Market Rent,AE250,250,AE,0.0,user_entry,
MF Market Rent,AF250,250,AF,0.0,user_entry,
MF Market Rent,AL250,250,AL,0.0,user_entry,
MF Market Rent,AP250,250,AP,0.0,user_entry,
MF Market Rent,AU250,250,AU,0.0,user_entry,
MF Market Rent,AV250,250,AV,0.0,user_entry,
MF Market Rent,BD250,250,BD,0.0,user_entry,
MF Market Rent,A251,251,A,8.0,user_entry,
MF Market Rent,B251,251,B,23.0,user_entry,
MF Market Rent,G251,251,G,0.0,user_entry,
MF Market Rent,H251,251,H,0x7,user_entry,
MF Market Rent,O251,251,O,-1.0,user_entry,
MF Market Rent,P251,251,P,_,user_entry,
MF Market Rent,T251,251,T,0x7,user_entry,
MF Market Rent,Y251,251,Y,0.0,user_entry,
MF Market Rent,AA251,251,AA,0.0,user_entry,
MF Market Rent,AB251,251,AB,0.0,user_entry,
MF Market Rent,AC251,251,AC,0.0,user_entry,
MF Market Rent,AD251,251,AD,0.0,user_entry,
MF Market Rent,AE251,251,AE,0.0,user_entry,
MF Market Rent,AF251,251,AF,0.0,user_entry,
MF Market Rent,AL251,251,AL,0.0,user_entry,
MF Market Rent,AP251,251,AP,0.0,user_entry,
MF Market Rent,AU251,251,AU,0.0,user_entry,
MF Market Rent,AV251,251,AV,0.0,user_entry,
MF Market Rent,BD251,251,BD,0.0,user_entry,
MF Market Rent,A252,252,A,8.0,user_entry,
MF Market Rent,B252,252,B,24.0,user_entry,
MF Market Rent,G252,252,G,0.0,user_entry,
MF Market Rent,H252,252,H,0x7,user_entry,
MF Market Rent,O252,252,O,-1.0,user_entry,
MF Market Rent,P252,252,P,_,user_entry,
MF Market Rent,T252,252,T,0x7,user_entry,
MF Market Rent,Y252,252,Y,0.0,user_entry,
MF Market Rent,AA252,252,AA,0.0,user_entry,
MF Market Rent,AB252,252,AB,0.0,user_entry,
MF Market Rent,AC252,252,AC,0.0,user_entry,
MF Market Rent,AD252,252,AD,0.0,user_entry,
MF Market Rent,AE252,252,AE,0.0,user_entry,
MF Market Rent,AF252,252,AF,0.0,user_entry,
MF Market Rent,AL252,252,AL,0.0,user_entry,
MF Market Rent,AP252,252,AP,0.0,user_entry,
MF Market Rent,AU252,252,AU,0.0,user_entry,
MF Market Rent,AV252,252,AV,0.0,user_entry,
MF Market Rent,BD252,252,BD,0.0,user_entry,
MF Market Rent,A253,253,A,8.0,user_entry,
MF Market Rent,B253,253,B,25.0,user_entry,
MF Market Rent,G253,253,G,0.0,user_entry,
MF Market Rent,H253,253,H,0x7,user_entry,
MF Market Rent,O253,253,O,-1.0,user_entry,
MF Market Rent,P253,253,P,_,user_entry,
MF Market Rent,T253,253,T,0x7,user_entry,
MF Market Rent,Y253,253,Y,0.0,user_entry,
MF Market Rent,AA253,253,AA,0.0,user_entry,
MF Market Rent,AB253,253,AB,0.0,user_entry,
MF Market Rent,AC253,253,AC,0.0,user_entry,
MF Market Rent,AD253,253,AD,0.0,user_entry,
MF Market Rent,AE253,253,AE,0.0,user_entry,
MF Market Rent,AF253,253,AF,0.0,user_entry,
MF Market Rent,AL253,253,AL,0.0,user_entry,
MF Market Rent,AP253,253,AP,0.0,user_entry,
MF Market Rent,AU253,253,AU,0.0,user_entry,
MF Market Rent,AV253,253,AV,0.0,user_entry,
MF Market Rent,BD253,253,BD,0.0,user_entry,
MF Market Rent,A254,254,A,8.0,user_entry,
MF Market Rent,B254,254,B,26.0,user_entry,
MF Market Rent,G254,254,G,0.0,user_entry,
MF Market Rent,H254,254,H,0x7,user_entry,
MF Market Rent,O254,254,O,-1.0,user_entry,
MF Market Rent,P254,254,P,_,user_entry,
MF Market Rent,T254,254,T,0x7,user_entry,
MF Market Rent,Y254,254,Y,0.0,user_entry,
MF Market Rent,AA254,254,AA,0.0,user_entry,
MF Market Rent,AB254,254,AB,0.0,user_entry,
MF Market Rent,AC254,254,AC,0.0,user_entry,
MF Market Rent,AD254,254,AD,0.0,user_entry,
MF Market Rent,AE254,254,AE,0.0,user_entry,
MF Market Rent,AF254,254,AF,0.0,user_entry,
MF Market Rent,AL254,254,AL,0.0,user_entry,
MF Market Rent,AP254,254,AP,0.0,user_entry,
MF Market Rent,AU254,254,AU,0.0,user_entry,
MF Market Rent,AV254,254,AV,0.0,user_entry,
MF Market Rent,BD254,254,BD,0.0,user_entry,
MF Market Rent,A255,255,A,8.0,user_entry,
MF Market Rent,B255,255,B,27.0,user_entry,
MF Market Rent,G255,255,G,0.0,user_entry,
MF Market Rent,H255,255,H,0x7,user_entry,
MF Market Rent,O255,255,O,-1.0,user_entry,
MF Market Rent,P255,255,P,_,user_entry,
MF Market Rent,T255,255,T,0x7,user_entry,
MF Market Rent,Y255,255,Y,0.0,user_entry,
MF Market Rent,AA255,255,AA,0.0,user_entry,
MF Market Rent,AB255,255,AB,0.0,user_entry,
MF Market Rent,AC255,255,AC,0.0,user_entry,
MF Market Rent,AD255,255,AD,0.0,user_entry,
MF Market Rent,AE255,255,AE,0.0,user_entry,
MF Market Rent,AF255,255,AF,0.0,user_entry,
MF Market Rent,AL255,255,AL,0.0,user_entry,
MF Market Rent,AP255,255,AP,0.0,user_entry,
MF Market Rent,AU255,255,AU,0.0,user_entry,
MF Market Rent,AV255,255,AV,0.0,user_entry,
MF Market Rent,BD255,255,BD,0.0,user_entry,
MF Market Rent,A256,256,A,8.0,user_entry,
MF Market Rent,B256,256,B,28.0,user_entry,
MF Market Rent,G256,256,G,0.0,user_entry,
MF Market Rent,H256,256,H,0x7,user_entry,
MF Market Rent,O256,256,O,-1.0,user_entry,
MF Market Rent,P256,256,P,_,user_entry,
MF Market Rent,T256,256,T,0x7,user_entry,
MF Market Rent,Y256,256,Y,0.0,user_entry,
MF Market Rent,AA256,256,AA,0.0,user_entry,
MF Market Rent,AB256,256,AB,0.0,user_entry,
MF Market Rent,AC256,256,AC,0.0,user_entry,
MF Market Rent,AD256,256,AD,0.0,user_entry,
MF Market Rent,AE256,256,AE,0.0,user_entry,
MF Market Rent,AF256,256,AF,0.0,user_entry,
MF Market Rent,AL256,256,AL,0.0,user_entry,
MF Market Rent,AP256,256,AP,0.0,user_entry,
MF Market Rent,AU256,256,AU,0.0,user_entry,
MF Market Rent,AV256,256,AV,0.0,user_entry,
MF Market Rent,BD256,256,BD,0.0,user_entry,
MF Market Rent,A257,257,A,8.0,user_entry,
MF Market Rent,B257,257,B,29.0,user_entry,
MF Market Rent,G257,257,G,0.0,user_entry,
MF Market Rent,H257,257,H,0x7,user_entry,
MF Market Rent,O257,257,O,-1.0,user_entry,
MF Market Rent,P257,257,P,_,user_entry,
MF Market Rent,T257,257,T,0x7,user_entry,
MF Market Rent,Y257,257,Y,0.0,user_entry,
MF Market Rent,AA257,257,AA,0.0,user_entry,
MF Market Rent,AB257,257,AB,0.0,user_entry,
MF Market Rent,AC257,257,AC,0.0,user_entry,
MF Market Rent,AD257,257,AD,0.0,user_entry,
MF Market Rent,AE257,257,AE,0.0,user_entry,
MF Market Rent,AF257,257,AF,0.0,user_entry,
MF Market Rent,AL257,257,AL,0.0,user_entry,
MF Market Rent,AP257,257,AP,0.0,user_entry,
MF Market Rent,AU257,257,AU,0.0,user_entry,
MF Market Rent,AV257,257,AV,0.0,user_entry,
MF Market Rent,BD257,257,BD,0.0,user_entry,
MF Market Rent,A258,258,A,8.0,user_entry,
MF Market Rent,B258,258,B,30.0,user_entry,
MF Market Rent,G258,258,G,0.0,user_entry,
MF Market Rent,H258,258,H,0x7,user_entry,
MF Market Rent,O258,258,O,-1.0,user_entry,
MF Market Rent,P258,258,P,_,user_entry,
MF Market Rent,T258,258,T,0x7,user_entry,
MF Market Rent,Y258,258,Y,0.0,user_entry,
MF Market Rent,AA258,258,AA,0.0,user_entry,
MF Market Rent,AB258,258,AB,0.0,user_entry,
MF Market Rent,AC258,258,AC,0.0,user_entry,
MF Market Rent,AD258,258,AD,0.0,user_entry,
MF Market Rent,AE258,258,AE,0.0,user_entry,
MF Market Rent,AF258,258,AF,0.0,user_entry,
MF Market Rent,AL258,258,AL,0.0,user_entry,
MF Market Rent,AP258,258,AP,0.0,user_entry,
MF Market Rent,AU258,258,AU,0.0,user_entry,
MF Market Rent,AV258,258,AV,0.0,user_entry,
MF Market Rent,BD258,258,BD,0.0,user_entry,
MF Market Rent,A259,259,A,9.0,user_entry,
MF Market Rent,G259,259,G,0.0,user_entry,
MF Market Rent,P259,259,P,_Total,user_entry,
MF Market Rent,Q259,259,Q,Total,user_entry,
MF Market Rent,T259,259,T,0x7,user_entry,
MF Market Rent,Y259,259,Y,0.0,user_entry,
MF Market Rent,Z259,259,Z,0.0,user_entry,
MF Market Rent,AA259,259,AA,0.0,user_entry,
MF Market Rent,AB259,259,AB,0.0,user_entry,
MF Market Rent,AC259,259,AC,0.0,user_entry,
MF Market Rent,AD259,259,AD,0.0,user_entry,
MF Market Rent,AE259,259,AE,0.0,user_entry,
MF Market Rent,AF259,259,AF,0.0,user_entry,
MF Market Rent,AL259,259,AL,0.0,user_entry,
MF Market Rent,AM259,259,AM,0.0,user_entry,
MF Market Rent,AP259,259,AP,0.0,user_entry,
MF Market Rent,AS259,259,AS,0.0,user_entry,
MF Market Rent,AU259,259,AU,0.0,user_entry,
MF Market Rent,AV259,259,AV,0.0,user_entry,
MF Market Rent,BD259,259,BD,0.0,user_entry,
MF Market Rent,BE259,259,BE,0.0,user_entry,
MF Market Rent,A260,260,A,9.0,user_entry,
MF Market Rent,B260,260,B,1.0,user_entry,
MF Market Rent,G260,260,G,0.0,user_entry,
MF Market Rent,H260,260,H,0x7,user_entry,
MF Market Rent,O260,260,O,-1.0,user_entry,
MF Market Rent,P260,260,P,_,user_entry,
MF Market Rent,T260,260,T,0x7,user_entry,
MF Market Rent,Y260,260,Y,0.0,user_entry,
MF Market Rent,AA260,260,AA,0.0,user_entry,
MF Market Rent,AB260,260,AB,0.0,user_entry,
MF Market Rent,AC260,260,AC,0.0,user_entry,
MF Market Rent,AD260,260,AD,0.0,user_entry,
MF Market Rent,AE260,260,AE,0.0,user_entry,
MF Market Rent,AF260,260,AF,0.0,user_entry,
MF Market Rent,AL260,260,AL,0.0,user_entry,
MF Market Rent,AP260,260,AP,0.0,user_entry,
MF Market Rent,AU260,260,AU,0.0,user_entry,
MF Market Rent,AV260,260,AV,0.0,user_entry,
MF Market Rent,BD260,260,BD,0.0,user_entry,
MF Market Rent,A261,261,A,9.0,user_entry,
MF Market Rent,B261,261,B,2.0,user_entry,
MF Market Rent,G261,261,G,0.0,user_entry,
MF Market Rent,H261,261,H,0x7,user_entry,
MF Market Rent,O261,261,O,-1.0,user_entry,
MF Market Rent,P261,261,P,_,user_entry,
MF Market Rent,T261,261,T,0x7,user_entry,
MF Market Rent,Y261,261,Y,0.0,user_entry,
MF Market Rent,AA261,261,AA,0.0,user_entry,
MF Market Rent,AB261,261,AB,0.0,user_entry,
MF Market Rent,AC261,261,AC,0.0,user_entry,
MF Market Rent,AD261,261,AD,0.0,user_entry,
MF Market Rent,AE261,261,AE,0.0,user_entry,
MF Market Rent,AF261,261,AF,0.0,user_entry,
MF Market Rent,AL261,261,AL,0.0,user_entry,
MF Market Rent,AP261,261,AP,0.0,user_entry,
MF Market Rent,AU261,261,AU,0.0,user_entry,
MF Market Rent,AV261,261,AV,0.0,user_entry,
MF Market Rent,BD261,261,BD,0.0,user_entry,
MF Market Rent,A262,262,A,9.0,user_entry,
MF Market Rent,B262,262,B,3.0,user_entry,
MF Market Rent,G262,262,G,0.0,user_entry,
MF Market Rent,H262,262,H,0x7,user_entry,
MF Market Rent,O262,262,O,-1.0,user_entry,
MF Market Rent,P262,262,P,_,user_entry,
MF Market Rent,T262,262,T,0x7,user_entry,
MF Market Rent,Y262,262,Y,0.0,user_entry,
MF Market Rent,AA262,262,AA,0.0,user_entry,
MF Market Rent,AB262,262,AB,0.0,user_entry,
MF Market Rent,AC262,262,AC,0.0,user_entry,
MF Market Rent,AD262,262,AD,0.0,user_entry,
MF Market Rent,AE262,262,AE,0.0,user_entry,
MF Market Rent,AF262,262,AF,0.0,user_entry,
MF Market Rent,AL262,262,AL,0.0,user_entry,
MF Market Rent,AP262,262,AP,0.0,user_entry,
MF Market Rent,AU262,262,AU,0.0,user_entry,
MF Market Rent,AV262,262,AV,0.0,user_entry,
MF Market Rent,BD262,262,BD,0.0,user_entry,
MF Market Rent,A263,263,A,9.0,user_entry,
MF Market Rent,B263,263,B,4.0,user_entry,
MF Market Rent,G263,263,G,0.0,user_entry,
MF Market Rent,H263,263,H,0x7,user_entry,
MF Market Rent,O263,263,O,-1.0,user_entry,
MF Market Rent,P263,263,P,_,user_entry,
MF Market Rent,T263,263,T,0x7,user_entry,
MF Market Rent,Y263,263,Y,0.0,user_entry,
MF Market Rent,AA263,263,AA,0.0,user_entry,
MF Market Rent,AB263,263,AB,0.0,user_entry,
MF Market Rent,AC263,263,AC,0.0,user_entry,
MF Market Rent,AD263,263,AD,0.0,user_entry,
MF Market Rent,AE263,263,AE,0.0,user_entry,
MF Market Rent,AF263,263,AF,0.0,user_entry,
MF Market Rent,AL263,263,AL,0.0,user_entry,
MF Market Rent,AP263,263,AP,0.0,user_entry,
MF Market Rent,AU263,263,AU,0.0,user_entry,
MF Market Rent,AV263,263,AV,0.0,user_entry,
MF Market Rent,BD263,263,BD,0.0,user_entry,
MF Market Rent,A264,264,A,9.0,user_entry,
MF Market Rent,B264,264,B,5.0,user_entry,
MF Market Rent,G264,264,G,0.0,user_entry,
MF Market Rent,H264,264,H,0x7,user_entry,
MF Market Rent,O264,264,O,-1.0,user_entry,
MF Market Rent,P264,264,P,_,user_entry,
MF Market Rent,T264,264,T,0x7,user_entry,
MF Market Rent,Y264,264,Y,0.0,user_entry,
MF Market Rent,AA264,264,AA,0.0,user_entry,
MF Market Rent,AB264,264,AB,0.0,user_entry,
MF Market Rent,AC264,264,AC,0.0,user_entry,
MF Market Rent,AD264,264,AD,0.0,user_entry,
MF Market Rent,AE264,264,AE,0.0,user_entry,
MF Market Rent,AF264,264,AF,0.0,user_entry,
MF Market Rent,AL264,264,AL,0.0,user_entry,
MF Market Rent,AP264,264,AP,0.0,user_entry,
MF Market Rent,AU264,264,AU,0.0,user_entry,
MF Market Rent,AV264,264,AV,0.0,user_entry,
MF Market Rent,BD264,264,BD,0.0,user_entry,
MF Market Rent,A265,265,A,9.0,user_entry,
MF Market Rent,B265,265,B,6.0,user_entry,
MF Market Rent,G265,265,G,0.0,user_entry,
MF Market Rent,H265,265,H,0x7,user_entry,
MF Market Rent,O265,265,O,-1.0,user_entry,
MF Market Rent,P265,265,P,_,user_entry,
MF Market Rent,T265,265,T,0x7,user_entry,
MF Market Rent,Y265,265,Y,0.0,user_entry,
MF Market Rent,AA265,265,AA,0.0,user_entry,
MF Market Rent,AB265,265,AB,0.0,user_entry,
MF Market Rent,AC265,265,AC,0.0,user_entry,
MF Market Rent,AD265,265,AD,0.0,user_entry,
MF Market Rent,AE265,265,AE,0.0,user_entry,
MF Market Rent,AF265,265,AF,0.0,user_entry,
MF Market Rent,AL265,265,AL,0.0,user_entry,
MF Market Rent,AP265,265,AP,0.0,user_entry,
MF Market Rent,AU265,265,AU,0.0,user_entry,
MF Market Rent,AV265,265,AV,0.0,user_entry,
MF Market Rent,BD265,265,BD,0.0,user_entry,
MF Market Rent,A266,266,A,9.0,user_entry,
MF Market Rent,B266,266,B,7.0,user_entry,
MF Market Rent,G266,266,G,0.0,user_entry,
MF Market Rent,H266,266,H,0x7,user_entry,
MF Market Rent,O266,266,O,-1.0,user_entry,
MF Market Rent,P266,266,P,_,user_entry,
MF Market Rent,T266,266,T,0x7,user_entry,
MF Market Rent,Y266,266,Y,0.0,user_entry,
MF Market Rent,AA266,266,AA,0.0,user_entry,
MF Market Rent,AB266,266,AB,0.0,user_entry,
MF Market Rent,AC266,266,AC,0.0,user_entry,
MF Market Rent,AD266,266,AD,0.0,user_entry,
MF Market Rent,AE266,266,AE,0.0,user_entry,
MF Market Rent,AF266,266,AF,0.0,user_entry,
MF Market Rent,AL266,266,AL,0.0,user_entry,
MF Market Rent,AP266,266,AP,0.0,user_entry,
MF Market Rent,AU266,266,AU,0.0,user_entry,
MF Market Rent,AV266,266,AV,0.0,user_entry,
MF Market Rent,BD266,266,BD,0.0,user_entry,
MF Market Rent,A267,267,A,9.0,user_entry,
MF Market Rent,B267,267,B,8.0,user_entry,
MF Market Rent,G267,267,G,0.0,user_entry,
MF Market Rent,H267,267,H,0x7,user_entry,
MF Market Rent,O267,267,O,-1.0,user_entry,
MF Market Rent,P267,267,P,_,user_entry,
MF Market Rent,T267,267,T,0x7,user_entry,
MF Market Rent,Y267,267,Y,0.0,user_entry,
MF Market Rent,AA267,267,AA,0.0,user_entry,
MF Market Rent,AB267,267,AB,0.0,user_entry,
MF Market Rent,AC267,267,AC,0.0,user_entry,
MF Market Rent,AD267,267,AD,0.0,user_entry,
MF Market Rent,AE267,267,AE,0.0,user_entry,
MF Market Rent,AF267,267,AF,0.0,user_entry,
MF Market Rent,AL267,267,AL,0.0,user_entry,
MF Market Rent,AP267,267,AP,0.0,user_entry,
MF Market Rent,AU267,267,AU,0.0,user_entry,
MF Market Rent,AV267,267,AV,0.0,user_entry,
MF Market Rent,BD267,267,BD,0.0,user_entry,
MF Market Rent,A268,268,A,9.0,user_entry,
MF Market Rent,B268,268,B,9.0,user_entry,
MF Market Rent,G268,268,G,0.0,user_entry,
MF Market Rent,H268,268,H,0x7,user_entry,
MF Market Rent,O268,268,O,-1.0,user_entry,
MF Market Rent,P268,268,P,_,user_entry,
MF Market Rent,T268,268,T,0x7,user_entry,
MF Market Rent,Y268,268,Y,0.0,user_entry,
MF Market Rent,AA268,268,AA,0.0,user_entry,
MF Market Rent,AB268,268,AB,0.0,user_entry,
MF Market Rent,AC268,268,AC,0.0,user_entry,
MF Market Rent,AD268,268,AD,0.0,user_entry,
MF Market Rent,AE268,268,AE,0.0,user_entry,
MF Market Rent,AF268,268,AF,0.0,user_entry,
MF Market Rent,AL268,268,AL,0.0,user_entry,
MF Market Rent,AP268,268,AP,0.0,user_entry,
MF Market Rent,AU268,268,AU,0.0,user_entry,
MF Market Rent,AV268,268,AV,0.0,user_entry,
MF Market Rent,BD268,268,BD,0.0,user_entry,
MF Market Rent,A269,269,A,9.0,user_entry,
MF Market Rent,B269,269,B,10.0,user_entry,
MF Market Rent,G269,269,G,0.0,user_entry,
MF Market Rent,H269,269,H,0x7,user_entry,
MF Market Rent,O269,269,O,-1.0,user_entry,
MF Market Rent,P269,269,P,_,user_entry,
MF Market Rent,T269,269,T,0x7,user_entry,
MF Market Rent,Y269,269,Y,0.0,user_entry,
MF Market Rent,AA269,269,AA,0.0,user_entry,
MF Market Rent,AB269,269,AB,0.0,user_entry,
MF Market Rent,AC269,269,AC,0.0,user_entry,
MF Market Rent,AD269,269,AD,0.0,user_entry,
MF Market Rent,AE269,269,AE,0.0,user_entry,
MF Market Rent,AF269,269,AF,0.0,user_entry,
MF Market Rent,AL269,269,AL,0.0,user_entry,
MF Market Rent,AP269,269,AP,0.0,user_entry,
MF Market Rent,AU269,269,AU,0.0,user_entry,
MF Market Rent,AV269,269,AV,0.0,user_entry,
MF Market Rent,BD269,269,BD,0.0,user_entry,
MF Market Rent,A270,270,A,9.0,user_entry,
MF Market Rent,B270,270,B,11.0,user_entry,
MF Market Rent,G270,270,G,0.0,user_entry,
MF Market Rent,H270,270,H,0x7,user_entry,
MF Market Rent,O270,270,O,-1.0,user_entry,
MF Market Rent,P270,270,P,_,user_entry,
MF Market Rent,T270,270,T,0x7,user_entry,
MF Market Rent,Y270,270,Y,0.0,user_entry,
MF Market Rent,AA270,270,AA,0.0,user_entry,
MF Market Rent,AB270,270,AB,0.0,user_entry,
MF Market Rent,AC270,270,AC,0.0,user_entry,
MF Market Rent,AD270,270,AD,0.0,user_entry,
MF Market Rent,AE270,270,AE,0.0,user_entry,
MF Market Rent,AF270,270,AF,0.0,user_entry,
MF Market Rent,AL270,270,AL,0.0,user_entry,
MF Market Rent,AP270,270,AP,0.0,user_entry,
MF Market Rent,AU270,270,AU,0.0,user_entry,
MF Market Rent,AV270,270,AV,0.0,user_entry,
MF Market Rent,BD270,270,BD,0.0,user_entry,
MF Market Rent,A271,271,A,9.0,user_entry,
MF Market Rent,B271,271,B,12.0,user_entry,
MF Market Rent,G271,271,G,0.0,user_entry,
MF Market Rent,H271,271,H,0x7,user_entry,
MF Market Rent,O271,271,O,-1.0,user_entry,
MF Market Rent,P271,271,P,_,user_entry,
MF Market Rent,T271,271,T,0x7,user_entry,
MF Market Rent,Y271,271,Y,0.0,user_entry,
MF Market Rent,AA271,271,AA,0.0,user_entry,
MF Market Rent,AB271,271,AB,0.0,user_entry,
MF Market Rent,AC271,271,AC,0.0,user_entry,
MF Market Rent,AD271,271,AD,0.0,user_entry,
MF Market Rent,AE271,271,AE,0.0,user_entry,
MF Market Rent,AF271,271,AF,0.0,user_entry,
MF Market Rent,AL271,271,AL,0.0,user_entry,
MF Market Rent,AP271,271,AP,0.0,user_entry,
MF Market Rent,AU271,271,AU,0.0,user_entry,
MF Market Rent,AV271,271,AV,0.0,user_entry,
MF Market Rent,BD271,271,BD,0.0,user_entry,
MF Market Rent,A272,272,A,9.0,user_entry,
MF Market Rent,B272,272,B,13.0,user_entry,
MF Market Rent,G272,272,G,0.0,user_entry,
MF Market Rent,H272,272,H,0x7,user_entry,
MF Market Rent,O272,272,O,-1.0,user_entry,
MF Market Rent,P272,272,P,_,user_entry,
MF Market Rent,T272,272,T,0x7,user_entry,
MF Market Rent,Y272,272,Y,0.0,user_entry,
MF Market Rent,AA272,272,AA,0.0,user_entry,
MF Market Rent,AB272,272,AB,0.0,user_entry,
MF Market Rent,AC272,272,AC,0.0,user_entry,
MF Market Rent,AD272,272,AD,0.0,user_entry,
MF Market Rent,AE272,272,AE,0.0,user_entry,
MF Market Rent,AF272,272,AF,0.0,user_entry,
MF Market Rent,AL272,272,AL,0.0,user_entry,
MF Market Rent,AP272,272,AP,0.0,user_entry,
MF Market Rent,AU272,272,AU,0.0,user_entry,
MF Market Rent,AV272,272,AV,0.0,user_entry,
MF Market Rent,BD272,272,BD,0.0,user_entry,
MF Market Rent,A273,273,A,9.0,user_entry,
MF Market Rent,B273,273,B,14.0,user_entry,
MF Market Rent,G273,273,G,0.0,user_entry,
MF Market Rent,H273,273,H,0x7,user_entry,
MF Market Rent,O273,273,O,-1.0,user_entry,
MF Market Rent,P273,273,P,_,user_entry,
MF Market Rent,T273,273,T,0x7,user_entry,
MF Market Rent,Y273,273,Y,0.0,user_entry,
MF Market Rent,AA273,273,AA,0.0,user_entry,
MF Market Rent,AB273,273,AB,0.0,user_entry,
MF Market Rent,AC273,273,AC,0.0,user_entry,
MF Market Rent,AD273,273,AD,0.0,user_entry,
MF Market Rent,AE273,273,AE,0.0,user_entry,
MF Market Rent,AF273,273,AF,0.0,user_entry,
MF Market Rent,AL273,273,AL,0.0,user_entry,
MF Market Rent,AP273,273,AP,0.0,user_entry,
MF Market Rent,AU273,273,AU,0.0,user_entry,
MF Market Rent,AV273,273,AV,0.0,user_entry,
MF Market Rent,BD273,273,BD,0.0,user_entry,
MF Market Rent,A274,274,A,9.0,user_entry,
MF Market Rent,B274,274,B,15.0,user_entry,
MF Market Rent,G274,274,G,0.0,user_entry,
MF Market Rent,H274,274,H,0x7,user_entry,
MF Market Rent,O274,274,O,-1.0,user_entry,
MF Market Rent,P274,274,P,_,user_entry,
MF Market Rent,T274,274,T,0x7,user_entry,
MF Market Rent,Y274,274,Y,0.0,user_entry,
MF Market Rent,AA274,274,AA,0.0,user_entry,
MF Market Rent,AB274,274,AB,0.0,user_entry,
MF Market Rent,AC274,274,AC,0.0,user_entry,
MF Market Rent,AD274,274,AD,0.0,user_entry,
MF Market Rent,AE274,274,AE,0.0,user_entry,
MF Market Rent,AF274,274,AF,0.0,user_entry,
MF Market Rent,AL274,274,AL,0.0,user_entry,
MF Market Rent,AP274,274,AP,0.0,user_entry,
MF Market Rent,AU274,274,AU,0.0,user_entry,
MF Market Rent,AV274,274,AV,0.0,user_entry,
MF Market Rent,BD274,274,BD,0.0,user_entry,
MF Market Rent,A275,275,A,9.0,user_entry,
MF Market Rent,B275,275,B,16.0,user_entry,
MF Market Rent,G275,275,G,0.0,user_entry,
MF Market Rent,H275,275,H,0x7,user_entry,
MF Market Rent,O275,275,O,-1.0,user_entry,
MF Market Rent,P275,275,P,_,user_entry,
MF Market Rent,T275,275,T,0x7,user_entry,
MF Market Rent,Y275,275,Y,0.0,user_entry,
MF Market Rent,AA275,275,AA,0.0,user_entry,
MF Market Rent,AB275,275,AB,0.0,user_entry,
MF Market Rent,AC275,275,AC,0.0,user_entry,
MF Market Rent,AD275,275,AD,0.0,user_entry,
MF Market Rent,AE275,275,AE,0.0,user_entry,
MF Market Rent,AF275,275,AF,0.0,user_entry,
MF Market Rent,AL275,275,AL,0.0,user_entry,
MF Market Rent,AP275,275,AP,0.0,user_entry,
MF Market Rent,AU275,275,AU,0.0,user_entry,
MF Market Rent,AV275,275,AV,0.0,user_entry,
MF Market Rent,BD275,275,BD,0.0,user_entry,
MF Market Rent,A276,276,A,9.0,user_entry,
MF Market Rent,B276,276,B,17.0,user_entry,
MF Market Rent,G276,276,G,0.0,user_entry,
MF Market Rent,H276,276,H,0x7,user_entry,
MF Market Rent,O276,276,O,-1.0,user_entry,
MF Market Rent,P276,276,P,_,user_entry,
MF Market Rent,T276,276,T,0x7,user_entry,
MF Market Rent,Y276,276,Y,0.0,user_entry,
MF Market Rent,AA276,276,AA,0.0,user_entry,
MF Market Rent,AB276,276,AB,0.0,user_entry,
MF Market Rent,AC276,276,AC,0.0,user_entry,
MF Market Rent,AD276,276,AD,0.0,user_entry,
MF Market Rent,AE276,276,AE,0.0,user_entry,
MF Market Rent,AF276,276,AF,0.0,user_entry,
MF Market Rent,AL276,276,AL,0.0,user_entry,
MF Market Rent,AP276,276,AP,0.0,user_entry,
MF Market Rent,AU276,276,AU,0.0,user_entry,
MF Market Rent,AV276,276,AV,0.0,user_entry,
MF Market Rent,BD276,276,BD,0.0,user_entry,
MF Market Rent,A277,277,A,9.0,user_entry,
MF Market Rent,B277,277,B,18.0,user_entry,
MF Market Rent,G277,277,G,0.0,user_entry,
MF Market Rent,H277,277,H,0x7,user_entry,
MF Market Rent,O277,277,O,-1.0,user_entry,
MF Market Rent,P277,277,P,_,user_entry,
MF Market Rent,T277,277,T,0x7,user_entry,
MF Market Rent,Y277,277,Y,0.0,user_entry,
MF Market Rent,AA277,277,AA,0.0,user_entry,
MF Market Rent,AB277,277,AB,0.0,user_entry,
MF Market Rent,AC277,277,AC,0.0,user_entry,
MF Market Rent,AD277,277,AD,0.0,user_entry,
MF Market Rent,AE277,277,AE,0.0,user_entry,
MF Market Rent,AF277,277,AF,0.0,user_entry,
MF Market Rent,AL277,277,AL,0.0,user_entry,
MF Market Rent,AP277,277,AP,0.0,user_entry,
MF Market Rent,AU277,277,AU,0.0,user_entry,
MF Market Rent,AV277,277,AV,0.0,user_entry,
MF Market Rent,BD277,277,BD,0.0,user_entry,
MF Market Rent,A278,278,A,9.0,user_entry,
MF Market Rent,B278,278,B,19.0,user_entry,
MF Market Rent,G278,278,G,0.0,user_entry,
MF Market Rent,H278,278,H,0x7,user_entry,
MF Market Rent,O278,278,O,-1.0,user_entry,
MF Market Rent,P278,278,P,_,user_entry,
MF Market Rent,T278,278,T,0x7,user_entry,
MF Market Rent,Y278,278,Y,0.0,user_entry,
MF Market Rent,AA278,278,AA,0.0,user_entry,
MF Market Rent,AB278,278,AB,0.0,user_entry,
MF Market Rent,AC278,278,AC,0.0,user_entry,
MF Market Rent,AD278,278,AD,0.0,user_entry,
MF Market Rent,AE278,278,AE,0.0,user_entry,
MF Market Rent,AF278,278,AF,0.0,user_entry,
MF Market Rent,AL278,278,AL,0.0,user_entry,
MF Market Rent,AP278,278,AP,0.0,user_entry,
MF Market Rent,AU278,278,AU,0.0,user_entry,
MF Market Rent,AV278,278,AV,0.0,user_entry,
MF Market Rent,BD278,278,BD,0.0,user_entry,
MF Market Rent,A279,279,A,9.0,user_entry,
MF Market Rent,B279,279,B,20.0,user_entry,
MF Market Rent,G279,279,G,0.0,user_entry,
MF Market Rent,H279,279,H,0x7,user_entry,
MF Market Rent,O279,279,O,-1.0,user_entry,
MF Market Rent,P279,279,P,_,user_entry,
MF Market Rent,T279,279,T,0x7,user_entry,
MF Market Rent,Y279,279,Y,0.0,user_entry,
MF Market Rent,AA279,279,AA,0.0,user_entry,
MF Market Rent,AB279,279,AB,0.0,user_entry,
MF Market Rent,AC279,279,AC,0.0,user_entry,
MF Market Rent,AD279,279,AD,0.0,user_entry,
MF Market Rent,AE279,279,AE,0.0,user_entry,
MF Market Rent,AF279,279,AF,0.0,user_entry,
MF Market Rent,AL279,279,AL,0.0,user_entry,
MF Market Rent,AP279,279,AP,0.0,user_entry,
MF Market Rent,AU279,279,AU,0.0,user_entry,
MF Market Rent,AV279,279,AV,0.0,user_entry,
MF Market Rent,BD279,279,BD,0.0,user_entry,
MF Market Rent,A280,280,A,9.0,user_entry,
MF Market Rent,B280,280,B,21.0,user_entry,
MF Market Rent,G280,280,G,0.0,user_entry,
MF Market Rent,H280,280,H,0x7,user_entry,
MF Market Rent,O280,280,O,-1.0,user_entry,
MF Market Rent,P280,280,P,_,user_entry,
MF Market Rent,T280,280,T,0x7,user_entry,
MF Market Rent,Y280,280,Y,0.0,user_entry,
MF Market Rent,AA280,280,AA,0.0,user_entry,
MF Market Rent,AB280,280,AB,0.0,user_entry,
MF Market Rent,AC280,280,AC,0.0,user_entry,
MF Market Rent,AD280,280,AD,0.0,user_entry,
MF Market Rent,AE280,280,AE,0.0,user_entry,
MF Market Rent,AF280,280,AF,0.0,user_entry,
MF Market Rent,AL280,280,AL,0.0,user_entry,
MF Market Rent,AP280,280,AP,0.0,user_entry,
MF Market Rent,AU280,280,AU,0.0,user_entry,
MF Market Rent,AV280,280,AV,0.0,user_entry,
MF Market Rent,BD280,280,BD,0.0,user_entry,
MF Market Rent,A281,281,A,9.0,user_entry,
MF Market Rent,B281,281,B,22.0,user_entry,
MF Market Rent,G281,281,G,0.0,user_entry,
MF Market Rent,H281,281,H,0x7,user_entry,
MF Market Rent,O281,281,O,-1.0,user_entry,
MF Market Rent,P281,281,P,_,user_entry,
MF Market Rent,T281,281,T,0x7,user_entry,
MF Market Rent,Y281,281,Y,0.0,user_entry,
MF Market Rent,AA281,281,AA,0.0,user_entry,
MF Market Rent,AB281,281,AB,0.0,user_entry,
MF Market Rent,AC281,281,AC,0.0,user_entry,
MF Market Rent,AD281,281,AD,0.0,user_entry,
MF Market Rent,AE281,281,AE,0.0,user_entry,
MF Market Rent,AF281,281,AF,0.0,user_entry,
MF Market Rent,AL281,281,AL,0.0,user_entry,
MF Market Rent,AP281,281,AP,0.0,user_entry,
MF Market Rent,AU281,281,AU,0.0,user_entry,
MF Market Rent,AV281,281,AV,0.0,user_entry,
MF Market Rent,BD281,281,BD,0.0,user_entry,
MF Market Rent,A282,282,A,9.0,user_entry,
MF Market Rent,B282,282,B,23.0,user_entry,
MF Market Rent,G282,282,G,0.0,user_entry,
MF Market Rent,H282,282,H,0x7,user_entry,
MF Market Rent,O282,282,O,-1.0,user_entry,
MF Market Rent,P282,282,P,_,user_entry,
MF Market Rent,T282,282,T,0x7,user_entry,
MF Market Rent,Y282,282,Y,0.0,user_entry,
MF Market Rent,AA282,282,AA,0.0,user_entry,
MF Market Rent,AB282,282,AB,0.0,user_entry,
MF Market Rent,AC282,282,AC,0.0,user_entry,
MF Market Rent,AD282,282,AD,0.0,user_entry,
MF Market Rent,AE282,282,AE,0.0,user_entry,
MF Market Rent,AF282,282,AF,0.0,user_entry,
MF Market Rent,AL282,282,AL,0.0,user_entry,
MF Market Rent,AP282,282,AP,0.0,user_entry,
MF Market Rent,AU282,282,AU,0.0,user_entry,
MF Market Rent,AV282,282,AV,0.0,user_entry,
MF Market Rent,BD282,282,BD,0.0,user_entry,
MF Market Rent,A283,283,A,9.0,user_entry,
MF Market Rent,B283,283,B,24.0,user_entry,
MF Market Rent,G283,283,G,0.0,user_entry,
MF Market Rent,H283,283,H,0x7,user_entry,
MF Market Rent,O283,283,O,-1.0,user_entry,
MF Market Rent,P283,283,P,_,user_entry,
MF Market Rent,T283,283,T,0x7,user_entry,
MF Market Rent,Y283,283,Y,0.0,user_entry,
MF Market Rent,AA283,283,AA,0.0,user_entry,
MF Market Rent,AB283,283,AB,0.0,user_entry,
MF Market Rent,AC283,283,AC,0.0,user_entry,
MF Market Rent,AD283,283,AD,0.0,user_entry,
MF Market Rent,AE283,283,AE,0.0,user_entry,
MF Market Rent,AF283,283,AF,0.0,user_entry,
MF Market Rent,AL283,283,AL,0.0,user_entry,
MF Market Rent,AP283,283,AP,0.0,user_entry,
MF Market Rent,AU283,283,AU,0.0,user_entry,
MF Market Rent,AV283,283,AV,0.0,user_entry,
MF Market Rent,BD283,283,BD,0.0,user_entry,
MF Market Rent,A284,284,A,9.0,user_entry,
MF Market Rent,B284,284,B,25.0,user_entry,
MF Market Rent,G284,284,G,0.0,user_entry,
MF Market Rent,H284,284,H,0x7,user_entry,
MF Market Rent,O284,284,O,-1.0,user_entry,
MF Market Rent,P284,284,P,_,user_entry,
MF Market Rent,T284,284,T,0x7,user_entry,
MF Market Rent,Y284,284,Y,0.0,user_entry,
MF Market Rent,AA284,284,AA,0.0,user_entry,
MF Market Rent,AB284,284,AB,0.0,user_entry,
MF Market Rent,AC284,284,AC,0.0,user_entry,
MF Market Rent,AD284,284,AD,0.0,user_entry,
MF Market Rent,AE284,284,AE,0.0,user_entry,
MF Market Rent,AF284,284,AF,0.0,user_entry,
MF Market Rent,AL284,284,AL,0.0,user_entry,
MF Market Rent,AP284,284,AP,0.0,user_entry,
MF Market Rent,AU284,284,AU,0.0,user_entry,
MF Market Rent,AV284,284,AV,0.0,user_entry,
MF Market Rent,BD284,284,BD,0.0,user_entry,
MF Market Rent,A285,285,A,9.0,user_entry,
MF Market Rent,B285,285,B,26.0,user_entry,
MF Market Rent,G285,285,G,0.0,user_entry,
MF Market Rent,H285,285,H,0x7,user_entry,
MF Market Rent,O285,285,O,-1.0,user_entry,
MF Market Rent,P285,285,P,_,user_entry,
MF Market Rent,T285,285,T,0x7,user_entry,
MF Market Rent,Y285,285,Y,0.0,user_entry,
MF Market Rent,AA285,285,AA,0.0,user_entry,
MF Market Rent,AB285,285,AB,0.0,user_entry,
MF Market Rent,AC285,285,AC,0.0,user_entry,
MF Market Rent,AD285,285,AD,0.0,user_entry,
MF Market Rent,AE285,285,AE,0.0,user_entry,
MF Market Rent,AF285,285,AF,0.0,user_entry,
MF Market Rent,AL285,285,AL,0.0,user_entry,
MF Market Rent,AP285,285,AP,0.0,user_entry,
MF Market Rent,AU285,285,AU,0.0,user_entry,
MF Market Rent,AV285,285,AV,0.0,user_entry,
MF Market Rent,BD285,285,BD,0.0,user_entry,
MF Market Rent,A286,286,A,9.0,user_entry,
MF Market Rent,B286,286,B,27.0,user_entry,
MF Market Rent,G286,286,G,0.0,user_entry,
MF Market Rent,H286,286,H,0x7,user_entry,
MF Market Rent,O286,286,O,-1.0,user_entry,
MF Market Rent,P286,286,P,_,user_entry,
MF Market Rent,T286,286,T,0x7,user_entry,
MF Market Rent,Y286,286,Y,0.0,user_entry,
MF Market Rent,AA286,286,AA,0.0,user_entry,
MF Market Rent,AB286,286,AB,0.0,user_entry,
MF Market Rent,AC286,286,AC,0.0,user_entry,
MF Market Rent,AD286,286,AD,0.0,user_entry,
MF Market Rent,AE286,286,AE,0.0,user_entry,
MF Market Rent,AF286,286,AF,0.0,user_entry,
MF Market Rent,AL286,286,AL,0.0,user_entry,
MF Market Rent,AP286,286,AP,0.0,user_entry,
MF Market Rent,AU286,286,AU,0.0,user_entry,
MF Market Rent,AV286,286,AV,0.0,user_entry,
MF Market Rent,BD286,286,BD,0.0,user_entry,
MF Market Rent,A287,287,A,9.0,user_entry,
MF Market Rent,B287,287,B,28.0,user_entry,
MF Market Rent,G287,287,G,0.0,user_entry,
MF Market Rent,H287,287,H,0x7,user_entry,
MF Market Rent,O287,287,O,-1.0,user_entry,
MF Market Rent,P287,287,P,_,user_entry,
MF Market Rent,T287,287,T,0x7,user_entry,
MF Market Rent,Y287,287,Y,0.0,user_entry,
MF Market Rent,AA287,287,AA,0.0,user_entry,
MF Market Rent,AB287,287,AB,0.0,user_entry,
MF Market Rent,AC287,287,AC,0.0,user_entry,
MF Market Rent,AD287,287,AD,0.0,user_entry,
MF Market Rent,AE287,287,AE,0.0,user_entry,
MF Market Rent,AF287,287,AF,0.0,user_entry,
MF Market Rent,AL287,287,AL,0.0,user_entry,
MF Market Rent,AP287,287,AP,0.0,user_entry,
MF Market Rent,AU287,287,AU,0.0,user_entry,
MF Market Rent,AV287,287,AV,0.0,user_entry,
MF Market Rent,BD287,287,BD,0.0,user_entry,
MF Market Rent,A288,288,A,9.0,user_entry,
MF Market Rent,B288,288,B,29.0,user_entry,
MF Market Rent,G288,288,G,0.0,user_entry,
MF Market Rent,H288,288,H,0x7,user_entry,
MF Market Rent,O288,288,O,-1.0,user_entry,
MF Market Rent,P288,288,P,_,user_entry,
MF Market Rent,T288,288,T,0x7,user_entry,
MF Market Rent,Y288,288,Y,0.0,user_entry,
MF Market Rent,AA288,288,AA,0.0,user_entry,
MF Market Rent,AB288,288,AB,0.0,user_entry,
MF Market Rent,AC288,288,AC,0.0,user_entry,
MF Market Rent,AD288,288,AD,0.0,user_entry,
MF Market Rent,AE288,288,AE,0.0,user_entry,
MF Market Rent,AF288,288,AF,0.0,user_entry,
MF Market Rent,AL288,288,AL,0.0,user_entry,
MF Market Rent,AP288,288,AP,0.0,user_entry,
MF Market Rent,AU288,288,AU,0.0,user_entry,
MF Market Rent,AV288,288,AV,0.0,user_entry,
MF Market Rent,BD288,288,BD,0.0,user_entry,
MF Market Rent,A289,289,A,9.0,user_entry,
MF Market Rent,B289,289,B,30.0,user_entry,
MF Market Rent,G289,289,G,0.0,user_entry,
MF Market Rent,H289,289,H,0x7,user_entry,
MF Market Rent,O289,289,O,-1.0,user_entry,
MF Market Rent,P289,289,P,_,user_entry,
MF Market Rent,T289,289,T,0x7,user_entry,
MF Market Rent,Y289,289,Y,0.0,user_entry,
MF Market Rent,AA289,289,AA,0.0,user_entry,
MF Market Rent,AB289,289,AB,0.0,user_entry,
MF Market Rent,AC289,289,AC,0.0,user_entry,
MF Market Rent,AD289,289,AD,0.0,user_entry,
MF Market Rent,AE289,289,AE,0.0,user_entry,
MF Market Rent,AF289,289,AF,0.0,user_entry,
MF Market Rent,AL289,289,AL,0.0,user_entry,
MF Market Rent,AP289,289,AP,0.0,user_entry,
MF Market Rent,AU289,289,AU,0.0,user_entry,
MF Market Rent,AV289,289,AV,0.0,user_entry,
MF Market Rent,BD289,289,BD,0.0,user_entry,
MF Market Rent,A290,290,A,10.0,user_entry,
MF Market Rent,G290,290,G,0.0,user_entry,
MF Market Rent,P290,290,P,_Total,user_entry,
MF Market Rent,Q290,290,Q,Total,user_entry,
MF Market Rent,T290,290,T,0x7,user_entry,
MF Market Rent,Y290,290,Y,0.0,user_entry,
MF Market Rent,Z290,290,Z,0.0,user_entry,
MF Market Rent,AA290,290,AA,0.0,user_entry,
MF Market Rent,AB290,290,AB,0.0,user_entry,
MF Market Rent,AC290,290,AC,0.0,user_entry,
MF Market Rent,AD290,290,AD,0.0,user_entry,
MF Market Rent,AE290,290,AE,0.0,user_entry,
MF Market Rent,AF290,290,AF,0.0,user_entry,
MF Market Rent,AL290,290,AL,0.0,user_entry,
MF Market Rent,AM290,290,AM,0.0,user_entry,
MF Market Rent,AP290,290,AP,0.0,user_entry,
MF Market Rent,AS290,290,AS,0.0,user_entry,
MF Market Rent,AU290,290,AU,0.0,user_entry,
MF Market Rent,AV290,290,AV,0.0,user_entry,
MF Market Rent,BD290,290,BD,0.0,user_entry,
MF Market Rent,BE290,290,BE,0.0,user_entry,
MF Market Rent,A291,291,A,10.0,user_entry,
MF Market Rent,B291,291,B,1.0,user_entry,
MF Market Rent,G291,291,G,0.0,user_entry,
MF Market Rent,H291,291,H,0x7,user_entry,
MF Market Rent,O291,291,O,-1.0,user_entry,
MF Market Rent,P291,291,P,_,user_entry,
MF Market Rent,T291,291,T,0x7,user_entry,
MF Market Rent,Y291,291,Y,0.0,user_entry,
MF Market Rent,AA291,291,AA,0.0,user_entry,
MF Market Rent,AB291,291,AB,0.0,user_entry,
MF Market Rent,AC291,291,AC,0.0,user_entry,
MF Market Rent,AD291,291,AD,0.0,user_entry,
MF Market Rent,AE291,291,AE,0.0,user_entry,
MF Market Rent,AF291,291,AF,0.0,user_entry,
MF Market Rent,AL291,291,AL,0.0,user_entry,
MF Market Rent,AP291,291,AP,0.0,user_entry,
MF Market Rent,AU291,291,AU,0.0,user_entry,
MF Market Rent,AV291,291,AV,0.0,user_entry,
MF Market Rent,BD291,291,BD,0.0,user_entry,
MF Market Rent,A292,292,A,10.0,user_entry,
MF Market Rent,B292,292,B,2.0,user_entry,
MF Market Rent,G292,292,G,0.0,user_entry,
MF Market Rent,H292,292,H,0x7,user_entry,
MF Market Rent,O292,292,O,-1.0,user_entry,
MF Market Rent,P292,292,P,_,user_entry,
MF Market Rent,T292,292,T,0x7,user_entry,
MF Market Rent,Y292,292,Y,0.0,user_entry,
MF Market Rent,AA292,292,AA,0.0,user_entry,
MF Market Rent,AB292,292,AB,0.0,user_entry,
MF Market Rent,AC292,292,AC,0.0,user_entry,
MF Market Rent,AD292,292,AD,0.0,user_entry,
MF Market Rent,AE292,292,AE,0.0,user_entry,
MF Market Rent,AF292,292,AF,0.0,user_entry,
MF Market Rent,AL292,292,AL,0.0,user_entry,
MF Market Rent,AP292,292,AP,0.0,user_entry,
MF Market Rent,AU292,292,AU,0.0,user_entry,
MF Market Rent,AV292,292,AV,0.0,user_entry,
MF Market Rent,BD292,292,BD,0.0,user_entry,
MF Market Rent,A293,293,A,10.0,user_entry,
MF Market Rent,B293,293,B,3.0,user_entry,
MF Market Rent,G293,293,G,0.0,user_entry,
MF Market Rent,H293,293,H,0x7,user_entry,
MF Market Rent,O293,293,O,-1.0,user_entry,
MF Market Rent,P293,293,P,_,user_entry,
MF Market Rent,T293,293,T,0x7,user_entry,
MF Market Rent,Y293,293,Y,0.0,user_entry,
MF Market Rent,AA293,293,AA,0.0,user_entry,
MF Market Rent,AB293,293,AB,0.0,user_entry,
MF Market Rent,AC293,293,AC,0.0,user_entry,
MF Market Rent,AD293,293,AD,0.0,user_entry,
MF Market Rent,AE293,293,AE,0.0,user_entry,
MF Market Rent,AF293,293,AF,0.0,user_entry,
MF Market Rent,AL293,293,AL,0.0,user_entry,
MF Market Rent,AP293,293,AP,0.0,user_entry,
MF Market Rent,AU293,293,AU,0.0,user_entry,
MF Market Rent,AV293,293,AV,0.0,user_entry,
MF Market Rent,BD293,293,BD,0.0,user_entry,
MF Market Rent,A294,294,A,10.0,user_entry,
MF Market Rent,B294,294,B,4.0,user_entry,
MF Market Rent,G294,294,G,0.0,user_entry,
MF Market Rent,H294,294,H,0x7,user_entry,
MF Market Rent,O294,294,O,-1.0,user_entry,
MF Market Rent,P294,294,P,_,user_entry,
MF Market Rent,T294,294,T,0x7,user_entry,
MF Market Rent,Y294,294,Y,0.0,user_entry,
MF Market Rent,AA294,294,AA,0.0,user_entry,
MF Market Rent,AB294,294,AB,0.0,user_entry,
MF Market Rent,AC294,294,AC,0.0,user_entry,
MF Market Rent,AD294,294,AD,0.0,user_entry,
MF Market Rent,AE294,294,AE,0.0,user_entry,
MF Market Rent,AF294,294,AF,0.0,user_entry,
MF Market Rent,AL294,294,AL,0.0,user_entry,
MF Market Rent,AP294,294,AP,0.0,user_entry,
MF Market Rent,AU294,294,AU,0.0,user_entry,
MF Market Rent,AV294,294,AV,0.0,user_entry,
MF Market Rent,BD294,294,BD,0.0,user_entry,
MF Market Rent,A295,295,A,10.0,user_entry,
MF Market Rent,B295,295,B,5.0,user_entry,
MF Market Rent,G295,295,G,0.0,user_entry,
MF Market Rent,H295,295,H,0x7,user_entry,
MF Market Rent,O295,295,O,-1.0,user_entry,
MF Market Rent,P295,295,P,_,user_entry,
MF Market Rent,T295,295,T,0x7,user_entry,
MF Market Rent,Y295,295,Y,0.0,user_entry,
MF Market Rent,AA295,295,AA,0.0,user_entry,
MF Market Rent,AB295,295,AB,0.0,user_entry,
MF Market Rent,AC295,295,AC,0.0,user_entry,
MF Market Rent,AD295,295,AD,0.0,user_entry,
MF Market Rent,AE295,295,AE,0.0,user_entry,
MF Market Rent,AF295,295,AF,0.0,user_entry,
MF Market Rent,AL295,295,AL,0.0,user_entry,
MF Market Rent,AP295,295,AP,0.0,user_entry,
MF Market Rent,AU295,295,AU,0.0,user_entry,
MF Market Rent,AV295,295,AV,0.0,user_entry,
MF Market Rent,BD295,295,BD,0.0,user_entry,
MF Market Rent,A296,296,A,10.0,user_entry,
MF Market Rent,B296,296,B,6.0,user_entry,
MF Market Rent,G296,296,G,0.0,user_entry,
MF Market Rent,H296,296,H,0x7,user_entry,
MF Market Rent,O296,296,O,-1.0,user_entry,
MF Market Rent,P296,296,P,_,user_entry,
MF Market Rent,T296,296,T,0x7,user_entry,
MF Market Rent,Y296,296,Y,0.0,user_entry,
MF Market Rent,AA296,296,AA,0.0,user_entry,
MF Market Rent,AB296,296,AB,0.0,user_entry,
MF Market Rent,AC296,296,AC,0.0,user_entry,
MF Market Rent,AD296,296,AD,0.0,user_entry,
MF Market Rent,AE296,296,AE,0.0,user_entry,
MF Market Rent,AF296,296,AF,0.0,user_entry,
MF Market Rent,AL296,296,AL,0.0,user_entry,
MF Market Rent,AP296,296,AP,0.0,user_entry,
MF Market Rent,AU296,296,AU,0.0,user_entry,
MF Market Rent,AV296,296,AV,0.0,user_entry,
MF Market Rent,BD296,296,BD,0.0,user_entry,
MF Market Rent,A297,297,A,10.0,user_entry,
MF Market Rent,B297,297,B,7.0,user_entry,
MF Market Rent,G297,297,G,0.0,user_entry,
MF Market Rent,H297,297,H,0x7,user_entry,
MF Market Rent,O297,297,O,-1.0,user_entry,
MF Market Rent,P297,297,P,_,user_entry,
MF Market Rent,T297,297,T,0x7,user_entry,
MF Market Rent,Y297,297,Y,0.0,user_entry,
MF Market Rent,AA297,297,AA,0.0,user_entry,
MF Market Rent,AB297,297,AB,0.0,user_entry,
MF Market Rent,AC297,297,AC,0.0,user_entry,
MF Market Rent,AD297,297,AD,0.0,user_entry,
MF Market Rent,AE297,297,AE,0.0,user_entry,
MF Market Rent,AF297,297,AF,0.0,user_entry,
MF Market Rent,AL297,297,AL,0.0,user_entry,
MF Market Rent,AP297,297,AP,0.0,user_entry,
MF Market Rent,AU297,297,AU,0.0,user_entry,
MF Market Rent,AV297,297,AV,0.0,user_entry,
MF Market Rent,BD297,297,BD,0.0,user_entry,
MF Market Rent,A298,298,A,10.0,user_entry,
MF Market Rent,B298,298,B,8.0,user_entry,
MF Market Rent,G298,298,G,0.0,user_entry,
MF Market Rent,H298,298,H,0x7,user_entry,
MF Market Rent,O298,298,O,-1.0,user_entry,
MF Market Rent,P298,298,P,_,user_entry,
MF Market Rent,T298,298,T,0x7,user_entry,
MF Market Rent,Y298,298,Y,0.0,user_entry,
MF Market Rent,AA298,298,AA,0.0,user_entry,
MF Market Rent,AB298,298,AB,0.0,user_entry,
MF Market Rent,AC298,298,AC,0.0,user_entry,
MF Market Rent,AD298,298,AD,0.0,user_entry,
MF Market Rent,AE298,298,AE,0.0,user_entry,
MF Market Rent,AF298,298,AF,0.0,user_entry,
MF Market Rent,AL298,298,AL,0.0,user_entry,
MF Market Rent,AP298,298,AP,0.0,user_entry,
MF Market Rent,AU298,298,AU,0.0,user_entry,
MF Market Rent,AV298,298,AV,0.0,user_entry,
MF Market Rent,BD298,298,BD,0.0,user_entry,
MF Market Rent,A299,299,A,10.0,user_entry,
MF Market Rent,B299,299,B,9.0,user_entry,
MF Market Rent,G299,299,G,0.0,user_entry,
MF Market Rent,H299,299,H,0x7,user_entry,
MF Market Rent,O299,299,O,-1.0,user_entry,
MF Market Rent,P299,299,P,_,user_entry,
MF Market Rent,T299,299,T,0x7,user_entry,
MF Market Rent,Y299,299,Y,0.0,user_entry,
MF Market Rent,AA299,299,AA,0.0,user_entry,
MF Market Rent,AB299,299,AB,0.0,user_entry,
MF Market Rent,AC299,299,AC,0.0,user_entry,
MF Market Rent,AD299,299,AD,0.0,user_entry,
MF Market Rent,AE299,299,AE,0.0,user_entry,
MF Market Rent,AF299,299,AF,0.0,user_entry,
MF Market Rent,AL299,299,AL,0.0,user_entry,
MF Market Rent,AP299,299,AP,0.0,user_entry,
MF Market Rent,AU299,299,AU,0.0,user_entry,
MF Market Rent,AV299,299,AV,0.0,user_entry,
MF Market Rent,BD299,299,BD,0.0,user_entry,
MF Market Rent,A300,300,A,10.0,user_entry,
MF Market Rent,B300,300,B,10.0,user_entry,
MF Market Rent,G300,300,G,0.0,user_entry,
MF Market Rent,H300,300,H,0x7,user_entry,
MF Market Rent,O300,300,O,-1.0,user_entry,
MF Market Rent,P300,300,P,_,user_entry,
MF Market Rent,T300,300,T,0x7,user_entry,
MF Market Rent,Y300,300,Y,0.0,user_entry,
MF Market Rent,AA300,300,AA,0.0,user_entry,
MF Market Rent,AB300,300,AB,0.0,user_entry,
MF Market Rent,AC300,300,AC,0.0,user_entry,
MF Market Rent,AD300,300,AD,0.0,user_entry,
MF Market Rent,AE300,300,AE,0.0,user_entry,
MF Market Rent,AF300,300,AF,0.0,user_entry,
MF Market Rent,AL300,300,AL,0.0,user_entry,
MF Market Rent,AP300,300,AP,0.0,user_entry,
MF Market Rent,AU300,300,AU,0.0,user_entry,
MF Market Rent,AV300,300,AV,0.0,user_entry,
MF Market Rent,BD300,300,BD,0.0,user_entry,
