tab,cell,row,col,value,field_type,formula
Site,M1,1,M,<<Property Type Show/Hide,user_entry,
Site,AY2,2,AY,?,user_entry,
Site,N4,4,N,2.0,user_entry,
Site,S4,4,S,VeryHidden,user_entry,
Site,A5,5,A,VeryHidden,user_entry,
Site,B5,5,B,VeryHidden,user_entry,
Site,C5,5,C,VeryHidden,user_entry,
Site,D5,5,D,VeryHidden,user_entry,
Site,E5,5,E,VeryHidden,user_entry,
Site,F5,5,F,VeryHidden,user_entry,
Site,G5,5,G,VeryHidden,user_entry,
Site,H5,5,H,VeryHidden,user_entry,
Site,I5,5,I,VeryHidden,user_entry,
Site,J5,5,J,VeryHidden,user_entry,
Site,K5,5,K,VeryHidden,user_entry,
Site,L5,5,L,VeryHidden,user_entry,
Site,N5,5,N,VeryHidden,user_entry,
Site,O5,5,O,VeryHidden,user_entry,
Site,P5,5,P,VeryHidden,user_entry,
Site,Q5,5,Q,VeryHidden,user_entry,
Site,S5,5,S,VeryHidden,user_entry,
Site,T5,5,T,VeryHidden,user_entry,
Site,U5,5,U,VeryHidden,user_entry,
Site,Z5,5,Z,VeryHidden,user_entry,
Site,AA5,5,AA,VeryHidden,user_entry,
Site,AB5,5,AB,0x7,user_entry,
Site,AD5,5,AD,0x7,user_entry,
Site,AE5,5,AE,0x7,user_entry,
Site,AF5,5,AF,0x7,user_entry,
Site,AG5,5,AG,0x7,user_entry,
Site,AH5,5,AH,0x7,user_entry,
Site,AI5,5,AI,0x7,user_entry,
Site,AJ5,5,AJ,0x7,user_entry,
Site,AK5,5,AK,0x7,user_entry,
Site,AL5,5,AL,0x7,user_entry,
Site,AM5,5,AM,0x7,user_entry,
Site,AN5,5,AN,0x7,user_entry,
Site,AO5,5,AO,0x7,user_entry,
Site,AP5,5,AP,0x7,user_entry,
Site,AQ5,5,AQ,0x7,user_entry,
Site,AR5,5,AR,0x7,user_entry,
Site,AS5,5,AS,0x7,user_entry,
Site,AT5,5,AT,0x7,user_entry,
Site,AU5,5,AU,0x7,user_entry,
Site,AV5,5,AV,0x7,user_entry,
Site,P7,7,P,REPORT WRITER,user_entry,
Site,U9,9,U,System,user_entry,
Site,P10,10,P,Navigate,user_entry,
Site,S10,10,S,0x7,user_entry,
Site,U10,10,U,Column,user_entry,
Site,W10,10,W,Site Description,user_entry,
Site,U11,11,U,All,user_entry,
Site,W11,11,W,Portfolio DataTape Header Column,user_entry,
Site,P12,12,P,Toggle Display,user_entry,
Site,U12,12,U,1.0,user_entry,
Site,W12,12,W,No. of Parcels,user_entry,
Site,Y12,12,Y,Choose Number of Parcels,user_entry,
Site,AC12,12,AC,1.0,user_entry,
Site,P15,15,P,Show Totals Column,user_entry,
Site,X15,15,X,Site Characteristics Data Entry Table,user_entry,
Site,A17,17,A,PropertyTypeKey,user_entry,
Site,AB18,18,AB,Hide,user_entry,
Site,AC18,18,AC,Show,user_entry,
Site,AD18,18,AD,Auto,user_entry,
Site,AE18,18,AE,Auto,user_entry,
Site,AF18,18,AF,Auto,user_entry,
Site,AG18,18,AG,Auto,user_entry,
Site,AH18,18,AH,Auto,user_entry,
Site,AI18,18,AI,Auto,user_entry,
Site,AJ18,18,AJ,Auto,user_entry,
Site,AK18,18,AK,Auto,user_entry,
Site,AL18,18,AL,Auto,user_entry,
Site,AM18,18,AM,Auto,user_entry,
Site,AN18,18,AN,Auto,user_entry,
Site,AO18,18,AO,Auto,user_entry,
Site,AP18,18,AP,Auto,user_entry,
Site,AQ18,18,AQ,Auto,user_entry,
Site,AR18,18,AR,Auto,user_entry,
Site,AS18,18,AS,Auto,user_entry,
Site,AT18,18,AT,Auto,user_entry,
Site,AU18,18,AU,Auto,user_entry,
Site,AV18,18,AV,Auto,user_entry,
Site,A19,19,A,Multi-Family|Mobile/Manufactured Home Park,user_entry,
Site,B19,19,B,Multi-Family|All,user_entry,
Site,C19,19,C,Multi-Family|Student-Oriented Housing,user_entry,
Site,D19,19,D,Multi-Family|Affordable,user_entry,
Site,E19,19,E,Retail-Commercial|All,user_entry,
Site,F19,19,F,Shopping Center|Super Regional Center/Mall,user_entry,
Site,G19,19,G,Office|All,user_entry,
Site,H19,19,H,Health Care|All,user_entry,
Site,I19,19,I,Senior Housing|All,user_entry,
Site,J19,19,J,Industrial|All,user_entry,
Site,K19,19,K,Self-Storage|All,user_entry,
Site,L19,19,L,Lodging & Hospitality|All,user_entry,
Site,N19,19,N,Active PropertyType,user_entry,
Site,Z19,19,Z,Database Record (Optional),user_entry,
Site,AA19,19,AA,Method,user_entry,
Site,AB19,19,AB,Totals,user_entry,
Site,AC19,19,AC,Parcel 1,user_entry,
Site,AD19,19,AD,Parcel 2,user_entry,
Site,AE19,19,AE,Parcel 3,user_entry,
Site,AF19,19,AF,Parcel 4,user_entry,
Site,AG19,19,AG,Parcel 5,user_entry,
Site,AH19,19,AH,Parcel 6,user_entry,
Site,AI19,19,AI,Parcel 7,user_entry,
Site,AJ19,19,AJ,Parcel 8,user_entry,
Site,AK19,19,AK,Parcel 9,user_entry,
Site,AL19,19,AL,Parcel 10,user_entry,
Site,AM19,19,AM,Parcel 11,user_entry,
Site,AN19,19,AN,Parcel 12,user_entry,
Site,AO19,19,AO,Parcel 13,user_entry,
Site,AP19,19,AP,Parcel 14,user_entry,
Site,AQ19,19,AQ,Parcel 15,user_entry,
Site,AR19,19,AR,Parcel 16,user_entry,
Site,AS19,19,AS,Parcel 17,user_entry,
Site,AT19,19,AT,Parcel 18,user_entry,
Site,AU19,19,AU,Parcel 19,user_entry,
Site,AV19,19,AV,Parcel 20,user_entry,
Site,A20,20,A,Show,user_entry,
Site,B20,20,B,Show,user_entry,
Site,C20,20,C,Show,user_entry,
Site,D20,20,D,Show,user_entry,
Site,E20,20,E,Show,user_entry,
Site,F20,20,F,Show,user_entry,
Site,G20,20,G,Show,user_entry,
Site,H20,20,H,Show,user_entry,
Site,I20,20,I,Show,user_entry,
Site,J20,20,J,Show,user_entry,
Site,K20,20,K,Show,user_entry,
Site,L20,20,L,Show,user_entry,
Site,N20,20,N,Show,user_entry,
Site,R20,20,R,Show,user_entry,
Site,S20,20,S,0.5,user_entry,
Site,Y20,20,Y,Parcel ID,user_entry,
Site,AB20,20,AB,326-09-073,user_entry,
Site,AC20,20,AC,326-09-073,user_entry,
Site,AX20,20,AX,Clear Parcel ID Links,user_entry,
Site,A21,21,A,Hide,user_entry,
Site,B21,21,B,Hide,user_entry,
Site,C21,21,C,Hide,user_entry,
Site,D21,21,D,Hide,user_entry,
Site,E21,21,E,Hide,user_entry,
Site,F21,21,F,Hide,user_entry,
Site,G21,21,G,Hide,user_entry,
Site,H21,21,H,Hide,user_entry,
Site,I21,21,I,Hide,user_entry,
Site,J21,21,J,Hide,user_entry,
Site,K21,21,K,Hide,user_entry,
Site,L21,21,L,Hide,user_entry,
Site,N21,21,N,Hide,user_entry,
Site,P21,21,P,Show,user_entry,
Site,R21,21,R,Hide,user_entry,
Site,S21,21,S,0x7,user_entry,
Site,Y21,21,Y,Location,user_entry,
Site,AA21,21,AA,Parcel 1,user_entry,
Site,AB21,21,AB,0.0,user_entry,
Site,A22,22,A,Show,user_entry,
Site,B22,22,B,Show,user_entry,
Site,C22,22,C,Show,user_entry,
Site,D22,22,D,Show,user_entry,
Site,E22,22,E,Show,user_entry,
Site,F22,22,F,Show,user_entry,
Site,G22,22,G,Show,user_entry,
Site,H22,22,H,Show,user_entry,
Site,I22,22,I,Hide,user_entry,
Site,J22,22,J,Show,user_entry,
Site,K22,22,K,Show,user_entry,
Site,L22,22,L,Show,user_entry,
Site,N22,22,N,Show,user_entry,
Site,P22,22,P,Show,user_entry,
Site,R22,22,R,Show,user_entry,
Site,S22,22,S,0.5,user_entry,
Site,Y22,22,Y,Land Use,user_entry,
Site,Z22,22,Z,Residential,user_entry,
Site,AA22,22,AA,Parcel 1,user_entry,
Site,AB22,22,AB,Residential,user_entry,
Site,AC22,22,AC,Residential,user_entry,
Site,A23,23,A,Show,user_entry,
Site,B23,23,B,Show,user_entry,
Site,C23,23,C,Show,user_entry,
Site,D23,23,D,Show,user_entry,
Site,E23,23,E,Show,user_entry,
Site,F23,23,F,Show,user_entry,
Site,G23,23,G,Show,user_entry,
Site,H23,23,H,Show,user_entry,
Site,I23,23,I,Show,user_entry,
Site,J23,23,J,Show,user_entry,
Site,K23,23,K,Show,user_entry,
Site,L23,23,L,Show,user_entry,
Site,N23,23,N,Show,user_entry,
Site,P23,23,P,Show,user_entry,
Site,R23,23,R,Show,user_entry,
Site,S23,23,S,0.5,user_entry,
Site,W23,23,W,Current Use,user_entry,
Site,Y23,23,Y,Current Use,user_entry,
Site,AA23,23,AA,Parcel 1,user_entry,
Site,AB23,23,AB,0.0,user_entry,
Site,A24,24,A,Hide,user_entry,
Site,B24,24,B,Auto,user_entry,
Site,C24,24,C,Auto,user_entry,
Site,D24,24,D,Auto,user_entry,
Site,E24,24,E,Auto,user_entry,
Site,F24,24,F,Auto,user_entry,
Site,G24,24,G,Auto,user_entry,
Site,H24,24,H,Auto,user_entry,
Site,I24,24,I,Hide,user_entry,
Site,J24,24,J,Auto,user_entry,
Site,K24,24,K,Auto,user_entry,
Site,L24,24,L,Auto,user_entry,
Site,N24,24,N,Auto,user_entry,
Site,P24,24,P,Show,user_entry,
Site,R24,24,R,Auto,user_entry,
Site,S24,24,S,0x7,user_entry,
Site,Y24,24,Y,Proposed Use,user_entry,
Site,AA24,24,AA,Parcel 1,user_entry,
Site,AB24,24,AB,0.0,user_entry,
Site,A25,25,A,Show,user_entry,
Site,B25,25,B,Show,user_entry,
Site,C25,25,C,Show,user_entry,
Site,D25,25,D,Show,user_entry,
Site,E25,25,E,Show,user_entry,
Site,F25,25,F,Show,user_entry,
Site,G25,25,G,Show,user_entry,
Site,H25,25,H,Show,user_entry,
Site,I25,25,I,Show,user_entry,
Site,J25,25,J,Show,user_entry,
Site,K25,25,K,Show,user_entry,
Site,L25,25,L,Show,user_entry,
Site,N25,25,N,Show,user_entry,
Site,P25,25,P,Show,user_entry,
Site,R25,25,R,Show,user_entry,
Site,S25,25,S,0.5,user_entry,
Site,Y25,25,Y,Highest and Best Use Site as Vacant,user_entry,
Site,AA25,25,AA,Parcel 1,user_entry,
Site,AB25,25,AB,0.0,user_entry,
Site,A26,26,A,Hide,user_entry,
Site,B26,26,B,Hide,user_entry,
Site,C26,26,C,Hide,user_entry,
Site,D26,26,D,Hide,user_entry,
Site,E26,26,E,Hide,user_entry,
Site,F26,26,F,Hide,user_entry,
Site,G26,26,G,Hide,user_entry,
Site,H26,26,H,Hide,user_entry,
Site,I26,26,I,Hide,user_entry,
Site,J26,26,J,Hide,user_entry,
Site,K26,26,K,Hide,user_entry,
Site,L26,26,L,Hide,user_entry,
Site,N26,26,N,Hide,user_entry,
Site,P26,26,P,Hide,user_entry,
Site,R26,26,R,Hide,user_entry,
Site,S26,26,S,0x7,user_entry,
Site,Y26,26,Y,Highest and Best Use Comments Site as Vacant,user_entry,
Site,AB26,26,AB,0.0,user_entry,
Site,A27,27,A,Show,user_entry,
Site,B27,27,B,Show,user_entry,
Site,C27,27,C,Show,user_entry,
Site,D27,27,D,Show,user_entry,
Site,E27,27,E,Show,user_entry,
Site,F27,27,F,Show,user_entry,
Site,G27,27,G,Show,user_entry,
Site,H27,27,H,Show,user_entry,
Site,I27,27,I,Show,user_entry,
Site,J27,27,J,Show,user_entry,
Site,K27,27,K,Show,user_entry,
Site,L27,27,L,Show,user_entry,
Site,N27,27,N,Show,user_entry,
Site,P27,27,P,Show,user_entry,
Site,R27,27,R,Show,user_entry,
Site,S27,27,S,0.5,user_entry,
Site,Y27,27,Y,Highest and Best Use Site as Improved,user_entry,
Site,AB27,27,AB,0.0,user_entry,
Site,A28,28,A,Hide,user_entry,
Site,B28,28,B,Hide,user_entry,
Site,C28,28,C,Hide,user_entry,
Site,D28,28,D,Hide,user_entry,
Site,E28,28,E,Hide,user_entry,
Site,F28,28,F,Hide,user_entry,
Site,G28,28,G,Hide,user_entry,
Site,H28,28,H,Hide,user_entry,
Site,I28,28,I,Hide,user_entry,
Site,J28,28,J,Hide,user_entry,
Site,K28,28,K,Hide,user_entry,
Site,L28,28,L,Hide,user_entry,
Site,N28,28,N,Hide,user_entry,
Site,P28,28,P,Hide,user_entry,
Site,R28,28,R,Hide,user_entry,
Site,S28,28,S,0x7,user_entry,
Site,Y28,28,Y,Highest and Best Use Comments Site as Improved,user_entry,
Site,AA28,28,AA,Parcel 1,user_entry,
Site,AB28,28,AB,0.0,user_entry,
Site,A29,29,A,Hide,user_entry,
Site,B29,29,B,Hide,user_entry,
Site,C29,29,C,Hide,user_entry,
Site,D29,29,D,Hide,user_entry,
Site,E29,29,E,Show,user_entry,
Site,F29,29,F,Show,user_entry,
Site,G29,29,G,Hide,user_entry,
Site,H29,29,H,Hide,user_entry,
Site,I29,29,I,Hide,user_entry,
Site,J29,29,J,Hide,user_entry,
Site,K29,29,K,Show,user_entry,
Site,L29,29,L,Hide,user_entry,
Site,N29,29,N,Hide,user_entry,
Site,P29,29,P,Show,user_entry,
Site,R29,29,R,Hide,user_entry,
Site,S29,29,S,0x7,user_entry,
Site,W29,29,W,Traffic Count (VPD),user_entry,
Site,Y29,29,Y,Traffic Count (Primary Frontage),user_entry,
Site,AA29,29,AA,Parcel 1,user_entry,
Site,AB29,29,AB,0.0,user_entry,
Site,A30,30,A,Hide,user_entry,
Site,B30,30,B,Hide,user_entry,
Site,C30,30,C,Hide,user_entry,
Site,D30,30,D,Hide,user_entry,
Site,E30,30,E,Show,user_entry,
Site,F30,30,F,Show,user_entry,
Site,G30,30,G,Hide,user_entry,
Site,H30,30,H,Hide,user_entry,
Site,I30,30,I,Hide,user_entry,
Site,J30,30,J,Hide,user_entry,
Site,K30,30,K,Hide,user_entry,
Site,L30,30,L,Hide,user_entry,
Site,N30,30,N,Hide,user_entry,
Site,P30,30,P,Show,user_entry,
Site,R30,30,R,Hide,user_entry,
Site,S30,30,S,0x7,user_entry,
Site,Y30,30,Y,Traffic Count (Secondary Frontage),user_entry,
Site,AA30,30,AA,Parcel 1,user_entry,
Site,AB30,30,AB,0.0,user_entry,
Site,A31,31,A,Hide,user_entry,
Site,B31,31,B,Hide,user_entry,
Site,C31,31,C,Hide,user_entry,
Site,D31,31,D,Hide,user_entry,
Site,E31,31,E,Show,user_entry,
Site,F31,31,F,Show,user_entry,
Site,G31,31,G,Hide,user_entry,
Site,H31,31,H,Hide,user_entry,
Site,I31,31,I,Hide,user_entry,
Site,J31,31,J,Hide,user_entry,
Site,K31,31,K,Hide,user_entry,
Site,L31,31,L,Hide,user_entry,
Site,N31,31,N,Hide,user_entry,
Site,P31,31,P,Show,user_entry,
Site,R31,31,R,Hide,user_entry,
Site,S31,31,S,0x7,user_entry,
Site,Y31,31,Y,Traffic Count (Tertiary Frontage),user_entry,
Site,AA31,31,AA,Parcel 1,user_entry,
Site,AB31,31,AB,0.0,user_entry,
Site,A32,32,A,Hide,user_entry,
Site,B32,32,B,Hide,user_entry,
Site,C32,32,C,Hide,user_entry,
Site,D32,32,D,Hide,user_entry,
Site,E32,32,E,Show,user_entry,
Site,F32,32,F,Show,user_entry,
Site,G32,32,G,Hide,user_entry,
Site,H32,32,H,Hide,user_entry,
Site,I32,32,I,Hide,user_entry,
Site,J32,32,J,Hide,user_entry,
Site,K32,32,K,Show,user_entry,
Site,L32,32,L,Hide,user_entry,
Site,N32,32,N,Hide,user_entry,
Site,P32,32,P,Show,user_entry,
Site,R32,32,R,Hide,user_entry,
Site,S32,32,S,0x7,user_entry,
Site,Y32,32,Y,Traffic Count Date,user_entry,
Site,AA32,32,AA,Parcel 1,user_entry,
Site,AB32,32,AB,0.0,user_entry,
Site,A33,33,A,Show,user_entry,
Site,B33,33,B,Show,user_entry,
Site,C33,33,C,Show,user_entry,
Site,D33,33,D,Show,user_entry,
Site,E33,33,E,Show,user_entry,
Site,F33,33,F,Show,user_entry,
Site,G33,33,G,Show,user_entry,
Site,H33,33,H,Show,user_entry,
Site,I33,33,I,Show,user_entry,
Site,J33,33,J,Show,user_entry,
Site,K33,33,K,Show,user_entry,
Site,L33,33,L,Show,user_entry,
Site,N33,33,N,Show,user_entry,
Site,P33,33,P,Show,user_entry,
Site,R33,33,R,Show,user_entry,
Site,S33,33,S,0.5,user_entry,
Site,W33,33,W,Legal Description,user_entry,
Site,Y33,33,Y,Legal Description,user_entry,
Site,AA33,33,AA,Concatenate,user_entry,
Site,AB33,33,AB,0.0,user_entry,
Site,A34,34,A,Hide,user_entry,
Site,B34,34,B,Hide,user_entry,
Site,C34,34,C,Hide,user_entry,
Site,D34,34,D,Hide,user_entry,
Site,E34,34,E,Hide,user_entry,
Site,F34,34,F,Hide,user_entry,
Site,G34,34,G,Hide,user_entry,
Site,H34,34,H,Hide,user_entry,
Site,I34,34,I,Hide,user_entry,
Site,J34,34,J,Hide,user_entry,
Site,K34,34,K,Hide,user_entry,
Site,L34,34,L,Hide,user_entry,
Site,N34,34,N,Hide,user_entry,
Site,P34,34,P,Hide,user_entry,
Site,R34,34,R,Hide,user_entry,
Site,S34,34,S,0x7,user_entry,
Site,AW34,34,AW,?,user_entry,
Site,A35,35,A,Show,user_entry,
Site,B35,35,B,Show,user_entry,
Site,C35,35,C,Show,user_entry,
Site,D35,35,D,Show,user_entry,
Site,E35,35,E,Show,user_entry,
Site,F35,35,F,Show,user_entry,
Site,G35,35,G,Show,user_entry,
Site,H35,35,H,Show,user_entry,
Site,I35,35,I,Show,user_entry,
Site,J35,35,J,Show,user_entry,
Site,K35,35,K,Show,user_entry,
Site,L35,35,L,Show,user_entry,
Site,N35,35,N,Show,user_entry,
Site,P35,35,P,Show,user_entry,
Site,R35,35,R,Show,user_entry,
Site,S35,35,S,0.5,user_entry,
Site,W35,35,W,Google Latitude,user_entry,
Site,Y35,35,Y,Map Latitude,user_entry,
Site,Z35,35,Z,37.33588,user_entry,
Site,AA35,35,AA,Parcel 1,user_entry,
Site,AB35,35,AB,37.33588,user_entry,
Site,AC35,35,AC,37.33588,user_entry,
Site,A36,36,A,Show,user_entry,
Site,B36,36,B,Show,user_entry,
Site,C36,36,C,Show,user_entry,
Site,D36,36,D,Show,user_entry,
Site,E36,36,E,Show,user_entry,
Site,F36,36,F,Show,user_entry,
Site,G36,36,G,Show,user_entry,
Site,H36,36,H,Show,user_entry,
Site,I36,36,I,Show,user_entry,
Site,J36,36,J,Show,user_entry,
Site,K36,36,K,Show,user_entry,
Site,L36,36,L,Show,user_entry,
Site,N36,36,N,Show,user_entry,
Site,P36,36,P,Show,user_entry,
Site,R36,36,R,Show,user_entry,
Site,S36,36,S,0.5,user_entry,
Site,W36,36,W,Google Longitude,user_entry,
Site,Y36,36,Y,Map Longitude,user_entry,
Site,Z36,36,Z,-122.038681,user_entry,
Site,AA36,36,AA,Parcel 1,user_entry,
Site,AB36,36,AB,-122.038681,user_entry,
Site,AC36,36,AC,-122.038681,user_entry,
Site,A37,37,A,Hide,user_entry,
Site,B37,37,B,Hide,user_entry,
Site,C37,37,C,Hide,user_entry,
Site,D37,37,D,Hide,user_entry,
Site,E37,37,E,Hide,user_entry,
Site,F37,37,F,Hide,user_entry,
Site,G37,37,G,Hide,user_entry,
Site,H37,37,H,Hide,user_entry,
Site,I37,37,I,Hide,user_entry,
Site,J37,37,J,Hide,user_entry,
Site,K37,37,K,Hide,user_entry,
Site,L37,37,L,Hide,user_entry,
Site,N37,37,N,Hide,user_entry,
Site,P37,37,P,Hide,user_entry,
Site,R37,37,R,Hide,user_entry,
Site,S37,37,S,0x7,user_entry,
Site,A38,38,A,Show,user_entry,
Site,B38,38,B,Show,user_entry,
Site,C38,38,C,Show,user_entry,
Site,D38,38,D,Show,user_entry,
Site,E38,38,E,Show,user_entry,
Site,F38,38,F,Show,user_entry,
Site,G38,38,G,Show,user_entry,
Site,H38,38,H,Show,user_entry,
Site,I38,38,I,Show,user_entry,
Site,J38,38,J,Show,user_entry,
Site,K38,38,K,Show,user_entry,
Site,L38,38,L,Show,user_entry,
Site,N38,38,N,Show,user_entry,
Site,P38,38,P,Show,user_entry,
Site,R38,38,R,Show,user_entry,
Site,S38,38,S,0.5,user_entry,
Site,W38,38,W,Land Area (SF),user_entry,
Site,Y38,38,Y,Gross Land Area (Sq Ft),user_entry,
Site,Z38,38,Z,889494.0,user_entry,
Site,AA38,38,AA,Sum,user_entry,
Site,AB38,38,AB,889494.0,user_entry,
Site,AC38,38,AC,889494.0,user_entry,
Site,A39,39,A,Show,user_entry,
Site,B39,39,B,Show,user_entry,
Site,C39,39,C,Show,user_entry,
Site,D39,39,D,Show,user_entry,
Site,E39,39,E,Show,user_entry,
Site,F39,39,F,Show,user_entry,
Site,G39,39,G,Show,user_entry,
Site,H39,39,H,Show,user_entry,
Site,I39,39,I,Show,user_entry,
Site,J39,39,J,Show,user_entry,
Site,K39,39,K,Show,user_entry,
Site,L39,39,L,Show,user_entry,
Site,N39,39,N,Show,user_entry,
Site,P39,39,P,Show,user_entry,
Site,R39,39,R,Show,user_entry,
Site,S39,39,S,0.5,user_entry,
Site,Y39,39,Y,Gross Land Area (Acres),user_entry,
Site,Z39,39,Z,20.419972451790635,user_entry,
Site,AA39,39,AA,Sum,user_entry,
Site,AB39,39,AB,20.419972451790635,user_entry,
Site,AC39,39,AC,20.419972451790635,user_entry,
Site,A40,40,A,Hide,user_entry,
Site,B40,40,B,Auto,user_entry,
Site,C40,40,C,Auto,user_entry,
Site,D40,40,D,Auto,user_entry,
Site,E40,40,E,Auto,user_entry,
Site,F40,40,F,Auto,user_entry,
Site,G40,40,G,Auto,user_entry,
Site,H40,40,H,Auto,user_entry,
Site,I40,40,I,Hide,user_entry,
Site,J40,40,J,Auto,user_entry,
Site,K40,40,K,Auto,user_entry,
Site,L40,40,L,Hide,user_entry,
Site,N40,40,N,Auto,user_entry,
Site,P40,40,P,Show,user_entry,
Site,R40,40,R,Auto,user_entry,
Site,S40,40,S,1.0,user_entry,
Site,Y40,40,Y,Excess Land Area (Sq Ft),user_entry,
Site,AA40,40,AA,Sum,user_entry,
Site,AB40,40,AB,0.0,user_entry,
Site,A41,41,A,Hide,user_entry,
Site,B41,41,B,Auto,user_entry,
Site,C41,41,C,Auto,user_entry,
Site,D41,41,D,Auto,user_entry,
Site,E41,41,E,Auto,user_entry,
Site,F41,41,F,Auto,user_entry,
Site,G41,41,G,Auto,user_entry,
Site,H41,41,H,Auto,user_entry,
Site,I41,41,I,Hide,user_entry,
Site,J41,41,J,Auto,user_entry,
Site,K41,41,K,Auto,user_entry,
Site,L41,41,L,Hide,user_entry,
Site,N41,41,N,Auto,user_entry,
Site,P41,41,P,Show,user_entry,
Site,R41,41,R,Auto,user_entry,
Site,S41,41,S,1.0,user_entry,
Site,Y41,41,Y,Excess Land Area (Acres),user_entry,
Site,AA41,41,AA,Sum,user_entry,
Site,AB41,41,AB,0.0,user_entry,
Site,A42,42,A,Hide,user_entry,
Site,B42,42,B,Auto,user_entry,
Site,C42,42,C,Auto,user_entry,
Site,D42,42,D,Auto,user_entry,
Site,E42,42,E,Auto,user_entry,
Site,F42,42,F,Auto,user_entry,
Site,G42,42,G,Auto,user_entry,
Site,H42,42,H,Auto,user_entry,
Site,I42,42,I,Hide,user_entry,
Site,J42,42,J,Auto,user_entry,
Site,K42,42,K,Auto,user_entry,
Site,L42,42,L,Hide,user_entry,
Site,N42,42,N,Auto,user_entry,
Site,P42,42,P,Show,user_entry,
Site,R42,42,R,Auto,user_entry,
Site,S42,42,S,1.0,user_entry,
Site,Y42,42,Y,Usable Land Area (Sq Ft),user_entry,
Site,AA42,42,AA,Sum,user_entry,
Site,AB42,42,AB,0.0,user_entry,
Site,A43,43,A,Hide,user_entry,
Site,B43,43,B,Auto,user_entry,
Site,C43,43,C,Auto,user_entry,
Site,D43,43,D,Auto,user_entry,
Site,E43,43,E,Auto,user_entry,
Site,F43,43,F,Auto,user_entry,
Site,G43,43,G,Auto,user_entry,
Site,H43,43,H,Auto,user_entry,
Site,I43,43,I,Hide,user_entry,
Site,J43,43,J,Auto,user_entry,
Site,K43,43,K,Auto,user_entry,
Site,L43,43,L,Hide,user_entry,
Site,N43,43,N,Auto,user_entry,
Site,P43,43,P,Show,user_entry,
Site,R43,43,R,Auto,user_entry,
Site,S43,43,S,1.0,user_entry,
Site,Y43,43,Y,Usable Land Area (Acres),user_entry,
Site,AA43,43,AA,Sum,user_entry,
Site,AB43,43,AB,0.0,user_entry,
Site,A44,44,A,Hide,user_entry,
Site,B44,44,B,Hide,user_entry,
Site,C44,44,C,Hide,user_entry,
Site,D44,44,D,Hide,user_entry,
Site,E44,44,E,Hide,user_entry,
Site,F44,44,F,Hide,user_entry,
Site,G44,44,G,Hide,user_entry,
Site,H44,44,H,Hide,user_entry,
Site,I44,44,I,Hide,user_entry,
Site,J44,44,J,Hide,user_entry,
Site,K44,44,K,Hide,user_entry,
Site,L44,44,L,Hide,user_entry,
Site,N44,44,N,Hide,user_entry,
Site,P44,44,P,Show,user_entry,
Site,R44,44,R,Hide,user_entry,
Site,S44,44,S,0x7,user_entry,
Site,Y44,44,Y,Easement Land Area (Sq Ft),user_entry,
Site,AA44,44,AA,Sum,user_entry,
Site,AB44,44,AB,0.0,user_entry,
Site,A45,45,A,Hide,user_entry,
Site,B45,45,B,Hide,user_entry,
Site,C45,45,C,Hide,user_entry,
Site,D45,45,D,Hide,user_entry,
Site,E45,45,E,Hide,user_entry,
Site,F45,45,F,Hide,user_entry,
Site,G45,45,G,Hide,user_entry,
Site,H45,45,H,Hide,user_entry,
Site,I45,45,I,Hide,user_entry,
Site,J45,45,J,Hide,user_entry,
Site,K45,45,K,Hide,user_entry,
Site,L45,45,L,Hide,user_entry,
Site,N45,45,N,Hide,user_entry,
Site,P45,45,P,Show,user_entry,
Site,R45,45,R,Hide,user_entry,
Site,S45,45,S,0x7,user_entry,
Site,Y45,45,Y,Easement Land Area (Acres),user_entry,
Site,AA45,45,AA,Sum,user_entry,
Site,AB45,45,AB,0.0,user_entry,
Site,A46,46,A,Show,user_entry,
Site,B46,46,B,Show,user_entry,
Site,C46,46,C,Show,user_entry,
Site,D46,46,D,Show,user_entry,
Site,E46,46,E,Show,user_entry,
Site,F46,46,F,Show,user_entry,
Site,G46,46,G,Show,user_entry,
Site,H46,46,H,Show,user_entry,
Site,I46,46,I,Hide,user_entry,
Site,J46,46,J,Show,user_entry,
Site,K46,46,K,Show,user_entry,
Site,L46,46,L,Show,user_entry,
Site,N46,46,N,Show,user_entry,
Site,P46,46,P,Show,user_entry,
Site,R46,46,R,Show,user_entry,
Site,S46,46,S,0.5,user_entry,
Site,W46,46,W,Source for Land Area,user_entry,
Site,Y46,46,Y,Source for Land Area,user_entry,
Site,AA46,46,AA,Parcel 1,user_entry,
Site,AB46,46,AB,0.0,user_entry,
Site,A47,47,A,Hide,user_entry,
Site,B47,47,B,Hide,user_entry,
Site,C47,47,C,Hide,user_entry,
Site,D47,47,D,Hide,user_entry,
Site,E47,47,E,Hide,user_entry,
Site,F47,47,F,Hide,user_entry,
Site,G47,47,G,Hide,user_entry,
Site,H47,47,H,Hide,user_entry,
Site,I47,47,I,Hide,user_entry,
Site,J47,47,J,Hide,user_entry,
Site,K47,47,K,Hide,user_entry,
Site,L47,47,L,Hide,user_entry,
Site,N47,47,N,Hide,user_entry,
Site,P47,47,P,Hide,user_entry,
Site,R47,47,R,Hide,user_entry,
Site,S47,47,S,0x7,user_entry,
Site,A48,48,A,Hide,user_entry,
Site,B48,48,B,Auto,user_entry,
Site,C48,48,C,Auto,user_entry,
Site,D48,48,D,Auto,user_entry,
Site,E48,48,E,Auto,user_entry,
Site,F48,48,F,Auto,user_entry,
Site,G48,48,G,Auto,user_entry,
Site,H48,48,H,Auto,user_entry,
Site,I48,48,I,Hide,user_entry,
Site,J48,48,J,Auto,user_entry,
Site,K48,48,K,Auto,user_entry,
Site,L48,48,L,Auto,user_entry,
Site,N48,48,N,Auto,user_entry,
Site,P48,48,P,Hide,user_entry,
Site,R48,48,R,Auto,user_entry,
Site,S48,48,S,0x7,user_entry,
Site,Y48,48,Y,Buildable SF,user_entry,
Site,AA48,48,AA,Sum,user_entry,
Site,AB48,48,AB,0.0,user_entry,
Site,A49,49,A,Hide,user_entry,
Site,B49,49,B,Auto,user_entry,
Site,C49,49,C,Auto,user_entry,
Site,D49,49,D,Auto,user_entry,
Site,E49,49,E,Auto,user_entry,
Site,F49,49,F,Auto,user_entry,
Site,G49,49,G,Auto,user_entry,
Site,H49,49,H,Auto,user_entry,
Site,I49,49,I,Hide,user_entry,
Site,J49,49,J,Auto,user_entry,
Site,K49,49,K,Auto,user_entry,
Site,L49,49,L,Auto,user_entry,
Site,N49,49,N,Auto,user_entry,
Site,P49,49,P,Hide,user_entry,
Site,R49,49,R,Auto,user_entry,
Site,S49,49,S,0x7,user_entry,
Site,Y49,49,Y,Allowable Floor Area SF,user_entry,
Site,AA49,49,AA,Sum,user_entry,
Site,AB49,49,AB,0.0,user_entry,
Site,A50,50,A,Hide,user_entry,
Site,B50,50,B,Auto,user_entry,
Site,C50,50,C,Auto,user_entry,
Site,D50,50,D,Auto,user_entry,
Site,E50,50,E,Auto,user_entry,
Site,F50,50,F,Auto,user_entry,
Site,G50,50,G,Auto,user_entry,
Site,H50,50,H,Auto,user_entry,
Site,I50,50,I,Hide,user_entry,
Site,J50,50,J,Auto,user_entry,
Site,K50,50,K,Auto,user_entry,
Site,L50,50,L,Auto,user_entry,
Site,N50,50,N,Auto,user_entry,
Site,P50,50,P,Hide,user_entry,
Site,R50,50,R,Auto,user_entry,
Site,S50,50,S,0x7,user_entry,
Site,Y50,50,Y,Allowable Units,user_entry,
Site,AA50,50,AA,Sum,user_entry,
Site,AB50,50,AB,0.0,user_entry,
Site,A51,51,A,Hide,user_entry,
Site,B51,51,B,Auto,user_entry,
Site,C51,51,C,Auto,user_entry,
Site,D51,51,D,Auto,user_entry,
Site,E51,51,E,Auto,user_entry,
Site,F51,51,F,Auto,user_entry,
Site,G51,51,G,Auto,user_entry,
Site,H51,51,H,Auto,user_entry,
Site,I51,51,I,Hide,user_entry,
Site,J51,51,J,Auto,user_entry,
Site,K51,51,K,Auto,user_entry,
Site,L51,51,L,Auto,user_entry,
Site,N51,51,N,Auto,user_entry,
Site,P51,51,P,Hide,user_entry,
Site,R51,51,R,Auto,user_entry,
Site,S51,51,S,0x7,user_entry,
Site,Y51,51,Y,Proposed SF,user_entry,
Site,AA51,51,AA,Sum,user_entry,
Site,AB51,51,AB,0.0,user_entry,
Site,A52,52,A,Hide,user_entry,
Site,B52,52,B,Auto,user_entry,
Site,C52,52,C,Auto,user_entry,
Site,D52,52,D,Auto,user_entry,
Site,E52,52,E,Auto,user_entry,
Site,F52,52,F,Auto,user_entry,
Site,G52,52,G,Auto,user_entry,
Site,H52,52,H,Auto,user_entry,
Site,I52,52,I,Hide,user_entry,
Site,J52,52,J,Auto,user_entry,
Site,K52,52,K,Auto,user_entry,
Site,L52,52,L,Auto,user_entry,
Site,N52,52,N,Auto,user_entry,
Site,P52,52,P,Hide,user_entry,
Site,R52,52,R,Auto,user_entry,
Site,S52,52,S,0x7,user_entry,
Site,Y52,52,Y,Proposed Units,user_entry,
Site,AA52,52,AA,Sum,user_entry,
Site,AB52,52,AB,0.0,user_entry,
Site,A53,53,A,Hide,user_entry,
Site,B53,53,B,Hide,user_entry,
Site,C53,53,C,Hide,user_entry,
Site,D53,53,D,Hide,user_entry,
Site,E53,53,E,Hide,user_entry,
Site,F53,53,F,Hide,user_entry,
Site,G53,53,G,Hide,user_entry,
Site,H53,53,H,Hide,user_entry,
Site,I53,53,I,Hide,user_entry,
Site,J53,53,J,Hide,user_entry,
Site,K53,53,K,Hide,user_entry,
Site,L53,53,L,Hide,user_entry,
Site,N53,53,N,Hide,user_entry,
Site,P53,53,P,Hide,user_entry,
Site,R53,53,R,Hide,user_entry,
Site,S53,53,S,0x7,user_entry,
Site,Y53,53,Y,Metric  Measures,user_entry,
Site,A54,54,A,Hide,user_entry,
Site,B54,54,B,Hide,user_entry,
Site,C54,54,C,Hide,user_entry,
Site,D54,54,D,Hide,user_entry,
Site,E54,54,E,Hide,user_entry,
Site,F54,54,F,Hide,user_entry,
Site,G54,54,G,Hide,user_entry,
Site,H54,54,H,Hide,user_entry,
Site,I54,54,I,Hide,user_entry,
Site,J54,54,J,Hide,user_entry,
Site,K54,54,K,Hide,user_entry,
Site,L54,54,L,Hide,user_entry,
Site,N54,54,N,Hide,user_entry,
Site,P54,54,P,Hide,user_entry,
Site,R54,54,R,Hide,user_entry,
Site,S54,54,S,0x7,user_entry,
Site,X54,54,X,Metric >,user_entry,
Site,Y54,54,Y,Gross Land Area (Hectares),user_entry,
Site,AA54,54,AA,Sum,user_entry,
Site,AB54,54,AB,0.0,user_entry,
Site,A55,55,A,Hide,user_entry,
Site,B55,55,B,Hide,user_entry,
Site,C55,55,C,Hide,user_entry,
Site,D55,55,D,Hide,user_entry,
Site,E55,55,E,Hide,user_entry,
Site,F55,55,F,Hide,user_entry,
Site,G55,55,G,Hide,user_entry,
Site,H55,55,H,Hide,user_entry,
Site,I55,55,I,Hide,user_entry,
Site,J55,55,J,Hide,user_entry,
Site,K55,55,K,Hide,user_entry,
Site,L55,55,L,Hide,user_entry,
Site,N55,55,N,Hide,user_entry,
Site,P55,55,P,Hide,user_entry,
Site,R55,55,R,Hide,user_entry,
Site,S55,55,S,0x7,user_entry,
Site,X55,55,X,Leave blank for US,user_entry,
Site,Y55,55,Y,Gross Land Area (Sq Meters),user_entry,
Site,AA55,55,AA,Sum,user_entry,
Site,AB55,55,AB,0.0,user_entry,
Site,A56,56,A,Hide,user_entry,
Site,B56,56,B,Hide,user_entry,
Site,C56,56,C,Hide,user_entry,
Site,D56,56,D,Hide,user_entry,
Site,E56,56,E,Hide,user_entry,
Site,F56,56,F,Hide,user_entry,
Site,G56,56,G,Hide,user_entry,
Site,H56,56,H,Hide,user_entry,
Site,I56,56,I,Hide,user_entry,
Site,J56,56,J,Hide,user_entry,
Site,K56,56,K,Hide,user_entry,
Site,L56,56,L,Hide,user_entry,
Site,N56,56,N,Hide,user_entry,
Site,P56,56,P,Hide,user_entry,
Site,R56,56,R,Hide,user_entry,
Site,S56,56,S,0x7,user_entry,
Site,Y56,56,Y,Excess Land Area (Hectares),user_entry,
Site,AB56,56,AB,0.0,user_entry,
Site,A57,57,A,Hide,user_entry,
Site,B57,57,B,Hide,user_entry,
Site,C57,57,C,Hide,user_entry,
Site,D57,57,D,Hide,user_entry,
Site,E57,57,E,Hide,user_entry,
Site,F57,57,F,Hide,user_entry,
Site,G57,57,G,Hide,user_entry,
Site,H57,57,H,Hide,user_entry,
Site,I57,57,I,Hide,user_entry,
Site,J57,57,J,Hide,user_entry,
Site,K57,57,K,Hide,user_entry,
Site,L57,57,L,Hide,user_entry,
Site,N57,57,N,Hide,user_entry,
Site,P57,57,P,Hide,user_entry,
Site,R57,57,R,Hide,user_entry,
Site,S57,57,S,0x7,user_entry,
Site,Y57,57,Y,Excess Land Area (Sq Meters),user_entry,
Site,AB57,57,AB,0.0,user_entry,
Site,A58,58,A,Hide,user_entry,
Site,B58,58,B,Hide,user_entry,
Site,C58,58,C,Hide,user_entry,
Site,D58,58,D,Hide,user_entry,
Site,E58,58,E,Hide,user_entry,
Site,F58,58,F,Hide,user_entry,
Site,G58,58,G,Hide,user_entry,
Site,H58,58,H,Hide,user_entry,
Site,I58,58,I,Hide,user_entry,
Site,J58,58,J,Hide,user_entry,
Site,K58,58,K,Hide,user_entry,
Site,L58,58,L,Hide,user_entry,
Site,N58,58,N,Hide,user_entry,
Site,P58,58,P,Hide,user_entry,
Site,R58,58,R,Hide,user_entry,
Site,S58,58,S,0x7,user_entry,
Site,Y58,58,Y,Usable Land Area (Hectares),user_entry,
Site,AB58,58,AB,0.0,user_entry,
Site,A59,59,A,Hide,user_entry,
Site,B59,59,B,Hide,user_entry,
Site,C59,59,C,Hide,user_entry,
Site,D59,59,D,Hide,user_entry,
Site,E59,59,E,Hide,user_entry,
Site,F59,59,F,Hide,user_entry,
Site,G59,59,G,Hide,user_entry,
Site,H59,59,H,Hide,user_entry,
Site,I59,59,I,Hide,user_entry,
Site,J59,59,J,Hide,user_entry,
Site,K59,59,K,Hide,user_entry,
Site,L59,59,L,Hide,user_entry,
Site,N59,59,N,Hide,user_entry,
Site,P59,59,P,Hide,user_entry,
Site,R59,59,R,Hide,user_entry,
Site,S59,59,S,0x7,user_entry,
Site,Y59,59,Y,Usable Land Area (Sq Meters),user_entry,
Site,AB59,59,AB,0.0,user_entry,
Site,A60,60,A,Hide,user_entry,
Site,B60,60,B,Auto,user_entry,
Site,C60,60,C,Auto,user_entry,
Site,D60,60,D,Auto,user_entry,
Site,E60,60,E,Auto,user_entry,
Site,F60,60,F,Auto,user_entry,
Site,G60,60,G,Auto,user_entry,
Site,H60,60,H,Auto,user_entry,
Site,I60,60,I,Hide,user_entry,
Site,J60,60,J,Auto,user_entry,
Site,K60,60,K,Auto,user_entry,
Site,L60,60,L,Hide,user_entry,
Site,N60,60,N,Auto,user_entry,
Site,P60,60,P,Hide,user_entry,
Site,R60,60,R,Auto,user_entry,
Site,S60,60,S,1.0,user_entry,
Site,Y60,60,Y,Excess Land Area Comments,user_entry,
Site,AB60,60,AB,0.0,user_entry,
Site,A61,61,A,Hide,user_entry,
Site,B61,61,B,Auto,user_entry,
Site,C61,61,C,Auto,user_entry,
Site,D61,61,D,Auto,user_entry,
Site,E61,61,E,Auto,user_entry,
Site,F61,61,F,Auto,user_entry,
Site,G61,61,G,Auto,user_entry,
Site,H61,61,H,Auto,user_entry,
Site,I61,61,I,Hide,user_entry,
Site,J61,61,J,Auto,user_entry,
Site,K61,61,K,Auto,user_entry,
Site,L61,61,L,Hide,user_entry,
Site,N61,61,N,Auto,user_entry,
Site,P61,61,P,Hide,user_entry,
Site,R61,61,R,Auto,user_entry,
Site,S61,61,S,1.0,user_entry,
Site,Y61,61,Y,Usable Land Area Comments,user_entry,
Site,AB61,61,AB,0.0,user_entry,
Site,A62,62,A,Hide,user_entry,
Site,B62,62,B,Auto,user_entry,
Site,C62,62,C,Auto,user_entry,
Site,D62,62,D,Auto,user_entry,
Site,E62,62,E,Auto,user_entry,
Site,F62,62,F,Auto,user_entry,
Site,G62,62,G,Auto,user_entry,
Site,H62,62,H,Auto,user_entry,
Site,I62,62,I,Hide,user_entry,
Site,J62,62,J,Auto,user_entry,
Site,K62,62,K,Hide,user_entry,
Site,L62,62,L,Hide,user_entry,
Site,N62,62,N,Auto,user_entry,
Site,P62,62,P,Show,user_entry,
Site,R62,62,R,Auto,user_entry,
Site,S62,62,S,1.0,user_entry,
Site,Y62,62,Y,Land Units,user_entry,
Site,AA62,62,AA,Parcel 1,user_entry,
Site,AB62,62,AB,0.0,user_entry,
Site,A63,63,A,Hide,user_entry,
Site,B63,63,B,Auto,user_entry,
Site,C63,63,C,Auto,user_entry,
Site,D63,63,D,Auto,user_entry,
Site,E63,63,E,Auto,user_entry,
Site,F63,63,F,Auto,user_entry,
Site,G63,63,G,Auto,user_entry,
Site,H63,63,H,Auto,user_entry,
Site,I63,63,I,Hide,user_entry,
Site,J63,63,J,Auto,user_entry,
Site,K63,63,K,Hide,user_entry,
Site,L63,63,L,Hide,user_entry,
Site,N63,63,N,Auto,user_entry,
Site,P63,63,P,Show,user_entry,
Site,R63,63,R,Auto,user_entry,
Site,S63,63,S,1.0,user_entry,
Site,Y63,63,Y,Land Unit Type,user_entry,
Site,AA63,63,AA,Parcel 1,user_entry,
Site,AB63,63,AB,0.0,user_entry,
Site,AW63,63,AW,,user_entry,
Site,A64,64,A,Hide,user_entry,
Site,B64,64,B,Auto,user_entry,
Site,C64,64,C,Auto,user_entry,
Site,D64,64,D,Auto,user_entry,
Site,E64,64,E,Auto,user_entry,
Site,F64,64,F,Auto,user_entry,
Site,G64,64,G,Auto,user_entry,
Site,H64,64,H,Auto,user_entry,
Site,I64,64,I,Hide,user_entry,
Site,J64,64,J,Auto,user_entry,
Site,K64,64,K,Hide,user_entry,
Site,L64,64,L,Auto,user_entry,
Site,N64,64,N,Auto,user_entry,
Site,P64,64,P,Show,user_entry,
Site,R64,64,R,Auto,user_entry,
Site,S64,64,S,1.0,user_entry,
Site,Y64,64,Y,Approved or Zoned,user_entry,
Site,AA64,64,AA,Parcel 1,user_entry,
Site,AB64,64,AB,0.0,user_entry,
Site,AW64,64,AW,,user_entry,
Site,A65,65,A,Show,user_entry,
Site,B65,65,B,Show,user_entry,
Site,C65,65,C,Show,user_entry,
Site,D65,65,D,Show,user_entry,
Site,E65,65,E,Show,user_entry,
Site,F65,65,F,Show,user_entry,
Site,G65,65,G,Show,user_entry,
Site,H65,65,H,Show,user_entry,
Site,I65,65,I,Hide,user_entry,
Site,J65,65,J,Show,user_entry,
Site,K65,65,K,Show,user_entry,
Site,L65,65,L,Show,user_entry,
Site,N65,65,N,Show,user_entry,
Site,P65,65,P,Show,user_entry,
Site,R65,65,R,Show,user_entry,
Site,S65,65,S,0.5,user_entry,
Site,W65,65,W,Corner?,user_entry,
Site,Y65,65,Y,Corner Lot,user_entry,
Site,AA65,65,AA,Parcel 1,user_entry,
Site,AB65,65,AB,0.0,user_entry,
Site,AW65,65,AW,,user_entry,
Site,A66,66,A,Hide,user_entry,
Site,B66,66,B,Hide,user_entry,
Site,C66,66,C,Hide,user_entry,
Site,D66,66,D,Hide,user_entry,
Site,E66,66,E,Hide,user_entry,
Site,F66,66,F,Hide,user_entry,
Site,G66,66,G,Hide,user_entry,
Site,H66,66,H,Hide,user_entry,
Site,I66,66,I,Hide,user_entry,
Site,J66,66,J,Hide,user_entry,
Site,K66,66,K,Hide,user_entry,
Site,L66,66,L,Hide,user_entry,
Site,N66,66,N,Hide,user_entry,
Site,P66,66,P,Show,user_entry,
Site,R66,66,R,Hide,user_entry,
Site,S66,66,S,0x7,user_entry,
Site,Y66,66,Y,Dimensions,user_entry,
Site,AA66,66,AA,Parcel 1,user_entry,
Site,AB66,66,AB,0.0,user_entry,
Site,A67,67,A,Show,user_entry,
Site,B67,67,B,Show,user_entry,
Site,C67,67,C,Show,user_entry,
Site,D67,67,D,Show,user_entry,
Site,E67,67,E,Show,user_entry,
Site,F67,67,F,Show,user_entry,
Site,G67,67,G,Show,user_entry,
Site,H67,67,H,Show,user_entry,
Site,I67,67,I,Hide,user_entry,
Site,J67,67,J,Show,user_entry,
Site,K67,67,K,Show,user_entry,
Site,L67,67,L,Show,user_entry,
Site,N67,67,N,Show,user_entry,
Site,P67,67,P,Show,user_entry,
Site,R67,67,R,Show,user_entry,
Site,S67,67,S,0.5,user_entry,
Site,W67,67,W,Frontage St Name,user_entry,
Site,Y67,67,Y,Primary Frontage Street Name,user_entry,
Site,Z67,67,Z,HOMESTEAD RD,user_entry,
Site,AA67,67,AA,Parcel 1,user_entry,
Site,AB67,67,AB,HOMESTEAD RD,user_entry,
Site,AC67,67,AC,HOMESTEAD RD,user_entry,
Site,A68,68,A,Hide,user_entry,
Site,B68,68,B,Hide,user_entry,
Site,C68,68,C,Hide,user_entry,
Site,D68,68,D,Hide,user_entry,
Site,E68,68,E,Show,user_entry,
Site,F68,68,F,Show,user_entry,
Site,G68,68,G,Hide,user_entry,
Site,H68,68,H,Hide,user_entry,
Site,I68,68,I,Hide,user_entry,
Site,J68,68,J,Hide,user_entry,
Site,K68,68,K,Hide,user_entry,
Site,L68,68,L,Show,user_entry,
Site,N68,68,N,Hide,user_entry,
Site,P68,68,P,Show,user_entry,
Site,R68,68,R,Hide,user_entry,
Site,S68,68,S,0x7,user_entry,
Site,Y68,68,Y,Secondary Frontage Street Name,user_entry,
Site,AA68,68,AA,Parcel 1,user_entry,
Site,A69,69,A,Hide,user_entry,
Site,B69,69,B,Hide,user_entry,
Site,C69,69,C,Hide,user_entry,
Site,D69,69,D,Hide,user_entry,
Site,E69,69,E,Show,user_entry,
Site,F69,69,F,Show,user_entry,
Site,G69,69,G,Hide,user_entry,
Site,H69,69,H,Hide,user_entry,
Site,I69,69,I,Hide,user_entry,
Site,J69,69,J,Hide,user_entry,
Site,K69,69,K,Hide,user_entry,
Site,L69,69,L,Hide,user_entry,
Site,N69,69,N,Hide,user_entry,
Site,P69,69,P,Show,user_entry,
Site,R69,69,R,Hide,user_entry,
Site,S69,69,S,0x7,user_entry,
Site,Y69,69,Y,Tertiary Frontage Street Name,user_entry,
Site,AA69,69,AA,Parcel 1,user_entry,
Site,A70,70,A,Hide,user_entry,
Site,B70,70,B,Hide,user_entry,
Site,C70,70,C,Hide,user_entry,
Site,D70,70,D,Hide,user_entry,
Site,E70,70,E,Hide,user_entry,
Site,F70,70,F,Hide,user_entry,
Site,G70,70,G,Hide,user_entry,
Site,H70,70,H,Hide,user_entry,
Site,I70,70,I,Hide,user_entry,
Site,J70,70,J,Hide,user_entry,
Site,K70,70,K,Hide,user_entry,
Site,L70,70,L,Hide,user_entry,
Site,N70,70,N,Hide,user_entry,
Site,P70,70,P,Show,user_entry,
Site,R70,70,R,Hide,user_entry,
Site,S70,70,S,0x7,user_entry,
Site,Y70,70,Y,Road Frontage,user_entry,
Site,AA70,70,AA,Sum,user_entry,
Site,A71,71,A,Show,user_entry,
Site,B71,71,B,Show,user_entry,
Site,C71,71,C,Show,user_entry,
Site,D71,71,D,Show,user_entry,
Site,E71,71,E,Show,user_entry,
Site,F71,71,F,Show,user_entry,
Site,G71,71,G,Show,user_entry,
Site,H71,71,H,Show,user_entry,
Site,I71,71,I,Hide,user_entry,
Site,J71,71,J,Show,user_entry,
Site,K71,71,K,Show,user_entry,
Site,L71,71,L,Hide,user_entry,
Site,N71,71,N,Show,user_entry,
Site,P71,71,P,Show,user_entry,
Site,R71,71,R,Show,user_entry,
Site,S71,71,S,0.5,user_entry,
Site,W71,71,W,Frontage Feet,user_entry,
Site,Y71,71,Y,Frontage - Primary Street (Feet),user_entry,
Site,AA71,71,AA,Sum,user_entry,
Site,AB71,71,AB,0.0,user_entry,
Site,A72,72,A,Hide,user_entry,
Site,B72,72,B,Hide,user_entry,
Site,C72,72,C,Hide,user_entry,
Site,D72,72,D,Hide,user_entry,
Site,E72,72,E,Show,user_entry,
Site,F72,72,F,Show,user_entry,
Site,G72,72,G,Hide,user_entry,
Site,H72,72,H,Hide,user_entry,
Site,I72,72,I,Hide,user_entry,
Site,J72,72,J,Hide,user_entry,
Site,K72,72,K,Hide,user_entry,
Site,L72,72,L,Hide,user_entry,
Site,N72,72,N,Hide,user_entry,
Site,P72,72,P,Show,user_entry,
Site,R72,72,R,Hide,user_entry,
Site,S72,72,S,0x7,user_entry,
Site,Y72,72,Y,Frontage - Secondary Street (Feet),user_entry,
Site,AA72,72,AA,Sum,user_entry,
Site,AB72,72,AB,0.0,user_entry,
Site,A73,73,A,Hide,user_entry,
Site,B73,73,B,Hide,user_entry,
Site,C73,73,C,Hide,user_entry,
Site,D73,73,D,Hide,user_entry,
Site,E73,73,E,Show,user_entry,
Site,F73,73,F,Show,user_entry,
Site,G73,73,G,Hide,user_entry,
Site,H73,73,H,Hide,user_entry,
Site,I73,73,I,Hide,user_entry,
Site,J73,73,J,Hide,user_entry,
Site,K73,73,K,Hide,user_entry,
Site,L73,73,L,Hide,user_entry,
Site,N73,73,N,Hide,user_entry,
Site,P73,73,P,Show,user_entry,
Site,R73,73,R,Hide,user_entry,
Site,S73,73,S,0x7,user_entry,
Site,Y73,73,Y,Frontage - Tertiary Street (Feet),user_entry,
Site,AA73,73,AA,Sum,user_entry,
Site,AB73,73,AB,0.0,user_entry,
Site,A74,74,A,Hide,user_entry,
Site,B74,74,B,Show,user_entry,
Site,C74,74,C,Show,user_entry,
Site,D74,74,D,Show,user_entry,
Site,E74,74,E,Show,user_entry,
Site,F74,74,F,Show,user_entry,
Site,G74,74,G,Show,user_entry,
Site,H74,74,H,Show,user_entry,
Site,I74,74,I,Hide,user_entry,
Site,J74,74,J,Show,user_entry,
Site,K74,74,K,Hide,user_entry,
Site,L74,74,L,Hide,user_entry,
Site,N74,74,N,Show,user_entry,
Site,P74,74,P,Show,user_entry,
Site,R74,74,R,Show,user_entry,
Site,S74,74,S,0.5,user_entry,
Site,Y74,74,Y,Average Depth (Feet),user_entry,
Site,AA74,74,AA,Sum,user_entry,
Site,AB74,74,AB,0.0,user_entry,
Site,A75,75,A,Hide,user_entry,
Site,B75,75,B,Hide,user_entry,
Site,C75,75,C,Hide,user_entry,
Site,D75,75,D,Hide,user_entry,
Site,E75,75,E,Hide,user_entry,
Site,F75,75,F,Hide,user_entry,
Site,G75,75,G,Hide,user_entry,
Site,H75,75,H,Hide,user_entry,
Site,I75,75,I,Hide,user_entry,
Site,J75,75,J,Hide,user_entry,
Site,K75,75,K,Hide,user_entry,
Site,L75,75,L,Hide,user_entry,
Site,N75,75,N,Hide,user_entry,
Site,P75,75,P,Show,user_entry,
Site,R75,75,R,Hide,user_entry,
Site,S75,75,S,0x7,user_entry,
Site,Y75,75,Y,Water Frontage (Feet),user_entry,
Site,AA75,75,AA,Parcel 1,user_entry,
Site,AB75,75,AB,0.0,user_entry,
Site,A76,76,A,Hide,user_entry,
Site,B76,76,B,Hide,user_entry,
Site,C76,76,C,Hide,user_entry,
Site,D76,76,D,Hide,user_entry,
Site,E76,76,E,Hide,user_entry,
Site,F76,76,F,Hide,user_entry,
Site,G76,76,G,Hide,user_entry,
Site,H76,76,H,Hide,user_entry,
Site,I76,76,I,Hide,user_entry,
Site,J76,76,J,Hide,user_entry,
Site,K76,76,K,Hide,user_entry,
Site,L76,76,L,Hide,user_entry,
Site,N76,76,N,Hide,user_entry,
Site,P76,76,P,Show,user_entry,
Site,R76,76,R,Hide,user_entry,
Site,S76,76,S,0x7,user_entry,
Site,Y76,76,Y,Effective Water Frontage (Feet),user_entry,
Site,AA76,76,AA,Parcel 1,user_entry,
Site,AB76,76,AB,0.0,user_entry,
Site,A77,77,A,Hide,user_entry,
Site,B77,77,B,Hide,user_entry,
Site,C77,77,C,Hide,user_entry,
Site,D77,77,D,Hide,user_entry,
Site,E77,77,E,Hide,user_entry,
Site,F77,77,F,Hide,user_entry,
Site,G77,77,G,Hide,user_entry,
Site,H77,77,H,Hide,user_entry,
Site,I77,77,I,Hide,user_entry,
Site,J77,77,J,Hide,user_entry,
Site,K77,77,K,Hide,user_entry,
Site,L77,77,L,Hide,user_entry,
Site,N77,77,N,Hide,user_entry,
Site,P77,77,P,Hide,user_entry,
Site,R77,77,R,Hide,user_entry,
Site,S77,77,S,0x7,user_entry,
Site,Y77,77,Y,Metric  Measures,user_entry,
Site,AA77,77,AA,Parcel 1,user_entry,
Site,A78,78,A,Hide,user_entry,
Site,B78,78,B,Hide,user_entry,
Site,C78,78,C,Hide,user_entry,
Site,D78,78,D,Hide,user_entry,
Site,E78,78,E,Hide,user_entry,
Site,F78,78,F,Hide,user_entry,
Site,G78,78,G,Hide,user_entry,
Site,H78,78,H,Hide,user_entry,
Site,I78,78,I,Hide,user_entry,
Site,J78,78,J,Hide,user_entry,
Site,K78,78,K,Hide,user_entry,
Site,L78,78,L,Hide,user_entry,
Site,N78,78,N,Hide,user_entry,
Site,P78,78,P,Hide,user_entry,
Site,R78,78,R,Hide,user_entry,
Site,S78,78,S,0x7,user_entry,
Site,Y78,78,Y,Frontage - Primary Street (Meters),user_entry,
Site,Z78,78,Z,0.0,user_entry,
Site,AA78,78,AA,Parcel 1,user_entry,
Site,AB78,78,AB,0.0,user_entry,
Site,AC78,78,AC,0.0,user_entry,
Site,A79,79,A,Hide,user_entry,
Site,B79,79,B,Hide,user_entry,
Site,C79,79,C,Hide,user_entry,
Site,D79,79,D,Hide,user_entry,
Site,E79,79,E,Hide,user_entry,
Site,F79,79,F,Hide,user_entry,
Site,G79,79,G,Hide,user_entry,
Site,H79,79,H,Hide,user_entry,
Site,I79,79,I,Hide,user_entry,
Site,J79,79,J,Hide,user_entry,
Site,K79,79,K,Hide,user_entry,
Site,L79,79,L,Hide,user_entry,
Site,N79,79,N,Hide,user_entry,
Site,P79,79,P,Hide,user_entry,
Site,R79,79,R,Hide,user_entry,
Site,S79,79,S,0x7,user_entry,
Site,Y79,79,Y,Frontage - Secondary Street (Meters),user_entry,
Site,Z79,79,Z,0.0,user_entry,
Site,AA79,79,AA,Parcel 1,user_entry,
Site,AB79,79,AB,0.0,user_entry,
Site,AC79,79,AC,0.0,user_entry,
Site,A80,80,A,Hide,user_entry,
Site,B80,80,B,Hide,user_entry,
Site,C80,80,C,Hide,user_entry,
Site,D80,80,D,Hide,user_entry,
Site,E80,80,E,Hide,user_entry,
Site,F80,80,F,Hide,user_entry,
Site,G80,80,G,Hide,user_entry,
Site,H80,80,H,Hide,user_entry,
Site,I80,80,I,Hide,user_entry,
Site,J80,80,J,Hide,user_entry,
Site,K80,80,K,Hide,user_entry,
Site,L80,80,L,Hide,user_entry,
Site,N80,80,N,Hide,user_entry,
Site,P80,80,P,Hide,user_entry,
Site,R80,80,R,Hide,user_entry,
Site,S80,80,S,0x7,user_entry,
Site,Y80,80,Y,Average Depth (Meters),user_entry,
Site,Z80,80,Z,0.0,user_entry,
Site,AA80,80,AA,Parcel 1,user_entry,
Site,AB80,80,AB,0.0,user_entry,
Site,AC80,80,AC,0.0,user_entry,
Site,A81,81,A,Hide,user_entry,
Site,B81,81,B,Hide,user_entry,
Site,C81,81,C,Hide,user_entry,
Site,D81,81,D,Hide,user_entry,
Site,E81,81,E,Hide,user_entry,
Site,F81,81,F,Hide,user_entry,
Site,G81,81,G,Hide,user_entry,
Site,H81,81,H,Hide,user_entry,
Site,I81,81,I,Hide,user_entry,
Site,J81,81,J,Hide,user_entry,
Site,K81,81,K,Hide,user_entry,
Site,L81,81,L,Hide,user_entry,
Site,N81,81,N,Hide,user_entry,
Site,P81,81,P,Hide,user_entry,
Site,R81,81,R,Hide,user_entry,
Site,S81,81,S,0x7,user_entry,
Site,Y81,81,Y,Water Frontage (Meters),user_entry,
Site,AA81,81,AA,Parcel 1,user_entry,
Site,AB81,81,AB,0.0,user_entry,
Site,A82,82,A,Hide,user_entry,
Site,B82,82,B,Hide,user_entry,
Site,C82,82,C,Hide,user_entry,
Site,D82,82,D,Hide,user_entry,
Site,E82,82,E,Hide,user_entry,
Site,F82,82,F,Hide,user_entry,
Site,G82,82,G,Hide,user_entry,
Site,H82,82,H,Hide,user_entry,
Site,I82,82,I,Hide,user_entry,
Site,J82,82,J,Hide,user_entry,
Site,K82,82,K,Hide,user_entry,
Site,L82,82,L,Hide,user_entry,
Site,N82,82,N,Hide,user_entry,
Site,P82,82,P,Hide,user_entry,
Site,R82,82,R,Hide,user_entry,
Site,S82,82,S,0x7,user_entry,
Site,Y82,82,Y,Effective Water Frontage (Meters),user_entry,
Site,AA82,82,AA,Parcel 1,user_entry,
Site,AB82,82,AB,0.0,user_entry,
Site,A83,83,A,Show,user_entry,
Site,B83,83,B,Show,user_entry,
Site,C83,83,C,Show,user_entry,
Site,D83,83,D,Show,user_entry,
Site,E83,83,E,Hide,user_entry,
Site,F83,83,F,Hide,user_entry,
Site,G83,83,G,Hide,user_entry,
Site,H83,83,H,Hide,user_entry,
Site,I83,83,I,Hide,user_entry,
Site,J83,83,J,Hide,user_entry,
Site,K83,83,K,Hide,user_entry,
Site,L83,83,L,Show,user_entry,
Site,N83,83,N,Show,user_entry,
Site,P83,83,P,Show,user_entry,
Site,R83,83,R,Show,user_entry,
Site,S83,83,S,0.5,user_entry,
Site,Y83,83,Y,View,user_entry,
Site,AA83,83,AA,Parcel 1,user_entry,
Site,AB83,83,AB,0.0,user_entry,
Site,AW83,83,AW,,user_entry,
Site,A84,84,A,Show,user_entry,
Site,B84,84,B,Show,user_entry,
Site,C84,84,C,Show,user_entry,
Site,D84,84,D,Show,user_entry,
Site,E84,84,E,Show,user_entry,
Site,F84,84,F,Show,user_entry,
Site,G84,84,G,Show,user_entry,
Site,H84,84,H,Show,user_entry,
Site,I84,84,I,Show,user_entry,
Site,J84,84,J,Show,user_entry,
Site,K84,84,K,Show,user_entry,
Site,L84,84,L,Show,user_entry,
Site,N84,84,N,Show,user_entry,
Site,P84,84,P,Show,user_entry,
Site,R84,84,R,Show,user_entry,
Site,S84,84,S,0.5,user_entry,
Site,W84,84,W,Access,user_entry,
Site,Y84,84,Y,Access,user_entry,
Site,AA84,84,AA,Parcel 1,user_entry,
Site,AB84,84,AB,0.0,user_entry,
Site,AW84,84,AW,,user_entry,
Site,A85,85,A,Show,user_entry,
Site,B85,85,B,Show,user_entry,
Site,C85,85,C,Show,user_entry,
Site,D85,85,D,Show,user_entry,
Site,E85,85,E,Show,user_entry,
Site,F85,85,F,Show,user_entry,
Site,G85,85,G,Show,user_entry,
Site,H85,85,H,Show,user_entry,
Site,I85,85,I,Show,user_entry,
Site,J85,85,J,Show,user_entry,
Site,K85,85,K,Show,user_entry,
Site,L85,85,L,Show,user_entry,
Site,N85,85,N,Show,user_entry,
Site,P85,85,P,Show,user_entry,
Site,R85,85,R,Show,user_entry,
Site,S85,85,S,0.5,user_entry,
Site,W85,85,W,Exposure,user_entry,
Site,Y85,85,Y,Site Visibility,user_entry,
Site,AA85,85,AA,Parcel 1,user_entry,
Site,AB85,85,AB,0.0,user_entry,
Site,AW85,85,AW,,user_entry,
Site,A86,86,A,Hide,user_entry,
Site,B86,86,B,Hide,user_entry,
Site,C86,86,C,Hide,user_entry,
Site,D86,86,D,Hide,user_entry,
Site,E86,86,E,Hide,user_entry,
Site,F86,86,F,Hide,user_entry,
Site,G86,86,G,Hide,user_entry,
Site,H86,86,H,Hide,user_entry,
Site,I86,86,I,Hide,user_entry,
Site,J86,86,J,Hide,user_entry,
Site,K86,86,K,Hide,user_entry,
Site,L86,86,L,Hide,user_entry,
Site,N86,86,N,Hide,user_entry,
Site,P86,86,P,Show,user_entry,
Site,R86,86,R,Hide,user_entry,
Site,S86,86,S,0x7,user_entry,
Site,Y86,86,Y,Street Lighting,user_entry,
Site,AB86,86,AB,0.0,user_entry,
Site,A87,87,A,Hide,user_entry,
Site,B87,87,B,Hide,user_entry,
Site,C87,87,C,Hide,user_entry,
Site,D87,87,D,Hide,user_entry,
Site,E87,87,E,Hide,user_entry,
Site,F87,87,F,Hide,user_entry,
Site,G87,87,G,Hide,user_entry,
Site,H87,87,H,Hide,user_entry,
Site,I87,87,I,Hide,user_entry,
Site,J87,87,J,Hide,user_entry,
Site,K87,87,K,Hide,user_entry,
Site,L87,87,L,Hide,user_entry,
Site,N87,87,N,Hide,user_entry,
Site,P87,87,P,Show,user_entry,
Site,R87,87,R,Hide,user_entry,
Site,S87,87,S,0x7,user_entry,
Site,Y87,87,Y,Sidewalks,user_entry,
Site,AB87,87,AB,0.0,user_entry,
Site,A88,88,A,Hide,user_entry,
Site,B88,88,B,Hide,user_entry,
Site,C88,88,C,Hide,user_entry,
Site,D88,88,D,Hide,user_entry,
Site,E88,88,E,Hide,user_entry,
Site,F88,88,F,Hide,user_entry,
Site,G88,88,G,Hide,user_entry,
Site,H88,88,H,Hide,user_entry,
Site,I88,88,I,Hide,user_entry,
Site,J88,88,J,Hide,user_entry,
Site,K88,88,K,Hide,user_entry,
Site,L88,88,L,Hide,user_entry,
Site,N88,88,N,Hide,user_entry,
Site,P88,88,P,Show,user_entry,
Site,R88,88,R,Hide,user_entry,
Site,S88,88,S,0x7,user_entry,
Site,Y88,88,Y,Curb and Gutter,user_entry,
Site,AB88,88,AB,0.0,user_entry,
Site,A89,89,A,Hide,user_entry,
Site,B89,89,B,Show,user_entry,
Site,C89,89,C,Show,user_entry,
Site,D89,89,D,Show,user_entry,
Site,E89,89,E,Show,user_entry,
Site,F89,89,F,Show,user_entry,
Site,G89,89,G,Show,user_entry,
Site,H89,89,H,Show,user_entry,
Site,I89,89,I,Hide,user_entry,
Site,J89,89,J,Show,user_entry,
Site,K89,89,K,Show,user_entry,
Site,L89,89,L,Show,user_entry,
Site,N89,89,N,Show,user_entry,
Site,P89,89,P,Hide,user_entry,
Site,R89,89,R,Show,user_entry,
Site,S89,89,S,0.5,user_entry,
Site,W89,89,W,Drainage,user_entry,
Site,Y89,89,Y,Drainage,user_entry,
Site,AA89,89,AA,Parcel 1,user_entry,
Site,AB89,89,AB,0.0,user_entry,
Site,A90,90,A,Show,user_entry,
Site,B90,90,B,Show,user_entry,
Site,C90,90,C,Show,user_entry,
Site,D90,90,D,Show,user_entry,
Site,E90,90,E,Show,user_entry,
Site,F90,90,F,Show,user_entry,
Site,G90,90,G,Show,user_entry,
Site,H90,90,H,Show,user_entry,
Site,I90,90,I,Show,user_entry,
Site,J90,90,J,Show,user_entry,
Site,K90,90,K,Show,user_entry,
Site,L90,90,L,Show,user_entry,
Site,N90,90,N,Show,user_entry,
Site,P90,90,P,Show,user_entry,
Site,R90,90,R,Show,user_entry,
Site,S90,90,S,0.5,user_entry,
Site,Y90,90,Y,Landscaping,user_entry,
Site,AA90,90,AA,Parcel 1,user_entry,
Site,AB90,90,AB,0.0,user_entry,
Site,AW90,90,AW,,user_entry,
Site,A91,91,A,Hide,user_entry,
Site,B91,91,B,Hide,user_entry,
Site,C91,91,C,Hide,user_entry,
Site,D91,91,D,Hide,user_entry,
Site,E91,91,E,Hide,user_entry,
Site,F91,91,F,Hide,user_entry,
Site,G91,91,G,Hide,user_entry,
Site,H91,91,H,Hide,user_entry,
Site,I91,91,I,Hide,user_entry,
Site,J91,91,J,Hide,user_entry,
Site,K91,91,K,Hide,user_entry,
Site,L91,91,L,Hide,user_entry,
Site,N91,91,N,Hide,user_entry,
Site,P91,91,P,Hide,user_entry,
Site,R91,91,R,Hide,user_entry,
Site,S91,91,S,0x7,user_entry,
Site,AB91,91,AB,0.0,user_entry,
Site,A92,92,A,Show,user_entry,
Site,B92,92,B,Show,user_entry,
Site,C92,92,C,Show,user_entry,
Site,D92,92,D,Show,user_entry,
Site,E92,92,E,Show,user_entry,
Site,F92,92,F,Show,user_entry,
Site,G92,92,G,Show,user_entry,
Site,H92,92,H,Show,user_entry,
Site,I92,92,I,Show,user_entry,
Site,J92,92,J,Show,user_entry,
Site,K92,92,K,Show,user_entry,
Site,L92,92,L,Show,user_entry,
Site,N92,92,N,Show,user_entry,
Site,P92,92,P,Show,user_entry,
Site,R92,92,R,Show,user_entry,
Site,S92,92,S,0.5,user_entry,
Site,W92,92,W,Topography,user_entry,
Site,Y92,92,Y,Topography,user_entry,
Site,AA92,92,AA,Parcel 1,user_entry,
Site,AB92,92,AB,0.0,user_entry,
Site,AW92,92,AW,,user_entry,
Site,A93,93,A,Hide,user_entry,
Site,B93,93,B,Hide,user_entry,
Site,C93,93,C,Hide,user_entry,
Site,D93,93,D,Hide,user_entry,
Site,E93,93,E,Hide,user_entry,
Site,F93,93,F,Hide,user_entry,
Site,G93,93,G,Hide,user_entry,
Site,H93,93,H,Hide,user_entry,
Site,I93,93,I,Hide,user_entry,
Site,J93,93,J,Hide,user_entry,
Site,K93,93,K,Hide,user_entry,
Site,L93,93,L,Hide,user_entry,
Site,N93,93,N,Hide,user_entry,
Site,P93,93,P,Hide,user_entry,
Site,R93,93,R,Hide,user_entry,
Site,S93,93,S,0x7,user_entry,
Site,AB93,93,AB,0.0,user_entry,
Site,A94,94,A,Show,user_entry,
Site,B94,94,B,Show,user_entry,
Site,C94,94,C,Show,user_entry,
Site,D94,94,D,Show,user_entry,
Site,E94,94,E,Show,user_entry,
Site,F94,94,F,Show,user_entry,
Site,G94,94,G,Show,user_entry,
Site,H94,94,H,Show,user_entry,
Site,I94,94,I,Show,user_entry,
Site,J94,94,J,Show,user_entry,
Site,K94,94,K,Show,user_entry,
Site,L94,94,L,Show,user_entry,
Site,N94,94,N,Show,user_entry,
Site,P94,94,P,Show,user_entry,
Site,R94,94,R,Show,user_entry,
Site,S94,94,S,0.5,user_entry,
Site,W94,94,W,Shape,user_entry,
Site,Y94,94,Y,Shape,user_entry,
Site,AA94,94,AA,Parcel 1,user_entry,
Site,AB94,94,AB,0.0,user_entry,
Site,AW94,94,AW,,user_entry,
Site,A95,95,A,Hide,user_entry,
Site,B95,95,B,Hide,user_entry,
Site,C95,95,C,Hide,user_entry,
Site,D95,95,D,Hide,user_entry,
Site,E95,95,E,Hide,user_entry,
Site,F95,95,F,Hide,user_entry,
Site,G95,95,G,Hide,user_entry,
Site,H95,95,H,Hide,user_entry,
Site,I95,95,I,Hide,user_entry,
Site,J95,95,J,Hide,user_entry,
Site,K95,95,K,Hide,user_entry,
Site,L95,95,L,Hide,user_entry,
Site,N95,95,N,Hide,user_entry,
Site,P95,95,P,Hide,user_entry,
Site,R95,95,R,Hide,user_entry,
Site,S95,95,S,0x7,user_entry,
Site,AB95,95,AB,0.0,user_entry,
Site,AX95,95,AX,Long entries go to the narrative,user_entry,
Site,A96,96,A,Hide,user_entry,
Site,B96,96,B,Hide,user_entry,
Site,C96,96,C,Hide,user_entry,
Site,D96,96,D,Hide,user_entry,
Site,E96,96,E,Hide,user_entry,
Site,F96,96,F,Hide,user_entry,
Site,G96,96,G,Hide,user_entry,
Site,H96,96,H,Hide,user_entry,
Site,I96,96,I,Hide,user_entry,
Site,J96,96,J,Hide,user_entry,
Site,K96,96,K,Hide,user_entry,
Site,L96,96,L,Hide,user_entry,
Site,N96,96,N,Hide,user_entry,
Site,P96,96,P,Show,user_entry,
Site,R96,96,R,Hide,user_entry,
Site,S96,96,S,0x7,user_entry,
Site,Y96,96,Y,Soil Conditions,user_entry,
Site,AB96,96,AB,0.0,user_entry,
Site,AW96,96,AW,,user_entry,
Site,A97,97,A,Hide,user_entry,
Site,B97,97,B,Hide,user_entry,
Site,C97,97,C,Hide,user_entry,
Site,D97,97,D,Hide,user_entry,
Site,E97,97,E,Hide,user_entry,
Site,F97,97,F,Hide,user_entry,
Site,G97,97,G,Hide,user_entry,
Site,H97,97,H,Hide,user_entry,
Site,I97,97,I,Hide,user_entry,
Site,J97,97,J,Hide,user_entry,
Site,K97,97,K,Hide,user_entry,
Site,L97,97,L,Hide,user_entry,
Site,N97,97,N,Hide,user_entry,
Site,P97,97,P,Hide,user_entry,
Site,R97,97,R,Hide,user_entry,
Site,S97,97,S,0x7,user_entry,
Site,A98,98,A,Show,user_entry,
Site,B98,98,B,Show,user_entry,
Site,C98,98,C,Show,user_entry,
Site,D98,98,D,Show,user_entry,
Site,E98,98,E,Show,user_entry,
Site,F98,98,F,Show,user_entry,
Site,G98,98,G,Show,user_entry,
Site,H98,98,H,Show,user_entry,
Site,I98,98,I,Show,user_entry,
Site,J98,98,J,Show,user_entry,
Site,K98,98,K,Show,user_entry,
Site,L98,98,L,Show,user_entry,
Site,N98,98,N,Show,user_entry,
Site,P98,98,P,Show,user_entry,
Site,R98,98,R,Show,user_entry,
Site,S98,98,S,0.5,user_entry,
Site,W98,98,W,FEMA Map #,user_entry,
Site,Y98,98,Y,FEMA Map #,user_entry,
Site,Z98,98,Z,06085C0208H,user_entry,
Site,AA98,98,AA,Parcel 1,user_entry,
Site,AB98,98,AB,06085C0208H,user_entry,
Site,AC98,98,AC,06085C0208H,user_entry,
Site,A99,99,A,Show,user_entry,
Site,B99,99,B,Show,user_entry,
Site,C99,99,C,Show,user_entry,
Site,D99,99,D,Show,user_entry,
Site,E99,99,E,Show,user_entry,
Site,F99,99,F,Show,user_entry,
Site,G99,99,G,Show,user_entry,
Site,H99,99,H,Show,user_entry,
Site,I99,99,I,Show,user_entry,
Site,J99,99,J,Show,user_entry,
Site,K99,99,K,Show,user_entry,
Site,L99,99,L,Show,user_entry,
Site,N99,99,N,Show,user_entry,
Site,P99,99,P,Show,user_entry,
Site,R99,99,R,Show,user_entry,
Site,S99,99,S,0.5,user_entry,
Site,W99,99,W,FEMA Map Date,user_entry,
Site,Y99,99,Y,FEMA Map Date,user_entry,
Site,Z99,99,Z,39951.0,user_entry,
Site,AA99,99,AA,Parcel 1,user_entry,
Site,AB99,99,AB,39951.0,user_entry,
Site,AC99,99,AC,39951.0,user_entry,
Site,A100,100,A,Show,user_entry,
Site,B100,100,B,Show,user_entry,
Site,C100,100,C,Show,user_entry,
Site,D100,100,D,Show,user_entry,
Site,E100,100,E,Show,user_entry,
Site,F100,100,F,Show,user_entry,
Site,G100,100,G,Show,user_entry,
Site,H100,100,H,Show,user_entry,
Site,I100,100,I,Show,user_entry,
Site,J100,100,J,Show,user_entry,
Site,K100,100,K,Show,user_entry,
Site,L100,100,L,Show,user_entry,
Site,N100,100,N,Show,user_entry,
Site,P100,100,P,Show,user_entry,
Site,R100,100,R,Show,user_entry,
Site,S100,100,S,0.5,user_entry,
Site,W100,100,W,Flood Zone,user_entry,
Site,Y100,100,Y,Flood Zone,user_entry,
Site,Z100,100,Z,X,user_entry,
Site,AA100,100,AA,Parcel 1,user_entry,
Site,AB100,100,AB,X,user_entry,
Site,AC100,100,AC,X,user_entry,
Site,A101,101,A,Hide,user_entry,
Site,B101,101,B,Show,user_entry,
Site,C101,101,C,Show,user_entry,
Site,D101,101,D,Show,user_entry,
Site,E101,101,E,Show,user_entry,
Site,F101,101,F,Show,user_entry,
Site,G101,101,G,Show,user_entry,
Site,H101,101,H,Show,user_entry,
Site,I101,101,I,Show,user_entry,
Site,J101,101,J,Show,user_entry,
Site,K101,101,K,Show,user_entry,
Site,L101,101,L,Show,user_entry,
Site,N101,101,N,Show,user_entry,
Site,P101,101,P,Show,user_entry,
Site,R101,101,R,Show,user_entry,
Site,S101,101,S,0.5,user_entry,
Site,Y101,101,Y,In Flood Plain,user_entry,
Site,Z101,101,Z,0.0,user_entry,
Site,AB101,101,AB,0.0,user_entry,
Site,AC101,101,AC,Unknown,user_entry,
Site,AW101,101,AW,,user_entry,
Site,A102,102,A,Hide,user_entry,
Site,B102,102,B,Show,user_entry,
Site,C102,102,C,Show,user_entry,
Site,D102,102,D,Show,user_entry,
Site,E102,102,E,Show,user_entry,
Site,F102,102,F,Show,user_entry,
Site,G102,102,G,Show,user_entry,
Site,H102,102,H,Show,user_entry,
Site,I102,102,I,Show,user_entry,
Site,J102,102,J,Show,user_entry,
Site,K102,102,K,Auto,user_entry,
Site,L102,102,L,Show,user_entry,
Site,N102,102,N,Show,user_entry,
Site,P102,102,P,Show,user_entry,
Site,R102,102,R,Show,user_entry,
Site,S102,102,S,0.5,user_entry,
Site,Y102,102,Y,Area in Flood Zone,user_entry,
Site,Z102,102,Z,907769.0,user_entry,
Site,AA102,102,AA,Sum,user_entry,
Site,AB102,102,AB,907769.0,user_entry,
Site,AC102,102,AC,907769.0,user_entry,
Site,A103,103,A,Show,user_entry,
Site,B103,103,B,Show,user_entry,
Site,C103,103,C,Show,user_entry,
Site,D103,103,D,Show,user_entry,
Site,E103,103,E,Show,user_entry,
Site,F103,103,F,Show,user_entry,
Site,G103,103,G,Show,user_entry,
Site,H103,103,H,Show,user_entry,
Site,I103,103,I,Hide,user_entry,
Site,J103,103,J,Show,user_entry,
Site,K103,103,K,Show,user_entry,
Site,L103,103,L,Show,user_entry,
Site,N103,103,N,Show,user_entry,
Site,P103,103,P,Show,user_entry,
Site,R103,103,R,Show,user_entry,
Site,S103,103,S,0.5,user_entry,
Site,W103,103,W,Description,user_entry,
Site,Y103,103,Y,Flood Zone Comments,user_entry,
Site,AB103,103,AB,0.0,user_entry,
Site,AW103,103,AW,,user_entry,
Site,A104,104,A,Hide,user_entry,
Site,B104,104,B,Show,user_entry,
Site,C104,104,C,Show,user_entry,
Site,D104,104,D,Show,user_entry,
Site,E104,104,E,Show,user_entry,
Site,F104,104,F,Show,user_entry,
Site,G104,104,G,Show,user_entry,
Site,H104,104,H,Show,user_entry,
Site,I104,104,I,Hide,user_entry,
Site,J104,104,J,Show,user_entry,
Site,K104,104,K,Hide,user_entry,
Site,L104,104,L,Show,user_entry,
Site,N104,104,N,Show,user_entry,
Site,P104,104,P,Show,user_entry,
Site,R104,104,R,Show,user_entry,
Site,S104,104,S,0.5,user_entry,
Site,Y104,104,Y,Site in Earthquake Zone,user_entry,
Site,AB104,104,AB,0.0,user_entry,
Site,AW104,104,AW,,user_entry,
Site,A105,105,A,Hide,user_entry,
Site,B105,105,B,Show,user_entry,
Site,C105,105,C,Show,user_entry,
Site,D105,105,D,Show,user_entry,
Site,E105,105,E,Show,user_entry,
Site,F105,105,F,Show,user_entry,
Site,G105,105,G,Show,user_entry,
Site,H105,105,H,Show,user_entry,
Site,I105,105,I,Hide,user_entry,
Site,J105,105,J,Show,user_entry,
Site,K105,105,K,Show,user_entry,
Site,L105,105,L,Show,user_entry,
Site,N105,105,N,Show,user_entry,
Site,P105,105,P,Show,user_entry,
Site,R105,105,R,Show,user_entry,
Site,S105,105,S,0.5,user_entry,
Site,Y105,105,Y,Earthquake Hazard Risk,user_entry,
Site,AA105,105,AA,Parcel 1,user_entry,
Site,AW105,105,AW,,user_entry,
Site,A106,106,A,Hide,user_entry,
Site,B106,106,B,Show,user_entry,
Site,C106,106,C,Show,user_entry,
Site,D106,106,D,Show,user_entry,
Site,E106,106,E,Show,user_entry,
Site,F106,106,F,Show,user_entry,
Site,G106,106,G,Show,user_entry,
Site,H106,106,H,Show,user_entry,
Site,I106,106,I,Hide,user_entry,
Site,J106,106,J,Show,user_entry,
Site,K106,106,K,Hide,user_entry,
Site,L106,106,L,Show,user_entry,
Site,N106,106,N,Show,user_entry,
Site,P106,106,P,Show,user_entry,
Site,R106,106,R,Show,user_entry,
Site,S106,106,S,0.5,user_entry,
Site,Y106,106,Y,Earthquake Zone Comments,user_entry,
Site,AA106,106,AA,Parcel 1,user_entry,
Site,AB106,106,AB,0.0,user_entry,
Site,AW106,106,AW,,user_entry,
Site,A107,107,A,Hide,user_entry,
Site,B107,107,B,Show,user_entry,
Site,C107,107,C,Show,user_entry,
Site,D107,107,D,Show,user_entry,
Site,E107,107,E,Show,user_entry,
Site,F107,107,F,Show,user_entry,
Site,G107,107,G,Show,user_entry,
Site,H107,107,H,Show,user_entry,
Site,I107,107,I,Hide,user_entry,
Site,J107,107,J,Show,user_entry,
Site,K107,107,K,Hide,user_entry,
Site,L107,107,L,Show,user_entry,
Site,N107,107,N,Show,user_entry,
Site,P107,107,P,Show,user_entry,
Site,R107,107,R,Show,user_entry,
Site,S107,107,S,0.5,user_entry,
Site,W107,107,W,Encumbrance/Restrictions,user_entry,
Site,Y107,107,Y,Encumbrance / Easement Description,user_entry,
Site,AA107,107,AA,Parcel 1,user_entry,
Site,AB107,107,AB,0.0,user_entry,
Site,AW107,107,AW,,user_entry,
Site,A108,108,A,Hide,user_entry,
Site,B108,108,B,Show,user_entry,
Site,C108,108,C,Show,user_entry,
Site,D108,108,D,Show,user_entry,
Site,E108,108,E,Show,user_entry,
Site,F108,108,F,Show,user_entry,
Site,G108,108,G,Show,user_entry,
Site,H108,108,H,Show,user_entry,
Site,I108,108,I,Hide,user_entry,
Site,J108,108,J,Show,user_entry,
Site,K108,108,K,Hide,user_entry,
Site,L108,108,L,Show,user_entry,
Site,N108,108,N,Show,user_entry,
Site,P108,108,P,Show,user_entry,
Site,R108,108,R,Show,user_entry,
Site,S108,108,S,0.5,user_entry,
Site,W108,108,W,Environmental Hazards,user_entry,
Site,Y108,108,Y,Environmental Issues,user_entry,
Site,AA108,108,AA,Parcel 1,user_entry,
Site,AB108,108,AB,0.0,user_entry,
Site,AW108,108,AW,,user_entry,
Site,A109,109,A,Hide,user_entry,
Site,B109,109,B,Show,user_entry,
Site,C109,109,C,Show,user_entry,
Site,D109,109,D,Show,user_entry,
Site,E109,109,E,Show,user_entry,
Site,F109,109,F,Show,user_entry,
Site,G109,109,G,Show,user_entry,
Site,H109,109,H,Show,user_entry,
Site,I109,109,I,Hide,user_entry,
Site,J109,109,J,Show,user_entry,
Site,K109,109,K,Show,user_entry,
Site,L109,109,L,Show,user_entry,
Site,N109,109,N,Show,user_entry,
Site,P109,109,P,Show,user_entry,
Site,R109,109,R,Show,user_entry,
Site,S109,109,S,0.5,user_entry,
Site,Y109,109,Y,Wetlands Type,user_entry,
Site,Z109,109,Z,Not in Hazard,user_entry,
Site,AA109,109,AA,Parcel 1,user_entry,
Site,AB109,109,AB,Not in Hazard,user_entry,
Site,AC109,109,AC,Not in Hazard,user_entry,
Site,AW109,109,AW,,user_entry,
Site,A110,110,A,Hide,user_entry,
Site,B110,110,B,Show,user_entry,
Site,C110,110,C,Show,user_entry,
Site,D110,110,D,Show,user_entry,
Site,E110,110,E,Show,user_entry,
Site,F110,110,F,Show,user_entry,
Site,G110,110,G,Show,user_entry,
Site,H110,110,H,Show,user_entry,
Site,I110,110,I,Hide,user_entry,
Site,J110,110,J,Show,user_entry,
Site,K110,110,K,Hide,user_entry,
Site,L110,110,L,Show,user_entry,
Site,N110,110,N,Show,user_entry,
Site,P110,110,P,Show,user_entry,
Site,R110,110,R,Show,user_entry,
Site,S110,110,S,0.5,user_entry,
Site,Y110,110,Y,Wetland Acres,user_entry,
Site,AA110,110,AA,Sum,user_entry,
Site,AB110,110,AB,0.0,user_entry,
Site,A111,111,A,Hide,user_entry,
Site,B111,111,B,Show,user_entry,
Site,C111,111,C,Show,user_entry,
Site,D111,111,D,Show,user_entry,
Site,E111,111,E,Show,user_entry,
Site,F111,111,F,Show,user_entry,
Site,G111,111,G,Show,user_entry,
Site,H111,111,H,Show,user_entry,
Site,I111,111,I,Hide,user_entry,
Site,J111,111,J,Show,user_entry,
Site,K111,111,K,Hide,user_entry,
Site,L111,111,L,Show,user_entry,
Site,N111,111,N,Show,user_entry,
Site,P111,111,P,Show,user_entry,
Site,R111,111,R,Show,user_entry,
Site,S111,111,S,0.5,user_entry,
Site,Y111,111,Y,Percent Wetlands,user_entry,
Site,AA111,111,AA,Parcel 1,user_entry,
Site,AB111,111,AB,0.0,user_entry,
Site,A112,112,A,Hide,user_entry,
Site,B112,112,B,Show,user_entry,
Site,C112,112,C,Show,user_entry,
Site,D112,112,D,Show,user_entry,
Site,E112,112,E,Show,user_entry,
Site,F112,112,F,Show,user_entry,
Site,G112,112,G,Show,user_entry,
Site,H112,112,H,Show,user_entry,
Site,I112,112,I,Hide,user_entry,
Site,J112,112,J,Show,user_entry,
Site,K112,112,K,Hide,user_entry,
Site,L112,112,L,Show,user_entry,
Site,N112,112,N,Show,user_entry,
Site,P112,112,P,Show,user_entry,
Site,R112,112,R,Show,user_entry,
Site,S112,112,S,0.5,user_entry,
Site,Y112,112,Y,Wetlands and Watershed Comments,user_entry,
Site,AB112,112,AB,0.0,user_entry,
Site,AW112,112,AW,,user_entry,
Site,A113,113,A,Hide,user_entry,
Site,B113,113,B,Hide,user_entry,
Site,C113,113,C,Hide,user_entry,
Site,D113,113,D,Hide,user_entry,
Site,E113,113,E,Hide,user_entry,
Site,F113,113,F,Hide,user_entry,
Site,G113,113,G,Hide,user_entry,
Site,H113,113,H,Hide,user_entry,
Site,I113,113,I,Hide,user_entry,
Site,J113,113,J,Hide,user_entry,
Site,K113,113,K,Hide,user_entry,
Site,L113,113,L,Hide,user_entry,
Site,N113,113,N,Hide,user_entry,
Site,P113,113,P,Hide,user_entry,
Site,R113,113,R,Hide,user_entry,
Site,S113,113,S,0x7,user_entry,
Site,AM113,113,AM,Site Utilities,user_entry,
Site,A114,114,A,Show,user_entry,
Site,B114,114,B,Show,user_entry,
Site,C114,114,C,Show,user_entry,
Site,D114,114,D,Show,user_entry,
Site,E114,114,E,Show,user_entry,
Site,F114,114,F,Show,user_entry,
Site,G114,114,G,Show,user_entry,
Site,H114,114,H,Show,user_entry,
Site,I114,114,I,Hide,user_entry,
Site,J114,114,J,Show,user_entry,
Site,K114,114,K,Show,user_entry,
Site,L114,114,L,Show,user_entry,
Site,N114,114,N,Show,user_entry,
Site,P114,114,P,Show,user_entry,
Site,R114,114,R,Show,user_entry,
Site,S114,114,S,0.5,user_entry,
Site,W114,114,W,Utilities to Site?,user_entry,
Site,Y114,114,Y,All Utilities to Site?,user_entry,
Site,Z114,114,Z,0.0,user_entry,
Site,AA114,114,AA,Parcel 1,user_entry,
Site,AB114,114,AB,False,user_entry,
Site,AC114,114,AC,False,user_entry,
Site,AW114,114,AW,,user_entry,
Site,A115,115,A,Show,user_entry,
Site,B115,115,B,Show,user_entry,
Site,C115,115,C,Show,user_entry,
Site,D115,115,D,Show,user_entry,
Site,E115,115,E,Show,user_entry,
Site,F115,115,F,Show,user_entry,
Site,G115,115,G,Show,user_entry,
Site,H115,115,H,Show,user_entry,
Site,I115,115,I,Hide,user_entry,
Site,J115,115,J,Show,user_entry,
Site,K115,115,K,Show,user_entry,
Site,L115,115,L,Show,user_entry,
Site,N115,115,N,Show,user_entry,
Site,P115,115,P,Show,user_entry,
Site,R115,115,R,Show,user_entry,
Site,S115,115,S,0.5,user_entry,
Site,W115,115,W,Adequacy of Utilities,user_entry,
Site,Y115,115,Y,Adequacy of Utilities,user_entry,
Site,AB115,115,AB,0.0,user_entry,
Site,AW115,115,AW,,user_entry,
Site,A116,116,A,Show,user_entry,
Site,B116,116,B,Show,user_entry,
Site,C116,116,C,Show,user_entry,
Site,D116,116,D,Show,user_entry,
Site,E116,116,E,Show,user_entry,
Site,F116,116,F,Show,user_entry,
Site,G116,116,G,Show,user_entry,
Site,H116,116,H,Show,user_entry,
Site,I116,116,I,Hide,user_entry,
Site,J116,116,J,Show,user_entry,
Site,K116,116,K,Show,user_entry,
Site,L116,116,L,Show,user_entry,
Site,N116,116,N,Show,user_entry,
Site,P116,116,P,Show,user_entry,
Site,R116,116,R,Show,user_entry,
Site,S116,116,S,0.5,user_entry,
Site,W116,116,W,Electric,user_entry,
Site,Y116,116,Y,Public Electricity,user_entry,
Site,AB116,116,AB,0.0,user_entry,
Site,AW116,116,AW,,user_entry,
Site,A117,117,A,Show,user_entry,
Site,B117,117,B,Show,user_entry,
Site,C117,117,C,Show,user_entry,
Site,D117,117,D,Show,user_entry,
Site,E117,117,E,Show,user_entry,
Site,F117,117,F,Show,user_entry,
Site,G117,117,G,Show,user_entry,
Site,H117,117,H,Show,user_entry,
Site,I117,117,I,Hide,user_entry,
Site,J117,117,J,Show,user_entry,
Site,K117,117,K,Show,user_entry,
Site,L117,117,L,Show,user_entry,
Site,N117,117,N,Show,user_entry,
Site,P117,117,P,Show,user_entry,
Site,R117,117,R,Show,user_entry,
Site,S117,117,S,0.5,user_entry,
Site,W117,117,W,Water,user_entry,
Site,Y117,117,Y,Water Supply Type,user_entry,
Site,AB117,117,AB,0.0,user_entry,
Site,AW117,117,AW,,user_entry,
Site,A118,118,A,Show,user_entry,
Site,B118,118,B,Show,user_entry,
Site,C118,118,C,Show,user_entry,
Site,D118,118,D,Show,user_entry,
Site,E118,118,E,Show,user_entry,
Site,F118,118,F,Show,user_entry,
Site,G118,118,G,Show,user_entry,
Site,H118,118,H,Show,user_entry,
Site,I118,118,I,Hide,user_entry,
Site,J118,118,J,Show,user_entry,
Site,K118,118,K,Show,user_entry,
Site,L118,118,L,Show,user_entry,
Site,N118,118,N,Show,user_entry,
Site,P118,118,P,Show,user_entry,
Site,R118,118,R,Show,user_entry,
Site,S118,118,S,0.5,user_entry,
Site,W118,118,W,Sewer,user_entry,
Site,Y118,118,Y,Sewer Type,user_entry,
Site,AB118,118,AB,0.0,user_entry,
Site,AW118,118,AW,,user_entry,
Site,A119,119,A,Show,user_entry,
Site,B119,119,B,Show,user_entry,
Site,C119,119,C,Show,user_entry,
Site,D119,119,D,Show,user_entry,
Site,E119,119,E,Show,user_entry,
Site,F119,119,F,Show,user_entry,
Site,G119,119,G,Show,user_entry,
Site,H119,119,H,Show,user_entry,
Site,I119,119,I,Hide,user_entry,
Site,J119,119,J,Show,user_entry,
Site,K119,119,K,Show,user_entry,
Site,L119,119,L,Show,user_entry,
Site,N119,119,N,Show,user_entry,
Site,P119,119,P,Show,user_entry,
Site,R119,119,R,Show,user_entry,
Site,S119,119,S,0.5,user_entry,
Site,W119,119,W,Gas,user_entry,
Site,Y119,119,Y,Natural Gas,user_entry,
Site,AB119,119,AB,0.0,user_entry,
Site,AW119,119,AW,,user_entry,
Site,A120,120,A,Show,user_entry,
Site,B120,120,B,Show,user_entry,
Site,C120,120,C,Show,user_entry,
Site,D120,120,D,Show,user_entry,
Site,E120,120,E,Show,user_entry,
Site,F120,120,F,Show,user_entry,
Site,G120,120,G,Show,user_entry,
Site,H120,120,H,Show,user_entry,
Site,I120,120,I,Show,user_entry,
Site,J120,120,J,Show,user_entry,
Site,K120,120,K,Show,user_entry,
Site,L120,120,L,Show,user_entry,
Site,N120,120,N,Show,user_entry,
Site,P120,120,P,Show,user_entry,
Site,R120,120,R,Show,user_entry,
Site,S120,120,S,0.5,user_entry,
Site,Y120,120,Y,Utilities,user_entry,
Site,AA120,120,AA,Parcel 1,user_entry,
Site,AW120,120,AW,,user_entry,
Site,A121,121,A,Hide,user_entry,
Site,B121,121,B,Hide,user_entry,
Site,C121,121,C,Hide,user_entry,
Site,D121,121,D,Hide,user_entry,
Site,E121,121,E,Hide,user_entry,
Site,F121,121,F,Hide,user_entry,
Site,G121,121,G,Hide,user_entry,
Site,H121,121,H,Hide,user_entry,
Site,I121,121,I,Hide,user_entry,
Site,J121,121,J,Hide,user_entry,
Site,K121,121,K,Hide,user_entry,
Site,L121,121,L,Hide,user_entry,
Site,N121,121,N,Hide,user_entry,
Site,P121,121,P,Show,user_entry,
Site,R121,121,R,Hide,user_entry,
Site,S121,121,S,0x7,user_entry,
Site,Y121,121,Y,Underground Utilities,user_entry,
Site,AB121,121,AB,0.0,user_entry,
Site,AW121,121,AW,,user_entry,
Site,A122,122,A,Hide,user_entry,
Site,B122,122,B,Hide,user_entry,
Site,C122,122,C,Hide,user_entry,
Site,D122,122,D,Hide,user_entry,
Site,E122,122,E,Hide,user_entry,
Site,F122,122,F,Hide,user_entry,
Site,G122,122,G,Hide,user_entry,
Site,H122,122,H,Hide,user_entry,
Site,I122,122,I,Hide,user_entry,
Site,J122,122,J,Hide,user_entry,
Site,K122,122,K,Hide,user_entry,
Site,L122,122,L,Hide,user_entry,
Site,N122,122,N,Hide,user_entry,
Site,P122,122,P,Show,user_entry,
Site,R122,122,R,Hide,user_entry,
Site,S122,122,S,0x7,user_entry,
Site,Y122,122,Y,Irrigation Water,user_entry,
Site,AB122,122,AB,0.0,user_entry,
Site,A123,123,A,Hide,user_entry,
Site,B123,123,B,Hide,user_entry,
Site,C123,123,C,Hide,user_entry,
Site,D123,123,D,Hide,user_entry,
Site,E123,123,E,Hide,user_entry,
Site,F123,123,F,Hide,user_entry,
Site,G123,123,G,Hide,user_entry,
Site,H123,123,H,Hide,user_entry,
Site,I123,123,I,Hide,user_entry,
Site,J123,123,J,Hide,user_entry,
Site,K123,123,K,Hide,user_entry,
Site,L123,123,L,Hide,user_entry,
Site,N123,123,N,Hide,user_entry,
Site,P123,123,P,Show,user_entry,
Site,R123,123,R,Hide,user_entry,
Site,S123,123,S,0x7,user_entry,
Site,Y123,123,Y,Irrigation Water Description,user_entry,
Site,AB123,123,AB,0.0,user_entry,
Site,A124,124,A,Hide,user_entry,
Site,B124,124,B,Hide,user_entry,
Site,C124,124,C,Hide,user_entry,
Site,D124,124,D,Hide,user_entry,
Site,E124,124,E,Hide,user_entry,
Site,F124,124,F,Hide,user_entry,
Site,G124,124,G,Hide,user_entry,
Site,H124,124,H,Hide,user_entry,
Site,I124,124,I,Hide,user_entry,
Site,J124,124,J,Show,user_entry,
Site,K124,124,K,Hide,user_entry,
Site,L124,124,L,Hide,user_entry,
Site,N124,124,N,Hide,user_entry,
Site,P124,124,P,Show,user_entry,
Site,R124,124,R,Hide,user_entry,
Site,S124,124,S,0x7,user_entry,
Site,W124,124,W,Rail Access,user_entry,
Site,Y124,124,Y,Rail Access,user_entry,
Site,Z124,124,Z,0.0,user_entry,
Site,AB124,124,AB,Unknown,user_entry,
Site,AC124,124,AC,Unknown,user_entry,
Site,AW124,124,AW,,user_entry,
Site,A125,125,A,Hide,user_entry,
Site,B125,125,B,Hide,user_entry,
Site,C125,125,C,Hide,user_entry,
Site,D125,125,D,Hide,user_entry,
Site,E125,125,E,Hide,user_entry,
Site,F125,125,F,Hide,user_entry,
Site,G125,125,G,Hide,user_entry,
Site,H125,125,H,Hide,user_entry,
Site,I125,125,I,Hide,user_entry,
Site,J125,125,J,Show,user_entry,
Site,K125,125,K,Hide,user_entry,
Site,L125,125,L,Hide,user_entry,
Site,N125,125,N,Hide,user_entry,
Site,P125,125,P,Hide,user_entry,
Site,R125,125,R,Hide,user_entry,
Site,S125,125,S,0x7,user_entry,
Site,Y125,125,Y,Water/Port Access,user_entry,
Site,AB125,125,AB,0.0,user_entry,
Site,A126,126,A,Hide,user_entry,
Site,B126,126,B,Hide,user_entry,
Site,C126,126,C,Hide,user_entry,
Site,D126,126,D,Hide,user_entry,
Site,E126,126,E,Hide,user_entry,
Site,F126,126,F,Hide,user_entry,
Site,G126,126,G,Hide,user_entry,
Site,H126,126,H,Hide,user_entry,
Site,I126,126,I,Hide,user_entry,
Site,J126,126,J,Show,user_entry,
Site,K126,126,K,Hide,user_entry,
Site,L126,126,L,Hide,user_entry,
Site,N126,126,N,Hide,user_entry,
Site,P126,126,P,Hide,user_entry,
Site,R126,126,R,Hide,user_entry,
Site,S126,126,S,0x7,user_entry,
Site,Y126,126,Y,Water/Port Access Description,user_entry,
Site,AB126,126,AB,0.0,user_entry,
Site,A127,127,A,Hide,user_entry,
Site,B127,127,B,Auto,user_entry,
Site,C127,127,C,Auto,user_entry,
Site,D127,127,D,Auto,user_entry,
Site,E127,127,E,Auto,user_entry,
Site,F127,127,F,Auto,user_entry,
Site,G127,127,G,Auto,user_entry,
Site,H127,127,H,Auto,user_entry,
Site,I127,127,I,Hide,user_entry,
Site,J127,127,J,Auto,user_entry,
Site,K127,127,K,Auto,user_entry,
Site,L127,127,L,Auto,user_entry,
Site,N127,127,N,Auto,user_entry,
Site,P127,127,P,Hide,user_entry,
Site,R127,127,R,Auto,user_entry,
Site,S127,127,S,1.0,user_entry,
Site,Y127,127,Y,Entitlements,user_entry,
Site,AA127,127,AA,Parcel 1,user_entry,
Site,AB127,127,AB,0.0,user_entry,
Site,A128,128,A,Hide,user_entry,
Site,B128,128,B,Hide,user_entry,
Site,C128,128,C,Show,user_entry,
Site,D128,128,D,Hide,user_entry,
Site,E128,128,E,Hide,user_entry,
Site,F128,128,F,Hide,user_entry,
Site,G128,128,G,Hide,user_entry,
Site,H128,128,H,Hide,user_entry,
Site,I128,128,I,Hide,user_entry,
Site,J128,128,J,Hide,user_entry,
Site,K128,128,K,Hide,user_entry,
Site,L128,128,L,Hide,user_entry,
Site,N128,128,N,Hide,user_entry,
Site,P128,128,P,Show,user_entry,
Site,R128,128,R,Hide,user_entry,
Site,S128,128,S,0x7,user_entry,
Site,Y128,128,Y,Distance from Campus,user_entry,
Site,AA128,128,AA,Parcel 1,user_entry,
Site,AB128,128,AB,0.0,user_entry,
Site,A129,129,A,Hide,user_entry,
Site,B129,129,B,Hide,user_entry,
Site,C129,129,C,Hide,user_entry,
Site,D129,129,D,Hide,user_entry,
Site,E129,129,E,Hide,user_entry,
Site,F129,129,F,Hide,user_entry,
Site,G129,129,G,Hide,user_entry,
Site,H129,129,H,Show,user_entry,
Site,I129,129,I,Hide,user_entry,
Site,J129,129,J,Hide,user_entry,
Site,K129,129,K,Hide,user_entry,
Site,L129,129,L,Hide,user_entry,
Site,N129,129,N,Hide,user_entry,
Site,P129,129,P,Show,user_entry,
Site,R129,129,R,Hide,user_entry,
Site,S129,129,S,0x7,user_entry,
Site,Y129,129,Y,On/Off Hospital Campus,user_entry,
Site,AA129,129,AA,Parcel 1,user_entry,
Site,AB129,129,AB,0.0,user_entry,
Site,A130,130,A,Hide,user_entry,
Site,B130,130,B,Hide,user_entry,
Site,C130,130,C,Hide,user_entry,
Site,D130,130,D,Hide,user_entry,
Site,E130,130,E,Hide,user_entry,
Site,F130,130,F,Hide,user_entry,
Site,G130,130,G,Hide,user_entry,
Site,H130,130,H,Show,user_entry,
Site,I130,130,I,Hide,user_entry,
Site,J130,130,J,Hide,user_entry,
Site,K130,130,K,Hide,user_entry,
Site,L130,130,L,Hide,user_entry,
Site,N130,130,N,Hide,user_entry,
Site,P130,130,P,Show,user_entry,
Site,R130,130,R,Hide,user_entry,
Site,S130,130,S,0x7,user_entry,
Site,T130,130,T,3.0,user_entry,
Site,U130,130,U,X8001_I,user_entry,
Site,Y130,130,Y,HSPI Index,user_entry,
Site,AA130,130,AA,Parcel 1,user_entry,
Site,A131,131,A,Show,user_entry,
Site,B131,131,B,Show,user_entry,
Site,C131,131,C,Show,user_entry,
Site,D131,131,D,Show,user_entry,
Site,E131,131,E,Show,user_entry,
Site,F131,131,F,Show,user_entry,
Site,G131,131,G,Show,user_entry,
Site,H131,131,H,Show,user_entry,
Site,I131,131,I,Hide,user_entry,
Site,J131,131,J,Show,user_entry,
Site,K131,131,K,Hide,user_entry,
Site,L131,131,L,Show,user_entry,
Site,N131,131,N,Show,user_entry,
Site,P131,131,P,Show,user_entry,
Site,R131,131,R,Show,user_entry,
Site,S131,131,S,0.5,user_entry,
Site,Y131,131,Y,Site Analysis & Comments,user_entry,
Site,AA131,131,AA,Parcel 1,user_entry,
Site,AW131,131,AW,,user_entry,
Site,X135,135,X,Agricultural,user_entry,
Site,AY135,135,AY,Show,user_entry,
Site,A138,138,A,Hide,user_entry,
Site,B138,138,B,Auto,user_entry,
Site,C138,138,C,Auto,user_entry,
Site,D138,138,D,Auto,user_entry,
Site,E138,138,E,Auto,user_entry,
Site,F138,138,F,Auto,user_entry,
Site,G138,138,G,Auto,user_entry,
Site,H138,138,H,Auto,user_entry,
Site,I138,138,I,Hide,user_entry,
Site,J138,138,J,Auto,user_entry,
Site,K138,138,K,Auto,user_entry,
Site,L138,138,L,Auto,user_entry,
Site,N138,138,N,Auto,user_entry,
Site,P138,138,P,Show,user_entry,
Site,R138,138,R,Hide,user_entry,
Site,S138,138,S,0x7,user_entry,
Site,Z138,138,Z,Database Record (Optional),user_entry,
Site,AA138,138,AA,Method,user_entry,
Site,AB138,138,AB,Totals,user_entry,
Site,AM138,138,AM,Parcel 11,user_entry,
Site,AN138,138,AN,Parcel 12,user_entry,
Site,AO138,138,AO,Parcel 13,user_entry,
Site,AP138,138,AP,Parcel 14,user_entry,
Site,AQ138,138,AQ,Parcel 15,user_entry,
Site,AR138,138,AR,Parcel 16,user_entry,
Site,AS138,138,AS,Parcel 17,user_entry,
Site,AT138,138,AT,Parcel 18,user_entry,
Site,AU138,138,AU,Parcel 19,user_entry,
Site,AV138,138,AV,Parcel 20,user_entry,
Site,A139,139,A,Hide,user_entry,
Site,B139,139,B,Auto,user_entry,
Site,C139,139,C,Auto,user_entry,
Site,D139,139,D,Auto,user_entry,
Site,E139,139,E,Auto,user_entry,
Site,F139,139,F,Auto,user_entry,
Site,G139,139,G,Auto,user_entry,
Site,H139,139,H,Auto,user_entry,
Site,I139,139,I,Hide,user_entry,
Site,J139,139,J,Auto,user_entry,
Site,K139,139,K,Auto,user_entry,
Site,L139,139,L,Auto,user_entry,
Site,N139,139,N,Auto,user_entry,
Site,P139,139,P,Show,user_entry,
Site,R139,139,R,Hide,user_entry,
Site,S139,139,S,0x7,user_entry,
Site,Y139,139,Y,Soil Type,user_entry,
Site,AA139,139,AA,Parcel 1,user_entry,
Site,AB139,139,AB,0.0,user_entry,
Site,A140,140,A,Hide,user_entry,
Site,B140,140,B,Auto,user_entry,
Site,C140,140,C,Auto,user_entry,
Site,D140,140,D,Auto,user_entry,
Site,E140,140,E,Auto,user_entry,
Site,F140,140,F,Auto,user_entry,
Site,G140,140,G,Auto,user_entry,
Site,H140,140,H,Auto,user_entry,
Site,I140,140,I,Hide,user_entry,
Site,J140,140,J,Auto,user_entry,
Site,K140,140,K,Auto,user_entry,
Site,L140,140,L,Auto,user_entry,
Site,N140,140,N,Auto,user_entry,
Site,P140,140,P,Show,user_entry,
Site,R140,140,R,Hide,user_entry,
Site,S140,140,S,0x7,user_entry,
Site,Y140,140,Y,Productivity Index,user_entry,
Site,AA140,140,AA,Parcel 1,user_entry,
Site,AB140,140,AB,0.0,user_entry,
Site,A141,141,A,Hide,user_entry,
Site,B141,141,B,Auto,user_entry,
Site,C141,141,C,Auto,user_entry,
Site,D141,141,D,Auto,user_entry,
Site,E141,141,E,Auto,user_entry,
Site,F141,141,F,Auto,user_entry,
Site,G141,141,G,Auto,user_entry,
Site,H141,141,H,Auto,user_entry,
Site,I141,141,I,Hide,user_entry,
Site,J141,141,J,Auto,user_entry,
Site,K141,141,K,Auto,user_entry,
Site,L141,141,L,Auto,user_entry,
Site,N141,141,N,Auto,user_entry,
Site,P141,141,P,Show,user_entry,
Site,R141,141,R,Hide,user_entry,
Site,S141,141,S,0x7,user_entry,
Site,Y141,141,Y,Tillable Acres,user_entry,
Site,AA141,141,AA,Sum,user_entry,
Site,AB141,141,AB,0.0,user_entry,
Site,A142,142,A,Hide,user_entry,
Site,B142,142,B,Auto,user_entry,
Site,C142,142,C,Auto,user_entry,
Site,D142,142,D,Auto,user_entry,
Site,E142,142,E,Auto,user_entry,
Site,F142,142,F,Auto,user_entry,
Site,G142,142,G,Auto,user_entry,
Site,H142,142,H,Auto,user_entry,
Site,I142,142,I,Hide,user_entry,
Site,J142,142,J,Auto,user_entry,
Site,K142,142,K,Auto,user_entry,
Site,L142,142,L,Auto,user_entry,
Site,N142,142,N,Auto,user_entry,
Site,P142,142,P,Show,user_entry,
Site,R142,142,R,Hide,user_entry,
Site,S142,142,S,0x7,user_entry,
Site,Y142,142,Y,Percent Tillable,user_entry,
Site,AA142,142,AA,Parcel 1,user_entry,
Site,AB142,142,AB,0.0,user_entry,
Site,A143,143,A,Hide,user_entry,
Site,B143,143,B,Auto,user_entry,
Site,C143,143,C,Auto,user_entry,
Site,D143,143,D,Auto,user_entry,
Site,E143,143,E,Auto,user_entry,
Site,F143,143,F,Auto,user_entry,
Site,G143,143,G,Auto,user_entry,
Site,H143,143,H,Auto,user_entry,
Site,I143,143,I,Hide,user_entry,
Site,J143,143,J,Auto,user_entry,
Site,K143,143,K,Auto,user_entry,
Site,L143,143,L,Auto,user_entry,
Site,N143,143,N,Auto,user_entry,
Site,P143,143,P,Show,user_entry,
Site,R143,143,R,Hide,user_entry,
Site,S143,143,S,0x7,user_entry,
Site,Y143,143,Y,Woodland Acres,user_entry,
Site,AA143,143,AA,Sum,user_entry,
Site,AB143,143,AB,0.0,user_entry,
Site,A144,144,A,Hide,user_entry,
Site,B144,144,B,Auto,user_entry,
Site,C144,144,C,Auto,user_entry,
Site,D144,144,D,Auto,user_entry,
Site,E144,144,E,Auto,user_entry,
Site,F144,144,F,Auto,user_entry,
Site,G144,144,G,Auto,user_entry,
Site,H144,144,H,Auto,user_entry,
Site,I144,144,I,Hide,user_entry,
Site,J144,144,J,Auto,user_entry,
Site,K144,144,K,Auto,user_entry,
Site,L144,144,L,Auto,user_entry,
Site,N144,144,N,Auto,user_entry,
Site,P144,144,P,Show,user_entry,
Site,R144,144,R,Hide,user_entry,
Site,S144,144,S,0x7,user_entry,
Site,Y144,144,Y,Other Acres,user_entry,
Site,AA144,144,AA,Sum,user_entry,
Site,AB144,144,AB,0.0,user_entry,
Site,A145,145,A,Hide,user_entry,
Site,B145,145,B,Auto,user_entry,
Site,C145,145,C,Auto,user_entry,
Site,D145,145,D,Auto,user_entry,
Site,E145,145,E,Auto,user_entry,
Site,F145,145,F,Auto,user_entry,
Site,G145,145,G,Auto,user_entry,
Site,H145,145,H,Auto,user_entry,
Site,I145,145,I,Hide,user_entry,
Site,J145,145,J,Auto,user_entry,
Site,K145,145,K,Auto,user_entry,
Site,L145,145,L,Auto,user_entry,
Site,N145,145,N,Auto,user_entry,
Site,P145,145,P,Show,user_entry,
Site,R145,145,R,Hide,user_entry,
Site,S145,145,S,0x7,user_entry,
Site,Y145,145,Y,Waste Acres,user_entry,
Site,AA145,145,AA,Sum,user_entry,
Site,AB145,145,AB,0.0,user_entry,
Site,A146,146,A,Hide,user_entry,
Site,B146,146,B,Auto,user_entry,
Site,C146,146,C,Auto,user_entry,
Site,D146,146,D,Auto,user_entry,
Site,E146,146,E,Auto,user_entry,
Site,F146,146,F,Auto,user_entry,
Site,G146,146,G,Auto,user_entry,
Site,H146,146,H,Auto,user_entry,
Site,I146,146,I,Hide,user_entry,
Site,J146,146,J,Auto,user_entry,
Site,K146,146,K,Auto,user_entry,
Site,L146,146,L,Auto,user_entry,
Site,N146,146,N,Auto,user_entry,
Site,P146,146,P,Show,user_entry,
Site,R146,146,R,Hide,user_entry,
Site,S146,146,S,0x7,user_entry,
Site,Y146,146,Y,Home Site Acres,user_entry,
Site,AA146,146,AA,Sum,user_entry,
Site,AB146,146,AB,0.0,user_entry,
Site,S147,147,S,VeryHidden,user_entry,
Site,P149,149,P,Ctrl+Home to top,user_entry,
Site,Y149,149,Y,Show Database Column,user_entry,
Site,BA153,153,BA,VeryHidden,user_entry,
Site,BB153,153,BB,VeryHidden,user_entry,
Site,BC153,153,BC,VeryHidden,user_entry,
Site,BD153,153,BD,VeryHidden,user_entry,
Site,BE153,153,BE,VeryHidden,user_entry,
Site,BF153,153,BF,VeryHidden,user_entry,
Site,BG153,153,BG,VeryHidden,user_entry,
Site,BH153,153,BH,VeryHidden,user_entry,
Site,BA156,156,BA,PropertyTypeKey,user_entry,
Site,BA157,157,BA,Multi-Family|Mobile/Manufactured Home Park,user_entry,
Site,BB157,157,BB,Multi-Family|All,user_entry,
Site,BC157,157,BC,Multi-Family|Student-Oriented Housing,user_entry,
Site,BD157,157,BD,Multi-Family|Affordable,user_entry,
Site,BE157,157,BE,Retail-Commercial|All,user_entry,
Site,BF157,157,BF,Shopping Center|Super Regional Center/Mall,user_entry,
Site,BG157,157,BG,Office|All,user_entry,
Site,BH157,157,BH,Health Care|All,user_entry,
Site,BA159,159,BA,Show,user_entry,
Site,BB159,159,BB,Show,user_entry,
Site,BC159,159,BC,Show,user_entry,
Site,BD159,159,BD,Show,user_entry,
Site,BE159,159,BE,Show,user_entry,
Site,BF159,159,BF,Show,user_entry,
Site,BG159,159,BG,Show,user_entry,
Site,BH159,159,BH,Show,user_entry,
Site,BA160,160,BA,Hide,user_entry,
Site,BB160,160,BB,Hide,user_entry,
Site,BC160,160,BC,Hide,user_entry,
Site,BD160,160,BD,Hide,user_entry,
Site,BE160,160,BE,Hide,user_entry,
Site,BF160,160,BF,Hide,user_entry,
Site,BG160,160,BG,Hide,user_entry,
Site,BH160,160,BH,Hide,user_entry,
Site,BA161,161,BA,Show,user_entry,
Site,BB161,161,BB,Show,user_entry,
Site,BC161,161,BC,Show,user_entry,
Site,BD161,161,BD,Show,user_entry,
Site,BE161,161,BE,Show,user_entry,
Site,BF161,161,BF,Show,user_entry,
Site,BG161,161,BG,Show,user_entry,
Site,BH161,161,BH,Show,user_entry,
Site,BA162,162,BA,Show,user_entry,
Site,BB162,162,BB,Show,user_entry,
Site,BC162,162,BC,Show,user_entry,
Site,BD162,162,BD,Show,user_entry,
Site,BE162,162,BE,Show,user_entry,
Site,BF162,162,BF,Show,user_entry,
Site,BG162,162,BG,Show,user_entry,
Site,BH162,162,BH,Show,user_entry,
Site,BA163,163,BA,Hide,user_entry,
Site,BB163,163,BB,Auto,user_entry,
Site,BC163,163,BC,Auto,user_entry,
Site,BD163,163,BD,Auto,user_entry,
Site,BE163,163,BE,Auto,user_entry,
Site,BF163,163,BF,Auto,user_entry,
Site,BG163,163,BG,Auto,user_entry,
Site,BH163,163,BH,Auto,user_entry,
Site,BA164,164,BA,Hide,user_entry,
Site,BB164,164,BB,Show,user_entry,
Site,BC164,164,BC,Show,user_entry,
Site,BD164,164,BD,Show,user_entry,
Site,BE164,164,BE,Show,user_entry,
Site,BF164,164,BF,Show,user_entry,
Site,BG164,164,BG,Show,user_entry,
Site,BH164,164,BH,Show,user_entry,
Site,BA165,165,BA,Hide,user_entry,
Site,BB165,165,BB,Hide,user_entry,
Site,BC165,165,BC,Hide,user_entry,
Site,BD165,165,BD,Hide,user_entry,
Site,BE165,165,BE,Hide,user_entry,
Site,BF165,165,BF,Hide,user_entry,
Site,BG165,165,BG,Hide,user_entry,
Site,BH165,165,BH,Hide,user_entry,
Site,BA166,166,BA,Hide,user_entry,
Site,BB166,166,BB,Show,user_entry,
Site,BC166,166,BC,Show,user_entry,
Site,BD166,166,BD,Show,user_entry,
Site,BE166,166,BE,Show,user_entry,
Site,BF166,166,BF,Show,user_entry,
Site,BG166,166,BG,Show,user_entry,
Site,BH166,166,BH,Show,user_entry,
Site,BA167,167,BA,Hide,user_entry,
Site,BB167,167,BB,Hide,user_entry,
Site,BC167,167,BC,Hide,user_entry,
Site,BD167,167,BD,Hide,user_entry,
Site,BE167,167,BE,Hide,user_entry,
Site,BF167,167,BF,Hide,user_entry,
Site,BG167,167,BG,Hide,user_entry,
Site,BH167,167,BH,Hide,user_entry,
Site,BA168,168,BA,Hide,user_entry,
Site,BB168,168,BB,Hide,user_entry,
Site,BC168,168,BC,Hide,user_entry,
Site,BD168,168,BD,Hide,user_entry,
Site,BE168,168,BE,Show,user_entry,
Site,BF168,168,BF,Show,user_entry,
Site,BG168,168,BG,Hide,user_entry,
Site,BH168,168,BH,Hide,user_entry,
Site,BA169,169,BA,Hide,user_entry,
Site,BB169,169,BB,Hide,user_entry,
Site,BC169,169,BC,Hide,user_entry,
Site,BD169,169,BD,Hide,user_entry,
Site,BE169,169,BE,Show,user_entry,
Site,BF169,169,BF,Show,user_entry,
Site,BG169,169,BG,Hide,user_entry,
Site,BH169,169,BH,Hide,user_entry,
Site,BA170,170,BA,Hide,user_entry,
Site,BB170,170,BB,Hide,user_entry,
Site,BC170,170,BC,Hide,user_entry,
Site,BD170,170,BD,Hide,user_entry,
Site,BE170,170,BE,Show,user_entry,
Site,BF170,170,BF,Show,user_entry,
Site,BG170,170,BG,Hide,user_entry,
Site,BH170,170,BH,Hide,user_entry,
Site,BA171,171,BA,Hide,user_entry,
Site,BB171,171,BB,Hide,user_entry,
Site,BC171,171,BC,Hide,user_entry,
Site,BD171,171,BD,Hide,user_entry,
Site,BE171,171,BE,Show,user_entry,
Site,BF171,171,BF,Show,user_entry,
Site,BG171,171,BG,Hide,user_entry,
Site,BH171,171,BH,Hide,user_entry,
Site,BA172,172,BA,Show,user_entry,
Site,BB172,172,BB,Show,user_entry,
Site,BC172,172,BC,Show,user_entry,
Site,BD172,172,BD,Show,user_entry,
Site,BE172,172,BE,Show,user_entry,
Site,BF172,172,BF,Show,user_entry,
Site,BG172,172,BG,Show,user_entry,
Site,BH172,172,BH,Show,user_entry,
Site,BA173,173,BA,Show,user_entry,
Site,BB173,173,BB,Show,user_entry,
Site,BC173,173,BC,Show,user_entry,
Site,BD173,173,BD,Show,user_entry,
Site,BE173,173,BE,Show,user_entry,
Site,BF173,173,BF,Show,user_entry,
Site,BG173,173,BG,Show,user_entry,
Site,BH173,173,BH,Show,user_entry,
Site,BA174,174,BA,Show,user_entry,
Site,BB174,174,BB,Show,user_entry,
Site,BC174,174,BC,Show,user_entry,
Site,BD174,174,BD,Show,user_entry,
Site,BE174,174,BE,Show,user_entry,
Site,BF174,174,BF,Show,user_entry,
Site,BG174,174,BG,Show,user_entry,
Site,BH174,174,BH,Show,user_entry,
Site,BA175,175,BA,Hide,user_entry,
Site,BB175,175,BB,Hide,user_entry,
Site,BC175,175,BC,Show,user_entry,
Site,BD175,175,BD,Hide,user_entry,
Site,BE175,175,BE,Hide,user_entry,
Site,BF175,175,BF,Hide,user_entry,
Site,BG175,175,BG,Hide,user_entry,
Site,BH175,175,BH,Hide,user_entry,
Site,BA176,176,BA,Hide,user_entry,
Site,BB176,176,BB,Hide,user_entry,
Site,BC176,176,BC,Hide,user_entry,
Site,BD176,176,BD,Hide,user_entry,
Site,BE176,176,BE,Hide,user_entry,
Site,BF176,176,BF,Hide,user_entry,
Site,BG176,176,BG,Hide,user_entry,
Site,BH176,176,BH,Show,user_entry,
Site,BA177,177,BA,Hide,user_entry,
Site,BB177,177,BB,Hide,user_entry,
Site,BC177,177,BC,Hide,user_entry,
Site,BD177,177,BD,Hide,user_entry,
Site,BE177,177,BE,Hide,user_entry,
Site,BF177,177,BF,Hide,user_entry,
Site,BG177,177,BG,Hide,user_entry,
Site,BH177,177,BH,Show,user_entry,
Site,BA178,178,BA,Show,user_entry,
Site,BB178,178,BB,Show,user_entry,
Site,BC178,178,BC,Show,user_entry,
Site,BD178,178,BD,Show,user_entry,
Site,BE178,178,BE,Show,user_entry,
Site,BF178,178,BF,Show,user_entry,
Site,BG178,178,BG,Show,user_entry,
Site,BH178,178,BH,Show,user_entry,
Site,BA179,179,BA,Auto,user_entry,
Site,BB179,179,BB,Auto,user_entry,
Site,BC179,179,BC,Auto,user_entry,
Site,BD179,179,BD,Auto,user_entry,
Site,BE179,179,BE,Auto,user_entry,
Site,BF179,179,BF,Auto,user_entry,
Site,BG179,179,BG,Auto,user_entry,
Site,BH179,179,BH,Auto,user_entry,
Site,BA180,180,BA,Auto,user_entry,
Site,BB180,180,BB,Auto,user_entry,
Site,BC180,180,BC,Auto,user_entry,
Site,BD180,180,BD,Auto,user_entry,
Site,BE180,180,BE,Auto,user_entry,
Site,BF180,180,BF,Auto,user_entry,
Site,BG180,180,BG,Auto,user_entry,
Site,BH180,180,BH,Auto,user_entry,
Site,BA181,181,BA,Auto,user_entry,
Site,BB181,181,BB,Auto,user_entry,
Site,BC181,181,BC,Auto,user_entry,
Site,BD181,181,BD,Auto,user_entry,
Site,BE181,181,BE,Auto,user_entry,
Site,BF181,181,BF,Auto,user_entry,
Site,BG181,181,BG,Auto,user_entry,
Site,BH181,181,BH,Auto,user_entry,
Site,BA182,182,BA,Show,user_entry,
Site,BB182,182,BB,Show,user_entry,
Site,BC182,182,BC,Show,user_entry,
Site,BD182,182,BD,Show,user_entry,
Site,BE182,182,BE,Show,user_entry,
Site,BF182,182,BF,Show,user_entry,
Site,BG182,182,BG,Show,user_entry,
Site,BH182,182,BH,Show,user_entry,
Site,BA183,183,BA,Show,user_entry,
Site,BB183,183,BB,Show,user_entry,
Site,BC183,183,BC,Show,user_entry,
Site,BD183,183,BD,Show,user_entry,
Site,BE183,183,BE,Show,user_entry,
Site,BF183,183,BF,Show,user_entry,
Site,BG183,183,BG,Show,user_entry,
Site,BH183,183,BH,Show,user_entry,
Site,BA184,184,BA,Hide,user_entry,
Site,BB184,184,BB,Auto,user_entry,
Site,BC184,184,BC,Auto,user_entry,
Site,BD184,184,BD,Auto,user_entry,
Site,BE184,184,BE,Auto,user_entry,
Site,BF184,184,BF,Auto,user_entry,
Site,BG184,184,BG,Auto,user_entry,
Site,BH184,184,BH,Auto,user_entry,
Site,BA185,185,BA,Hide,user_entry,
Site,BB185,185,BB,Auto,user_entry,
Site,BC185,185,BC,Auto,user_entry,
Site,BD185,185,BD,Auto,user_entry,
Site,BE185,185,BE,Auto,user_entry,
Site,BF185,185,BF,Auto,user_entry,
Site,BG185,185,BG,Auto,user_entry,
Site,BH185,185,BH,Auto,user_entry,
Site,BA186,186,BA,Hide,user_entry,
Site,BB186,186,BB,Auto,user_entry,
Site,BC186,186,BC,Auto,user_entry,
Site,BD186,186,BD,Auto,user_entry,
Site,BE186,186,BE,Auto,user_entry,
Site,BF186,186,BF,Auto,user_entry,
Site,BG186,186,BG,Auto,user_entry,
Site,BH186,186,BH,Auto,user_entry,
Site,BA187,187,BA,Hide,user_entry,
Site,BB187,187,BB,Auto,user_entry,
Site,BC187,187,BC,Auto,user_entry,
Site,BD187,187,BD,Auto,user_entry,
Site,BE187,187,BE,Auto,user_entry,
Site,BF187,187,BF,Auto,user_entry,
Site,BG187,187,BG,Auto,user_entry,
Site,BH187,187,BH,Auto,user_entry,
Site,BA188,188,BA,Hide,user_entry,
Site,BB188,188,BB,Hide,user_entry,
Site,BC188,188,BC,Hide,user_entry,
Site,BD188,188,BD,Hide,user_entry,
Site,BE188,188,BE,Hide,user_entry,
Site,BF188,188,BF,Hide,user_entry,
Site,BG188,188,BG,Hide,user_entry,
Site,BH188,188,BH,Hide,user_entry,
Site,BA189,189,BA,Hide,user_entry,
Site,BB189,189,BB,Hide,user_entry,
Site,BC189,189,BC,Hide,user_entry,
Site,BD189,189,BD,Hide,user_entry,
Site,BE189,189,BE,Hide,user_entry,
Site,BF189,189,BF,Hide,user_entry,
Site,BG189,189,BG,Hide,user_entry,
Site,BH189,189,BH,Hide,user_entry,
Site,BA190,190,BA,Hide,user_entry,
Site,BB190,190,BB,Auto,user_entry,
Site,BC190,190,BC,Auto,user_entry,
Site,BD190,190,BD,Auto,user_entry,
Site,BE190,190,BE,Auto,user_entry,
Site,BF190,190,BF,Auto,user_entry,
Site,BG190,190,BG,Auto,user_entry,
Site,BH190,190,BH,Auto,user_entry,
Site,BA191,191,BA,Hide,user_entry,
Site,BB191,191,BB,Auto,user_entry,
Site,BC191,191,BC,Auto,user_entry,
Site,BD191,191,BD,Auto,user_entry,
Site,BE191,191,BE,Auto,user_entry,
Site,BF191,191,BF,Auto,user_entry,
Site,BG191,191,BG,Auto,user_entry,
Site,BH191,191,BH,Auto,user_entry,
Site,BA192,192,BA,Hide,user_entry,
Site,BB192,192,BB,Auto,user_entry,
Site,BC192,192,BC,Auto,user_entry,
Site,BD192,192,BD,Auto,user_entry,
Site,BE192,192,BE,Auto,user_entry,
Site,BF192,192,BF,Auto,user_entry,
Site,BG192,192,BG,Auto,user_entry,
Site,BH192,192,BH,Auto,user_entry,
Site,BA193,193,BA,Hide,user_entry,
Site,BB193,193,BB,Auto,user_entry,
Site,BC193,193,BC,Auto,user_entry,
Site,BD193,193,BD,Auto,user_entry,
Site,BE193,193,BE,Auto,user_entry,
Site,BF193,193,BF,Auto,user_entry,
Site,BG193,193,BG,Auto,user_entry,
Site,BH193,193,BH,Auto,user_entry,
Site,BA194,194,BA,Hide,user_entry,
Site,BB194,194,BB,Auto,user_entry,
Site,BC194,194,BC,Auto,user_entry,
Site,BD194,194,BD,Auto,user_entry,
Site,BE194,194,BE,Auto,user_entry,
Site,BF194,194,BF,Auto,user_entry,
Site,BG194,194,BG,Auto,user_entry,
Site,BH194,194,BH,Auto,user_entry,
Site,BA195,195,BA,Hide,user_entry,
Site,BB195,195,BB,Auto,user_entry,
Site,BC195,195,BC,Auto,user_entry,
Site,BD195,195,BD,Auto,user_entry,
Site,BE195,195,BE,Auto,user_entry,
Site,BF195,195,BF,Auto,user_entry,
Site,BG195,195,BG,Auto,user_entry,
Site,BH195,195,BH,Auto,user_entry,
Site,BA196,196,BA,Hide,user_entry,
Site,BB196,196,BB,Auto,user_entry,
Site,BC196,196,BC,Auto,user_entry,
Site,BD196,196,BD,Auto,user_entry,
Site,BE196,196,BE,Auto,user_entry,
Site,BF196,196,BF,Auto,user_entry,
Site,BG196,196,BG,Auto,user_entry,
Site,BH196,196,BH,Auto,user_entry,
Site,BA197,197,BA,Show,user_entry,
Site,BB197,197,BB,Show,user_entry,
Site,BC197,197,BC,Show,user_entry,
Site,BD197,197,BD,Show,user_entry,
Site,BE197,197,BE,Show,user_entry,
Site,BF197,197,BF,Show,user_entry,
Site,BG197,197,BG,Show,user_entry,
Site,BH197,197,BH,Show,user_entry,
Site,BA198,198,BA,Auto,user_entry,
Site,BB198,198,BB,Auto,user_entry,
Site,BC198,198,BC,Auto,user_entry,
Site,BD198,198,BD,Auto,user_entry,
Site,BE198,198,BE,Auto,user_entry,
Site,BF198,198,BF,Auto,user_entry,
Site,BG198,198,BG,Auto,user_entry,
Site,BH198,198,BH,Auto,user_entry,
Site,BA199,199,BA,Auto,user_entry,
Site,BB199,199,BB,Auto,user_entry,
Site,BC199,199,BC,Auto,user_entry,
Site,BD199,199,BD,Auto,user_entry,
Site,BE199,199,BE,Auto,user_entry,
Site,BF199,199,BF,Auto,user_entry,
Site,BG199,199,BG,Auto,user_entry,
Site,BH199,199,BH,Auto,user_entry,
Site,BA200,200,BA,Auto,user_entry,
Site,BB200,200,BB,Auto,user_entry,
Site,BC200,200,BC,Auto,user_entry,
Site,BD200,200,BD,Auto,user_entry,
Site,BE200,200,BE,Auto,user_entry,
Site,BF200,200,BF,Auto,user_entry,
Site,BG200,200,BG,Auto,user_entry,
Site,BH200,200,BH,Auto,user_entry,
Site,BA201,201,BA,Hide,user_entry,
Site,BB201,201,BB,Auto,user_entry,
Site,BC201,201,BC,Auto,user_entry,
Site,BD201,201,BD,Auto,user_entry,
Site,BE201,201,BE,Auto,user_entry,
Site,BF201,201,BF,Auto,user_entry,
Site,BG201,201,BG,Auto,user_entry,
Site,BH201,201,BH,Auto,user_entry,
Site,BA202,202,BA,Hide,user_entry,
Site,BB202,202,BB,Auto,user_entry,
Site,BC202,202,BC,Auto,user_entry,
Site,BD202,202,BD,Auto,user_entry,
Site,BE202,202,BE,Auto,user_entry,
Site,BF202,202,BF,Auto,user_entry,
Site,BG202,202,BG,Auto,user_entry,
Site,BH202,202,BH,Auto,user_entry,
Site,BA203,203,BA,Hide,user_entry,
Site,BB203,203,BB,Auto,user_entry,
Site,BC203,203,BC,Auto,user_entry,
Site,BD203,203,BD,Auto,user_entry,
Site,BE203,203,BE,Auto,user_entry,
Site,BF203,203,BF,Auto,user_entry,
Site,BG203,203,BG,Auto,user_entry,
Site,BH203,203,BH,Auto,user_entry,
Site,BA204,204,BA,Show,user_entry,
Site,BB204,204,BB,Show,user_entry,
Site,BC204,204,BC,Show,user_entry,
Site,BD204,204,BD,Show,user_entry,
Site,BE204,204,BE,Show,user_entry,
Site,BF204,204,BF,Show,user_entry,
Site,BG204,204,BG,Show,user_entry,
Site,BH204,204,BH,Show,user_entry,
Site,BA205,205,BA,Hide,user_entry,
Site,BB205,205,BB,Hide,user_entry,
Site,BC205,205,BC,Hide,user_entry,
Site,BD205,205,BD,Hide,user_entry,
Site,BE205,205,BE,Hide,user_entry,
Site,BF205,205,BF,Hide,user_entry,
Site,BG205,205,BG,Hide,user_entry,
Site,BH205,205,BH,Hide,user_entry,
Site,BA206,206,BA,Show,user_entry,
Site,BB206,206,BB,Show,user_entry,
Site,BC206,206,BC,Show,user_entry,
Site,BD206,206,BD,Show,user_entry,
Site,BE206,206,BE,Show,user_entry,
Site,BF206,206,BF,Show,user_entry,
Site,BG206,206,BG,Show,user_entry,
Site,BH206,206,BH,Show,user_entry,
Site,BA207,207,BA,Hide,user_entry,
Site,BB207,207,BB,Hide,user_entry,
Site,BC207,207,BC,Hide,user_entry,
Site,BD207,207,BD,Hide,user_entry,
Site,BE207,207,BE,Show,user_entry,
Site,BF207,207,BF,Show,user_entry,
Site,BG207,207,BG,Hide,user_entry,
Site,BH207,207,BH,Hide,user_entry,
Site,BA208,208,BA,Hide,user_entry,
Site,BB208,208,BB,Hide,user_entry,
Site,BC208,208,BC,Hide,user_entry,
Site,BD208,208,BD,Hide,user_entry,
Site,BE208,208,BE,Show,user_entry,
Site,BF208,208,BF,Show,user_entry,
Site,BG208,208,BG,Hide,user_entry,
Site,BH208,208,BH,Hide,user_entry,
Site,BA209,209,BA,Show,user_entry,
Site,BB209,209,BB,Show,user_entry,
Site,BC209,209,BC,Show,user_entry,
Site,BD209,209,BD,Show,user_entry,
Site,BE209,209,BE,Show,user_entry,
Site,BF209,209,BF,Show,user_entry,
Site,BG209,209,BG,Show,user_entry,
Site,BH209,209,BH,Show,user_entry,
Site,BA210,210,BA,Hide,user_entry,
Site,BB210,210,BB,Hide,user_entry,
Site,BC210,210,BC,Hide,user_entry,
Site,BD210,210,BD,Hide,user_entry,
Site,BE210,210,BE,Show,user_entry,
Site,BF210,210,BF,Show,user_entry,
Site,BG210,210,BG,Hide,user_entry,
Site,BH210,210,BH,Hide,user_entry,
Site,BA211,211,BA,Hide,user_entry,
Site,BB211,211,BB,Hide,user_entry,
Site,BC211,211,BC,Hide,user_entry,
Site,BD211,211,BD,Hide,user_entry,
Site,BE211,211,BE,Show,user_entry,
Site,BF211,211,BF,Show,user_entry,
Site,BG211,211,BG,Hide,user_entry,
Site,BH211,211,BH,Hide,user_entry,
Site,BA212,212,BA,Hide,user_entry,
Site,BB212,212,BB,Show,user_entry,
Site,BC212,212,BC,Show,user_entry,
Site,BD212,212,BD,Show,user_entry,
Site,BE212,212,BE,Show,user_entry,
Site,BF212,212,BF,Show,user_entry,
Site,BG212,212,BG,Show,user_entry,
Site,BH212,212,BH,Show,user_entry,
Site,BA213,213,BA,Hide,user_entry,
Site,BB213,213,BB,Hide,user_entry,
Site,BC213,213,BC,Hide,user_entry,
Site,BD213,213,BD,Hide,user_entry,
Site,BE213,213,BE,Hide,user_entry,
Site,BF213,213,BF,Hide,user_entry,
Site,BG213,213,BG,Hide,user_entry,
Site,BH213,213,BH,Hide,user_entry,
Site,BA214,214,BA,Hide,user_entry,
Site,BB214,214,BB,Hide,user_entry,
Site,BC214,214,BC,Hide,user_entry,
Site,BD214,214,BD,Hide,user_entry,
Site,BE214,214,BE,Hide,user_entry,
Site,BF214,214,BF,Hide,user_entry,
Site,BG214,214,BG,Hide,user_entry,
Site,BH214,214,BH,Hide,user_entry,
Site,BA215,215,BA,Show,user_entry,
Site,BB215,215,BB,Show,user_entry,
Site,BC215,215,BC,Show,user_entry,
Site,BD215,215,BD,Show,user_entry,
Site,BE215,215,BE,Hide,user_entry,
Site,BF215,215,BF,Hide,user_entry,
Site,BG215,215,BG,Hide,user_entry,
Site,BH215,215,BH,Hide,user_entry,
Site,BA216,216,BA,Show,user_entry,
Site,BB216,216,BB,Show,user_entry,
Site,BC216,216,BC,Show,user_entry,
Site,BD216,216,BD,Show,user_entry,
Site,BE216,216,BE,Show,user_entry,
Site,BF216,216,BF,Show,user_entry,
Site,BG216,216,BG,Show,user_entry,
Site,BH216,216,BH,Show,user_entry,
Site,BA217,217,BA,Hide,user_entry,
Site,BB217,217,BB,Show,user_entry,
Site,BC217,217,BC,Show,user_entry,
Site,BD217,217,BD,Show,user_entry,
Site,BE217,217,BE,Show,user_entry,
Site,BF217,217,BF,Show,user_entry,
Site,BG217,217,BG,Show,user_entry,
Site,BH217,217,BH,Show,user_entry,
Site,BA218,218,BA,Hide,user_entry,
Site,BB218,218,BB,Hide,user_entry,
Site,BC218,218,BC,Hide,user_entry,
Site,BD218,218,BD,Hide,user_entry,
Site,BE218,218,BE,Hide,user_entry,
Site,BF218,218,BF,Hide,user_entry,
Site,BG218,218,BG,Hide,user_entry,
Site,BH218,218,BH,Hide,user_entry,
Site,BA219,219,BA,Hide,user_entry,
Site,BB219,219,BB,Hide,user_entry,
Site,BC219,219,BC,Hide,user_entry,
Site,BD219,219,BD,Hide,user_entry,
Site,BE219,219,BE,Hide,user_entry,
Site,BF219,219,BF,Hide,user_entry,
Site,BG219,219,BG,Hide,user_entry,
Site,BH219,219,BH,Hide,user_entry,
Site,BA220,220,BA,Hide,user_entry,
Site,BB220,220,BB,Hide,user_entry,
Site,BC220,220,BC,Hide,user_entry,
Site,BD220,220,BD,Hide,user_entry,
Site,BE220,220,BE,Hide,user_entry,
Site,BF220,220,BF,Hide,user_entry,
Site,BG220,220,BG,Hide,user_entry,
Site,BH220,220,BH,Hide,user_entry,
Site,BA221,221,BA,Hide,user_entry,
Site,BB221,221,BB,Show,user_entry,
Site,BC221,221,BC,Show,user_entry,
Site,BD221,221,BD,Show,user_entry,
Site,BE221,221,BE,Show,user_entry,
Site,BF221,221,BF,Show,user_entry,
Site,BG221,221,BG,Show,user_entry,
Site,BH221,221,BH,Show,user_entry,
Site,BA222,222,BA,Show,user_entry,
Site,BB222,222,BB,Show,user_entry,
Site,BC222,222,BC,Show,user_entry,
Site,BD222,222,BD,Show,user_entry,
Site,BE222,222,BE,Show,user_entry,
Site,BF222,222,BF,Show,user_entry,
Site,BG222,222,BG,Show,user_entry,
Site,BH222,222,BH,Show,user_entry,
Site,BA223,223,BA,Show,user_entry,
Site,BB223,223,BB,Show,user_entry,
Site,BC223,223,BC,Show,user_entry,
Site,BD223,223,BD,Show,user_entry,
Site,BE223,223,BE,Show,user_entry,
Site,BF223,223,BF,Show,user_entry,
Site,BG223,223,BG,Show,user_entry,
Site,BH223,223,BH,Show,user_entry,
Site,BA224,224,BA,Show,user_entry,
Site,BB224,224,BB,Show,user_entry,
Site,BC224,224,BC,Show,user_entry,
Site,BD224,224,BD,Show,user_entry,
Site,BE224,224,BE,Show,user_entry,
Site,BF224,224,BF,Show,user_entry,
Site,BG224,224,BG,Show,user_entry,
Site,BH224,224,BH,Show,user_entry,
Site,BA225,225,BA,Hide,user_entry,
Site,BB225,225,BB,Hide,user_entry,
Site,BC225,225,BC,Hide,user_entry,
Site,BD225,225,BD,Hide,user_entry,
Site,BE225,225,BE,Hide,user_entry,
Site,BF225,225,BF,Hide,user_entry,
Site,BG225,225,BG,Hide,user_entry,
Site,BH225,225,BH,Hide,user_entry,
Site,BA226,226,BA,Auto,user_entry,
Site,BB226,226,BB,Auto,user_entry,
Site,BC226,226,BC,Auto,user_entry,
Site,BD226,226,BD,Auto,user_entry,
Site,BE226,226,BE,Auto,user_entry,
Site,BF226,226,BF,Auto,user_entry,
Site,BG226,226,BG,Auto,user_entry,
Site,BH226,226,BH,Auto,user_entry,
Site,BA227,227,BA,Auto,user_entry,
Site,BB227,227,BB,Auto,user_entry,
Site,BC227,227,BC,Auto,user_entry,
Site,BD227,227,BD,Auto,user_entry,
Site,BE227,227,BE,Auto,user_entry,
Site,BF227,227,BF,Auto,user_entry,
Site,BG227,227,BG,Auto,user_entry,
Site,BH227,227,BH,Auto,user_entry,
Site,BA228,228,BA,Show,user_entry,
Site,BB228,228,BB,Auto,user_entry,
Site,BC228,228,BC,Auto,user_entry,
Site,BD228,228,BD,Auto,user_entry,
Site,BE228,228,BE,Auto,user_entry,
Site,BF228,228,BF,Auto,user_entry,
Site,BG228,228,BG,Auto,user_entry,
Site,BH228,228,BH,Auto,user_entry,
Site,BA229,229,BA,Show,user_entry,
Site,BB229,229,BB,Show,user_entry,
Site,BC229,229,BC,Show,user_entry,
Site,BD229,229,BD,Show,user_entry,
Site,BE229,229,BE,Show,user_entry,
Site,BF229,229,BF,Show,user_entry,
Site,BG229,229,BG,Show,user_entry,
Site,BH229,229,BH,Show,user_entry,
Site,BA230,230,BA,Show,user_entry,
Site,BB230,230,BB,Show,user_entry,
Site,BC230,230,BC,Show,user_entry,
Site,BD230,230,BD,Show,user_entry,
Site,BE230,230,BE,Show,user_entry,
Site,BF230,230,BF,Show,user_entry,
Site,BG230,230,BG,Show,user_entry,
Site,BH230,230,BH,Show,user_entry,
Site,BA231,231,BA,Show,user_entry,
Site,BB231,231,BB,Show,user_entry,
Site,BC231,231,BC,Show,user_entry,
Site,BD231,231,BD,Show,user_entry,
Site,BE231,231,BE,Show,user_entry,
Site,BF231,231,BF,Show,user_entry,
Site,BG231,231,BG,Show,user_entry,
Site,BH231,231,BH,Show,user_entry,
Site,BA232,232,BA,Hide,user_entry,
Site,BB232,232,BB,Show,user_entry,
Site,BC232,232,BC,Show,user_entry,
Site,BD232,232,BD,Show,user_entry,
Site,BE232,232,BE,Show,user_entry,
Site,BF232,232,BF,Show,user_entry,
Site,BG232,232,BG,Show,user_entry,
Site,BH232,232,BH,Show,user_entry,
Site,BA233,233,BA,Hide,user_entry,
Site,BB233,233,BB,Show,user_entry,
Site,BC233,233,BC,Show,user_entry,
Site,BD233,233,BD,Show,user_entry,
Site,BE233,233,BE,Show,user_entry,
Site,BF233,233,BF,Show,user_entry,
Site,BG233,233,BG,Show,user_entry,
Site,BH233,233,BH,Show,user_entry,
Site,BA234,234,BA,Hide,user_entry,
Site,BB234,234,BB,Auto,user_entry,
Site,BC234,234,BC,Auto,user_entry,
Site,BD234,234,BD,Auto,user_entry,
Site,BE234,234,BE,Auto,user_entry,
Site,BF234,234,BF,Auto,user_entry,
Site,BG234,234,BG,Auto,user_entry,
Site,BH234,234,BH,Auto,user_entry,
Site,BA235,235,BA,Show,user_entry,
Site,BB235,235,BB,Show,user_entry,
Site,BC235,235,BC,Show,user_entry,
Site,BD235,235,BD,Show,user_entry,
Site,BE235,235,BE,Show,user_entry,
Site,BF235,235,BF,Show,user_entry,
Site,BG235,235,BG,Show,user_entry,
Site,BH235,235,BH,Show,user_entry,
Site,BA236,236,BA,Hide,user_entry,
Site,BB236,236,BB,Show,user_entry,
Site,BC236,236,BC,Show,user_entry,
Site,BD236,236,BD,Show,user_entry,
Site,BE236,236,BE,Show,user_entry,
Site,BF236,236,BF,Show,user_entry,
Site,BG236,236,BG,Show,user_entry,
Site,BH236,236,BH,Show,user_entry,
Site,BA237,237,BA,Hide,user_entry,
Site,BB237,237,BB,Show,user_entry,
Site,BC237,237,BC,Show,user_entry,
Site,BD237,237,BD,Show,user_entry,
Site,BE237,237,BE,Show,user_entry,
Site,BF237,237,BF,Show,user_entry,
Site,BG237,237,BG,Show,user_entry,
Site,BH237,237,BH,Show,user_entry,
Site,BA238,238,BA,Hide,user_entry,
Site,BB238,238,BB,Show,user_entry,
Site,BC238,238,BC,Show,user_entry,
Site,BD238,238,BD,Show,user_entry,
Site,BE238,238,BE,Show,user_entry,
Site,BF238,238,BF,Show,user_entry,
Site,BG238,238,BG,Show,user_entry,
Site,BH238,238,BH,Show,user_entry,
Site,BA239,239,BA,Hide,user_entry,
Site,BB239,239,BB,Show,user_entry,
Site,BC239,239,BC,Show,user_entry,
Site,BD239,239,BD,Show,user_entry,
Site,BE239,239,BE,Show,user_entry,
Site,BF239,239,BF,Show,user_entry,
Site,BG239,239,BG,Show,user_entry,
Site,BH239,239,BH,Show,user_entry,
Site,BA240,240,BA,Hide,user_entry,
Site,BB240,240,BB,Show,user_entry,
Site,BC240,240,BC,Show,user_entry,
Site,BD240,240,BD,Show,user_entry,
Site,BE240,240,BE,Show,user_entry,
Site,BF240,240,BF,Show,user_entry,
Site,BG240,240,BG,Show,user_entry,
Site,BH240,240,BH,Show,user_entry,
Site,BA241,241,BA,Hide,user_entry,
Site,BB241,241,BB,Show,user_entry,
Site,BC241,241,BC,Show,user_entry,
Site,BD241,241,BD,Show,user_entry,
Site,BE241,241,BE,Show,user_entry,
Site,BF241,241,BF,Show,user_entry,
Site,BG241,241,BG,Show,user_entry,
Site,BH241,241,BH,Show,user_entry,
Site,BA242,242,BA,Hide,user_entry,
Site,BB242,242,BB,Show,user_entry,
Site,BC242,242,BC,Show,user_entry,
Site,BD242,242,BD,Show,user_entry,
Site,BE242,242,BE,Show,user_entry,
Site,BF242,242,BF,Show,user_entry,
Site,BG242,242,BG,Show,user_entry,
Site,BH242,242,BH,Show,user_entry,
Site,BA243,243,BA,Hide,user_entry,
Site,BB243,243,BB,Show,user_entry,
Site,BC243,243,BC,Show,user_entry,
Site,BD243,243,BD,Show,user_entry,
Site,BE243,243,BE,Show,user_entry,
Site,BF243,243,BF,Show,user_entry,
Site,BG243,243,BG,Show,user_entry,
Site,BH243,243,BH,Show,user_entry,
Site,BA244,244,BA,Hide,user_entry,
Site,BB244,244,BB,Show,user_entry,
Site,BC244,244,BC,Show,user_entry,
Site,BD244,244,BD,Show,user_entry,
Site,BE244,244,BE,Show,user_entry,
Site,BF244,244,BF,Show,user_entry,
Site,BG244,244,BG,Show,user_entry,
Site,BH244,244,BH,Show,user_entry,
Site,BA245,245,BA,Auto,user_entry,
Site,BB245,245,BB,Auto,user_entry,
Site,BC245,245,BC,Auto,user_entry,
Site,BD245,245,BD,Auto,user_entry,
Site,BE245,245,BE,Auto,user_entry,
Site,BF245,245,BF,Auto,user_entry,
Site,BG245,245,BG,Auto,user_entry,
Site,BH245,245,BH,Auto,user_entry,
Site,BA246,246,BA,Auto,user_entry,
Site,BB246,246,BB,Auto,user_entry,
Site,BC246,246,BC,Auto,user_entry,
Site,BD246,246,BD,Auto,user_entry,
Site,BE246,246,BE,Auto,user_entry,
Site,BF246,246,BF,Auto,user_entry,
Site,BG246,246,BG,Auto,user_entry,
Site,BH246,246,BH,Auto,user_entry,
Site,BA247,247,BA,Auto,user_entry,
Site,BB247,247,BB,Auto,user_entry,
Site,BC247,247,BC,Auto,user_entry,
Site,BD247,247,BD,Auto,user_entry,
Site,BE247,247,BE,Auto,user_entry,
Site,BF247,247,BF,Auto,user_entry,
Site,BG247,247,BG,Auto,user_entry,
Site,BH247,247,BH,Auto,user_entry,
Site,BA248,248,BA,Show,user_entry,
Site,BB248,248,BB,Show,user_entry,
Site,BC248,248,BC,Show,user_entry,
Site,BD248,248,BD,Show,user_entry,
Site,BE248,248,BE,Show,user_entry,
Site,BF248,248,BF,Show,user_entry,
Site,BG248,248,BG,Show,user_entry,
Site,BH248,248,BH,Show,user_entry,
Site,BA249,249,BA,Show,user_entry,
Site,BB249,249,BB,Show,user_entry,
Site,BC249,249,BC,Show,user_entry,
Site,BD249,249,BD,Show,user_entry,
Site,BE249,249,BE,Show,user_entry,
Site,BF249,249,BF,Show,user_entry,
Site,BG249,249,BG,Show,user_entry,
Site,BH249,249,BH,Show,user_entry,
Site,BA250,250,BA,Show,user_entry,
Site,BB250,250,BB,Show,user_entry,
Site,BC250,250,BC,Show,user_entry,
Site,BD250,250,BD,Show,user_entry,
Site,BE250,250,BE,Show,user_entry,
Site,BF250,250,BF,Show,user_entry,
Site,BG250,250,BG,Show,user_entry,
Site,BH250,250,BH,Show,user_entry,
Site,BA251,251,BA,Show,user_entry,
Site,BB251,251,BB,Show,user_entry,
Site,BC251,251,BC,Show,user_entry,
Site,BD251,251,BD,Show,user_entry,
Site,BE251,251,BE,Show,user_entry,
Site,BF251,251,BF,Show,user_entry,
Site,BG251,251,BG,Show,user_entry,
Site,BH251,251,BH,Show,user_entry,
Site,BA252,252,BA,Show,user_entry,
Site,BB252,252,BB,Show,user_entry,
Site,BC252,252,BC,Show,user_entry,
Site,BD252,252,BD,Show,user_entry,
Site,BE252,252,BE,Show,user_entry,
Site,BF252,252,BF,Show,user_entry,
Site,BG252,252,BG,Show,user_entry,
Site,BH252,252,BH,Show,user_entry,
Site,BA253,253,BA,Show,user_entry,
Site,BB253,253,BB,Show,user_entry,
Site,BC253,253,BC,Show,user_entry,
Site,BD253,253,BD,Show,user_entry,
Site,BE253,253,BE,Show,user_entry,
Site,BF253,253,BF,Show,user_entry,
Site,BG253,253,BG,Show,user_entry,
Site,BH253,253,BH,Show,user_entry,
Site,BA254,254,BA,Hide,user_entry,
Site,BB254,254,BB,Hide,user_entry,
Site,BC254,254,BC,Hide,user_entry,
Site,BD254,254,BD,Hide,user_entry,
Site,BE254,254,BE,Hide,user_entry,
Site,BF254,254,BF,Hide,user_entry,
Site,BG254,254,BG,Hide,user_entry,
Site,BH254,254,BH,Hide,user_entry,
Site,BA255,255,BA,Hide,user_entry,
Site,BB255,255,BB,Hide,user_entry,
Site,BC255,255,BC,Hide,user_entry,
Site,BD255,255,BD,Hide,user_entry,
Site,BE255,255,BE,Hide,user_entry,
Site,BF255,255,BF,Hide,user_entry,
Site,BG255,255,BG,Hide,user_entry,
Site,BH255,255,BH,Hide,user_entry,
Site,BA256,256,BA,Hide,user_entry,
Site,BB256,256,BB,Hide,user_entry,
Site,BC256,256,BC,Hide,user_entry,
Site,BD256,256,BD,Hide,user_entry,
Site,BE256,256,BE,Hide,user_entry,
Site,BF256,256,BF,Hide,user_entry,
Site,BG256,256,BG,Hide,user_entry,
Site,BH256,256,BH,Hide,user_entry,
Site,BA257,257,BA,Hide,user_entry,
Site,BB257,257,BB,Hide,user_entry,
Site,BC257,257,BC,Hide,user_entry,
Site,BD257,257,BD,Hide,user_entry,
Site,BE257,257,BE,Hide,user_entry,
Site,BF257,257,BF,Hide,user_entry,
Site,BG257,257,BG,Hide,user_entry,
Site,BH257,257,BH,Hide,user_entry,
Site,BA258,258,BA,Hide,user_entry,
Site,BB258,258,BB,Hide,user_entry,
Site,BC258,258,BC,Hide,user_entry,
Site,BD258,258,BD,Hide,user_entry,
Site,BE258,258,BE,Hide,user_entry,
Site,BF258,258,BF,Hide,user_entry,
Site,BG258,258,BG,Hide,user_entry,
Site,BH258,258,BH,Hide,user_entry,
Site,BA259,259,BA,Hide,user_entry,
Site,BB259,259,BB,Hide,user_entry,
Site,BC259,259,BC,Hide,user_entry,
Site,BD259,259,BD,Hide,user_entry,
Site,BE259,259,BE,Hide,user_entry,
Site,BF259,259,BF,Hide,user_entry,
Site,BG259,259,BG,Hide,user_entry,
Site,BH259,259,BH,Hide,user_entry,
Site,BA260,260,BA,Auto,user_entry,
Site,BB260,260,BB,Auto,user_entry,
Site,BC260,260,BC,Auto,user_entry,
Site,BD260,260,BD,Auto,user_entry,
Site,BE260,260,BE,Auto,user_entry,
Site,BF260,260,BF,Auto,user_entry,
Site,BG260,260,BG,Auto,user_entry,
Site,BH260,260,BH,Auto,user_entry,
Site,BA261,261,BA,Auto,user_entry,
Site,BB261,261,BB,Auto,user_entry,
Site,BC261,261,BC,Auto,user_entry,
Site,BD261,261,BD,Auto,user_entry,
Site,BE261,261,BE,Auto,user_entry,
Site,BF261,261,BF,Auto,user_entry,
Site,BG261,261,BG,Auto,user_entry,
Site,BH261,261,BH,Auto,user_entry,
Site,BA262,262,BA,Auto,user_entry,
Site,BB262,262,BB,Auto,user_entry,
Site,BC262,262,BC,Auto,user_entry,
Site,BD262,262,BD,Auto,user_entry,
Site,BE262,262,BE,Auto,user_entry,
Site,BF262,262,BF,Auto,user_entry,
Site,BG262,262,BG,Auto,user_entry,
Site,BH262,262,BH,Auto,user_entry,
Site,BA263,263,BA,Hide,user_entry,
Site,BB263,263,BB,Auto,user_entry,
Site,BC263,263,BC,Auto,user_entry,
Site,BD263,263,BD,Auto,user_entry,
Site,BE263,263,BE,Auto,user_entry,
Site,BF263,263,BF,Auto,user_entry,
Site,BG263,263,BG,Auto,user_entry,
Site,BH263,263,BH,Auto,user_entry,
Site,BA264,264,BA,Hide,user_entry,
Site,BB264,264,BB,Auto,user_entry,
Site,BC264,264,BC,Auto,user_entry,
Site,BD264,264,BD,Auto,user_entry,
Site,BE264,264,BE,Auto,user_entry,
Site,BF264,264,BF,Auto,user_entry,
Site,BG264,264,BG,Auto,user_entry,
Site,BH264,264,BH,Auto,user_entry,
Site,BA265,265,BA,Hide,user_entry,
Site,BB265,265,BB,Auto,user_entry,
Site,BC265,265,BC,Auto,user_entry,
Site,BD265,265,BD,Auto,user_entry,
Site,BE265,265,BE,Auto,user_entry,
Site,BF265,265,BF,Auto,user_entry,
Site,BG265,265,BG,Auto,user_entry,
Site,BH265,265,BH,Auto,user_entry,
Site,BA266,266,BA,Hide,user_entry,
Site,BB266,266,BB,Auto,user_entry,
Site,BC266,266,BC,Auto,user_entry,
Site,BD266,266,BD,Auto,user_entry,
Site,BE266,266,BE,Auto,user_entry,
Site,BF266,266,BF,Auto,user_entry,
Site,BG266,266,BG,Auto,user_entry,
Site,BH266,266,BH,Auto,user_entry,
Site,BA267,267,BA,Hide,user_entry,
Site,BB267,267,BB,Auto,user_entry,
Site,BC267,267,BC,Auto,user_entry,
Site,BD267,267,BD,Auto,user_entry,
Site,BE267,267,BE,Auto,user_entry,
Site,BF267,267,BF,Auto,user_entry,
Site,BG267,267,BG,Auto,user_entry,
Site,BH267,267,BH,Auto,user_entry,
Site,BA268,268,BA,Hide,user_entry,
Site,BB268,268,BB,Auto,user_entry,
Site,BC268,268,BC,Auto,user_entry,
Site,BD268,268,BD,Auto,user_entry,
Site,BE268,268,BE,Auto,user_entry,
Site,BF268,268,BF,Auto,user_entry,
Site,BG268,268,BG,Auto,user_entry,
Site,BH268,268,BH,Auto,user_entry,
Site,BA269,269,BA,Hide,user_entry,
Site,BB269,269,BB,Auto,user_entry,
Site,BC269,269,BC,Auto,user_entry,
Site,BD269,269,BD,Auto,user_entry,
Site,BE269,269,BE,Auto,user_entry,
Site,BF269,269,BF,Auto,user_entry,
Site,BG269,269,BG,Auto,user_entry,
Site,BH269,269,BH,Auto,user_entry,
Site,BA270,270,BA,Hide,user_entry,
Site,BB270,270,BB,Auto,user_entry,
Site,BC270,270,BC,Auto,user_entry,
Site,BD270,270,BD,Auto,user_entry,
Site,BE270,270,BE,Auto,user_entry,
Site,BF270,270,BF,Auto,user_entry,
Site,BG270,270,BG,Auto,user_entry,
Site,BH270,270,BH,Auto,user_entry,
