Web Page Name,Web Display Name,Excel Template Name,Description,Date Added,Version,Data Type,Display Format,Interface Calculation,API Object,API Field Name,Enumeration ID,Model,API Object_API Field Name,Property Type,,,,,
General,Parcel ID,ID,Report Writer's internal Database ID,1/25/2014,,int,,,Parcel,id,,"public int ParcelId { get => Id;
            set { } }",Parcel_id,"Retail, Industrial, Multi-Family (MF), Manufactured Housing, Office",,,,,
General,Created By,Created By,Property Created By (User Name),9/24/2018,,varchar,,,Parcel,createdby,,public int? CreatedBy { get; set; },Parcel_createdby,"Retail, Industrial, Multi-Family (MF), Manufactured Housing, Office",,,,,
General,Creation Date,Time Stamp,Date Comparable created.,9/24/2018,,datetime,,,Parcel,timestamp,,public DateTime? TimeStamp { get; set; },Parcel_timestamp,"Retail, Industrial, Multi-Family (MF), Manufactured Housing, Office",,,,,
General,Name,Name,Property Name,1/25/2014,,string,,,Parcel,name,,public string Name { get; set; },Parcel_name,"Retail, Industrial, Multi-Family (MF), Manufactured Housing, Office",,,,,
General,Name,Property Name,Property Name,1/25/2014,,string,,,Parcel,name,,public string Name { get; set; },Parcel_name,"Retail, Industrial, Multi-Family (MF), Manufactured Housing, Office",,,,,
General,Appraisal Usage,Appraisal Usage,"Appraisal Usage (Subject, Comparable or Both)",3/8/2018,,string,DDL,,Parcel,appraisalusage,LK_AppraisalUsage,public int AppraisalUsageId { get; set; } = 3; // Defaults to LK_AppraisalUsage.Both,Parcel_appraisalusage,"Retail, Industrial, Multi-Family (MF), Manufactured Housing, Office",,,,,
General,Ready For Use?,Ready for Use,Has this property been reviewed and is it ready for use in a report?,3/23/2018,,Boolean,,,Parcel,readyforuse,,public bool ReadyForUse { get; set; },Parcel_readyforuse,"Retail, Industrial, Multi-Family (MF), Manufactured Housing, Office",,,,,
General,Property Major Type,Property Major Type,Property Major Type,1/25/2014,,string,DDL,,Parcel,propertymajortype,,public string PropertyMajorType { get; set; },Parcel_propertymajortype,"Retail, Industrial, Multi-Family (MF), Manufactured Housing, Office",,,,,
General,Property Type,Property Type,Property Type,1/25/2014,,string,DDL,,Parcel,propertytype,,public string PropertyType { get; set; },Parcel_propertytype,"Retail, Industrial, Multi-Family (MF), Manufactured Housing, Office",,,,,
General,Property Sub Type,Property Sub Type,Property Sub Type,1/25/2014,,string,DDL,,Parcel,propertysubtype,,public string PropertySubType { get; set; },Parcel_propertysubtype,"Retail, Industrial, Multi-Family (MF), Manufactured Housing, Office",,,,,
General,Owner,Owner,One who has the legal or rightful title to a property.,8/28/2020,1.20.2,text,,,Parcel,owner,,public string Owner { get; set; },Parcel_owner,"Retail, Industrial, Multi-Family (MF), Manufactured Housing, Office",,,,,
General,Address,Address,Address,1/25/2014,,varchar,General,,Parcel,address,,public string Address { get; set; },Parcel_address,"Retail, Industrial, Multi-Family (MF), Manufactured Housing, Office",,,,,
General,City,City,City,1/25/2014,,varchar,General,,Parcel,city,,"public string City { get; set; }
        // Default to USA if not set.",Parcel_city,"Retail, Industrial, Multi-Family (MF), Manufactured Housing, Office",,,,,
General,County,County,County,1/25/2014,,varchar,General,,Parcel,county,,public string County { get; set; },Parcel_county,"Retail, Industrial, Multi-Family (MF), Manufactured Housing, Office",,,,,
General,State/Prov.,State,State,1/25/2014,,string,DDL,,Parcel,state,LK_ViewState,"public string State
        {
            get => string.IsNullOrEmpty(_state)
                ? ((LK_ViewState) StateId == LK_ViewState.U_u
                    ? null
                    : ((LK_ViewState) StateId).ToString().Split('_')[1].Trim().ToUpper())
                : _state;
            set
            {
                _state = value;
                StateId = string.IsNullOrEmpty(value)
                    ? (int) LK_ViewState.U_u
                    : (int) Enum.Parse(typeof(LK_ViewState), Util.Pascalize($""{CountryCode}_{value}""));  
            }
        }",Parcel_state,"Retail, Industrial, Multi-Family (MF), Manufactured Housing, Office",,,,,
General,Zip/Postal,Zip,Zip (Postal Code),1/25/2014,,varchar,,,Parcel,zip,,public string Zip { get; set; },Parcel_zip,"Retail, Industrial, Multi-Family (MF), Manufactured Housing, Office",,,,,
General,Country,Country,Country which Parcel resides in.,1/30/2019,,varchar,General,,Parcel,country,LK_ViewCountry,public string CountryCode => ((LK_ViewCountry)CountryId).ToString().ToUpper();,Parcel_country,"Retail, Industrial, Multi-Family (MF), Manufactured Housing, Office",,,,,
General,Latitude,Latitude,Latitude,1/25/2014,,double,@,,Parcel,lat,,public double? Lat { get; set; },Parcel_lat,"Retail, Industrial, Multi-Family (MF), Manufactured Housing, Office",,,,,
General,Longitude,Longitude,Longitude,1/25/2014,,double,@,,Parcel,lng,,public double? Lng { get; set; },Parcel_lng,"Retail, Industrial, Multi-Family (MF), Manufactured Housing, Office",,,,,
General,Verification,Verification,Data Source(s) and Verification source,1/25/2014,,text,General,,Parcel,parcelverificationdata,,public string ParcelVerificationData { get; set; },Parcel_parcelverificationdata,"Retail, Industrial, Multi-Family (MF), Manufactured Housing, Office",,,,,
General,Is this a Ground Lease?,Is Ground Lease,Is this property a ground lease?,8/22/2018,,bit,,,Parcel,isgroundlease,,public bool IsGroundLease { get; set; },Parcel_isgroundlease,"Retail, Industrial, Multi-Family (MF), Manufactured Housing, Office",,,,,
General,Market,Market,"Market Identifier (CBD, Neighborhood Name, etc.)",1/25/2014,,varchar,General,,Parcel,market,,public string Market { get; set; },Parcel_market,"Retail, Industrial, Multi-Family (MF), Manufactured Housing, Office",,,,,
General,Submarket,Submarket,Sub Market,10/11/2017,,nvarchar,,,Parcel,submarket,,public string Submarket { get; set; },Parcel_submarket,"Retail, Industrial, Multi-Family (MF), Manufactured Housing, Office",,,,,
General,Township/Range,Township/Range,A township usually measures six miles in size.  Range measures EAST or WEST from the principal meridian which is a designated meridian.,8/28/2020,1.20.2,text,,,Parcel,townshiprange,,public string TownshipRange { get; set; },Parcel_townshiprange,"Retail, Industrial, Multi-Family (MF), Manufactured Housing, Office",,,,,
General,Municipality,Municipality,"A district with a government that typically encloses no other governed districts; a borough, city, or incorporated town or village.",8/28/2020,1.20.2,text,,,Parcel,municipality,,public string Municipality { get; set; },Parcel_municipality,"Retail, Industrial, Multi-Family (MF), Manufactured Housing, Office",,,,,
General,CBSA,CBSA Name,Core-Based Statistical Area,10/11/2017,,nvarchar,,,Parcel,cbsa_name,,public string CBSA_Name,Parcel_cbsa_name,"Retail, Industrial, Multi-Family (MF), Manufactured Housing, Office",,,,,
General,CBSA ID,CBSA ID,Core-Based Statistical Area ID,10/11/2017,,int,,,Parcel,cbsa_id,,public string CBSA_Name,Parcel_cbsa_id,"Retail, Industrial, Multi-Family (MF), Manufactured Housing, Office",,,,,
General,MSA,MSA,Metropolitan Statistical Area,6/26/2020,1.20.0,text,,,Parcel,msa,,public string MSA { get; set; },Parcel_msa,"Retail, Industrial, Multi-Family (MF), Manufactured Housing, Office",,,,,
General,Census Block,Census Block,A geographic region defined for the purpose of taking a census.,6/26/2020,1.20.0,text,,,Parcel,censusblock,,public string CensusBlock { get; set; },Parcel_censusblock,"Retail, Industrial, Multi-Family (MF), Manufactured Housing, Office",,,,,
General,Census Tract,Census Tract,A geographic region defined for the purpose of taking a census.,6/26/2020,1.20.0,text,,,Parcel,censustract,,public string CensusTract { get; set; },Parcel_censustract,"Retail, Industrial, Multi-Family (MF), Manufactured Housing, Office",,,,,
General,Neighborhood,Neighborhood,A geographic region defined for Location purposes.,6/26/2020,1.20.0,text,,,Parcel,neighborhood,,public string Neighborhood { get; set; },Parcel_neighborhood,"Retail, Industrial, Multi-Family (MF), Manufactured Housing, Office",,,,,
General,North Boundary,North Boundary,"The Northern boundary of a defined Neighborhood, may be an artery or a mountain range, body of water, etc.",8/30/2022,1.28.2,string,text,,Parcel,northboundary,,public string NorthBoundary { get; set; },Parcel_northboundary,"Retail, Industrial, Multi-Family (MF), Manufactured Housing, Office",,,,,
General,South Boundary,South Boundary,"The Southern boundary of a defined Neighborhood, may be an artery or a mountain range, body of water, etc.",8/30/2022,1.28.2,string,text,,Parcel,southboundary,,public string SouthBoundary { get; set; },Parcel_southboundary,"Retail, Industrial, Multi-Family (MF), Manufactured Housing, Office",,,,,
General,East Boundary,East Boundary,"The Eastern boundary of a defined Neighborhood, may be an artery or a mountain range, body of water, etc.",8/30/2022,1.28.2,string,text,,Parcel,eastboundary,,public string EastBoundary { get; set; },Parcel_eastboundary,"Retail, Industrial, Multi-Family (MF), Manufactured Housing, Office",,,,,
General,West Boundary,West Boundary,"The Western boundary of a defined Neighborhood, may be an artery or a mountain range, body of water, etc.",8/30/2022,1.28.2,string,text,,Parcel,westboundary,,public string WestBoundary { get; set; },Parcel_westboundary,"Retail, Industrial, Multi-Family (MF), Manufactured Housing, Office",,,,,
General,Neighborhood Comments,Neighborhood Comments,Comments relating to the Neighborhood.,8/30/2022,1.28.2,varchar,TA,,Parcel,neighborhoodcomments,,public string NeighborhoodComments { get; set; },Parcel_neighborhoodcomments,"Retail, Industrial, Multi-Family (MF), Manufactured Housing, Office",,,,,
General,Location Description,Location Description,Description of the property location.,6/26/2020,1.20.0,string,TA,,Parcel,locationdescription,,public string LocationDescription { get; set; },Parcel_locationdescription,"Retail, Industrial, Multi-Family (MF), Manufactured Housing, Office",,,,,
General,Opportunity Zone,Opportunity Zone,A designation and investment program created by the Tax Cuts and Jobs Act of 2017 allowing for certain investments in lower income areas to have tax advantages.,8/28/2020,1.20.2,text,,,Parcel,opportunityzone,,public int OpportunityZoneId { get; set; } = (int)LK_OpportunityZone.Unknown;,Parcel_opportunityzone,"Retail, Industrial, Multi-Family (MF), Manufactured Housing, Office",,,,,
General,School District,School District,A geographical unit for the local administration of schools.,6/26/2020,1.20.0,text,,,Parcel,schooldistrict,,public string SchoolDistrict { get; set; },Parcel_schooldistrict,"Multi-Family (MF), Manufactured Housing",,,,,
General,District Spending,District Spending,School District Spending.,8/28/2020,1.20.2,float,"$#,###",,Parcel,districtspending,,public double? DistrictSpending { get; set; },Parcel_districtspending,"Multi-Family (MF), Manufactured Housing",,,,,
General,District URL,DistrictURL,School District website,8/28/2020,1.20.2,text,hyperlink,,Parcel,districturl,,public string DistrictURL { get; set; },Parcel_districturl,"Multi-Family (MF), Manufactured Housing",,,,,
General,Student Teacher Ratio,Student Teacher Ratio,The Student to Teacher ratio for the District.,8/28/2020,1.20.2,float,##.##,,Parcel,studentteacherratio,,public double? StudentTeacherRatio { get; set; },Parcel_studentteacherratio,"Multi-Family (MF), Manufactured Housing",,,,,
General,Enrollment,Enrollment,Number of students enrolled in District.,8/28/2020,1.20.2,float,"#,###",,Parcel,enrollment,,public double? Enrollment { get; set; },Parcel_enrollment,"Multi-Family (MF), Manufactured Housing",,,,,
General,Comments,Comments,Property Comments,1/25/2014,,string,TA,,Parcel,parcelcomments,,public string ParcelComments { get; set; },Parcel_parcelcomments,"Retail, Industrial, Multi-Family (MF), Manufactured Housing, Office",,,,,
General,PGIM,PGIM,PGIM,1/25/2014,,float,"#,##0.00",Auto-Calculated,Sales,pgim,,,Sales_pgim,"Retail, Industrial, Multi-Family (MF), Manufactured Housing, Office",,,,,
General,EGIM,EGIM,EGIM,1/25/2014,,float,"#,##0.00",Auto-Calculated,Sales,egim,,public double? EGIM { get; set; },Sales_egim,"Retail, Industrial, Multi-Family (MF), Manufactured Housing, Office",,,,,
General,Cap Rate,Cap Rate,Cap Rate,1/25/2014,,float,0.##%,Auto-Calculated,Sales,caprate,,,Sales_caprate,"Retail, Industrial, Multi-Family (MF), Manufactured Housing, Office",,,,,
UAF,Appraisal File,Appraisal File,Appraisal File,1/25/2014,,text,General,,Parcel,appraisalfile,,public string AppraisalFile { get; set; },Parcel_appraisalfile,"Retail, Industrial, Multi-Family (MF), Manufactured Housing, Office",,,,,
UAF,Other DB Refs,Other DB Refs,"Other DB Reference IDs (Historical, etc.)",1/25/2014,,text,,,Parcel,otherdbrefs,,public string OtherDBRefs { get; set; },Parcel_otherdbrefs,"Retail, Industrial, Multi-Family (MF), Manufactured Housing, Office",,,,,
UAF,Supporting Files,Supporting Files,Supporting Files,1/25/2014,,text,@,,Parcel,supportingfiles,,public string SupportingFiles { get; set; },Parcel_supportingfiles,"Retail, Industrial, Multi-Family (MF), Manufactured Housing, Office",,,,,
Transactions,Date,Date,"List, Contract or Sale Date",1/25/2014,,datetime,MM/dd/yyyy,,Sales,saledate,,,Sales_saledate,"Retail, Industrial, Multi-Family (MF), Manufactured Housing, Office",,,,,
Transactions,Transaction Type,Transaction Type,"Transaction Type (List, Contract, Sale)",1/25/2014,,string,DDL,,Sales,transactiontype,,,Sales_transactiontype,"Retail, Industrial, Multi-Family (MF), Manufactured Housing, Office",,,,,
,,,Sale Index,,,int,,,Sales,id,,,Sales_id,"Retail, Industrial, Multi-Family (MF), Manufactured Housing, Office",,,,,
,,,Is this transaction marked as the active instance?,,,boolean,,,Sales,activestatus,,,Sales_activestatus,"Retail, Industrial, Multi-Family (MF), Manufactured Housing, Office",,,,,
,,,Was this instance deleted?,,,boolean,,,Sales,isdeleted,,,Sales_isdeleted,"Retail, Industrial, Multi-Family (MF), Manufactured Housing, Office",,,,,
,,,Is this instance marked as the instance that will import to excel? In times where used wants to utilize an older sale.,,,boolean,,,Sales,isexcel,,,Sales_isexcel,"Retail, Industrial, Multi-Family (MF), Manufactured Housing, Office",,,,,
Transactions,Confidential,Confidential,Is this a confidential sale?,2/22/2019,,boolean,,,Sales,confidential,,,Sales_confidential,"Retail, Industrial, Multi-Family (MF), Manufactured Housing, Office",,,,,
Transactions,Actual Price,Actual Price,The starting price of the Sale Transaction,10/9/2018,,float,"$#,##0",,Sales,priceactual,,,Sales_priceactual,"Retail, Industrial, Multi-Family (MF), Manufactured Housing, Office",,,,,
Transactions,FF and E Adjustment,FF and E Adjustment,"FF&E at time of sale, contributory to sale price",4/30/2021,1.23.1,float,"$#,###",,Sales,ffandeadjustment,,,Sales_ffandeadjustment,"Retail, Industrial, Multi-Family (MF), Manufactured Housing, Office",,,,,
Transactions,Excess Land Adjustment,Excess Land Adjustment,"Excess land price at time of sale, contributory to sale price",4/30/2021,1.23.1,float,"$#,###",,Sales,excesslandadjustment,,,Sales_excesslandadjustment,"Retail, Industrial, Multi-Family (MF), Manufactured Housing, Office",,,,,
Transactions,Business Value Adjustment,Business Value Adjustment,"Business value at time of sale, contributory to sale price",4/30/2021,1.23.1,float,"$#,###",,Sales,businessvalueadjustment,,,Sales_businessvalueadjustment,"Retail, Industrial, Multi-Family (MF), Manufactured Housing, Office",,,,,
Transactions,Financing Terms Adjustment,Financing Terms Adjustment,Adjustment to sale price based on financing terms,4/30/2021,1.23.1,float,"$#,###",,Sales,financingtermsadjustment,,,Sales_financingtermsadjustment,"Retail, Industrial, Multi-Family (MF), Manufactured Housing, Office",,,,,
Transactions,Conditions of Sale Adjustment,Conditions of Sale Adjustment,Adjustment to sale price based on conditions of sale,4/30/2021,1.23.1,float,"$#,###",,Sales,conditionsofsaleadjustment,,,Sales_conditionsofsaleadjustment,"Retail, Industrial, Multi-Family (MF), Manufactured Housing, Office",,,,,
Transactions,Expenditures after Sale Adjustment,Expenditures after Sale Adjustment,Adjustment to sale price based on expenditures after sale,4/30/2021,1.23.1,float,"$#,###",,Sales,expendituresaftersaleadjustment,,,Sales_expendituresaftersaleadjustment,"Retail, Industrial, Multi-Family (MF), Manufactured Housing, Office",,,,,
Transactions,Other Adjustment,Other Adjustment,Adjustment to sale price based on other factors,4/30/2021,1.23.1,float,"$#,###",,Sales,otheradjustment,,,Sales_otheradjustment,"Retail, Industrial, Multi-Family (MF), Manufactured Housing, Office",,,,,
Transactions,Price Adjustment,Price Adjustment,Adjustment to the original Price,10/9/2018,,float,"$#,##0",Calculate via Button,Sales,priceadjustment,,,Sales_priceadjustment,"Retail, Industrial, Multi-Family (MF), Manufactured Housing, Office",,,,,
Transactions,Price,Price,"Price (List, Contract or Sale)",1/25/2014,,float,"$#,##0",,Sales,price,,,Sales_price,"Retail, Industrial, Multi-Family (MF), Manufactured Housing, Office",,,,,
Transactions,Price Per SF,Price Per SF,Price Per SF GBA,1/25/2014,,float,"$#,##0.00",Auto-Calculated,Sales,pricepersf,,,Sales_pricepersf,"Retail, Industrial, Multi-Family (MF), Manufactured Housing, Office",,,,,
Transactions,Price Per RA,Price Per RA,Price Per RA,1/10/2018,,float,"$#,##0.00",Auto-Calculated,Sales,priceperra,,,Sales_priceperra,"Retail, Industrial, Multi-Family (MF), Manufactured Housing, Office",,,,,
Transactions,Price Per Unit,Price Per Unit,Price Per Unit,1/25/2014,,float,"$#,##0",Auto-Calculated,Sales,priceperunit,,,Sales_priceperunit,Multi-Family (MF),,,,,
Transactions,Price Per Room,Price Per Room,Price Per Room,1/25/2014,,float,"$#,##0",Auto-Calculated,Sales,priceperroom,,,Sales_priceperroom,Multi-Family (MF),,,,,
Transactions,Price Per Bedroom,Price Per Bedroom,Price Per Bedroom,4/30/2021,1.23.1,float,"$#,###.##",Auto-Calculated,Sales,priceperbedroom,,,Sales_priceperbedroom,Multi-Family (MF),,,,,
Transactions,Price Per Bed,Price Per Bed,Price Per Bed,1/25/2014,,float,"$#,##0",Auto-Calculated,Sales,priceperbed,,,Sales_priceperbed,Multi-Family (MF),,,,,
Transactions,Price Per MF Room,Price Per MF Room,Price Per MF Room,4/30/2021,1.23.1,float,"$#,###.##",Auto-Calculated,Sales,pricepermfroom,,,Sales_pricepermfroom,Multi-Family (MF),,,,,
Transactions,Price Per MF Bedroom,Price Per MF Bedroom,Price Per MF Bedroom,4/30/2021,1.23.1,float,"$#,###.##",Auto-Calculated,Sales,pricepermfbedroom,,,Sales_pricepermfbedroom,Multi-Family (MF),,,,,
Transactions,Price Per Land SF,Price Per Land SF,Price Per Land SF,1/25/2014,,float,"$#,##0.00",Auto-Calculated,Sales,priceperlandsf,,,Sales_priceperlandsf,"Retail, Industrial, Multi-Family (MF), Manufactured Housing, Office",,,,,
Transactions,Price Per Acre,Price Per Acre,Price Per Acre,1/25/2014,,float,"$#,##0",Auto-Calculated,Sales,priceperacre,,,Sales_priceperacre,"Retail, Industrial, Multi-Family (MF), Manufactured Housing, Office",,,,,
Transactions,Price Per Land Unit,Price Per Land Unit,Price Per Land Unit,1/25/2014,,float,"$#,##0",Auto-Calculated,Sales,priceperlandunit,,,Sales_priceperlandunit,"Retail, Industrial, Multi-Family (MF), Manufactured Housing, Office",,,,,
Transactions,Price Per Usable Acre,Price Per Usable Acre,Price Per Usable Acre,10/15/2018,,float,"$#,##0",Auto-Calculated,Sales,priceperusableacre,,,Sales_priceperusableacre,"Retail, Industrial, Multi-Family (MF), Manufactured Housing, Office",,,,,
Transactions,Price Per Buildable SF,Price Per Buildable SF,Price Per Buildable SF,4/30/2021,1.23.1,float,"$#,###.##",Auto-Calculated,Sales,priceperbuildablesf,,,Sales_priceperbuildablesf,"Retail, Industrial, Multi-Family (MF), Manufactured Housing, Office",,,,,
Transactions,Price Per Primary Frontage Feet,Price Per Primary Frontage Feet,Price Per Primary Frontage Feet,4/30/2021,1.23.1,float,"$#,###.##",Auto-Calculated,Sales,priceperprimaryfrontage,,,Sales_priceperprimaryfrontage,"Retail, Industrial, Multi-Family (MF), Manufactured Housing, Office",,,,,
Transactions,Price Per FAR,Price Per FAR,Price Per FAR,4/30/2021,1.23.1,float,"$#,###.##",Auto-Calculated,Sales,priceperfar,,,Sales_priceperfar,"Retail, Industrial, Multi-Family (MF), Manufactured Housing, Office",,,,,
Transactions,Price Per Bay,Price Per Bay,Price Per Bay,4/30/2021,1.23.1,float,"$#,###.##",Auto-Calculated,Sales,priceperbay,,,Sales_priceperbay,Industrial,,,,,
Transactions,Price Per Space,Price Per Space,Price Per Space,4/30/2021,1.23.1,float,"$#,###.##",Auto-Calculated,Sales,priceperspace,,,Sales_priceperspace,Manufactured Housing,,,,,
Transactions,Price Per GBA Meters,Price Per GBA Meters,Price Per GBA Meters,1/17/2020,,float,"$#,##0.00",Auto-Calculated,Sales,pricepergbameters,,,Sales_pricepergbameters,"Retail, Industrial, Multi-Family (MF), Manufactured Housing, Office",,,,,
Transactions,Price Per RA Meters,Price Per RA Meters,Price Per Rentable Area Meters,1/17/2020,,float,"$#,##0.00",Auto-Calculated,Sales,priceperrameters,,,Sales_priceperrameters,"Retail, Industrial, Multi-Family (MF), Manufactured Housing, Office",,,,,
Transactions,Price Per Land Sq. Meters,Price Per Land Sq. Meters,Price Per Land SQ Meters,1/17/2020,,float,"$#,##0.00",Auto-Calculated,Sales,priceperlandsqm,,,Sales_priceperlandsqm,"Retail, Industrial, Multi-Family (MF), Manufactured Housing, Office",,,,,
Transactions,Price Per Land Hectares,Price Per Land Hectares,Price Per Land Hectares,1/17/2020,,float,"$#,##0",Auto-Calculated,Sales,priceperlandhectares,,,Sales_priceperlandhectares,"Retail, Industrial, Multi-Family (MF), Manufactured Housing, Office",,,,,
Transactions,Grantor,Grantor,Grantor - Seller,1/25/2014,,string,TA,,Sales,grantor,,,Sales_grantor,"Retail, Industrial, Multi-Family (MF), Manufactured Housing, Office",,,,,
Transactions,Grantee,Grantee,Grantee - Buyer,1/25/2014,,string,TA,,Sales,grantee,,,Sales_grantee,"Retail, Industrial, Multi-Family (MF), Manufactured Housing, Office",,,,,
Transactions,Property Rights,Property Rights,"An enforceable, legal claim to title of or interest in property.",1/25/2014,,string,DDL,,Sales,propertyrights,,,Sales_propertyrights,"Retail, Industrial, Multi-Family (MF), Manufactured Housing, Office",,,,,
Transactions,Financing,Financing,Financing,1/25/2014,,text,General,,Sales,financing,,,Sales_financing,"Retail, Industrial, Multi-Family (MF), Manufactured Housing, Office",,,,,
Transactions,Conditions of Sale,Conditions of Sale,Conditions of Sale,1/25/2014,,text,General,,Sales,conditionsofsale,,,Sales_conditionsofsale,"Retail, Industrial, Multi-Family (MF), Manufactured Housing, Office",,,,,
Transactions,Current Use,Current Use,Current Use,1/25/2014,,text,General,,Sales,currentuse,,,Sales_currentuse,"Retail, Industrial, Multi-Family (MF), Manufactured Housing, Office",,,,,
Transactions,Property Included,Property Included,"Area(s) included in sale (i.e. Real Property, Going Concern, Real & Personal Property)",4/30/2021,1.23.1,string,text,,Sales,propertyincluded,,,Sales_propertyincluded,"Retail, Industrial, Multi-Family (MF), Manufactured Housing, Office",,,,,
Transactions,Days On Market (DOM),Days On Market,Days On Market,1/25/2014,,text,General,,Sales,daysonmarket,,,Sales_daysonmarket,"Retail, Industrial, Multi-Family (MF), Manufactured Housing, Office",,,,,
Transactions,Recording Date,Recording Date,Date of Recording Document,2/22/2019,,date,MM/dd/yyyy,,Sales,recordingdate,,,Sales_recordingdate,"Retail, Industrial, Multi-Family (MF), Manufactured Housing, Office",,,,,
Transactions,Book/Page or Reference Doc,Book/Page or Reference Doc,Book/Page or Reference Doc,1/30/2015,,varchar,,,Sales,bookpageorrefdoc,,,Sales_bookpageorrefdoc,"Retail, Industrial, Multi-Family (MF), Manufactured Housing, Office",,,,,
Transactions,Lender,Lender,Name of Lender for Transaction,4/30/2021,1.23.1,string,text,,Sales,lender,,,Sales_lender,"Retail, Industrial, Multi-Family (MF), Manufactured Housing, Office",,,,,
Transactions,Buyer Type,Buyer Type,"Type of buyer (i.e. Owner-User, Investor, Partial-User, etc.)",4/30/2021,1.23.1,string,text,,Sales,buyertype,,,Sales_buyertype,"Retail, Industrial, Multi-Family (MF), Manufactured Housing, Office",,,,,
Transactions,Proposed Use,Proposed Use,Proposed Use,1/25/2014,,text,General,,Sales,proposeduse,,,Sales_proposeduse,"Retail, Industrial, Multi-Family (MF), Manufactured Housing, Office",,,,,
Transactions,Highest and Best Use,Highest and Best Use,Highest and Best Use of property at time of sale,4/30/2021,1.23.1,string,text,,Sales,highestandbestuse,,,Sales_highestandbestuse,"Retail, Industrial, Multi-Family (MF), Manufactured Housing, Office",,,,,
Transactions,Sale Verification Source,Sale Verification Source,Source of this sale's verification,2/22/2019,,varchar,,,Sales,verificationsource,,,Sales_verificationsource,"Retail, Industrial, Multi-Family (MF), Manufactured Housing, Office",,,,,
Transactions,Sale Verification Phone,Sale Verification Phone,Sale Verification Phone,10/23/2019,,varchar,(###)###-####,,Sales,verificationphone,,,Sales_verificationphone,"Retail, Industrial, Multi-Family (MF), Manufactured Housing, Office",,,,,
Transactions,Sale Verification Date,Sale Verification Date,Date that this Sale was verified,2/22/2019,,date,MM/dd/yyyy,,Sales,verificationdate,,,Sales_verificationdate,"Retail, Industrial, Multi-Family (MF), Manufactured Housing, Office",,,,,
Transactions,Sale Data Source,Sale Data Source,Sale Data Source,1/25/2014,,varchar,,,Sales,datasource,,,Sales_datasource,"Retail, Industrial, Multi-Family (MF), Manufactured Housing, Office",,,,,
Transactions,Sale Supporting Files,Sale Supporting Files,Supporting Files for Sale Transactions,1/25/2014,,text,,,Sales,salesupportingfiles,,,Sales_salesupportingfiles,"Retail, Industrial, Multi-Family (MF), Manufactured Housing, Office",,,,,
Transactions,Legal Description,Legal Description,Legal Description,1/25/2014,,string,TA,,Sales,legaldescription,,,Sales_legaldescription,"Retail, Industrial, Multi-Family (MF), Manufactured Housing, Office",,,,,
Transactions,Finish Condition,Finish Condition,"Finish condition at time of sale (i.e. Finished, Warm Shell, etc.)",4/30/2021,1.23.1,string,TA,,Sales,finishcondition,,,Sales_finishcondition,"Retail, Industrial, Office",,,,,
Transactions,Appraisal Date,Appraisal Date,Appraisal Date,1/25/2014,,Date,MM/dd/yyyy,,Sales,appraisaldate,,public DateTime? AppraisalDate { get; set; },Sales_appraisaldate,"Retail, Industrial, Multi-Family (MF), Manufactured Housing, Office",,,,,
Transactions,Appraised Value,Appraised Value,Appraised Value,1/25/2014,,float,"$#,##0",,Sales,appraisedvalue,,public double? AppraisedValue { get; set; },Sales_appraisedvalue,"Retail, Industrial, Multi-Family (MF), Manufactured Housing, Office",,,,,
Transactions,Land Value Per SF,Land Value Per SF,Appraiser estimated land value allocation for improved properties.,4/30/2021,1.23.1,float,"$#,###.##",,Sales,landvaluepersf,,,Sales_landvaluepersf,"Retail, Industrial, Multi-Family (MF), Manufactured Housing, Office",,,,,
Transactions,Land Value,Land Value,Allocated value of Land for a property.,4/30/2021,1.23.1,float,"$#,###",Calculate via Button,Sales,landvalue,,,Sales_landvalue,"Retail, Industrial, Multi-Family (MF), Manufactured Housing, Office",,,,,
Transactions,Improvement Value,Improvement Value,Allocated value of improvements for an improved property.,4/30/2021,1.23.1,float,"$#,###",Calculate via Button,Sales,improvementvalue,,,Sales_improvementvalue,"Retail, Industrial, Multi-Family (MF), Manufactured Housing, Office",,,,,
Transactions,Improvement Value Per SF,Improvement Value Per SF,Total value of improvements divided by Allocated improvements price per SF of GBA.,4/30/2021,1.23.1,float,"$#,###.##",Calculate via Button,Sales,improvementvaluepersf,,,Sales_improvementvaluepersf,"Retail, Industrial, Multi-Family (MF), Manufactured Housing, Office",,,,,
Transactions,PGIM,PGIM,Potential Gross Income Multiplier,1/25/2014,,float,"#,##0.00",Auto-Calculated,Sales,pgim,,,Sales_pgim,Multi-Family (MF),,,,,
Transactions,EGIM,EGIM,Effective Gross Income Multiplier,1/25/2014,,float,"#,##0.00",Auto-Calculated,Sales,egim,,public double? EGIM { get; set; },Sales_egim,Multi-Family (MF),,,,,
Transactions,NIM,NIM,Net Income Multiplier,1/25/2014,,float,"#,##0.00",Auto-Calculated,Sales,nim,,,Sales_nim,"Retail, Industrial, Multi-Family (MF), Manufactured Housing, Office",,,,,
Transactions,Cap Rate,Cap Rate,Capitalization Rate,1/25/2014,,float,0.##%,Auto-Calculated,Sales,caprate,,,Sales_caprate,"Retail, Industrial, Multi-Family (MF), Manufactured Housing, Office",,,,,
Transactions,Room Revenue Multiplier,Room Revenue Multiplier,Calculated field for Hospitality and Lodging,4/30/2021,1.23.1,float,#.##,Auto-Calculated,Sales,hotelroomrevmultiplier,,,Sales_hotelroomrevmultiplier,"Retail, Industrial, Multi-Family (MF), Manufactured Housing, Office",,,,,
Transactions,TOS Cap Rate,TOS Cap Rate,TOS Cap Rate,9/27/2017,,float,0.##%,Calculate via Button,Sales,toscaprate,,,Sales_toscaprate,"Retail, Industrial, Multi-Family (MF), Manufactured Housing, Office",,,,,
Transactions,TOS EGIM,TOS EGIM,Time of Sale - Effective Gross Income Multiplier,2/22/2019,,float,"#,##0.0000",Calculate via Button,Sales,tosegim,,,Sales_tosegim,Multi-Family (MF),,,,,
Transactions,TOS NOI,TOS NOI,NOI at time of sale,4/30/2021,1.23.1,float,"$#,###",Calculate via Button,Sales,tosnoi,,,Sales_tosnoi,"Retail, Industrial, Multi-Family (MF), Manufactured Housing, Office",,,,,
Transactions,TOS Occupancy Rate,TOS Occupancy Rate,TOS Occupancy Rate,9/27/2017,,float,0.##%,Calculate via Button,Sales,tosoccupancyrate,,,Sales_tosoccupancyrate,"Retail, Industrial, Multi-Family (MF), Manufactured Housing, Office",,,,,
Transactions,TOS Vacancy Rate,TOS Vacancy Rate,TOS Vacancy Rate,9/27/2017,,float,0.##%,Calculate via Button,Sales,tosvacancyrate,,,Sales_tosvacancyrate,"Retail, Industrial, Multi-Family (MF), Manufactured Housing, Office",,,,,
Transactions,TOS Price Per Rentable Space,TOS Price Per Rentable Space,TOS Price Per Rentable Space,9/27/2017,,float,"$#,##0.00",Calculate via Button,Sales,tospriceperrsf,,,Sales_tospriceperrsf,"Retail, Industrial, Multi-Family (MF), Manufactured Housing, Office",,,,,
Transactions,TOS Price Per Usable Acre Land,TOS Price Per Usable Acre Land,TOS Price Per Usable Acre Land,9/27/2017,,float,"$#,##0.00",Calculate via Button,Sales,tospriceperuseableacreland,,,Sales_tospriceperuseableacreland,"Retail, Industrial, Multi-Family (MF), Manufactured Housing, Office",,,,,
Transactions,TOS Price Per Usable SF Land,TOS Price Per Usable SF Land,TOS Price Per Usable SF Land,9/27/2017,,float,"$#,##0.00",Calculate via Button,Sales,tospriceperuseablesfland,,,Sales_tospriceperuseablesfland,"Retail, Industrial, Multi-Family (MF), Manufactured Housing, Office",,,,,
Transactions,TOS Number Of Tenants,TOS Number Of Tenants,TOS Number Of Tenants,9/27/2017,,int,"#,##0",Calculate via Button,Sales,tosnumberoftenants,,,Sales_tosnumberoftenants,"Retail, Industrial, Office",,,,,
Transactions,TOS Tenancy Type,TOS Tenancy Type,"Describes property configuration at time of sale (i.e. Multi-Tenant, Single-Tenant).",4/30/2021,1.23.1,string,DDL,,Sales,tostenancytype,,,Sales_tostenancytype,"Retail, Industrial, Office",,,,,
Transactions,TOS Weighted Avg. Lease Term,TOS Weighted Avg. Lease Term,TOS Weighted Avg. Lease Term,9/27/2017,,float,,Calculate via Button,Sales,tosweightedaverageleaseterm,,,Sales_tosweightedaverageleaseterm,"Retail, Industrial, Office",,,,,
Transactions,TOS Effective Age,TOS Effective Age,The effective age of the property at time of the sale instance.,7/25/2019,,int,"#,##0",,Sales,toseffectiveage,,,Sales_toseffectiveage,"Retail, Industrial, Multi-Family (MF), Manufactured Housing, Office",,,,,
Transactions,Discount Rate,Discount Rate,"The discount rate is the rate used in a discounted cash flow analysis to compute present values. When solving for the future value of money set aside today, we compound our investment at a particular rate of interest.",7/22/2019,,float,,,Sales,discountrate,,,Sales_discountrate,"Retail, Industrial, Multi-Family (MF), Manufactured Housing, Office",,,,,
Transactions,Expense Growth Rate,Expense Growth Rate,Expense Growth Rate,7/22/2019,,float,,,Sales,expensegrowthrate,,,Sales_expensegrowthrate,"Retail, Industrial, Multi-Family (MF), Manufactured Housing, Office",,,,,
Transactions,Income Growth Rate,Income Growth Rate,Income Growth Rate,7/22/2019,,float,,,Sales,incomegrowthrate,,,Sales_incomegrowthrate,"Retail, Industrial, Multi-Family (MF), Manufactured Housing, Office",,,,,
Transactions,Terminal Cap Rate,Terminal Cap Rate,The terminal capitalization rate is the rate used to estimate the resale value of a property at the end of the holding period. The expected net operating income (NOI) per year is divided by the terminal cap rate (expressed as percentage) to get the *terminal* value.,7/22/2019,,float,,,Sales,terminalcaprate,,,Sales_terminalcaprate,"Retail, Industrial, Multi-Family (MF), Manufactured Housing, Office",,,,,
Transactions,Holding Period Years,Holding Period Years,Holding Period Years,7/22/2019,,int,"#,##0",,Sales,holdingperiodyears,,,Sales_holdingperiodyears,"Retail, Industrial, Multi-Family (MF), Manufactured Housing, Office",,,,,
Transactions,Income Growth,Income Growth,"Describes upcoming income growth (i.e. Stable, Increasing, Flat, etc.) at time of sale.",4/30/2021,1.23.1,string,text,,Sales,incomegrowth,,,Sales_incomegrowth,"Retail, Industrial, Multi-Family (MF), Manufactured Housing, Office",,,,,
Transactions,Risk Profile,Risk Profile,"Describes property's risk level (i.e. Average Risk, High Risk, etc.) at time of sale.",4/30/2021,1.23.1,string,DDL,,Sales,riskprofile,,,Sales_riskprofile,"Retail, Industrial, Multi-Family (MF), Manufactured Housing, Office",,,,,
Transactions,Original List Price,Original List Price,Original List price for analysis against price sold for,4/30/2021,1.23.1,float,"$#,###",,Sales,originallistprice,,,Sales_originallistprice,"Retail, Industrial, Multi-Family (MF), Manufactured Housing, Office",,,,,
Transactions,Original List Price Difference,Original List Price Difference,Percent difference from Original List Price to Sale Price,4/30/2021,1.23.1,float,,Auto-Calculated,Sales,originallppercentdiff,,,Sales_originallppercentdiff,"Retail, Industrial, Multi-Family (MF), Manufactured Housing, Office",,,,,
Transactions,Current List Price,Current List Price,Most recent List price for analysis against price sold for,4/30/2021,1.23.1,float,"$#,###",,Sales,currentlistprice,,,Sales_currentlistprice,"Retail, Industrial, Multi-Family (MF), Manufactured Housing, Office",,,,,
Transactions,Current List Price Difference,Current List Price Difference,Percent difference from Current List Price to Sale Price,4/30/2021,1.23.1,float,,Auto-Calculated,Sales,currentlppercentdiff,,,Sales_currentlppercentdiff,"Retail, Industrial, Multi-Family (MF), Manufactured Housing, Office",,,,,
Transactions,Environmental Concerns,Environmental Concerns,Description of any environmental issues as property,4/30/2021,1.23.1,string,DDL,,Sales,environmentalconcerns,,,Sales_environmentalconcerns,"Retail, Industrial, Multi-Family (MF), Manufactured Housing, Office",,,,,
Transactions,Environmental Status,Environmental Status,Status at time of Sale,4/30/2021,1.23.1,string,DDL,,Sales,environmentalstatus,,,Sales_environmentalstatus,"Retail, Industrial, Multi-Family (MF), Manufactured Housing, Office",,,,,
Transactions,Environmental Remarks,Environmental Remarks,Additional environmental/contamination notes,4/30/2021,1.23.1,string,text,,Sales,environmentalremarks,,,Sales_environmentalremarks,"Retail, Industrial, Multi-Family (MF), Manufactured Housing, Office",,,,,
Transactions,Clean up Costs,Clean-up Costs,Cost of remaining environmental clean-up,4/30/2021,1.23.1,float,"$#,###",,Sales,cleanupcosts,,,Sales_cleanupcosts,"Retail, Industrial, Multi-Family (MF), Manufactured Housing, Office",,,,,
Transactions,Type of Contamination,Type of Contamination,Description of contamination type,4/30/2021,1.23.1,string,DDL,,Sales,typeofcontamination,,,Sales_typeofcontamination,"Retail, Industrial, Multi-Family (MF), Manufactured Housing, Office",,,,,
Transactions,Responsible Party,Responsible Party,Party responsible for contamination,4/30/2021,1.23.1,string,DDL,,Sales,responsibleparty,,,Sales_responsibleparty,"Retail, Industrial, Multi-Family (MF), Manufactured Housing, Office",,,,,
Transactions,Percent Diminution in Value,Percent Diminution in Value,Percent sale price was decreased due to contamination,4/30/2021,1.23.1,float,,,Sales,percentdiminutioninvalue,,,Sales_percentdiminutioninvalue,"Retail, Industrial, Multi-Family (MF), Manufactured Housing, Office",,,,,
Transactions,Diminution Source,Diminution Source,Information source for percent decrease in value due to contamination,4/30/2021,1.23.1,string,text,,Sales,diminutionsource,,,Sales_diminutionsource,"Retail, Industrial, Multi-Family (MF), Manufactured Housing, Office",,,,,
Transactions,Percent Stigma,Percent Stigma,Percent sale price was decreased due to stigma from contamination,4/30/2021,1.23.1,float,,,Sales,percentstigma,,,Sales_percentstigma,"Retail, Industrial, Multi-Family (MF), Manufactured Housing, Office",,,,,
Transactions,Adjustment Comments,Adjustment Comments,Explanation of adjustments made,2/22/2019,,string,TA,,Sales,adjustmentcomments,,,Sales_adjustmentcomments,"Retail, Industrial, Multi-Family (MF), Manufactured Housing, Office",,,,,
Transactions,Internal Comments,Internal Comments,Comments for internal use within the appraisal firm.,2/22/2019,,string,TA,,Sales,internalcomments,,,Sales_internalcomments,"Retail, Industrial, Multi-Family (MF), Manufactured Housing, Office",,,,,
Transactions,Sale Notes,Sale Notes,"List, Contract or Sale Notes",1/25/2014,,string,TA,,Sales,salenotes,,,Sales_salenotes,"Retail, Industrial, Multi-Family (MF), Manufactured Housing, Office",,,,,
Transactions,Sale Comments,Sale Comments,"List, Contract or Sale Comments",1/25/2014,,string,TA,,Sales,salecomments,,,Sales_salecomments,"Retail, Industrial, Multi-Family (MF), Manufactured Housing, Office",,,,,
UAF,Price Per Usable Acre,Price Per Usable Acre,Price Per Usable Acre,10/15/2018,,float,"$#,##0",Auto-Calculated,Sales,priceperusableacre,,,Sales_priceperusableacre,"Retail, Industrial, Multi-Family (MF), Manufactured Housing, Office",,,,,
UAF,Price Per Usable Land SF,Price Per Usable Land SF,Price Per Usable Land SF,1/25/2014,,float,"$#,##0.00",Auto-Calculated,Sales,priceperusablelandsf,,,Sales_priceperusablelandsf,"Retail, Industrial, Multi-Family (MF), Manufactured Housing, Office",,,,,
Site ,No. of Parcels,No. of Parcels,The number of parcels that are included in the site envelope.,3/26/2024,1.34.1,int,"#,##0",Count of Subparcels,Sites,NumberOfParcels,,int? NumberOfParcels { get; set; },Sites_NumberOfParcels,"Retail, Industrial, Multi-Family (MF), Manufactured Housing, Office",,,,,
Site ,Land Use,Land Use,Standardized Land Use Code normalized across all counties. Indicates the use of a property.,8/28/2020,1.20.2,text,,,Sites,landuse,,public string LandUse { get; set; },Sites_landuse,"Retail, Industrial, Multi-Family (MF), Manufactured Housing, Office",,,,,
Site,Acres,Acres,Total Land Area of the Site in Acres,1/25/2014,,float,"#,##0.0000",Cross-Calculates,Sites,acres,,public double? Acres { get; set; },Sites_acres,"Retail, Industrial, Multi-Family (MF), Manufactured Housing, Office",,,,,
Site,Land SF,Land SF,Total Land Area of the Site in Square Feet,1/25/2014,,float,"#,##0",Cross-Calculates,Sites,landsf,,public double? LandSF { get; set; },Sites_landsf,"Retail, Industrial, Multi-Family (MF), Manufactured Housing, Office",,,,,
Site,Usable Acres,Usable Acres,"The minimum land area required per development which is suitable for OSS. This area includes satisfactory soil conditions, vertical separation and horizontal separation(s). ",1/25/2014,,float,"#,##0.0000",Cross-Calculates,Sites,usableacres,,public double? UsableAcres { get; set; },Sites_usableacres,"Retail, Industrial, Multi-Family (MF), Manufactured Housing, Office",,,,,
Site,Usable Land SF,Usable Land SF,"The minimum land area required per development which is suitable for OSS. This area includes satisfactory soil conditions, vertical separation and horizontal separation(s). ",1/25/2014,,float,"#,##0",Cross-Calculates,Sites,usablelandsf,,public double? UsableLandSF { get; set; },Sites_usablelandsf,"Retail, Industrial, Multi-Family (MF), Manufactured Housing, Office",,,,,
Site,Unusable Acres,Unusable Acres,"Land not beneficial to residential use due to location or character such as drainage ditches, steep slopes, dense woods, sidewalks and utility strips when their presence renders the land unusable for residential use.",3/26/2024,1.34.1,float,"#,##0.0000",Cross-Calculates,Sites,UnusableAcres,,double? UnusableAcres { get; set; },Sites_UnusableAcres,"Retail, Industrial, Multi-Family (MF), Manufactured Housing, Office",,,,,
Site,Unusable Land SF,Unusable Land SF,"Land not beneficial to residential use due to location or character such as drainage ditches, steep slopes, dense woods, sidewalks and utility strips when their presence renders the land unusable for residential use.",3/26/2024,1.34.1,float,"#,##0",Cross-Calculates,Sites,UnusableLandSF,,double? UnusableLandSF { get; set; },Sites_UnusableLandSF,"Retail, Industrial, Multi-Family (MF), Manufactured Housing, Office",,,,,
Site,Excess Acres,Excess Acres,"Excess Acres is defined as that which is larger than what is typical in the neighborhood AND capable of a separate use. Generally, the excess portion can be subdivided and marketed as an individual parcel.",7/23/2019,,float,"#,##0.0000",Cross-Calculates,Sites,excessacres,,public double? ExcessAcres { get; set; },Sites_excessacres,"Retail, Industrial, Multi-Family (MF), Manufactured Housing, Office",,,,,
Site,Excess Land SF,Excess Land SF,"Excess land is defined as that which is larger than what is typical in the neighborhood AND capable of a separate use. Generally, the excess portion can be subdivided and marketed as an individual parcel.",7/23/2019,,float,"#,##0",Cross-Calculates,Sites,excesslandsf,,public double? ExcessLandSF { get; set; },Sites_excesslandsf,"Retail, Industrial, Multi-Family (MF), Manufactured Housing, Office",,,,,
Site,Surplus Acres,Surplus Acres,Land that is not currently needed to support the existing use but cannot be separated from the property and sold off for another use. Surplus land does not have an independent highest and best use and may or may not contribute value to the improved parcel.,3/26/2024,1.34.1,float,"#,##0.0000",Cross-Calculates,Sites,SurplusAcres,,double? SurplusAcres { get; set; },Sites_SurplusAcres,"Retail, Industrial, Multi-Family (MF), Manufactured Housing, Office",,,,,
Site,Surplus Land SF,Surplus Land SF,Land that is not currently needed to support the existing use but cannot be separated from the property and sold off for another use. Surplus land does not have an independent highest and best use and may or may not contribute value to the improved parcel.,3/26/2024,1.34.1,float,"#,##0",Cross-Calculates,Sites,SurplusLandSF,,double? SurplusLandSF { get; set; },Sites_SurplusLandSF,"Retail, Industrial, Multi-Family (MF), Manufactured Housing, Office",,,,,
Site,Easement Acres,Easement Acres,A legal right to use another person's land for as long as the owner owns that land or the holder of the easement dies.,7/23/2019,,float,"#,##0.0000",Cross-Calculates,Sites,easementacres,,public double? EasementAcres { get; set; },Sites_easementacres,"Retail, Industrial, Multi-Family (MF), Manufactured Housing, Office",,,,,
Site,Easement Land SF,Easement Land SF,A legal right to use another person's land for as long as the owner owns that land or the holder of the easement dies.,7/23/2019,,float,"#,##0",Cross-Calculates,Sites,easementlandsf,,public double? EasementLandSF { get; set; },Sites_easementlandsf,"Retail, Industrial, Multi-Family (MF), Manufactured Housing, Office",,,,,
Site,Buildable SF,Buildable SF,"Buildable land area is that portion of a development site where construction can legally and reasonably occur – so public streets and rights-of way, wetlands and watercourses, and other constraints would not be included.",10/11/2017,,int,"#,##0.0000",,Sites,buildablesf,,public double? BuildableSF { get; set; },Sites_buildablesf,"Retail, Industrial, Multi-Family (MF), Manufactured Housing, Office",,,,,
Site,Gross Land Area Hectares,Gross Land Area Hectares,Metric System; Primary Land Data Entry,7/29/2019,,float,0.#####,Cross-Calculates,Sites,landhectares,,public double? LandHectares { get; set; },Sites_landhectares,"Retail, Industrial, Multi-Family (MF), Manufactured Housing, Office",,,,,
Site,Gross Land Area Sq Meters,Gross Land Area Sq Meters,Metric System; Land Meters calculate based on hectors,7/29/2019,,float,"#,##0",Cross-Calculates,Sites,landsquaremeters,,public double? LandSquareMeters { get; set; },Sites_landsquaremeters,"Retail, Industrial, Multi-Family (MF), Manufactured Housing, Office",,,,,
Site,Allowable Floor Area SF,Allowable Floor Area SF,Allowable Floor Area SF,7/18/2019,,int,"#,##0",,Sites,allowablefloorareasf,,public int? AllowableFloorAreaSF { get; set; },Sites_allowablefloorareasf,"Retail, Industrial, Multi-Family (MF), Manufactured Housing, Office",,,,,
Site,Allowable Units,Allowable Units,The number of allowed Units.,8/28/2020,1.20.2,int,"#,##0",,Sites,allowableunits,,public int? AllowableUnits { get; set; },Sites_allowableunits,Multi-Family (MF),,,,,
Site,Proposed SF,Proposed SF,Proposed Square Feet,7/18/2019,,int,"#,##0",,Sites,proposedsf,, public int? ProposedSF { get; set; },Sites_proposedsf,"Retail, Industrial, Multi-Family (MF), Manufactured Housing, Office",,,,,
Site,Proposed Units,Proposed Units,Proposed Units,7/18/2019,,int,"#,##0",,Sites,proposedunits,,public int? ProposedUnits { get; set; },Sites_proposedunits,Multi-Family (MF),,,,,
Site,Land Units,Land Units,Number of Land Units,1/25/2014,,int,"#,##0",,Sites,landunits,,public double? LandUnits { get; set; },Sites_landunits,"Retail, Industrial, Multi-Family (MF), Manufactured Housing, Office",,,,,
Site,Land Unit Type,Land Unit Type,"Land Unit Type (Apt., Building Lot, etc.)",1/25/2014,,text,DDL,,Sites,landunittype,LandUnitTypeId,int LandUnitTypeId { get; set; },Sites_landunittype,"Retail, Industrial, Multi-Family (MF), Manufactured Housing, Office",,,,,
Site,Land Unit Approved Or Zoned,Land Unit Approved Or Zoned,Note if Land Units Approved or Zoned,1/25/2014,,varchar,General,,Sites,landunitapprovedorzoned,,public string LandUnitApprovedOrZoned { get; set; },Sites_landunitapprovedorzoned,"Retail, Industrial, Multi-Family (MF), Manufactured Housing, Office",,,,,
Site,Road Frontage,Road Frontage,Road Frontage,1/25/2014,,varchar,General,,Sites,roadfrontage,,public string RoadFrontage { get; set; },Sites_roadfrontage,"Retail, Industrial, Multi-Family (MF), Manufactured Housing, Office",,,,,
Site,Primary Frontage Feet,Primary Frontage Feet,The frontage of the Primary Street of a property in Feet.,8/28/2020,1.20.2,float,"#,###.##",,Sites,primaryfrontagelf,,public double? PrimaryFrontageLF { get; set; },Sites_primaryfrontagelf,"Retail, Industrial, Multi-Family (MF), Manufactured Housing, Office",,,,,
Site,Primary Frontage Street,Primary Frontage Street,The street name of the property where the primary frontage exists.,8/28/2020,1.20.2,text,,,Sites,primaryfrontagest,,public string PrimaryFrontageSt { get; set; },Sites_primaryfrontagest,"Retail, Industrial, Multi-Family (MF), Manufactured Housing, Office",,,,,
Site,Secondary Frontage Feet,Secondary Frontage Feet,The frontage of the Secondary Street of a property in Feet.,8/28/2020,1.20.2,float,"#,###.##",,Sites,secondaryfrontagelf,,public double? SecondaryFrontageLF { get; set; },Sites_secondaryfrontagelf,"Retail, Industrial, Multi-Family (MF), Manufactured Housing, Office",,,,,
Site,Secondary Frontage Street,Secondary Frontage Street,The street name of the property where the secondary frontage exists.,8/28/2020,1.20.2,text,,,Sites,secondaryfrontagest,,public string SecondaryFrontageSt { get; set; },Sites_secondaryfrontagest,"Retail, Industrial, Multi-Family (MF), Manufactured Housing, Office",,,,,
Site,Tertiary Frontage Feet,Tertiary Frontage Feet,The frontage of the Tertiary Street of a property in Feet.,1/27/2022,1.26.1,float,"#,###.##",,Sites,tertiaryfrontagelf,,public double? TertiaryFrontageLF { get; set; },Sites_tertiaryfrontagelf,"Retail, Industrial, Multi-Family (MF), Manufactured Housing, Office",,,,,
Site,Tertiary Frontage Street,Tertiary Frontage Street,The street name of the property where the tertiary frontage exists.,1/27/2022,1.26.1,string,,,Sites,tertiaryfrontagest,,public string TertiaryFrontageSt { get; set; },Sites_tertiaryfrontagest,"Retail, Industrial, Multi-Family (MF), Manufactured Housing, Office",,,,,
Site,Dimensions,Dimensions,The dimensions of a property or a site.,8/28/2020,1.20.2,text,,,Sites,dimensions,,public string Dimensions { get; set; },Sites_dimensions,"Retail, Industrial, Multi-Family (MF), Manufactured Housing, Office",,,,,
Site,Water Frontage,Water Frontage,Water Frontage,1/25/2014,,int,"#,##0",,Sites,waterfrontage,,public int? WaterFrontage { get; set; },Sites_waterfrontage,"Retail, Industrial, Multi-Family (MF), Manufactured Housing, Office",,,,,
Site,Effective Water Frontage,Effective Water Frontage,Effective Water Frontage,1/25/2014,,int,"#,##0",,Sites,effectivewaterfrontage,,public double? EffectiveWaterFrontage { get; set; },Sites_effectivewaterfrontage,"Retail, Industrial, Multi-Family (MF), Manufactured Housing, Office",,,,,
Site,Depth,Depth,Depth,1/25/2014,,varchar,"#,##0.00",,Sites,depth,,public string Depth { get; set; },Sites_depth,"Retail, Industrial, Multi-Family (MF), Manufactured Housing, Office",,,,,
Site,Access,Access,Access,6/5/2018,,text,DDL,,Sites,access,AccessId,int AccessId { get; set; },Sites_access,"Retail, Industrial, Multi-Family (MF), Manufactured Housing, Office",,,,,
Site,View,View,View,1/25/2014,,text,DDL,,Sites,views,ViewsId,,Sites_views,"Retail, Industrial, Multi-Family (MF), Manufactured Housing, Office",,,,,
Site,Visibility,Visibility,The exposure attributed to a site.,8/28/2020,1.20.2,text,DDL,,Sites,visibility,VisibilityId,,Sites_visibility,"Retail, Industrial, Multi-Family (MF), Manufactured Housing, Office",,,,,
Site,Shape,Shape,Site Shape,1/25/2014,,text,DDL,,Sites,shape,ShapeId,,Sites_shape,"Retail, Industrial, Multi-Family (MF), Manufactured Housing, Office",,,,,
Site,Topography,Topography,Topography,1/25/2014,,text,DDL,,Sites,topography,TopographyId,,Sites_topography,"Retail, Industrial, Multi-Family (MF), Manufactured Housing, Office",,,,,
Site,Corner,Corner,Signalization of a property.,8/28/2020,1.20.2,text,DDL,,Sites,corner,CornerId,,Sites_corner,"Retail, Industrial, Multi-Family (MF), Manufactured Housing, Office",,,,,
Site,Utilities,Utilities,Site Utilities,1/25/2014,,text,DDL,,Sites,utilities,UtilitiesId,,Sites_utilities,"Retail, Industrial, Multi-Family (MF), Manufactured Housing, Office",,,,,
Site,All Utilities to Site,All Utilities to Site,Are all utilities at site?,7/23/2019,,bit,,,Sites,allutilities,,public bool AllUtilities { get; set; },Sites_allutilities,"Retail, Industrial, Multi-Family (MF), Manufactured Housing, Office",,,,,
Site,Flood Zone,Flood Zone,Flood Zone,1/25/2014,,text,General,,Sites,floodzone,,public string FloodZone { get; set; },Sites_floodzone,"Retail, Industrial, Multi-Family (MF), Manufactured Housing, Office",,,,,
Site,Flood Map Panel,Flood Map Panel,The Flood Map Panel ID for the Parcel,7/23/2019,,varchar,,,Sites,floodmappanel,,public string FloodMapPanel { get; set; },Sites_floodmappanel,"Retail, Industrial, Multi-Family (MF), Manufactured Housing, Office",,,,,
Site,FEMA Map Date,FEMA Map Date,Date of FEMA Map.,8/28/2020,1.20.2,Date,MM/dd/yyyy,,Sites,femamapdate,,public DateTime? FEMAMapDate { get; set; },Sites_femamapdate,"Retail, Industrial, Multi-Family (MF), Manufactured Housing, Office",,,,,
Site,Within 100-Year Flood Plain,Within 100 Year Flood Plain,Is the parcel within a 100-year flood plain?,7/23/2019,,varchar,,,Sites,withinfloodplainname,withinfloodplainid,public string WithinFloodPlainName { get; set; } = LK_SiteFloodPlainVicinity.Unknown.ToString();,Sites_withinfloodplainname,"Retail, Industrial, Multi-Family (MF), Manufactured Housing, Office",,,,,
Site,Area in Flood Zone,Area in Flood Zone,The square foot area with which a flood zone intersects the property's site area.,5/31/2022,1.27.2,float,"#,###.##",,Sites,areainfloodzone,,public double? AreaInFloodZone { get; set; },Sites_areainfloodzone,"Retail, Industrial, Multi-Family (MF), Manufactured Housing, Office",,,,,
Site,Earthquake Hazard Risk,Earthquake Hazard Risk,"The potential risk of damage from earthquake to a building, system, or other entity. ",9/13/2021,1.25.0,string,DDL,,Sites,earthquakehazardrisk,EarthquakeHazardRiskId,public string EarthquakeHazardRisk { get; set; } = LK_EarthquakeHazardRisk.None.ToString();,Sites_earthquakehazardrisk,"Retail, Industrial, Multi-Family (MF), Manufactured Housing, Office",,,,,
Site,Earthquake Zone Comments,Earthquake Zone Comments,Comments regarding the property's Earthquake Zone.,9/13/2021,1.25.0,string,TA,,Sites,earthquakezonecomments,,public string EarthquakeZoneComments { get; set; },Sites_earthquakezonecomments,"Retail, Industrial, Multi-Family (MF), Manufactured Housing, Office",,,,,
Site,Encumbrance Or Easement,Encumbrance Or Easement,Encumbrance Or Easement,1/25/2014,,text,General,,Sites,encumbranceoreasement,,public string EncumbranceOrEasement { get; set; },Sites_encumbranceoreasement,"Retail, Industrial, Multi-Family (MF), Manufactured Housing, Office",,,,,
Site,Environmental Issues,Environmental Issues,Environmental Issues,1/25/2014,,text,General,,Sites,environmentalissues,,public string EnvironmentalIssues { get; set; },Sites_environmentalissues,"Retail, Industrial, Multi-Family (MF), Manufactured Housing, Office",,,,,
Site,Drainage,Drainage,The adequacy of drainage attributed to a site.,8/28/2020,1.20.2,text,DDL,,Sites,drainage,DrainageId,,Sites_drainage,"Retail, Industrial, Multi-Family (MF), Manufactured Housing, Office",,,,,
Site,Rail Service,Rail Service,Rail Service,10/24/2019,,string,DDL,,Sites,railservice,RailServiceId,public string RailService { get; set; } = LK_RailService.Unknown.ToString();,Sites_railservice,Industrial,,,,,
Site,Demographics Survey Date,Demographics Survey Date,Demographics Survey Date,10/24/2019,,datetime,MM/dd/yyyy,,Sites,demographicssurveydate,,public DateTime? DemographicsSurveyDate { get; set; },Sites_demographicssurveydate,"Retail, Multi-Family (MF)",,,,,
Site,Median Home Value,Median Home Value,Median Home Value,10/24/2019,,float,"$#,##0",,Sites,medianhomevalue,,public double? MedianHomeValue { get; set; },Sites_medianhomevalue,"Retail, Multi-Family (MF)",,,,,
Site,Median Household Income,Median Household Income,Median Household Income,10/24/2019,,float,"$#,##0",,Sites,medianhouseholdincome,,public double? MedianHouseholdIncome { get; set; },Sites_medianhouseholdincome,"Retail, Multi-Family (MF)",,,,,
Site,Traffic Survey Date,Traffic Survey Date,Traffic Survey Date,10/24/2019,,datetime,MM/dd/yyyy,,Sites,trafficsurveydate,,public DateTime? TrafficSurveyDate { get; set; },Sites_trafficsurveydate,Retail,,,,,
Site,Traffic Count,Traffic Count,Traffic Count for Site,10/24/2019,,int,"#,##0",,Sites,trafficcount,,public int? TrafficCount { get; set; },Sites_trafficcount,Retail,,,,,
Site,Secondary Traffic Count,Secondary Traffic Count,Traffic Count for the secondary frontage of the Site.,1/27/2022,1.26.1,int,"#,###",,Sites,secondarytrafficcount,,public int? SecondaryTrafficCount { get; set; },Sites_secondarytrafficcount,Retail,,,,,
Site,Tertiary Traffic Count,Tertiary Traffic Count,Traffic Count for the tertiary frontage of the Site.,1/27/2022,1.26.1,int,"#,###",,Sites,tertiarytrafficcount,,public int? TertiaryTrafficCount { get; set; },Sites_tertiarytrafficcount,Retail,,,,,
Site,Soil Type,Soil Type,The Soil Type attributed to a Parcel or site.,8/28/2020,1.20.2,text,,,Sites,soiltype,,public string SoilType { get; set; },Sites_soiltype,"Retail, Industrial, Multi-Family (MF), Manufactured Housing, Office",,,,,
Site,Productivity Index,Productivity Index,Measured as the ratio of agricultural outputs to agricultural inputs.,8/28/2020,1.20.2,float,"#,###.##",,Sites,productivityindex,,public double? ProductivityIndex { get; set; },Sites_productivityindex,"Retail, Industrial, Multi-Family (MF), Manufactured Housing, Office",,,,,
Site,Tillable Acres,Tillable Acres,The number of acres that are attributed as tillable on a Site.,8/28/2020,1.20.2,float,"#,###.#####",,Sites,tillableacres,,public double? TillableAcres { get; set; },Sites_tillableacres,"Retail, Industrial, Multi-Family (MF), Manufactured Housing, Office",,,,,
Site,Percent Tillable,Percent Tillable,The percent of tillable acres on a site.,8/28/2020,1.20.2,float,#.##%,Auto-Calculated,Sites,percenttillable,,public double? PercentTillable { get; set; },Sites_percenttillable,"Retail, Industrial, Multi-Family (MF), Manufactured Housing, Office",,,,,
Site,Wetlands Type,Wetlands Type,The type of Wetlands the site exhibits. Ex: Freshwater Forested/Shrub Wetland.,8/28/2020,1.20.2,text,,,Sites,wetlandstype,,public string WetlandsType { get; set; },Sites_wetlandstype,"Retail, Industrial, Multi-Family (MF), Manufactured Housing, Office",,,,,
Site,Wetland Acres,Wetland Acres,The number of acres that are attributed as Wetlands on a Site.,8/28/2020,1.20.2,float,"#,###.#####",,Sites,wetlandacres,,public double? WetlandAcres { get; set; },Sites_wetlandacres,"Retail, Industrial, Multi-Family (MF), Manufactured Housing, Office",,,,,
Site,Percent Wetlands,Percent Wetlands,The percent of wetlands on a site.,8/28/2020,1.20.2,float,#.##%,Auto-Calculated,Sites,percentwetlands,,public double? PercentWetlands { get; set; },Sites_percentwetlands,"Retail, Industrial, Multi-Family (MF), Manufactured Housing, Office",,,,,
Site,Woodland Acres,Woodland Acres,The number of acres that are attributed as Woodlands on a Site.,8/28/2020,1.20.2,float,"#,###.#####",,Sites,woodlandacres,,public double? WoodlandAcres { get; set; },Sites_woodlandacres,"Retail, Industrial, Multi-Family (MF), Manufactured Housing, Office",,,,,
Site,Other Acres,Other Acres,The number of acres that are attributed as Other on a Site.,8/28/2020,1.20.2,float,"#,###.#####",,Sites,otheracres,,public double? OtherAcres { get; set; },Sites_otheracres,"Retail, Industrial, Multi-Family (MF), Manufactured Housing, Office",,,,,
Site,Waste Acres,Waste Acres,The number of acres that are attributed as Waste on a Site.,8/28/2020,1.20.2,float,"#,###.#####",,Sites,wasteacres,,public double? WasteAcres { get; set; },Sites_wasteacres,"Retail, Industrial, Multi-Family (MF), Manufactured Housing, Office",,,,,
Site,Home Site Acres,Home Site Acres,The number of acres that are attributed as Home Site on a Site.,8/28/2020,1.20.2,float,"#,###.#####",,Sites,homesiteacres,,public double? HomeSiteAcres { get; set; },Sites_homesiteacres,"Retail, Industrial, Multi-Family (MF), Manufactured Housing, Office",,,,,
Site,Comments,Site Comments,Site Comments,1/25/2014,,string,TA,,Sites,sitecomments,,public string SiteComments { get; set; },Sites_sitecomments,"Retail, Industrial, Multi-Family (MF), Manufactured Housing, Office",,,,,
Improvements,Building Description,Building Description,A Description of the building or space type,7/9/2021,1.24.0,string,text,,Improvement,BuildingDescription,,,Improvement_BuildingDescription,"Retail, Industrial, Multi-Family (MF), Manufactured Housing, Office",,,,,
Improvements,No. of Buildings,No. of Buildings,No. of Buildings,1/25/2014,,int,"#,###",,Improvement,noofbuildings,,,Improvement_noofbuildings,"Retail, Industrial, Multi-Family (MF), Manufactured Housing, Office",,,,,
Improvements,Construction Class,Construction Class,Marshall Valuation Services construction classes.,7/26/2019,,string,DDL,,Improvement,constructionclass,constructionclassid,,Improvement_constructionclass,"Retail, Industrial, Multi-Family (MF), Manufactured Housing, Office",,,,,
Improvements,Building Class,Building Class,Building Class,1/25/2014,,varchar,DDL,,Improvement,buildingclass,buildingclassid,,Improvement_buildingclass,"Retail, Industrial, Multi-Family (MF), Manufactured Housing, Office",,,,,
Improvements,Perimeter SF,Perimeter SF,Square Feet of Perimeter,7/26/2019,,float,"#,##0.0",,Improvement,perimeter,,,Improvement_perimeter,"Retail, Industrial, Multi-Family (MF), Manufactured Housing, Office",,,,,
Improvements,Source For SF Area,Source For SF Area,Source For Square Foot Area,1/25/2014,,varchar,DDL,,Improvement,sourceforsfarea,sourceforsfareaid,,Improvement_sourceforsfarea,"Retail, Industrial, Multi-Family (MF), Manufactured Housing, Office",,,,,
Improvements,Multifamily Units,No Of Multifamily Units,No. of Multifamily Units,1/25/2014,,int,"#,###",Auto-Calculated,Improvement,noofmultifamilyunits,,,Improvement_noofmultifamilyunits,Multi-Family (MF),,,,,
Improvements,Multifamily GBA,Multifamily GBA,Multifamily GBA,1/25/2014,,float,"#,##0",,Improvement,gbamultifamily,,,Improvement_gbamultifamily,Multi-Family (MF),,,,,
Improvements,Multifamily RA,Multifamily RA,Multifamily RA,1/25/2014,,float,"#,##0",Auto-Calculated,Improvement,ramultifamily,,,Improvement_ramultifamily,Multi-Family (MF),,,,,
Improvements,No Of Multifamily Rooms,No Of Multifamily Rooms,Total No. of Multifamily Rooms for Property,1/25/2014,,float,"#,###",Auto-Calculated,Improvement,noofmultifamilyrooms,,,Improvement_noofmultifamilyrooms,Multi-Family (MF),,,,,
Improvements,No Of Multifamily Bedrooms,No Of Multifamily Bedrooms,Total No. of Multifamily Bedrooms for Property,1/25/2014,,float,"#,###.#",Auto-Calculated,Improvement,noofmultifamilybedrooms,,,Improvement_noofmultifamilybedrooms,Multi-Family (MF),,,,,
Improvements,No. Of MultiFamily Bathrooms,No. Of MultiFamily Bathrooms,No. Of MultiFamily Bathrooms,2/15/2019,,float,#0.0,Auto-Calculated,Improvement,noofmfbathrooms,,,Improvement_noofmfbathrooms,Multi-Family (MF),,,,,
Improvements,Multifamily Amenities,Multifamily Amenities,Multifamily Amenities,1/25/2014,,varchar,@,,Improvement,multifamilyamenities,,,Improvement_multifamilyamenities,Multi-Family (MF),,,,,
Improvements,Office Units,No Of Office Units,No. of Office Units,1/25/2014,,int,"#,###",,Improvement,noofofficeunits,,,Improvement_noofofficeunits,Office,,,,,
Improvements,Office GBA,Office GBA,Office GBA,1/25/2014,,float,"#,##0",,Improvement,gbaoffice,,,Improvement_gbaoffice,Office,,,,,
Improvements,Office RA,Office RA,Office RA,1/25/2014,,float,"#,##0",,Improvement,raoffice,,,Improvement_raoffice,Office,,,,,
Improvements,Usable Area,Usable Area,"The actual occupied area of a floor or an office space; computed by measuring from the finished surface of the office side of corridor and other permanent walls, to the center of partitions that separate the office from adjoining usable areas, and to the inside finished surface of the dominant portion of the permanent outer building walls.",6/20/2019,,float,"#,##0",,Improvement,usablearea,,,Improvement_usablearea,Office,,,,,
Improvements,Load Factor,Load Factor,"Compares the amount of space a tenant has to pay for in a commercial lease, versus the amount of space they can actually use.",6/20/2019,,float,0.##%,Calculate via Button,Improvement,loadfactor,,,Improvement_loadfactor,Office,,,,,
Improvements,Percent Office,Percent Office,Percent Office,1/25/2014,,float,,Calculate via Button,Improvement,percentoffice,,,Improvement_percentoffice,"Retail, Industrial, Office",,,,,
Improvements,Percent Office RA,Percent Office RA,Office Rentable Area/Total Rentable Area,8/28/2019,,float,#.##%,Calculate via Button,Improvement,percentofficera,,,Improvement_percentofficera,Office,,,,,
Improvements,Retail Units,No Of Retail Units,No. of Retail Units,1/25/2014,,int,"#,###",,Improvement,noofretailunits,,,Improvement_noofretailunits,Retail,,,,,
Improvements,Retail GBA,Retail GBA,Retail GBA,1/25/2014,,float,"#,##0",,Improvement,gbaretail,,,Improvement_gbaretail,Retail,,,,,
Improvements,Retail GLA,GLA,GLA,1/25/2014,,float,"#,##0",,Improvement,raretailgla,,,Improvement_raretailgla,Retail,,,,,
Improvements,Percent Retail,Percent Retail,Percent Retail,1/25/2014,,float,,,Improvement,percentretail,,,Improvement_percentretail,Retail,,,,,
Improvements,Industrial Units,No Of Industrial Units,No. of Industrial Units,1/25/2014,,int,"#,###",,Improvement,noofindustrialunits,,,Improvement_noofindustrialunits,Industrial,,,,,
Improvements,Industrial GBA,Industrial GBA,Industrial GBA,1/25/2014,,float,"#,##0",,Improvement,gbaindustrial,,,Improvement_gbaindustrial,Industrial,,,,,
Improvements,Industrial RA,Industrial RA,Industrial RA,1/25/2014,,float,"#,##0",,Improvement,raindustrial,,,Improvement_raindustrial,Industrial,,,,,
Improvements,Other Units,No Of Other Units,No. of Other Units,1/25/2014,,int,"#,###",,Improvement,noofotherunits,,,Improvement_noofotherunits,"Retail, Industrial, Multi-Family (MF), Manufactured Housing, Office",,,,,
Improvements,Other GBA,Other GBA,Other GBA,1/25/2014,,float,"#,##0",,Improvement,gbaother,,,Improvement_gbaother,"Retail, Industrial, Multi-Family (MF), Manufactured Housing, Office",,,,,
Improvements,Other RA,Other RA,Other RA (Rentable Area),1/25/2014,,float,"#,##0",,Improvement,raother,,,Improvement_raother,"Retail, Industrial, Multi-Family (MF), Manufactured Housing, Office",,,,,
Improvements,No. of Units,No. of Units,Total No. of Units of for Property (All Types),1/25/2014,,int,"#,###",Auto-Calculated,Improvement,noofunits,,,Improvement_noofunits,"Retail, Industrial, Multi-Family (MF), Manufactured Housing, Office",,,,,
Improvements,GBA,GBA,Gross Building Area,1/25/2014,,float,"#,##0",Auto-Calculated,Improvement,gbatotal,,,Improvement_gbatotal,"Retail, Industrial, Multi-Family (MF), Manufactured Housing, Office",,,,,
Improvements,Rentable Area,Rentable Area,Total Rentable Area,1/25/2014,,float,"#,##0",Auto-Calculated,Improvement,ratotal,,,Improvement_ratotal,"Retail, Industrial, Multi-Family (MF), Manufactured Housing, Office",,,,,
Improvements,Land To Building Ratio,Land To Building Ratio,Land To Building Ratio: Land SF/GBA,1/25/2014,,float,0.##,Auto-Calculated,Improvement,landtobuildingratio,,,Improvement_landtobuildingratio,"Retail, Industrial, Multi-Family (MF), Manufactured Housing, Office",,,,,
Improvements,FAR,FAR,Floor Area Ratio: GBA/Land SF,1/25/2014,,float,0.##,Auto-Calculated,Parcel,far,,public double? FAR { get; set; },Parcel_far,"Retail, Industrial, Multi-Family (MF), Manufactured Housing, Office",,,,,
Improvements,Surface Parking Spaces,Surface Parking Spaces,The number of parking spaces that are Surface Parking Spaces.,1/27/2022,1.26.1,int,"#,###",,Improvement,surfaceparkingspaces,,,Improvement_surfaceparkingspaces,"Retail, Industrial, Multi-Family (MF), Manufactured Housing, Office",,,,,
Improvements,Covered Parking Spaces,Covered Parking Spaces,The number of parking spaces that are Covered Parking Spaces.,1/27/2022,1.26.1,int,"#,###",,Improvement,coveredparkingspaces,,,Improvement_coveredparkingspaces,"Retail, Industrial, Multi-Family (MF), Manufactured Housing, Office",,,,,
Improvements,Garage Parking Spaces,Garage Parking Spaces,The number of parking spaces that are Garage Parking Spaces.,1/27/2022,1.26.1,int,"#,###",,Improvement,garageparkingspaces,,,Improvement_garageparkingspaces,"Retail, Industrial, Multi-Family (MF), Manufactured Housing, Office",,,,,
Improvements,Parking Spaces,Parking Spaces,Number of Parking Spaces,1/25/2014,,int,"#,###",Calculate via Button,Improvement,parking,,,Improvement_parking,"Retail, Industrial, Multi-Family (MF), Manufactured Housing, Office",,,,,
Improvements,Parking Ratio Unit,Parking Ratio Unit,Parking Ratio Unit,1/25/2014,,float,,Auto-Calculated,Improvement,parkingratiounit,,,Improvement_parkingratiounit,"Retail, Industrial, Multi-Family (MF), Manufactured Housing, Office",,,,,
Improvements,Parking Ratio GBA,Parking Ratio GBA,Parking Ratio GBA,1/25/2014,,float,,Auto-Calculated,Improvement,parkingratiogba,,,Improvement_parkingratiogba,"Retail, Industrial, Multi-Family (MF), Manufactured Housing, Office",,,,,
Improvements,Parking Ratio RA,Parking Ratio RA,Parking Ratio RA,1/26/2014,,float,,Auto-Calculated,Improvement,parkingratiora,,,Improvement_parkingratiora,"Retail, Industrial, Multi-Family (MF), Manufactured Housing, Office",,,,,
Improvements,No. of Stories,No. of Stories,No. of Stories,1/25/2014,,int,"#,###",,Improvement,noofstories,,,Improvement_noofstories,"Retail, Industrial, Multi-Family (MF), Manufactured Housing, Office",,,,,
Improvements,No. of Rooms,No. of Rooms,Total No. of Rooms for Property,1/25/2014,,float,"#,###",,Improvement,noofrooms,,,Improvement_noofrooms,Multi-Family (MF),,,,,
Improvements,No. of Seats,No. of Seats,No. of Seats,1/25/2014,,int,"#,###",,Improvement,noofseats,,,Improvement_noofseats,"Retail, Industrial, Multi-Family (MF), Manufactured Housing, Office",,,,,
Improvements,No. of Beds,No. of Beds,Total No. of Beds for Property,1/25/2014,,int,"#,###",,Improvement,noofbeds,,,Improvement_noofbeds,Multi-Family (MF),,,,,
Improvements,No. of Bedrooms,No. of Bedrooms,Total No. of Bedrooms for Property,1/25/2014,,float,"#,###.#",,Improvement,noofbedrooms,,,Improvement_noofbedrooms,Multi-Family (MF),,,,,
Improvements,No. of Bathrooms,No. of Bathrooms,Total No. of Bathrooms for Property,1/25/2014,,float,"#,###.#",,Improvement,noofbathrooms,,,Improvement_noofbathrooms,Multi-Family (MF),,,,,
Improvements,No. of Half Baths,No. of Half Baths,The number of Half baths.,3/26/2021,1.23.0,int,"#,###",,Improvement,noofhalfbaths,,,Improvement_noofhalfbaths,Multi-Family (MF),,,,,
Improvements,No. of Spaces,No. of Spaces,No. of Spaces,8/28/2019,,int,"#,##0",,Improvement,noofspaces,,,Improvement_noofspaces,Manufactured Housing,,,,,
Improvements,No. of Bays,No. of Bays,"Any of various compartments or sections used for a special purpose (as in an airplane, spacecraft, or gas station)",3/26/2021,1.23.0,int,"#,###",,Improvement,noofbays,,,Improvement_noofbays,Industrial,,,,,
Improvements,No. of Golf Holes,No. of Golf Holes,Number of holes on a golf course,3/26/2021,1.23.0,int,"#,###",,Improvement,noofgolfholes,,,Improvement_noofgolfholes,"Retail, Industrial, Multi-Family (MF), Manufactured Housing, Office",,,,,
Improvements,ADR (Average Daily Rate),ADR,Lodging & Hospitality - Average Daily Rate,11/1/2018,,float,"$#,##0.00",,Improvement,adr,,,Improvement_adr,"Retail, Industrial, Multi-Family (MF), Manufactured Housing, Office",,,,,
Improvements,Lodging Occupancy,Lodging Occupancy,Lodging & Hospitality - Occupancy %,11/1/2018,,float,,,Improvement,lhoccupancy,,,Improvement_lhoccupancy,"Retail, Industrial, Multi-Family (MF), Manufactured Housing, Office",,,,,
Improvements,RevPAR (Revenue/Avail Room.),RevPAR,Lodging & Hospitality - Revenue per Available Room,11/1/2018,,float,"$#,##0.00",Calculate via Button,Improvement,revpar,,,Improvement_revpar,Multi-Family (MF),,,,,
Improvements,Product Segment,Product Segment,Hotel Segment Type,8/28/2019,,varchar,,,Improvement,productsegment,productsegmentid,,Improvement_productsegment,"Retail, Industrial, Multi-Family (MF), Manufactured Housing, Office",,,,,
Improvements,Hotel Flag,Hotel Flag,Industry term for Hotel Brands,3/31/2020,,varchar,,,Improvement,hotelflag,hotelflagid,,Improvement_hotelflag,"Retail, Industrial, Multi-Family (MF), Manufactured Housing, Office",,,,,
Improvements,Design Appeal,Design Appeal,Design Appeal,1/25/2014,,varchar,General,,Improvement,designappeal,,,Improvement_designappeal,"Retail, Industrial, Multi-Family (MF), Manufactured Housing, Office",,,,,
Improvements,Condition,Condition,Condition,1/25/2014,,varchar,DDL,,Improvement,condition,conditionid,,Improvement_condition,"Retail, Industrial, Multi-Family (MF), Manufactured Housing, Office",,,,,
Improvements,Construction,Construction,Construction,1/25/2014,,varchar,DDL,,Improvement,construction,,,Improvement_construction,"Retail, Industrial, Multi-Family (MF), Manufactured Housing, Office",,,,,
Improvements,Quality,Quality,Quality of Construction,1/25/2014,,varchar,DDL,,Improvement,quality,qualityid,,Improvement_quality,"Retail, Industrial, Multi-Family (MF), Manufactured Housing, Office",,,,,
Improvements,Landscaping,Landscaping,Landscaping Description,1/25/2014,,varchar,General,,Improvement,landscaping,,,Improvement_landscaping,"Retail, Industrial, Multi-Family (MF), Manufactured Housing, Office",,,,,
Improvements,Parking Type,Parking Type,"The type of parking for a building: Garage, Surface, Car port, etc.",3/26/2021,1.23.0,string,DDL,,Improvement,parkingtype,parkingtypeid,,Improvement_parkingtype,"Retail, Industrial, Multi-Family (MF), Manufactured Housing, Office",,,,,
Improvements,Parking Adequacy,Parking Adequacy,Parking Adequacy,1/25/2014,,varchar,DDL,,Improvement,parkingadequacy,parkingadequacyid,,Improvement_parkingadequacy,"Retail, Industrial, Multi-Family (MF), Manufactured Housing, Office",,,,,
Improvements,Parking Condition,Parking Condition,The condition of the parking area.,1/27/2022,1.26.1,string,DDL,,Improvement,parkingcondition,parkingconditionid,,Improvement_parkingcondition,"Retail, Industrial, Multi-Family (MF), Manufactured Housing, Office",,,,,
Improvements,Parking Comments,Parking Comments,Comments regarding Parking,1/27/2022,1.26.1,varchar,,,Improvement,parkingcomments,,,Improvement_parkingcomments,"Retail, Industrial, Multi-Family (MF), Manufactured Housing, Office",,,,,
Improvements,Deferred Maintenance,Deferred Maintenance,Deferred Maintance,1/25/2014,,varchar,,,Improvement,deferredmaintance,,,Improvement_deferredmaintance,"Retail, Industrial, Multi-Family (MF), Manufactured Housing, Office",,,,,
Improvements,FF&E,FFandE,Furniture Fixtures and Equipement,1/25/2014,,varchar,,,Improvement,ffande,,,Improvement_ffande,"Retail, Industrial, Multi-Family (MF), Manufactured Housing, Office",,,,,
Improvements,Year Built,Year Built,Year Built,1/25/2014,,varchar,General,,Improvement,yearbuilt,,,Improvement_yearbuilt,"Retail, Industrial, Multi-Family (MF), Manufactured Housing, Office",,,,,
Improvements,Year Built Numeric,Year Built Numeric,Year Built (Numeric),1/25/2014,,int,,,Improvement,yearbuiltnumeric,,,Improvement_yearbuiltnumeric,"Retail, Industrial, Multi-Family (MF), Manufactured Housing, Office",,,,,
Improvements,Renovations,Renovations,Renovations,1/25/2014,,varchar,General,,Improvement,renovations,,,Improvement_renovations,"Retail, Industrial, Multi-Family (MF), Manufactured Housing, Office",,,,,
Improvements,Proportion Renovated,Proportion Renovated,The percentage proportion of building that was renovated.,1/27/2022,1.26.1,float,#.##%,,Improvement,proportionrenovated,,,Improvement_proportionrenovated,"Retail, Industrial, Multi-Family (MF), Manufactured Housing, Office",,,,,
Improvements,Total Economic Life,Total Economic Life,Total Economic Life,1/25/2014,,int,###0,,Improvement,totaleconomiclife,,,Improvement_totaleconomiclife,"Retail, Industrial, Multi-Family (MF), Manufactured Housing, Office",,,,,
Improvements,Effective Age,Effective Age,Effective Age,1/25/2014,,int,"#,###",,Improvement,effectiveage,,,Improvement_effectiveage,"Retail, Industrial, Multi-Family (MF), Manufactured Housing, Office",,,,,
Improvements,Remaining Economic Life,Remaining Economic Life,Remaining Economic Life,1/25/2014,,float,###0,Auto-Calculated,Improvement,remainingeconomiclife,,,Improvement_remainingeconomiclife,"Retail, Industrial, Multi-Family (MF), Manufactured Housing, Office",,,,,
Improvements,Foundation,Foundation,Foundation,3/26/2021,1.23.0,text,DDL,,Improvement,foundation,foundationid,,Improvement_foundation,"Retail, Industrial, Multi-Family (MF), Manufactured Housing, Office",,,,,
Improvements,Exterior Walls,Exterior Wall,Exterior Walls,3/26/2021,1.23.0,text,DDL,,Improvement,exteriorwall,exteriorwallid,,Improvement_exteriorwall,"Retail, Industrial, Multi-Family (MF), Manufactured Housing, Office",,,,,
Improvements,Basement Use and Finish,Basement Use and Finish,Basement Use and Finish,1/25/2014,,varchar,General,,Improvement,basementuseandfinish,,,Improvement_basementuseandfinish,"Retail, Industrial, Multi-Family (MF), Manufactured Housing, Office",,,,,
Improvements,Basement Size,Basement Size,Basement Size,1/25/2014,,int,"#,###",,Improvement,basementsize,,,Improvement_basementsize,"Retail, Industrial, Multi-Family (MF), Manufactured Housing, Office",,,,,
Improvements,Column Spacing,Column Spacing,Column Spacing,1/25/2014,,varchar,General,,Improvement,columnspacing,,,Improvement_columnspacing,"Retail, Industrial, Multi-Family (MF), Manufactured Housing, Office",,,,,
Improvements,Ceiling Height,Ceiling Height,Ceiling Height,1/25/2014,,varchar,General,,Improvement,ceilingheight,,,Improvement_ceilingheight,"Retail, Industrial, Multi-Family (MF), Manufactured Housing, Office",,,,,
Improvements,Roof Cover,Roof Cover,Roof Cover,1/25/2014,,varchar,DDL,,Improvement,roofcover,roofcoverid,,Improvement_roofcover,"Retail, Industrial, Multi-Family (MF), Manufactured Housing, Office",,,,,
Improvements,Roof Type,Roof Type,Roof Type,1/25/2014,,varchar,DDL,,Improvement,rooftype,rooftypeid,,Improvement_rooftype,"Retail, Industrial, Multi-Family (MF), Manufactured Housing, Office",,,,,
Improvements,No. of Truck Doors,No. of Truck Doors,No. of Truck Doors,1/25/2014,,int,"#,###",,Improvement,nooftruckdoors,,,Improvement_nooftruckdoors,Industrial,,,,,
Improvements,No. Truck Doors With Levelers,No. Truck Doors With Levelers,No. Truck Doors With Levelers,1/25/2014,,int,"#,###",,Improvement,nooftruckdoorswithlevelers,,,Improvement_nooftruckdoorswithlevelers,Industrial,,,,,
Improvements,Craneways,Craneways,Craneways,10/24/2019,,bit,,,Improvement,craneways,,,Improvement_craneways,Industrial,,,,,
Improvements,Typical Bay Depth,Typical Bay Depth,Typical Bay Depth,1/25/2014,,int,"#,###",,Improvement,typicalbaydepth,,,Improvement_typicalbaydepth,Industrial,,,,,
Improvements,Clear Height,Clear Height,Clear Height,10/24/2019,,float,"#,##0",,Improvement,clearheight,,,Improvement_clearheight,Industrial,,,,,
Improvements,Cooling,Cooling,Cooling,1/25/2014,,varchar,DDL,,Improvement,cooling,coolingid,,Improvement_cooling,"Retail, Industrial, Multi-Family (MF), Manufactured Housing, Office",,,,,
Improvements,Heating,Heating,Heating Expense,1/25/2014,,varchar,DDL,,Improvement,heating,heatingid,,Improvement_heating,"Retail, Industrial, Multi-Family (MF), Manufactured Housing, Office",,,,,
Improvements,No. of Elevators,No. of Elevators,No. of Elevators,1/25/2014,,int,"#,###",,Improvement,noofelevators,,,Improvement_noofelevators,"Retail, Industrial, Multi-Family (MF), Manufactured Housing, Office",,,,,
Improvements,No. of Escalators,No. of Escalators,No. of Escalators,1/25/2014,,int,"#,###",,Improvement,noofescalators,,,Improvement_noofescalators,"Retail, Industrial, Multi-Family (MF), Manufactured Housing, Office",,,,,
Improvements,Fire Sprinkler Type,Fire Sprinkler Type,Fire Sprinkler Type,1/25/2014,,varchar,DDL,,Improvement,sprinklers,sprinklersid,,Improvement_sprinklers,"Retail, Industrial, Multi-Family (MF), Manufactured Housing, Office",,,,,
Improvements,Residential Design,Residential Design,Residential Design,1/25/2014,,varchar,General,,Improvement,residentialdesign,,,Improvement_residentialdesign,Multi-Family (MF),,,,,
Improvements,Residential Amenities,Residential Amenities,Single Family Residential Amenities,1/25/2014,,varchar,General,,Improvement,residentialamenities,,,Improvement_residentialamenities,Multi-Family (MF),,,,,
Improvements,Fireplace or WoodStove,Fireplace or WoodStove,Fireplace or WoodStove,1/25/2014,,varchar,General,,Improvement,fireplaceorwoodstove,,,Improvement_fireplaceorwoodstove,"Retail, Industrial, Multi-Family (MF), Manufactured Housing, Office",,,,,
Improvements,Garage,Garage,Garage,1/25/2014,,varchar,General,,Improvement,garage,,,Improvement_garage,"Retail, Industrial, Multi-Family (MF), Manufactured Housing, Office",,,,,
Improvements,Docks,Dock or Boathouse,Dock or Boathouse,1/25/2014,,varchar,General,,Improvement,docks,,,Improvement_docks,Multi-Family (MF),,,,,
Improvements,Porch or Deck,Porch or Deck,Porch or Deck,1/25/2014,,varchar,General,,Improvement,porchordeck,,,Improvement_porchordeck,Multi-Family (MF),,,,,
Improvements,Ancillary Buildings,Ancillary Buildings,Ancillary Buildings,1/25/2014,,varchar,General,,Improvement,ancillarybuildings,,,Improvement_ancillarybuildings,"Retail, Industrial, Multi-Family (MF), Manufactured Housing, Office",,,,,
Improvements,Tenant Improvements,Tenant Improvements,Tenant Improvements,1/25/2014,,varchar,General,,Improvement,tenantimprovements,,,Improvement_tenantimprovements,"Retail, Industrial, Office",,,,,
Improvements,Unit Features Checklist,Unit Features Checklist,Unit Feature Checklist in abbreviations,12/22/2016,,varchar,,,Improvement,features,See Unit Features Checkboxes worksheet,,Improvement_features,"Retail, Industrial, Multi-Family (MF), Manufactured Housing, Office",,,,,
Improvements,Proj Amenities Checklist,Proj Amenities Checklist,Project Amenities Checklist in abbreviations,12/22/2016,,varchar,,,Improvement,amenities,See Project Amenities Checkboxes worksheet,,Improvement_amenities,"Retail, Industrial, Multi-Family (MF), Manufactured Housing, Office",,,,,
Improvements,Improvement Comments,Improvement Comments,Improvement Comments,1/25/2014,,string,TA,,Improvement,improvmentcomments,,,Improvement_improvmentcomments,"Retail, Industrial, Multi-Family (MF), Manufactured Housing, Office",,,,,
Improvements,Multifamily GBA Meters,Multifamily GBA Meters,Multifamily GBA (Meters),7/26/2019,,float,"#,##0",,Improvement,gbamultifamilymeters,,,Improvement_gbamultifamilymeters,Multi-Family (MF),,,,,
Improvements,MultiFamily RA Meters,MultiFamily RA Meters,MultiFamily RA (Meters),8/28/2019,,float,"#,##0",,Improvement,ramultifamilymeters,,,Improvement_ramultifamilymeters,Multi-Family (MF),,,,,
Improvements,Office GBA Meters,Office GBA Meters,Office GBA (Meters),8/28/2019,,float,"#,##0",,Improvement,gbaofficemeters,,,Improvement_gbaofficemeters,Office,,,,,
Improvements,Office RA Meters,Office RA Meters,Office RA (Meters),8/28/2019,,float,"#,##0",,Improvement,raofficemeters,,,Improvement_raofficemeters,Office,,,,,
Improvements,Retail GBA Meters,Retail GBA Meters,Retail GBA (Meters),8/28/2019,,float,"#,##0",,Improvement,gbaretailMeters,,,Improvement_gbaretailMeters,Retail,,,,,
Improvements,Retail GLA Meters,Retail GLA Meters,Retail GLA (Meters),8/28/2019,,float,"#,##0",,Improvement,raretailmeters,,,Improvement_raretailmeters,Retail,,,,,
Improvements,Industrial GBA Meters,Industrial GBA Meters,Industrial GBA (Meters),7/26/2019,,float,"#,##0",,Improvement,gbaindustrialmeters,,,Improvement_gbaindustrialmeters,Industrial,,,,,
Improvements,Industrial RA Meters,Industrial RA Meters,Industrial RA (Meters),8/28/2019,,float,"#,##0",,Improvement,raindustrialmeters,,,Improvement_raindustrialmeters,Industrial,,,,,
Improvements,Other GBA Meters,Other GBA Meters,Other GBA (Meters),8/28/2019,,float,"#,##0",,Improvement,gbaothermeters,,,Improvement_gbaothermeters,"Retail, Industrial, Multi-Family (MF), Manufactured Housing, Office",,,,,
Improvements,Parking Ratio RA,Parking Ratio RA,Parking Ratio RA,1/25/2014,,float,,Auto-Calculated,Improvement,parkingratiora,,,Improvement_parkingratiora,"Retail, Industrial, Multi-Family (MF), Manufactured Housing, Office",,,,,
Improvements,Other RA Meters,Other RA Meters,Other RA (Meters),8/28/2019,,float,"#,##0",,Improvement,raothermeters,,,Improvement_raothermeters,"Retail, Industrial, Multi-Family (MF), Manufactured Housing, Office",,,,,
Improvements,Total GBA Meters,Total GBA Meters,Total GBA (Meters),8/28/2019,,float,"#,##0",,Improvement,gbatotalmeters,,,Improvement_gbatotalmeters,"Retail, Industrial, Multi-Family (MF), Manufactured Housing, Office",,,,,
Improvements,Total RA Meters,Total RA Meters,Total RA Meters,8/28/2019,,float,"#,##0",,Improvement,ratotalmeters,,,Improvement_ratotalmeters,"Retail, Industrial, Multi-Family (MF), Manufactured Housing, Office",,,,,
Com Lease,,CommLeaseSumId,,,,,,,Rent Roll Summary,ID,,,Rent Roll Summary_ID,"Retail, Industrial, Office",,,,,
Com Lease,,Instance Type,,,,,,,Rent Roll Summary,instancetype,,Rent Roll Summary_ID,Rent Roll Summary_instancetype,"Retail, Industrial, Office",,,,,
Com Lease,Comm Lease Survey Date,Comm Lease Survey Date,Commercial Lease Survey Date,1/25/2014,,datetime,MM/dd/yyyy,,Rent Roll Summary,commleasesurveydate,,,Rent Roll Summary_commleasesurveydate,"Retail, Industrial, Office",,,,,
Com Lease,Confidential,Confidential TF,Is the Tenant data confidential?,1/25/2014,,bit,,,Rent Roll Summary,confidential,,,Rent Roll Summary_confidential,"Retail, Industrial, Office",,,,,
Com Lease,Comm Rent Per Sf Min,Comm Rent Per Sf Min,Commercial Rent Per SF Min,1/25/2014,,float,"$#,##0.00",Calculate via Button,Rent Roll Summary,commrentpersfmin,,,Rent Roll Summary_commrentpersfmin,"Retail, Industrial, Office",,,,,
Com Lease,Comm Rent Per SF Max,Comm Rent Per SF Max,Commercial Rent Per SF Max,1/25/2014,,float,"$#,##0.00",Calculate via Button,Rent Roll Summary,commrentpersfmax,,,Rent Roll Summary_commrentpersfmax,"Retail, Industrial, Office",,,,,
Com Lease,Rent Per Sf Per Mo Min,Rent Per Sf Per Mo Min,Commercial Rent Per SF Per Mo Min,1/25/2014,,float,"$#,##0.00",Calculate via Button,Rent Roll Summary,rentpersfpermomin,,,Rent Roll Summary_rentpersfpermomin,"Retail, Industrial, Office",,,,,
Com Lease,Rent Per Sf Per Mo Max,Rent Per Sf Per Mo Max,Commercial Rent Per SF Per Mo Max,1/25/2014,,float,"$#,##0.00",Calculate via Button,Rent Roll Summary,rentpersfpermomax,,,Rent Roll Summary_rentpersfpermomax,"Retail, Industrial, Office",,,,,
Com Lease,Comm Size Min,Comm Size Min,Commercial Unit Size Min,1/25/2014,,int,,Calculate via Button,Rent Roll Summary,commsizemin,,,Rent Roll Summary_commsizemin,"Retail, Industrial, Office",,,,,
Com Lease,Comm Size Max,Comm Size Max,Commercial Unit Size Max,1/25/2014,,int,,Calculate via Button,Rent Roll Summary,commsizemax,,,Rent Roll Summary_commsizemax,"Retail, Industrial, Office",,,,,
Com Lease,Comm. Verification Source,Comm. Verification Source,Verification Source for Commercial Lease Data,6/26/2020,1.20.0,text,,,Rent Roll Summary,commverificationsource,,,Rent Roll Summary_commverificationsource,"Retail, Industrial, Office",,,,,
Com Lease,Commercial Vacancy,Commercial Vacancy,Vacancy that is not tied to inc/exp,10/24/2019,,float,,,Rent Roll Summary,commvacancy,,,Rent Roll Summary_commvacancy,"Retail, Industrial, Office",,,,,
Com Lease,No. of Tenants,No. of Tenants,The number of tenants at the time the property was surveyed,5/31/2022,1.27.2,float,"#,###",Calculate via Button,Rent Roll Summary,nooftenants,,,Rent Roll Summary_nooftenants,"Retail, Industrial, Office",,,,,
Com Lease,SF Leased,SF Leased,The square footage of space that is leased at the time the property was surveyed.,5/31/2022,1.27.2,float,"#,###.##",Calculate via Button,Rent Roll Summary,sfleased,,,Rent Roll Summary_sfleased,"Retail, Industrial, Office",,,,,
Com Lease,Anchor Tenants,Anchor Tenants,Anchor Tenants,1/25/2014,,string,TA,,Rent Roll Summary,anchors,,,Rent Roll Summary_anchors,"Retail, Industrial, Office",,,,,
Com Lease,Shadow Anchors,Shadow Anchors,"Understood with reference to an anchor store, which is a retail store that generates a great deal of traffic and attracts business to the shopping center in which it is located.",7/17/2019,,string,TA,,Rent Roll Summary,shadowanchors,,,Rent Roll Summary_shadowanchors,"Retail, Industrial, Office",,,,,
Com Lease,Comm Lease Comments,Comm Lease Comments,Commercial Lease Comments,1/25/2014,,string,TA,,Rent Roll Summary,commleasecomments,,,Rent Roll Summary_commleasecomments,"Retail, Industrial, Office",,,,,
Com Lease,Tenant/Lessee,Comm * Lessee,Tenant Name,1/25/2014,,text,,,Rent Roll Summary,tenant,,,Rent Roll Summary_tenant,"Retail, Industrial, Office",,,,,
Com Lease,ID,Comm * ID,Rent Roll ID,,,,,,Rent Roll,id,,Rent Roll_lessor,Rent Roll_id,"Retail, Industrial, Office",,,,,
Com Lease,,Comm * Lessee,Tenant,,,,,,Rent Roll,tenant,,,Rent Roll_tenant,"Retail, Industrial, Office",,,,,
Com Lease,Lessor,Comm * Lessor,Lessor Name,6/16/2015,,text,,,Rent Roll,lessor,,,Rent Roll_lessor,"Retail, Industrial, Office",,,,,
Com Lease,Lease Type,Comm * Lease Type,"Lease Type (NNN, Gross, Etc)",1/25/2014,,text,,,Rent Roll,leasetype,,,Rent Roll_leasetype,"Retail, Industrial, Office",,,,,
Com Lease,Space Type,Comm * Space Type,"Office, Retail, etc.",6/16/2015,,text,,,Rent Roll,typeoruseofspace,,,Rent Roll_typeoruseofspace,"Retail, Industrial, Office",,,,,
Com Lease,Lease Transaction Type,Comm * Lease Transaction Type,The Transaction Type specific to the Tenant's lease.,6/26/2020,1.20.0,text,DDL,,Rent Roll,leasetransactiontype,,,Rent Roll_leasetransactiontype,"Retail, Industrial, Office",,,,,
Com Lease,Suite,Comm * Suite,Suite/Unit Identifier,6/16/2015,,text,,,Rent Roll,suite,,,Rent Roll_suite,"Retail, Industrial, Office",,,,,
Com Lease,Floor Level,Comm * Floor Level,Floor Level,6/16/2015,,text,,,Rent Roll,floorlevel,,,Rent Roll_floorlevel,"Retail, Industrial, Office",,,,,
Com Lease,Size,Comm * SF,Unit Size in Square Feet,1/25/2014,,float,"#,##0.00",,Rent Roll,unitsf,,,Rent Roll_unitsf,"Retail, Industrial, Office",,,,,
Com Lease,Eff.$/SF,Comm * Eff. Rent/SF,Effective or Contract Rent Per SF,6/16/2015,,float,"$#,###.##",Cross-Calculates,Rent Roll,effectiverentsf,,,Rent Roll_effectiverentsf,"Retail, Industrial, Office",,,,,
Com Lease,Eff.$/SF/Mo.,Comm * Eff. Rent/SF/Mo.,Effective or Contract Rent Per SF Per Mo.,6/16/2015,,float,"$#,###.##",Cross-Calculates,Rent Roll,effectiverentsfmo,,,Rent Roll_effectiverentsfmo,"Retail, Industrial, Office",,,,,
Com Lease,Eff. Rent Per Year,Comm * Eff. Rent/Year,Effective or Contract Rent Per Year,6/26/2020,1.20.0,float,"$#,###.##",,Rent Roll,effrentperyear,,,Rent Roll_effrentperyear,"Retail, Industrial, Office",,,,,
Com Lease,Eff. Rent Per Mo.,Comm * Eff. Rent/Mo.,Effective or Contract Rent Per Mo.,6/26/2020,1.20.0,float,"$#,###.##",Cross-Calculates,Rent Roll,effrentpermo,,,Rent Roll_effrentpermo,"Retail, Industrial, Office",,,,,
Com Lease,Start Date,Comm * Start Date,Start Date of Lease,1/25/2014,,date,MM/dd/yyyy,,Rent Roll,leasestartdate,,,Rent Roll_leasestartdate,"Retail, Industrial, Office",,,,,
Com Lease,Expire Date,Comm * Expire Date,Expiration of Lease,6/16/2015,,date,MM/dd/yyyy,,Rent Roll,leaseexpiredate,,,Rent Roll_leaseexpiredate,"Retail, Industrial, Office",,,,,
Com Lease,Base Rent/SF,Comm * Base Rent/SF,"Base, starting or Market Rent Per SF",6/16/2015,,float,"$#,###.##",Cross-Calculates,Rent Roll,baserentsf,,,Rent Roll_baserentsf,"Retail, Industrial, Office",,,,,
Com Lease,Base Rent/SF/Mo.,Comm * Base Rent/SF/Mo.,"Base, starting or Market Rent Per SF Per mo",6/16/2015,,float,"$#,###.##",Cross-Calculates,Rent Roll,baserentsfmo,,,Rent Roll_baserentsfmo,"Retail, Industrial, Office",,,,,
Com Lease,Base Rent Per Year,Comm * Base Rent/Year,"Base, starting or Market Rent Per Year",6/26/2020,1.20.0,float,"$#,###.##",,Rent Roll,baserentperyear,,,Rent Roll_baserentperyear,"Retail, Industrial, Office",,,,,
Com Lease,Base Rent Per Mo.,Comm * Base Rent/Mo.,"Base, starting or Market Rent Per Month",6/26/2020,1.20.0,float,"$#,###.##",Cross-Calculates,Rent Roll,baserentpermo,,,Rent Roll_baserentpermo,"Retail, Industrial, Office",,,,,
Com Lease,Term,Comm * Lease Term,Lease Term,1/25/2014,,text,,,Rent Roll,leaseterm,,,Rent Roll_leaseterm,"Retail, Industrial, Office",,,,,
Com Lease,Concessions,Comm * Concessions,"A rebate, a price reduction or some other form of benefit offered by landlords for inducing a prospective tenant to move into their property.",6/16/2015,,text,,,Rent Roll,concessions,,,Rent Roll_concessions,"Retail, Industrial, Office",,,,,
Com Lease,Expense Stop,Comm * Expense Stop,"A tool used by landlords to limit their exposure to operating costs, and as such helps to maintain predictable operating expenses over the term of a lease.",6/16/2015,,varchar,,,Rent Roll,expensestop,,,Rent Roll_expensestop,"Retail, Industrial, Office",,,,,
Com Lease,Date,Comm * Lease Date,Date Lease was signed,1/25/2014,,datetime,MM/dd/yyyy,,Rent Roll,leasedate,,,Rent Roll_leasedate,"Retail, Industrial, Office",,,,,
Com Lease,Exp. Reimbursements,Comm * Expense Reimbursements,"Tenant reimbursements, also known as tenant recoveries, are expenses which are paid back to a landlord by a tenant. Common examples of tenant reimbursements include property taxes, property insurance, maintenance and repair costs, and other operational expenses.",6/16/2015,,varchar,,,Rent Roll,expensereimbursements,,,Rent Roll_expensereimbursements,"Retail, Industrial, Office",,,,,
Com Lease,Tenant Improvs,Comm * TI,"Also known as Leasehold improvements, are the customized alterations a building owner makes to rental space as part of a lease agreement, in order to configure the space for the needs of that particular tenant.",6/16/2015,,varchar,,,Rent Roll,leasetenantimprovs,,,Rent Roll_leasetenantimprovs,"Retail, Industrial, Office",,,,,
Com Lease,Options,Comm * Options,An agreement that gives a renter a choice to purchase the rented property during or at the end of the rental period. It also precludes the owner from offering the property for sale to anyone else.,6/16/2015,,varchar,,,Rent Roll,options,,,Rent Roll_options,"Retail, Industrial, Office",,,,,
Com Lease,% Rent,Comm * Percent Rent,Percent Rent,1/25/2014,,float,##.0%,,Rent Roll,percentrent,,,Rent Roll_percentrent,"Retail, Industrial, Office",,,,,
Com Lease,Tenant CAM,Comm * Tenant CAM,Tenant CAM,3/19/2014,,float,"$#,##0.00",,Rent Roll,tenantcam,,,Rent Roll_tenantcam,"Retail, Industrial, Office",,,,,
Com Lease,Escalations,Comm * Escalations,Lease Escalations,1/25/2014,,text,,,Rent Roll,escalations,,,Rent Roll_escalations,"Retail, Industrial, Office",,,,,
Com Lease,Verification Date,Comm * Verification Date,Date the Lease was verified,6/16/2015,,datetime,MM/dd/yyyy,,Rent Roll,verificationdate,,,Rent Roll_verificationdate,"Retail, Industrial, Office",,,,,
Com Lease,Verification Source,Comm * Verification Source,Source of the Verification,6/16/2015,,varchar,,,Rent Roll,verificationsource,,,Rent Roll_verificationsource,"Retail, Industrial, Office",,,,,
Com Lease,Survey Date,Comm * Survey Date,Tenant Survey Date,6/16/2015,,datetime,MM/dd/yyyy,,Rent Roll,commleasesurveydate,,Rent Roll_verificationsource,Rent Roll_commleasesurveydate,"Retail, Industrial, Office",,,,,
Com Lease,Data Source,Comm * Data Source,Comm Data Source,6/16/2015,,varchar,,,Rent Roll,datasource,,,Rent Roll_datasource,"Retail, Industrial, Office",,,,,
Com Lease,Comments,Comm * Comments,Comments Per Tenant,6/16/2015,,string,TA,,Rent Roll,comments,,,Rent Roll_comments,"Retail, Industrial, Office",,,,,
Com Lease,Size M2,Comm * Size M2,Size of Unit in Square Meters,2/28/2020,,float,"#,##0.00",,Rent Roll,sizem2,,,Rent Roll_sizem2,"Retail, Industrial, Office",,,,,
Com Lease,Rent/M2,Comm * Rent/M2,Annual Rent Per Square Meters,2/28/2020,,float,"$#,###.##",,Rent Roll,rentperm2,,,Rent Roll_rentperm2,"Retail, Industrial, Office",,,,,
Com Lease,Rent/M2/Mo.,Comm * Rent/M2/Mo.,Monthly Rent Per Square Meters,2/28/2020,,float,"$#,###.##",,Rent Roll,rentperm2permo,,,Rent Roll_rentperm2permo,"Retail, Industrial, Office",,,,,
Com Lease,Rent/SF?Mo.,Comm * Rent/SF/Mo.,Monthly Rent Per Square Foot,2/28/2020,,float,"$#,###.##",,Rent Roll,rentpersfpermo,,Rent Roll_rentperm2permo,Rent Roll_rentpersfpermo,"Retail, Industrial, Office",,,,,
Com Lease,% Office,Comm * Percent Office,Percent of Office Space.,6/26/2020,1.20.0,float,##.##%,,Rent Roll,percentofficeul,,,Rent Roll_percentofficeul,"Retail, Industrial, Office",,,,,
Com Lease,Anchor Type,Comm * Anchor Type,Defines the Anchor status for the space.,6/26/2020,1.20.0,text,DDL,,Rent Roll,anchortype,anchortypeid,,Rent Roll_anchortype,"Retail, Industrial, Office",,,,,
Com Lease,Costs to Finish,Comm * Costs to Finish,This reflects the total estimated cost to finish warm shell space at time of lease ($/SF).,6/26/2020,1.20.0,float,"$#,###.##",,Rent Roll,coststofinish,,,Rent Roll_coststofinish,"Retail, Industrial, Office",,,,,
Com Lease,Current $/Mo.,Comm * Current Rent/Mo.,The current rent at the time of use.,6/26/2020,1.20.0,float,"$#,###.##",,Rent Roll,CurrentRentPerMo,,,Rent Roll_CurrentRentPerMo,"Retail, Industrial, Office",,,,,
Com Lease,Finish,Comm * Finish,"This shows the state of the specific space at time of lease (i.e. Finished, Warm Shell, etc.)",6/26/2020,1.20.0,text,DDL,,Rent Roll,finish,finishid,,Rent Roll_finish,"Retail, Industrial, Office",,,,,
Com Lease,Free Rent Months,Comm * Free Rent,How many months of free rent did the lease provide?,6/26/2020,1.20.0,int,"#,###",,Rent Roll,freerentmonths,,,Rent Roll_freerentmonths,"Retail, Industrial, Office",,,,,
Com Lease,Lease Conditions,Comm * Lease Conditions,"Describes leasing situation (i.e Typical, Motivated Lessor, etc.)",6/26/2020,1.20.0,text,NULL,,Rent Roll,leaseconditions,leaseconditionsid,,Rent Roll_leaseconditions,"Retail, Industrial, Office",,,,,
Com Lease,Rent Basis,Comm * Rent Basis,Defines the type of Size used for analysis.,6/26/2020,1.20.0,text,DDL,,Rent Roll,rentbasis,rentbasisid,,Rent Roll_rentbasis,"Retail, Industrial, Office",,,,,
Com Lease,Rent Increased,Comm * Rent Increased,The current rent increase at the time of use.,6/26/2020,1.20.0,float,##.##%,,Rent Roll,rentincreased,,,Rent Roll_rentincreased,"Retail, Industrial, Office",,,,,
Com Lease,Tenant Parking,Comm * Tenant Parking,This shows how many parking spaces (numeric) are included with a specific lease.,6/26/2020,1.20.0,float,"#,###",,Rent Roll,tenantparking,,,Rent Roll_tenantparking,"Retail, Industrial, Office",,,,,
UAF,Com Lease Type,Com Lease Type,Commercial Lease Type,1/25/2014,,text,,,Rent Roll Summary,CommLeaseType,,,Rent Roll Summary_CommLeaseType,"Retail, Industrial, Office",,,,,
UAF,Comm Lease Notes,Comm Lease Notes,Commercial Lease Notes,1/25/2014,,text,,,Rent Roll Summary,commleasenotes,,,Rent Roll Summary_commleasenotes,"Retail, Industrial, Office",,,,,
UAF,Comm Lease Terms,Comm Lease Terms,Commercial Lease Terms,1/25/2014,,text,,,Rent Roll Summary,commleaseterms,,,Rent Roll Summary_commleaseterms,"Retail, Industrial, Office",,,,,
UAF,Comm Rent Concessions,Comm Rent Concessions,Commercial Rent Concessions,1/25/2014,,text,,,Rent Roll Summary,commrentconcessions,,,Rent Roll Summary_commrentconcessions,"Retail, Industrial, Office",,,,,
UAF,Comm Source Notes,Comm Source Notes,Commercial Lease Source Notes,1/25/2014,,text,,,Rent Roll Summary,CommLeaseNotes,,,Rent Roll Summary_CommLeaseNotes,"Retail, Industrial, Office",,,,,
UAF,Commleasesum Escalations,Commleasesum Escalations,Commleasesum Escalations,1/25/2014,,text,,,Rent Roll Summary,escalations,,,Rent Roll Summary_escalations,"Retail, Industrial, Office",,,,,
MF Lease,,MFLeaseSumId,,,,,,,Unit Lease Summary,ID,,,Unit Lease Summary_ID,Multi-Family (MF),,,,,
MF Lease,MF Lease Survey Date,MF Lease Survey Date,MF Lease Survey Date,1/25/2014,,datetime,MM/dd/yyyy,,Unit Lease Summary,mfleasesurveydate,,Read/Write,Unit Lease Summary_mfleasesurveydate,Multi-Family (MF),,,,,
MF Lease,MF Verification Source,MF Verification Source,MF Verification Source,1/25/2014,,string,TA,,Unit Lease Summary,MFSourceNotes,,Read/Write,Unit Lease Summary_MFSourceNotes,Multi-Family (MF),,,,,
MF Lease,Instance Type,Unit Lease Instance Type,Instance Type,,,,,,Unit Lease Summary,instancetype,,,Unit Lease Summary_instancetype,Multi-Family (MF),,,,,
MF Lease,Management Company,Management Company,The Company that manages or operates the Property.,6/26/2020,1.20.0,text,,,Unit Lease Summary,managementcompany,,Read/Write,Unit Lease Summary_managementcompany,Multi-Family (MF),,,,,
MF Lease,Category,Type * Category,A high-level description of the unit type.,12/18/2020,1.22.0,text,DDL,,Unit Lease,category,,,Unit Lease_category,Multi-Family (MF),,,,,
MF Lease,Description,Unit Type *,Unit Type,6/19/2019,,text,,,Unit Lease,unittype,,Read/Write,Unit Lease_unittype,Multi-Family (MF),,,,,
MF Lease,No. Units,No. of Type *,Unit Count,1/25/2014,,int,"#,###",,Unit Lease,unitcount,,Read/Write,Unit Lease_unitcount,Multi-Family (MF),,,,,
MF Lease,Vacant Units,Type * Vacant Units,MF Vacant Units,8/21/2018,,int,"#,###",,Unit Lease,vacantunits,,Read/Write,Unit Lease_vacantunits,Multi-Family (MF),,,,,
MF Lease,Unit Size,Type * SF,Unit Size in Square Feet,1/25/2014,,float,"#,###",,Unit Lease,unitsf,,Read/Write,Unit Lease_unitsf,Multi-Family (MF),,,,,
MF Lease,Floor,Type * Floor,Floor(s) upon which the unit type exists,6/20/2019,,varchar,,,Unit Lease,floor,,Read/Write,Unit Lease_floor,Multi-Family (MF),,,,,
MF Lease,Rms,Type * No. of Rooms,Number of Rooms,1/25/2014,,int,"#,###",,Unit Lease,rooms,,Read/Write,Unit Lease_rooms,Multi-Family (MF),,,,,
MF Lease,No. BR,Type * BR,Number of Bedrooms,1/25/2014,,float,"#,###.##",,Unit Lease,bedrooms,,Read/Write,Unit Lease_bedrooms,Multi-Family (MF),,,,,
MF Lease,No. Bath,Type * Baths,Number of Baths,1/25/2014,,float,"#,###.##",,Unit Lease,baths,,Read/Write,Unit Lease_baths,Multi-Family (MF),,,,,
MF Lease,No. Beds,Type * No. of Beds,Number of Beds per Unit type,6/20/2019,,int,"#,###",,Unit Lease,beds,,Read/Write,Unit Lease_beds,Multi-Family (MF),,,,,
MF Lease,Rent/Mo.,Type * Rent/Mo.,Rent Per Month,1/25/2014,,float,"$#,###.##",,Unit Lease,rentpermo,,Read/Write,Unit Lease_rentpermo,Multi-Family (MF),,,,,
MF Lease,Rent/SF,Type * Rent/SF,Annual Rent Per SF,1/25/2014,,float,"$#,###.##",Auto-Calculated,Unit Lease,annualrentpersf,,Read/Write,Unit Lease_annualrentpersf,Multi-Family (MF),,,,,
MF Lease,Rent Per SF Per Month,Type * Rent/SF/Mo.,Rent Per SF Per Month,1/25/2014,,float,"$#,###.##",Auto-Calculated,Unit Lease,rentpersfpermo,,Read/Write,Unit Lease_rentpersfpermo,Multi-Family (MF),,,,,
MF Lease,Market Rent/Mo.,Type * Market Rent/Mo.,Multi-Family Market Rent Per Month,6/20/2019,,float,"$#,###.##",,Unit Lease,marketrentmo,,Read/Write,Unit Lease_marketrentmo,Multi-Family (MF),,,,,
MF Lease,Market Rent/SF,Type * Market Rent/SF,Multi-Family Market Rent Per SF,6/20/2019,,float,"$#,###.##",Auto-Calculated,Unit Lease,marketrentsf,,Read/Write,Unit Lease_marketrentsf,Multi-Family (MF),,,,,
MF Lease,Daily Rate/Unit,Type * Daily Rate per Unit,Field that can be used to capture 24 hour rates,6/20/2019,,float,"$#,###.##",,Unit Lease,dailyrateperunit,,Read/Write,Unit Lease_dailyrateperunit,Multi-Family (MF),,,,,
MF Lease,Size (M2),Type * M2,square meter area of unit type,6/20/2019,,float,"#,###.##",,Unit Lease,sizem2,,Read/Write,Unit Lease_sizem2,Multi-Family (MF),,,,,
MF Lease,Rent/M2,Type * Rent/M2,Annual Rent Per Square Meters,6/20/2019,,float,"$#,###.##",Auto-Calculated,Unit Lease,rentperm2,,Read/Write,Unit Lease_rentperm2,Multi-Family (MF),,,,,
MF Lease,Last Rent Increase,Type * Last Rent Increase,Last Date of Rent Increase,9/26/2023,1.32.2,Date,MM/DD/YYYY,,Unit Lease,lastrentincrease,,Read/Write,Unit Lease_lastrentincrease,Multi-Family (MF),,,,,
MF Lease,Rent Increase Percent,Type * Rent Increase Percent,% of Rent Increase,9/26/2023,1.32.2,float,#.##%,,Unit Lease,rentincreasepercent,,Read/Write,Unit Lease_rentincreasepercent,Multi-Family (MF),,,,,
MF Lease,Lease Start,Type * Lease Start,Lease Start Date,9/26/2023,1.32.2,Date,MM/DD/YYYY,,Unit Lease,leasestart,,Read/Write,Unit Lease_leasestart,Multi-Family (MF),,,,,
MF Lease,Lease Expiration,Type * Lease Expiration,Lease Expire Date,9/26/2023,1.32.2,Date,MM/DD/YYYY,,Unit Lease,leaseexpiration,,Read/Write,Unit Lease_leaseexpiration,Multi-Family (MF),,,,,
MF Lease,Community Fee Min,Type * Community Fee Min,Community Fee Min,9/26/2023,1.32.2,float,"$#,###",,Unit Lease,communityfeemin,,Read/Write,Unit Lease_communityfeemin,Multi-Family (MF),,,,,
MF Lease,Community Fee Max,Type * Community Fee Max,Community Fee Max,9/26/2023,1.32.2,float,"$#,###",,Unit Lease,communityfeemax,,Read/Write,Unit Lease_communityfeemax,Multi-Family (MF),,,,,
MF Lease,SF Size Min,Type * SF Size Min,Unit Size Min,9/26/2023,1.32.2,float,"#,###",,Unit Lease,sfsizemin,,Read/Write,Unit Lease_sfsizemin,Multi-Family (MF),,,,,
MF Lease,SF Size Max,Type * SF Size Max,Unit Size Max,9/26/2023,1.32.2,float,"#,###",,Unit Lease,sfsizemax,,Read/Write,Unit Lease_sfsizemax,Multi-Family (MF),,,,,
MF Lease,Daily Rate Per Unit Min,Type * Daily Rate Per Unit Min,Daily Rate Per Unit Min,9/26/2023,1.32.2,float,"$#,###.##",,Unit Lease,dailyrateperunitmin,,Read/Write,Unit Lease_dailyrateperunitmin,Multi-Family (MF),,,,,
MF Lease,Daily Rate Per Unit Max,Type * Daily Rate Per Unit Max,Daily Rate Per Unit Max,9/26/2023,1.32.2,float,"$#,###.##",,Unit Lease,dailyrateperunitmax,,Read/Write,Unit Lease_dailyrateperunitmax,Multi-Family (MF),,,,,
MF Lease,Entry Fee Min,Type * Entry Fee Min,Entry Fee Min,9/26/2023,1.32.2,float,"$#,###",,Unit Lease,entryfeemin,,Read/Write,Unit Lease_entryfeemin,Multi-Family (MF),,,,,
MF Lease,Entry Fee Max,Type * Entry Fee Max,Entry Fee Max,9/26/2023,1.32.2,float,"$#,###",,Unit Lease,entryfeemax,,Read/Write,Unit Lease_entryfeemax,Multi-Family (MF),,,,,
MF Lease,Contract Rent Min,Type * Contract Rent Min,Contract Rent Min,9/26/2023,1.32.2,float,"$#,###",,Unit Lease,contractrentmin,,Read/Write,Unit Lease_contractrentmin,Multi-Family (MF),,,,,
MF Lease,Contract Rent Max,Type * Contract Rent Max,Contract Rent Max,9/26/2023,1.32.2,float,"$#,###",,Unit Lease,contractrentmax,,Read/Write,Unit Lease_contractrentmax,Multi-Family (MF),,,,,
MF Lease,Market Rent Min,Type * Market Rent Min,Market Rent Min,9/26/2023,1.32.2,float,"$#,###",,Unit Lease,marketrentmin,,Read/Write,Unit Lease_marketrentmin,Multi-Family (MF),,,,,
MF Lease,Market Rent Max,Type * Market Rent Max,Market Rent Max,9/26/2023,1.32.2,float,"$#,###",,Unit Lease,marketrentmax,,Read/Write,Unit Lease_marketrentmax,Multi-Family (MF),,,,,
MF Lease,Unit Height,Type * Unit Height,Storage unit height (top to bottom),9/26/2023,1.32.2,float,"#,###.#",,Unit Lease,unitheight,,Read/Write,Unit Lease_unitheight,Multi-Family (MF),,,,,
MF Lease,Unit Width,Type * Unit Width,Storage unit width (left to right),9/26/2023,1.32.2,float,"#,###.#",,Unit Lease,unitwidth,,,Unit Lease_unitwidth,Multi-Family (MF),,,,,
MF Lease,Unit Depth,Type * Unit Depth,Storage unit depth (front to back),9/26/2023,1.32.2,float,"#,###.#",,Unit Lease,unitdepth,,Read/Write,Unit Lease_unitdepth,Multi-Family (MF),,,,,
MF Lease,Income Target,Type * IncomeTarget,Rents based on a percentage of Area Median Income as defined by HUD,9/26/2023,1.32.2,float,#%,,Unit Lease,incometarget,,Read/Write,Unit Lease_incometarget,Multi-Family (MF),,,,,
MF Lease,Max Gross LIHTC Restricted Rent,Type * Max Gross LIHTC Restricted Rent,"Rent calculation designed to be no more than 30% of maximum household income, adjusted by unit size and updated annually to reflect changes in Area Median Income",9/26/2023,1.32.2,float,"$#,###.##",,Unit Lease,MaxGrossLIHTCRestrictedRent,,,Unit Lease_MaxGrossLIHTCRestrictedRent,Multi-Family (MF),,,,,
MF Lease,LIHTC,Type * LIHTC,LIHTC,,,,,,Unit Lease,lhtc,,,Unit Lease_lhtc,Multi-Family (MF),,,,,
MF Lease,Utility Allowance,Type * Utility Allowance,Schedule of imputed utility costs paid directly by a tenant in subsidized housing,9/26/2023,1.32.2,float,"$#,###.##",,Unit Lease,utilityallowance,,Read/Write,Unit Lease_utilityallowance,Multi-Family (MF),,,,,
MF Lease,Occupancy Type,Type * Occupancy Type,"Reflects a unit's status as Leased, Vacant, Employee, etc.",9/26/2023,1.32.2,Text,DDL,,Unit Lease,occupancytype,,Read/Write,Unit Lease_occupancytype,Multi-Family (MF),,,,,
MF Lease,Affordability Status,Type * Affordability Status,Inclusion of restricted rents under a specific affordable / subsidized program,9/26/2023,1.32.2,Text,DDL,,Unit Lease,affordabilitystatus,,Read/Write,Unit Lease_affordabilitystatus,Multi-Family (MF),,,,,
MF Lease,Tenant Profile,Type * Tenant Profile,"Target tenant base for a property (i.e. family, senior, homeless, transitional)",9/26/2023,1.32.2,Text,DDL,,Unit Lease,tenantprofile,,Read/Write,Unit Lease_tenantprofile,Multi-Family (MF),,,,,
MF Lease,Monthly or Daily Rent,Type * Monthly or Daily Rent,Specifies whether Contract & Market Rents have been entered as monthly or daily amounts,9/26/2023,1.32.2,Text,DDL,,Unit Lease,monthlyordailyrent,,Read/Write,Unit Lease_monthlyordailyrent,Multi-Family (MF),,,,,
MF Lease,Surveyed Unit Count,Surveyed Unit Count,Multi-Family Unit Count Total on Date of Survey,6/1/2018,,int,General,,Unit Lease Summary,mfsurveyedunitcounttotal,,,Unit Lease Summary_mfsurveyedunitcounttotal,Multi-Family (MF),,,,,
MF Lease,Vacant Units,Vacant Units,Multi-Family Vacant Units,6/1/2018,,int,General,Calculate via Button,Unit Lease Summary,mfvacantunitscount,,,Unit Lease Summary_mfvacantunitscount,Multi-Family (MF),,,,,
MF Lease,Vacancy Rate,Vacancy Rate,Vacancy Rate for Multifamily data,9/27/2017,,float,0.##%,Calculate via Button,Unit Lease Summary,vacancyrate,,,Unit Lease Summary_vacancyrate,Multi-Family (MF),,,,,
MF Lease,MF Occupancy,MF Occupancy,Occupancy for Multifamily data,6/26/2020,1.20.0,float,#.##%,Auto-Calculated,Unit Lease Summary,mfoccupancy,,,Unit Lease Summary_mfoccupancy,Multi-Family (MF),,,,,
MF Lease,Utilities Paid By Owner,Utilities Paid By Owner,"Utilities Paid By Owner (W,S,E,T,Hw,G,H,C,I,O)",1/25/2014,,text,@,,Unit Lease Summary,UtilitiesPaidByOwner,,,Unit Lease Summary_UtilitiesPaidByOwner,Multi-Family (MF),,,,,
MF Lease,MF Rent Type,MF Rent Type,"MF Rent Type (Market, LIHTC, Rent Control, Etc.)",1/25/2014,,text,,,Unit Lease Summary,mfrenttype,,,Unit Lease Summary_mfrenttype,Multi-Family (MF),,,,,
MF Lease,MF Rent Concessions,MF Rent Concessions,MF Rent Concessions,1/25/2014,,text,@,,Unit Lease Summary,mfrentconcessions,,,Unit Lease Summary_mfrentconcessions,Multi-Family (MF),,,,,
MF Lease,Monthly Carport Fee,Monthly Carport Fee,Multi-Family Monthly Carport Fee,6/1/2018,,float,"$#,##0",,Unit Lease Summary,mfcarportfeemonthly,,,Unit Lease Summary_mfcarportfeemonthly,Multi-Family (MF),,,,,
MF Lease,Project Style,Project Style,Multifamily Project Style,1/25/2014,,text,,,Unit Lease Summary,projectstyle,,,Unit Lease Summary_projectstyle,Multi-Family (MF),,,,,
MF Lease,Monthly Garage Fee,Monthly Garage Fee,Multi-Family Monthly Garage Fee,6/1/2018,,float,"$#,##0",,Unit Lease Summary,mfgaragefeemonthly,,,Unit Lease Summary_mfgaragefeemonthly,Multi-Family (MF),,,,,
MF Lease,Storage Fee,Storage Fee,Multi-Family Storage Fee,1/11/2019,,float,"$#,##0",,Unit Lease Summary,storagefee,,,Unit Lease Summary_storagefee,Multi-Family (MF),,,,,
MF Lease,MF Rent Per Mo Min,MF Rent Per Mo Min,The minimum Rent Per Month for all unit types.,6/26/2020,1.20.0,float,"$#,##0",Auto-Calculated,Unit Lease Summary,mfrentpermomin,,,Unit Lease Summary_mfrentpermomin,Multi-Family (MF),,,,,
MF Lease,MF Rent Per Mo Max,MF Rent Per Mo Max,The maximum Rent Per Month for all unit types.,6/26/2020,1.20.0,float,"$#,##0",Auto-Calculated,Unit Lease Summary,mfrentpermomax,,,Unit Lease Summary_mfrentpermomax,Multi-Family (MF),,,,,
MF Lease,MF Rent Per SF Min,MF Rent Per SF Min,MF Rent Per SF Min (Lowest Rent/SF),1/25/2014,,float,"$#,##0.00",Auto-Calculated,Unit Lease Summary,mfrentpersfmin,,,Unit Lease Summary_mfrentpersfmin,Multi-Family (MF),,,,,
MF Lease,MF Rent Per SF Max,MF Rent Per SF Max,MF Rent Per SF Max (Highest Rent/SF),1/25/2014,,float,"$#,##0.00",Auto-Calculated,Unit Lease Summary,mfrentpersfmax,,,Unit Lease Summary_mfrentpersfmax,Multi-Family (MF),,,,,
MF Lease,MF Rent Per Sf Per Mo Min,MF Rent Per Sf Per Mo Min,MF Rent Per SF Per Mo Min (Lowest Rent/SF/Mo.),1/25/2014,,float,"$#,##0.00",Auto-Calculated,Unit Lease Summary,mfrentpersfpermomin,,,Unit Lease Summary_mfrentpersfpermomin,Multi-Family (MF),,,,,
MF Lease,MF Rent Per Sf Per Mo Max,MF Rent Per Sf Per Mo Max,MF Rent Per SF Per Mo Max (Highest Rent/SF/Mo.),1/25/2014,,float,"$#,##0.00",Auto-Calculated,Unit Lease Summary,mfrentpersfpermomax,,,Unit Lease Summary_mfrentpersfpermomax,Multi-Family (MF),,,,,
MF Lease,MF Size SF Min,MF Size SF Min,MF Size SF Min (Smallest Unit Size in SF),1/25/2014,,int,,Auto-Calculated,Unit Lease Summary,mfsizesfmin,,,Unit Lease Summary_mfsizesfmin,Multi-Family (MF),,,,,
MF Lease,MF Size SF Max,MF Size SF Max,MF Size SF Max (Larget Unit Size in SF),1/25/2014,,int,,Auto-Calculated,Unit Lease Summary,mfsizesfmax,,,Unit Lease Summary_mfsizesfmax,Multi-Family (MF),,,,,
MF Lease,MF BR Min,MF BR Min,MF BR Min (min number of bedrooms),1/25/2014,,float,##.#,Auto-Calculated,Unit Lease Summary,mfbrmin,,,Unit Lease Summary_mfbrmin,Multi-Family (MF),,,,,
MF Lease,MF BR Max,MF BR Max,MF BR Max (max number of bedrooms),1/25/2014,,float,##.#,Auto-Calculated,Unit Lease Summary,mfbrmax,,,Unit Lease Summary_mfbrmax,Multi-Family (MF),,,,,
MF Lease,MF Total Rent Per Month,MF Total Rent Per Month,Derived from detail unit data. Rent /Mo. per No. of units per unit type,9/9/2019,,float,"$#,##0",Auto-Calculated,Unit Lease Summary,mftotalrentpermonth,,,Unit Lease Summary_mftotalrentpermonth,Multi-Family (MF),,,,,
MF Lease,MF Total Annual Rent,MF Total Annual Rent,Derived from Total Rent Per Month *12,9/9/2019,,float,"$#,##0",Auto-Calculated,Unit Lease Summary,mftotalannualrent,,,Unit Lease Summary_mftotalannualrent,Multi-Family (MF),,,,,
MF Lease,Average MF Unit Size,Average MF Unit Size,Derived from detail unit data. No. of Units *Unit Size (SF)/Total No. of Units,1/25/2014,,float,General,Auto-Calculated,Unit Lease Summary,avgmfunitsize,,,Unit Lease Summary_avgmfunitsize,Multi-Family (MF),,,,,
MF Lease,MF Weighted Avg Rent/Unit,MF Weighted Avg Rent/Unit,Total Rent Per Month/No. of Multifamily Units,9/9/2019,,float,"$#,##0.00",Auto-Calculated,Unit Lease Summary,mfweightedavgrentperunit,,,Unit Lease Summary_mfweightedavgrentperunit,Multi-Family (MF),,,,,
MF Lease,MF Weighted Avg Rent/SF/Mo.,MF Weighted Avg Rent/SF/Mo.,TotalAnnualRent/Multifamily RA,9/9/2019,,float,"$#,##0.00",Auto-Calculated,Unit Lease Summary,mfweightedavgrentpersfpermo,,,Unit Lease Summary_mfweightedavgrentpersfpermo,Multi-Family (MF),,,,,
MF Lease,MF Weighted Avg Rent/SF/Year,MF Weighted Avg Rent/SF/Year,Total Annual Rent/No. of Multifamily Units,9/9/2019,,float,"$#,##0.00",Auto-Calculated,Unit Lease Summary,mfweightedavgrentpersfperyear,,,Unit Lease Summary_mfweightedavgrentpersfperyear,Multi-Family (MF),,,,,
MF Lease,Total Market Rent,Total Market Rent,The summation of Market Rent for all unit types.,9/26/2023,1.32.2,float,"$#,###.##",Auto-Calculated,Unit Lease Summary,totalmarketrent,,,Unit Lease Summary_totalmarketrent,Multi-Family (MF),,,,,
MF Lease,Multifamily Project Amenities,Multifamily Project Amenities,Multifamily Project Amenities,1/25/2014,,string,TA,,Unit Lease Summary,projectamenities,,,Unit Lease Summary_projectamenities,Multi-Family (MF),,,,,
MF Lease,Multifamily Unit Amenities,Multifamily Unit Amenities,Multifamily Unit Amenities,1/25/2014,,string,TA,,Unit Lease Summary,mfamenities,,,Unit Lease Summary_mfamenities,Multi-Family (MF),,,,,
MF Lease,MF Lease Comments,MF Lease Comments,MF Lease Comments,1/25/2014,,string,TA,,Unit Lease Summary,mfleasecomments,,,Unit Lease Summary_mfleasecomments,Multi-Family (MF),,,,,
Senior Housing Lease,Medicaid Percentage,Medicaid Percentage,Senior Housing Medicaid Payor %,6/1/2018,,float,,,Unit Lease Summary,shpayormedicaidpercentage,,,Unit Lease Summary_shpayormedicaidpercentage,Multi-Family (MF),,,,,
Senior Housing Lease,Medicare Percentage,Medicare Percentage,Senior Housing Medicare Payor %,6/1/2018,,float,,,Unit Lease Summary,SHPayorMedicarePercentage,,,Unit Lease Summary_SHPayorMedicarePercentage,Multi-Family (MF),,,,,
Senior Housing Lease,VA Percentage,VA Percentage,Senior Housing Veteran Assistance Payor %,6/1/2018,,float,,,Unit Lease Summary,shpayorvapercentage,,,Unit Lease Summary_shpayorvapercentage,Multi-Family (MF),,,,,
Senior Housing Lease,Private Pay Percentage,Private Pay Percentage,Senior Housing Private Pay Payor %,6/1/2018,,float,,,Unit Lease Summary,shpayorprivatepaypercentage,,,Unit Lease Summary_shpayorprivatepaypercentage,Multi-Family (MF),,,,,
Senior Housing Lease,Other Percentage,Other Percentage,Senior Housing Other Payor %,6/1/2018,,float,,,Unit Lease Summary,shpayorotherpercentage,,,Unit Lease Summary_shpayorotherpercentage,Multi-Family (MF),,,,,
Senior Housing Lease,Assisted Living Unit Count,Assisted Living Unit Count,Assisted Living Unit Count,6/1/2018,,int,General,,Unit Lease Summary,shalunitcount,,,Unit Lease Summary_shalunitcount,Multi-Family (MF),,,,,
Senior Housing Lease,Assisted Living Occupancy Percentage,Assisted Living Occupancy Percentage,Assisted Living Occupancy Percentage,6/1/2018,,float,,,Unit Lease Summary,shaloccupancypercentage,,,Unit Lease Summary_shaloccupancypercentage,Multi-Family (MF),,,,,
Senior Housing Lease,Assisted Living Entry Fee,Assisted Living Entry Fee,Assisted Living Entry Fee,6/1/2018,,float,"$#,##0",,Unit Lease Summary,shalentryfee,,,Unit Lease Summary_shalentryfee,Multi-Family (MF),,,,,
Senior Housing Lease,Assisted Living Community Fee,Assisted Living Community Fee,Assisted Living Community Fee,6/1/2018,,float,"$#,##0",,Unit Lease Summary,shalcommunityfee,,,Unit Lease Summary_shalcommunityfee,Multi-Family (MF),,,,,
Senior Housing Lease,Assisted Living Monthly Second Person Fee,Assisted Living Monthly Second Person Fee,Assisted Living Monthly Second Person Fee,6/1/2018,,float,"$#,##0",,Unit Lease Summary,shalsecondpersonfeemonthly,,,Unit Lease Summary_shalsecondpersonfeemonthly,Multi-Family (MF),,,,,
Senior Housing Lease,Independent Living Unit Count,Independent Living Unit Count,Independent Living Unit Count,6/1/2018,,int,General,,Unit Lease Summary,shilunitcount,,,Unit Lease Summary_shilunitcount,Multi-Family (MF),,,,,
Senior Housing Lease,Independent Living Occupancy Percentage,Independent Living Occupancy Percentage,Independent Living Occupancy Percentage,6/1/2018,,float,,,Unit Lease Summary,shiloccupancypercentage,,,Unit Lease Summary_shiloccupancypercentage,Multi-Family (MF),,,,,
Senior Housing Lease,Independent Living Entry Fee,Independent Living Entry Fee,Independent Living Entry Fee,6/1/2018,,float,"$#,##0",,Unit Lease Summary,shilentryfee,,,Unit Lease Summary_shilentryfee,Multi-Family (MF),,,,,
Senior Housing Lease,Independent Living Community Fee,Independent Living Community Fee,Independent Living Community Fee,6/1/2018,,float,"$#,##0",,Unit Lease Summary,shilcommunityfee,,,Unit Lease Summary_shilcommunityfee,Multi-Family (MF),,,,,
Senior Housing Lease,Independent Living Monthly Second Person Fee,Independent Living Monthly Second Person Fee,Independent Living Monthly Second Person Fee,6/1/2018,,float,"$#,##0",,Unit Lease Summary,shilsecondpersonfeemonthly,,,Unit Lease Summary_shilsecondpersonfeemonthly,Multi-Family (MF),,,,,
Senior Housing Lease,Memory Care Unit Count,Memory Care Unit Count,Memory Care Unit Count,6/1/2018,,int,General,,Unit Lease Summary,shmcunitcount,,,Unit Lease Summary_shmcunitcount,Multi-Family (MF),,,,,
Senior Housing Lease,Memory Care Occupancy Percentage,Memory Care Occupancy Percentage,Memory Care Occupancy Percentage,6/1/2018,,float,,,Unit Lease Summary,shmcoccupancypercentage,,,Unit Lease Summary_shmcoccupancypercentage,Multi-Family (MF),,,,,
Senior Housing Lease,Memory Care Entry Fee,Memory Care Entry Fee,Memory Care Entry Fee,6/1/2018,,float,"$#,##0",,Unit Lease Summary,shmcentryfee,,,Unit Lease Summary_shmcentryfee,Multi-Family (MF),,,,,
Senior Housing Lease,Memory Care Community Fee,Memory Care Community Fee,Memory Care Community Fee,6/1/2018,,float,"$#,##0",,Unit Lease Summary,shmccommunityfee,,,Unit Lease Summary_shmccommunityfee,Multi-Family (MF),,,,,
Senior Housing Lease,Memory Care Monthly Second Person Fee,Memory Care Monthly Second Person Fee,Memory Care Monthly Second Person Fee,6/1/2018,,float,"$#,##0",,Unit Lease Summary,shmcsecondpersonfeemonthly,,,Unit Lease Summary_shmcsecondpersonfeemonthly,Multi-Family (MF),,,,,
Senior Housing Lease,Skilled Nursing Unit Count,Skilled Nursing Unit Count,Skilled Nursing Unit Count,6/1/2018,,int,General,,Unit Lease Summary,shsnunitcount,,,Unit Lease Summary_shsnunitcount,Multi-Family (MF),,,,,
Senior Housing Lease,Skilled Nursing Occupancy Percentage,Skilled Nursing Occupancy Percentage,Skilled Nursing Occupancy Percentage,6/1/2018,,float,,,Unit Lease Summary,shsnoccupancypercentage,,,Unit Lease Summary_shsnoccupancypercentage,Multi-Family (MF),,,,,
Senior Housing Lease,Skilled Nursing Entry Fee,Skilled Nursing Entry Fee,Skilled Nursing Entry Fee,6/1/2018,,float,"$#,##0",,Unit Lease Summary,shsnentryfee,,,Unit Lease Summary_shsnentryfee,Multi-Family (MF),,,,,
Senior Housing Lease,Skilled Nursing Community Fee,Skilled Nursing Community Fee,Skilled Nursing Community Fee,6/1/2018,,float,"$#,##0",,Unit Lease Summary,shsncommunityfee,,,Unit Lease Summary_shsncommunityfee,Multi-Family (MF),,,,,
Senior Housing Lease,Skilled Nursing Monthly Second Person Fee,Skilled Nursing Monthly Second Person Fee,Skilled Nursing Monthly Second Person Fee,6/1/2018,,float,"$#,##0",,Unit Lease Summary,shsnsecondpersonfeemonthly,,,Unit Lease Summary_shsnsecondpersonfeemonthly,Multi-Family (MF),,,,,
Senior Housing Lease,Other Unit Count,Other Unit Count,Other Unit Count,6/1/2018,,int,General,,Unit Lease Summary,shotherunitcount,,,Unit Lease Summary_shotherunitcount,Multi-Family (MF),,,,,
Senior Housing Lease,Other Occupancy Percentage,Other Occupancy Percentage,Other Occupancy Percentage,6/1/2018,,float,,,Unit Lease Summary,shotheroccupancypercentage,,,Unit Lease Summary_shotheroccupancypercentage,Multi-Family (MF),,,,,
Senior Housing Lease,Other Entry Fee,Other Entry Fee,Other Entry Fee,6/1/2018,,float,"$#,##0",,Unit Lease Summary,shotherentryfee,,,Unit Lease Summary_shotherentryfee,Multi-Family (MF),,,,,
Senior Housing Lease,Other Community Fee,Other Community Fee,Other Community Fee,6/1/2018,,float,"$#,##0",,Unit Lease Summary,shothercommunityfee,,,Unit Lease Summary_shothercommunityfee,Multi-Family (MF),,,,,
Senior Housing Lease,Other Monthly Second Person Fee,Other Monthly Second Person Fee,Other Monthly Second Person Fee,6/1/2018,,float,"$#,##0",,Unit Lease Summary,shothersecondpersonfeemonthly,,,Unit Lease Summary_shothersecondpersonfeemonthly,Multi-Family (MF),,,,,
Senior Housing Lease,Care Type Comments,Care Type Comments,Senior Housing Care Type Comments,6/1/2018,,string,TA,,Unit Lease Summary,shcaretypecomments,,,Unit Lease Summary_shcaretypecomments,Multi-Family (MF),,,,,
MF Lease,MF Lease Notes,MF Lease Notes,MF Lease Notes,1/25/2014,,text,,,Unit Lease Summary,mfleasenotes,,,Unit Lease Summary_mfleasenotes,Multi-Family (MF),,,,,
Inc. Exp.,Survey Type + Survey Date,IncExpName,IncExp Name,8/24/2018,,varchar,,,incExp,name,,,incExp_name,"Retail, Industrial, Multi-Family (MF), Manufactured Housing, Office",,,,,
Inc. Exp.,Inc/Exp Survey Date,Inc/Exp Survey Date,Date of Expense data. Suggest using last day of financial period.,3/1/2018,,datetime,MM/dd/yyyy,,incExp,surveydate,,,incExp_surveydate,"Retail, Industrial, Multi-Family (MF), Manufactured Housing, Office",,,,,
Inc. Exp.,Financials Type,Financials Type,The type of instanced income/expense data.,6/26/2020,1.20.0,text,,,incExp,financialstype,financialstypeid,,incExp_financialstype,"Retail, Industrial, Multi-Family (MF), Manufactured Housing, Office",,,,,
Inc. Exp.,Rental Income,Rental Income,Total amount of revenue from leased spaces or units.,1/25/2014,,float,"$#,##0",,incExp,annualrent,,,incExp_annualrent,"Retail, Industrial, Multi-Family (MF), Manufactured Housing, Office",,,,,
Inc. Exp.,Base Rent Abatement,Base Rent Abatement,Rent abatement is a provision that may be included in a commercial or residential property lease. It entitles the tenant to suspend rent payments or pay only a portion of the rent until a landlord completes property repairs.,6/16/2015,,int,,,incExp,baserentabatement,,,incExp_baserentabatement,"Retail, Industrial, Multi-Family (MF), Manufactured Housing, Office",,,,,
Inc. Exp.,Expense Reimbursements,Expense Reimbursements,"Tenant reimbursements, also known as tenant recoveries, are expenses which are paid back to a landlord by a tenant. Common examples of tenant reimbursements include property taxes, property insurance, maintenance and repair costs, and other operational expenses.",6/16/2015,,int,,,incExp,expensereimbursements,,,incExp_expensereimbursements,"Retail, Industrial, Multi-Family (MF), Manufactured Housing, Office",,,,,
Inc. Exp.,Net Parking Income,Net Parking Income,"Total amount of revenue from parking fees, etc.",6/16/2015,,int,,,incExp,netparkingincome,,,incExp_netparkingincome,"Retail, Industrial, Multi-Family (MF), Manufactured Housing, Office",,,,,
Inc. Exp.,Percentage Rent,Percentage Rent,"Percentage rent, or a percentage lease, is a type of lease seen in commercial real estate. It is a rental charge based on the gross income of the tenant rather than a fixed monthly or annual value. In most examples, the percent rent only applies after a certain amount of base rent has been paid.",6/16/2015,,float,,,incExp,percentagerent,,,incExp_percentagerent,"Retail, Industrial, Multi-Family (MF), Manufactured Housing, Office",,,,,
Inc. Exp.,Other Income,Other Income,Other Income,1/25/2014,,float,"$#,##0",,incExp,otherincome,,,incExp_otherincome,"Retail, Industrial, Multi-Family (MF), Manufactured Housing, Office",,,,,
Inc. Exp.,PGI,PGI,Potential Gross Income,1/25/2014,,float,"$#,##0",Calculate via Button,incExp,pgi,,,incExp_pgi,"Retail, Industrial, Multi-Family (MF), Manufactured Housing, Office",,,,,
Inc. Exp.,PGI Per SF,PGI Per SF,PGI Per SF,1/25/2014,,float,"$#,###.##",Auto-Calculated,incExp,pgipersf,,,incExp_pgipersf,"Retail, Industrial, Multi-Family (MF), Manufactured Housing, Office",,,,,
Inc. Exp.,PGI Per Unit,PGI Per Unit,PGI Per Unit,1/25/2014,,float,"$#,###.##",Auto-Calculated,incExp,pgiperunit,,,incExp_pgiperunit,"Retail, Industrial, Multi-Family (MF), Manufactured Housing, Office",,,,,
Inc. Exp.,Vacancy Amount,Vacancy Amount,Vacancy Dollar Amount,1/25/2014,,float,"$#,##0",Cross-Calculates,incExp,vacancycost,,,incExp_vacancycost,"Retail, Industrial, Multi-Family (MF), Manufactured Housing, Office",,,,,
Inc. Exp.,Vacancy,Vacancy,Vacancy Percentage,1/25/2014,,float,,Cross-Calculates,incExp,vacancy,,,incExp_vacancy,"Retail, Industrial, Multi-Family (MF), Manufactured Housing, Office",,,,,
Inc. Exp.,Vacancy Per SF,Vacancy  Per SF,Vacancy Dollar Amount Per SF,1/25/2014,,float,"$#,###.##",,incExp,vacancycostpersf,,,incExp_vacancycostpersf,"Retail, Industrial, Multi-Family (MF), Manufactured Housing, Office",,,,,
Inc. Exp.,Vacancy Per Unit,Vacancy Per Unit,Vacancy Dollar Amount Per Unit,1/25/2014,,float,"$#,##0",Auto-Calculated,incExp,vacancycostperunit,,,incExp_vacancycostperunit,"Retail, Industrial, Multi-Family (MF), Manufactured Housing, Office",,,,,
Inc. Exp.,Occupancy,Occupancy,Occupancy Percent,1/25/2014,,float,,Auto-Calculated,incExp,occupancy,,,incExp_occupancy,"Retail, Industrial, Multi-Family (MF), Manufactured Housing, Office",,,,,
Inc. Exp.,EGI,EGI,Effective Gross Income,1/25/2014,,Float,"$#,##0",Calculate via Button,incExp,egi,,,incExp_egi,"Retail, Industrial, Multi-Family (MF), Manufactured Housing, Office",,,,,
Inc. Exp.,EGI Per SF,EGI Per SF,EGI Per SF,1/25/2014,,float,"$#,###.##",Auto-Calculated,incExp,egipersf,,,incExp_egipersf,"Retail, Industrial, Multi-Family (MF), Manufactured Housing, Office",,,,,
Inc. Exp.,EGI Per Unit,EGI Per Unit,EGI Per Unit,1/25/2014,,float,"$#,###.##",Auto-Calculated,incExp,egiperunit,,,incExp_egiperunit,"Retail, Industrial, Multi-Family (MF), Manufactured Housing, Office",,,,,
Inc. Exp.,Tax Expense,Tax Expense,Tax Expense,1/25/2014,,float,"$#,##0",,incExp,taxexpense,,,incExp_taxexpense,"Retail, Industrial, Multi-Family (MF), Manufactured Housing, Office",,,,,
Inc. Exp.,Insurance,Insurance,Insurance Expense,1/25/2014,,float,"$#,##0",,incExp,insurance,,,incExp_insurance,"Retail, Industrial, Multi-Family (MF), Manufactured Housing, Office",,,,,
Inc. Exp.,On Site Management,On Site Management,On Site management expense (for apartment and mini-storage properties).,6/26/2020,1.20.0,float,"$#,##0",,incExp,onsitemanagementexp,,,incExp_onsitemanagementexp,"Retail, Industrial, Multi-Family (MF), Manufactured Housing, Office",,,,,
Inc. Exp.,Management,Management,Management Expense,1/25/2014,,float,"$#,##0",,incExp,management,,,incExp_management,"Retail, Industrial, Multi-Family (MF), Manufactured Housing, Office",,,,,
Inc. Exp.,Advertising And Marketing,Advertising And Marketing,Advertising And Marketing Expense,3/19/2014,,int,,,incExp,advertisingandmarketing,,,incExp_advertisingandmarketing,"Retail, Industrial, Multi-Family (MF), Manufactured Housing, Office",,,,,
Inc. Exp.,Electric Expense,Electric Expense,IncExp Electric (sub-category of Total Utilities),11/2/2018,,float,"$#,##0",,incExp,electricexpense,,,incExp_electricexpense,"Retail, Industrial, Multi-Family (MF), Manufactured Housing, Office",,,,,
Inc. Exp.,Water Expense,Water Expense,IncExp Water (sub-category of Total Utilities),10/29/2018,,float,"$#,##0",,incExp,waterexpense,,,incExp_waterexpense,"Retail, Industrial, Multi-Family (MF), Manufactured Housing, Office",,,,,
Inc. Exp.,Sewer Expense,Sewer Expense,IncExp Sewer (sub-category of Total Utilities),10/29/2018,,float,"$#,##0",,incExp,sewerexpense,,,incExp_sewerexpense,"Retail, Industrial, Multi-Family (MF), Manufactured Housing, Office",,,,,
Inc. Exp.,Gas Expense,Gas Expense,IncExp Gas (sub-category of Total Utilities),10/29/2018,,float,"$#,##0",,incExp,gasexpense,,,incExp_gasexpense,"Retail, Industrial, Multi-Family (MF), Manufactured Housing, Office",,,,,
Inc. Exp.,Fuel Expense,Fuel Expense,IncExp Fuel (sub-category of Total Utilities),6/26/2020,1.20.0,float,"$#,##0",,incExp,fuelexpense,,,incExp_fuelexpense,"Retail, Industrial, Multi-Family (MF), Manufactured Housing, Office",,,,,
Inc. Exp.,Trash Expense,Trash Expense,IncExp Trash (sub-category of Total Utilities),10/29/2018,,float,"$#,##0",,incExp,trashexpense,,,incExp_trashexpense,"Retail, Industrial, Multi-Family (MF), Manufactured Housing, Office",,,,,
Inc. Exp.,Total Utilities,Total Utilities,Total Utilities,1/25/2014,,float,"$#,##0",Calculate via Button,incExp,totalutilities,,,incExp_totalutilities,"Retail, Industrial, Multi-Family (MF), Manufactured Housing, Office",,,,,
Inc. Exp.,Building Repairs,Building Repairs,IncExp Building Repairs,10/29/2018,,float,"$#,##0",,incExp,buildingrepairs,,,incExp_buildingrepairs,"Retail, Industrial, Multi-Family (MF), Manufactured Housing, Office",,,,,
Inc. Exp.,Other Repairs,Other Repairs,IncExp Other Repairs,10/29/2018,,float,"$#,##0",,incExp,otherrepairs,,,incExp_otherrepairs,"Retail, Industrial, Multi-Family (MF), Manufactured Housing, Office",,,,,
Inc. Exp.,Repairs And Maintenance,Repairs And Maintenance,Repairs And Maintenance Expense,1/25/2014,,float,"$#,##0",Calculate via Button,incExp,repairsandmaintenance,,,incExp_repairsandmaintenance,"Retail, Industrial, Multi-Family (MF), Manufactured Housing, Office",,,,,
Inc. Exp.,Painting And Decorating,Painting And Decorating,Painting And Decorating Expense,3/19/2014,,int,,,incExp,paintinganddecorating,,,incExp_paintinganddecorating,"Retail, Industrial, Multi-Family (MF), Manufactured Housing, Office",,,,,
Inc. Exp.,Roads and Grounds,Roads and Grounds,Roads and Grounds,1/25/2014,,int,,,incExp,generalandadministrative2,,,incExp_generalandadministrative2,"Retail, Industrial, Multi-Family (MF), Manufactured Housing, Office",,,,,
Inc. Exp.,Cleaning and Janitorial,Cleaning and Janitorial,Cleaning and Janitorial Expense,1/25/2014,,int,,,incExp,cleaning,,,incExp_cleaning,"Retail, Industrial, Multi-Family (MF), Manufactured Housing, Office",,,,,
Inc. Exp.,CAM,CAM,Common Area Maintenance Charge,3/19/2014,,int,,,incExp,cam,,,incExp_cam,"Retail, Industrial, Multi-Family (MF), Manufactured Housing, Office",,,,,
Inc. Exp.,Manager and Leasing Salaries,Manager and Leasing Salaries,Manager and Leasing Salaries,10/29/2018,,float,"$#,##0",,incExp,managerleasingsalaries,,,incExp_managerleasingsalaries,"Retail, Industrial, Multi-Family (MF), Manufactured Housing, Office",,,,,
Inc. Exp.,Maintenance Salaries,Maintenance Salaries,Maintenance Salaries,10/29/2018,,float,"$#,##0",,incExp,maintenancesalaries,,,incExp_maintenancesalaries,"Retail, Industrial, Multi-Family (MF), Manufactured Housing, Office",,,,,
Inc. Exp.,Other Salaries,Other Salaries,Other Salaries,10/29/2018,,float,"$#,##0",,incExp,othersalaries,,,incExp_othersalaries,"Retail, Industrial, Multi-Family (MF), Manufactured Housing, Office",,,,,
Inc. Exp.,Payroll Taxes and Health Benefits,Payroll Taxes and Health Benefits,Payroll Taxes and Health Benefits,10/29/2018,,float,"$#,##0",,incExp,payrolltaxes,,,incExp_payrolltaxes,"Retail, Industrial, Multi-Family (MF), Manufactured Housing, Office",,,,,
Inc. Exp.,Payroll,Payroll,Payroll Expense,1/25/2014,,int,,Calculate via Button,incExp,payrolltotal,,,incExp_payrolltotal,"Retail, Industrial, Multi-Family (MF), Manufactured Housing, Office",,,,,
Inc. Exp.,Security,Security,Security Expenses,1/25/2014,,int,,,incExp,groundsandsecurity,,,incExp_groundsandsecurity,"Retail, Industrial, Multi-Family (MF), Manufactured Housing, Office",,,,,
Inc. Exp.,Professional Services,Professional Services,"Lawyer fees, etc.",6/26/2020,1.20.0,float,"$#,##0",,incExp,professionalservicesexp,,,incExp_professionalservicesexp,"Retail, Industrial, Multi-Family (MF), Manufactured Housing, Office",,,,,
Inc. Exp.,General And Administrative,General And Administrative,General and Administrative Expenses,6/16/2015,,int,,,incExp,generalandadministrative,,,incExp_generalandadministrative,"Retail, Industrial, Multi-Family (MF), Manufactured Housing, Office",,,,,
Inc. Exp.,Non Revenue Units,Non Revenue Units,Non Revenue Units,10/29/2018,,float,"$#,##0",,incExp,nonrevenueunits,,,incExp_nonrevenueunits,"Retail, Industrial, Multi-Family (MF), Manufactured Housing, Office",,,,,
Inc. Exp.,Other Expenses,Other Expenses,Other Expenses,1/25/2014,,float,"$#,##0",,incExp,otherexpenses,,,incExp_otherexpenses,"Retail, Industrial, Multi-Family (MF), Manufactured Housing, Office",,,,,
Inc. Exp.,Reserves,Reserves,Reserves Expense,1/25/2014,,float,"$#,##0",,incExp,reserves,,,incExp_reserves,"Retail, Industrial, Multi-Family (MF), Manufactured Housing, Office",,,,,
Inc. Exp.,Deduct Reserves from EGI,Deduct Reserves from EGI,Deduct Reserves from EGI?,7/17/2019,,bit,,,incExp,deductreserves,,,incExp_deductreserves,"Retail, Industrial, Multi-Family (MF), Manufactured Housing, Office",,,,,
Inc. Exp.,Leasing Commissions,Leasing Commissions,Commissions for Leases,10/29/2018,,float,"$#,##0",,incExp,expleasingcommissions,,,incExp_expleasingcommissions,"Retail, Industrial, Multi-Family (MF), Manufactured Housing, Office",,,,,
Inc. Exp.,Tenant Improvements Expense,Tenant Improvements Expense,Tenant Improvements Expense,10/29/2018,,float,"$#,##0",,incExp,exptenantimprovements,,,incExp_exptenantimprovements,"Retail, Industrial, Multi-Family (MF), Manufactured Housing, Office",,,,,
Inc. Exp.,Ground Rent Expense,Ground Rent Expense,Utilized when Ground Lease payments are considered a part of operating expenses.,6/26/2020,1.20.0,float,"$#,##0",,incExp,GroundRentExp,,,incExp_GroundRentExp,"Retail, Industrial, Multi-Family (MF), Manufactured Housing, Office",,,,,
Inc. Exp.,Total Expenses,Total Expenses,Total Expenses,1/25/2014,,float,"$#,##0",Calculate via Button,incExp,totalexpenses,,,incExp_totalexpenses,"Retail, Industrial, Multi-Family (MF), Manufactured Housing, Office",,,,,
Inc. Exp.,Expense Per SF,Expense Per SF,Expenses Per SF,1/25/2014,,float,"$#,###.##",Auto-Calculated,incExp,ExpensePerSF,,,incExp_ExpensePerSF,"Retail, Industrial, Multi-Family (MF), Manufactured Housing, Office",,,,,
Inc. Exp.,Expense Per Unit,Expense Per Unit,Expenses Per Unit,1/25/2014,,float,"$#,###.##",Auto-Calculated,incExp,ExpensePerUnit ,,,incExp_ExpensePerUnit ,"Retail, Industrial, Multi-Family (MF), Manufactured Housing, Office",,,,,
Inc. Exp.,Expense Ratio,Expense Ratio,Total Expenses/EGI,1/25/2014,,float,,Auto-Calculated,incExp,expenseratio,,,incExp_expenseratio,"Retail, Industrial, Multi-Family (MF), Manufactured Housing, Office",,,,,
Inc. Exp.,NOI,NOI,Net Operating Income,1/25/2014,,float,"$#,##0",Calculate via Button,incExp,noi,,,incExp_noi,"Retail, Industrial, Multi-Family (MF), Manufactured Housing, Office",,,,,
Inc. Exp.,Net Operating Income Per SF,Net Operating Income Per SF,Net Operating Income Per SF,1/25/2014,,float,"$#,###.##",Auto-Calculated,incExp,noipersf,,,incExp_noipersf,"Retail, Industrial, Multi-Family (MF), Manufactured Housing, Office",,,,,
Inc. Exp.,NOI Per Bed,NOI Per Bed,Net Operating Income Per Bed.,6/26/2020,1.20.0,float,"$#,##0.00",Auto-Calculated,incExp,noiperbed,,,incExp_noiperbed,"Retail, Industrial, Multi-Family (MF), Manufactured Housing, Office",,,,,
Inc. Exp.,NOI Per GBA M2,NOI Per GBA M2,Net Operating Income Per GBA M2.,6/26/2020,1.20.0,float,"$#,##0.00",Auto-Calculated,incExp,noipergbam2,,,incExp_noipergbam2,"Retail, Industrial, Multi-Family (MF), Manufactured Housing, Office",,,,,
Inc. Exp.,NOI Per RA SF,NOI Per RA SF,Net Operating Income Per Rentable Area Square Foot.,6/26/2020,1.20.0,float,"$#,##0.00",Auto-Calculated,incExp,noiperrasf,,,incExp_noiperrasf,"Retail, Industrial, Multi-Family (MF), Manufactured Housing, Office",,,,,
Inc. Exp.,NOI Per Unit,NOI Per Unit,Net Operating Income Per Unit.,6/26/2020,1.20.0,float,"$#,##0.00",Auto-Calculated,incExp,noiperunit,,,incExp_noiperunit,"Retail, Industrial, Multi-Family (MF), Manufactured Housing, Office",,,,,
Inc. Exp.,NOI Per Usable SF,NOI Per Usable SF,Net Operating Income Per Usable Area Square Foot.,6/26/2020,1.20.0,float,"$#,##0.00",Auto-Calculated,incExp,noiperusablesf,,,incExp_noiperusablesf,"Retail, Industrial, Multi-Family (MF), Manufactured Housing, Office",,,,,
Inc. Exp.,NIM,NIM,NIM (Net Income Multiplier),1/25/2014,,float,"#,##0.00",Auto-Calculated,Saleinfo,NIM,,,Saleinfo_NIM,"Retail, Industrial, Multi-Family (MF), Manufactured Housing, Office",,,,,
Inc. Exp.,Inc Exp Comments,Inc Exp Comments,Inc/Exp Comments,1/25/2014,,string,TA,,incExp,comments,,,incExp_comments,"Retail, Industrial, Multi-Family (MF), Manufactured Housing, Office",,,,,
Assessment,Tax Authority/Jurisdiction,Taxing Authority,The jurisdiction responsible for assessment of the property.,7/31/2020,1.20.1,text,,,Assessment,taxingauthority,,,Assessment_taxingauthority,"Retail, Industrial, Multi-Family (MF), Manufactured Housing, Office",,,,,
Assessment,Tax ID,Tax ID,Tax ID or Assessor's Parcel Number,1/25/2014,,text,General,,Assessment,taxid,,,Assessment_taxid,"Retail, Industrial, Multi-Family (MF), Manufactured Housing, Office",,,,,
Assessment,Assessment Year(s),Assessment Year,Assessment Year,1/25/2014,,text,,,Assessment,assessmentyear,,,Assessment_assessmentyear,"Retail, Industrial, Multi-Family (MF), Manufactured Housing, Office",,,,,
Assessment,Land Assessment,Land Assessment,Land Assessment,1/25/2014,,float,"$#,##0",Calculate via Button,Assessment,landassessment,,,Assessment_landassessment,"Retail, Industrial, Multi-Family (MF), Manufactured Housing, Office",,,,,
Assessment,Improvement Assessment,Improvement Assessment,Improvement Assessment,1/25/2014,,float,"$#,##0",Calculate via Button,Assessment,improvementassessment,,,Assessment_improvementassessment,"Retail, Industrial, Multi-Family (MF), Manufactured Housing, Office",,,,,
Assessment,Other Assessment,Other Assessment,Other Assessment,1/25/2014,,float,"$#,##0",Calculate via Button,Assessment,otherassessment,,,Assessment_otherassessment,"Retail, Industrial, Multi-Family (MF), Manufactured Housing, Office",,,,,
Assessment,Total Assessment,Total Assessment,Total Assessment,1/25/2014,,float,"$#,##0",Calculate via Button,Assessment,totalassessment,,,Assessment_totalassessment,"Retail, Industrial, Multi-Family (MF), Manufactured Housing, Office",,,,,
Assessment,Tax Year(s),Tax Years,The year or years Taxes were levied.,7/31/2020,1.20.1,text,,,Assessment,taxyear,,,Assessment_taxyear,"Retail, Industrial, Multi-Family (MF), Manufactured Housing, Office",,,,,
Assessment,Tax Rate Code,Tax Rate Code,Tax Rate Code.,7/31/2020,1.20.1,text,,,Assessment,taxratecode,,,Assessment_taxratecode,"Retail, Industrial, Multi-Family (MF), Manufactured Housing, Office",,,,,
Assessment,Tax Rate,Tax Rate,Tax Rate,1/25/2014,,float,"#,##0.00000000",,Assessment,taxrate,,,Assessment_taxrate,"Retail, Industrial, Multi-Family (MF), Manufactured Housing, Office",,,,,
Assessment,Tax Rate Per,Tax Rate Per,"Used in the calculation of Taxes. Can be $100, $1,000 or a %.",7/31/2020,1.20.1,float,##.##,,Assessment,taxrateper,,,Assessment_taxrateper,"Retail, Industrial, Multi-Family (MF), Manufactured Housing, Office",,,,,
Assessment,Base Taxes,Base Taxes,Taxes before additional items like Special Assessments,1/27/2022,1.26.1,float,"$#,###.##",,Assessment,basetaxes,,,Assessment_basetaxes,"Retail, Industrial, Multi-Family (MF), Manufactured Housing, Office",,,,,
Assessment,Special Assessments,Special Assessments,A special assessment tax is a local surtax in addition to regular property taxes that is levied on homeowners to pay for a specific project.,7/31/2020,1.20.1,float,"$#,###.##",,Assessment,specialassessments,,,Assessment_specialassessments,"Retail, Industrial, Multi-Family (MF), Manufactured Housing, Office",,,,,
Assessment,Taxes,Taxes,Taxes,1/25/2014,,float,"$#,##0.00",Calculate via Button,Assessment,taxes,,,Assessment_taxes,"Retail, Industrial, Multi-Family (MF), Manufactured Housing, Office",,,,,
Assessment,Market Value,Market Value,"Market value is the most probable price, as of a specified date, in cash, or in terms equivalent to cash, or in other precisely revealed terms, for which the specified property rights should sell after reasonable exposure in a competitive market under all conditions requisite to fair sale, with the buyer and seller each acting prudently, knowledgeably, and for self-interest, and assuming that neither is under undue duress.",7/31/2020,1.20.1,float,"$#,###.##",,Assessment,marketvalue,,,Assessment_marketvalue,"Retail, Industrial, Multi-Family (MF), Manufactured Housing, Office",,,,,
Assessment,Taxes/SF (GBA),Taxes/SF GBA,Taxes/SF GBA,11/13/2014,,float,"$#,###.##",Auto-Calculated,Assessment,taxespersfgba,,,Assessment_taxespersfgba,"Retail, Industrial, Multi-Family (MF), Manufactured Housing, Office",,,,,
Assessment,Taxes/RA,Taxes Per RA,Taxes divided by Rentable Area Square Feet.,7/31/2020,1.20.1,float,"$#,###.##",Auto-Calculated,Assessment,taxesperra,,,Assessment_taxesperra,"Retail, Industrial, Multi-Family (MF), Manufactured Housing, Office",,,,,
Assessment,Taxes/Unit,Taxes/Unit,Taxes/Unit,11/13/2014,,float,"$#,###",Auto-Calculated,Assessment,taxesperunit,,,Assessment_taxesperunit,"Retail, Industrial, Multi-Family (MF), Manufactured Housing, Office",,,,,
Assessment,Taxes/Land SF,Taxes/Land SF,Taxes/Land SF,11/13/2014,,float,"$#,###.##",Auto-Calculated,Assessment,taxesperlandsf,,,Assessment_taxesperlandsf,"Retail, Industrial, Multi-Family (MF), Manufactured Housing, Office",,,,,
Assessment,Taxes/Acre,Taxes/Acre,Taxes/Acre,11/13/2014,,float,"$#,###",Auto-Calculated,Assessment,taxesperacre,,,Assessment_taxesperacre,"Retail, Industrial, Multi-Family (MF), Manufactured Housing, Office",,,,,
Assessment,Taxes/Land Unit,Taxes/Land Unit,Taxes/Land Unit,11/13/2014,,float,"$#,###",Auto-Calculated,Assessment,taxesperlandunit,,,Assessment_taxesperlandunit,"Retail, Industrial, Multi-Family (MF), Manufactured Housing, Office",,,,,
Assessment,Taxes/GBA (Meters),Taxes Per GBA M2,Taxes divided by GBA Square Meters.,7/31/2020,1.20.1,float,"$#,###.##",Auto-Calculated,Assessment,taxespergbam2,,,Assessment_taxespergbam2,"Retail, Industrial, Multi-Family (MF), Manufactured Housing, Office",,,,,
Assessment,Taxes/RA (Meters),Taxes Per RA M2,Taxes divided by Rentable Area Square Meters.,7/31/2020,1.20.1,float,"$#,###.##",Auto-Calculated,Assessment,taxesperram2,,,Assessment_taxesperram2,"Retail, Industrial, Multi-Family (MF), Manufactured Housing, Office",,,,,
Assessment,Taxes/Hectares,Taxes Per Hectares,Taxes divided by Land Hectares.,7/31/2020,1.20.1,float,"$#,###.##",Auto-Calculated,Assessment,taxesperhectares,,,Assessment_taxesperhectares,"Retail, Industrial, Multi-Family (MF), Manufactured Housing, Office",,,,,
Assessment,Taxes/Land Sq Meters,Taxes Per Land M2,Taxes divided by Land Square Meters.,7/31/2020,1.20.1,float,"$#,###.##",Auto-Calculated,Assessment,taxesperlandm2,,,Assessment_taxesperlandm2,"Retail, Industrial, Multi-Family (MF), Manufactured Housing, Office",,,,,
Assessment,Equalization Ratio,Equalization Ratio,Equalization Ratio,1/25/2014,,float,,,Assessment,equalizationratio,,,Assessment_equalizationratio,"Retail, Industrial, Multi-Family (MF), Manufactured Housing, Office",,,,,
Assessment,Implied Value,Implied Value,Assessment Implied Value,1/25/2014,,float,"$#,##0",Auto-Calculated,Assessment,impliedvalue,,,Assessment_impliedvalue,"Retail, Industrial, Multi-Family (MF), Manufactured Housing, Office",,,,,
Assessment,Assessment Comments,Assessment Comments,Assessment Comments,1/25/2014,,string,TA,,Assessment,assessmentcomments,,,Assessment_assessmentcomments,"Retail, Industrial, Multi-Family (MF), Manufactured Housing, Office",,,,,
Assessment,Assessor Website,Assessor Website,A direct link to the Tax Authority website,1/27/2022,1.26.1,string,hyperlink,,Assessment,assessorwebsite,,,Assessment_assessorwebsite,"Retail, Industrial, Multi-Family (MF), Manufactured Housing, Office",,,,,
Assessment,Historical Assessed Value 1,Historical Assessed Value 1,Historical Assessed Value 1,1/27/2022,1.26.1,float,"$#,###",Calculate via Button,Assessment,historicalassessedvalue1,,,Assessment_historicalassessedvalue1,"Retail, Industrial, Multi-Family (MF), Manufactured Housing, Office",,,,,
Assessment,Historical Assessed Value 2,Historical Assessed Value 2,Historical Assessed Value 2,1/27/2022,1.26.1,float,"$#,###",Calculate via Button,Assessment,historicalassessedvalue2,,,Assessment_historicalassessedvalue2,"Retail, Industrial, Multi-Family (MF), Manufactured Housing, Office",,,,,
Assessment,Historical Assessed Value 3,Historical Assessed Value 3,Historical Assessed Value 3,1/27/2022,1.26.1,float,"$#,###",Calculate via Button,Assessment,historicalassessedvalue3,,,Assessment_historicalassessedvalue3,"Retail, Industrial, Multi-Family (MF), Manufactured Housing, Office",,,,,
Assessment,Historical Assessed Value 4,Historical Assessed Value 4,Historical Assessed Value 4,1/27/2022,1.26.1,float,"$#,###",Calculate via Button,Assessment,historicalassessedvalue4,,,Assessment_historicalassessedvalue4,"Retail, Industrial, Multi-Family (MF), Manufactured Housing, Office",,,,,
Assessment,Historical Improv Value 1,Historical Improv Value 1,Historical Improv Value 1,1/27/2022,1.26.1,float,"$#,###",,Assessment,historicalimprovvalue1,,,Assessment_historicalimprovvalue1,"Retail, Industrial, Multi-Family (MF), Manufactured Housing, Office",,,,,
Assessment,Historical Improv Value 2,Historical Improv Value 2,Historical Improv Value 2,1/27/2022,1.26.1,float,"$#,###",,Assessment,historicalimprovvalue2,,,Assessment_historicalimprovvalue2,"Retail, Industrial, Multi-Family (MF), Manufactured Housing, Office",,,,,
Assessment,Historical Improv Value 3,Historical Improv Value 3,Historical Improv Value 3,1/27/2022,1.26.1,float,"$#,###",,Assessment,historicalimprovvalue3,,,Assessment_historicalimprovvalue3,"Retail, Industrial, Multi-Family (MF), Manufactured Housing, Office",,,,,
Assessment,Historical Improv Value 4,Historical Improv Value 4,Historical Improv Value 4,1/27/2022,1.26.1,float,"$#,###",,Assessment,historicalimprovvalue4,,,Assessment_historicalimprovvalue4,"Retail, Industrial, Multi-Family (MF), Manufactured Housing, Office",,,,,
Assessment,Historical Land Value 1,Historical Land Value 1,Historical Land Value 1,1/27/2022,1.26.1,float,"$#,###",,Assessment,historicallandvalue1,,,Assessment_historicallandvalue1,"Retail, Industrial, Multi-Family (MF), Manufactured Housing, Office",,,,,
Assessment,Historical Land Value 2,Historical Land Value 2,Historical Land Value 2,1/27/2022,1.26.1,float,"$#,###",,Assessment,historicallandvalue2,,,Assessment_historicallandvalue2,"Retail, Industrial, Multi-Family (MF), Manufactured Housing, Office",,,,,
Assessment,Historical Land Value 3,Historical Land Value 3,Historical Land Value 3,1/27/2022,1.26.1,float,"$#,###",,Assessment,historicallandvalue3,,,Assessment_historicallandvalue3,"Retail, Industrial, Multi-Family (MF), Manufactured Housing, Office",,,,,
Assessment,Historical Land Value 4,Historical Land Value 4,Historical Land Value 4,1/27/2022,1.26.1,float,"$#,###",,Assessment,historicallandvalue4,,,Assessment_historicallandvalue4,"Retail, Industrial, Multi-Family (MF), Manufactured Housing, Office",,,,,
Assessment,Historical Taxes 1,Historical Taxes 1,Historical Taxes 1,1/27/2022,1.26.1,float,"$#,###.##",,Assessment,historicaltaxes1,,,Assessment_historicaltaxes1,"Retail, Industrial, Multi-Family (MF), Manufactured Housing, Office",,,,,
Assessment,Historical Taxes 2,Historical Taxes 2,Historical Taxes 2,1/27/2022,1.26.1,float,"$#,###.##",,Assessment,historicaltaxes2,,,Assessment_historicaltaxes2,"Retail, Industrial, Multi-Family (MF), Manufactured Housing, Office",,,,,
Assessment,Historical Taxes 3,Historical Taxes 3,Historical Taxes 3,1/27/2022,1.26.1,float,"$#,###.##",,Assessment,historicaltaxes3,,,Assessment_historicaltaxes3,"Retail, Industrial, Multi-Family (MF), Manufactured Housing, Office",,,,,
Assessment,Historical Taxes 4,Historical Taxes 4,Historical Taxes 4,1/27/2022,1.26.1,float,"$#,###.##",,Assessment,historicaltaxes4,,,Assessment_historicaltaxes4,"Retail, Industrial, Multi-Family (MF), Manufactured Housing, Office",,,,,
Assessment,Historical Year 1,Historical Year 1,Historical Year 1,1/27/2022,1.26.1,string,Text,,Assessment,historicalyear1,,,Assessment_historicalyear1,"Retail, Industrial, Multi-Family (MF), Manufactured Housing, Office",,,,,
Assessment,Historical Year 2,Historical Year 2,Historical Year 2,1/27/2022,1.26.1,string,Text,,Assessment,historicalyear2,,,Assessment_historicalyear2,"Retail, Industrial, Multi-Family (MF), Manufactured Housing, Office",,,,,
Assessment,Historical Year 3,Historical Year 3,Historical Year 3,1/27/2022,1.26.1,string,Text,,Assessment,historicalyear3,,,Assessment_historicalyear3,"Retail, Industrial, Multi-Family (MF), Manufactured Housing, Office",,,,,
Assessment,Historical Year 4,Historical Year 4,Historical Year 4,1/27/2022,1.26.1,string,Text,,Assessment,historicalyear4,,,Assessment_historicalyear4,"Retail, Industrial, Multi-Family (MF), Manufactured Housing, Office",,,,,
Cost,Land Costs,Land Costs,Land Cost,1/25/2014,,float,"$#,##0",,,,,,_,"Retail, Industrial, Multi-Family (MF), Manufactured Housing, Office",,,,,
Cost,Land Costs Per SF,Land Costs Per SF,Land Cost Per SF,1/25/2014,,float,"$#,###.##",Auto-Calculated,,,,,_,"Retail, Industrial, Multi-Family (MF), Manufactured Housing, Office",,,,,
Cost,Land Cost Per Unit,Land Cost Per Unit,Land Cost Per Unit,1/25/2014,,float,"$#,##0",Auto-Calculated,,,,,_,"Retail, Industrial, Multi-Family (MF), Manufactured Housing, Office",,,,,
Cost,Site Improvements,Site Improvement Costs,Site Improvement Costs,1/25/2014,,float,"$#,##0",,,,,,_,"Retail, Industrial, Multi-Family (MF), Manufactured Housing, Office",,,,,
Cost,Site Improv Costs Per SF,Site Improv Costs Per SF,Site Improvement Cost Per SF,1/25/2014,,float,"$#,###.##",Auto-Calculated,,,,,_,"Retail, Industrial, Multi-Family (MF), Manufactured Housing, Office",,,,,
Cost,Site Improv Costs Per Unit,Site Improv Costs Per Unit,Site Improvement Cost Per Unit,1/25/2014,,float,"$#,##0",Auto-Calculated,,,,,_,"Retail, Industrial, Multi-Family (MF), Manufactured Housing, Office",,,,,
Cost,Off Site Improvements,Off Site Improv Costs,Off Site Improvements Costs,1/25/2014,,float,"$#,##0",,,,,,_,"Retail, Industrial, Multi-Family (MF), Manufactured Housing, Office",,,,,
Cost,Off Site Improv Costs Per SF,Off Site Improv Costs Per SF,Off Site Improvements Cost Per SF,1/25/2014,,float,"$#,###.##",Auto-Calculated,,,,,_,"Retail, Industrial, Multi-Family (MF), Manufactured Housing, Office",,,,,
Cost,Off Site Improv Costs Per Unit,Off Site Improv Costs Per Unit,Off Site Improvement Cost Per Unit,1/25/2014,,float,"$#,##0",Auto-Calculated,,,,,_,"Retail, Industrial, Multi-Family (MF), Manufactured Housing, Office",,,,,
Cost,Building Improvements,Building Improvs,Building Improvements,1/25/2014,,float,,,,,,,_,"Retail, Industrial, Multi-Family (MF), Manufactured Housing, Office",,,,,
Cost,Building Improvs Per SF,Building Improvs Per SF,Building Improvements Per SF,1/25/2014,,float,"$#,###.##",Auto-Calculated,,,,,_,"Retail, Industrial, Multi-Family (MF), Manufactured Housing, Office",,,,,
Cost,Building Improvs Per Unit,Building Improvs Per Unit,Total Rental Income,1/25/2014,,float,"$#,###.##",Auto-Calculated,,,,,_,"Retail, Industrial, Multi-Family (MF), Manufactured Housing, Office",,,,,
Cost,FF&E Costs,FFE Costs,FF&E Cost,1/25/2014,,float,"$#,###.##",,,,,,_,"Retail, Industrial, Multi-Family (MF), Manufactured Housing, Office",,,,,
Cost,FFE Costs Per SF,FFE Costs Per SF,FF&E Cost Per SF,1/25/2014,,float,"$#,###.##",Auto-Calculated,,,,,_,"Retail, Industrial, Multi-Family (MF), Manufactured Housing, Office",,,,,
Cost,FFE Costs Per Unit,FFE Costs Per Unit,FF&E Cost Per Unit,1/25/2014,,float,"$#,###.##",Auto-Calculated,,,,,_,"Retail, Industrial, Multi-Family (MF), Manufactured Housing, Office",,,,,
Cost,Soft Costs,Soft Costs,Soft Costs,1/25/2014,,float,"$#,##0",,,,,,_,"Retail, Industrial, Multi-Family (MF), Manufactured Housing, Office",,,,,
Cost,Soft Costs Per SF,Soft Costs Per SF,Soft Costs Per SF,1/25/2014,,float,"$#,###.##",Auto-Calculated,,,,,_,"Retail, Industrial, Multi-Family (MF), Manufactured Housing, Office",,,,,
Cost,Soft Costs Per Unit,Soft Costs Per Unit,Soft Costs Per Unit,1/25/2014,,float,"$#,##0",Auto-Calculated,,,,,_,"Retail, Industrial, Multi-Family (MF), Manufactured Housing, Office",,,,,
Cost,Other Costs,Other Costs,Other Development Costs,1/25/2014,,float,"$#,##0",,,,,,_,"Retail, Industrial, Multi-Family (MF), Manufactured Housing, Office",,,,,
Cost,Other Costs Per SF,Other Costs Per SF,Other Costs Per SF,1/25/2014,,float,"$#,###.##",Auto-Calculated,,,,,_,"Retail, Industrial, Multi-Family (MF), Manufactured Housing, Office",,,,,
Cost,Other Costs Per Unit,Other Costs Per Unit,Other Costs Per Unit,1/25/2014,,float,"$#,##0",Auto-Calculated,,,,,_,"Retail, Industrial, Multi-Family (MF), Manufactured Housing, Office",,,,,
Cost,Contingency,Contingency Costs,Contingency Costs,1/25/2014,,float,"$#,##0",,,,,,_,"Retail, Industrial, Multi-Family (MF), Manufactured Housing, Office",,,,,
Cost,Contingency Costs Per SF,Contingency Costs Per SF,Contingency Costs Per SF,1/25/2014,,float,"$#,##0",Auto-Calculated,,,,,_,"Retail, Industrial, Multi-Family (MF), Manufactured Housing, Office",,,,,
Cost,Contingency Costs Per Unit,Contingency Costs Per Unit,Contingency Costs Per Unit,1/25/2014,,float,"$#,##0",Auto-Calculated,,,,,_,"Retail, Industrial, Multi-Family (MF), Manufactured Housing, Office",,,,,
Cost,Unallocated Costs,Unallocated Costs,Unallocated Costs,1/25/2014,,float,"$#,##0",,,,,,_,"Retail, Industrial, Multi-Family (MF), Manufactured Housing, Office",,,,,
Cost,Unallocated Costs Per SF,Unallocated Costs Per SF,Unallocated Cost Per SF,1/25/2014,,float,"$#,##0",Auto-Calculated,,,,,_,"Retail, Industrial, Multi-Family (MF), Manufactured Housing, Office",,,,,
Cost,Unallocated Costs Per Unit,Unallocated Costs Per Unit,Unallocated Cost Per Unit,1/25/2014,,float,"$#,##0",Auto-Calculated,,,,,_,"Retail, Industrial, Multi-Family (MF), Manufactured Housing, Office",,,,,
Cost,Developer's Fee Profit,Developers Fee,Developer's Fee,1/25/2014,,float,"$#,##0",,,,,,_,"Retail, Industrial, Multi-Family (MF), Manufactured Housing, Office",,,,,
Cost,Developers Fee Per Unit,Developers Fee Per Unit,Developer's Fee Per Unit,1/25/2014,,float,"$#,##0",Auto-Calculated,,,,,_,"Retail, Industrial, Multi-Family (MF), Manufactured Housing, Office",,,,,
Cost,Total,Total Costs,Total Cost,1/25/2014,,float,"$#,##0",Auto-Calculated,,,,,_,"Retail, Industrial, Multi-Family (MF), Manufactured Housing, Office",,,,,
Cost,Total Costs Per SF,Total Costs Per SF,Total Cost Per SF,1/25/2014,,float,"$#,##0",Auto-Calculated,,,,,_,"Retail, Industrial, Multi-Family (MF), Manufactured Housing, Office",,,,,
Cost,Total Costs Per Unit,Total Costs Per Unit,Total CostsPer Unit,1/25/2014,,float,"$#,##0",Auto-Calculated,,,,,_,"Retail, Industrial, Multi-Family (MF), Manufactured Housing, Office",,,,,
Cost,Cost Source And Comments,Cost Source And Comments,Cost Source And Comments,1/25/2014,,string,TA,,,,,,_,"Retail, Industrial, Multi-Family (MF), Manufactured Housing, Office",,,,,
Cost,Developers Fee Per SF,Developers Fee Per SF,Developer's Fee Per SF,1/25/2014,,float,"$#,##0",Auto-Calculated,,,,,_,"Retail, Industrial, Multi-Family (MF), Manufactured Housing, Office",,,,,
Zoning,Zoning Authority,Zoning Authority,City Ordinance origination.,6/26/2020,1.20.0,text,,,Zoning,jurisdiction,,,Zoning_jurisdiction,"Retail, Industrial, Multi-Family (MF), Manufactured Housing, Office",,,,,
Zoning,Zoning District,Zoning District,District the code is from Example: Commercial.,6/26/2020,1.20.0,text,,,Zoning,district,,,Zoning_district,"Retail, Industrial, Multi-Family (MF), Manufactured Housing, Office",,,,,
Zoning,Zoning,Zoning,Zoning Designation,1/25/2014,,text,,,Zoning,zoningcode,,,Zoning_zoningcode,"Retail, Industrial, Multi-Family (MF), Manufactured Housing, Office",,,,,
Zoning,Zoning Type,Zoning Type,"Zoning Type (Commercial, Multifamily, Residential, Etc)",1/25/2014,,text,,,Zoning,type,,,Zoning_type,"Retail, Industrial, Multi-Family (MF), Manufactured Housing, Office",,,,,
Zoning,Zoning Summary,Zoning Summary,"EX: Medium-Density Residential, High-Density Industrial, etc..",6/26/2020,1.20.0,string,TA,,Zoning,summary,,,Zoning_summary,"Retail, Industrial, Multi-Family (MF), Manufactured Housing, Office",,,,,
Zoning,Zoned Density,Zoned Density,Density Allowed by Zoning,1/25/2014,,string,TA,,Zoning,zoneddensity,,,Zoning_zoneddensity,"Retail, Industrial, Multi-Family (MF), Manufactured Housing, Office",,,,,
Zoning,Permitted Use,Permitted Uses,A permitted use is a use that is allowed as long as the landowner meets all of the other requirements of the particular zoning category. Permitted uses allow for the use that is intended by the designation.,5/28/2021,1.23.2,varchar,,,Zoning,PermittedUses,,,Zoning_PermittedUses,"Retail, Industrial, Multi-Family (MF), Manufactured Housing, Office",,,,,
Zoning,Max Site Coverage,Max Site Coverage,Sometimes called Impervious Coverage.,6/26/2020,1.20.0,text,,,Zoning,maxsitecoverage,,,Zoning_maxsitecoverage,"Retail, Industrial, Multi-Family (MF), Manufactured Housing, Office",,,,,
Zoning,Minimum Lot Area,Minimum Lot Area,SF preferred.,6/26/2020,1.20.0,text,,,Zoning,minimumlotarea,,,Zoning_minimumlotarea,"Retail, Industrial, Multi-Family (MF), Manufactured Housing, Office",,,,,
Zoning,Front Set Back Distance,Front Set Back Distance,SF preferred.,6/26/2020,1.20.0,text,,,Zoning,setbackdistance,,,Zoning_setbackdistance,"Retail, Industrial, Multi-Family (MF), Manufactured Housing, Office",,,,,
Zoning,Side Yard Distance,Side Yard Distance,SF preferred.,6/26/2020,1.20.0,text,,,Zoning,sideyarddistance,,,Zoning_sideyarddistance,"Retail, Industrial, Multi-Family (MF), Manufactured Housing, Office",,,,,
Zoning,Back Yard Distance,Back Yard Distance,SF preferred.,6/26/2020,1.20.0,text,,,Zoning,rearyarddistance,,,Zoning_rearyarddistance,"Retail, Industrial, Multi-Family (MF), Manufactured Housing, Office",,,,,
Zoning,Maximum Building Height,Maximum Building Height,SF or stories preferred.,6/26/2020,1.20.0,string,TA,,Zoning,maxbuildheight,,,Zoning_maxbuildheight,"Retail, Industrial, Multi-Family (MF), Manufactured Housing, Office",,,,,
Zoning,Parking Requirements,Parking Requirements,Required Parking spaces etc..,6/26/2020,1.20.0,string,TA,,Zoning,parkingrequirement,,,Zoning_parkingrequirement,"Retail, Industrial, Multi-Family (MF), Manufactured Housing, Office",,,,,
Zoning,Ordinance Document,Ordinance Document,Link to the Ordinance Document,5/28/2021,1.23.2,string,TA,,Zoning,OrdinanceDocument,,,Zoning_OrdinanceDocument,"Retail, Industrial, Multi-Family (MF), Manufactured Housing, Office",,,,,
Zoning,Zoning Comments,Zoning Comments,Comments regarding Zoning for the Parcel.,6/26/2020,1.20.0,string,TA,,Zoning,comments,,,Zoning_comments,"Retail, Industrial, Multi-Family (MF), Manufactured Housing, Office",,,,,
Valuation,Report Date,Report Date,Date of the Appraisal Report,12/18/2020,1.22.0,datetime,mm/dd/yyyy,,,,,,_,"Retail, Industrial, Multi-Family (MF), Manufactured Housing, Office",,,,,
Valuation,Premise  ,Premise  ,An assumption regarding the most likely set of transactional circumstances that may be applicable to the subject valuation.,12/18/2020,1.22.0,,,,,,,,_,"Retail, Industrial, Multi-Family (MF), Manufactured Housing, Office",,,,,
Valuation,Valuation Perspective  ,Valuation Perspective  ,"Identifies a value opinion as being effective at a historic, current or future period.",12/18/2020,1.22.0,,,,,,,,_,"Retail, Industrial, Multi-Family (MF), Manufactured Housing, Office",,,,,
Valuation,Valuation Type  ,Valuation Type  ,"Valuation premise qualifier for valuation scenario - Ex: Market Value, Going Concern, etc.",12/18/2020,1.22.0,,,,,,,,_,"Retail, Industrial, Multi-Family (MF), Manufactured Housing, Office",,,,,
Valuation,Valuation Interest  ,Valuation Interest  ,"Interest appraised for valuation scenario: An enforceable, legal claim to title of or interest in property.",12/18/2020,1.22.0,,,,,,,,_,"Retail, Industrial, Multi-Family (MF), Manufactured Housing, Office",,,,,
Valuation,Effective Date of Value  ,Effective Date of Value  ,The date on which the appraisal or review opinion applies.,12/18/2020,1.22.0,,,,,,,,_,"Retail, Industrial, Multi-Family (MF), Manufactured Housing, Office",,,,,
Valuation,Improvements Value  ,Improvements Value  ,"Concluded contributory value of improvements - obtained from cost estimators, cost manuals, builders and contractors.",12/18/2020,1.22.0,,,,,,,,_,"Retail, Industrial, Multi-Family (MF), Manufactured Housing, Office",,,,,
Valuation,Primary Land Value  ,Primary Land Value  ,"Concluded contributory value of primary land only: the main building site for improved or vacant parcels, unless they are waterfront.",12/18/2020,1.22.0,,,,,,,,_,"Retail, Industrial, Multi-Family (MF), Manufactured Housing, Office",,,,,
Valuation,Permanent Equipment Real Property  ,Permanent Equipment Real Property  ,"Concluded contributory value of permant fixtures & equipment Ex: Elevators, Fixtures (Cranes, Girders)",12/18/2020,1.22.0,,,,,,,,_,"Retail, Industrial, Multi-Family (MF), Manufactured Housing, Office",,,,,
Valuation,Excess Land Value  ,Excess Land Value  ,Concluded contributory value of excess land: Land that is not needed to serve or support the existing improvement.,12/18/2020,1.22.0,,,,,,,,_,"Retail, Industrial, Multi-Family (MF), Manufactured Housing, Office",,,,,
Valuation,Total Value of Real Property  ,Total Value of Real Property  ,"Sum of contributory values to Real Property: land and any property attached directly to it, including any subset of land that has been improved through legal human actions.",12/18/2020,1.22.0,,,,,,,,_,"Retail, Industrial, Multi-Family (MF), Manufactured Housing, Office",,,,,
Valuation,Personaly Property FFandE  ,Personaly Property FFandE  ,"Concluded contributory value of personal property (FF&E) : movable furniture, fixtures, or other equipment that have no permanent connection to the structure of a building.",12/18/2020,1.22.0,,,,,,,,_,"Retail, Industrial, Multi-Family (MF), Manufactured Housing, Office",,,,,
Valuation,Business Enterprise  ,Business Enterprise  ,"Nonphysical assets, including but not limited to franchises, trademarks, patents, copyrights, goodwill, equities, securities, and contracts as distinguished from physical assets such as facilities and equipment.",12/18/2020,1.22.0,,,,,,,,_,"Retail, Industrial, Multi-Family (MF), Manufactured Housing, Office",,,,,
Valuation,Total NonReal Property  ,Total NonReal Property  ,Total value of non real property,12/18/2020,1.22.0,,,,,,,,_,"Retail, Industrial, Multi-Family (MF), Manufactured Housing, Office",,,,,
Valuation,Overall Value Per Index  ,Overall Value Per Index  ,Total Value of Real Property / Primary Improvement Size,12/18/2020,1.22.0,,,,,,,,_,"Retail, Industrial, Multi-Family (MF), Manufactured Housing, Office",,,,,
Valuation,Effective OAR  ,Effective OAR  ,Overall Rate (Capitalization Rate),12/18/2020,1.22.0,,,,,,,,_,"Retail, Industrial, Multi-Family (MF), Manufactured Housing, Office",,,,,
Valuation,Overall EGIM  ,Overall EGIM  ,Effective Gross Income Multiplier from Direct Capitalization Method,12/18/2020,1.22.0,,,,,,,,_,"Retail, Industrial, Multi-Family (MF), Manufactured Housing, Office",,,,,
Valuation,Income Approach Value  ,Income Approach Value  ,Valuation method that uses the income the property generates to estimate fair value. Calculated by dividing the net operating income by the capitalization rate.,12/18/2020,1.22.0,,,,,,,,_,"Retail, Industrial, Multi-Family (MF), Manufactured Housing, Office",,,,,
Valuation,Income Approach Value Per Index  ,Income Approach Value Per Index  ,Income Approach Value / Primary Improvement Size,12/18/2020,1.22.0,,,,,,,,_,"Retail, Industrial, Multi-Family (MF), Manufactured Housing, Office",,,,,
Valuation,Income Approach Effective OAR  ,Income Approach Effective OAR  ,Income Approach Overall Rate (Capitalization Rate),12/18/2020,1.22.0,,,,,,,,_,"Retail, Industrial, Multi-Family (MF), Manufactured Housing, Office",,,,,
Valuation,Direct Cap Method Applied Cap Rate  ,Direct Cap Method Applied Cap Rate  ,Direct Capitalization Method Cap Rate,12/18/2020,1.22.0,,,,,,,,_,"Retail, Industrial, Multi-Family (MF), Manufactured Housing, Office",,,,,
Valuation,Internal Rate of Return Discount Rate  ,Internal Rate of Return Discount Rate  ,The internal rate of return is a discount rate that makes the net present value (NPV) of all cash flows equal to zero in a discounted cash flow analysis.,12/18/2020,1.22.0,,,,,,,,_,"Retail, Industrial, Multi-Family (MF), Manufactured Housing, Office",,,,,
Valuation,Terminal Cap Rate   ,Terminal Cap Rate   ,"Also known as the exit rate, is the rate used to estimate the resale value of a property at the end of the holding period.",12/18/2020,1.22.0,,,,,,,,_,"Retail, Industrial, Multi-Family (MF), Manufactured Housing, Office",,,,,
Valuation,Data Period Type   ,Data Period Type   ,Income/Expense Financial Type,12/18/2020,1.22.0,,,,,,,,_,"Retail, Industrial, Multi-Family (MF), Manufactured Housing, Office",,,,,
Valuation,Period  ,Period  ,The Effective Date of the Pro Forma or the Period of Financials ex: 2019 or 2020 10 months Annualized,12/18/2020,1.22.0,,,,,,,,_,"Retail, Industrial, Multi-Family (MF), Manufactured Housing, Office",,,,,
Valuation,Potential Gross Income   ,Potential Gross Income   ,The total annual income a property would produce with 100% occupancy and no collection or vacancy losses.,12/18/2020,1.22.0,,,,,,,,_,"Retail, Industrial, Multi-Family (MF), Manufactured Housing, Office",,,,,
Valuation,Effective Gross Income  ,Effective Gross Income  ,Effective gross income (EGI) is the Potential Gross Rental Income plus other income minus vacancy and credit costs of a rental property.,12/18/2020,1.22.0,,,,,,,,_,"Retail, Industrial, Multi-Family (MF), Manufactured Housing, Office",,,,,
Valuation,Operating Expenses  ,Operating Expenses  ,Total Operating Expenses of an income producing property,12/18/2020,1.22.0,,,,,,,,_,"Retail, Industrial, Multi-Family (MF), Manufactured Housing, Office",,,,,
Valuation,Net Operating Income  ,Net Operating Income  ,"NOI equals all revenue from the property, minus all reasonably necessary operating expenses.",12/18/2020,1.22.0,,,,,,,,_,"Retail, Industrial, Multi-Family (MF), Manufactured Housing, Office",,,,,
Valuation,Occupancy Rate  ,Occupancy Rate  ,Percent of occupied rentable area or occupied units of a property,12/18/2020,1.22.0,,,,,,,,_,"Retail, Industrial, Multi-Family (MF), Manufactured Housing, Office",,,,,
Valuation,Cost Approach Value  ,Cost Approach Value  ,"The cost approach is a real estate valuation method that estimates the price a buyer should pay for a piece of property is equal the cost to build an equivalent building. In the cost approach, the property's value is equal to the cost of land, plus total costs of construction, less depreciation.",12/18/2020,1.22.0,,,,,,,,_,"Retail, Industrial, Multi-Family (MF), Manufactured Housing, Office",,,,,
Valuation,Cost Approach Value Per Index  ,Cost Approach Value Per Index  ,Cost Approach Value / Primary Improvement Size,12/18/2020,1.22.0,,,,,,,,_,"Retail, Industrial, Multi-Family (MF), Manufactured Housing, Office",,,,,
Valuation,Sales Approach Value   ,Sales Approach Value   ,The Sales Comparison Approach a property valuation method that uses the value of recently sold comparable properties to determine value.,12/18/2020,1.22.0,,,,,,,,_,"Retail, Industrial, Multi-Family (MF), Manufactured Housing, Office",,,,,
Valuation,Sales Approach Value per Index   ,Sales Approach Value per Index   ,Sales Approach Value / Primary Improvement Size,12/18/2020,1.22.0,,,,,,,,_,"Retail, Industrial, Multi-Family (MF), Manufactured Housing, Office",,,,,
Valuation,Bulk Discounted Value   ,Bulk Discounted Value   ,"The most probable price, in a competitive market, for the sale of all parcels within a tract or development project, to a single purchaser or to multiple buyers, discounted to present value.",12/18/2020,1.22.0,,,,,,,,_,"Retail, Industrial, Multi-Family (MF), Manufactured Housing, Office",,,,,
,,Taxing Authority Parcel *,The jurisdiction responsible for assessment of the property.,7/31/2020,1.20.1,text,,,Assessment_Subparcels OLD,taxingauthority,,Assessment_taxingauthority,Assessment_Subparcels OLD_taxingauthority,,,,,,
,,Tax ID Parcel *,Tax ID or Assessor's Parcel Number,1/25/2014,,text,General,,Assessment_Subparcels OLD,taxid,,Assessment_taxid,Assessment_Subparcels OLD_taxid,,,,,,
,,Assessment Year Parcel *,Assessment Year,1/25/2014,,text,,,Assessment_Subparcels OLD,assessmentyear,,Assessment_assessmentyear,Assessment_Subparcels OLD_assessmentyear,,,,,,
,,Land Assessment Parcel *,Land Assessment,1/25/2014,,float,"$#,##0",Calculate via Button,Assessment_Subparcels OLD,landassessment,,Assessment_landassessment,Assessment_Subparcels OLD_landassessment,,,,,,
,,Improvement Assessment Parcel *,Improvement Assessment,1/25/2014,,float,"$#,##0",Calculate via Button,Assessment_Subparcels OLD,improvementassessment,,Assessment_improvementassessment,Assessment_Subparcels OLD_improvementassessment,,,,,,
,,Other Assessment Parcel *,Other Assessment,1/25/2014,,float,"$#,##0",Calculate via Button,Assessment_Subparcels OLD,otherassessment,,Assessment_otherassessment,Assessment_Subparcels OLD_otherassessment,,,,,,
,,Total Assessment Parcel *,Total Assessment,1/25/2014,,float,"$#,##0",Calculate via Button,Assessment_Subparcels OLD,totalassessment,,Assessment_totalassessment,Assessment_Subparcels OLD_totalassessment,,,,,,
,,Tax Years Parcel *,The year or years Taxes were levied.,7/31/2020,1.20.1,text,,,Assessment_Subparcels OLD,taxyear,,Assessment_taxyear,Assessment_Subparcels OLD_taxyear,,,,,,
,,Tax Rate Code Parcel *,Tax Rate Code.,7/31/2020,1.20.1,text,,,Assessment_Subparcels OLD,taxratecode,,Assessment_taxratecode,Assessment_Subparcels OLD_taxratecode,,,,,,
,,Tax Rate Parcel *,Tax Rate,1/25/2014,,float,"#,##0.00000000",,Assessment_Subparcels OLD,taxrate,,Assessment_taxrate,Assessment_Subparcels OLD_taxrate,,,,,,
,,Tax Rate Per Parcel *,"Used in the calculation of Taxes. Can be $100, $1,000 or a %.",7/31/2020,1.20.1,float,##.##,,Assessment_Subparcels OLD,taxrateper,,Assessment_taxrateper,Assessment_Subparcels OLD_taxrateper,,,,,,
,,Base Taxes Parcel *,Taxes before additional items like Special Assessments,1/27/2022,1.26.1,float,"$#,###.##",,Assessment_Subparcels OLD,basetaxes,,Assessment_basetaxes,Assessment_Subparcels OLD_basetaxes,,,,,,
,,Special Assessments Parcel *,A special assessment tax is a local surtax in addition to regular property taxes that is levied on homeowners to pay for a specific project.,7/31/2020,1.20.1,float,"$#,###.##",,Assessment_Subparcels OLD,specialassessments,,Assessment_specialassessments,Assessment_Subparcels OLD_specialassessments,,,,,,
,,Taxes Parcel *,Taxes,1/25/2014,,float,"$#,##0.00",Calculate via Button,Assessment_Subparcels OLD,taxes,,Assessment_taxes,Assessment_Subparcels OLD_taxes,,,,,,
,,Market Value Parcel *,"Market value is the most probable price, as of a specified date, in cash, or in terms equivalent to cash, or in other precisely revealed terms, for which the specified property rights should sell after reasonable exposure in a competitive market under all conditions requisite to fair sale, with the buyer and seller each acting prudently, knowledgeably, and for self-interest, and assuming that neither is under undue duress.",7/31/2020,1.20.1,float,"$#,###.##",,Assessment_Subparcels OLD,marketvalue,,Assessment_marketvalue,Assessment_Subparcels OLD_marketvalue,,,,,,
,,Equalization Ratio Parcel *,Equalization Ratio,1/25/2014,,float,,,Assessment_Subparcels OLD,equalizationratio,,Assessment_equalizationratio,Assessment_Subparcels OLD_equalizationratio,,,,,,
,,Implied Value Parcel *,Assessment Implied Value,1/25/2014,,float,"$#,##0",Auto-Calculated,Assessment_Subparcels OLD,impliedvalue,,Assessment_impliedvalue,Assessment_Subparcels OLD_impliedvalue,"Retail, Industrial, Multi-Family (MF), Manufactured Housing, Office",,,,,
,,,,,,,,,Zoning_Subrecords,id,,,Zoning_Subrecords_id,"Retail, Industrial, Multi-Family (MF), Manufactured Housing, Office",,,,,
,,,,,,,,,Zoning_Subrecords,Zoningid,,,Zoning_Subrecords_Zoningid,"Retail, Industrial, Multi-Family (MF), Manufactured Housing, Office",,,,,
,,Authority Record *,,,,,,,Zoning_Subrecords,authority,,,Zoning_Subrecords_authority,"Retail, Industrial, Multi-Family (MF), Manufactured Housing, Office",,,,,
,,,City Ordinance origination.,6/26/2020,1.20.0,text,,,Zoning_Subrecords_NA,jurisdiction,,,Zoning_Subrecords_NA_jurisdiction,"Retail, Industrial, Multi-Family (MF), Manufactured Housing, Office",,,,,
,,District Record *,District the code is from Example: Commercial.,6/26/2020,1.20.0,text,,,Zoning_Subrecords,district,,,Zoning_Subrecords_district,"Retail, Industrial, Multi-Family (MF), Manufactured Housing, Office",,,,,
,,Zoning Record *,Zoning Designation,1/25/2014,,text,,,Zoning_Subrecords,zoning,,,Zoning_Subrecords_zoning,"Retail, Industrial, Multi-Family (MF), Manufactured Housing, Office",,,,,
,,Type Record *,"Zoning Type (Commercial, Multifamily, Residential, Etc)",1/25/2014,,text,,,Zoning_Subrecords,type,,,Zoning_Subrecords_type,Multi-Family (MF),,,,,
,,Summary Record *,"EX: Medium-Density Residential, High-Density Industrial, etc..",6/26/2020,1.20.0,string,TA,,Zoning_Subrecords,summary,,,Zoning_Subrecords_summary,Industrial,,,,,
,,Zoned Density Record *,Density Allowed by Zoning,1/25/2014,,string,TA,,Zoning_Subrecords,zoneddensity,,,Zoning_Subrecords_zoneddensity,"Retail, Industrial, Multi-Family (MF), Manufactured Housing, Office",,,,,
,,Permitted Uses Record *,A permitted use is a use that is allowed as long as the landowner meets all of the other requirements of the particular zoning category. Permitted uses allow for the use that is intended by the designation.,5/28/2021,1.23.2,varchar,,,Zoning_Subrecords,permitteduses,,,Zoning_Subrecords_permitteduses,"Retail, Industrial, Multi-Family (MF), Manufactured Housing, Office",,,,,
,,Max Site Coverage *,Sometimes called Impervious Coverage.,6/26/2020,1.20.0,text,,,Zoning_Subrecords,maxsitecoverage,,,Zoning_Subrecords_maxsitecoverage,"Retail, Industrial, Multi-Family (MF), Manufactured Housing, Office",,,,,
,,Min Lot Area *,SF preferred.,6/26/2020,1.20.0,text,,,Zoning_Subrecords,minlotarea,,,Zoning_Subrecords_minlotarea,"Retail, Industrial, Multi-Family (MF), Manufactured Housing, Office",,,,,
,,Frong Set Back Distance *,SF preferred.,6/26/2020,1.20.0,text,,,Zoning_Subrecords,frontsetbackdistance,,,Zoning_Subrecords_frontsetbackdistance,"Retail, Industrial, Multi-Family (MF), Manufactured Housing, Office",,,,,
,,Side Yard Distance Record *,SF preferred.,6/26/2020,1.20.0,text,,,Zoning_Subrecords,sideyarddistance,,,Zoning_Subrecords_sideyarddistance,"Retail, Industrial, Multi-Family (MF), Manufactured Housing, Office",,,,,
,,Back Yard Distance Record *,SF preferred.,6/26/2020,1.20.0,text,,,Zoning_Subrecords,backyarddistance,,,Zoning_Subrecords_backyarddistance,"Retail, Industrial, Multi-Family (MF), Manufactured Housing, Office",,,,,
,,Max Building Height Record *,SF or stories preferred.,6/26/2020,1.20.0,string,TA,,Zoning_Subrecords,maxbuildheight,,,Zoning_Subrecords_maxbuildheight,"Retail, Industrial, Multi-Family (MF), Manufactured Housing, Office",,,,,
,,Parking Requirement Record *,Required Parking spaces etc..,6/26/2020,1.20.0,string,TA,,Zoning_Subrecords,parkingrequirement,,,Zoning_Subrecords_parkingrequirement,Manufactured Housing,,,,,
,,Ordinance Document Record *,Link to the Ordinance Document,5/28/2021,1.23.2,string,TA,,Zoning_Subrecords,ordinancedocument,,,Zoning_Subrecords_ordinancedocument,"Retail, Industrial, Multi-Family (MF), Manufactured Housing, Office",,,,,
,,Comments Record *,Comments regarding Zoning for the Parcel.,6/26/2020,1.20.0,string,TA,,Zoning_Subrecords,comments,,,Zoning_Subrecords_comments,"Retail, Industrial, Multi-Family (MF), Manufactured Housing, Office",,,,,
,,,,,,int,,,Sites_Subparcels,parcelid,,,Sites_Subparcels_parcelid,"Retail, Industrial, Multi-Family (MF), Manufactured Housing, Office",,,,,
,,,,,,int,,,Sites_Subparcels,id,,,Sites_Subparcels_id,"Retail, Industrial, Multi-Family (MF), Manufactured Housing, Office",,,,,
,,Site Identification Parcel *,Subparcel Identification,,,string,,,Sites_Subparcels,identification,,,Sites_Subparcels_identification,"Retail, Industrial, Multi-Family (MF), Manufactured Housing, Office",,,,,
,Acres,Acres Parcel *,Total Land Area of the Site in Acres,,,double,,,Sites_Subparcels,acres,,,Sites_Subparcels_acres,"Retail, Industrial, Multi-Family (MF), Manufactured Housing, Office",,,,,
,Land SF,Land SF Parcel *,Total Land Area of the Site in Square Feet,,,double,,,Sites_Subparcels,landsf,,,Sites_Subparcels_landsf,"Retail, Industrial, Multi-Family (MF), Manufactured Housing, Office",,,,,
,Comments,Site comments Parcel *,,,,string,,,Sites_Subparcels,subparcelcomments,,,Sites_Subparcels_subparcelcomments,"Retail, Industrial, Multi-Family (MF), Manufactured Housing, Office",,,,,
Improvements,,,,,,,,,Improvement_Subrecords_NA,parcelId,,,Improvement_Subrecords_NA_parcelId,"Retail, Industrial, Multi-Family (MF), Manufactured Housing, Office",,,,,
Improvements,,,,,,,,,Improvement_Subrecords,id,,,Improvement_Subrecords_id,"Retail, Industrial, Multi-Family (MF), Manufactured Housing, Office",,,,,
Improvements,Building Description,Description Building *,A Description of the building or space type,7/9/2021,1.24.0,string,text,,Improvement_Subrecords,buildingdescription,,Improvement_BuildingDescription,Improvement_Subrecords_buildingdescription,"Manufactured Housing, Office",,,,,
,, Building *,,,,,,,,constructionclassid,,,_constructionclassid,"Retail, Industrial, Multi-Family (MF), Manufactured Housing, Office",,,,,
Improvements,Construction Class,Construction Class Building *,Marshall Valuation Services construction classes.,7/26/2019,,string,DDL,,Improvement_Subrecords,constructionclass,constructionclassid,Improvement_constructionclass,Improvement_Subrecords_constructionclass,"Retail, Industrial, Multi-Family (MF), Manufactured Housing, Office",,,,,
,, Building *,,,,,,,,buildingclassid,,,_buildingclassid,Office,,,,,
Improvements,Building Class,Building Class Building *,Building Class,1/25/2014,,varchar,DDL,,Improvement_Subrecords,buildingclass,buildingclassid,Improvement_buildingclass,Improvement_Subrecords_buildingclass,Office,,permiter in base improvements,,,
Improvements,Perimeter SF,Perimeter SF Building *,Square Feet of Perimeter,7/26/2019,,float,"#,##0.0",,Improvement_Subrecords,perimetersf,,Improvement_perimeter,Improvement_Subrecords_perimetersf,"Retail, Industrial, Multi-Family (MF), Manufactured Housing, Office",,,,,
,, Building *,,,,,,,,sourceforsfareaid,,,_sourceforsfareaid,"Retail, Industrial, Multi-Family (MF), Manufactured Housing, Office",,,,,
Improvements,Source For SF Area,Source For SF Area Building *,Source For Square Foot Area,1/25/2014,,varchar,DDL,,Improvement_Subrecords,sourceforsfarea,sourceforsfareaid,Improvement_sourceforsfarea,Improvement_Subrecords_sourceforsfarea,"Retail, Industrial, Multi-Family (MF), Manufactured Housing, Office",,gbamultifamily in base improvements,,,
Improvements,Multifamily GBA,Multifamily GBA Building *,Multifamily GBA,1/25/2014,,float,"#,##0",,Improvement_Subrecords,multifamilygba,,Improvement_gbamultifamily,Improvement_Subrecords_multifamilygba,Multi-Family (MF),,"Not in Postman query, Confirmed error in Postman, but mutilfamilyrameters exists?  Tried multifamilyra as well",,,
Improvements,Multifamily RA,Multifamily RA Building *,Multifamily RA,1/25/2014,,float,"#,##0",Auto-Calculated,Improvement_Subrecords_NA,ramultifamily,,Improvement_ramultifamily,Improvement_Subrecords_NA_ramultifamily,Multi-Family (MF),,,,,
Improvements,Multifamily Amenities,Amenities Building *,Multifamily Amenities,1/25/2014,,varchar,@,,Improvement_Subrecords,multifamilyamenities,,Improvement_multifamilyamenities,Improvement_Subrecords_multifamilyamenities,Multi-Family (MF),,,,,
Improvements,Office Units,No Of Office Units Building *,No. of Office Units,1/25/2014,,int,"#,###",,Improvement_Subrecords,noofofficeunits,,Improvement_noofofficeunits,Improvement_Subrecords_noofofficeunits,"Multi-Family (MF), Office",,gbaoffice in base improvements,,,
Improvements,Office GBA,Office GBA Building *,Office GBA,1/25/2014,,float,"#,##0",,Improvement_Subrecords,officegba,,Improvement_gbaoffice,Improvement_Subrecords_officegba,Office,,raoffice in base improvements,,,
Improvements,Office RA,Office RA Building *,Office RA,1/25/2014,,float,"#,##0",,Improvement_Subrecords,officera,,Improvement_raoffice,Improvement_Subrecords_officera,Office,,,,,
Improvements,Usable Area,Usable Area Building *,"The actual occupied area of a floor or an office space; computed by measuring from the finished surface of the office side of corridor and other permanent walls, to the center of partitions that separate the office from adjoining usable areas, and to the inside finished surface of the dominant portion of the permanent outer building walls.",6/20/2019,,float,"#,##0",,Improvement_Subrecords,usablearea,,Improvement_usablearea,Improvement_Subrecords_usablearea,"Retail, Manufactured Housing, Office",,,,,
Improvements,Load Factor,Load Factor Building *,"Compares the amount of space a tenant has to pay for in a commercial lease, versus the amount of space they can actually use.",6/20/2019,,float,0.##%,Calculate via Button,Improvement_Subrecords,loadfactor,,Improvement_loadfactor,Improvement_Subrecords_loadfactor,Manufactured Housing,,,,,
Improvements,Percent Office,Percent Office Building *,Percent Office,1/25/2014,,float,,Calculate via Button,Improvement_Subrecords,percentoffice,,Improvement_percentoffice,Improvement_Subrecords_percentoffice,Office,,,,,
Improvements,Percent Office RA,Percent Office RA Building *,Office Rentable Area/Total Rentable Area,8/28/2019,,float,#.##%,Calculate via Button,Improvement_Subrecords,percentofficera,,Improvement_percentofficera,Improvement_Subrecords_percentofficera,Office,,,,,
Improvements,Retail Units,No Of Retail Units Building *,No. of Retail Units,1/25/2014,,int,"#,###",,Improvement_Subrecords,noofretailunits,,Improvement_noofretailunits,Improvement_Subrecords_noofretailunits,"Retail, Multi-Family (MF)",,gbaRetail in base improvements,,,
Improvements,Retail GBA,Retail GBA Building *,Retail GBA,1/25/2014,,float,"#,##0",,Improvement_Subrecords,retailgba,,Improvement_gbaretail,Improvement_Subrecords_retailgba,Retail,,"Not in Postman query, Check this in Postman",,,
Improvements,Retail GLA,Retail GLA Building *,GLA,1/25/2014,,float,"#,##0",,Improvement_Subrecords,retailgla,,Improvement_raretailgla,Improvement_Subrecords_retailgla,Retail,,,,,
Improvements,Percent Retail,Percent Retail Building *,Percent Retail,1/25/2014,,float,,,Improvement_Subrecords,percentretail,,Improvement_percentretail,Improvement_Subrecords_percentretail,Retail,,,,,
Improvements,Industrial Units,No Of Industrial Units Building *,No. of Industrial Units,1/25/2014,,int,"#,###",,Improvement_Subrecords,noofindustrialunits,,Improvement_noofindustrialunits,Improvement_Subrecords_noofindustrialunits,"Industrial, Multi-Family (MF)",,gbaindustrial in base improvements,,,
Improvements,Industrial GBA,Industrial GBA Building *,Industrial GBA,1/25/2014,,float,"#,##0",,Improvement_Subrecords,industrialgba,,Improvement_gbaindustrial,Improvement_Subrecords_industrialgba,Industrial,,raindustrial in base improvements,,,
Improvements,Industrial RA,Industrial RA Building *,Industrial RA,1/25/2014,,float,"#,##0",,Improvement_Subrecords,industrialra,,Improvement_raindustrial,Improvement_Subrecords_industrialra,Industrial,,,,,
Improvements,Other Units,No Of Other Units Building *,No. of Other Units,1/25/2014,,int,"#,###",,Improvement_Subrecords,noofotherunits,,Improvement_noofotherunits,Improvement_Subrecords_noofotherunits,Multi-Family (MF),,gbaother in base improvements,,,
Improvements,Other GBA,Other GBA Building *,Other GBA,1/25/2014,,float,"#,##0",,Improvement_Subrecords,othergba,,Improvement_gbaother,Improvement_Subrecords_othergba,"Retail, Industrial, Multi-Family (MF), Manufactured Housing, Office",,raother in base improvements,,,
Improvements,Other RA,Other RA Building *,Other RA (Rentable Area),1/25/2014,,float,"#,##0",,Improvement_Subrecords,otherra,,Improvement_raother,Improvement_Subrecords_otherra,"Retail, Industrial, Multi-Family (MF), Manufactured Housing, Office",,,,,
Improvements,No. of Units,No of Units Building *,Total No. of Units of for Property (All Types),1/25/2014,,int,"#,###",Auto-Calculated,Improvement_Subrecords,noofunits,,Improvement_noofunits,Improvement_Subrecords_noofunits,Multi-Family (MF),,,,,
Improvements,GBA,GBA Building *,Gross Building Area,1/25/2014,,float,"#,##0",Auto-Calculated,Improvement_Subrecords,gba,,Improvement_gbatotal,Improvement_Subrecords_gba,Office,,,,,
Improvements,Rentable Area,Rentable Area Building *,Rentable Area,1/25/2014,,float,"#,##0",Auto-Calculated,Improvement_Subrecords,rentablearea,,Improvement_Subrecords_gba,Improvement_Subrecords_rentablearea,"Retail, Industrial, Multi-Family (MF), Manufactured Housing, Office",,,,,
Improvements,Land To Building Ratio,Land To Building Ratio Building *,Land To Building Ratio: Land SF/GBA,1/25/2014,,float,0.##,Auto-Calculated,Improvement_Subrecords,landtobuildingratio,,Improvement_landtobuildingratio,Improvement_Subrecords_landtobuildingratio,Office,,,,,
Improvements,Surface Parking Spaces,Surface Parking Spaces Building *,The number of parking spaces that are Surface Parking Spaces.,1/27/2022,1.26.1,int,"#,###",,Improvement_Subrecords,surfaceparkingspaces,,Improvement_surfaceparkingspaces,Improvement_Subrecords_surfaceparkingspaces,Manufactured Housing,,,,,
Improvements,Covered Parking Spaces,Covered Parking Spaces Building *,The number of parking spaces that are Covered Parking Spaces.,1/27/2022,1.26.1,int,"#,###",,Improvement_Subrecords,coveredparkingspaces,,Improvement_coveredparkingspaces,Improvement_Subrecords_coveredparkingspaces,Manufactured Housing,,,,,
Improvements,Garage Parking Spaces,Garage Parking Spaces Building *,The number of parking spaces that are Garage Parking Spaces.,1/27/2022,1.26.1,int,"#,###",,Improvement_Subrecords,garageparkingspaces,,Improvement_garageparkingspaces,Improvement_Subrecords_garageparkingspaces,Manufactured Housing,,,,,
Improvements,Parking Spaces,Parking Building *,Number of Parking Spaces,1/25/2014,,int,"#,###",Calculate via Button,Improvement_Subrecords,parking,,Improvement_parking,Improvement_Subrecords_parking,Manufactured Housing,,,,,
Improvements,No. of Stories,No of Stories Building *,No. of Stories,1/25/2014,,int,"#,###",,Improvement_Subrecords,noofstories,,Improvement_noofstories,Improvement_Subrecords_noofstories,"Retail, Industrial, Multi-Family (MF), Manufactured Housing, Office",,,,,
Improvements,No. of Rooms,No of Rooms Building *,Total No. of Rooms for Property,1/25/2014,,float,"#,###",,Improvement_Subrecords,noofrooms,,Improvement_noofrooms,Improvement_Subrecords_noofrooms,Multi-Family (MF),,,,,
Improvements,No. of Seats,No of Seats Building *,No. of Seats,1/25/2014,,int,"#,###",,Improvement_Subrecords,noofseats,,Improvement_noofseats,Improvement_Subrecords_noofseats,"Retail, Industrial, Multi-Family (MF), Manufactured Housing, Office",,,,,
Improvements,No. of Beds,No of Beds Building *,Total No. of Beds for Property,1/25/2014,,int,"#,###",,Improvement_Subrecords,noofbeds,,Improvement_noofbeds,Improvement_Subrecords_noofbeds,Multi-Family (MF),,,,,
Improvements,No. of Bedrooms,No of Bedrooms Building *,Total No. of Bedrooms for Property,1/25/2014,,float,"#,###.#",,Improvement_Subrecords,noofbedrooms,,Improvement_noofbedrooms,Improvement_Subrecords_noofbedrooms,Multi-Family (MF),,,,,
Improvements,No. of Bathrooms,No of Bathrooms Building *,Total No. of Bathrooms for Property,1/25/2014,,float,"#,###.#",,Improvement_Subrecords,noofbathrooms,,Improvement_noofbathrooms,Improvement_Subrecords_noofbathrooms,Multi-Family (MF),,,,,
Improvements,No. of Half Baths,No of Half Baths Building *,The number of Half baths.,3/26/2021,1.23.0,int,"#,###",,Improvement_Subrecords,noofhalfbaths,,Improvement_noofhalfbaths,Improvement_Subrecords_noofhalfbaths,"Retail, Industrial, Multi-Family (MF), Manufactured Housing, Office",,,,,
Improvements,No. of Spaces,No of Spaces Building *,No. of Spaces,8/28/2019,,int,"#,##0",,Improvement_Subrecords,noofspaces,,Improvement_noofspaces,Improvement_Subrecords_noofspaces,Manufactured Housing,,,,,
Improvements,No. of Bays,No of Bays Building *,"Any of various compartments or sections used for a special purpose (as in an airplane, spacecraft, or gas station)",3/26/2021,1.23.0,int,"#,###",,Improvement_Subrecords,noofbays,,Improvement_noofbays,Improvement_Subrecords_noofbays,"Industrial, Manufactured Housing",,,,,
Improvements,No. of Golf Holes,No of Golf Holes Building *,Number of holes on a golf course,3/26/2021,1.23.0,int,"#,###",,Improvement_Subrecords,noofgolfholes,,Improvement_noofgolfholes,Improvement_Subrecords_noofgolfholes,"Retail, Industrial, Multi-Family (MF), Manufactured Housing, Office",,,,,
Improvements,Design Appeal,Design Appeal Building *,Design Appeal,1/25/2014,,varchar,General,,Improvement_Subrecords,designappeal,,Improvement_designappeal,Improvement_Subrecords_designappeal,"Retail, Industrial, Multi-Family (MF), Manufactured Housing, Office",,,,,
,,,,,,,,,Improvement_Subrecords,conditionid,,,Improvement_Subrecords_conditionid,"Retail, Industrial, Multi-Family (MF), Manufactured Housing, Office",,,,,
Improvements,Condition,Condition Building *,Condition,1/25/2014,,varchar,DDL,,Improvement_Subrecords,condition,conditionid,Improvement_condition,Improvement_Subrecords_condition,"Retail, Industrial, Multi-Family (MF), Manufactured Housing, Office",,,,,
Improvements,Construction,Construction Building *,Construction,1/25/2014,,varchar,DDL,,Improvement_Subrecords,construction,,Improvement_construction,Improvement_Subrecords_construction,"Retail, Industrial, Multi-Family (MF), Manufactured Housing, Office",,,,,
,,,,,,,,,Improvement_Subrecords,qualityid,,,Improvement_Subrecords_qualityid,"Retail, Industrial, Multi-Family (MF), Manufactured Housing, Office",,,,,
Improvements,Quality,Quality Building *,Quality of Construction,1/25/2014,,varchar,DDL,,Improvement_Subrecords,quality,qualityid,Improvement_quality,Improvement_Subrecords_quality,"Retail, Industrial, Multi-Family (MF), Manufactured Housing, Office",,,,,
Improvements,Landscaping,Landscaping Building *,Landscaping Description,1/25/2014,,varchar,General,,Improvement_Subrecords,landscaping,,Improvement_landscaping,Improvement_Subrecords_landscaping,"Retail, Industrial, Multi-Family (MF), Manufactured Housing, Office",,,,,
,,,,,,,,,Improvement_Subrecords,parkingtypeid,,,Improvement_Subrecords_parkingtypeid,Manufactured Housing,,,,,
Improvements,Parking Type,Parking Type Building *,"The type of parking for a building: Garage, Surface, Car port, etc.",3/26/2021,1.23.0,string,DDL,,Improvement_Subrecords,parkingtype,parkingtypeid,Improvement_parkingtype,Improvement_Subrecords_parkingtype,"Manufactured Housing, Office",,,,,
,,,,,,,,,Improvement_Subrecords,parkingadequacyid,,,Improvement_Subrecords_parkingadequacyid,Manufactured Housing,,,,,
Improvements,Parking Adequacy,Parking Adequacy Building *,Parking Adequacy,1/25/2014,,varchar,DDL,,Improvement_Subrecords,parkingadequacy,parkingadequacyid,Improvement_parkingadequacy,Improvement_Subrecords_parkingadequacy,Manufactured Housing,,,,,
,,,,,,,,,Improvement_Subrecords,parkingconditionid,,,Improvement_Subrecords_parkingconditionid,Manufactured Housing,,,,,
Improvements,Parking Condition,Parking Condition Building *,The condition of the parking area.,1/27/2022,1.26.1,string,DDL,,Improvement_Subrecords,parkingcondition,parkingconditionid,Improvement_parkingcondition,Improvement_Subrecords_parkingcondition,Manufactured Housing,,,,,
Improvements,Parking Comments,Parking Comments Building *,Comments regarding Parking,1/27/2022,1.26.1,varchar,,,Improvement_Subrecords,parkingcomments,,Improvement_parkingcomments,Improvement_Subrecords_parkingcomments,Manufactured Housing,,,,,
Improvements,Deferred Maintenance,Deferred Maintenance Building *,Deferred Maintance,1/25/2014,,varchar,,,Improvement_Subrecords,deferredmaintance,,Improvement_deferredmaintance,Improvement_Subrecords_deferredmaintance,"Retail, Industrial, Multi-Family (MF), Manufactured Housing, Office",,,,,
Improvements,FF&E,FFandE Building *,Furniture Fixtures and Equipement,1/25/2014,,varchar,,,Improvement_Subrecords,ffande,,Improvement_ffande,Improvement_Subrecords_ffande,"Retail, Industrial, Multi-Family (MF), Manufactured Housing, Office",,,,,
Improvements,Year Built,Year Built Building *,Year Built,1/25/2014,,varchar,General,,Improvement_Subrecords,yearbuilt,,Improvement_yearbuilt,Improvement_Subrecords_yearbuilt,"Retail, Industrial, Multi-Family (MF), Manufactured Housing, Office",,,,,
Improvements,Renovations,Renovations Building *,Renovations,1/25/2014,,varchar,General,,Improvement_Subrecords,renovations,,Improvement_renovations,Improvement_Subrecords_renovations,"Retail, Industrial, Multi-Family (MF), Manufactured Housing, Office",,,,,
Improvements,Proportion Renovated,Proportion Renovated Building *,The percentage proportion of building that was renovated.,1/27/2022,1.26.1,float,#.##%,,Improvement_Subrecords,proportionrenovated,,Improvement_proportionrenovated,Improvement_Subrecords_proportionrenovated,Office,,,,,
Improvements,Total Economic Life,Total Economic Life Building *,Total Economic Life,1/25/2014,,int,###0,,Improvement_Subrecords,totaleconomiclife,,Improvement_totaleconomiclife,Improvement_Subrecords_totaleconomiclife,"Retail, Industrial, Multi-Family (MF), Manufactured Housing, Office",,,,,
Improvements,Effective Age,Effective Age Building *,Effective Age,1/25/2014,,int,"#,###",,Improvement_Subrecords,effectiveage,,Improvement_effectiveage,Improvement_Subrecords_effectiveage,"Retail, Industrial, Multi-Family (MF), Manufactured Housing, Office",,,,,
Improvements,Remaining Economic Life,Remaining Economic Life Building *,Remaining Economic Life,1/25/2014,,float,###0,Auto-Calculated,Improvement_Subrecords,remainingeconomiclife,,Improvement_remainingeconomiclife,Improvement_Subrecords_remainingeconomiclife,"Retail, Industrial, Multi-Family (MF), Manufactured Housing, Office",,,,,
,,,,,,,,,Improvement_Subrecords,foundationid,,,Improvement_Subrecords_foundationid,"Retail, Industrial, Multi-Family (MF), Manufactured Housing, Office",,,,,
Improvements,Foundation,Foundation Building *,Foundation,3/26/2021,1.23.0,text,DDL,,Improvement_Subrecords,foundation,foundationid,Improvement_foundation,Improvement_Subrecords_foundation,"Retail, Industrial, Multi-Family (MF), Manufactured Housing, Office",,,,,
,,,,,,,,,Improvement_Subrecords,exteriorwallid,,,Improvement_Subrecords_exteriorwallid,"Retail, Industrial, Multi-Family (MF), Manufactured Housing, Office",,,,,
Improvements,Exterior Walls,Exterior Wall Building *,Exterior Walls,3/26/2021,1.23.0,text,DDL,,Improvement_Subrecords,exteriorwall,exteriorwallid,Improvement_exteriorwall,Improvement_Subrecords_exteriorwall,"Retail, Industrial, Multi-Family (MF), Manufactured Housing, Office",,,,,
Improvements,Basement Use and Finish,Basement Use and Finish Building *,Basement Use and Finish,1/25/2014,,varchar,General,,Improvement_Subrecords,basementuseandfinish,,Improvement_basementuseandfinish,Improvement_Subrecords_basementuseandfinish,"Retail, Industrial, Multi-Family (MF), Manufactured Housing, Office",,,,,
Improvements,Basement Size,Basement Size Building *,Basement Size,1/25/2014,,int,"#,###",,Improvement_Subrecords,basementsize,,Improvement_basementsize,Improvement_Subrecords_basementsize,"Retail, Industrial, Multi-Family (MF), Manufactured Housing, Office",,,,,
Improvements,Column Spacing,Column Spacing Building *,Column Spacing,1/25/2014,,varchar,General,,Improvement_Subrecords,columnspacing,,Improvement_columnspacing,Improvement_Subrecords_columnspacing,"Retail, Industrial, Multi-Family (MF), Manufactured Housing, Office",,,,,
Improvements,Ceiling Height,Ceiling Height Building *,Ceiling Height,1/25/2014,,varchar,General,,Improvement_Subrecords,ceilingheight,,Improvement_ceilingheight,Improvement_Subrecords_ceilingheight,"Retail, Industrial, Multi-Family (MF), Manufactured Housing, Office",,,,,
,,,,,,,,,Improvement_Subrecords,roofcoverid,,,Improvement_Subrecords_roofcoverid,"Retail, Industrial, Multi-Family (MF), Manufactured Housing, Office",,,,,
Improvements,Roof Cover,Roof Cover Building *,Roof Cover,1/25/2014,,varchar,DDL,,Improvement_Subrecords,roofcover,roofcoverid,Improvement_roofcover,Improvement_Subrecords_roofcover,"Retail, Industrial, Multi-Family (MF), Manufactured Housing, Office",,,,,
,,,,,,,,,Improvement_Subrecords,rooftypeid,,,Improvement_Subrecords_rooftypeid,"Retail, Industrial, Multi-Family (MF), Manufactured Housing, Office",,,,,
Improvements,Roof Type,Roof Type Building *,Roof Type,1/25/2014,,varchar,DDL,,Improvement_Subrecords,rooftype,rooftypeid,Improvement_rooftype,Improvement_Subrecords_rooftype,"Retail, Industrial, Multi-Family (MF), Manufactured Housing, Office",,,,,
Improvements,No. of Truck Doors,No of Truck Doors Building *,No. of Truck Doors,1/25/2014,,int,"#,###",,Improvement_Subrecords,nooftruckdoors,,Improvement_nooftruckdoors,Improvement_Subrecords_nooftruckdoors,"Retail, Industrial, Multi-Family (MF), Manufactured Housing, Office",,,,,
Improvements,No. Truck Doors With Levelers,No of Truck Doors With Levelers Building *,No. Truck Doors With Levelers,1/25/2014,,int,"#,###",,Improvement_Subrecords,nooftruckdoorswithlevelers,,Improvement_nooftruckdoorswithlevelers,Improvement_Subrecords_nooftruckdoorswithlevelers,"Retail, Industrial, Multi-Family (MF), Manufactured Housing, Office",,,,,
Improvements,Typical Bay Depth,Typical Bay Depth Building *,Typical Bay Depth,1/25/2014,,int,"#,###",,Improvement_Subrecords,typicalbaydepth,,Improvement_typicalbaydepth,Improvement_Subrecords_typicalbaydepth,Industrial,,,,,
Improvements,Clear Height,Clear Height Building *,Clear Height,10/24/2019,,float,"#,##0",,Improvement_Subrecords,clearheight,,Improvement_clearheight,Improvement_Subrecords_clearheight,"Retail, Industrial, Multi-Family (MF), Manufactured Housing, Office",,,,,
,,,,,,,,,Improvement_Subrecords,coolingid,,,Improvement_Subrecords_coolingid,"Retail, Industrial, Multi-Family (MF), Manufactured Housing, Office",,,,,
Improvements,Cooling,Cooling Building *,Cooling,1/25/2014,,varchar,DDL,,Improvement_Subrecords,cooling,coolingid,Improvement_cooling,Improvement_Subrecords_cooling,"Retail, Industrial, Multi-Family (MF), Manufactured Housing, Office",,,,,
,,,,,,,,,Improvement_Subrecords,heatingid,,,Improvement_Subrecords_heatingid,"Retail, Industrial, Multi-Family (MF), Manufactured Housing, Office",,,,,
Improvements,Heating,Heating Building *,Heating Expense,1/25/2014,,varchar,DDL,,Improvement_Subrecords,heating,heatingid,Improvement_heating,Improvement_Subrecords_heating,"Retail, Industrial, Multi-Family (MF), Manufactured Housing, Office",,,,,
Improvements,No. of Elevators,No of Elevators Building *,No. of Elevators,1/25/2014,,int,"#,###",,Improvement_Subrecords,noofelevators,,Improvement_noofelevators,Improvement_Subrecords_noofelevators,"Retail, Industrial, Multi-Family (MF), Manufactured Housing, Office",,,,,
Improvements,No. of Escalators,No of Escalators Building *,No. of Escalators,1/25/2014,,int,"#,###",,Improvement_Subrecords,noofescalators,,Improvement_noofescalators,Improvement_Subrecords_noofescalators,"Retail, Industrial, Multi-Family (MF), Manufactured Housing, Office",,,,,
,,,,,,,,,Improvement_Subrecords,sprinklersid,,,Improvement_Subrecords_sprinklersid,"Retail, Industrial, Multi-Family (MF), Manufactured Housing, Office",,,,,
Improvements,Fire Sprinkler Type,Sprinklers Building *,Fire Sprinkler Type,1/25/2014,,varchar,DDL,,Improvement_Subrecords,sprinklers,sprinklersid,Improvement_sprinklers,Improvement_Subrecords_sprinklers,"Retail, Industrial, Multi-Family (MF), Manufactured Housing, Office",,,,,
Improvements,Residential Design,Residential Design Building *,Residential Design,1/25/2014,,varchar,General,,Improvement_Subrecords,residentialdesign,,Improvement_residentialdesign,Improvement_Subrecords_residentialdesign,"Retail, Industrial, Multi-Family (MF), Manufactured Housing, Office",,,,,
Improvements,Residential Amenities,Residential Amenities Building *,Single Family Residential Amenities,1/25/2014,,varchar,General,,Improvement_Subrecords,residentialamenities,,Improvement_residentialamenities,Improvement_Subrecords_residentialamenities,"Retail, Industrial, Multi-Family (MF), Manufactured Housing, Office",,,,,
Improvements,Fireplace or WoodStove,Fireplace or WoodStove Building *,Fireplace or WoodStove,1/25/2014,,varchar,General,,Improvement_Subrecords,fireplaceorwoodstove,,Improvement_fireplaceorwoodstove,Improvement_Subrecords_fireplaceorwoodstove,"Retail, Industrial, Multi-Family (MF), Manufactured Housing, Office",,,,,
Improvements,Garage,Garage Building *,Garage,1/25/2014,,varchar,General,,Improvement_Subrecords,garage,,Improvement_garage,Improvement_Subrecords_garage,"Retail, Industrial, Multi-Family (MF), Manufactured Housing, Office",,,,,
Improvements,Docks,Docks Building *,Dock or Boathouse,1/25/2014,,varchar,General,,Improvement_Subrecords,docks,,Improvement_docks,Improvement_Subrecords_docks,"Retail, Industrial, Multi-Family (MF), Manufactured Housing, Office",,,,,
Improvements,Porch or Deck,Porch or Deck Building *,Porch or Deck,1/25/2014,,varchar,General,,Improvement_Subrecords,porchordeck,,Improvement_porchordeck,Improvement_Subrecords_porchordeck,"Retail, Industrial, Multi-Family (MF), Manufactured Housing, Office",,,,,
Improvements,Ancillary Buildings,Ancillary Buildings Building *,Ancillary Buildings,1/25/2014,,varchar,General,,Improvement_Subrecords,ancillarybuildings,,Improvement_ancillarybuildings,Improvement_Subrecords_ancillarybuildings,Office,,,,,
Improvements,Tenant Improvements,Tenant Improvements Building *,Tenant Improvements,1/25/2014,,varchar,General,,Improvement_Subrecords,tenantimprovements,,Improvement_tenantimprovements,Improvement_Subrecords_tenantimprovements,"Retail, Industrial, Multi-Family (MF), Manufactured Housing, Office",,,,,
Improvements,Multifamily GBA Meters,Multifamily GBA Meters Building *,Multifamily GBA (Meters),7/26/2019,,float,"#,##0",,Improvement_Subrecords,gbamultifamilymeters,,Improvement_gbamultifamilymeters,Improvement_Subrecords_gbamultifamilymeters,Multi-Family (MF),,,,,
Improvements,MultiFamily RA Meters,MultiFamily RA Meters Building *,MultiFamily RA (Meters),8/28/2019,,float,"#,##0",,Improvement_Subrecords,ramultifamilymeters,,Improvement_ramultifamilymeters,Improvement_Subrecords_ramultifamilymeters,Multi-Family (MF),,,,,
Improvements,Office GBA Meters,Office GBA Meters Building *,Office GBA (Meters),8/28/2019,,float,"#,##0",,Improvement_Subrecords,gbaofficemeters,,Improvement_gbaofficemeters,Improvement_Subrecords_gbaofficemeters,Office,,,,,
Improvements,Office RA Meters,Office RA Meters Building *,Office RA (Meters),8/28/2019,,float,"#,##0",,Improvement_Subrecords,raofficemeters,,Improvement_raofficemeters,Improvement_Subrecords_raofficemeters,Office,,,,,
Improvements,Retail GBA Meters,Retail GBA Meters Building *,Retail GBA (Meters),8/28/2019,,float,"#,##0",,Improvement_Subrecords,gbaretailmeters,,Improvement_gbaretailMeters,Improvement_Subrecords_gbaretailmeters,Retail,,,,,
Improvements,Industrial GBA Meters,Industrial GBA Meters Building *,Industrial GBA (Meters),7/26/2019,,float,"#,##0",,Improvement_Subrecords,gbaindustrialmeters,,Improvement_gbaindustrialmeters,Improvement_Subrecords_gbaindustrialmeters,Industrial,,,,,
Improvements,Industrial RA Meters,Industrial RA Meters Building *,Industrial RA (Meters),8/28/2019,,float,"#,##0",,Improvement_Subrecords,raindustrialmeters,,Improvement_raindustrialmeters,Improvement_Subrecords_raindustrialmeters,Industrial,,,,,
Improvements,Other GBA Meters,Other GBA Meters Building *,Other GBA (Meters),8/28/2019,,float,"#,##0",,Improvement_Subrecords,gbaothermeters,,Improvement_gbaothermeters,Improvement_Subrecords_gbaothermeters,"Retail, Industrial, Multi-Family (MF), Manufactured Housing, Office",,,,,
Improvements,Other RA Meters,Other RA Meters Building *,Other RA (Meters),8/28/2019,,float,"#,##0",,Improvement_Subrecords,raothermeters,,Improvement_raothermeters,Improvement_Subrecords_raothermeters,"Retail, Industrial, Multi-Family (MF), Manufactured Housing, Office",,,,,Other RA Meters Building * Building *
Improvements,Total GBA Meters,GBA Total Meters Building *,Total GBA (Meters),8/28/2019,,float,"#,##0",,Improvement_Subrecords,gbatotalmeters,,Improvement_gbatotalmeters,Improvement_Subrecords_gbatotalmeters,"Retail, Industrial, Multi-Family (MF), Manufactured Housing, Office",,,,,GBA Total Meters Building * Building *
Improvements,Total RA Meters,RA Total Meters Building *,Total RA Meters,8/28/2019,,float,"#,##0",,Improvement_Subrecords,ratotalmeters,,Improvement_ratotalmeters,Improvement_Subrecords_ratotalmeters,"Retail, Industrial, Multi-Family (MF), Manufactured Housing, Office",,,,,RA Total Meters Building * Building *
,,,,,,,,,Assessment_Subparcels,id,,,Assessment_Subparcels_id,"Retail, Industrial, Multi-Family (MF), Manufactured Housing, Office",,,,,
,,,,,,,,,Assessment_Subparcels,assessinfoid,,,Assessment_Subparcels_assessinfoid,"Retail, Industrial, Multi-Family (MF), Manufactured Housing, Office",,,,,
,SubparcelIndex,,,,,,,,Assessment_Subparcels,,,,Assessment_Subparcels_,"Retail, Industrial, Multi-Family (MF), Manufactured Housing, Office",,,,,
,,Tax ID Parcel *,Tax ID or Assessor's Parcel Number,1/25/2014,,text,General,,Assessment_Subparcels,taxid,,,Assessment_Subparcels_taxid,"Retail, Industrial, Multi-Family (MF), Manufactured Housing, Office",,,,,
,,Assessment Year Parcel *,Assessment Year,1/25/2014,,text,,,Assessment_Subparcels,assessmentyear,,,Assessment_Subparcels_assessmentyear,"Retail, Industrial, Multi-Family (MF), Manufactured Housing, Office",,,,,
,,Land Assessment Parcel *,Land Assessment,1/25/2014,,float,"$#,##0",Calculate via Button,Assessment_Subparcels,landassessment,,,Assessment_Subparcels_landassessment,"Retail, Industrial, Multi-Family (MF), Manufactured Housing, Office",,,,,
,,Improvement Assessment Parcel *,Improvement Assessment,1/25/2014,,float,"$#,##0",Calculate via Button,Assessment_Subparcels,improvementassessment,,,Assessment_Subparcels_improvementassessment,"Retail, Industrial, Multi-Family (MF), Manufactured Housing, Office",,,,,
,,Other Assessment Parcel *,Other Assessment,1/25/2014,,float,"$#,##0",Calculate via Button,Assessment_Subparcels,otherassessment,,,Assessment_Subparcels_otherassessment,"Retail, Industrial, Multi-Family (MF), Manufactured Housing, Office",,,,,
,,Total Assessment Parcel *,Total Assessment,1/25/2014,,float,"$#,##0",Calculate via Button,Assessment_Subparcels,totalassessment,,,Assessment_Subparcels_totalassessment,"Retail, Industrial, Multi-Family (MF), Manufactured Housing, Office",,,,,
,,Taxing Authority Parcel *,The jurisdiction responsible for assessment of the property.,7/31/2020,1.20.1,text,,,Assessment_Subparcels,taxingauthority,,,Assessment_Subparcels_taxingauthority,"Retail, Industrial, Multi-Family (MF), Manufactured Housing, Office",,,,,
,,Tax Years Parcel *,The year or years Taxes were levied.,7/31/2020,1.20.1,text,,,Assessment_Subparcels,taxyear,,,Assessment_Subparcels_taxyear,"Retail, Industrial, Multi-Family (MF), Manufactured Housing, Office",,,,,
,,Tax Rate Code Parcel *,Tax Rate Code.,7/31/2020,1.20.1,text,,,Assessment_Subparcels,taxratecode,,,Assessment_Subparcels_taxratecode,"Retail, Industrial, Multi-Family (MF), Manufactured Housing, Office",,,,,
,,Tax Rate Parcel *,Tax Rate,1/25/2014,,float,"#,##0.00000000",,Assessment_Subparcels,taxrate,,,Assessment_Subparcels_taxrate,"Retail, Industrial, Multi-Family (MF), Manufactured Housing, Office",,,,,
,,Tax Rate Per Parcel *,"Used in the calculation of Taxes. Can be $100, $1,000 or a %.",7/31/2020,1.20.1,float,##.##,,Assessment_Subparcels,taxrateper,,,Assessment_Subparcels_taxrateper,"Retail, Industrial, Multi-Family (MF), Manufactured Housing, Office",,,,,
,,Base Taxes Parcel *,Taxes before additional items like Special Assessments,1/27/2022,1.26.1,float,"$#,###.##",,Assessment_Subparcels,basetaxes,,,Assessment_Subparcels_basetaxes,"Retail, Industrial, Multi-Family (MF), Manufactured Housing, Office",,,,,
,,Special Assessments Parcel *,A special assessment tax is a local surtax in addition to regular property taxes that is levied on homeowners to pay for a specific project.,7/31/2020,1.20.1,float,"$#,###.##",,Assessment_Subparcels,specialassessments,,,Assessment_Subparcels_specialassessments,"Retail, Industrial, Multi-Family (MF), Manufactured Housing, Office",,,,,
,,Taxes Parcel *,Taxes,1/25/2014,,float,"$#,##0.00",Calculate via Button,Assessment_Subparcels,taxes,,,Assessment_Subparcels_taxes,"Retail, Industrial, Multi-Family (MF), Manufactured Housing, Office",,,,,
,,Market Value Parcel *,"Market value is the most probable price, as of a specified date, in cash, or in terms equivalent to cash, or in other precisely revealed terms, for which the specified property rights should sell after reasonable exposure in a competitive market under all conditions requisite to fair sale, with the buyer and seller each acting prudently, knowledgeably, and for self-interest, and assuming that neither is under undue duress.",7/31/2020,1.20.1,float,"$#,###.##",,Assessment_Subparcels,marketvalue,,,Assessment_Subparcels_marketvalue,"Retail, Industrial, Multi-Family (MF), Manufactured Housing, Office",,,,,
,,Equalization Ratio Parcel *,Equalization Ratio,1/25/2014,,float,,,Assessment_Subparcels,equalizationratio,,,Assessment_Subparcels_equalizationratio,"Retail, Industrial, Multi-Family (MF), Manufactured Housing, Office",,,,,
,,Implied Value Parcel *,Assessment Implied Value,1/25/2014,,float,"$#,##0",Auto-Calculated,Assessment_Subparcels,impliedvalue,,,Assessment_Subparcels_impliedvalue,"Retail, Industrial, Multi-Family (MF), Manufactured Housing, Office",,,,,
,,,,,,,,,Assessment_Subparcels,isdeleted,,,Assessment_Subparcels_isdeleted,"Retail, Industrial, Multi-Family (MF), Manufactured Housing, Office",,,,,