Source Tab,Source Field,Used By Tab,Used For
Change Log,Extracted from formula,File Info,Used in Template (T15)
Scope,Extracted from formula,"Dates, Premises",Used in Prior Services (I61)
Market Rent,Extracted from formula,"Contracts, History",Used in Unknown_Field_X107 (X107)
Market Rent,Extracted from formula,"Contracts, History",Used in Unknown_Field_AJ138 (AJ138)
Zoning,Extracted from formula,Site,Used in Zoning Change Likely? (EI358)
Cost,Extracted from formula,Improvements,Used in Number of Buildings (AB24)
Sales Approach,Extracted from formula,Improvements,Used in Building 1 (AB82)
MF Market Rent,Extracted from formula,Improvements,Used in Sum (AB92)
Site,Extracted from formula,Improvements,Used in Hide (AP234)
Site,Extracted from formula,Improvements,Used in Show (AQ234)
Site,Extracted from formula,Improvements,Used in Hide (AR234)
Site,Extracted from formula,Improvements,Used in Unknown_Field_AS234 (AS234)
Site,Extracted from formula,Improvements,Used in Hide (AT234)
Site,Extracted from formula,Improvements,Used in Hide (AU234)
Site,Extracted from formula,Improvements,Used in Hide (AV234)
Site,Extracted from formula,Improvements,Used in Hide (AW234)
Site,Extracted from formula,Improvements,Used in Hide (AY234)
Site,Extracted from formula,Improvements,Used in Hide (BA234)
Site,Extracted from formula,Improvements,Used in Hide (BA235)
DCF Proj1,Extracted from formula,Improvements,Used in Unknown_Field_EV765 (EV765)
DCF Proj1,Extracted from formula,Improvements,Used in Unknown_Field_EV766 (EV766)
"Dates, Premises",Extracted from formula,Improvements,Used in Auto (GL801)
"Dates, Premises",Extracted from formula,Improvements,Used in Auto (GM801)
"Dates, Premises",Extracted from formula,Improvements,Used in Auto (GN801)
"Dates, Premises",Extracted from formula,Improvements,Used in Deferred Maintenance (GL802)
"Dates, Premises",Extracted from formula,Improvements,Used in Deferred Maintenance (GM802)
"Dates, Premises",Extracted from formula,Improvements,Used in Deferred Maintenance (GN802)
NPV of AboveBelow Market Rent,Extracted from formula,Improvements,Used in NPV of Above/Below Market Rent (GI805)
NPV of AboveBelow Market Rent,Extracted from formula,Improvements,Used in NPV of Above/Below Market Rent (GJ805)
NPV of AboveBelow Market Rent,Extracted from formula,Improvements,Used in NPV of Above/Below Market Rent (GK805)
NPV of AboveBelow Market Rent,Extracted from formula,Improvements,Used in NPV of Above/Below Market Rent (GL805)
NPV of AboveBelow Market Rent,Extracted from formula,Improvements,Used in NPV of Above/Below Market Rent (GM805)
NPV of AboveBelow Market Rent,Extracted from formula,Improvements,Used in NPV of Above/Below Market Rent (GN805)
Site,Extracted from formula,Assessment,Used in Sum (T41)
Site,Extracted from formula,Assessment,Used in Sum (U41)
Site,Extracted from formula,Assessment,Used in Sum (V41)
Site,Extracted from formula,Assessment,Used in Sum (W41)
Site,Extracted from formula,Assessment,Used in Unknown_Field_X41 (X41)
Site,Extracted from formula,Assessment,Used in Unknown_Field_Y41 (Y41)
Site,Extracted from formula,Assessment,Used in Unknown_Field_Z41 (Z41)
Site,Extracted from formula,Assessment,Used in Unknown_Field_AA41 (AA41)
Site,Extracted from formula,Assessment,Used in Unknown_Field_AB41 (AB41)
Site,Extracted from formula,Assessment,Used in Unknown_Field_AC41 (AC41)
Site,Extracted from formula,Assessment,Used in Sum (T43)
Site,Extracted from formula,Assessment,Used in Sum (U43)
Site,Extracted from formula,Assessment,Used in Sum (V43)
Site,Extracted from formula,Assessment,Used in Sum (W43)
Site,Extracted from formula,Assessment,Used in Unknown_Field_X43 (X43)
Site,Extracted from formula,Assessment,Used in Unknown_Field_Y43 (Y43)
Site,Extracted from formula,Assessment,Used in Unknown_Field_Z43 (Z43)
Site,Extracted from formula,Assessment,Used in Unknown_Field_AA43 (AA43)
Site,Extracted from formula,Assessment,Used in Unknown_Field_AB43 (AB43)
Site,Extracted from formula,Assessment,Used in Unknown_Field_AC43 (AC43)
Market Rent,Extracted from formula,Assessment,Used in VeryHidden (BY111)
Market Rent,Extracted from formula,Assessment,Used in VeryHidden (BZ111)
Market Rent,Extracted from formula,Assessment,Used in VeryHidden (CA111)
Market Rent,Extracted from formula,Assessment,Used in VeryHidden (CB111)
Market Rent,Extracted from formula,Assessment,Used in VeryHidden (CC111)
Market Rent,Extracted from formula,Assessment,Used in VeryHidden (CD111)
Market Rent,Extracted from formula,Assessment,Used in VeryHidden (CE111)
Market Rent,Extracted from formula,Assessment,Used in Special Assessment (BV115)
Market Rent,Extracted from formula,Assessment,Used in Special Assessment (BW115)
Market Rent,Extracted from formula,Assessment,Used in Special Assessment (BX115)
Market Rent,Extracted from formula,Assessment,Used in Special Assessment (BY115)
Market Rent,Extracted from formula,Assessment,Used in Special Assessment (BZ115)
Market Rent,Extracted from formula,Assessment,Used in Special Assessment (CA115)
Market Rent,Extracted from formula,Assessment,Used in Special Assessment (CB115)
Market Rent,Extracted from formula,Assessment,Used in Special Assessment (CC115)
Market Rent,Extracted from formula,Assessment,Used in Special Assessment (CD115)
Market Rent,Extracted from formula,Assessment,Used in Special Assessment (CE115)
Market Rent,Extracted from formula,Assessment,Used in VeryHidden (DL172)
Market Rent,Extracted from formula,Assessment,Used in VeryHidden (DP172)
Market Rent,Extracted from formula,Assessment,Used in VeryHidden (DQ172)
ProForma,Extracted from formula,Assessment,Used in Auto (EE235)
ProForma,Extracted from formula,Assessment,Used in Unknown_Field_EA236 (EA236)
ProForma,Extracted from formula,Assessment,Used in Auto (EE236)
Value Allocation GC,Extracted from formula,Assessment,Used in Unknown_Field_FV279 (FV279)
"Dates, Premises",Extracted from formula,Assessment,Used in VeryHidden (FR289)
"Dates, Premises",Extracted from formula,Assessment,Used in Unknown_Field_FR300 (FR300)
"Dates, Premises",Extracted from formula,Assessment,Used in Unknown_Field_FR311 (FR311)
ProForma,Extracted from formula,Assessment,Used in Vacancy (GU318)
ProForma,Extracted from formula,Assessment,Used in Vacancy (GV318)
ProForma,Extracted from formula,Assessment,Used in Vacancy (GW318)
ProForma,Extracted from formula,Assessment,Used in Vacancy (GX318)
ProForma,Extracted from formula,Assessment,Used in Collection Loss (GU319)
ProForma,Extracted from formula,Assessment,Used in Collection Loss (GV319)
ProForma,Extracted from formula,Assessment,Used in Collection Loss (GW319)
ProForma,Extracted from formula,Assessment,Used in Collection Loss (GX319)
"Dates, Premises",Extracted from formula,Assessment,Used in VeryHidden (GV320)
"Dates, Premises",Extracted from formula,Assessment,Used in VeryHidden (GW320)
"Dates, Premises",Extracted from formula,Assessment,Used in VeryHidden (GX320)
PartnerLists,Extracted from formula,Land Valuation,Used in Round to Nearest (CD221)
DirectCapConclusion,Extracted from formula,Land Valuation,Used in Auto (FK293)
DirectCapConclusion,Extracted from formula,Land Valuation,Used in Land Value as % of As Is Value (FU310)
SaleCompProfileSetup,Extracted from formula,Land Comp Profiles,Used in VeryHidden (L1)
Improvements,Extracted from formula,Sales Grid,Used in WDIU (FD569)
Improvements,Extracted from formula,Sales Grid,Used in WDIU (FE569)
Improvements,Extracted from formula,Sales Grid,Used in WDH (FD570)
Improvements,Extracted from formula,Sales Grid,Used in WDH (FE570)
Improvements,Extracted from formula,Sales Grid,Used in DW (FD571)
Improvements,Extracted from formula,Sales Grid,Used in DW (FE571)
Improvements,Extracted from formula,Sales Grid,Used in DSP (FD572)
Improvements,Extracted from formula,Sales Grid,Used in DSP (FE572)
Improvements,Extracted from formula,Sales Grid,Used in TC (FD573)
Improvements,Extracted from formula,Sales Grid,Used in TC (FE573)
Improvements,Extracted from formula,Sales Grid,Used in SSA (FD574)
Improvements,Extracted from formula,Sales Grid,Used in SSA (FE574)
Improvements,Extracted from formula,Sales Grid,Used in RF (FD575)
Improvements,Extracted from formula,Sales Grid,Used in RF (FE575)
Improvements,Extracted from formula,Sales Grid,Used in SO (FD576)
Improvements,Extracted from formula,Sales Grid,Used in SO (FE576)
Improvements,Extracted from formula,Sales Grid,Used in MW (FD577)
Improvements,Extracted from formula,Sales Grid,Used in MW (FE577)
Improvements,Extracted from formula,Sales Grid,Used in CDB (FD578)
Improvements,Extracted from formula,Sales Grid,Used in CDB (FE578)
Improvements,Extracted from formula,Sales Grid,Used in FCC (FD579)
Improvements,Extracted from formula,Sales Grid,Used in FCC (FE579)
Improvements,Extracted from formula,Sales Grid,Used in FCO (FD580)
Improvements,Extracted from formula,Sales Grid,Used in FCO (FE580)
Improvements,Extracted from formula,Sales Grid,Used in FCW (FD581)
Improvements,Extracted from formula,Sales Grid,Used in FCW (FE581)
Improvements,Extracted from formula,Sales Grid,Used in FWC (FD582)
Improvements,Extracted from formula,Sales Grid,Used in FWC (FE582)
Improvements,Extracted from formula,Sales Grid,Used in FCV (FD583)
Improvements,Extracted from formula,Sales Grid,Used in FCV (FE583)
Improvements,Extracted from formula,Sales Grid,Used in FCT (FD584)
Improvements,Extracted from formula,Sales Grid,Used in FCT (FE584)
Improvements,Extracted from formula,Sales Grid,Used in WCB (FD585)
Improvements,Extracted from formula,Sales Grid,Used in WCB (FE585)
Improvements,Extracted from formula,Sales Grid,Used in WCS (FD586)
Improvements,Extracted from formula,Sales Grid,Used in WCS (FE586)
Improvements,Extracted from formula,Sales Grid,Used in WCD (FD587)
Improvements,Extracted from formula,Sales Grid,Used in WCD (FE587)
Improvements,Extracted from formula,Sales Grid,Used in AC (FD588)
Improvements,Extracted from formula,Sales Grid,Used in AC (FE588)
Improvements,Extracted from formula,Sales Grid,Used in CEN (FD589)
Improvements,Extracted from formula,Sales Grid,Used in CEN (FE589)
Improvements,Extracted from formula,Sales Grid,Used in WIWU (FD590)
Improvements,Extracted from formula,Sales Grid,Used in WIWU (FE590)
Improvements,Extracted from formula,Sales Grid,Used in WIC (FD591)
Improvements,Extracted from formula,Sales Grid,Used in WIC (FE591)
Improvements,Extracted from formula,Sales Grid,Used in SIU (FD592)
Improvements,Extracted from formula,Sales Grid,Used in SIU (FE592)
Improvements,Extracted from formula,Sales Grid,Used in PB (FD593)
Improvements,Extracted from formula,Sales Grid,Used in PB (FE593)
Improvements,Extracted from formula,Sales Grid,Used in FP (FD594)
Improvements,Extracted from formula,Sales Grid,Used in FP (FE594)
Improvements,Extracted from formula,Sales Grid,Used in VC (FD595)
Improvements,Extracted from formula,Sales Grid,Used in VC (FE595)
Improvements,Extracted from formula,Sales Grid,Used in GC (FD596)
Improvements,Extracted from formula,Sales Grid,Used in GC (FE596)
Improvements,Extracted from formula,Sales Grid,Used in CF (FD597)
Improvements,Extracted from formula,Sales Grid,Used in CF (FE597)
Improvements,Extracted from formula,Sales Grid,Used in AF (FD598)
Improvements,Extracted from formula,Sales Grid,Used in AF (FE598)
Improvements,Extracted from formula,Sales Grid,Used in EPC (FD599)
Improvements,Extracted from formula,Sales Grid,Used in EPC (FE599)
Improvements,Extracted from formula,Sales Grid,Used in SEC (FD600)
Improvements,Extracted from formula,Sales Grid,Used in SEC (FE600)
Improvements,Extracted from formula,Sales Grid,Used in Hide (FD601)
Improvements,Extracted from formula,Sales Grid,Used in Hide (FE601)
Improvements,Extracted from formula,Sales Grid,Used in Hide (FD602)
Improvements,Extracted from formula,Sales Grid,Used in Hide (FE602)
Improvements,Extracted from formula,Sales Grid,Used in Hide (FD603)
Improvements,Extracted from formula,Sales Grid,Used in Hide (FE603)
Improvements,Extracted from formula,Sales Grid,Used in Hide (FD604)
Improvements,Extracted from formula,Sales Grid,Used in Hide (FE604)
Improvements,Extracted from formula,Sales Grid,Used in GUB (FD608)
Improvements,Extracted from formula,Sales Grid,Used in GUB (FE608)
Improvements,Extracted from formula,Sales Grid,Used in CP (FD609)
Improvements,Extracted from formula,Sales Grid,Used in CP (FE609)
Improvements,Extracted from formula,Sales Grid,Used in CSS (FD610)
Improvements,Extracted from formula,Sales Grid,Used in CSS (FE610)
Improvements,Extracted from formula,Sales Grid,Used in PL (FD611)
Improvements,Extracted from formula,Sales Grid,Used in PL (FE611)
Improvements,Extracted from formula,Sales Grid,Used in BC (FD612)
Improvements,Extracted from formula,Sales Grid,Used in BC (FE612)
Improvements,Extracted from formula,Sales Grid,Used in MR (FD613)
Improvements,Extracted from formula,Sales Grid,Used in MR (FE613)
Improvements,Extracted from formula,Sales Grid,Used in FR (FD614)
Improvements,Extracted from formula,Sales Grid,Used in FR (FE614)
Improvements,Extracted from formula,Sales Grid,Used in TC (FD615)
Improvements,Extracted from formula,Sales Grid,Used in TC (FE615)
Improvements,Extracted from formula,Sales Grid,Used in VB (FD616)
Improvements,Extracted from formula,Sales Grid,Used in VB (FE616)
Improvements,Extracted from formula,Sales Grid,Used in BB (FD617)
Improvements,Extracted from formula,Sales Grid,Used in BB (FE617)
Improvements,Extracted from formula,Sales Grid,Used in RQB (FD618)
Improvements,Extracted from formula,Sales Grid,Used in RQB (FE618)
Improvements,Extracted from formula,Sales Grid,Used in BR (FD619)
Improvements,Extracted from formula,Sales Grid,Used in BR (FE619)
Improvements,Extracted from formula,Sales Grid,Used in DR (FD620)
Improvements,Extracted from formula,Sales Grid,Used in DR (FE620)
Improvements,Extracted from formula,Sales Grid,Used in CRB (FD621)
Improvements,Extracted from formula,Sales Grid,Used in CRB (FE621)
Improvements,Extracted from formula,Sales Grid,Used in PG (FD622)
Improvements,Extracted from formula,Sales Grid,Used in PG (FE622)
Improvements,Extracted from formula,Sales Grid,Used in MTR (FD623)
Improvements,Extracted from formula,Sales Grid,Used in MTR (FE623)
Improvements,Extracted from formula,Sales Grid,Used in SP (FD624)
Improvements,Extracted from formula,Sales Grid,Used in SP (FE624)
Improvements,Extracted from formula,Sales Grid,Used in SHT (FD625)
Improvements,Extracted from formula,Sales Grid,Used in SHT (FE625)
Improvements,Extracted from formula,Sales Grid,Used in SNA (FD626)
Improvements,Extracted from formula,Sales Grid,Used in SNA (FE626)
Improvements,Extracted from formula,Sales Grid,Used in SEC (FD627)
Improvements,Extracted from formula,Sales Grid,Used in SEC (FE627)
Improvements,Extracted from formula,Sales Grid,Used in GE (FD628)
Improvements,Extracted from formula,Sales Grid,Used in GE (FE628)
Improvements,Extracted from formula,Sales Grid,Used in NN (FD629)
Improvements,Extracted from formula,Sales Grid,Used in NN (FE629)
Improvements,Extracted from formula,Sales Grid,Used in SC (FD630)
Improvements,Extracted from formula,Sales Grid,Used in SC (FE630)
Improvements,Extracted from formula,Sales Grid,Used in NSS (FD631)
Improvements,Extracted from formula,Sales Grid,Used in NSS (FE631)
Improvements,Extracted from formula,Sales Grid,Used in LF (FD632)
Improvements,Extracted from formula,Sales Grid,Used in LF (FE632)
Improvements,Extracted from formula,Sales Grid,Used in STG (FD633)
Improvements,Extracted from formula,Sales Grid,Used in STG (FE633)
Improvements,Extracted from formula,Sales Grid,Used in Package Management System (FE634)
Improvements,Extracted from formula,Sales Grid,Used in Hide (FD635)
Improvements,Extracted from formula,Sales Grid,Used in Hide (FE635)
Improvements,Extracted from formula,Sales Grid,Used in Hide (FD636)
Improvements,Extracted from formula,Sales Grid,Used in Hide (FE636)
Improvements,Extracted from formula,Sales Approach,Used in Unknown_Field_FU123 (FU123)
Improvements,Extracted from formula,Sales Approach,Used in Unknown_Field_FV123 (FV123)
Improvements,Extracted from formula,Sales Approach,Used in Unknown_Field_FW123 (FW123)
Improvements,Extracted from formula,Sales Approach,Used in Unknown_Field_FX123 (FX123)
Improvements,Extracted from formula,Sales Approach,Used in Unknown_Field_FY123 (FY123)
Improvements,Extracted from formula,Sales Approach,Used in Unknown_Field_FZ123 (FZ123)
Improvements,Extracted from formula,Sales Approach,Used in Unknown_Field_GA123 (GA123)
Improvements,Extracted from formula,Sales Approach,Used in Unknown_Field_GB123 (GB123)
Improvements,Extracted from formula,Sales Approach,Used in Unknown_Field_GC123 (GC123)
Improvements,Extracted from formula,Sales Approach,Used in Unknown_Field_GD123 (GD123)
Improvements,Extracted from formula,Sales Approach,Used in Unknown_Field_GE123 (GE123)
Improvements,Extracted from formula,Sales Approach,Used in Unknown_Field_GF123 (GF123)
Improvements,Extracted from formula,Sales Approach,Used in Unknown_Field_GG123 (GG123)
Improvements,Extracted from formula,Sales Approach,Used in Unknown_Field_GH123 (GH123)
Improvements,Extracted from formula,Sales Approach,Used in Unknown_Field_GI123 (GI123)
Improvements,Extracted from formula,Sales Approach,Used in Unknown_Field_GJ123 (GJ123)
Improvements,Extracted from formula,Sales Approach,Used in Unknown_Field_GK123 (GK123)
Improvements,Extracted from formula,Sales Approach,Used in Unknown_Field_GL123 (GL123)
Improvements,Extracted from formula,Sales Approach,Used in Unknown_Field_GM123 (GM123)
Improvements,Extracted from formula,Sales Approach,Used in Unknown_Field_GN123 (GN123)
Improvements,Extracted from formula,Sales Approach,Used in Unknown_Field_GO123 (GO123)
Improvements,Extracted from formula,Sales Approach,Used in Unknown_Field_GP123 (GP123)
Improvements,Extracted from formula,Sales Approach,Used in Unknown_Field_GQ123 (GQ123)
Improvements,Extracted from formula,Sales Approach,Used in Unknown_Field_GR123 (GR123)
Improvements,Extracted from formula,Sales Approach,Used in Unknown_Field_GS123 (GS123)
Improvements,Extracted from formula,Sales Approach,Used in Unknown_Field_GT123 (GT123)
Improvements,Extracted from formula,Sales Approach,Used in Unknown_Field_GU123 (GU123)
Improvements,Extracted from formula,Sales Approach,Used in Unknown_Field_GV123 (GV123)
Improvements,Extracted from formula,Sales Approach,Used in Unknown_Field_GW123 (GW123)
Improvements,Extracted from formula,Sales Approach,Used in Unknown_Field_GX123 (GX123)
Improvements,Extracted from formula,Sales Approach,Used in Unknown_Field_GY123 (GY123)
Improvements,Extracted from formula,Sales Approach,Used in Unknown_Field_GZ123 (GZ123)
Improvements,Extracted from formula,Sales Approach,Used in Unknown_Field_HA123 (HA123)
Improvements,Extracted from formula,Sales Approach,Used in Unknown_Field_HB123 (HB123)
Improvements,Extracted from formula,Sales Approach,Used in Unknown_Field_HC123 (HC123)
Improvements,Extracted from formula,Sales Approach,Used in Unknown_Field_HD123 (HD123)
Improvements,Extracted from formula,Sales Approach,Used in Unknown_Field_HE123 (HE123)
Improvements,Extracted from formula,Sales Approach,Used in Unknown_Field_HF123 (HF123)
Improvements,Extracted from formula,Sales Approach,Used in Unknown_Field_HG123 (HG123)
Improvements,Extracted from formula,Sales Approach,Used in Unknown_Field_HH123 (HH123)
Improvements,Extracted from formula,Sales Approach,Used in Unknown_Field_HI123 (HI123)
Improvements,Extracted from formula,Sales Approach,Used in Unknown_Field_HJ123 (HJ123)
Improvements,Extracted from formula,Sales Approach,Used in Unknown_Field_HK123 (HK123)
Improvements,Extracted from formula,Sales Approach,Used in Unknown_Field_HL123 (HL123)
Improvements,Extracted from formula,Sales Approach,Used in Unknown_Field_HM123 (HM123)
Improvements,Extracted from formula,Sales Approach,Used in Unknown_Field_HN123 (HN123)
Improvements,Extracted from formula,Sales Approach,Used in Unknown_Field_HO123 (HO123)
Improvements,Extracted from formula,Sales Approach,Used in Unknown_Field_HP123 (HP123)
Improvements,Extracted from formula,Sales Approach,Used in Unknown_Field_HQ123 (HQ123)
Improvements,Extracted from formula,Sales Approach,Used in Unknown_Field_HR123 (HR123)
Improvements,Extracted from formula,Sales Approach,Used in Unknown_Field_HS123 (HS123)
Improvements,Extracted from formula,Sales Approach,Used in Unknown_Field_HT123 (HT123)
Improvements,Extracted from formula,Sales Approach,Used in Unknown_Field_HU123 (HU123)
Improvements,Extracted from formula,Sales Approach,Used in Unknown_Field_HV123 (HV123)
Improvements,Extracted from formula,Sales Approach,Used in Unknown_Field_HW123 (HW123)
Improvements,Extracted from formula,Sales Approach,Used in Unknown_Field_HX123 (HX123)
Improvements,Extracted from formula,Sales Approach,Used in Unknown_Field_HY123 (HY123)
Improvements,Extracted from formula,Sales Approach,Used in Unknown_Field_HZ123 (HZ123)
Improvements,Extracted from formula,Sales Approach,Used in Unknown_Field_IA123 (IA123)
Improvements,Extracted from formula,Sales Approach,Used in Unknown_Field_IB123 (IB123)
Improvements,Extracted from formula,Sales Approach,Used in Unknown_Field_IC123 (IC123)
Improvements,Extracted from formula,Sales Approach,Used in Unknown_Field_ID123 (ID123)
Improvements,Extracted from formula,Sales Approach,Used in Unknown_Field_IE123 (IE123)
Improvements,Extracted from formula,Sales Approach,Used in Unknown_Field_IF123 (IF123)
Improvements,Extracted from formula,Sales Approach,Used in Unknown_Field_IG123 (IG123)
Improvements,Extracted from formula,Sales Approach,Used in Unknown_Field_IH123 (IH123)
Improvements,Extracted from formula,Sales Approach,Used in Unknown_Field_II123 (II123)
Improvements,Extracted from formula,Sales Approach,Used in Unknown_Field_IJ123 (IJ123)
Improvements,Extracted from formula,Sales Approach,Used in Unknown_Field_IK123 (IK123)
Improvements,Extracted from formula,Sales Approach,Used in Unknown_Field_IL123 (IL123)
Improvements,Extracted from formula,Sales Approach,Used in Unknown_Field_IM123 (IM123)
Improvements,Extracted from formula,Sales Approach,Used in Unknown_Field_IN123 (IN123)
Improvements,Extracted from formula,Sales Approach,Used in Unknown_Field_IO123 (IO123)
Improvements,Extracted from formula,Sales Approach,Used in Unknown_Field_IP123 (IP123)
Improvements,Extracted from formula,Sales Approach,Used in Unknown_Field_IQ123 (IQ123)
Improvements,Extracted from formula,Sales Approach,Used in Unknown_Field_IR123 (IR123)
Improvements,Extracted from formula,Sales Approach,Used in Unknown_Field_IS123 (IS123)
Improvements,Extracted from formula,Sales Approach,Used in Unknown_Field_IT123 (IT123)
Improvements,Extracted from formula,Sales Approach,Used in Unknown_Field_IU123 (IU123)
Improvements,Extracted from formula,Sales Approach,Used in Unknown_Field_IV123 (IV123)
Improvements,Extracted from formula,Sales Approach,Used in Unknown_Field_IW123 (IW123)
Improvements,Extracted from formula,Sales Approach,Used in Unknown_Field_IX123 (IX123)
Improvements,Extracted from formula,Sales Approach,Used in Unknown_Field_IY123 (IY123)
Improvements,Extracted from formula,Sales Approach,Used in Unknown_Field_IZ123 (IZ123)
Improvements,Extracted from formula,Sales Approach,Used in Unknown_Field_JA123 (JA123)
Improvements,Extracted from formula,Sales Approach,Used in Unknown_Field_JB123 (JB123)
Improvements,Extracted from formula,Sales Approach,Used in Unknown_Field_JC123 (JC123)
Improvements,Extracted from formula,Sales Approach,Used in Unknown_Field_JD123 (JD123)
Improvements,Extracted from formula,Sales Approach,Used in Unknown_Field_JE123 (JE123)
Improvements,Extracted from formula,Sales Approach,Used in Unknown_Field_JF123 (JF123)
Improvements,Extracted from formula,Sales Approach,Used in Unknown_Field_JG123 (JG123)
Improvements,Extracted from formula,Sales Approach,Used in Unknown_Field_JH123 (JH123)
Improvements,Extracted from formula,Sales Approach,Used in Unknown_Field_JI123 (JI123)
Improvements,Extracted from formula,Sales Approach,Used in Unknown_Field_JJ123 (JJ123)
Improvements,Extracted from formula,Sales Approach,Used in Unknown_Field_JK123 (JK123)
Improvements,Extracted from formula,Sales Approach,Used in Unknown_Field_JL123 (JL123)
Improvements,Extracted from formula,Sales Approach,Used in Unknown_Field_JM123 (JM123)
Improvements,Extracted from formula,Sales Approach,Used in Unknown_Field_JN123 (JN123)
Improvements,Extracted from formula,Sales Approach,Used in Unknown_Field_JO123 (JO123)
Improvements,Extracted from formula,Sales Approach,Used in Unknown_Field_JP123 (JP123)
Improvements,Extracted from formula,Sales Approach,Used in Unknown_Field_JQ123 (JQ123)
Improvements,Extracted from formula,Sales Approach,Used in Unknown_Field_JR123 (JR123)
Improvements,Extracted from formula,Sales Approach,Used in Unknown_Field_JS123 (JS123)
Improvements,Extracted from formula,Sales Approach,Used in Unknown_Field_JT123 (JT123)
Improvements,Extracted from formula,Sales Approach,Used in Unknown_Field_JU123 (JU123)
Improvements,Extracted from formula,Sales Approach,Used in Unknown_Field_JV123 (JV123)
Improvements,Extracted from formula,Sales Approach,Used in Unknown_Field_JW123 (JW123)
Improvements,Extracted from formula,Sales Approach,Used in Unknown_Field_JX123 (JX123)
Improvements,Extracted from formula,Sales Approach,Used in Unknown_Field_JY123 (JY123)
Improvements,Extracted from formula,Sales Approach,Used in Unknown_Field_JZ123 (JZ123)
Improvements,Extracted from formula,Sales Approach,Used in Unknown_Field_KA123 (KA123)
Improvements,Extracted from formula,Sales Approach,Used in Unknown_Field_KB123 (KB123)
Improvements,Extracted from formula,Sales Approach,Used in Unknown_Field_KC123 (KC123)
Improvements,Extracted from formula,Sales Approach,Used in Unknown_Field_KD123 (KD123)
Improvements,Extracted from formula,Sales Approach,Used in Unknown_Field_KE123 (KE123)
Improvements,Extracted from formula,Sales Approach,Used in Unknown_Field_KF123 (KF123)
Improvements,Extracted from formula,Sales Approach,Used in Unknown_Field_KG123 (KG123)
Improvements,Extracted from formula,Sales Approach,Used in Unknown_Field_KH123 (KH123)
Improvements,Extracted from formula,Sales Approach,Used in Unknown_Field_KI123 (KI123)
Improvements,Extracted from formula,Sales Approach,Used in Unknown_Field_KJ123 (KJ123)
Improvements,Extracted from formula,Sales Approach,Used in Unknown_Field_KK123 (KK123)
Improvements,Extracted from formula,Sales Approach,Used in Unknown_Field_KL123 (KL123)
Improvements,Extracted from formula,Sales Approach,Used in Unknown_Field_KM123 (KM123)
Improvements,Extracted from formula,Sales Approach,Used in Unknown_Field_KN123 (KN123)
Improvements,Extracted from formula,Sales Approach,Used in Unknown_Field_KO123 (KO123)
Improvements,Extracted from formula,Sales Approach,Used in Unknown_Field_KP123 (KP123)
Improvements,Extracted from formula,Sales Approach,Used in Unknown_Field_KQ123 (KQ123)
Improvements,Extracted from formula,Sales Approach,Used in Unknown_Field_KR123 (KR123)
Improvements,Extracted from formula,Sales Approach,Used in Unknown_Field_KS123 (KS123)
Improvements,Extracted from formula,Sales Approach,Used in Unknown_Field_KT123 (KT123)
Improvements,Extracted from formula,Sales Approach,Used in Unknown_Field_KU123 (KU123)
Improvements,Extracted from formula,Sales Approach,Used in Unknown_Field_KV123 (KV123)
Improvements,Extracted from formula,Sales Approach,Used in Unknown_Field_KW123 (KW123)
Improvements,Extracted from formula,Sales Approach,Used in Unknown_Field_KX123 (KX123)
Improvements,Extracted from formula,Sales Approach,Used in Unknown_Field_KY123 (KY123)
Improvements,Extracted from formula,Sales Approach,Used in Unknown_Field_KZ123 (KZ123)
Improvements,Extracted from formula,Sales Approach,Used in Unknown_Field_LA123 (LA123)
Improvements,Extracted from formula,Sales Approach,Used in Unknown_Field_LB123 (LB123)
Improvements,Extracted from formula,Sales Approach,Used in Unknown_Field_LC123 (LC123)
Improvements,Extracted from formula,Sales Approach,Used in Unknown_Field_LD123 (LD123)
Improvements,Extracted from formula,Sales Approach,Used in Unknown_Field_LE123 (LE123)
Improvements,Extracted from formula,Sales Approach,Used in Unknown_Field_LF123 (LF123)
Improvements,Extracted from formula,Sales Approach,Used in Unknown_Field_LG123 (LG123)
Improvements,Extracted from formula,Sales Approach,Used in Unknown_Field_LH123 (LH123)
Improvements,Extracted from formula,Sales Approach,Used in Unknown_Field_LI123 (LI123)
Improvements,Extracted from formula,Sales Approach,Used in Unknown_Field_LJ123 (LJ123)
Improvements,Extracted from formula,Sales Approach,Used in Unknown_Field_FU124 (FU124)
Improvements,Extracted from formula,Sales Approach,Used in Unknown_Field_FV124 (FV124)
Improvements,Extracted from formula,Sales Approach,Used in Unknown_Field_FW124 (FW124)
Improvements,Extracted from formula,Sales Approach,Used in Unknown_Field_FX124 (FX124)
Improvements,Extracted from formula,Sales Approach,Used in Unknown_Field_FY124 (FY124)
Improvements,Extracted from formula,Sales Approach,Used in Unknown_Field_FZ124 (FZ124)
Improvements,Extracted from formula,Sales Approach,Used in Unknown_Field_GA124 (GA124)
Improvements,Extracted from formula,Sales Approach,Used in Unknown_Field_GB124 (GB124)
Improvements,Extracted from formula,Sales Approach,Used in Unknown_Field_GC124 (GC124)
Improvements,Extracted from formula,Sales Approach,Used in Unknown_Field_GD124 (GD124)
Improvements,Extracted from formula,Sales Approach,Used in Unknown_Field_GE124 (GE124)
Improvements,Extracted from formula,Sales Approach,Used in Unknown_Field_GF124 (GF124)
Improvements,Extracted from formula,Sales Approach,Used in Unknown_Field_GG124 (GG124)
Improvements,Extracted from formula,Sales Approach,Used in Unknown_Field_GH124 (GH124)
Improvements,Extracted from formula,Sales Approach,Used in Unknown_Field_GI124 (GI124)
Improvements,Extracted from formula,Sales Approach,Used in Unknown_Field_GJ124 (GJ124)
Improvements,Extracted from formula,Sales Approach,Used in Unknown_Field_GK124 (GK124)
Improvements,Extracted from formula,Sales Approach,Used in Unknown_Field_GL124 (GL124)
Improvements,Extracted from formula,Sales Approach,Used in Unknown_Field_GM124 (GM124)
Improvements,Extracted from formula,Sales Approach,Used in Unknown_Field_GN124 (GN124)
Improvements,Extracted from formula,Sales Approach,Used in Unknown_Field_GO124 (GO124)
Improvements,Extracted from formula,Sales Approach,Used in Unknown_Field_GP124 (GP124)
Improvements,Extracted from formula,Sales Approach,Used in Unknown_Field_GQ124 (GQ124)
Improvements,Extracted from formula,Sales Approach,Used in Unknown_Field_GR124 (GR124)
Improvements,Extracted from formula,Sales Approach,Used in Unknown_Field_GS124 (GS124)
Improvements,Extracted from formula,Sales Approach,Used in Unknown_Field_GT124 (GT124)
Improvements,Extracted from formula,Sales Approach,Used in Unknown_Field_GU124 (GU124)
Improvements,Extracted from formula,Sales Approach,Used in Unknown_Field_GV124 (GV124)
Improvements,Extracted from formula,Sales Approach,Used in Unknown_Field_GW124 (GW124)
Improvements,Extracted from formula,Sales Approach,Used in Unknown_Field_GX124 (GX124)
Improvements,Extracted from formula,Sales Approach,Used in Unknown_Field_GY124 (GY124)
Improvements,Extracted from formula,Sales Approach,Used in Unknown_Field_GZ124 (GZ124)
Improvements,Extracted from formula,Sales Approach,Used in Unknown_Field_HA124 (HA124)
Improvements,Extracted from formula,Sales Approach,Used in Unknown_Field_HB124 (HB124)
Improvements,Extracted from formula,Sales Approach,Used in Unknown_Field_HC124 (HC124)
Improvements,Extracted from formula,Sales Approach,Used in Unknown_Field_HD124 (HD124)
Improvements,Extracted from formula,Sales Approach,Used in Unknown_Field_HE124 (HE124)
Improvements,Extracted from formula,Sales Approach,Used in Unknown_Field_HF124 (HF124)
Improvements,Extracted from formula,Sales Approach,Used in Unknown_Field_HG124 (HG124)
Improvements,Extracted from formula,Sales Approach,Used in Unknown_Field_HH124 (HH124)
Improvements,Extracted from formula,Sales Approach,Used in Unknown_Field_HI124 (HI124)
Improvements,Extracted from formula,Sales Approach,Used in Unknown_Field_HJ124 (HJ124)
Improvements,Extracted from formula,Sales Approach,Used in Unknown_Field_HK124 (HK124)
Improvements,Extracted from formula,Sales Approach,Used in Unknown_Field_HL124 (HL124)
Improvements,Extracted from formula,Sales Approach,Used in Unknown_Field_HM124 (HM124)
Improvements,Extracted from formula,Sales Approach,Used in Unknown_Field_HN124 (HN124)
Improvements,Extracted from formula,Sales Approach,Used in Unknown_Field_HO124 (HO124)
Improvements,Extracted from formula,Sales Approach,Used in Unknown_Field_HP124 (HP124)
Improvements,Extracted from formula,Sales Approach,Used in Unknown_Field_HQ124 (HQ124)
Improvements,Extracted from formula,Sales Approach,Used in Unknown_Field_HR124 (HR124)
Improvements,Extracted from formula,Sales Approach,Used in Unknown_Field_HS124 (HS124)
Improvements,Extracted from formula,Sales Approach,Used in Unknown_Field_HT124 (HT124)
Improvements,Extracted from formula,Sales Approach,Used in Unknown_Field_HU124 (HU124)
Improvements,Extracted from formula,Sales Approach,Used in Unknown_Field_HV124 (HV124)
Improvements,Extracted from formula,Sales Approach,Used in Unknown_Field_HW124 (HW124)
Improvements,Extracted from formula,Sales Approach,Used in Unknown_Field_HX124 (HX124)
Improvements,Extracted from formula,Sales Approach,Used in Unknown_Field_HY124 (HY124)
Improvements,Extracted from formula,Sales Approach,Used in Unknown_Field_HZ124 (HZ124)
Improvements,Extracted from formula,Sales Approach,Used in Unknown_Field_IA124 (IA124)
Improvements,Extracted from formula,Sales Approach,Used in Unknown_Field_IB124 (IB124)
Improvements,Extracted from formula,Sales Approach,Used in Unknown_Field_IC124 (IC124)
Improvements,Extracted from formula,Sales Approach,Used in Unknown_Field_ID124 (ID124)
Improvements,Extracted from formula,Sales Approach,Used in Unknown_Field_IE124 (IE124)
Improvements,Extracted from formula,Sales Approach,Used in Unknown_Field_IF124 (IF124)
Improvements,Extracted from formula,Sales Approach,Used in Unknown_Field_IG124 (IG124)
Improvements,Extracted from formula,Sales Approach,Used in Unknown_Field_IH124 (IH124)
Improvements,Extracted from formula,Sales Approach,Used in Unknown_Field_II124 (II124)
Improvements,Extracted from formula,Sales Approach,Used in Unknown_Field_IJ124 (IJ124)
Improvements,Extracted from formula,Sales Approach,Used in Unknown_Field_IK124 (IK124)
Improvements,Extracted from formula,Sales Approach,Used in Unknown_Field_IL124 (IL124)
Improvements,Extracted from formula,Sales Approach,Used in Unknown_Field_IM124 (IM124)
Improvements,Extracted from formula,Sales Approach,Used in Unknown_Field_IN124 (IN124)
Improvements,Extracted from formula,Sales Approach,Used in Unknown_Field_IO124 (IO124)
Improvements,Extracted from formula,Sales Approach,Used in Unknown_Field_IP124 (IP124)
Improvements,Extracted from formula,Sales Approach,Used in Unknown_Field_IQ124 (IQ124)
Improvements,Extracted from formula,Sales Approach,Used in Unknown_Field_IR124 (IR124)
Improvements,Extracted from formula,Sales Approach,Used in Unknown_Field_IS124 (IS124)
Improvements,Extracted from formula,Sales Approach,Used in Unknown_Field_IT124 (IT124)
Improvements,Extracted from formula,Sales Approach,Used in Unknown_Field_IU124 (IU124)
Improvements,Extracted from formula,Sales Approach,Used in Unknown_Field_IV124 (IV124)
Improvements,Extracted from formula,Sales Approach,Used in Unknown_Field_IW124 (IW124)
Improvements,Extracted from formula,Sales Approach,Used in Unknown_Field_IX124 (IX124)
Improvements,Extracted from formula,Sales Approach,Used in Unknown_Field_IY124 (IY124)
Improvements,Extracted from formula,Sales Approach,Used in Unknown_Field_IZ124 (IZ124)
Improvements,Extracted from formula,Sales Approach,Used in Unknown_Field_JA124 (JA124)
Improvements,Extracted from formula,Sales Approach,Used in Unknown_Field_JB124 (JB124)
Improvements,Extracted from formula,Sales Approach,Used in Unknown_Field_JC124 (JC124)
Improvements,Extracted from formula,Sales Approach,Used in Unknown_Field_JD124 (JD124)
Improvements,Extracted from formula,Sales Approach,Used in Unknown_Field_JE124 (JE124)
Improvements,Extracted from formula,Sales Approach,Used in Unknown_Field_JF124 (JF124)
Improvements,Extracted from formula,Sales Approach,Used in Unknown_Field_JG124 (JG124)
Improvements,Extracted from formula,Sales Approach,Used in Unknown_Field_JH124 (JH124)
Improvements,Extracted from formula,Sales Approach,Used in Unknown_Field_JI124 (JI124)
Improvements,Extracted from formula,Sales Approach,Used in Unknown_Field_JJ124 (JJ124)
Improvements,Extracted from formula,Sales Approach,Used in Unknown_Field_JK124 (JK124)
Improvements,Extracted from formula,Sales Approach,Used in Unknown_Field_JL124 (JL124)
Improvements,Extracted from formula,Sales Approach,Used in Unknown_Field_JM124 (JM124)
Improvements,Extracted from formula,Sales Approach,Used in Unknown_Field_JN124 (JN124)
Improvements,Extracted from formula,Sales Approach,Used in Unknown_Field_JO124 (JO124)
Improvements,Extracted from formula,Sales Approach,Used in Unknown_Field_JP124 (JP124)
Improvements,Extracted from formula,Sales Approach,Used in Unknown_Field_JQ124 (JQ124)
Improvements,Extracted from formula,Sales Approach,Used in Unknown_Field_JR124 (JR124)
Improvements,Extracted from formula,Sales Approach,Used in Unknown_Field_JS124 (JS124)
Improvements,Extracted from formula,Sales Approach,Used in Unknown_Field_JT124 (JT124)
Improvements,Extracted from formula,Sales Approach,Used in Unknown_Field_JU124 (JU124)
Improvements,Extracted from formula,Sales Approach,Used in Unknown_Field_JV124 (JV124)
Improvements,Extracted from formula,Sales Approach,Used in Unknown_Field_JW124 (JW124)
Improvements,Extracted from formula,Sales Approach,Used in Unknown_Field_JX124 (JX124)
Improvements,Extracted from formula,Sales Approach,Used in Unknown_Field_JY124 (JY124)
Improvements,Extracted from formula,Sales Approach,Used in Unknown_Field_JZ124 (JZ124)
Improvements,Extracted from formula,Sales Approach,Used in Unknown_Field_KA124 (KA124)
Improvements,Extracted from formula,Sales Approach,Used in Unknown_Field_KB124 (KB124)
Improvements,Extracted from formula,Sales Approach,Used in Unknown_Field_KC124 (KC124)
Improvements,Extracted from formula,Sales Approach,Used in Unknown_Field_KD124 (KD124)
Improvements,Extracted from formula,Sales Approach,Used in Unknown_Field_KE124 (KE124)
Improvements,Extracted from formula,Sales Approach,Used in Unknown_Field_KF124 (KF124)
Improvements,Extracted from formula,Sales Approach,Used in Unknown_Field_KG124 (KG124)
Improvements,Extracted from formula,Sales Approach,Used in Unknown_Field_KH124 (KH124)
Improvements,Extracted from formula,Sales Approach,Used in Unknown_Field_KI124 (KI124)
Improvements,Extracted from formula,Sales Approach,Used in Unknown_Field_KJ124 (KJ124)
Improvements,Extracted from formula,Sales Approach,Used in Unknown_Field_KK124 (KK124)
Improvements,Extracted from formula,Sales Approach,Used in Unknown_Field_KL124 (KL124)
Improvements,Extracted from formula,Sales Approach,Used in Unknown_Field_KM124 (KM124)
Improvements,Extracted from formula,Sales Approach,Used in Unknown_Field_KN124 (KN124)
Improvements,Extracted from formula,Sales Approach,Used in Unknown_Field_KO124 (KO124)
Improvements,Extracted from formula,Sales Approach,Used in Unknown_Field_KP124 (KP124)
Improvements,Extracted from formula,Sales Approach,Used in Unknown_Field_KQ124 (KQ124)
Improvements,Extracted from formula,Sales Approach,Used in Unknown_Field_KR124 (KR124)
Improvements,Extracted from formula,Sales Approach,Used in Unknown_Field_KS124 (KS124)
Improvements,Extracted from formula,Sales Approach,Used in Unknown_Field_KT124 (KT124)
Improvements,Extracted from formula,Sales Approach,Used in Unknown_Field_KU124 (KU124)
Improvements,Extracted from formula,Sales Approach,Used in Unknown_Field_KV124 (KV124)
Improvements,Extracted from formula,Sales Approach,Used in Unknown_Field_KW124 (KW124)
Improvements,Extracted from formula,Sales Approach,Used in Unknown_Field_KX124 (KX124)
Improvements,Extracted from formula,Sales Approach,Used in Unknown_Field_KY124 (KY124)
Improvements,Extracted from formula,Sales Approach,Used in Unknown_Field_KZ124 (KZ124)
Improvements,Extracted from formula,Sales Approach,Used in Unknown_Field_LA124 (LA124)
Improvements,Extracted from formula,Sales Approach,Used in Unknown_Field_LB124 (LB124)
Improvements,Extracted from formula,Sales Approach,Used in Unknown_Field_LC124 (LC124)
Improvements,Extracted from formula,Sales Approach,Used in Unknown_Field_LD124 (LD124)
Improvements,Extracted from formula,Sales Approach,Used in Unknown_Field_LE124 (LE124)
Improvements,Extracted from formula,Sales Approach,Used in Unknown_Field_LF124 (LF124)
Improvements,Extracted from formula,Sales Approach,Used in Unknown_Field_LG124 (LG124)
Improvements,Extracted from formula,Sales Approach,Used in Unknown_Field_LH124 (LH124)
Improvements,Extracted from formula,Sales Approach,Used in Unknown_Field_LI124 (LI124)
Improvements,Extracted from formula,Sales Approach,Used in Unknown_Field_LJ124 (LJ124)
Improvements,Extracted from formula,Sales Approach,Used in Unknown_Field_DX126 (DX126)
Improvements,Extracted from formula,Sales Approach,Used in Subject (BS133)
Improvements,Extracted from formula,Sales Approach,Used in Subject (BT133)
Improvements,Extracted from formula,Sales Approach,Used in Subject (BU133)
Improvements,Extracted from formula,Sales Approach,Used in Subject (BV133)
Improvements,Extracted from formula,Sales Approach,Used in Subject (BW133)
Improvements,Extracted from formula,Sales Approach,Used in Subject (BX133)
Improvements,Extracted from formula,Sales Approach,Used in Subject (BY133)
Improvements,Extracted from formula,Sales Approach,Used in Subject (BZ133)
Improvements,Extracted from formula,Sales Approach,Used in Subject (CA133)
Improvements,Extracted from formula,Sales Approach,Used in Subject (CB133)
Improvements,Extracted from formula,Sales Approach,Used in Subject (CC133)
Improvements,Extracted from formula,Sales Approach,Used in Unknown_Field_CD133 (CD133)
Improvements,Extracted from formula,Sales Approach,Used in Unknown_Field_CE133 (CE133)
Improvements,Extracted from formula,Sales Approach,Used in Unknown_Field_CF133 (CF133)
Improvements,Extracted from formula,Sales Approach,Used in Unknown_Field_CG133 (CG133)
Improvements,Extracted from formula,Sales Approach,Used in Unknown_Field_CH133 (CH133)
Improvements,Extracted from formula,Sales Approach,Used in Unknown_Field_CI133 (CI133)
Improvements,Extracted from formula,Sales Approach,Used in Unknown_Field_CJ133 (CJ133)
Improvements,Extracted from formula,Sales Approach,Used in Unknown_Field_CK133 (CK133)
Improvements,Extracted from formula,Sales Approach,Used in Unknown_Field_CL133 (CL133)
Improvements,Extracted from formula,Sales Approach,Used in Unknown_Field_CM133 (CM133)
Improvements,Extracted from formula,Sales Approach,Used in Unknown_Field_CN133 (CN133)
Improvements,Extracted from formula,Sales Approach,Used in Unknown_Field_CO133 (CO133)
Improvements,Extracted from formula,Sales Approach,Used in Unknown_Field_CP133 (CP133)
Improvements,Extracted from formula,Sales Approach,Used in Unknown_Field_CQ133 (CQ133)
Improvements,Extracted from formula,Sales Approach,Used in Unknown_Field_CR133 (CR133)
Improvements,Extracted from formula,Sales Approach,Used in Unknown_Field_CS133 (CS133)
Improvements,Extracted from formula,Sales Approach,Used in Unknown_Field_CT133 (CT133)
Improvements,Extracted from formula,Sales Approach,Used in Unknown_Field_CU133 (CU133)
Improvements,Extracted from formula,Sales Approach,Used in Unknown_Field_CV133 (CV133)
Improvements,Extracted from formula,Sales Approach,Used in Unknown_Field_CW133 (CW133)
Improvements,Extracted from formula,Sales Approach,Used in Unknown_Field_CX133 (CX133)
Improvements,Extracted from formula,Sales Approach,Used in Unknown_Field_CY133 (CY133)
Improvements,Extracted from formula,Sales Approach,Used in Unknown_Field_CZ133 (CZ133)
Improvements,Extracted from formula,Sales Approach,Used in Unknown_Field_DA133 (DA133)
Improvements,Extracted from formula,Sales Approach,Used in Unknown_Field_DB133 (DB133)
Improvements,Extracted from formula,Sales Approach,Used in Unknown_Field_DC133 (DC133)
Improvements,Extracted from formula,Sales Approach,Used in Unknown_Field_DD133 (DD133)
Improvements,Extracted from formula,Sales Approach,Used in Unknown_Field_DE133 (DE133)
Improvements,Extracted from formula,Sales Approach,Used in Unknown_Field_DF133 (DF133)
Improvements,Extracted from formula,Sales Approach,Used in Unknown_Field_DG133 (DG133)
Improvements,Extracted from formula,Sales Approach,Used in Unknown_Field_DH133 (DH133)
Improvements,Extracted from formula,Sales Approach,Used in Unknown_Field_DI133 (DI133)
Improvements,Extracted from formula,Sales Approach,Used in Unknown_Field_DJ133 (DJ133)
Improvements,Extracted from formula,Sales Approach,Used in Unknown_Field_DK133 (DK133)
Improvements,Extracted from formula,Sales Approach,Used in Unknown_Field_DL133 (DL133)
Improvements,Extracted from formula,Sales Approach,Used in Unknown_Field_DM133 (DM133)
Improvements,Extracted from formula,Sales Approach,Used in Unknown_Field_DN133 (DN133)
Improvements,Extracted from formula,Sales Approach,Used in Unknown_Field_DO133 (DO133)
Improvements,Extracted from formula,Sales Approach,Used in Unknown_Field_DP133 (DP133)
Improvements,Extracted from formula,Sales Approach,Used in Unknown_Field_DQ133 (DQ133)
Improvements,Extracted from formula,Sales Approach,Used in Unknown_Field_DR133 (DR133)
Improvements,Extracted from formula,Sales Approach,Used in Unknown_Field_DS133 (DS133)
Improvements,Extracted from formula,Sales Approach,Used in Unknown_Field_DT133 (DT133)
Improvements,Extracted from formula,Sales Approach,Used in Unknown_Field_DU133 (DU133)
Improvements,Extracted from formula,Sales Approach,Used in Unknown_Field_DV133 (DV133)
Improvements,Extracted from formula,Sales Approach,Used in Unknown_Field_DW133 (DW133)
Improvements,Extracted from formula,Sales Approach,Used in Unknown_Field_DX133 (DX133)
Improvements,Extracted from formula,Sales Approach,Used in Unknown_Field_DY133 (DY133)
Improvements,Extracted from formula,Sales Approach,Used in Unknown_Field_DZ133 (DZ133)
Improvements,Extracted from formula,Sales Approach,Used in Unknown_Field_EA133 (EA133)
Improvements,Extracted from formula,Sales Approach,Used in Unknown_Field_EB133 (EB133)
Improvements,Extracted from formula,Sales Approach,Used in Unknown_Field_EC133 (EC133)
Improvements,Extracted from formula,Sales Approach,Used in Unknown_Field_ED133 (ED133)
Improvements,Extracted from formula,Sales Approach,Used in Unknown_Field_EE133 (EE133)
Improvements,Extracted from formula,Sales Approach,Used in Unknown_Field_EF133 (EF133)
Improvements,Extracted from formula,Sales Approach,Used in Unknown_Field_EG133 (EG133)
Improvements,Extracted from formula,Sales Approach,Used in Unknown_Field_EH133 (EH133)
Improvements,Extracted from formula,Sales Approach,Used in Unknown_Field_EI133 (EI133)
Improvements,Extracted from formula,Sales Approach,Used in Unknown_Field_EJ133 (EJ133)
Improvements,Extracted from formula,Sales Approach,Used in Unknown_Field_EK133 (EK133)
Improvements,Extracted from formula,Sales Approach,Used in Unknown_Field_EL133 (EL133)
Improvements,Extracted from formula,Sales Approach,Used in Unknown_Field_EM133 (EM133)
Improvements,Extracted from formula,Sales Approach,Used in Unknown_Field_EN133 (EN133)
Improvements,Extracted from formula,Sales Approach,Used in Unknown_Field_EO133 (EO133)
Improvements,Extracted from formula,Sales Approach,Used in Unknown_Field_EP133 (EP133)
Improvements,Extracted from formula,Sales Approach,Used in Unknown_Field_EQ133 (EQ133)
Improvements,Extracted from formula,Sales Approach,Used in Unknown_Field_ER133 (ER133)
Improvements,Extracted from formula,Sales Approach,Used in Unknown_Field_ES133 (ES133)
Improvements,Extracted from formula,Sales Approach,Used in Unknown_Field_ET133 (ET133)
Improvements,Extracted from formula,Sales Approach,Used in Unknown_Field_EU133 (EU133)
Improvements,Extracted from formula,Sales Approach,Used in Unknown_Field_EV133 (EV133)
Improvements,Extracted from formula,Sales Approach,Used in Unknown_Field_EW133 (EW133)
Improvements,Extracted from formula,Sales Approach,Used in Unknown_Field_EX133 (EX133)
Improvements,Extracted from formula,Sales Approach,Used in Unknown_Field_EY133 (EY133)
Improvements,Extracted from formula,Sales Approach,Used in Unknown_Field_EZ133 (EZ133)
Improvements,Extracted from formula,Sales Approach,Used in Unknown_Field_FA133 (FA133)
Improvements,Extracted from formula,Sales Approach,Used in Unknown_Field_FB133 (FB133)
Improvements,Extracted from formula,Sales Approach,Used in Unknown_Field_FC133 (FC133)
Improvements,Extracted from formula,Sales Approach,Used in Unknown_Field_FD133 (FD133)
Improvements,Extracted from formula,Sales Approach,Used in Unknown_Field_FE133 (FE133)
Improvements,Extracted from formula,Sales Approach,Used in Unknown_Field_FF133 (FF133)
Improvements,Extracted from formula,Sales Approach,Used in Unknown_Field_FG133 (FG133)
Improvements,Extracted from formula,Sales Approach,Used in Unknown_Field_FH133 (FH133)
Improvements,Extracted from formula,Sales Approach,Used in Unknown_Field_FI133 (FI133)
Improvements,Extracted from formula,Sales Approach,Used in Unknown_Field_FJ133 (FJ133)
Improvements,Extracted from formula,Sales Approach,Used in Unknown_Field_FK133 (FK133)
Improvements,Extracted from formula,Sales Approach,Used in Unknown_Field_FL133 (FL133)
Improvements,Extracted from formula,Sales Approach,Used in Unknown_Field_FM133 (FM133)
Improvements,Extracted from formula,Sales Approach,Used in Unknown_Field_FN133 (FN133)
Improvements,Extracted from formula,Sales Approach,Used in Unknown_Field_FO133 (FO133)
Improvements,Extracted from formula,Sales Approach,Used in Unknown_Field_FP133 (FP133)
Improvements,Extracted from formula,Sales Approach,Used in Unknown_Field_FQ133 (FQ133)
Improvements,Extracted from formula,Sales Approach,Used in Unknown_Field_FR133 (FR133)
Improvements,Extracted from formula,Sales Approach,Used in Unknown_Field_FS133 (FS133)
Improvements,Extracted from formula,Sales Approach,Used in Unknown_Field_FT133 (FT133)
Improvements,Extracted from formula,Sales Approach,Used in Air Conditioning (FU133)
Improvements,Extracted from formula,Sales Approach,Used in Air Conditioning Central (FV133)
Improvements,Extracted from formula,Sales Approach,Used in Air Conditioning_Window_Wall Unit (FW133)
Improvements,Extracted from formula,Sales Approach,Used in Airport Shuttle (FX133)
Improvements,Extracted from formula,Sales Approach,Used in Ancillary Sports_Activities_Services (FY133)
Improvements,Extracted from formula,Sales Approach,Used in Ballroom (FZ133)
Improvements,Extracted from formula,Sales Approach,Used in Bar_Lounge (GA133)
Improvements,Extracted from formula,Sales Approach,Used in Basketball (GB133)
Improvements,Extracted from formula,Sales Approach,Used in BBQ_Grill_Picnic Area (GC133)
Improvements,Extracted from formula,Sales Approach,Used in Beach_Direct Access (GD133)
Improvements,Extracted from formula,Sales Approach,Used in Beach Services (GE133)
Improvements,Extracted from formula,Sales Approach,Used in Bike Room (GF133)
Improvements,Extracted from formula,Sales Approach,Used in Billiards (GG133)
Improvements,Extracted from formula,Sales Approach,Used in Bistro (GH133)
Improvements,Extracted from formula,Sales Approach,Used in Boardrooms (GI133)
Improvements,Extracted from formula,Sales Approach,Used in Bocce Ball (GJ133)
Improvements,Extracted from formula,Sales Approach,Used in Boutique (GK133)
Improvements,Extracted from formula,Sales Approach,Used in Breakfast Dining Area (GL133)
Improvements,Extracted from formula,Sales Approach,Used in Business Center (GM133)
Improvements,Extracted from formula,Sales Approach,Used in Cafe (GN133)
Improvements,Extracted from formula,Sales Approach,Used in Car Rental Desk (GO133)
Improvements,Extracted from formula,Sales Approach,Used in Carpet_Drapes_Blinds (GP133)
Improvements,Extracted from formula,Sales Approach,Used in Casino (GQ133)
Improvements,Extracted from formula,Sales Approach,Used in Ceiling Fans (GR133)
Improvements,Extracted from formula,Sales Approach,Used in Clubhouse_Rec Building (GS133)
Improvements,Extracted from formula,Sales Approach,Used in Coffee Station (GT133)
Improvements,Extracted from formula,Sales Approach,Used in Complimentary Services Area (GU133)
Improvements,Extracted from formula,Sales Approach,Used in Concierge (GV133)
Improvements,Extracted from formula,Sales Approach,Used in Covered Parking (GW133)
Improvements,Extracted from formula,Sales Approach,Used in Dishwasher (GX133)
Improvements,Extracted from formula,Sales Approach,Used in Dry Cleaning (GY133)
Improvements,Extracted from formula,Sales Approach,Used in Electric Vehicle Chargers (GZ133)
Improvements,Extracted from formula,Sales Approach,Used in Elevators (HA133)
Improvements,Extracted from formula,Sales Approach,Used in Escalators (HB133)
Improvements,Extracted from formula,Sales Approach,Used in FedEx_Leased (HC133)
Improvements,Extracted from formula,Sales Approach,Used in Fine Dining Restaurant (HD133)
Improvements,Extracted from formula,Sales Approach,Used in Fireplace (HE133)
Improvements,Extracted from formula,Sales Approach,Used in Fishing (HF133)
Improvements,Extracted from formula,Sales Approach,Used in Fitness Center (HG133)
Improvements,Extracted from formula,Sales Approach,Used in Fitness Classes (HH133)
Improvements,Extracted from formula,Sales Approach,Used in Fitness Room (HI133)
Improvements,Extracted from formula,Sales Approach,Used in Five Fixture Bathrooms (HJ133)
Improvements,Extracted from formula,Sales Approach,Used in Floor Covering_Carpet (HK133)
Improvements,Extracted from formula,Sales Approach,Used in Floor Covering_Other (HL133)
Improvements,Extracted from formula,Sales Approach,Used in Floor Covering_Tile (HM133)
Improvements,Extracted from formula,Sales Approach,Used in Floor Covering_Vinyl (HN133)
Improvements,Extracted from formula,Sales Approach,Used in Floor Covering_Wood (HO133)
Improvements,Extracted from formula,Sales Approach,Used in Floor Covering_Wood Composite (HP133)
Improvements,Extracted from formula,Sales Approach,Used in Full Service Spa (HQ133)
Improvements,Extracted from formula,Sales Approach,Used in Fully Equipped Kitchen (HR133)
Improvements,Extracted from formula,Sales Approach,Used in Furnished Units (HS133)
Improvements,Extracted from formula,Sales Approach,Used in Garage_Under Building (HT133)
Improvements,Extracted from formula,Sales Approach,Used in Gated Entrance (HU133)
Improvements,Extracted from formula,Sales Approach,Used in Gift Shop (HV133)
Improvements,Extracted from formula,Sales Approach,Used in Golf Course (HW133)
Improvements,Extracted from formula,Sales Approach,Used in Granite_Stone Countertops (HX133)
Improvements,Extracted from formula,Sales Approach,Used in Guest Laundry (HY133)
Improvements,Extracted from formula,Sales Approach,Used in Hearing Accessible (HZ133)
Improvements,Extracted from formula,Sales Approach,Used in Horseshoes (IA133)
Improvements,Extracted from formula,Sales Approach,Used in Indoor Swimming Pool (IB133)
Improvements,Extracted from formula,Sales Approach,Used in Indoor Waterpark (IC133)
Improvements,Extracted from formula,Sales Approach,Used in Kids Club (ID133)
Improvements,Extracted from formula,Sales Approach,Used in Lake_Pond_Beach (IE133)
Improvements,Extracted from formula,Sales Approach,Used in Leased Business Center_Shipping (IF133)
Improvements,Extracted from formula,Sales Approach,Used in Leased Nightclub (IG133)
Improvements,Extracted from formula,Sales Approach,Used in Leased Restaurant (IH133)
Improvements,Extracted from formula,Sales Approach,Used in LEED Certified (II133)
Improvements,Extracted from formula,Sales Approach,Used in LEED Certified_Gold (IJ133)
Improvements,Extracted from formula,Sales Approach,Used in LEED Certified_Silver (IK133)
Improvements,Extracted from formula,Sales Approach,Used in Library (IL133)
Improvements,Extracted from formula,Sales Approach,Used in Lobby Workstation (IM133)
Improvements,Extracted from formula,Sales Approach,Used in Lobby Workstation_Business Center (IN133)
Improvements,Extracted from formula,Sales Approach,Used in Local Shuttle (IO133)
Improvements,Extracted from formula,Sales Approach,Used in Market Pantry (IP133)
Improvements,Extracted from formula,Sales Approach,Used in Marina_Dock (IQ133)
Improvements,Extracted from formula,Sales Approach,Used in Meditation_Relaxation Room (IR133)
Improvements,Extracted from formula,Sales Approach,Used in Meeting Room (IS133)
Improvements,Extracted from formula,Sales Approach,Used in Meeting Space (IT133)
Improvements,Extracted from formula,Sales Approach,Used in Microwave (IU133)
Improvements,Extracted from formula,Sales Approach,Used in Mini Refrigerator (IV133)
Improvements,Extracted from formula,Sales Approach,Used in Movement Studio (IW133)
Improvements,Extracted from formula,Sales Approach,Used in Movie_Theater Room (IX133)
Improvements,Extracted from formula,Sales Approach,Used in Multiple Pools (IY133)
Improvements,Extracted from formula,Sales Approach,Used in Nightclub (IZ133)
Improvements,Extracted from formula,Sales Approach,Used in Outdoor Patio (JA133)
Improvements,Extracted from formula,Sales Approach,Used in Outdoor Patio and Fire Pit (JB133)
Improvements,Extracted from formula,Sales Approach,Used in Outdoor Swimming Pool (JC133)
Improvements,Extracted from formula,Sales Approach,Used in Outdoor Waterpark (JD133)
Improvements,Extracted from formula,Sales Approach,Used in Park (JE133)
Improvements,Extracted from formula,Sales Approach,Used in Parking_Lot (JF133)
Improvements,Extracted from formula,Sales Approach,Used in Patios_Balcony (JG133)
Improvements,Extracted from formula,Sales Approach,Used in Pet Area (JH133)
Improvements,Extracted from formula,Sales Approach,Used in Pet Friendly (JI133)
Improvements,Extracted from formula,Sales Approach,Used in Pickleball (JJ133)
Improvements,Extracted from formula,Sales Approach,Used in Playground (JK133)
Improvements,Extracted from formula,Sales Approach,Used in Pool Lift (JL133)
Improvements,Extracted from formula,Sales Approach,Used in Putting Green (JM133)
Improvements,Extracted from formula,Sales Approach,Used in Refrigerator (JN133)
Improvements,Extracted from formula,Sales Approach,Used in Restaurant (JO133)
Improvements,Extracted from formula,Sales Approach,Used in Restaurant and Lounge (JP133)
Improvements,Extracted from formula,Sales Approach,Used in Retail Outlet_Leased (JQ133)
Improvements,Extracted from formula,Sales Approach,Used in Retail Outlet_Operated (JR133)
Improvements,Extracted from formula,Sales Approach,Used in Roll_In Shower (JS133)
Improvements,Extracted from formula,Sales Approach,Used in Rooftop Bar (JT133)
Improvements,Extracted from formula,Sales Approach,Used in Rooftop Terrace (JU133)
Improvements,Extracted from formula,Sales Approach,Used in Room Service (JV133)
Improvements,Extracted from formula,Sales Approach,Used in Salon_Barber Shop (JW133)
Improvements,Extracted from formula,Sales Approach,Used in Sauna (JX133)
Improvements,Extracted from formula,Sales Approach,Used in Screened Porches (JY133)
Improvements,Extracted from formula,Sales Approach,Used in Security Alarm (JZ133)
Improvements,Extracted from formula,Sales Approach,Used in Self Parking (KA133)
Improvements,Extracted from formula,Sales Approach,Used in Signature Restaurant (KB133)
Improvements,Extracted from formula,Sales Approach,Used in Ski Access_Non_Direct (KC133)
Improvements,Extracted from formula,Sales Approach,Used in Ski In (KD133)
Improvements,Extracted from formula,Sales Approach,Used in Ski In_Ski Out (KE133)
Improvements,Extracted from formula,Sales Approach,Used in Ski Out (KF133)
Improvements,Extracted from formula,Sales Approach,Used in Slot Machines (KG133)
Improvements,Extracted from formula,Sales Approach,Used in Smoke_Free (KH133)
Improvements,Extracted from formula,Sales Approach,Used in Spa Retail (KI133)
Improvements,Extracted from formula,Sales Approach,Used in Spa Treatment Rooms (KJ133)
Improvements,Extracted from formula,Sales Approach,Used in Sport Court (KK133)
Improvements,Extracted from formula,Sales Approach,Used in Sport Field (KL133)
Improvements,Extracted from formula,Sales Approach,Used in Staffed Business Center (KM133)
Improvements,Extracted from formula,Sales Approach,Used in Stainless Steel Appliances (KN133)
Improvements,Extracted from formula,Sales Approach,Used in Steam Room (KO133)
Improvements,Extracted from formula,Sales Approach,Used in Storm Shelter (KP133)
Improvements,Extracted from formula,Sales Approach,Used in Stove_Oven (KQ133)
Improvements,Extracted from formula,Sales Approach,Used in Sundries Counter (KR133)
Improvements,Extracted from formula,Sales Approach,Used in Table Games (KS133)
Improvements,Extracted from formula,Sales Approach,Used in Tennis Court (KT133)
Improvements,Extracted from formula,Sales Approach,Used in Town Car (KU133)
Improvements,Extracted from formula,Sales Approach,Used in Truck Parking (KV133)
Improvements,Extracted from formula,Sales Approach,Used in UPS_Leased (KW133)
Improvements,Extracted from formula,Sales Approach,Used in Valet Laundry (KX133)
Improvements,Extracted from formula,Sales Approach,Used in Valet Parking (KY133)
Improvements,Extracted from formula,Sales Approach,Used in Vaulted Ceilings (KZ133)
Improvements,Extracted from formula,Sales Approach,Used in Volleyball (LA133)
Improvements,Extracted from formula,Sales Approach,Used in Walk In Closets (LB133)
Improvements,Extracted from formula,Sales Approach,Used in Water Access (LC133)
Improvements,Extracted from formula,Sales Approach,Used in Waterslide (LD133)
Improvements,Extracted from formula,Sales Approach,Used in Wedding Venue (LE133)
Improvements,Extracted from formula,Sales Approach,Used in Whirlpool (LF133)
Improvements,Extracted from formula,Sales Approach,Used in Window Coverings_Blinds (LG133)
Improvements,Extracted from formula,Sales Approach,Used in Window Coverings_Drapes (LH133)
Improvements,Extracted from formula,Sales Approach,Used in Window Coverings_Shades (LI133)
Improvements,Extracted from formula,Sales Approach,Used in Yoga Room (LJ133)
Improvements,Extracted from formula,Sales Approach,Used in Auto (FU138)
Improvements,Extracted from formula,Sales Approach,Used in Auto (FV138)
Improvements,Extracted from formula,Sales Approach,Used in Auto (FW138)
Improvements,Extracted from formula,Sales Approach,Used in Auto (FX138)
Improvements,Extracted from formula,Sales Approach,Used in Auto (FY138)
Improvements,Extracted from formula,Sales Approach,Used in Auto (FZ138)
Improvements,Extracted from formula,Sales Approach,Used in Auto (GA138)
Improvements,Extracted from formula,Sales Approach,Used in Auto (GB138)
Improvements,Extracted from formula,Sales Approach,Used in Auto (GC138)
Improvements,Extracted from formula,Sales Approach,Used in Auto (GD138)
Improvements,Extracted from formula,Sales Approach,Used in Auto (GE138)
Improvements,Extracted from formula,Sales Approach,Used in Auto (GF138)
Improvements,Extracted from formula,Sales Approach,Used in Auto (GG138)
Improvements,Extracted from formula,Sales Approach,Used in Auto (GH138)
Improvements,Extracted from formula,Sales Approach,Used in Auto (GI138)
Improvements,Extracted from formula,Sales Approach,Used in Auto (GJ138)
Improvements,Extracted from formula,Sales Approach,Used in Auto (GK138)
Improvements,Extracted from formula,Sales Approach,Used in Auto (GL138)
Improvements,Extracted from formula,Sales Approach,Used in Auto (GM138)
Improvements,Extracted from formula,Sales Approach,Used in Auto (GN138)
Improvements,Extracted from formula,Sales Approach,Used in Auto (GO138)
Improvements,Extracted from formula,Sales Approach,Used in Auto (GP138)
Improvements,Extracted from formula,Sales Approach,Used in Auto (GQ138)
Improvements,Extracted from formula,Sales Approach,Used in Auto (GR138)
Improvements,Extracted from formula,Sales Approach,Used in Auto (GS138)
Improvements,Extracted from formula,Sales Approach,Used in Auto (GT138)
Improvements,Extracted from formula,Sales Approach,Used in Auto (GU138)
Improvements,Extracted from formula,Sales Approach,Used in Auto (GV138)
Improvements,Extracted from formula,Sales Approach,Used in Auto (GW138)
Improvements,Extracted from formula,Sales Approach,Used in Auto (GX138)
Improvements,Extracted from formula,Sales Approach,Used in Auto (GY138)
Improvements,Extracted from formula,Sales Approach,Used in Auto (GZ138)
Improvements,Extracted from formula,Sales Approach,Used in Auto (HA138)
Improvements,Extracted from formula,Sales Approach,Used in Auto (HB138)
Improvements,Extracted from formula,Sales Approach,Used in Auto (HC138)
Improvements,Extracted from formula,Sales Approach,Used in Auto (HD138)
Improvements,Extracted from formula,Sales Approach,Used in Auto (HE138)
Improvements,Extracted from formula,Sales Approach,Used in Auto (HF138)
Improvements,Extracted from formula,Sales Approach,Used in Auto (HG138)
Improvements,Extracted from formula,Sales Approach,Used in Auto (HH138)
Improvements,Extracted from formula,Sales Approach,Used in Auto (HI138)
Improvements,Extracted from formula,Sales Approach,Used in Auto (HJ138)
Improvements,Extracted from formula,Sales Approach,Used in Auto (HK138)
Improvements,Extracted from formula,Sales Approach,Used in Auto (HL138)
Improvements,Extracted from formula,Sales Approach,Used in Auto (HM138)
Improvements,Extracted from formula,Sales Approach,Used in Auto (HN138)
Improvements,Extracted from formula,Sales Approach,Used in Auto (HO138)
Improvements,Extracted from formula,Sales Approach,Used in Auto (HP138)
Improvements,Extracted from formula,Sales Approach,Used in Auto (HQ138)
Improvements,Extracted from formula,Sales Approach,Used in Auto (HR138)
Improvements,Extracted from formula,Sales Approach,Used in Auto (HS138)
Improvements,Extracted from formula,Sales Approach,Used in Auto (HT138)
Improvements,Extracted from formula,Sales Approach,Used in Auto (HU138)
Improvements,Extracted from formula,Sales Approach,Used in Auto (HV138)
Improvements,Extracted from formula,Sales Approach,Used in Auto (HW138)
Improvements,Extracted from formula,Sales Approach,Used in Auto (HX138)
Improvements,Extracted from formula,Sales Approach,Used in Auto (HY138)
Improvements,Extracted from formula,Sales Approach,Used in Auto (HZ138)
Improvements,Extracted from formula,Sales Approach,Used in Auto (IA138)
Improvements,Extracted from formula,Sales Approach,Used in Auto (IB138)
Improvements,Extracted from formula,Sales Approach,Used in Auto (IC138)
Improvements,Extracted from formula,Sales Approach,Used in Auto (ID138)
Improvements,Extracted from formula,Sales Approach,Used in Auto (IE138)
Improvements,Extracted from formula,Sales Approach,Used in Auto (IF138)
Improvements,Extracted from formula,Sales Approach,Used in Auto (IG138)
Improvements,Extracted from formula,Sales Approach,Used in Auto (IH138)
Improvements,Extracted from formula,Sales Approach,Used in Auto (II138)
Improvements,Extracted from formula,Sales Approach,Used in Auto (IJ138)
Improvements,Extracted from formula,Sales Approach,Used in Auto (IK138)
Improvements,Extracted from formula,Sales Approach,Used in Auto (IL138)
Improvements,Extracted from formula,Sales Approach,Used in Auto (IM138)
Improvements,Extracted from formula,Sales Approach,Used in Auto (IN138)
Improvements,Extracted from formula,Sales Approach,Used in Auto (IO138)
Improvements,Extracted from formula,Sales Approach,Used in Auto (IP138)
Improvements,Extracted from formula,Sales Approach,Used in Auto (IQ138)
Improvements,Extracted from formula,Sales Approach,Used in Auto (IR138)
Improvements,Extracted from formula,Sales Approach,Used in Auto (IS138)
Improvements,Extracted from formula,Sales Approach,Used in Auto (IT138)
Improvements,Extracted from formula,Sales Approach,Used in Auto (IU138)
Improvements,Extracted from formula,Sales Approach,Used in Auto (IV138)
Improvements,Extracted from formula,Sales Approach,Used in Auto (IW138)
Improvements,Extracted from formula,Sales Approach,Used in Auto (IX138)
Improvements,Extracted from formula,Sales Approach,Used in Auto (IY138)
Improvements,Extracted from formula,Sales Approach,Used in Auto (IZ138)
Improvements,Extracted from formula,Sales Approach,Used in Auto (JA138)
Improvements,Extracted from formula,Sales Approach,Used in Auto (JB138)
Improvements,Extracted from formula,Sales Approach,Used in Auto (JC138)
Improvements,Extracted from formula,Sales Approach,Used in Auto (JD138)
Improvements,Extracted from formula,Sales Approach,Used in Auto (JE138)
Improvements,Extracted from formula,Sales Approach,Used in Auto (JF138)
Improvements,Extracted from formula,Sales Approach,Used in Auto (JG138)
Improvements,Extracted from formula,Sales Approach,Used in Auto (JH138)
Improvements,Extracted from formula,Sales Approach,Used in Auto (JI138)
Improvements,Extracted from formula,Sales Approach,Used in Auto (JJ138)
Improvements,Extracted from formula,Sales Approach,Used in Auto (JK138)
Improvements,Extracted from formula,Sales Approach,Used in Auto (JL138)
Improvements,Extracted from formula,Sales Approach,Used in Auto (JM138)
Improvements,Extracted from formula,Sales Approach,Used in Auto (JN138)
Improvements,Extracted from formula,Sales Approach,Used in Auto (JO138)
Improvements,Extracted from formula,Sales Approach,Used in Auto (JP138)
Improvements,Extracted from formula,Sales Approach,Used in Auto (JQ138)
Improvements,Extracted from formula,Sales Approach,Used in Auto (JR138)
Improvements,Extracted from formula,Sales Approach,Used in Auto (JS138)
Improvements,Extracted from formula,Sales Approach,Used in Auto (JT138)
Improvements,Extracted from formula,Sales Approach,Used in Auto (JU138)
Improvements,Extracted from formula,Sales Approach,Used in Auto (JV138)
Improvements,Extracted from formula,Sales Approach,Used in Auto (JW138)
Improvements,Extracted from formula,Sales Approach,Used in Auto (JX138)
Improvements,Extracted from formula,Sales Approach,Used in Auto (JY138)
Improvements,Extracted from formula,Sales Approach,Used in Auto (JZ138)
Improvements,Extracted from formula,Sales Approach,Used in Auto (KA138)
Improvements,Extracted from formula,Sales Approach,Used in Auto (KB138)
Improvements,Extracted from formula,Sales Approach,Used in Auto (KC138)
Improvements,Extracted from formula,Sales Approach,Used in Auto (KD138)
Improvements,Extracted from formula,Sales Approach,Used in Auto (KE138)
Improvements,Extracted from formula,Sales Approach,Used in Auto (KF138)
Improvements,Extracted from formula,Sales Approach,Used in Auto (KG138)
Improvements,Extracted from formula,Sales Approach,Used in Auto (KH138)
Improvements,Extracted from formula,Sales Approach,Used in Auto (KI138)
Improvements,Extracted from formula,Sales Approach,Used in Auto (KJ138)
Improvements,Extracted from formula,Sales Approach,Used in Auto (KK138)
Improvements,Extracted from formula,Sales Approach,Used in Auto (KL138)
Improvements,Extracted from formula,Sales Approach,Used in Auto (KM138)
Improvements,Extracted from formula,Sales Approach,Used in Auto (KN138)
Improvements,Extracted from formula,Sales Approach,Used in Auto (KO138)
Improvements,Extracted from formula,Sales Approach,Used in Auto (KP138)
Improvements,Extracted from formula,Sales Approach,Used in Auto (KQ138)
Improvements,Extracted from formula,Sales Approach,Used in Auto (KR138)
Improvements,Extracted from formula,Sales Approach,Used in Auto (KS138)
Improvements,Extracted from formula,Sales Approach,Used in Auto (KT138)
Improvements,Extracted from formula,Sales Approach,Used in Auto (KU138)
Improvements,Extracted from formula,Sales Approach,Used in Auto (KV138)
Improvements,Extracted from formula,Sales Approach,Used in Auto (KW138)
Improvements,Extracted from formula,Sales Approach,Used in Auto (KX138)
Improvements,Extracted from formula,Sales Approach,Used in Auto (KY138)
Improvements,Extracted from formula,Sales Approach,Used in Auto (KZ138)
Improvements,Extracted from formula,Sales Approach,Used in Auto (LA138)
Improvements,Extracted from formula,Sales Approach,Used in Auto (LB138)
Improvements,Extracted from formula,Sales Approach,Used in Auto (LC138)
Improvements,Extracted from formula,Sales Approach,Used in Auto (LD138)
Improvements,Extracted from formula,Sales Approach,Used in Auto (LE138)
Improvements,Extracted from formula,Sales Approach,Used in Auto (LF138)
Improvements,Extracted from formula,Sales Approach,Used in Auto (LG138)
Improvements,Extracted from formula,Sales Approach,Used in Auto (LH138)
Improvements,Extracted from formula,Sales Approach,Used in Auto (LI138)
Improvements,Extracted from formula,Sales Approach,Used in Auto (LJ138)
Improvements,Extracted from formula,Sales Approach,Used in Subject Property: (BS145)
Improvements,Extracted from formula,Sales Approach,Used in Subject Property: (BT145)
Improvements,Extracted from formula,Sales Approach,Used in Subject Property: (BU145)
Improvements,Extracted from formula,Sales Approach,Used in Subject Property: (BV145)
Improvements,Extracted from formula,Sales Approach,Used in Subject Property: (BW145)
Improvements,Extracted from formula,Sales Approach,Used in Subject Property: (BX145)
Improvements,Extracted from formula,Sales Approach,Used in Subject Property: (BY145)
Improvements,Extracted from formula,Sales Approach,Used in Subject Property: (BZ145)
Improvements,Extracted from formula,Sales Approach,Used in Subject Property: (CA145)
Improvements,Extracted from formula,Sales Approach,Used in Subject Property: (CB145)
Improvements,Extracted from formula,Sales Approach,Used in Subject Property: (CC145)
Improvements,Extracted from formula,Sales Approach,Used in Subject Property: (CD145)
Improvements,Extracted from formula,Sales Approach,Used in Subject Property: (CE145)
Improvements,Extracted from formula,Sales Approach,Used in Subject Property: (CF145)
Improvements,Extracted from formula,Sales Approach,Used in Unknown_Field_CG145 (CG145)
Improvements,Extracted from formula,Sales Approach,Used in Unknown_Field_CH145 (CH145)
Improvements,Extracted from formula,Sales Approach,Used in Unknown_Field_CI145 (CI145)
Improvements,Extracted from formula,Sales Approach,Used in Unknown_Field_CJ145 (CJ145)
Improvements,Extracted from formula,Sales Approach,Used in Unknown_Field_CK145 (CK145)
Improvements,Extracted from formula,Sales Approach,Used in Unknown_Field_CL145 (CL145)
Improvements,Extracted from formula,Sales Approach,Used in Unknown_Field_CM145 (CM145)
Improvements,Extracted from formula,Sales Approach,Used in Unknown_Field_CN145 (CN145)
Improvements,Extracted from formula,Sales Approach,Used in Unknown_Field_CO145 (CO145)
Improvements,Extracted from formula,Sales Approach,Used in Unknown_Field_CP145 (CP145)
Improvements,Extracted from formula,Sales Approach,Used in Unknown_Field_CQ145 (CQ145)
Improvements,Extracted from formula,Sales Approach,Used in Unknown_Field_CR145 (CR145)
Improvements,Extracted from formula,Sales Approach,Used in Unknown_Field_CS145 (CS145)
Improvements,Extracted from formula,Sales Approach,Used in Unknown_Field_CT145 (CT145)
Improvements,Extracted from formula,Sales Approach,Used in Unknown_Field_CU145 (CU145)
Improvements,Extracted from formula,Sales Approach,Used in Unknown_Field_CV145 (CV145)
Improvements,Extracted from formula,Sales Approach,Used in Unknown_Field_CW145 (CW145)
Improvements,Extracted from formula,Sales Approach,Used in Unknown_Field_CX145 (CX145)
Improvements,Extracted from formula,Sales Approach,Used in Unknown_Field_CY145 (CY145)
Improvements,Extracted from formula,Sales Approach,Used in Unknown_Field_CZ145 (CZ145)
Improvements,Extracted from formula,Sales Approach,Used in Unknown_Field_DA145 (DA145)
Improvements,Extracted from formula,Sales Approach,Used in Unknown_Field_DB145 (DB145)
Improvements,Extracted from formula,Sales Approach,Used in Unknown_Field_DC145 (DC145)
Improvements,Extracted from formula,Sales Approach,Used in Unknown_Field_DD145 (DD145)
Improvements,Extracted from formula,Sales Approach,Used in Unknown_Field_DE145 (DE145)
Improvements,Extracted from formula,Sales Approach,Used in Unknown_Field_DF145 (DF145)
Improvements,Extracted from formula,Sales Approach,Used in Unknown_Field_DG145 (DG145)
Improvements,Extracted from formula,Sales Approach,Used in Unknown_Field_DH145 (DH145)
Improvements,Extracted from formula,Sales Approach,Used in Unknown_Field_DI145 (DI145)
Improvements,Extracted from formula,Sales Approach,Used in Unknown_Field_DJ145 (DJ145)
Improvements,Extracted from formula,Sales Approach,Used in Unknown_Field_DK145 (DK145)
Improvements,Extracted from formula,Sales Approach,Used in Unknown_Field_DL145 (DL145)
Improvements,Extracted from formula,Sales Approach,Used in Unknown_Field_DM145 (DM145)
Improvements,Extracted from formula,Sales Approach,Used in Unknown_Field_DN145 (DN145)
Improvements,Extracted from formula,Sales Approach,Used in Unknown_Field_DO145 (DO145)
Improvements,Extracted from formula,Sales Approach,Used in Unknown_Field_DP145 (DP145)
Improvements,Extracted from formula,Sales Approach,Used in Unknown_Field_DQ145 (DQ145)
Improvements,Extracted from formula,Sales Approach,Used in Unknown_Field_DR145 (DR145)
Improvements,Extracted from formula,Sales Approach,Used in Unknown_Field_DS145 (DS145)
Improvements,Extracted from formula,Sales Approach,Used in Unknown_Field_DT145 (DT145)
Improvements,Extracted from formula,Sales Approach,Used in Unknown_Field_DU145 (DU145)
Improvements,Extracted from formula,Sales Approach,Used in Unknown_Field_DV145 (DV145)
Improvements,Extracted from formula,Sales Approach,Used in Unknown_Field_DW145 (DW145)
Improvements,Extracted from formula,Sales Approach,Used in Unknown_Field_DX145 (DX145)
Improvements,Extracted from formula,Sales Approach,Used in Unknown_Field_DY145 (DY145)
Improvements,Extracted from formula,Sales Approach,Used in Unknown_Field_DZ145 (DZ145)
Improvements,Extracted from formula,Sales Approach,Used in Unknown_Field_EA145 (EA145)
Improvements,Extracted from formula,Sales Approach,Used in Unknown_Field_EB145 (EB145)
Improvements,Extracted from formula,Sales Approach,Used in Unknown_Field_EC145 (EC145)
Improvements,Extracted from formula,Sales Approach,Used in Unknown_Field_ED145 (ED145)
Improvements,Extracted from formula,Sales Approach,Used in Unknown_Field_EE145 (EE145)
Improvements,Extracted from formula,Sales Approach,Used in Unknown_Field_EF145 (EF145)
Improvements,Extracted from formula,Sales Approach,Used in Unknown_Field_EG145 (EG145)
Improvements,Extracted from formula,Sales Approach,Used in Unknown_Field_EH145 (EH145)
Improvements,Extracted from formula,Sales Approach,Used in Unknown_Field_EI145 (EI145)
Improvements,Extracted from formula,Sales Approach,Used in Unknown_Field_EJ145 (EJ145)
Improvements,Extracted from formula,Sales Approach,Used in Unknown_Field_EK145 (EK145)
Improvements,Extracted from formula,Sales Approach,Used in Unknown_Field_EL145 (EL145)
Improvements,Extracted from formula,Sales Approach,Used in Unknown_Field_EM145 (EM145)
Improvements,Extracted from formula,Sales Approach,Used in Unknown_Field_EN145 (EN145)
Improvements,Extracted from formula,Sales Approach,Used in Unknown_Field_EO145 (EO145)
Improvements,Extracted from formula,Sales Approach,Used in Unknown_Field_EP145 (EP145)
Improvements,Extracted from formula,Sales Approach,Used in Unknown_Field_EQ145 (EQ145)
Improvements,Extracted from formula,Sales Approach,Used in Unknown_Field_ER145 (ER145)
Improvements,Extracted from formula,Sales Approach,Used in Unknown_Field_ES145 (ES145)
Improvements,Extracted from formula,Sales Approach,Used in Unknown_Field_ET145 (ET145)
Improvements,Extracted from formula,Sales Approach,Used in Unknown_Field_EU145 (EU145)
Improvements,Extracted from formula,Sales Approach,Used in Unknown_Field_EV145 (EV145)
Improvements,Extracted from formula,Sales Approach,Used in Unknown_Field_EW145 (EW145)
Improvements,Extracted from formula,Sales Approach,Used in Unknown_Field_EX145 (EX145)
Improvements,Extracted from formula,Sales Approach,Used in Unknown_Field_EY145 (EY145)
Improvements,Extracted from formula,Sales Approach,Used in Unknown_Field_EZ145 (EZ145)
Improvements,Extracted from formula,Sales Approach,Used in Unknown_Field_FA145 (FA145)
Improvements,Extracted from formula,Sales Approach,Used in Unknown_Field_FB145 (FB145)
Improvements,Extracted from formula,Sales Approach,Used in Unknown_Field_FC145 (FC145)
Improvements,Extracted from formula,Sales Approach,Used in Unknown_Field_FD145 (FD145)
Improvements,Extracted from formula,Sales Approach,Used in Unknown_Field_FE145 (FE145)
Improvements,Extracted from formula,Sales Approach,Used in Unknown_Field_FF145 (FF145)
Improvements,Extracted from formula,Sales Approach,Used in Unknown_Field_FG145 (FG145)
Improvements,Extracted from formula,Sales Approach,Used in Unknown_Field_FH145 (FH145)
Improvements,Extracted from formula,Sales Approach,Used in Unknown_Field_FI145 (FI145)
Improvements,Extracted from formula,Sales Approach,Used in Unknown_Field_FJ145 (FJ145)
Improvements,Extracted from formula,Sales Approach,Used in Unknown_Field_FK145 (FK145)
Improvements,Extracted from formula,Sales Approach,Used in Unknown_Field_FL145 (FL145)
Improvements,Extracted from formula,Sales Approach,Used in Unknown_Field_FM145 (FM145)
Improvements,Extracted from formula,Sales Approach,Used in Unknown_Field_FN145 (FN145)
Improvements,Extracted from formula,Sales Approach,Used in Unknown_Field_FO145 (FO145)
Improvements,Extracted from formula,Sales Approach,Used in Unknown_Field_FP145 (FP145)
Improvements,Extracted from formula,Sales Approach,Used in Unknown_Field_FQ145 (FQ145)
Improvements,Extracted from formula,Sales Approach,Used in Unknown_Field_FR145 (FR145)
Improvements,Extracted from formula,Sales Approach,Used in Unknown_Field_FS145 (FS145)
Improvements,Extracted from formula,Sales Approach,Used in Unknown_Field_FT145 (FT145)
Improvements,Extracted from formula,Sales Approach,Used in Subject (ME157)
Improvements,Extracted from formula,Sales Approach,Used in Subject (MF157)
Improvements,Extracted from formula,Sales Approach,Used in Subject (MG157)
Improvements,Extracted from formula,Sales Approach,Used in Subject (MH157)
Improvements,Extracted from formula,Sales Approach,Used in Subject (MI157)
Improvements,Extracted from formula,Sales Approach,Used in Subject (MJ157)
Improvements,Extracted from formula,Sales Approach,Used in Subject (MK157)
Improvements,Extracted from formula,Sales Approach,Used in Subject (ML157)
Improvements,Extracted from formula,Sales Approach,Used in Subject (MM157)
Improvements,Extracted from formula,Sales Approach,Used in Subject (MN157)
Improvements,Extracted from formula,Sales Approach,Used in Subject (MO157)
Improvements,Extracted from formula,Sales Approach,Used in Unknown_Field_MP157 (MP157)
Improvements,Extracted from formula,Sales Approach,Used in Unknown_Field_MQ157 (MQ157)
Improvements,Extracted from formula,Sales Approach,Used in Unknown_Field_MR157 (MR157)
Improvements,Extracted from formula,Sales Approach,Used in Unknown_Field_MS157 (MS157)
Improvements,Extracted from formula,Sales Approach,Used in Unknown_Field_MT157 (MT157)
Improvements,Extracted from formula,Sales Approach,Used in Unknown_Field_MU157 (MU157)
Improvements,Extracted from formula,Sales Approach,Used in Unknown_Field_MV157 (MV157)
Improvements,Extracted from formula,Sales Approach,Used in Unknown_Field_MW157 (MW157)
Improvements,Extracted from formula,Sales Approach,Used in Unknown_Field_MX157 (MX157)
Improvements,Extracted from formula,Sales Approach,Used in Unknown_Field_MY157 (MY157)
Improvements,Extracted from formula,Sales Approach,Used in Unknown_Field_MZ157 (MZ157)
Improvements,Extracted from formula,Sales Approach,Used in Unknown_Field_NA157 (NA157)
Improvements,Extracted from formula,Sales Approach,Used in Unknown_Field_NB157 (NB157)
Improvements,Extracted from formula,Sales Approach,Used in Unknown_Field_NC157 (NC157)
Improvements,Extracted from formula,Sales Approach,Used in Unknown_Field_ND157 (ND157)
Improvements,Extracted from formula,Sales Approach,Used in Unknown_Field_NE157 (NE157)
Improvements,Extracted from formula,Sales Approach,Used in Unknown_Field_NF157 (NF157)
Improvements,Extracted from formula,Sales Approach,Used in Unknown_Field_NG157 (NG157)
Improvements,Extracted from formula,Sales Approach,Used in Unknown_Field_NH157 (NH157)
Improvements,Extracted from formula,Sales Approach,Used in Unknown_Field_NI157 (NI157)
Improvements,Extracted from formula,Sales Approach,Used in Unknown_Field_NJ157 (NJ157)
Improvements,Extracted from formula,Sales Approach,Used in Unknown_Field_NK157 (NK157)
Improvements,Extracted from formula,Sales Approach,Used in Unknown_Field_NL157 (NL157)
Improvements,Extracted from formula,Sales Approach,Used in Unknown_Field_NM157 (NM157)
Improvements,Extracted from formula,Sales Approach,Used in Unknown_Field_NN157 (NN157)
Market Rent,Extracted from formula,Sales Approach,Used in Weighting >> (ME159)
Market Rent,Extracted from formula,Sales Approach,Used in Weighting >> (MF159)
Market Rent,Extracted from formula,Sales Approach,Used in Weighting >> (MG159)
Market Rent,Extracted from formula,Sales Approach,Used in Weighting >> (MH159)
Market Rent,Extracted from formula,Sales Approach,Used in Weighting >> (MI159)
Market Rent,Extracted from formula,Sales Approach,Used in Weighting >> (MJ159)
Market Rent,Extracted from formula,Sales Approach,Used in Weighting >> (MK159)
Market Rent,Extracted from formula,Sales Approach,Used in Weighting >> (ML159)
Market Rent,Extracted from formula,Sales Approach,Used in Weighting >> (MM159)
Market Rent,Extracted from formula,Sales Approach,Used in Weighting >> (MN159)
Market Rent,Extracted from formula,Sales Approach,Used in Weighting >> (MO159)
Market Rent,Extracted from formula,Sales Approach,Used in Weighting >> (MP159)
Market Rent,Extracted from formula,Sales Approach,Used in Weighting >> (MQ159)
Market Rent,Extracted from formula,Sales Approach,Used in Weighting >> (MR159)
Market Rent,Extracted from formula,Sales Approach,Used in Weighting >> (MS159)
Market Rent,Extracted from formula,Sales Approach,Used in Unknown_Field_MT159 (MT159)
Market Rent,Extracted from formula,Sales Approach,Used in Unknown_Field_MU159 (MU159)
Market Rent,Extracted from formula,Sales Approach,Used in Unknown_Field_MV159 (MV159)
Market Rent,Extracted from formula,Sales Approach,Used in Unknown_Field_MW159 (MW159)
Market Rent,Extracted from formula,Sales Approach,Used in Unknown_Field_MX159 (MX159)
Market Rent,Extracted from formula,Sales Approach,Used in Unknown_Field_MY159 (MY159)
Market Rent,Extracted from formula,Sales Approach,Used in Unknown_Field_MZ159 (MZ159)
Market Rent,Extracted from formula,Sales Approach,Used in Unknown_Field_NA159 (NA159)
Market Rent,Extracted from formula,Sales Approach,Used in Unknown_Field_NB159 (NB159)
Market Rent,Extracted from formula,Sales Approach,Used in Unknown_Field_NC159 (NC159)
Market Rent,Extracted from formula,Sales Approach,Used in Unknown_Field_ND159 (ND159)
Market Rent,Extracted from formula,Sales Approach,Used in Unknown_Field_NE159 (NE159)
Market Rent,Extracted from formula,Sales Approach,Used in Unknown_Field_NF159 (NF159)
Market Rent,Extracted from formula,Sales Approach,Used in Unknown_Field_NG159 (NG159)
Market Rent,Extracted from formula,Sales Approach,Used in Unknown_Field_NH159 (NH159)
Market Rent,Extracted from formula,Sales Approach,Used in Unknown_Field_NI159 (NI159)
Market Rent,Extracted from formula,Sales Approach,Used in Unknown_Field_NJ159 (NJ159)
Market Rent,Extracted from formula,Sales Approach,Used in Unknown_Field_NK159 (NK159)
Market Rent,Extracted from formula,Sales Approach,Used in Unknown_Field_NL159 (NL159)
Market Rent,Extracted from formula,Sales Approach,Used in Unknown_Field_NM159 (NM159)
Market Rent,Extracted from formula,Sales Approach,Used in Unknown_Field_NN159 (NN159)
Improvements,Extracted from formula,Sales Approach,Used in Subject Property: (ME169)
Improvements,Extracted from formula,Sales Approach,Used in Subject Property: (MF169)
Improvements,Extracted from formula,Sales Approach,Used in Subject Property: (MG169)
Improvements,Extracted from formula,Sales Approach,Used in Subject Property: (MH169)
Improvements,Extracted from formula,Sales Approach,Used in Subject Property: (MI169)
Improvements,Extracted from formula,Sales Approach,Used in Subject Property: (MJ169)
Improvements,Extracted from formula,Sales Approach,Used in Subject Property: (MK169)
Improvements,Extracted from formula,Sales Approach,Used in Subject Property: (ML169)
Improvements,Extracted from formula,Sales Approach,Used in Subject Property: (MM169)
Improvements,Extracted from formula,Sales Approach,Used in Subject Property: (MN169)
Improvements,Extracted from formula,Sales Approach,Used in Subject Property: (MO169)
Improvements,Extracted from formula,Sales Approach,Used in Subject Property: (MP169)
Improvements,Extracted from formula,Sales Approach,Used in Subject Property: (MQ169)
Improvements,Extracted from formula,Sales Approach,Used in Subject Property: (MR169)
Improvements,Extracted from formula,Sales Approach,Used in Unknown_Field_MS169 (MS169)
Improvements,Extracted from formula,Sales Approach,Used in Unknown_Field_MT169 (MT169)
Improvements,Extracted from formula,Sales Approach,Used in Unknown_Field_MU169 (MU169)
Improvements,Extracted from formula,Sales Approach,Used in Unknown_Field_MV169 (MV169)
Improvements,Extracted from formula,Sales Approach,Used in Unknown_Field_MW169 (MW169)
Improvements,Extracted from formula,Sales Approach,Used in Unknown_Field_MX169 (MX169)
Improvements,Extracted from formula,Sales Approach,Used in Unknown_Field_MY169 (MY169)
Improvements,Extracted from formula,Sales Approach,Used in Unknown_Field_MZ169 (MZ169)
Improvements,Extracted from formula,Sales Approach,Used in Unknown_Field_NA169 (NA169)
Improvements,Extracted from formula,Sales Approach,Used in Unknown_Field_NB169 (NB169)
Improvements,Extracted from formula,Sales Approach,Used in Unknown_Field_NC169 (NC169)
Improvements,Extracted from formula,Sales Approach,Used in Unknown_Field_ND169 (ND169)
Improvements,Extracted from formula,Sales Approach,Used in Unknown_Field_NE169 (NE169)
Improvements,Extracted from formula,Sales Approach,Used in Unknown_Field_NF169 (NF169)
Improvements,Extracted from formula,Sales Approach,Used in Unknown_Field_NG169 (NG169)
Improvements,Extracted from formula,Sales Approach,Used in Unknown_Field_NH169 (NH169)
Improvements,Extracted from formula,Sales Approach,Used in Unknown_Field_NI169 (NI169)
Improvements,Extracted from formula,Sales Approach,Used in Unknown_Field_NJ169 (NJ169)
Improvements,Extracted from formula,Sales Approach,Used in Unknown_Field_NK169 (NK169)
Improvements,Extracted from formula,Sales Approach,Used in Unknown_Field_NL169 (NL169)
Improvements,Extracted from formula,Sales Approach,Used in Unknown_Field_NM169 (NM169)
Improvements,Extracted from formula,Sales Approach,Used in Unknown_Field_NN169 (NN169)
PartnerLists,Extracted from formula,Sales Approach,Used in Reliance Methodology (OO297)
PartnerLists,Extracted from formula,Sales Approach,Used in VeryHidden (QH323)
ProForma,Extracted from formula,Sales Approach,Used in Subject Operating Expense Ratio (TM468)
ProForma,Extracted from formula,Sales Approach,Used in Year-1 (UD509)
ProForma,Extracted from formula,Sales Approach,Used in Year-1 (UE509)
ProForma,Extracted from formula,Sales Approach,Used in Year-1 (UF509)
ProForma,Extracted from formula,Sales Approach,Used in Year-1 (UG509)
ProForma,Extracted from formula,Sales Approach,Used in Year-1 (UH509)
ProForma,Extracted from formula,Sales Approach,Used in Year-1 (UI509)
ProForma,Extracted from formula,Sales Approach,Used in Year-1 (UJ509)
ProForma,Extracted from formula,Sales Approach,Used in VeryHidden (UC510)
ProForma,Extracted from formula,Sales Approach,Used in VeryHidden (UD510)
ProForma,Extracted from formula,Sales Approach,Used in VeryHidden (UE510)
ProForma,Extracted from formula,Sales Approach,Used in VeryHidden (UF510)
ProForma,Extracted from formula,Sales Approach,Used in VeryHidden (UG510)
ProForma,Extracted from formula,Sales Approach,Used in VeryHidden (UH510)
ProForma,Extracted from formula,Sales Approach,Used in VeryHidden (UI510)
ProForma,Extracted from formula,Sales Approach,Used in VeryHidden (UJ510)
Improvements,Extracted from formula,Sales Approach,Used in Auto (UU577)
Improvements,Extracted from formula,Sales Approach,Used in Lease Up (UU578)
Improvements,Extracted from formula,Sales Approach,Used in Deferred Maintenance (UU579)
Improvements,Extracted from formula,Sales Approach,Used in Auto (UU580)
Improvements,Extracted from formula,Sales Approach,Used in Auto (UU581)
Improvements,Extracted from formula,Sales Approach,Used in Auto (UU582)
Improvements,Extracted from formula,Sales Approach,Used in Auto (UU583)
Improvements,Extracted from formula,Sales Approach,Used in Auto (UU590)
Improvements,Extracted from formula,Sales Approach,Used in Lease Up (UU591)
Improvements,Extracted from formula,Sales Approach,Used in Deferred Maintenance (UU592)
Improvements,Extracted from formula,Sales Approach,Used in Auto (UU593)
Improvements,Extracted from formula,Sales Approach,Used in Auto (UU594)
Improvements,Extracted from formula,Sales Approach,Used in Auto (UU595)
Improvements,Extracted from formula,Sales Approach,Used in Auto (UU596)
Improvements,Extracted from formula,Sales Approach,Used in Auto (UU606)
Improvements,Extracted from formula,Sales Approach,Used in Deferred Maintenance (UU607)
Improvements,Extracted from formula,Sales Approach,Used in Lease Up (UU608)
Improvements,Extracted from formula,Sales Approach,Used in Auto (UT609)
Improvements,Extracted from formula,Sales Approach,Used in Auto (UU609)
Improvements,Extracted from formula,Sales Approach,Used in Auto (UT610)
Improvements,Extracted from formula,Sales Approach,Used in Auto (UU610)
Improvements,Extracted from formula,Sales Approach,Used in Auto (UT611)
Improvements,Extracted from formula,Sales Approach,Used in Auto (UU611)
Improvements,Extracted from formula,Sales Approach,Used in Auto (UT612)
Improvements,Extracted from formula,Sales Approach,Used in Auto (UU612)
SaleCompProfileSetup,Extracted from formula,Sale Comp Profiles,Used in VeryHidden (L1)
PartnerLists,Extracted from formula,Income Approach Setup,Used in Import financials in this year and newer than this year (H27)
Improvements,Extracted from formula,Lease Grid,Used in No. of Units (G42)
Improvements,Extracted from formula,Lease Grid,Used in WDIU (EG990)
Improvements,Extracted from formula,Lease Grid,Used in WDIU (EH990)
Improvements,Extracted from formula,Lease Grid,Used in WDH (EG991)
Improvements,Extracted from formula,Lease Grid,Used in WDH (EH991)
Improvements,Extracted from formula,Lease Grid,Used in DW (EG992)
Improvements,Extracted from formula,Lease Grid,Used in DW (EH992)
Improvements,Extracted from formula,Lease Grid,Used in DSP (EG993)
Improvements,Extracted from formula,Lease Grid,Used in DSP (EH993)
Improvements,Extracted from formula,Lease Grid,Used in TC (EG994)
Improvements,Extracted from formula,Lease Grid,Used in TC (EH994)
Improvements,Extracted from formula,Lease Grid,Used in SSA (EG995)
Improvements,Extracted from formula,Lease Grid,Used in SSA (EH995)
Improvements,Extracted from formula,Lease Grid,Used in RF (EG996)
Improvements,Extracted from formula,Lease Grid,Used in RF (EH996)
Improvements,Extracted from formula,Lease Grid,Used in SO (EG997)
Improvements,Extracted from formula,Lease Grid,Used in SO (EH997)
Improvements,Extracted from formula,Lease Grid,Used in MW (EG998)
Improvements,Extracted from formula,Lease Grid,Used in MW (EH998)
Improvements,Extracted from formula,Lease Grid,Used in CDB (EG999)
Improvements,Extracted from formula,Lease Grid,Used in CDB (EH999)
Improvements,Extracted from formula,Lease Grid,Used in FCC (EG1000)
Improvements,Extracted from formula,Lease Grid,Used in FCC (EH1000)
Improvements,Extracted from formula,Lease Grid,Used in FCO (EG1001)
Improvements,Extracted from formula,Lease Grid,Used in FCO (EH1001)
Improvements,Extracted from formula,Lease Grid,Used in FCW (EG1002)
Improvements,Extracted from formula,Lease Grid,Used in FCW (EH1002)
Improvements,Extracted from formula,Lease Grid,Used in FWC (EG1003)
Improvements,Extracted from formula,Lease Grid,Used in FWC (EH1003)
Improvements,Extracted from formula,Lease Grid,Used in FCV (EG1004)
Improvements,Extracted from formula,Lease Grid,Used in FCV (EH1004)
Improvements,Extracted from formula,Lease Grid,Used in FCT (EG1005)
Improvements,Extracted from formula,Lease Grid,Used in FCT (EH1005)
Improvements,Extracted from formula,Lease Grid,Used in WCB (EG1006)
Improvements,Extracted from formula,Lease Grid,Used in WCB (EH1006)
Improvements,Extracted from formula,Lease Grid,Used in WCS (EG1007)
Improvements,Extracted from formula,Lease Grid,Used in WCS (EH1007)
Improvements,Extracted from formula,Lease Grid,Used in WCD (EG1008)
Improvements,Extracted from formula,Lease Grid,Used in WCD (EH1008)
Improvements,Extracted from formula,Lease Grid,Used in AC (EG1009)
Improvements,Extracted from formula,Lease Grid,Used in AC (EH1009)
Improvements,Extracted from formula,Lease Grid,Used in CEN (EG1010)
Improvements,Extracted from formula,Lease Grid,Used in CEN (EH1010)
Improvements,Extracted from formula,Lease Grid,Used in WIWU (EG1011)
Improvements,Extracted from formula,Lease Grid,Used in WIWU (EH1011)
Improvements,Extracted from formula,Lease Grid,Used in WIC (EG1012)
Improvements,Extracted from formula,Lease Grid,Used in WIC (EH1012)
Improvements,Extracted from formula,Lease Grid,Used in SIU (EG1013)
Improvements,Extracted from formula,Lease Grid,Used in SIU (EH1013)
Improvements,Extracted from formula,Lease Grid,Used in PB (EG1014)
Improvements,Extracted from formula,Lease Grid,Used in PB (EH1014)
Improvements,Extracted from formula,Lease Grid,Used in FP (EG1015)
Improvements,Extracted from formula,Lease Grid,Used in FP (EH1015)
Improvements,Extracted from formula,Lease Grid,Used in VC (EG1016)
Improvements,Extracted from formula,Lease Grid,Used in VC (EH1016)
Improvements,Extracted from formula,Lease Grid,Used in GC (EG1017)
Improvements,Extracted from formula,Lease Grid,Used in GC (EH1017)
Improvements,Extracted from formula,Lease Grid,Used in CF (EG1018)
Improvements,Extracted from formula,Lease Grid,Used in CF (EH1018)
Improvements,Extracted from formula,Lease Grid,Used in AF (EG1019)
Improvements,Extracted from formula,Lease Grid,Used in AF (EH1019)
Improvements,Extracted from formula,Lease Grid,Used in EPC (EG1020)
Improvements,Extracted from formula,Lease Grid,Used in EPC (EH1020)
Improvements,Extracted from formula,Lease Grid,Used in SEC (EG1021)
Improvements,Extracted from formula,Lease Grid,Used in SEC (EH1021)
Improvements,Extracted from formula,Lease Grid,Used in CF (EG1022)
Improvements,Extracted from formula,Lease Grid,Used in CF (EH1022)
Improvements,Extracted from formula,Lease Grid,Used in AF (EG1023)
Improvements,Extracted from formula,Lease Grid,Used in AF (EH1023)
Improvements,Extracted from formula,Lease Grid,Used in EPC (EG1024)
Improvements,Extracted from formula,Lease Grid,Used in EPC (EH1024)
Improvements,Extracted from formula,Lease Grid,Used in SEC (EG1025)
Improvements,Extracted from formula,Lease Grid,Used in SEC (EH1025)
Improvements,Extracted from formula,Lease Grid,Used in GUB (EG1029)
Improvements,Extracted from formula,Lease Grid,Used in GUB (EH1029)
Improvements,Extracted from formula,Lease Grid,Used in CP (EG1030)
Improvements,Extracted from formula,Lease Grid,Used in CP (EH1030)
Improvements,Extracted from formula,Lease Grid,Used in CSS (EG1031)
Improvements,Extracted from formula,Lease Grid,Used in CSS (EH1031)
Improvements,Extracted from formula,Lease Grid,Used in PL (EG1032)
Improvements,Extracted from formula,Lease Grid,Used in PL (EH1032)
Improvements,Extracted from formula,Lease Grid,Used in BC (EG1033)
Improvements,Extracted from formula,Lease Grid,Used in BC (EH1033)
Improvements,Extracted from formula,Lease Grid,Used in MR (EG1034)
Improvements,Extracted from formula,Lease Grid,Used in MR (EH1034)
Improvements,Extracted from formula,Lease Grid,Used in FR (EG1035)
Improvements,Extracted from formula,Lease Grid,Used in FR (EH1035)
Improvements,Extracted from formula,Lease Grid,Used in TC (EG1036)
Improvements,Extracted from formula,Lease Grid,Used in TC (EH1036)
Improvements,Extracted from formula,Lease Grid,Used in VB (EG1037)
Improvements,Extracted from formula,Lease Grid,Used in VB (EH1037)
Improvements,Extracted from formula,Lease Grid,Used in BB (EG1038)
Improvements,Extracted from formula,Lease Grid,Used in BB (EH1038)
Improvements,Extracted from formula,Lease Grid,Used in RQB (EG1039)
Improvements,Extracted from formula,Lease Grid,Used in RQB (EH1039)
Improvements,Extracted from formula,Lease Grid,Used in BR (EG1040)
Improvements,Extracted from formula,Lease Grid,Used in BR (EH1040)
Improvements,Extracted from formula,Lease Grid,Used in DR (EG1041)
Improvements,Extracted from formula,Lease Grid,Used in DR (EH1041)
Improvements,Extracted from formula,Lease Grid,Used in CRB (EG1042)
Improvements,Extracted from formula,Lease Grid,Used in CRB (EH1042)
Improvements,Extracted from formula,Lease Grid,Used in PG (EG1043)
Improvements,Extracted from formula,Lease Grid,Used in PG (EH1043)
Improvements,Extracted from formula,Lease Grid,Used in MTR (EG1044)
Improvements,Extracted from formula,Lease Grid,Used in MTR (EH1044)
Improvements,Extracted from formula,Lease Grid,Used in SP (EG1045)
Improvements,Extracted from formula,Lease Grid,Used in SP (EH1045)
Improvements,Extracted from formula,Lease Grid,Used in SHT (EG1046)
Improvements,Extracted from formula,Lease Grid,Used in SHT (EH1046)
Improvements,Extracted from formula,Lease Grid,Used in SNA (EG1047)
Improvements,Extracted from formula,Lease Grid,Used in SNA (EH1047)
Improvements,Extracted from formula,Lease Grid,Used in SEC (EG1048)
Improvements,Extracted from formula,Lease Grid,Used in SEC (EH1048)
Improvements,Extracted from formula,Lease Grid,Used in GE (EG1049)
Improvements,Extracted from formula,Lease Grid,Used in GE (EH1049)
Improvements,Extracted from formula,Lease Grid,Used in NN (EG1050)
Improvements,Extracted from formula,Lease Grid,Used in NN (EH1050)
Improvements,Extracted from formula,Lease Grid,Used in SC (EG1051)
Improvements,Extracted from formula,Lease Grid,Used in SC (EH1051)
Improvements,Extracted from formula,Lease Grid,Used in NSS (EG1052)
Improvements,Extracted from formula,Lease Grid,Used in NSS (EH1052)
Improvements,Extracted from formula,Lease Grid,Used in LF (EG1053)
Improvements,Extracted from formula,Lease Grid,Used in LF (EH1053)
Improvements,Extracted from formula,Lease Grid,Used in STG (EG1054)
Improvements,Extracted from formula,Lease Grid,Used in STG (EH1054)
Improvements,Extracted from formula,Lease Grid,Used in Package Management System (EH1055)
Improvements,Extracted from formula,Lease Grid,Used in SC (EG1056)
Improvements,Extracted from formula,Lease Grid,Used in SC (EH1056)
Improvements,Extracted from formula,Lease Grid,Used in NSS (EG1057)
Improvements,Extracted from formula,Lease Grid,Used in NSS (EH1057)
Lease Grid MF Unit Mix,Extracted from formula,Market Rent,Used in Unknown_Field_U46 (U46)
Lease Grid MF Unit Mix,Extracted from formula,Market Rent,Used in Unknown_Field_V46 (V46)
Lease Grid MF Unit Mix,Extracted from formula,Market Rent,Used in Unknown_Field_W46 (W46)
Lease Grid MF Unit Mix,Extracted from formula,Market Rent,Used in Unknown_Field_X46 (X46)
Lease Grid MF Unit Mix,Extracted from formula,Market Rent,Used in Unknown_Field_Y46 (Y46)
Lease Grid MF Unit Mix,Extracted from formula,Market Rent,Used in Type BR (V47)
MF Market Rent,Extracted from formula,Market Rent,Used in Type BR (V47)
Lease Grid MF Unit Mix,Extracted from formula,Market Rent,Used in Type BR (W47)
MF Market Rent,Extracted from formula,Market Rent,Used in Type BR (W47)
Improvements,Extracted from formula,Market Rent,Used in Unknown_Field_JP237 (JP237)
Improvements,Extracted from formula,Market Rent,Used in Unknown_Field_JQ237 (JQ237)
Improvements,Extracted from formula,Market Rent,Used in Unknown_Field_JR237 (JR237)
Improvements,Extracted from formula,Market Rent,Used in Unknown_Field_JS237 (JS237)
Improvements,Extracted from formula,Market Rent,Used in Unknown_Field_JT237 (JT237)
Improvements,Extracted from formula,Market Rent,Used in Unknown_Field_JU237 (JU237)
Improvements,Extracted from formula,Market Rent,Used in Unknown_Field_JV237 (JV237)
Improvements,Extracted from formula,Market Rent,Used in Unknown_Field_JW237 (JW237)
Improvements,Extracted from formula,Market Rent,Used in Unknown_Field_JX237 (JX237)
Improvements,Extracted from formula,Market Rent,Used in Unknown_Field_JY237 (JY237)
Improvements,Extracted from formula,Market Rent,Used in Unknown_Field_JZ237 (JZ237)
Improvements,Extracted from formula,Market Rent,Used in Unknown_Field_KA237 (KA237)
Improvements,Extracted from formula,Market Rent,Used in Unknown_Field_KB237 (KB237)
Improvements,Extracted from formula,Market Rent,Used in Unknown_Field_KC237 (KC237)
Improvements,Extracted from formula,Market Rent,Used in Unknown_Field_KD237 (KD237)
Improvements,Extracted from formula,Market Rent,Used in Unknown_Field_KE237 (KE237)
Improvements,Extracted from formula,Market Rent,Used in Unknown_Field_KF237 (KF237)
Improvements,Extracted from formula,Market Rent,Used in Unknown_Field_KG237 (KG237)
Improvements,Extracted from formula,Market Rent,Used in Unknown_Field_KH237 (KH237)
Improvements,Extracted from formula,Market Rent,Used in Unknown_Field_KI237 (KI237)
Improvements,Extracted from formula,Market Rent,Used in Unknown_Field_KJ237 (KJ237)
Improvements,Extracted from formula,Market Rent,Used in Unknown_Field_KK237 (KK237)
Improvements,Extracted from formula,Market Rent,Used in Unknown_Field_KL237 (KL237)
Improvements,Extracted from formula,Market Rent,Used in Unknown_Field_KM237 (KM237)
Improvements,Extracted from formula,Market Rent,Used in Unknown_Field_KN237 (KN237)
Improvements,Extracted from formula,Market Rent,Used in Unknown_Field_KO237 (KO237)
Improvements,Extracted from formula,Market Rent,Used in Unknown_Field_KP237 (KP237)
Improvements,Extracted from formula,Market Rent,Used in Unknown_Field_KQ237 (KQ237)
Improvements,Extracted from formula,Market Rent,Used in Unknown_Field_KR237 (KR237)
Improvements,Extracted from formula,Market Rent,Used in Unknown_Field_KS237 (KS237)
Improvements,Extracted from formula,Market Rent,Used in Unknown_Field_KT237 (KT237)
Improvements,Extracted from formula,Market Rent,Used in Unknown_Field_KU237 (KU237)
Improvements,Extracted from formula,Market Rent,Used in Unknown_Field_KV237 (KV237)
Improvements,Extracted from formula,Market Rent,Used in Unknown_Field_KW237 (KW237)
Improvements,Extracted from formula,Market Rent,Used in Unknown_Field_KX237 (KX237)
Improvements,Extracted from formula,Market Rent,Used in Unknown_Field_KY237 (KY237)
Improvements,Extracted from formula,Market Rent,Used in Unknown_Field_KZ237 (KZ237)
Improvements,Extracted from formula,Market Rent,Used in Unknown_Field_LA237 (LA237)
Improvements,Extracted from formula,Market Rent,Used in Unknown_Field_LB237 (LB237)
Improvements,Extracted from formula,Market Rent,Used in Unknown_Field_LC237 (LC237)
Improvements,Extracted from formula,Market Rent,Used in Unknown_Field_LD237 (LD237)
Improvements,Extracted from formula,Market Rent,Used in Unknown_Field_LE237 (LE237)
Improvements,Extracted from formula,Market Rent,Used in Unknown_Field_LF237 (LF237)
Improvements,Extracted from formula,Market Rent,Used in Unknown_Field_LG237 (LG237)
Improvements,Extracted from formula,Market Rent,Used in Unknown_Field_LH237 (LH237)
Improvements,Extracted from formula,Market Rent,Used in Unknown_Field_LI237 (LI237)
Improvements,Extracted from formula,Market Rent,Used in Unknown_Field_LJ237 (LJ237)
Improvements,Extracted from formula,Market Rent,Used in Unknown_Field_LK237 (LK237)
Improvements,Extracted from formula,Market Rent,Used in Unknown_Field_LL237 (LL237)
Improvements,Extracted from formula,Market Rent,Used in Unknown_Field_LM237 (LM237)
Improvements,Extracted from formula,Market Rent,Used in Unknown_Field_LN237 (LN237)
Improvements,Extracted from formula,Market Rent,Used in Unknown_Field_LO237 (LO237)
Improvements,Extracted from formula,Market Rent,Used in Unknown_Field_LP237 (LP237)
Improvements,Extracted from formula,Market Rent,Used in Unknown_Field_LQ237 (LQ237)
Improvements,Extracted from formula,Market Rent,Used in Unknown_Field_LR237 (LR237)
Improvements,Extracted from formula,Market Rent,Used in Unknown_Field_LS237 (LS237)
Improvements,Extracted from formula,Market Rent,Used in Unknown_Field_LT237 (LT237)
Improvements,Extracted from formula,Market Rent,Used in Unknown_Field_LU237 (LU237)
Improvements,Extracted from formula,Market Rent,Used in Unknown_Field_LV237 (LV237)
Improvements,Extracted from formula,Market Rent,Used in Unknown_Field_LW237 (LW237)
Improvements,Extracted from formula,Market Rent,Used in Unknown_Field_LX237 (LX237)
Improvements,Extracted from formula,Market Rent,Used in Unknown_Field_LY237 (LY237)
Improvements,Extracted from formula,Market Rent,Used in Unknown_Field_LZ237 (LZ237)
Improvements,Extracted from formula,Market Rent,Used in Unknown_Field_MA237 (MA237)
Improvements,Extracted from formula,Market Rent,Used in Unknown_Field_MB237 (MB237)
Improvements,Extracted from formula,Market Rent,Used in Unknown_Field_MC237 (MC237)
Improvements,Extracted from formula,Market Rent,Used in Unknown_Field_MD237 (MD237)
Improvements,Extracted from formula,Market Rent,Used in Unknown_Field_ME237 (ME237)
Improvements,Extracted from formula,Market Rent,Used in Unknown_Field_MF237 (MF237)
Improvements,Extracted from formula,Market Rent,Used in Unknown_Field_MG237 (MG237)
Improvements,Extracted from formula,Market Rent,Used in Unknown_Field_MH237 (MH237)
Improvements,Extracted from formula,Market Rent,Used in Unknown_Field_MI237 (MI237)
Improvements,Extracted from formula,Market Rent,Used in Unknown_Field_MJ237 (MJ237)
Improvements,Extracted from formula,Market Rent,Used in Unknown_Field_MK237 (MK237)
Improvements,Extracted from formula,Market Rent,Used in Unknown_Field_ML237 (ML237)
Improvements,Extracted from formula,Market Rent,Used in Unknown_Field_MM237 (MM237)
Improvements,Extracted from formula,Market Rent,Used in Unknown_Field_MN237 (MN237)
Improvements,Extracted from formula,Market Rent,Used in Unknown_Field_MO237 (MO237)
Improvements,Extracted from formula,Market Rent,Used in Unknown_Field_MP237 (MP237)
Improvements,Extracted from formula,Market Rent,Used in Unknown_Field_MQ237 (MQ237)
Improvements,Extracted from formula,Market Rent,Used in Unknown_Field_MR237 (MR237)
Improvements,Extracted from formula,Market Rent,Used in Unknown_Field_MS237 (MS237)
Improvements,Extracted from formula,Market Rent,Used in Unknown_Field_MT237 (MT237)
Improvements,Extracted from formula,Market Rent,Used in Unknown_Field_MU237 (MU237)
Improvements,Extracted from formula,Market Rent,Used in Unknown_Field_MV237 (MV237)
Improvements,Extracted from formula,Market Rent,Used in Unknown_Field_MW237 (MW237)
Improvements,Extracted from formula,Market Rent,Used in Unknown_Field_MX237 (MX237)
Improvements,Extracted from formula,Market Rent,Used in Unknown_Field_MY237 (MY237)
Improvements,Extracted from formula,Market Rent,Used in Unknown_Field_MZ237 (MZ237)
Improvements,Extracted from formula,Market Rent,Used in Unknown_Field_NA237 (NA237)
Improvements,Extracted from formula,Market Rent,Used in Unknown_Field_NB237 (NB237)
Improvements,Extracted from formula,Market Rent,Used in Unknown_Field_NC237 (NC237)
Improvements,Extracted from formula,Market Rent,Used in Unknown_Field_ND237 (ND237)
Improvements,Extracted from formula,Market Rent,Used in Unknown_Field_NE237 (NE237)
Improvements,Extracted from formula,Market Rent,Used in Unknown_Field_NF237 (NF237)
Improvements,Extracted from formula,Market Rent,Used in Unknown_Field_NG237 (NG237)
Improvements,Extracted from formula,Market Rent,Used in Unknown_Field_NH237 (NH237)
Improvements,Extracted from formula,Market Rent,Used in Unknown_Field_NI237 (NI237)
Improvements,Extracted from formula,Market Rent,Used in Unknown_Field_NJ237 (NJ237)
Improvements,Extracted from formula,Market Rent,Used in Unknown_Field_NK237 (NK237)
Improvements,Extracted from formula,Market Rent,Used in Unknown_Field_NL237 (NL237)
Improvements,Extracted from formula,Market Rent,Used in Unknown_Field_NM237 (NM237)
Improvements,Extracted from formula,Market Rent,Used in Unknown_Field_NN237 (NN237)
Improvements,Extracted from formula,Market Rent,Used in Unknown_Field_NO237 (NO237)
Improvements,Extracted from formula,Market Rent,Used in Unknown_Field_NP237 (NP237)
Improvements,Extracted from formula,Market Rent,Used in Unknown_Field_NQ237 (NQ237)
Improvements,Extracted from formula,Market Rent,Used in Unknown_Field_NR237 (NR237)
Improvements,Extracted from formula,Market Rent,Used in Unknown_Field_NS237 (NS237)
Improvements,Extracted from formula,Market Rent,Used in Unknown_Field_NT237 (NT237)
Improvements,Extracted from formula,Market Rent,Used in Unknown_Field_NU237 (NU237)
Improvements,Extracted from formula,Market Rent,Used in Unknown_Field_NV237 (NV237)
Improvements,Extracted from formula,Market Rent,Used in Unknown_Field_NW237 (NW237)
Improvements,Extracted from formula,Market Rent,Used in Unknown_Field_NX237 (NX237)
Improvements,Extracted from formula,Market Rent,Used in Unknown_Field_NY237 (NY237)
Improvements,Extracted from formula,Market Rent,Used in Unknown_Field_NZ237 (NZ237)
Improvements,Extracted from formula,Market Rent,Used in Unknown_Field_OA237 (OA237)
Improvements,Extracted from formula,Market Rent,Used in Unknown_Field_OB237 (OB237)
Improvements,Extracted from formula,Market Rent,Used in Unknown_Field_OC237 (OC237)
Improvements,Extracted from formula,Market Rent,Used in Unknown_Field_OD237 (OD237)
Improvements,Extracted from formula,Market Rent,Used in Unknown_Field_OE237 (OE237)
Improvements,Extracted from formula,Market Rent,Used in Unknown_Field_OF237 (OF237)
Improvements,Extracted from formula,Market Rent,Used in Unknown_Field_OG237 (OG237)
Improvements,Extracted from formula,Market Rent,Used in Unknown_Field_OH237 (OH237)
Improvements,Extracted from formula,Market Rent,Used in Unknown_Field_OI237 (OI237)
Improvements,Extracted from formula,Market Rent,Used in Unknown_Field_OJ237 (OJ237)
Improvements,Extracted from formula,Market Rent,Used in Unknown_Field_OK237 (OK237)
Improvements,Extracted from formula,Market Rent,Used in Unknown_Field_OL237 (OL237)
Improvements,Extracted from formula,Market Rent,Used in Unknown_Field_OM237 (OM237)
Improvements,Extracted from formula,Market Rent,Used in Unknown_Field_ON237 (ON237)
Improvements,Extracted from formula,Market Rent,Used in Unknown_Field_OO237 (OO237)
Improvements,Extracted from formula,Market Rent,Used in Unknown_Field_OP237 (OP237)
Improvements,Extracted from formula,Market Rent,Used in Unknown_Field_OQ237 (OQ237)
Improvements,Extracted from formula,Market Rent,Used in Unknown_Field_OR237 (OR237)
Improvements,Extracted from formula,Market Rent,Used in Unknown_Field_OS237 (OS237)
Improvements,Extracted from formula,Market Rent,Used in Unknown_Field_OT237 (OT237)
Improvements,Extracted from formula,Market Rent,Used in Unknown_Field_OU237 (OU237)
Improvements,Extracted from formula,Market Rent,Used in Unknown_Field_OV237 (OV237)
Improvements,Extracted from formula,Market Rent,Used in Unknown_Field_OW237 (OW237)
Improvements,Extracted from formula,Market Rent,Used in Unknown_Field_OX237 (OX237)
Improvements,Extracted from formula,Market Rent,Used in Unknown_Field_OY237 (OY237)
Improvements,Extracted from formula,Market Rent,Used in Unknown_Field_OZ237 (OZ237)
Improvements,Extracted from formula,Market Rent,Used in Unknown_Field_PA237 (PA237)
Improvements,Extracted from formula,Market Rent,Used in Unknown_Field_PB237 (PB237)
Improvements,Extracted from formula,Market Rent,Used in Unknown_Field_PC237 (PC237)
Improvements,Extracted from formula,Market Rent,Used in Unknown_Field_PD237 (PD237)
Improvements,Extracted from formula,Market Rent,Used in Unknown_Field_PE237 (PE237)
Improvements,Extracted from formula,Market Rent,Used in Unknown_Field_JP238 (JP238)
Improvements,Extracted from formula,Market Rent,Used in Unknown_Field_JQ238 (JQ238)
Improvements,Extracted from formula,Market Rent,Used in Unknown_Field_JR238 (JR238)
Improvements,Extracted from formula,Market Rent,Used in Unknown_Field_JS238 (JS238)
Improvements,Extracted from formula,Market Rent,Used in Unknown_Field_JT238 (JT238)
Improvements,Extracted from formula,Market Rent,Used in Unknown_Field_JU238 (JU238)
Improvements,Extracted from formula,Market Rent,Used in Unknown_Field_JV238 (JV238)
Improvements,Extracted from formula,Market Rent,Used in Unknown_Field_JW238 (JW238)
Improvements,Extracted from formula,Market Rent,Used in Unknown_Field_JX238 (JX238)
Improvements,Extracted from formula,Market Rent,Used in Unknown_Field_JY238 (JY238)
Improvements,Extracted from formula,Market Rent,Used in Unknown_Field_JZ238 (JZ238)
Improvements,Extracted from formula,Market Rent,Used in Unknown_Field_KA238 (KA238)
Improvements,Extracted from formula,Market Rent,Used in Unknown_Field_KB238 (KB238)
Improvements,Extracted from formula,Market Rent,Used in Unknown_Field_KC238 (KC238)
Improvements,Extracted from formula,Market Rent,Used in Unknown_Field_KD238 (KD238)
Improvements,Extracted from formula,Market Rent,Used in Unknown_Field_KE238 (KE238)
Improvements,Extracted from formula,Market Rent,Used in Unknown_Field_KF238 (KF238)
Improvements,Extracted from formula,Market Rent,Used in Unknown_Field_KG238 (KG238)
Improvements,Extracted from formula,Market Rent,Used in Unknown_Field_KH238 (KH238)
Improvements,Extracted from formula,Market Rent,Used in Unknown_Field_KI238 (KI238)
Improvements,Extracted from formula,Market Rent,Used in Unknown_Field_KJ238 (KJ238)
Improvements,Extracted from formula,Market Rent,Used in Unknown_Field_KK238 (KK238)
Improvements,Extracted from formula,Market Rent,Used in Unknown_Field_KL238 (KL238)
Improvements,Extracted from formula,Market Rent,Used in Unknown_Field_KM238 (KM238)
Improvements,Extracted from formula,Market Rent,Used in Unknown_Field_KN238 (KN238)
Improvements,Extracted from formula,Market Rent,Used in Unknown_Field_KO238 (KO238)
Improvements,Extracted from formula,Market Rent,Used in Unknown_Field_KP238 (KP238)
Improvements,Extracted from formula,Market Rent,Used in Unknown_Field_KQ238 (KQ238)
Improvements,Extracted from formula,Market Rent,Used in Unknown_Field_KR238 (KR238)
Improvements,Extracted from formula,Market Rent,Used in Unknown_Field_KS238 (KS238)
Improvements,Extracted from formula,Market Rent,Used in Unknown_Field_KT238 (KT238)
Improvements,Extracted from formula,Market Rent,Used in Unknown_Field_KU238 (KU238)
Improvements,Extracted from formula,Market Rent,Used in Unknown_Field_KV238 (KV238)
Improvements,Extracted from formula,Market Rent,Used in Unknown_Field_KW238 (KW238)
Improvements,Extracted from formula,Market Rent,Used in Unknown_Field_KX238 (KX238)
Improvements,Extracted from formula,Market Rent,Used in Unknown_Field_KY238 (KY238)
Improvements,Extracted from formula,Market Rent,Used in Unknown_Field_KZ238 (KZ238)
Improvements,Extracted from formula,Market Rent,Used in Unknown_Field_LA238 (LA238)
Improvements,Extracted from formula,Market Rent,Used in Unknown_Field_LB238 (LB238)
Improvements,Extracted from formula,Market Rent,Used in Unknown_Field_LC238 (LC238)
Improvements,Extracted from formula,Market Rent,Used in Unknown_Field_LD238 (LD238)
Improvements,Extracted from formula,Market Rent,Used in Unknown_Field_LE238 (LE238)
Improvements,Extracted from formula,Market Rent,Used in Unknown_Field_LF238 (LF238)
Improvements,Extracted from formula,Market Rent,Used in Unknown_Field_LG238 (LG238)
Improvements,Extracted from formula,Market Rent,Used in Unknown_Field_LH238 (LH238)
Improvements,Extracted from formula,Market Rent,Used in Unknown_Field_LI238 (LI238)
Improvements,Extracted from formula,Market Rent,Used in Unknown_Field_LJ238 (LJ238)
Improvements,Extracted from formula,Market Rent,Used in Unknown_Field_LK238 (LK238)
Improvements,Extracted from formula,Market Rent,Used in Unknown_Field_LL238 (LL238)
Improvements,Extracted from formula,Market Rent,Used in Unknown_Field_LM238 (LM238)
Improvements,Extracted from formula,Market Rent,Used in Unknown_Field_LN238 (LN238)
Improvements,Extracted from formula,Market Rent,Used in Unknown_Field_LO238 (LO238)
Improvements,Extracted from formula,Market Rent,Used in Unknown_Field_LP238 (LP238)
Improvements,Extracted from formula,Market Rent,Used in Unknown_Field_LQ238 (LQ238)
Improvements,Extracted from formula,Market Rent,Used in Unknown_Field_LR238 (LR238)
Improvements,Extracted from formula,Market Rent,Used in Unknown_Field_LS238 (LS238)
Improvements,Extracted from formula,Market Rent,Used in Unknown_Field_LT238 (LT238)
Improvements,Extracted from formula,Market Rent,Used in Unknown_Field_LU238 (LU238)
Improvements,Extracted from formula,Market Rent,Used in Unknown_Field_LV238 (LV238)
Improvements,Extracted from formula,Market Rent,Used in Unknown_Field_LW238 (LW238)
Improvements,Extracted from formula,Market Rent,Used in Unknown_Field_LX238 (LX238)
Improvements,Extracted from formula,Market Rent,Used in Unknown_Field_LY238 (LY238)
Improvements,Extracted from formula,Market Rent,Used in Unknown_Field_LZ238 (LZ238)
Improvements,Extracted from formula,Market Rent,Used in Unknown_Field_MA238 (MA238)
Improvements,Extracted from formula,Market Rent,Used in Unknown_Field_MB238 (MB238)
Improvements,Extracted from formula,Market Rent,Used in Unknown_Field_MC238 (MC238)
Improvements,Extracted from formula,Market Rent,Used in Unknown_Field_MD238 (MD238)
Improvements,Extracted from formula,Market Rent,Used in Unknown_Field_ME238 (ME238)
Improvements,Extracted from formula,Market Rent,Used in Unknown_Field_MF238 (MF238)
Improvements,Extracted from formula,Market Rent,Used in Unknown_Field_MG238 (MG238)
Improvements,Extracted from formula,Market Rent,Used in Unknown_Field_MH238 (MH238)
Improvements,Extracted from formula,Market Rent,Used in Unknown_Field_MI238 (MI238)
Improvements,Extracted from formula,Market Rent,Used in Unknown_Field_MJ238 (MJ238)
Improvements,Extracted from formula,Market Rent,Used in Unknown_Field_MK238 (MK238)
Improvements,Extracted from formula,Market Rent,Used in Unknown_Field_ML238 (ML238)
Improvements,Extracted from formula,Market Rent,Used in Unknown_Field_MM238 (MM238)
Improvements,Extracted from formula,Market Rent,Used in Unknown_Field_MN238 (MN238)
Improvements,Extracted from formula,Market Rent,Used in Unknown_Field_MO238 (MO238)
Improvements,Extracted from formula,Market Rent,Used in Unknown_Field_MP238 (MP238)
Improvements,Extracted from formula,Market Rent,Used in Unknown_Field_MQ238 (MQ238)
Improvements,Extracted from formula,Market Rent,Used in Unknown_Field_MR238 (MR238)
Improvements,Extracted from formula,Market Rent,Used in Unknown_Field_MS238 (MS238)
Improvements,Extracted from formula,Market Rent,Used in Unknown_Field_MT238 (MT238)
Improvements,Extracted from formula,Market Rent,Used in Unknown_Field_MU238 (MU238)
Improvements,Extracted from formula,Market Rent,Used in Unknown_Field_MV238 (MV238)
Improvements,Extracted from formula,Market Rent,Used in Unknown_Field_MW238 (MW238)
Improvements,Extracted from formula,Market Rent,Used in Unknown_Field_MX238 (MX238)
Improvements,Extracted from formula,Market Rent,Used in Unknown_Field_MY238 (MY238)
Improvements,Extracted from formula,Market Rent,Used in Unknown_Field_MZ238 (MZ238)
Improvements,Extracted from formula,Market Rent,Used in Unknown_Field_NA238 (NA238)
Improvements,Extracted from formula,Market Rent,Used in Unknown_Field_NB238 (NB238)
Improvements,Extracted from formula,Market Rent,Used in Unknown_Field_NC238 (NC238)
Improvements,Extracted from formula,Market Rent,Used in Unknown_Field_ND238 (ND238)
Improvements,Extracted from formula,Market Rent,Used in Unknown_Field_NE238 (NE238)
Improvements,Extracted from formula,Market Rent,Used in Unknown_Field_NF238 (NF238)
Improvements,Extracted from formula,Market Rent,Used in Unknown_Field_NG238 (NG238)
Improvements,Extracted from formula,Market Rent,Used in Unknown_Field_NH238 (NH238)
Improvements,Extracted from formula,Market Rent,Used in Unknown_Field_NI238 (NI238)
Improvements,Extracted from formula,Market Rent,Used in Unknown_Field_NJ238 (NJ238)
Improvements,Extracted from formula,Market Rent,Used in Unknown_Field_NK238 (NK238)
Improvements,Extracted from formula,Market Rent,Used in Unknown_Field_NL238 (NL238)
Improvements,Extracted from formula,Market Rent,Used in Unknown_Field_NM238 (NM238)
Improvements,Extracted from formula,Market Rent,Used in Unknown_Field_NN238 (NN238)
Improvements,Extracted from formula,Market Rent,Used in Unknown_Field_NO238 (NO238)
Improvements,Extracted from formula,Market Rent,Used in Unknown_Field_NP238 (NP238)
Improvements,Extracted from formula,Market Rent,Used in Unknown_Field_NQ238 (NQ238)
Improvements,Extracted from formula,Market Rent,Used in Unknown_Field_NR238 (NR238)
Improvements,Extracted from formula,Market Rent,Used in Unknown_Field_NS238 (NS238)
Improvements,Extracted from formula,Market Rent,Used in Unknown_Field_NT238 (NT238)
Improvements,Extracted from formula,Market Rent,Used in Unknown_Field_NU238 (NU238)
Improvements,Extracted from formula,Market Rent,Used in Unknown_Field_NV238 (NV238)
Improvements,Extracted from formula,Market Rent,Used in Unknown_Field_NW238 (NW238)
Improvements,Extracted from formula,Market Rent,Used in Unknown_Field_NX238 (NX238)
Improvements,Extracted from formula,Market Rent,Used in Unknown_Field_NY238 (NY238)
Improvements,Extracted from formula,Market Rent,Used in Unknown_Field_NZ238 (NZ238)
Improvements,Extracted from formula,Market Rent,Used in Unknown_Field_OA238 (OA238)
Improvements,Extracted from formula,Market Rent,Used in Unknown_Field_OB238 (OB238)
Improvements,Extracted from formula,Market Rent,Used in Unknown_Field_OC238 (OC238)
Improvements,Extracted from formula,Market Rent,Used in Unknown_Field_OD238 (OD238)
Improvements,Extracted from formula,Market Rent,Used in Unknown_Field_OE238 (OE238)
Improvements,Extracted from formula,Market Rent,Used in Unknown_Field_OF238 (OF238)
Improvements,Extracted from formula,Market Rent,Used in Unknown_Field_OG238 (OG238)
Improvements,Extracted from formula,Market Rent,Used in Unknown_Field_OH238 (OH238)
Improvements,Extracted from formula,Market Rent,Used in Unknown_Field_OI238 (OI238)
Improvements,Extracted from formula,Market Rent,Used in Unknown_Field_OJ238 (OJ238)
Improvements,Extracted from formula,Market Rent,Used in Unknown_Field_OK238 (OK238)
Improvements,Extracted from formula,Market Rent,Used in Unknown_Field_OL238 (OL238)
Improvements,Extracted from formula,Market Rent,Used in Unknown_Field_OM238 (OM238)
Improvements,Extracted from formula,Market Rent,Used in Unknown_Field_ON238 (ON238)
Improvements,Extracted from formula,Market Rent,Used in Unknown_Field_OO238 (OO238)
Improvements,Extracted from formula,Market Rent,Used in Unknown_Field_OP238 (OP238)
Improvements,Extracted from formula,Market Rent,Used in Unknown_Field_OQ238 (OQ238)
Improvements,Extracted from formula,Market Rent,Used in Unknown_Field_OR238 (OR238)
Improvements,Extracted from formula,Market Rent,Used in Unknown_Field_OS238 (OS238)
Improvements,Extracted from formula,Market Rent,Used in Unknown_Field_OT238 (OT238)
Improvements,Extracted from formula,Market Rent,Used in Unknown_Field_OU238 (OU238)
Improvements,Extracted from formula,Market Rent,Used in Unknown_Field_OV238 (OV238)
Improvements,Extracted from formula,Market Rent,Used in Unknown_Field_OW238 (OW238)
Improvements,Extracted from formula,Market Rent,Used in Unknown_Field_OX238 (OX238)
Improvements,Extracted from formula,Market Rent,Used in Unknown_Field_OY238 (OY238)
Improvements,Extracted from formula,Market Rent,Used in Unknown_Field_OZ238 (OZ238)
Improvements,Extracted from formula,Market Rent,Used in Unknown_Field_PA238 (PA238)
Improvements,Extracted from formula,Market Rent,Used in Unknown_Field_PB238 (PB238)
Improvements,Extracted from formula,Market Rent,Used in Unknown_Field_PC238 (PC238)
Improvements,Extracted from formula,Market Rent,Used in Unknown_Field_PD238 (PD238)
Improvements,Extracted from formula,Market Rent,Used in Unknown_Field_PE238 (PE238)
Improvements,Extracted from formula,Market Rent,Used in Unknown_Field_HS240 (HS240)
Improvements,Extracted from formula,Market Rent,Used in Subject (FN247)
Improvements,Extracted from formula,Market Rent,Used in Subject (FO247)
Improvements,Extracted from formula,Market Rent,Used in Subject (FP247)
Improvements,Extracted from formula,Market Rent,Used in Subject (FQ247)
Improvements,Extracted from formula,Market Rent,Used in Subject (FR247)
Improvements,Extracted from formula,Market Rent,Used in Subject (FS247)
Improvements,Extracted from formula,Market Rent,Used in Subject (FT247)
Improvements,Extracted from formula,Market Rent,Used in Subject (FU247)
Improvements,Extracted from formula,Market Rent,Used in Subject (FV247)
Improvements,Extracted from formula,Market Rent,Used in Subject (FW247)
Improvements,Extracted from formula,Market Rent,Used in Subject (FX247)
Improvements,Extracted from formula,Market Rent,Used in Unknown_Field_FY247 (FY247)
Improvements,Extracted from formula,Market Rent,Used in Unknown_Field_FZ247 (FZ247)
Improvements,Extracted from formula,Market Rent,Used in Unknown_Field_GA247 (GA247)
Improvements,Extracted from formula,Market Rent,Used in Unknown_Field_GB247 (GB247)
Improvements,Extracted from formula,Market Rent,Used in Unknown_Field_GC247 (GC247)
Improvements,Extracted from formula,Market Rent,Used in Unknown_Field_GD247 (GD247)
Improvements,Extracted from formula,Market Rent,Used in Unknown_Field_GE247 (GE247)
Improvements,Extracted from formula,Market Rent,Used in Unknown_Field_GF247 (GF247)
Improvements,Extracted from formula,Market Rent,Used in Unknown_Field_GG247 (GG247)
Improvements,Extracted from formula,Market Rent,Used in Unknown_Field_GH247 (GH247)
Improvements,Extracted from formula,Market Rent,Used in Unknown_Field_GI247 (GI247)
Improvements,Extracted from formula,Market Rent,Used in Unknown_Field_GJ247 (GJ247)
Improvements,Extracted from formula,Market Rent,Used in Unknown_Field_GK247 (GK247)
Improvements,Extracted from formula,Market Rent,Used in Unknown_Field_GL247 (GL247)
Improvements,Extracted from formula,Market Rent,Used in Unknown_Field_GM247 (GM247)
Improvements,Extracted from formula,Market Rent,Used in Unknown_Field_GN247 (GN247)
Improvements,Extracted from formula,Market Rent,Used in Unknown_Field_GO247 (GO247)
Improvements,Extracted from formula,Market Rent,Used in Unknown_Field_GP247 (GP247)
Improvements,Extracted from formula,Market Rent,Used in Unknown_Field_GQ247 (GQ247)
Improvements,Extracted from formula,Market Rent,Used in Unknown_Field_GR247 (GR247)
Improvements,Extracted from formula,Market Rent,Used in Unknown_Field_GS247 (GS247)
Improvements,Extracted from formula,Market Rent,Used in Unknown_Field_GT247 (GT247)
Improvements,Extracted from formula,Market Rent,Used in Unknown_Field_GU247 (GU247)
Improvements,Extracted from formula,Market Rent,Used in Unknown_Field_GV247 (GV247)
Improvements,Extracted from formula,Market Rent,Used in Unknown_Field_GW247 (GW247)
Improvements,Extracted from formula,Market Rent,Used in Unknown_Field_GX247 (GX247)
Improvements,Extracted from formula,Market Rent,Used in Unknown_Field_GY247 (GY247)
Improvements,Extracted from formula,Market Rent,Used in Unknown_Field_GZ247 (GZ247)
Improvements,Extracted from formula,Market Rent,Used in Unknown_Field_HA247 (HA247)
Improvements,Extracted from formula,Market Rent,Used in Unknown_Field_HB247 (HB247)
Improvements,Extracted from formula,Market Rent,Used in Unknown_Field_HC247 (HC247)
Improvements,Extracted from formula,Market Rent,Used in Unknown_Field_HD247 (HD247)
Improvements,Extracted from formula,Market Rent,Used in Unknown_Field_HE247 (HE247)
Improvements,Extracted from formula,Market Rent,Used in Unknown_Field_HF247 (HF247)
Improvements,Extracted from formula,Market Rent,Used in Unknown_Field_HG247 (HG247)
Improvements,Extracted from formula,Market Rent,Used in Unknown_Field_HH247 (HH247)
Improvements,Extracted from formula,Market Rent,Used in Unknown_Field_HI247 (HI247)
Improvements,Extracted from formula,Market Rent,Used in Unknown_Field_HJ247 (HJ247)
Improvements,Extracted from formula,Market Rent,Used in Unknown_Field_HK247 (HK247)
Improvements,Extracted from formula,Market Rent,Used in Unknown_Field_HL247 (HL247)
Improvements,Extracted from formula,Market Rent,Used in Unknown_Field_HM247 (HM247)
Improvements,Extracted from formula,Market Rent,Used in Unknown_Field_HN247 (HN247)
Improvements,Extracted from formula,Market Rent,Used in Unknown_Field_HO247 (HO247)
Improvements,Extracted from formula,Market Rent,Used in Unknown_Field_HP247 (HP247)
Improvements,Extracted from formula,Market Rent,Used in Unknown_Field_HQ247 (HQ247)
Improvements,Extracted from formula,Market Rent,Used in Unknown_Field_HR247 (HR247)
Improvements,Extracted from formula,Market Rent,Used in Unknown_Field_HS247 (HS247)
Improvements,Extracted from formula,Market Rent,Used in Unknown_Field_HT247 (HT247)
Improvements,Extracted from formula,Market Rent,Used in Unknown_Field_HU247 (HU247)
Improvements,Extracted from formula,Market Rent,Used in Unknown_Field_HV247 (HV247)
Improvements,Extracted from formula,Market Rent,Used in Unknown_Field_HW247 (HW247)
Improvements,Extracted from formula,Market Rent,Used in Unknown_Field_HX247 (HX247)
Improvements,Extracted from formula,Market Rent,Used in Unknown_Field_HY247 (HY247)
Improvements,Extracted from formula,Market Rent,Used in Unknown_Field_HZ247 (HZ247)
Improvements,Extracted from formula,Market Rent,Used in Unknown_Field_IA247 (IA247)
Improvements,Extracted from formula,Market Rent,Used in Unknown_Field_IB247 (IB247)
Improvements,Extracted from formula,Market Rent,Used in Unknown_Field_IC247 (IC247)
Improvements,Extracted from formula,Market Rent,Used in Unknown_Field_ID247 (ID247)
Improvements,Extracted from formula,Market Rent,Used in Unknown_Field_IE247 (IE247)
Improvements,Extracted from formula,Market Rent,Used in Unknown_Field_IF247 (IF247)
Improvements,Extracted from formula,Market Rent,Used in Unknown_Field_IG247 (IG247)
Improvements,Extracted from formula,Market Rent,Used in Unknown_Field_IH247 (IH247)
Improvements,Extracted from formula,Market Rent,Used in Unknown_Field_II247 (II247)
Improvements,Extracted from formula,Market Rent,Used in Unknown_Field_IJ247 (IJ247)
Improvements,Extracted from formula,Market Rent,Used in Unknown_Field_IK247 (IK247)
Improvements,Extracted from formula,Market Rent,Used in Unknown_Field_IL247 (IL247)
Improvements,Extracted from formula,Market Rent,Used in Unknown_Field_IM247 (IM247)
Improvements,Extracted from formula,Market Rent,Used in Unknown_Field_IN247 (IN247)
Improvements,Extracted from formula,Market Rent,Used in Unknown_Field_IO247 (IO247)
Improvements,Extracted from formula,Market Rent,Used in Unknown_Field_IP247 (IP247)
Improvements,Extracted from formula,Market Rent,Used in Unknown_Field_IQ247 (IQ247)
Improvements,Extracted from formula,Market Rent,Used in Unknown_Field_IR247 (IR247)
Improvements,Extracted from formula,Market Rent,Used in Unknown_Field_IS247 (IS247)
Improvements,Extracted from formula,Market Rent,Used in Unknown_Field_IT247 (IT247)
Improvements,Extracted from formula,Market Rent,Used in Unknown_Field_IU247 (IU247)
Improvements,Extracted from formula,Market Rent,Used in Unknown_Field_IV247 (IV247)
Improvements,Extracted from formula,Market Rent,Used in Unknown_Field_IW247 (IW247)
Improvements,Extracted from formula,Market Rent,Used in Unknown_Field_IX247 (IX247)
Improvements,Extracted from formula,Market Rent,Used in Unknown_Field_IY247 (IY247)
Improvements,Extracted from formula,Market Rent,Used in Unknown_Field_IZ247 (IZ247)
Improvements,Extracted from formula,Market Rent,Used in Unknown_Field_JA247 (JA247)
Improvements,Extracted from formula,Market Rent,Used in Unknown_Field_JB247 (JB247)
Improvements,Extracted from formula,Market Rent,Used in Unknown_Field_JC247 (JC247)
Improvements,Extracted from formula,Market Rent,Used in Unknown_Field_JD247 (JD247)
Improvements,Extracted from formula,Market Rent,Used in Unknown_Field_JE247 (JE247)
Improvements,Extracted from formula,Market Rent,Used in Unknown_Field_JF247 (JF247)
Improvements,Extracted from formula,Market Rent,Used in Unknown_Field_JG247 (JG247)
Improvements,Extracted from formula,Market Rent,Used in Unknown_Field_JH247 (JH247)
Improvements,Extracted from formula,Market Rent,Used in Unknown_Field_JI247 (JI247)
Improvements,Extracted from formula,Market Rent,Used in Unknown_Field_JJ247 (JJ247)
Improvements,Extracted from formula,Market Rent,Used in Unknown_Field_JK247 (JK247)
Improvements,Extracted from formula,Market Rent,Used in Unknown_Field_JL247 (JL247)
Improvements,Extracted from formula,Market Rent,Used in Unknown_Field_JM247 (JM247)
Improvements,Extracted from formula,Market Rent,Used in Unknown_Field_JN247 (JN247)
Improvements,Extracted from formula,Market Rent,Used in Unknown_Field_JO247 (JO247)
Improvements,Extracted from formula,Market Rent,Used in Fully Equipped Kitchen (JP247)
Improvements,Extracted from formula,Market Rent,Used in Stove_Oven (JQ247)
Improvements,Extracted from formula,Market Rent,Used in Refrigerator (JR247)
Improvements,Extracted from formula,Market Rent,Used in Mini Refrigerator (JS247)
Improvements,Extracted from formula,Market Rent,Used in Microwave (JT247)
Improvements,Extracted from formula,Market Rent,Used in Dishwasher (JU247)
Improvements,Extracted from formula,Market Rent,Used in Stainless Steel Appliances (JV247)
Improvements,Extracted from formula,Market Rent,Used in Five Fixture Bathrooms (JW247)
Improvements,Extracted from formula,Market Rent,Used in Carpet_Drapes_Blinds (JX247)
Improvements,Extracted from formula,Market Rent,Used in Floor Covering_Wood (JY247)
Improvements,Extracted from formula,Market Rent,Used in Floor Covering_Vinyl (JZ247)
Improvements,Extracted from formula,Market Rent,Used in Floor Covering_Other (KA247)
Improvements,Extracted from formula,Market Rent,Used in Floor Covering_Carpet (KB247)
Improvements,Extracted from formula,Market Rent,Used in Floor Covering_Wood Composite (KC247)
Improvements,Extracted from formula,Market Rent,Used in Floor Covering_Tile (KD247)
Improvements,Extracted from formula,Market Rent,Used in Window Coverings_Drapes (KE247)
Improvements,Extracted from formula,Market Rent,Used in Window Coverings_Shades (KF247)
Improvements,Extracted from formula,Market Rent,Used in Window Coverings_Blinds (KG247)
Improvements,Extracted from formula,Market Rent,Used in Air Conditioning (KH247)
Improvements,Extracted from formula,Market Rent,Used in Air Conditioning Central (KI247)
Improvements,Extracted from formula,Market Rent,Used in Air Conditioning_Window_Wall Unit (KJ247)
Improvements,Extracted from formula,Market Rent,Used in Walk In Closets (KK247)
Improvements,Extracted from formula,Market Rent,Used in Ceiling Fans (KL247)
Improvements,Extracted from formula,Market Rent,Used in Patios_Balcony (KM247)
Improvements,Extracted from formula,Market Rent,Used in Fireplace (KN247)
Improvements,Extracted from formula,Market Rent,Used in Security Alarm (KO247)
Improvements,Extracted from formula,Market Rent,Used in Hearing Accessible (KP247)
Improvements,Extracted from formula,Market Rent,Used in Furnished Units (KQ247)
Improvements,Extracted from formula,Market Rent,Used in Vaulted Ceilings (KR247)
Improvements,Extracted from formula,Market Rent,Used in Screened Porches (KS247)
Improvements,Extracted from formula,Market Rent,Used in Granite_Stone Countertops (KT247)
Improvements,Extracted from formula,Market Rent,Used in Roll_In Shower (KU247)
Improvements,Extracted from formula,Market Rent,Used in Garage_Under Building (KV247)
Improvements,Extracted from formula,Market Rent,Used in Electric Vehicle Chargers (KW247)
Improvements,Extracted from formula,Market Rent,Used in Covered Parking (KX247)
Improvements,Extracted from formula,Market Rent,Used in Car Rental Desk (KY247)
Improvements,Extracted from formula,Market Rent,Used in Parking_Lot (KZ247)
Improvements,Extracted from formula,Market Rent,Used in Airport Shuttle (LA247)
Improvements,Extracted from formula,Market Rent,Used in Valet Parking (LB247)
Improvements,Extracted from formula,Market Rent,Used in Local Shuttle (LC247)
Improvements,Extracted from formula,Market Rent,Used in Self Parking (LD247)
Improvements,Extracted from formula,Market Rent,Used in Town Car (LE247)
Improvements,Extracted from formula,Market Rent,Used in Truck Parking (LF247)
Improvements,Extracted from formula,Market Rent,Used in Meeting Room (LG247)
Improvements,Extracted from formula,Market Rent,Used in Meeting Space (LH247)
Improvements,Extracted from formula,Market Rent,Used in Ballroom (LI247)
Improvements,Extracted from formula,Market Rent,Used in Wedding Venue (LJ247)
Improvements,Extracted from formula,Market Rent,Used in Boardrooms (LK247)
Improvements,Extracted from formula,Market Rent,Used in Business Center (LL247)
Improvements,Extracted from formula,Market Rent,Used in Leased Business Center_Shipping (LM247)
Improvements,Extracted from formula,Market Rent,Used in Lobby Workstation (LN247)
Improvements,Extracted from formula,Market Rent,Used in FedEx_Leased (LO247)
Improvements,Extracted from formula,Market Rent,Used in UPS_Leased (LP247)
Improvements,Extracted from formula,Market Rent,Used in Staffed Business Center (LQ247)
Improvements,Extracted from formula,Market Rent,Used in Restaurant (LR247)
Improvements,Extracted from formula,Market Rent,Used in Restaurant and Lounge (LS247)
Improvements,Extracted from formula,Market Rent,Used in Fine Dining Restaurant (LT247)
Improvements,Extracted from formula,Market Rent,Used in Leased Restaurant (LU247)
Improvements,Extracted from formula,Market Rent,Used in Signature Restaurant (LV247)
Improvements,Extracted from formula,Market Rent,Used in Bar_Lounge (LW247)
Improvements,Extracted from formula,Market Rent,Used in Nightclub (LX247)
Improvements,Extracted from formula,Market Rent,Used in Coffee Station (LY247)
Improvements,Extracted from formula,Market Rent,Used in Breakfast Dining Area (LZ247)
Improvements,Extracted from formula,Market Rent,Used in Complimentary Services Area (MA247)
Improvements,Extracted from formula,Market Rent,Used in Bistro (MB247)
Improvements,Extracted from formula,Market Rent,Used in Cafe (MC247)
Improvements,Extracted from formula,Market Rent,Used in Rooftop Bar (MD247)
Improvements,Extracted from formula,Market Rent,Used in Leased Nightclub (ME247)
Improvements,Extracted from formula,Market Rent,Used in Sundries Counter (MF247)
Improvements,Extracted from formula,Market Rent,Used in Retail Outlet_Operated (MG247)
Improvements,Extracted from formula,Market Rent,Used in Retail Outlet_Leased (MH247)
Improvements,Extracted from formula,Market Rent,Used in Gift Shop (MI247)
Improvements,Extracted from formula,Market Rent,Used in Market Pantry (MJ247)
Improvements,Extracted from formula,Market Rent,Used in Boutique (MK247)
Improvements,Extracted from formula,Market Rent,Used in Spa Retail (ML247)
Improvements,Extracted from formula,Market Rent,Used in Guest Laundry (MM247)
Improvements,Extracted from formula,Market Rent,Used in Valet Laundry (MN247)
Improvements,Extracted from formula,Market Rent,Used in Dry Cleaning (MO247)
Improvements,Extracted from formula,Market Rent,Used in Fitness Room (MP247)
Improvements,Extracted from formula,Market Rent,Used in Tennis Court (MQ247)
Improvements,Extracted from formula,Market Rent,Used in Bocce Ball (MR247)
Improvements,Extracted from formula,Market Rent,Used in Fitness Center (MS247)
Improvements,Extracted from formula,Market Rent,Used in Volleyball (MT247)
Improvements,Extracted from formula,Market Rent,Used in Pickleball (MU247)
Improvements,Extracted from formula,Market Rent,Used in Fitness Classes (MV247)
Improvements,Extracted from formula,Market Rent,Used in Basketball (MW247)
Improvements,Extracted from formula,Market Rent,Used in Movement Studio (MX247)
Improvements,Extracted from formula,Market Rent,Used in Racquet Ball (MY247)
Improvements,Extracted from formula,Market Rent,Used in Sport Court (MZ247)
Improvements,Extracted from formula,Market Rent,Used in Sport Field (NA247)
Improvements,Extracted from formula,Market Rent,Used in Yoga Room (NB247)
Improvements,Extracted from formula,Market Rent,Used in Bike Room (NC247)
Improvements,Extracted from formula,Market Rent,Used in Ancillary Sports_Activities_Services (ND247)
Improvements,Extracted from formula,Market Rent,Used in Meditation_Relaxation Room (NE247)
Improvements,Extracted from formula,Market Rent,Used in Spa Treatment Rooms (NF247)
Improvements,Extracted from formula,Market Rent,Used in Full Service Spa (NG247)
Improvements,Extracted from formula,Market Rent,Used in Salon_Barber Shop (NH247)
Improvements,Extracted from formula,Market Rent,Used in Sauna (NI247)
Improvements,Extracted from formula,Market Rent,Used in Steam Room (NJ247)
Improvements,Extracted from formula,Market Rent,Used in Clubhouse_Rec Building (NK247)
Improvements,Extracted from formula,Market Rent,Used in Outdoor Patio and Fire Pit (NL247)
Improvements,Extracted from formula,Market Rent,Used in Pet Area (NM247)
Improvements,Extracted from formula,Market Rent,Used in Indoor Waterpark (NN247)
Improvements,Extracted from formula,Market Rent,Used in Beach_Direct Access (NO247)
Improvements,Extracted from formula,Market Rent,Used in Park (NP247)
Improvements,Extracted from formula,Market Rent,Used in Outdoor Patio (NQ247)
Improvements,Extracted from formula,Market Rent,Used in Playground (NR247)
Improvements,Extracted from formula,Market Rent,Used in Outdoor Waterpark (NS247)
Improvements,Extracted from formula,Market Rent,Used in Water Access (NT247)
Improvements,Extracted from formula,Market Rent,Used in Lake_Pond_Beach (NU247)
Improvements,Extracted from formula,Market Rent,Used in Indoor Swimming Pool (NV247)
Improvements,Extracted from formula,Market Rent,Used in Outdoor Swimming Pool (NW247)
Improvements,Extracted from formula,Market Rent,Used in Whirlpool (NX247)
Improvements,Extracted from formula,Market Rent,Used in Multiple Pools (NY247)
Improvements,Extracted from formula,Market Rent,Used in BBQ_Grill_Picnic Area (NZ247)
Improvements,Extracted from formula,Market Rent,Used in Billiards (OA247)
Improvements,Extracted from formula,Market Rent,Used in Casino (OB247)
Improvements,Extracted from formula,Market Rent,Used in Marina_Dock (OC247)
Improvements,Extracted from formula,Market Rent,Used in Rooftop Terrace (OD247)
Improvements,Extracted from formula,Market Rent,Used in Horseshoes (OE247)
Improvements,Extracted from formula,Market Rent,Used in Waterslide (OF247)
Improvements,Extracted from formula,Market Rent,Used in Library (OG247)
Improvements,Extracted from formula,Market Rent,Used in Golf Course (OH247)
Improvements,Extracted from formula,Market Rent,Used in Slot Machines (OI247)
Improvements,Extracted from formula,Market Rent,Used in Movie_Theater Room (OJ247)
Improvements,Extracted from formula,Market Rent,Used in Putting Green (OK247)
Improvements,Extracted from formula,Market Rent,Used in Table Games (OL247)
Improvements,Extracted from formula,Market Rent,Used in Fishing (OM247)
Improvements,Extracted from formula,Market Rent,Used in Ski In (ON247)
Improvements,Extracted from formula,Market Rent,Used in Ski In_Ski Out (OO247)
Improvements,Extracted from formula,Market Rent,Used in Ski Out (OP247)
Improvements,Extracted from formula,Market Rent,Used in Ski Access_Non_Direct (OQ247)
Improvements,Extracted from formula,Market Rent,Used in Concierge (OR247)
Improvements,Extracted from formula,Market Rent,Used in Room Service (OS247)
Improvements,Extracted from formula,Market Rent,Used in Pet Friendly (OT247)
Improvements,Extracted from formula,Market Rent,Used in Smoke_Free (OU247)
Improvements,Extracted from formula,Market Rent,Used in Elevators (OV247)
Improvements,Extracted from formula,Market Rent,Used in Escalators (OW247)
Improvements,Extracted from formula,Market Rent,Used in Gated Entrance (OX247)
Improvements,Extracted from formula,Market Rent,Used in Storm Shelter (OY247)
Improvements,Extracted from formula,Market Rent,Used in LEED Certified_Silver (OZ247)
Improvements,Extracted from formula,Market Rent,Used in LEED Certified_Gold (PA247)
Improvements,Extracted from formula,Market Rent,Used in LEED Certified (PB247)
Improvements,Extracted from formula,Market Rent,Used in Beach Services (PC247)
Improvements,Extracted from formula,Market Rent,Used in Kids Club (PD247)
Improvements,Extracted from formula,Market Rent,Used in Pool Lift (PE247)
Sales Approach,Extracted from formula,Market Rent,Used in Weighting >> (FN249)
Sales Approach,Extracted from formula,Market Rent,Used in Weighting >> (FO249)
Sales Approach,Extracted from formula,Market Rent,Used in Weighting >> (FP249)
Sales Approach,Extracted from formula,Market Rent,Used in Weighting >> (FQ249)
Sales Approach,Extracted from formula,Market Rent,Used in Weighting >> (FR249)
Sales Approach,Extracted from formula,Market Rent,Used in Weighting >> (FS249)
Sales Approach,Extracted from formula,Market Rent,Used in Weighting >> (FT249)
Sales Approach,Extracted from formula,Market Rent,Used in Weighting >> (FU249)
Sales Approach,Extracted from formula,Market Rent,Used in Weighting >> (FV249)
Sales Approach,Extracted from formula,Market Rent,Used in Weighting >> (FW249)
Sales Approach,Extracted from formula,Market Rent,Used in Weighting >> (FX249)
Sales Approach,Extracted from formula,Market Rent,Used in Weighting >> (FY249)
Sales Approach,Extracted from formula,Market Rent,Used in Weighting >> (FZ249)
Sales Approach,Extracted from formula,Market Rent,Used in Weighting >> (GA249)
Sales Approach,Extracted from formula,Market Rent,Used in Weighting >> (GB249)
Sales Approach,Extracted from formula,Market Rent,Used in Unknown_Field_GC249 (GC249)
Sales Approach,Extracted from formula,Market Rent,Used in Unknown_Field_GD249 (GD249)
Sales Approach,Extracted from formula,Market Rent,Used in Unknown_Field_GE249 (GE249)
Sales Approach,Extracted from formula,Market Rent,Used in Unknown_Field_GF249 (GF249)
Sales Approach,Extracted from formula,Market Rent,Used in Unknown_Field_GG249 (GG249)
Sales Approach,Extracted from formula,Market Rent,Used in Unknown_Field_GH249 (GH249)
Sales Approach,Extracted from formula,Market Rent,Used in Unknown_Field_GI249 (GI249)
Sales Approach,Extracted from formula,Market Rent,Used in Unknown_Field_GJ249 (GJ249)
Sales Approach,Extracted from formula,Market Rent,Used in Unknown_Field_GK249 (GK249)
Sales Approach,Extracted from formula,Market Rent,Used in Unknown_Field_GL249 (GL249)
Sales Approach,Extracted from formula,Market Rent,Used in Unknown_Field_GM249 (GM249)
Sales Approach,Extracted from formula,Market Rent,Used in Unknown_Field_GN249 (GN249)
Sales Approach,Extracted from formula,Market Rent,Used in Unknown_Field_GO249 (GO249)
Sales Approach,Extracted from formula,Market Rent,Used in Unknown_Field_GP249 (GP249)
Sales Approach,Extracted from formula,Market Rent,Used in Unknown_Field_GQ249 (GQ249)
Sales Approach,Extracted from formula,Market Rent,Used in Unknown_Field_GR249 (GR249)
Sales Approach,Extracted from formula,Market Rent,Used in Unknown_Field_GS249 (GS249)
Sales Approach,Extracted from formula,Market Rent,Used in Unknown_Field_GT249 (GT249)
Sales Approach,Extracted from formula,Market Rent,Used in Unknown_Field_GU249 (GU249)
Sales Approach,Extracted from formula,Market Rent,Used in Unknown_Field_GV249 (GV249)
Sales Approach,Extracted from formula,Market Rent,Used in Unknown_Field_GW249 (GW249)
Sales Approach,Extracted from formula,Market Rent,Used in Unknown_Field_GX249 (GX249)
Sales Approach,Extracted from formula,Market Rent,Used in Unknown_Field_GY249 (GY249)
Sales Approach,Extracted from formula,Market Rent,Used in Unknown_Field_GZ249 (GZ249)
Sales Approach,Extracted from formula,Market Rent,Used in Unknown_Field_HA249 (HA249)
Sales Approach,Extracted from formula,Market Rent,Used in Unknown_Field_HB249 (HB249)
Sales Approach,Extracted from formula,Market Rent,Used in Unknown_Field_HC249 (HC249)
Sales Approach,Extracted from formula,Market Rent,Used in Unknown_Field_HD249 (HD249)
Sales Approach,Extracted from formula,Market Rent,Used in Unknown_Field_HE249 (HE249)
Sales Approach,Extracted from formula,Market Rent,Used in Unknown_Field_HF249 (HF249)
Sales Approach,Extracted from formula,Market Rent,Used in Unknown_Field_HG249 (HG249)
Sales Approach,Extracted from formula,Market Rent,Used in Unknown_Field_HH249 (HH249)
Sales Approach,Extracted from formula,Market Rent,Used in Unknown_Field_HI249 (HI249)
Sales Approach,Extracted from formula,Market Rent,Used in Unknown_Field_HJ249 (HJ249)
Sales Approach,Extracted from formula,Market Rent,Used in Unknown_Field_HK249 (HK249)
Sales Approach,Extracted from formula,Market Rent,Used in Unknown_Field_HL249 (HL249)
Sales Approach,Extracted from formula,Market Rent,Used in Unknown_Field_HM249 (HM249)
Sales Approach,Extracted from formula,Market Rent,Used in Unknown_Field_HN249 (HN249)
Sales Approach,Extracted from formula,Market Rent,Used in Unknown_Field_HO249 (HO249)
Sales Approach,Extracted from formula,Market Rent,Used in Unknown_Field_HP249 (HP249)
Sales Approach,Extracted from formula,Market Rent,Used in Unknown_Field_HQ249 (HQ249)
Sales Approach,Extracted from formula,Market Rent,Used in Unknown_Field_HR249 (HR249)
Sales Approach,Extracted from formula,Market Rent,Used in Unknown_Field_HS249 (HS249)
Sales Approach,Extracted from formula,Market Rent,Used in Unknown_Field_HT249 (HT249)
Sales Approach,Extracted from formula,Market Rent,Used in Unknown_Field_HU249 (HU249)
Sales Approach,Extracted from formula,Market Rent,Used in Unknown_Field_HV249 (HV249)
Sales Approach,Extracted from formula,Market Rent,Used in Unknown_Field_HW249 (HW249)
Sales Approach,Extracted from formula,Market Rent,Used in Unknown_Field_HX249 (HX249)
Sales Approach,Extracted from formula,Market Rent,Used in Unknown_Field_HY249 (HY249)
Sales Approach,Extracted from formula,Market Rent,Used in Unknown_Field_HZ249 (HZ249)
Sales Approach,Extracted from formula,Market Rent,Used in Unknown_Field_IA249 (IA249)
Sales Approach,Extracted from formula,Market Rent,Used in Unknown_Field_IB249 (IB249)
Sales Approach,Extracted from formula,Market Rent,Used in Unknown_Field_IC249 (IC249)
Sales Approach,Extracted from formula,Market Rent,Used in Unknown_Field_ID249 (ID249)
Sales Approach,Extracted from formula,Market Rent,Used in Unknown_Field_IE249 (IE249)
Sales Approach,Extracted from formula,Market Rent,Used in Unknown_Field_IF249 (IF249)
Sales Approach,Extracted from formula,Market Rent,Used in Unknown_Field_IG249 (IG249)
Sales Approach,Extracted from formula,Market Rent,Used in Unknown_Field_IH249 (IH249)
Sales Approach,Extracted from formula,Market Rent,Used in Unknown_Field_II249 (II249)
Sales Approach,Extracted from formula,Market Rent,Used in Unknown_Field_IJ249 (IJ249)
Sales Approach,Extracted from formula,Market Rent,Used in Unknown_Field_IK249 (IK249)
Sales Approach,Extracted from formula,Market Rent,Used in Unknown_Field_IL249 (IL249)
Sales Approach,Extracted from formula,Market Rent,Used in Unknown_Field_IM249 (IM249)
Sales Approach,Extracted from formula,Market Rent,Used in Unknown_Field_IN249 (IN249)
Sales Approach,Extracted from formula,Market Rent,Used in Unknown_Field_IO249 (IO249)
Sales Approach,Extracted from formula,Market Rent,Used in Unknown_Field_IP249 (IP249)
Sales Approach,Extracted from formula,Market Rent,Used in Unknown_Field_IQ249 (IQ249)
Sales Approach,Extracted from formula,Market Rent,Used in Unknown_Field_IR249 (IR249)
Sales Approach,Extracted from formula,Market Rent,Used in Unknown_Field_IS249 (IS249)
Sales Approach,Extracted from formula,Market Rent,Used in Unknown_Field_IT249 (IT249)
Sales Approach,Extracted from formula,Market Rent,Used in Unknown_Field_IU249 (IU249)
Sales Approach,Extracted from formula,Market Rent,Used in Unknown_Field_IV249 (IV249)
Sales Approach,Extracted from formula,Market Rent,Used in Unknown_Field_IW249 (IW249)
Sales Approach,Extracted from formula,Market Rent,Used in Unknown_Field_IX249 (IX249)
Sales Approach,Extracted from formula,Market Rent,Used in Unknown_Field_IY249 (IY249)
Sales Approach,Extracted from formula,Market Rent,Used in Unknown_Field_IZ249 (IZ249)
Sales Approach,Extracted from formula,Market Rent,Used in Unknown_Field_JA249 (JA249)
Sales Approach,Extracted from formula,Market Rent,Used in Unknown_Field_JB249 (JB249)
Sales Approach,Extracted from formula,Market Rent,Used in Unknown_Field_JC249 (JC249)
Sales Approach,Extracted from formula,Market Rent,Used in Unknown_Field_JD249 (JD249)
Sales Approach,Extracted from formula,Market Rent,Used in Unknown_Field_JE249 (JE249)
Sales Approach,Extracted from formula,Market Rent,Used in Unknown_Field_JF249 (JF249)
Sales Approach,Extracted from formula,Market Rent,Used in Unknown_Field_JG249 (JG249)
Sales Approach,Extracted from formula,Market Rent,Used in Unknown_Field_JH249 (JH249)
Sales Approach,Extracted from formula,Market Rent,Used in Unknown_Field_JI249 (JI249)
Sales Approach,Extracted from formula,Market Rent,Used in Unknown_Field_JJ249 (JJ249)
Sales Approach,Extracted from formula,Market Rent,Used in Unknown_Field_JK249 (JK249)
Sales Approach,Extracted from formula,Market Rent,Used in Unknown_Field_JL249 (JL249)
Sales Approach,Extracted from formula,Market Rent,Used in Unknown_Field_JM249 (JM249)
Sales Approach,Extracted from formula,Market Rent,Used in Unknown_Field_JN249 (JN249)
Sales Approach,Extracted from formula,Market Rent,Used in Unknown_Field_JO249 (JO249)
Sales Approach,Extracted from formula,Market Rent,Used in Unknown_Field_JP249 (JP249)
Sales Approach,Extracted from formula,Market Rent,Used in Unknown_Field_JQ249 (JQ249)
Sales Approach,Extracted from formula,Market Rent,Used in Unknown_Field_JR249 (JR249)
Sales Approach,Extracted from formula,Market Rent,Used in Unknown_Field_JS249 (JS249)
Sales Approach,Extracted from formula,Market Rent,Used in Unknown_Field_JT249 (JT249)
Sales Approach,Extracted from formula,Market Rent,Used in Unknown_Field_JU249 (JU249)
Sales Approach,Extracted from formula,Market Rent,Used in Unknown_Field_JV249 (JV249)
Sales Approach,Extracted from formula,Market Rent,Used in Unknown_Field_JW249 (JW249)
Sales Approach,Extracted from formula,Market Rent,Used in Unknown_Field_JX249 (JX249)
Sales Approach,Extracted from formula,Market Rent,Used in Unknown_Field_JY249 (JY249)
Sales Approach,Extracted from formula,Market Rent,Used in Unknown_Field_JZ249 (JZ249)
Sales Approach,Extracted from formula,Market Rent,Used in Unknown_Field_KA249 (KA249)
Sales Approach,Extracted from formula,Market Rent,Used in Unknown_Field_KB249 (KB249)
Sales Approach,Extracted from formula,Market Rent,Used in Unknown_Field_KC249 (KC249)
Sales Approach,Extracted from formula,Market Rent,Used in Unknown_Field_KD249 (KD249)
Sales Approach,Extracted from formula,Market Rent,Used in Unknown_Field_KE249 (KE249)
Sales Approach,Extracted from formula,Market Rent,Used in Unknown_Field_KF249 (KF249)
Sales Approach,Extracted from formula,Market Rent,Used in Unknown_Field_KG249 (KG249)
Sales Approach,Extracted from formula,Market Rent,Used in Unknown_Field_KH249 (KH249)
Sales Approach,Extracted from formula,Market Rent,Used in Unknown_Field_KI249 (KI249)
Sales Approach,Extracted from formula,Market Rent,Used in Unknown_Field_KJ249 (KJ249)
Sales Approach,Extracted from formula,Market Rent,Used in Unknown_Field_KK249 (KK249)
Sales Approach,Extracted from formula,Market Rent,Used in Unknown_Field_KL249 (KL249)
Sales Approach,Extracted from formula,Market Rent,Used in Unknown_Field_KM249 (KM249)
Sales Approach,Extracted from formula,Market Rent,Used in Unknown_Field_KN249 (KN249)
Sales Approach,Extracted from formula,Market Rent,Used in Unknown_Field_KO249 (KO249)
Sales Approach,Extracted from formula,Market Rent,Used in Unknown_Field_KP249 (KP249)
Sales Approach,Extracted from formula,Market Rent,Used in Unknown_Field_KQ249 (KQ249)
Sales Approach,Extracted from formula,Market Rent,Used in Unknown_Field_KR249 (KR249)
Sales Approach,Extracted from formula,Market Rent,Used in Unknown_Field_KS249 (KS249)
Sales Approach,Extracted from formula,Market Rent,Used in Unknown_Field_KT249 (KT249)
Sales Approach,Extracted from formula,Market Rent,Used in Unknown_Field_KU249 (KU249)
Sales Approach,Extracted from formula,Market Rent,Used in Unknown_Field_KV249 (KV249)
Sales Approach,Extracted from formula,Market Rent,Used in Unknown_Field_KW249 (KW249)
Sales Approach,Extracted from formula,Market Rent,Used in Unknown_Field_KX249 (KX249)
Sales Approach,Extracted from formula,Market Rent,Used in Unknown_Field_KY249 (KY249)
Sales Approach,Extracted from formula,Market Rent,Used in Unknown_Field_KZ249 (KZ249)
Sales Approach,Extracted from formula,Market Rent,Used in Unknown_Field_LA249 (LA249)
Sales Approach,Extracted from formula,Market Rent,Used in Unknown_Field_LB249 (LB249)
Sales Approach,Extracted from formula,Market Rent,Used in Unknown_Field_LC249 (LC249)
Sales Approach,Extracted from formula,Market Rent,Used in Unknown_Field_LD249 (LD249)
Sales Approach,Extracted from formula,Market Rent,Used in Unknown_Field_LE249 (LE249)
Sales Approach,Extracted from formula,Market Rent,Used in Unknown_Field_LF249 (LF249)
Sales Approach,Extracted from formula,Market Rent,Used in Unknown_Field_LG249 (LG249)
Sales Approach,Extracted from formula,Market Rent,Used in Unknown_Field_LH249 (LH249)
Sales Approach,Extracted from formula,Market Rent,Used in Unknown_Field_LI249 (LI249)
Sales Approach,Extracted from formula,Market Rent,Used in Unknown_Field_LJ249 (LJ249)
Sales Approach,Extracted from formula,Market Rent,Used in Unknown_Field_LK249 (LK249)
Sales Approach,Extracted from formula,Market Rent,Used in Unknown_Field_LL249 (LL249)
Sales Approach,Extracted from formula,Market Rent,Used in Unknown_Field_LM249 (LM249)
Sales Approach,Extracted from formula,Market Rent,Used in Unknown_Field_LN249 (LN249)
Sales Approach,Extracted from formula,Market Rent,Used in Unknown_Field_LO249 (LO249)
Sales Approach,Extracted from formula,Market Rent,Used in Unknown_Field_LP249 (LP249)
Sales Approach,Extracted from formula,Market Rent,Used in Unknown_Field_LQ249 (LQ249)
Sales Approach,Extracted from formula,Market Rent,Used in Unknown_Field_LR249 (LR249)
Sales Approach,Extracted from formula,Market Rent,Used in Unknown_Field_LS249 (LS249)
Sales Approach,Extracted from formula,Market Rent,Used in Unknown_Field_LT249 (LT249)
Sales Approach,Extracted from formula,Market Rent,Used in Unknown_Field_LU249 (LU249)
Sales Approach,Extracted from formula,Market Rent,Used in Unknown_Field_LV249 (LV249)
Sales Approach,Extracted from formula,Market Rent,Used in Unknown_Field_LW249 (LW249)
Sales Approach,Extracted from formula,Market Rent,Used in Unknown_Field_LX249 (LX249)
Sales Approach,Extracted from formula,Market Rent,Used in Unknown_Field_LY249 (LY249)
Sales Approach,Extracted from formula,Market Rent,Used in Unknown_Field_LZ249 (LZ249)
Sales Approach,Extracted from formula,Market Rent,Used in Unknown_Field_MA249 (MA249)
Sales Approach,Extracted from formula,Market Rent,Used in Unknown_Field_MB249 (MB249)
Sales Approach,Extracted from formula,Market Rent,Used in Unknown_Field_MC249 (MC249)
Sales Approach,Extracted from formula,Market Rent,Used in Unknown_Field_MD249 (MD249)
Sales Approach,Extracted from formula,Market Rent,Used in Unknown_Field_ME249 (ME249)
Sales Approach,Extracted from formula,Market Rent,Used in Unknown_Field_MF249 (MF249)
Sales Approach,Extracted from formula,Market Rent,Used in Unknown_Field_MG249 (MG249)
Sales Approach,Extracted from formula,Market Rent,Used in Unknown_Field_MH249 (MH249)
Sales Approach,Extracted from formula,Market Rent,Used in Unknown_Field_MI249 (MI249)
Sales Approach,Extracted from formula,Market Rent,Used in Unknown_Field_MJ249 (MJ249)
Sales Approach,Extracted from formula,Market Rent,Used in Unknown_Field_MK249 (MK249)
Sales Approach,Extracted from formula,Market Rent,Used in Unknown_Field_ML249 (ML249)
Sales Approach,Extracted from formula,Market Rent,Used in Unknown_Field_MM249 (MM249)
Sales Approach,Extracted from formula,Market Rent,Used in Unknown_Field_MN249 (MN249)
Sales Approach,Extracted from formula,Market Rent,Used in Unknown_Field_MO249 (MO249)
Sales Approach,Extracted from formula,Market Rent,Used in Unknown_Field_MP249 (MP249)
Sales Approach,Extracted from formula,Market Rent,Used in Unknown_Field_MQ249 (MQ249)
Sales Approach,Extracted from formula,Market Rent,Used in Unknown_Field_MR249 (MR249)
Sales Approach,Extracted from formula,Market Rent,Used in Unknown_Field_MS249 (MS249)
Sales Approach,Extracted from formula,Market Rent,Used in Unknown_Field_MT249 (MT249)
Sales Approach,Extracted from formula,Market Rent,Used in Unknown_Field_MU249 (MU249)
Sales Approach,Extracted from formula,Market Rent,Used in Unknown_Field_MV249 (MV249)
Sales Approach,Extracted from formula,Market Rent,Used in Unknown_Field_MW249 (MW249)
Sales Approach,Extracted from formula,Market Rent,Used in Unknown_Field_MX249 (MX249)
Sales Approach,Extracted from formula,Market Rent,Used in Unknown_Field_MY249 (MY249)
Sales Approach,Extracted from formula,Market Rent,Used in Unknown_Field_MZ249 (MZ249)
Sales Approach,Extracted from formula,Market Rent,Used in Unknown_Field_NA249 (NA249)
Sales Approach,Extracted from formula,Market Rent,Used in Unknown_Field_NB249 (NB249)
Sales Approach,Extracted from formula,Market Rent,Used in Unknown_Field_NC249 (NC249)
Sales Approach,Extracted from formula,Market Rent,Used in Unknown_Field_ND249 (ND249)
Sales Approach,Extracted from formula,Market Rent,Used in Unknown_Field_NE249 (NE249)
Sales Approach,Extracted from formula,Market Rent,Used in Unknown_Field_NF249 (NF249)
Sales Approach,Extracted from formula,Market Rent,Used in Unknown_Field_NG249 (NG249)
Sales Approach,Extracted from formula,Market Rent,Used in Unknown_Field_NH249 (NH249)
Sales Approach,Extracted from formula,Market Rent,Used in Unknown_Field_NI249 (NI249)
Sales Approach,Extracted from formula,Market Rent,Used in Unknown_Field_NJ249 (NJ249)
Sales Approach,Extracted from formula,Market Rent,Used in Unknown_Field_NK249 (NK249)
Sales Approach,Extracted from formula,Market Rent,Used in Unknown_Field_NL249 (NL249)
Sales Approach,Extracted from formula,Market Rent,Used in Unknown_Field_NM249 (NM249)
Sales Approach,Extracted from formula,Market Rent,Used in Unknown_Field_NN249 (NN249)
Sales Approach,Extracted from formula,Market Rent,Used in Unknown_Field_NO249 (NO249)
Sales Approach,Extracted from formula,Market Rent,Used in Unknown_Field_NP249 (NP249)
Sales Approach,Extracted from formula,Market Rent,Used in Unknown_Field_NQ249 (NQ249)
Sales Approach,Extracted from formula,Market Rent,Used in Unknown_Field_NR249 (NR249)
Sales Approach,Extracted from formula,Market Rent,Used in Unknown_Field_NS249 (NS249)
Sales Approach,Extracted from formula,Market Rent,Used in Unknown_Field_NT249 (NT249)
Sales Approach,Extracted from formula,Market Rent,Used in Unknown_Field_NU249 (NU249)
Sales Approach,Extracted from formula,Market Rent,Used in Unknown_Field_NV249 (NV249)
Sales Approach,Extracted from formula,Market Rent,Used in Unknown_Field_NW249 (NW249)
Sales Approach,Extracted from formula,Market Rent,Used in Unknown_Field_NX249 (NX249)
Sales Approach,Extracted from formula,Market Rent,Used in Unknown_Field_NY249 (NY249)
Sales Approach,Extracted from formula,Market Rent,Used in Unknown_Field_NZ249 (NZ249)
Sales Approach,Extracted from formula,Market Rent,Used in Unknown_Field_OA249 (OA249)
Sales Approach,Extracted from formula,Market Rent,Used in Unknown_Field_OB249 (OB249)
Sales Approach,Extracted from formula,Market Rent,Used in Unknown_Field_OC249 (OC249)
Sales Approach,Extracted from formula,Market Rent,Used in Unknown_Field_OD249 (OD249)
Sales Approach,Extracted from formula,Market Rent,Used in Unknown_Field_OE249 (OE249)
Sales Approach,Extracted from formula,Market Rent,Used in Unknown_Field_OF249 (OF249)
Sales Approach,Extracted from formula,Market Rent,Used in Unknown_Field_OG249 (OG249)
Sales Approach,Extracted from formula,Market Rent,Used in Unknown_Field_OH249 (OH249)
Sales Approach,Extracted from formula,Market Rent,Used in Unknown_Field_OI249 (OI249)
Sales Approach,Extracted from formula,Market Rent,Used in Unknown_Field_OJ249 (OJ249)
Sales Approach,Extracted from formula,Market Rent,Used in Unknown_Field_OK249 (OK249)
Sales Approach,Extracted from formula,Market Rent,Used in Unknown_Field_OL249 (OL249)
Sales Approach,Extracted from formula,Market Rent,Used in Unknown_Field_OM249 (OM249)
Sales Approach,Extracted from formula,Market Rent,Used in Unknown_Field_ON249 (ON249)
Sales Approach,Extracted from formula,Market Rent,Used in Unknown_Field_OO249 (OO249)
Sales Approach,Extracted from formula,Market Rent,Used in Unknown_Field_OP249 (OP249)
Sales Approach,Extracted from formula,Market Rent,Used in Unknown_Field_OQ249 (OQ249)
Sales Approach,Extracted from formula,Market Rent,Used in Unknown_Field_OR249 (OR249)
Sales Approach,Extracted from formula,Market Rent,Used in Unknown_Field_OS249 (OS249)
Sales Approach,Extracted from formula,Market Rent,Used in Unknown_Field_OT249 (OT249)
Sales Approach,Extracted from formula,Market Rent,Used in Unknown_Field_OU249 (OU249)
Sales Approach,Extracted from formula,Market Rent,Used in Unknown_Field_OV249 (OV249)
Sales Approach,Extracted from formula,Market Rent,Used in Unknown_Field_OW249 (OW249)
Sales Approach,Extracted from formula,Market Rent,Used in Unknown_Field_OX249 (OX249)
Sales Approach,Extracted from formula,Market Rent,Used in Unknown_Field_OY249 (OY249)
Sales Approach,Extracted from formula,Market Rent,Used in Unknown_Field_OZ249 (OZ249)
Sales Approach,Extracted from formula,Market Rent,Used in Unknown_Field_PA249 (PA249)
Sales Approach,Extracted from formula,Market Rent,Used in Unknown_Field_PB249 (PB249)
Sales Approach,Extracted from formula,Market Rent,Used in Unknown_Field_PC249 (PC249)
Sales Approach,Extracted from formula,Market Rent,Used in Unknown_Field_PD249 (PD249)
Sales Approach,Extracted from formula,Market Rent,Used in Unknown_Field_PE249 (PE249)
Improvements,Extracted from formula,Market Rent,Used in Unknown_Field_JP252 (JP252)
Improvements,Extracted from formula,Market Rent,Used in Unknown_Field_JQ252 (JQ252)
Improvements,Extracted from formula,Market Rent,Used in Unknown_Field_JR252 (JR252)
Improvements,Extracted from formula,Market Rent,Used in Unknown_Field_JS252 (JS252)
Improvements,Extracted from formula,Market Rent,Used in Unknown_Field_JT252 (JT252)
Improvements,Extracted from formula,Market Rent,Used in Unknown_Field_JU252 (JU252)
Improvements,Extracted from formula,Market Rent,Used in Unknown_Field_JV252 (JV252)
Improvements,Extracted from formula,Market Rent,Used in Unknown_Field_JW252 (JW252)
Improvements,Extracted from formula,Market Rent,Used in Unknown_Field_JX252 (JX252)
Improvements,Extracted from formula,Market Rent,Used in Unknown_Field_JY252 (JY252)
Improvements,Extracted from formula,Market Rent,Used in Unknown_Field_JZ252 (JZ252)
Improvements,Extracted from formula,Market Rent,Used in Unknown_Field_KA252 (KA252)
Improvements,Extracted from formula,Market Rent,Used in Unknown_Field_KB252 (KB252)
Improvements,Extracted from formula,Market Rent,Used in Unknown_Field_KC252 (KC252)
Improvements,Extracted from formula,Market Rent,Used in Unknown_Field_KD252 (KD252)
Improvements,Extracted from formula,Market Rent,Used in Unknown_Field_KE252 (KE252)
Improvements,Extracted from formula,Market Rent,Used in Unknown_Field_KF252 (KF252)
Improvements,Extracted from formula,Market Rent,Used in Unknown_Field_KG252 (KG252)
Improvements,Extracted from formula,Market Rent,Used in Unknown_Field_KH252 (KH252)
Improvements,Extracted from formula,Market Rent,Used in Unknown_Field_KI252 (KI252)
Improvements,Extracted from formula,Market Rent,Used in Unknown_Field_KJ252 (KJ252)
Improvements,Extracted from formula,Market Rent,Used in Unknown_Field_KK252 (KK252)
Improvements,Extracted from formula,Market Rent,Used in Unknown_Field_KL252 (KL252)
Improvements,Extracted from formula,Market Rent,Used in Unknown_Field_KM252 (KM252)
Improvements,Extracted from formula,Market Rent,Used in Unknown_Field_KN252 (KN252)
Improvements,Extracted from formula,Market Rent,Used in Unknown_Field_KO252 (KO252)
Improvements,Extracted from formula,Market Rent,Used in Unknown_Field_KP252 (KP252)
Improvements,Extracted from formula,Market Rent,Used in Unknown_Field_KQ252 (KQ252)
Improvements,Extracted from formula,Market Rent,Used in Unknown_Field_KR252 (KR252)
Improvements,Extracted from formula,Market Rent,Used in Unknown_Field_KS252 (KS252)
Improvements,Extracted from formula,Market Rent,Used in Unknown_Field_KT252 (KT252)
Improvements,Extracted from formula,Market Rent,Used in Unknown_Field_KU252 (KU252)
Improvements,Extracted from formula,Market Rent,Used in Unknown_Field_KV252 (KV252)
Improvements,Extracted from formula,Market Rent,Used in Unknown_Field_KW252 (KW252)
Improvements,Extracted from formula,Market Rent,Used in Unknown_Field_KX252 (KX252)
Improvements,Extracted from formula,Market Rent,Used in Unknown_Field_KY252 (KY252)
Improvements,Extracted from formula,Market Rent,Used in Unknown_Field_KZ252 (KZ252)
Improvements,Extracted from formula,Market Rent,Used in Unknown_Field_LA252 (LA252)
Improvements,Extracted from formula,Market Rent,Used in Unknown_Field_LB252 (LB252)
Improvements,Extracted from formula,Market Rent,Used in Unknown_Field_LC252 (LC252)
Improvements,Extracted from formula,Market Rent,Used in Unknown_Field_LD252 (LD252)
Improvements,Extracted from formula,Market Rent,Used in Unknown_Field_LE252 (LE252)
Improvements,Extracted from formula,Market Rent,Used in Unknown_Field_LF252 (LF252)
Improvements,Extracted from formula,Market Rent,Used in Unknown_Field_LG252 (LG252)
Improvements,Extracted from formula,Market Rent,Used in Unknown_Field_LH252 (LH252)
Improvements,Extracted from formula,Market Rent,Used in Unknown_Field_LI252 (LI252)
Improvements,Extracted from formula,Market Rent,Used in Unknown_Field_LJ252 (LJ252)
Improvements,Extracted from formula,Market Rent,Used in Unknown_Field_LK252 (LK252)
Improvements,Extracted from formula,Market Rent,Used in Unknown_Field_LL252 (LL252)
Improvements,Extracted from formula,Market Rent,Used in Unknown_Field_LM252 (LM252)
Improvements,Extracted from formula,Market Rent,Used in Unknown_Field_LN252 (LN252)
Improvements,Extracted from formula,Market Rent,Used in Unknown_Field_LO252 (LO252)
Improvements,Extracted from formula,Market Rent,Used in Unknown_Field_LP252 (LP252)
Improvements,Extracted from formula,Market Rent,Used in Unknown_Field_LQ252 (LQ252)
Improvements,Extracted from formula,Market Rent,Used in Unknown_Field_LR252 (LR252)
Improvements,Extracted from formula,Market Rent,Used in Unknown_Field_LS252 (LS252)
Improvements,Extracted from formula,Market Rent,Used in Unknown_Field_LT252 (LT252)
Improvements,Extracted from formula,Market Rent,Used in Unknown_Field_LU252 (LU252)
Improvements,Extracted from formula,Market Rent,Used in Unknown_Field_LV252 (LV252)
Improvements,Extracted from formula,Market Rent,Used in Unknown_Field_LW252 (LW252)
Improvements,Extracted from formula,Market Rent,Used in Unknown_Field_LX252 (LX252)
Improvements,Extracted from formula,Market Rent,Used in Unknown_Field_LY252 (LY252)
Improvements,Extracted from formula,Market Rent,Used in Unknown_Field_LZ252 (LZ252)
Improvements,Extracted from formula,Market Rent,Used in Unknown_Field_MA252 (MA252)
Improvements,Extracted from formula,Market Rent,Used in Unknown_Field_MB252 (MB252)
Improvements,Extracted from formula,Market Rent,Used in Unknown_Field_MC252 (MC252)
Improvements,Extracted from formula,Market Rent,Used in Unknown_Field_MD252 (MD252)
Improvements,Extracted from formula,Market Rent,Used in Unknown_Field_ME252 (ME252)
Improvements,Extracted from formula,Market Rent,Used in Unknown_Field_MF252 (MF252)
Improvements,Extracted from formula,Market Rent,Used in Unknown_Field_MG252 (MG252)
Improvements,Extracted from formula,Market Rent,Used in Unknown_Field_MH252 (MH252)
Improvements,Extracted from formula,Market Rent,Used in Unknown_Field_MI252 (MI252)
Improvements,Extracted from formula,Market Rent,Used in Unknown_Field_MJ252 (MJ252)
Improvements,Extracted from formula,Market Rent,Used in Unknown_Field_MK252 (MK252)
Improvements,Extracted from formula,Market Rent,Used in Unknown_Field_ML252 (ML252)
Improvements,Extracted from formula,Market Rent,Used in Unknown_Field_MM252 (MM252)
Improvements,Extracted from formula,Market Rent,Used in Unknown_Field_MN252 (MN252)
Improvements,Extracted from formula,Market Rent,Used in Unknown_Field_MO252 (MO252)
Improvements,Extracted from formula,Market Rent,Used in Unknown_Field_MP252 (MP252)
Improvements,Extracted from formula,Market Rent,Used in Unknown_Field_MQ252 (MQ252)
Improvements,Extracted from formula,Market Rent,Used in Unknown_Field_MR252 (MR252)
Improvements,Extracted from formula,Market Rent,Used in Unknown_Field_MS252 (MS252)
Improvements,Extracted from formula,Market Rent,Used in Unknown_Field_MT252 (MT252)
Improvements,Extracted from formula,Market Rent,Used in Unknown_Field_MU252 (MU252)
Improvements,Extracted from formula,Market Rent,Used in Unknown_Field_MV252 (MV252)
Improvements,Extracted from formula,Market Rent,Used in Unknown_Field_MW252 (MW252)
Improvements,Extracted from formula,Market Rent,Used in Unknown_Field_MX252 (MX252)
Improvements,Extracted from formula,Market Rent,Used in Unknown_Field_MY252 (MY252)
Improvements,Extracted from formula,Market Rent,Used in Unknown_Field_MZ252 (MZ252)
Improvements,Extracted from formula,Market Rent,Used in Unknown_Field_NA252 (NA252)
Improvements,Extracted from formula,Market Rent,Used in Unknown_Field_NB252 (NB252)
Improvements,Extracted from formula,Market Rent,Used in Unknown_Field_NC252 (NC252)
Improvements,Extracted from formula,Market Rent,Used in Unknown_Field_ND252 (ND252)
Improvements,Extracted from formula,Market Rent,Used in Unknown_Field_NE252 (NE252)
Improvements,Extracted from formula,Market Rent,Used in Unknown_Field_NF252 (NF252)
Improvements,Extracted from formula,Market Rent,Used in Unknown_Field_NG252 (NG252)
Improvements,Extracted from formula,Market Rent,Used in Unknown_Field_NH252 (NH252)
Improvements,Extracted from formula,Market Rent,Used in Unknown_Field_NI252 (NI252)
Improvements,Extracted from formula,Market Rent,Used in Unknown_Field_NJ252 (NJ252)
Improvements,Extracted from formula,Market Rent,Used in Unknown_Field_NK252 (NK252)
Improvements,Extracted from formula,Market Rent,Used in Unknown_Field_NL252 (NL252)
Improvements,Extracted from formula,Market Rent,Used in Unknown_Field_NM252 (NM252)
Improvements,Extracted from formula,Market Rent,Used in Unknown_Field_NN252 (NN252)
Improvements,Extracted from formula,Market Rent,Used in Unknown_Field_NO252 (NO252)
Improvements,Extracted from formula,Market Rent,Used in Unknown_Field_NP252 (NP252)
Improvements,Extracted from formula,Market Rent,Used in Unknown_Field_NQ252 (NQ252)
Improvements,Extracted from formula,Market Rent,Used in Unknown_Field_NR252 (NR252)
Improvements,Extracted from formula,Market Rent,Used in Unknown_Field_NS252 (NS252)
Improvements,Extracted from formula,Market Rent,Used in Unknown_Field_NT252 (NT252)
Improvements,Extracted from formula,Market Rent,Used in Unknown_Field_NU252 (NU252)
Improvements,Extracted from formula,Market Rent,Used in Unknown_Field_NV252 (NV252)
Improvements,Extracted from formula,Market Rent,Used in Unknown_Field_NW252 (NW252)
Improvements,Extracted from formula,Market Rent,Used in Unknown_Field_NX252 (NX252)
Improvements,Extracted from formula,Market Rent,Used in Unknown_Field_NY252 (NY252)
Improvements,Extracted from formula,Market Rent,Used in Unknown_Field_NZ252 (NZ252)
Improvements,Extracted from formula,Market Rent,Used in Unknown_Field_OA252 (OA252)
Improvements,Extracted from formula,Market Rent,Used in Unknown_Field_OB252 (OB252)
Improvements,Extracted from formula,Market Rent,Used in Unknown_Field_OC252 (OC252)
Improvements,Extracted from formula,Market Rent,Used in Unknown_Field_OD252 (OD252)
Improvements,Extracted from formula,Market Rent,Used in Unknown_Field_OE252 (OE252)
Improvements,Extracted from formula,Market Rent,Used in Unknown_Field_OF252 (OF252)
Improvements,Extracted from formula,Market Rent,Used in Unknown_Field_OG252 (OG252)
Improvements,Extracted from formula,Market Rent,Used in Unknown_Field_OH252 (OH252)
Improvements,Extracted from formula,Market Rent,Used in Unknown_Field_OI252 (OI252)
Improvements,Extracted from formula,Market Rent,Used in Unknown_Field_OJ252 (OJ252)
Improvements,Extracted from formula,Market Rent,Used in Unknown_Field_OK252 (OK252)
Improvements,Extracted from formula,Market Rent,Used in Unknown_Field_OL252 (OL252)
Improvements,Extracted from formula,Market Rent,Used in Unknown_Field_OM252 (OM252)
Improvements,Extracted from formula,Market Rent,Used in Unknown_Field_ON252 (ON252)
Improvements,Extracted from formula,Market Rent,Used in Unknown_Field_OO252 (OO252)
Improvements,Extracted from formula,Market Rent,Used in Unknown_Field_OP252 (OP252)
Improvements,Extracted from formula,Market Rent,Used in Unknown_Field_OQ252 (OQ252)
Improvements,Extracted from formula,Market Rent,Used in Unknown_Field_OR252 (OR252)
Improvements,Extracted from formula,Market Rent,Used in Unknown_Field_OS252 (OS252)
Improvements,Extracted from formula,Market Rent,Used in Unknown_Field_OT252 (OT252)
Improvements,Extracted from formula,Market Rent,Used in Unknown_Field_OU252 (OU252)
Improvements,Extracted from formula,Market Rent,Used in Unknown_Field_OV252 (OV252)
Improvements,Extracted from formula,Market Rent,Used in Unknown_Field_OW252 (OW252)
Improvements,Extracted from formula,Market Rent,Used in Unknown_Field_OX252 (OX252)
Improvements,Extracted from formula,Market Rent,Used in Unknown_Field_OY252 (OY252)
Improvements,Extracted from formula,Market Rent,Used in Unknown_Field_OZ252 (OZ252)
Improvements,Extracted from formula,Market Rent,Used in Unknown_Field_PA252 (PA252)
Improvements,Extracted from formula,Market Rent,Used in Unknown_Field_PB252 (PB252)
Improvements,Extracted from formula,Market Rent,Used in Unknown_Field_PC252 (PC252)
Improvements,Extracted from formula,Market Rent,Used in Unknown_Field_PD252 (PD252)
Improvements,Extracted from formula,Market Rent,Used in Unknown_Field_PE252 (PE252)
Improvements,Extracted from formula,Market Rent,Used in Subject Property: (FN259)
Improvements,Extracted from formula,Market Rent,Used in Subject Property: (FO259)
Improvements,Extracted from formula,Market Rent,Used in Subject Property: (FP259)
Improvements,Extracted from formula,Market Rent,Used in Subject Property: (FQ259)
Improvements,Extracted from formula,Market Rent,Used in Subject Property: (FR259)
Improvements,Extracted from formula,Market Rent,Used in Subject Property: (FS259)
Improvements,Extracted from formula,Market Rent,Used in Subject Property: (FT259)
Improvements,Extracted from formula,Market Rent,Used in Subject Property: (FU259)
Improvements,Extracted from formula,Market Rent,Used in Subject Property: (FV259)
Improvements,Extracted from formula,Market Rent,Used in Subject Property: (FW259)
Improvements,Extracted from formula,Market Rent,Used in Subject Property: (FX259)
Improvements,Extracted from formula,Market Rent,Used in Subject Property: (FY259)
Improvements,Extracted from formula,Market Rent,Used in Subject Property: (FZ259)
Improvements,Extracted from formula,Market Rent,Used in Subject Property: (GA259)
Improvements,Extracted from formula,Market Rent,Used in Unknown_Field_GB259 (GB259)
Improvements,Extracted from formula,Market Rent,Used in Unknown_Field_GC259 (GC259)
Improvements,Extracted from formula,Market Rent,Used in Unknown_Field_GD259 (GD259)
Improvements,Extracted from formula,Market Rent,Used in Unknown_Field_GE259 (GE259)
Improvements,Extracted from formula,Market Rent,Used in Unknown_Field_GF259 (GF259)
Improvements,Extracted from formula,Market Rent,Used in Unknown_Field_GG259 (GG259)
Improvements,Extracted from formula,Market Rent,Used in Unknown_Field_GH259 (GH259)
Improvements,Extracted from formula,Market Rent,Used in Unknown_Field_GI259 (GI259)
Improvements,Extracted from formula,Market Rent,Used in Unknown_Field_GJ259 (GJ259)
Improvements,Extracted from formula,Market Rent,Used in Unknown_Field_GK259 (GK259)
Improvements,Extracted from formula,Market Rent,Used in Unknown_Field_GL259 (GL259)
Improvements,Extracted from formula,Market Rent,Used in Unknown_Field_GM259 (GM259)
Improvements,Extracted from formula,Market Rent,Used in Unknown_Field_GN259 (GN259)
Improvements,Extracted from formula,Market Rent,Used in Unknown_Field_GO259 (GO259)
Improvements,Extracted from formula,Market Rent,Used in Unknown_Field_GP259 (GP259)
Improvements,Extracted from formula,Market Rent,Used in Unknown_Field_GQ259 (GQ259)
Improvements,Extracted from formula,Market Rent,Used in Unknown_Field_GR259 (GR259)
Improvements,Extracted from formula,Market Rent,Used in Unknown_Field_GS259 (GS259)
Improvements,Extracted from formula,Market Rent,Used in Unknown_Field_GT259 (GT259)
Improvements,Extracted from formula,Market Rent,Used in Unknown_Field_GU259 (GU259)
Improvements,Extracted from formula,Market Rent,Used in Unknown_Field_GV259 (GV259)
Improvements,Extracted from formula,Market Rent,Used in Unknown_Field_GW259 (GW259)
Improvements,Extracted from formula,Market Rent,Used in Unknown_Field_GX259 (GX259)
Improvements,Extracted from formula,Market Rent,Used in Unknown_Field_GY259 (GY259)
Improvements,Extracted from formula,Market Rent,Used in Unknown_Field_GZ259 (GZ259)
Improvements,Extracted from formula,Market Rent,Used in Unknown_Field_HA259 (HA259)
Improvements,Extracted from formula,Market Rent,Used in Unknown_Field_HB259 (HB259)
Improvements,Extracted from formula,Market Rent,Used in Unknown_Field_HC259 (HC259)
Improvements,Extracted from formula,Market Rent,Used in Unknown_Field_HD259 (HD259)
Improvements,Extracted from formula,Market Rent,Used in Unknown_Field_HE259 (HE259)
Improvements,Extracted from formula,Market Rent,Used in Unknown_Field_HF259 (HF259)
Improvements,Extracted from formula,Market Rent,Used in Unknown_Field_HG259 (HG259)
Improvements,Extracted from formula,Market Rent,Used in Unknown_Field_HH259 (HH259)
Improvements,Extracted from formula,Market Rent,Used in Unknown_Field_HI259 (HI259)
Improvements,Extracted from formula,Market Rent,Used in Unknown_Field_HJ259 (HJ259)
Improvements,Extracted from formula,Market Rent,Used in Unknown_Field_HK259 (HK259)
Improvements,Extracted from formula,Market Rent,Used in Unknown_Field_HL259 (HL259)
Improvements,Extracted from formula,Market Rent,Used in Unknown_Field_HM259 (HM259)
Improvements,Extracted from formula,Market Rent,Used in Unknown_Field_HN259 (HN259)
Improvements,Extracted from formula,Market Rent,Used in Unknown_Field_HO259 (HO259)
Improvements,Extracted from formula,Market Rent,Used in Unknown_Field_HP259 (HP259)
Improvements,Extracted from formula,Market Rent,Used in Unknown_Field_HQ259 (HQ259)
Improvements,Extracted from formula,Market Rent,Used in Unknown_Field_HR259 (HR259)
Improvements,Extracted from formula,Market Rent,Used in Unknown_Field_HS259 (HS259)
Improvements,Extracted from formula,Market Rent,Used in Unknown_Field_HT259 (HT259)
Improvements,Extracted from formula,Market Rent,Used in Unknown_Field_HU259 (HU259)
Improvements,Extracted from formula,Market Rent,Used in Unknown_Field_HV259 (HV259)
Improvements,Extracted from formula,Market Rent,Used in Unknown_Field_HW259 (HW259)
Improvements,Extracted from formula,Market Rent,Used in Unknown_Field_HX259 (HX259)
Improvements,Extracted from formula,Market Rent,Used in Unknown_Field_HY259 (HY259)
Improvements,Extracted from formula,Market Rent,Used in Unknown_Field_HZ259 (HZ259)
Improvements,Extracted from formula,Market Rent,Used in Unknown_Field_IA259 (IA259)
Improvements,Extracted from formula,Market Rent,Used in Unknown_Field_IB259 (IB259)
Improvements,Extracted from formula,Market Rent,Used in Unknown_Field_IC259 (IC259)
Improvements,Extracted from formula,Market Rent,Used in Unknown_Field_ID259 (ID259)
Improvements,Extracted from formula,Market Rent,Used in Unknown_Field_IE259 (IE259)
Improvements,Extracted from formula,Market Rent,Used in Unknown_Field_IF259 (IF259)
Improvements,Extracted from formula,Market Rent,Used in Unknown_Field_IG259 (IG259)
Improvements,Extracted from formula,Market Rent,Used in Unknown_Field_IH259 (IH259)
Improvements,Extracted from formula,Market Rent,Used in Unknown_Field_II259 (II259)
Improvements,Extracted from formula,Market Rent,Used in Unknown_Field_IJ259 (IJ259)
Improvements,Extracted from formula,Market Rent,Used in Unknown_Field_IK259 (IK259)
Improvements,Extracted from formula,Market Rent,Used in Unknown_Field_IL259 (IL259)
Improvements,Extracted from formula,Market Rent,Used in Unknown_Field_IM259 (IM259)
Improvements,Extracted from formula,Market Rent,Used in Unknown_Field_IN259 (IN259)
Improvements,Extracted from formula,Market Rent,Used in Unknown_Field_IO259 (IO259)
Improvements,Extracted from formula,Market Rent,Used in Unknown_Field_IP259 (IP259)
Improvements,Extracted from formula,Market Rent,Used in Unknown_Field_IQ259 (IQ259)
Improvements,Extracted from formula,Market Rent,Used in Unknown_Field_IR259 (IR259)
Improvements,Extracted from formula,Market Rent,Used in Unknown_Field_IS259 (IS259)
Improvements,Extracted from formula,Market Rent,Used in Unknown_Field_IT259 (IT259)
Improvements,Extracted from formula,Market Rent,Used in Unknown_Field_IU259 (IU259)
Improvements,Extracted from formula,Market Rent,Used in Unknown_Field_IV259 (IV259)
Improvements,Extracted from formula,Market Rent,Used in Unknown_Field_IW259 (IW259)
Improvements,Extracted from formula,Market Rent,Used in Unknown_Field_IX259 (IX259)
Improvements,Extracted from formula,Market Rent,Used in Unknown_Field_IY259 (IY259)
Improvements,Extracted from formula,Market Rent,Used in Unknown_Field_IZ259 (IZ259)
Improvements,Extracted from formula,Market Rent,Used in Unknown_Field_JA259 (JA259)
Improvements,Extracted from formula,Market Rent,Used in Unknown_Field_JB259 (JB259)
Improvements,Extracted from formula,Market Rent,Used in Unknown_Field_JC259 (JC259)
Improvements,Extracted from formula,Market Rent,Used in Unknown_Field_JD259 (JD259)
Improvements,Extracted from formula,Market Rent,Used in Unknown_Field_JE259 (JE259)
Improvements,Extracted from formula,Market Rent,Used in Unknown_Field_JF259 (JF259)
Improvements,Extracted from formula,Market Rent,Used in Unknown_Field_JG259 (JG259)
Improvements,Extracted from formula,Market Rent,Used in Unknown_Field_JH259 (JH259)
Improvements,Extracted from formula,Market Rent,Used in Unknown_Field_JI259 (JI259)
Improvements,Extracted from formula,Market Rent,Used in Unknown_Field_JJ259 (JJ259)
Improvements,Extracted from formula,Market Rent,Used in Unknown_Field_JK259 (JK259)
Improvements,Extracted from formula,Market Rent,Used in Unknown_Field_JL259 (JL259)
Improvements,Extracted from formula,Market Rent,Used in Unknown_Field_JM259 (JM259)
Improvements,Extracted from formula,Market Rent,Used in Unknown_Field_JN259 (JN259)
Improvements,Extracted from formula,Market Rent,Used in Unknown_Field_JO259 (JO259)
Improvements,Extracted from formula,Market Rent,Used in Subject (PZ275)
Improvements,Extracted from formula,Market Rent,Used in Subject (QA275)
Improvements,Extracted from formula,Market Rent,Used in Subject (QB275)
Improvements,Extracted from formula,Market Rent,Used in Subject (QC275)
Improvements,Extracted from formula,Market Rent,Used in Subject (QD275)
Improvements,Extracted from formula,Market Rent,Used in Subject (QE275)
Improvements,Extracted from formula,Market Rent,Used in Subject (QF275)
Improvements,Extracted from formula,Market Rent,Used in Subject (QG275)
Improvements,Extracted from formula,Market Rent,Used in Subject (QH275)
Improvements,Extracted from formula,Market Rent,Used in Subject (QI275)
Improvements,Extracted from formula,Market Rent,Used in Subject (QJ275)
Improvements,Extracted from formula,Market Rent,Used in Unknown_Field_QK275 (QK275)
Improvements,Extracted from formula,Market Rent,Used in Unknown_Field_QL275 (QL275)
Improvements,Extracted from formula,Market Rent,Used in Unknown_Field_QM275 (QM275)
Improvements,Extracted from formula,Market Rent,Used in Unknown_Field_QN275 (QN275)
Improvements,Extracted from formula,Market Rent,Used in Unknown_Field_QO275 (QO275)
Improvements,Extracted from formula,Market Rent,Used in Unknown_Field_QP275 (QP275)
Improvements,Extracted from formula,Market Rent,Used in Unknown_Field_QQ275 (QQ275)
Improvements,Extracted from formula,Market Rent,Used in Unknown_Field_QR275 (QR275)
Improvements,Extracted from formula,Market Rent,Used in Unknown_Field_QS275 (QS275)
Improvements,Extracted from formula,Market Rent,Used in Unknown_Field_QT275 (QT275)
Improvements,Extracted from formula,Market Rent,Used in Unknown_Field_QU275 (QU275)
Improvements,Extracted from formula,Market Rent,Used in Unknown_Field_QV275 (QV275)
Improvements,Extracted from formula,Market Rent,Used in Unknown_Field_QW275 (QW275)
Improvements,Extracted from formula,Market Rent,Used in Unknown_Field_QX275 (QX275)
Improvements,Extracted from formula,Market Rent,Used in Unknown_Field_QY275 (QY275)
Improvements,Extracted from formula,Market Rent,Used in Unknown_Field_QZ275 (QZ275)
Improvements,Extracted from formula,Market Rent,Used in Unknown_Field_RA275 (RA275)
Improvements,Extracted from formula,Market Rent,Used in Unknown_Field_RB275 (RB275)
Improvements,Extracted from formula,Market Rent,Used in Unknown_Field_RC275 (RC275)
Improvements,Extracted from formula,Market Rent,Used in Unknown_Field_RD275 (RD275)
Improvements,Extracted from formula,Market Rent,Used in Unknown_Field_RE275 (RE275)
Improvements,Extracted from formula,Market Rent,Used in Unknown_Field_RF275 (RF275)
Improvements,Extracted from formula,Market Rent,Used in Unknown_Field_RG275 (RG275)
Improvements,Extracted from formula,Market Rent,Used in Unknown_Field_RH275 (RH275)
Improvements,Extracted from formula,Market Rent,Used in Unknown_Field_RI275 (RI275)
Improvements,Extracted from formula,Market Rent,Used in Subject Property: (PZ287)
Improvements,Extracted from formula,Market Rent,Used in Subject Property: (QA287)
Improvements,Extracted from formula,Market Rent,Used in Subject Property: (QB287)
Improvements,Extracted from formula,Market Rent,Used in Subject Property: (QC287)
Improvements,Extracted from formula,Market Rent,Used in Subject Property: (QD287)
Improvements,Extracted from formula,Market Rent,Used in Subject Property: (QE287)
Improvements,Extracted from formula,Market Rent,Used in Subject Property: (QF287)
Improvements,Extracted from formula,Market Rent,Used in Subject Property: (QG287)
Improvements,Extracted from formula,Market Rent,Used in Subject Property: (QH287)
Improvements,Extracted from formula,Market Rent,Used in Subject Property: (QI287)
Improvements,Extracted from formula,Market Rent,Used in Subject Property: (QJ287)
Improvements,Extracted from formula,Market Rent,Used in Subject Property: (QK287)
Improvements,Extracted from formula,Market Rent,Used in Subject Property: (QL287)
Improvements,Extracted from formula,Market Rent,Used in Subject Property: (QM287)
Improvements,Extracted from formula,Market Rent,Used in Unknown_Field_QN287 (QN287)
Improvements,Extracted from formula,Market Rent,Used in Unknown_Field_QO287 (QO287)
Improvements,Extracted from formula,Market Rent,Used in Unknown_Field_QP287 (QP287)
Improvements,Extracted from formula,Market Rent,Used in Unknown_Field_QQ287 (QQ287)
Improvements,Extracted from formula,Market Rent,Used in Unknown_Field_QR287 (QR287)
Improvements,Extracted from formula,Market Rent,Used in Unknown_Field_QS287 (QS287)
Improvements,Extracted from formula,Market Rent,Used in Unknown_Field_QT287 (QT287)
Improvements,Extracted from formula,Market Rent,Used in Unknown_Field_QU287 (QU287)
Improvements,Extracted from formula,Market Rent,Used in Unknown_Field_QV287 (QV287)
Improvements,Extracted from formula,Market Rent,Used in Unknown_Field_QW287 (QW287)
Improvements,Extracted from formula,Market Rent,Used in Unknown_Field_QX287 (QX287)
Improvements,Extracted from formula,Market Rent,Used in Unknown_Field_QY287 (QY287)
Improvements,Extracted from formula,Market Rent,Used in Unknown_Field_QZ287 (QZ287)
Improvements,Extracted from formula,Market Rent,Used in Unknown_Field_RA287 (RA287)
Improvements,Extracted from formula,Market Rent,Used in Unknown_Field_RB287 (RB287)
Improvements,Extracted from formula,Market Rent,Used in Unknown_Field_RC287 (RC287)
Improvements,Extracted from formula,Market Rent,Used in Unknown_Field_RD287 (RD287)
Improvements,Extracted from formula,Market Rent,Used in Unknown_Field_RE287 (RE287)
Improvements,Extracted from formula,Market Rent,Used in Unknown_Field_RF287 (RF287)
Improvements,Extracted from formula,Market Rent,Used in Unknown_Field_RG287 (RG287)
Improvements,Extracted from formula,Market Rent,Used in Unknown_Field_RH287 (RH287)
Improvements,Extracted from formula,Market Rent,Used in Unknown_Field_RI287 (RI287)
PartnerLists,Extracted from formula,Market Rent,Used in Unknown_Field_SJ291 (SJ291)
PartnerLists,Extracted from formula,Market Rent,Used in Unknown_Field_SK291 (SK291)
PartnerLists,Extracted from formula,Market Rent,Used in Unknown_Field_SL291 (SL291)
PartnerLists,Extracted from formula,Market Rent,Used in Unknown_Field_SM291 (SM291)
PartnerLists,Extracted from formula,Market Rent,Used in Unknown_Field_SN291 (SN291)
PartnerLists,Extracted from formula,Market Rent,Used in Unknown_Field_SO291 (SO291)
PartnerLists,Extracted from formula,Market Rent,Used in DEPRECATED (SK321)
Lease Grid,Extracted from formula,Market Rent,Used in Tenant ID> (TV352)
Lease Grid,Extracted from formula,Market Rent,Used in Tenant ID> (TX352)
Lease Grid,Extracted from formula,Market Rent,Used in Tenant ID> (TZ352)
Lease Grid,Extracted from formula,Market Rent,Used in Tenant ID> (UB352)
Lease Grid,Extracted from formula,Market Rent,Used in Tenant ID> (UD352)
Lease Grid,Extracted from formula,Market Rent,Used in Tenant ID> (UF352)
Rent Roll,Extracted from formula,Market Rent,Used in Term (TU364)
PartnerLists,Extracted from formula,Market Rent,Used in Use this Round to Nearest? (TT459)
PartnerLists,Extracted from formula,Market Rent,Used in VeryHidden (VN487)
Rent Roll Config,Extracted from formula,MF Market Rent,Used in Unknown_Field_EP577 (EP577)
Rent Roll Config,Extracted from formula,MF Market Rent,Used in Unknown_Field_EP578 (EP578)
Rent Roll Config,Extracted from formula,MF Market Rent,Used in Unknown_Field_EP579 (EP579)
Rent Roll Config,Extracted from formula,MF Market Rent,Used in Unknown_Field_EP580 (EP580)
Rent Roll Config,Extracted from formula,MF Market Rent,Used in Unknown_Field_EP581 (EP581)
Rent Roll Config,Extracted from formula,MF Market Rent,Used in Unknown_Field_EP582 (EP582)
Rent Roll Config,Extracted from formula,MF Market Rent,Used in Unknown_Field_EP583 (EP583)
Rent Roll Config,Extracted from formula,MF Market Rent,Used in Unknown_Field_EP584 (EP584)
Rent Roll Config,Extracted from formula,MF Market Rent,Used in Unknown_Field_EP585 (EP585)
Rent Roll Config,Extracted from formula,MF Market Rent,Used in Unknown_Field_EP586 (EP586)
Market Rent,Extracted from formula,MF Market Rent,Used in Utilities Adj. (FQ595)
Market Rent,Extracted from formula,MF Market Rent,Used in Physical Charactertistics Adj (FR595)
Market Rent,Extracted from formula,MF Market Rent,Used in Utilities Adj. (FQ596)
Market Rent,Extracted from formula,MF Market Rent,Used in Physical Charactertistics Adj (FR596)
Market Rent,Extracted from formula,MF Market Rent,Used in Utilities Adj. (FQ597)
Market Rent,Extracted from formula,MF Market Rent,Used in Physical Charactertistics Adj (FR597)
Market Rent,Extracted from formula,MF Market Rent,Used in Utilities Adj. (FQ598)
Market Rent,Extracted from formula,MF Market Rent,Used in Physical Charactertistics Adj (FR598)
Market Rent,Extracted from formula,MF Market Rent,Used in Utilities Adj. (FQ599)
Market Rent,Extracted from formula,MF Market Rent,Used in Physical Charactertistics Adj (FR599)
Market Rent,Extracted from formula,MF Market Rent,Used in Utilities Adj. (FQ600)
Market Rent,Extracted from formula,MF Market Rent,Used in Physical Charactertistics Adj (FR600)
Market Rent,Extracted from formula,MF Market Rent,Used in Utilities Adj. (FQ601)
Market Rent,Extracted from formula,MF Market Rent,Used in Physical Charactertistics Adj (FR601)
Market Rent,Extracted from formula,MF Market Rent,Used in Utilities Adj. (FQ602)
Market Rent,Extracted from formula,MF Market Rent,Used in Physical Charactertistics Adj (FR602)
Market Rent,Extracted from formula,MF Market Rent,Used in Unknown_Field_FQ603 (FQ603)
Market Rent,Extracted from formula,MF Market Rent,Used in Unknown_Field_FR603 (FR603)
Market Rent,Extracted from formula,MF Market Rent,Used in Unknown_Field_FQ604 (FQ604)
Market Rent,Extracted from formula,MF Market Rent,Used in Unknown_Field_FR604 (FR604)
Market Rent,Extracted from formula,MF Market Rent,Used in Unknown_Field_FQ605 (FQ605)
Market Rent,Extracted from formula,MF Market Rent,Used in Unknown_Field_FR605 (FR605)
Market Rent,Extracted from formula,MF Market Rent,Used in Unknown_Field_FQ606 (FQ606)
Market Rent,Extracted from formula,MF Market Rent,Used in Unknown_Field_FR606 (FR606)
Market Rent,Extracted from formula,MF Market Rent,Used in Unknown_Field_FQ607 (FQ607)
Market Rent,Extracted from formula,MF Market Rent,Used in Unknown_Field_FR607 (FR607)
Market Rent,Extracted from formula,MF Market Rent,Used in Unknown_Field_FQ608 (FQ608)
Market Rent,Extracted from formula,MF Market Rent,Used in Unknown_Field_FR608 (FR608)
Market Rent,Extracted from formula,MF Market Rent,Used in Unknown_Field_FQ609 (FQ609)
Market Rent,Extracted from formula,MF Market Rent,Used in Unknown_Field_FR609 (FR609)
Market Rent,Extracted from formula,MF Market Rent,Used in Unknown_Field_FQ610 (FQ610)
Market Rent,Extracted from formula,MF Market Rent,Used in Unknown_Field_FR610 (FR610)
Market Rent,Extracted from formula,MF Market Rent,Used in Unknown_Field_FQ611 (FQ611)
Market Rent,Extracted from formula,MF Market Rent,Used in Unknown_Field_FR611 (FR611)
Market Rent,Extracted from formula,MF Market Rent,Used in Unknown_Field_FQ612 (FQ612)
Market Rent,Extracted from formula,MF Market Rent,Used in Unknown_Field_FR612 (FR612)
Market Rent,Extracted from formula,MF Market Rent,Used in Unknown_Field_FQ613 (FQ613)
Market Rent,Extracted from formula,MF Market Rent,Used in Unknown_Field_FR613 (FR613)
Market Rent,Extracted from formula,MF Market Rent,Used in Unknown_Field_FQ614 (FQ614)
Market Rent,Extracted from formula,MF Market Rent,Used in Unknown_Field_FR614 (FR614)
Market Rent,Extracted from formula,MF Market Rent,Used in Unknown_Field_FQ615 (FQ615)
Market Rent,Extracted from formula,MF Market Rent,Used in Unknown_Field_FR615 (FR615)
Market Rent,Extracted from formula,MF Market Rent,Used in Unknown_Field_FQ616 (FQ616)
Market Rent,Extracted from formula,MF Market Rent,Used in Unknown_Field_FR616 (FR616)
Market Rent,Extracted from formula,MF Market Rent,Used in Unknown_Field_FQ617 (FQ617)
Market Rent,Extracted from formula,MF Market Rent,Used in Unknown_Field_FR617 (FR617)
Market Rent,Extracted from formula,MF Market Rent,Used in Unknown_Field_FQ618 (FQ618)
Market Rent,Extracted from formula,MF Market Rent,Used in Unknown_Field_FR618 (FR618)
Market Rent,Extracted from formula,MF Market Rent,Used in Unknown_Field_FQ619 (FQ619)
Market Rent,Extracted from formula,MF Market Rent,Used in Unknown_Field_FR619 (FR619)
Market Rent,Extracted from formula,MF Market Rent,Used in Unknown_Field_FQ620 (FQ620)
Market Rent,Extracted from formula,MF Market Rent,Used in Unknown_Field_FR620 (FR620)
Market Rent,Extracted from formula,MF Market Rent,Used in Unknown_Field_FQ621 (FQ621)
Market Rent,Extracted from formula,MF Market Rent,Used in Unknown_Field_FR621 (FR621)
Market Rent,Extracted from formula,MF Market Rent,Used in Unknown_Field_FQ622 (FQ622)
Market Rent,Extracted from formula,MF Market Rent,Used in Unknown_Field_FR622 (FR622)
Market Rent,Extracted from formula,MF Market Rent,Used in Unknown_Field_FQ623 (FQ623)
Market Rent,Extracted from formula,MF Market Rent,Used in Unknown_Field_FR623 (FR623)
Market Rent,Extracted from formula,MF Market Rent,Used in Unknown_Field_FQ624 (FQ624)
Market Rent,Extracted from formula,MF Market Rent,Used in Unknown_Field_FR624 (FR624)
Market Rent,Extracted from formula,MF Market Rent,Used in Unknown_Field_FQ625 (FQ625)
Market Rent,Extracted from formula,MF Market Rent,Used in Unknown_Field_FR625 (FR625)
Market Rent,Extracted from formula,MF Market Rent,Used in Unknown_Field_FQ626 (FQ626)
Market Rent,Extracted from formula,MF Market Rent,Used in Unknown_Field_FR626 (FR626)
Market Rent,Extracted from formula,MF Market Rent,Used in Unknown_Field_FQ627 (FQ627)
Market Rent,Extracted from formula,MF Market Rent,Used in Unknown_Field_FR627 (FR627)
Market Rent,Extracted from formula,MF Market Rent,Used in Unknown_Field_FQ628 (FQ628)
Market Rent,Extracted from formula,MF Market Rent,Used in Unknown_Field_FR628 (FR628)
Market Rent,Extracted from formula,MF Market Rent,Used in Unknown_Field_FQ629 (FQ629)
Market Rent,Extracted from formula,MF Market Rent,Used in Unknown_Field_FR629 (FR629)
Market Rent,Extracted from formula,MF Market Rent,Used in Unknown_Field_FQ630 (FQ630)
Market Rent,Extracted from formula,MF Market Rent,Used in Unknown_Field_FR630 (FR630)
Market Rent,Extracted from formula,MF Market Rent,Used in Unknown_Field_FQ631 (FQ631)
Market Rent,Extracted from formula,MF Market Rent,Used in Unknown_Field_FR631 (FR631)
Market Rent,Extracted from formula,MF Market Rent,Used in Unknown_Field_FQ632 (FQ632)
Market Rent,Extracted from formula,MF Market Rent,Used in Unknown_Field_FR632 (FR632)
Market Rent,Extracted from formula,MF Market Rent,Used in Unknown_Field_FQ633 (FQ633)
Market Rent,Extracted from formula,MF Market Rent,Used in Unknown_Field_FR633 (FR633)
Market Rent,Extracted from formula,MF Market Rent,Used in Unknown_Field_FQ634 (FQ634)
Market Rent,Extracted from formula,MF Market Rent,Used in Unknown_Field_FR634 (FR634)
Market Rent,Extracted from formula,MF Market Rent,Used in Unknown_Field_FQ635 (FQ635)
Market Rent,Extracted from formula,MF Market Rent,Used in Unknown_Field_FR635 (FR635)
Market Rent,Extracted from formula,MF Market Rent,Used in Unknown_Field_FQ636 (FQ636)
Market Rent,Extracted from formula,MF Market Rent,Used in Unknown_Field_FR636 (FR636)
Market Rent,Extracted from formula,MF Market Rent,Used in Unknown_Field_FQ637 (FQ637)
Market Rent,Extracted from formula,MF Market Rent,Used in Unknown_Field_FR637 (FR637)
Market Rent,Extracted from formula,MF Market Rent,Used in Unknown_Field_FQ638 (FQ638)
Market Rent,Extracted from formula,MF Market Rent,Used in Unknown_Field_FR638 (FR638)
Market Rent,Extracted from formula,MF Market Rent,Used in Unknown_Field_FQ639 (FQ639)
Market Rent,Extracted from formula,MF Market Rent,Used in Unknown_Field_FR639 (FR639)
Market Rent,Extracted from formula,MF Market Rent,Used in Unknown_Field_FQ640 (FQ640)
Market Rent,Extracted from formula,MF Market Rent,Used in Unknown_Field_FR640 (FR640)
Market Rent,Extracted from formula,MF Market Rent,Used in Unknown_Field_FQ641 (FQ641)
Market Rent,Extracted from formula,MF Market Rent,Used in Unknown_Field_FR641 (FR641)
Market Rent,Extracted from formula,MF Market Rent,Used in Unknown_Field_FQ642 (FQ642)
Market Rent,Extracted from formula,MF Market Rent,Used in Unknown_Field_FR642 (FR642)
Market Rent,Extracted from formula,MF Market Rent,Used in Unknown_Field_FQ643 (FQ643)
Market Rent,Extracted from formula,MF Market Rent,Used in Unknown_Field_FR643 (FR643)
Market Rent,Extracted from formula,MF Market Rent,Used in Unknown_Field_FQ644 (FQ644)
Market Rent,Extracted from formula,MF Market Rent,Used in Unknown_Field_FR644 (FR644)
Market Rent,Extracted from formula,MF Market Rent,Used in Unknown_Field_FQ645 (FQ645)
Market Rent,Extracted from formula,MF Market Rent,Used in Unknown_Field_FR645 (FR645)
Market Rent,Extracted from formula,MF Market Rent,Used in Unknown_Field_FQ646 (FQ646)
Market Rent,Extracted from formula,MF Market Rent,Used in Unknown_Field_FR646 (FR646)
Market Rent,Extracted from formula,MF Market Rent,Used in Unknown_Field_FQ647 (FQ647)
Market Rent,Extracted from formula,MF Market Rent,Used in Unknown_Field_FR647 (FR647)
Market Rent,Extracted from formula,MF Market Rent,Used in Unknown_Field_FQ648 (FQ648)
Market Rent,Extracted from formula,MF Market Rent,Used in Unknown_Field_FR648 (FR648)
Market Rent,Extracted from formula,MF Market Rent,Used in Unknown_Field_FQ649 (FQ649)
Market Rent,Extracted from formula,MF Market Rent,Used in Unknown_Field_FR649 (FR649)
Market Rent,Extracted from formula,MF Market Rent,Used in Unknown_Field_FQ650 (FQ650)
Market Rent,Extracted from formula,MF Market Rent,Used in Unknown_Field_FR650 (FR650)
Market Rent,Extracted from formula,MF Market Rent,Used in Unknown_Field_FQ651 (FQ651)
Market Rent,Extracted from formula,MF Market Rent,Used in Unknown_Field_FR651 (FR651)
Market Rent,Extracted from formula,MF Market Rent,Used in Unknown_Field_FQ652 (FQ652)
Market Rent,Extracted from formula,MF Market Rent,Used in Unknown_Field_FR652 (FR652)
Market Rent,Extracted from formula,MF Market Rent,Used in Unknown_Field_FQ653 (FQ653)
Market Rent,Extracted from formula,MF Market Rent,Used in Unknown_Field_FR653 (FR653)
Market Rent,Extracted from formula,MF Market Rent,Used in Unknown_Field_FQ654 (FQ654)
Market Rent,Extracted from formula,MF Market Rent,Used in Unknown_Field_FR654 (FR654)
Market Rent,Extracted from formula,MF Market Rent,Used in Unknown_Field_FQ655 (FQ655)
Market Rent,Extracted from formula,MF Market Rent,Used in Unknown_Field_FR655 (FR655)
Market Rent,Extracted from formula,MF Market Rent,Used in Unknown_Field_FQ656 (FQ656)
Market Rent,Extracted from formula,MF Market Rent,Used in Unknown_Field_FR656 (FR656)
Market Rent,Extracted from formula,MF Market Rent,Used in Unknown_Field_FQ657 (FQ657)
Market Rent,Extracted from formula,MF Market Rent,Used in Unknown_Field_FR657 (FR657)
Market Rent,Extracted from formula,MF Market Rent,Used in Unknown_Field_FQ658 (FQ658)
Market Rent,Extracted from formula,MF Market Rent,Used in Unknown_Field_FR658 (FR658)
Market Rent,Extracted from formula,MF Market Rent,Used in Unknown_Field_FQ659 (FQ659)
Market Rent,Extracted from formula,MF Market Rent,Used in Unknown_Field_FR659 (FR659)
Market Rent,Extracted from formula,MF Market Rent,Used in Unknown_Field_FQ660 (FQ660)
Market Rent,Extracted from formula,MF Market Rent,Used in Unknown_Field_FR660 (FR660)
Market Rent,Extracted from formula,MF Market Rent,Used in Unknown_Field_FQ661 (FQ661)
Market Rent,Extracted from formula,MF Market Rent,Used in Unknown_Field_FR661 (FR661)
Market Rent,Extracted from formula,MF Market Rent,Used in Unknown_Field_FQ662 (FQ662)
Market Rent,Extracted from formula,MF Market Rent,Used in Unknown_Field_FR662 (FR662)
Market Rent,Extracted from formula,MF Market Rent,Used in Unknown_Field_FQ663 (FQ663)
Market Rent,Extracted from formula,MF Market Rent,Used in Unknown_Field_FR663 (FR663)
Market Rent,Extracted from formula,MF Market Rent,Used in Unknown_Field_FQ664 (FQ664)
Market Rent,Extracted from formula,MF Market Rent,Used in Unknown_Field_FR664 (FR664)
Market Rent,Extracted from formula,MF Market Rent,Used in Unknown_Field_FQ665 (FQ665)
Market Rent,Extracted from formula,MF Market Rent,Used in Unknown_Field_FR665 (FR665)
Market Rent,Extracted from formula,MF Market Rent,Used in Unknown_Field_FQ666 (FQ666)
Market Rent,Extracted from formula,MF Market Rent,Used in Unknown_Field_FR666 (FR666)
Market Rent,Extracted from formula,MF Market Rent,Used in Unknown_Field_FQ667 (FQ667)
Market Rent,Extracted from formula,MF Market Rent,Used in Unknown_Field_FR667 (FR667)
Market Rent,Extracted from formula,MF Market Rent,Used in Unknown_Field_FQ668 (FQ668)
Market Rent,Extracted from formula,MF Market Rent,Used in Unknown_Field_FR668 (FR668)
Market Rent,Extracted from formula,MF Market Rent,Used in Unknown_Field_FQ669 (FQ669)
Market Rent,Extracted from formula,MF Market Rent,Used in Unknown_Field_FR669 (FR669)
Market Rent,Extracted from formula,MF Market Rent,Used in Unknown_Field_FQ670 (FQ670)
Market Rent,Extracted from formula,MF Market Rent,Used in Unknown_Field_FR670 (FR670)
Market Rent,Extracted from formula,MF Market Rent,Used in Unknown_Field_FQ671 (FQ671)
Market Rent,Extracted from formula,MF Market Rent,Used in Unknown_Field_FR671 (FR671)
Market Rent,Extracted from formula,MF Market Rent,Used in Unknown_Field_FQ672 (FQ672)
Market Rent,Extracted from formula,MF Market Rent,Used in Unknown_Field_FR672 (FR672)
Market Rent,Extracted from formula,MF Market Rent,Used in Unknown_Field_FQ673 (FQ673)
Market Rent,Extracted from formula,MF Market Rent,Used in Unknown_Field_FR673 (FR673)
Market Rent,Extracted from formula,MF Market Rent,Used in Unknown_Field_FQ674 (FQ674)
Market Rent,Extracted from formula,MF Market Rent,Used in Unknown_Field_FR674 (FR674)
Market Rent,Extracted from formula,MF Market Rent,Used in Unknown_Field_FQ675 (FQ675)
Market Rent,Extracted from formula,MF Market Rent,Used in Unknown_Field_FR675 (FR675)
Market Rent,Extracted from formula,MF Market Rent,Used in Unknown_Field_FQ676 (FQ676)
Market Rent,Extracted from formula,MF Market Rent,Used in Unknown_Field_FR676 (FR676)
Market Rent,Extracted from formula,MF Market Rent,Used in Unknown_Field_FQ677 (FQ677)
Market Rent,Extracted from formula,MF Market Rent,Used in Unknown_Field_FR677 (FR677)
Market Rent,Extracted from formula,MF Market Rent,Used in Unknown_Field_FQ678 (FQ678)
Market Rent,Extracted from formula,MF Market Rent,Used in Unknown_Field_FR678 (FR678)
Market Rent,Extracted from formula,MF Market Rent,Used in Unknown_Field_FQ679 (FQ679)
Market Rent,Extracted from formula,MF Market Rent,Used in Unknown_Field_FR679 (FR679)
Market Rent,Extracted from formula,MF Market Rent,Used in Unknown_Field_FQ680 (FQ680)
Market Rent,Extracted from formula,MF Market Rent,Used in Unknown_Field_FR680 (FR680)
Market Rent,Extracted from formula,MF Market Rent,Used in Unknown_Field_FQ681 (FQ681)
Market Rent,Extracted from formula,MF Market Rent,Used in Unknown_Field_FR681 (FR681)
Market Rent,Extracted from formula,MF Market Rent,Used in Unknown_Field_FQ682 (FQ682)
Market Rent,Extracted from formula,MF Market Rent,Used in Unknown_Field_FR682 (FR682)
Market Rent,Extracted from formula,MF Market Rent,Used in Unknown_Field_FQ683 (FQ683)
Market Rent,Extracted from formula,MF Market Rent,Used in Unknown_Field_FR683 (FR683)
Market Rent,Extracted from formula,MF Market Rent,Used in Unknown_Field_FQ684 (FQ684)
Market Rent,Extracted from formula,MF Market Rent,Used in Unknown_Field_FR684 (FR684)
Market Rent,Extracted from formula,MF Market Rent,Used in Unknown_Field_FQ685 (FQ685)
Market Rent,Extracted from formula,MF Market Rent,Used in Unknown_Field_FR685 (FR685)
Market Rent,Extracted from formula,MF Market Rent,Used in Unknown_Field_FQ686 (FQ686)
Market Rent,Extracted from formula,MF Market Rent,Used in Unknown_Field_FR686 (FR686)
Market Rent,Extracted from formula,MF Market Rent,Used in Unknown_Field_FQ687 (FQ687)
Market Rent,Extracted from formula,MF Market Rent,Used in Unknown_Field_FR687 (FR687)
Market Rent,Extracted from formula,MF Market Rent,Used in Unknown_Field_FQ688 (FQ688)
Market Rent,Extracted from formula,MF Market Rent,Used in Unknown_Field_FR688 (FR688)
Market Rent,Extracted from formula,MF Market Rent,Used in Unknown_Field_FQ689 (FQ689)
Market Rent,Extracted from formula,MF Market Rent,Used in Unknown_Field_FR689 (FR689)
Market Rent,Extracted from formula,MF Market Rent,Used in Unknown_Field_FQ690 (FQ690)
Market Rent,Extracted from formula,MF Market Rent,Used in Unknown_Field_FR690 (FR690)
Market Rent,Extracted from formula,MF Market Rent,Used in Unknown_Field_FQ691 (FQ691)
Market Rent,Extracted from formula,MF Market Rent,Used in Unknown_Field_FR691 (FR691)
Market Rent,Extracted from formula,MF Market Rent,Used in Unknown_Field_FQ692 (FQ692)
Market Rent,Extracted from formula,MF Market Rent,Used in Unknown_Field_FR692 (FR692)
Market Rent,Extracted from formula,MF Market Rent,Used in Unknown_Field_FQ693 (FQ693)
Market Rent,Extracted from formula,MF Market Rent,Used in Unknown_Field_FR693 (FR693)
Market Rent,Extracted from formula,MF Market Rent,Used in Unknown_Field_FQ694 (FQ694)
Market Rent,Extracted from formula,MF Market Rent,Used in Unknown_Field_FR694 (FR694)
Market Rent,Extracted from formula,MF Market Rent,Used in Unknown_Field_FQ695 (FQ695)
Market Rent,Extracted from formula,MF Market Rent,Used in Unknown_Field_FR695 (FR695)
Market Rent,Extracted from formula,MF Market Rent,Used in Unknown_Field_FQ696 (FQ696)
Market Rent,Extracted from formula,MF Market Rent,Used in Unknown_Field_FR696 (FR696)
Market Rent,Extracted from formula,MF Market Rent,Used in Unknown_Field_FQ697 (FQ697)
Market Rent,Extracted from formula,MF Market Rent,Used in Unknown_Field_FR697 (FR697)
Market Rent,Extracted from formula,MF Market Rent,Used in Unknown_Field_FQ698 (FQ698)
Market Rent,Extracted from formula,MF Market Rent,Used in Unknown_Field_FR698 (FR698)
Market Rent,Extracted from formula,MF Market Rent,Used in Unknown_Field_FQ699 (FQ699)
Market Rent,Extracted from formula,MF Market Rent,Used in Unknown_Field_FR699 (FR699)
Market Rent,Extracted from formula,MF Market Rent,Used in Unknown_Field_FQ700 (FQ700)
Market Rent,Extracted from formula,MF Market Rent,Used in Unknown_Field_FR700 (FR700)
Market Rent,Extracted from formula,MF Market Rent,Used in Unknown_Field_FQ701 (FQ701)
Market Rent,Extracted from formula,MF Market Rent,Used in Unknown_Field_FR701 (FR701)
Market Rent,Extracted from formula,MF Market Rent,Used in Unknown_Field_FQ702 (FQ702)
Market Rent,Extracted from formula,MF Market Rent,Used in Unknown_Field_FR702 (FR702)
Market Rent,Extracted from formula,MF Market Rent,Used in Unknown_Field_FQ703 (FQ703)
Market Rent,Extracted from formula,MF Market Rent,Used in Unknown_Field_FR703 (FR703)
Market Rent,Extracted from formula,MF Market Rent,Used in Unknown_Field_FQ704 (FQ704)
Market Rent,Extracted from formula,MF Market Rent,Used in Unknown_Field_FR704 (FR704)
Market Rent,Extracted from formula,MF Market Rent,Used in Unknown_Field_FQ705 (FQ705)
Market Rent,Extracted from formula,MF Market Rent,Used in Unknown_Field_FR705 (FR705)
Market Rent,Extracted from formula,MF Market Rent,Used in Unknown_Field_FQ706 (FQ706)
Market Rent,Extracted from formula,MF Market Rent,Used in Unknown_Field_FR706 (FR706)
Market Rent,Extracted from formula,MF Market Rent,Used in Unknown_Field_FQ707 (FQ707)
Market Rent,Extracted from formula,MF Market Rent,Used in Unknown_Field_FR707 (FR707)
Market Rent,Extracted from formula,MF Market Rent,Used in Unknown_Field_FQ708 (FQ708)
Market Rent,Extracted from formula,MF Market Rent,Used in Unknown_Field_FR708 (FR708)
Market Rent,Extracted from formula,MF Market Rent,Used in Unknown_Field_FQ709 (FQ709)
Market Rent,Extracted from formula,MF Market Rent,Used in Unknown_Field_FR709 (FR709)
Market Rent,Extracted from formula,MF Market Rent,Used in Unknown_Field_FQ710 (FQ710)
Market Rent,Extracted from formula,MF Market Rent,Used in Unknown_Field_FR710 (FR710)
Market Rent,Extracted from formula,MF Market Rent,Used in Unknown_Field_FQ711 (FQ711)
Market Rent,Extracted from formula,MF Market Rent,Used in Unknown_Field_FR711 (FR711)
Market Rent,Extracted from formula,MF Market Rent,Used in Unknown_Field_FQ712 (FQ712)
Market Rent,Extracted from formula,MF Market Rent,Used in Unknown_Field_FR712 (FR712)
Market Rent,Extracted from formula,MF Market Rent,Used in Unknown_Field_FQ713 (FQ713)
Market Rent,Extracted from formula,MF Market Rent,Used in Unknown_Field_FR713 (FR713)
Market Rent,Extracted from formula,MF Market Rent,Used in Unknown_Field_FQ714 (FQ714)
Market Rent,Extracted from formula,MF Market Rent,Used in Unknown_Field_FR714 (FR714)
Market Rent (2),Extracted from formula,MF Market Rent,Used in Unknown_Field_FQ715 (FQ715)
Market Rent (3),Extracted from formula,MF Market Rent,Used in Unknown_Field_FQ715 (FQ715)
Market Rent (2),Extracted from formula,MF Market Rent,Used in Unknown_Field_FR715 (FR715)
Market Rent (3),Extracted from formula,MF Market Rent,Used in Unknown_Field_FR715 (FR715)
Market Rent (2),Extracted from formula,MF Market Rent,Used in Unknown_Field_FQ716 (FQ716)
Market Rent (3),Extracted from formula,MF Market Rent,Used in Unknown_Field_FQ716 (FQ716)
Market Rent (2),Extracted from formula,MF Market Rent,Used in Unknown_Field_FR716 (FR716)
Market Rent (3),Extracted from formula,MF Market Rent,Used in Unknown_Field_FR716 (FR716)
Market Rent (2),Extracted from formula,MF Market Rent,Used in Unknown_Field_FQ717 (FQ717)
Market Rent (3),Extracted from formula,MF Market Rent,Used in Unknown_Field_FQ717 (FQ717)
Market Rent (2),Extracted from formula,MF Market Rent,Used in Unknown_Field_FR717 (FR717)
Market Rent (3),Extracted from formula,MF Market Rent,Used in Unknown_Field_FR717 (FR717)
Market Rent (2),Extracted from formula,MF Market Rent,Used in Unknown_Field_FQ718 (FQ718)
Market Rent (3),Extracted from formula,MF Market Rent,Used in Unknown_Field_FQ718 (FQ718)
Market Rent (2),Extracted from formula,MF Market Rent,Used in Unknown_Field_FR718 (FR718)
Market Rent (3),Extracted from formula,MF Market Rent,Used in Unknown_Field_FR718 (FR718)
Market Rent (2),Extracted from formula,MF Market Rent,Used in Unknown_Field_FQ719 (FQ719)
Market Rent (3),Extracted from formula,MF Market Rent,Used in Unknown_Field_FQ719 (FQ719)
Market Rent (2),Extracted from formula,MF Market Rent,Used in Unknown_Field_FR719 (FR719)
Market Rent (3),Extracted from formula,MF Market Rent,Used in Unknown_Field_FR719 (FR719)
Market Rent (2),Extracted from formula,MF Market Rent,Used in Unknown_Field_FQ720 (FQ720)
Market Rent (3),Extracted from formula,MF Market Rent,Used in Unknown_Field_FQ720 (FQ720)
Market Rent (2),Extracted from formula,MF Market Rent,Used in Unknown_Field_FR720 (FR720)
Market Rent (3),Extracted from formula,MF Market Rent,Used in Unknown_Field_FR720 (FR720)
Market Rent (2),Extracted from formula,MF Market Rent,Used in Unknown_Field_FQ721 (FQ721)
Market Rent (3),Extracted from formula,MF Market Rent,Used in Unknown_Field_FQ721 (FQ721)
Market Rent (2),Extracted from formula,MF Market Rent,Used in Unknown_Field_FR721 (FR721)
Market Rent (3),Extracted from formula,MF Market Rent,Used in Unknown_Field_FR721 (FR721)
Market Rent (2),Extracted from formula,MF Market Rent,Used in Unknown_Field_FQ722 (FQ722)
Market Rent (3),Extracted from formula,MF Market Rent,Used in Unknown_Field_FQ722 (FQ722)
Market Rent (2),Extracted from formula,MF Market Rent,Used in Unknown_Field_FR722 (FR722)
Market Rent (3),Extracted from formula,MF Market Rent,Used in Unknown_Field_FR722 (FR722)
Market Rent (2),Extracted from formula,MF Market Rent,Used in Unknown_Field_FQ723 (FQ723)
Market Rent (3),Extracted from formula,MF Market Rent,Used in Unknown_Field_FQ723 (FQ723)
Market Rent (2),Extracted from formula,MF Market Rent,Used in Unknown_Field_FR723 (FR723)
Market Rent (3),Extracted from formula,MF Market Rent,Used in Unknown_Field_FR723 (FR723)
Market Rent (2),Extracted from formula,MF Market Rent,Used in Unknown_Field_FQ724 (FQ724)
Market Rent (3),Extracted from formula,MF Market Rent,Used in Unknown_Field_FQ724 (FQ724)
Market Rent (2),Extracted from formula,MF Market Rent,Used in Unknown_Field_FR724 (FR724)
Market Rent (3),Extracted from formula,MF Market Rent,Used in Unknown_Field_FR724 (FR724)
Market Rent (2),Extracted from formula,MF Market Rent,Used in Unknown_Field_FQ725 (FQ725)
Market Rent (3),Extracted from formula,MF Market Rent,Used in Unknown_Field_FQ725 (FQ725)
Market Rent (2),Extracted from formula,MF Market Rent,Used in Unknown_Field_FR725 (FR725)
Market Rent (3),Extracted from formula,MF Market Rent,Used in Unknown_Field_FR725 (FR725)
Market Rent (2),Extracted from formula,MF Market Rent,Used in Unknown_Field_FQ726 (FQ726)
Market Rent (3),Extracted from formula,MF Market Rent,Used in Unknown_Field_FQ726 (FQ726)
Market Rent (2),Extracted from formula,MF Market Rent,Used in Unknown_Field_FR726 (FR726)
Market Rent (3),Extracted from formula,MF Market Rent,Used in Unknown_Field_FR726 (FR726)
Market Rent (2),Extracted from formula,MF Market Rent,Used in Unknown_Field_FQ727 (FQ727)
Market Rent (3),Extracted from formula,MF Market Rent,Used in Unknown_Field_FQ727 (FQ727)
Market Rent (2),Extracted from formula,MF Market Rent,Used in Unknown_Field_FR727 (FR727)
Market Rent (3),Extracted from formula,MF Market Rent,Used in Unknown_Field_FR727 (FR727)
Market Rent (2),Extracted from formula,MF Market Rent,Used in Unknown_Field_FQ728 (FQ728)
Market Rent (3),Extracted from formula,MF Market Rent,Used in Unknown_Field_FQ728 (FQ728)
Market Rent (2),Extracted from formula,MF Market Rent,Used in Unknown_Field_FR728 (FR728)
Market Rent (3),Extracted from formula,MF Market Rent,Used in Unknown_Field_FR728 (FR728)
Market Rent (2),Extracted from formula,MF Market Rent,Used in Unknown_Field_FQ729 (FQ729)
Market Rent (3),Extracted from formula,MF Market Rent,Used in Unknown_Field_FQ729 (FQ729)
Market Rent (2),Extracted from formula,MF Market Rent,Used in Unknown_Field_FR729 (FR729)
Market Rent (3),Extracted from formula,MF Market Rent,Used in Unknown_Field_FR729 (FR729)
Market Rent (2),Extracted from formula,MF Market Rent,Used in Unknown_Field_FQ730 (FQ730)
Market Rent (3),Extracted from formula,MF Market Rent,Used in Unknown_Field_FQ730 (FQ730)
Market Rent (2),Extracted from formula,MF Market Rent,Used in Unknown_Field_FR730 (FR730)
Market Rent (3),Extracted from formula,MF Market Rent,Used in Unknown_Field_FR730 (FR730)
Market Rent (2),Extracted from formula,MF Market Rent,Used in Unknown_Field_FQ731 (FQ731)
Market Rent (3),Extracted from formula,MF Market Rent,Used in Unknown_Field_FQ731 (FQ731)
Market Rent (2),Extracted from formula,MF Market Rent,Used in Unknown_Field_FR731 (FR731)
Market Rent (3),Extracted from formula,MF Market Rent,Used in Unknown_Field_FR731 (FR731)
Market Rent (2),Extracted from formula,MF Market Rent,Used in Unknown_Field_FQ732 (FQ732)
Market Rent (3),Extracted from formula,MF Market Rent,Used in Unknown_Field_FQ732 (FQ732)
Market Rent (2),Extracted from formula,MF Market Rent,Used in Unknown_Field_FR732 (FR732)
Market Rent (3),Extracted from formula,MF Market Rent,Used in Unknown_Field_FR732 (FR732)
Market Rent (2),Extracted from formula,MF Market Rent,Used in Unknown_Field_FQ733 (FQ733)
Market Rent (3),Extracted from formula,MF Market Rent,Used in Unknown_Field_FQ733 (FQ733)
Market Rent (2),Extracted from formula,MF Market Rent,Used in Unknown_Field_FR733 (FR733)
Market Rent (3),Extracted from formula,MF Market Rent,Used in Unknown_Field_FR733 (FR733)
Market Rent (2),Extracted from formula,MF Market Rent,Used in Unknown_Field_FQ734 (FQ734)
Market Rent (3),Extracted from formula,MF Market Rent,Used in Unknown_Field_FQ734 (FQ734)
Market Rent (2),Extracted from formula,MF Market Rent,Used in Unknown_Field_FR734 (FR734)
Market Rent (3),Extracted from formula,MF Market Rent,Used in Unknown_Field_FR734 (FR734)
Market Rent (2),Extracted from formula,MF Market Rent,Used in Unknown_Field_FQ735 (FQ735)
Market Rent (3),Extracted from formula,MF Market Rent,Used in Unknown_Field_FQ735 (FQ735)
Market Rent (2),Extracted from formula,MF Market Rent,Used in Unknown_Field_FR735 (FR735)
Market Rent (3),Extracted from formula,MF Market Rent,Used in Unknown_Field_FR735 (FR735)
Market Rent (2),Extracted from formula,MF Market Rent,Used in Unknown_Field_FQ736 (FQ736)
Market Rent (3),Extracted from formula,MF Market Rent,Used in Unknown_Field_FQ736 (FQ736)
Market Rent (2),Extracted from formula,MF Market Rent,Used in Unknown_Field_FR736 (FR736)
Market Rent (3),Extracted from formula,MF Market Rent,Used in Unknown_Field_FR736 (FR736)
Market Rent (2),Extracted from formula,MF Market Rent,Used in Unknown_Field_FQ737 (FQ737)
Market Rent (3),Extracted from formula,MF Market Rent,Used in Unknown_Field_FQ737 (FQ737)
Market Rent (2),Extracted from formula,MF Market Rent,Used in Unknown_Field_FR737 (FR737)
Market Rent (3),Extracted from formula,MF Market Rent,Used in Unknown_Field_FR737 (FR737)
Market Rent (2),Extracted from formula,MF Market Rent,Used in Unknown_Field_FQ738 (FQ738)
Market Rent (3),Extracted from formula,MF Market Rent,Used in Unknown_Field_FQ738 (FQ738)
Market Rent (2),Extracted from formula,MF Market Rent,Used in Unknown_Field_FR738 (FR738)
Market Rent (3),Extracted from formula,MF Market Rent,Used in Unknown_Field_FR738 (FR738)
Market Rent (2),Extracted from formula,MF Market Rent,Used in Unknown_Field_FQ739 (FQ739)
Market Rent (3),Extracted from formula,MF Market Rent,Used in Unknown_Field_FQ739 (FQ739)
Market Rent (2),Extracted from formula,MF Market Rent,Used in Unknown_Field_FR739 (FR739)
Market Rent (3),Extracted from formula,MF Market Rent,Used in Unknown_Field_FR739 (FR739)
Market Rent (2),Extracted from formula,MF Market Rent,Used in Unknown_Field_FQ740 (FQ740)
Market Rent (3),Extracted from formula,MF Market Rent,Used in Unknown_Field_FQ740 (FQ740)
Market Rent (2),Extracted from formula,MF Market Rent,Used in Unknown_Field_FR740 (FR740)
Market Rent (3),Extracted from formula,MF Market Rent,Used in Unknown_Field_FR740 (FR740)
Market Rent (2),Extracted from formula,MF Market Rent,Used in Unknown_Field_FQ741 (FQ741)
Market Rent (3),Extracted from formula,MF Market Rent,Used in Unknown_Field_FQ741 (FQ741)
Market Rent (2),Extracted from formula,MF Market Rent,Used in Unknown_Field_FR741 (FR741)
Market Rent (3),Extracted from formula,MF Market Rent,Used in Unknown_Field_FR741 (FR741)
Market Rent (2),Extracted from formula,MF Market Rent,Used in Unknown_Field_FQ742 (FQ742)
Market Rent (3),Extracted from formula,MF Market Rent,Used in Unknown_Field_FQ742 (FQ742)
Market Rent (2),Extracted from formula,MF Market Rent,Used in Unknown_Field_FR742 (FR742)
Market Rent (3),Extracted from formula,MF Market Rent,Used in Unknown_Field_FR742 (FR742)
Market Rent (2),Extracted from formula,MF Market Rent,Used in Unknown_Field_FQ743 (FQ743)
Market Rent (3),Extracted from formula,MF Market Rent,Used in Unknown_Field_FQ743 (FQ743)
Market Rent (2),Extracted from formula,MF Market Rent,Used in Unknown_Field_FR743 (FR743)
Market Rent (3),Extracted from formula,MF Market Rent,Used in Unknown_Field_FR743 (FR743)
Market Rent (2),Extracted from formula,MF Market Rent,Used in Unknown_Field_FQ744 (FQ744)
Market Rent (3),Extracted from formula,MF Market Rent,Used in Unknown_Field_FQ744 (FQ744)
Market Rent (2),Extracted from formula,MF Market Rent,Used in Unknown_Field_FR744 (FR744)
Market Rent (3),Extracted from formula,MF Market Rent,Used in Unknown_Field_FR744 (FR744)
Market Rent (2),Extracted from formula,MF Market Rent,Used in Unknown_Field_FQ745 (FQ745)
Market Rent (3),Extracted from formula,MF Market Rent,Used in Unknown_Field_FQ745 (FQ745)
Market Rent (2),Extracted from formula,MF Market Rent,Used in Unknown_Field_FR745 (FR745)
Market Rent (3),Extracted from formula,MF Market Rent,Used in Unknown_Field_FR745 (FR745)
Market Rent (2),Extracted from formula,MF Market Rent,Used in Unknown_Field_FQ746 (FQ746)
Market Rent (3),Extracted from formula,MF Market Rent,Used in Unknown_Field_FQ746 (FQ746)
Market Rent (2),Extracted from formula,MF Market Rent,Used in Unknown_Field_FR746 (FR746)
Market Rent (3),Extracted from formula,MF Market Rent,Used in Unknown_Field_FR746 (FR746)
Market Rent (2),Extracted from formula,MF Market Rent,Used in Unknown_Field_FQ747 (FQ747)
Market Rent (3),Extracted from formula,MF Market Rent,Used in Unknown_Field_FQ747 (FQ747)
Market Rent (2),Extracted from formula,MF Market Rent,Used in Unknown_Field_FR747 (FR747)
Market Rent (3),Extracted from formula,MF Market Rent,Used in Unknown_Field_FR747 (FR747)
Market Rent (2),Extracted from formula,MF Market Rent,Used in Unknown_Field_FQ748 (FQ748)
Market Rent (3),Extracted from formula,MF Market Rent,Used in Unknown_Field_FQ748 (FQ748)
Market Rent (2),Extracted from formula,MF Market Rent,Used in Unknown_Field_FR748 (FR748)
Market Rent (3),Extracted from formula,MF Market Rent,Used in Unknown_Field_FR748 (FR748)
Market Rent (2),Extracted from formula,MF Market Rent,Used in Unknown_Field_FQ749 (FQ749)
Market Rent (3),Extracted from formula,MF Market Rent,Used in Unknown_Field_FQ749 (FQ749)
Market Rent (2),Extracted from formula,MF Market Rent,Used in Unknown_Field_FR749 (FR749)
Market Rent (3),Extracted from formula,MF Market Rent,Used in Unknown_Field_FR749 (FR749)
Market Rent (2),Extracted from formula,MF Market Rent,Used in Unknown_Field_FQ750 (FQ750)
Market Rent (3),Extracted from formula,MF Market Rent,Used in Unknown_Field_FQ750 (FQ750)
Market Rent (2),Extracted from formula,MF Market Rent,Used in Unknown_Field_FR750 (FR750)
Market Rent (3),Extracted from formula,MF Market Rent,Used in Unknown_Field_FR750 (FR750)
Market Rent (2),Extracted from formula,MF Market Rent,Used in Unknown_Field_FQ751 (FQ751)
Market Rent (3),Extracted from formula,MF Market Rent,Used in Unknown_Field_FQ751 (FQ751)
Market Rent (2),Extracted from formula,MF Market Rent,Used in Unknown_Field_FR751 (FR751)
Market Rent (3),Extracted from formula,MF Market Rent,Used in Unknown_Field_FR751 (FR751)
Market Rent (2),Extracted from formula,MF Market Rent,Used in Unknown_Field_FQ752 (FQ752)
Market Rent (3),Extracted from formula,MF Market Rent,Used in Unknown_Field_FQ752 (FQ752)
Market Rent (2),Extracted from formula,MF Market Rent,Used in Unknown_Field_FR752 (FR752)
Market Rent (3),Extracted from formula,MF Market Rent,Used in Unknown_Field_FR752 (FR752)
Market Rent (2),Extracted from formula,MF Market Rent,Used in Unknown_Field_FQ753 (FQ753)
Market Rent (3),Extracted from formula,MF Market Rent,Used in Unknown_Field_FQ753 (FQ753)
Market Rent (2),Extracted from formula,MF Market Rent,Used in Unknown_Field_FR753 (FR753)
Market Rent (3),Extracted from formula,MF Market Rent,Used in Unknown_Field_FR753 (FR753)
Market Rent (2),Extracted from formula,MF Market Rent,Used in Unknown_Field_FQ754 (FQ754)
Market Rent (3),Extracted from formula,MF Market Rent,Used in Unknown_Field_FQ754 (FQ754)
Market Rent (2),Extracted from formula,MF Market Rent,Used in Unknown_Field_FR754 (FR754)
Market Rent (3),Extracted from formula,MF Market Rent,Used in Unknown_Field_FR754 (FR754)
Market Rent (2),Extracted from formula,MF Market Rent,Used in Unknown_Field_FQ755 (FQ755)
Market Rent (3),Extracted from formula,MF Market Rent,Used in Unknown_Field_FQ755 (FQ755)
Market Rent (2),Extracted from formula,MF Market Rent,Used in Unknown_Field_FR755 (FR755)
Market Rent (3),Extracted from formula,MF Market Rent,Used in Unknown_Field_FR755 (FR755)
Market Rent (2),Extracted from formula,MF Market Rent,Used in Unknown_Field_FQ756 (FQ756)
Market Rent (3),Extracted from formula,MF Market Rent,Used in Unknown_Field_FQ756 (FQ756)
Market Rent (2),Extracted from formula,MF Market Rent,Used in Unknown_Field_FR756 (FR756)
Market Rent (3),Extracted from formula,MF Market Rent,Used in Unknown_Field_FR756 (FR756)
Market Rent (2),Extracted from formula,MF Market Rent,Used in Unknown_Field_FQ757 (FQ757)
Market Rent (3),Extracted from formula,MF Market Rent,Used in Unknown_Field_FQ757 (FQ757)
Market Rent (2),Extracted from formula,MF Market Rent,Used in Unknown_Field_FR757 (FR757)
Market Rent (3),Extracted from formula,MF Market Rent,Used in Unknown_Field_FR757 (FR757)
Market Rent (2),Extracted from formula,MF Market Rent,Used in Unknown_Field_FQ758 (FQ758)
Market Rent (3),Extracted from formula,MF Market Rent,Used in Unknown_Field_FQ758 (FQ758)
Market Rent (2),Extracted from formula,MF Market Rent,Used in Unknown_Field_FR758 (FR758)
Market Rent (3),Extracted from formula,MF Market Rent,Used in Unknown_Field_FR758 (FR758)
Market Rent (2),Extracted from formula,MF Market Rent,Used in Unknown_Field_FQ759 (FQ759)
Market Rent (3),Extracted from formula,MF Market Rent,Used in Unknown_Field_FQ759 (FQ759)
Market Rent (2),Extracted from formula,MF Market Rent,Used in Unknown_Field_FR759 (FR759)
Market Rent (3),Extracted from formula,MF Market Rent,Used in Unknown_Field_FR759 (FR759)
Market Rent (2),Extracted from formula,MF Market Rent,Used in Unknown_Field_FQ760 (FQ760)
Market Rent (3),Extracted from formula,MF Market Rent,Used in Unknown_Field_FQ760 (FQ760)
Market Rent (2),Extracted from formula,MF Market Rent,Used in Unknown_Field_FR760 (FR760)
Market Rent (3),Extracted from formula,MF Market Rent,Used in Unknown_Field_FR760 (FR760)
Market Rent (2),Extracted from formula,MF Market Rent,Used in Unknown_Field_FQ761 (FQ761)
Market Rent (3),Extracted from formula,MF Market Rent,Used in Unknown_Field_FQ761 (FQ761)
Market Rent (2),Extracted from formula,MF Market Rent,Used in Unknown_Field_FR761 (FR761)
Market Rent (3),Extracted from formula,MF Market Rent,Used in Unknown_Field_FR761 (FR761)
Market Rent (2),Extracted from formula,MF Market Rent,Used in Unknown_Field_FQ762 (FQ762)
Market Rent (3),Extracted from formula,MF Market Rent,Used in Unknown_Field_FQ762 (FQ762)
Market Rent (2),Extracted from formula,MF Market Rent,Used in Unknown_Field_FR762 (FR762)
Market Rent (3),Extracted from formula,MF Market Rent,Used in Unknown_Field_FR762 (FR762)
Market Rent (2),Extracted from formula,MF Market Rent,Used in Unknown_Field_FQ763 (FQ763)
Market Rent (3),Extracted from formula,MF Market Rent,Used in Unknown_Field_FQ763 (FQ763)
Market Rent (2),Extracted from formula,MF Market Rent,Used in Unknown_Field_FR763 (FR763)
Market Rent (3),Extracted from formula,MF Market Rent,Used in Unknown_Field_FR763 (FR763)
Market Rent (2),Extracted from formula,MF Market Rent,Used in Unknown_Field_FQ764 (FQ764)
Market Rent (3),Extracted from formula,MF Market Rent,Used in Unknown_Field_FQ764 (FQ764)
Market Rent (2),Extracted from formula,MF Market Rent,Used in Unknown_Field_FR764 (FR764)
Market Rent (3),Extracted from formula,MF Market Rent,Used in Unknown_Field_FR764 (FR764)
Market Rent (2),Extracted from formula,MF Market Rent,Used in Unknown_Field_FQ765 (FQ765)
Market Rent (3),Extracted from formula,MF Market Rent,Used in Unknown_Field_FQ765 (FQ765)
Market Rent (2),Extracted from formula,MF Market Rent,Used in Unknown_Field_FR765 (FR765)
Market Rent (3),Extracted from formula,MF Market Rent,Used in Unknown_Field_FR765 (FR765)
Market Rent (2),Extracted from formula,MF Market Rent,Used in Unknown_Field_FQ766 (FQ766)
Market Rent (3),Extracted from formula,MF Market Rent,Used in Unknown_Field_FQ766 (FQ766)
Market Rent (2),Extracted from formula,MF Market Rent,Used in Unknown_Field_FR766 (FR766)
Market Rent (3),Extracted from formula,MF Market Rent,Used in Unknown_Field_FR766 (FR766)
Market Rent (2),Extracted from formula,MF Market Rent,Used in Unknown_Field_FQ767 (FQ767)
Market Rent (3),Extracted from formula,MF Market Rent,Used in Unknown_Field_FQ767 (FQ767)
Market Rent (2),Extracted from formula,MF Market Rent,Used in Unknown_Field_FR767 (FR767)
Market Rent (3),Extracted from formula,MF Market Rent,Used in Unknown_Field_FR767 (FR767)
Market Rent (2),Extracted from formula,MF Market Rent,Used in Unknown_Field_FQ768 (FQ768)
Market Rent (3),Extracted from formula,MF Market Rent,Used in Unknown_Field_FQ768 (FQ768)
Market Rent (2),Extracted from formula,MF Market Rent,Used in Unknown_Field_FR768 (FR768)
Market Rent (3),Extracted from formula,MF Market Rent,Used in Unknown_Field_FR768 (FR768)
Market Rent (2),Extracted from formula,MF Market Rent,Used in Unknown_Field_FQ769 (FQ769)
Market Rent (3),Extracted from formula,MF Market Rent,Used in Unknown_Field_FQ769 (FQ769)
Market Rent (2),Extracted from formula,MF Market Rent,Used in Unknown_Field_FR769 (FR769)
Market Rent (3),Extracted from formula,MF Market Rent,Used in Unknown_Field_FR769 (FR769)
Market Rent (2),Extracted from formula,MF Market Rent,Used in Unknown_Field_FQ770 (FQ770)
Market Rent (3),Extracted from formula,MF Market Rent,Used in Unknown_Field_FQ770 (FQ770)
Market Rent (2),Extracted from formula,MF Market Rent,Used in Unknown_Field_FR770 (FR770)
Market Rent (3),Extracted from formula,MF Market Rent,Used in Unknown_Field_FR770 (FR770)
Market Rent (2),Extracted from formula,MF Market Rent,Used in Unknown_Field_FQ771 (FQ771)
Market Rent (3),Extracted from formula,MF Market Rent,Used in Unknown_Field_FQ771 (FQ771)
Market Rent (2),Extracted from formula,MF Market Rent,Used in Unknown_Field_FR771 (FR771)
Market Rent (3),Extracted from formula,MF Market Rent,Used in Unknown_Field_FR771 (FR771)
Market Rent (2),Extracted from formula,MF Market Rent,Used in Unknown_Field_FQ772 (FQ772)
Market Rent (3),Extracted from formula,MF Market Rent,Used in Unknown_Field_FQ772 (FQ772)
Market Rent (2),Extracted from formula,MF Market Rent,Used in Unknown_Field_FR772 (FR772)
Market Rent (3),Extracted from formula,MF Market Rent,Used in Unknown_Field_FR772 (FR772)
Market Rent (2),Extracted from formula,MF Market Rent,Used in Unknown_Field_FQ773 (FQ773)
Market Rent (3),Extracted from formula,MF Market Rent,Used in Unknown_Field_FQ773 (FQ773)
Market Rent (2),Extracted from formula,MF Market Rent,Used in Unknown_Field_FR773 (FR773)
Market Rent (3),Extracted from formula,MF Market Rent,Used in Unknown_Field_FR773 (FR773)
Market Rent (2),Extracted from formula,MF Market Rent,Used in Unknown_Field_FQ774 (FQ774)
Market Rent (3),Extracted from formula,MF Market Rent,Used in Unknown_Field_FQ774 (FQ774)
Market Rent (2),Extracted from formula,MF Market Rent,Used in Unknown_Field_FR774 (FR774)
Market Rent (3),Extracted from formula,MF Market Rent,Used in Unknown_Field_FR774 (FR774)
Market Rent (2),Extracted from formula,MF Market Rent,Used in Unknown_Field_FQ775 (FQ775)
Market Rent (3),Extracted from formula,MF Market Rent,Used in Unknown_Field_FQ775 (FQ775)
Market Rent (2),Extracted from formula,MF Market Rent,Used in Unknown_Field_FR775 (FR775)
Market Rent (3),Extracted from formula,MF Market Rent,Used in Unknown_Field_FR775 (FR775)
Market Rent (2),Extracted from formula,MF Market Rent,Used in Unknown_Field_FQ776 (FQ776)
Market Rent (3),Extracted from formula,MF Market Rent,Used in Unknown_Field_FQ776 (FQ776)
Market Rent (2),Extracted from formula,MF Market Rent,Used in Unknown_Field_FR776 (FR776)
Market Rent (3),Extracted from formula,MF Market Rent,Used in Unknown_Field_FR776 (FR776)
Market Rent (2),Extracted from formula,MF Market Rent,Used in Unknown_Field_FQ777 (FQ777)
Market Rent (3),Extracted from formula,MF Market Rent,Used in Unknown_Field_FQ777 (FQ777)
Market Rent (2),Extracted from formula,MF Market Rent,Used in Unknown_Field_FR777 (FR777)
Market Rent (3),Extracted from formula,MF Market Rent,Used in Unknown_Field_FR777 (FR777)
Market Rent (2),Extracted from formula,MF Market Rent,Used in Unknown_Field_FQ778 (FQ778)
Market Rent (3),Extracted from formula,MF Market Rent,Used in Unknown_Field_FQ778 (FQ778)
Market Rent (2),Extracted from formula,MF Market Rent,Used in Unknown_Field_FR778 (FR778)
Market Rent (3),Extracted from formula,MF Market Rent,Used in Unknown_Field_FR778 (FR778)
Market Rent (2),Extracted from formula,MF Market Rent,Used in Unknown_Field_FQ779 (FQ779)
Market Rent (3),Extracted from formula,MF Market Rent,Used in Unknown_Field_FQ779 (FQ779)
Market Rent (2),Extracted from formula,MF Market Rent,Used in Unknown_Field_FR779 (FR779)
Market Rent (3),Extracted from formula,MF Market Rent,Used in Unknown_Field_FR779 (FR779)
Market Rent (2),Extracted from formula,MF Market Rent,Used in Unknown_Field_FQ780 (FQ780)
Market Rent (3),Extracted from formula,MF Market Rent,Used in Unknown_Field_FQ780 (FQ780)
Market Rent (2),Extracted from formula,MF Market Rent,Used in Unknown_Field_FR780 (FR780)
Market Rent (3),Extracted from formula,MF Market Rent,Used in Unknown_Field_FR780 (FR780)
Market Rent (2),Extracted from formula,MF Market Rent,Used in Unknown_Field_FQ781 (FQ781)
Market Rent (3),Extracted from formula,MF Market Rent,Used in Unknown_Field_FQ781 (FQ781)
Market Rent (2),Extracted from formula,MF Market Rent,Used in Unknown_Field_FR781 (FR781)
Market Rent (3),Extracted from formula,MF Market Rent,Used in Unknown_Field_FR781 (FR781)
Market Rent (2),Extracted from formula,MF Market Rent,Used in Unknown_Field_FQ782 (FQ782)
Market Rent (3),Extracted from formula,MF Market Rent,Used in Unknown_Field_FQ782 (FQ782)
Market Rent (2),Extracted from formula,MF Market Rent,Used in Unknown_Field_FR782 (FR782)
Market Rent (3),Extracted from formula,MF Market Rent,Used in Unknown_Field_FR782 (FR782)
Market Rent (2),Extracted from formula,MF Market Rent,Used in Unknown_Field_FQ783 (FQ783)
Market Rent (3),Extracted from formula,MF Market Rent,Used in Unknown_Field_FQ783 (FQ783)
Market Rent (2),Extracted from formula,MF Market Rent,Used in Unknown_Field_FR783 (FR783)
Market Rent (3),Extracted from formula,MF Market Rent,Used in Unknown_Field_FR783 (FR783)
Market Rent (2),Extracted from formula,MF Market Rent,Used in Unknown_Field_FQ784 (FQ784)
Market Rent (3),Extracted from formula,MF Market Rent,Used in Unknown_Field_FQ784 (FQ784)
Market Rent (2),Extracted from formula,MF Market Rent,Used in Unknown_Field_FR784 (FR784)
Market Rent (3),Extracted from formula,MF Market Rent,Used in Unknown_Field_FR784 (FR784)
Market Rent (2),Extracted from formula,MF Market Rent,Used in Unknown_Field_FQ785 (FQ785)
Market Rent (3),Extracted from formula,MF Market Rent,Used in Unknown_Field_FQ785 (FQ785)
Market Rent (2),Extracted from formula,MF Market Rent,Used in Unknown_Field_FR785 (FR785)
Market Rent (3),Extracted from formula,MF Market Rent,Used in Unknown_Field_FR785 (FR785)
Market Rent (2),Extracted from formula,MF Market Rent,Used in Unknown_Field_FQ786 (FQ786)
Market Rent (3),Extracted from formula,MF Market Rent,Used in Unknown_Field_FQ786 (FQ786)
Market Rent (2),Extracted from formula,MF Market Rent,Used in Unknown_Field_FR786 (FR786)
Market Rent (3),Extracted from formula,MF Market Rent,Used in Unknown_Field_FR786 (FR786)
Market Rent (2),Extracted from formula,MF Market Rent,Used in Unknown_Field_FQ787 (FQ787)
Market Rent (3),Extracted from formula,MF Market Rent,Used in Unknown_Field_FQ787 (FQ787)
Market Rent (2),Extracted from formula,MF Market Rent,Used in Unknown_Field_FR787 (FR787)
Market Rent (3),Extracted from formula,MF Market Rent,Used in Unknown_Field_FR787 (FR787)
Market Rent (2),Extracted from formula,MF Market Rent,Used in Unknown_Field_FQ788 (FQ788)
Market Rent (3),Extracted from formula,MF Market Rent,Used in Unknown_Field_FQ788 (FQ788)
Market Rent (2),Extracted from formula,MF Market Rent,Used in Unknown_Field_FR788 (FR788)
Market Rent (3),Extracted from formula,MF Market Rent,Used in Unknown_Field_FR788 (FR788)
Market Rent (2),Extracted from formula,MF Market Rent,Used in Unknown_Field_FQ789 (FQ789)
Market Rent (3),Extracted from formula,MF Market Rent,Used in Unknown_Field_FQ789 (FQ789)
Market Rent (2),Extracted from formula,MF Market Rent,Used in Unknown_Field_FR789 (FR789)
Market Rent (3),Extracted from formula,MF Market Rent,Used in Unknown_Field_FR789 (FR789)
Market Rent (2),Extracted from formula,MF Market Rent,Used in Unknown_Field_FQ790 (FQ790)
Market Rent (3),Extracted from formula,MF Market Rent,Used in Unknown_Field_FQ790 (FQ790)
Market Rent (2),Extracted from formula,MF Market Rent,Used in Unknown_Field_FR790 (FR790)
Market Rent (3),Extracted from formula,MF Market Rent,Used in Unknown_Field_FR790 (FR790)
Market Rent (2),Extracted from formula,MF Market Rent,Used in Unknown_Field_FQ791 (FQ791)
Market Rent (3),Extracted from formula,MF Market Rent,Used in Unknown_Field_FQ791 (FQ791)
Market Rent (2),Extracted from formula,MF Market Rent,Used in Unknown_Field_FR791 (FR791)
Market Rent (3),Extracted from formula,MF Market Rent,Used in Unknown_Field_FR791 (FR791)
Market Rent (2),Extracted from formula,MF Market Rent,Used in Unknown_Field_FQ792 (FQ792)
Market Rent (3),Extracted from formula,MF Market Rent,Used in Unknown_Field_FQ792 (FQ792)
Market Rent (2),Extracted from formula,MF Market Rent,Used in Unknown_Field_FR792 (FR792)
Market Rent (3),Extracted from formula,MF Market Rent,Used in Unknown_Field_FR792 (FR792)
Market Rent (2),Extracted from formula,MF Market Rent,Used in Unknown_Field_FQ793 (FQ793)
Market Rent (3),Extracted from formula,MF Market Rent,Used in Unknown_Field_FQ793 (FQ793)
Market Rent (2),Extracted from formula,MF Market Rent,Used in Unknown_Field_FR793 (FR793)
Market Rent (3),Extracted from formula,MF Market Rent,Used in Unknown_Field_FR793 (FR793)
Market Rent (2),Extracted from formula,MF Market Rent,Used in Unknown_Field_FQ794 (FQ794)
Market Rent (3),Extracted from formula,MF Market Rent,Used in Unknown_Field_FQ794 (FQ794)
Market Rent (2),Extracted from formula,MF Market Rent,Used in Unknown_Field_FR794 (FR794)
Market Rent (3),Extracted from formula,MF Market Rent,Used in Unknown_Field_FR794 (FR794)
Market Rent (2),Extracted from formula,MF Market Rent,Used in Unknown_Field_FQ795 (FQ795)
Market Rent (3),Extracted from formula,MF Market Rent,Used in Unknown_Field_FQ795 (FQ795)
Market Rent (2),Extracted from formula,MF Market Rent,Used in Unknown_Field_FR795 (FR795)
Market Rent (3),Extracted from formula,MF Market Rent,Used in Unknown_Field_FR795 (FR795)
Market Rent (2),Extracted from formula,MF Market Rent,Used in Unknown_Field_FQ796 (FQ796)
Market Rent (3),Extracted from formula,MF Market Rent,Used in Unknown_Field_FQ796 (FQ796)
Market Rent (2),Extracted from formula,MF Market Rent,Used in Unknown_Field_FR796 (FR796)
Market Rent (3),Extracted from formula,MF Market Rent,Used in Unknown_Field_FR796 (FR796)
Market Rent (2),Extracted from formula,MF Market Rent,Used in Unknown_Field_FQ797 (FQ797)
Market Rent (3),Extracted from formula,MF Market Rent,Used in Unknown_Field_FQ797 (FQ797)
Market Rent (2),Extracted from formula,MF Market Rent,Used in Unknown_Field_FR797 (FR797)
Market Rent (3),Extracted from formula,MF Market Rent,Used in Unknown_Field_FR797 (FR797)
Market Rent (2),Extracted from formula,MF Market Rent,Used in Unknown_Field_FQ798 (FQ798)
Market Rent (3),Extracted from formula,MF Market Rent,Used in Unknown_Field_FQ798 (FQ798)
Market Rent (2),Extracted from formula,MF Market Rent,Used in Unknown_Field_FR798 (FR798)
Market Rent (3),Extracted from formula,MF Market Rent,Used in Unknown_Field_FR798 (FR798)
Market Rent (2),Extracted from formula,MF Market Rent,Used in Unknown_Field_FQ799 (FQ799)
Market Rent (3),Extracted from formula,MF Market Rent,Used in Unknown_Field_FQ799 (FQ799)
Market Rent (2),Extracted from formula,MF Market Rent,Used in Unknown_Field_FR799 (FR799)
Market Rent (3),Extracted from formula,MF Market Rent,Used in Unknown_Field_FR799 (FR799)
Market Rent (2),Extracted from formula,MF Market Rent,Used in Unknown_Field_FQ800 (FQ800)
Market Rent (3),Extracted from formula,MF Market Rent,Used in Unknown_Field_FQ800 (FQ800)
Market Rent (2),Extracted from formula,MF Market Rent,Used in Unknown_Field_FR800 (FR800)
Market Rent (3),Extracted from formula,MF Market Rent,Used in Unknown_Field_FR800 (FR800)
Market Rent (2),Extracted from formula,MF Market Rent,Used in Unknown_Field_FQ801 (FQ801)
Market Rent (3),Extracted from formula,MF Market Rent,Used in Unknown_Field_FQ801 (FQ801)
Market Rent (2),Extracted from formula,MF Market Rent,Used in Unknown_Field_FR801 (FR801)
Market Rent (3),Extracted from formula,MF Market Rent,Used in Unknown_Field_FR801 (FR801)
Market Rent (2),Extracted from formula,MF Market Rent,Used in Unknown_Field_FQ802 (FQ802)
Market Rent (3),Extracted from formula,MF Market Rent,Used in Unknown_Field_FQ802 (FQ802)
Market Rent (2),Extracted from formula,MF Market Rent,Used in Unknown_Field_FR802 (FR802)
Market Rent (3),Extracted from formula,MF Market Rent,Used in Unknown_Field_FR802 (FR802)
Market Rent (2),Extracted from formula,MF Market Rent,Used in Unknown_Field_FQ803 (FQ803)
Market Rent (3),Extracted from formula,MF Market Rent,Used in Unknown_Field_FQ803 (FQ803)
Market Rent (2),Extracted from formula,MF Market Rent,Used in Unknown_Field_FR803 (FR803)
Market Rent (3),Extracted from formula,MF Market Rent,Used in Unknown_Field_FR803 (FR803)
Market Rent (2),Extracted from formula,MF Market Rent,Used in Unknown_Field_FQ804 (FQ804)
Market Rent (3),Extracted from formula,MF Market Rent,Used in Unknown_Field_FQ804 (FQ804)
Market Rent (2),Extracted from formula,MF Market Rent,Used in Unknown_Field_FR804 (FR804)
Market Rent (3),Extracted from formula,MF Market Rent,Used in Unknown_Field_FR804 (FR804)
Market Rent (2),Extracted from formula,MF Market Rent,Used in Unknown_Field_FQ805 (FQ805)
Market Rent (3),Extracted from formula,MF Market Rent,Used in Unknown_Field_FQ805 (FQ805)
Market Rent (2),Extracted from formula,MF Market Rent,Used in Unknown_Field_FR805 (FR805)
Market Rent (3),Extracted from formula,MF Market Rent,Used in Unknown_Field_FR805 (FR805)
Market Rent (2),Extracted from formula,MF Market Rent,Used in Unknown_Field_FQ806 (FQ806)
Market Rent (3),Extracted from formula,MF Market Rent,Used in Unknown_Field_FQ806 (FQ806)
Market Rent (2),Extracted from formula,MF Market Rent,Used in Unknown_Field_FR806 (FR806)
Market Rent (3),Extracted from formula,MF Market Rent,Used in Unknown_Field_FR806 (FR806)
Market Rent (2),Extracted from formula,MF Market Rent,Used in Unknown_Field_FQ807 (FQ807)
Market Rent (3),Extracted from formula,MF Market Rent,Used in Unknown_Field_FQ807 (FQ807)
Market Rent (2),Extracted from formula,MF Market Rent,Used in Unknown_Field_FR807 (FR807)
Market Rent (3),Extracted from formula,MF Market Rent,Used in Unknown_Field_FR807 (FR807)
Market Rent (2),Extracted from formula,MF Market Rent,Used in Unknown_Field_FQ808 (FQ808)
Market Rent (3),Extracted from formula,MF Market Rent,Used in Unknown_Field_FQ808 (FQ808)
Market Rent (2),Extracted from formula,MF Market Rent,Used in Unknown_Field_FR808 (FR808)
Market Rent (3),Extracted from formula,MF Market Rent,Used in Unknown_Field_FR808 (FR808)
Market Rent (2),Extracted from formula,MF Market Rent,Used in Unknown_Field_FQ809 (FQ809)
Market Rent (3),Extracted from formula,MF Market Rent,Used in Unknown_Field_FQ809 (FQ809)
Market Rent (2),Extracted from formula,MF Market Rent,Used in Unknown_Field_FR809 (FR809)
Market Rent (3),Extracted from formula,MF Market Rent,Used in Unknown_Field_FR809 (FR809)
Market Rent (2),Extracted from formula,MF Market Rent,Used in Unknown_Field_FQ810 (FQ810)
Market Rent (3),Extracted from formula,MF Market Rent,Used in Unknown_Field_FQ810 (FQ810)
Market Rent (2),Extracted from formula,MF Market Rent,Used in Unknown_Field_FR810 (FR810)
Market Rent (3),Extracted from formula,MF Market Rent,Used in Unknown_Field_FR810 (FR810)
Market Rent (2),Extracted from formula,MF Market Rent,Used in Unknown_Field_FQ811 (FQ811)
Market Rent (3),Extracted from formula,MF Market Rent,Used in Unknown_Field_FQ811 (FQ811)
Market Rent (2),Extracted from formula,MF Market Rent,Used in Unknown_Field_FR811 (FR811)
Market Rent (3),Extracted from formula,MF Market Rent,Used in Unknown_Field_FR811 (FR811)
Market Rent (2),Extracted from formula,MF Market Rent,Used in Unknown_Field_FQ812 (FQ812)
Market Rent (3),Extracted from formula,MF Market Rent,Used in Unknown_Field_FQ812 (FQ812)
Market Rent (2),Extracted from formula,MF Market Rent,Used in Unknown_Field_FR812 (FR812)
Market Rent (3),Extracted from formula,MF Market Rent,Used in Unknown_Field_FR812 (FR812)
Market Rent (2),Extracted from formula,MF Market Rent,Used in Unknown_Field_FQ813 (FQ813)
Market Rent (3),Extracted from formula,MF Market Rent,Used in Unknown_Field_FQ813 (FQ813)
Market Rent (2),Extracted from formula,MF Market Rent,Used in Unknown_Field_FR813 (FR813)
Market Rent (3),Extracted from formula,MF Market Rent,Used in Unknown_Field_FR813 (FR813)
Market Rent (2),Extracted from formula,MF Market Rent,Used in Unknown_Field_FQ814 (FQ814)
Market Rent (3),Extracted from formula,MF Market Rent,Used in Unknown_Field_FQ814 (FQ814)
Market Rent (2),Extracted from formula,MF Market Rent,Used in Unknown_Field_FR814 (FR814)
Market Rent (3),Extracted from formula,MF Market Rent,Used in Unknown_Field_FR814 (FR814)
Market Rent (2),Extracted from formula,MF Market Rent,Used in Unknown_Field_FQ815 (FQ815)
Market Rent (3),Extracted from formula,MF Market Rent,Used in Unknown_Field_FQ815 (FQ815)
Market Rent (2),Extracted from formula,MF Market Rent,Used in Unknown_Field_FR815 (FR815)
Market Rent (3),Extracted from formula,MF Market Rent,Used in Unknown_Field_FR815 (FR815)
Market Rent (2),Extracted from formula,MF Market Rent,Used in Unknown_Field_FQ816 (FQ816)
Market Rent (3),Extracted from formula,MF Market Rent,Used in Unknown_Field_FQ816 (FQ816)
Market Rent (2),Extracted from formula,MF Market Rent,Used in Unknown_Field_FR816 (FR816)
Market Rent (3),Extracted from formula,MF Market Rent,Used in Unknown_Field_FR816 (FR816)
Market Rent (2),Extracted from formula,MF Market Rent,Used in Unknown_Field_FQ817 (FQ817)
Market Rent (3),Extracted from formula,MF Market Rent,Used in Unknown_Field_FQ817 (FQ817)
Market Rent (2),Extracted from formula,MF Market Rent,Used in Unknown_Field_FR817 (FR817)
Market Rent (3),Extracted from formula,MF Market Rent,Used in Unknown_Field_FR817 (FR817)
Market Rent (2),Extracted from formula,MF Market Rent,Used in Unknown_Field_FQ818 (FQ818)
Market Rent (3),Extracted from formula,MF Market Rent,Used in Unknown_Field_FQ818 (FQ818)
Market Rent (2),Extracted from formula,MF Market Rent,Used in Unknown_Field_FR818 (FR818)
Market Rent (3),Extracted from formula,MF Market Rent,Used in Unknown_Field_FR818 (FR818)
Market Rent (2),Extracted from formula,MF Market Rent,Used in Unknown_Field_FQ819 (FQ819)
Market Rent (3),Extracted from formula,MF Market Rent,Used in Unknown_Field_FQ819 (FQ819)
Market Rent (2),Extracted from formula,MF Market Rent,Used in Unknown_Field_FR819 (FR819)
Market Rent (3),Extracted from formula,MF Market Rent,Used in Unknown_Field_FR819 (FR819)
Market Rent (2),Extracted from formula,MF Market Rent,Used in Unknown_Field_FQ820 (FQ820)
Market Rent (3),Extracted from formula,MF Market Rent,Used in Unknown_Field_FQ820 (FQ820)
Market Rent (2),Extracted from formula,MF Market Rent,Used in Unknown_Field_FR820 (FR820)
Market Rent (3),Extracted from formula,MF Market Rent,Used in Unknown_Field_FR820 (FR820)
Market Rent (2),Extracted from formula,MF Market Rent,Used in Unknown_Field_FQ821 (FQ821)
Market Rent (3),Extracted from formula,MF Market Rent,Used in Unknown_Field_FQ821 (FQ821)
Market Rent (2),Extracted from formula,MF Market Rent,Used in Unknown_Field_FR821 (FR821)
Market Rent (3),Extracted from formula,MF Market Rent,Used in Unknown_Field_FR821 (FR821)
Market Rent (2),Extracted from formula,MF Market Rent,Used in Unknown_Field_FQ822 (FQ822)
Market Rent (3),Extracted from formula,MF Market Rent,Used in Unknown_Field_FQ822 (FQ822)
Market Rent (2),Extracted from formula,MF Market Rent,Used in Unknown_Field_FR822 (FR822)
Market Rent (3),Extracted from formula,MF Market Rent,Used in Unknown_Field_FR822 (FR822)
Market Rent (2),Extracted from formula,MF Market Rent,Used in Unknown_Field_FQ823 (FQ823)
Market Rent (3),Extracted from formula,MF Market Rent,Used in Unknown_Field_FQ823 (FQ823)
Market Rent (2),Extracted from formula,MF Market Rent,Used in Unknown_Field_FR823 (FR823)
Market Rent (3),Extracted from formula,MF Market Rent,Used in Unknown_Field_FR823 (FR823)
Market Rent (2),Extracted from formula,MF Market Rent,Used in Unknown_Field_FQ824 (FQ824)
Market Rent (3),Extracted from formula,MF Market Rent,Used in Unknown_Field_FQ824 (FQ824)
Market Rent (2),Extracted from formula,MF Market Rent,Used in Unknown_Field_FR824 (FR824)
Market Rent (3),Extracted from formula,MF Market Rent,Used in Unknown_Field_FR824 (FR824)
Market Rent (2),Extracted from formula,MF Market Rent,Used in Unknown_Field_FQ825 (FQ825)
Market Rent (3),Extracted from formula,MF Market Rent,Used in Unknown_Field_FQ825 (FQ825)
Market Rent (2),Extracted from formula,MF Market Rent,Used in Unknown_Field_FR825 (FR825)
Market Rent (3),Extracted from formula,MF Market Rent,Used in Unknown_Field_FR825 (FR825)
Market Rent (2),Extracted from formula,MF Market Rent,Used in Unknown_Field_FQ826 (FQ826)
Market Rent (3),Extracted from formula,MF Market Rent,Used in Unknown_Field_FQ826 (FQ826)
Market Rent (2),Extracted from formula,MF Market Rent,Used in Unknown_Field_FR826 (FR826)
Market Rent (3),Extracted from formula,MF Market Rent,Used in Unknown_Field_FR826 (FR826)
Market Rent (2),Extracted from formula,MF Market Rent,Used in Unknown_Field_FQ827 (FQ827)
Market Rent (3),Extracted from formula,MF Market Rent,Used in Unknown_Field_FQ827 (FQ827)
Market Rent (2),Extracted from formula,MF Market Rent,Used in Unknown_Field_FR827 (FR827)
Market Rent (3),Extracted from formula,MF Market Rent,Used in Unknown_Field_FR827 (FR827)
Market Rent (2),Extracted from formula,MF Market Rent,Used in Unknown_Field_FQ828 (FQ828)
Market Rent (3),Extracted from formula,MF Market Rent,Used in Unknown_Field_FQ828 (FQ828)
Market Rent (2),Extracted from formula,MF Market Rent,Used in Unknown_Field_FR828 (FR828)
Market Rent (3),Extracted from formula,MF Market Rent,Used in Unknown_Field_FR828 (FR828)
Market Rent (2),Extracted from formula,MF Market Rent,Used in Unknown_Field_FQ829 (FQ829)
Market Rent (3),Extracted from formula,MF Market Rent,Used in Unknown_Field_FQ829 (FQ829)
Market Rent (2),Extracted from formula,MF Market Rent,Used in Unknown_Field_FR829 (FR829)
Market Rent (3),Extracted from formula,MF Market Rent,Used in Unknown_Field_FR829 (FR829)
Market Rent (2),Extracted from formula,MF Market Rent,Used in Unknown_Field_FQ830 (FQ830)
Market Rent (3),Extracted from formula,MF Market Rent,Used in Unknown_Field_FQ830 (FQ830)
Market Rent (2),Extracted from formula,MF Market Rent,Used in Unknown_Field_FR830 (FR830)
Market Rent (3),Extracted from formula,MF Market Rent,Used in Unknown_Field_FR830 (FR830)
Market Rent (2),Extracted from formula,MF Market Rent,Used in Unknown_Field_FQ831 (FQ831)
Market Rent (3),Extracted from formula,MF Market Rent,Used in Unknown_Field_FQ831 (FQ831)
Market Rent (2),Extracted from formula,MF Market Rent,Used in Unknown_Field_FR831 (FR831)
Market Rent (3),Extracted from formula,MF Market Rent,Used in Unknown_Field_FR831 (FR831)
Market Rent (2),Extracted from formula,MF Market Rent,Used in Unknown_Field_FQ832 (FQ832)
Market Rent (3),Extracted from formula,MF Market Rent,Used in Unknown_Field_FQ832 (FQ832)
Market Rent (2),Extracted from formula,MF Market Rent,Used in Unknown_Field_FR832 (FR832)
Market Rent (3),Extracted from formula,MF Market Rent,Used in Unknown_Field_FR832 (FR832)
Market Rent (2),Extracted from formula,MF Market Rent,Used in Unknown_Field_FQ833 (FQ833)
Market Rent (3),Extracted from formula,MF Market Rent,Used in Unknown_Field_FQ833 (FQ833)
Market Rent (2),Extracted from formula,MF Market Rent,Used in Unknown_Field_FR833 (FR833)
Market Rent (3),Extracted from formula,MF Market Rent,Used in Unknown_Field_FR833 (FR833)
Market Rent (2),Extracted from formula,MF Market Rent,Used in Unknown_Field_FQ834 (FQ834)
Market Rent (3),Extracted from formula,MF Market Rent,Used in Unknown_Field_FQ834 (FQ834)
Market Rent (2),Extracted from formula,MF Market Rent,Used in Unknown_Field_FR834 (FR834)
Market Rent (3),Extracted from formula,MF Market Rent,Used in Unknown_Field_FR834 (FR834)
Market Rent,Extracted from formula,MF Market Rent,Used in Utilities Adj. (FQ884)
Market Rent,Extracted from formula,MF Market Rent,Used in Physical Charactertistics Adj (FR884)
Market Rent,Extracted from formula,MF Market Rent,Used in Utilities Adj. (FQ885)
Market Rent,Extracted from formula,MF Market Rent,Used in Physical Charactertistics Adj (FR885)
Market Rent,Extracted from formula,MF Market Rent,Used in Utilities Adj. (FQ886)
Market Rent,Extracted from formula,MF Market Rent,Used in Physical Charactertistics Adj (FR886)
Market Rent,Extracted from formula,MF Market Rent,Used in Utilities Adj. (FQ887)
Market Rent,Extracted from formula,MF Market Rent,Used in Physical Charactertistics Adj (FR887)
Market Rent,Extracted from formula,MF Market Rent,Used in Utilities Adj. (FQ888)
Market Rent,Extracted from formula,MF Market Rent,Used in Physical Charactertistics Adj (FR888)
Market Rent,Extracted from formula,MF Market Rent,Used in Utilities Adj. (FQ889)
Market Rent,Extracted from formula,MF Market Rent,Used in Physical Charactertistics Adj (FR889)
Market Rent,Extracted from formula,MF Market Rent,Used in Utilities Adj. (FQ890)
Market Rent,Extracted from formula,MF Market Rent,Used in Physical Charactertistics Adj (FR890)
Market Rent,Extracted from formula,MF Market Rent,Used in Utilities Adj. (FQ891)
Market Rent,Extracted from formula,MF Market Rent,Used in Physical Charactertistics Adj (FR891)
Market Rent,Extracted from formula,MF Market Rent,Used in Unknown_Field_FQ892 (FQ892)
Market Rent,Extracted from formula,MF Market Rent,Used in Unknown_Field_FR892 (FR892)
Market Rent,Extracted from formula,MF Market Rent,Used in Unknown_Field_FQ893 (FQ893)
Market Rent,Extracted from formula,MF Market Rent,Used in Unknown_Field_FR893 (FR893)
Market Rent,Extracted from formula,MF Market Rent,Used in Unknown_Field_FQ894 (FQ894)
Market Rent,Extracted from formula,MF Market Rent,Used in Unknown_Field_FR894 (FR894)
Market Rent,Extracted from formula,MF Market Rent,Used in Unknown_Field_FQ895 (FQ895)
Market Rent,Extracted from formula,MF Market Rent,Used in Unknown_Field_FR895 (FR895)
Market Rent,Extracted from formula,MF Market Rent,Used in Unknown_Field_FQ896 (FQ896)
Market Rent,Extracted from formula,MF Market Rent,Used in Unknown_Field_FR896 (FR896)
Market Rent,Extracted from formula,MF Market Rent,Used in Unknown_Field_FQ897 (FQ897)
Market Rent,Extracted from formula,MF Market Rent,Used in Unknown_Field_FR897 (FR897)
Market Rent,Extracted from formula,MF Market Rent,Used in Unknown_Field_FQ898 (FQ898)
Market Rent,Extracted from formula,MF Market Rent,Used in Unknown_Field_FR898 (FR898)
Market Rent,Extracted from formula,MF Market Rent,Used in Unknown_Field_FQ899 (FQ899)
Market Rent,Extracted from formula,MF Market Rent,Used in Unknown_Field_FR899 (FR899)
Market Rent,Extracted from formula,MF Market Rent,Used in Unknown_Field_FQ900 (FQ900)
Market Rent,Extracted from formula,MF Market Rent,Used in Unknown_Field_FR900 (FR900)
Market Rent,Extracted from formula,MF Market Rent,Used in Unknown_Field_FQ901 (FQ901)
Market Rent,Extracted from formula,MF Market Rent,Used in Unknown_Field_FR901 (FR901)
Market Rent,Extracted from formula,MF Market Rent,Used in Unknown_Field_FQ902 (FQ902)
Market Rent,Extracted from formula,MF Market Rent,Used in Unknown_Field_FR902 (FR902)
Market Rent,Extracted from formula,MF Market Rent,Used in Unknown_Field_FQ903 (FQ903)
Market Rent,Extracted from formula,MF Market Rent,Used in Unknown_Field_FR903 (FR903)
Market Rent,Extracted from formula,MF Market Rent,Used in Unknown_Field_FQ904 (FQ904)
Market Rent,Extracted from formula,MF Market Rent,Used in Unknown_Field_FR904 (FR904)
Market Rent,Extracted from formula,MF Market Rent,Used in Unknown_Field_FQ905 (FQ905)
Market Rent,Extracted from formula,MF Market Rent,Used in Unknown_Field_FR905 (FR905)
Market Rent,Extracted from formula,MF Market Rent,Used in Unknown_Field_FQ906 (FQ906)
Market Rent,Extracted from formula,MF Market Rent,Used in Unknown_Field_FR906 (FR906)
Market Rent,Extracted from formula,MF Market Rent,Used in Unknown_Field_FQ907 (FQ907)
Market Rent,Extracted from formula,MF Market Rent,Used in Unknown_Field_FR907 (FR907)
Market Rent,Extracted from formula,MF Market Rent,Used in Unknown_Field_FQ908 (FQ908)
Market Rent,Extracted from formula,MF Market Rent,Used in Unknown_Field_FR908 (FR908)
Market Rent,Extracted from formula,MF Market Rent,Used in Unknown_Field_FQ909 (FQ909)
Market Rent,Extracted from formula,MF Market Rent,Used in Unknown_Field_FR909 (FR909)
Market Rent,Extracted from formula,MF Market Rent,Used in Unknown_Field_FQ910 (FQ910)
Market Rent,Extracted from formula,MF Market Rent,Used in Unknown_Field_FR910 (FR910)
Market Rent,Extracted from formula,MF Market Rent,Used in Unknown_Field_FQ911 (FQ911)
Market Rent,Extracted from formula,MF Market Rent,Used in Unknown_Field_FR911 (FR911)
Market Rent,Extracted from formula,MF Market Rent,Used in Unknown_Field_FQ912 (FQ912)
Market Rent,Extracted from formula,MF Market Rent,Used in Unknown_Field_FR912 (FR912)
Market Rent,Extracted from formula,MF Market Rent,Used in Unknown_Field_FQ913 (FQ913)
Market Rent,Extracted from formula,MF Market Rent,Used in Unknown_Field_FR913 (FR913)
Market Rent,Extracted from formula,MF Market Rent,Used in Unknown_Field_FQ914 (FQ914)
Market Rent,Extracted from formula,MF Market Rent,Used in Unknown_Field_FR914 (FR914)
Market Rent,Extracted from formula,MF Market Rent,Used in Unknown_Field_FQ915 (FQ915)
Market Rent,Extracted from formula,MF Market Rent,Used in Unknown_Field_FR915 (FR915)
Market Rent,Extracted from formula,MF Market Rent,Used in Unknown_Field_FQ916 (FQ916)
Market Rent,Extracted from formula,MF Market Rent,Used in Unknown_Field_FR916 (FR916)
Market Rent,Extracted from formula,MF Market Rent,Used in Unknown_Field_FQ917 (FQ917)
Market Rent,Extracted from formula,MF Market Rent,Used in Unknown_Field_FR917 (FR917)
Market Rent,Extracted from formula,MF Market Rent,Used in Unknown_Field_FQ918 (FQ918)
Market Rent,Extracted from formula,MF Market Rent,Used in Unknown_Field_FR918 (FR918)
Market Rent,Extracted from formula,MF Market Rent,Used in Unknown_Field_FQ919 (FQ919)
Market Rent,Extracted from formula,MF Market Rent,Used in Unknown_Field_FR919 (FR919)
Market Rent,Extracted from formula,MF Market Rent,Used in Unknown_Field_FQ920 (FQ920)
Market Rent,Extracted from formula,MF Market Rent,Used in Unknown_Field_FR920 (FR920)
Market Rent,Extracted from formula,MF Market Rent,Used in Unknown_Field_FQ921 (FQ921)
Market Rent,Extracted from formula,MF Market Rent,Used in Unknown_Field_FR921 (FR921)
Market Rent,Extracted from formula,MF Market Rent,Used in Unknown_Field_FQ922 (FQ922)
Market Rent,Extracted from formula,MF Market Rent,Used in Unknown_Field_FR922 (FR922)
Market Rent,Extracted from formula,MF Market Rent,Used in Unknown_Field_FQ923 (FQ923)
Market Rent,Extracted from formula,MF Market Rent,Used in Unknown_Field_FR923 (FR923)
Market Rent,Extracted from formula,MF Market Rent,Used in Unknown_Field_FQ924 (FQ924)
Market Rent,Extracted from formula,MF Market Rent,Used in Unknown_Field_FR924 (FR924)
Market Rent,Extracted from formula,MF Market Rent,Used in Unknown_Field_FQ925 (FQ925)
Market Rent,Extracted from formula,MF Market Rent,Used in Unknown_Field_FR925 (FR925)
Market Rent,Extracted from formula,MF Market Rent,Used in Unknown_Field_FQ926 (FQ926)
Market Rent,Extracted from formula,MF Market Rent,Used in Unknown_Field_FR926 (FR926)
Market Rent,Extracted from formula,MF Market Rent,Used in Unknown_Field_FQ927 (FQ927)
Market Rent,Extracted from formula,MF Market Rent,Used in Unknown_Field_FR927 (FR927)
Market Rent,Extracted from formula,MF Market Rent,Used in Unknown_Field_FQ928 (FQ928)
Market Rent,Extracted from formula,MF Market Rent,Used in Unknown_Field_FR928 (FR928)
Market Rent,Extracted from formula,MF Market Rent,Used in Unknown_Field_FQ929 (FQ929)
Market Rent,Extracted from formula,MF Market Rent,Used in Unknown_Field_FR929 (FR929)
Market Rent,Extracted from formula,MF Market Rent,Used in Unknown_Field_FQ930 (FQ930)
Market Rent,Extracted from formula,MF Market Rent,Used in Unknown_Field_FR930 (FR930)
Market Rent,Extracted from formula,MF Market Rent,Used in Unknown_Field_FQ931 (FQ931)
Market Rent,Extracted from formula,MF Market Rent,Used in Unknown_Field_FR931 (FR931)
Market Rent,Extracted from formula,MF Market Rent,Used in Unknown_Field_FQ932 (FQ932)
Market Rent,Extracted from formula,MF Market Rent,Used in Unknown_Field_FR932 (FR932)
Market Rent,Extracted from formula,MF Market Rent,Used in Unknown_Field_FQ933 (FQ933)
Market Rent,Extracted from formula,MF Market Rent,Used in Unknown_Field_FR933 (FR933)
Market Rent,Extracted from formula,MF Market Rent,Used in Unknown_Field_FQ934 (FQ934)
Market Rent,Extracted from formula,MF Market Rent,Used in Unknown_Field_FR934 (FR934)
Market Rent,Extracted from formula,MF Market Rent,Used in Unknown_Field_FQ935 (FQ935)
Market Rent,Extracted from formula,MF Market Rent,Used in Unknown_Field_FR935 (FR935)
Market Rent,Extracted from formula,MF Market Rent,Used in Unknown_Field_FQ936 (FQ936)
Market Rent,Extracted from formula,MF Market Rent,Used in Unknown_Field_FR936 (FR936)
Market Rent,Extracted from formula,MF Market Rent,Used in Unknown_Field_FQ937 (FQ937)
Market Rent,Extracted from formula,MF Market Rent,Used in Unknown_Field_FR937 (FR937)
Market Rent,Extracted from formula,MF Market Rent,Used in Unknown_Field_FQ938 (FQ938)
Market Rent,Extracted from formula,MF Market Rent,Used in Unknown_Field_FR938 (FR938)
Market Rent,Extracted from formula,MF Market Rent,Used in Unknown_Field_FQ939 (FQ939)
Market Rent,Extracted from formula,MF Market Rent,Used in Unknown_Field_FR939 (FR939)
Market Rent,Extracted from formula,MF Market Rent,Used in Unknown_Field_FQ940 (FQ940)
Market Rent,Extracted from formula,MF Market Rent,Used in Unknown_Field_FR940 (FR940)
Market Rent,Extracted from formula,MF Market Rent,Used in Unknown_Field_FQ941 (FQ941)
Market Rent,Extracted from formula,MF Market Rent,Used in Unknown_Field_FR941 (FR941)
Market Rent,Extracted from formula,MF Market Rent,Used in Unknown_Field_FQ942 (FQ942)
Market Rent,Extracted from formula,MF Market Rent,Used in Unknown_Field_FR942 (FR942)
Market Rent,Extracted from formula,MF Market Rent,Used in Unknown_Field_FQ943 (FQ943)
Market Rent,Extracted from formula,MF Market Rent,Used in Unknown_Field_FR943 (FR943)
Market Rent,Extracted from formula,MF Market Rent,Used in Unknown_Field_FQ944 (FQ944)
Market Rent,Extracted from formula,MF Market Rent,Used in Unknown_Field_FR944 (FR944)
Market Rent,Extracted from formula,MF Market Rent,Used in Unknown_Field_FQ945 (FQ945)
Market Rent,Extracted from formula,MF Market Rent,Used in Unknown_Field_FR945 (FR945)
Market Rent,Extracted from formula,MF Market Rent,Used in Unknown_Field_FQ946 (FQ946)
Market Rent,Extracted from formula,MF Market Rent,Used in Unknown_Field_FR946 (FR946)
Market Rent,Extracted from formula,MF Market Rent,Used in Unknown_Field_FQ947 (FQ947)
Market Rent,Extracted from formula,MF Market Rent,Used in Unknown_Field_FR947 (FR947)
Market Rent,Extracted from formula,MF Market Rent,Used in Unknown_Field_FQ948 (FQ948)
Market Rent,Extracted from formula,MF Market Rent,Used in Unknown_Field_FR948 (FR948)
Market Rent,Extracted from formula,MF Market Rent,Used in Unknown_Field_FQ949 (FQ949)
Market Rent,Extracted from formula,MF Market Rent,Used in Unknown_Field_FR949 (FR949)
Market Rent,Extracted from formula,MF Market Rent,Used in Unknown_Field_FQ950 (FQ950)
Market Rent,Extracted from formula,MF Market Rent,Used in Unknown_Field_FR950 (FR950)
Market Rent,Extracted from formula,MF Market Rent,Used in Unknown_Field_FQ951 (FQ951)
Market Rent,Extracted from formula,MF Market Rent,Used in Unknown_Field_FR951 (FR951)
Market Rent,Extracted from formula,MF Market Rent,Used in Unknown_Field_FQ952 (FQ952)
Market Rent,Extracted from formula,MF Market Rent,Used in Unknown_Field_FR952 (FR952)
Market Rent,Extracted from formula,MF Market Rent,Used in Unknown_Field_FQ953 (FQ953)
Market Rent,Extracted from formula,MF Market Rent,Used in Unknown_Field_FR953 (FR953)
Market Rent,Extracted from formula,MF Market Rent,Used in Unknown_Field_FQ954 (FQ954)
Market Rent,Extracted from formula,MF Market Rent,Used in Unknown_Field_FR954 (FR954)
Market Rent,Extracted from formula,MF Market Rent,Used in Unknown_Field_FQ955 (FQ955)
Market Rent,Extracted from formula,MF Market Rent,Used in Unknown_Field_FR955 (FR955)
Market Rent,Extracted from formula,MF Market Rent,Used in Unknown_Field_FQ956 (FQ956)
Market Rent,Extracted from formula,MF Market Rent,Used in Unknown_Field_FR956 (FR956)
Market Rent,Extracted from formula,MF Market Rent,Used in Unknown_Field_FQ957 (FQ957)
Market Rent,Extracted from formula,MF Market Rent,Used in Unknown_Field_FR957 (FR957)
Market Rent,Extracted from formula,MF Market Rent,Used in Unknown_Field_FQ958 (FQ958)
Market Rent,Extracted from formula,MF Market Rent,Used in Unknown_Field_FR958 (FR958)
Market Rent,Extracted from formula,MF Market Rent,Used in Unknown_Field_FQ959 (FQ959)
Market Rent,Extracted from formula,MF Market Rent,Used in Unknown_Field_FR959 (FR959)
Market Rent,Extracted from formula,MF Market Rent,Used in Unknown_Field_FQ960 (FQ960)
Market Rent,Extracted from formula,MF Market Rent,Used in Unknown_Field_FR960 (FR960)
Market Rent,Extracted from formula,MF Market Rent,Used in Unknown_Field_FQ961 (FQ961)
Market Rent,Extracted from formula,MF Market Rent,Used in Unknown_Field_FR961 (FR961)
Market Rent,Extracted from formula,MF Market Rent,Used in Unknown_Field_FQ962 (FQ962)
Market Rent,Extracted from formula,MF Market Rent,Used in Unknown_Field_FR962 (FR962)
Market Rent,Extracted from formula,MF Market Rent,Used in Unknown_Field_FQ963 (FQ963)
Market Rent,Extracted from formula,MF Market Rent,Used in Unknown_Field_FR963 (FR963)
Market Rent,Extracted from formula,MF Market Rent,Used in Unknown_Field_FQ964 (FQ964)
Market Rent,Extracted from formula,MF Market Rent,Used in Unknown_Field_FR964 (FR964)
Market Rent,Extracted from formula,MF Market Rent,Used in Unknown_Field_FQ965 (FQ965)
Market Rent,Extracted from formula,MF Market Rent,Used in Unknown_Field_FR965 (FR965)
Market Rent,Extracted from formula,MF Market Rent,Used in Unknown_Field_FQ966 (FQ966)
Market Rent,Extracted from formula,MF Market Rent,Used in Unknown_Field_FR966 (FR966)
Market Rent,Extracted from formula,MF Market Rent,Used in Unknown_Field_FQ967 (FQ967)
Market Rent,Extracted from formula,MF Market Rent,Used in Unknown_Field_FR967 (FR967)
Market Rent,Extracted from formula,MF Market Rent,Used in Unknown_Field_FQ968 (FQ968)
Market Rent,Extracted from formula,MF Market Rent,Used in Unknown_Field_FR968 (FR968)
Market Rent,Extracted from formula,MF Market Rent,Used in Unknown_Field_FQ969 (FQ969)
Market Rent,Extracted from formula,MF Market Rent,Used in Unknown_Field_FR969 (FR969)
Market Rent,Extracted from formula,MF Market Rent,Used in Unknown_Field_FQ970 (FQ970)
Market Rent,Extracted from formula,MF Market Rent,Used in Unknown_Field_FR970 (FR970)
Market Rent,Extracted from formula,MF Market Rent,Used in Unknown_Field_FQ971 (FQ971)
Market Rent,Extracted from formula,MF Market Rent,Used in Unknown_Field_FR971 (FR971)
Market Rent,Extracted from formula,MF Market Rent,Used in Unknown_Field_FQ972 (FQ972)
Market Rent,Extracted from formula,MF Market Rent,Used in Unknown_Field_FR972 (FR972)
Market Rent,Extracted from formula,MF Market Rent,Used in Unknown_Field_FQ973 (FQ973)
Market Rent,Extracted from formula,MF Market Rent,Used in Unknown_Field_FR973 (FR973)
Market Rent,Extracted from formula,MF Market Rent,Used in Unknown_Field_FQ974 (FQ974)
Market Rent,Extracted from formula,MF Market Rent,Used in Unknown_Field_FR974 (FR974)
Market Rent,Extracted from formula,MF Market Rent,Used in Unknown_Field_FQ975 (FQ975)
Market Rent,Extracted from formula,MF Market Rent,Used in Unknown_Field_FR975 (FR975)
Market Rent,Extracted from formula,MF Market Rent,Used in Unknown_Field_FQ976 (FQ976)
Market Rent,Extracted from formula,MF Market Rent,Used in Unknown_Field_FR976 (FR976)
Market Rent,Extracted from formula,MF Market Rent,Used in Unknown_Field_FQ977 (FQ977)
Market Rent,Extracted from formula,MF Market Rent,Used in Unknown_Field_FR977 (FR977)
Market Rent,Extracted from formula,MF Market Rent,Used in Unknown_Field_FQ978 (FQ978)
Market Rent,Extracted from formula,MF Market Rent,Used in Unknown_Field_FR978 (FR978)
Market Rent,Extracted from formula,MF Market Rent,Used in Unknown_Field_FQ979 (FQ979)
Market Rent,Extracted from formula,MF Market Rent,Used in Unknown_Field_FR979 (FR979)
Market Rent,Extracted from formula,MF Market Rent,Used in Unknown_Field_FQ980 (FQ980)
Market Rent,Extracted from formula,MF Market Rent,Used in Unknown_Field_FR980 (FR980)
Market Rent,Extracted from formula,MF Market Rent,Used in Unknown_Field_FQ981 (FQ981)
Market Rent,Extracted from formula,MF Market Rent,Used in Unknown_Field_FR981 (FR981)
Market Rent,Extracted from formula,MF Market Rent,Used in Unknown_Field_FQ982 (FQ982)
Market Rent,Extracted from formula,MF Market Rent,Used in Unknown_Field_FR982 (FR982)
Market Rent,Extracted from formula,MF Market Rent,Used in Unknown_Field_FQ983 (FQ983)
Market Rent,Extracted from formula,MF Market Rent,Used in Unknown_Field_FR983 (FR983)
Market Rent,Extracted from formula,MF Market Rent,Used in Unknown_Field_FQ984 (FQ984)
Market Rent,Extracted from formula,MF Market Rent,Used in Unknown_Field_FR984 (FR984)
Market Rent,Extracted from formula,MF Market Rent,Used in Unknown_Field_FQ985 (FQ985)
Market Rent,Extracted from formula,MF Market Rent,Used in Unknown_Field_FR985 (FR985)
Market Rent,Extracted from formula,MF Market Rent,Used in Unknown_Field_FQ986 (FQ986)
Market Rent,Extracted from formula,MF Market Rent,Used in Unknown_Field_FR986 (FR986)
Market Rent,Extracted from formula,MF Market Rent,Used in Unknown_Field_FQ987 (FQ987)
Market Rent,Extracted from formula,MF Market Rent,Used in Unknown_Field_FR987 (FR987)
Market Rent,Extracted from formula,MF Market Rent,Used in Unknown_Field_FQ988 (FQ988)
Market Rent,Extracted from formula,MF Market Rent,Used in Unknown_Field_FR988 (FR988)
Market Rent,Extracted from formula,MF Market Rent,Used in Unknown_Field_FQ989 (FQ989)
Market Rent,Extracted from formula,MF Market Rent,Used in Unknown_Field_FR989 (FR989)
Market Rent,Extracted from formula,MF Market Rent,Used in Unknown_Field_FQ990 (FQ990)
Market Rent,Extracted from formula,MF Market Rent,Used in Unknown_Field_FR990 (FR990)
Market Rent,Extracted from formula,MF Market Rent,Used in Unknown_Field_FQ991 (FQ991)
Market Rent,Extracted from formula,MF Market Rent,Used in Unknown_Field_FR991 (FR991)
Market Rent,Extracted from formula,MF Market Rent,Used in Unknown_Field_FQ992 (FQ992)
Market Rent,Extracted from formula,MF Market Rent,Used in Unknown_Field_FR992 (FR992)
Market Rent,Extracted from formula,MF Market Rent,Used in Unknown_Field_FQ993 (FQ993)
Market Rent,Extracted from formula,MF Market Rent,Used in Unknown_Field_FR993 (FR993)
Market Rent,Extracted from formula,MF Market Rent,Used in Unknown_Field_FQ994 (FQ994)
Market Rent,Extracted from formula,MF Market Rent,Used in Unknown_Field_FR994 (FR994)
Market Rent,Extracted from formula,MF Market Rent,Used in Unknown_Field_FQ995 (FQ995)
Market Rent,Extracted from formula,MF Market Rent,Used in Unknown_Field_FR995 (FR995)
Market Rent,Extracted from formula,MF Market Rent,Used in Unknown_Field_FQ996 (FQ996)
Market Rent,Extracted from formula,MF Market Rent,Used in Unknown_Field_FR996 (FR996)
Market Rent,Extracted from formula,MF Market Rent,Used in Unknown_Field_FQ997 (FQ997)
Market Rent,Extracted from formula,MF Market Rent,Used in Unknown_Field_FR997 (FR997)
Market Rent,Extracted from formula,MF Market Rent,Used in Unknown_Field_FQ998 (FQ998)
Market Rent,Extracted from formula,MF Market Rent,Used in Unknown_Field_FR998 (FR998)
Market Rent,Extracted from formula,MF Market Rent,Used in Unknown_Field_FQ999 (FQ999)
Market Rent,Extracted from formula,MF Market Rent,Used in Unknown_Field_FR999 (FR999)
Market Rent,Extracted from formula,MF Market Rent,Used in Unknown_Field_FQ1000 (FQ1000)
Market Rent,Extracted from formula,MF Market Rent,Used in Unknown_Field_FR1000 (FR1000)
Market Rent,Extracted from formula,MF Market Rent,Used in Unknown_Field_FQ1001 (FQ1001)
Market Rent,Extracted from formula,MF Market Rent,Used in Unknown_Field_FR1001 (FR1001)
Market Rent,Extracted from formula,MF Market Rent,Used in Unknown_Field_FQ1002 (FQ1002)
Market Rent,Extracted from formula,MF Market Rent,Used in Unknown_Field_FR1002 (FR1002)
Market Rent,Extracted from formula,MF Market Rent,Used in Unknown_Field_FQ1003 (FQ1003)
Market Rent,Extracted from formula,MF Market Rent,Used in Unknown_Field_FR1003 (FR1003)
Market Rent (2),Extracted from formula,MF Market Rent,Used in Unknown_Field_FQ1004 (FQ1004)
Market Rent (3),Extracted from formula,MF Market Rent,Used in Unknown_Field_FQ1004 (FQ1004)
Market Rent (2),Extracted from formula,MF Market Rent,Used in Unknown_Field_FR1004 (FR1004)
Market Rent (3),Extracted from formula,MF Market Rent,Used in Unknown_Field_FR1004 (FR1004)
Market Rent (2),Extracted from formula,MF Market Rent,Used in Unknown_Field_FQ1005 (FQ1005)
Market Rent (3),Extracted from formula,MF Market Rent,Used in Unknown_Field_FQ1005 (FQ1005)
Market Rent (2),Extracted from formula,MF Market Rent,Used in Unknown_Field_FR1005 (FR1005)
Market Rent (3),Extracted from formula,MF Market Rent,Used in Unknown_Field_FR1005 (FR1005)
Market Rent (2),Extracted from formula,MF Market Rent,Used in Unknown_Field_FQ1006 (FQ1006)
Market Rent (3),Extracted from formula,MF Market Rent,Used in Unknown_Field_FQ1006 (FQ1006)
Market Rent (2),Extracted from formula,MF Market Rent,Used in Unknown_Field_FR1006 (FR1006)
Market Rent (3),Extracted from formula,MF Market Rent,Used in Unknown_Field_FR1006 (FR1006)
Market Rent (2),Extracted from formula,MF Market Rent,Used in Unknown_Field_FQ1007 (FQ1007)
Market Rent (3),Extracted from formula,MF Market Rent,Used in Unknown_Field_FQ1007 (FQ1007)
Market Rent (2),Extracted from formula,MF Market Rent,Used in Unknown_Field_FR1007 (FR1007)
Market Rent (3),Extracted from formula,MF Market Rent,Used in Unknown_Field_FR1007 (FR1007)
Market Rent (2),Extracted from formula,MF Market Rent,Used in Unknown_Field_FQ1008 (FQ1008)
Market Rent (3),Extracted from formula,MF Market Rent,Used in Unknown_Field_FQ1008 (FQ1008)
Market Rent (2),Extracted from formula,MF Market Rent,Used in Unknown_Field_FR1008 (FR1008)
Market Rent (3),Extracted from formula,MF Market Rent,Used in Unknown_Field_FR1008 (FR1008)
Market Rent (2),Extracted from formula,MF Market Rent,Used in Unknown_Field_FQ1009 (FQ1009)
Market Rent (3),Extracted from formula,MF Market Rent,Used in Unknown_Field_FQ1009 (FQ1009)
Market Rent (2),Extracted from formula,MF Market Rent,Used in Unknown_Field_FR1009 (FR1009)
Market Rent (3),Extracted from formula,MF Market Rent,Used in Unknown_Field_FR1009 (FR1009)
Market Rent (2),Extracted from formula,MF Market Rent,Used in Unknown_Field_FQ1010 (FQ1010)
Market Rent (3),Extracted from formula,MF Market Rent,Used in Unknown_Field_FQ1010 (FQ1010)
Market Rent (2),Extracted from formula,MF Market Rent,Used in Unknown_Field_FR1010 (FR1010)
Market Rent (3),Extracted from formula,MF Market Rent,Used in Unknown_Field_FR1010 (FR1010)
Market Rent (2),Extracted from formula,MF Market Rent,Used in Unknown_Field_FQ1011 (FQ1011)
Market Rent (3),Extracted from formula,MF Market Rent,Used in Unknown_Field_FQ1011 (FQ1011)
Market Rent (2),Extracted from formula,MF Market Rent,Used in Unknown_Field_FR1011 (FR1011)
Market Rent (3),Extracted from formula,MF Market Rent,Used in Unknown_Field_FR1011 (FR1011)
Market Rent (2),Extracted from formula,MF Market Rent,Used in Unknown_Field_FQ1012 (FQ1012)
Market Rent (3),Extracted from formula,MF Market Rent,Used in Unknown_Field_FQ1012 (FQ1012)
Market Rent (2),Extracted from formula,MF Market Rent,Used in Unknown_Field_FR1012 (FR1012)
Market Rent (3),Extracted from formula,MF Market Rent,Used in Unknown_Field_FR1012 (FR1012)
Market Rent (2),Extracted from formula,MF Market Rent,Used in Unknown_Field_FQ1013 (FQ1013)
Market Rent (3),Extracted from formula,MF Market Rent,Used in Unknown_Field_FQ1013 (FQ1013)
Market Rent (2),Extracted from formula,MF Market Rent,Used in Unknown_Field_FR1013 (FR1013)
Market Rent (3),Extracted from formula,MF Market Rent,Used in Unknown_Field_FR1013 (FR1013)
Market Rent (2),Extracted from formula,MF Market Rent,Used in Unknown_Field_FQ1014 (FQ1014)
Market Rent (3),Extracted from formula,MF Market Rent,Used in Unknown_Field_FQ1014 (FQ1014)
Market Rent (2),Extracted from formula,MF Market Rent,Used in Unknown_Field_FR1014 (FR1014)
Market Rent (3),Extracted from formula,MF Market Rent,Used in Unknown_Field_FR1014 (FR1014)
Market Rent (2),Extracted from formula,MF Market Rent,Used in Unknown_Field_FQ1015 (FQ1015)
Market Rent (3),Extracted from formula,MF Market Rent,Used in Unknown_Field_FQ1015 (FQ1015)
Market Rent (2),Extracted from formula,MF Market Rent,Used in Unknown_Field_FR1015 (FR1015)
Market Rent (3),Extracted from formula,MF Market Rent,Used in Unknown_Field_FR1015 (FR1015)
Market Rent (2),Extracted from formula,MF Market Rent,Used in Unknown_Field_FQ1016 (FQ1016)
Market Rent (3),Extracted from formula,MF Market Rent,Used in Unknown_Field_FQ1016 (FQ1016)
Market Rent (2),Extracted from formula,MF Market Rent,Used in Unknown_Field_FR1016 (FR1016)
Market Rent (3),Extracted from formula,MF Market Rent,Used in Unknown_Field_FR1016 (FR1016)
Market Rent (2),Extracted from formula,MF Market Rent,Used in Unknown_Field_FQ1017 (FQ1017)
Market Rent (3),Extracted from formula,MF Market Rent,Used in Unknown_Field_FQ1017 (FQ1017)
Market Rent (2),Extracted from formula,MF Market Rent,Used in Unknown_Field_FR1017 (FR1017)
Market Rent (3),Extracted from formula,MF Market Rent,Used in Unknown_Field_FR1017 (FR1017)
Market Rent (2),Extracted from formula,MF Market Rent,Used in Unknown_Field_FQ1018 (FQ1018)
Market Rent (3),Extracted from formula,MF Market Rent,Used in Unknown_Field_FQ1018 (FQ1018)
Market Rent (2),Extracted from formula,MF Market Rent,Used in Unknown_Field_FR1018 (FR1018)
Market Rent (3),Extracted from formula,MF Market Rent,Used in Unknown_Field_FR1018 (FR1018)
Market Rent (2),Extracted from formula,MF Market Rent,Used in Unknown_Field_FQ1019 (FQ1019)
Market Rent (3),Extracted from formula,MF Market Rent,Used in Unknown_Field_FQ1019 (FQ1019)
Market Rent (2),Extracted from formula,MF Market Rent,Used in Unknown_Field_FR1019 (FR1019)
Market Rent (3),Extracted from formula,MF Market Rent,Used in Unknown_Field_FR1019 (FR1019)
Market Rent (2),Extracted from formula,MF Market Rent,Used in Unknown_Field_FQ1020 (FQ1020)
Market Rent (3),Extracted from formula,MF Market Rent,Used in Unknown_Field_FQ1020 (FQ1020)
Market Rent (2),Extracted from formula,MF Market Rent,Used in Unknown_Field_FR1020 (FR1020)
Market Rent (3),Extracted from formula,MF Market Rent,Used in Unknown_Field_FR1020 (FR1020)
Market Rent (2),Extracted from formula,MF Market Rent,Used in Unknown_Field_FQ1021 (FQ1021)
Market Rent (3),Extracted from formula,MF Market Rent,Used in Unknown_Field_FQ1021 (FQ1021)
Market Rent (2),Extracted from formula,MF Market Rent,Used in Unknown_Field_FR1021 (FR1021)
Market Rent (3),Extracted from formula,MF Market Rent,Used in Unknown_Field_FR1021 (FR1021)
Market Rent (2),Extracted from formula,MF Market Rent,Used in Unknown_Field_FQ1022 (FQ1022)
Market Rent (3),Extracted from formula,MF Market Rent,Used in Unknown_Field_FQ1022 (FQ1022)
Market Rent (2),Extracted from formula,MF Market Rent,Used in Unknown_Field_FR1022 (FR1022)
Market Rent (3),Extracted from formula,MF Market Rent,Used in Unknown_Field_FR1022 (FR1022)
Market Rent (2),Extracted from formula,MF Market Rent,Used in Unknown_Field_FQ1023 (FQ1023)
Market Rent (3),Extracted from formula,MF Market Rent,Used in Unknown_Field_FQ1023 (FQ1023)
Market Rent (2),Extracted from formula,MF Market Rent,Used in Unknown_Field_FR1023 (FR1023)
Market Rent (3),Extracted from formula,MF Market Rent,Used in Unknown_Field_FR1023 (FR1023)
Market Rent (2),Extracted from formula,MF Market Rent,Used in Unknown_Field_FQ1024 (FQ1024)
Market Rent (3),Extracted from formula,MF Market Rent,Used in Unknown_Field_FQ1024 (FQ1024)
Market Rent (2),Extracted from formula,MF Market Rent,Used in Unknown_Field_FR1024 (FR1024)
Market Rent (3),Extracted from formula,MF Market Rent,Used in Unknown_Field_FR1024 (FR1024)
Market Rent (2),Extracted from formula,MF Market Rent,Used in Unknown_Field_FQ1025 (FQ1025)
Market Rent (3),Extracted from formula,MF Market Rent,Used in Unknown_Field_FQ1025 (FQ1025)
Market Rent (2),Extracted from formula,MF Market Rent,Used in Unknown_Field_FR1025 (FR1025)
Market Rent (3),Extracted from formula,MF Market Rent,Used in Unknown_Field_FR1025 (FR1025)
Market Rent (2),Extracted from formula,MF Market Rent,Used in Unknown_Field_FQ1026 (FQ1026)
Market Rent (3),Extracted from formula,MF Market Rent,Used in Unknown_Field_FQ1026 (FQ1026)
Market Rent (2),Extracted from formula,MF Market Rent,Used in Unknown_Field_FR1026 (FR1026)
Market Rent (3),Extracted from formula,MF Market Rent,Used in Unknown_Field_FR1026 (FR1026)
Market Rent (2),Extracted from formula,MF Market Rent,Used in Unknown_Field_FQ1027 (FQ1027)
Market Rent (3),Extracted from formula,MF Market Rent,Used in Unknown_Field_FQ1027 (FQ1027)
Market Rent (2),Extracted from formula,MF Market Rent,Used in Unknown_Field_FR1027 (FR1027)
Market Rent (3),Extracted from formula,MF Market Rent,Used in Unknown_Field_FR1027 (FR1027)
Market Rent (2),Extracted from formula,MF Market Rent,Used in Unknown_Field_FQ1028 (FQ1028)
Market Rent (3),Extracted from formula,MF Market Rent,Used in Unknown_Field_FQ1028 (FQ1028)
Market Rent (2),Extracted from formula,MF Market Rent,Used in Unknown_Field_FR1028 (FR1028)
Market Rent (3),Extracted from formula,MF Market Rent,Used in Unknown_Field_FR1028 (FR1028)
Market Rent (2),Extracted from formula,MF Market Rent,Used in Unknown_Field_FQ1029 (FQ1029)
Market Rent (3),Extracted from formula,MF Market Rent,Used in Unknown_Field_FQ1029 (FQ1029)
Market Rent (2),Extracted from formula,MF Market Rent,Used in Unknown_Field_FR1029 (FR1029)
Market Rent (3),Extracted from formula,MF Market Rent,Used in Unknown_Field_FR1029 (FR1029)
Market Rent (2),Extracted from formula,MF Market Rent,Used in Unknown_Field_FQ1030 (FQ1030)
Market Rent (3),Extracted from formula,MF Market Rent,Used in Unknown_Field_FQ1030 (FQ1030)
Market Rent (2),Extracted from formula,MF Market Rent,Used in Unknown_Field_FR1030 (FR1030)
Market Rent (3),Extracted from formula,MF Market Rent,Used in Unknown_Field_FR1030 (FR1030)
Market Rent (2),Extracted from formula,MF Market Rent,Used in Unknown_Field_FQ1031 (FQ1031)
Market Rent (3),Extracted from formula,MF Market Rent,Used in Unknown_Field_FQ1031 (FQ1031)
Market Rent (2),Extracted from formula,MF Market Rent,Used in Unknown_Field_FR1031 (FR1031)
Market Rent (3),Extracted from formula,MF Market Rent,Used in Unknown_Field_FR1031 (FR1031)
Market Rent (2),Extracted from formula,MF Market Rent,Used in Unknown_Field_FQ1032 (FQ1032)
Market Rent (3),Extracted from formula,MF Market Rent,Used in Unknown_Field_FQ1032 (FQ1032)
Market Rent (2),Extracted from formula,MF Market Rent,Used in Unknown_Field_FR1032 (FR1032)
Market Rent (3),Extracted from formula,MF Market Rent,Used in Unknown_Field_FR1032 (FR1032)
Market Rent (2),Extracted from formula,MF Market Rent,Used in Unknown_Field_FQ1033 (FQ1033)
Market Rent (3),Extracted from formula,MF Market Rent,Used in Unknown_Field_FQ1033 (FQ1033)
Market Rent (2),Extracted from formula,MF Market Rent,Used in Unknown_Field_FR1033 (FR1033)
Market Rent (3),Extracted from formula,MF Market Rent,Used in Unknown_Field_FR1033 (FR1033)
Market Rent (2),Extracted from formula,MF Market Rent,Used in Unknown_Field_FQ1034 (FQ1034)
Market Rent (3),Extracted from formula,MF Market Rent,Used in Unknown_Field_FQ1034 (FQ1034)
Market Rent (2),Extracted from formula,MF Market Rent,Used in Unknown_Field_FR1034 (FR1034)
Market Rent (3),Extracted from formula,MF Market Rent,Used in Unknown_Field_FR1034 (FR1034)
Market Rent (2),Extracted from formula,MF Market Rent,Used in Unknown_Field_FQ1035 (FQ1035)
Market Rent (3),Extracted from formula,MF Market Rent,Used in Unknown_Field_FQ1035 (FQ1035)
Market Rent (2),Extracted from formula,MF Market Rent,Used in Unknown_Field_FR1035 (FR1035)
Market Rent (3),Extracted from formula,MF Market Rent,Used in Unknown_Field_FR1035 (FR1035)
Market Rent (2),Extracted from formula,MF Market Rent,Used in Unknown_Field_FQ1036 (FQ1036)
Market Rent (3),Extracted from formula,MF Market Rent,Used in Unknown_Field_FQ1036 (FQ1036)
Market Rent (2),Extracted from formula,MF Market Rent,Used in Unknown_Field_FR1036 (FR1036)
Market Rent (3),Extracted from formula,MF Market Rent,Used in Unknown_Field_FR1036 (FR1036)
Market Rent (2),Extracted from formula,MF Market Rent,Used in Unknown_Field_FQ1037 (FQ1037)
Market Rent (3),Extracted from formula,MF Market Rent,Used in Unknown_Field_FQ1037 (FQ1037)
Market Rent (2),Extracted from formula,MF Market Rent,Used in Unknown_Field_FR1037 (FR1037)
Market Rent (3),Extracted from formula,MF Market Rent,Used in Unknown_Field_FR1037 (FR1037)
Market Rent (2),Extracted from formula,MF Market Rent,Used in Unknown_Field_FQ1038 (FQ1038)
Market Rent (3),Extracted from formula,MF Market Rent,Used in Unknown_Field_FQ1038 (FQ1038)
Market Rent (2),Extracted from formula,MF Market Rent,Used in Unknown_Field_FR1038 (FR1038)
Market Rent (3),Extracted from formula,MF Market Rent,Used in Unknown_Field_FR1038 (FR1038)
Market Rent (2),Extracted from formula,MF Market Rent,Used in Unknown_Field_FQ1039 (FQ1039)
Market Rent (3),Extracted from formula,MF Market Rent,Used in Unknown_Field_FQ1039 (FQ1039)
Market Rent (2),Extracted from formula,MF Market Rent,Used in Unknown_Field_FR1039 (FR1039)
Market Rent (3),Extracted from formula,MF Market Rent,Used in Unknown_Field_FR1039 (FR1039)
Market Rent (2),Extracted from formula,MF Market Rent,Used in Unknown_Field_FQ1040 (FQ1040)
Market Rent (3),Extracted from formula,MF Market Rent,Used in Unknown_Field_FQ1040 (FQ1040)
Market Rent (2),Extracted from formula,MF Market Rent,Used in Unknown_Field_FR1040 (FR1040)
Market Rent (3),Extracted from formula,MF Market Rent,Used in Unknown_Field_FR1040 (FR1040)
Market Rent (2),Extracted from formula,MF Market Rent,Used in Unknown_Field_FQ1041 (FQ1041)
Market Rent (3),Extracted from formula,MF Market Rent,Used in Unknown_Field_FQ1041 (FQ1041)
Market Rent (2),Extracted from formula,MF Market Rent,Used in Unknown_Field_FR1041 (FR1041)
Market Rent (3),Extracted from formula,MF Market Rent,Used in Unknown_Field_FR1041 (FR1041)
Market Rent (2),Extracted from formula,MF Market Rent,Used in Unknown_Field_FQ1042 (FQ1042)
Market Rent (3),Extracted from formula,MF Market Rent,Used in Unknown_Field_FQ1042 (FQ1042)
Market Rent (2),Extracted from formula,MF Market Rent,Used in Unknown_Field_FR1042 (FR1042)
Market Rent (3),Extracted from formula,MF Market Rent,Used in Unknown_Field_FR1042 (FR1042)
Market Rent (2),Extracted from formula,MF Market Rent,Used in Unknown_Field_FQ1043 (FQ1043)
Market Rent (3),Extracted from formula,MF Market Rent,Used in Unknown_Field_FQ1043 (FQ1043)
Market Rent (2),Extracted from formula,MF Market Rent,Used in Unknown_Field_FR1043 (FR1043)
Market Rent (3),Extracted from formula,MF Market Rent,Used in Unknown_Field_FR1043 (FR1043)
Market Rent (2),Extracted from formula,MF Market Rent,Used in Unknown_Field_FQ1044 (FQ1044)
Market Rent (3),Extracted from formula,MF Market Rent,Used in Unknown_Field_FQ1044 (FQ1044)
Market Rent (2),Extracted from formula,MF Market Rent,Used in Unknown_Field_FR1044 (FR1044)
Market Rent (3),Extracted from formula,MF Market Rent,Used in Unknown_Field_FR1044 (FR1044)
Market Rent (2),Extracted from formula,MF Market Rent,Used in Unknown_Field_FQ1045 (FQ1045)
Market Rent (3),Extracted from formula,MF Market Rent,Used in Unknown_Field_FQ1045 (FQ1045)
Market Rent (2),Extracted from formula,MF Market Rent,Used in Unknown_Field_FR1045 (FR1045)
Market Rent (3),Extracted from formula,MF Market Rent,Used in Unknown_Field_FR1045 (FR1045)
Market Rent (2),Extracted from formula,MF Market Rent,Used in Unknown_Field_FQ1046 (FQ1046)
Market Rent (3),Extracted from formula,MF Market Rent,Used in Unknown_Field_FQ1046 (FQ1046)
Market Rent (2),Extracted from formula,MF Market Rent,Used in Unknown_Field_FR1046 (FR1046)
Market Rent (3),Extracted from formula,MF Market Rent,Used in Unknown_Field_FR1046 (FR1046)
Market Rent (2),Extracted from formula,MF Market Rent,Used in Unknown_Field_FQ1047 (FQ1047)
Market Rent (3),Extracted from formula,MF Market Rent,Used in Unknown_Field_FQ1047 (FQ1047)
Market Rent (2),Extracted from formula,MF Market Rent,Used in Unknown_Field_FR1047 (FR1047)
Market Rent (3),Extracted from formula,MF Market Rent,Used in Unknown_Field_FR1047 (FR1047)
Market Rent (2),Extracted from formula,MF Market Rent,Used in Unknown_Field_FQ1048 (FQ1048)
Market Rent (3),Extracted from formula,MF Market Rent,Used in Unknown_Field_FQ1048 (FQ1048)
Market Rent (2),Extracted from formula,MF Market Rent,Used in Unknown_Field_FR1048 (FR1048)
Market Rent (3),Extracted from formula,MF Market Rent,Used in Unknown_Field_FR1048 (FR1048)
Market Rent (2),Extracted from formula,MF Market Rent,Used in Unknown_Field_FQ1049 (FQ1049)
Market Rent (3),Extracted from formula,MF Market Rent,Used in Unknown_Field_FQ1049 (FQ1049)
Market Rent (2),Extracted from formula,MF Market Rent,Used in Unknown_Field_FR1049 (FR1049)
Market Rent (3),Extracted from formula,MF Market Rent,Used in Unknown_Field_FR1049 (FR1049)
Market Rent (2),Extracted from formula,MF Market Rent,Used in Unknown_Field_FQ1050 (FQ1050)
Market Rent (3),Extracted from formula,MF Market Rent,Used in Unknown_Field_FQ1050 (FQ1050)
Market Rent (2),Extracted from formula,MF Market Rent,Used in Unknown_Field_FR1050 (FR1050)
Market Rent (3),Extracted from formula,MF Market Rent,Used in Unknown_Field_FR1050 (FR1050)
Market Rent (2),Extracted from formula,MF Market Rent,Used in Unknown_Field_FQ1051 (FQ1051)
Market Rent (3),Extracted from formula,MF Market Rent,Used in Unknown_Field_FQ1051 (FQ1051)
Market Rent (2),Extracted from formula,MF Market Rent,Used in Unknown_Field_FR1051 (FR1051)
Market Rent (3),Extracted from formula,MF Market Rent,Used in Unknown_Field_FR1051 (FR1051)
Market Rent (2),Extracted from formula,MF Market Rent,Used in Unknown_Field_FQ1052 (FQ1052)
Market Rent (3),Extracted from formula,MF Market Rent,Used in Unknown_Field_FQ1052 (FQ1052)
Market Rent (2),Extracted from formula,MF Market Rent,Used in Unknown_Field_FR1052 (FR1052)
Market Rent (3),Extracted from formula,MF Market Rent,Used in Unknown_Field_FR1052 (FR1052)
Market Rent (2),Extracted from formula,MF Market Rent,Used in Unknown_Field_FQ1053 (FQ1053)
Market Rent (3),Extracted from formula,MF Market Rent,Used in Unknown_Field_FQ1053 (FQ1053)
Market Rent (2),Extracted from formula,MF Market Rent,Used in Unknown_Field_FR1053 (FR1053)
Market Rent (3),Extracted from formula,MF Market Rent,Used in Unknown_Field_FR1053 (FR1053)
Market Rent (2),Extracted from formula,MF Market Rent,Used in Unknown_Field_FQ1054 (FQ1054)
Market Rent (3),Extracted from formula,MF Market Rent,Used in Unknown_Field_FQ1054 (FQ1054)
Market Rent (2),Extracted from formula,MF Market Rent,Used in Unknown_Field_FR1054 (FR1054)
Market Rent (3),Extracted from formula,MF Market Rent,Used in Unknown_Field_FR1054 (FR1054)
Market Rent (2),Extracted from formula,MF Market Rent,Used in Unknown_Field_FQ1055 (FQ1055)
Market Rent (3),Extracted from formula,MF Market Rent,Used in Unknown_Field_FQ1055 (FQ1055)
Market Rent (2),Extracted from formula,MF Market Rent,Used in Unknown_Field_FR1055 (FR1055)
Market Rent (3),Extracted from formula,MF Market Rent,Used in Unknown_Field_FR1055 (FR1055)
Market Rent (2),Extracted from formula,MF Market Rent,Used in Unknown_Field_FQ1056 (FQ1056)
Market Rent (3),Extracted from formula,MF Market Rent,Used in Unknown_Field_FQ1056 (FQ1056)
Market Rent (2),Extracted from formula,MF Market Rent,Used in Unknown_Field_FR1056 (FR1056)
Market Rent (3),Extracted from formula,MF Market Rent,Used in Unknown_Field_FR1056 (FR1056)
Market Rent (2),Extracted from formula,MF Market Rent,Used in Unknown_Field_FQ1057 (FQ1057)
Market Rent (3),Extracted from formula,MF Market Rent,Used in Unknown_Field_FQ1057 (FQ1057)
Market Rent (2),Extracted from formula,MF Market Rent,Used in Unknown_Field_FR1057 (FR1057)
Market Rent (3),Extracted from formula,MF Market Rent,Used in Unknown_Field_FR1057 (FR1057)
Market Rent (2),Extracted from formula,MF Market Rent,Used in Unknown_Field_FQ1058 (FQ1058)
Market Rent (3),Extracted from formula,MF Market Rent,Used in Unknown_Field_FQ1058 (FQ1058)
Market Rent (2),Extracted from formula,MF Market Rent,Used in Unknown_Field_FR1058 (FR1058)
Market Rent (3),Extracted from formula,MF Market Rent,Used in Unknown_Field_FR1058 (FR1058)
Market Rent (2),Extracted from formula,MF Market Rent,Used in Unknown_Field_FQ1059 (FQ1059)
Market Rent (3),Extracted from formula,MF Market Rent,Used in Unknown_Field_FQ1059 (FQ1059)
Market Rent (2),Extracted from formula,MF Market Rent,Used in Unknown_Field_FR1059 (FR1059)
Market Rent (3),Extracted from formula,MF Market Rent,Used in Unknown_Field_FR1059 (FR1059)
Market Rent (2),Extracted from formula,MF Market Rent,Used in Unknown_Field_FQ1060 (FQ1060)
Market Rent (3),Extracted from formula,MF Market Rent,Used in Unknown_Field_FQ1060 (FQ1060)
Market Rent (2),Extracted from formula,MF Market Rent,Used in Unknown_Field_FR1060 (FR1060)
Market Rent (3),Extracted from formula,MF Market Rent,Used in Unknown_Field_FR1060 (FR1060)
Market Rent (2),Extracted from formula,MF Market Rent,Used in Unknown_Field_FQ1061 (FQ1061)
Market Rent (3),Extracted from formula,MF Market Rent,Used in Unknown_Field_FQ1061 (FQ1061)
Market Rent (2),Extracted from formula,MF Market Rent,Used in Unknown_Field_FR1061 (FR1061)
Market Rent (3),Extracted from formula,MF Market Rent,Used in Unknown_Field_FR1061 (FR1061)
Market Rent (2),Extracted from formula,MF Market Rent,Used in Unknown_Field_FQ1062 (FQ1062)
Market Rent (3),Extracted from formula,MF Market Rent,Used in Unknown_Field_FQ1062 (FQ1062)
Market Rent (2),Extracted from formula,MF Market Rent,Used in Unknown_Field_FR1062 (FR1062)
Market Rent (3),Extracted from formula,MF Market Rent,Used in Unknown_Field_FR1062 (FR1062)
Market Rent (2),Extracted from formula,MF Market Rent,Used in Unknown_Field_FQ1063 (FQ1063)
Market Rent (3),Extracted from formula,MF Market Rent,Used in Unknown_Field_FQ1063 (FQ1063)
Market Rent (2),Extracted from formula,MF Market Rent,Used in Unknown_Field_FR1063 (FR1063)
Market Rent (3),Extracted from formula,MF Market Rent,Used in Unknown_Field_FR1063 (FR1063)
Market Rent (2),Extracted from formula,MF Market Rent,Used in Unknown_Field_FQ1064 (FQ1064)
Market Rent (3),Extracted from formula,MF Market Rent,Used in Unknown_Field_FQ1064 (FQ1064)
Market Rent (2),Extracted from formula,MF Market Rent,Used in Unknown_Field_FR1064 (FR1064)
Market Rent (3),Extracted from formula,MF Market Rent,Used in Unknown_Field_FR1064 (FR1064)
Market Rent (2),Extracted from formula,MF Market Rent,Used in Unknown_Field_FQ1065 (FQ1065)
Market Rent (3),Extracted from formula,MF Market Rent,Used in Unknown_Field_FQ1065 (FQ1065)
Market Rent (2),Extracted from formula,MF Market Rent,Used in Unknown_Field_FR1065 (FR1065)
Market Rent (3),Extracted from formula,MF Market Rent,Used in Unknown_Field_FR1065 (FR1065)
Market Rent (2),Extracted from formula,MF Market Rent,Used in Unknown_Field_FQ1066 (FQ1066)
Market Rent (3),Extracted from formula,MF Market Rent,Used in Unknown_Field_FQ1066 (FQ1066)
Market Rent (2),Extracted from formula,MF Market Rent,Used in Unknown_Field_FR1066 (FR1066)
Market Rent (3),Extracted from formula,MF Market Rent,Used in Unknown_Field_FR1066 (FR1066)
Market Rent (2),Extracted from formula,MF Market Rent,Used in Unknown_Field_FQ1067 (FQ1067)
Market Rent (3),Extracted from formula,MF Market Rent,Used in Unknown_Field_FQ1067 (FQ1067)
Market Rent (2),Extracted from formula,MF Market Rent,Used in Unknown_Field_FR1067 (FR1067)
Market Rent (3),Extracted from formula,MF Market Rent,Used in Unknown_Field_FR1067 (FR1067)
Market Rent (2),Extracted from formula,MF Market Rent,Used in Unknown_Field_FQ1068 (FQ1068)
Market Rent (3),Extracted from formula,MF Market Rent,Used in Unknown_Field_FQ1068 (FQ1068)
Market Rent (2),Extracted from formula,MF Market Rent,Used in Unknown_Field_FR1068 (FR1068)
Market Rent (3),Extracted from formula,MF Market Rent,Used in Unknown_Field_FR1068 (FR1068)
Market Rent (2),Extracted from formula,MF Market Rent,Used in Unknown_Field_FQ1069 (FQ1069)
Market Rent (3),Extracted from formula,MF Market Rent,Used in Unknown_Field_FQ1069 (FQ1069)
Market Rent (2),Extracted from formula,MF Market Rent,Used in Unknown_Field_FR1069 (FR1069)
Market Rent (3),Extracted from formula,MF Market Rent,Used in Unknown_Field_FR1069 (FR1069)
Market Rent (2),Extracted from formula,MF Market Rent,Used in Unknown_Field_FQ1070 (FQ1070)
Market Rent (3),Extracted from formula,MF Market Rent,Used in Unknown_Field_FQ1070 (FQ1070)
Market Rent (2),Extracted from formula,MF Market Rent,Used in Unknown_Field_FR1070 (FR1070)
Market Rent (3),Extracted from formula,MF Market Rent,Used in Unknown_Field_FR1070 (FR1070)
Market Rent (2),Extracted from formula,MF Market Rent,Used in Unknown_Field_FQ1071 (FQ1071)
Market Rent (3),Extracted from formula,MF Market Rent,Used in Unknown_Field_FQ1071 (FQ1071)
Market Rent (2),Extracted from formula,MF Market Rent,Used in Unknown_Field_FR1071 (FR1071)
Market Rent (3),Extracted from formula,MF Market Rent,Used in Unknown_Field_FR1071 (FR1071)
Market Rent (2),Extracted from formula,MF Market Rent,Used in Unknown_Field_FQ1072 (FQ1072)
Market Rent (3),Extracted from formula,MF Market Rent,Used in Unknown_Field_FQ1072 (FQ1072)
Market Rent (2),Extracted from formula,MF Market Rent,Used in Unknown_Field_FR1072 (FR1072)
Market Rent (3),Extracted from formula,MF Market Rent,Used in Unknown_Field_FR1072 (FR1072)
Market Rent (2),Extracted from formula,MF Market Rent,Used in Unknown_Field_FQ1073 (FQ1073)
Market Rent (3),Extracted from formula,MF Market Rent,Used in Unknown_Field_FQ1073 (FQ1073)
Market Rent (2),Extracted from formula,MF Market Rent,Used in Unknown_Field_FR1073 (FR1073)
Market Rent (3),Extracted from formula,MF Market Rent,Used in Unknown_Field_FR1073 (FR1073)
Market Rent (2),Extracted from formula,MF Market Rent,Used in Unknown_Field_FQ1074 (FQ1074)
Market Rent (3),Extracted from formula,MF Market Rent,Used in Unknown_Field_FQ1074 (FQ1074)
Market Rent (2),Extracted from formula,MF Market Rent,Used in Unknown_Field_FR1074 (FR1074)
Market Rent (3),Extracted from formula,MF Market Rent,Used in Unknown_Field_FR1074 (FR1074)
Market Rent (2),Extracted from formula,MF Market Rent,Used in Unknown_Field_FQ1075 (FQ1075)
Market Rent (3),Extracted from formula,MF Market Rent,Used in Unknown_Field_FQ1075 (FQ1075)
Market Rent (2),Extracted from formula,MF Market Rent,Used in Unknown_Field_FR1075 (FR1075)
Market Rent (3),Extracted from formula,MF Market Rent,Used in Unknown_Field_FR1075 (FR1075)
Market Rent (2),Extracted from formula,MF Market Rent,Used in Unknown_Field_FQ1076 (FQ1076)
Market Rent (3),Extracted from formula,MF Market Rent,Used in Unknown_Field_FQ1076 (FQ1076)
Market Rent (2),Extracted from formula,MF Market Rent,Used in Unknown_Field_FR1076 (FR1076)
Market Rent (3),Extracted from formula,MF Market Rent,Used in Unknown_Field_FR1076 (FR1076)
Market Rent (2),Extracted from formula,MF Market Rent,Used in Unknown_Field_FQ1077 (FQ1077)
Market Rent (3),Extracted from formula,MF Market Rent,Used in Unknown_Field_FQ1077 (FQ1077)
Market Rent (2),Extracted from formula,MF Market Rent,Used in Unknown_Field_FR1077 (FR1077)
Market Rent (3),Extracted from formula,MF Market Rent,Used in Unknown_Field_FR1077 (FR1077)
Market Rent (2),Extracted from formula,MF Market Rent,Used in Unknown_Field_FQ1078 (FQ1078)
Market Rent (3),Extracted from formula,MF Market Rent,Used in Unknown_Field_FQ1078 (FQ1078)
Market Rent (2),Extracted from formula,MF Market Rent,Used in Unknown_Field_FR1078 (FR1078)
Market Rent (3),Extracted from formula,MF Market Rent,Used in Unknown_Field_FR1078 (FR1078)
Market Rent (2),Extracted from formula,MF Market Rent,Used in Unknown_Field_FQ1079 (FQ1079)
Market Rent (3),Extracted from formula,MF Market Rent,Used in Unknown_Field_FQ1079 (FQ1079)
Market Rent (2),Extracted from formula,MF Market Rent,Used in Unknown_Field_FR1079 (FR1079)
Market Rent (3),Extracted from formula,MF Market Rent,Used in Unknown_Field_FR1079 (FR1079)
Market Rent (2),Extracted from formula,MF Market Rent,Used in Unknown_Field_FQ1080 (FQ1080)
Market Rent (3),Extracted from formula,MF Market Rent,Used in Unknown_Field_FQ1080 (FQ1080)
Market Rent (2),Extracted from formula,MF Market Rent,Used in Unknown_Field_FR1080 (FR1080)
Market Rent (3),Extracted from formula,MF Market Rent,Used in Unknown_Field_FR1080 (FR1080)
Market Rent (2),Extracted from formula,MF Market Rent,Used in Unknown_Field_FQ1081 (FQ1081)
Market Rent (3),Extracted from formula,MF Market Rent,Used in Unknown_Field_FQ1081 (FQ1081)
Market Rent (2),Extracted from formula,MF Market Rent,Used in Unknown_Field_FR1081 (FR1081)
Market Rent (3),Extracted from formula,MF Market Rent,Used in Unknown_Field_FR1081 (FR1081)
Market Rent (2),Extracted from formula,MF Market Rent,Used in Unknown_Field_FQ1082 (FQ1082)
Market Rent (3),Extracted from formula,MF Market Rent,Used in Unknown_Field_FQ1082 (FQ1082)
Market Rent (2),Extracted from formula,MF Market Rent,Used in Unknown_Field_FR1082 (FR1082)
Market Rent (3),Extracted from formula,MF Market Rent,Used in Unknown_Field_FR1082 (FR1082)
Market Rent (2),Extracted from formula,MF Market Rent,Used in Unknown_Field_FQ1083 (FQ1083)
Market Rent (3),Extracted from formula,MF Market Rent,Used in Unknown_Field_FQ1083 (FQ1083)
Market Rent (2),Extracted from formula,MF Market Rent,Used in Unknown_Field_FR1083 (FR1083)
Market Rent (3),Extracted from formula,MF Market Rent,Used in Unknown_Field_FR1083 (FR1083)
Market Rent (2),Extracted from formula,MF Market Rent,Used in Unknown_Field_FQ1084 (FQ1084)
Market Rent (3),Extracted from formula,MF Market Rent,Used in Unknown_Field_FQ1084 (FQ1084)
Market Rent (2),Extracted from formula,MF Market Rent,Used in Unknown_Field_FR1084 (FR1084)
Market Rent (3),Extracted from formula,MF Market Rent,Used in Unknown_Field_FR1084 (FR1084)
Market Rent (2),Extracted from formula,MF Market Rent,Used in Unknown_Field_FQ1085 (FQ1085)
Market Rent (3),Extracted from formula,MF Market Rent,Used in Unknown_Field_FQ1085 (FQ1085)
Market Rent (2),Extracted from formula,MF Market Rent,Used in Unknown_Field_FR1085 (FR1085)
Market Rent (3),Extracted from formula,MF Market Rent,Used in Unknown_Field_FR1085 (FR1085)
Market Rent (2),Extracted from formula,MF Market Rent,Used in Unknown_Field_FQ1086 (FQ1086)
Market Rent (3),Extracted from formula,MF Market Rent,Used in Unknown_Field_FQ1086 (FQ1086)
Market Rent (2),Extracted from formula,MF Market Rent,Used in Unknown_Field_FR1086 (FR1086)
Market Rent (3),Extracted from formula,MF Market Rent,Used in Unknown_Field_FR1086 (FR1086)
Market Rent (2),Extracted from formula,MF Market Rent,Used in Unknown_Field_FQ1087 (FQ1087)
Market Rent (3),Extracted from formula,MF Market Rent,Used in Unknown_Field_FQ1087 (FQ1087)
Market Rent (2),Extracted from formula,MF Market Rent,Used in Unknown_Field_FR1087 (FR1087)
Market Rent (3),Extracted from formula,MF Market Rent,Used in Unknown_Field_FR1087 (FR1087)
Market Rent (2),Extracted from formula,MF Market Rent,Used in Unknown_Field_FQ1088 (FQ1088)
Market Rent (3),Extracted from formula,MF Market Rent,Used in Unknown_Field_FQ1088 (FQ1088)
Market Rent (2),Extracted from formula,MF Market Rent,Used in Unknown_Field_FR1088 (FR1088)
Market Rent (3),Extracted from formula,MF Market Rent,Used in Unknown_Field_FR1088 (FR1088)
Market Rent (2),Extracted from formula,MF Market Rent,Used in Unknown_Field_FQ1089 (FQ1089)
Market Rent (3),Extracted from formula,MF Market Rent,Used in Unknown_Field_FQ1089 (FQ1089)
Market Rent (2),Extracted from formula,MF Market Rent,Used in Unknown_Field_FR1089 (FR1089)
Market Rent (3),Extracted from formula,MF Market Rent,Used in Unknown_Field_FR1089 (FR1089)
Market Rent (2),Extracted from formula,MF Market Rent,Used in Unknown_Field_FQ1090 (FQ1090)
Market Rent (3),Extracted from formula,MF Market Rent,Used in Unknown_Field_FQ1090 (FQ1090)
Market Rent (2),Extracted from formula,MF Market Rent,Used in Unknown_Field_FR1090 (FR1090)
Market Rent (3),Extracted from formula,MF Market Rent,Used in Unknown_Field_FR1090 (FR1090)
Market Rent (2),Extracted from formula,MF Market Rent,Used in Unknown_Field_FQ1091 (FQ1091)
Market Rent (3),Extracted from formula,MF Market Rent,Used in Unknown_Field_FQ1091 (FQ1091)
Market Rent (2),Extracted from formula,MF Market Rent,Used in Unknown_Field_FR1091 (FR1091)
Market Rent (3),Extracted from formula,MF Market Rent,Used in Unknown_Field_FR1091 (FR1091)
Market Rent (2),Extracted from formula,MF Market Rent,Used in Unknown_Field_FQ1092 (FQ1092)
Market Rent (3),Extracted from formula,MF Market Rent,Used in Unknown_Field_FQ1092 (FQ1092)
Market Rent (2),Extracted from formula,MF Market Rent,Used in Unknown_Field_FR1092 (FR1092)
Market Rent (3),Extracted from formula,MF Market Rent,Used in Unknown_Field_FR1092 (FR1092)
Market Rent (2),Extracted from formula,MF Market Rent,Used in Unknown_Field_FQ1093 (FQ1093)
Market Rent (3),Extracted from formula,MF Market Rent,Used in Unknown_Field_FQ1093 (FQ1093)
Market Rent (2),Extracted from formula,MF Market Rent,Used in Unknown_Field_FR1093 (FR1093)
Market Rent (3),Extracted from formula,MF Market Rent,Used in Unknown_Field_FR1093 (FR1093)
Market Rent (2),Extracted from formula,MF Market Rent,Used in Unknown_Field_FQ1094 (FQ1094)
Market Rent (3),Extracted from formula,MF Market Rent,Used in Unknown_Field_FQ1094 (FQ1094)
Market Rent (2),Extracted from formula,MF Market Rent,Used in Unknown_Field_FR1094 (FR1094)
Market Rent (3),Extracted from formula,MF Market Rent,Used in Unknown_Field_FR1094 (FR1094)
Market Rent (2),Extracted from formula,MF Market Rent,Used in Unknown_Field_FQ1095 (FQ1095)
Market Rent (3),Extracted from formula,MF Market Rent,Used in Unknown_Field_FQ1095 (FQ1095)
Market Rent (2),Extracted from formula,MF Market Rent,Used in Unknown_Field_FR1095 (FR1095)
Market Rent (3),Extracted from formula,MF Market Rent,Used in Unknown_Field_FR1095 (FR1095)
Market Rent (2),Extracted from formula,MF Market Rent,Used in Unknown_Field_FQ1096 (FQ1096)
Market Rent (3),Extracted from formula,MF Market Rent,Used in Unknown_Field_FQ1096 (FQ1096)
Market Rent (2),Extracted from formula,MF Market Rent,Used in Unknown_Field_FR1096 (FR1096)
Market Rent (3),Extracted from formula,MF Market Rent,Used in Unknown_Field_FR1096 (FR1096)
Market Rent (2),Extracted from formula,MF Market Rent,Used in Unknown_Field_FQ1097 (FQ1097)
Market Rent (3),Extracted from formula,MF Market Rent,Used in Unknown_Field_FQ1097 (FQ1097)
Market Rent (2),Extracted from formula,MF Market Rent,Used in Unknown_Field_FR1097 (FR1097)
Market Rent (3),Extracted from formula,MF Market Rent,Used in Unknown_Field_FR1097 (FR1097)
Market Rent (2),Extracted from formula,MF Market Rent,Used in Unknown_Field_FQ1098 (FQ1098)
Market Rent (3),Extracted from formula,MF Market Rent,Used in Unknown_Field_FQ1098 (FQ1098)
Market Rent (2),Extracted from formula,MF Market Rent,Used in Unknown_Field_FR1098 (FR1098)
Market Rent (3),Extracted from formula,MF Market Rent,Used in Unknown_Field_FR1098 (FR1098)
Market Rent (2),Extracted from formula,MF Market Rent,Used in Unknown_Field_FQ1099 (FQ1099)
Market Rent (3),Extracted from formula,MF Market Rent,Used in Unknown_Field_FQ1099 (FQ1099)
Market Rent (2),Extracted from formula,MF Market Rent,Used in Unknown_Field_FR1099 (FR1099)
Market Rent (3),Extracted from formula,MF Market Rent,Used in Unknown_Field_FR1099 (FR1099)
Market Rent (2),Extracted from formula,MF Market Rent,Used in Unknown_Field_FQ1100 (FQ1100)
Market Rent (3),Extracted from formula,MF Market Rent,Used in Unknown_Field_FQ1100 (FQ1100)
Market Rent (2),Extracted from formula,MF Market Rent,Used in Unknown_Field_FR1100 (FR1100)
Market Rent (3),Extracted from formula,MF Market Rent,Used in Unknown_Field_FR1100 (FR1100)
Market Rent (2),Extracted from formula,MF Market Rent,Used in Unknown_Field_FQ1101 (FQ1101)
Market Rent (3),Extracted from formula,MF Market Rent,Used in Unknown_Field_FQ1101 (FQ1101)
Market Rent (2),Extracted from formula,MF Market Rent,Used in Unknown_Field_FR1101 (FR1101)
Market Rent (3),Extracted from formula,MF Market Rent,Used in Unknown_Field_FR1101 (FR1101)
Market Rent (2),Extracted from formula,MF Market Rent,Used in Unknown_Field_FQ1102 (FQ1102)
Market Rent (3),Extracted from formula,MF Market Rent,Used in Unknown_Field_FQ1102 (FQ1102)
Market Rent (2),Extracted from formula,MF Market Rent,Used in Unknown_Field_FR1102 (FR1102)
Market Rent (3),Extracted from formula,MF Market Rent,Used in Unknown_Field_FR1102 (FR1102)
Market Rent (2),Extracted from formula,MF Market Rent,Used in Unknown_Field_FQ1103 (FQ1103)
Market Rent (3),Extracted from formula,MF Market Rent,Used in Unknown_Field_FQ1103 (FQ1103)
Market Rent (2),Extracted from formula,MF Market Rent,Used in Unknown_Field_FR1103 (FR1103)
Market Rent (3),Extracted from formula,MF Market Rent,Used in Unknown_Field_FR1103 (FR1103)
Market Rent (2),Extracted from formula,MF Market Rent,Used in Unknown_Field_FQ1104 (FQ1104)
Market Rent (3),Extracted from formula,MF Market Rent,Used in Unknown_Field_FQ1104 (FQ1104)
Market Rent (2),Extracted from formula,MF Market Rent,Used in Unknown_Field_FR1104 (FR1104)
Market Rent (3),Extracted from formula,MF Market Rent,Used in Unknown_Field_FR1104 (FR1104)
Market Rent (2),Extracted from formula,MF Market Rent,Used in Unknown_Field_FQ1105 (FQ1105)
Market Rent (3),Extracted from formula,MF Market Rent,Used in Unknown_Field_FQ1105 (FQ1105)
Market Rent (2),Extracted from formula,MF Market Rent,Used in Unknown_Field_FR1105 (FR1105)
Market Rent (3),Extracted from formula,MF Market Rent,Used in Unknown_Field_FR1105 (FR1105)
Market Rent (2),Extracted from formula,MF Market Rent,Used in Unknown_Field_FQ1106 (FQ1106)
Market Rent (3),Extracted from formula,MF Market Rent,Used in Unknown_Field_FQ1106 (FQ1106)
Market Rent (2),Extracted from formula,MF Market Rent,Used in Unknown_Field_FR1106 (FR1106)
Market Rent (3),Extracted from formula,MF Market Rent,Used in Unknown_Field_FR1106 (FR1106)
Market Rent (2),Extracted from formula,MF Market Rent,Used in Unknown_Field_FQ1107 (FQ1107)
Market Rent (3),Extracted from formula,MF Market Rent,Used in Unknown_Field_FQ1107 (FQ1107)
Market Rent (2),Extracted from formula,MF Market Rent,Used in Unknown_Field_FR1107 (FR1107)
Market Rent (3),Extracted from formula,MF Market Rent,Used in Unknown_Field_FR1107 (FR1107)
Market Rent (2),Extracted from formula,MF Market Rent,Used in Unknown_Field_FQ1108 (FQ1108)
Market Rent (3),Extracted from formula,MF Market Rent,Used in Unknown_Field_FQ1108 (FQ1108)
Market Rent (2),Extracted from formula,MF Market Rent,Used in Unknown_Field_FR1108 (FR1108)
Market Rent (3),Extracted from formula,MF Market Rent,Used in Unknown_Field_FR1108 (FR1108)
Market Rent (2),Extracted from formula,MF Market Rent,Used in Unknown_Field_FQ1109 (FQ1109)
Market Rent (3),Extracted from formula,MF Market Rent,Used in Unknown_Field_FQ1109 (FQ1109)
Market Rent (2),Extracted from formula,MF Market Rent,Used in Unknown_Field_FR1109 (FR1109)
Market Rent (3),Extracted from formula,MF Market Rent,Used in Unknown_Field_FR1109 (FR1109)
Market Rent (2),Extracted from formula,MF Market Rent,Used in Unknown_Field_FQ1110 (FQ1110)
Market Rent (3),Extracted from formula,MF Market Rent,Used in Unknown_Field_FQ1110 (FQ1110)
Market Rent (2),Extracted from formula,MF Market Rent,Used in Unknown_Field_FR1110 (FR1110)
Market Rent (3),Extracted from formula,MF Market Rent,Used in Unknown_Field_FR1110 (FR1110)
Market Rent (2),Extracted from formula,MF Market Rent,Used in Unknown_Field_FQ1111 (FQ1111)
Market Rent (3),Extracted from formula,MF Market Rent,Used in Unknown_Field_FQ1111 (FQ1111)
Market Rent (2),Extracted from formula,MF Market Rent,Used in Unknown_Field_FR1111 (FR1111)
Market Rent (3),Extracted from formula,MF Market Rent,Used in Unknown_Field_FR1111 (FR1111)
Market Rent (2),Extracted from formula,MF Market Rent,Used in Unknown_Field_FQ1112 (FQ1112)
Market Rent (3),Extracted from formula,MF Market Rent,Used in Unknown_Field_FQ1112 (FQ1112)
Market Rent (2),Extracted from formula,MF Market Rent,Used in Unknown_Field_FR1112 (FR1112)
Market Rent (3),Extracted from formula,MF Market Rent,Used in Unknown_Field_FR1112 (FR1112)
Market Rent (2),Extracted from formula,MF Market Rent,Used in Unknown_Field_FQ1113 (FQ1113)
Market Rent (3),Extracted from formula,MF Market Rent,Used in Unknown_Field_FQ1113 (FQ1113)
Market Rent (2),Extracted from formula,MF Market Rent,Used in Unknown_Field_FR1113 (FR1113)
Market Rent (3),Extracted from formula,MF Market Rent,Used in Unknown_Field_FR1113 (FR1113)
Market Rent (2),Extracted from formula,MF Market Rent,Used in Unknown_Field_FQ1114 (FQ1114)
Market Rent (3),Extracted from formula,MF Market Rent,Used in Unknown_Field_FQ1114 (FQ1114)
Market Rent (2),Extracted from formula,MF Market Rent,Used in Unknown_Field_FR1114 (FR1114)
Market Rent (3),Extracted from formula,MF Market Rent,Used in Unknown_Field_FR1114 (FR1114)
Market Rent (2),Extracted from formula,MF Market Rent,Used in Unknown_Field_FQ1115 (FQ1115)
Market Rent (3),Extracted from formula,MF Market Rent,Used in Unknown_Field_FQ1115 (FQ1115)
Market Rent (2),Extracted from formula,MF Market Rent,Used in Unknown_Field_FR1115 (FR1115)
Market Rent (3),Extracted from formula,MF Market Rent,Used in Unknown_Field_FR1115 (FR1115)
Market Rent (2),Extracted from formula,MF Market Rent,Used in Unknown_Field_FQ1116 (FQ1116)
Market Rent (3),Extracted from formula,MF Market Rent,Used in Unknown_Field_FQ1116 (FQ1116)
Market Rent (2),Extracted from formula,MF Market Rent,Used in Unknown_Field_FR1116 (FR1116)
Market Rent (3),Extracted from formula,MF Market Rent,Used in Unknown_Field_FR1116 (FR1116)
Market Rent (2),Extracted from formula,MF Market Rent,Used in Unknown_Field_FQ1117 (FQ1117)
Market Rent (3),Extracted from formula,MF Market Rent,Used in Unknown_Field_FQ1117 (FQ1117)
Market Rent (2),Extracted from formula,MF Market Rent,Used in Unknown_Field_FR1117 (FR1117)
Market Rent (3),Extracted from formula,MF Market Rent,Used in Unknown_Field_FR1117 (FR1117)
Market Rent (2),Extracted from formula,MF Market Rent,Used in Unknown_Field_FQ1118 (FQ1118)
Market Rent (3),Extracted from formula,MF Market Rent,Used in Unknown_Field_FQ1118 (FQ1118)
Market Rent (2),Extracted from formula,MF Market Rent,Used in Unknown_Field_FR1118 (FR1118)
Market Rent (3),Extracted from formula,MF Market Rent,Used in Unknown_Field_FR1118 (FR1118)
Market Rent (2),Extracted from formula,MF Market Rent,Used in Unknown_Field_FQ1119 (FQ1119)
Market Rent (3),Extracted from formula,MF Market Rent,Used in Unknown_Field_FQ1119 (FQ1119)
Market Rent (2),Extracted from formula,MF Market Rent,Used in Unknown_Field_FR1119 (FR1119)
Market Rent (3),Extracted from formula,MF Market Rent,Used in Unknown_Field_FR1119 (FR1119)
Market Rent (2),Extracted from formula,MF Market Rent,Used in Unknown_Field_FQ1120 (FQ1120)
Market Rent (3),Extracted from formula,MF Market Rent,Used in Unknown_Field_FQ1120 (FQ1120)
Market Rent (2),Extracted from formula,MF Market Rent,Used in Unknown_Field_FR1120 (FR1120)
Market Rent (3),Extracted from formula,MF Market Rent,Used in Unknown_Field_FR1120 (FR1120)
Market Rent (2),Extracted from formula,MF Market Rent,Used in Unknown_Field_FQ1121 (FQ1121)
Market Rent (3),Extracted from formula,MF Market Rent,Used in Unknown_Field_FQ1121 (FQ1121)
Market Rent (2),Extracted from formula,MF Market Rent,Used in Unknown_Field_FR1121 (FR1121)
Market Rent (3),Extracted from formula,MF Market Rent,Used in Unknown_Field_FR1121 (FR1121)
Market Rent (2),Extracted from formula,MF Market Rent,Used in Unknown_Field_FQ1122 (FQ1122)
Market Rent (3),Extracted from formula,MF Market Rent,Used in Unknown_Field_FQ1122 (FQ1122)
Market Rent (2),Extracted from formula,MF Market Rent,Used in Unknown_Field_FR1122 (FR1122)
Market Rent (3),Extracted from formula,MF Market Rent,Used in Unknown_Field_FR1122 (FR1122)
Market Rent (2),Extracted from formula,MF Market Rent,Used in Unknown_Field_FQ1123 (FQ1123)
Market Rent (3),Extracted from formula,MF Market Rent,Used in Unknown_Field_FQ1123 (FQ1123)
Market Rent (2),Extracted from formula,MF Market Rent,Used in Unknown_Field_FR1123 (FR1123)
Market Rent (3),Extracted from formula,MF Market Rent,Used in Unknown_Field_FR1123 (FR1123)
Market Rent,Extracted from formula,MF Market Rent,Used in Utilities Adj. (FQ1173)
Market Rent,Extracted from formula,MF Market Rent,Used in Physical Charactertistics Adj (FR1173)
Market Rent,Extracted from formula,MF Market Rent,Used in Utilities Adj. (FQ1174)
Market Rent,Extracted from formula,MF Market Rent,Used in Physical Charactertistics Adj (FR1174)
Market Rent,Extracted from formula,MF Market Rent,Used in Utilities Adj. (FQ1175)
Market Rent,Extracted from formula,MF Market Rent,Used in Physical Charactertistics Adj (FR1175)
Market Rent,Extracted from formula,MF Market Rent,Used in Utilities Adj. (FQ1176)
Market Rent,Extracted from formula,MF Market Rent,Used in Physical Charactertistics Adj (FR1176)
Market Rent,Extracted from formula,MF Market Rent,Used in Utilities Adj. (FQ1177)
Market Rent,Extracted from formula,MF Market Rent,Used in Physical Charactertistics Adj (FR1177)
Market Rent,Extracted from formula,MF Market Rent,Used in Utilities Adj. (FQ1178)
Market Rent,Extracted from formula,MF Market Rent,Used in Physical Charactertistics Adj (FR1178)
Market Rent,Extracted from formula,MF Market Rent,Used in Utilities Adj. (FQ1179)
Market Rent,Extracted from formula,MF Market Rent,Used in Physical Charactertistics Adj (FR1179)
Market Rent,Extracted from formula,MF Market Rent,Used in Utilities Adj. (FQ1180)
Market Rent,Extracted from formula,MF Market Rent,Used in Physical Charactertistics Adj (FR1180)
Market Rent,Extracted from formula,MF Market Rent,Used in Unknown_Field_FQ1181 (FQ1181)
Market Rent,Extracted from formula,MF Market Rent,Used in Unknown_Field_FR1181 (FR1181)
Market Rent,Extracted from formula,MF Market Rent,Used in Unknown_Field_FQ1182 (FQ1182)
Market Rent,Extracted from formula,MF Market Rent,Used in Unknown_Field_FR1182 (FR1182)
Market Rent,Extracted from formula,MF Market Rent,Used in Unknown_Field_FQ1183 (FQ1183)
Market Rent,Extracted from formula,MF Market Rent,Used in Unknown_Field_FR1183 (FR1183)
Market Rent,Extracted from formula,MF Market Rent,Used in Unknown_Field_FQ1184 (FQ1184)
Market Rent,Extracted from formula,MF Market Rent,Used in Unknown_Field_FR1184 (FR1184)
Market Rent,Extracted from formula,MF Market Rent,Used in Unknown_Field_FQ1185 (FQ1185)
Market Rent,Extracted from formula,MF Market Rent,Used in Unknown_Field_FR1185 (FR1185)
Market Rent,Extracted from formula,MF Market Rent,Used in Unknown_Field_FQ1186 (FQ1186)
Market Rent,Extracted from formula,MF Market Rent,Used in Unknown_Field_FR1186 (FR1186)
Market Rent,Extracted from formula,MF Market Rent,Used in Unknown_Field_FQ1187 (FQ1187)
Market Rent,Extracted from formula,MF Market Rent,Used in Unknown_Field_FR1187 (FR1187)
Market Rent,Extracted from formula,MF Market Rent,Used in Unknown_Field_FQ1188 (FQ1188)
Market Rent,Extracted from formula,MF Market Rent,Used in Unknown_Field_FR1188 (FR1188)
Market Rent,Extracted from formula,MF Market Rent,Used in Unknown_Field_FQ1189 (FQ1189)
Market Rent,Extracted from formula,MF Market Rent,Used in Unknown_Field_FR1189 (FR1189)
Market Rent,Extracted from formula,MF Market Rent,Used in Unknown_Field_FQ1190 (FQ1190)
Market Rent,Extracted from formula,MF Market Rent,Used in Unknown_Field_FR1190 (FR1190)
Market Rent,Extracted from formula,MF Market Rent,Used in Unknown_Field_FQ1191 (FQ1191)
Market Rent,Extracted from formula,MF Market Rent,Used in Unknown_Field_FR1191 (FR1191)
Market Rent,Extracted from formula,MF Market Rent,Used in Unknown_Field_FQ1192 (FQ1192)
Market Rent,Extracted from formula,MF Market Rent,Used in Unknown_Field_FR1192 (FR1192)
Market Rent,Extracted from formula,MF Market Rent,Used in Unknown_Field_FQ1193 (FQ1193)
Market Rent,Extracted from formula,MF Market Rent,Used in Unknown_Field_FR1193 (FR1193)
Market Rent,Extracted from formula,MF Market Rent,Used in Unknown_Field_FQ1194 (FQ1194)
Market Rent,Extracted from formula,MF Market Rent,Used in Unknown_Field_FR1194 (FR1194)
Market Rent,Extracted from formula,MF Market Rent,Used in Unknown_Field_FQ1195 (FQ1195)
Market Rent,Extracted from formula,MF Market Rent,Used in Unknown_Field_FR1195 (FR1195)
Market Rent,Extracted from formula,MF Market Rent,Used in Unknown_Field_FQ1196 (FQ1196)
Market Rent,Extracted from formula,MF Market Rent,Used in Unknown_Field_FR1196 (FR1196)
Market Rent,Extracted from formula,MF Market Rent,Used in Unknown_Field_FQ1197 (FQ1197)
Market Rent,Extracted from formula,MF Market Rent,Used in Unknown_Field_FR1197 (FR1197)
Market Rent,Extracted from formula,MF Market Rent,Used in Unknown_Field_FQ1198 (FQ1198)
Market Rent,Extracted from formula,MF Market Rent,Used in Unknown_Field_FR1198 (FR1198)
Market Rent,Extracted from formula,MF Market Rent,Used in Unknown_Field_FQ1199 (FQ1199)
Market Rent,Extracted from formula,MF Market Rent,Used in Unknown_Field_FR1199 (FR1199)
Market Rent,Extracted from formula,MF Market Rent,Used in Unknown_Field_FQ1200 (FQ1200)
Market Rent,Extracted from formula,MF Market Rent,Used in Unknown_Field_FR1200 (FR1200)
Market Rent,Extracted from formula,MF Market Rent,Used in Unknown_Field_FQ1201 (FQ1201)
Market Rent,Extracted from formula,MF Market Rent,Used in Unknown_Field_FR1201 (FR1201)
Market Rent,Extracted from formula,MF Market Rent,Used in Unknown_Field_FQ1202 (FQ1202)
Market Rent,Extracted from formula,MF Market Rent,Used in Unknown_Field_FR1202 (FR1202)
Market Rent,Extracted from formula,MF Market Rent,Used in Unknown_Field_FQ1203 (FQ1203)
Market Rent,Extracted from formula,MF Market Rent,Used in Unknown_Field_FR1203 (FR1203)
Market Rent,Extracted from formula,MF Market Rent,Used in Unknown_Field_FQ1204 (FQ1204)
Market Rent,Extracted from formula,MF Market Rent,Used in Unknown_Field_FR1204 (FR1204)
Market Rent,Extracted from formula,MF Market Rent,Used in Unknown_Field_FQ1205 (FQ1205)
Market Rent,Extracted from formula,MF Market Rent,Used in Unknown_Field_FR1205 (FR1205)
Market Rent,Extracted from formula,MF Market Rent,Used in Unknown_Field_FQ1206 (FQ1206)
Market Rent,Extracted from formula,MF Market Rent,Used in Unknown_Field_FR1206 (FR1206)
Market Rent,Extracted from formula,MF Market Rent,Used in Unknown_Field_FQ1207 (FQ1207)
Market Rent,Extracted from formula,MF Market Rent,Used in Unknown_Field_FR1207 (FR1207)
Market Rent,Extracted from formula,MF Market Rent,Used in Unknown_Field_FQ1208 (FQ1208)
Market Rent,Extracted from formula,MF Market Rent,Used in Unknown_Field_FR1208 (FR1208)
Market Rent,Extracted from formula,MF Market Rent,Used in Unknown_Field_FQ1209 (FQ1209)
Market Rent,Extracted from formula,MF Market Rent,Used in Unknown_Field_FR1209 (FR1209)
Market Rent,Extracted from formula,MF Market Rent,Used in Unknown_Field_FQ1210 (FQ1210)
Market Rent,Extracted from formula,MF Market Rent,Used in Unknown_Field_FR1210 (FR1210)
Market Rent,Extracted from formula,MF Market Rent,Used in Unknown_Field_FQ1211 (FQ1211)
Market Rent,Extracted from formula,MF Market Rent,Used in Unknown_Field_FR1211 (FR1211)
Market Rent,Extracted from formula,MF Market Rent,Used in Unknown_Field_FQ1212 (FQ1212)
Market Rent,Extracted from formula,MF Market Rent,Used in Unknown_Field_FR1212 (FR1212)
Market Rent,Extracted from formula,MF Market Rent,Used in Unknown_Field_FQ1213 (FQ1213)
Market Rent,Extracted from formula,MF Market Rent,Used in Unknown_Field_FR1213 (FR1213)
Market Rent,Extracted from formula,MF Market Rent,Used in Unknown_Field_FQ1214 (FQ1214)
Market Rent,Extracted from formula,MF Market Rent,Used in Unknown_Field_FR1214 (FR1214)
Market Rent,Extracted from formula,MF Market Rent,Used in Unknown_Field_FQ1215 (FQ1215)
Market Rent,Extracted from formula,MF Market Rent,Used in Unknown_Field_FR1215 (FR1215)
Market Rent,Extracted from formula,MF Market Rent,Used in Unknown_Field_FQ1216 (FQ1216)
Market Rent,Extracted from formula,MF Market Rent,Used in Unknown_Field_FR1216 (FR1216)
Market Rent,Extracted from formula,MF Market Rent,Used in Unknown_Field_FQ1217 (FQ1217)
Market Rent,Extracted from formula,MF Market Rent,Used in Unknown_Field_FR1217 (FR1217)
Market Rent,Extracted from formula,MF Market Rent,Used in Unknown_Field_FQ1218 (FQ1218)
Market Rent,Extracted from formula,MF Market Rent,Used in Unknown_Field_FR1218 (FR1218)
Market Rent,Extracted from formula,MF Market Rent,Used in Unknown_Field_FQ1219 (FQ1219)
Market Rent,Extracted from formula,MF Market Rent,Used in Unknown_Field_FR1219 (FR1219)
Market Rent,Extracted from formula,MF Market Rent,Used in Unknown_Field_FQ1220 (FQ1220)
Market Rent,Extracted from formula,MF Market Rent,Used in Unknown_Field_FR1220 (FR1220)
Market Rent,Extracted from formula,MF Market Rent,Used in Unknown_Field_FQ1221 (FQ1221)
Market Rent,Extracted from formula,MF Market Rent,Used in Unknown_Field_FR1221 (FR1221)
Market Rent,Extracted from formula,MF Market Rent,Used in Unknown_Field_FQ1222 (FQ1222)
Market Rent,Extracted from formula,MF Market Rent,Used in Unknown_Field_FR1222 (FR1222)
Market Rent,Extracted from formula,MF Market Rent,Used in Unknown_Field_FQ1223 (FQ1223)
Market Rent,Extracted from formula,MF Market Rent,Used in Unknown_Field_FR1223 (FR1223)
Market Rent,Extracted from formula,MF Market Rent,Used in Unknown_Field_FQ1224 (FQ1224)
Market Rent,Extracted from formula,MF Market Rent,Used in Unknown_Field_FR1224 (FR1224)
Market Rent,Extracted from formula,MF Market Rent,Used in Unknown_Field_FQ1225 (FQ1225)
Market Rent,Extracted from formula,MF Market Rent,Used in Unknown_Field_FR1225 (FR1225)
Market Rent,Extracted from formula,MF Market Rent,Used in Unknown_Field_FQ1226 (FQ1226)
Market Rent,Extracted from formula,MF Market Rent,Used in Unknown_Field_FR1226 (FR1226)
Market Rent,Extracted from formula,MF Market Rent,Used in Unknown_Field_FQ1227 (FQ1227)
Market Rent,Extracted from formula,MF Market Rent,Used in Unknown_Field_FR1227 (FR1227)
Market Rent,Extracted from formula,MF Market Rent,Used in Unknown_Field_FQ1228 (FQ1228)
Market Rent,Extracted from formula,MF Market Rent,Used in Unknown_Field_FR1228 (FR1228)
Market Rent,Extracted from formula,MF Market Rent,Used in Unknown_Field_FQ1229 (FQ1229)
Market Rent,Extracted from formula,MF Market Rent,Used in Unknown_Field_FR1229 (FR1229)
Market Rent,Extracted from formula,MF Market Rent,Used in Unknown_Field_FQ1230 (FQ1230)
Market Rent,Extracted from formula,MF Market Rent,Used in Unknown_Field_FR1230 (FR1230)
Market Rent,Extracted from formula,MF Market Rent,Used in Unknown_Field_FQ1231 (FQ1231)
Market Rent,Extracted from formula,MF Market Rent,Used in Unknown_Field_FR1231 (FR1231)
Market Rent,Extracted from formula,MF Market Rent,Used in Unknown_Field_FQ1232 (FQ1232)
Market Rent,Extracted from formula,MF Market Rent,Used in Unknown_Field_FR1232 (FR1232)
Market Rent,Extracted from formula,MF Market Rent,Used in Unknown_Field_FQ1233 (FQ1233)
Market Rent,Extracted from formula,MF Market Rent,Used in Unknown_Field_FR1233 (FR1233)
Market Rent,Extracted from formula,MF Market Rent,Used in Unknown_Field_FQ1234 (FQ1234)
Market Rent,Extracted from formula,MF Market Rent,Used in Unknown_Field_FR1234 (FR1234)
Market Rent,Extracted from formula,MF Market Rent,Used in Unknown_Field_FQ1235 (FQ1235)
Market Rent,Extracted from formula,MF Market Rent,Used in Unknown_Field_FR1235 (FR1235)
Market Rent,Extracted from formula,MF Market Rent,Used in Unknown_Field_FQ1236 (FQ1236)
Market Rent,Extracted from formula,MF Market Rent,Used in Unknown_Field_FR1236 (FR1236)
Market Rent,Extracted from formula,MF Market Rent,Used in Unknown_Field_FQ1237 (FQ1237)
Market Rent,Extracted from formula,MF Market Rent,Used in Unknown_Field_FR1237 (FR1237)
Market Rent,Extracted from formula,MF Market Rent,Used in Unknown_Field_FQ1238 (FQ1238)
Market Rent,Extracted from formula,MF Market Rent,Used in Unknown_Field_FR1238 (FR1238)
Market Rent,Extracted from formula,MF Market Rent,Used in Unknown_Field_FQ1239 (FQ1239)
Market Rent,Extracted from formula,MF Market Rent,Used in Unknown_Field_FR1239 (FR1239)
Market Rent,Extracted from formula,MF Market Rent,Used in Unknown_Field_FQ1240 (FQ1240)
Market Rent,Extracted from formula,MF Market Rent,Used in Unknown_Field_FR1240 (FR1240)
Market Rent,Extracted from formula,MF Market Rent,Used in Unknown_Field_FQ1241 (FQ1241)
Market Rent,Extracted from formula,MF Market Rent,Used in Unknown_Field_FR1241 (FR1241)
Market Rent,Extracted from formula,MF Market Rent,Used in Unknown_Field_FQ1242 (FQ1242)
Market Rent,Extracted from formula,MF Market Rent,Used in Unknown_Field_FR1242 (FR1242)
Market Rent,Extracted from formula,MF Market Rent,Used in Unknown_Field_FQ1243 (FQ1243)
Market Rent,Extracted from formula,MF Market Rent,Used in Unknown_Field_FR1243 (FR1243)
Market Rent,Extracted from formula,MF Market Rent,Used in Unknown_Field_FQ1244 (FQ1244)
Market Rent,Extracted from formula,MF Market Rent,Used in Unknown_Field_FR1244 (FR1244)
Market Rent,Extracted from formula,MF Market Rent,Used in Unknown_Field_FQ1245 (FQ1245)
Market Rent,Extracted from formula,MF Market Rent,Used in Unknown_Field_FR1245 (FR1245)
Market Rent,Extracted from formula,MF Market Rent,Used in Unknown_Field_FQ1246 (FQ1246)
Market Rent,Extracted from formula,MF Market Rent,Used in Unknown_Field_FR1246 (FR1246)
Market Rent,Extracted from formula,MF Market Rent,Used in Unknown_Field_FQ1247 (FQ1247)
Market Rent,Extracted from formula,MF Market Rent,Used in Unknown_Field_FR1247 (FR1247)
Market Rent,Extracted from formula,MF Market Rent,Used in Unknown_Field_FQ1248 (FQ1248)
Market Rent,Extracted from formula,MF Market Rent,Used in Unknown_Field_FR1248 (FR1248)
Market Rent,Extracted from formula,MF Market Rent,Used in Unknown_Field_FQ1249 (FQ1249)
Market Rent,Extracted from formula,MF Market Rent,Used in Unknown_Field_FR1249 (FR1249)
Market Rent,Extracted from formula,MF Market Rent,Used in Unknown_Field_FQ1250 (FQ1250)
Market Rent,Extracted from formula,MF Market Rent,Used in Unknown_Field_FR1250 (FR1250)
Market Rent,Extracted from formula,MF Market Rent,Used in Unknown_Field_FQ1251 (FQ1251)
Market Rent,Extracted from formula,MF Market Rent,Used in Unknown_Field_FR1251 (FR1251)
Market Rent,Extracted from formula,MF Market Rent,Used in Unknown_Field_FQ1252 (FQ1252)
Market Rent,Extracted from formula,MF Market Rent,Used in Unknown_Field_FR1252 (FR1252)
Market Rent,Extracted from formula,MF Market Rent,Used in Unknown_Field_FQ1253 (FQ1253)
Market Rent,Extracted from formula,MF Market Rent,Used in Unknown_Field_FR1253 (FR1253)
Market Rent,Extracted from formula,MF Market Rent,Used in Unknown_Field_FQ1254 (FQ1254)
Market Rent,Extracted from formula,MF Market Rent,Used in Unknown_Field_FR1254 (FR1254)
Market Rent,Extracted from formula,MF Market Rent,Used in Unknown_Field_FQ1255 (FQ1255)
Market Rent,Extracted from formula,MF Market Rent,Used in Unknown_Field_FR1255 (FR1255)
Market Rent,Extracted from formula,MF Market Rent,Used in Unknown_Field_FQ1256 (FQ1256)
Market Rent,Extracted from formula,MF Market Rent,Used in Unknown_Field_FR1256 (FR1256)
Market Rent,Extracted from formula,MF Market Rent,Used in Unknown_Field_FQ1257 (FQ1257)
Market Rent,Extracted from formula,MF Market Rent,Used in Unknown_Field_FR1257 (FR1257)
Market Rent,Extracted from formula,MF Market Rent,Used in Unknown_Field_FQ1258 (FQ1258)
Market Rent,Extracted from formula,MF Market Rent,Used in Unknown_Field_FR1258 (FR1258)
Market Rent,Extracted from formula,MF Market Rent,Used in Unknown_Field_FQ1259 (FQ1259)
Market Rent,Extracted from formula,MF Market Rent,Used in Unknown_Field_FR1259 (FR1259)
Market Rent,Extracted from formula,MF Market Rent,Used in Unknown_Field_FQ1260 (FQ1260)
Market Rent,Extracted from formula,MF Market Rent,Used in Unknown_Field_FR1260 (FR1260)
Market Rent,Extracted from formula,MF Market Rent,Used in Unknown_Field_FQ1261 (FQ1261)
Market Rent,Extracted from formula,MF Market Rent,Used in Unknown_Field_FR1261 (FR1261)
Market Rent,Extracted from formula,MF Market Rent,Used in Unknown_Field_FQ1262 (FQ1262)
Market Rent,Extracted from formula,MF Market Rent,Used in Unknown_Field_FR1262 (FR1262)
Market Rent,Extracted from formula,MF Market Rent,Used in Unknown_Field_FQ1263 (FQ1263)
Market Rent,Extracted from formula,MF Market Rent,Used in Unknown_Field_FR1263 (FR1263)
Market Rent,Extracted from formula,MF Market Rent,Used in Unknown_Field_FQ1264 (FQ1264)
Market Rent,Extracted from formula,MF Market Rent,Used in Unknown_Field_FR1264 (FR1264)
Market Rent,Extracted from formula,MF Market Rent,Used in Unknown_Field_FQ1265 (FQ1265)
Market Rent,Extracted from formula,MF Market Rent,Used in Unknown_Field_FR1265 (FR1265)
Market Rent,Extracted from formula,MF Market Rent,Used in Unknown_Field_FQ1266 (FQ1266)
Market Rent,Extracted from formula,MF Market Rent,Used in Unknown_Field_FR1266 (FR1266)
Market Rent,Extracted from formula,MF Market Rent,Used in Unknown_Field_FQ1267 (FQ1267)
Market Rent,Extracted from formula,MF Market Rent,Used in Unknown_Field_FR1267 (FR1267)
Market Rent,Extracted from formula,MF Market Rent,Used in Unknown_Field_FQ1268 (FQ1268)
Market Rent,Extracted from formula,MF Market Rent,Used in Unknown_Field_FR1268 (FR1268)
Market Rent,Extracted from formula,MF Market Rent,Used in Unknown_Field_FQ1269 (FQ1269)
Market Rent,Extracted from formula,MF Market Rent,Used in Unknown_Field_FR1269 (FR1269)
Market Rent,Extracted from formula,MF Market Rent,Used in Unknown_Field_FQ1270 (FQ1270)
Market Rent,Extracted from formula,MF Market Rent,Used in Unknown_Field_FR1270 (FR1270)
Market Rent,Extracted from formula,MF Market Rent,Used in Unknown_Field_FQ1271 (FQ1271)
Market Rent,Extracted from formula,MF Market Rent,Used in Unknown_Field_FR1271 (FR1271)
Market Rent,Extracted from formula,MF Market Rent,Used in Unknown_Field_FQ1272 (FQ1272)
Market Rent,Extracted from formula,MF Market Rent,Used in Unknown_Field_FR1272 (FR1272)
Market Rent,Extracted from formula,MF Market Rent,Used in Unknown_Field_FQ1273 (FQ1273)
Market Rent,Extracted from formula,MF Market Rent,Used in Unknown_Field_FR1273 (FR1273)
Market Rent,Extracted from formula,MF Market Rent,Used in Unknown_Field_FQ1274 (FQ1274)
Market Rent,Extracted from formula,MF Market Rent,Used in Unknown_Field_FR1274 (FR1274)
Market Rent,Extracted from formula,MF Market Rent,Used in Unknown_Field_FQ1275 (FQ1275)
Market Rent,Extracted from formula,MF Market Rent,Used in Unknown_Field_FR1275 (FR1275)
Market Rent,Extracted from formula,MF Market Rent,Used in Unknown_Field_FQ1276 (FQ1276)
Market Rent,Extracted from formula,MF Market Rent,Used in Unknown_Field_FR1276 (FR1276)
Market Rent,Extracted from formula,MF Market Rent,Used in Unknown_Field_FQ1277 (FQ1277)
Market Rent,Extracted from formula,MF Market Rent,Used in Unknown_Field_FR1277 (FR1277)
Market Rent,Extracted from formula,MF Market Rent,Used in Unknown_Field_FQ1278 (FQ1278)
Market Rent,Extracted from formula,MF Market Rent,Used in Unknown_Field_FR1278 (FR1278)
Market Rent,Extracted from formula,MF Market Rent,Used in Unknown_Field_FQ1279 (FQ1279)
Market Rent,Extracted from formula,MF Market Rent,Used in Unknown_Field_FR1279 (FR1279)
Market Rent,Extracted from formula,MF Market Rent,Used in Unknown_Field_FQ1280 (FQ1280)
Market Rent,Extracted from formula,MF Market Rent,Used in Unknown_Field_FR1280 (FR1280)
Market Rent,Extracted from formula,MF Market Rent,Used in Unknown_Field_FQ1281 (FQ1281)
Market Rent,Extracted from formula,MF Market Rent,Used in Unknown_Field_FR1281 (FR1281)
Market Rent,Extracted from formula,MF Market Rent,Used in Unknown_Field_FQ1282 (FQ1282)
Market Rent,Extracted from formula,MF Market Rent,Used in Unknown_Field_FR1282 (FR1282)
Market Rent,Extracted from formula,MF Market Rent,Used in Unknown_Field_FQ1283 (FQ1283)
Market Rent,Extracted from formula,MF Market Rent,Used in Unknown_Field_FR1283 (FR1283)
Market Rent,Extracted from formula,MF Market Rent,Used in Unknown_Field_FQ1284 (FQ1284)
Market Rent,Extracted from formula,MF Market Rent,Used in Unknown_Field_FR1284 (FR1284)
Market Rent,Extracted from formula,MF Market Rent,Used in Unknown_Field_FQ1285 (FQ1285)
Market Rent,Extracted from formula,MF Market Rent,Used in Unknown_Field_FR1285 (FR1285)
Market Rent,Extracted from formula,MF Market Rent,Used in Unknown_Field_FQ1286 (FQ1286)
Market Rent,Extracted from formula,MF Market Rent,Used in Unknown_Field_FR1286 (FR1286)
Market Rent,Extracted from formula,MF Market Rent,Used in Unknown_Field_FQ1287 (FQ1287)
Market Rent,Extracted from formula,MF Market Rent,Used in Unknown_Field_FR1287 (FR1287)
Market Rent,Extracted from formula,MF Market Rent,Used in Unknown_Field_FQ1288 (FQ1288)
Market Rent,Extracted from formula,MF Market Rent,Used in Unknown_Field_FR1288 (FR1288)
Market Rent,Extracted from formula,MF Market Rent,Used in Unknown_Field_FQ1289 (FQ1289)
Market Rent,Extracted from formula,MF Market Rent,Used in Unknown_Field_FR1289 (FR1289)
Market Rent,Extracted from formula,MF Market Rent,Used in Unknown_Field_FQ1290 (FQ1290)
Market Rent,Extracted from formula,MF Market Rent,Used in Unknown_Field_FR1290 (FR1290)
Market Rent,Extracted from formula,MF Market Rent,Used in Unknown_Field_FQ1291 (FQ1291)
Market Rent,Extracted from formula,MF Market Rent,Used in Unknown_Field_FR1291 (FR1291)
Market Rent,Extracted from formula,MF Market Rent,Used in Unknown_Field_FQ1292 (FQ1292)
Market Rent,Extracted from formula,MF Market Rent,Used in Unknown_Field_FR1292 (FR1292)
Market Rent (2),Extracted from formula,MF Market Rent,Used in Unknown_Field_FQ1293 (FQ1293)
Market Rent (3),Extracted from formula,MF Market Rent,Used in Unknown_Field_FQ1293 (FQ1293)
Market Rent (2),Extracted from formula,MF Market Rent,Used in Unknown_Field_FR1293 (FR1293)
Market Rent (3),Extracted from formula,MF Market Rent,Used in Unknown_Field_FR1293 (FR1293)
Market Rent (2),Extracted from formula,MF Market Rent,Used in Unknown_Field_FQ1294 (FQ1294)
Market Rent (3),Extracted from formula,MF Market Rent,Used in Unknown_Field_FQ1294 (FQ1294)
Market Rent (2),Extracted from formula,MF Market Rent,Used in Unknown_Field_FR1294 (FR1294)
Market Rent (3),Extracted from formula,MF Market Rent,Used in Unknown_Field_FR1294 (FR1294)
Market Rent (2),Extracted from formula,MF Market Rent,Used in Unknown_Field_FQ1295 (FQ1295)
Market Rent (3),Extracted from formula,MF Market Rent,Used in Unknown_Field_FQ1295 (FQ1295)
Market Rent (2),Extracted from formula,MF Market Rent,Used in Unknown_Field_FR1295 (FR1295)
Market Rent (3),Extracted from formula,MF Market Rent,Used in Unknown_Field_FR1295 (FR1295)
Market Rent (2),Extracted from formula,MF Market Rent,Used in Unknown_Field_FQ1296 (FQ1296)
Market Rent (3),Extracted from formula,MF Market Rent,Used in Unknown_Field_FQ1296 (FQ1296)
Market Rent (2),Extracted from formula,MF Market Rent,Used in Unknown_Field_FR1296 (FR1296)
Market Rent (3),Extracted from formula,MF Market Rent,Used in Unknown_Field_FR1296 (FR1296)
Market Rent (2),Extracted from formula,MF Market Rent,Used in Unknown_Field_FQ1297 (FQ1297)
Market Rent (3),Extracted from formula,MF Market Rent,Used in Unknown_Field_FQ1297 (FQ1297)
Market Rent (2),Extracted from formula,MF Market Rent,Used in Unknown_Field_FR1297 (FR1297)
Market Rent (3),Extracted from formula,MF Market Rent,Used in Unknown_Field_FR1297 (FR1297)
Market Rent (2),Extracted from formula,MF Market Rent,Used in Unknown_Field_FQ1298 (FQ1298)
Market Rent (3),Extracted from formula,MF Market Rent,Used in Unknown_Field_FQ1298 (FQ1298)
Market Rent (2),Extracted from formula,MF Market Rent,Used in Unknown_Field_FR1298 (FR1298)
Market Rent (3),Extracted from formula,MF Market Rent,Used in Unknown_Field_FR1298 (FR1298)
Market Rent (2),Extracted from formula,MF Market Rent,Used in Unknown_Field_FQ1299 (FQ1299)
Market Rent (3),Extracted from formula,MF Market Rent,Used in Unknown_Field_FQ1299 (FQ1299)
Market Rent (2),Extracted from formula,MF Market Rent,Used in Unknown_Field_FR1299 (FR1299)
Market Rent (3),Extracted from formula,MF Market Rent,Used in Unknown_Field_FR1299 (FR1299)
Market Rent (2),Extracted from formula,MF Market Rent,Used in Unknown_Field_FQ1300 (FQ1300)
Market Rent (3),Extracted from formula,MF Market Rent,Used in Unknown_Field_FQ1300 (FQ1300)
Market Rent (2),Extracted from formula,MF Market Rent,Used in Unknown_Field_FR1300 (FR1300)
Market Rent (3),Extracted from formula,MF Market Rent,Used in Unknown_Field_FR1300 (FR1300)
Market Rent (2),Extracted from formula,MF Market Rent,Used in Unknown_Field_FQ1301 (FQ1301)
Market Rent (3),Extracted from formula,MF Market Rent,Used in Unknown_Field_FQ1301 (FQ1301)
Market Rent (2),Extracted from formula,MF Market Rent,Used in Unknown_Field_FR1301 (FR1301)
Market Rent (3),Extracted from formula,MF Market Rent,Used in Unknown_Field_FR1301 (FR1301)
Market Rent (2),Extracted from formula,MF Market Rent,Used in Unknown_Field_FQ1302 (FQ1302)
Market Rent (3),Extracted from formula,MF Market Rent,Used in Unknown_Field_FQ1302 (FQ1302)
Market Rent (2),Extracted from formula,MF Market Rent,Used in Unknown_Field_FR1302 (FR1302)
Market Rent (3),Extracted from formula,MF Market Rent,Used in Unknown_Field_FR1302 (FR1302)
Market Rent (2),Extracted from formula,MF Market Rent,Used in Unknown_Field_FQ1303 (FQ1303)
Market Rent (3),Extracted from formula,MF Market Rent,Used in Unknown_Field_FQ1303 (FQ1303)
Market Rent (2),Extracted from formula,MF Market Rent,Used in Unknown_Field_FR1303 (FR1303)
Market Rent (3),Extracted from formula,MF Market Rent,Used in Unknown_Field_FR1303 (FR1303)
Market Rent (2),Extracted from formula,MF Market Rent,Used in Unknown_Field_FQ1304 (FQ1304)
Market Rent (3),Extracted from formula,MF Market Rent,Used in Unknown_Field_FQ1304 (FQ1304)
Market Rent (2),Extracted from formula,MF Market Rent,Used in Unknown_Field_FR1304 (FR1304)
Market Rent (3),Extracted from formula,MF Market Rent,Used in Unknown_Field_FR1304 (FR1304)
Market Rent (2),Extracted from formula,MF Market Rent,Used in Unknown_Field_FQ1305 (FQ1305)
Market Rent (3),Extracted from formula,MF Market Rent,Used in Unknown_Field_FQ1305 (FQ1305)
Market Rent (2),Extracted from formula,MF Market Rent,Used in Unknown_Field_FR1305 (FR1305)
Market Rent (3),Extracted from formula,MF Market Rent,Used in Unknown_Field_FR1305 (FR1305)
Market Rent (2),Extracted from formula,MF Market Rent,Used in Unknown_Field_FQ1306 (FQ1306)
Market Rent (3),Extracted from formula,MF Market Rent,Used in Unknown_Field_FQ1306 (FQ1306)
Market Rent (2),Extracted from formula,MF Market Rent,Used in Unknown_Field_FR1306 (FR1306)
Market Rent (3),Extracted from formula,MF Market Rent,Used in Unknown_Field_FR1306 (FR1306)
Market Rent (2),Extracted from formula,MF Market Rent,Used in Unknown_Field_FQ1307 (FQ1307)
Market Rent (3),Extracted from formula,MF Market Rent,Used in Unknown_Field_FQ1307 (FQ1307)
Market Rent (2),Extracted from formula,MF Market Rent,Used in Unknown_Field_FR1307 (FR1307)
Market Rent (3),Extracted from formula,MF Market Rent,Used in Unknown_Field_FR1307 (FR1307)
Market Rent (2),Extracted from formula,MF Market Rent,Used in Unknown_Field_FQ1308 (FQ1308)
Market Rent (3),Extracted from formula,MF Market Rent,Used in Unknown_Field_FQ1308 (FQ1308)
Market Rent (2),Extracted from formula,MF Market Rent,Used in Unknown_Field_FR1308 (FR1308)
Market Rent (3),Extracted from formula,MF Market Rent,Used in Unknown_Field_FR1308 (FR1308)
Market Rent (2),Extracted from formula,MF Market Rent,Used in Unknown_Field_FQ1309 (FQ1309)
Market Rent (3),Extracted from formula,MF Market Rent,Used in Unknown_Field_FQ1309 (FQ1309)
Market Rent (2),Extracted from formula,MF Market Rent,Used in Unknown_Field_FR1309 (FR1309)
Market Rent (3),Extracted from formula,MF Market Rent,Used in Unknown_Field_FR1309 (FR1309)
Market Rent (2),Extracted from formula,MF Market Rent,Used in Unknown_Field_FQ1310 (FQ1310)
Market Rent (3),Extracted from formula,MF Market Rent,Used in Unknown_Field_FQ1310 (FQ1310)
Market Rent (2),Extracted from formula,MF Market Rent,Used in Unknown_Field_FR1310 (FR1310)
Market Rent (3),Extracted from formula,MF Market Rent,Used in Unknown_Field_FR1310 (FR1310)
Market Rent (2),Extracted from formula,MF Market Rent,Used in Unknown_Field_FQ1311 (FQ1311)
Market Rent (3),Extracted from formula,MF Market Rent,Used in Unknown_Field_FQ1311 (FQ1311)
Market Rent (2),Extracted from formula,MF Market Rent,Used in Unknown_Field_FR1311 (FR1311)
Market Rent (3),Extracted from formula,MF Market Rent,Used in Unknown_Field_FR1311 (FR1311)
Market Rent (2),Extracted from formula,MF Market Rent,Used in Unknown_Field_FQ1312 (FQ1312)
Market Rent (3),Extracted from formula,MF Market Rent,Used in Unknown_Field_FQ1312 (FQ1312)
Market Rent (2),Extracted from formula,MF Market Rent,Used in Unknown_Field_FR1312 (FR1312)
Market Rent (3),Extracted from formula,MF Market Rent,Used in Unknown_Field_FR1312 (FR1312)
Market Rent (2),Extracted from formula,MF Market Rent,Used in Unknown_Field_FQ1313 (FQ1313)
Market Rent (3),Extracted from formula,MF Market Rent,Used in Unknown_Field_FQ1313 (FQ1313)
Market Rent (2),Extracted from formula,MF Market Rent,Used in Unknown_Field_FR1313 (FR1313)
Market Rent (3),Extracted from formula,MF Market Rent,Used in Unknown_Field_FR1313 (FR1313)
Market Rent (2),Extracted from formula,MF Market Rent,Used in Unknown_Field_FQ1314 (FQ1314)
Market Rent (3),Extracted from formula,MF Market Rent,Used in Unknown_Field_FQ1314 (FQ1314)
Market Rent (2),Extracted from formula,MF Market Rent,Used in Unknown_Field_FR1314 (FR1314)
Market Rent (3),Extracted from formula,MF Market Rent,Used in Unknown_Field_FR1314 (FR1314)
Market Rent (2),Extracted from formula,MF Market Rent,Used in Unknown_Field_FQ1315 (FQ1315)
Market Rent (3),Extracted from formula,MF Market Rent,Used in Unknown_Field_FQ1315 (FQ1315)
Market Rent (2),Extracted from formula,MF Market Rent,Used in Unknown_Field_FR1315 (FR1315)
Market Rent (3),Extracted from formula,MF Market Rent,Used in Unknown_Field_FR1315 (FR1315)
Market Rent (2),Extracted from formula,MF Market Rent,Used in Unknown_Field_FQ1316 (FQ1316)
Market Rent (3),Extracted from formula,MF Market Rent,Used in Unknown_Field_FQ1316 (FQ1316)
Market Rent (2),Extracted from formula,MF Market Rent,Used in Unknown_Field_FR1316 (FR1316)
Market Rent (3),Extracted from formula,MF Market Rent,Used in Unknown_Field_FR1316 (FR1316)
Market Rent (2),Extracted from formula,MF Market Rent,Used in Unknown_Field_FQ1317 (FQ1317)
Market Rent (3),Extracted from formula,MF Market Rent,Used in Unknown_Field_FQ1317 (FQ1317)
Market Rent (2),Extracted from formula,MF Market Rent,Used in Unknown_Field_FR1317 (FR1317)
Market Rent (3),Extracted from formula,MF Market Rent,Used in Unknown_Field_FR1317 (FR1317)
Market Rent (2),Extracted from formula,MF Market Rent,Used in Unknown_Field_FQ1318 (FQ1318)
Market Rent (3),Extracted from formula,MF Market Rent,Used in Unknown_Field_FQ1318 (FQ1318)
Market Rent (2),Extracted from formula,MF Market Rent,Used in Unknown_Field_FR1318 (FR1318)
Market Rent (3),Extracted from formula,MF Market Rent,Used in Unknown_Field_FR1318 (FR1318)
Market Rent (2),Extracted from formula,MF Market Rent,Used in Unknown_Field_FQ1319 (FQ1319)
Market Rent (3),Extracted from formula,MF Market Rent,Used in Unknown_Field_FQ1319 (FQ1319)
Market Rent (2),Extracted from formula,MF Market Rent,Used in Unknown_Field_FR1319 (FR1319)
Market Rent (3),Extracted from formula,MF Market Rent,Used in Unknown_Field_FR1319 (FR1319)
Market Rent (2),Extracted from formula,MF Market Rent,Used in Unknown_Field_FQ1320 (FQ1320)
Market Rent (3),Extracted from formula,MF Market Rent,Used in Unknown_Field_FQ1320 (FQ1320)
Market Rent (2),Extracted from formula,MF Market Rent,Used in Unknown_Field_FR1320 (FR1320)
Market Rent (3),Extracted from formula,MF Market Rent,Used in Unknown_Field_FR1320 (FR1320)
Market Rent (2),Extracted from formula,MF Market Rent,Used in Unknown_Field_FQ1321 (FQ1321)
Market Rent (3),Extracted from formula,MF Market Rent,Used in Unknown_Field_FQ1321 (FQ1321)
Market Rent (2),Extracted from formula,MF Market Rent,Used in Unknown_Field_FR1321 (FR1321)
Market Rent (3),Extracted from formula,MF Market Rent,Used in Unknown_Field_FR1321 (FR1321)
Market Rent (2),Extracted from formula,MF Market Rent,Used in Unknown_Field_FQ1322 (FQ1322)
Market Rent (3),Extracted from formula,MF Market Rent,Used in Unknown_Field_FQ1322 (FQ1322)
Market Rent (2),Extracted from formula,MF Market Rent,Used in Unknown_Field_FR1322 (FR1322)
Market Rent (3),Extracted from formula,MF Market Rent,Used in Unknown_Field_FR1322 (FR1322)
Market Rent (2),Extracted from formula,MF Market Rent,Used in Unknown_Field_FQ1323 (FQ1323)
Market Rent (3),Extracted from formula,MF Market Rent,Used in Unknown_Field_FQ1323 (FQ1323)
Market Rent (2),Extracted from formula,MF Market Rent,Used in Unknown_Field_FR1323 (FR1323)
Market Rent (3),Extracted from formula,MF Market Rent,Used in Unknown_Field_FR1323 (FR1323)
Market Rent (2),Extracted from formula,MF Market Rent,Used in Unknown_Field_FQ1324 (FQ1324)
Market Rent (3),Extracted from formula,MF Market Rent,Used in Unknown_Field_FQ1324 (FQ1324)
Market Rent (2),Extracted from formula,MF Market Rent,Used in Unknown_Field_FR1324 (FR1324)
Market Rent (3),Extracted from formula,MF Market Rent,Used in Unknown_Field_FR1324 (FR1324)
Market Rent (2),Extracted from formula,MF Market Rent,Used in Unknown_Field_FQ1325 (FQ1325)
Market Rent (3),Extracted from formula,MF Market Rent,Used in Unknown_Field_FQ1325 (FQ1325)
Market Rent (2),Extracted from formula,MF Market Rent,Used in Unknown_Field_FR1325 (FR1325)
Market Rent (3),Extracted from formula,MF Market Rent,Used in Unknown_Field_FR1325 (FR1325)
Market Rent (2),Extracted from formula,MF Market Rent,Used in Unknown_Field_FQ1326 (FQ1326)
Market Rent (3),Extracted from formula,MF Market Rent,Used in Unknown_Field_FQ1326 (FQ1326)
Market Rent (2),Extracted from formula,MF Market Rent,Used in Unknown_Field_FR1326 (FR1326)
Market Rent (3),Extracted from formula,MF Market Rent,Used in Unknown_Field_FR1326 (FR1326)
Market Rent (2),Extracted from formula,MF Market Rent,Used in Unknown_Field_FQ1327 (FQ1327)
Market Rent (3),Extracted from formula,MF Market Rent,Used in Unknown_Field_FQ1327 (FQ1327)
Market Rent (2),Extracted from formula,MF Market Rent,Used in Unknown_Field_FR1327 (FR1327)
Market Rent (3),Extracted from formula,MF Market Rent,Used in Unknown_Field_FR1327 (FR1327)
Market Rent (2),Extracted from formula,MF Market Rent,Used in Unknown_Field_FQ1328 (FQ1328)
Market Rent (3),Extracted from formula,MF Market Rent,Used in Unknown_Field_FQ1328 (FQ1328)
Market Rent (2),Extracted from formula,MF Market Rent,Used in Unknown_Field_FR1328 (FR1328)
Market Rent (3),Extracted from formula,MF Market Rent,Used in Unknown_Field_FR1328 (FR1328)
Market Rent (2),Extracted from formula,MF Market Rent,Used in Unknown_Field_FQ1329 (FQ1329)
Market Rent (3),Extracted from formula,MF Market Rent,Used in Unknown_Field_FQ1329 (FQ1329)
Market Rent (2),Extracted from formula,MF Market Rent,Used in Unknown_Field_FR1329 (FR1329)
Market Rent (3),Extracted from formula,MF Market Rent,Used in Unknown_Field_FR1329 (FR1329)
Market Rent (2),Extracted from formula,MF Market Rent,Used in Unknown_Field_FQ1330 (FQ1330)
Market Rent (3),Extracted from formula,MF Market Rent,Used in Unknown_Field_FQ1330 (FQ1330)
Market Rent (2),Extracted from formula,MF Market Rent,Used in Unknown_Field_FR1330 (FR1330)
Market Rent (3),Extracted from formula,MF Market Rent,Used in Unknown_Field_FR1330 (FR1330)
Market Rent (2),Extracted from formula,MF Market Rent,Used in Unknown_Field_FQ1331 (FQ1331)
Market Rent (3),Extracted from formula,MF Market Rent,Used in Unknown_Field_FQ1331 (FQ1331)
Market Rent (2),Extracted from formula,MF Market Rent,Used in Unknown_Field_FR1331 (FR1331)
Market Rent (3),Extracted from formula,MF Market Rent,Used in Unknown_Field_FR1331 (FR1331)
Market Rent (2),Extracted from formula,MF Market Rent,Used in Unknown_Field_FQ1332 (FQ1332)
Market Rent (3),Extracted from formula,MF Market Rent,Used in Unknown_Field_FQ1332 (FQ1332)
Market Rent (2),Extracted from formula,MF Market Rent,Used in Unknown_Field_FR1332 (FR1332)
Market Rent (3),Extracted from formula,MF Market Rent,Used in Unknown_Field_FR1332 (FR1332)
Market Rent (2),Extracted from formula,MF Market Rent,Used in Unknown_Field_FQ1333 (FQ1333)
Market Rent (3),Extracted from formula,MF Market Rent,Used in Unknown_Field_FQ1333 (FQ1333)
Market Rent (2),Extracted from formula,MF Market Rent,Used in Unknown_Field_FR1333 (FR1333)
Market Rent (3),Extracted from formula,MF Market Rent,Used in Unknown_Field_FR1333 (FR1333)
Market Rent (2),Extracted from formula,MF Market Rent,Used in Unknown_Field_FQ1334 (FQ1334)
Market Rent (3),Extracted from formula,MF Market Rent,Used in Unknown_Field_FQ1334 (FQ1334)
Market Rent (2),Extracted from formula,MF Market Rent,Used in Unknown_Field_FR1334 (FR1334)
Market Rent (3),Extracted from formula,MF Market Rent,Used in Unknown_Field_FR1334 (FR1334)
Market Rent (2),Extracted from formula,MF Market Rent,Used in Unknown_Field_FQ1335 (FQ1335)
Market Rent (3),Extracted from formula,MF Market Rent,Used in Unknown_Field_FQ1335 (FQ1335)
Market Rent (2),Extracted from formula,MF Market Rent,Used in Unknown_Field_FR1335 (FR1335)
Market Rent (3),Extracted from formula,MF Market Rent,Used in Unknown_Field_FR1335 (FR1335)
Market Rent (2),Extracted from formula,MF Market Rent,Used in Unknown_Field_FQ1336 (FQ1336)
Market Rent (3),Extracted from formula,MF Market Rent,Used in Unknown_Field_FQ1336 (FQ1336)
Market Rent (2),Extracted from formula,MF Market Rent,Used in Unknown_Field_FR1336 (FR1336)
Market Rent (3),Extracted from formula,MF Market Rent,Used in Unknown_Field_FR1336 (FR1336)
Market Rent (2),Extracted from formula,MF Market Rent,Used in Unknown_Field_FQ1337 (FQ1337)
Market Rent (3),Extracted from formula,MF Market Rent,Used in Unknown_Field_FQ1337 (FQ1337)
Market Rent (2),Extracted from formula,MF Market Rent,Used in Unknown_Field_FR1337 (FR1337)
Market Rent (3),Extracted from formula,MF Market Rent,Used in Unknown_Field_FR1337 (FR1337)
Market Rent (2),Extracted from formula,MF Market Rent,Used in Unknown_Field_FQ1338 (FQ1338)
Market Rent (3),Extracted from formula,MF Market Rent,Used in Unknown_Field_FQ1338 (FQ1338)
Market Rent (2),Extracted from formula,MF Market Rent,Used in Unknown_Field_FR1338 (FR1338)
Market Rent (3),Extracted from formula,MF Market Rent,Used in Unknown_Field_FR1338 (FR1338)
Market Rent (2),Extracted from formula,MF Market Rent,Used in Unknown_Field_FQ1339 (FQ1339)
Market Rent (3),Extracted from formula,MF Market Rent,Used in Unknown_Field_FQ1339 (FQ1339)
Market Rent (2),Extracted from formula,MF Market Rent,Used in Unknown_Field_FR1339 (FR1339)
Market Rent (3),Extracted from formula,MF Market Rent,Used in Unknown_Field_FR1339 (FR1339)
Market Rent (2),Extracted from formula,MF Market Rent,Used in Unknown_Field_FQ1340 (FQ1340)
Market Rent (3),Extracted from formula,MF Market Rent,Used in Unknown_Field_FQ1340 (FQ1340)
Market Rent (2),Extracted from formula,MF Market Rent,Used in Unknown_Field_FR1340 (FR1340)
Market Rent (3),Extracted from formula,MF Market Rent,Used in Unknown_Field_FR1340 (FR1340)
Market Rent (2),Extracted from formula,MF Market Rent,Used in Unknown_Field_FQ1341 (FQ1341)
Market Rent (3),Extracted from formula,MF Market Rent,Used in Unknown_Field_FQ1341 (FQ1341)
Market Rent (2),Extracted from formula,MF Market Rent,Used in Unknown_Field_FR1341 (FR1341)
Market Rent (3),Extracted from formula,MF Market Rent,Used in Unknown_Field_FR1341 (FR1341)
Market Rent (2),Extracted from formula,MF Market Rent,Used in Unknown_Field_FQ1342 (FQ1342)
Market Rent (3),Extracted from formula,MF Market Rent,Used in Unknown_Field_FQ1342 (FQ1342)
Market Rent (2),Extracted from formula,MF Market Rent,Used in Unknown_Field_FR1342 (FR1342)
Market Rent (3),Extracted from formula,MF Market Rent,Used in Unknown_Field_FR1342 (FR1342)
Market Rent (2),Extracted from formula,MF Market Rent,Used in Unknown_Field_FQ1343 (FQ1343)
Market Rent (3),Extracted from formula,MF Market Rent,Used in Unknown_Field_FQ1343 (FQ1343)
Market Rent (2),Extracted from formula,MF Market Rent,Used in Unknown_Field_FR1343 (FR1343)
Market Rent (3),Extracted from formula,MF Market Rent,Used in Unknown_Field_FR1343 (FR1343)
Market Rent (2),Extracted from formula,MF Market Rent,Used in Unknown_Field_FQ1344 (FQ1344)
Market Rent (3),Extracted from formula,MF Market Rent,Used in Unknown_Field_FQ1344 (FQ1344)
Market Rent (2),Extracted from formula,MF Market Rent,Used in Unknown_Field_FR1344 (FR1344)
Market Rent (3),Extracted from formula,MF Market Rent,Used in Unknown_Field_FR1344 (FR1344)
Market Rent (2),Extracted from formula,MF Market Rent,Used in Unknown_Field_FQ1345 (FQ1345)
Market Rent (3),Extracted from formula,MF Market Rent,Used in Unknown_Field_FQ1345 (FQ1345)
Market Rent (2),Extracted from formula,MF Market Rent,Used in Unknown_Field_FR1345 (FR1345)
Market Rent (3),Extracted from formula,MF Market Rent,Used in Unknown_Field_FR1345 (FR1345)
Market Rent (2),Extracted from formula,MF Market Rent,Used in Unknown_Field_FQ1346 (FQ1346)
Market Rent (3),Extracted from formula,MF Market Rent,Used in Unknown_Field_FQ1346 (FQ1346)
Market Rent (2),Extracted from formula,MF Market Rent,Used in Unknown_Field_FR1346 (FR1346)
Market Rent (3),Extracted from formula,MF Market Rent,Used in Unknown_Field_FR1346 (FR1346)
Market Rent (2),Extracted from formula,MF Market Rent,Used in Unknown_Field_FQ1347 (FQ1347)
Market Rent (3),Extracted from formula,MF Market Rent,Used in Unknown_Field_FQ1347 (FQ1347)
Market Rent (2),Extracted from formula,MF Market Rent,Used in Unknown_Field_FR1347 (FR1347)
Market Rent (3),Extracted from formula,MF Market Rent,Used in Unknown_Field_FR1347 (FR1347)
Market Rent (2),Extracted from formula,MF Market Rent,Used in Unknown_Field_FQ1348 (FQ1348)
Market Rent (3),Extracted from formula,MF Market Rent,Used in Unknown_Field_FQ1348 (FQ1348)
Market Rent (2),Extracted from formula,MF Market Rent,Used in Unknown_Field_FR1348 (FR1348)
Market Rent (3),Extracted from formula,MF Market Rent,Used in Unknown_Field_FR1348 (FR1348)
Market Rent (2),Extracted from formula,MF Market Rent,Used in Unknown_Field_FQ1349 (FQ1349)
Market Rent (3),Extracted from formula,MF Market Rent,Used in Unknown_Field_FQ1349 (FQ1349)
Market Rent (2),Extracted from formula,MF Market Rent,Used in Unknown_Field_FR1349 (FR1349)
Market Rent (3),Extracted from formula,MF Market Rent,Used in Unknown_Field_FR1349 (FR1349)
Market Rent (2),Extracted from formula,MF Market Rent,Used in Unknown_Field_FQ1350 (FQ1350)
Market Rent (3),Extracted from formula,MF Market Rent,Used in Unknown_Field_FQ1350 (FQ1350)
Market Rent (2),Extracted from formula,MF Market Rent,Used in Unknown_Field_FR1350 (FR1350)
Market Rent (3),Extracted from formula,MF Market Rent,Used in Unknown_Field_FR1350 (FR1350)
Market Rent (2),Extracted from formula,MF Market Rent,Used in Unknown_Field_FQ1351 (FQ1351)
Market Rent (3),Extracted from formula,MF Market Rent,Used in Unknown_Field_FQ1351 (FQ1351)
Market Rent (2),Extracted from formula,MF Market Rent,Used in Unknown_Field_FR1351 (FR1351)
Market Rent (3),Extracted from formula,MF Market Rent,Used in Unknown_Field_FR1351 (FR1351)
Market Rent (2),Extracted from formula,MF Market Rent,Used in Unknown_Field_FQ1352 (FQ1352)
Market Rent (3),Extracted from formula,MF Market Rent,Used in Unknown_Field_FQ1352 (FQ1352)
Market Rent (2),Extracted from formula,MF Market Rent,Used in Unknown_Field_FR1352 (FR1352)
Market Rent (3),Extracted from formula,MF Market Rent,Used in Unknown_Field_FR1352 (FR1352)
Market Rent (2),Extracted from formula,MF Market Rent,Used in Unknown_Field_FQ1353 (FQ1353)
Market Rent (3),Extracted from formula,MF Market Rent,Used in Unknown_Field_FQ1353 (FQ1353)
Market Rent (2),Extracted from formula,MF Market Rent,Used in Unknown_Field_FR1353 (FR1353)
Market Rent (3),Extracted from formula,MF Market Rent,Used in Unknown_Field_FR1353 (FR1353)
Market Rent (2),Extracted from formula,MF Market Rent,Used in Unknown_Field_FQ1354 (FQ1354)
Market Rent (3),Extracted from formula,MF Market Rent,Used in Unknown_Field_FQ1354 (FQ1354)
Market Rent (2),Extracted from formula,MF Market Rent,Used in Unknown_Field_FR1354 (FR1354)
Market Rent (3),Extracted from formula,MF Market Rent,Used in Unknown_Field_FR1354 (FR1354)
Market Rent (2),Extracted from formula,MF Market Rent,Used in Unknown_Field_FQ1355 (FQ1355)
Market Rent (3),Extracted from formula,MF Market Rent,Used in Unknown_Field_FQ1355 (FQ1355)
Market Rent (2),Extracted from formula,MF Market Rent,Used in Unknown_Field_FR1355 (FR1355)
Market Rent (3),Extracted from formula,MF Market Rent,Used in Unknown_Field_FR1355 (FR1355)
Market Rent (2),Extracted from formula,MF Market Rent,Used in Unknown_Field_FQ1356 (FQ1356)
Market Rent (3),Extracted from formula,MF Market Rent,Used in Unknown_Field_FQ1356 (FQ1356)
Market Rent (2),Extracted from formula,MF Market Rent,Used in Unknown_Field_FR1356 (FR1356)
Market Rent (3),Extracted from formula,MF Market Rent,Used in Unknown_Field_FR1356 (FR1356)
Market Rent (2),Extracted from formula,MF Market Rent,Used in Unknown_Field_FQ1357 (FQ1357)
Market Rent (3),Extracted from formula,MF Market Rent,Used in Unknown_Field_FQ1357 (FQ1357)
Market Rent (2),Extracted from formula,MF Market Rent,Used in Unknown_Field_FR1357 (FR1357)
Market Rent (3),Extracted from formula,MF Market Rent,Used in Unknown_Field_FR1357 (FR1357)
Market Rent (2),Extracted from formula,MF Market Rent,Used in Unknown_Field_FQ1358 (FQ1358)
Market Rent (3),Extracted from formula,MF Market Rent,Used in Unknown_Field_FQ1358 (FQ1358)
Market Rent (2),Extracted from formula,MF Market Rent,Used in Unknown_Field_FR1358 (FR1358)
Market Rent (3),Extracted from formula,MF Market Rent,Used in Unknown_Field_FR1358 (FR1358)
Market Rent (2),Extracted from formula,MF Market Rent,Used in Unknown_Field_FQ1359 (FQ1359)
Market Rent (3),Extracted from formula,MF Market Rent,Used in Unknown_Field_FQ1359 (FQ1359)
Market Rent (2),Extracted from formula,MF Market Rent,Used in Unknown_Field_FR1359 (FR1359)
Market Rent (3),Extracted from formula,MF Market Rent,Used in Unknown_Field_FR1359 (FR1359)
Market Rent (2),Extracted from formula,MF Market Rent,Used in Unknown_Field_FQ1360 (FQ1360)
Market Rent (3),Extracted from formula,MF Market Rent,Used in Unknown_Field_FQ1360 (FQ1360)
Market Rent (2),Extracted from formula,MF Market Rent,Used in Unknown_Field_FR1360 (FR1360)
Market Rent (3),Extracted from formula,MF Market Rent,Used in Unknown_Field_FR1360 (FR1360)
Market Rent (2),Extracted from formula,MF Market Rent,Used in Unknown_Field_FQ1361 (FQ1361)
Market Rent (3),Extracted from formula,MF Market Rent,Used in Unknown_Field_FQ1361 (FQ1361)
Market Rent (2),Extracted from formula,MF Market Rent,Used in Unknown_Field_FR1361 (FR1361)
Market Rent (3),Extracted from formula,MF Market Rent,Used in Unknown_Field_FR1361 (FR1361)
Market Rent (2),Extracted from formula,MF Market Rent,Used in Unknown_Field_FQ1362 (FQ1362)
Market Rent (3),Extracted from formula,MF Market Rent,Used in Unknown_Field_FQ1362 (FQ1362)
Market Rent (2),Extracted from formula,MF Market Rent,Used in Unknown_Field_FR1362 (FR1362)
Market Rent (3),Extracted from formula,MF Market Rent,Used in Unknown_Field_FR1362 (FR1362)
Market Rent (2),Extracted from formula,MF Market Rent,Used in Unknown_Field_FQ1363 (FQ1363)
Market Rent (3),Extracted from formula,MF Market Rent,Used in Unknown_Field_FQ1363 (FQ1363)
Market Rent (2),Extracted from formula,MF Market Rent,Used in Unknown_Field_FR1363 (FR1363)
Market Rent (3),Extracted from formula,MF Market Rent,Used in Unknown_Field_FR1363 (FR1363)
Market Rent (2),Extracted from formula,MF Market Rent,Used in Unknown_Field_FQ1364 (FQ1364)
Market Rent (3),Extracted from formula,MF Market Rent,Used in Unknown_Field_FQ1364 (FQ1364)
Market Rent (2),Extracted from formula,MF Market Rent,Used in Unknown_Field_FR1364 (FR1364)
Market Rent (3),Extracted from formula,MF Market Rent,Used in Unknown_Field_FR1364 (FR1364)
Market Rent (2),Extracted from formula,MF Market Rent,Used in Unknown_Field_FQ1365 (FQ1365)
Market Rent (3),Extracted from formula,MF Market Rent,Used in Unknown_Field_FQ1365 (FQ1365)
Market Rent (2),Extracted from formula,MF Market Rent,Used in Unknown_Field_FR1365 (FR1365)
Market Rent (3),Extracted from formula,MF Market Rent,Used in Unknown_Field_FR1365 (FR1365)
Market Rent (2),Extracted from formula,MF Market Rent,Used in Unknown_Field_FQ1366 (FQ1366)
Market Rent (3),Extracted from formula,MF Market Rent,Used in Unknown_Field_FQ1366 (FQ1366)
Market Rent (2),Extracted from formula,MF Market Rent,Used in Unknown_Field_FR1366 (FR1366)
Market Rent (3),Extracted from formula,MF Market Rent,Used in Unknown_Field_FR1366 (FR1366)
Market Rent (2),Extracted from formula,MF Market Rent,Used in Unknown_Field_FQ1367 (FQ1367)
Market Rent (3),Extracted from formula,MF Market Rent,Used in Unknown_Field_FQ1367 (FQ1367)
Market Rent (2),Extracted from formula,MF Market Rent,Used in Unknown_Field_FR1367 (FR1367)
Market Rent (3),Extracted from formula,MF Market Rent,Used in Unknown_Field_FR1367 (FR1367)
Market Rent (2),Extracted from formula,MF Market Rent,Used in Unknown_Field_FQ1368 (FQ1368)
Market Rent (3),Extracted from formula,MF Market Rent,Used in Unknown_Field_FQ1368 (FQ1368)
Market Rent (2),Extracted from formula,MF Market Rent,Used in Unknown_Field_FR1368 (FR1368)
Market Rent (3),Extracted from formula,MF Market Rent,Used in Unknown_Field_FR1368 (FR1368)
Market Rent (2),Extracted from formula,MF Market Rent,Used in Unknown_Field_FQ1369 (FQ1369)
Market Rent (3),Extracted from formula,MF Market Rent,Used in Unknown_Field_FQ1369 (FQ1369)
Market Rent (2),Extracted from formula,MF Market Rent,Used in Unknown_Field_FR1369 (FR1369)
Market Rent (3),Extracted from formula,MF Market Rent,Used in Unknown_Field_FR1369 (FR1369)
Market Rent (2),Extracted from formula,MF Market Rent,Used in Unknown_Field_FQ1370 (FQ1370)
Market Rent (3),Extracted from formula,MF Market Rent,Used in Unknown_Field_FQ1370 (FQ1370)
Market Rent (2),Extracted from formula,MF Market Rent,Used in Unknown_Field_FR1370 (FR1370)
Market Rent (3),Extracted from formula,MF Market Rent,Used in Unknown_Field_FR1370 (FR1370)
Market Rent (2),Extracted from formula,MF Market Rent,Used in Unknown_Field_FQ1371 (FQ1371)
Market Rent (3),Extracted from formula,MF Market Rent,Used in Unknown_Field_FQ1371 (FQ1371)
Market Rent (2),Extracted from formula,MF Market Rent,Used in Unknown_Field_FR1371 (FR1371)
Market Rent (3),Extracted from formula,MF Market Rent,Used in Unknown_Field_FR1371 (FR1371)
Market Rent (2),Extracted from formula,MF Market Rent,Used in Unknown_Field_FQ1372 (FQ1372)
Market Rent (3),Extracted from formula,MF Market Rent,Used in Unknown_Field_FQ1372 (FQ1372)
Market Rent (2),Extracted from formula,MF Market Rent,Used in Unknown_Field_FR1372 (FR1372)
Market Rent (3),Extracted from formula,MF Market Rent,Used in Unknown_Field_FR1372 (FR1372)
Market Rent (2),Extracted from formula,MF Market Rent,Used in Unknown_Field_FQ1373 (FQ1373)
Market Rent (3),Extracted from formula,MF Market Rent,Used in Unknown_Field_FQ1373 (FQ1373)
Market Rent (2),Extracted from formula,MF Market Rent,Used in Unknown_Field_FR1373 (FR1373)
Market Rent (3),Extracted from formula,MF Market Rent,Used in Unknown_Field_FR1373 (FR1373)
Market Rent (2),Extracted from formula,MF Market Rent,Used in Unknown_Field_FQ1374 (FQ1374)
Market Rent (3),Extracted from formula,MF Market Rent,Used in Unknown_Field_FQ1374 (FQ1374)
Market Rent (2),Extracted from formula,MF Market Rent,Used in Unknown_Field_FR1374 (FR1374)
Market Rent (3),Extracted from formula,MF Market Rent,Used in Unknown_Field_FR1374 (FR1374)
Market Rent (2),Extracted from formula,MF Market Rent,Used in Unknown_Field_FQ1375 (FQ1375)
Market Rent (3),Extracted from formula,MF Market Rent,Used in Unknown_Field_FQ1375 (FQ1375)
Market Rent (2),Extracted from formula,MF Market Rent,Used in Unknown_Field_FR1375 (FR1375)
Market Rent (3),Extracted from formula,MF Market Rent,Used in Unknown_Field_FR1375 (FR1375)
Market Rent (2),Extracted from formula,MF Market Rent,Used in Unknown_Field_FQ1376 (FQ1376)
Market Rent (3),Extracted from formula,MF Market Rent,Used in Unknown_Field_FQ1376 (FQ1376)
Market Rent (2),Extracted from formula,MF Market Rent,Used in Unknown_Field_FR1376 (FR1376)
Market Rent (3),Extracted from formula,MF Market Rent,Used in Unknown_Field_FR1376 (FR1376)
Market Rent (2),Extracted from formula,MF Market Rent,Used in Unknown_Field_FQ1377 (FQ1377)
Market Rent (3),Extracted from formula,MF Market Rent,Used in Unknown_Field_FQ1377 (FQ1377)
Market Rent (2),Extracted from formula,MF Market Rent,Used in Unknown_Field_FR1377 (FR1377)
Market Rent (3),Extracted from formula,MF Market Rent,Used in Unknown_Field_FR1377 (FR1377)
Market Rent (2),Extracted from formula,MF Market Rent,Used in Unknown_Field_FQ1378 (FQ1378)
Market Rent (3),Extracted from formula,MF Market Rent,Used in Unknown_Field_FQ1378 (FQ1378)
Market Rent (2),Extracted from formula,MF Market Rent,Used in Unknown_Field_FR1378 (FR1378)
Market Rent (3),Extracted from formula,MF Market Rent,Used in Unknown_Field_FR1378 (FR1378)
Market Rent (2),Extracted from formula,MF Market Rent,Used in Unknown_Field_FQ1379 (FQ1379)
Market Rent (3),Extracted from formula,MF Market Rent,Used in Unknown_Field_FQ1379 (FQ1379)
Market Rent (2),Extracted from formula,MF Market Rent,Used in Unknown_Field_FR1379 (FR1379)
Market Rent (3),Extracted from formula,MF Market Rent,Used in Unknown_Field_FR1379 (FR1379)
Market Rent (2),Extracted from formula,MF Market Rent,Used in Unknown_Field_FQ1380 (FQ1380)
Market Rent (3),Extracted from formula,MF Market Rent,Used in Unknown_Field_FQ1380 (FQ1380)
Market Rent (2),Extracted from formula,MF Market Rent,Used in Unknown_Field_FR1380 (FR1380)
Market Rent (3),Extracted from formula,MF Market Rent,Used in Unknown_Field_FR1380 (FR1380)
Market Rent (2),Extracted from formula,MF Market Rent,Used in Unknown_Field_FQ1381 (FQ1381)
Market Rent (3),Extracted from formula,MF Market Rent,Used in Unknown_Field_FQ1381 (FQ1381)
Market Rent (2),Extracted from formula,MF Market Rent,Used in Unknown_Field_FR1381 (FR1381)
Market Rent (3),Extracted from formula,MF Market Rent,Used in Unknown_Field_FR1381 (FR1381)
Market Rent (2),Extracted from formula,MF Market Rent,Used in Unknown_Field_FQ1382 (FQ1382)
Market Rent (3),Extracted from formula,MF Market Rent,Used in Unknown_Field_FQ1382 (FQ1382)
Market Rent (2),Extracted from formula,MF Market Rent,Used in Unknown_Field_FR1382 (FR1382)
Market Rent (3),Extracted from formula,MF Market Rent,Used in Unknown_Field_FR1382 (FR1382)
Market Rent (2),Extracted from formula,MF Market Rent,Used in Unknown_Field_FQ1383 (FQ1383)
Market Rent (3),Extracted from formula,MF Market Rent,Used in Unknown_Field_FQ1383 (FQ1383)
Market Rent (2),Extracted from formula,MF Market Rent,Used in Unknown_Field_FR1383 (FR1383)
Market Rent (3),Extracted from formula,MF Market Rent,Used in Unknown_Field_FR1383 (FR1383)
Market Rent (2),Extracted from formula,MF Market Rent,Used in Unknown_Field_FQ1384 (FQ1384)
Market Rent (3),Extracted from formula,MF Market Rent,Used in Unknown_Field_FQ1384 (FQ1384)
Market Rent (2),Extracted from formula,MF Market Rent,Used in Unknown_Field_FR1384 (FR1384)
Market Rent (3),Extracted from formula,MF Market Rent,Used in Unknown_Field_FR1384 (FR1384)
Market Rent (2),Extracted from formula,MF Market Rent,Used in Unknown_Field_FQ1385 (FQ1385)
Market Rent (3),Extracted from formula,MF Market Rent,Used in Unknown_Field_FQ1385 (FQ1385)
Market Rent (2),Extracted from formula,MF Market Rent,Used in Unknown_Field_FR1385 (FR1385)
Market Rent (3),Extracted from formula,MF Market Rent,Used in Unknown_Field_FR1385 (FR1385)
Market Rent (2),Extracted from formula,MF Market Rent,Used in Unknown_Field_FQ1386 (FQ1386)
Market Rent (3),Extracted from formula,MF Market Rent,Used in Unknown_Field_FQ1386 (FQ1386)
Market Rent (2),Extracted from formula,MF Market Rent,Used in Unknown_Field_FR1386 (FR1386)
Market Rent (3),Extracted from formula,MF Market Rent,Used in Unknown_Field_FR1386 (FR1386)
Market Rent (2),Extracted from formula,MF Market Rent,Used in Unknown_Field_FQ1387 (FQ1387)
Market Rent (3),Extracted from formula,MF Market Rent,Used in Unknown_Field_FQ1387 (FQ1387)
Market Rent (2),Extracted from formula,MF Market Rent,Used in Unknown_Field_FR1387 (FR1387)
Market Rent (3),Extracted from formula,MF Market Rent,Used in Unknown_Field_FR1387 (FR1387)
Market Rent (2),Extracted from formula,MF Market Rent,Used in Unknown_Field_FQ1388 (FQ1388)
Market Rent (3),Extracted from formula,MF Market Rent,Used in Unknown_Field_FQ1388 (FQ1388)
Market Rent (2),Extracted from formula,MF Market Rent,Used in Unknown_Field_FR1388 (FR1388)
Market Rent (3),Extracted from formula,MF Market Rent,Used in Unknown_Field_FR1388 (FR1388)
Market Rent (2),Extracted from formula,MF Market Rent,Used in Unknown_Field_FQ1389 (FQ1389)
Market Rent (3),Extracted from formula,MF Market Rent,Used in Unknown_Field_FQ1389 (FQ1389)
Market Rent (2),Extracted from formula,MF Market Rent,Used in Unknown_Field_FR1389 (FR1389)
Market Rent (3),Extracted from formula,MF Market Rent,Used in Unknown_Field_FR1389 (FR1389)
Market Rent (2),Extracted from formula,MF Market Rent,Used in Unknown_Field_FQ1390 (FQ1390)
Market Rent (3),Extracted from formula,MF Market Rent,Used in Unknown_Field_FQ1390 (FQ1390)
Market Rent (2),Extracted from formula,MF Market Rent,Used in Unknown_Field_FR1390 (FR1390)
Market Rent (3),Extracted from formula,MF Market Rent,Used in Unknown_Field_FR1390 (FR1390)
Market Rent (2),Extracted from formula,MF Market Rent,Used in Unknown_Field_FQ1391 (FQ1391)
Market Rent (3),Extracted from formula,MF Market Rent,Used in Unknown_Field_FQ1391 (FQ1391)
Market Rent (2),Extracted from formula,MF Market Rent,Used in Unknown_Field_FR1391 (FR1391)
Market Rent (3),Extracted from formula,MF Market Rent,Used in Unknown_Field_FR1391 (FR1391)
Market Rent (2),Extracted from formula,MF Market Rent,Used in Unknown_Field_FQ1392 (FQ1392)
Market Rent (3),Extracted from formula,MF Market Rent,Used in Unknown_Field_FQ1392 (FQ1392)
Market Rent (2),Extracted from formula,MF Market Rent,Used in Unknown_Field_FR1392 (FR1392)
Market Rent (3),Extracted from formula,MF Market Rent,Used in Unknown_Field_FR1392 (FR1392)
Market Rent (2),Extracted from formula,MF Market Rent,Used in Unknown_Field_FQ1393 (FQ1393)
Market Rent (3),Extracted from formula,MF Market Rent,Used in Unknown_Field_FQ1393 (FQ1393)
Market Rent (2),Extracted from formula,MF Market Rent,Used in Unknown_Field_FR1393 (FR1393)
Market Rent (3),Extracted from formula,MF Market Rent,Used in Unknown_Field_FR1393 (FR1393)
Market Rent (2),Extracted from formula,MF Market Rent,Used in Unknown_Field_FQ1394 (FQ1394)
Market Rent (3),Extracted from formula,MF Market Rent,Used in Unknown_Field_FQ1394 (FQ1394)
Market Rent (2),Extracted from formula,MF Market Rent,Used in Unknown_Field_FR1394 (FR1394)
Market Rent (3),Extracted from formula,MF Market Rent,Used in Unknown_Field_FR1394 (FR1394)
Market Rent (2),Extracted from formula,MF Market Rent,Used in Unknown_Field_FQ1395 (FQ1395)
Market Rent (3),Extracted from formula,MF Market Rent,Used in Unknown_Field_FQ1395 (FQ1395)
Market Rent (2),Extracted from formula,MF Market Rent,Used in Unknown_Field_FR1395 (FR1395)
Market Rent (3),Extracted from formula,MF Market Rent,Used in Unknown_Field_FR1395 (FR1395)
Market Rent (2),Extracted from formula,MF Market Rent,Used in Unknown_Field_FQ1396 (FQ1396)
Market Rent (3),Extracted from formula,MF Market Rent,Used in Unknown_Field_FQ1396 (FQ1396)
Market Rent (2),Extracted from formula,MF Market Rent,Used in Unknown_Field_FR1396 (FR1396)
Market Rent (3),Extracted from formula,MF Market Rent,Used in Unknown_Field_FR1396 (FR1396)
Market Rent (2),Extracted from formula,MF Market Rent,Used in Unknown_Field_FQ1397 (FQ1397)
Market Rent (3),Extracted from formula,MF Market Rent,Used in Unknown_Field_FQ1397 (FQ1397)
Market Rent (2),Extracted from formula,MF Market Rent,Used in Unknown_Field_FR1397 (FR1397)
Market Rent (3),Extracted from formula,MF Market Rent,Used in Unknown_Field_FR1397 (FR1397)
Market Rent (2),Extracted from formula,MF Market Rent,Used in Unknown_Field_FQ1398 (FQ1398)
Market Rent (3),Extracted from formula,MF Market Rent,Used in Unknown_Field_FQ1398 (FQ1398)
Market Rent (2),Extracted from formula,MF Market Rent,Used in Unknown_Field_FR1398 (FR1398)
Market Rent (3),Extracted from formula,MF Market Rent,Used in Unknown_Field_FR1398 (FR1398)
Market Rent (2),Extracted from formula,MF Market Rent,Used in Unknown_Field_FQ1399 (FQ1399)
Market Rent (3),Extracted from formula,MF Market Rent,Used in Unknown_Field_FQ1399 (FQ1399)
Market Rent (2),Extracted from formula,MF Market Rent,Used in Unknown_Field_FR1399 (FR1399)
Market Rent (3),Extracted from formula,MF Market Rent,Used in Unknown_Field_FR1399 (FR1399)
Market Rent (2),Extracted from formula,MF Market Rent,Used in Unknown_Field_FQ1400 (FQ1400)
Market Rent (3),Extracted from formula,MF Market Rent,Used in Unknown_Field_FQ1400 (FQ1400)
Market Rent (2),Extracted from formula,MF Market Rent,Used in Unknown_Field_FR1400 (FR1400)
Market Rent (3),Extracted from formula,MF Market Rent,Used in Unknown_Field_FR1400 (FR1400)
Market Rent (2),Extracted from formula,MF Market Rent,Used in Unknown_Field_FQ1401 (FQ1401)
Market Rent (3),Extracted from formula,MF Market Rent,Used in Unknown_Field_FQ1401 (FQ1401)
Market Rent (2),Extracted from formula,MF Market Rent,Used in Unknown_Field_FR1401 (FR1401)
Market Rent (3),Extracted from formula,MF Market Rent,Used in Unknown_Field_FR1401 (FR1401)
Market Rent (2),Extracted from formula,MF Market Rent,Used in Unknown_Field_FQ1402 (FQ1402)
Market Rent (3),Extracted from formula,MF Market Rent,Used in Unknown_Field_FQ1402 (FQ1402)
Market Rent (2),Extracted from formula,MF Market Rent,Used in Unknown_Field_FR1402 (FR1402)
Market Rent (3),Extracted from formula,MF Market Rent,Used in Unknown_Field_FR1402 (FR1402)
Market Rent (2),Extracted from formula,MF Market Rent,Used in Unknown_Field_FQ1403 (FQ1403)
Market Rent (3),Extracted from formula,MF Market Rent,Used in Unknown_Field_FQ1403 (FQ1403)
Market Rent (2),Extracted from formula,MF Market Rent,Used in Unknown_Field_FR1403 (FR1403)
Market Rent (3),Extracted from formula,MF Market Rent,Used in Unknown_Field_FR1403 (FR1403)
Market Rent (2),Extracted from formula,MF Market Rent,Used in Unknown_Field_FQ1404 (FQ1404)
Market Rent (3),Extracted from formula,MF Market Rent,Used in Unknown_Field_FQ1404 (FQ1404)
Market Rent (2),Extracted from formula,MF Market Rent,Used in Unknown_Field_FR1404 (FR1404)
Market Rent (3),Extracted from formula,MF Market Rent,Used in Unknown_Field_FR1404 (FR1404)
Market Rent (2),Extracted from formula,MF Market Rent,Used in Unknown_Field_FQ1405 (FQ1405)
Market Rent (3),Extracted from formula,MF Market Rent,Used in Unknown_Field_FQ1405 (FQ1405)
Market Rent (2),Extracted from formula,MF Market Rent,Used in Unknown_Field_FR1405 (FR1405)
Market Rent (3),Extracted from formula,MF Market Rent,Used in Unknown_Field_FR1405 (FR1405)
Market Rent (2),Extracted from formula,MF Market Rent,Used in Unknown_Field_FQ1406 (FQ1406)
Market Rent (3),Extracted from formula,MF Market Rent,Used in Unknown_Field_FQ1406 (FQ1406)
Market Rent (2),Extracted from formula,MF Market Rent,Used in Unknown_Field_FR1406 (FR1406)
Market Rent (3),Extracted from formula,MF Market Rent,Used in Unknown_Field_FR1406 (FR1406)
Market Rent (2),Extracted from formula,MF Market Rent,Used in Unknown_Field_FQ1407 (FQ1407)
Market Rent (3),Extracted from formula,MF Market Rent,Used in Unknown_Field_FQ1407 (FQ1407)
Market Rent (2),Extracted from formula,MF Market Rent,Used in Unknown_Field_FR1407 (FR1407)
Market Rent (3),Extracted from formula,MF Market Rent,Used in Unknown_Field_FR1407 (FR1407)
Market Rent (2),Extracted from formula,MF Market Rent,Used in Unknown_Field_FQ1408 (FQ1408)
Market Rent (3),Extracted from formula,MF Market Rent,Used in Unknown_Field_FQ1408 (FQ1408)
Market Rent (2),Extracted from formula,MF Market Rent,Used in Unknown_Field_FR1408 (FR1408)
Market Rent (3),Extracted from formula,MF Market Rent,Used in Unknown_Field_FR1408 (FR1408)
Market Rent (2),Extracted from formula,MF Market Rent,Used in Unknown_Field_FQ1409 (FQ1409)
Market Rent (3),Extracted from formula,MF Market Rent,Used in Unknown_Field_FQ1409 (FQ1409)
Market Rent (2),Extracted from formula,MF Market Rent,Used in Unknown_Field_FR1409 (FR1409)
Market Rent (3),Extracted from formula,MF Market Rent,Used in Unknown_Field_FR1409 (FR1409)
Market Rent (2),Extracted from formula,MF Market Rent,Used in Unknown_Field_FQ1410 (FQ1410)
Market Rent (3),Extracted from formula,MF Market Rent,Used in Unknown_Field_FQ1410 (FQ1410)
Market Rent (2),Extracted from formula,MF Market Rent,Used in Unknown_Field_FR1410 (FR1410)
Market Rent (3),Extracted from formula,MF Market Rent,Used in Unknown_Field_FR1410 (FR1410)
Market Rent (2),Extracted from formula,MF Market Rent,Used in Unknown_Field_FQ1411 (FQ1411)
Market Rent (3),Extracted from formula,MF Market Rent,Used in Unknown_Field_FQ1411 (FQ1411)
Market Rent (2),Extracted from formula,MF Market Rent,Used in Unknown_Field_FR1411 (FR1411)
Market Rent (3),Extracted from formula,MF Market Rent,Used in Unknown_Field_FR1411 (FR1411)
Market Rent (2),Extracted from formula,MF Market Rent,Used in Unknown_Field_FQ1412 (FQ1412)
Market Rent (3),Extracted from formula,MF Market Rent,Used in Unknown_Field_FQ1412 (FQ1412)
Market Rent (2),Extracted from formula,MF Market Rent,Used in Unknown_Field_FR1412 (FR1412)
Market Rent (3),Extracted from formula,MF Market Rent,Used in Unknown_Field_FR1412 (FR1412)
Market Rent,Extracted from formula,MF Market Rent,Used in Utilities Adj. (FQ1462)
Market Rent,Extracted from formula,MF Market Rent,Used in Physical Charactertistics Adj (FR1462)
Market Rent,Extracted from formula,MF Market Rent,Used in Utilities Adj. (FQ1463)
Market Rent,Extracted from formula,MF Market Rent,Used in Physical Charactertistics Adj (FR1463)
Market Rent,Extracted from formula,MF Market Rent,Used in Utilities Adj. (FQ1464)
Market Rent,Extracted from formula,MF Market Rent,Used in Physical Charactertistics Adj (FR1464)
Market Rent,Extracted from formula,MF Market Rent,Used in Utilities Adj. (FQ1465)
Market Rent,Extracted from formula,MF Market Rent,Used in Physical Charactertistics Adj (FR1465)
Market Rent,Extracted from formula,MF Market Rent,Used in Utilities Adj. (FQ1466)
Market Rent,Extracted from formula,MF Market Rent,Used in Physical Charactertistics Adj (FR1466)
Market Rent,Extracted from formula,MF Market Rent,Used in Utilities Adj. (FQ1467)
Market Rent,Extracted from formula,MF Market Rent,Used in Physical Charactertistics Adj (FR1467)
Market Rent,Extracted from formula,MF Market Rent,Used in Utilities Adj. (FQ1468)
Market Rent,Extracted from formula,MF Market Rent,Used in Physical Charactertistics Adj (FR1468)
Market Rent,Extracted from formula,MF Market Rent,Used in Utilities Adj. (FQ1469)
Market Rent,Extracted from formula,MF Market Rent,Used in Physical Charactertistics Adj (FR1469)
Market Rent,Extracted from formula,MF Market Rent,Used in Unknown_Field_FQ1470 (FQ1470)
Market Rent,Extracted from formula,MF Market Rent,Used in Unknown_Field_FR1470 (FR1470)
Market Rent,Extracted from formula,MF Market Rent,Used in Unknown_Field_FQ1471 (FQ1471)
Market Rent,Extracted from formula,MF Market Rent,Used in Unknown_Field_FR1471 (FR1471)
Market Rent,Extracted from formula,MF Market Rent,Used in Unknown_Field_FQ1472 (FQ1472)
Market Rent,Extracted from formula,MF Market Rent,Used in Unknown_Field_FR1472 (FR1472)
Market Rent,Extracted from formula,MF Market Rent,Used in Unknown_Field_FQ1473 (FQ1473)
Market Rent,Extracted from formula,MF Market Rent,Used in Unknown_Field_FR1473 (FR1473)
Market Rent,Extracted from formula,MF Market Rent,Used in Unknown_Field_FQ1474 (FQ1474)
Market Rent,Extracted from formula,MF Market Rent,Used in Unknown_Field_FR1474 (FR1474)
Market Rent,Extracted from formula,MF Market Rent,Used in Unknown_Field_FQ1475 (FQ1475)
Market Rent,Extracted from formula,MF Market Rent,Used in Unknown_Field_FR1475 (FR1475)
Market Rent,Extracted from formula,MF Market Rent,Used in Unknown_Field_FQ1476 (FQ1476)
Market Rent,Extracted from formula,MF Market Rent,Used in Unknown_Field_FR1476 (FR1476)
Market Rent,Extracted from formula,MF Market Rent,Used in Unknown_Field_FQ1477 (FQ1477)
Market Rent,Extracted from formula,MF Market Rent,Used in Unknown_Field_FR1477 (FR1477)
Market Rent,Extracted from formula,MF Market Rent,Used in Unknown_Field_FQ1478 (FQ1478)
Market Rent,Extracted from formula,MF Market Rent,Used in Unknown_Field_FR1478 (FR1478)
Market Rent,Extracted from formula,MF Market Rent,Used in Unknown_Field_FQ1479 (FQ1479)
Market Rent,Extracted from formula,MF Market Rent,Used in Unknown_Field_FR1479 (FR1479)
Market Rent,Extracted from formula,MF Market Rent,Used in Unknown_Field_FQ1480 (FQ1480)
Market Rent,Extracted from formula,MF Market Rent,Used in Unknown_Field_FR1480 (FR1480)
Market Rent,Extracted from formula,MF Market Rent,Used in Unknown_Field_FQ1481 (FQ1481)
Market Rent,Extracted from formula,MF Market Rent,Used in Unknown_Field_FR1481 (FR1481)
Market Rent,Extracted from formula,MF Market Rent,Used in Unknown_Field_FQ1482 (FQ1482)
Market Rent,Extracted from formula,MF Market Rent,Used in Unknown_Field_FR1482 (FR1482)
Market Rent,Extracted from formula,MF Market Rent,Used in Unknown_Field_FQ1483 (FQ1483)
Market Rent,Extracted from formula,MF Market Rent,Used in Unknown_Field_FR1483 (FR1483)
Market Rent,Extracted from formula,MF Market Rent,Used in Unknown_Field_FQ1484 (FQ1484)
Market Rent,Extracted from formula,MF Market Rent,Used in Unknown_Field_FR1484 (FR1484)
Market Rent,Extracted from formula,MF Market Rent,Used in Unknown_Field_FQ1485 (FQ1485)
Market Rent,Extracted from formula,MF Market Rent,Used in Unknown_Field_FR1485 (FR1485)
Market Rent,Extracted from formula,MF Market Rent,Used in Unknown_Field_FQ1486 (FQ1486)
Market Rent,Extracted from formula,MF Market Rent,Used in Unknown_Field_FR1486 (FR1486)
Market Rent,Extracted from formula,MF Market Rent,Used in Unknown_Field_FQ1487 (FQ1487)
Market Rent,Extracted from formula,MF Market Rent,Used in Unknown_Field_FR1487 (FR1487)
Market Rent,Extracted from formula,MF Market Rent,Used in Unknown_Field_FQ1488 (FQ1488)
Market Rent,Extracted from formula,MF Market Rent,Used in Unknown_Field_FR1488 (FR1488)
Market Rent,Extracted from formula,MF Market Rent,Used in Unknown_Field_FQ1489 (FQ1489)
Market Rent,Extracted from formula,MF Market Rent,Used in Unknown_Field_FR1489 (FR1489)
Market Rent,Extracted from formula,MF Market Rent,Used in Unknown_Field_FQ1490 (FQ1490)
Market Rent,Extracted from formula,MF Market Rent,Used in Unknown_Field_FR1490 (FR1490)
Market Rent,Extracted from formula,MF Market Rent,Used in Unknown_Field_FQ1491 (FQ1491)
Market Rent,Extracted from formula,MF Market Rent,Used in Unknown_Field_FR1491 (FR1491)
Market Rent,Extracted from formula,MF Market Rent,Used in Unknown_Field_FQ1492 (FQ1492)
Market Rent,Extracted from formula,MF Market Rent,Used in Unknown_Field_FR1492 (FR1492)
Market Rent,Extracted from formula,MF Market Rent,Used in Unknown_Field_FQ1493 (FQ1493)
Market Rent,Extracted from formula,MF Market Rent,Used in Unknown_Field_FR1493 (FR1493)
Market Rent,Extracted from formula,MF Market Rent,Used in Unknown_Field_FQ1494 (FQ1494)
Market Rent,Extracted from formula,MF Market Rent,Used in Unknown_Field_FR1494 (FR1494)
Market Rent,Extracted from formula,MF Market Rent,Used in Unknown_Field_FQ1495 (FQ1495)
Market Rent,Extracted from formula,MF Market Rent,Used in Unknown_Field_FR1495 (FR1495)
Market Rent,Extracted from formula,MF Market Rent,Used in Unknown_Field_FQ1496 (FQ1496)
Market Rent,Extracted from formula,MF Market Rent,Used in Unknown_Field_FR1496 (FR1496)
Market Rent,Extracted from formula,MF Market Rent,Used in Unknown_Field_FQ1497 (FQ1497)
Market Rent,Extracted from formula,MF Market Rent,Used in Unknown_Field_FR1497 (FR1497)
Market Rent,Extracted from formula,MF Market Rent,Used in Unknown_Field_FQ1498 (FQ1498)
Market Rent,Extracted from formula,MF Market Rent,Used in Unknown_Field_FR1498 (FR1498)
Market Rent,Extracted from formula,MF Market Rent,Used in Unknown_Field_FQ1499 (FQ1499)
Market Rent,Extracted from formula,MF Market Rent,Used in Unknown_Field_FR1499 (FR1499)
Market Rent,Extracted from formula,MF Market Rent,Used in Unknown_Field_FQ1500 (FQ1500)
Market Rent,Extracted from formula,MF Market Rent,Used in Unknown_Field_FR1500 (FR1500)
Market Rent,Extracted from formula,MF Market Rent,Used in Unknown_Field_FQ1501 (FQ1501)
Market Rent,Extracted from formula,MF Market Rent,Used in Unknown_Field_FR1501 (FR1501)
Market Rent,Extracted from formula,MF Market Rent,Used in Unknown_Field_FQ1502 (FQ1502)
Market Rent,Extracted from formula,MF Market Rent,Used in Unknown_Field_FR1502 (FR1502)
Market Rent,Extracted from formula,MF Market Rent,Used in Unknown_Field_FQ1503 (FQ1503)
Market Rent,Extracted from formula,MF Market Rent,Used in Unknown_Field_FR1503 (FR1503)
Market Rent,Extracted from formula,MF Market Rent,Used in Unknown_Field_FQ1504 (FQ1504)
Market Rent,Extracted from formula,MF Market Rent,Used in Unknown_Field_FR1504 (FR1504)
Market Rent,Extracted from formula,MF Market Rent,Used in Unknown_Field_FQ1505 (FQ1505)
Market Rent,Extracted from formula,MF Market Rent,Used in Unknown_Field_FR1505 (FR1505)
Market Rent,Extracted from formula,MF Market Rent,Used in Unknown_Field_FQ1506 (FQ1506)
Market Rent,Extracted from formula,MF Market Rent,Used in Unknown_Field_FR1506 (FR1506)
Market Rent,Extracted from formula,MF Market Rent,Used in Unknown_Field_FQ1507 (FQ1507)
Market Rent,Extracted from formula,MF Market Rent,Used in Unknown_Field_FR1507 (FR1507)
Market Rent,Extracted from formula,MF Market Rent,Used in Unknown_Field_FQ1508 (FQ1508)
Market Rent,Extracted from formula,MF Market Rent,Used in Unknown_Field_FR1508 (FR1508)
Market Rent,Extracted from formula,MF Market Rent,Used in Unknown_Field_FQ1509 (FQ1509)
Market Rent,Extracted from formula,MF Market Rent,Used in Unknown_Field_FR1509 (FR1509)
Market Rent,Extracted from formula,MF Market Rent,Used in Unknown_Field_FQ1510 (FQ1510)
Market Rent,Extracted from formula,MF Market Rent,Used in Unknown_Field_FR1510 (FR1510)
Market Rent,Extracted from formula,MF Market Rent,Used in Unknown_Field_FQ1511 (FQ1511)
Market Rent,Extracted from formula,MF Market Rent,Used in Unknown_Field_FR1511 (FR1511)
Market Rent,Extracted from formula,MF Market Rent,Used in Unknown_Field_FQ1512 (FQ1512)
Market Rent,Extracted from formula,MF Market Rent,Used in Unknown_Field_FR1512 (FR1512)
Market Rent,Extracted from formula,MF Market Rent,Used in Unknown_Field_FQ1513 (FQ1513)
Market Rent,Extracted from formula,MF Market Rent,Used in Unknown_Field_FR1513 (FR1513)
Market Rent,Extracted from formula,MF Market Rent,Used in Unknown_Field_FQ1514 (FQ1514)
Market Rent,Extracted from formula,MF Market Rent,Used in Unknown_Field_FR1514 (FR1514)
Market Rent,Extracted from formula,MF Market Rent,Used in Unknown_Field_FQ1515 (FQ1515)
Market Rent,Extracted from formula,MF Market Rent,Used in Unknown_Field_FR1515 (FR1515)
Market Rent,Extracted from formula,MF Market Rent,Used in Unknown_Field_FQ1516 (FQ1516)
Market Rent,Extracted from formula,MF Market Rent,Used in Unknown_Field_FR1516 (FR1516)
Market Rent,Extracted from formula,MF Market Rent,Used in Unknown_Field_FQ1517 (FQ1517)
Market Rent,Extracted from formula,MF Market Rent,Used in Unknown_Field_FR1517 (FR1517)
Market Rent,Extracted from formula,MF Market Rent,Used in Unknown_Field_FQ1518 (FQ1518)
Market Rent,Extracted from formula,MF Market Rent,Used in Unknown_Field_FR1518 (FR1518)
Market Rent,Extracted from formula,MF Market Rent,Used in Unknown_Field_FQ1519 (FQ1519)
Market Rent,Extracted from formula,MF Market Rent,Used in Unknown_Field_FR1519 (FR1519)
Market Rent,Extracted from formula,MF Market Rent,Used in Unknown_Field_FQ1520 (FQ1520)
Market Rent,Extracted from formula,MF Market Rent,Used in Unknown_Field_FR1520 (FR1520)
Market Rent,Extracted from formula,MF Market Rent,Used in Unknown_Field_FQ1521 (FQ1521)
Market Rent,Extracted from formula,MF Market Rent,Used in Unknown_Field_FR1521 (FR1521)
Market Rent,Extracted from formula,MF Market Rent,Used in Unknown_Field_FQ1522 (FQ1522)
Market Rent,Extracted from formula,MF Market Rent,Used in Unknown_Field_FR1522 (FR1522)
Market Rent,Extracted from formula,MF Market Rent,Used in Unknown_Field_FQ1523 (FQ1523)
Market Rent,Extracted from formula,MF Market Rent,Used in Unknown_Field_FR1523 (FR1523)
Market Rent,Extracted from formula,MF Market Rent,Used in Unknown_Field_FQ1524 (FQ1524)
Market Rent,Extracted from formula,MF Market Rent,Used in Unknown_Field_FR1524 (FR1524)
Market Rent,Extracted from formula,MF Market Rent,Used in Unknown_Field_FQ1525 (FQ1525)
Market Rent,Extracted from formula,MF Market Rent,Used in Unknown_Field_FR1525 (FR1525)
Market Rent,Extracted from formula,MF Market Rent,Used in Unknown_Field_FQ1526 (FQ1526)
Market Rent,Extracted from formula,MF Market Rent,Used in Unknown_Field_FR1526 (FR1526)
Market Rent,Extracted from formula,MF Market Rent,Used in Unknown_Field_FQ1527 (FQ1527)
Market Rent,Extracted from formula,MF Market Rent,Used in Unknown_Field_FR1527 (FR1527)
Market Rent,Extracted from formula,MF Market Rent,Used in Unknown_Field_FQ1528 (FQ1528)
Market Rent,Extracted from formula,MF Market Rent,Used in Unknown_Field_FR1528 (FR1528)
Market Rent,Extracted from formula,MF Market Rent,Used in Unknown_Field_FQ1529 (FQ1529)
Market Rent,Extracted from formula,MF Market Rent,Used in Unknown_Field_FR1529 (FR1529)
Market Rent,Extracted from formula,MF Market Rent,Used in Unknown_Field_FQ1530 (FQ1530)
Market Rent,Extracted from formula,MF Market Rent,Used in Unknown_Field_FR1530 (FR1530)
Market Rent,Extracted from formula,MF Market Rent,Used in Unknown_Field_FQ1531 (FQ1531)
Market Rent,Extracted from formula,MF Market Rent,Used in Unknown_Field_FR1531 (FR1531)
Market Rent,Extracted from formula,MF Market Rent,Used in Unknown_Field_FQ1532 (FQ1532)
Market Rent,Extracted from formula,MF Market Rent,Used in Unknown_Field_FR1532 (FR1532)
Market Rent,Extracted from formula,MF Market Rent,Used in Unknown_Field_FQ1533 (FQ1533)
Market Rent,Extracted from formula,MF Market Rent,Used in Unknown_Field_FR1533 (FR1533)
Market Rent,Extracted from formula,MF Market Rent,Used in Unknown_Field_FQ1534 (FQ1534)
Market Rent,Extracted from formula,MF Market Rent,Used in Unknown_Field_FR1534 (FR1534)
Market Rent,Extracted from formula,MF Market Rent,Used in Unknown_Field_FQ1535 (FQ1535)
Market Rent,Extracted from formula,MF Market Rent,Used in Unknown_Field_FR1535 (FR1535)
Market Rent,Extracted from formula,MF Market Rent,Used in Unknown_Field_FQ1536 (FQ1536)
Market Rent,Extracted from formula,MF Market Rent,Used in Unknown_Field_FR1536 (FR1536)
Market Rent,Extracted from formula,MF Market Rent,Used in Unknown_Field_FQ1537 (FQ1537)
Market Rent,Extracted from formula,MF Market Rent,Used in Unknown_Field_FR1537 (FR1537)
Market Rent,Extracted from formula,MF Market Rent,Used in Unknown_Field_FQ1538 (FQ1538)
Market Rent,Extracted from formula,MF Market Rent,Used in Unknown_Field_FR1538 (FR1538)
Market Rent,Extracted from formula,MF Market Rent,Used in Unknown_Field_FQ1539 (FQ1539)
Market Rent,Extracted from formula,MF Market Rent,Used in Unknown_Field_FR1539 (FR1539)
Market Rent,Extracted from formula,MF Market Rent,Used in Unknown_Field_FQ1540 (FQ1540)
Market Rent,Extracted from formula,MF Market Rent,Used in Unknown_Field_FR1540 (FR1540)
Market Rent,Extracted from formula,MF Market Rent,Used in Unknown_Field_FQ1541 (FQ1541)
Market Rent,Extracted from formula,MF Market Rent,Used in Unknown_Field_FR1541 (FR1541)
Market Rent,Extracted from formula,MF Market Rent,Used in Unknown_Field_FQ1542 (FQ1542)
Market Rent,Extracted from formula,MF Market Rent,Used in Unknown_Field_FR1542 (FR1542)
Market Rent,Extracted from formula,MF Market Rent,Used in Unknown_Field_FQ1543 (FQ1543)
Market Rent,Extracted from formula,MF Market Rent,Used in Unknown_Field_FR1543 (FR1543)
Market Rent,Extracted from formula,MF Market Rent,Used in Unknown_Field_FQ1544 (FQ1544)
Market Rent,Extracted from formula,MF Market Rent,Used in Unknown_Field_FR1544 (FR1544)
Market Rent,Extracted from formula,MF Market Rent,Used in Unknown_Field_FQ1545 (FQ1545)
Market Rent,Extracted from formula,MF Market Rent,Used in Unknown_Field_FR1545 (FR1545)
Market Rent,Extracted from formula,MF Market Rent,Used in Unknown_Field_FQ1546 (FQ1546)
Market Rent,Extracted from formula,MF Market Rent,Used in Unknown_Field_FR1546 (FR1546)
Market Rent,Extracted from formula,MF Market Rent,Used in Unknown_Field_FQ1547 (FQ1547)
Market Rent,Extracted from formula,MF Market Rent,Used in Unknown_Field_FR1547 (FR1547)
Market Rent,Extracted from formula,MF Market Rent,Used in Unknown_Field_FQ1548 (FQ1548)
Market Rent,Extracted from formula,MF Market Rent,Used in Unknown_Field_FR1548 (FR1548)
Market Rent,Extracted from formula,MF Market Rent,Used in Unknown_Field_FQ1549 (FQ1549)
Market Rent,Extracted from formula,MF Market Rent,Used in Unknown_Field_FR1549 (FR1549)
Market Rent,Extracted from formula,MF Market Rent,Used in Unknown_Field_FQ1550 (FQ1550)
Market Rent,Extracted from formula,MF Market Rent,Used in Unknown_Field_FR1550 (FR1550)
Market Rent,Extracted from formula,MF Market Rent,Used in Unknown_Field_FQ1551 (FQ1551)
Market Rent,Extracted from formula,MF Market Rent,Used in Unknown_Field_FR1551 (FR1551)
Market Rent,Extracted from formula,MF Market Rent,Used in Unknown_Field_FQ1552 (FQ1552)
Market Rent,Extracted from formula,MF Market Rent,Used in Unknown_Field_FR1552 (FR1552)
Market Rent,Extracted from formula,MF Market Rent,Used in Unknown_Field_FQ1553 (FQ1553)
Market Rent,Extracted from formula,MF Market Rent,Used in Unknown_Field_FR1553 (FR1553)
Market Rent,Extracted from formula,MF Market Rent,Used in Unknown_Field_FQ1554 (FQ1554)
Market Rent,Extracted from formula,MF Market Rent,Used in Unknown_Field_FR1554 (FR1554)
Market Rent,Extracted from formula,MF Market Rent,Used in Unknown_Field_FQ1555 (FQ1555)
Market Rent,Extracted from formula,MF Market Rent,Used in Unknown_Field_FR1555 (FR1555)
Market Rent,Extracted from formula,MF Market Rent,Used in Unknown_Field_FQ1556 (FQ1556)
Market Rent,Extracted from formula,MF Market Rent,Used in Unknown_Field_FR1556 (FR1556)
Market Rent,Extracted from formula,MF Market Rent,Used in Unknown_Field_FQ1557 (FQ1557)
Market Rent,Extracted from formula,MF Market Rent,Used in Unknown_Field_FR1557 (FR1557)
Market Rent,Extracted from formula,MF Market Rent,Used in Unknown_Field_FQ1558 (FQ1558)
Market Rent,Extracted from formula,MF Market Rent,Used in Unknown_Field_FR1558 (FR1558)
Market Rent,Extracted from formula,MF Market Rent,Used in Unknown_Field_FQ1559 (FQ1559)
Market Rent,Extracted from formula,MF Market Rent,Used in Unknown_Field_FR1559 (FR1559)
Market Rent,Extracted from formula,MF Market Rent,Used in Unknown_Field_FQ1560 (FQ1560)
Market Rent,Extracted from formula,MF Market Rent,Used in Unknown_Field_FR1560 (FR1560)
Market Rent,Extracted from formula,MF Market Rent,Used in Unknown_Field_FQ1561 (FQ1561)
Market Rent,Extracted from formula,MF Market Rent,Used in Unknown_Field_FR1561 (FR1561)
Market Rent,Extracted from formula,MF Market Rent,Used in Unknown_Field_FQ1562 (FQ1562)
Market Rent,Extracted from formula,MF Market Rent,Used in Unknown_Field_FR1562 (FR1562)
Market Rent,Extracted from formula,MF Market Rent,Used in Unknown_Field_FQ1563 (FQ1563)
Market Rent,Extracted from formula,MF Market Rent,Used in Unknown_Field_FR1563 (FR1563)
Market Rent,Extracted from formula,MF Market Rent,Used in Unknown_Field_FQ1564 (FQ1564)
Market Rent,Extracted from formula,MF Market Rent,Used in Unknown_Field_FR1564 (FR1564)
Market Rent,Extracted from formula,MF Market Rent,Used in Unknown_Field_FQ1565 (FQ1565)
Market Rent,Extracted from formula,MF Market Rent,Used in Unknown_Field_FR1565 (FR1565)
Market Rent,Extracted from formula,MF Market Rent,Used in Unknown_Field_FQ1566 (FQ1566)
Market Rent,Extracted from formula,MF Market Rent,Used in Unknown_Field_FR1566 (FR1566)
Market Rent,Extracted from formula,MF Market Rent,Used in Unknown_Field_FQ1567 (FQ1567)
Market Rent,Extracted from formula,MF Market Rent,Used in Unknown_Field_FR1567 (FR1567)
Market Rent,Extracted from formula,MF Market Rent,Used in Unknown_Field_FQ1568 (FQ1568)
Market Rent,Extracted from formula,MF Market Rent,Used in Unknown_Field_FR1568 (FR1568)
Market Rent,Extracted from formula,MF Market Rent,Used in Unknown_Field_FQ1569 (FQ1569)
Market Rent,Extracted from formula,MF Market Rent,Used in Unknown_Field_FR1569 (FR1569)
Market Rent,Extracted from formula,MF Market Rent,Used in Unknown_Field_FQ1570 (FQ1570)
Market Rent,Extracted from formula,MF Market Rent,Used in Unknown_Field_FR1570 (FR1570)
Market Rent,Extracted from formula,MF Market Rent,Used in Unknown_Field_FQ1571 (FQ1571)
Market Rent,Extracted from formula,MF Market Rent,Used in Unknown_Field_FR1571 (FR1571)
Market Rent,Extracted from formula,MF Market Rent,Used in Unknown_Field_FQ1572 (FQ1572)
Market Rent,Extracted from formula,MF Market Rent,Used in Unknown_Field_FR1572 (FR1572)
Market Rent,Extracted from formula,MF Market Rent,Used in Unknown_Field_FQ1573 (FQ1573)
Market Rent,Extracted from formula,MF Market Rent,Used in Unknown_Field_FR1573 (FR1573)
Market Rent,Extracted from formula,MF Market Rent,Used in Unknown_Field_FQ1574 (FQ1574)
Market Rent,Extracted from formula,MF Market Rent,Used in Unknown_Field_FR1574 (FR1574)
Market Rent,Extracted from formula,MF Market Rent,Used in Unknown_Field_FQ1575 (FQ1575)
Market Rent,Extracted from formula,MF Market Rent,Used in Unknown_Field_FR1575 (FR1575)
Market Rent,Extracted from formula,MF Market Rent,Used in Unknown_Field_FQ1576 (FQ1576)
Market Rent,Extracted from formula,MF Market Rent,Used in Unknown_Field_FR1576 (FR1576)
Market Rent,Extracted from formula,MF Market Rent,Used in Unknown_Field_FQ1577 (FQ1577)
Market Rent,Extracted from formula,MF Market Rent,Used in Unknown_Field_FR1577 (FR1577)
Market Rent,Extracted from formula,MF Market Rent,Used in Unknown_Field_FQ1578 (FQ1578)
Market Rent,Extracted from formula,MF Market Rent,Used in Unknown_Field_FR1578 (FR1578)
Market Rent,Extracted from formula,MF Market Rent,Used in Unknown_Field_FQ1579 (FQ1579)
Market Rent,Extracted from formula,MF Market Rent,Used in Unknown_Field_FR1579 (FR1579)
Market Rent,Extracted from formula,MF Market Rent,Used in Unknown_Field_FQ1580 (FQ1580)
Market Rent,Extracted from formula,MF Market Rent,Used in Unknown_Field_FR1580 (FR1580)
Market Rent,Extracted from formula,MF Market Rent,Used in Unknown_Field_FQ1581 (FQ1581)
Market Rent,Extracted from formula,MF Market Rent,Used in Unknown_Field_FR1581 (FR1581)
Market Rent (2),Extracted from formula,MF Market Rent,Used in Unknown_Field_FQ1582 (FQ1582)
Market Rent (3),Extracted from formula,MF Market Rent,Used in Unknown_Field_FQ1582 (FQ1582)
Market Rent (2),Extracted from formula,MF Market Rent,Used in Unknown_Field_FR1582 (FR1582)
Market Rent (3),Extracted from formula,MF Market Rent,Used in Unknown_Field_FR1582 (FR1582)
Market Rent (2),Extracted from formula,MF Market Rent,Used in Unknown_Field_FQ1583 (FQ1583)
Market Rent (3),Extracted from formula,MF Market Rent,Used in Unknown_Field_FQ1583 (FQ1583)
Market Rent (2),Extracted from formula,MF Market Rent,Used in Unknown_Field_FR1583 (FR1583)
Market Rent (3),Extracted from formula,MF Market Rent,Used in Unknown_Field_FR1583 (FR1583)
Market Rent (2),Extracted from formula,MF Market Rent,Used in Unknown_Field_FQ1584 (FQ1584)
Market Rent (3),Extracted from formula,MF Market Rent,Used in Unknown_Field_FQ1584 (FQ1584)
Market Rent (2),Extracted from formula,MF Market Rent,Used in Unknown_Field_FR1584 (FR1584)
Market Rent (3),Extracted from formula,MF Market Rent,Used in Unknown_Field_FR1584 (FR1584)
Market Rent (2),Extracted from formula,MF Market Rent,Used in Unknown_Field_FQ1585 (FQ1585)
Market Rent (3),Extracted from formula,MF Market Rent,Used in Unknown_Field_FQ1585 (FQ1585)
Market Rent (2),Extracted from formula,MF Market Rent,Used in Unknown_Field_FR1585 (FR1585)
Market Rent (3),Extracted from formula,MF Market Rent,Used in Unknown_Field_FR1585 (FR1585)
Market Rent (2),Extracted from formula,MF Market Rent,Used in Unknown_Field_FQ1586 (FQ1586)
Market Rent (3),Extracted from formula,MF Market Rent,Used in Unknown_Field_FQ1586 (FQ1586)
Market Rent (2),Extracted from formula,MF Market Rent,Used in Unknown_Field_FR1586 (FR1586)
Market Rent (3),Extracted from formula,MF Market Rent,Used in Unknown_Field_FR1586 (FR1586)
Market Rent (2),Extracted from formula,MF Market Rent,Used in Unknown_Field_FQ1587 (FQ1587)
Market Rent (3),Extracted from formula,MF Market Rent,Used in Unknown_Field_FQ1587 (FQ1587)
Market Rent (2),Extracted from formula,MF Market Rent,Used in Unknown_Field_FR1587 (FR1587)
Market Rent (3),Extracted from formula,MF Market Rent,Used in Unknown_Field_FR1587 (FR1587)
Market Rent (2),Extracted from formula,MF Market Rent,Used in Unknown_Field_FQ1588 (FQ1588)
Market Rent (3),Extracted from formula,MF Market Rent,Used in Unknown_Field_FQ1588 (FQ1588)
Market Rent (2),Extracted from formula,MF Market Rent,Used in Unknown_Field_FR1588 (FR1588)
Market Rent (3),Extracted from formula,MF Market Rent,Used in Unknown_Field_FR1588 (FR1588)
Market Rent (2),Extracted from formula,MF Market Rent,Used in Unknown_Field_FQ1589 (FQ1589)
Market Rent (3),Extracted from formula,MF Market Rent,Used in Unknown_Field_FQ1589 (FQ1589)
Market Rent (2),Extracted from formula,MF Market Rent,Used in Unknown_Field_FR1589 (FR1589)
Market Rent (3),Extracted from formula,MF Market Rent,Used in Unknown_Field_FR1589 (FR1589)
Market Rent (2),Extracted from formula,MF Market Rent,Used in Unknown_Field_FQ1590 (FQ1590)
Market Rent (3),Extracted from formula,MF Market Rent,Used in Unknown_Field_FQ1590 (FQ1590)
Market Rent (2),Extracted from formula,MF Market Rent,Used in Unknown_Field_FR1590 (FR1590)
Market Rent (3),Extracted from formula,MF Market Rent,Used in Unknown_Field_FR1590 (FR1590)
Market Rent (2),Extracted from formula,MF Market Rent,Used in Unknown_Field_FQ1591 (FQ1591)
Market Rent (3),Extracted from formula,MF Market Rent,Used in Unknown_Field_FQ1591 (FQ1591)
Market Rent (2),Extracted from formula,MF Market Rent,Used in Unknown_Field_FR1591 (FR1591)
Market Rent (3),Extracted from formula,MF Market Rent,Used in Unknown_Field_FR1591 (FR1591)
Market Rent (2),Extracted from formula,MF Market Rent,Used in Unknown_Field_FQ1592 (FQ1592)
Market Rent (3),Extracted from formula,MF Market Rent,Used in Unknown_Field_FQ1592 (FQ1592)
Market Rent (2),Extracted from formula,MF Market Rent,Used in Unknown_Field_FR1592 (FR1592)
Market Rent (3),Extracted from formula,MF Market Rent,Used in Unknown_Field_FR1592 (FR1592)
Market Rent (2),Extracted from formula,MF Market Rent,Used in Unknown_Field_FQ1593 (FQ1593)
Market Rent (3),Extracted from formula,MF Market Rent,Used in Unknown_Field_FQ1593 (FQ1593)
Market Rent (2),Extracted from formula,MF Market Rent,Used in Unknown_Field_FR1593 (FR1593)
Market Rent (3),Extracted from formula,MF Market Rent,Used in Unknown_Field_FR1593 (FR1593)
Market Rent (2),Extracted from formula,MF Market Rent,Used in Unknown_Field_FQ1594 (FQ1594)
Market Rent (3),Extracted from formula,MF Market Rent,Used in Unknown_Field_FQ1594 (FQ1594)
Market Rent (2),Extracted from formula,MF Market Rent,Used in Unknown_Field_FR1594 (FR1594)
Market Rent (3),Extracted from formula,MF Market Rent,Used in Unknown_Field_FR1594 (FR1594)
Market Rent (2),Extracted from formula,MF Market Rent,Used in Unknown_Field_FQ1595 (FQ1595)
Market Rent (3),Extracted from formula,MF Market Rent,Used in Unknown_Field_FQ1595 (FQ1595)
Market Rent (2),Extracted from formula,MF Market Rent,Used in Unknown_Field_FR1595 (FR1595)
Market Rent (3),Extracted from formula,MF Market Rent,Used in Unknown_Field_FR1595 (FR1595)
Market Rent (2),Extracted from formula,MF Market Rent,Used in Unknown_Field_FQ1596 (FQ1596)
Market Rent (3),Extracted from formula,MF Market Rent,Used in Unknown_Field_FQ1596 (FQ1596)
Market Rent (2),Extracted from formula,MF Market Rent,Used in Unknown_Field_FR1596 (FR1596)
Market Rent (3),Extracted from formula,MF Market Rent,Used in Unknown_Field_FR1596 (FR1596)
Market Rent (2),Extracted from formula,MF Market Rent,Used in Unknown_Field_FQ1597 (FQ1597)
Market Rent (3),Extracted from formula,MF Market Rent,Used in Unknown_Field_FQ1597 (FQ1597)
Market Rent (2),Extracted from formula,MF Market Rent,Used in Unknown_Field_FR1597 (FR1597)
Market Rent (3),Extracted from formula,MF Market Rent,Used in Unknown_Field_FR1597 (FR1597)
Market Rent (2),Extracted from formula,MF Market Rent,Used in Unknown_Field_FQ1598 (FQ1598)
Market Rent (3),Extracted from formula,MF Market Rent,Used in Unknown_Field_FQ1598 (FQ1598)
Market Rent (2),Extracted from formula,MF Market Rent,Used in Unknown_Field_FR1598 (FR1598)
Market Rent (3),Extracted from formula,MF Market Rent,Used in Unknown_Field_FR1598 (FR1598)
Market Rent (2),Extracted from formula,MF Market Rent,Used in Unknown_Field_FQ1599 (FQ1599)
Market Rent (3),Extracted from formula,MF Market Rent,Used in Unknown_Field_FQ1599 (FQ1599)
Market Rent (2),Extracted from formula,MF Market Rent,Used in Unknown_Field_FR1599 (FR1599)
Market Rent (3),Extracted from formula,MF Market Rent,Used in Unknown_Field_FR1599 (FR1599)
Market Rent (2),Extracted from formula,MF Market Rent,Used in Unknown_Field_FQ1600 (FQ1600)
Market Rent (3),Extracted from formula,MF Market Rent,Used in Unknown_Field_FQ1600 (FQ1600)
Market Rent (2),Extracted from formula,MF Market Rent,Used in Unknown_Field_FR1600 (FR1600)
Market Rent (3),Extracted from formula,MF Market Rent,Used in Unknown_Field_FR1600 (FR1600)
Market Rent (2),Extracted from formula,MF Market Rent,Used in Unknown_Field_FQ1601 (FQ1601)
Market Rent (3),Extracted from formula,MF Market Rent,Used in Unknown_Field_FQ1601 (FQ1601)
Market Rent (2),Extracted from formula,MF Market Rent,Used in Unknown_Field_FR1601 (FR1601)
Market Rent (3),Extracted from formula,MF Market Rent,Used in Unknown_Field_FR1601 (FR1601)
Market Rent (2),Extracted from formula,MF Market Rent,Used in Unknown_Field_FQ1602 (FQ1602)
Market Rent (3),Extracted from formula,MF Market Rent,Used in Unknown_Field_FQ1602 (FQ1602)
Market Rent (2),Extracted from formula,MF Market Rent,Used in Unknown_Field_FR1602 (FR1602)
Market Rent (3),Extracted from formula,MF Market Rent,Used in Unknown_Field_FR1602 (FR1602)
Market Rent (2),Extracted from formula,MF Market Rent,Used in Unknown_Field_FQ1603 (FQ1603)
Market Rent (3),Extracted from formula,MF Market Rent,Used in Unknown_Field_FQ1603 (FQ1603)
Market Rent (2),Extracted from formula,MF Market Rent,Used in Unknown_Field_FR1603 (FR1603)
Market Rent (3),Extracted from formula,MF Market Rent,Used in Unknown_Field_FR1603 (FR1603)
Market Rent (2),Extracted from formula,MF Market Rent,Used in Unknown_Field_FQ1604 (FQ1604)
Market Rent (3),Extracted from formula,MF Market Rent,Used in Unknown_Field_FQ1604 (FQ1604)
Market Rent (2),Extracted from formula,MF Market Rent,Used in Unknown_Field_FR1604 (FR1604)
Market Rent (3),Extracted from formula,MF Market Rent,Used in Unknown_Field_FR1604 (FR1604)
Market Rent (2),Extracted from formula,MF Market Rent,Used in Unknown_Field_FQ1605 (FQ1605)
Market Rent (3),Extracted from formula,MF Market Rent,Used in Unknown_Field_FQ1605 (FQ1605)
Market Rent (2),Extracted from formula,MF Market Rent,Used in Unknown_Field_FR1605 (FR1605)
Market Rent (3),Extracted from formula,MF Market Rent,Used in Unknown_Field_FR1605 (FR1605)
Market Rent (2),Extracted from formula,MF Market Rent,Used in Unknown_Field_FQ1606 (FQ1606)
Market Rent (3),Extracted from formula,MF Market Rent,Used in Unknown_Field_FQ1606 (FQ1606)
Market Rent (2),Extracted from formula,MF Market Rent,Used in Unknown_Field_FR1606 (FR1606)
Market Rent (3),Extracted from formula,MF Market Rent,Used in Unknown_Field_FR1606 (FR1606)
Market Rent (2),Extracted from formula,MF Market Rent,Used in Unknown_Field_FQ1607 (FQ1607)
Market Rent (3),Extracted from formula,MF Market Rent,Used in Unknown_Field_FQ1607 (FQ1607)
Market Rent (2),Extracted from formula,MF Market Rent,Used in Unknown_Field_FR1607 (FR1607)
Market Rent (3),Extracted from formula,MF Market Rent,Used in Unknown_Field_FR1607 (FR1607)
Market Rent (2),Extracted from formula,MF Market Rent,Used in Unknown_Field_FQ1608 (FQ1608)
Market Rent (3),Extracted from formula,MF Market Rent,Used in Unknown_Field_FQ1608 (FQ1608)
Market Rent (2),Extracted from formula,MF Market Rent,Used in Unknown_Field_FR1608 (FR1608)
Market Rent (3),Extracted from formula,MF Market Rent,Used in Unknown_Field_FR1608 (FR1608)
Market Rent (2),Extracted from formula,MF Market Rent,Used in Unknown_Field_FQ1609 (FQ1609)
Market Rent (3),Extracted from formula,MF Market Rent,Used in Unknown_Field_FQ1609 (FQ1609)
Market Rent (2),Extracted from formula,MF Market Rent,Used in Unknown_Field_FR1609 (FR1609)
Market Rent (3),Extracted from formula,MF Market Rent,Used in Unknown_Field_FR1609 (FR1609)
Market Rent (2),Extracted from formula,MF Market Rent,Used in Unknown_Field_FQ1610 (FQ1610)
Market Rent (3),Extracted from formula,MF Market Rent,Used in Unknown_Field_FQ1610 (FQ1610)
Market Rent (2),Extracted from formula,MF Market Rent,Used in Unknown_Field_FR1610 (FR1610)
Market Rent (3),Extracted from formula,MF Market Rent,Used in Unknown_Field_FR1610 (FR1610)
Market Rent (2),Extracted from formula,MF Market Rent,Used in Unknown_Field_FQ1611 (FQ1611)
Market Rent (3),Extracted from formula,MF Market Rent,Used in Unknown_Field_FQ1611 (FQ1611)
Market Rent (2),Extracted from formula,MF Market Rent,Used in Unknown_Field_FR1611 (FR1611)
Market Rent (3),Extracted from formula,MF Market Rent,Used in Unknown_Field_FR1611 (FR1611)
Market Rent (2),Extracted from formula,MF Market Rent,Used in Unknown_Field_FQ1612 (FQ1612)
Market Rent (3),Extracted from formula,MF Market Rent,Used in Unknown_Field_FQ1612 (FQ1612)
Market Rent (2),Extracted from formula,MF Market Rent,Used in Unknown_Field_FR1612 (FR1612)
Market Rent (3),Extracted from formula,MF Market Rent,Used in Unknown_Field_FR1612 (FR1612)
Market Rent (2),Extracted from formula,MF Market Rent,Used in Unknown_Field_FQ1613 (FQ1613)
Market Rent (3),Extracted from formula,MF Market Rent,Used in Unknown_Field_FQ1613 (FQ1613)
Market Rent (2),Extracted from formula,MF Market Rent,Used in Unknown_Field_FR1613 (FR1613)
Market Rent (3),Extracted from formula,MF Market Rent,Used in Unknown_Field_FR1613 (FR1613)
Market Rent (2),Extracted from formula,MF Market Rent,Used in Unknown_Field_FQ1614 (FQ1614)
Market Rent (3),Extracted from formula,MF Market Rent,Used in Unknown_Field_FQ1614 (FQ1614)
Market Rent (2),Extracted from formula,MF Market Rent,Used in Unknown_Field_FR1614 (FR1614)
Market Rent (3),Extracted from formula,MF Market Rent,Used in Unknown_Field_FR1614 (FR1614)
Market Rent (2),Extracted from formula,MF Market Rent,Used in Unknown_Field_FQ1615 (FQ1615)
Market Rent (3),Extracted from formula,MF Market Rent,Used in Unknown_Field_FQ1615 (FQ1615)
Market Rent (2),Extracted from formula,MF Market Rent,Used in Unknown_Field_FR1615 (FR1615)
Market Rent (3),Extracted from formula,MF Market Rent,Used in Unknown_Field_FR1615 (FR1615)
Market Rent (2),Extracted from formula,MF Market Rent,Used in Unknown_Field_FQ1616 (FQ1616)
Market Rent (3),Extracted from formula,MF Market Rent,Used in Unknown_Field_FQ1616 (FQ1616)
Market Rent (2),Extracted from formula,MF Market Rent,Used in Unknown_Field_FR1616 (FR1616)
Market Rent (3),Extracted from formula,MF Market Rent,Used in Unknown_Field_FR1616 (FR1616)
Market Rent (2),Extracted from formula,MF Market Rent,Used in Unknown_Field_FQ1617 (FQ1617)
Market Rent (3),Extracted from formula,MF Market Rent,Used in Unknown_Field_FQ1617 (FQ1617)
Market Rent (2),Extracted from formula,MF Market Rent,Used in Unknown_Field_FR1617 (FR1617)
Market Rent (3),Extracted from formula,MF Market Rent,Used in Unknown_Field_FR1617 (FR1617)
Market Rent (2),Extracted from formula,MF Market Rent,Used in Unknown_Field_FQ1618 (FQ1618)
Market Rent (3),Extracted from formula,MF Market Rent,Used in Unknown_Field_FQ1618 (FQ1618)
Market Rent (2),Extracted from formula,MF Market Rent,Used in Unknown_Field_FR1618 (FR1618)
Market Rent (3),Extracted from formula,MF Market Rent,Used in Unknown_Field_FR1618 (FR1618)
Market Rent (2),Extracted from formula,MF Market Rent,Used in Unknown_Field_FQ1619 (FQ1619)
Market Rent (3),Extracted from formula,MF Market Rent,Used in Unknown_Field_FQ1619 (FQ1619)
Market Rent (2),Extracted from formula,MF Market Rent,Used in Unknown_Field_FR1619 (FR1619)
Market Rent (3),Extracted from formula,MF Market Rent,Used in Unknown_Field_FR1619 (FR1619)
Market Rent (2),Extracted from formula,MF Market Rent,Used in Unknown_Field_FQ1620 (FQ1620)
Market Rent (3),Extracted from formula,MF Market Rent,Used in Unknown_Field_FQ1620 (FQ1620)
Market Rent (2),Extracted from formula,MF Market Rent,Used in Unknown_Field_FR1620 (FR1620)
Market Rent (3),Extracted from formula,MF Market Rent,Used in Unknown_Field_FR1620 (FR1620)
Market Rent (2),Extracted from formula,MF Market Rent,Used in Unknown_Field_FQ1621 (FQ1621)
Market Rent (3),Extracted from formula,MF Market Rent,Used in Unknown_Field_FQ1621 (FQ1621)
Market Rent (2),Extracted from formula,MF Market Rent,Used in Unknown_Field_FR1621 (FR1621)
Market Rent (3),Extracted from formula,MF Market Rent,Used in Unknown_Field_FR1621 (FR1621)
Market Rent (2),Extracted from formula,MF Market Rent,Used in Unknown_Field_FQ1622 (FQ1622)
Market Rent (3),Extracted from formula,MF Market Rent,Used in Unknown_Field_FQ1622 (FQ1622)
Market Rent (2),Extracted from formula,MF Market Rent,Used in Unknown_Field_FR1622 (FR1622)
Market Rent (3),Extracted from formula,MF Market Rent,Used in Unknown_Field_FR1622 (FR1622)
Market Rent (2),Extracted from formula,MF Market Rent,Used in Unknown_Field_FQ1623 (FQ1623)
Market Rent (3),Extracted from formula,MF Market Rent,Used in Unknown_Field_FQ1623 (FQ1623)
Market Rent (2),Extracted from formula,MF Market Rent,Used in Unknown_Field_FR1623 (FR1623)
Market Rent (3),Extracted from formula,MF Market Rent,Used in Unknown_Field_FR1623 (FR1623)
Market Rent (2),Extracted from formula,MF Market Rent,Used in Unknown_Field_FQ1624 (FQ1624)
Market Rent (3),Extracted from formula,MF Market Rent,Used in Unknown_Field_FQ1624 (FQ1624)
Market Rent (2),Extracted from formula,MF Market Rent,Used in Unknown_Field_FR1624 (FR1624)
Market Rent (3),Extracted from formula,MF Market Rent,Used in Unknown_Field_FR1624 (FR1624)
Market Rent (2),Extracted from formula,MF Market Rent,Used in Unknown_Field_FQ1625 (FQ1625)
Market Rent (3),Extracted from formula,MF Market Rent,Used in Unknown_Field_FQ1625 (FQ1625)
Market Rent (2),Extracted from formula,MF Market Rent,Used in Unknown_Field_FR1625 (FR1625)
Market Rent (3),Extracted from formula,MF Market Rent,Used in Unknown_Field_FR1625 (FR1625)
Market Rent (2),Extracted from formula,MF Market Rent,Used in Unknown_Field_FQ1626 (FQ1626)
Market Rent (3),Extracted from formula,MF Market Rent,Used in Unknown_Field_FQ1626 (FQ1626)
Market Rent (2),Extracted from formula,MF Market Rent,Used in Unknown_Field_FR1626 (FR1626)
Market Rent (3),Extracted from formula,MF Market Rent,Used in Unknown_Field_FR1626 (FR1626)
Market Rent (2),Extracted from formula,MF Market Rent,Used in Unknown_Field_FQ1627 (FQ1627)
Market Rent (3),Extracted from formula,MF Market Rent,Used in Unknown_Field_FQ1627 (FQ1627)
Market Rent (2),Extracted from formula,MF Market Rent,Used in Unknown_Field_FR1627 (FR1627)
Market Rent (3),Extracted from formula,MF Market Rent,Used in Unknown_Field_FR1627 (FR1627)
Market Rent (2),Extracted from formula,MF Market Rent,Used in Unknown_Field_FQ1628 (FQ1628)
Market Rent (3),Extracted from formula,MF Market Rent,Used in Unknown_Field_FQ1628 (FQ1628)
Market Rent (2),Extracted from formula,MF Market Rent,Used in Unknown_Field_FR1628 (FR1628)
Market Rent (3),Extracted from formula,MF Market Rent,Used in Unknown_Field_FR1628 (FR1628)
Market Rent (2),Extracted from formula,MF Market Rent,Used in Unknown_Field_FQ1629 (FQ1629)
Market Rent (3),Extracted from formula,MF Market Rent,Used in Unknown_Field_FQ1629 (FQ1629)
Market Rent (2),Extracted from formula,MF Market Rent,Used in Unknown_Field_FR1629 (FR1629)
Market Rent (3),Extracted from formula,MF Market Rent,Used in Unknown_Field_FR1629 (FR1629)
Market Rent (2),Extracted from formula,MF Market Rent,Used in Unknown_Field_FQ1630 (FQ1630)
Market Rent (3),Extracted from formula,MF Market Rent,Used in Unknown_Field_FQ1630 (FQ1630)
Market Rent (2),Extracted from formula,MF Market Rent,Used in Unknown_Field_FR1630 (FR1630)
Market Rent (3),Extracted from formula,MF Market Rent,Used in Unknown_Field_FR1630 (FR1630)
Market Rent (2),Extracted from formula,MF Market Rent,Used in Unknown_Field_FQ1631 (FQ1631)
Market Rent (3),Extracted from formula,MF Market Rent,Used in Unknown_Field_FQ1631 (FQ1631)
Market Rent (2),Extracted from formula,MF Market Rent,Used in Unknown_Field_FR1631 (FR1631)
Market Rent (3),Extracted from formula,MF Market Rent,Used in Unknown_Field_FR1631 (FR1631)
Market Rent (2),Extracted from formula,MF Market Rent,Used in Unknown_Field_FQ1632 (FQ1632)
Market Rent (3),Extracted from formula,MF Market Rent,Used in Unknown_Field_FQ1632 (FQ1632)
Market Rent (2),Extracted from formula,MF Market Rent,Used in Unknown_Field_FR1632 (FR1632)
Market Rent (3),Extracted from formula,MF Market Rent,Used in Unknown_Field_FR1632 (FR1632)
Market Rent (2),Extracted from formula,MF Market Rent,Used in Unknown_Field_FQ1633 (FQ1633)
Market Rent (3),Extracted from formula,MF Market Rent,Used in Unknown_Field_FQ1633 (FQ1633)
Market Rent (2),Extracted from formula,MF Market Rent,Used in Unknown_Field_FR1633 (FR1633)
Market Rent (3),Extracted from formula,MF Market Rent,Used in Unknown_Field_FR1633 (FR1633)
Market Rent (2),Extracted from formula,MF Market Rent,Used in Unknown_Field_FQ1634 (FQ1634)
Market Rent (3),Extracted from formula,MF Market Rent,Used in Unknown_Field_FQ1634 (FQ1634)
Market Rent (2),Extracted from formula,MF Market Rent,Used in Unknown_Field_FR1634 (FR1634)
Market Rent (3),Extracted from formula,MF Market Rent,Used in Unknown_Field_FR1634 (FR1634)
Market Rent (2),Extracted from formula,MF Market Rent,Used in Unknown_Field_FQ1635 (FQ1635)
Market Rent (3),Extracted from formula,MF Market Rent,Used in Unknown_Field_FQ1635 (FQ1635)
Market Rent (2),Extracted from formula,MF Market Rent,Used in Unknown_Field_FR1635 (FR1635)
Market Rent (3),Extracted from formula,MF Market Rent,Used in Unknown_Field_FR1635 (FR1635)
Market Rent (2),Extracted from formula,MF Market Rent,Used in Unknown_Field_FQ1636 (FQ1636)
Market Rent (3),Extracted from formula,MF Market Rent,Used in Unknown_Field_FQ1636 (FQ1636)
Market Rent (2),Extracted from formula,MF Market Rent,Used in Unknown_Field_FR1636 (FR1636)
Market Rent (3),Extracted from formula,MF Market Rent,Used in Unknown_Field_FR1636 (FR1636)
Market Rent (2),Extracted from formula,MF Market Rent,Used in Unknown_Field_FQ1637 (FQ1637)
Market Rent (3),Extracted from formula,MF Market Rent,Used in Unknown_Field_FQ1637 (FQ1637)
Market Rent (2),Extracted from formula,MF Market Rent,Used in Unknown_Field_FR1637 (FR1637)
Market Rent (3),Extracted from formula,MF Market Rent,Used in Unknown_Field_FR1637 (FR1637)
Market Rent (2),Extracted from formula,MF Market Rent,Used in Unknown_Field_FQ1638 (FQ1638)
Market Rent (3),Extracted from formula,MF Market Rent,Used in Unknown_Field_FQ1638 (FQ1638)
Market Rent (2),Extracted from formula,MF Market Rent,Used in Unknown_Field_FR1638 (FR1638)
Market Rent (3),Extracted from formula,MF Market Rent,Used in Unknown_Field_FR1638 (FR1638)
Market Rent (2),Extracted from formula,MF Market Rent,Used in Unknown_Field_FQ1639 (FQ1639)
Market Rent (3),Extracted from formula,MF Market Rent,Used in Unknown_Field_FQ1639 (FQ1639)
Market Rent (2),Extracted from formula,MF Market Rent,Used in Unknown_Field_FR1639 (FR1639)
Market Rent (3),Extracted from formula,MF Market Rent,Used in Unknown_Field_FR1639 (FR1639)
Market Rent (2),Extracted from formula,MF Market Rent,Used in Unknown_Field_FQ1640 (FQ1640)
Market Rent (3),Extracted from formula,MF Market Rent,Used in Unknown_Field_FQ1640 (FQ1640)
Market Rent (2),Extracted from formula,MF Market Rent,Used in Unknown_Field_FR1640 (FR1640)
Market Rent (3),Extracted from formula,MF Market Rent,Used in Unknown_Field_FR1640 (FR1640)
Market Rent (2),Extracted from formula,MF Market Rent,Used in Unknown_Field_FQ1641 (FQ1641)
Market Rent (3),Extracted from formula,MF Market Rent,Used in Unknown_Field_FQ1641 (FQ1641)
Market Rent (2),Extracted from formula,MF Market Rent,Used in Unknown_Field_FR1641 (FR1641)
Market Rent (3),Extracted from formula,MF Market Rent,Used in Unknown_Field_FR1641 (FR1641)
Market Rent (2),Extracted from formula,MF Market Rent,Used in Unknown_Field_FQ1642 (FQ1642)
Market Rent (3),Extracted from formula,MF Market Rent,Used in Unknown_Field_FQ1642 (FQ1642)
Market Rent (2),Extracted from formula,MF Market Rent,Used in Unknown_Field_FR1642 (FR1642)
Market Rent (3),Extracted from formula,MF Market Rent,Used in Unknown_Field_FR1642 (FR1642)
Market Rent (2),Extracted from formula,MF Market Rent,Used in Unknown_Field_FQ1643 (FQ1643)
Market Rent (3),Extracted from formula,MF Market Rent,Used in Unknown_Field_FQ1643 (FQ1643)
Market Rent (2),Extracted from formula,MF Market Rent,Used in Unknown_Field_FR1643 (FR1643)
Market Rent (3),Extracted from formula,MF Market Rent,Used in Unknown_Field_FR1643 (FR1643)
Market Rent (2),Extracted from formula,MF Market Rent,Used in Unknown_Field_FQ1644 (FQ1644)
Market Rent (3),Extracted from formula,MF Market Rent,Used in Unknown_Field_FQ1644 (FQ1644)
Market Rent (2),Extracted from formula,MF Market Rent,Used in Unknown_Field_FR1644 (FR1644)
Market Rent (3),Extracted from formula,MF Market Rent,Used in Unknown_Field_FR1644 (FR1644)
Market Rent (2),Extracted from formula,MF Market Rent,Used in Unknown_Field_FQ1645 (FQ1645)
Market Rent (3),Extracted from formula,MF Market Rent,Used in Unknown_Field_FQ1645 (FQ1645)
Market Rent (2),Extracted from formula,MF Market Rent,Used in Unknown_Field_FR1645 (FR1645)
Market Rent (3),Extracted from formula,MF Market Rent,Used in Unknown_Field_FR1645 (FR1645)
Market Rent (2),Extracted from formula,MF Market Rent,Used in Unknown_Field_FQ1646 (FQ1646)
Market Rent (3),Extracted from formula,MF Market Rent,Used in Unknown_Field_FQ1646 (FQ1646)
Market Rent (2),Extracted from formula,MF Market Rent,Used in Unknown_Field_FR1646 (FR1646)
Market Rent (3),Extracted from formula,MF Market Rent,Used in Unknown_Field_FR1646 (FR1646)
Market Rent (2),Extracted from formula,MF Market Rent,Used in Unknown_Field_FQ1647 (FQ1647)
Market Rent (3),Extracted from formula,MF Market Rent,Used in Unknown_Field_FQ1647 (FQ1647)
Market Rent (2),Extracted from formula,MF Market Rent,Used in Unknown_Field_FR1647 (FR1647)
Market Rent (3),Extracted from formula,MF Market Rent,Used in Unknown_Field_FR1647 (FR1647)
Market Rent (2),Extracted from formula,MF Market Rent,Used in Unknown_Field_FQ1648 (FQ1648)
Market Rent (3),Extracted from formula,MF Market Rent,Used in Unknown_Field_FQ1648 (FQ1648)
Market Rent (2),Extracted from formula,MF Market Rent,Used in Unknown_Field_FR1648 (FR1648)
Market Rent (3),Extracted from formula,MF Market Rent,Used in Unknown_Field_FR1648 (FR1648)
Market Rent (2),Extracted from formula,MF Market Rent,Used in Unknown_Field_FQ1649 (FQ1649)
Market Rent (3),Extracted from formula,MF Market Rent,Used in Unknown_Field_FQ1649 (FQ1649)
Market Rent (2),Extracted from formula,MF Market Rent,Used in Unknown_Field_FR1649 (FR1649)
Market Rent (3),Extracted from formula,MF Market Rent,Used in Unknown_Field_FR1649 (FR1649)
Market Rent (2),Extracted from formula,MF Market Rent,Used in Unknown_Field_FQ1650 (FQ1650)
Market Rent (3),Extracted from formula,MF Market Rent,Used in Unknown_Field_FQ1650 (FQ1650)
Market Rent (2),Extracted from formula,MF Market Rent,Used in Unknown_Field_FR1650 (FR1650)
Market Rent (3),Extracted from formula,MF Market Rent,Used in Unknown_Field_FR1650 (FR1650)
Market Rent (2),Extracted from formula,MF Market Rent,Used in Unknown_Field_FQ1651 (FQ1651)
Market Rent (3),Extracted from formula,MF Market Rent,Used in Unknown_Field_FQ1651 (FQ1651)
Market Rent (2),Extracted from formula,MF Market Rent,Used in Unknown_Field_FR1651 (FR1651)
Market Rent (3),Extracted from formula,MF Market Rent,Used in Unknown_Field_FR1651 (FR1651)
Market Rent (2),Extracted from formula,MF Market Rent,Used in Unknown_Field_FQ1652 (FQ1652)
Market Rent (3),Extracted from formula,MF Market Rent,Used in Unknown_Field_FQ1652 (FQ1652)
Market Rent (2),Extracted from formula,MF Market Rent,Used in Unknown_Field_FR1652 (FR1652)
Market Rent (3),Extracted from formula,MF Market Rent,Used in Unknown_Field_FR1652 (FR1652)
Market Rent (2),Extracted from formula,MF Market Rent,Used in Unknown_Field_FQ1653 (FQ1653)
Market Rent (3),Extracted from formula,MF Market Rent,Used in Unknown_Field_FQ1653 (FQ1653)
Market Rent (2),Extracted from formula,MF Market Rent,Used in Unknown_Field_FR1653 (FR1653)
Market Rent (3),Extracted from formula,MF Market Rent,Used in Unknown_Field_FR1653 (FR1653)
Market Rent (2),Extracted from formula,MF Market Rent,Used in Unknown_Field_FQ1654 (FQ1654)
Market Rent (3),Extracted from formula,MF Market Rent,Used in Unknown_Field_FQ1654 (FQ1654)
Market Rent (2),Extracted from formula,MF Market Rent,Used in Unknown_Field_FR1654 (FR1654)
Market Rent (3),Extracted from formula,MF Market Rent,Used in Unknown_Field_FR1654 (FR1654)
Market Rent (2),Extracted from formula,MF Market Rent,Used in Unknown_Field_FQ1655 (FQ1655)
Market Rent (3),Extracted from formula,MF Market Rent,Used in Unknown_Field_FQ1655 (FQ1655)
Market Rent (2),Extracted from formula,MF Market Rent,Used in Unknown_Field_FR1655 (FR1655)
Market Rent (3),Extracted from formula,MF Market Rent,Used in Unknown_Field_FR1655 (FR1655)
Market Rent (2),Extracted from formula,MF Market Rent,Used in Unknown_Field_FQ1656 (FQ1656)
Market Rent (3),Extracted from formula,MF Market Rent,Used in Unknown_Field_FQ1656 (FQ1656)
Market Rent (2),Extracted from formula,MF Market Rent,Used in Unknown_Field_FR1656 (FR1656)
Market Rent (3),Extracted from formula,MF Market Rent,Used in Unknown_Field_FR1656 (FR1656)
Market Rent (2),Extracted from formula,MF Market Rent,Used in Unknown_Field_FQ1657 (FQ1657)
Market Rent (3),Extracted from formula,MF Market Rent,Used in Unknown_Field_FQ1657 (FQ1657)
Market Rent (2),Extracted from formula,MF Market Rent,Used in Unknown_Field_FR1657 (FR1657)
Market Rent (3),Extracted from formula,MF Market Rent,Used in Unknown_Field_FR1657 (FR1657)
Market Rent (2),Extracted from formula,MF Market Rent,Used in Unknown_Field_FQ1658 (FQ1658)
Market Rent (3),Extracted from formula,MF Market Rent,Used in Unknown_Field_FQ1658 (FQ1658)
Market Rent (2),Extracted from formula,MF Market Rent,Used in Unknown_Field_FR1658 (FR1658)
Market Rent (3),Extracted from formula,MF Market Rent,Used in Unknown_Field_FR1658 (FR1658)
Market Rent (2),Extracted from formula,MF Market Rent,Used in Unknown_Field_FQ1659 (FQ1659)
Market Rent (3),Extracted from formula,MF Market Rent,Used in Unknown_Field_FQ1659 (FQ1659)
Market Rent (2),Extracted from formula,MF Market Rent,Used in Unknown_Field_FR1659 (FR1659)
Market Rent (3),Extracted from formula,MF Market Rent,Used in Unknown_Field_FR1659 (FR1659)
Market Rent (2),Extracted from formula,MF Market Rent,Used in Unknown_Field_FQ1660 (FQ1660)
Market Rent (3),Extracted from formula,MF Market Rent,Used in Unknown_Field_FQ1660 (FQ1660)
Market Rent (2),Extracted from formula,MF Market Rent,Used in Unknown_Field_FR1660 (FR1660)
Market Rent (3),Extracted from formula,MF Market Rent,Used in Unknown_Field_FR1660 (FR1660)
Market Rent (2),Extracted from formula,MF Market Rent,Used in Unknown_Field_FQ1661 (FQ1661)
Market Rent (3),Extracted from formula,MF Market Rent,Used in Unknown_Field_FQ1661 (FQ1661)
Market Rent (2),Extracted from formula,MF Market Rent,Used in Unknown_Field_FR1661 (FR1661)
Market Rent (3),Extracted from formula,MF Market Rent,Used in Unknown_Field_FR1661 (FR1661)
Market Rent (2),Extracted from formula,MF Market Rent,Used in Unknown_Field_FQ1662 (FQ1662)
Market Rent (3),Extracted from formula,MF Market Rent,Used in Unknown_Field_FQ1662 (FQ1662)
Market Rent (2),Extracted from formula,MF Market Rent,Used in Unknown_Field_FR1662 (FR1662)
Market Rent (3),Extracted from formula,MF Market Rent,Used in Unknown_Field_FR1662 (FR1662)
Market Rent (2),Extracted from formula,MF Market Rent,Used in Unknown_Field_FQ1663 (FQ1663)
Market Rent (3),Extracted from formula,MF Market Rent,Used in Unknown_Field_FQ1663 (FQ1663)
Market Rent (2),Extracted from formula,MF Market Rent,Used in Unknown_Field_FR1663 (FR1663)
Market Rent (3),Extracted from formula,MF Market Rent,Used in Unknown_Field_FR1663 (FR1663)
Market Rent (2),Extracted from formula,MF Market Rent,Used in Unknown_Field_FQ1664 (FQ1664)
Market Rent (3),Extracted from formula,MF Market Rent,Used in Unknown_Field_FQ1664 (FQ1664)
Market Rent (2),Extracted from formula,MF Market Rent,Used in Unknown_Field_FR1664 (FR1664)
Market Rent (3),Extracted from formula,MF Market Rent,Used in Unknown_Field_FR1664 (FR1664)
Market Rent (2),Extracted from formula,MF Market Rent,Used in Unknown_Field_FQ1665 (FQ1665)
Market Rent (3),Extracted from formula,MF Market Rent,Used in Unknown_Field_FQ1665 (FQ1665)
Market Rent (2),Extracted from formula,MF Market Rent,Used in Unknown_Field_FR1665 (FR1665)
Market Rent (3),Extracted from formula,MF Market Rent,Used in Unknown_Field_FR1665 (FR1665)
Market Rent (2),Extracted from formula,MF Market Rent,Used in Unknown_Field_FQ1666 (FQ1666)
Market Rent (3),Extracted from formula,MF Market Rent,Used in Unknown_Field_FQ1666 (FQ1666)
Market Rent (2),Extracted from formula,MF Market Rent,Used in Unknown_Field_FR1666 (FR1666)
Market Rent (3),Extracted from formula,MF Market Rent,Used in Unknown_Field_FR1666 (FR1666)
Market Rent (2),Extracted from formula,MF Market Rent,Used in Unknown_Field_FQ1667 (FQ1667)
Market Rent (3),Extracted from formula,MF Market Rent,Used in Unknown_Field_FQ1667 (FQ1667)
Market Rent (2),Extracted from formula,MF Market Rent,Used in Unknown_Field_FR1667 (FR1667)
Market Rent (3),Extracted from formula,MF Market Rent,Used in Unknown_Field_FR1667 (FR1667)
Market Rent (2),Extracted from formula,MF Market Rent,Used in Unknown_Field_FQ1668 (FQ1668)
Market Rent (3),Extracted from formula,MF Market Rent,Used in Unknown_Field_FQ1668 (FQ1668)
Market Rent (2),Extracted from formula,MF Market Rent,Used in Unknown_Field_FR1668 (FR1668)
Market Rent (3),Extracted from formula,MF Market Rent,Used in Unknown_Field_FR1668 (FR1668)
Market Rent (2),Extracted from formula,MF Market Rent,Used in Unknown_Field_FQ1669 (FQ1669)
Market Rent (3),Extracted from formula,MF Market Rent,Used in Unknown_Field_FQ1669 (FQ1669)
Market Rent (2),Extracted from formula,MF Market Rent,Used in Unknown_Field_FR1669 (FR1669)
Market Rent (3),Extracted from formula,MF Market Rent,Used in Unknown_Field_FR1669 (FR1669)
Market Rent (2),Extracted from formula,MF Market Rent,Used in Unknown_Field_FQ1670 (FQ1670)
Market Rent (3),Extracted from formula,MF Market Rent,Used in Unknown_Field_FQ1670 (FQ1670)
Market Rent (2),Extracted from formula,MF Market Rent,Used in Unknown_Field_FR1670 (FR1670)
Market Rent (3),Extracted from formula,MF Market Rent,Used in Unknown_Field_FR1670 (FR1670)
Market Rent (2),Extracted from formula,MF Market Rent,Used in Unknown_Field_FQ1671 (FQ1671)
Market Rent (3),Extracted from formula,MF Market Rent,Used in Unknown_Field_FQ1671 (FQ1671)
Market Rent (2),Extracted from formula,MF Market Rent,Used in Unknown_Field_FR1671 (FR1671)
Market Rent (3),Extracted from formula,MF Market Rent,Used in Unknown_Field_FR1671 (FR1671)
Market Rent (2),Extracted from formula,MF Market Rent,Used in Unknown_Field_FQ1672 (FQ1672)
Market Rent (3),Extracted from formula,MF Market Rent,Used in Unknown_Field_FQ1672 (FQ1672)
Market Rent (2),Extracted from formula,MF Market Rent,Used in Unknown_Field_FR1672 (FR1672)
Market Rent (3),Extracted from formula,MF Market Rent,Used in Unknown_Field_FR1672 (FR1672)
Market Rent (2),Extracted from formula,MF Market Rent,Used in Unknown_Field_FQ1673 (FQ1673)
Market Rent (3),Extracted from formula,MF Market Rent,Used in Unknown_Field_FQ1673 (FQ1673)
Market Rent (2),Extracted from formula,MF Market Rent,Used in Unknown_Field_FR1673 (FR1673)
Market Rent (3),Extracted from formula,MF Market Rent,Used in Unknown_Field_FR1673 (FR1673)
Market Rent (2),Extracted from formula,MF Market Rent,Used in Unknown_Field_FQ1674 (FQ1674)
Market Rent (3),Extracted from formula,MF Market Rent,Used in Unknown_Field_FQ1674 (FQ1674)
Market Rent (2),Extracted from formula,MF Market Rent,Used in Unknown_Field_FR1674 (FR1674)
Market Rent (3),Extracted from formula,MF Market Rent,Used in Unknown_Field_FR1674 (FR1674)
Market Rent (2),Extracted from formula,MF Market Rent,Used in Unknown_Field_FQ1675 (FQ1675)
Market Rent (3),Extracted from formula,MF Market Rent,Used in Unknown_Field_FQ1675 (FQ1675)
Market Rent (2),Extracted from formula,MF Market Rent,Used in Unknown_Field_FR1675 (FR1675)
Market Rent (3),Extracted from formula,MF Market Rent,Used in Unknown_Field_FR1675 (FR1675)
Market Rent (2),Extracted from formula,MF Market Rent,Used in Unknown_Field_FQ1676 (FQ1676)
Market Rent (3),Extracted from formula,MF Market Rent,Used in Unknown_Field_FQ1676 (FQ1676)
Market Rent (2),Extracted from formula,MF Market Rent,Used in Unknown_Field_FR1676 (FR1676)
Market Rent (3),Extracted from formula,MF Market Rent,Used in Unknown_Field_FR1676 (FR1676)
Market Rent (2),Extracted from formula,MF Market Rent,Used in Unknown_Field_FQ1677 (FQ1677)
Market Rent (3),Extracted from formula,MF Market Rent,Used in Unknown_Field_FQ1677 (FQ1677)
Market Rent (2),Extracted from formula,MF Market Rent,Used in Unknown_Field_FR1677 (FR1677)
Market Rent (3),Extracted from formula,MF Market Rent,Used in Unknown_Field_FR1677 (FR1677)
Market Rent (2),Extracted from formula,MF Market Rent,Used in Unknown_Field_FQ1678 (FQ1678)
Market Rent (3),Extracted from formula,MF Market Rent,Used in Unknown_Field_FQ1678 (FQ1678)
Market Rent (2),Extracted from formula,MF Market Rent,Used in Unknown_Field_FR1678 (FR1678)
Market Rent (3),Extracted from formula,MF Market Rent,Used in Unknown_Field_FR1678 (FR1678)
Market Rent (2),Extracted from formula,MF Market Rent,Used in Unknown_Field_FQ1679 (FQ1679)
Market Rent (3),Extracted from formula,MF Market Rent,Used in Unknown_Field_FQ1679 (FQ1679)
Market Rent (2),Extracted from formula,MF Market Rent,Used in Unknown_Field_FR1679 (FR1679)
Market Rent (3),Extracted from formula,MF Market Rent,Used in Unknown_Field_FR1679 (FR1679)
Market Rent (2),Extracted from formula,MF Market Rent,Used in Unknown_Field_FQ1680 (FQ1680)
Market Rent (3),Extracted from formula,MF Market Rent,Used in Unknown_Field_FQ1680 (FQ1680)
Market Rent (2),Extracted from formula,MF Market Rent,Used in Unknown_Field_FR1680 (FR1680)
Market Rent (3),Extracted from formula,MF Market Rent,Used in Unknown_Field_FR1680 (FR1680)
Market Rent (2),Extracted from formula,MF Market Rent,Used in Unknown_Field_FQ1681 (FQ1681)
Market Rent (3),Extracted from formula,MF Market Rent,Used in Unknown_Field_FQ1681 (FQ1681)
Market Rent (2),Extracted from formula,MF Market Rent,Used in Unknown_Field_FR1681 (FR1681)
Market Rent (3),Extracted from formula,MF Market Rent,Used in Unknown_Field_FR1681 (FR1681)
Market Rent (2),Extracted from formula,MF Market Rent,Used in Unknown_Field_FQ1682 (FQ1682)
Market Rent (3),Extracted from formula,MF Market Rent,Used in Unknown_Field_FQ1682 (FQ1682)
Market Rent (2),Extracted from formula,MF Market Rent,Used in Unknown_Field_FR1682 (FR1682)
Market Rent (3),Extracted from formula,MF Market Rent,Used in Unknown_Field_FR1682 (FR1682)
Market Rent (2),Extracted from formula,MF Market Rent,Used in Unknown_Field_FQ1683 (FQ1683)
Market Rent (3),Extracted from formula,MF Market Rent,Used in Unknown_Field_FQ1683 (FQ1683)
Market Rent (2),Extracted from formula,MF Market Rent,Used in Unknown_Field_FR1683 (FR1683)
Market Rent (3),Extracted from formula,MF Market Rent,Used in Unknown_Field_FR1683 (FR1683)
Market Rent (2),Extracted from formula,MF Market Rent,Used in Unknown_Field_FQ1684 (FQ1684)
Market Rent (3),Extracted from formula,MF Market Rent,Used in Unknown_Field_FQ1684 (FQ1684)
Market Rent (2),Extracted from formula,MF Market Rent,Used in Unknown_Field_FR1684 (FR1684)
Market Rent (3),Extracted from formula,MF Market Rent,Used in Unknown_Field_FR1684 (FR1684)
Market Rent (2),Extracted from formula,MF Market Rent,Used in Unknown_Field_FQ1685 (FQ1685)
Market Rent (3),Extracted from formula,MF Market Rent,Used in Unknown_Field_FQ1685 (FQ1685)
Market Rent (2),Extracted from formula,MF Market Rent,Used in Unknown_Field_FR1685 (FR1685)
Market Rent (3),Extracted from formula,MF Market Rent,Used in Unknown_Field_FR1685 (FR1685)
Market Rent (2),Extracted from formula,MF Market Rent,Used in Unknown_Field_FQ1686 (FQ1686)
Market Rent (3),Extracted from formula,MF Market Rent,Used in Unknown_Field_FQ1686 (FQ1686)
Market Rent (2),Extracted from formula,MF Market Rent,Used in Unknown_Field_FR1686 (FR1686)
Market Rent (3),Extracted from formula,MF Market Rent,Used in Unknown_Field_FR1686 (FR1686)
Market Rent (2),Extracted from formula,MF Market Rent,Used in Unknown_Field_FQ1687 (FQ1687)
Market Rent (3),Extracted from formula,MF Market Rent,Used in Unknown_Field_FQ1687 (FQ1687)
Market Rent (2),Extracted from formula,MF Market Rent,Used in Unknown_Field_FR1687 (FR1687)
Market Rent (3),Extracted from formula,MF Market Rent,Used in Unknown_Field_FR1687 (FR1687)
Market Rent (2),Extracted from formula,MF Market Rent,Used in Unknown_Field_FQ1688 (FQ1688)
Market Rent (3),Extracted from formula,MF Market Rent,Used in Unknown_Field_FQ1688 (FQ1688)
Market Rent (2),Extracted from formula,MF Market Rent,Used in Unknown_Field_FR1688 (FR1688)
Market Rent (3),Extracted from formula,MF Market Rent,Used in Unknown_Field_FR1688 (FR1688)
Market Rent (2),Extracted from formula,MF Market Rent,Used in Unknown_Field_FQ1689 (FQ1689)
Market Rent (3),Extracted from formula,MF Market Rent,Used in Unknown_Field_FQ1689 (FQ1689)
Market Rent (2),Extracted from formula,MF Market Rent,Used in Unknown_Field_FR1689 (FR1689)
Market Rent (3),Extracted from formula,MF Market Rent,Used in Unknown_Field_FR1689 (FR1689)
Market Rent (2),Extracted from formula,MF Market Rent,Used in Unknown_Field_FQ1690 (FQ1690)
Market Rent (3),Extracted from formula,MF Market Rent,Used in Unknown_Field_FQ1690 (FQ1690)
Market Rent (2),Extracted from formula,MF Market Rent,Used in Unknown_Field_FR1690 (FR1690)
Market Rent (3),Extracted from formula,MF Market Rent,Used in Unknown_Field_FR1690 (FR1690)
Market Rent (2),Extracted from formula,MF Market Rent,Used in Unknown_Field_FQ1691 (FQ1691)
Market Rent (3),Extracted from formula,MF Market Rent,Used in Unknown_Field_FQ1691 (FQ1691)
Market Rent (2),Extracted from formula,MF Market Rent,Used in Unknown_Field_FR1691 (FR1691)
Market Rent (3),Extracted from formula,MF Market Rent,Used in Unknown_Field_FR1691 (FR1691)
Market Rent (2),Extracted from formula,MF Market Rent,Used in Unknown_Field_FQ1692 (FQ1692)
Market Rent (3),Extracted from formula,MF Market Rent,Used in Unknown_Field_FQ1692 (FQ1692)
Market Rent (2),Extracted from formula,MF Market Rent,Used in Unknown_Field_FR1692 (FR1692)
Market Rent (3),Extracted from formula,MF Market Rent,Used in Unknown_Field_FR1692 (FR1692)
Market Rent (2),Extracted from formula,MF Market Rent,Used in Unknown_Field_FQ1693 (FQ1693)
Market Rent (3),Extracted from formula,MF Market Rent,Used in Unknown_Field_FQ1693 (FQ1693)
Market Rent (2),Extracted from formula,MF Market Rent,Used in Unknown_Field_FR1693 (FR1693)
Market Rent (3),Extracted from formula,MF Market Rent,Used in Unknown_Field_FR1693 (FR1693)
Market Rent (2),Extracted from formula,MF Market Rent,Used in Unknown_Field_FQ1694 (FQ1694)
Market Rent (3),Extracted from formula,MF Market Rent,Used in Unknown_Field_FQ1694 (FQ1694)
Market Rent (2),Extracted from formula,MF Market Rent,Used in Unknown_Field_FR1694 (FR1694)
Market Rent (3),Extracted from formula,MF Market Rent,Used in Unknown_Field_FR1694 (FR1694)
Market Rent (2),Extracted from formula,MF Market Rent,Used in Unknown_Field_FQ1695 (FQ1695)
Market Rent (3),Extracted from formula,MF Market Rent,Used in Unknown_Field_FQ1695 (FQ1695)
Market Rent (2),Extracted from formula,MF Market Rent,Used in Unknown_Field_FR1695 (FR1695)
Market Rent (3),Extracted from formula,MF Market Rent,Used in Unknown_Field_FR1695 (FR1695)
Market Rent (2),Extracted from formula,MF Market Rent,Used in Unknown_Field_FQ1696 (FQ1696)
Market Rent (3),Extracted from formula,MF Market Rent,Used in Unknown_Field_FQ1696 (FQ1696)
Market Rent (2),Extracted from formula,MF Market Rent,Used in Unknown_Field_FR1696 (FR1696)
Market Rent (3),Extracted from formula,MF Market Rent,Used in Unknown_Field_FR1696 (FR1696)
Market Rent (2),Extracted from formula,MF Market Rent,Used in Unknown_Field_FQ1697 (FQ1697)
Market Rent (3),Extracted from formula,MF Market Rent,Used in Unknown_Field_FQ1697 (FQ1697)
Market Rent (2),Extracted from formula,MF Market Rent,Used in Unknown_Field_FR1697 (FR1697)
Market Rent (3),Extracted from formula,MF Market Rent,Used in Unknown_Field_FR1697 (FR1697)
Market Rent (2),Extracted from formula,MF Market Rent,Used in Unknown_Field_FQ1698 (FQ1698)
Market Rent (3),Extracted from formula,MF Market Rent,Used in Unknown_Field_FQ1698 (FQ1698)
Market Rent (2),Extracted from formula,MF Market Rent,Used in Unknown_Field_FR1698 (FR1698)
Market Rent (3),Extracted from formula,MF Market Rent,Used in Unknown_Field_FR1698 (FR1698)
Market Rent (2),Extracted from formula,MF Market Rent,Used in Unknown_Field_FQ1699 (FQ1699)
Market Rent (3),Extracted from formula,MF Market Rent,Used in Unknown_Field_FQ1699 (FQ1699)
Market Rent (2),Extracted from formula,MF Market Rent,Used in Unknown_Field_FR1699 (FR1699)
Market Rent (3),Extracted from formula,MF Market Rent,Used in Unknown_Field_FR1699 (FR1699)
Market Rent (2),Extracted from formula,MF Market Rent,Used in Unknown_Field_FQ1700 (FQ1700)
Market Rent (3),Extracted from formula,MF Market Rent,Used in Unknown_Field_FQ1700 (FQ1700)
Market Rent (2),Extracted from formula,MF Market Rent,Used in Unknown_Field_FR1700 (FR1700)
Market Rent (3),Extracted from formula,MF Market Rent,Used in Unknown_Field_FR1700 (FR1700)
Market Rent (2),Extracted from formula,MF Market Rent,Used in Unknown_Field_FQ1701 (FQ1701)
Market Rent (3),Extracted from formula,MF Market Rent,Used in Unknown_Field_FQ1701 (FQ1701)
Market Rent (2),Extracted from formula,MF Market Rent,Used in Unknown_Field_FR1701 (FR1701)
Market Rent (3),Extracted from formula,MF Market Rent,Used in Unknown_Field_FR1701 (FR1701)
Market Rent,Extracted from formula,MF Market Rent,Used in Utilities Adj. (FQ1751)
Market Rent,Extracted from formula,MF Market Rent,Used in Physical Charactertistics Adj (FR1751)
Market Rent,Extracted from formula,MF Market Rent,Used in Utilities Adj. (FQ1752)
Market Rent,Extracted from formula,MF Market Rent,Used in Physical Charactertistics Adj (FR1752)
Market Rent,Extracted from formula,MF Market Rent,Used in Utilities Adj. (FQ1753)
Market Rent,Extracted from formula,MF Market Rent,Used in Physical Charactertistics Adj (FR1753)
Market Rent,Extracted from formula,MF Market Rent,Used in Utilities Adj. (FQ1754)
Market Rent,Extracted from formula,MF Market Rent,Used in Physical Charactertistics Adj (FR1754)
Market Rent,Extracted from formula,MF Market Rent,Used in Utilities Adj. (FQ1755)
Market Rent,Extracted from formula,MF Market Rent,Used in Physical Charactertistics Adj (FR1755)
Market Rent,Extracted from formula,MF Market Rent,Used in Utilities Adj. (FQ1756)
Market Rent,Extracted from formula,MF Market Rent,Used in Physical Charactertistics Adj (FR1756)
Market Rent,Extracted from formula,MF Market Rent,Used in Utilities Adj. (FQ1757)
Market Rent,Extracted from formula,MF Market Rent,Used in Physical Charactertistics Adj (FR1757)
Market Rent,Extracted from formula,MF Market Rent,Used in Utilities Adj. (FQ1758)
Market Rent,Extracted from formula,MF Market Rent,Used in Physical Charactertistics Adj (FR1758)
Market Rent,Extracted from formula,MF Market Rent,Used in Unknown_Field_FQ1759 (FQ1759)
Market Rent,Extracted from formula,MF Market Rent,Used in Unknown_Field_FR1759 (FR1759)
Market Rent,Extracted from formula,MF Market Rent,Used in Unknown_Field_FQ1760 (FQ1760)
Market Rent,Extracted from formula,MF Market Rent,Used in Unknown_Field_FR1760 (FR1760)
Market Rent,Extracted from formula,MF Market Rent,Used in Unknown_Field_FQ1761 (FQ1761)
Market Rent,Extracted from formula,MF Market Rent,Used in Unknown_Field_FR1761 (FR1761)
Market Rent,Extracted from formula,MF Market Rent,Used in Unknown_Field_FQ1762 (FQ1762)
Market Rent,Extracted from formula,MF Market Rent,Used in Unknown_Field_FR1762 (FR1762)
Market Rent,Extracted from formula,MF Market Rent,Used in Unknown_Field_FQ1763 (FQ1763)
Market Rent,Extracted from formula,MF Market Rent,Used in Unknown_Field_FR1763 (FR1763)
Market Rent,Extracted from formula,MF Market Rent,Used in Unknown_Field_FQ1764 (FQ1764)
Market Rent,Extracted from formula,MF Market Rent,Used in Unknown_Field_FR1764 (FR1764)
Market Rent,Extracted from formula,MF Market Rent,Used in Unknown_Field_FQ1765 (FQ1765)
Market Rent,Extracted from formula,MF Market Rent,Used in Unknown_Field_FR1765 (FR1765)
Market Rent,Extracted from formula,MF Market Rent,Used in Unknown_Field_FQ1766 (FQ1766)
Market Rent,Extracted from formula,MF Market Rent,Used in Unknown_Field_FR1766 (FR1766)
Market Rent,Extracted from formula,MF Market Rent,Used in Unknown_Field_FQ1767 (FQ1767)
Market Rent,Extracted from formula,MF Market Rent,Used in Unknown_Field_FR1767 (FR1767)
Market Rent,Extracted from formula,MF Market Rent,Used in Unknown_Field_FQ1768 (FQ1768)
Market Rent,Extracted from formula,MF Market Rent,Used in Unknown_Field_FR1768 (FR1768)
Market Rent,Extracted from formula,MF Market Rent,Used in Unknown_Field_FQ1769 (FQ1769)
Market Rent,Extracted from formula,MF Market Rent,Used in Unknown_Field_FR1769 (FR1769)
Market Rent,Extracted from formula,MF Market Rent,Used in Unknown_Field_FQ1770 (FQ1770)
Market Rent,Extracted from formula,MF Market Rent,Used in Unknown_Field_FR1770 (FR1770)
Market Rent,Extracted from formula,MF Market Rent,Used in Unknown_Field_FQ1771 (FQ1771)
Market Rent,Extracted from formula,MF Market Rent,Used in Unknown_Field_FR1771 (FR1771)
Market Rent,Extracted from formula,MF Market Rent,Used in Unknown_Field_FQ1772 (FQ1772)
Market Rent,Extracted from formula,MF Market Rent,Used in Unknown_Field_FR1772 (FR1772)
Market Rent,Extracted from formula,MF Market Rent,Used in Unknown_Field_FQ1773 (FQ1773)
Market Rent,Extracted from formula,MF Market Rent,Used in Unknown_Field_FR1773 (FR1773)
Market Rent,Extracted from formula,MF Market Rent,Used in Unknown_Field_FQ1774 (FQ1774)
Market Rent,Extracted from formula,MF Market Rent,Used in Unknown_Field_FR1774 (FR1774)
Market Rent,Extracted from formula,MF Market Rent,Used in Unknown_Field_FQ1775 (FQ1775)
Market Rent,Extracted from formula,MF Market Rent,Used in Unknown_Field_FR1775 (FR1775)
Market Rent,Extracted from formula,MF Market Rent,Used in Unknown_Field_FQ1776 (FQ1776)
Market Rent,Extracted from formula,MF Market Rent,Used in Unknown_Field_FR1776 (FR1776)
Market Rent,Extracted from formula,MF Market Rent,Used in Unknown_Field_FQ1777 (FQ1777)
Market Rent,Extracted from formula,MF Market Rent,Used in Unknown_Field_FR1777 (FR1777)
Market Rent,Extracted from formula,MF Market Rent,Used in Unknown_Field_FQ1778 (FQ1778)
Market Rent,Extracted from formula,MF Market Rent,Used in Unknown_Field_FR1778 (FR1778)
Market Rent,Extracted from formula,MF Market Rent,Used in Unknown_Field_FQ1779 (FQ1779)
Market Rent,Extracted from formula,MF Market Rent,Used in Unknown_Field_FR1779 (FR1779)
Market Rent,Extracted from formula,MF Market Rent,Used in Unknown_Field_FQ1780 (FQ1780)
Market Rent,Extracted from formula,MF Market Rent,Used in Unknown_Field_FR1780 (FR1780)
Market Rent,Extracted from formula,MF Market Rent,Used in Unknown_Field_FQ1781 (FQ1781)
Market Rent,Extracted from formula,MF Market Rent,Used in Unknown_Field_FR1781 (FR1781)
Market Rent,Extracted from formula,MF Market Rent,Used in Unknown_Field_FQ1782 (FQ1782)
Market Rent,Extracted from formula,MF Market Rent,Used in Unknown_Field_FR1782 (FR1782)
Market Rent,Extracted from formula,MF Market Rent,Used in Unknown_Field_FQ1783 (FQ1783)
Market Rent,Extracted from formula,MF Market Rent,Used in Unknown_Field_FR1783 (FR1783)
Market Rent,Extracted from formula,MF Market Rent,Used in Unknown_Field_FQ1784 (FQ1784)
Market Rent,Extracted from formula,MF Market Rent,Used in Unknown_Field_FR1784 (FR1784)
Market Rent,Extracted from formula,MF Market Rent,Used in Unknown_Field_FQ1785 (FQ1785)
Market Rent,Extracted from formula,MF Market Rent,Used in Unknown_Field_FR1785 (FR1785)
Market Rent,Extracted from formula,MF Market Rent,Used in Unknown_Field_FQ1786 (FQ1786)
Market Rent,Extracted from formula,MF Market Rent,Used in Unknown_Field_FR1786 (FR1786)
Market Rent,Extracted from formula,MF Market Rent,Used in Unknown_Field_FQ1787 (FQ1787)
Market Rent,Extracted from formula,MF Market Rent,Used in Unknown_Field_FR1787 (FR1787)
Market Rent,Extracted from formula,MF Market Rent,Used in Unknown_Field_FQ1788 (FQ1788)
Market Rent,Extracted from formula,MF Market Rent,Used in Unknown_Field_FR1788 (FR1788)
Market Rent,Extracted from formula,MF Market Rent,Used in Unknown_Field_FQ1789 (FQ1789)
Market Rent,Extracted from formula,MF Market Rent,Used in Unknown_Field_FR1789 (FR1789)
Market Rent,Extracted from formula,MF Market Rent,Used in Unknown_Field_FQ1790 (FQ1790)
Market Rent,Extracted from formula,MF Market Rent,Used in Unknown_Field_FR1790 (FR1790)
Market Rent,Extracted from formula,MF Market Rent,Used in Unknown_Field_FQ1791 (FQ1791)
Market Rent,Extracted from formula,MF Market Rent,Used in Unknown_Field_FR1791 (FR1791)
Market Rent,Extracted from formula,MF Market Rent,Used in Unknown_Field_FQ1792 (FQ1792)
Market Rent,Extracted from formula,MF Market Rent,Used in Unknown_Field_FR1792 (FR1792)
Market Rent,Extracted from formula,MF Market Rent,Used in Unknown_Field_FQ1793 (FQ1793)
Market Rent,Extracted from formula,MF Market Rent,Used in Unknown_Field_FR1793 (FR1793)
Market Rent,Extracted from formula,MF Market Rent,Used in Unknown_Field_FQ1794 (FQ1794)
Market Rent,Extracted from formula,MF Market Rent,Used in Unknown_Field_FR1794 (FR1794)
Market Rent,Extracted from formula,MF Market Rent,Used in Unknown_Field_FQ1795 (FQ1795)
Market Rent,Extracted from formula,MF Market Rent,Used in Unknown_Field_FR1795 (FR1795)
Market Rent,Extracted from formula,MF Market Rent,Used in Unknown_Field_FQ1796 (FQ1796)
Market Rent,Extracted from formula,MF Market Rent,Used in Unknown_Field_FR1796 (FR1796)
Market Rent,Extracted from formula,MF Market Rent,Used in Unknown_Field_FQ1797 (FQ1797)
Market Rent,Extracted from formula,MF Market Rent,Used in Unknown_Field_FR1797 (FR1797)
Market Rent,Extracted from formula,MF Market Rent,Used in Unknown_Field_FQ1798 (FQ1798)
Market Rent,Extracted from formula,MF Market Rent,Used in Unknown_Field_FR1798 (FR1798)
Market Rent,Extracted from formula,MF Market Rent,Used in Unknown_Field_FQ1799 (FQ1799)
Market Rent,Extracted from formula,MF Market Rent,Used in Unknown_Field_FR1799 (FR1799)
Market Rent,Extracted from formula,MF Market Rent,Used in Unknown_Field_FQ1800 (FQ1800)
Market Rent,Extracted from formula,MF Market Rent,Used in Unknown_Field_FR1800 (FR1800)
Market Rent,Extracted from formula,MF Market Rent,Used in Unknown_Field_FQ1801 (FQ1801)
Market Rent,Extracted from formula,MF Market Rent,Used in Unknown_Field_FR1801 (FR1801)
Market Rent,Extracted from formula,MF Market Rent,Used in Unknown_Field_FQ1802 (FQ1802)
Market Rent,Extracted from formula,MF Market Rent,Used in Unknown_Field_FR1802 (FR1802)
Market Rent,Extracted from formula,MF Market Rent,Used in Unknown_Field_FQ1803 (FQ1803)
Market Rent,Extracted from formula,MF Market Rent,Used in Unknown_Field_FR1803 (FR1803)
Market Rent,Extracted from formula,MF Market Rent,Used in Unknown_Field_FQ1804 (FQ1804)
Market Rent,Extracted from formula,MF Market Rent,Used in Unknown_Field_FR1804 (FR1804)
Market Rent,Extracted from formula,MF Market Rent,Used in Unknown_Field_FQ1805 (FQ1805)
Market Rent,Extracted from formula,MF Market Rent,Used in Unknown_Field_FR1805 (FR1805)
Market Rent,Extracted from formula,MF Market Rent,Used in Unknown_Field_FQ1806 (FQ1806)
Market Rent,Extracted from formula,MF Market Rent,Used in Unknown_Field_FR1806 (FR1806)
Market Rent,Extracted from formula,MF Market Rent,Used in Unknown_Field_FQ1807 (FQ1807)
Market Rent,Extracted from formula,MF Market Rent,Used in Unknown_Field_FR1807 (FR1807)
Market Rent,Extracted from formula,MF Market Rent,Used in Unknown_Field_FQ1808 (FQ1808)
Market Rent,Extracted from formula,MF Market Rent,Used in Unknown_Field_FR1808 (FR1808)
Market Rent,Extracted from formula,MF Market Rent,Used in Unknown_Field_FQ1809 (FQ1809)
Market Rent,Extracted from formula,MF Market Rent,Used in Unknown_Field_FR1809 (FR1809)
Market Rent,Extracted from formula,MF Market Rent,Used in Unknown_Field_FQ1810 (FQ1810)
Market Rent,Extracted from formula,MF Market Rent,Used in Unknown_Field_FR1810 (FR1810)
Market Rent,Extracted from formula,MF Market Rent,Used in Unknown_Field_FQ1811 (FQ1811)
Market Rent,Extracted from formula,MF Market Rent,Used in Unknown_Field_FR1811 (FR1811)
Market Rent,Extracted from formula,MF Market Rent,Used in Unknown_Field_FQ1812 (FQ1812)
Market Rent,Extracted from formula,MF Market Rent,Used in Unknown_Field_FR1812 (FR1812)
Market Rent,Extracted from formula,MF Market Rent,Used in Unknown_Field_FQ1813 (FQ1813)
Market Rent,Extracted from formula,MF Market Rent,Used in Unknown_Field_FR1813 (FR1813)
Market Rent,Extracted from formula,MF Market Rent,Used in Unknown_Field_FQ1814 (FQ1814)
Market Rent,Extracted from formula,MF Market Rent,Used in Unknown_Field_FR1814 (FR1814)
Market Rent,Extracted from formula,MF Market Rent,Used in Unknown_Field_FQ1815 (FQ1815)
Market Rent,Extracted from formula,MF Market Rent,Used in Unknown_Field_FR1815 (FR1815)
Market Rent,Extracted from formula,MF Market Rent,Used in Unknown_Field_FQ1816 (FQ1816)
Market Rent,Extracted from formula,MF Market Rent,Used in Unknown_Field_FR1816 (FR1816)
Market Rent,Extracted from formula,MF Market Rent,Used in Unknown_Field_FQ1817 (FQ1817)
Market Rent,Extracted from formula,MF Market Rent,Used in Unknown_Field_FR1817 (FR1817)
Market Rent,Extracted from formula,MF Market Rent,Used in Unknown_Field_FQ1818 (FQ1818)
Market Rent,Extracted from formula,MF Market Rent,Used in Unknown_Field_FR1818 (FR1818)
Market Rent,Extracted from formula,MF Market Rent,Used in Unknown_Field_FQ1819 (FQ1819)
Market Rent,Extracted from formula,MF Market Rent,Used in Unknown_Field_FR1819 (FR1819)
Market Rent,Extracted from formula,MF Market Rent,Used in Unknown_Field_FQ1820 (FQ1820)
Market Rent,Extracted from formula,MF Market Rent,Used in Unknown_Field_FR1820 (FR1820)
Market Rent,Extracted from formula,MF Market Rent,Used in Unknown_Field_FQ1821 (FQ1821)
Market Rent,Extracted from formula,MF Market Rent,Used in Unknown_Field_FR1821 (FR1821)
Market Rent,Extracted from formula,MF Market Rent,Used in Unknown_Field_FQ1822 (FQ1822)
Market Rent,Extracted from formula,MF Market Rent,Used in Unknown_Field_FR1822 (FR1822)
Market Rent,Extracted from formula,MF Market Rent,Used in Unknown_Field_FQ1823 (FQ1823)
Market Rent,Extracted from formula,MF Market Rent,Used in Unknown_Field_FR1823 (FR1823)
Market Rent,Extracted from formula,MF Market Rent,Used in Unknown_Field_FQ1824 (FQ1824)
Market Rent,Extracted from formula,MF Market Rent,Used in Unknown_Field_FR1824 (FR1824)
Market Rent,Extracted from formula,MF Market Rent,Used in Unknown_Field_FQ1825 (FQ1825)
Market Rent,Extracted from formula,MF Market Rent,Used in Unknown_Field_FR1825 (FR1825)
Market Rent,Extracted from formula,MF Market Rent,Used in Unknown_Field_FQ1826 (FQ1826)
Market Rent,Extracted from formula,MF Market Rent,Used in Unknown_Field_FR1826 (FR1826)
Market Rent,Extracted from formula,MF Market Rent,Used in Unknown_Field_FQ1827 (FQ1827)
Market Rent,Extracted from formula,MF Market Rent,Used in Unknown_Field_FR1827 (FR1827)
Market Rent,Extracted from formula,MF Market Rent,Used in Unknown_Field_FQ1828 (FQ1828)
Market Rent,Extracted from formula,MF Market Rent,Used in Unknown_Field_FR1828 (FR1828)
Market Rent,Extracted from formula,MF Market Rent,Used in Unknown_Field_FQ1829 (FQ1829)
Market Rent,Extracted from formula,MF Market Rent,Used in Unknown_Field_FR1829 (FR1829)
Market Rent,Extracted from formula,MF Market Rent,Used in Unknown_Field_FQ1830 (FQ1830)
Market Rent,Extracted from formula,MF Market Rent,Used in Unknown_Field_FR1830 (FR1830)
Market Rent,Extracted from formula,MF Market Rent,Used in Unknown_Field_FQ1831 (FQ1831)
Market Rent,Extracted from formula,MF Market Rent,Used in Unknown_Field_FR1831 (FR1831)
Market Rent,Extracted from formula,MF Market Rent,Used in Unknown_Field_FQ1832 (FQ1832)
Market Rent,Extracted from formula,MF Market Rent,Used in Unknown_Field_FR1832 (FR1832)
Market Rent,Extracted from formula,MF Market Rent,Used in Unknown_Field_FQ1833 (FQ1833)
Market Rent,Extracted from formula,MF Market Rent,Used in Unknown_Field_FR1833 (FR1833)
Market Rent,Extracted from formula,MF Market Rent,Used in Unknown_Field_FQ1834 (FQ1834)
Market Rent,Extracted from formula,MF Market Rent,Used in Unknown_Field_FR1834 (FR1834)
Market Rent,Extracted from formula,MF Market Rent,Used in Unknown_Field_FQ1835 (FQ1835)
Market Rent,Extracted from formula,MF Market Rent,Used in Unknown_Field_FR1835 (FR1835)
Market Rent,Extracted from formula,MF Market Rent,Used in Unknown_Field_FQ1836 (FQ1836)
Market Rent,Extracted from formula,MF Market Rent,Used in Unknown_Field_FR1836 (FR1836)
Market Rent,Extracted from formula,MF Market Rent,Used in Unknown_Field_FQ1837 (FQ1837)
Market Rent,Extracted from formula,MF Market Rent,Used in Unknown_Field_FR1837 (FR1837)
Market Rent,Extracted from formula,MF Market Rent,Used in Unknown_Field_FQ1838 (FQ1838)
Market Rent,Extracted from formula,MF Market Rent,Used in Unknown_Field_FR1838 (FR1838)
Market Rent,Extracted from formula,MF Market Rent,Used in Unknown_Field_FQ1839 (FQ1839)
Market Rent,Extracted from formula,MF Market Rent,Used in Unknown_Field_FR1839 (FR1839)
Market Rent,Extracted from formula,MF Market Rent,Used in Unknown_Field_FQ1840 (FQ1840)
Market Rent,Extracted from formula,MF Market Rent,Used in Unknown_Field_FR1840 (FR1840)
Market Rent,Extracted from formula,MF Market Rent,Used in Unknown_Field_FQ1841 (FQ1841)
Market Rent,Extracted from formula,MF Market Rent,Used in Unknown_Field_FR1841 (FR1841)
Market Rent,Extracted from formula,MF Market Rent,Used in Unknown_Field_FQ1842 (FQ1842)
Market Rent,Extracted from formula,MF Market Rent,Used in Unknown_Field_FR1842 (FR1842)
Market Rent,Extracted from formula,MF Market Rent,Used in Unknown_Field_FQ1843 (FQ1843)
Market Rent,Extracted from formula,MF Market Rent,Used in Unknown_Field_FR1843 (FR1843)
Market Rent,Extracted from formula,MF Market Rent,Used in Unknown_Field_FQ1844 (FQ1844)
Market Rent,Extracted from formula,MF Market Rent,Used in Unknown_Field_FR1844 (FR1844)
Market Rent,Extracted from formula,MF Market Rent,Used in Unknown_Field_FQ1845 (FQ1845)
Market Rent,Extracted from formula,MF Market Rent,Used in Unknown_Field_FR1845 (FR1845)
Market Rent,Extracted from formula,MF Market Rent,Used in Unknown_Field_FQ1846 (FQ1846)
Market Rent,Extracted from formula,MF Market Rent,Used in Unknown_Field_FR1846 (FR1846)
Market Rent,Extracted from formula,MF Market Rent,Used in Unknown_Field_FQ1847 (FQ1847)
Market Rent,Extracted from formula,MF Market Rent,Used in Unknown_Field_FR1847 (FR1847)
Market Rent,Extracted from formula,MF Market Rent,Used in Unknown_Field_FQ1848 (FQ1848)
Market Rent,Extracted from formula,MF Market Rent,Used in Unknown_Field_FR1848 (FR1848)
Market Rent,Extracted from formula,MF Market Rent,Used in Unknown_Field_FQ1849 (FQ1849)
Market Rent,Extracted from formula,MF Market Rent,Used in Unknown_Field_FR1849 (FR1849)
Market Rent,Extracted from formula,MF Market Rent,Used in Unknown_Field_FQ1850 (FQ1850)
Market Rent,Extracted from formula,MF Market Rent,Used in Unknown_Field_FR1850 (FR1850)
Market Rent,Extracted from formula,MF Market Rent,Used in Unknown_Field_FQ1851 (FQ1851)
Market Rent,Extracted from formula,MF Market Rent,Used in Unknown_Field_FR1851 (FR1851)
Market Rent,Extracted from formula,MF Market Rent,Used in Unknown_Field_FQ1852 (FQ1852)
Market Rent,Extracted from formula,MF Market Rent,Used in Unknown_Field_FR1852 (FR1852)
Market Rent,Extracted from formula,MF Market Rent,Used in Unknown_Field_FQ1853 (FQ1853)
Market Rent,Extracted from formula,MF Market Rent,Used in Unknown_Field_FR1853 (FR1853)
Market Rent,Extracted from formula,MF Market Rent,Used in Unknown_Field_FQ1854 (FQ1854)
Market Rent,Extracted from formula,MF Market Rent,Used in Unknown_Field_FR1854 (FR1854)
Market Rent,Extracted from formula,MF Market Rent,Used in Unknown_Field_FQ1855 (FQ1855)
Market Rent,Extracted from formula,MF Market Rent,Used in Unknown_Field_FR1855 (FR1855)
Market Rent,Extracted from formula,MF Market Rent,Used in Unknown_Field_FQ1856 (FQ1856)
Market Rent,Extracted from formula,MF Market Rent,Used in Unknown_Field_FR1856 (FR1856)
Market Rent,Extracted from formula,MF Market Rent,Used in Unknown_Field_FQ1857 (FQ1857)
Market Rent,Extracted from formula,MF Market Rent,Used in Unknown_Field_FR1857 (FR1857)
Market Rent,Extracted from formula,MF Market Rent,Used in Unknown_Field_FQ1858 (FQ1858)
Market Rent,Extracted from formula,MF Market Rent,Used in Unknown_Field_FR1858 (FR1858)
Market Rent,Extracted from formula,MF Market Rent,Used in Unknown_Field_FQ1859 (FQ1859)
Market Rent,Extracted from formula,MF Market Rent,Used in Unknown_Field_FR1859 (FR1859)
Market Rent,Extracted from formula,MF Market Rent,Used in Unknown_Field_FQ1860 (FQ1860)
Market Rent,Extracted from formula,MF Market Rent,Used in Unknown_Field_FR1860 (FR1860)
Market Rent,Extracted from formula,MF Market Rent,Used in Unknown_Field_FQ1861 (FQ1861)
Market Rent,Extracted from formula,MF Market Rent,Used in Unknown_Field_FR1861 (FR1861)
Market Rent,Extracted from formula,MF Market Rent,Used in Unknown_Field_FQ1862 (FQ1862)
Market Rent,Extracted from formula,MF Market Rent,Used in Unknown_Field_FR1862 (FR1862)
Market Rent,Extracted from formula,MF Market Rent,Used in Unknown_Field_FQ1863 (FQ1863)
Market Rent,Extracted from formula,MF Market Rent,Used in Unknown_Field_FR1863 (FR1863)
Market Rent,Extracted from formula,MF Market Rent,Used in Unknown_Field_FQ1864 (FQ1864)
Market Rent,Extracted from formula,MF Market Rent,Used in Unknown_Field_FR1864 (FR1864)
Market Rent,Extracted from formula,MF Market Rent,Used in Unknown_Field_FQ1865 (FQ1865)
Market Rent,Extracted from formula,MF Market Rent,Used in Unknown_Field_FR1865 (FR1865)
Market Rent,Extracted from formula,MF Market Rent,Used in Unknown_Field_FQ1866 (FQ1866)
Market Rent,Extracted from formula,MF Market Rent,Used in Unknown_Field_FR1866 (FR1866)
Market Rent,Extracted from formula,MF Market Rent,Used in Unknown_Field_FQ1867 (FQ1867)
Market Rent,Extracted from formula,MF Market Rent,Used in Unknown_Field_FR1867 (FR1867)
Market Rent,Extracted from formula,MF Market Rent,Used in Unknown_Field_FQ1868 (FQ1868)
Market Rent,Extracted from formula,MF Market Rent,Used in Unknown_Field_FR1868 (FR1868)
Market Rent,Extracted from formula,MF Market Rent,Used in Unknown_Field_FQ1869 (FQ1869)
Market Rent,Extracted from formula,MF Market Rent,Used in Unknown_Field_FR1869 (FR1869)
Market Rent,Extracted from formula,MF Market Rent,Used in Unknown_Field_FQ1870 (FQ1870)
Market Rent,Extracted from formula,MF Market Rent,Used in Unknown_Field_FR1870 (FR1870)
Market Rent (2),Extracted from formula,MF Market Rent,Used in Unknown_Field_FQ1871 (FQ1871)
Market Rent (3),Extracted from formula,MF Market Rent,Used in Unknown_Field_FQ1871 (FQ1871)
Market Rent (2),Extracted from formula,MF Market Rent,Used in Unknown_Field_FR1871 (FR1871)
Market Rent (3),Extracted from formula,MF Market Rent,Used in Unknown_Field_FR1871 (FR1871)
Market Rent (2),Extracted from formula,MF Market Rent,Used in Unknown_Field_FQ1872 (FQ1872)
Market Rent (3),Extracted from formula,MF Market Rent,Used in Unknown_Field_FQ1872 (FQ1872)
Market Rent (2),Extracted from formula,MF Market Rent,Used in Unknown_Field_FR1872 (FR1872)
Market Rent (3),Extracted from formula,MF Market Rent,Used in Unknown_Field_FR1872 (FR1872)
Market Rent (2),Extracted from formula,MF Market Rent,Used in Unknown_Field_FQ1873 (FQ1873)
Market Rent (3),Extracted from formula,MF Market Rent,Used in Unknown_Field_FQ1873 (FQ1873)
Market Rent (2),Extracted from formula,MF Market Rent,Used in Unknown_Field_FR1873 (FR1873)
Market Rent (3),Extracted from formula,MF Market Rent,Used in Unknown_Field_FR1873 (FR1873)
Market Rent (2),Extracted from formula,MF Market Rent,Used in Unknown_Field_FQ1874 (FQ1874)
Market Rent (3),Extracted from formula,MF Market Rent,Used in Unknown_Field_FQ1874 (FQ1874)
Market Rent (2),Extracted from formula,MF Market Rent,Used in Unknown_Field_FR1874 (FR1874)
Market Rent (3),Extracted from formula,MF Market Rent,Used in Unknown_Field_FR1874 (FR1874)
Market Rent (2),Extracted from formula,MF Market Rent,Used in Unknown_Field_FQ1875 (FQ1875)
Market Rent (3),Extracted from formula,MF Market Rent,Used in Unknown_Field_FQ1875 (FQ1875)
Market Rent (2),Extracted from formula,MF Market Rent,Used in Unknown_Field_FR1875 (FR1875)
Market Rent (3),Extracted from formula,MF Market Rent,Used in Unknown_Field_FR1875 (FR1875)
Market Rent (2),Extracted from formula,MF Market Rent,Used in Unknown_Field_FQ1876 (FQ1876)
Market Rent (3),Extracted from formula,MF Market Rent,Used in Unknown_Field_FQ1876 (FQ1876)
Market Rent (2),Extracted from formula,MF Market Rent,Used in Unknown_Field_FR1876 (FR1876)
Market Rent (3),Extracted from formula,MF Market Rent,Used in Unknown_Field_FR1876 (FR1876)
Market Rent (2),Extracted from formula,MF Market Rent,Used in Unknown_Field_FQ1877 (FQ1877)
Market Rent (3),Extracted from formula,MF Market Rent,Used in Unknown_Field_FQ1877 (FQ1877)
Market Rent (2),Extracted from formula,MF Market Rent,Used in Unknown_Field_FR1877 (FR1877)
Market Rent (3),Extracted from formula,MF Market Rent,Used in Unknown_Field_FR1877 (FR1877)
Market Rent (2),Extracted from formula,MF Market Rent,Used in Unknown_Field_FQ1878 (FQ1878)
Market Rent (3),Extracted from formula,MF Market Rent,Used in Unknown_Field_FQ1878 (FQ1878)
Market Rent (2),Extracted from formula,MF Market Rent,Used in Unknown_Field_FR1878 (FR1878)
Market Rent (3),Extracted from formula,MF Market Rent,Used in Unknown_Field_FR1878 (FR1878)
Market Rent (2),Extracted from formula,MF Market Rent,Used in Unknown_Field_FQ1879 (FQ1879)
Market Rent (3),Extracted from formula,MF Market Rent,Used in Unknown_Field_FQ1879 (FQ1879)
Market Rent (2),Extracted from formula,MF Market Rent,Used in Unknown_Field_FR1879 (FR1879)
Market Rent (3),Extracted from formula,MF Market Rent,Used in Unknown_Field_FR1879 (FR1879)
Market Rent (2),Extracted from formula,MF Market Rent,Used in Unknown_Field_FQ1880 (FQ1880)
Market Rent (3),Extracted from formula,MF Market Rent,Used in Unknown_Field_FQ1880 (FQ1880)
Market Rent (2),Extracted from formula,MF Market Rent,Used in Unknown_Field_FR1880 (FR1880)
Market Rent (3),Extracted from formula,MF Market Rent,Used in Unknown_Field_FR1880 (FR1880)
Market Rent (2),Extracted from formula,MF Market Rent,Used in Unknown_Field_FQ1881 (FQ1881)
Market Rent (3),Extracted from formula,MF Market Rent,Used in Unknown_Field_FQ1881 (FQ1881)
Market Rent (2),Extracted from formula,MF Market Rent,Used in Unknown_Field_FR1881 (FR1881)
Market Rent (3),Extracted from formula,MF Market Rent,Used in Unknown_Field_FR1881 (FR1881)
Market Rent (2),Extracted from formula,MF Market Rent,Used in Unknown_Field_FQ1882 (FQ1882)
Market Rent (3),Extracted from formula,MF Market Rent,Used in Unknown_Field_FQ1882 (FQ1882)
Market Rent (2),Extracted from formula,MF Market Rent,Used in Unknown_Field_FR1882 (FR1882)
Market Rent (3),Extracted from formula,MF Market Rent,Used in Unknown_Field_FR1882 (FR1882)
Market Rent (2),Extracted from formula,MF Market Rent,Used in Unknown_Field_FQ1883 (FQ1883)
Market Rent (3),Extracted from formula,MF Market Rent,Used in Unknown_Field_FQ1883 (FQ1883)
Market Rent (2),Extracted from formula,MF Market Rent,Used in Unknown_Field_FR1883 (FR1883)
Market Rent (3),Extracted from formula,MF Market Rent,Used in Unknown_Field_FR1883 (FR1883)
Market Rent (2),Extracted from formula,MF Market Rent,Used in Unknown_Field_FQ1884 (FQ1884)
Market Rent (3),Extracted from formula,MF Market Rent,Used in Unknown_Field_FQ1884 (FQ1884)
Market Rent (2),Extracted from formula,MF Market Rent,Used in Unknown_Field_FR1884 (FR1884)
Market Rent (3),Extracted from formula,MF Market Rent,Used in Unknown_Field_FR1884 (FR1884)
Market Rent (2),Extracted from formula,MF Market Rent,Used in Unknown_Field_FQ1885 (FQ1885)
Market Rent (3),Extracted from formula,MF Market Rent,Used in Unknown_Field_FQ1885 (FQ1885)
Market Rent (2),Extracted from formula,MF Market Rent,Used in Unknown_Field_FR1885 (FR1885)
Market Rent (3),Extracted from formula,MF Market Rent,Used in Unknown_Field_FR1885 (FR1885)
Market Rent (2),Extracted from formula,MF Market Rent,Used in Unknown_Field_FQ1886 (FQ1886)
Market Rent (3),Extracted from formula,MF Market Rent,Used in Unknown_Field_FQ1886 (FQ1886)
Market Rent (2),Extracted from formula,MF Market Rent,Used in Unknown_Field_FR1886 (FR1886)
Market Rent (3),Extracted from formula,MF Market Rent,Used in Unknown_Field_FR1886 (FR1886)
Market Rent (2),Extracted from formula,MF Market Rent,Used in Unknown_Field_FQ1887 (FQ1887)
Market Rent (3),Extracted from formula,MF Market Rent,Used in Unknown_Field_FQ1887 (FQ1887)
Market Rent (2),Extracted from formula,MF Market Rent,Used in Unknown_Field_FR1887 (FR1887)
Market Rent (3),Extracted from formula,MF Market Rent,Used in Unknown_Field_FR1887 (FR1887)
Market Rent (2),Extracted from formula,MF Market Rent,Used in Unknown_Field_FQ1888 (FQ1888)
Market Rent (3),Extracted from formula,MF Market Rent,Used in Unknown_Field_FQ1888 (FQ1888)
Market Rent (2),Extracted from formula,MF Market Rent,Used in Unknown_Field_FR1888 (FR1888)
Market Rent (3),Extracted from formula,MF Market Rent,Used in Unknown_Field_FR1888 (FR1888)
Market Rent (2),Extracted from formula,MF Market Rent,Used in Unknown_Field_FQ1889 (FQ1889)
Market Rent (3),Extracted from formula,MF Market Rent,Used in Unknown_Field_FQ1889 (FQ1889)
Market Rent (2),Extracted from formula,MF Market Rent,Used in Unknown_Field_FR1889 (FR1889)
Market Rent (3),Extracted from formula,MF Market Rent,Used in Unknown_Field_FR1889 (FR1889)
Market Rent (2),Extracted from formula,MF Market Rent,Used in Unknown_Field_FQ1890 (FQ1890)
Market Rent (3),Extracted from formula,MF Market Rent,Used in Unknown_Field_FQ1890 (FQ1890)
Market Rent (2),Extracted from formula,MF Market Rent,Used in Unknown_Field_FR1890 (FR1890)
Market Rent (3),Extracted from formula,MF Market Rent,Used in Unknown_Field_FR1890 (FR1890)
Market Rent (2),Extracted from formula,MF Market Rent,Used in Unknown_Field_FQ1891 (FQ1891)
Market Rent (3),Extracted from formula,MF Market Rent,Used in Unknown_Field_FQ1891 (FQ1891)
Market Rent (2),Extracted from formula,MF Market Rent,Used in Unknown_Field_FR1891 (FR1891)
Market Rent (3),Extracted from formula,MF Market Rent,Used in Unknown_Field_FR1891 (FR1891)
Market Rent (2),Extracted from formula,MF Market Rent,Used in Unknown_Field_FQ1892 (FQ1892)
Market Rent (3),Extracted from formula,MF Market Rent,Used in Unknown_Field_FQ1892 (FQ1892)
Market Rent (2),Extracted from formula,MF Market Rent,Used in Unknown_Field_FR1892 (FR1892)
Market Rent (3),Extracted from formula,MF Market Rent,Used in Unknown_Field_FR1892 (FR1892)
Market Rent (2),Extracted from formula,MF Market Rent,Used in Unknown_Field_FQ1893 (FQ1893)
Market Rent (3),Extracted from formula,MF Market Rent,Used in Unknown_Field_FQ1893 (FQ1893)
Market Rent (2),Extracted from formula,MF Market Rent,Used in Unknown_Field_FR1893 (FR1893)
Market Rent (3),Extracted from formula,MF Market Rent,Used in Unknown_Field_FR1893 (FR1893)
Market Rent (2),Extracted from formula,MF Market Rent,Used in Unknown_Field_FQ1894 (FQ1894)
Market Rent (3),Extracted from formula,MF Market Rent,Used in Unknown_Field_FQ1894 (FQ1894)
Market Rent (2),Extracted from formula,MF Market Rent,Used in Unknown_Field_FR1894 (FR1894)
Market Rent (3),Extracted from formula,MF Market Rent,Used in Unknown_Field_FR1894 (FR1894)
Market Rent (2),Extracted from formula,MF Market Rent,Used in Unknown_Field_FQ1895 (FQ1895)
Market Rent (3),Extracted from formula,MF Market Rent,Used in Unknown_Field_FQ1895 (FQ1895)
Market Rent (2),Extracted from formula,MF Market Rent,Used in Unknown_Field_FR1895 (FR1895)
Market Rent (3),Extracted from formula,MF Market Rent,Used in Unknown_Field_FR1895 (FR1895)
Market Rent (2),Extracted from formula,MF Market Rent,Used in Unknown_Field_FQ1896 (FQ1896)
Market Rent (3),Extracted from formula,MF Market Rent,Used in Unknown_Field_FQ1896 (FQ1896)
Market Rent (2),Extracted from formula,MF Market Rent,Used in Unknown_Field_FR1896 (FR1896)
Market Rent (3),Extracted from formula,MF Market Rent,Used in Unknown_Field_FR1896 (FR1896)
Market Rent (2),Extracted from formula,MF Market Rent,Used in Unknown_Field_FQ1897 (FQ1897)
Market Rent (3),Extracted from formula,MF Market Rent,Used in Unknown_Field_FQ1897 (FQ1897)
Market Rent (2),Extracted from formula,MF Market Rent,Used in Unknown_Field_FR1897 (FR1897)
Market Rent (3),Extracted from formula,MF Market Rent,Used in Unknown_Field_FR1897 (FR1897)
Market Rent (2),Extracted from formula,MF Market Rent,Used in Unknown_Field_FQ1898 (FQ1898)
Market Rent (3),Extracted from formula,MF Market Rent,Used in Unknown_Field_FQ1898 (FQ1898)
Market Rent (2),Extracted from formula,MF Market Rent,Used in Unknown_Field_FR1898 (FR1898)
Market Rent (3),Extracted from formula,MF Market Rent,Used in Unknown_Field_FR1898 (FR1898)
Market Rent (2),Extracted from formula,MF Market Rent,Used in Unknown_Field_FQ1899 (FQ1899)
Market Rent (3),Extracted from formula,MF Market Rent,Used in Unknown_Field_FQ1899 (FQ1899)
Market Rent (2),Extracted from formula,MF Market Rent,Used in Unknown_Field_FR1899 (FR1899)
Market Rent (3),Extracted from formula,MF Market Rent,Used in Unknown_Field_FR1899 (FR1899)
Market Rent (2),Extracted from formula,MF Market Rent,Used in Unknown_Field_FQ1900 (FQ1900)
Market Rent (3),Extracted from formula,MF Market Rent,Used in Unknown_Field_FQ1900 (FQ1900)
Market Rent (2),Extracted from formula,MF Market Rent,Used in Unknown_Field_FR1900 (FR1900)
Market Rent (3),Extracted from formula,MF Market Rent,Used in Unknown_Field_FR1900 (FR1900)
Market Rent (2),Extracted from formula,MF Market Rent,Used in Unknown_Field_FQ1901 (FQ1901)
Market Rent (3),Extracted from formula,MF Market Rent,Used in Unknown_Field_FQ1901 (FQ1901)
Market Rent (2),Extracted from formula,MF Market Rent,Used in Unknown_Field_FR1901 (FR1901)
Market Rent (3),Extracted from formula,MF Market Rent,Used in Unknown_Field_FR1901 (FR1901)
Market Rent (2),Extracted from formula,MF Market Rent,Used in Unknown_Field_FQ1902 (FQ1902)
Market Rent (3),Extracted from formula,MF Market Rent,Used in Unknown_Field_FQ1902 (FQ1902)
Market Rent (2),Extracted from formula,MF Market Rent,Used in Unknown_Field_FR1902 (FR1902)
Market Rent (3),Extracted from formula,MF Market Rent,Used in Unknown_Field_FR1902 (FR1902)
Market Rent (2),Extracted from formula,MF Market Rent,Used in Unknown_Field_FQ1903 (FQ1903)
Market Rent (3),Extracted from formula,MF Market Rent,Used in Unknown_Field_FQ1903 (FQ1903)
Market Rent (2),Extracted from formula,MF Market Rent,Used in Unknown_Field_FR1903 (FR1903)
Market Rent (3),Extracted from formula,MF Market Rent,Used in Unknown_Field_FR1903 (FR1903)
Market Rent (2),Extracted from formula,MF Market Rent,Used in Unknown_Field_FQ1904 (FQ1904)
Market Rent (3),Extracted from formula,MF Market Rent,Used in Unknown_Field_FQ1904 (FQ1904)
Market Rent (2),Extracted from formula,MF Market Rent,Used in Unknown_Field_FR1904 (FR1904)
Market Rent (3),Extracted from formula,MF Market Rent,Used in Unknown_Field_FR1904 (FR1904)
Market Rent (2),Extracted from formula,MF Market Rent,Used in Unknown_Field_FQ1905 (FQ1905)
Market Rent (3),Extracted from formula,MF Market Rent,Used in Unknown_Field_FQ1905 (FQ1905)
Market Rent (2),Extracted from formula,MF Market Rent,Used in Unknown_Field_FR1905 (FR1905)
Market Rent (3),Extracted from formula,MF Market Rent,Used in Unknown_Field_FR1905 (FR1905)
Market Rent (2),Extracted from formula,MF Market Rent,Used in Unknown_Field_FQ1906 (FQ1906)
Market Rent (3),Extracted from formula,MF Market Rent,Used in Unknown_Field_FQ1906 (FQ1906)
Market Rent (2),Extracted from formula,MF Market Rent,Used in Unknown_Field_FR1906 (FR1906)
Market Rent (3),Extracted from formula,MF Market Rent,Used in Unknown_Field_FR1906 (FR1906)
Market Rent (2),Extracted from formula,MF Market Rent,Used in Unknown_Field_FQ1907 (FQ1907)
Market Rent (3),Extracted from formula,MF Market Rent,Used in Unknown_Field_FQ1907 (FQ1907)
Market Rent (2),Extracted from formula,MF Market Rent,Used in Unknown_Field_FR1907 (FR1907)
Market Rent (3),Extracted from formula,MF Market Rent,Used in Unknown_Field_FR1907 (FR1907)
Market Rent (2),Extracted from formula,MF Market Rent,Used in Unknown_Field_FQ1908 (FQ1908)
Market Rent (3),Extracted from formula,MF Market Rent,Used in Unknown_Field_FQ1908 (FQ1908)
Market Rent (2),Extracted from formula,MF Market Rent,Used in Unknown_Field_FR1908 (FR1908)
Market Rent (3),Extracted from formula,MF Market Rent,Used in Unknown_Field_FR1908 (FR1908)
Market Rent (2),Extracted from formula,MF Market Rent,Used in Unknown_Field_FQ1909 (FQ1909)
Market Rent (3),Extracted from formula,MF Market Rent,Used in Unknown_Field_FQ1909 (FQ1909)
Market Rent (2),Extracted from formula,MF Market Rent,Used in Unknown_Field_FR1909 (FR1909)
Market Rent (3),Extracted from formula,MF Market Rent,Used in Unknown_Field_FR1909 (FR1909)
Market Rent (2),Extracted from formula,MF Market Rent,Used in Unknown_Field_FQ1910 (FQ1910)
Market Rent (3),Extracted from formula,MF Market Rent,Used in Unknown_Field_FQ1910 (FQ1910)
Market Rent (2),Extracted from formula,MF Market Rent,Used in Unknown_Field_FR1910 (FR1910)
Market Rent (3),Extracted from formula,MF Market Rent,Used in Unknown_Field_FR1910 (FR1910)
Market Rent (2),Extracted from formula,MF Market Rent,Used in Unknown_Field_FQ1911 (FQ1911)
Market Rent (3),Extracted from formula,MF Market Rent,Used in Unknown_Field_FQ1911 (FQ1911)
Market Rent (2),Extracted from formula,MF Market Rent,Used in Unknown_Field_FR1911 (FR1911)
Market Rent (3),Extracted from formula,MF Market Rent,Used in Unknown_Field_FR1911 (FR1911)
Market Rent (2),Extracted from formula,MF Market Rent,Used in Unknown_Field_FQ1912 (FQ1912)
Market Rent (3),Extracted from formula,MF Market Rent,Used in Unknown_Field_FQ1912 (FQ1912)
Market Rent (2),Extracted from formula,MF Market Rent,Used in Unknown_Field_FR1912 (FR1912)
Market Rent (3),Extracted from formula,MF Market Rent,Used in Unknown_Field_FR1912 (FR1912)
Market Rent (2),Extracted from formula,MF Market Rent,Used in Unknown_Field_FQ1913 (FQ1913)
Market Rent (3),Extracted from formula,MF Market Rent,Used in Unknown_Field_FQ1913 (FQ1913)
Market Rent (2),Extracted from formula,MF Market Rent,Used in Unknown_Field_FR1913 (FR1913)
Market Rent (3),Extracted from formula,MF Market Rent,Used in Unknown_Field_FR1913 (FR1913)
Market Rent (2),Extracted from formula,MF Market Rent,Used in Unknown_Field_FQ1914 (FQ1914)
Market Rent (3),Extracted from formula,MF Market Rent,Used in Unknown_Field_FQ1914 (FQ1914)
Market Rent (2),Extracted from formula,MF Market Rent,Used in Unknown_Field_FR1914 (FR1914)
Market Rent (3),Extracted from formula,MF Market Rent,Used in Unknown_Field_FR1914 (FR1914)
Market Rent (2),Extracted from formula,MF Market Rent,Used in Unknown_Field_FQ1915 (FQ1915)
Market Rent (3),Extracted from formula,MF Market Rent,Used in Unknown_Field_FQ1915 (FQ1915)
Market Rent (2),Extracted from formula,MF Market Rent,Used in Unknown_Field_FR1915 (FR1915)
Market Rent (3),Extracted from formula,MF Market Rent,Used in Unknown_Field_FR1915 (FR1915)
Market Rent (2),Extracted from formula,MF Market Rent,Used in Unknown_Field_FQ1916 (FQ1916)
Market Rent (3),Extracted from formula,MF Market Rent,Used in Unknown_Field_FQ1916 (FQ1916)
Market Rent (2),Extracted from formula,MF Market Rent,Used in Unknown_Field_FR1916 (FR1916)
Market Rent (3),Extracted from formula,MF Market Rent,Used in Unknown_Field_FR1916 (FR1916)
Market Rent (2),Extracted from formula,MF Market Rent,Used in Unknown_Field_FQ1917 (FQ1917)
Market Rent (3),Extracted from formula,MF Market Rent,Used in Unknown_Field_FQ1917 (FQ1917)
Market Rent (2),Extracted from formula,MF Market Rent,Used in Unknown_Field_FR1917 (FR1917)
Market Rent (3),Extracted from formula,MF Market Rent,Used in Unknown_Field_FR1917 (FR1917)
Market Rent (2),Extracted from formula,MF Market Rent,Used in Unknown_Field_FQ1918 (FQ1918)
Market Rent (3),Extracted from formula,MF Market Rent,Used in Unknown_Field_FQ1918 (FQ1918)
Market Rent (2),Extracted from formula,MF Market Rent,Used in Unknown_Field_FR1918 (FR1918)
Market Rent (3),Extracted from formula,MF Market Rent,Used in Unknown_Field_FR1918 (FR1918)
Market Rent (2),Extracted from formula,MF Market Rent,Used in Unknown_Field_FQ1919 (FQ1919)
Market Rent (3),Extracted from formula,MF Market Rent,Used in Unknown_Field_FQ1919 (FQ1919)
Market Rent (2),Extracted from formula,MF Market Rent,Used in Unknown_Field_FR1919 (FR1919)
Market Rent (3),Extracted from formula,MF Market Rent,Used in Unknown_Field_FR1919 (FR1919)
Market Rent (2),Extracted from formula,MF Market Rent,Used in Unknown_Field_FQ1920 (FQ1920)
Market Rent (3),Extracted from formula,MF Market Rent,Used in Unknown_Field_FQ1920 (FQ1920)
Market Rent (2),Extracted from formula,MF Market Rent,Used in Unknown_Field_FR1920 (FR1920)
Market Rent (3),Extracted from formula,MF Market Rent,Used in Unknown_Field_FR1920 (FR1920)
Market Rent (2),Extracted from formula,MF Market Rent,Used in Unknown_Field_FQ1921 (FQ1921)
Market Rent (3),Extracted from formula,MF Market Rent,Used in Unknown_Field_FQ1921 (FQ1921)
Market Rent (2),Extracted from formula,MF Market Rent,Used in Unknown_Field_FR1921 (FR1921)
Market Rent (3),Extracted from formula,MF Market Rent,Used in Unknown_Field_FR1921 (FR1921)
Market Rent (2),Extracted from formula,MF Market Rent,Used in Unknown_Field_FQ1922 (FQ1922)
Market Rent (3),Extracted from formula,MF Market Rent,Used in Unknown_Field_FQ1922 (FQ1922)
Market Rent (2),Extracted from formula,MF Market Rent,Used in Unknown_Field_FR1922 (FR1922)
Market Rent (3),Extracted from formula,MF Market Rent,Used in Unknown_Field_FR1922 (FR1922)
Market Rent (2),Extracted from formula,MF Market Rent,Used in Unknown_Field_FQ1923 (FQ1923)
Market Rent (3),Extracted from formula,MF Market Rent,Used in Unknown_Field_FQ1923 (FQ1923)
Market Rent (2),Extracted from formula,MF Market Rent,Used in Unknown_Field_FR1923 (FR1923)
Market Rent (3),Extracted from formula,MF Market Rent,Used in Unknown_Field_FR1923 (FR1923)
Market Rent (2),Extracted from formula,MF Market Rent,Used in Unknown_Field_FQ1924 (FQ1924)
Market Rent (3),Extracted from formula,MF Market Rent,Used in Unknown_Field_FQ1924 (FQ1924)
Market Rent (2),Extracted from formula,MF Market Rent,Used in Unknown_Field_FR1924 (FR1924)
Market Rent (3),Extracted from formula,MF Market Rent,Used in Unknown_Field_FR1924 (FR1924)
Market Rent (2),Extracted from formula,MF Market Rent,Used in Unknown_Field_FQ1925 (FQ1925)
Market Rent (3),Extracted from formula,MF Market Rent,Used in Unknown_Field_FQ1925 (FQ1925)
Market Rent (2),Extracted from formula,MF Market Rent,Used in Unknown_Field_FR1925 (FR1925)
Market Rent (3),Extracted from formula,MF Market Rent,Used in Unknown_Field_FR1925 (FR1925)
Market Rent (2),Extracted from formula,MF Market Rent,Used in Unknown_Field_FQ1926 (FQ1926)
Market Rent (3),Extracted from formula,MF Market Rent,Used in Unknown_Field_FQ1926 (FQ1926)
Market Rent (2),Extracted from formula,MF Market Rent,Used in Unknown_Field_FR1926 (FR1926)
Market Rent (3),Extracted from formula,MF Market Rent,Used in Unknown_Field_FR1926 (FR1926)
Market Rent (2),Extracted from formula,MF Market Rent,Used in Unknown_Field_FQ1927 (FQ1927)
Market Rent (3),Extracted from formula,MF Market Rent,Used in Unknown_Field_FQ1927 (FQ1927)
Market Rent (2),Extracted from formula,MF Market Rent,Used in Unknown_Field_FR1927 (FR1927)
Market Rent (3),Extracted from formula,MF Market Rent,Used in Unknown_Field_FR1927 (FR1927)
Market Rent (2),Extracted from formula,MF Market Rent,Used in Unknown_Field_FQ1928 (FQ1928)
Market Rent (3),Extracted from formula,MF Market Rent,Used in Unknown_Field_FQ1928 (FQ1928)
Market Rent (2),Extracted from formula,MF Market Rent,Used in Unknown_Field_FR1928 (FR1928)
Market Rent (3),Extracted from formula,MF Market Rent,Used in Unknown_Field_FR1928 (FR1928)
Market Rent (2),Extracted from formula,MF Market Rent,Used in Unknown_Field_FQ1929 (FQ1929)
Market Rent (3),Extracted from formula,MF Market Rent,Used in Unknown_Field_FQ1929 (FQ1929)
Market Rent (2),Extracted from formula,MF Market Rent,Used in Unknown_Field_FR1929 (FR1929)
Market Rent (3),Extracted from formula,MF Market Rent,Used in Unknown_Field_FR1929 (FR1929)
Market Rent (2),Extracted from formula,MF Market Rent,Used in Unknown_Field_FQ1930 (FQ1930)
Market Rent (3),Extracted from formula,MF Market Rent,Used in Unknown_Field_FQ1930 (FQ1930)
Market Rent (2),Extracted from formula,MF Market Rent,Used in Unknown_Field_FR1930 (FR1930)
Market Rent (3),Extracted from formula,MF Market Rent,Used in Unknown_Field_FR1930 (FR1930)
Market Rent (2),Extracted from formula,MF Market Rent,Used in Unknown_Field_FQ1931 (FQ1931)
Market Rent (3),Extracted from formula,MF Market Rent,Used in Unknown_Field_FQ1931 (FQ1931)
Market Rent (2),Extracted from formula,MF Market Rent,Used in Unknown_Field_FR1931 (FR1931)
Market Rent (3),Extracted from formula,MF Market Rent,Used in Unknown_Field_FR1931 (FR1931)
Market Rent (2),Extracted from formula,MF Market Rent,Used in Unknown_Field_FQ1932 (FQ1932)
Market Rent (3),Extracted from formula,MF Market Rent,Used in Unknown_Field_FQ1932 (FQ1932)
Market Rent (2),Extracted from formula,MF Market Rent,Used in Unknown_Field_FR1932 (FR1932)
Market Rent (3),Extracted from formula,MF Market Rent,Used in Unknown_Field_FR1932 (FR1932)
Market Rent (2),Extracted from formula,MF Market Rent,Used in Unknown_Field_FQ1933 (FQ1933)
Market Rent (3),Extracted from formula,MF Market Rent,Used in Unknown_Field_FQ1933 (FQ1933)
Market Rent (2),Extracted from formula,MF Market Rent,Used in Unknown_Field_FR1933 (FR1933)
Market Rent (3),Extracted from formula,MF Market Rent,Used in Unknown_Field_FR1933 (FR1933)
Market Rent (2),Extracted from formula,MF Market Rent,Used in Unknown_Field_FQ1934 (FQ1934)
Market Rent (3),Extracted from formula,MF Market Rent,Used in Unknown_Field_FQ1934 (FQ1934)
Market Rent (2),Extracted from formula,MF Market Rent,Used in Unknown_Field_FR1934 (FR1934)
Market Rent (3),Extracted from formula,MF Market Rent,Used in Unknown_Field_FR1934 (FR1934)
Market Rent (2),Extracted from formula,MF Market Rent,Used in Unknown_Field_FQ1935 (FQ1935)
Market Rent (3),Extracted from formula,MF Market Rent,Used in Unknown_Field_FQ1935 (FQ1935)
Market Rent (2),Extracted from formula,MF Market Rent,Used in Unknown_Field_FR1935 (FR1935)
Market Rent (3),Extracted from formula,MF Market Rent,Used in Unknown_Field_FR1935 (FR1935)
Market Rent (2),Extracted from formula,MF Market Rent,Used in Unknown_Field_FQ1936 (FQ1936)
Market Rent (3),Extracted from formula,MF Market Rent,Used in Unknown_Field_FQ1936 (FQ1936)
Market Rent (2),Extracted from formula,MF Market Rent,Used in Unknown_Field_FR1936 (FR1936)
Market Rent (3),Extracted from formula,MF Market Rent,Used in Unknown_Field_FR1936 (FR1936)
Market Rent (2),Extracted from formula,MF Market Rent,Used in Unknown_Field_FQ1937 (FQ1937)
Market Rent (3),Extracted from formula,MF Market Rent,Used in Unknown_Field_FQ1937 (FQ1937)
Market Rent (2),Extracted from formula,MF Market Rent,Used in Unknown_Field_FR1937 (FR1937)
Market Rent (3),Extracted from formula,MF Market Rent,Used in Unknown_Field_FR1937 (FR1937)
Market Rent (2),Extracted from formula,MF Market Rent,Used in Unknown_Field_FQ1938 (FQ1938)
Market Rent (3),Extracted from formula,MF Market Rent,Used in Unknown_Field_FQ1938 (FQ1938)
Market Rent (2),Extracted from formula,MF Market Rent,Used in Unknown_Field_FR1938 (FR1938)
Market Rent (3),Extracted from formula,MF Market Rent,Used in Unknown_Field_FR1938 (FR1938)
Market Rent (2),Extracted from formula,MF Market Rent,Used in Unknown_Field_FQ1939 (FQ1939)
Market Rent (3),Extracted from formula,MF Market Rent,Used in Unknown_Field_FQ1939 (FQ1939)
Market Rent (2),Extracted from formula,MF Market Rent,Used in Unknown_Field_FR1939 (FR1939)
Market Rent (3),Extracted from formula,MF Market Rent,Used in Unknown_Field_FR1939 (FR1939)
Market Rent (2),Extracted from formula,MF Market Rent,Used in Unknown_Field_FQ1940 (FQ1940)
Market Rent (3),Extracted from formula,MF Market Rent,Used in Unknown_Field_FQ1940 (FQ1940)
Market Rent (2),Extracted from formula,MF Market Rent,Used in Unknown_Field_FR1940 (FR1940)
Market Rent (3),Extracted from formula,MF Market Rent,Used in Unknown_Field_FR1940 (FR1940)
Market Rent (2),Extracted from formula,MF Market Rent,Used in Unknown_Field_FQ1941 (FQ1941)
Market Rent (3),Extracted from formula,MF Market Rent,Used in Unknown_Field_FQ1941 (FQ1941)
Market Rent (2),Extracted from formula,MF Market Rent,Used in Unknown_Field_FR1941 (FR1941)
Market Rent (3),Extracted from formula,MF Market Rent,Used in Unknown_Field_FR1941 (FR1941)
Market Rent (2),Extracted from formula,MF Market Rent,Used in Unknown_Field_FQ1942 (FQ1942)
Market Rent (3),Extracted from formula,MF Market Rent,Used in Unknown_Field_FQ1942 (FQ1942)
Market Rent (2),Extracted from formula,MF Market Rent,Used in Unknown_Field_FR1942 (FR1942)
Market Rent (3),Extracted from formula,MF Market Rent,Used in Unknown_Field_FR1942 (FR1942)
Market Rent (2),Extracted from formula,MF Market Rent,Used in Unknown_Field_FQ1943 (FQ1943)
Market Rent (3),Extracted from formula,MF Market Rent,Used in Unknown_Field_FQ1943 (FQ1943)
Market Rent (2),Extracted from formula,MF Market Rent,Used in Unknown_Field_FR1943 (FR1943)
Market Rent (3),Extracted from formula,MF Market Rent,Used in Unknown_Field_FR1943 (FR1943)
Market Rent (2),Extracted from formula,MF Market Rent,Used in Unknown_Field_FQ1944 (FQ1944)
Market Rent (3),Extracted from formula,MF Market Rent,Used in Unknown_Field_FQ1944 (FQ1944)
Market Rent (2),Extracted from formula,MF Market Rent,Used in Unknown_Field_FR1944 (FR1944)
Market Rent (3),Extracted from formula,MF Market Rent,Used in Unknown_Field_FR1944 (FR1944)
Market Rent (2),Extracted from formula,MF Market Rent,Used in Unknown_Field_FQ1945 (FQ1945)
Market Rent (3),Extracted from formula,MF Market Rent,Used in Unknown_Field_FQ1945 (FQ1945)
Market Rent (2),Extracted from formula,MF Market Rent,Used in Unknown_Field_FR1945 (FR1945)
Market Rent (3),Extracted from formula,MF Market Rent,Used in Unknown_Field_FR1945 (FR1945)
Market Rent (2),Extracted from formula,MF Market Rent,Used in Unknown_Field_FQ1946 (FQ1946)
Market Rent (3),Extracted from formula,MF Market Rent,Used in Unknown_Field_FQ1946 (FQ1946)
Market Rent (2),Extracted from formula,MF Market Rent,Used in Unknown_Field_FR1946 (FR1946)
Market Rent (3),Extracted from formula,MF Market Rent,Used in Unknown_Field_FR1946 (FR1946)
Market Rent (2),Extracted from formula,MF Market Rent,Used in Unknown_Field_FQ1947 (FQ1947)
Market Rent (3),Extracted from formula,MF Market Rent,Used in Unknown_Field_FQ1947 (FQ1947)
Market Rent (2),Extracted from formula,MF Market Rent,Used in Unknown_Field_FR1947 (FR1947)
Market Rent (3),Extracted from formula,MF Market Rent,Used in Unknown_Field_FR1947 (FR1947)
Market Rent (2),Extracted from formula,MF Market Rent,Used in Unknown_Field_FQ1948 (FQ1948)
Market Rent (3),Extracted from formula,MF Market Rent,Used in Unknown_Field_FQ1948 (FQ1948)
Market Rent (2),Extracted from formula,MF Market Rent,Used in Unknown_Field_FR1948 (FR1948)
Market Rent (3),Extracted from formula,MF Market Rent,Used in Unknown_Field_FR1948 (FR1948)
Market Rent (2),Extracted from formula,MF Market Rent,Used in Unknown_Field_FQ1949 (FQ1949)
Market Rent (3),Extracted from formula,MF Market Rent,Used in Unknown_Field_FQ1949 (FQ1949)
Market Rent (2),Extracted from formula,MF Market Rent,Used in Unknown_Field_FR1949 (FR1949)
Market Rent (3),Extracted from formula,MF Market Rent,Used in Unknown_Field_FR1949 (FR1949)
Market Rent (2),Extracted from formula,MF Market Rent,Used in Unknown_Field_FQ1950 (FQ1950)
Market Rent (3),Extracted from formula,MF Market Rent,Used in Unknown_Field_FQ1950 (FQ1950)
Market Rent (2),Extracted from formula,MF Market Rent,Used in Unknown_Field_FR1950 (FR1950)
Market Rent (3),Extracted from formula,MF Market Rent,Used in Unknown_Field_FR1950 (FR1950)
Market Rent (2),Extracted from formula,MF Market Rent,Used in Unknown_Field_FQ1951 (FQ1951)
Market Rent (3),Extracted from formula,MF Market Rent,Used in Unknown_Field_FQ1951 (FQ1951)
Market Rent (2),Extracted from formula,MF Market Rent,Used in Unknown_Field_FR1951 (FR1951)
Market Rent (3),Extracted from formula,MF Market Rent,Used in Unknown_Field_FR1951 (FR1951)
Market Rent (2),Extracted from formula,MF Market Rent,Used in Unknown_Field_FQ1952 (FQ1952)
Market Rent (3),Extracted from formula,MF Market Rent,Used in Unknown_Field_FQ1952 (FQ1952)
Market Rent (2),Extracted from formula,MF Market Rent,Used in Unknown_Field_FR1952 (FR1952)
Market Rent (3),Extracted from formula,MF Market Rent,Used in Unknown_Field_FR1952 (FR1952)
Market Rent (2),Extracted from formula,MF Market Rent,Used in Unknown_Field_FQ1953 (FQ1953)
Market Rent (3),Extracted from formula,MF Market Rent,Used in Unknown_Field_FQ1953 (FQ1953)
Market Rent (2),Extracted from formula,MF Market Rent,Used in Unknown_Field_FR1953 (FR1953)
Market Rent (3),Extracted from formula,MF Market Rent,Used in Unknown_Field_FR1953 (FR1953)
Market Rent (2),Extracted from formula,MF Market Rent,Used in Unknown_Field_FQ1954 (FQ1954)
Market Rent (3),Extracted from formula,MF Market Rent,Used in Unknown_Field_FQ1954 (FQ1954)
Market Rent (2),Extracted from formula,MF Market Rent,Used in Unknown_Field_FR1954 (FR1954)
Market Rent (3),Extracted from formula,MF Market Rent,Used in Unknown_Field_FR1954 (FR1954)
Market Rent (2),Extracted from formula,MF Market Rent,Used in Unknown_Field_FQ1955 (FQ1955)
Market Rent (3),Extracted from formula,MF Market Rent,Used in Unknown_Field_FQ1955 (FQ1955)
Market Rent (2),Extracted from formula,MF Market Rent,Used in Unknown_Field_FR1955 (FR1955)
Market Rent (3),Extracted from formula,MF Market Rent,Used in Unknown_Field_FR1955 (FR1955)
Market Rent (2),Extracted from formula,MF Market Rent,Used in Unknown_Field_FQ1956 (FQ1956)
Market Rent (3),Extracted from formula,MF Market Rent,Used in Unknown_Field_FQ1956 (FQ1956)
Market Rent (2),Extracted from formula,MF Market Rent,Used in Unknown_Field_FR1956 (FR1956)
Market Rent (3),Extracted from formula,MF Market Rent,Used in Unknown_Field_FR1956 (FR1956)
Market Rent (2),Extracted from formula,MF Market Rent,Used in Unknown_Field_FQ1957 (FQ1957)
Market Rent (3),Extracted from formula,MF Market Rent,Used in Unknown_Field_FQ1957 (FQ1957)
Market Rent (2),Extracted from formula,MF Market Rent,Used in Unknown_Field_FR1957 (FR1957)
Market Rent (3),Extracted from formula,MF Market Rent,Used in Unknown_Field_FR1957 (FR1957)
Market Rent (2),Extracted from formula,MF Market Rent,Used in Unknown_Field_FQ1958 (FQ1958)
Market Rent (3),Extracted from formula,MF Market Rent,Used in Unknown_Field_FQ1958 (FQ1958)
Market Rent (2),Extracted from formula,MF Market Rent,Used in Unknown_Field_FR1958 (FR1958)
Market Rent (3),Extracted from formula,MF Market Rent,Used in Unknown_Field_FR1958 (FR1958)
Market Rent (2),Extracted from formula,MF Market Rent,Used in Unknown_Field_FQ1959 (FQ1959)
Market Rent (3),Extracted from formula,MF Market Rent,Used in Unknown_Field_FQ1959 (FQ1959)
Market Rent (2),Extracted from formula,MF Market Rent,Used in Unknown_Field_FR1959 (FR1959)
Market Rent (3),Extracted from formula,MF Market Rent,Used in Unknown_Field_FR1959 (FR1959)
Market Rent (2),Extracted from formula,MF Market Rent,Used in Unknown_Field_FQ1960 (FQ1960)
Market Rent (3),Extracted from formula,MF Market Rent,Used in Unknown_Field_FQ1960 (FQ1960)
Market Rent (2),Extracted from formula,MF Market Rent,Used in Unknown_Field_FR1960 (FR1960)
Market Rent (3),Extracted from formula,MF Market Rent,Used in Unknown_Field_FR1960 (FR1960)
Market Rent (2),Extracted from formula,MF Market Rent,Used in Unknown_Field_FQ1961 (FQ1961)
Market Rent (3),Extracted from formula,MF Market Rent,Used in Unknown_Field_FQ1961 (FQ1961)
Market Rent (2),Extracted from formula,MF Market Rent,Used in Unknown_Field_FR1961 (FR1961)
Market Rent (3),Extracted from formula,MF Market Rent,Used in Unknown_Field_FR1961 (FR1961)
Market Rent (2),Extracted from formula,MF Market Rent,Used in Unknown_Field_FQ1962 (FQ1962)
Market Rent (3),Extracted from formula,MF Market Rent,Used in Unknown_Field_FQ1962 (FQ1962)
Market Rent (2),Extracted from formula,MF Market Rent,Used in Unknown_Field_FR1962 (FR1962)
Market Rent (3),Extracted from formula,MF Market Rent,Used in Unknown_Field_FR1962 (FR1962)
Market Rent (2),Extracted from formula,MF Market Rent,Used in Unknown_Field_FQ1963 (FQ1963)
Market Rent (3),Extracted from formula,MF Market Rent,Used in Unknown_Field_FQ1963 (FQ1963)
Market Rent (2),Extracted from formula,MF Market Rent,Used in Unknown_Field_FR1963 (FR1963)
Market Rent (3),Extracted from formula,MF Market Rent,Used in Unknown_Field_FR1963 (FR1963)
Market Rent (2),Extracted from formula,MF Market Rent,Used in Unknown_Field_FQ1964 (FQ1964)
Market Rent (3),Extracted from formula,MF Market Rent,Used in Unknown_Field_FQ1964 (FQ1964)
Market Rent (2),Extracted from formula,MF Market Rent,Used in Unknown_Field_FR1964 (FR1964)
Market Rent (3),Extracted from formula,MF Market Rent,Used in Unknown_Field_FR1964 (FR1964)
Market Rent (2),Extracted from formula,MF Market Rent,Used in Unknown_Field_FQ1965 (FQ1965)
Market Rent (3),Extracted from formula,MF Market Rent,Used in Unknown_Field_FQ1965 (FQ1965)
Market Rent (2),Extracted from formula,MF Market Rent,Used in Unknown_Field_FR1965 (FR1965)
Market Rent (3),Extracted from formula,MF Market Rent,Used in Unknown_Field_FR1965 (FR1965)
Market Rent (2),Extracted from formula,MF Market Rent,Used in Unknown_Field_FQ1966 (FQ1966)
Market Rent (3),Extracted from formula,MF Market Rent,Used in Unknown_Field_FQ1966 (FQ1966)
Market Rent (2),Extracted from formula,MF Market Rent,Used in Unknown_Field_FR1966 (FR1966)
Market Rent (3),Extracted from formula,MF Market Rent,Used in Unknown_Field_FR1966 (FR1966)
Market Rent (2),Extracted from formula,MF Market Rent,Used in Unknown_Field_FQ1967 (FQ1967)
Market Rent (3),Extracted from formula,MF Market Rent,Used in Unknown_Field_FQ1967 (FQ1967)
Market Rent (2),Extracted from formula,MF Market Rent,Used in Unknown_Field_FR1967 (FR1967)
Market Rent (3),Extracted from formula,MF Market Rent,Used in Unknown_Field_FR1967 (FR1967)
Market Rent (2),Extracted from formula,MF Market Rent,Used in Unknown_Field_FQ1968 (FQ1968)
Market Rent (3),Extracted from formula,MF Market Rent,Used in Unknown_Field_FQ1968 (FQ1968)
Market Rent (2),Extracted from formula,MF Market Rent,Used in Unknown_Field_FR1968 (FR1968)
Market Rent (3),Extracted from formula,MF Market Rent,Used in Unknown_Field_FR1968 (FR1968)
Market Rent (2),Extracted from formula,MF Market Rent,Used in Unknown_Field_FQ1969 (FQ1969)
Market Rent (3),Extracted from formula,MF Market Rent,Used in Unknown_Field_FQ1969 (FQ1969)
Market Rent (2),Extracted from formula,MF Market Rent,Used in Unknown_Field_FR1969 (FR1969)
Market Rent (3),Extracted from formula,MF Market Rent,Used in Unknown_Field_FR1969 (FR1969)
Market Rent (2),Extracted from formula,MF Market Rent,Used in Unknown_Field_FQ1970 (FQ1970)
Market Rent (3),Extracted from formula,MF Market Rent,Used in Unknown_Field_FQ1970 (FQ1970)
Market Rent (2),Extracted from formula,MF Market Rent,Used in Unknown_Field_FR1970 (FR1970)
Market Rent (3),Extracted from formula,MF Market Rent,Used in Unknown_Field_FR1970 (FR1970)
Market Rent (2),Extracted from formula,MF Market Rent,Used in Unknown_Field_FQ1971 (FQ1971)
Market Rent (3),Extracted from formula,MF Market Rent,Used in Unknown_Field_FQ1971 (FQ1971)
Market Rent (2),Extracted from formula,MF Market Rent,Used in Unknown_Field_FR1971 (FR1971)
Market Rent (3),Extracted from formula,MF Market Rent,Used in Unknown_Field_FR1971 (FR1971)
Market Rent (2),Extracted from formula,MF Market Rent,Used in Unknown_Field_FQ1972 (FQ1972)
Market Rent (3),Extracted from formula,MF Market Rent,Used in Unknown_Field_FQ1972 (FQ1972)
Market Rent (2),Extracted from formula,MF Market Rent,Used in Unknown_Field_FR1972 (FR1972)
Market Rent (3),Extracted from formula,MF Market Rent,Used in Unknown_Field_FR1972 (FR1972)
Market Rent (2),Extracted from formula,MF Market Rent,Used in Unknown_Field_FQ1973 (FQ1973)
Market Rent (3),Extracted from formula,MF Market Rent,Used in Unknown_Field_FQ1973 (FQ1973)
Market Rent (2),Extracted from formula,MF Market Rent,Used in Unknown_Field_FR1973 (FR1973)
Market Rent (3),Extracted from formula,MF Market Rent,Used in Unknown_Field_FR1973 (FR1973)
Market Rent (2),Extracted from formula,MF Market Rent,Used in Unknown_Field_FQ1974 (FQ1974)
Market Rent (3),Extracted from formula,MF Market Rent,Used in Unknown_Field_FQ1974 (FQ1974)
Market Rent (2),Extracted from formula,MF Market Rent,Used in Unknown_Field_FR1974 (FR1974)
Market Rent (3),Extracted from formula,MF Market Rent,Used in Unknown_Field_FR1974 (FR1974)
Market Rent (2),Extracted from formula,MF Market Rent,Used in Unknown_Field_FQ1975 (FQ1975)
Market Rent (3),Extracted from formula,MF Market Rent,Used in Unknown_Field_FQ1975 (FQ1975)
Market Rent (2),Extracted from formula,MF Market Rent,Used in Unknown_Field_FR1975 (FR1975)
Market Rent (3),Extracted from formula,MF Market Rent,Used in Unknown_Field_FR1975 (FR1975)
Market Rent (2),Extracted from formula,MF Market Rent,Used in Unknown_Field_FQ1976 (FQ1976)
Market Rent (3),Extracted from formula,MF Market Rent,Used in Unknown_Field_FQ1976 (FQ1976)
Market Rent (2),Extracted from formula,MF Market Rent,Used in Unknown_Field_FR1976 (FR1976)
Market Rent (3),Extracted from formula,MF Market Rent,Used in Unknown_Field_FR1976 (FR1976)
Market Rent (2),Extracted from formula,MF Market Rent,Used in Unknown_Field_FQ1977 (FQ1977)
Market Rent (3),Extracted from formula,MF Market Rent,Used in Unknown_Field_FQ1977 (FQ1977)
Market Rent (2),Extracted from formula,MF Market Rent,Used in Unknown_Field_FR1977 (FR1977)
Market Rent (3),Extracted from formula,MF Market Rent,Used in Unknown_Field_FR1977 (FR1977)
Market Rent (2),Extracted from formula,MF Market Rent,Used in Unknown_Field_FQ1978 (FQ1978)
Market Rent (3),Extracted from formula,MF Market Rent,Used in Unknown_Field_FQ1978 (FQ1978)
Market Rent (2),Extracted from formula,MF Market Rent,Used in Unknown_Field_FR1978 (FR1978)
Market Rent (3),Extracted from formula,MF Market Rent,Used in Unknown_Field_FR1978 (FR1978)
Market Rent (2),Extracted from formula,MF Market Rent,Used in Unknown_Field_FQ1979 (FQ1979)
Market Rent (3),Extracted from formula,MF Market Rent,Used in Unknown_Field_FQ1979 (FQ1979)
Market Rent (2),Extracted from formula,MF Market Rent,Used in Unknown_Field_FR1979 (FR1979)
Market Rent (3),Extracted from formula,MF Market Rent,Used in Unknown_Field_FR1979 (FR1979)
Market Rent (2),Extracted from formula,MF Market Rent,Used in Unknown_Field_FQ1980 (FQ1980)
Market Rent (3),Extracted from formula,MF Market Rent,Used in Unknown_Field_FQ1980 (FQ1980)
Market Rent (2),Extracted from formula,MF Market Rent,Used in Unknown_Field_FR1980 (FR1980)
Market Rent (3),Extracted from formula,MF Market Rent,Used in Unknown_Field_FR1980 (FR1980)
Market Rent (2),Extracted from formula,MF Market Rent,Used in Unknown_Field_FQ1981 (FQ1981)
Market Rent (3),Extracted from formula,MF Market Rent,Used in Unknown_Field_FQ1981 (FQ1981)
Market Rent (2),Extracted from formula,MF Market Rent,Used in Unknown_Field_FR1981 (FR1981)
Market Rent (3),Extracted from formula,MF Market Rent,Used in Unknown_Field_FR1981 (FR1981)
Market Rent (2),Extracted from formula,MF Market Rent,Used in Unknown_Field_FQ1982 (FQ1982)
Market Rent (3),Extracted from formula,MF Market Rent,Used in Unknown_Field_FQ1982 (FQ1982)
Market Rent (2),Extracted from formula,MF Market Rent,Used in Unknown_Field_FR1982 (FR1982)
Market Rent (3),Extracted from formula,MF Market Rent,Used in Unknown_Field_FR1982 (FR1982)
Market Rent (2),Extracted from formula,MF Market Rent,Used in Unknown_Field_FQ1983 (FQ1983)
Market Rent (3),Extracted from formula,MF Market Rent,Used in Unknown_Field_FQ1983 (FQ1983)
Market Rent (2),Extracted from formula,MF Market Rent,Used in Unknown_Field_FR1983 (FR1983)
Market Rent (3),Extracted from formula,MF Market Rent,Used in Unknown_Field_FR1983 (FR1983)
Market Rent (2),Extracted from formula,MF Market Rent,Used in Unknown_Field_FQ1984 (FQ1984)
Market Rent (3),Extracted from formula,MF Market Rent,Used in Unknown_Field_FQ1984 (FQ1984)
Market Rent (2),Extracted from formula,MF Market Rent,Used in Unknown_Field_FR1984 (FR1984)
Market Rent (3),Extracted from formula,MF Market Rent,Used in Unknown_Field_FR1984 (FR1984)
Market Rent (2),Extracted from formula,MF Market Rent,Used in Unknown_Field_FQ1985 (FQ1985)
Market Rent (3),Extracted from formula,MF Market Rent,Used in Unknown_Field_FQ1985 (FQ1985)
Market Rent (2),Extracted from formula,MF Market Rent,Used in Unknown_Field_FR1985 (FR1985)
Market Rent (3),Extracted from formula,MF Market Rent,Used in Unknown_Field_FR1985 (FR1985)
Market Rent (2),Extracted from formula,MF Market Rent,Used in Unknown_Field_FQ1986 (FQ1986)
Market Rent (3),Extracted from formula,MF Market Rent,Used in Unknown_Field_FQ1986 (FQ1986)
Market Rent (2),Extracted from formula,MF Market Rent,Used in Unknown_Field_FR1986 (FR1986)
Market Rent (3),Extracted from formula,MF Market Rent,Used in Unknown_Field_FR1986 (FR1986)
Market Rent (2),Extracted from formula,MF Market Rent,Used in Unknown_Field_FQ1987 (FQ1987)
Market Rent (3),Extracted from formula,MF Market Rent,Used in Unknown_Field_FQ1987 (FQ1987)
Market Rent (2),Extracted from formula,MF Market Rent,Used in Unknown_Field_FR1987 (FR1987)
Market Rent (3),Extracted from formula,MF Market Rent,Used in Unknown_Field_FR1987 (FR1987)
Market Rent (2),Extracted from formula,MF Market Rent,Used in Unknown_Field_FQ1988 (FQ1988)
Market Rent (3),Extracted from formula,MF Market Rent,Used in Unknown_Field_FQ1988 (FQ1988)
Market Rent (2),Extracted from formula,MF Market Rent,Used in Unknown_Field_FR1988 (FR1988)
Market Rent (3),Extracted from formula,MF Market Rent,Used in Unknown_Field_FR1988 (FR1988)
Market Rent (2),Extracted from formula,MF Market Rent,Used in Unknown_Field_FQ1989 (FQ1989)
Market Rent (3),Extracted from formula,MF Market Rent,Used in Unknown_Field_FQ1989 (FQ1989)
Market Rent (2),Extracted from formula,MF Market Rent,Used in Unknown_Field_FR1989 (FR1989)
Market Rent (3),Extracted from formula,MF Market Rent,Used in Unknown_Field_FR1989 (FR1989)
Market Rent (2),Extracted from formula,MF Market Rent,Used in Unknown_Field_FQ1990 (FQ1990)
Market Rent (3),Extracted from formula,MF Market Rent,Used in Unknown_Field_FQ1990 (FQ1990)
Market Rent (2),Extracted from formula,MF Market Rent,Used in Unknown_Field_FR1990 (FR1990)
Market Rent (3),Extracted from formula,MF Market Rent,Used in Unknown_Field_FR1990 (FR1990)
Market Rent,Extracted from formula,MF Market Rent,Used in Utilities Adj. (FQ2040)
Market Rent,Extracted from formula,MF Market Rent,Used in Physical Charactertistics Adj (FR2040)
Market Rent,Extracted from formula,MF Market Rent,Used in Utilities Adj. (FQ2041)
Market Rent,Extracted from formula,MF Market Rent,Used in Physical Charactertistics Adj (FR2041)
Market Rent,Extracted from formula,MF Market Rent,Used in Utilities Adj. (FQ2042)
Market Rent,Extracted from formula,MF Market Rent,Used in Physical Charactertistics Adj (FR2042)
Market Rent,Extracted from formula,MF Market Rent,Used in Utilities Adj. (FQ2043)
Market Rent,Extracted from formula,MF Market Rent,Used in Physical Charactertistics Adj (FR2043)
Market Rent,Extracted from formula,MF Market Rent,Used in Utilities Adj. (FQ2044)
Market Rent,Extracted from formula,MF Market Rent,Used in Physical Charactertistics Adj (FR2044)
Market Rent,Extracted from formula,MF Market Rent,Used in Utilities Adj. (FQ2045)
Market Rent,Extracted from formula,MF Market Rent,Used in Physical Charactertistics Adj (FR2045)
Market Rent,Extracted from formula,MF Market Rent,Used in Utilities Adj. (FQ2046)
Market Rent,Extracted from formula,MF Market Rent,Used in Physical Charactertistics Adj (FR2046)
Market Rent,Extracted from formula,MF Market Rent,Used in Utilities Adj. (FQ2047)
Market Rent,Extracted from formula,MF Market Rent,Used in Physical Charactertistics Adj (FR2047)
Market Rent,Extracted from formula,MF Market Rent,Used in Unknown_Field_FQ2048 (FQ2048)
Market Rent,Extracted from formula,MF Market Rent,Used in Unknown_Field_FR2048 (FR2048)
Market Rent,Extracted from formula,MF Market Rent,Used in Unknown_Field_FQ2049 (FQ2049)
Market Rent,Extracted from formula,MF Market Rent,Used in Unknown_Field_FR2049 (FR2049)
Market Rent,Extracted from formula,MF Market Rent,Used in Unknown_Field_FQ2050 (FQ2050)
Market Rent,Extracted from formula,MF Market Rent,Used in Unknown_Field_FR2050 (FR2050)
Market Rent,Extracted from formula,MF Market Rent,Used in Unknown_Field_FQ2051 (FQ2051)
Market Rent,Extracted from formula,MF Market Rent,Used in Unknown_Field_FR2051 (FR2051)
Market Rent,Extracted from formula,MF Market Rent,Used in Unknown_Field_FQ2052 (FQ2052)
Market Rent,Extracted from formula,MF Market Rent,Used in Unknown_Field_FR2052 (FR2052)
Market Rent,Extracted from formula,MF Market Rent,Used in Unknown_Field_FQ2053 (FQ2053)
Market Rent,Extracted from formula,MF Market Rent,Used in Unknown_Field_FR2053 (FR2053)
Market Rent,Extracted from formula,MF Market Rent,Used in Unknown_Field_FQ2054 (FQ2054)
Market Rent,Extracted from formula,MF Market Rent,Used in Unknown_Field_FR2054 (FR2054)
Market Rent,Extracted from formula,MF Market Rent,Used in Unknown_Field_FQ2055 (FQ2055)
Market Rent,Extracted from formula,MF Market Rent,Used in Unknown_Field_FR2055 (FR2055)
Market Rent,Extracted from formula,MF Market Rent,Used in Unknown_Field_FQ2056 (FQ2056)
Market Rent,Extracted from formula,MF Market Rent,Used in Unknown_Field_FR2056 (FR2056)
Market Rent,Extracted from formula,MF Market Rent,Used in Unknown_Field_FQ2057 (FQ2057)
Market Rent,Extracted from formula,MF Market Rent,Used in Unknown_Field_FR2057 (FR2057)
Market Rent,Extracted from formula,MF Market Rent,Used in Unknown_Field_FQ2058 (FQ2058)
Market Rent,Extracted from formula,MF Market Rent,Used in Unknown_Field_FR2058 (FR2058)
Market Rent,Extracted from formula,MF Market Rent,Used in Unknown_Field_FQ2059 (FQ2059)
Market Rent,Extracted from formula,MF Market Rent,Used in Unknown_Field_FR2059 (FR2059)
Market Rent,Extracted from formula,MF Market Rent,Used in Unknown_Field_FQ2060 (FQ2060)
Market Rent,Extracted from formula,MF Market Rent,Used in Unknown_Field_FR2060 (FR2060)
Market Rent,Extracted from formula,MF Market Rent,Used in Unknown_Field_FQ2061 (FQ2061)
Market Rent,Extracted from formula,MF Market Rent,Used in Unknown_Field_FR2061 (FR2061)
Market Rent,Extracted from formula,MF Market Rent,Used in Unknown_Field_FQ2062 (FQ2062)
Market Rent,Extracted from formula,MF Market Rent,Used in Unknown_Field_FR2062 (FR2062)
Market Rent,Extracted from formula,MF Market Rent,Used in Unknown_Field_FQ2063 (FQ2063)
Market Rent,Extracted from formula,MF Market Rent,Used in Unknown_Field_FR2063 (FR2063)
Market Rent,Extracted from formula,MF Market Rent,Used in Unknown_Field_FQ2064 (FQ2064)
Market Rent,Extracted from formula,MF Market Rent,Used in Unknown_Field_FR2064 (FR2064)
Market Rent,Extracted from formula,MF Market Rent,Used in Unknown_Field_FQ2065 (FQ2065)
Market Rent,Extracted from formula,MF Market Rent,Used in Unknown_Field_FR2065 (FR2065)
Market Rent,Extracted from formula,MF Market Rent,Used in Unknown_Field_FQ2066 (FQ2066)
Market Rent,Extracted from formula,MF Market Rent,Used in Unknown_Field_FR2066 (FR2066)
Market Rent,Extracted from formula,MF Market Rent,Used in Unknown_Field_FQ2067 (FQ2067)
Market Rent,Extracted from formula,MF Market Rent,Used in Unknown_Field_FR2067 (FR2067)
Market Rent,Extracted from formula,MF Market Rent,Used in Unknown_Field_FQ2068 (FQ2068)
Market Rent,Extracted from formula,MF Market Rent,Used in Unknown_Field_FR2068 (FR2068)
Market Rent,Extracted from formula,MF Market Rent,Used in Unknown_Field_FQ2069 (FQ2069)
Market Rent,Extracted from formula,MF Market Rent,Used in Unknown_Field_FR2069 (FR2069)
Market Rent,Extracted from formula,MF Market Rent,Used in Unknown_Field_FQ2070 (FQ2070)
Market Rent,Extracted from formula,MF Market Rent,Used in Unknown_Field_FR2070 (FR2070)
Market Rent,Extracted from formula,MF Market Rent,Used in Unknown_Field_FQ2071 (FQ2071)
Market Rent,Extracted from formula,MF Market Rent,Used in Unknown_Field_FR2071 (FR2071)
Market Rent,Extracted from formula,MF Market Rent,Used in Unknown_Field_FQ2072 (FQ2072)
Market Rent,Extracted from formula,MF Market Rent,Used in Unknown_Field_FR2072 (FR2072)
Market Rent,Extracted from formula,MF Market Rent,Used in Unknown_Field_FQ2073 (FQ2073)
Market Rent,Extracted from formula,MF Market Rent,Used in Unknown_Field_FR2073 (FR2073)
Market Rent,Extracted from formula,MF Market Rent,Used in Unknown_Field_FQ2074 (FQ2074)
Market Rent,Extracted from formula,MF Market Rent,Used in Unknown_Field_FR2074 (FR2074)
Market Rent,Extracted from formula,MF Market Rent,Used in Unknown_Field_FQ2075 (FQ2075)
Market Rent,Extracted from formula,MF Market Rent,Used in Unknown_Field_FR2075 (FR2075)
Market Rent,Extracted from formula,MF Market Rent,Used in Unknown_Field_FQ2076 (FQ2076)
Market Rent,Extracted from formula,MF Market Rent,Used in Unknown_Field_FR2076 (FR2076)
Market Rent,Extracted from formula,MF Market Rent,Used in Unknown_Field_FQ2077 (FQ2077)
Market Rent,Extracted from formula,MF Market Rent,Used in Unknown_Field_FR2077 (FR2077)
Market Rent,Extracted from formula,MF Market Rent,Used in Unknown_Field_FQ2078 (FQ2078)
Market Rent,Extracted from formula,MF Market Rent,Used in Unknown_Field_FR2078 (FR2078)
Market Rent,Extracted from formula,MF Market Rent,Used in Unknown_Field_FQ2079 (FQ2079)
Market Rent,Extracted from formula,MF Market Rent,Used in Unknown_Field_FR2079 (FR2079)
Market Rent,Extracted from formula,MF Market Rent,Used in Unknown_Field_FQ2080 (FQ2080)
Market Rent,Extracted from formula,MF Market Rent,Used in Unknown_Field_FR2080 (FR2080)
Market Rent,Extracted from formula,MF Market Rent,Used in Unknown_Field_FQ2081 (FQ2081)
Market Rent,Extracted from formula,MF Market Rent,Used in Unknown_Field_FR2081 (FR2081)
Market Rent,Extracted from formula,MF Market Rent,Used in Unknown_Field_FQ2082 (FQ2082)
Market Rent,Extracted from formula,MF Market Rent,Used in Unknown_Field_FR2082 (FR2082)
Market Rent,Extracted from formula,MF Market Rent,Used in Unknown_Field_FQ2083 (FQ2083)
Market Rent,Extracted from formula,MF Market Rent,Used in Unknown_Field_FR2083 (FR2083)
Market Rent,Extracted from formula,MF Market Rent,Used in Unknown_Field_FQ2084 (FQ2084)
Market Rent,Extracted from formula,MF Market Rent,Used in Unknown_Field_FR2084 (FR2084)
Market Rent,Extracted from formula,MF Market Rent,Used in Unknown_Field_FQ2085 (FQ2085)
Market Rent,Extracted from formula,MF Market Rent,Used in Unknown_Field_FR2085 (FR2085)
Market Rent,Extracted from formula,MF Market Rent,Used in Unknown_Field_FQ2086 (FQ2086)
Market Rent,Extracted from formula,MF Market Rent,Used in Unknown_Field_FR2086 (FR2086)
Market Rent,Extracted from formula,MF Market Rent,Used in Unknown_Field_FQ2087 (FQ2087)
Market Rent,Extracted from formula,MF Market Rent,Used in Unknown_Field_FR2087 (FR2087)
Market Rent,Extracted from formula,MF Market Rent,Used in Unknown_Field_FQ2088 (FQ2088)
Market Rent,Extracted from formula,MF Market Rent,Used in Unknown_Field_FR2088 (FR2088)
Market Rent,Extracted from formula,MF Market Rent,Used in Unknown_Field_FQ2089 (FQ2089)
Market Rent,Extracted from formula,MF Market Rent,Used in Unknown_Field_FR2089 (FR2089)
Market Rent,Extracted from formula,MF Market Rent,Used in Unknown_Field_FQ2090 (FQ2090)
Market Rent,Extracted from formula,MF Market Rent,Used in Unknown_Field_FR2090 (FR2090)
Market Rent,Extracted from formula,MF Market Rent,Used in Unknown_Field_FQ2091 (FQ2091)
Market Rent,Extracted from formula,MF Market Rent,Used in Unknown_Field_FR2091 (FR2091)
Market Rent,Extracted from formula,MF Market Rent,Used in Unknown_Field_FQ2092 (FQ2092)
Market Rent,Extracted from formula,MF Market Rent,Used in Unknown_Field_FR2092 (FR2092)
Market Rent,Extracted from formula,MF Market Rent,Used in Unknown_Field_FQ2093 (FQ2093)
Market Rent,Extracted from formula,MF Market Rent,Used in Unknown_Field_FR2093 (FR2093)
Market Rent,Extracted from formula,MF Market Rent,Used in Unknown_Field_FQ2094 (FQ2094)
Market Rent,Extracted from formula,MF Market Rent,Used in Unknown_Field_FR2094 (FR2094)
Market Rent,Extracted from formula,MF Market Rent,Used in Unknown_Field_FQ2095 (FQ2095)
Market Rent,Extracted from formula,MF Market Rent,Used in Unknown_Field_FR2095 (FR2095)
Market Rent,Extracted from formula,MF Market Rent,Used in Unknown_Field_FQ2096 (FQ2096)
Market Rent,Extracted from formula,MF Market Rent,Used in Unknown_Field_FR2096 (FR2096)
Market Rent,Extracted from formula,MF Market Rent,Used in Unknown_Field_FQ2097 (FQ2097)
Market Rent,Extracted from formula,MF Market Rent,Used in Unknown_Field_FR2097 (FR2097)
Market Rent,Extracted from formula,MF Market Rent,Used in Unknown_Field_FQ2098 (FQ2098)
Market Rent,Extracted from formula,MF Market Rent,Used in Unknown_Field_FR2098 (FR2098)
Market Rent,Extracted from formula,MF Market Rent,Used in Unknown_Field_FQ2099 (FQ2099)
Market Rent,Extracted from formula,MF Market Rent,Used in Unknown_Field_FR2099 (FR2099)
Market Rent,Extracted from formula,MF Market Rent,Used in Unknown_Field_FQ2100 (FQ2100)
Market Rent,Extracted from formula,MF Market Rent,Used in Unknown_Field_FR2100 (FR2100)
Market Rent,Extracted from formula,MF Market Rent,Used in Unknown_Field_FQ2101 (FQ2101)
Market Rent,Extracted from formula,MF Market Rent,Used in Unknown_Field_FR2101 (FR2101)
Market Rent,Extracted from formula,MF Market Rent,Used in Unknown_Field_FQ2102 (FQ2102)
Market Rent,Extracted from formula,MF Market Rent,Used in Unknown_Field_FR2102 (FR2102)
Market Rent,Extracted from formula,MF Market Rent,Used in Unknown_Field_FQ2103 (FQ2103)
Market Rent,Extracted from formula,MF Market Rent,Used in Unknown_Field_FR2103 (FR2103)
Market Rent,Extracted from formula,MF Market Rent,Used in Unknown_Field_FQ2104 (FQ2104)
Market Rent,Extracted from formula,MF Market Rent,Used in Unknown_Field_FR2104 (FR2104)
Market Rent,Extracted from formula,MF Market Rent,Used in Unknown_Field_FQ2105 (FQ2105)
Market Rent,Extracted from formula,MF Market Rent,Used in Unknown_Field_FR2105 (FR2105)
Market Rent,Extracted from formula,MF Market Rent,Used in Unknown_Field_FQ2106 (FQ2106)
Market Rent,Extracted from formula,MF Market Rent,Used in Unknown_Field_FR2106 (FR2106)
Market Rent,Extracted from formula,MF Market Rent,Used in Unknown_Field_FQ2107 (FQ2107)
Market Rent,Extracted from formula,MF Market Rent,Used in Unknown_Field_FR2107 (FR2107)
Market Rent,Extracted from formula,MF Market Rent,Used in Unknown_Field_FQ2108 (FQ2108)
Market Rent,Extracted from formula,MF Market Rent,Used in Unknown_Field_FR2108 (FR2108)
Market Rent,Extracted from formula,MF Market Rent,Used in Unknown_Field_FQ2109 (FQ2109)
Market Rent,Extracted from formula,MF Market Rent,Used in Unknown_Field_FR2109 (FR2109)
Market Rent,Extracted from formula,MF Market Rent,Used in Unknown_Field_FQ2110 (FQ2110)
Market Rent,Extracted from formula,MF Market Rent,Used in Unknown_Field_FR2110 (FR2110)
Market Rent,Extracted from formula,MF Market Rent,Used in Unknown_Field_FQ2111 (FQ2111)
Market Rent,Extracted from formula,MF Market Rent,Used in Unknown_Field_FR2111 (FR2111)
Market Rent,Extracted from formula,MF Market Rent,Used in Unknown_Field_FQ2112 (FQ2112)
Market Rent,Extracted from formula,MF Market Rent,Used in Unknown_Field_FR2112 (FR2112)
Market Rent,Extracted from formula,MF Market Rent,Used in Unknown_Field_FQ2113 (FQ2113)
Market Rent,Extracted from formula,MF Market Rent,Used in Unknown_Field_FR2113 (FR2113)
Market Rent,Extracted from formula,MF Market Rent,Used in Unknown_Field_FQ2114 (FQ2114)
Market Rent,Extracted from formula,MF Market Rent,Used in Unknown_Field_FR2114 (FR2114)
Market Rent,Extracted from formula,MF Market Rent,Used in Unknown_Field_FQ2115 (FQ2115)
Market Rent,Extracted from formula,MF Market Rent,Used in Unknown_Field_FR2115 (FR2115)
Market Rent,Extracted from formula,MF Market Rent,Used in Unknown_Field_FQ2116 (FQ2116)
Market Rent,Extracted from formula,MF Market Rent,Used in Unknown_Field_FR2116 (FR2116)
Market Rent,Extracted from formula,MF Market Rent,Used in Unknown_Field_FQ2117 (FQ2117)
Market Rent,Extracted from formula,MF Market Rent,Used in Unknown_Field_FR2117 (FR2117)
Market Rent,Extracted from formula,MF Market Rent,Used in Unknown_Field_FQ2118 (FQ2118)
Market Rent,Extracted from formula,MF Market Rent,Used in Unknown_Field_FR2118 (FR2118)
Market Rent,Extracted from formula,MF Market Rent,Used in Unknown_Field_FQ2119 (FQ2119)
Market Rent,Extracted from formula,MF Market Rent,Used in Unknown_Field_FR2119 (FR2119)
Market Rent,Extracted from formula,MF Market Rent,Used in Unknown_Field_FQ2120 (FQ2120)
Market Rent,Extracted from formula,MF Market Rent,Used in Unknown_Field_FR2120 (FR2120)
Market Rent,Extracted from formula,MF Market Rent,Used in Unknown_Field_FQ2121 (FQ2121)
Market Rent,Extracted from formula,MF Market Rent,Used in Unknown_Field_FR2121 (FR2121)
Market Rent,Extracted from formula,MF Market Rent,Used in Unknown_Field_FQ2122 (FQ2122)
Market Rent,Extracted from formula,MF Market Rent,Used in Unknown_Field_FR2122 (FR2122)
Market Rent,Extracted from formula,MF Market Rent,Used in Unknown_Field_FQ2123 (FQ2123)
Market Rent,Extracted from formula,MF Market Rent,Used in Unknown_Field_FR2123 (FR2123)
Market Rent,Extracted from formula,MF Market Rent,Used in Unknown_Field_FQ2124 (FQ2124)
Market Rent,Extracted from formula,MF Market Rent,Used in Unknown_Field_FR2124 (FR2124)
Market Rent,Extracted from formula,MF Market Rent,Used in Unknown_Field_FQ2125 (FQ2125)
Market Rent,Extracted from formula,MF Market Rent,Used in Unknown_Field_FR2125 (FR2125)
Market Rent,Extracted from formula,MF Market Rent,Used in Unknown_Field_FQ2126 (FQ2126)
Market Rent,Extracted from formula,MF Market Rent,Used in Unknown_Field_FR2126 (FR2126)
Market Rent,Extracted from formula,MF Market Rent,Used in Unknown_Field_FQ2127 (FQ2127)
Market Rent,Extracted from formula,MF Market Rent,Used in Unknown_Field_FR2127 (FR2127)
Market Rent,Extracted from formula,MF Market Rent,Used in Unknown_Field_FQ2128 (FQ2128)
Market Rent,Extracted from formula,MF Market Rent,Used in Unknown_Field_FR2128 (FR2128)
Market Rent,Extracted from formula,MF Market Rent,Used in Unknown_Field_FQ2129 (FQ2129)
Market Rent,Extracted from formula,MF Market Rent,Used in Unknown_Field_FR2129 (FR2129)
Market Rent,Extracted from formula,MF Market Rent,Used in Unknown_Field_FQ2130 (FQ2130)
Market Rent,Extracted from formula,MF Market Rent,Used in Unknown_Field_FR2130 (FR2130)
Market Rent,Extracted from formula,MF Market Rent,Used in Unknown_Field_FQ2131 (FQ2131)
Market Rent,Extracted from formula,MF Market Rent,Used in Unknown_Field_FR2131 (FR2131)
Market Rent,Extracted from formula,MF Market Rent,Used in Unknown_Field_FQ2132 (FQ2132)
Market Rent,Extracted from formula,MF Market Rent,Used in Unknown_Field_FR2132 (FR2132)
Market Rent,Extracted from formula,MF Market Rent,Used in Unknown_Field_FQ2133 (FQ2133)
Market Rent,Extracted from formula,MF Market Rent,Used in Unknown_Field_FR2133 (FR2133)
Market Rent,Extracted from formula,MF Market Rent,Used in Unknown_Field_FQ2134 (FQ2134)
Market Rent,Extracted from formula,MF Market Rent,Used in Unknown_Field_FR2134 (FR2134)
Market Rent,Extracted from formula,MF Market Rent,Used in Unknown_Field_FQ2135 (FQ2135)
Market Rent,Extracted from formula,MF Market Rent,Used in Unknown_Field_FR2135 (FR2135)
Market Rent,Extracted from formula,MF Market Rent,Used in Unknown_Field_FQ2136 (FQ2136)
Market Rent,Extracted from formula,MF Market Rent,Used in Unknown_Field_FR2136 (FR2136)
Market Rent,Extracted from formula,MF Market Rent,Used in Unknown_Field_FQ2137 (FQ2137)
Market Rent,Extracted from formula,MF Market Rent,Used in Unknown_Field_FR2137 (FR2137)
Market Rent,Extracted from formula,MF Market Rent,Used in Unknown_Field_FQ2138 (FQ2138)
Market Rent,Extracted from formula,MF Market Rent,Used in Unknown_Field_FR2138 (FR2138)
Market Rent,Extracted from formula,MF Market Rent,Used in Unknown_Field_FQ2139 (FQ2139)
Market Rent,Extracted from formula,MF Market Rent,Used in Unknown_Field_FR2139 (FR2139)
Market Rent,Extracted from formula,MF Market Rent,Used in Unknown_Field_FQ2140 (FQ2140)
Market Rent,Extracted from formula,MF Market Rent,Used in Unknown_Field_FR2140 (FR2140)
Market Rent,Extracted from formula,MF Market Rent,Used in Unknown_Field_FQ2141 (FQ2141)
Market Rent,Extracted from formula,MF Market Rent,Used in Unknown_Field_FR2141 (FR2141)
Market Rent,Extracted from formula,MF Market Rent,Used in Unknown_Field_FQ2142 (FQ2142)
Market Rent,Extracted from formula,MF Market Rent,Used in Unknown_Field_FR2142 (FR2142)
Market Rent,Extracted from formula,MF Market Rent,Used in Unknown_Field_FQ2143 (FQ2143)
Market Rent,Extracted from formula,MF Market Rent,Used in Unknown_Field_FR2143 (FR2143)
Market Rent,Extracted from formula,MF Market Rent,Used in Unknown_Field_FQ2144 (FQ2144)
Market Rent,Extracted from formula,MF Market Rent,Used in Unknown_Field_FR2144 (FR2144)
Market Rent,Extracted from formula,MF Market Rent,Used in Unknown_Field_FQ2145 (FQ2145)
Market Rent,Extracted from formula,MF Market Rent,Used in Unknown_Field_FR2145 (FR2145)
Market Rent,Extracted from formula,MF Market Rent,Used in Unknown_Field_FQ2146 (FQ2146)
Market Rent,Extracted from formula,MF Market Rent,Used in Unknown_Field_FR2146 (FR2146)
Market Rent,Extracted from formula,MF Market Rent,Used in Unknown_Field_FQ2147 (FQ2147)
Market Rent,Extracted from formula,MF Market Rent,Used in Unknown_Field_FR2147 (FR2147)
Market Rent,Extracted from formula,MF Market Rent,Used in Unknown_Field_FQ2148 (FQ2148)
Market Rent,Extracted from formula,MF Market Rent,Used in Unknown_Field_FR2148 (FR2148)
Market Rent,Extracted from formula,MF Market Rent,Used in Unknown_Field_FQ2149 (FQ2149)
Market Rent,Extracted from formula,MF Market Rent,Used in Unknown_Field_FR2149 (FR2149)
Market Rent,Extracted from formula,MF Market Rent,Used in Unknown_Field_FQ2150 (FQ2150)
Market Rent,Extracted from formula,MF Market Rent,Used in Unknown_Field_FR2150 (FR2150)
Market Rent,Extracted from formula,MF Market Rent,Used in Unknown_Field_FQ2151 (FQ2151)
Market Rent,Extracted from formula,MF Market Rent,Used in Unknown_Field_FR2151 (FR2151)
Market Rent,Extracted from formula,MF Market Rent,Used in Unknown_Field_FQ2152 (FQ2152)
Market Rent,Extracted from formula,MF Market Rent,Used in Unknown_Field_FR2152 (FR2152)
Market Rent,Extracted from formula,MF Market Rent,Used in Unknown_Field_FQ2153 (FQ2153)
Market Rent,Extracted from formula,MF Market Rent,Used in Unknown_Field_FR2153 (FR2153)
Market Rent,Extracted from formula,MF Market Rent,Used in Unknown_Field_FQ2154 (FQ2154)
Market Rent,Extracted from formula,MF Market Rent,Used in Unknown_Field_FR2154 (FR2154)
Market Rent,Extracted from formula,MF Market Rent,Used in Unknown_Field_FQ2155 (FQ2155)
Market Rent,Extracted from formula,MF Market Rent,Used in Unknown_Field_FR2155 (FR2155)
Market Rent,Extracted from formula,MF Market Rent,Used in Unknown_Field_FQ2156 (FQ2156)
Market Rent,Extracted from formula,MF Market Rent,Used in Unknown_Field_FR2156 (FR2156)
Market Rent,Extracted from formula,MF Market Rent,Used in Unknown_Field_FQ2157 (FQ2157)
Market Rent,Extracted from formula,MF Market Rent,Used in Unknown_Field_FR2157 (FR2157)
Market Rent,Extracted from formula,MF Market Rent,Used in Unknown_Field_FQ2158 (FQ2158)
Market Rent,Extracted from formula,MF Market Rent,Used in Unknown_Field_FR2158 (FR2158)
Market Rent,Extracted from formula,MF Market Rent,Used in Unknown_Field_FQ2159 (FQ2159)
Market Rent,Extracted from formula,MF Market Rent,Used in Unknown_Field_FR2159 (FR2159)
Market Rent (2),Extracted from formula,MF Market Rent,Used in Unknown_Field_FQ2160 (FQ2160)
Market Rent (3),Extracted from formula,MF Market Rent,Used in Unknown_Field_FQ2160 (FQ2160)
Market Rent (2),Extracted from formula,MF Market Rent,Used in Unknown_Field_FR2160 (FR2160)
Market Rent (3),Extracted from formula,MF Market Rent,Used in Unknown_Field_FR2160 (FR2160)
Market Rent (2),Extracted from formula,MF Market Rent,Used in Unknown_Field_FQ2161 (FQ2161)
Market Rent (3),Extracted from formula,MF Market Rent,Used in Unknown_Field_FQ2161 (FQ2161)
Market Rent (2),Extracted from formula,MF Market Rent,Used in Unknown_Field_FR2161 (FR2161)
Market Rent (3),Extracted from formula,MF Market Rent,Used in Unknown_Field_FR2161 (FR2161)
Market Rent (2),Extracted from formula,MF Market Rent,Used in Unknown_Field_FQ2162 (FQ2162)
Market Rent (3),Extracted from formula,MF Market Rent,Used in Unknown_Field_FQ2162 (FQ2162)
Market Rent (2),Extracted from formula,MF Market Rent,Used in Unknown_Field_FR2162 (FR2162)
Market Rent (3),Extracted from formula,MF Market Rent,Used in Unknown_Field_FR2162 (FR2162)
Market Rent (2),Extracted from formula,MF Market Rent,Used in Unknown_Field_FQ2163 (FQ2163)
Market Rent (3),Extracted from formula,MF Market Rent,Used in Unknown_Field_FQ2163 (FQ2163)
Market Rent (2),Extracted from formula,MF Market Rent,Used in Unknown_Field_FR2163 (FR2163)
Market Rent (3),Extracted from formula,MF Market Rent,Used in Unknown_Field_FR2163 (FR2163)
Market Rent (2),Extracted from formula,MF Market Rent,Used in Unknown_Field_FQ2164 (FQ2164)
Market Rent (3),Extracted from formula,MF Market Rent,Used in Unknown_Field_FQ2164 (FQ2164)
Market Rent (2),Extracted from formula,MF Market Rent,Used in Unknown_Field_FR2164 (FR2164)
Market Rent (3),Extracted from formula,MF Market Rent,Used in Unknown_Field_FR2164 (FR2164)
Market Rent (2),Extracted from formula,MF Market Rent,Used in Unknown_Field_FQ2165 (FQ2165)
Market Rent (3),Extracted from formula,MF Market Rent,Used in Unknown_Field_FQ2165 (FQ2165)
Market Rent (2),Extracted from formula,MF Market Rent,Used in Unknown_Field_FR2165 (FR2165)
Market Rent (3),Extracted from formula,MF Market Rent,Used in Unknown_Field_FR2165 (FR2165)
Market Rent (2),Extracted from formula,MF Market Rent,Used in Unknown_Field_FQ2166 (FQ2166)
Market Rent (3),Extracted from formula,MF Market Rent,Used in Unknown_Field_FQ2166 (FQ2166)
Market Rent (2),Extracted from formula,MF Market Rent,Used in Unknown_Field_FR2166 (FR2166)
Market Rent (3),Extracted from formula,MF Market Rent,Used in Unknown_Field_FR2166 (FR2166)
Market Rent (2),Extracted from formula,MF Market Rent,Used in Unknown_Field_FQ2167 (FQ2167)
Market Rent (3),Extracted from formula,MF Market Rent,Used in Unknown_Field_FQ2167 (FQ2167)
Market Rent (2),Extracted from formula,MF Market Rent,Used in Unknown_Field_FR2167 (FR2167)
Market Rent (3),Extracted from formula,MF Market Rent,Used in Unknown_Field_FR2167 (FR2167)
Market Rent (2),Extracted from formula,MF Market Rent,Used in Unknown_Field_FQ2168 (FQ2168)
Market Rent (3),Extracted from formula,MF Market Rent,Used in Unknown_Field_FQ2168 (FQ2168)
Market Rent (2),Extracted from formula,MF Market Rent,Used in Unknown_Field_FR2168 (FR2168)
Market Rent (3),Extracted from formula,MF Market Rent,Used in Unknown_Field_FR2168 (FR2168)
Market Rent (2),Extracted from formula,MF Market Rent,Used in Unknown_Field_FQ2169 (FQ2169)
Market Rent (3),Extracted from formula,MF Market Rent,Used in Unknown_Field_FQ2169 (FQ2169)
Market Rent (2),Extracted from formula,MF Market Rent,Used in Unknown_Field_FR2169 (FR2169)
Market Rent (3),Extracted from formula,MF Market Rent,Used in Unknown_Field_FR2169 (FR2169)
Market Rent (2),Extracted from formula,MF Market Rent,Used in Unknown_Field_FQ2170 (FQ2170)
Market Rent (3),Extracted from formula,MF Market Rent,Used in Unknown_Field_FQ2170 (FQ2170)
Market Rent (2),Extracted from formula,MF Market Rent,Used in Unknown_Field_FR2170 (FR2170)
Market Rent (3),Extracted from formula,MF Market Rent,Used in Unknown_Field_FR2170 (FR2170)
Market Rent (2),Extracted from formula,MF Market Rent,Used in Unknown_Field_FQ2171 (FQ2171)
Market Rent (3),Extracted from formula,MF Market Rent,Used in Unknown_Field_FQ2171 (FQ2171)
Market Rent (2),Extracted from formula,MF Market Rent,Used in Unknown_Field_FR2171 (FR2171)
Market Rent (3),Extracted from formula,MF Market Rent,Used in Unknown_Field_FR2171 (FR2171)
Market Rent (2),Extracted from formula,MF Market Rent,Used in Unknown_Field_FQ2172 (FQ2172)
Market Rent (3),Extracted from formula,MF Market Rent,Used in Unknown_Field_FQ2172 (FQ2172)
Market Rent (2),Extracted from formula,MF Market Rent,Used in Unknown_Field_FR2172 (FR2172)
Market Rent (3),Extracted from formula,MF Market Rent,Used in Unknown_Field_FR2172 (FR2172)
Market Rent (2),Extracted from formula,MF Market Rent,Used in Unknown_Field_FQ2173 (FQ2173)
Market Rent (3),Extracted from formula,MF Market Rent,Used in Unknown_Field_FQ2173 (FQ2173)
Market Rent (2),Extracted from formula,MF Market Rent,Used in Unknown_Field_FR2173 (FR2173)
Market Rent (3),Extracted from formula,MF Market Rent,Used in Unknown_Field_FR2173 (FR2173)
Market Rent (2),Extracted from formula,MF Market Rent,Used in Unknown_Field_FQ2174 (FQ2174)
Market Rent (3),Extracted from formula,MF Market Rent,Used in Unknown_Field_FQ2174 (FQ2174)
Market Rent (2),Extracted from formula,MF Market Rent,Used in Unknown_Field_FR2174 (FR2174)
Market Rent (3),Extracted from formula,MF Market Rent,Used in Unknown_Field_FR2174 (FR2174)
Market Rent (2),Extracted from formula,MF Market Rent,Used in Unknown_Field_FQ2175 (FQ2175)
Market Rent (3),Extracted from formula,MF Market Rent,Used in Unknown_Field_FQ2175 (FQ2175)
Market Rent (2),Extracted from formula,MF Market Rent,Used in Unknown_Field_FR2175 (FR2175)
Market Rent (3),Extracted from formula,MF Market Rent,Used in Unknown_Field_FR2175 (FR2175)
Market Rent (2),Extracted from formula,MF Market Rent,Used in Unknown_Field_FQ2176 (FQ2176)
Market Rent (3),Extracted from formula,MF Market Rent,Used in Unknown_Field_FQ2176 (FQ2176)
Market Rent (2),Extracted from formula,MF Market Rent,Used in Unknown_Field_FR2176 (FR2176)
Market Rent (3),Extracted from formula,MF Market Rent,Used in Unknown_Field_FR2176 (FR2176)
Market Rent (2),Extracted from formula,MF Market Rent,Used in Unknown_Field_FQ2177 (FQ2177)
Market Rent (3),Extracted from formula,MF Market Rent,Used in Unknown_Field_FQ2177 (FQ2177)
Market Rent (2),Extracted from formula,MF Market Rent,Used in Unknown_Field_FR2177 (FR2177)
Market Rent (3),Extracted from formula,MF Market Rent,Used in Unknown_Field_FR2177 (FR2177)
Market Rent (2),Extracted from formula,MF Market Rent,Used in Unknown_Field_FQ2178 (FQ2178)
Market Rent (3),Extracted from formula,MF Market Rent,Used in Unknown_Field_FQ2178 (FQ2178)
Market Rent (2),Extracted from formula,MF Market Rent,Used in Unknown_Field_FR2178 (FR2178)
Market Rent (3),Extracted from formula,MF Market Rent,Used in Unknown_Field_FR2178 (FR2178)
Market Rent (2),Extracted from formula,MF Market Rent,Used in Unknown_Field_FQ2179 (FQ2179)
Market Rent (3),Extracted from formula,MF Market Rent,Used in Unknown_Field_FQ2179 (FQ2179)
Market Rent (2),Extracted from formula,MF Market Rent,Used in Unknown_Field_FR2179 (FR2179)
Market Rent (3),Extracted from formula,MF Market Rent,Used in Unknown_Field_FR2179 (FR2179)
Market Rent (2),Extracted from formula,MF Market Rent,Used in Unknown_Field_FQ2180 (FQ2180)
Market Rent (3),Extracted from formula,MF Market Rent,Used in Unknown_Field_FQ2180 (FQ2180)
Market Rent (2),Extracted from formula,MF Market Rent,Used in Unknown_Field_FR2180 (FR2180)
Market Rent (3),Extracted from formula,MF Market Rent,Used in Unknown_Field_FR2180 (FR2180)
Market Rent (2),Extracted from formula,MF Market Rent,Used in Unknown_Field_FQ2181 (FQ2181)
Market Rent (3),Extracted from formula,MF Market Rent,Used in Unknown_Field_FQ2181 (FQ2181)
Market Rent (2),Extracted from formula,MF Market Rent,Used in Unknown_Field_FR2181 (FR2181)
Market Rent (3),Extracted from formula,MF Market Rent,Used in Unknown_Field_FR2181 (FR2181)
Market Rent (2),Extracted from formula,MF Market Rent,Used in Unknown_Field_FQ2182 (FQ2182)
Market Rent (3),Extracted from formula,MF Market Rent,Used in Unknown_Field_FQ2182 (FQ2182)
Market Rent (2),Extracted from formula,MF Market Rent,Used in Unknown_Field_FR2182 (FR2182)
Market Rent (3),Extracted from formula,MF Market Rent,Used in Unknown_Field_FR2182 (FR2182)
Market Rent (2),Extracted from formula,MF Market Rent,Used in Unknown_Field_FQ2183 (FQ2183)
Market Rent (3),Extracted from formula,MF Market Rent,Used in Unknown_Field_FQ2183 (FQ2183)
Market Rent (2),Extracted from formula,MF Market Rent,Used in Unknown_Field_FR2183 (FR2183)
Market Rent (3),Extracted from formula,MF Market Rent,Used in Unknown_Field_FR2183 (FR2183)
Market Rent (2),Extracted from formula,MF Market Rent,Used in Unknown_Field_FQ2184 (FQ2184)
Market Rent (3),Extracted from formula,MF Market Rent,Used in Unknown_Field_FQ2184 (FQ2184)
Market Rent (2),Extracted from formula,MF Market Rent,Used in Unknown_Field_FR2184 (FR2184)
Market Rent (3),Extracted from formula,MF Market Rent,Used in Unknown_Field_FR2184 (FR2184)
Market Rent (2),Extracted from formula,MF Market Rent,Used in Unknown_Field_FQ2185 (FQ2185)
Market Rent (3),Extracted from formula,MF Market Rent,Used in Unknown_Field_FQ2185 (FQ2185)
Market Rent (2),Extracted from formula,MF Market Rent,Used in Unknown_Field_FR2185 (FR2185)
Market Rent (3),Extracted from formula,MF Market Rent,Used in Unknown_Field_FR2185 (FR2185)
Market Rent (2),Extracted from formula,MF Market Rent,Used in Unknown_Field_FQ2186 (FQ2186)
Market Rent (3),Extracted from formula,MF Market Rent,Used in Unknown_Field_FQ2186 (FQ2186)
Market Rent (2),Extracted from formula,MF Market Rent,Used in Unknown_Field_FR2186 (FR2186)
Market Rent (3),Extracted from formula,MF Market Rent,Used in Unknown_Field_FR2186 (FR2186)
Market Rent (2),Extracted from formula,MF Market Rent,Used in Unknown_Field_FQ2187 (FQ2187)
Market Rent (3),Extracted from formula,MF Market Rent,Used in Unknown_Field_FQ2187 (FQ2187)
Market Rent (2),Extracted from formula,MF Market Rent,Used in Unknown_Field_FR2187 (FR2187)
Market Rent (3),Extracted from formula,MF Market Rent,Used in Unknown_Field_FR2187 (FR2187)
Market Rent (2),Extracted from formula,MF Market Rent,Used in Unknown_Field_FQ2188 (FQ2188)
Market Rent (3),Extracted from formula,MF Market Rent,Used in Unknown_Field_FQ2188 (FQ2188)
Market Rent (2),Extracted from formula,MF Market Rent,Used in Unknown_Field_FR2188 (FR2188)
Market Rent (3),Extracted from formula,MF Market Rent,Used in Unknown_Field_FR2188 (FR2188)
Market Rent (2),Extracted from formula,MF Market Rent,Used in Unknown_Field_FQ2189 (FQ2189)
Market Rent (3),Extracted from formula,MF Market Rent,Used in Unknown_Field_FQ2189 (FQ2189)
Market Rent (2),Extracted from formula,MF Market Rent,Used in Unknown_Field_FR2189 (FR2189)
Market Rent (3),Extracted from formula,MF Market Rent,Used in Unknown_Field_FR2189 (FR2189)
Market Rent (2),Extracted from formula,MF Market Rent,Used in Unknown_Field_FQ2190 (FQ2190)
Market Rent (3),Extracted from formula,MF Market Rent,Used in Unknown_Field_FQ2190 (FQ2190)
Market Rent (2),Extracted from formula,MF Market Rent,Used in Unknown_Field_FR2190 (FR2190)
Market Rent (3),Extracted from formula,MF Market Rent,Used in Unknown_Field_FR2190 (FR2190)
Market Rent (2),Extracted from formula,MF Market Rent,Used in Unknown_Field_FQ2191 (FQ2191)
Market Rent (3),Extracted from formula,MF Market Rent,Used in Unknown_Field_FQ2191 (FQ2191)
Market Rent (2),Extracted from formula,MF Market Rent,Used in Unknown_Field_FR2191 (FR2191)
Market Rent (3),Extracted from formula,MF Market Rent,Used in Unknown_Field_FR2191 (FR2191)
Market Rent (2),Extracted from formula,MF Market Rent,Used in Unknown_Field_FQ2192 (FQ2192)
Market Rent (3),Extracted from formula,MF Market Rent,Used in Unknown_Field_FQ2192 (FQ2192)
Market Rent (2),Extracted from formula,MF Market Rent,Used in Unknown_Field_FR2192 (FR2192)
Market Rent (3),Extracted from formula,MF Market Rent,Used in Unknown_Field_FR2192 (FR2192)
Market Rent (2),Extracted from formula,MF Market Rent,Used in Unknown_Field_FQ2193 (FQ2193)
Market Rent (3),Extracted from formula,MF Market Rent,Used in Unknown_Field_FQ2193 (FQ2193)
Market Rent (2),Extracted from formula,MF Market Rent,Used in Unknown_Field_FR2193 (FR2193)
Market Rent (3),Extracted from formula,MF Market Rent,Used in Unknown_Field_FR2193 (FR2193)
Market Rent (2),Extracted from formula,MF Market Rent,Used in Unknown_Field_FQ2194 (FQ2194)
Market Rent (3),Extracted from formula,MF Market Rent,Used in Unknown_Field_FQ2194 (FQ2194)
Market Rent (2),Extracted from formula,MF Market Rent,Used in Unknown_Field_FR2194 (FR2194)
Market Rent (3),Extracted from formula,MF Market Rent,Used in Unknown_Field_FR2194 (FR2194)
Market Rent (2),Extracted from formula,MF Market Rent,Used in Unknown_Field_FQ2195 (FQ2195)
Market Rent (3),Extracted from formula,MF Market Rent,Used in Unknown_Field_FQ2195 (FQ2195)
Market Rent (2),Extracted from formula,MF Market Rent,Used in Unknown_Field_FR2195 (FR2195)
Market Rent (3),Extracted from formula,MF Market Rent,Used in Unknown_Field_FR2195 (FR2195)
Market Rent (2),Extracted from formula,MF Market Rent,Used in Unknown_Field_FQ2196 (FQ2196)
Market Rent (3),Extracted from formula,MF Market Rent,Used in Unknown_Field_FQ2196 (FQ2196)
Market Rent (2),Extracted from formula,MF Market Rent,Used in Unknown_Field_FR2196 (FR2196)
Market Rent (3),Extracted from formula,MF Market Rent,Used in Unknown_Field_FR2196 (FR2196)
Market Rent (2),Extracted from formula,MF Market Rent,Used in Unknown_Field_FQ2197 (FQ2197)
Market Rent (3),Extracted from formula,MF Market Rent,Used in Unknown_Field_FQ2197 (FQ2197)
Market Rent (2),Extracted from formula,MF Market Rent,Used in Unknown_Field_FR2197 (FR2197)
Market Rent (3),Extracted from formula,MF Market Rent,Used in Unknown_Field_FR2197 (FR2197)
Market Rent (2),Extracted from formula,MF Market Rent,Used in Unknown_Field_FQ2198 (FQ2198)
Market Rent (3),Extracted from formula,MF Market Rent,Used in Unknown_Field_FQ2198 (FQ2198)
Market Rent (2),Extracted from formula,MF Market Rent,Used in Unknown_Field_FR2198 (FR2198)
Market Rent (3),Extracted from formula,MF Market Rent,Used in Unknown_Field_FR2198 (FR2198)
Market Rent (2),Extracted from formula,MF Market Rent,Used in Unknown_Field_FQ2199 (FQ2199)
Market Rent (3),Extracted from formula,MF Market Rent,Used in Unknown_Field_FQ2199 (FQ2199)
Market Rent (2),Extracted from formula,MF Market Rent,Used in Unknown_Field_FR2199 (FR2199)
Market Rent (3),Extracted from formula,MF Market Rent,Used in Unknown_Field_FR2199 (FR2199)
Market Rent (2),Extracted from formula,MF Market Rent,Used in Unknown_Field_FQ2200 (FQ2200)
Market Rent (3),Extracted from formula,MF Market Rent,Used in Unknown_Field_FQ2200 (FQ2200)
Market Rent (2),Extracted from formula,MF Market Rent,Used in Unknown_Field_FR2200 (FR2200)
Market Rent (3),Extracted from formula,MF Market Rent,Used in Unknown_Field_FR2200 (FR2200)
Market Rent (2),Extracted from formula,MF Market Rent,Used in Unknown_Field_FQ2201 (FQ2201)
Market Rent (3),Extracted from formula,MF Market Rent,Used in Unknown_Field_FQ2201 (FQ2201)
Market Rent (2),Extracted from formula,MF Market Rent,Used in Unknown_Field_FR2201 (FR2201)
Market Rent (3),Extracted from formula,MF Market Rent,Used in Unknown_Field_FR2201 (FR2201)
Market Rent (2),Extracted from formula,MF Market Rent,Used in Unknown_Field_FQ2202 (FQ2202)
Market Rent (3),Extracted from formula,MF Market Rent,Used in Unknown_Field_FQ2202 (FQ2202)
Market Rent (2),Extracted from formula,MF Market Rent,Used in Unknown_Field_FR2202 (FR2202)
Market Rent (3),Extracted from formula,MF Market Rent,Used in Unknown_Field_FR2202 (FR2202)
Market Rent (2),Extracted from formula,MF Market Rent,Used in Unknown_Field_FQ2203 (FQ2203)
Market Rent (3),Extracted from formula,MF Market Rent,Used in Unknown_Field_FQ2203 (FQ2203)
Market Rent (2),Extracted from formula,MF Market Rent,Used in Unknown_Field_FR2203 (FR2203)
Market Rent (3),Extracted from formula,MF Market Rent,Used in Unknown_Field_FR2203 (FR2203)
Market Rent (2),Extracted from formula,MF Market Rent,Used in Unknown_Field_FQ2204 (FQ2204)
Market Rent (3),Extracted from formula,MF Market Rent,Used in Unknown_Field_FQ2204 (FQ2204)
Market Rent (2),Extracted from formula,MF Market Rent,Used in Unknown_Field_FR2204 (FR2204)
Market Rent (3),Extracted from formula,MF Market Rent,Used in Unknown_Field_FR2204 (FR2204)
Market Rent (2),Extracted from formula,MF Market Rent,Used in Unknown_Field_FQ2205 (FQ2205)
Market Rent (3),Extracted from formula,MF Market Rent,Used in Unknown_Field_FQ2205 (FQ2205)
Market Rent (2),Extracted from formula,MF Market Rent,Used in Unknown_Field_FR2205 (FR2205)
Market Rent (3),Extracted from formula,MF Market Rent,Used in Unknown_Field_FR2205 (FR2205)
Market Rent (2),Extracted from formula,MF Market Rent,Used in Unknown_Field_FQ2206 (FQ2206)
Market Rent (3),Extracted from formula,MF Market Rent,Used in Unknown_Field_FQ2206 (FQ2206)
Market Rent (2),Extracted from formula,MF Market Rent,Used in Unknown_Field_FR2206 (FR2206)
Market Rent (3),Extracted from formula,MF Market Rent,Used in Unknown_Field_FR2206 (FR2206)
Market Rent (2),Extracted from formula,MF Market Rent,Used in Unknown_Field_FQ2207 (FQ2207)
Market Rent (3),Extracted from formula,MF Market Rent,Used in Unknown_Field_FQ2207 (FQ2207)
Market Rent (2),Extracted from formula,MF Market Rent,Used in Unknown_Field_FR2207 (FR2207)
Market Rent (3),Extracted from formula,MF Market Rent,Used in Unknown_Field_FR2207 (FR2207)
Market Rent (2),Extracted from formula,MF Market Rent,Used in Unknown_Field_FQ2208 (FQ2208)
Market Rent (3),Extracted from formula,MF Market Rent,Used in Unknown_Field_FQ2208 (FQ2208)
Market Rent (2),Extracted from formula,MF Market Rent,Used in Unknown_Field_FR2208 (FR2208)
Market Rent (3),Extracted from formula,MF Market Rent,Used in Unknown_Field_FR2208 (FR2208)
Market Rent (2),Extracted from formula,MF Market Rent,Used in Unknown_Field_FQ2209 (FQ2209)
Market Rent (3),Extracted from formula,MF Market Rent,Used in Unknown_Field_FQ2209 (FQ2209)
Market Rent (2),Extracted from formula,MF Market Rent,Used in Unknown_Field_FR2209 (FR2209)
Market Rent (3),Extracted from formula,MF Market Rent,Used in Unknown_Field_FR2209 (FR2209)
Market Rent (2),Extracted from formula,MF Market Rent,Used in Unknown_Field_FQ2210 (FQ2210)
Market Rent (3),Extracted from formula,MF Market Rent,Used in Unknown_Field_FQ2210 (FQ2210)
Market Rent (2),Extracted from formula,MF Market Rent,Used in Unknown_Field_FR2210 (FR2210)
Market Rent (3),Extracted from formula,MF Market Rent,Used in Unknown_Field_FR2210 (FR2210)
Market Rent (2),Extracted from formula,MF Market Rent,Used in Unknown_Field_FQ2211 (FQ2211)
Market Rent (3),Extracted from formula,MF Market Rent,Used in Unknown_Field_FQ2211 (FQ2211)
Market Rent (2),Extracted from formula,MF Market Rent,Used in Unknown_Field_FR2211 (FR2211)
Market Rent (3),Extracted from formula,MF Market Rent,Used in Unknown_Field_FR2211 (FR2211)
Market Rent (2),Extracted from formula,MF Market Rent,Used in Unknown_Field_FQ2212 (FQ2212)
Market Rent (3),Extracted from formula,MF Market Rent,Used in Unknown_Field_FQ2212 (FQ2212)
Market Rent (2),Extracted from formula,MF Market Rent,Used in Unknown_Field_FR2212 (FR2212)
Market Rent (3),Extracted from formula,MF Market Rent,Used in Unknown_Field_FR2212 (FR2212)
Market Rent (2),Extracted from formula,MF Market Rent,Used in Unknown_Field_FQ2213 (FQ2213)
Market Rent (3),Extracted from formula,MF Market Rent,Used in Unknown_Field_FQ2213 (FQ2213)
Market Rent (2),Extracted from formula,MF Market Rent,Used in Unknown_Field_FR2213 (FR2213)
Market Rent (3),Extracted from formula,MF Market Rent,Used in Unknown_Field_FR2213 (FR2213)
Market Rent (2),Extracted from formula,MF Market Rent,Used in Unknown_Field_FQ2214 (FQ2214)
Market Rent (3),Extracted from formula,MF Market Rent,Used in Unknown_Field_FQ2214 (FQ2214)
Market Rent (2),Extracted from formula,MF Market Rent,Used in Unknown_Field_FR2214 (FR2214)
Market Rent (3),Extracted from formula,MF Market Rent,Used in Unknown_Field_FR2214 (FR2214)
Market Rent (2),Extracted from formula,MF Market Rent,Used in Unknown_Field_FQ2215 (FQ2215)
Market Rent (3),Extracted from formula,MF Market Rent,Used in Unknown_Field_FQ2215 (FQ2215)
Market Rent (2),Extracted from formula,MF Market Rent,Used in Unknown_Field_FR2215 (FR2215)
Market Rent (3),Extracted from formula,MF Market Rent,Used in Unknown_Field_FR2215 (FR2215)
Market Rent (2),Extracted from formula,MF Market Rent,Used in Unknown_Field_FQ2216 (FQ2216)
Market Rent (3),Extracted from formula,MF Market Rent,Used in Unknown_Field_FQ2216 (FQ2216)
Market Rent (2),Extracted from formula,MF Market Rent,Used in Unknown_Field_FR2216 (FR2216)
Market Rent (3),Extracted from formula,MF Market Rent,Used in Unknown_Field_FR2216 (FR2216)
Market Rent (2),Extracted from formula,MF Market Rent,Used in Unknown_Field_FQ2217 (FQ2217)
Market Rent (3),Extracted from formula,MF Market Rent,Used in Unknown_Field_FQ2217 (FQ2217)
Market Rent (2),Extracted from formula,MF Market Rent,Used in Unknown_Field_FR2217 (FR2217)
Market Rent (3),Extracted from formula,MF Market Rent,Used in Unknown_Field_FR2217 (FR2217)
Market Rent (2),Extracted from formula,MF Market Rent,Used in Unknown_Field_FQ2218 (FQ2218)
Market Rent (3),Extracted from formula,MF Market Rent,Used in Unknown_Field_FQ2218 (FQ2218)
Market Rent (2),Extracted from formula,MF Market Rent,Used in Unknown_Field_FR2218 (FR2218)
Market Rent (3),Extracted from formula,MF Market Rent,Used in Unknown_Field_FR2218 (FR2218)
Market Rent (2),Extracted from formula,MF Market Rent,Used in Unknown_Field_FQ2219 (FQ2219)
Market Rent (3),Extracted from formula,MF Market Rent,Used in Unknown_Field_FQ2219 (FQ2219)
Market Rent (2),Extracted from formula,MF Market Rent,Used in Unknown_Field_FR2219 (FR2219)
Market Rent (3),Extracted from formula,MF Market Rent,Used in Unknown_Field_FR2219 (FR2219)
Market Rent (2),Extracted from formula,MF Market Rent,Used in Unknown_Field_FQ2220 (FQ2220)
Market Rent (3),Extracted from formula,MF Market Rent,Used in Unknown_Field_FQ2220 (FQ2220)
Market Rent (2),Extracted from formula,MF Market Rent,Used in Unknown_Field_FR2220 (FR2220)
Market Rent (3),Extracted from formula,MF Market Rent,Used in Unknown_Field_FR2220 (FR2220)
Market Rent (2),Extracted from formula,MF Market Rent,Used in Unknown_Field_FQ2221 (FQ2221)
Market Rent (3),Extracted from formula,MF Market Rent,Used in Unknown_Field_FQ2221 (FQ2221)
Market Rent (2),Extracted from formula,MF Market Rent,Used in Unknown_Field_FR2221 (FR2221)
Market Rent (3),Extracted from formula,MF Market Rent,Used in Unknown_Field_FR2221 (FR2221)
Market Rent (2),Extracted from formula,MF Market Rent,Used in Unknown_Field_FQ2222 (FQ2222)
Market Rent (3),Extracted from formula,MF Market Rent,Used in Unknown_Field_FQ2222 (FQ2222)
Market Rent (2),Extracted from formula,MF Market Rent,Used in Unknown_Field_FR2222 (FR2222)
Market Rent (3),Extracted from formula,MF Market Rent,Used in Unknown_Field_FR2222 (FR2222)
Market Rent (2),Extracted from formula,MF Market Rent,Used in Unknown_Field_FQ2223 (FQ2223)
Market Rent (3),Extracted from formula,MF Market Rent,Used in Unknown_Field_FQ2223 (FQ2223)
Market Rent (2),Extracted from formula,MF Market Rent,Used in Unknown_Field_FR2223 (FR2223)
Market Rent (3),Extracted from formula,MF Market Rent,Used in Unknown_Field_FR2223 (FR2223)
Market Rent (2),Extracted from formula,MF Market Rent,Used in Unknown_Field_FQ2224 (FQ2224)
Market Rent (3),Extracted from formula,MF Market Rent,Used in Unknown_Field_FQ2224 (FQ2224)
Market Rent (2),Extracted from formula,MF Market Rent,Used in Unknown_Field_FR2224 (FR2224)
Market Rent (3),Extracted from formula,MF Market Rent,Used in Unknown_Field_FR2224 (FR2224)
Market Rent (2),Extracted from formula,MF Market Rent,Used in Unknown_Field_FQ2225 (FQ2225)
Market Rent (3),Extracted from formula,MF Market Rent,Used in Unknown_Field_FQ2225 (FQ2225)
Market Rent (2),Extracted from formula,MF Market Rent,Used in Unknown_Field_FR2225 (FR2225)
Market Rent (3),Extracted from formula,MF Market Rent,Used in Unknown_Field_FR2225 (FR2225)
Market Rent (2),Extracted from formula,MF Market Rent,Used in Unknown_Field_FQ2226 (FQ2226)
Market Rent (3),Extracted from formula,MF Market Rent,Used in Unknown_Field_FQ2226 (FQ2226)
Market Rent (2),Extracted from formula,MF Market Rent,Used in Unknown_Field_FR2226 (FR2226)
Market Rent (3),Extracted from formula,MF Market Rent,Used in Unknown_Field_FR2226 (FR2226)
Market Rent (2),Extracted from formula,MF Market Rent,Used in Unknown_Field_FQ2227 (FQ2227)
Market Rent (3),Extracted from formula,MF Market Rent,Used in Unknown_Field_FQ2227 (FQ2227)
Market Rent (2),Extracted from formula,MF Market Rent,Used in Unknown_Field_FR2227 (FR2227)
Market Rent (3),Extracted from formula,MF Market Rent,Used in Unknown_Field_FR2227 (FR2227)
Market Rent (2),Extracted from formula,MF Market Rent,Used in Unknown_Field_FQ2228 (FQ2228)
Market Rent (3),Extracted from formula,MF Market Rent,Used in Unknown_Field_FQ2228 (FQ2228)
Market Rent (2),Extracted from formula,MF Market Rent,Used in Unknown_Field_FR2228 (FR2228)
Market Rent (3),Extracted from formula,MF Market Rent,Used in Unknown_Field_FR2228 (FR2228)
Market Rent (2),Extracted from formula,MF Market Rent,Used in Unknown_Field_FQ2229 (FQ2229)
Market Rent (3),Extracted from formula,MF Market Rent,Used in Unknown_Field_FQ2229 (FQ2229)
Market Rent (2),Extracted from formula,MF Market Rent,Used in Unknown_Field_FR2229 (FR2229)
Market Rent (3),Extracted from formula,MF Market Rent,Used in Unknown_Field_FR2229 (FR2229)
Market Rent (2),Extracted from formula,MF Market Rent,Used in Unknown_Field_FQ2230 (FQ2230)
Market Rent (3),Extracted from formula,MF Market Rent,Used in Unknown_Field_FQ2230 (FQ2230)
Market Rent (2),Extracted from formula,MF Market Rent,Used in Unknown_Field_FR2230 (FR2230)
Market Rent (3),Extracted from formula,MF Market Rent,Used in Unknown_Field_FR2230 (FR2230)
Market Rent (2),Extracted from formula,MF Market Rent,Used in Unknown_Field_FQ2231 (FQ2231)
Market Rent (3),Extracted from formula,MF Market Rent,Used in Unknown_Field_FQ2231 (FQ2231)
Market Rent (2),Extracted from formula,MF Market Rent,Used in Unknown_Field_FR2231 (FR2231)
Market Rent (3),Extracted from formula,MF Market Rent,Used in Unknown_Field_FR2231 (FR2231)
Market Rent (2),Extracted from formula,MF Market Rent,Used in Unknown_Field_FQ2232 (FQ2232)
Market Rent (3),Extracted from formula,MF Market Rent,Used in Unknown_Field_FQ2232 (FQ2232)
Market Rent (2),Extracted from formula,MF Market Rent,Used in Unknown_Field_FR2232 (FR2232)
Market Rent (3),Extracted from formula,MF Market Rent,Used in Unknown_Field_FR2232 (FR2232)
Market Rent (2),Extracted from formula,MF Market Rent,Used in Unknown_Field_FQ2233 (FQ2233)
Market Rent (3),Extracted from formula,MF Market Rent,Used in Unknown_Field_FQ2233 (FQ2233)
Market Rent (2),Extracted from formula,MF Market Rent,Used in Unknown_Field_FR2233 (FR2233)
Market Rent (3),Extracted from formula,MF Market Rent,Used in Unknown_Field_FR2233 (FR2233)
Market Rent (2),Extracted from formula,MF Market Rent,Used in Unknown_Field_FQ2234 (FQ2234)
Market Rent (3),Extracted from formula,MF Market Rent,Used in Unknown_Field_FQ2234 (FQ2234)
Market Rent (2),Extracted from formula,MF Market Rent,Used in Unknown_Field_FR2234 (FR2234)
Market Rent (3),Extracted from formula,MF Market Rent,Used in Unknown_Field_FR2234 (FR2234)
Market Rent (2),Extracted from formula,MF Market Rent,Used in Unknown_Field_FQ2235 (FQ2235)
Market Rent (3),Extracted from formula,MF Market Rent,Used in Unknown_Field_FQ2235 (FQ2235)
Market Rent (2),Extracted from formula,MF Market Rent,Used in Unknown_Field_FR2235 (FR2235)
Market Rent (3),Extracted from formula,MF Market Rent,Used in Unknown_Field_FR2235 (FR2235)
Market Rent (2),Extracted from formula,MF Market Rent,Used in Unknown_Field_FQ2236 (FQ2236)
Market Rent (3),Extracted from formula,MF Market Rent,Used in Unknown_Field_FQ2236 (FQ2236)
Market Rent (2),Extracted from formula,MF Market Rent,Used in Unknown_Field_FR2236 (FR2236)
Market Rent (3),Extracted from formula,MF Market Rent,Used in Unknown_Field_FR2236 (FR2236)
Market Rent (2),Extracted from formula,MF Market Rent,Used in Unknown_Field_FQ2237 (FQ2237)
Market Rent (3),Extracted from formula,MF Market Rent,Used in Unknown_Field_FQ2237 (FQ2237)
Market Rent (2),Extracted from formula,MF Market Rent,Used in Unknown_Field_FR2237 (FR2237)
Market Rent (3),Extracted from formula,MF Market Rent,Used in Unknown_Field_FR2237 (FR2237)
Market Rent (2),Extracted from formula,MF Market Rent,Used in Unknown_Field_FQ2238 (FQ2238)
Market Rent (3),Extracted from formula,MF Market Rent,Used in Unknown_Field_FQ2238 (FQ2238)
Market Rent (2),Extracted from formula,MF Market Rent,Used in Unknown_Field_FR2238 (FR2238)
Market Rent (3),Extracted from formula,MF Market Rent,Used in Unknown_Field_FR2238 (FR2238)
Market Rent (2),Extracted from formula,MF Market Rent,Used in Unknown_Field_FQ2239 (FQ2239)
Market Rent (3),Extracted from formula,MF Market Rent,Used in Unknown_Field_FQ2239 (FQ2239)
Market Rent (2),Extracted from formula,MF Market Rent,Used in Unknown_Field_FR2239 (FR2239)
Market Rent (3),Extracted from formula,MF Market Rent,Used in Unknown_Field_FR2239 (FR2239)
Market Rent (2),Extracted from formula,MF Market Rent,Used in Unknown_Field_FQ2240 (FQ2240)
Market Rent (3),Extracted from formula,MF Market Rent,Used in Unknown_Field_FQ2240 (FQ2240)
Market Rent (2),Extracted from formula,MF Market Rent,Used in Unknown_Field_FR2240 (FR2240)
Market Rent (3),Extracted from formula,MF Market Rent,Used in Unknown_Field_FR2240 (FR2240)
Market Rent (2),Extracted from formula,MF Market Rent,Used in Unknown_Field_FQ2241 (FQ2241)
Market Rent (3),Extracted from formula,MF Market Rent,Used in Unknown_Field_FQ2241 (FQ2241)
Market Rent (2),Extracted from formula,MF Market Rent,Used in Unknown_Field_FR2241 (FR2241)
Market Rent (3),Extracted from formula,MF Market Rent,Used in Unknown_Field_FR2241 (FR2241)
Market Rent (2),Extracted from formula,MF Market Rent,Used in Unknown_Field_FQ2242 (FQ2242)
Market Rent (3),Extracted from formula,MF Market Rent,Used in Unknown_Field_FQ2242 (FQ2242)
Market Rent (2),Extracted from formula,MF Market Rent,Used in Unknown_Field_FR2242 (FR2242)
Market Rent (3),Extracted from formula,MF Market Rent,Used in Unknown_Field_FR2242 (FR2242)
Market Rent (2),Extracted from formula,MF Market Rent,Used in Unknown_Field_FQ2243 (FQ2243)
Market Rent (3),Extracted from formula,MF Market Rent,Used in Unknown_Field_FQ2243 (FQ2243)
Market Rent (2),Extracted from formula,MF Market Rent,Used in Unknown_Field_FR2243 (FR2243)
Market Rent (3),Extracted from formula,MF Market Rent,Used in Unknown_Field_FR2243 (FR2243)
Market Rent (2),Extracted from formula,MF Market Rent,Used in Unknown_Field_FQ2244 (FQ2244)
Market Rent (3),Extracted from formula,MF Market Rent,Used in Unknown_Field_FQ2244 (FQ2244)
Market Rent (2),Extracted from formula,MF Market Rent,Used in Unknown_Field_FR2244 (FR2244)
Market Rent (3),Extracted from formula,MF Market Rent,Used in Unknown_Field_FR2244 (FR2244)
Market Rent (2),Extracted from formula,MF Market Rent,Used in Unknown_Field_FQ2245 (FQ2245)
Market Rent (3),Extracted from formula,MF Market Rent,Used in Unknown_Field_FQ2245 (FQ2245)
Market Rent (2),Extracted from formula,MF Market Rent,Used in Unknown_Field_FR2245 (FR2245)
Market Rent (3),Extracted from formula,MF Market Rent,Used in Unknown_Field_FR2245 (FR2245)
Market Rent (2),Extracted from formula,MF Market Rent,Used in Unknown_Field_FQ2246 (FQ2246)
Market Rent (3),Extracted from formula,MF Market Rent,Used in Unknown_Field_FQ2246 (FQ2246)
Market Rent (2),Extracted from formula,MF Market Rent,Used in Unknown_Field_FR2246 (FR2246)
Market Rent (3),Extracted from formula,MF Market Rent,Used in Unknown_Field_FR2246 (FR2246)
Market Rent (2),Extracted from formula,MF Market Rent,Used in Unknown_Field_FQ2247 (FQ2247)
Market Rent (3),Extracted from formula,MF Market Rent,Used in Unknown_Field_FQ2247 (FQ2247)
Market Rent (2),Extracted from formula,MF Market Rent,Used in Unknown_Field_FR2247 (FR2247)
Market Rent (3),Extracted from formula,MF Market Rent,Used in Unknown_Field_FR2247 (FR2247)
Market Rent (2),Extracted from formula,MF Market Rent,Used in Unknown_Field_FQ2248 (FQ2248)
Market Rent (3),Extracted from formula,MF Market Rent,Used in Unknown_Field_FQ2248 (FQ2248)
Market Rent (2),Extracted from formula,MF Market Rent,Used in Unknown_Field_FR2248 (FR2248)
Market Rent (3),Extracted from formula,MF Market Rent,Used in Unknown_Field_FR2248 (FR2248)
Market Rent (2),Extracted from formula,MF Market Rent,Used in Unknown_Field_FQ2249 (FQ2249)
Market Rent (3),Extracted from formula,MF Market Rent,Used in Unknown_Field_FQ2249 (FQ2249)
Market Rent (2),Extracted from formula,MF Market Rent,Used in Unknown_Field_FR2249 (FR2249)
Market Rent (3),Extracted from formula,MF Market Rent,Used in Unknown_Field_FR2249 (FR2249)
Market Rent (2),Extracted from formula,MF Market Rent,Used in Unknown_Field_FQ2250 (FQ2250)
Market Rent (3),Extracted from formula,MF Market Rent,Used in Unknown_Field_FQ2250 (FQ2250)
Market Rent (2),Extracted from formula,MF Market Rent,Used in Unknown_Field_FR2250 (FR2250)
Market Rent (3),Extracted from formula,MF Market Rent,Used in Unknown_Field_FR2250 (FR2250)
Market Rent (2),Extracted from formula,MF Market Rent,Used in Unknown_Field_FQ2251 (FQ2251)
Market Rent (3),Extracted from formula,MF Market Rent,Used in Unknown_Field_FQ2251 (FQ2251)
Market Rent (2),Extracted from formula,MF Market Rent,Used in Unknown_Field_FR2251 (FR2251)
Market Rent (3),Extracted from formula,MF Market Rent,Used in Unknown_Field_FR2251 (FR2251)
Market Rent (2),Extracted from formula,MF Market Rent,Used in Unknown_Field_FQ2252 (FQ2252)
Market Rent (3),Extracted from formula,MF Market Rent,Used in Unknown_Field_FQ2252 (FQ2252)
Market Rent (2),Extracted from formula,MF Market Rent,Used in Unknown_Field_FR2252 (FR2252)
Market Rent (3),Extracted from formula,MF Market Rent,Used in Unknown_Field_FR2252 (FR2252)
Market Rent (2),Extracted from formula,MF Market Rent,Used in Unknown_Field_FQ2253 (FQ2253)
Market Rent (3),Extracted from formula,MF Market Rent,Used in Unknown_Field_FQ2253 (FQ2253)
Market Rent (2),Extracted from formula,MF Market Rent,Used in Unknown_Field_FR2253 (FR2253)
Market Rent (3),Extracted from formula,MF Market Rent,Used in Unknown_Field_FR2253 (FR2253)
Market Rent (2),Extracted from formula,MF Market Rent,Used in Unknown_Field_FQ2254 (FQ2254)
Market Rent (3),Extracted from formula,MF Market Rent,Used in Unknown_Field_FQ2254 (FQ2254)
Market Rent (2),Extracted from formula,MF Market Rent,Used in Unknown_Field_FR2254 (FR2254)
Market Rent (3),Extracted from formula,MF Market Rent,Used in Unknown_Field_FR2254 (FR2254)
Market Rent (2),Extracted from formula,MF Market Rent,Used in Unknown_Field_FQ2255 (FQ2255)
Market Rent (3),Extracted from formula,MF Market Rent,Used in Unknown_Field_FQ2255 (FQ2255)
Market Rent (2),Extracted from formula,MF Market Rent,Used in Unknown_Field_FR2255 (FR2255)
Market Rent (3),Extracted from formula,MF Market Rent,Used in Unknown_Field_FR2255 (FR2255)
Market Rent (2),Extracted from formula,MF Market Rent,Used in Unknown_Field_FQ2256 (FQ2256)
Market Rent (3),Extracted from formula,MF Market Rent,Used in Unknown_Field_FQ2256 (FQ2256)
Market Rent (2),Extracted from formula,MF Market Rent,Used in Unknown_Field_FR2256 (FR2256)
Market Rent (3),Extracted from formula,MF Market Rent,Used in Unknown_Field_FR2256 (FR2256)
Market Rent (2),Extracted from formula,MF Market Rent,Used in Unknown_Field_FQ2257 (FQ2257)
Market Rent (3),Extracted from formula,MF Market Rent,Used in Unknown_Field_FQ2257 (FQ2257)
Market Rent (2),Extracted from formula,MF Market Rent,Used in Unknown_Field_FR2257 (FR2257)
Market Rent (3),Extracted from formula,MF Market Rent,Used in Unknown_Field_FR2257 (FR2257)
Market Rent (2),Extracted from formula,MF Market Rent,Used in Unknown_Field_FQ2258 (FQ2258)
Market Rent (3),Extracted from formula,MF Market Rent,Used in Unknown_Field_FQ2258 (FQ2258)
Market Rent (2),Extracted from formula,MF Market Rent,Used in Unknown_Field_FR2258 (FR2258)
Market Rent (3),Extracted from formula,MF Market Rent,Used in Unknown_Field_FR2258 (FR2258)
Market Rent (2),Extracted from formula,MF Market Rent,Used in Unknown_Field_FQ2259 (FQ2259)
Market Rent (3),Extracted from formula,MF Market Rent,Used in Unknown_Field_FQ2259 (FQ2259)
Market Rent (2),Extracted from formula,MF Market Rent,Used in Unknown_Field_FR2259 (FR2259)
Market Rent (3),Extracted from formula,MF Market Rent,Used in Unknown_Field_FR2259 (FR2259)
Market Rent (2),Extracted from formula,MF Market Rent,Used in Unknown_Field_FQ2260 (FQ2260)
Market Rent (3),Extracted from formula,MF Market Rent,Used in Unknown_Field_FQ2260 (FQ2260)
Market Rent (2),Extracted from formula,MF Market Rent,Used in Unknown_Field_FR2260 (FR2260)
Market Rent (3),Extracted from formula,MF Market Rent,Used in Unknown_Field_FR2260 (FR2260)
Market Rent (2),Extracted from formula,MF Market Rent,Used in Unknown_Field_FQ2261 (FQ2261)
Market Rent (3),Extracted from formula,MF Market Rent,Used in Unknown_Field_FQ2261 (FQ2261)
Market Rent (2),Extracted from formula,MF Market Rent,Used in Unknown_Field_FR2261 (FR2261)
Market Rent (3),Extracted from formula,MF Market Rent,Used in Unknown_Field_FR2261 (FR2261)
Market Rent (2),Extracted from formula,MF Market Rent,Used in Unknown_Field_FQ2262 (FQ2262)
Market Rent (3),Extracted from formula,MF Market Rent,Used in Unknown_Field_FQ2262 (FQ2262)
Market Rent (2),Extracted from formula,MF Market Rent,Used in Unknown_Field_FR2262 (FR2262)
Market Rent (3),Extracted from formula,MF Market Rent,Used in Unknown_Field_FR2262 (FR2262)
Market Rent (2),Extracted from formula,MF Market Rent,Used in Unknown_Field_FQ2263 (FQ2263)
Market Rent (3),Extracted from formula,MF Market Rent,Used in Unknown_Field_FQ2263 (FQ2263)
Market Rent (2),Extracted from formula,MF Market Rent,Used in Unknown_Field_FR2263 (FR2263)
Market Rent (3),Extracted from formula,MF Market Rent,Used in Unknown_Field_FR2263 (FR2263)
Market Rent (2),Extracted from formula,MF Market Rent,Used in Unknown_Field_FQ2264 (FQ2264)
Market Rent (3),Extracted from formula,MF Market Rent,Used in Unknown_Field_FQ2264 (FQ2264)
Market Rent (2),Extracted from formula,MF Market Rent,Used in Unknown_Field_FR2264 (FR2264)
Market Rent (3),Extracted from formula,MF Market Rent,Used in Unknown_Field_FR2264 (FR2264)
Market Rent (2),Extracted from formula,MF Market Rent,Used in Unknown_Field_FQ2265 (FQ2265)
Market Rent (3),Extracted from formula,MF Market Rent,Used in Unknown_Field_FQ2265 (FQ2265)
Market Rent (2),Extracted from formula,MF Market Rent,Used in Unknown_Field_FR2265 (FR2265)
Market Rent (3),Extracted from formula,MF Market Rent,Used in Unknown_Field_FR2265 (FR2265)
Market Rent (2),Extracted from formula,MF Market Rent,Used in Unknown_Field_FQ2266 (FQ2266)
Market Rent (3),Extracted from formula,MF Market Rent,Used in Unknown_Field_FQ2266 (FQ2266)
Market Rent (2),Extracted from formula,MF Market Rent,Used in Unknown_Field_FR2266 (FR2266)
Market Rent (3),Extracted from formula,MF Market Rent,Used in Unknown_Field_FR2266 (FR2266)
Market Rent (2),Extracted from formula,MF Market Rent,Used in Unknown_Field_FQ2267 (FQ2267)
Market Rent (3),Extracted from formula,MF Market Rent,Used in Unknown_Field_FQ2267 (FQ2267)
Market Rent (2),Extracted from formula,MF Market Rent,Used in Unknown_Field_FR2267 (FR2267)
Market Rent (3),Extracted from formula,MF Market Rent,Used in Unknown_Field_FR2267 (FR2267)
Market Rent (2),Extracted from formula,MF Market Rent,Used in Unknown_Field_FQ2268 (FQ2268)
Market Rent (3),Extracted from formula,MF Market Rent,Used in Unknown_Field_FQ2268 (FQ2268)
Market Rent (2),Extracted from formula,MF Market Rent,Used in Unknown_Field_FR2268 (FR2268)
Market Rent (3),Extracted from formula,MF Market Rent,Used in Unknown_Field_FR2268 (FR2268)
Market Rent (2),Extracted from formula,MF Market Rent,Used in Unknown_Field_FQ2269 (FQ2269)
Market Rent (3),Extracted from formula,MF Market Rent,Used in Unknown_Field_FQ2269 (FQ2269)
Market Rent (2),Extracted from formula,MF Market Rent,Used in Unknown_Field_FR2269 (FR2269)
Market Rent (3),Extracted from formula,MF Market Rent,Used in Unknown_Field_FR2269 (FR2269)
Market Rent (2),Extracted from formula,MF Market Rent,Used in Unknown_Field_FQ2270 (FQ2270)
Market Rent (3),Extracted from formula,MF Market Rent,Used in Unknown_Field_FQ2270 (FQ2270)
Market Rent (2),Extracted from formula,MF Market Rent,Used in Unknown_Field_FR2270 (FR2270)
Market Rent (3),Extracted from formula,MF Market Rent,Used in Unknown_Field_FR2270 (FR2270)
Market Rent (2),Extracted from formula,MF Market Rent,Used in Unknown_Field_FQ2271 (FQ2271)
Market Rent (3),Extracted from formula,MF Market Rent,Used in Unknown_Field_FQ2271 (FQ2271)
Market Rent (2),Extracted from formula,MF Market Rent,Used in Unknown_Field_FR2271 (FR2271)
Market Rent (3),Extracted from formula,MF Market Rent,Used in Unknown_Field_FR2271 (FR2271)
Market Rent (2),Extracted from formula,MF Market Rent,Used in Unknown_Field_FQ2272 (FQ2272)
Market Rent (3),Extracted from formula,MF Market Rent,Used in Unknown_Field_FQ2272 (FQ2272)
Market Rent (2),Extracted from formula,MF Market Rent,Used in Unknown_Field_FR2272 (FR2272)
Market Rent (3),Extracted from formula,MF Market Rent,Used in Unknown_Field_FR2272 (FR2272)
Market Rent (2),Extracted from formula,MF Market Rent,Used in Unknown_Field_FQ2273 (FQ2273)
Market Rent (3),Extracted from formula,MF Market Rent,Used in Unknown_Field_FQ2273 (FQ2273)
Market Rent (2),Extracted from formula,MF Market Rent,Used in Unknown_Field_FR2273 (FR2273)
Market Rent (3),Extracted from formula,MF Market Rent,Used in Unknown_Field_FR2273 (FR2273)
Market Rent (2),Extracted from formula,MF Market Rent,Used in Unknown_Field_FQ2274 (FQ2274)
Market Rent (3),Extracted from formula,MF Market Rent,Used in Unknown_Field_FQ2274 (FQ2274)
Market Rent (2),Extracted from formula,MF Market Rent,Used in Unknown_Field_FR2274 (FR2274)
Market Rent (3),Extracted from formula,MF Market Rent,Used in Unknown_Field_FR2274 (FR2274)
Market Rent (2),Extracted from formula,MF Market Rent,Used in Unknown_Field_FQ2275 (FQ2275)
Market Rent (3),Extracted from formula,MF Market Rent,Used in Unknown_Field_FQ2275 (FQ2275)
Market Rent (2),Extracted from formula,MF Market Rent,Used in Unknown_Field_FR2275 (FR2275)
Market Rent (3),Extracted from formula,MF Market Rent,Used in Unknown_Field_FR2275 (FR2275)
Market Rent (2),Extracted from formula,MF Market Rent,Used in Unknown_Field_FQ2276 (FQ2276)
Market Rent (3),Extracted from formula,MF Market Rent,Used in Unknown_Field_FQ2276 (FQ2276)
Market Rent (2),Extracted from formula,MF Market Rent,Used in Unknown_Field_FR2276 (FR2276)
Market Rent (3),Extracted from formula,MF Market Rent,Used in Unknown_Field_FR2276 (FR2276)
Market Rent (2),Extracted from formula,MF Market Rent,Used in Unknown_Field_FQ2277 (FQ2277)
Market Rent (3),Extracted from formula,MF Market Rent,Used in Unknown_Field_FQ2277 (FQ2277)
Market Rent (2),Extracted from formula,MF Market Rent,Used in Unknown_Field_FR2277 (FR2277)
Market Rent (3),Extracted from formula,MF Market Rent,Used in Unknown_Field_FR2277 (FR2277)
Market Rent (2),Extracted from formula,MF Market Rent,Used in Unknown_Field_FQ2278 (FQ2278)
Market Rent (3),Extracted from formula,MF Market Rent,Used in Unknown_Field_FQ2278 (FQ2278)
Market Rent (2),Extracted from formula,MF Market Rent,Used in Unknown_Field_FR2278 (FR2278)
Market Rent (3),Extracted from formula,MF Market Rent,Used in Unknown_Field_FR2278 (FR2278)
Market Rent (2),Extracted from formula,MF Market Rent,Used in Unknown_Field_FQ2279 (FQ2279)
Market Rent (3),Extracted from formula,MF Market Rent,Used in Unknown_Field_FQ2279 (FQ2279)
Market Rent (2),Extracted from formula,MF Market Rent,Used in Unknown_Field_FR2279 (FR2279)
Market Rent (3),Extracted from formula,MF Market Rent,Used in Unknown_Field_FR2279 (FR2279)
Market Rent,Extracted from formula,MF Market Rent,Used in Utilities Adj. (FQ2329)
Market Rent,Extracted from formula,MF Market Rent,Used in Physical Charactertistics Adj (FR2329)
Market Rent,Extracted from formula,MF Market Rent,Used in Utilities Adj. (FQ2330)
Market Rent,Extracted from formula,MF Market Rent,Used in Physical Charactertistics Adj (FR2330)
Market Rent,Extracted from formula,MF Market Rent,Used in Utilities Adj. (FQ2331)
Market Rent,Extracted from formula,MF Market Rent,Used in Physical Charactertistics Adj (FR2331)
Market Rent,Extracted from formula,MF Market Rent,Used in Utilities Adj. (FQ2332)
Market Rent,Extracted from formula,MF Market Rent,Used in Physical Charactertistics Adj (FR2332)
Market Rent,Extracted from formula,MF Market Rent,Used in Utilities Adj. (FQ2333)
Market Rent,Extracted from formula,MF Market Rent,Used in Physical Charactertistics Adj (FR2333)
Market Rent,Extracted from formula,MF Market Rent,Used in Utilities Adj. (FQ2334)
Market Rent,Extracted from formula,MF Market Rent,Used in Physical Charactertistics Adj (FR2334)
Market Rent,Extracted from formula,MF Market Rent,Used in Utilities Adj. (FQ2335)
Market Rent,Extracted from formula,MF Market Rent,Used in Physical Charactertistics Adj (FR2335)
Market Rent,Extracted from formula,MF Market Rent,Used in Utilities Adj. (FQ2336)
Market Rent,Extracted from formula,MF Market Rent,Used in Physical Charactertistics Adj (FR2336)
Market Rent,Extracted from formula,MF Market Rent,Used in Unknown_Field_FQ2337 (FQ2337)
Market Rent,Extracted from formula,MF Market Rent,Used in Unknown_Field_FR2337 (FR2337)
Market Rent,Extracted from formula,MF Market Rent,Used in Unknown_Field_FQ2338 (FQ2338)
Market Rent,Extracted from formula,MF Market Rent,Used in Unknown_Field_FR2338 (FR2338)
Market Rent,Extracted from formula,MF Market Rent,Used in Unknown_Field_FQ2339 (FQ2339)
Market Rent,Extracted from formula,MF Market Rent,Used in Unknown_Field_FR2339 (FR2339)
Market Rent,Extracted from formula,MF Market Rent,Used in Unknown_Field_FQ2340 (FQ2340)
Market Rent,Extracted from formula,MF Market Rent,Used in Unknown_Field_FR2340 (FR2340)
Market Rent,Extracted from formula,MF Market Rent,Used in Unknown_Field_FQ2341 (FQ2341)
Market Rent,Extracted from formula,MF Market Rent,Used in Unknown_Field_FR2341 (FR2341)
Market Rent,Extracted from formula,MF Market Rent,Used in Unknown_Field_FQ2342 (FQ2342)
Market Rent,Extracted from formula,MF Market Rent,Used in Unknown_Field_FR2342 (FR2342)
Market Rent,Extracted from formula,MF Market Rent,Used in Unknown_Field_FQ2343 (FQ2343)
Market Rent,Extracted from formula,MF Market Rent,Used in Unknown_Field_FR2343 (FR2343)
Market Rent,Extracted from formula,MF Market Rent,Used in Unknown_Field_FQ2344 (FQ2344)
Market Rent,Extracted from formula,MF Market Rent,Used in Unknown_Field_FR2344 (FR2344)
Market Rent,Extracted from formula,MF Market Rent,Used in Unknown_Field_FQ2345 (FQ2345)
Market Rent,Extracted from formula,MF Market Rent,Used in Unknown_Field_FR2345 (FR2345)
Market Rent,Extracted from formula,MF Market Rent,Used in Unknown_Field_FQ2346 (FQ2346)
Market Rent,Extracted from formula,MF Market Rent,Used in Unknown_Field_FR2346 (FR2346)
Market Rent,Extracted from formula,MF Market Rent,Used in Unknown_Field_FQ2347 (FQ2347)
Market Rent,Extracted from formula,MF Market Rent,Used in Unknown_Field_FR2347 (FR2347)
Market Rent,Extracted from formula,MF Market Rent,Used in Unknown_Field_FQ2348 (FQ2348)
Market Rent,Extracted from formula,MF Market Rent,Used in Unknown_Field_FR2348 (FR2348)
Market Rent,Extracted from formula,MF Market Rent,Used in Unknown_Field_FQ2349 (FQ2349)
Market Rent,Extracted from formula,MF Market Rent,Used in Unknown_Field_FR2349 (FR2349)
Market Rent,Extracted from formula,MF Market Rent,Used in Unknown_Field_FQ2350 (FQ2350)
Market Rent,Extracted from formula,MF Market Rent,Used in Unknown_Field_FR2350 (FR2350)
Market Rent,Extracted from formula,MF Market Rent,Used in Unknown_Field_FQ2351 (FQ2351)
Market Rent,Extracted from formula,MF Market Rent,Used in Unknown_Field_FR2351 (FR2351)
Market Rent,Extracted from formula,MF Market Rent,Used in Unknown_Field_FQ2352 (FQ2352)
Market Rent,Extracted from formula,MF Market Rent,Used in Unknown_Field_FR2352 (FR2352)
Market Rent,Extracted from formula,MF Market Rent,Used in Unknown_Field_FQ2353 (FQ2353)
Market Rent,Extracted from formula,MF Market Rent,Used in Unknown_Field_FR2353 (FR2353)
Market Rent,Extracted from formula,MF Market Rent,Used in Unknown_Field_FQ2354 (FQ2354)
Market Rent,Extracted from formula,MF Market Rent,Used in Unknown_Field_FR2354 (FR2354)
Market Rent,Extracted from formula,MF Market Rent,Used in Unknown_Field_FQ2355 (FQ2355)
Market Rent,Extracted from formula,MF Market Rent,Used in Unknown_Field_FR2355 (FR2355)
Market Rent,Extracted from formula,MF Market Rent,Used in Unknown_Field_FQ2356 (FQ2356)
Market Rent,Extracted from formula,MF Market Rent,Used in Unknown_Field_FR2356 (FR2356)
Market Rent,Extracted from formula,MF Market Rent,Used in Unknown_Field_FQ2357 (FQ2357)
Market Rent,Extracted from formula,MF Market Rent,Used in Unknown_Field_FR2357 (FR2357)
Market Rent,Extracted from formula,MF Market Rent,Used in Unknown_Field_FQ2358 (FQ2358)
Market Rent,Extracted from formula,MF Market Rent,Used in Unknown_Field_FR2358 (FR2358)
Market Rent,Extracted from formula,MF Market Rent,Used in Unknown_Field_FQ2359 (FQ2359)
Market Rent,Extracted from formula,MF Market Rent,Used in Unknown_Field_FR2359 (FR2359)
Market Rent,Extracted from formula,MF Market Rent,Used in Unknown_Field_FQ2360 (FQ2360)
Market Rent,Extracted from formula,MF Market Rent,Used in Unknown_Field_FR2360 (FR2360)
Market Rent,Extracted from formula,MF Market Rent,Used in Unknown_Field_FQ2361 (FQ2361)
Market Rent,Extracted from formula,MF Market Rent,Used in Unknown_Field_FR2361 (FR2361)
Market Rent,Extracted from formula,MF Market Rent,Used in Unknown_Field_FQ2362 (FQ2362)
Market Rent,Extracted from formula,MF Market Rent,Used in Unknown_Field_FR2362 (FR2362)
Market Rent,Extracted from formula,MF Market Rent,Used in Unknown_Field_FQ2363 (FQ2363)
Market Rent,Extracted from formula,MF Market Rent,Used in Unknown_Field_FR2363 (FR2363)
Market Rent,Extracted from formula,MF Market Rent,Used in Unknown_Field_FQ2364 (FQ2364)
Market Rent,Extracted from formula,MF Market Rent,Used in Unknown_Field_FR2364 (FR2364)
Market Rent,Extracted from formula,MF Market Rent,Used in Unknown_Field_FQ2365 (FQ2365)
Market Rent,Extracted from formula,MF Market Rent,Used in Unknown_Field_FR2365 (FR2365)
Market Rent,Extracted from formula,MF Market Rent,Used in Unknown_Field_FQ2366 (FQ2366)
Market Rent,Extracted from formula,MF Market Rent,Used in Unknown_Field_FR2366 (FR2366)
Market Rent,Extracted from formula,MF Market Rent,Used in Unknown_Field_FQ2367 (FQ2367)
Market Rent,Extracted from formula,MF Market Rent,Used in Unknown_Field_FR2367 (FR2367)
Market Rent,Extracted from formula,MF Market Rent,Used in Unknown_Field_FQ2368 (FQ2368)
Market Rent,Extracted from formula,MF Market Rent,Used in Unknown_Field_FR2368 (FR2368)
Market Rent,Extracted from formula,MF Market Rent,Used in Unknown_Field_FQ2369 (FQ2369)
Market Rent,Extracted from formula,MF Market Rent,Used in Unknown_Field_FR2369 (FR2369)
Market Rent,Extracted from formula,MF Market Rent,Used in Unknown_Field_FQ2370 (FQ2370)
Market Rent,Extracted from formula,MF Market Rent,Used in Unknown_Field_FR2370 (FR2370)
Market Rent,Extracted from formula,MF Market Rent,Used in Unknown_Field_FQ2371 (FQ2371)
Market Rent,Extracted from formula,MF Market Rent,Used in Unknown_Field_FR2371 (FR2371)
Market Rent,Extracted from formula,MF Market Rent,Used in Unknown_Field_FQ2372 (FQ2372)
Market Rent,Extracted from formula,MF Market Rent,Used in Unknown_Field_FR2372 (FR2372)
Market Rent,Extracted from formula,MF Market Rent,Used in Unknown_Field_FQ2373 (FQ2373)
Market Rent,Extracted from formula,MF Market Rent,Used in Unknown_Field_FR2373 (FR2373)
Market Rent,Extracted from formula,MF Market Rent,Used in Unknown_Field_FQ2374 (FQ2374)
Market Rent,Extracted from formula,MF Market Rent,Used in Unknown_Field_FR2374 (FR2374)
Market Rent,Extracted from formula,MF Market Rent,Used in Unknown_Field_FQ2375 (FQ2375)
Market Rent,Extracted from formula,MF Market Rent,Used in Unknown_Field_FR2375 (FR2375)
Market Rent,Extracted from formula,MF Market Rent,Used in Unknown_Field_FQ2376 (FQ2376)
Market Rent,Extracted from formula,MF Market Rent,Used in Unknown_Field_FR2376 (FR2376)
Market Rent,Extracted from formula,MF Market Rent,Used in Unknown_Field_FQ2377 (FQ2377)
Market Rent,Extracted from formula,MF Market Rent,Used in Unknown_Field_FR2377 (FR2377)
Market Rent,Extracted from formula,MF Market Rent,Used in Unknown_Field_FQ2378 (FQ2378)
Market Rent,Extracted from formula,MF Market Rent,Used in Unknown_Field_FR2378 (FR2378)
Market Rent,Extracted from formula,MF Market Rent,Used in Unknown_Field_FQ2379 (FQ2379)
Market Rent,Extracted from formula,MF Market Rent,Used in Unknown_Field_FR2379 (FR2379)
Market Rent,Extracted from formula,MF Market Rent,Used in Unknown_Field_FQ2380 (FQ2380)
Market Rent,Extracted from formula,MF Market Rent,Used in Unknown_Field_FR2380 (FR2380)
Market Rent,Extracted from formula,MF Market Rent,Used in Unknown_Field_FQ2381 (FQ2381)
Market Rent,Extracted from formula,MF Market Rent,Used in Unknown_Field_FR2381 (FR2381)
Market Rent,Extracted from formula,MF Market Rent,Used in Unknown_Field_FQ2382 (FQ2382)
Market Rent,Extracted from formula,MF Market Rent,Used in Unknown_Field_FR2382 (FR2382)
Market Rent,Extracted from formula,MF Market Rent,Used in Unknown_Field_FQ2383 (FQ2383)
Market Rent,Extracted from formula,MF Market Rent,Used in Unknown_Field_FR2383 (FR2383)
Market Rent,Extracted from formula,MF Market Rent,Used in Unknown_Field_FQ2384 (FQ2384)
Market Rent,Extracted from formula,MF Market Rent,Used in Unknown_Field_FR2384 (FR2384)
Market Rent,Extracted from formula,MF Market Rent,Used in Unknown_Field_FQ2385 (FQ2385)
Market Rent,Extracted from formula,MF Market Rent,Used in Unknown_Field_FR2385 (FR2385)
Market Rent,Extracted from formula,MF Market Rent,Used in Unknown_Field_FQ2386 (FQ2386)
Market Rent,Extracted from formula,MF Market Rent,Used in Unknown_Field_FR2386 (FR2386)
Market Rent,Extracted from formula,MF Market Rent,Used in Unknown_Field_FQ2387 (FQ2387)
Market Rent,Extracted from formula,MF Market Rent,Used in Unknown_Field_FR2387 (FR2387)
Market Rent,Extracted from formula,MF Market Rent,Used in Unknown_Field_FQ2388 (FQ2388)
Market Rent,Extracted from formula,MF Market Rent,Used in Unknown_Field_FR2388 (FR2388)
Market Rent,Extracted from formula,MF Market Rent,Used in Unknown_Field_FQ2389 (FQ2389)
Market Rent,Extracted from formula,MF Market Rent,Used in Unknown_Field_FR2389 (FR2389)
Market Rent,Extracted from formula,MF Market Rent,Used in Unknown_Field_FQ2390 (FQ2390)
Market Rent,Extracted from formula,MF Market Rent,Used in Unknown_Field_FR2390 (FR2390)
Market Rent,Extracted from formula,MF Market Rent,Used in Unknown_Field_FQ2391 (FQ2391)
Market Rent,Extracted from formula,MF Market Rent,Used in Unknown_Field_FR2391 (FR2391)
Market Rent,Extracted from formula,MF Market Rent,Used in Unknown_Field_FQ2392 (FQ2392)
Market Rent,Extracted from formula,MF Market Rent,Used in Unknown_Field_FR2392 (FR2392)
Market Rent,Extracted from formula,MF Market Rent,Used in Unknown_Field_FQ2393 (FQ2393)
Market Rent,Extracted from formula,MF Market Rent,Used in Unknown_Field_FR2393 (FR2393)
Market Rent,Extracted from formula,MF Market Rent,Used in Unknown_Field_FQ2394 (FQ2394)
Market Rent,Extracted from formula,MF Market Rent,Used in Unknown_Field_FR2394 (FR2394)
Market Rent,Extracted from formula,MF Market Rent,Used in Unknown_Field_FQ2395 (FQ2395)
Market Rent,Extracted from formula,MF Market Rent,Used in Unknown_Field_FR2395 (FR2395)
Market Rent,Extracted from formula,MF Market Rent,Used in Unknown_Field_FQ2396 (FQ2396)
Market Rent,Extracted from formula,MF Market Rent,Used in Unknown_Field_FR2396 (FR2396)
Market Rent,Extracted from formula,MF Market Rent,Used in Unknown_Field_FQ2397 (FQ2397)
Market Rent,Extracted from formula,MF Market Rent,Used in Unknown_Field_FR2397 (FR2397)
Market Rent,Extracted from formula,MF Market Rent,Used in Unknown_Field_FQ2398 (FQ2398)
Market Rent,Extracted from formula,MF Market Rent,Used in Unknown_Field_FR2398 (FR2398)
Market Rent,Extracted from formula,MF Market Rent,Used in Unknown_Field_FQ2399 (FQ2399)
Market Rent,Extracted from formula,MF Market Rent,Used in Unknown_Field_FR2399 (FR2399)
Market Rent,Extracted from formula,MF Market Rent,Used in Unknown_Field_FQ2400 (FQ2400)
Market Rent,Extracted from formula,MF Market Rent,Used in Unknown_Field_FR2400 (FR2400)
Market Rent,Extracted from formula,MF Market Rent,Used in Unknown_Field_FQ2401 (FQ2401)
Market Rent,Extracted from formula,MF Market Rent,Used in Unknown_Field_FR2401 (FR2401)
Market Rent,Extracted from formula,MF Market Rent,Used in Unknown_Field_FQ2402 (FQ2402)
Market Rent,Extracted from formula,MF Market Rent,Used in Unknown_Field_FR2402 (FR2402)
Market Rent,Extracted from formula,MF Market Rent,Used in Unknown_Field_FQ2403 (FQ2403)
Market Rent,Extracted from formula,MF Market Rent,Used in Unknown_Field_FR2403 (FR2403)
Market Rent,Extracted from formula,MF Market Rent,Used in Unknown_Field_FQ2404 (FQ2404)
Market Rent,Extracted from formula,MF Market Rent,Used in Unknown_Field_FR2404 (FR2404)
Market Rent,Extracted from formula,MF Market Rent,Used in Unknown_Field_FQ2405 (FQ2405)
Market Rent,Extracted from formula,MF Market Rent,Used in Unknown_Field_FR2405 (FR2405)
Market Rent,Extracted from formula,MF Market Rent,Used in Unknown_Field_FQ2406 (FQ2406)
Market Rent,Extracted from formula,MF Market Rent,Used in Unknown_Field_FR2406 (FR2406)
Market Rent,Extracted from formula,MF Market Rent,Used in Unknown_Field_FQ2407 (FQ2407)
Market Rent,Extracted from formula,MF Market Rent,Used in Unknown_Field_FR2407 (FR2407)
Market Rent,Extracted from formula,MF Market Rent,Used in Unknown_Field_FQ2408 (FQ2408)
Market Rent,Extracted from formula,MF Market Rent,Used in Unknown_Field_FR2408 (FR2408)
Market Rent,Extracted from formula,MF Market Rent,Used in Unknown_Field_FQ2409 (FQ2409)
Market Rent,Extracted from formula,MF Market Rent,Used in Unknown_Field_FR2409 (FR2409)
Market Rent,Extracted from formula,MF Market Rent,Used in Unknown_Field_FQ2410 (FQ2410)
Market Rent,Extracted from formula,MF Market Rent,Used in Unknown_Field_FR2410 (FR2410)
Market Rent,Extracted from formula,MF Market Rent,Used in Unknown_Field_FQ2411 (FQ2411)
Market Rent,Extracted from formula,MF Market Rent,Used in Unknown_Field_FR2411 (FR2411)
Market Rent,Extracted from formula,MF Market Rent,Used in Unknown_Field_FQ2412 (FQ2412)
Market Rent,Extracted from formula,MF Market Rent,Used in Unknown_Field_FR2412 (FR2412)
Market Rent,Extracted from formula,MF Market Rent,Used in Unknown_Field_FQ2413 (FQ2413)
Market Rent,Extracted from formula,MF Market Rent,Used in Unknown_Field_FR2413 (FR2413)
Market Rent,Extracted from formula,MF Market Rent,Used in Unknown_Field_FQ2414 (FQ2414)
Market Rent,Extracted from formula,MF Market Rent,Used in Unknown_Field_FR2414 (FR2414)
Market Rent,Extracted from formula,MF Market Rent,Used in Unknown_Field_FQ2415 (FQ2415)
Market Rent,Extracted from formula,MF Market Rent,Used in Unknown_Field_FR2415 (FR2415)
Market Rent,Extracted from formula,MF Market Rent,Used in Unknown_Field_FQ2416 (FQ2416)
Market Rent,Extracted from formula,MF Market Rent,Used in Unknown_Field_FR2416 (FR2416)
Market Rent,Extracted from formula,MF Market Rent,Used in Unknown_Field_FQ2417 (FQ2417)
Market Rent,Extracted from formula,MF Market Rent,Used in Unknown_Field_FR2417 (FR2417)
Market Rent,Extracted from formula,MF Market Rent,Used in Unknown_Field_FQ2418 (FQ2418)
Market Rent,Extracted from formula,MF Market Rent,Used in Unknown_Field_FR2418 (FR2418)
Market Rent,Extracted from formula,MF Market Rent,Used in Unknown_Field_FQ2419 (FQ2419)
Market Rent,Extracted from formula,MF Market Rent,Used in Unknown_Field_FR2419 (FR2419)
Market Rent,Extracted from formula,MF Market Rent,Used in Unknown_Field_FQ2420 (FQ2420)
Market Rent,Extracted from formula,MF Market Rent,Used in Unknown_Field_FR2420 (FR2420)
Market Rent,Extracted from formula,MF Market Rent,Used in Unknown_Field_FQ2421 (FQ2421)
Market Rent,Extracted from formula,MF Market Rent,Used in Unknown_Field_FR2421 (FR2421)
Market Rent,Extracted from formula,MF Market Rent,Used in Unknown_Field_FQ2422 (FQ2422)
Market Rent,Extracted from formula,MF Market Rent,Used in Unknown_Field_FR2422 (FR2422)
Market Rent,Extracted from formula,MF Market Rent,Used in Unknown_Field_FQ2423 (FQ2423)
Market Rent,Extracted from formula,MF Market Rent,Used in Unknown_Field_FR2423 (FR2423)
Market Rent,Extracted from formula,MF Market Rent,Used in Unknown_Field_FQ2424 (FQ2424)
Market Rent,Extracted from formula,MF Market Rent,Used in Unknown_Field_FR2424 (FR2424)
Market Rent,Extracted from formula,MF Market Rent,Used in Unknown_Field_FQ2425 (FQ2425)
Market Rent,Extracted from formula,MF Market Rent,Used in Unknown_Field_FR2425 (FR2425)
Market Rent,Extracted from formula,MF Market Rent,Used in Unknown_Field_FQ2426 (FQ2426)
Market Rent,Extracted from formula,MF Market Rent,Used in Unknown_Field_FR2426 (FR2426)
Market Rent,Extracted from formula,MF Market Rent,Used in Unknown_Field_FQ2427 (FQ2427)
Market Rent,Extracted from formula,MF Market Rent,Used in Unknown_Field_FR2427 (FR2427)
Market Rent,Extracted from formula,MF Market Rent,Used in Unknown_Field_FQ2428 (FQ2428)
Market Rent,Extracted from formula,MF Market Rent,Used in Unknown_Field_FR2428 (FR2428)
Market Rent,Extracted from formula,MF Market Rent,Used in Unknown_Field_FQ2429 (FQ2429)
Market Rent,Extracted from formula,MF Market Rent,Used in Unknown_Field_FR2429 (FR2429)
Market Rent,Extracted from formula,MF Market Rent,Used in Unknown_Field_FQ2430 (FQ2430)
Market Rent,Extracted from formula,MF Market Rent,Used in Unknown_Field_FR2430 (FR2430)
Market Rent,Extracted from formula,MF Market Rent,Used in Unknown_Field_FQ2431 (FQ2431)
Market Rent,Extracted from formula,MF Market Rent,Used in Unknown_Field_FR2431 (FR2431)
Market Rent,Extracted from formula,MF Market Rent,Used in Unknown_Field_FQ2432 (FQ2432)
Market Rent,Extracted from formula,MF Market Rent,Used in Unknown_Field_FR2432 (FR2432)
Market Rent,Extracted from formula,MF Market Rent,Used in Unknown_Field_FQ2433 (FQ2433)
Market Rent,Extracted from formula,MF Market Rent,Used in Unknown_Field_FR2433 (FR2433)
Market Rent,Extracted from formula,MF Market Rent,Used in Unknown_Field_FQ2434 (FQ2434)
Market Rent,Extracted from formula,MF Market Rent,Used in Unknown_Field_FR2434 (FR2434)
Market Rent,Extracted from formula,MF Market Rent,Used in Unknown_Field_FQ2435 (FQ2435)
Market Rent,Extracted from formula,MF Market Rent,Used in Unknown_Field_FR2435 (FR2435)
Market Rent,Extracted from formula,MF Market Rent,Used in Unknown_Field_FQ2436 (FQ2436)
Market Rent,Extracted from formula,MF Market Rent,Used in Unknown_Field_FR2436 (FR2436)
Market Rent,Extracted from formula,MF Market Rent,Used in Unknown_Field_FQ2437 (FQ2437)
Market Rent,Extracted from formula,MF Market Rent,Used in Unknown_Field_FR2437 (FR2437)
Market Rent,Extracted from formula,MF Market Rent,Used in Unknown_Field_FQ2438 (FQ2438)
Market Rent,Extracted from formula,MF Market Rent,Used in Unknown_Field_FR2438 (FR2438)
Market Rent,Extracted from formula,MF Market Rent,Used in Unknown_Field_FQ2439 (FQ2439)
Market Rent,Extracted from formula,MF Market Rent,Used in Unknown_Field_FR2439 (FR2439)
Market Rent,Extracted from formula,MF Market Rent,Used in Unknown_Field_FQ2440 (FQ2440)
Market Rent,Extracted from formula,MF Market Rent,Used in Unknown_Field_FR2440 (FR2440)
Market Rent,Extracted from formula,MF Market Rent,Used in Unknown_Field_FQ2441 (FQ2441)
Market Rent,Extracted from formula,MF Market Rent,Used in Unknown_Field_FR2441 (FR2441)
Market Rent,Extracted from formula,MF Market Rent,Used in Unknown_Field_FQ2442 (FQ2442)
Market Rent,Extracted from formula,MF Market Rent,Used in Unknown_Field_FR2442 (FR2442)
Market Rent,Extracted from formula,MF Market Rent,Used in Unknown_Field_FQ2443 (FQ2443)
Market Rent,Extracted from formula,MF Market Rent,Used in Unknown_Field_FR2443 (FR2443)
Market Rent,Extracted from formula,MF Market Rent,Used in Unknown_Field_FQ2444 (FQ2444)
Market Rent,Extracted from formula,MF Market Rent,Used in Unknown_Field_FR2444 (FR2444)
Market Rent,Extracted from formula,MF Market Rent,Used in Unknown_Field_FQ2445 (FQ2445)
Market Rent,Extracted from formula,MF Market Rent,Used in Unknown_Field_FR2445 (FR2445)
Market Rent,Extracted from formula,MF Market Rent,Used in Unknown_Field_FQ2446 (FQ2446)
Market Rent,Extracted from formula,MF Market Rent,Used in Unknown_Field_FR2446 (FR2446)
Market Rent,Extracted from formula,MF Market Rent,Used in Unknown_Field_FQ2447 (FQ2447)
Market Rent,Extracted from formula,MF Market Rent,Used in Unknown_Field_FR2447 (FR2447)
Market Rent,Extracted from formula,MF Market Rent,Used in Unknown_Field_FQ2448 (FQ2448)
Market Rent,Extracted from formula,MF Market Rent,Used in Unknown_Field_FR2448 (FR2448)
Market Rent (2),Extracted from formula,MF Market Rent,Used in Unknown_Field_FQ2449 (FQ2449)
Market Rent (3),Extracted from formula,MF Market Rent,Used in Unknown_Field_FQ2449 (FQ2449)
Market Rent (2),Extracted from formula,MF Market Rent,Used in Unknown_Field_FR2449 (FR2449)
Market Rent (3),Extracted from formula,MF Market Rent,Used in Unknown_Field_FR2449 (FR2449)
Market Rent (2),Extracted from formula,MF Market Rent,Used in Unknown_Field_FQ2450 (FQ2450)
Market Rent (3),Extracted from formula,MF Market Rent,Used in Unknown_Field_FQ2450 (FQ2450)
Market Rent (2),Extracted from formula,MF Market Rent,Used in Unknown_Field_FR2450 (FR2450)
Market Rent (3),Extracted from formula,MF Market Rent,Used in Unknown_Field_FR2450 (FR2450)
Market Rent (2),Extracted from formula,MF Market Rent,Used in Unknown_Field_FQ2451 (FQ2451)
Market Rent (3),Extracted from formula,MF Market Rent,Used in Unknown_Field_FQ2451 (FQ2451)
Market Rent (2),Extracted from formula,MF Market Rent,Used in Unknown_Field_FR2451 (FR2451)
Market Rent (3),Extracted from formula,MF Market Rent,Used in Unknown_Field_FR2451 (FR2451)
Market Rent (2),Extracted from formula,MF Market Rent,Used in Unknown_Field_FQ2452 (FQ2452)
Market Rent (3),Extracted from formula,MF Market Rent,Used in Unknown_Field_FQ2452 (FQ2452)
Market Rent (2),Extracted from formula,MF Market Rent,Used in Unknown_Field_FR2452 (FR2452)
Market Rent (3),Extracted from formula,MF Market Rent,Used in Unknown_Field_FR2452 (FR2452)
Market Rent (2),Extracted from formula,MF Market Rent,Used in Unknown_Field_FQ2453 (FQ2453)
Market Rent (3),Extracted from formula,MF Market Rent,Used in Unknown_Field_FQ2453 (FQ2453)
Market Rent (2),Extracted from formula,MF Market Rent,Used in Unknown_Field_FR2453 (FR2453)
Market Rent (3),Extracted from formula,MF Market Rent,Used in Unknown_Field_FR2453 (FR2453)
Market Rent (2),Extracted from formula,MF Market Rent,Used in Unknown_Field_FQ2454 (FQ2454)
Market Rent (3),Extracted from formula,MF Market Rent,Used in Unknown_Field_FQ2454 (FQ2454)
Market Rent (2),Extracted from formula,MF Market Rent,Used in Unknown_Field_FR2454 (FR2454)
Market Rent (3),Extracted from formula,MF Market Rent,Used in Unknown_Field_FR2454 (FR2454)
Market Rent (2),Extracted from formula,MF Market Rent,Used in Unknown_Field_FQ2455 (FQ2455)
Market Rent (3),Extracted from formula,MF Market Rent,Used in Unknown_Field_FQ2455 (FQ2455)
Market Rent (2),Extracted from formula,MF Market Rent,Used in Unknown_Field_FR2455 (FR2455)
Market Rent (3),Extracted from formula,MF Market Rent,Used in Unknown_Field_FR2455 (FR2455)
Market Rent (2),Extracted from formula,MF Market Rent,Used in Unknown_Field_FQ2456 (FQ2456)
Market Rent (3),Extracted from formula,MF Market Rent,Used in Unknown_Field_FQ2456 (FQ2456)
Market Rent (2),Extracted from formula,MF Market Rent,Used in Unknown_Field_FR2456 (FR2456)
Market Rent (3),Extracted from formula,MF Market Rent,Used in Unknown_Field_FR2456 (FR2456)
Market Rent (2),Extracted from formula,MF Market Rent,Used in Unknown_Field_FQ2457 (FQ2457)
Market Rent (3),Extracted from formula,MF Market Rent,Used in Unknown_Field_FQ2457 (FQ2457)
Market Rent (2),Extracted from formula,MF Market Rent,Used in Unknown_Field_FR2457 (FR2457)
Market Rent (3),Extracted from formula,MF Market Rent,Used in Unknown_Field_FR2457 (FR2457)
Market Rent (2),Extracted from formula,MF Market Rent,Used in Unknown_Field_FQ2458 (FQ2458)
Market Rent (3),Extracted from formula,MF Market Rent,Used in Unknown_Field_FQ2458 (FQ2458)
Market Rent (2),Extracted from formula,MF Market Rent,Used in Unknown_Field_FR2458 (FR2458)
Market Rent (3),Extracted from formula,MF Market Rent,Used in Unknown_Field_FR2458 (FR2458)
Market Rent (2),Extracted from formula,MF Market Rent,Used in Unknown_Field_FQ2459 (FQ2459)
Market Rent (3),Extracted from formula,MF Market Rent,Used in Unknown_Field_FQ2459 (FQ2459)
Market Rent (2),Extracted from formula,MF Market Rent,Used in Unknown_Field_FR2459 (FR2459)
Market Rent (3),Extracted from formula,MF Market Rent,Used in Unknown_Field_FR2459 (FR2459)
Market Rent (2),Extracted from formula,MF Market Rent,Used in Unknown_Field_FQ2460 (FQ2460)
Market Rent (3),Extracted from formula,MF Market Rent,Used in Unknown_Field_FQ2460 (FQ2460)
Market Rent (2),Extracted from formula,MF Market Rent,Used in Unknown_Field_FR2460 (FR2460)
Market Rent (3),Extracted from formula,MF Market Rent,Used in Unknown_Field_FR2460 (FR2460)
Market Rent (2),Extracted from formula,MF Market Rent,Used in Unknown_Field_FQ2461 (FQ2461)
Market Rent (3),Extracted from formula,MF Market Rent,Used in Unknown_Field_FQ2461 (FQ2461)
Market Rent (2),Extracted from formula,MF Market Rent,Used in Unknown_Field_FR2461 (FR2461)
Market Rent (3),Extracted from formula,MF Market Rent,Used in Unknown_Field_FR2461 (FR2461)
Market Rent (2),Extracted from formula,MF Market Rent,Used in Unknown_Field_FQ2462 (FQ2462)
Market Rent (3),Extracted from formula,MF Market Rent,Used in Unknown_Field_FQ2462 (FQ2462)
Market Rent (2),Extracted from formula,MF Market Rent,Used in Unknown_Field_FR2462 (FR2462)
Market Rent (3),Extracted from formula,MF Market Rent,Used in Unknown_Field_FR2462 (FR2462)
Market Rent (2),Extracted from formula,MF Market Rent,Used in Unknown_Field_FQ2463 (FQ2463)
Market Rent (3),Extracted from formula,MF Market Rent,Used in Unknown_Field_FQ2463 (FQ2463)
Market Rent (2),Extracted from formula,MF Market Rent,Used in Unknown_Field_FR2463 (FR2463)
Market Rent (3),Extracted from formula,MF Market Rent,Used in Unknown_Field_FR2463 (FR2463)
Market Rent (2),Extracted from formula,MF Market Rent,Used in Unknown_Field_FQ2464 (FQ2464)
Market Rent (3),Extracted from formula,MF Market Rent,Used in Unknown_Field_FQ2464 (FQ2464)
Market Rent (2),Extracted from formula,MF Market Rent,Used in Unknown_Field_FR2464 (FR2464)
Market Rent (3),Extracted from formula,MF Market Rent,Used in Unknown_Field_FR2464 (FR2464)
Market Rent (2),Extracted from formula,MF Market Rent,Used in Unknown_Field_FQ2465 (FQ2465)
Market Rent (3),Extracted from formula,MF Market Rent,Used in Unknown_Field_FQ2465 (FQ2465)
Market Rent (2),Extracted from formula,MF Market Rent,Used in Unknown_Field_FR2465 (FR2465)
Market Rent (3),Extracted from formula,MF Market Rent,Used in Unknown_Field_FR2465 (FR2465)
Market Rent (2),Extracted from formula,MF Market Rent,Used in Unknown_Field_FQ2466 (FQ2466)
Market Rent (3),Extracted from formula,MF Market Rent,Used in Unknown_Field_FQ2466 (FQ2466)
Market Rent (2),Extracted from formula,MF Market Rent,Used in Unknown_Field_FR2466 (FR2466)
Market Rent (3),Extracted from formula,MF Market Rent,Used in Unknown_Field_FR2466 (FR2466)
Market Rent (2),Extracted from formula,MF Market Rent,Used in Unknown_Field_FQ2467 (FQ2467)
Market Rent (3),Extracted from formula,MF Market Rent,Used in Unknown_Field_FQ2467 (FQ2467)
Market Rent (2),Extracted from formula,MF Market Rent,Used in Unknown_Field_FR2467 (FR2467)
Market Rent (3),Extracted from formula,MF Market Rent,Used in Unknown_Field_FR2467 (FR2467)
Market Rent (2),Extracted from formula,MF Market Rent,Used in Unknown_Field_FQ2468 (FQ2468)
Market Rent (3),Extracted from formula,MF Market Rent,Used in Unknown_Field_FQ2468 (FQ2468)
Market Rent (2),Extracted from formula,MF Market Rent,Used in Unknown_Field_FR2468 (FR2468)
Market Rent (3),Extracted from formula,MF Market Rent,Used in Unknown_Field_FR2468 (FR2468)
Market Rent (2),Extracted from formula,MF Market Rent,Used in Unknown_Field_FQ2469 (FQ2469)
Market Rent (3),Extracted from formula,MF Market Rent,Used in Unknown_Field_FQ2469 (FQ2469)
Market Rent (2),Extracted from formula,MF Market Rent,Used in Unknown_Field_FR2469 (FR2469)
Market Rent (3),Extracted from formula,MF Market Rent,Used in Unknown_Field_FR2469 (FR2469)
Market Rent (2),Extracted from formula,MF Market Rent,Used in Unknown_Field_FQ2470 (FQ2470)
Market Rent (3),Extracted from formula,MF Market Rent,Used in Unknown_Field_FQ2470 (FQ2470)
Market Rent (2),Extracted from formula,MF Market Rent,Used in Unknown_Field_FR2470 (FR2470)
Market Rent (3),Extracted from formula,MF Market Rent,Used in Unknown_Field_FR2470 (FR2470)
Market Rent (2),Extracted from formula,MF Market Rent,Used in Unknown_Field_FQ2471 (FQ2471)
Market Rent (3),Extracted from formula,MF Market Rent,Used in Unknown_Field_FQ2471 (FQ2471)
Market Rent (2),Extracted from formula,MF Market Rent,Used in Unknown_Field_FR2471 (FR2471)
Market Rent (3),Extracted from formula,MF Market Rent,Used in Unknown_Field_FR2471 (FR2471)
Market Rent (2),Extracted from formula,MF Market Rent,Used in Unknown_Field_FQ2472 (FQ2472)
Market Rent (3),Extracted from formula,MF Market Rent,Used in Unknown_Field_FQ2472 (FQ2472)
Market Rent (2),Extracted from formula,MF Market Rent,Used in Unknown_Field_FR2472 (FR2472)
Market Rent (3),Extracted from formula,MF Market Rent,Used in Unknown_Field_FR2472 (FR2472)
Market Rent (2),Extracted from formula,MF Market Rent,Used in Unknown_Field_FQ2473 (FQ2473)
Market Rent (3),Extracted from formula,MF Market Rent,Used in Unknown_Field_FQ2473 (FQ2473)
Market Rent (2),Extracted from formula,MF Market Rent,Used in Unknown_Field_FR2473 (FR2473)
Market Rent (3),Extracted from formula,MF Market Rent,Used in Unknown_Field_FR2473 (FR2473)
Market Rent (2),Extracted from formula,MF Market Rent,Used in Unknown_Field_FQ2474 (FQ2474)
Market Rent (3),Extracted from formula,MF Market Rent,Used in Unknown_Field_FQ2474 (FQ2474)
Market Rent (2),Extracted from formula,MF Market Rent,Used in Unknown_Field_FR2474 (FR2474)
Market Rent (3),Extracted from formula,MF Market Rent,Used in Unknown_Field_FR2474 (FR2474)
Market Rent (2),Extracted from formula,MF Market Rent,Used in Unknown_Field_FQ2475 (FQ2475)
Market Rent (3),Extracted from formula,MF Market Rent,Used in Unknown_Field_FQ2475 (FQ2475)
Market Rent (2),Extracted from formula,MF Market Rent,Used in Unknown_Field_FR2475 (FR2475)
Market Rent (3),Extracted from formula,MF Market Rent,Used in Unknown_Field_FR2475 (FR2475)
Market Rent (2),Extracted from formula,MF Market Rent,Used in Unknown_Field_FQ2476 (FQ2476)
Market Rent (3),Extracted from formula,MF Market Rent,Used in Unknown_Field_FQ2476 (FQ2476)
Market Rent (2),Extracted from formula,MF Market Rent,Used in Unknown_Field_FR2476 (FR2476)
Market Rent (3),Extracted from formula,MF Market Rent,Used in Unknown_Field_FR2476 (FR2476)
Market Rent (2),Extracted from formula,MF Market Rent,Used in Unknown_Field_FQ2477 (FQ2477)
Market Rent (3),Extracted from formula,MF Market Rent,Used in Unknown_Field_FQ2477 (FQ2477)
Market Rent (2),Extracted from formula,MF Market Rent,Used in Unknown_Field_FR2477 (FR2477)
Market Rent (3),Extracted from formula,MF Market Rent,Used in Unknown_Field_FR2477 (FR2477)
Market Rent (2),Extracted from formula,MF Market Rent,Used in Unknown_Field_FQ2478 (FQ2478)
Market Rent (3),Extracted from formula,MF Market Rent,Used in Unknown_Field_FQ2478 (FQ2478)
Market Rent (2),Extracted from formula,MF Market Rent,Used in Unknown_Field_FR2478 (FR2478)
Market Rent (3),Extracted from formula,MF Market Rent,Used in Unknown_Field_FR2478 (FR2478)
Market Rent (2),Extracted from formula,MF Market Rent,Used in Unknown_Field_FQ2479 (FQ2479)
Market Rent (3),Extracted from formula,MF Market Rent,Used in Unknown_Field_FQ2479 (FQ2479)
Market Rent (2),Extracted from formula,MF Market Rent,Used in Unknown_Field_FR2479 (FR2479)
Market Rent (3),Extracted from formula,MF Market Rent,Used in Unknown_Field_FR2479 (FR2479)
Market Rent (2),Extracted from formula,MF Market Rent,Used in Unknown_Field_FQ2480 (FQ2480)
Market Rent (3),Extracted from formula,MF Market Rent,Used in Unknown_Field_FQ2480 (FQ2480)
Market Rent (2),Extracted from formula,MF Market Rent,Used in Unknown_Field_FR2480 (FR2480)
Market Rent (3),Extracted from formula,MF Market Rent,Used in Unknown_Field_FR2480 (FR2480)
Market Rent (2),Extracted from formula,MF Market Rent,Used in Unknown_Field_FQ2481 (FQ2481)
Market Rent (3),Extracted from formula,MF Market Rent,Used in Unknown_Field_FQ2481 (FQ2481)
Market Rent (2),Extracted from formula,MF Market Rent,Used in Unknown_Field_FR2481 (FR2481)
Market Rent (3),Extracted from formula,MF Market Rent,Used in Unknown_Field_FR2481 (FR2481)
Market Rent (2),Extracted from formula,MF Market Rent,Used in Unknown_Field_FQ2482 (FQ2482)
Market Rent (3),Extracted from formula,MF Market Rent,Used in Unknown_Field_FQ2482 (FQ2482)
Market Rent (2),Extracted from formula,MF Market Rent,Used in Unknown_Field_FR2482 (FR2482)
Market Rent (3),Extracted from formula,MF Market Rent,Used in Unknown_Field_FR2482 (FR2482)
Market Rent (2),Extracted from formula,MF Market Rent,Used in Unknown_Field_FQ2483 (FQ2483)
Market Rent (3),Extracted from formula,MF Market Rent,Used in Unknown_Field_FQ2483 (FQ2483)
Market Rent (2),Extracted from formula,MF Market Rent,Used in Unknown_Field_FR2483 (FR2483)
Market Rent (3),Extracted from formula,MF Market Rent,Used in Unknown_Field_FR2483 (FR2483)
Market Rent (2),Extracted from formula,MF Market Rent,Used in Unknown_Field_FQ2484 (FQ2484)
Market Rent (3),Extracted from formula,MF Market Rent,Used in Unknown_Field_FQ2484 (FQ2484)
Market Rent (2),Extracted from formula,MF Market Rent,Used in Unknown_Field_FR2484 (FR2484)
Market Rent (3),Extracted from formula,MF Market Rent,Used in Unknown_Field_FR2484 (FR2484)
Market Rent (2),Extracted from formula,MF Market Rent,Used in Unknown_Field_FQ2485 (FQ2485)
Market Rent (3),Extracted from formula,MF Market Rent,Used in Unknown_Field_FQ2485 (FQ2485)
Market Rent (2),Extracted from formula,MF Market Rent,Used in Unknown_Field_FR2485 (FR2485)
Market Rent (3),Extracted from formula,MF Market Rent,Used in Unknown_Field_FR2485 (FR2485)
Market Rent (2),Extracted from formula,MF Market Rent,Used in Unknown_Field_FQ2486 (FQ2486)
Market Rent (3),Extracted from formula,MF Market Rent,Used in Unknown_Field_FQ2486 (FQ2486)
Market Rent (2),Extracted from formula,MF Market Rent,Used in Unknown_Field_FR2486 (FR2486)
Market Rent (3),Extracted from formula,MF Market Rent,Used in Unknown_Field_FR2486 (FR2486)
Market Rent (2),Extracted from formula,MF Market Rent,Used in Unknown_Field_FQ2487 (FQ2487)
Market Rent (3),Extracted from formula,MF Market Rent,Used in Unknown_Field_FQ2487 (FQ2487)
Market Rent (2),Extracted from formula,MF Market Rent,Used in Unknown_Field_FR2487 (FR2487)
Market Rent (3),Extracted from formula,MF Market Rent,Used in Unknown_Field_FR2487 (FR2487)
Market Rent (2),Extracted from formula,MF Market Rent,Used in Unknown_Field_FQ2488 (FQ2488)
Market Rent (3),Extracted from formula,MF Market Rent,Used in Unknown_Field_FQ2488 (FQ2488)
Market Rent (2),Extracted from formula,MF Market Rent,Used in Unknown_Field_FR2488 (FR2488)
Market Rent (3),Extracted from formula,MF Market Rent,Used in Unknown_Field_FR2488 (FR2488)
Market Rent (2),Extracted from formula,MF Market Rent,Used in Unknown_Field_FQ2489 (FQ2489)
Market Rent (3),Extracted from formula,MF Market Rent,Used in Unknown_Field_FQ2489 (FQ2489)
Market Rent (2),Extracted from formula,MF Market Rent,Used in Unknown_Field_FR2489 (FR2489)
Market Rent (3),Extracted from formula,MF Market Rent,Used in Unknown_Field_FR2489 (FR2489)
Market Rent (2),Extracted from formula,MF Market Rent,Used in Unknown_Field_FQ2490 (FQ2490)
Market Rent (3),Extracted from formula,MF Market Rent,Used in Unknown_Field_FQ2490 (FQ2490)
Market Rent (2),Extracted from formula,MF Market Rent,Used in Unknown_Field_FR2490 (FR2490)
Market Rent (3),Extracted from formula,MF Market Rent,Used in Unknown_Field_FR2490 (FR2490)
Market Rent (2),Extracted from formula,MF Market Rent,Used in Unknown_Field_FQ2491 (FQ2491)
Market Rent (3),Extracted from formula,MF Market Rent,Used in Unknown_Field_FQ2491 (FQ2491)
Market Rent (2),Extracted from formula,MF Market Rent,Used in Unknown_Field_FR2491 (FR2491)
Market Rent (3),Extracted from formula,MF Market Rent,Used in Unknown_Field_FR2491 (FR2491)
Market Rent (2),Extracted from formula,MF Market Rent,Used in Unknown_Field_FQ2492 (FQ2492)
Market Rent (3),Extracted from formula,MF Market Rent,Used in Unknown_Field_FQ2492 (FQ2492)
Market Rent (2),Extracted from formula,MF Market Rent,Used in Unknown_Field_FR2492 (FR2492)
Market Rent (3),Extracted from formula,MF Market Rent,Used in Unknown_Field_FR2492 (FR2492)
Market Rent (2),Extracted from formula,MF Market Rent,Used in Unknown_Field_FQ2493 (FQ2493)
Market Rent (3),Extracted from formula,MF Market Rent,Used in Unknown_Field_FQ2493 (FQ2493)
Market Rent (2),Extracted from formula,MF Market Rent,Used in Unknown_Field_FR2493 (FR2493)
Market Rent (3),Extracted from formula,MF Market Rent,Used in Unknown_Field_FR2493 (FR2493)
Market Rent (2),Extracted from formula,MF Market Rent,Used in Unknown_Field_FQ2494 (FQ2494)
Market Rent (3),Extracted from formula,MF Market Rent,Used in Unknown_Field_FQ2494 (FQ2494)
Market Rent (2),Extracted from formula,MF Market Rent,Used in Unknown_Field_FR2494 (FR2494)
Market Rent (3),Extracted from formula,MF Market Rent,Used in Unknown_Field_FR2494 (FR2494)
Market Rent (2),Extracted from formula,MF Market Rent,Used in Unknown_Field_FQ2495 (FQ2495)
Market Rent (3),Extracted from formula,MF Market Rent,Used in Unknown_Field_FQ2495 (FQ2495)
Market Rent (2),Extracted from formula,MF Market Rent,Used in Unknown_Field_FR2495 (FR2495)
Market Rent (3),Extracted from formula,MF Market Rent,Used in Unknown_Field_FR2495 (FR2495)
Market Rent (2),Extracted from formula,MF Market Rent,Used in Unknown_Field_FQ2496 (FQ2496)
Market Rent (3),Extracted from formula,MF Market Rent,Used in Unknown_Field_FQ2496 (FQ2496)
Market Rent (2),Extracted from formula,MF Market Rent,Used in Unknown_Field_FR2496 (FR2496)
Market Rent (3),Extracted from formula,MF Market Rent,Used in Unknown_Field_FR2496 (FR2496)
Market Rent (2),Extracted from formula,MF Market Rent,Used in Unknown_Field_FQ2497 (FQ2497)
Market Rent (3),Extracted from formula,MF Market Rent,Used in Unknown_Field_FQ2497 (FQ2497)
Market Rent (2),Extracted from formula,MF Market Rent,Used in Unknown_Field_FR2497 (FR2497)
Market Rent (3),Extracted from formula,MF Market Rent,Used in Unknown_Field_FR2497 (FR2497)
Market Rent (2),Extracted from formula,MF Market Rent,Used in Unknown_Field_FQ2498 (FQ2498)
Market Rent (3),Extracted from formula,MF Market Rent,Used in Unknown_Field_FQ2498 (FQ2498)
Market Rent (2),Extracted from formula,MF Market Rent,Used in Unknown_Field_FR2498 (FR2498)
Market Rent (3),Extracted from formula,MF Market Rent,Used in Unknown_Field_FR2498 (FR2498)
Market Rent (2),Extracted from formula,MF Market Rent,Used in Unknown_Field_FQ2499 (FQ2499)
Market Rent (3),Extracted from formula,MF Market Rent,Used in Unknown_Field_FQ2499 (FQ2499)
Market Rent (2),Extracted from formula,MF Market Rent,Used in Unknown_Field_FR2499 (FR2499)
Market Rent (3),Extracted from formula,MF Market Rent,Used in Unknown_Field_FR2499 (FR2499)
Market Rent (2),Extracted from formula,MF Market Rent,Used in Unknown_Field_FQ2500 (FQ2500)
Market Rent (3),Extracted from formula,MF Market Rent,Used in Unknown_Field_FQ2500 (FQ2500)
Market Rent (2),Extracted from formula,MF Market Rent,Used in Unknown_Field_FR2500 (FR2500)
Market Rent (3),Extracted from formula,MF Market Rent,Used in Unknown_Field_FR2500 (FR2500)
Market Rent (2),Extracted from formula,MF Market Rent,Used in Unknown_Field_FQ2501 (FQ2501)
Market Rent (3),Extracted from formula,MF Market Rent,Used in Unknown_Field_FQ2501 (FQ2501)
Market Rent (2),Extracted from formula,MF Market Rent,Used in Unknown_Field_FR2501 (FR2501)
Market Rent (3),Extracted from formula,MF Market Rent,Used in Unknown_Field_FR2501 (FR2501)
Market Rent (2),Extracted from formula,MF Market Rent,Used in Unknown_Field_FQ2502 (FQ2502)
Market Rent (3),Extracted from formula,MF Market Rent,Used in Unknown_Field_FQ2502 (FQ2502)
Market Rent (2),Extracted from formula,MF Market Rent,Used in Unknown_Field_FR2502 (FR2502)
Market Rent (3),Extracted from formula,MF Market Rent,Used in Unknown_Field_FR2502 (FR2502)
Market Rent (2),Extracted from formula,MF Market Rent,Used in Unknown_Field_FQ2503 (FQ2503)
Market Rent (3),Extracted from formula,MF Market Rent,Used in Unknown_Field_FQ2503 (FQ2503)
Market Rent (2),Extracted from formula,MF Market Rent,Used in Unknown_Field_FR2503 (FR2503)
Market Rent (3),Extracted from formula,MF Market Rent,Used in Unknown_Field_FR2503 (FR2503)
Market Rent (2),Extracted from formula,MF Market Rent,Used in Unknown_Field_FQ2504 (FQ2504)
Market Rent (3),Extracted from formula,MF Market Rent,Used in Unknown_Field_FQ2504 (FQ2504)
Market Rent (2),Extracted from formula,MF Market Rent,Used in Unknown_Field_FR2504 (FR2504)
Market Rent (3),Extracted from formula,MF Market Rent,Used in Unknown_Field_FR2504 (FR2504)
Market Rent (2),Extracted from formula,MF Market Rent,Used in Unknown_Field_FQ2505 (FQ2505)
Market Rent (3),Extracted from formula,MF Market Rent,Used in Unknown_Field_FQ2505 (FQ2505)
Market Rent (2),Extracted from formula,MF Market Rent,Used in Unknown_Field_FR2505 (FR2505)
Market Rent (3),Extracted from formula,MF Market Rent,Used in Unknown_Field_FR2505 (FR2505)
Market Rent (2),Extracted from formula,MF Market Rent,Used in Unknown_Field_FQ2506 (FQ2506)
Market Rent (3),Extracted from formula,MF Market Rent,Used in Unknown_Field_FQ2506 (FQ2506)
Market Rent (2),Extracted from formula,MF Market Rent,Used in Unknown_Field_FR2506 (FR2506)
Market Rent (3),Extracted from formula,MF Market Rent,Used in Unknown_Field_FR2506 (FR2506)
Market Rent (2),Extracted from formula,MF Market Rent,Used in Unknown_Field_FQ2507 (FQ2507)
Market Rent (3),Extracted from formula,MF Market Rent,Used in Unknown_Field_FQ2507 (FQ2507)
Market Rent (2),Extracted from formula,MF Market Rent,Used in Unknown_Field_FR2507 (FR2507)
Market Rent (3),Extracted from formula,MF Market Rent,Used in Unknown_Field_FR2507 (FR2507)
Market Rent (2),Extracted from formula,MF Market Rent,Used in Unknown_Field_FQ2508 (FQ2508)
Market Rent (3),Extracted from formula,MF Market Rent,Used in Unknown_Field_FQ2508 (FQ2508)
Market Rent (2),Extracted from formula,MF Market Rent,Used in Unknown_Field_FR2508 (FR2508)
Market Rent (3),Extracted from formula,MF Market Rent,Used in Unknown_Field_FR2508 (FR2508)
Market Rent (2),Extracted from formula,MF Market Rent,Used in Unknown_Field_FQ2509 (FQ2509)
Market Rent (3),Extracted from formula,MF Market Rent,Used in Unknown_Field_FQ2509 (FQ2509)
Market Rent (2),Extracted from formula,MF Market Rent,Used in Unknown_Field_FR2509 (FR2509)
Market Rent (3),Extracted from formula,MF Market Rent,Used in Unknown_Field_FR2509 (FR2509)
Market Rent (2),Extracted from formula,MF Market Rent,Used in Unknown_Field_FQ2510 (FQ2510)
Market Rent (3),Extracted from formula,MF Market Rent,Used in Unknown_Field_FQ2510 (FQ2510)
Market Rent (2),Extracted from formula,MF Market Rent,Used in Unknown_Field_FR2510 (FR2510)
Market Rent (3),Extracted from formula,MF Market Rent,Used in Unknown_Field_FR2510 (FR2510)
Market Rent (2),Extracted from formula,MF Market Rent,Used in Unknown_Field_FQ2511 (FQ2511)
Market Rent (3),Extracted from formula,MF Market Rent,Used in Unknown_Field_FQ2511 (FQ2511)
Market Rent (2),Extracted from formula,MF Market Rent,Used in Unknown_Field_FR2511 (FR2511)
Market Rent (3),Extracted from formula,MF Market Rent,Used in Unknown_Field_FR2511 (FR2511)
Market Rent (2),Extracted from formula,MF Market Rent,Used in Unknown_Field_FQ2512 (FQ2512)
Market Rent (3),Extracted from formula,MF Market Rent,Used in Unknown_Field_FQ2512 (FQ2512)
Market Rent (2),Extracted from formula,MF Market Rent,Used in Unknown_Field_FR2512 (FR2512)
Market Rent (3),Extracted from formula,MF Market Rent,Used in Unknown_Field_FR2512 (FR2512)
Market Rent (2),Extracted from formula,MF Market Rent,Used in Unknown_Field_FQ2513 (FQ2513)
Market Rent (3),Extracted from formula,MF Market Rent,Used in Unknown_Field_FQ2513 (FQ2513)
Market Rent (2),Extracted from formula,MF Market Rent,Used in Unknown_Field_FR2513 (FR2513)
Market Rent (3),Extracted from formula,MF Market Rent,Used in Unknown_Field_FR2513 (FR2513)
Market Rent (2),Extracted from formula,MF Market Rent,Used in Unknown_Field_FQ2514 (FQ2514)
Market Rent (3),Extracted from formula,MF Market Rent,Used in Unknown_Field_FQ2514 (FQ2514)
Market Rent (2),Extracted from formula,MF Market Rent,Used in Unknown_Field_FR2514 (FR2514)
Market Rent (3),Extracted from formula,MF Market Rent,Used in Unknown_Field_FR2514 (FR2514)
Market Rent (2),Extracted from formula,MF Market Rent,Used in Unknown_Field_FQ2515 (FQ2515)
Market Rent (3),Extracted from formula,MF Market Rent,Used in Unknown_Field_FQ2515 (FQ2515)
Market Rent (2),Extracted from formula,MF Market Rent,Used in Unknown_Field_FR2515 (FR2515)
Market Rent (3),Extracted from formula,MF Market Rent,Used in Unknown_Field_FR2515 (FR2515)
Market Rent (2),Extracted from formula,MF Market Rent,Used in Unknown_Field_FQ2516 (FQ2516)
Market Rent (3),Extracted from formula,MF Market Rent,Used in Unknown_Field_FQ2516 (FQ2516)
Market Rent (2),Extracted from formula,MF Market Rent,Used in Unknown_Field_FR2516 (FR2516)
Market Rent (3),Extracted from formula,MF Market Rent,Used in Unknown_Field_FR2516 (FR2516)
Market Rent (2),Extracted from formula,MF Market Rent,Used in Unknown_Field_FQ2517 (FQ2517)
Market Rent (3),Extracted from formula,MF Market Rent,Used in Unknown_Field_FQ2517 (FQ2517)
Market Rent (2),Extracted from formula,MF Market Rent,Used in Unknown_Field_FR2517 (FR2517)
Market Rent (3),Extracted from formula,MF Market Rent,Used in Unknown_Field_FR2517 (FR2517)
Market Rent (2),Extracted from formula,MF Market Rent,Used in Unknown_Field_FQ2518 (FQ2518)
Market Rent (3),Extracted from formula,MF Market Rent,Used in Unknown_Field_FQ2518 (FQ2518)
Market Rent (2),Extracted from formula,MF Market Rent,Used in Unknown_Field_FR2518 (FR2518)
Market Rent (3),Extracted from formula,MF Market Rent,Used in Unknown_Field_FR2518 (FR2518)
Market Rent (2),Extracted from formula,MF Market Rent,Used in Unknown_Field_FQ2519 (FQ2519)
Market Rent (3),Extracted from formula,MF Market Rent,Used in Unknown_Field_FQ2519 (FQ2519)
Market Rent (2),Extracted from formula,MF Market Rent,Used in Unknown_Field_FR2519 (FR2519)
Market Rent (3),Extracted from formula,MF Market Rent,Used in Unknown_Field_FR2519 (FR2519)
Market Rent (2),Extracted from formula,MF Market Rent,Used in Unknown_Field_FQ2520 (FQ2520)
Market Rent (3),Extracted from formula,MF Market Rent,Used in Unknown_Field_FQ2520 (FQ2520)
Market Rent (2),Extracted from formula,MF Market Rent,Used in Unknown_Field_FR2520 (FR2520)
Market Rent (3),Extracted from formula,MF Market Rent,Used in Unknown_Field_FR2520 (FR2520)
Market Rent (2),Extracted from formula,MF Market Rent,Used in Unknown_Field_FQ2521 (FQ2521)
Market Rent (3),Extracted from formula,MF Market Rent,Used in Unknown_Field_FQ2521 (FQ2521)
Market Rent (2),Extracted from formula,MF Market Rent,Used in Unknown_Field_FR2521 (FR2521)
Market Rent (3),Extracted from formula,MF Market Rent,Used in Unknown_Field_FR2521 (FR2521)
Market Rent (2),Extracted from formula,MF Market Rent,Used in Unknown_Field_FQ2522 (FQ2522)
Market Rent (3),Extracted from formula,MF Market Rent,Used in Unknown_Field_FQ2522 (FQ2522)
Market Rent (2),Extracted from formula,MF Market Rent,Used in Unknown_Field_FR2522 (FR2522)
Market Rent (3),Extracted from formula,MF Market Rent,Used in Unknown_Field_FR2522 (FR2522)
Market Rent (2),Extracted from formula,MF Market Rent,Used in Unknown_Field_FQ2523 (FQ2523)
Market Rent (3),Extracted from formula,MF Market Rent,Used in Unknown_Field_FQ2523 (FQ2523)
Market Rent (2),Extracted from formula,MF Market Rent,Used in Unknown_Field_FR2523 (FR2523)
Market Rent (3),Extracted from formula,MF Market Rent,Used in Unknown_Field_FR2523 (FR2523)
Market Rent (2),Extracted from formula,MF Market Rent,Used in Unknown_Field_FQ2524 (FQ2524)
Market Rent (3),Extracted from formula,MF Market Rent,Used in Unknown_Field_FQ2524 (FQ2524)
Market Rent (2),Extracted from formula,MF Market Rent,Used in Unknown_Field_FR2524 (FR2524)
Market Rent (3),Extracted from formula,MF Market Rent,Used in Unknown_Field_FR2524 (FR2524)
Market Rent (2),Extracted from formula,MF Market Rent,Used in Unknown_Field_FQ2525 (FQ2525)
Market Rent (3),Extracted from formula,MF Market Rent,Used in Unknown_Field_FQ2525 (FQ2525)
Market Rent (2),Extracted from formula,MF Market Rent,Used in Unknown_Field_FR2525 (FR2525)
Market Rent (3),Extracted from formula,MF Market Rent,Used in Unknown_Field_FR2525 (FR2525)
Market Rent (2),Extracted from formula,MF Market Rent,Used in Unknown_Field_FQ2526 (FQ2526)
Market Rent (3),Extracted from formula,MF Market Rent,Used in Unknown_Field_FQ2526 (FQ2526)
Market Rent (2),Extracted from formula,MF Market Rent,Used in Unknown_Field_FR2526 (FR2526)
Market Rent (3),Extracted from formula,MF Market Rent,Used in Unknown_Field_FR2526 (FR2526)
Market Rent (2),Extracted from formula,MF Market Rent,Used in Unknown_Field_FQ2527 (FQ2527)
Market Rent (3),Extracted from formula,MF Market Rent,Used in Unknown_Field_FQ2527 (FQ2527)
Market Rent (2),Extracted from formula,MF Market Rent,Used in Unknown_Field_FR2527 (FR2527)
Market Rent (3),Extracted from formula,MF Market Rent,Used in Unknown_Field_FR2527 (FR2527)
Market Rent (2),Extracted from formula,MF Market Rent,Used in Unknown_Field_FQ2528 (FQ2528)
Market Rent (3),Extracted from formula,MF Market Rent,Used in Unknown_Field_FQ2528 (FQ2528)
Market Rent (2),Extracted from formula,MF Market Rent,Used in Unknown_Field_FR2528 (FR2528)
Market Rent (3),Extracted from formula,MF Market Rent,Used in Unknown_Field_FR2528 (FR2528)
Market Rent (2),Extracted from formula,MF Market Rent,Used in Unknown_Field_FQ2529 (FQ2529)
Market Rent (3),Extracted from formula,MF Market Rent,Used in Unknown_Field_FQ2529 (FQ2529)
Market Rent (2),Extracted from formula,MF Market Rent,Used in Unknown_Field_FR2529 (FR2529)
Market Rent (3),Extracted from formula,MF Market Rent,Used in Unknown_Field_FR2529 (FR2529)
Market Rent (2),Extracted from formula,MF Market Rent,Used in Unknown_Field_FQ2530 (FQ2530)
Market Rent (3),Extracted from formula,MF Market Rent,Used in Unknown_Field_FQ2530 (FQ2530)
Market Rent (2),Extracted from formula,MF Market Rent,Used in Unknown_Field_FR2530 (FR2530)
Market Rent (3),Extracted from formula,MF Market Rent,Used in Unknown_Field_FR2530 (FR2530)
Market Rent (2),Extracted from formula,MF Market Rent,Used in Unknown_Field_FQ2531 (FQ2531)
Market Rent (3),Extracted from formula,MF Market Rent,Used in Unknown_Field_FQ2531 (FQ2531)
Market Rent (2),Extracted from formula,MF Market Rent,Used in Unknown_Field_FR2531 (FR2531)
Market Rent (3),Extracted from formula,MF Market Rent,Used in Unknown_Field_FR2531 (FR2531)
Market Rent (2),Extracted from formula,MF Market Rent,Used in Unknown_Field_FQ2532 (FQ2532)
Market Rent (3),Extracted from formula,MF Market Rent,Used in Unknown_Field_FQ2532 (FQ2532)
Market Rent (2),Extracted from formula,MF Market Rent,Used in Unknown_Field_FR2532 (FR2532)
Market Rent (3),Extracted from formula,MF Market Rent,Used in Unknown_Field_FR2532 (FR2532)
Market Rent (2),Extracted from formula,MF Market Rent,Used in Unknown_Field_FQ2533 (FQ2533)
Market Rent (3),Extracted from formula,MF Market Rent,Used in Unknown_Field_FQ2533 (FQ2533)
Market Rent (2),Extracted from formula,MF Market Rent,Used in Unknown_Field_FR2533 (FR2533)
Market Rent (3),Extracted from formula,MF Market Rent,Used in Unknown_Field_FR2533 (FR2533)
Market Rent (2),Extracted from formula,MF Market Rent,Used in Unknown_Field_FQ2534 (FQ2534)
Market Rent (3),Extracted from formula,MF Market Rent,Used in Unknown_Field_FQ2534 (FQ2534)
Market Rent (2),Extracted from formula,MF Market Rent,Used in Unknown_Field_FR2534 (FR2534)
Market Rent (3),Extracted from formula,MF Market Rent,Used in Unknown_Field_FR2534 (FR2534)
Market Rent (2),Extracted from formula,MF Market Rent,Used in Unknown_Field_FQ2535 (FQ2535)
Market Rent (3),Extracted from formula,MF Market Rent,Used in Unknown_Field_FQ2535 (FQ2535)
Market Rent (2),Extracted from formula,MF Market Rent,Used in Unknown_Field_FR2535 (FR2535)
Market Rent (3),Extracted from formula,MF Market Rent,Used in Unknown_Field_FR2535 (FR2535)
Market Rent (2),Extracted from formula,MF Market Rent,Used in Unknown_Field_FQ2536 (FQ2536)
Market Rent (3),Extracted from formula,MF Market Rent,Used in Unknown_Field_FQ2536 (FQ2536)
Market Rent (2),Extracted from formula,MF Market Rent,Used in Unknown_Field_FR2536 (FR2536)
Market Rent (3),Extracted from formula,MF Market Rent,Used in Unknown_Field_FR2536 (FR2536)
Market Rent (2),Extracted from formula,MF Market Rent,Used in Unknown_Field_FQ2537 (FQ2537)
Market Rent (3),Extracted from formula,MF Market Rent,Used in Unknown_Field_FQ2537 (FQ2537)
Market Rent (2),Extracted from formula,MF Market Rent,Used in Unknown_Field_FR2537 (FR2537)
Market Rent (3),Extracted from formula,MF Market Rent,Used in Unknown_Field_FR2537 (FR2537)
Market Rent (2),Extracted from formula,MF Market Rent,Used in Unknown_Field_FQ2538 (FQ2538)
Market Rent (3),Extracted from formula,MF Market Rent,Used in Unknown_Field_FQ2538 (FQ2538)
Market Rent (2),Extracted from formula,MF Market Rent,Used in Unknown_Field_FR2538 (FR2538)
Market Rent (3),Extracted from formula,MF Market Rent,Used in Unknown_Field_FR2538 (FR2538)
Market Rent (2),Extracted from formula,MF Market Rent,Used in Unknown_Field_FQ2539 (FQ2539)
Market Rent (3),Extracted from formula,MF Market Rent,Used in Unknown_Field_FQ2539 (FQ2539)
Market Rent (2),Extracted from formula,MF Market Rent,Used in Unknown_Field_FR2539 (FR2539)
Market Rent (3),Extracted from formula,MF Market Rent,Used in Unknown_Field_FR2539 (FR2539)
Market Rent (2),Extracted from formula,MF Market Rent,Used in Unknown_Field_FQ2540 (FQ2540)
Market Rent (3),Extracted from formula,MF Market Rent,Used in Unknown_Field_FQ2540 (FQ2540)
Market Rent (2),Extracted from formula,MF Market Rent,Used in Unknown_Field_FR2540 (FR2540)
Market Rent (3),Extracted from formula,MF Market Rent,Used in Unknown_Field_FR2540 (FR2540)
Market Rent (2),Extracted from formula,MF Market Rent,Used in Unknown_Field_FQ2541 (FQ2541)
Market Rent (3),Extracted from formula,MF Market Rent,Used in Unknown_Field_FQ2541 (FQ2541)
Market Rent (2),Extracted from formula,MF Market Rent,Used in Unknown_Field_FR2541 (FR2541)
Market Rent (3),Extracted from formula,MF Market Rent,Used in Unknown_Field_FR2541 (FR2541)
Market Rent (2),Extracted from formula,MF Market Rent,Used in Unknown_Field_FQ2542 (FQ2542)
Market Rent (3),Extracted from formula,MF Market Rent,Used in Unknown_Field_FQ2542 (FQ2542)
Market Rent (2),Extracted from formula,MF Market Rent,Used in Unknown_Field_FR2542 (FR2542)
Market Rent (3),Extracted from formula,MF Market Rent,Used in Unknown_Field_FR2542 (FR2542)
Market Rent (2),Extracted from formula,MF Market Rent,Used in Unknown_Field_FQ2543 (FQ2543)
Market Rent (3),Extracted from formula,MF Market Rent,Used in Unknown_Field_FQ2543 (FQ2543)
Market Rent (2),Extracted from formula,MF Market Rent,Used in Unknown_Field_FR2543 (FR2543)
Market Rent (3),Extracted from formula,MF Market Rent,Used in Unknown_Field_FR2543 (FR2543)
Market Rent (2),Extracted from formula,MF Market Rent,Used in Unknown_Field_FQ2544 (FQ2544)
Market Rent (3),Extracted from formula,MF Market Rent,Used in Unknown_Field_FQ2544 (FQ2544)
Market Rent (2),Extracted from formula,MF Market Rent,Used in Unknown_Field_FR2544 (FR2544)
Market Rent (3),Extracted from formula,MF Market Rent,Used in Unknown_Field_FR2544 (FR2544)
Market Rent (2),Extracted from formula,MF Market Rent,Used in Unknown_Field_FQ2545 (FQ2545)
Market Rent (3),Extracted from formula,MF Market Rent,Used in Unknown_Field_FQ2545 (FQ2545)
Market Rent (2),Extracted from formula,MF Market Rent,Used in Unknown_Field_FR2545 (FR2545)
Market Rent (3),Extracted from formula,MF Market Rent,Used in Unknown_Field_FR2545 (FR2545)
Market Rent (2),Extracted from formula,MF Market Rent,Used in Unknown_Field_FQ2546 (FQ2546)
Market Rent (3),Extracted from formula,MF Market Rent,Used in Unknown_Field_FQ2546 (FQ2546)
Market Rent (2),Extracted from formula,MF Market Rent,Used in Unknown_Field_FR2546 (FR2546)
Market Rent (3),Extracted from formula,MF Market Rent,Used in Unknown_Field_FR2546 (FR2546)
Market Rent (2),Extracted from formula,MF Market Rent,Used in Unknown_Field_FQ2547 (FQ2547)
Market Rent (3),Extracted from formula,MF Market Rent,Used in Unknown_Field_FQ2547 (FQ2547)
Market Rent (2),Extracted from formula,MF Market Rent,Used in Unknown_Field_FR2547 (FR2547)
Market Rent (3),Extracted from formula,MF Market Rent,Used in Unknown_Field_FR2547 (FR2547)
Market Rent (2),Extracted from formula,MF Market Rent,Used in Unknown_Field_FQ2548 (FQ2548)
Market Rent (3),Extracted from formula,MF Market Rent,Used in Unknown_Field_FQ2548 (FQ2548)
Market Rent (2),Extracted from formula,MF Market Rent,Used in Unknown_Field_FR2548 (FR2548)
Market Rent (3),Extracted from formula,MF Market Rent,Used in Unknown_Field_FR2548 (FR2548)
Market Rent (2),Extracted from formula,MF Market Rent,Used in Unknown_Field_FQ2549 (FQ2549)
Market Rent (3),Extracted from formula,MF Market Rent,Used in Unknown_Field_FQ2549 (FQ2549)
Market Rent (2),Extracted from formula,MF Market Rent,Used in Unknown_Field_FR2549 (FR2549)
Market Rent (3),Extracted from formula,MF Market Rent,Used in Unknown_Field_FR2549 (FR2549)
Market Rent (2),Extracted from formula,MF Market Rent,Used in Unknown_Field_FQ2550 (FQ2550)
Market Rent (3),Extracted from formula,MF Market Rent,Used in Unknown_Field_FQ2550 (FQ2550)
Market Rent (2),Extracted from formula,MF Market Rent,Used in Unknown_Field_FR2550 (FR2550)
Market Rent (3),Extracted from formula,MF Market Rent,Used in Unknown_Field_FR2550 (FR2550)
Market Rent (2),Extracted from formula,MF Market Rent,Used in Unknown_Field_FQ2551 (FQ2551)
Market Rent (3),Extracted from formula,MF Market Rent,Used in Unknown_Field_FQ2551 (FQ2551)
Market Rent (2),Extracted from formula,MF Market Rent,Used in Unknown_Field_FR2551 (FR2551)
Market Rent (3),Extracted from formula,MF Market Rent,Used in Unknown_Field_FR2551 (FR2551)
Market Rent (2),Extracted from formula,MF Market Rent,Used in Unknown_Field_FQ2552 (FQ2552)
Market Rent (3),Extracted from formula,MF Market Rent,Used in Unknown_Field_FQ2552 (FQ2552)
Market Rent (2),Extracted from formula,MF Market Rent,Used in Unknown_Field_FR2552 (FR2552)
Market Rent (3),Extracted from formula,MF Market Rent,Used in Unknown_Field_FR2552 (FR2552)
Market Rent (2),Extracted from formula,MF Market Rent,Used in Unknown_Field_FQ2553 (FQ2553)
Market Rent (3),Extracted from formula,MF Market Rent,Used in Unknown_Field_FQ2553 (FQ2553)
Market Rent (2),Extracted from formula,MF Market Rent,Used in Unknown_Field_FR2553 (FR2553)
Market Rent (3),Extracted from formula,MF Market Rent,Used in Unknown_Field_FR2553 (FR2553)
Market Rent (2),Extracted from formula,MF Market Rent,Used in Unknown_Field_FQ2554 (FQ2554)
Market Rent (3),Extracted from formula,MF Market Rent,Used in Unknown_Field_FQ2554 (FQ2554)
Market Rent (2),Extracted from formula,MF Market Rent,Used in Unknown_Field_FR2554 (FR2554)
Market Rent (3),Extracted from formula,MF Market Rent,Used in Unknown_Field_FR2554 (FR2554)
Market Rent (2),Extracted from formula,MF Market Rent,Used in Unknown_Field_FQ2555 (FQ2555)
Market Rent (3),Extracted from formula,MF Market Rent,Used in Unknown_Field_FQ2555 (FQ2555)
Market Rent (2),Extracted from formula,MF Market Rent,Used in Unknown_Field_FR2555 (FR2555)
Market Rent (3),Extracted from formula,MF Market Rent,Used in Unknown_Field_FR2555 (FR2555)
Market Rent (2),Extracted from formula,MF Market Rent,Used in Unknown_Field_FQ2556 (FQ2556)
Market Rent (3),Extracted from formula,MF Market Rent,Used in Unknown_Field_FQ2556 (FQ2556)
Market Rent (2),Extracted from formula,MF Market Rent,Used in Unknown_Field_FR2556 (FR2556)
Market Rent (3),Extracted from formula,MF Market Rent,Used in Unknown_Field_FR2556 (FR2556)
Market Rent (2),Extracted from formula,MF Market Rent,Used in Unknown_Field_FQ2557 (FQ2557)
Market Rent (3),Extracted from formula,MF Market Rent,Used in Unknown_Field_FQ2557 (FQ2557)
Market Rent (2),Extracted from formula,MF Market Rent,Used in Unknown_Field_FR2557 (FR2557)
Market Rent (3),Extracted from formula,MF Market Rent,Used in Unknown_Field_FR2557 (FR2557)
Market Rent (2),Extracted from formula,MF Market Rent,Used in Unknown_Field_FQ2558 (FQ2558)
Market Rent (3),Extracted from formula,MF Market Rent,Used in Unknown_Field_FQ2558 (FQ2558)
Market Rent (2),Extracted from formula,MF Market Rent,Used in Unknown_Field_FR2558 (FR2558)
Market Rent (3),Extracted from formula,MF Market Rent,Used in Unknown_Field_FR2558 (FR2558)
Market Rent (2),Extracted from formula,MF Market Rent,Used in Unknown_Field_FQ2559 (FQ2559)
Market Rent (3),Extracted from formula,MF Market Rent,Used in Unknown_Field_FQ2559 (FQ2559)
Market Rent (2),Extracted from formula,MF Market Rent,Used in Unknown_Field_FR2559 (FR2559)
Market Rent (3),Extracted from formula,MF Market Rent,Used in Unknown_Field_FR2559 (FR2559)
Market Rent (2),Extracted from formula,MF Market Rent,Used in Unknown_Field_FQ2560 (FQ2560)
Market Rent (3),Extracted from formula,MF Market Rent,Used in Unknown_Field_FQ2560 (FQ2560)
Market Rent (2),Extracted from formula,MF Market Rent,Used in Unknown_Field_FR2560 (FR2560)
Market Rent (3),Extracted from formula,MF Market Rent,Used in Unknown_Field_FR2560 (FR2560)
Market Rent (2),Extracted from formula,MF Market Rent,Used in Unknown_Field_FQ2561 (FQ2561)
Market Rent (3),Extracted from formula,MF Market Rent,Used in Unknown_Field_FQ2561 (FQ2561)
Market Rent (2),Extracted from formula,MF Market Rent,Used in Unknown_Field_FR2561 (FR2561)
Market Rent (3),Extracted from formula,MF Market Rent,Used in Unknown_Field_FR2561 (FR2561)
Market Rent (2),Extracted from formula,MF Market Rent,Used in Unknown_Field_FQ2562 (FQ2562)
Market Rent (3),Extracted from formula,MF Market Rent,Used in Unknown_Field_FQ2562 (FQ2562)
Market Rent (2),Extracted from formula,MF Market Rent,Used in Unknown_Field_FR2562 (FR2562)
Market Rent (3),Extracted from formula,MF Market Rent,Used in Unknown_Field_FR2562 (FR2562)
Market Rent (2),Extracted from formula,MF Market Rent,Used in Unknown_Field_FQ2563 (FQ2563)
Market Rent (3),Extracted from formula,MF Market Rent,Used in Unknown_Field_FQ2563 (FQ2563)
Market Rent (2),Extracted from formula,MF Market Rent,Used in Unknown_Field_FR2563 (FR2563)
Market Rent (3),Extracted from formula,MF Market Rent,Used in Unknown_Field_FR2563 (FR2563)
Market Rent (2),Extracted from formula,MF Market Rent,Used in Unknown_Field_FQ2564 (FQ2564)
Market Rent (3),Extracted from formula,MF Market Rent,Used in Unknown_Field_FQ2564 (FQ2564)
Market Rent (2),Extracted from formula,MF Market Rent,Used in Unknown_Field_FR2564 (FR2564)
Market Rent (3),Extracted from formula,MF Market Rent,Used in Unknown_Field_FR2564 (FR2564)
Market Rent (2),Extracted from formula,MF Market Rent,Used in Unknown_Field_FQ2565 (FQ2565)
Market Rent (3),Extracted from formula,MF Market Rent,Used in Unknown_Field_FQ2565 (FQ2565)
Market Rent (2),Extracted from formula,MF Market Rent,Used in Unknown_Field_FR2565 (FR2565)
Market Rent (3),Extracted from formula,MF Market Rent,Used in Unknown_Field_FR2565 (FR2565)
Market Rent (2),Extracted from formula,MF Market Rent,Used in Unknown_Field_FQ2566 (FQ2566)
Market Rent (3),Extracted from formula,MF Market Rent,Used in Unknown_Field_FQ2566 (FQ2566)
Market Rent (2),Extracted from formula,MF Market Rent,Used in Unknown_Field_FR2566 (FR2566)
Market Rent (3),Extracted from formula,MF Market Rent,Used in Unknown_Field_FR2566 (FR2566)
Market Rent (2),Extracted from formula,MF Market Rent,Used in Unknown_Field_FQ2567 (FQ2567)
Market Rent (3),Extracted from formula,MF Market Rent,Used in Unknown_Field_FQ2567 (FQ2567)
Market Rent (2),Extracted from formula,MF Market Rent,Used in Unknown_Field_FR2567 (FR2567)
Market Rent (3),Extracted from formula,MF Market Rent,Used in Unknown_Field_FR2567 (FR2567)
Market Rent (2),Extracted from formula,MF Market Rent,Used in Unknown_Field_FQ2568 (FQ2568)
Market Rent (3),Extracted from formula,MF Market Rent,Used in Unknown_Field_FQ2568 (FQ2568)
Market Rent (2),Extracted from formula,MF Market Rent,Used in Unknown_Field_FR2568 (FR2568)
Market Rent (3),Extracted from formula,MF Market Rent,Used in Unknown_Field_FR2568 (FR2568)
Market Rent,Extracted from formula,MF Market Rent,Used in Utilities Adj. (FQ2618)
Market Rent,Extracted from formula,MF Market Rent,Used in Physical Charactertistics Adj (FR2618)
Market Rent,Extracted from formula,MF Market Rent,Used in Utilities Adj. (FQ2619)
Market Rent,Extracted from formula,MF Market Rent,Used in Physical Charactertistics Adj (FR2619)
Market Rent,Extracted from formula,MF Market Rent,Used in Utilities Adj. (FQ2620)
Market Rent,Extracted from formula,MF Market Rent,Used in Physical Charactertistics Adj (FR2620)
Market Rent,Extracted from formula,MF Market Rent,Used in Utilities Adj. (FQ2621)
Market Rent,Extracted from formula,MF Market Rent,Used in Physical Charactertistics Adj (FR2621)
Market Rent,Extracted from formula,MF Market Rent,Used in Utilities Adj. (FQ2622)
Market Rent,Extracted from formula,MF Market Rent,Used in Physical Charactertistics Adj (FR2622)
Market Rent,Extracted from formula,MF Market Rent,Used in Utilities Adj. (FQ2623)
Market Rent,Extracted from formula,MF Market Rent,Used in Physical Charactertistics Adj (FR2623)
Market Rent,Extracted from formula,MF Market Rent,Used in Utilities Adj. (FQ2624)
Market Rent,Extracted from formula,MF Market Rent,Used in Physical Charactertistics Adj (FR2624)
Market Rent,Extracted from formula,MF Market Rent,Used in Utilities Adj. (FQ2625)
Market Rent,Extracted from formula,MF Market Rent,Used in Physical Charactertistics Adj (FR2625)
Market Rent,Extracted from formula,MF Market Rent,Used in Unknown_Field_FQ2626 (FQ2626)
Market Rent,Extracted from formula,MF Market Rent,Used in Unknown_Field_FR2626 (FR2626)
Market Rent,Extracted from formula,MF Market Rent,Used in Unknown_Field_FQ2627 (FQ2627)
Market Rent,Extracted from formula,MF Market Rent,Used in Unknown_Field_FR2627 (FR2627)
Market Rent,Extracted from formula,MF Market Rent,Used in Unknown_Field_FQ2628 (FQ2628)
Market Rent,Extracted from formula,MF Market Rent,Used in Unknown_Field_FR2628 (FR2628)
Market Rent,Extracted from formula,MF Market Rent,Used in Unknown_Field_FQ2629 (FQ2629)
Market Rent,Extracted from formula,MF Market Rent,Used in Unknown_Field_FR2629 (FR2629)
Market Rent,Extracted from formula,MF Market Rent,Used in Unknown_Field_FQ2630 (FQ2630)
Market Rent,Extracted from formula,MF Market Rent,Used in Unknown_Field_FR2630 (FR2630)
Market Rent,Extracted from formula,MF Market Rent,Used in Unknown_Field_FQ2631 (FQ2631)
Market Rent,Extracted from formula,MF Market Rent,Used in Unknown_Field_FR2631 (FR2631)
Market Rent,Extracted from formula,MF Market Rent,Used in Unknown_Field_FQ2632 (FQ2632)
Market Rent,Extracted from formula,MF Market Rent,Used in Unknown_Field_FR2632 (FR2632)
Market Rent,Extracted from formula,MF Market Rent,Used in Unknown_Field_FQ2633 (FQ2633)
Market Rent,Extracted from formula,MF Market Rent,Used in Unknown_Field_FR2633 (FR2633)
Market Rent,Extracted from formula,MF Market Rent,Used in Unknown_Field_FQ2634 (FQ2634)
Market Rent,Extracted from formula,MF Market Rent,Used in Unknown_Field_FR2634 (FR2634)
Market Rent,Extracted from formula,MF Market Rent,Used in Unknown_Field_FQ2635 (FQ2635)
Market Rent,Extracted from formula,MF Market Rent,Used in Unknown_Field_FR2635 (FR2635)
Market Rent,Extracted from formula,MF Market Rent,Used in Unknown_Field_FQ2636 (FQ2636)
Market Rent,Extracted from formula,MF Market Rent,Used in Unknown_Field_FR2636 (FR2636)
Market Rent,Extracted from formula,MF Market Rent,Used in Unknown_Field_FQ2637 (FQ2637)
Market Rent,Extracted from formula,MF Market Rent,Used in Unknown_Field_FR2637 (FR2637)
Market Rent,Extracted from formula,MF Market Rent,Used in Unknown_Field_FQ2638 (FQ2638)
Market Rent,Extracted from formula,MF Market Rent,Used in Unknown_Field_FR2638 (FR2638)
Market Rent,Extracted from formula,MF Market Rent,Used in Unknown_Field_FQ2639 (FQ2639)
Market Rent,Extracted from formula,MF Market Rent,Used in Unknown_Field_FR2639 (FR2639)
Market Rent,Extracted from formula,MF Market Rent,Used in Unknown_Field_FQ2640 (FQ2640)
Market Rent,Extracted from formula,MF Market Rent,Used in Unknown_Field_FR2640 (FR2640)
Market Rent,Extracted from formula,MF Market Rent,Used in Unknown_Field_FQ2641 (FQ2641)
Market Rent,Extracted from formula,MF Market Rent,Used in Unknown_Field_FR2641 (FR2641)
Market Rent,Extracted from formula,MF Market Rent,Used in Unknown_Field_FQ2642 (FQ2642)
Market Rent,Extracted from formula,MF Market Rent,Used in Unknown_Field_FR2642 (FR2642)
Market Rent,Extracted from formula,MF Market Rent,Used in Unknown_Field_FQ2643 (FQ2643)
Market Rent,Extracted from formula,MF Market Rent,Used in Unknown_Field_FR2643 (FR2643)
Market Rent,Extracted from formula,MF Market Rent,Used in Unknown_Field_FQ2644 (FQ2644)
Market Rent,Extracted from formula,MF Market Rent,Used in Unknown_Field_FR2644 (FR2644)
Market Rent,Extracted from formula,MF Market Rent,Used in Unknown_Field_FQ2645 (FQ2645)
Market Rent,Extracted from formula,MF Market Rent,Used in Unknown_Field_FR2645 (FR2645)
Market Rent,Extracted from formula,MF Market Rent,Used in Unknown_Field_FQ2646 (FQ2646)
Market Rent,Extracted from formula,MF Market Rent,Used in Unknown_Field_FR2646 (FR2646)
Market Rent,Extracted from formula,MF Market Rent,Used in Unknown_Field_FQ2647 (FQ2647)
Market Rent,Extracted from formula,MF Market Rent,Used in Unknown_Field_FR2647 (FR2647)
Market Rent,Extracted from formula,MF Market Rent,Used in Unknown_Field_FQ2648 (FQ2648)
Market Rent,Extracted from formula,MF Market Rent,Used in Unknown_Field_FR2648 (FR2648)
Market Rent,Extracted from formula,MF Market Rent,Used in Unknown_Field_FQ2649 (FQ2649)
Market Rent,Extracted from formula,MF Market Rent,Used in Unknown_Field_FR2649 (FR2649)
Market Rent,Extracted from formula,MF Market Rent,Used in Unknown_Field_FQ2650 (FQ2650)
Market Rent,Extracted from formula,MF Market Rent,Used in Unknown_Field_FR2650 (FR2650)
Market Rent,Extracted from formula,MF Market Rent,Used in Unknown_Field_FQ2651 (FQ2651)
Market Rent,Extracted from formula,MF Market Rent,Used in Unknown_Field_FR2651 (FR2651)
Market Rent,Extracted from formula,MF Market Rent,Used in Unknown_Field_FQ2652 (FQ2652)
Market Rent,Extracted from formula,MF Market Rent,Used in Unknown_Field_FR2652 (FR2652)
Market Rent,Extracted from formula,MF Market Rent,Used in Unknown_Field_FQ2653 (FQ2653)
Market Rent,Extracted from formula,MF Market Rent,Used in Unknown_Field_FR2653 (FR2653)
Market Rent,Extracted from formula,MF Market Rent,Used in Unknown_Field_FQ2654 (FQ2654)
Market Rent,Extracted from formula,MF Market Rent,Used in Unknown_Field_FR2654 (FR2654)
Market Rent,Extracted from formula,MF Market Rent,Used in Unknown_Field_FQ2655 (FQ2655)
Market Rent,Extracted from formula,MF Market Rent,Used in Unknown_Field_FR2655 (FR2655)
Market Rent,Extracted from formula,MF Market Rent,Used in Unknown_Field_FQ2656 (FQ2656)
Market Rent,Extracted from formula,MF Market Rent,Used in Unknown_Field_FR2656 (FR2656)
Market Rent,Extracted from formula,MF Market Rent,Used in Unknown_Field_FQ2657 (FQ2657)
Market Rent,Extracted from formula,MF Market Rent,Used in Unknown_Field_FR2657 (FR2657)
Market Rent,Extracted from formula,MF Market Rent,Used in Unknown_Field_FQ2658 (FQ2658)
Market Rent,Extracted from formula,MF Market Rent,Used in Unknown_Field_FR2658 (FR2658)
Market Rent,Extracted from formula,MF Market Rent,Used in Unknown_Field_FQ2659 (FQ2659)
Market Rent,Extracted from formula,MF Market Rent,Used in Unknown_Field_FR2659 (FR2659)
Market Rent,Extracted from formula,MF Market Rent,Used in Unknown_Field_FQ2660 (FQ2660)
Market Rent,Extracted from formula,MF Market Rent,Used in Unknown_Field_FR2660 (FR2660)
Market Rent,Extracted from formula,MF Market Rent,Used in Unknown_Field_FQ2661 (FQ2661)
Market Rent,Extracted from formula,MF Market Rent,Used in Unknown_Field_FR2661 (FR2661)
Market Rent,Extracted from formula,MF Market Rent,Used in Unknown_Field_FQ2662 (FQ2662)
Market Rent,Extracted from formula,MF Market Rent,Used in Unknown_Field_FR2662 (FR2662)
Market Rent,Extracted from formula,MF Market Rent,Used in Unknown_Field_FQ2663 (FQ2663)
Market Rent,Extracted from formula,MF Market Rent,Used in Unknown_Field_FR2663 (FR2663)
Market Rent,Extracted from formula,MF Market Rent,Used in Unknown_Field_FQ2664 (FQ2664)
Market Rent,Extracted from formula,MF Market Rent,Used in Unknown_Field_FR2664 (FR2664)
Market Rent,Extracted from formula,MF Market Rent,Used in Unknown_Field_FQ2665 (FQ2665)
Market Rent,Extracted from formula,MF Market Rent,Used in Unknown_Field_FR2665 (FR2665)
Market Rent,Extracted from formula,MF Market Rent,Used in Unknown_Field_FQ2666 (FQ2666)
Market Rent,Extracted from formula,MF Market Rent,Used in Unknown_Field_FR2666 (FR2666)
Market Rent,Extracted from formula,MF Market Rent,Used in Unknown_Field_FQ2667 (FQ2667)
Market Rent,Extracted from formula,MF Market Rent,Used in Unknown_Field_FR2667 (FR2667)
Market Rent,Extracted from formula,MF Market Rent,Used in Unknown_Field_FQ2668 (FQ2668)
Market Rent,Extracted from formula,MF Market Rent,Used in Unknown_Field_FR2668 (FR2668)
Market Rent,Extracted from formula,MF Market Rent,Used in Unknown_Field_FQ2669 (FQ2669)
Market Rent,Extracted from formula,MF Market Rent,Used in Unknown_Field_FR2669 (FR2669)
Market Rent,Extracted from formula,MF Market Rent,Used in Unknown_Field_FQ2670 (FQ2670)
Market Rent,Extracted from formula,MF Market Rent,Used in Unknown_Field_FR2670 (FR2670)
Market Rent,Extracted from formula,MF Market Rent,Used in Unknown_Field_FQ2671 (FQ2671)
Market Rent,Extracted from formula,MF Market Rent,Used in Unknown_Field_FR2671 (FR2671)
Market Rent,Extracted from formula,MF Market Rent,Used in Unknown_Field_FQ2672 (FQ2672)
Market Rent,Extracted from formula,MF Market Rent,Used in Unknown_Field_FR2672 (FR2672)
Market Rent,Extracted from formula,MF Market Rent,Used in Unknown_Field_FQ2673 (FQ2673)
Market Rent,Extracted from formula,MF Market Rent,Used in Unknown_Field_FR2673 (FR2673)
Market Rent,Extracted from formula,MF Market Rent,Used in Unknown_Field_FQ2674 (FQ2674)
Market Rent,Extracted from formula,MF Market Rent,Used in Unknown_Field_FR2674 (FR2674)
Market Rent,Extracted from formula,MF Market Rent,Used in Unknown_Field_FQ2675 (FQ2675)
Market Rent,Extracted from formula,MF Market Rent,Used in Unknown_Field_FR2675 (FR2675)
Market Rent,Extracted from formula,MF Market Rent,Used in Unknown_Field_FQ2676 (FQ2676)
Market Rent,Extracted from formula,MF Market Rent,Used in Unknown_Field_FR2676 (FR2676)
Market Rent,Extracted from formula,MF Market Rent,Used in Unknown_Field_FQ2677 (FQ2677)
Market Rent,Extracted from formula,MF Market Rent,Used in Unknown_Field_FR2677 (FR2677)
Market Rent,Extracted from formula,MF Market Rent,Used in Unknown_Field_FQ2678 (FQ2678)
Market Rent,Extracted from formula,MF Market Rent,Used in Unknown_Field_FR2678 (FR2678)
Market Rent,Extracted from formula,MF Market Rent,Used in Unknown_Field_FQ2679 (FQ2679)
Market Rent,Extracted from formula,MF Market Rent,Used in Unknown_Field_FR2679 (FR2679)
Market Rent,Extracted from formula,MF Market Rent,Used in Unknown_Field_FQ2680 (FQ2680)
Market Rent,Extracted from formula,MF Market Rent,Used in Unknown_Field_FR2680 (FR2680)
Market Rent,Extracted from formula,MF Market Rent,Used in Unknown_Field_FQ2681 (FQ2681)
Market Rent,Extracted from formula,MF Market Rent,Used in Unknown_Field_FR2681 (FR2681)
Market Rent,Extracted from formula,MF Market Rent,Used in Unknown_Field_FQ2682 (FQ2682)
Market Rent,Extracted from formula,MF Market Rent,Used in Unknown_Field_FR2682 (FR2682)
Market Rent,Extracted from formula,MF Market Rent,Used in Unknown_Field_FQ2683 (FQ2683)
Market Rent,Extracted from formula,MF Market Rent,Used in Unknown_Field_FR2683 (FR2683)
Market Rent,Extracted from formula,MF Market Rent,Used in Unknown_Field_FQ2684 (FQ2684)
Market Rent,Extracted from formula,MF Market Rent,Used in Unknown_Field_FR2684 (FR2684)
Market Rent,Extracted from formula,MF Market Rent,Used in Unknown_Field_FQ2685 (FQ2685)
Market Rent,Extracted from formula,MF Market Rent,Used in Unknown_Field_FR2685 (FR2685)
Market Rent,Extracted from formula,MF Market Rent,Used in Unknown_Field_FQ2686 (FQ2686)
Market Rent,Extracted from formula,MF Market Rent,Used in Unknown_Field_FR2686 (FR2686)
Market Rent,Extracted from formula,MF Market Rent,Used in Unknown_Field_FQ2687 (FQ2687)
Market Rent,Extracted from formula,MF Market Rent,Used in Unknown_Field_FR2687 (FR2687)
Market Rent,Extracted from formula,MF Market Rent,Used in Unknown_Field_FQ2688 (FQ2688)
Market Rent,Extracted from formula,MF Market Rent,Used in Unknown_Field_FR2688 (FR2688)
Market Rent,Extracted from formula,MF Market Rent,Used in Unknown_Field_FQ2689 (FQ2689)
Market Rent,Extracted from formula,MF Market Rent,Used in Unknown_Field_FR2689 (FR2689)
Market Rent,Extracted from formula,MF Market Rent,Used in Unknown_Field_FQ2690 (FQ2690)
Market Rent,Extracted from formula,MF Market Rent,Used in Unknown_Field_FR2690 (FR2690)
Market Rent,Extracted from formula,MF Market Rent,Used in Unknown_Field_FQ2691 (FQ2691)
Market Rent,Extracted from formula,MF Market Rent,Used in Unknown_Field_FR2691 (FR2691)
Market Rent,Extracted from formula,MF Market Rent,Used in Unknown_Field_FQ2692 (FQ2692)
Market Rent,Extracted from formula,MF Market Rent,Used in Unknown_Field_FR2692 (FR2692)
Market Rent,Extracted from formula,MF Market Rent,Used in Unknown_Field_FQ2693 (FQ2693)
Market Rent,Extracted from formula,MF Market Rent,Used in Unknown_Field_FR2693 (FR2693)
Market Rent,Extracted from formula,MF Market Rent,Used in Unknown_Field_FQ2694 (FQ2694)
Market Rent,Extracted from formula,MF Market Rent,Used in Unknown_Field_FR2694 (FR2694)
Market Rent,Extracted from formula,MF Market Rent,Used in Unknown_Field_FQ2695 (FQ2695)
Market Rent,Extracted from formula,MF Market Rent,Used in Unknown_Field_FR2695 (FR2695)
Market Rent,Extracted from formula,MF Market Rent,Used in Unknown_Field_FQ2696 (FQ2696)
Market Rent,Extracted from formula,MF Market Rent,Used in Unknown_Field_FR2696 (FR2696)
Market Rent,Extracted from formula,MF Market Rent,Used in Unknown_Field_FQ2697 (FQ2697)
Market Rent,Extracted from formula,MF Market Rent,Used in Unknown_Field_FR2697 (FR2697)
Market Rent,Extracted from formula,MF Market Rent,Used in Unknown_Field_FQ2698 (FQ2698)
Market Rent,Extracted from formula,MF Market Rent,Used in Unknown_Field_FR2698 (FR2698)
Market Rent,Extracted from formula,MF Market Rent,Used in Unknown_Field_FQ2699 (FQ2699)
Market Rent,Extracted from formula,MF Market Rent,Used in Unknown_Field_FR2699 (FR2699)
Market Rent,Extracted from formula,MF Market Rent,Used in Unknown_Field_FQ2700 (FQ2700)
Market Rent,Extracted from formula,MF Market Rent,Used in Unknown_Field_FR2700 (FR2700)
Market Rent,Extracted from formula,MF Market Rent,Used in Unknown_Field_FQ2701 (FQ2701)
Market Rent,Extracted from formula,MF Market Rent,Used in Unknown_Field_FR2701 (FR2701)
Market Rent,Extracted from formula,MF Market Rent,Used in Unknown_Field_FQ2702 (FQ2702)
Market Rent,Extracted from formula,MF Market Rent,Used in Unknown_Field_FR2702 (FR2702)
Market Rent,Extracted from formula,MF Market Rent,Used in Unknown_Field_FQ2703 (FQ2703)
Market Rent,Extracted from formula,MF Market Rent,Used in Unknown_Field_FR2703 (FR2703)
Market Rent,Extracted from formula,MF Market Rent,Used in Unknown_Field_FQ2704 (FQ2704)
Market Rent,Extracted from formula,MF Market Rent,Used in Unknown_Field_FR2704 (FR2704)
Market Rent,Extracted from formula,MF Market Rent,Used in Unknown_Field_FQ2705 (FQ2705)
Market Rent,Extracted from formula,MF Market Rent,Used in Unknown_Field_FR2705 (FR2705)
Market Rent,Extracted from formula,MF Market Rent,Used in Unknown_Field_FQ2706 (FQ2706)
Market Rent,Extracted from formula,MF Market Rent,Used in Unknown_Field_FR2706 (FR2706)
Market Rent,Extracted from formula,MF Market Rent,Used in Unknown_Field_FQ2707 (FQ2707)
Market Rent,Extracted from formula,MF Market Rent,Used in Unknown_Field_FR2707 (FR2707)
Market Rent,Extracted from formula,MF Market Rent,Used in Unknown_Field_FQ2708 (FQ2708)
Market Rent,Extracted from formula,MF Market Rent,Used in Unknown_Field_FR2708 (FR2708)
Market Rent,Extracted from formula,MF Market Rent,Used in Unknown_Field_FQ2709 (FQ2709)
Market Rent,Extracted from formula,MF Market Rent,Used in Unknown_Field_FR2709 (FR2709)
Market Rent,Extracted from formula,MF Market Rent,Used in Unknown_Field_FQ2710 (FQ2710)
Market Rent,Extracted from formula,MF Market Rent,Used in Unknown_Field_FR2710 (FR2710)
Market Rent,Extracted from formula,MF Market Rent,Used in Unknown_Field_FQ2711 (FQ2711)
Market Rent,Extracted from formula,MF Market Rent,Used in Unknown_Field_FR2711 (FR2711)
Market Rent,Extracted from formula,MF Market Rent,Used in Unknown_Field_FQ2712 (FQ2712)
Market Rent,Extracted from formula,MF Market Rent,Used in Unknown_Field_FR2712 (FR2712)
Market Rent,Extracted from formula,MF Market Rent,Used in Unknown_Field_FQ2713 (FQ2713)
Market Rent,Extracted from formula,MF Market Rent,Used in Unknown_Field_FR2713 (FR2713)
Market Rent,Extracted from formula,MF Market Rent,Used in Unknown_Field_FQ2714 (FQ2714)
Market Rent,Extracted from formula,MF Market Rent,Used in Unknown_Field_FR2714 (FR2714)
Market Rent,Extracted from formula,MF Market Rent,Used in Unknown_Field_FQ2715 (FQ2715)
Market Rent,Extracted from formula,MF Market Rent,Used in Unknown_Field_FR2715 (FR2715)
Market Rent,Extracted from formula,MF Market Rent,Used in Unknown_Field_FQ2716 (FQ2716)
Market Rent,Extracted from formula,MF Market Rent,Used in Unknown_Field_FR2716 (FR2716)
Market Rent,Extracted from formula,MF Market Rent,Used in Unknown_Field_FQ2717 (FQ2717)
Market Rent,Extracted from formula,MF Market Rent,Used in Unknown_Field_FR2717 (FR2717)
Market Rent,Extracted from formula,MF Market Rent,Used in Unknown_Field_FQ2718 (FQ2718)
Market Rent,Extracted from formula,MF Market Rent,Used in Unknown_Field_FR2718 (FR2718)
Market Rent,Extracted from formula,MF Market Rent,Used in Unknown_Field_FQ2719 (FQ2719)
Market Rent,Extracted from formula,MF Market Rent,Used in Unknown_Field_FR2719 (FR2719)
Market Rent,Extracted from formula,MF Market Rent,Used in Unknown_Field_FQ2720 (FQ2720)
Market Rent,Extracted from formula,MF Market Rent,Used in Unknown_Field_FR2720 (FR2720)
Market Rent,Extracted from formula,MF Market Rent,Used in Unknown_Field_FQ2721 (FQ2721)
Market Rent,Extracted from formula,MF Market Rent,Used in Unknown_Field_FR2721 (FR2721)
Market Rent,Extracted from formula,MF Market Rent,Used in Unknown_Field_FQ2722 (FQ2722)
Market Rent,Extracted from formula,MF Market Rent,Used in Unknown_Field_FR2722 (FR2722)
Market Rent,Extracted from formula,MF Market Rent,Used in Unknown_Field_FQ2723 (FQ2723)
Market Rent,Extracted from formula,MF Market Rent,Used in Unknown_Field_FR2723 (FR2723)
Market Rent,Extracted from formula,MF Market Rent,Used in Unknown_Field_FQ2724 (FQ2724)
Market Rent,Extracted from formula,MF Market Rent,Used in Unknown_Field_FR2724 (FR2724)
Market Rent,Extracted from formula,MF Market Rent,Used in Unknown_Field_FQ2725 (FQ2725)
Market Rent,Extracted from formula,MF Market Rent,Used in Unknown_Field_FR2725 (FR2725)
Market Rent,Extracted from formula,MF Market Rent,Used in Unknown_Field_FQ2726 (FQ2726)
Market Rent,Extracted from formula,MF Market Rent,Used in Unknown_Field_FR2726 (FR2726)
Market Rent,Extracted from formula,MF Market Rent,Used in Unknown_Field_FQ2727 (FQ2727)
Market Rent,Extracted from formula,MF Market Rent,Used in Unknown_Field_FR2727 (FR2727)
Market Rent,Extracted from formula,MF Market Rent,Used in Unknown_Field_FQ2728 (FQ2728)
Market Rent,Extracted from formula,MF Market Rent,Used in Unknown_Field_FR2728 (FR2728)
Market Rent,Extracted from formula,MF Market Rent,Used in Unknown_Field_FQ2729 (FQ2729)
Market Rent,Extracted from formula,MF Market Rent,Used in Unknown_Field_FR2729 (FR2729)
Market Rent,Extracted from formula,MF Market Rent,Used in Unknown_Field_FQ2730 (FQ2730)
Market Rent,Extracted from formula,MF Market Rent,Used in Unknown_Field_FR2730 (FR2730)
Market Rent,Extracted from formula,MF Market Rent,Used in Unknown_Field_FQ2731 (FQ2731)
Market Rent,Extracted from formula,MF Market Rent,Used in Unknown_Field_FR2731 (FR2731)
Market Rent,Extracted from formula,MF Market Rent,Used in Unknown_Field_FQ2732 (FQ2732)
Market Rent,Extracted from formula,MF Market Rent,Used in Unknown_Field_FR2732 (FR2732)
Market Rent,Extracted from formula,MF Market Rent,Used in Unknown_Field_FQ2733 (FQ2733)
Market Rent,Extracted from formula,MF Market Rent,Used in Unknown_Field_FR2733 (FR2733)
Market Rent,Extracted from formula,MF Market Rent,Used in Unknown_Field_FQ2734 (FQ2734)
Market Rent,Extracted from formula,MF Market Rent,Used in Unknown_Field_FR2734 (FR2734)
Market Rent,Extracted from formula,MF Market Rent,Used in Unknown_Field_FQ2735 (FQ2735)
Market Rent,Extracted from formula,MF Market Rent,Used in Unknown_Field_FR2735 (FR2735)
Market Rent,Extracted from formula,MF Market Rent,Used in Unknown_Field_FQ2736 (FQ2736)
Market Rent,Extracted from formula,MF Market Rent,Used in Unknown_Field_FR2736 (FR2736)
Market Rent,Extracted from formula,MF Market Rent,Used in Unknown_Field_FQ2737 (FQ2737)
Market Rent,Extracted from formula,MF Market Rent,Used in Unknown_Field_FR2737 (FR2737)
Market Rent (2),Extracted from formula,MF Market Rent,Used in Unknown_Field_FQ2738 (FQ2738)
Market Rent (3),Extracted from formula,MF Market Rent,Used in Unknown_Field_FQ2738 (FQ2738)
Market Rent (2),Extracted from formula,MF Market Rent,Used in Unknown_Field_FR2738 (FR2738)
Market Rent (3),Extracted from formula,MF Market Rent,Used in Unknown_Field_FR2738 (FR2738)
Market Rent (2),Extracted from formula,MF Market Rent,Used in Unknown_Field_FQ2739 (FQ2739)
Market Rent (3),Extracted from formula,MF Market Rent,Used in Unknown_Field_FQ2739 (FQ2739)
Market Rent (2),Extracted from formula,MF Market Rent,Used in Unknown_Field_FR2739 (FR2739)
Market Rent (3),Extracted from formula,MF Market Rent,Used in Unknown_Field_FR2739 (FR2739)
Market Rent (2),Extracted from formula,MF Market Rent,Used in Unknown_Field_FQ2740 (FQ2740)
Market Rent (3),Extracted from formula,MF Market Rent,Used in Unknown_Field_FQ2740 (FQ2740)
Market Rent (2),Extracted from formula,MF Market Rent,Used in Unknown_Field_FR2740 (FR2740)
Market Rent (3),Extracted from formula,MF Market Rent,Used in Unknown_Field_FR2740 (FR2740)
Market Rent (2),Extracted from formula,MF Market Rent,Used in Unknown_Field_FQ2741 (FQ2741)
Market Rent (3),Extracted from formula,MF Market Rent,Used in Unknown_Field_FQ2741 (FQ2741)
Market Rent (2),Extracted from formula,MF Market Rent,Used in Unknown_Field_FR2741 (FR2741)
Market Rent (3),Extracted from formula,MF Market Rent,Used in Unknown_Field_FR2741 (FR2741)
Market Rent (2),Extracted from formula,MF Market Rent,Used in Unknown_Field_FQ2742 (FQ2742)
Market Rent (3),Extracted from formula,MF Market Rent,Used in Unknown_Field_FQ2742 (FQ2742)
Market Rent (2),Extracted from formula,MF Market Rent,Used in Unknown_Field_FR2742 (FR2742)
Market Rent (3),Extracted from formula,MF Market Rent,Used in Unknown_Field_FR2742 (FR2742)
Market Rent (2),Extracted from formula,MF Market Rent,Used in Unknown_Field_FQ2743 (FQ2743)
Market Rent (3),Extracted from formula,MF Market Rent,Used in Unknown_Field_FQ2743 (FQ2743)
Market Rent (2),Extracted from formula,MF Market Rent,Used in Unknown_Field_FR2743 (FR2743)
Market Rent (3),Extracted from formula,MF Market Rent,Used in Unknown_Field_FR2743 (FR2743)
Market Rent (2),Extracted from formula,MF Market Rent,Used in Unknown_Field_FQ2744 (FQ2744)
Market Rent (3),Extracted from formula,MF Market Rent,Used in Unknown_Field_FQ2744 (FQ2744)
Market Rent (2),Extracted from formula,MF Market Rent,Used in Unknown_Field_FR2744 (FR2744)
Market Rent (3),Extracted from formula,MF Market Rent,Used in Unknown_Field_FR2744 (FR2744)
Market Rent (2),Extracted from formula,MF Market Rent,Used in Unknown_Field_FQ2745 (FQ2745)
Market Rent (3),Extracted from formula,MF Market Rent,Used in Unknown_Field_FQ2745 (FQ2745)
Market Rent (2),Extracted from formula,MF Market Rent,Used in Unknown_Field_FR2745 (FR2745)
Market Rent (3),Extracted from formula,MF Market Rent,Used in Unknown_Field_FR2745 (FR2745)
Market Rent (2),Extracted from formula,MF Market Rent,Used in Unknown_Field_FQ2746 (FQ2746)
Market Rent (3),Extracted from formula,MF Market Rent,Used in Unknown_Field_FQ2746 (FQ2746)
Market Rent (2),Extracted from formula,MF Market Rent,Used in Unknown_Field_FR2746 (FR2746)
Market Rent (3),Extracted from formula,MF Market Rent,Used in Unknown_Field_FR2746 (FR2746)
Market Rent (2),Extracted from formula,MF Market Rent,Used in Unknown_Field_FQ2747 (FQ2747)
Market Rent (3),Extracted from formula,MF Market Rent,Used in Unknown_Field_FQ2747 (FQ2747)
Market Rent (2),Extracted from formula,MF Market Rent,Used in Unknown_Field_FR2747 (FR2747)
Market Rent (3),Extracted from formula,MF Market Rent,Used in Unknown_Field_FR2747 (FR2747)
Market Rent (2),Extracted from formula,MF Market Rent,Used in Unknown_Field_FQ2748 (FQ2748)
Market Rent (3),Extracted from formula,MF Market Rent,Used in Unknown_Field_FQ2748 (FQ2748)
Market Rent (2),Extracted from formula,MF Market Rent,Used in Unknown_Field_FR2748 (FR2748)
Market Rent (3),Extracted from formula,MF Market Rent,Used in Unknown_Field_FR2748 (FR2748)
Market Rent (2),Extracted from formula,MF Market Rent,Used in Unknown_Field_FQ2749 (FQ2749)
Market Rent (3),Extracted from formula,MF Market Rent,Used in Unknown_Field_FQ2749 (FQ2749)
Market Rent (2),Extracted from formula,MF Market Rent,Used in Unknown_Field_FR2749 (FR2749)
Market Rent (3),Extracted from formula,MF Market Rent,Used in Unknown_Field_FR2749 (FR2749)
Market Rent (2),Extracted from formula,MF Market Rent,Used in Unknown_Field_FQ2750 (FQ2750)
Market Rent (3),Extracted from formula,MF Market Rent,Used in Unknown_Field_FQ2750 (FQ2750)
Market Rent (2),Extracted from formula,MF Market Rent,Used in Unknown_Field_FR2750 (FR2750)
Market Rent (3),Extracted from formula,MF Market Rent,Used in Unknown_Field_FR2750 (FR2750)
Market Rent (2),Extracted from formula,MF Market Rent,Used in Unknown_Field_FQ2751 (FQ2751)
Market Rent (3),Extracted from formula,MF Market Rent,Used in Unknown_Field_FQ2751 (FQ2751)
Market Rent (2),Extracted from formula,MF Market Rent,Used in Unknown_Field_FR2751 (FR2751)
Market Rent (3),Extracted from formula,MF Market Rent,Used in Unknown_Field_FR2751 (FR2751)
Market Rent (2),Extracted from formula,MF Market Rent,Used in Unknown_Field_FQ2752 (FQ2752)
Market Rent (3),Extracted from formula,MF Market Rent,Used in Unknown_Field_FQ2752 (FQ2752)
Market Rent (2),Extracted from formula,MF Market Rent,Used in Unknown_Field_FR2752 (FR2752)
Market Rent (3),Extracted from formula,MF Market Rent,Used in Unknown_Field_FR2752 (FR2752)
Market Rent (2),Extracted from formula,MF Market Rent,Used in Unknown_Field_FQ2753 (FQ2753)
Market Rent (3),Extracted from formula,MF Market Rent,Used in Unknown_Field_FQ2753 (FQ2753)
Market Rent (2),Extracted from formula,MF Market Rent,Used in Unknown_Field_FR2753 (FR2753)
Market Rent (3),Extracted from formula,MF Market Rent,Used in Unknown_Field_FR2753 (FR2753)
Market Rent (2),Extracted from formula,MF Market Rent,Used in Unknown_Field_FQ2754 (FQ2754)
Market Rent (3),Extracted from formula,MF Market Rent,Used in Unknown_Field_FQ2754 (FQ2754)
Market Rent (2),Extracted from formula,MF Market Rent,Used in Unknown_Field_FR2754 (FR2754)
Market Rent (3),Extracted from formula,MF Market Rent,Used in Unknown_Field_FR2754 (FR2754)
Market Rent (2),Extracted from formula,MF Market Rent,Used in Unknown_Field_FQ2755 (FQ2755)
Market Rent (3),Extracted from formula,MF Market Rent,Used in Unknown_Field_FQ2755 (FQ2755)
Market Rent (2),Extracted from formula,MF Market Rent,Used in Unknown_Field_FR2755 (FR2755)
Market Rent (3),Extracted from formula,MF Market Rent,Used in Unknown_Field_FR2755 (FR2755)
Market Rent (2),Extracted from formula,MF Market Rent,Used in Unknown_Field_FQ2756 (FQ2756)
Market Rent (3),Extracted from formula,MF Market Rent,Used in Unknown_Field_FQ2756 (FQ2756)
Market Rent (2),Extracted from formula,MF Market Rent,Used in Unknown_Field_FR2756 (FR2756)
Market Rent (3),Extracted from formula,MF Market Rent,Used in Unknown_Field_FR2756 (FR2756)
Market Rent (2),Extracted from formula,MF Market Rent,Used in Unknown_Field_FQ2757 (FQ2757)
Market Rent (3),Extracted from formula,MF Market Rent,Used in Unknown_Field_FQ2757 (FQ2757)
Market Rent (2),Extracted from formula,MF Market Rent,Used in Unknown_Field_FR2757 (FR2757)
Market Rent (3),Extracted from formula,MF Market Rent,Used in Unknown_Field_FR2757 (FR2757)
Market Rent (2),Extracted from formula,MF Market Rent,Used in Unknown_Field_FQ2758 (FQ2758)
Market Rent (3),Extracted from formula,MF Market Rent,Used in Unknown_Field_FQ2758 (FQ2758)
Market Rent (2),Extracted from formula,MF Market Rent,Used in Unknown_Field_FR2758 (FR2758)
Market Rent (3),Extracted from formula,MF Market Rent,Used in Unknown_Field_FR2758 (FR2758)
Market Rent (2),Extracted from formula,MF Market Rent,Used in Unknown_Field_FQ2759 (FQ2759)
Market Rent (3),Extracted from formula,MF Market Rent,Used in Unknown_Field_FQ2759 (FQ2759)
Market Rent (2),Extracted from formula,MF Market Rent,Used in Unknown_Field_FR2759 (FR2759)
Market Rent (3),Extracted from formula,MF Market Rent,Used in Unknown_Field_FR2759 (FR2759)
Market Rent (2),Extracted from formula,MF Market Rent,Used in Unknown_Field_FQ2760 (FQ2760)
Market Rent (3),Extracted from formula,MF Market Rent,Used in Unknown_Field_FQ2760 (FQ2760)
Market Rent (2),Extracted from formula,MF Market Rent,Used in Unknown_Field_FR2760 (FR2760)
Market Rent (3),Extracted from formula,MF Market Rent,Used in Unknown_Field_FR2760 (FR2760)
Market Rent (2),Extracted from formula,MF Market Rent,Used in Unknown_Field_FQ2761 (FQ2761)
Market Rent (3),Extracted from formula,MF Market Rent,Used in Unknown_Field_FQ2761 (FQ2761)
Market Rent (2),Extracted from formula,MF Market Rent,Used in Unknown_Field_FR2761 (FR2761)
Market Rent (3),Extracted from formula,MF Market Rent,Used in Unknown_Field_FR2761 (FR2761)
Market Rent (2),Extracted from formula,MF Market Rent,Used in Unknown_Field_FQ2762 (FQ2762)
Market Rent (3),Extracted from formula,MF Market Rent,Used in Unknown_Field_FQ2762 (FQ2762)
Market Rent (2),Extracted from formula,MF Market Rent,Used in Unknown_Field_FR2762 (FR2762)
Market Rent (3),Extracted from formula,MF Market Rent,Used in Unknown_Field_FR2762 (FR2762)
Market Rent (2),Extracted from formula,MF Market Rent,Used in Unknown_Field_FQ2763 (FQ2763)
Market Rent (3),Extracted from formula,MF Market Rent,Used in Unknown_Field_FQ2763 (FQ2763)
Market Rent (2),Extracted from formula,MF Market Rent,Used in Unknown_Field_FR2763 (FR2763)
Market Rent (3),Extracted from formula,MF Market Rent,Used in Unknown_Field_FR2763 (FR2763)
Market Rent (2),Extracted from formula,MF Market Rent,Used in Unknown_Field_FQ2764 (FQ2764)
Market Rent (3),Extracted from formula,MF Market Rent,Used in Unknown_Field_FQ2764 (FQ2764)
Market Rent (2),Extracted from formula,MF Market Rent,Used in Unknown_Field_FR2764 (FR2764)
Market Rent (3),Extracted from formula,MF Market Rent,Used in Unknown_Field_FR2764 (FR2764)
Market Rent (2),Extracted from formula,MF Market Rent,Used in Unknown_Field_FQ2765 (FQ2765)
Market Rent (3),Extracted from formula,MF Market Rent,Used in Unknown_Field_FQ2765 (FQ2765)
Market Rent (2),Extracted from formula,MF Market Rent,Used in Unknown_Field_FR2765 (FR2765)
Market Rent (3),Extracted from formula,MF Market Rent,Used in Unknown_Field_FR2765 (FR2765)
Market Rent (2),Extracted from formula,MF Market Rent,Used in Unknown_Field_FQ2766 (FQ2766)
Market Rent (3),Extracted from formula,MF Market Rent,Used in Unknown_Field_FQ2766 (FQ2766)
Market Rent (2),Extracted from formula,MF Market Rent,Used in Unknown_Field_FR2766 (FR2766)
Market Rent (3),Extracted from formula,MF Market Rent,Used in Unknown_Field_FR2766 (FR2766)
Market Rent (2),Extracted from formula,MF Market Rent,Used in Unknown_Field_FQ2767 (FQ2767)
Market Rent (3),Extracted from formula,MF Market Rent,Used in Unknown_Field_FQ2767 (FQ2767)
Market Rent (2),Extracted from formula,MF Market Rent,Used in Unknown_Field_FR2767 (FR2767)
Market Rent (3),Extracted from formula,MF Market Rent,Used in Unknown_Field_FR2767 (FR2767)
Market Rent (2),Extracted from formula,MF Market Rent,Used in Unknown_Field_FQ2768 (FQ2768)
Market Rent (3),Extracted from formula,MF Market Rent,Used in Unknown_Field_FQ2768 (FQ2768)
Market Rent (2),Extracted from formula,MF Market Rent,Used in Unknown_Field_FR2768 (FR2768)
Market Rent (3),Extracted from formula,MF Market Rent,Used in Unknown_Field_FR2768 (FR2768)
Market Rent (2),Extracted from formula,MF Market Rent,Used in Unknown_Field_FQ2769 (FQ2769)
Market Rent (3),Extracted from formula,MF Market Rent,Used in Unknown_Field_FQ2769 (FQ2769)
Market Rent (2),Extracted from formula,MF Market Rent,Used in Unknown_Field_FR2769 (FR2769)
Market Rent (3),Extracted from formula,MF Market Rent,Used in Unknown_Field_FR2769 (FR2769)
Market Rent (2),Extracted from formula,MF Market Rent,Used in Unknown_Field_FQ2770 (FQ2770)
Market Rent (3),Extracted from formula,MF Market Rent,Used in Unknown_Field_FQ2770 (FQ2770)
Market Rent (2),Extracted from formula,MF Market Rent,Used in Unknown_Field_FR2770 (FR2770)
Market Rent (3),Extracted from formula,MF Market Rent,Used in Unknown_Field_FR2770 (FR2770)
Market Rent (2),Extracted from formula,MF Market Rent,Used in Unknown_Field_FQ2771 (FQ2771)
Market Rent (3),Extracted from formula,MF Market Rent,Used in Unknown_Field_FQ2771 (FQ2771)
Market Rent (2),Extracted from formula,MF Market Rent,Used in Unknown_Field_FR2771 (FR2771)
Market Rent (3),Extracted from formula,MF Market Rent,Used in Unknown_Field_FR2771 (FR2771)
Market Rent (2),Extracted from formula,MF Market Rent,Used in Unknown_Field_FQ2772 (FQ2772)
Market Rent (3),Extracted from formula,MF Market Rent,Used in Unknown_Field_FQ2772 (FQ2772)
Market Rent (2),Extracted from formula,MF Market Rent,Used in Unknown_Field_FR2772 (FR2772)
Market Rent (3),Extracted from formula,MF Market Rent,Used in Unknown_Field_FR2772 (FR2772)
Market Rent (2),Extracted from formula,MF Market Rent,Used in Unknown_Field_FQ2773 (FQ2773)
Market Rent (3),Extracted from formula,MF Market Rent,Used in Unknown_Field_FQ2773 (FQ2773)
Market Rent (2),Extracted from formula,MF Market Rent,Used in Unknown_Field_FR2773 (FR2773)
Market Rent (3),Extracted from formula,MF Market Rent,Used in Unknown_Field_FR2773 (FR2773)
Market Rent (2),Extracted from formula,MF Market Rent,Used in Unknown_Field_FQ2774 (FQ2774)
Market Rent (3),Extracted from formula,MF Market Rent,Used in Unknown_Field_FQ2774 (FQ2774)
Market Rent (2),Extracted from formula,MF Market Rent,Used in Unknown_Field_FR2774 (FR2774)
Market Rent (3),Extracted from formula,MF Market Rent,Used in Unknown_Field_FR2774 (FR2774)
Market Rent (2),Extracted from formula,MF Market Rent,Used in Unknown_Field_FQ2775 (FQ2775)
Market Rent (3),Extracted from formula,MF Market Rent,Used in Unknown_Field_FQ2775 (FQ2775)
Market Rent (2),Extracted from formula,MF Market Rent,Used in Unknown_Field_FR2775 (FR2775)
Market Rent (3),Extracted from formula,MF Market Rent,Used in Unknown_Field_FR2775 (FR2775)
Market Rent (2),Extracted from formula,MF Market Rent,Used in Unknown_Field_FQ2776 (FQ2776)
Market Rent (3),Extracted from formula,MF Market Rent,Used in Unknown_Field_FQ2776 (FQ2776)
Market Rent (2),Extracted from formula,MF Market Rent,Used in Unknown_Field_FR2776 (FR2776)
Market Rent (3),Extracted from formula,MF Market Rent,Used in Unknown_Field_FR2776 (FR2776)
Market Rent (2),Extracted from formula,MF Market Rent,Used in Unknown_Field_FQ2777 (FQ2777)
Market Rent (3),Extracted from formula,MF Market Rent,Used in Unknown_Field_FQ2777 (FQ2777)
Market Rent (2),Extracted from formula,MF Market Rent,Used in Unknown_Field_FR2777 (FR2777)
Market Rent (3),Extracted from formula,MF Market Rent,Used in Unknown_Field_FR2777 (FR2777)
Market Rent (2),Extracted from formula,MF Market Rent,Used in Unknown_Field_FQ2778 (FQ2778)
Market Rent (3),Extracted from formula,MF Market Rent,Used in Unknown_Field_FQ2778 (FQ2778)
Market Rent (2),Extracted from formula,MF Market Rent,Used in Unknown_Field_FR2778 (FR2778)
Market Rent (3),Extracted from formula,MF Market Rent,Used in Unknown_Field_FR2778 (FR2778)
Market Rent (2),Extracted from formula,MF Market Rent,Used in Unknown_Field_FQ2779 (FQ2779)
Market Rent (3),Extracted from formula,MF Market Rent,Used in Unknown_Field_FQ2779 (FQ2779)
Market Rent (2),Extracted from formula,MF Market Rent,Used in Unknown_Field_FR2779 (FR2779)
Market Rent (3),Extracted from formula,MF Market Rent,Used in Unknown_Field_FR2779 (FR2779)
Market Rent (2),Extracted from formula,MF Market Rent,Used in Unknown_Field_FQ2780 (FQ2780)
Market Rent (3),Extracted from formula,MF Market Rent,Used in Unknown_Field_FQ2780 (FQ2780)
Market Rent (2),Extracted from formula,MF Market Rent,Used in Unknown_Field_FR2780 (FR2780)
Market Rent (3),Extracted from formula,MF Market Rent,Used in Unknown_Field_FR2780 (FR2780)
Market Rent (2),Extracted from formula,MF Market Rent,Used in Unknown_Field_FQ2781 (FQ2781)
Market Rent (3),Extracted from formula,MF Market Rent,Used in Unknown_Field_FQ2781 (FQ2781)
Market Rent (2),Extracted from formula,MF Market Rent,Used in Unknown_Field_FR2781 (FR2781)
Market Rent (3),Extracted from formula,MF Market Rent,Used in Unknown_Field_FR2781 (FR2781)
Market Rent (2),Extracted from formula,MF Market Rent,Used in Unknown_Field_FQ2782 (FQ2782)
Market Rent (3),Extracted from formula,MF Market Rent,Used in Unknown_Field_FQ2782 (FQ2782)
Market Rent (2),Extracted from formula,MF Market Rent,Used in Unknown_Field_FR2782 (FR2782)
Market Rent (3),Extracted from formula,MF Market Rent,Used in Unknown_Field_FR2782 (FR2782)
Market Rent (2),Extracted from formula,MF Market Rent,Used in Unknown_Field_FQ2783 (FQ2783)
Market Rent (3),Extracted from formula,MF Market Rent,Used in Unknown_Field_FQ2783 (FQ2783)
Market Rent (2),Extracted from formula,MF Market Rent,Used in Unknown_Field_FR2783 (FR2783)
Market Rent (3),Extracted from formula,MF Market Rent,Used in Unknown_Field_FR2783 (FR2783)
Market Rent (2),Extracted from formula,MF Market Rent,Used in Unknown_Field_FQ2784 (FQ2784)
Market Rent (3),Extracted from formula,MF Market Rent,Used in Unknown_Field_FQ2784 (FQ2784)
Market Rent (2),Extracted from formula,MF Market Rent,Used in Unknown_Field_FR2784 (FR2784)
Market Rent (3),Extracted from formula,MF Market Rent,Used in Unknown_Field_FR2784 (FR2784)
Market Rent (2),Extracted from formula,MF Market Rent,Used in Unknown_Field_FQ2785 (FQ2785)
Market Rent (3),Extracted from formula,MF Market Rent,Used in Unknown_Field_FQ2785 (FQ2785)
Market Rent (2),Extracted from formula,MF Market Rent,Used in Unknown_Field_FR2785 (FR2785)
Market Rent (3),Extracted from formula,MF Market Rent,Used in Unknown_Field_FR2785 (FR2785)
Market Rent (2),Extracted from formula,MF Market Rent,Used in Unknown_Field_FQ2786 (FQ2786)
Market Rent (3),Extracted from formula,MF Market Rent,Used in Unknown_Field_FQ2786 (FQ2786)
Market Rent (2),Extracted from formula,MF Market Rent,Used in Unknown_Field_FR2786 (FR2786)
Market Rent (3),Extracted from formula,MF Market Rent,Used in Unknown_Field_FR2786 (FR2786)
Market Rent (2),Extracted from formula,MF Market Rent,Used in Unknown_Field_FQ2787 (FQ2787)
Market Rent (3),Extracted from formula,MF Market Rent,Used in Unknown_Field_FQ2787 (FQ2787)
Market Rent (2),Extracted from formula,MF Market Rent,Used in Unknown_Field_FR2787 (FR2787)
Market Rent (3),Extracted from formula,MF Market Rent,Used in Unknown_Field_FR2787 (FR2787)
Market Rent (2),Extracted from formula,MF Market Rent,Used in Unknown_Field_FQ2788 (FQ2788)
Market Rent (3),Extracted from formula,MF Market Rent,Used in Unknown_Field_FQ2788 (FQ2788)
Market Rent (2),Extracted from formula,MF Market Rent,Used in Unknown_Field_FR2788 (FR2788)
Market Rent (3),Extracted from formula,MF Market Rent,Used in Unknown_Field_FR2788 (FR2788)
Market Rent (2),Extracted from formula,MF Market Rent,Used in Unknown_Field_FQ2789 (FQ2789)
Market Rent (3),Extracted from formula,MF Market Rent,Used in Unknown_Field_FQ2789 (FQ2789)
Market Rent (2),Extracted from formula,MF Market Rent,Used in Unknown_Field_FR2789 (FR2789)
Market Rent (3),Extracted from formula,MF Market Rent,Used in Unknown_Field_FR2789 (FR2789)
Market Rent (2),Extracted from formula,MF Market Rent,Used in Unknown_Field_FQ2790 (FQ2790)
Market Rent (3),Extracted from formula,MF Market Rent,Used in Unknown_Field_FQ2790 (FQ2790)
Market Rent (2),Extracted from formula,MF Market Rent,Used in Unknown_Field_FR2790 (FR2790)
Market Rent (3),Extracted from formula,MF Market Rent,Used in Unknown_Field_FR2790 (FR2790)
Market Rent (2),Extracted from formula,MF Market Rent,Used in Unknown_Field_FQ2791 (FQ2791)
Market Rent (3),Extracted from formula,MF Market Rent,Used in Unknown_Field_FQ2791 (FQ2791)
Market Rent (2),Extracted from formula,MF Market Rent,Used in Unknown_Field_FR2791 (FR2791)
Market Rent (3),Extracted from formula,MF Market Rent,Used in Unknown_Field_FR2791 (FR2791)
Market Rent (2),Extracted from formula,MF Market Rent,Used in Unknown_Field_FQ2792 (FQ2792)
Market Rent (3),Extracted from formula,MF Market Rent,Used in Unknown_Field_FQ2792 (FQ2792)
Market Rent (2),Extracted from formula,MF Market Rent,Used in Unknown_Field_FR2792 (FR2792)
Market Rent (3),Extracted from formula,MF Market Rent,Used in Unknown_Field_FR2792 (FR2792)
Market Rent (2),Extracted from formula,MF Market Rent,Used in Unknown_Field_FQ2793 (FQ2793)
Market Rent (3),Extracted from formula,MF Market Rent,Used in Unknown_Field_FQ2793 (FQ2793)
Market Rent (2),Extracted from formula,MF Market Rent,Used in Unknown_Field_FR2793 (FR2793)
Market Rent (3),Extracted from formula,MF Market Rent,Used in Unknown_Field_FR2793 (FR2793)
Market Rent (2),Extracted from formula,MF Market Rent,Used in Unknown_Field_FQ2794 (FQ2794)
Market Rent (3),Extracted from formula,MF Market Rent,Used in Unknown_Field_FQ2794 (FQ2794)
Market Rent (2),Extracted from formula,MF Market Rent,Used in Unknown_Field_FR2794 (FR2794)
Market Rent (3),Extracted from formula,MF Market Rent,Used in Unknown_Field_FR2794 (FR2794)
Market Rent (2),Extracted from formula,MF Market Rent,Used in Unknown_Field_FQ2795 (FQ2795)
Market Rent (3),Extracted from formula,MF Market Rent,Used in Unknown_Field_FQ2795 (FQ2795)
Market Rent (2),Extracted from formula,MF Market Rent,Used in Unknown_Field_FR2795 (FR2795)
Market Rent (3),Extracted from formula,MF Market Rent,Used in Unknown_Field_FR2795 (FR2795)
Market Rent (2),Extracted from formula,MF Market Rent,Used in Unknown_Field_FQ2796 (FQ2796)
Market Rent (3),Extracted from formula,MF Market Rent,Used in Unknown_Field_FQ2796 (FQ2796)
Market Rent (2),Extracted from formula,MF Market Rent,Used in Unknown_Field_FR2796 (FR2796)
Market Rent (3),Extracted from formula,MF Market Rent,Used in Unknown_Field_FR2796 (FR2796)
Market Rent (2),Extracted from formula,MF Market Rent,Used in Unknown_Field_FQ2797 (FQ2797)
Market Rent (3),Extracted from formula,MF Market Rent,Used in Unknown_Field_FQ2797 (FQ2797)
Market Rent (2),Extracted from formula,MF Market Rent,Used in Unknown_Field_FR2797 (FR2797)
Market Rent (3),Extracted from formula,MF Market Rent,Used in Unknown_Field_FR2797 (FR2797)
Market Rent (2),Extracted from formula,MF Market Rent,Used in Unknown_Field_FQ2798 (FQ2798)
Market Rent (3),Extracted from formula,MF Market Rent,Used in Unknown_Field_FQ2798 (FQ2798)
Market Rent (2),Extracted from formula,MF Market Rent,Used in Unknown_Field_FR2798 (FR2798)
Market Rent (3),Extracted from formula,MF Market Rent,Used in Unknown_Field_FR2798 (FR2798)
Market Rent (2),Extracted from formula,MF Market Rent,Used in Unknown_Field_FQ2799 (FQ2799)
Market Rent (3),Extracted from formula,MF Market Rent,Used in Unknown_Field_FQ2799 (FQ2799)
Market Rent (2),Extracted from formula,MF Market Rent,Used in Unknown_Field_FR2799 (FR2799)
Market Rent (3),Extracted from formula,MF Market Rent,Used in Unknown_Field_FR2799 (FR2799)
Market Rent (2),Extracted from formula,MF Market Rent,Used in Unknown_Field_FQ2800 (FQ2800)
Market Rent (3),Extracted from formula,MF Market Rent,Used in Unknown_Field_FQ2800 (FQ2800)
Market Rent (2),Extracted from formula,MF Market Rent,Used in Unknown_Field_FR2800 (FR2800)
Market Rent (3),Extracted from formula,MF Market Rent,Used in Unknown_Field_FR2800 (FR2800)
Market Rent (2),Extracted from formula,MF Market Rent,Used in Unknown_Field_FQ2801 (FQ2801)
Market Rent (3),Extracted from formula,MF Market Rent,Used in Unknown_Field_FQ2801 (FQ2801)
Market Rent (2),Extracted from formula,MF Market Rent,Used in Unknown_Field_FR2801 (FR2801)
Market Rent (3),Extracted from formula,MF Market Rent,Used in Unknown_Field_FR2801 (FR2801)
Market Rent (2),Extracted from formula,MF Market Rent,Used in Unknown_Field_FQ2802 (FQ2802)
Market Rent (3),Extracted from formula,MF Market Rent,Used in Unknown_Field_FQ2802 (FQ2802)
Market Rent (2),Extracted from formula,MF Market Rent,Used in Unknown_Field_FR2802 (FR2802)
Market Rent (3),Extracted from formula,MF Market Rent,Used in Unknown_Field_FR2802 (FR2802)
Market Rent (2),Extracted from formula,MF Market Rent,Used in Unknown_Field_FQ2803 (FQ2803)
Market Rent (3),Extracted from formula,MF Market Rent,Used in Unknown_Field_FQ2803 (FQ2803)
Market Rent (2),Extracted from formula,MF Market Rent,Used in Unknown_Field_FR2803 (FR2803)
Market Rent (3),Extracted from formula,MF Market Rent,Used in Unknown_Field_FR2803 (FR2803)
Market Rent (2),Extracted from formula,MF Market Rent,Used in Unknown_Field_FQ2804 (FQ2804)
Market Rent (3),Extracted from formula,MF Market Rent,Used in Unknown_Field_FQ2804 (FQ2804)
Market Rent (2),Extracted from formula,MF Market Rent,Used in Unknown_Field_FR2804 (FR2804)
Market Rent (3),Extracted from formula,MF Market Rent,Used in Unknown_Field_FR2804 (FR2804)
Market Rent (2),Extracted from formula,MF Market Rent,Used in Unknown_Field_FQ2805 (FQ2805)
Market Rent (3),Extracted from formula,MF Market Rent,Used in Unknown_Field_FQ2805 (FQ2805)
Market Rent (2),Extracted from formula,MF Market Rent,Used in Unknown_Field_FR2805 (FR2805)
Market Rent (3),Extracted from formula,MF Market Rent,Used in Unknown_Field_FR2805 (FR2805)
Market Rent (2),Extracted from formula,MF Market Rent,Used in Unknown_Field_FQ2806 (FQ2806)
Market Rent (3),Extracted from formula,MF Market Rent,Used in Unknown_Field_FQ2806 (FQ2806)
Market Rent (2),Extracted from formula,MF Market Rent,Used in Unknown_Field_FR2806 (FR2806)
Market Rent (3),Extracted from formula,MF Market Rent,Used in Unknown_Field_FR2806 (FR2806)
Market Rent (2),Extracted from formula,MF Market Rent,Used in Unknown_Field_FQ2807 (FQ2807)
Market Rent (3),Extracted from formula,MF Market Rent,Used in Unknown_Field_FQ2807 (FQ2807)
Market Rent (2),Extracted from formula,MF Market Rent,Used in Unknown_Field_FR2807 (FR2807)
Market Rent (3),Extracted from formula,MF Market Rent,Used in Unknown_Field_FR2807 (FR2807)
Market Rent (2),Extracted from formula,MF Market Rent,Used in Unknown_Field_FQ2808 (FQ2808)
Market Rent (3),Extracted from formula,MF Market Rent,Used in Unknown_Field_FQ2808 (FQ2808)
Market Rent (2),Extracted from formula,MF Market Rent,Used in Unknown_Field_FR2808 (FR2808)
Market Rent (3),Extracted from formula,MF Market Rent,Used in Unknown_Field_FR2808 (FR2808)
Market Rent (2),Extracted from formula,MF Market Rent,Used in Unknown_Field_FQ2809 (FQ2809)
Market Rent (3),Extracted from formula,MF Market Rent,Used in Unknown_Field_FQ2809 (FQ2809)
Market Rent (2),Extracted from formula,MF Market Rent,Used in Unknown_Field_FR2809 (FR2809)
Market Rent (3),Extracted from formula,MF Market Rent,Used in Unknown_Field_FR2809 (FR2809)
Market Rent (2),Extracted from formula,MF Market Rent,Used in Unknown_Field_FQ2810 (FQ2810)
Market Rent (3),Extracted from formula,MF Market Rent,Used in Unknown_Field_FQ2810 (FQ2810)
Market Rent (2),Extracted from formula,MF Market Rent,Used in Unknown_Field_FR2810 (FR2810)
Market Rent (3),Extracted from formula,MF Market Rent,Used in Unknown_Field_FR2810 (FR2810)
Market Rent (2),Extracted from formula,MF Market Rent,Used in Unknown_Field_FQ2811 (FQ2811)
Market Rent (3),Extracted from formula,MF Market Rent,Used in Unknown_Field_FQ2811 (FQ2811)
Market Rent (2),Extracted from formula,MF Market Rent,Used in Unknown_Field_FR2811 (FR2811)
Market Rent (3),Extracted from formula,MF Market Rent,Used in Unknown_Field_FR2811 (FR2811)
Market Rent (2),Extracted from formula,MF Market Rent,Used in Unknown_Field_FQ2812 (FQ2812)
Market Rent (3),Extracted from formula,MF Market Rent,Used in Unknown_Field_FQ2812 (FQ2812)
Market Rent (2),Extracted from formula,MF Market Rent,Used in Unknown_Field_FR2812 (FR2812)
Market Rent (3),Extracted from formula,MF Market Rent,Used in Unknown_Field_FR2812 (FR2812)
Market Rent (2),Extracted from formula,MF Market Rent,Used in Unknown_Field_FQ2813 (FQ2813)
Market Rent (3),Extracted from formula,MF Market Rent,Used in Unknown_Field_FQ2813 (FQ2813)
Market Rent (2),Extracted from formula,MF Market Rent,Used in Unknown_Field_FR2813 (FR2813)
Market Rent (3),Extracted from formula,MF Market Rent,Used in Unknown_Field_FR2813 (FR2813)
Market Rent (2),Extracted from formula,MF Market Rent,Used in Unknown_Field_FQ2814 (FQ2814)
Market Rent (3),Extracted from formula,MF Market Rent,Used in Unknown_Field_FQ2814 (FQ2814)
Market Rent (2),Extracted from formula,MF Market Rent,Used in Unknown_Field_FR2814 (FR2814)
Market Rent (3),Extracted from formula,MF Market Rent,Used in Unknown_Field_FR2814 (FR2814)
Market Rent (2),Extracted from formula,MF Market Rent,Used in Unknown_Field_FQ2815 (FQ2815)
Market Rent (3),Extracted from formula,MF Market Rent,Used in Unknown_Field_FQ2815 (FQ2815)
Market Rent (2),Extracted from formula,MF Market Rent,Used in Unknown_Field_FR2815 (FR2815)
Market Rent (3),Extracted from formula,MF Market Rent,Used in Unknown_Field_FR2815 (FR2815)
Market Rent (2),Extracted from formula,MF Market Rent,Used in Unknown_Field_FQ2816 (FQ2816)
Market Rent (3),Extracted from formula,MF Market Rent,Used in Unknown_Field_FQ2816 (FQ2816)
Market Rent (2),Extracted from formula,MF Market Rent,Used in Unknown_Field_FR2816 (FR2816)
Market Rent (3),Extracted from formula,MF Market Rent,Used in Unknown_Field_FR2816 (FR2816)
Market Rent (2),Extracted from formula,MF Market Rent,Used in Unknown_Field_FQ2817 (FQ2817)
Market Rent (3),Extracted from formula,MF Market Rent,Used in Unknown_Field_FQ2817 (FQ2817)
Market Rent (2),Extracted from formula,MF Market Rent,Used in Unknown_Field_FR2817 (FR2817)
Market Rent (3),Extracted from formula,MF Market Rent,Used in Unknown_Field_FR2817 (FR2817)
Market Rent (2),Extracted from formula,MF Market Rent,Used in Unknown_Field_FQ2818 (FQ2818)
Market Rent (3),Extracted from formula,MF Market Rent,Used in Unknown_Field_FQ2818 (FQ2818)
Market Rent (2),Extracted from formula,MF Market Rent,Used in Unknown_Field_FR2818 (FR2818)
Market Rent (3),Extracted from formula,MF Market Rent,Used in Unknown_Field_FR2818 (FR2818)
Market Rent (2),Extracted from formula,MF Market Rent,Used in Unknown_Field_FQ2819 (FQ2819)
Market Rent (3),Extracted from formula,MF Market Rent,Used in Unknown_Field_FQ2819 (FQ2819)
Market Rent (2),Extracted from formula,MF Market Rent,Used in Unknown_Field_FR2819 (FR2819)
Market Rent (3),Extracted from formula,MF Market Rent,Used in Unknown_Field_FR2819 (FR2819)
Market Rent (2),Extracted from formula,MF Market Rent,Used in Unknown_Field_FQ2820 (FQ2820)
Market Rent (3),Extracted from formula,MF Market Rent,Used in Unknown_Field_FQ2820 (FQ2820)
Market Rent (2),Extracted from formula,MF Market Rent,Used in Unknown_Field_FR2820 (FR2820)
Market Rent (3),Extracted from formula,MF Market Rent,Used in Unknown_Field_FR2820 (FR2820)
Market Rent (2),Extracted from formula,MF Market Rent,Used in Unknown_Field_FQ2821 (FQ2821)
Market Rent (3),Extracted from formula,MF Market Rent,Used in Unknown_Field_FQ2821 (FQ2821)
Market Rent (2),Extracted from formula,MF Market Rent,Used in Unknown_Field_FR2821 (FR2821)
Market Rent (3),Extracted from formula,MF Market Rent,Used in Unknown_Field_FR2821 (FR2821)
Market Rent (2),Extracted from formula,MF Market Rent,Used in Unknown_Field_FQ2822 (FQ2822)
Market Rent (3),Extracted from formula,MF Market Rent,Used in Unknown_Field_FQ2822 (FQ2822)
Market Rent (2),Extracted from formula,MF Market Rent,Used in Unknown_Field_FR2822 (FR2822)
Market Rent (3),Extracted from formula,MF Market Rent,Used in Unknown_Field_FR2822 (FR2822)
Market Rent (2),Extracted from formula,MF Market Rent,Used in Unknown_Field_FQ2823 (FQ2823)
Market Rent (3),Extracted from formula,MF Market Rent,Used in Unknown_Field_FQ2823 (FQ2823)
Market Rent (2),Extracted from formula,MF Market Rent,Used in Unknown_Field_FR2823 (FR2823)
Market Rent (3),Extracted from formula,MF Market Rent,Used in Unknown_Field_FR2823 (FR2823)
Market Rent (2),Extracted from formula,MF Market Rent,Used in Unknown_Field_FQ2824 (FQ2824)
Market Rent (3),Extracted from formula,MF Market Rent,Used in Unknown_Field_FQ2824 (FQ2824)
Market Rent (2),Extracted from formula,MF Market Rent,Used in Unknown_Field_FR2824 (FR2824)
Market Rent (3),Extracted from formula,MF Market Rent,Used in Unknown_Field_FR2824 (FR2824)
Market Rent (2),Extracted from formula,MF Market Rent,Used in Unknown_Field_FQ2825 (FQ2825)
Market Rent (3),Extracted from formula,MF Market Rent,Used in Unknown_Field_FQ2825 (FQ2825)
Market Rent (2),Extracted from formula,MF Market Rent,Used in Unknown_Field_FR2825 (FR2825)
Market Rent (3),Extracted from formula,MF Market Rent,Used in Unknown_Field_FR2825 (FR2825)
Market Rent (2),Extracted from formula,MF Market Rent,Used in Unknown_Field_FQ2826 (FQ2826)
Market Rent (3),Extracted from formula,MF Market Rent,Used in Unknown_Field_FQ2826 (FQ2826)
Market Rent (2),Extracted from formula,MF Market Rent,Used in Unknown_Field_FR2826 (FR2826)
Market Rent (3),Extracted from formula,MF Market Rent,Used in Unknown_Field_FR2826 (FR2826)
Market Rent (2),Extracted from formula,MF Market Rent,Used in Unknown_Field_FQ2827 (FQ2827)
Market Rent (3),Extracted from formula,MF Market Rent,Used in Unknown_Field_FQ2827 (FQ2827)
Market Rent (2),Extracted from formula,MF Market Rent,Used in Unknown_Field_FR2827 (FR2827)
Market Rent (3),Extracted from formula,MF Market Rent,Used in Unknown_Field_FR2827 (FR2827)
Market Rent (2),Extracted from formula,MF Market Rent,Used in Unknown_Field_FQ2828 (FQ2828)
Market Rent (3),Extracted from formula,MF Market Rent,Used in Unknown_Field_FQ2828 (FQ2828)
Market Rent (2),Extracted from formula,MF Market Rent,Used in Unknown_Field_FR2828 (FR2828)
Market Rent (3),Extracted from formula,MF Market Rent,Used in Unknown_Field_FR2828 (FR2828)
Market Rent (2),Extracted from formula,MF Market Rent,Used in Unknown_Field_FQ2829 (FQ2829)
Market Rent (3),Extracted from formula,MF Market Rent,Used in Unknown_Field_FQ2829 (FQ2829)
Market Rent (2),Extracted from formula,MF Market Rent,Used in Unknown_Field_FR2829 (FR2829)
Market Rent (3),Extracted from formula,MF Market Rent,Used in Unknown_Field_FR2829 (FR2829)
Market Rent (2),Extracted from formula,MF Market Rent,Used in Unknown_Field_FQ2830 (FQ2830)
Market Rent (3),Extracted from formula,MF Market Rent,Used in Unknown_Field_FQ2830 (FQ2830)
Market Rent (2),Extracted from formula,MF Market Rent,Used in Unknown_Field_FR2830 (FR2830)
Market Rent (3),Extracted from formula,MF Market Rent,Used in Unknown_Field_FR2830 (FR2830)
Market Rent (2),Extracted from formula,MF Market Rent,Used in Unknown_Field_FQ2831 (FQ2831)
Market Rent (3),Extracted from formula,MF Market Rent,Used in Unknown_Field_FQ2831 (FQ2831)
Market Rent (2),Extracted from formula,MF Market Rent,Used in Unknown_Field_FR2831 (FR2831)
Market Rent (3),Extracted from formula,MF Market Rent,Used in Unknown_Field_FR2831 (FR2831)
Market Rent (2),Extracted from formula,MF Market Rent,Used in Unknown_Field_FQ2832 (FQ2832)
Market Rent (3),Extracted from formula,MF Market Rent,Used in Unknown_Field_FQ2832 (FQ2832)
Market Rent (2),Extracted from formula,MF Market Rent,Used in Unknown_Field_FR2832 (FR2832)
Market Rent (3),Extracted from formula,MF Market Rent,Used in Unknown_Field_FR2832 (FR2832)
Market Rent (2),Extracted from formula,MF Market Rent,Used in Unknown_Field_FQ2833 (FQ2833)
Market Rent (3),Extracted from formula,MF Market Rent,Used in Unknown_Field_FQ2833 (FQ2833)
Market Rent (2),Extracted from formula,MF Market Rent,Used in Unknown_Field_FR2833 (FR2833)
Market Rent (3),Extracted from formula,MF Market Rent,Used in Unknown_Field_FR2833 (FR2833)
Market Rent (2),Extracted from formula,MF Market Rent,Used in Unknown_Field_FQ2834 (FQ2834)
Market Rent (3),Extracted from formula,MF Market Rent,Used in Unknown_Field_FQ2834 (FQ2834)
Market Rent (2),Extracted from formula,MF Market Rent,Used in Unknown_Field_FR2834 (FR2834)
Market Rent (3),Extracted from formula,MF Market Rent,Used in Unknown_Field_FR2834 (FR2834)
Market Rent (2),Extracted from formula,MF Market Rent,Used in Unknown_Field_FQ2835 (FQ2835)
Market Rent (3),Extracted from formula,MF Market Rent,Used in Unknown_Field_FQ2835 (FQ2835)
Market Rent (2),Extracted from formula,MF Market Rent,Used in Unknown_Field_FR2835 (FR2835)
Market Rent (3),Extracted from formula,MF Market Rent,Used in Unknown_Field_FR2835 (FR2835)
Market Rent (2),Extracted from formula,MF Market Rent,Used in Unknown_Field_FQ2836 (FQ2836)
Market Rent (3),Extracted from formula,MF Market Rent,Used in Unknown_Field_FQ2836 (FQ2836)
Market Rent (2),Extracted from formula,MF Market Rent,Used in Unknown_Field_FR2836 (FR2836)
Market Rent (3),Extracted from formula,MF Market Rent,Used in Unknown_Field_FR2836 (FR2836)
Market Rent (2),Extracted from formula,MF Market Rent,Used in Unknown_Field_FQ2837 (FQ2837)
Market Rent (3),Extracted from formula,MF Market Rent,Used in Unknown_Field_FQ2837 (FQ2837)
Market Rent (2),Extracted from formula,MF Market Rent,Used in Unknown_Field_FR2837 (FR2837)
Market Rent (3),Extracted from formula,MF Market Rent,Used in Unknown_Field_FR2837 (FR2837)
Market Rent (2),Extracted from formula,MF Market Rent,Used in Unknown_Field_FQ2838 (FQ2838)
Market Rent (3),Extracted from formula,MF Market Rent,Used in Unknown_Field_FQ2838 (FQ2838)
Market Rent (2),Extracted from formula,MF Market Rent,Used in Unknown_Field_FR2838 (FR2838)
Market Rent (3),Extracted from formula,MF Market Rent,Used in Unknown_Field_FR2838 (FR2838)
Market Rent (2),Extracted from formula,MF Market Rent,Used in Unknown_Field_FQ2839 (FQ2839)
Market Rent (3),Extracted from formula,MF Market Rent,Used in Unknown_Field_FQ2839 (FQ2839)
Market Rent (2),Extracted from formula,MF Market Rent,Used in Unknown_Field_FR2839 (FR2839)
Market Rent (3),Extracted from formula,MF Market Rent,Used in Unknown_Field_FR2839 (FR2839)
Market Rent (2),Extracted from formula,MF Market Rent,Used in Unknown_Field_FQ2840 (FQ2840)
Market Rent (3),Extracted from formula,MF Market Rent,Used in Unknown_Field_FQ2840 (FQ2840)
Market Rent (2),Extracted from formula,MF Market Rent,Used in Unknown_Field_FR2840 (FR2840)
Market Rent (3),Extracted from formula,MF Market Rent,Used in Unknown_Field_FR2840 (FR2840)
Market Rent (2),Extracted from formula,MF Market Rent,Used in Unknown_Field_FQ2841 (FQ2841)
Market Rent (3),Extracted from formula,MF Market Rent,Used in Unknown_Field_FQ2841 (FQ2841)
Market Rent (2),Extracted from formula,MF Market Rent,Used in Unknown_Field_FR2841 (FR2841)
Market Rent (3),Extracted from formula,MF Market Rent,Used in Unknown_Field_FR2841 (FR2841)
Market Rent (2),Extracted from formula,MF Market Rent,Used in Unknown_Field_FQ2842 (FQ2842)
Market Rent (3),Extracted from formula,MF Market Rent,Used in Unknown_Field_FQ2842 (FQ2842)
Market Rent (2),Extracted from formula,MF Market Rent,Used in Unknown_Field_FR2842 (FR2842)
Market Rent (3),Extracted from formula,MF Market Rent,Used in Unknown_Field_FR2842 (FR2842)
Market Rent (2),Extracted from formula,MF Market Rent,Used in Unknown_Field_FQ2843 (FQ2843)
Market Rent (3),Extracted from formula,MF Market Rent,Used in Unknown_Field_FQ2843 (FQ2843)
Market Rent (2),Extracted from formula,MF Market Rent,Used in Unknown_Field_FR2843 (FR2843)
Market Rent (3),Extracted from formula,MF Market Rent,Used in Unknown_Field_FR2843 (FR2843)
Market Rent (2),Extracted from formula,MF Market Rent,Used in Unknown_Field_FQ2844 (FQ2844)
Market Rent (3),Extracted from formula,MF Market Rent,Used in Unknown_Field_FQ2844 (FQ2844)
Market Rent (2),Extracted from formula,MF Market Rent,Used in Unknown_Field_FR2844 (FR2844)
Market Rent (3),Extracted from formula,MF Market Rent,Used in Unknown_Field_FR2844 (FR2844)
Market Rent (2),Extracted from formula,MF Market Rent,Used in Unknown_Field_FQ2845 (FQ2845)
Market Rent (3),Extracted from formula,MF Market Rent,Used in Unknown_Field_FQ2845 (FQ2845)
Market Rent (2),Extracted from formula,MF Market Rent,Used in Unknown_Field_FR2845 (FR2845)
Market Rent (3),Extracted from formula,MF Market Rent,Used in Unknown_Field_FR2845 (FR2845)
Market Rent (2),Extracted from formula,MF Market Rent,Used in Unknown_Field_FQ2846 (FQ2846)
Market Rent (3),Extracted from formula,MF Market Rent,Used in Unknown_Field_FQ2846 (FQ2846)
Market Rent (2),Extracted from formula,MF Market Rent,Used in Unknown_Field_FR2846 (FR2846)
Market Rent (3),Extracted from formula,MF Market Rent,Used in Unknown_Field_FR2846 (FR2846)
Market Rent (2),Extracted from formula,MF Market Rent,Used in Unknown_Field_FQ2847 (FQ2847)
Market Rent (3),Extracted from formula,MF Market Rent,Used in Unknown_Field_FQ2847 (FQ2847)
Market Rent (2),Extracted from formula,MF Market Rent,Used in Unknown_Field_FR2847 (FR2847)
Market Rent (3),Extracted from formula,MF Market Rent,Used in Unknown_Field_FR2847 (FR2847)
Market Rent (2),Extracted from formula,MF Market Rent,Used in Unknown_Field_FQ2848 (FQ2848)
Market Rent (3),Extracted from formula,MF Market Rent,Used in Unknown_Field_FQ2848 (FQ2848)
Market Rent (2),Extracted from formula,MF Market Rent,Used in Unknown_Field_FR2848 (FR2848)
Market Rent (3),Extracted from formula,MF Market Rent,Used in Unknown_Field_FR2848 (FR2848)
Market Rent (2),Extracted from formula,MF Market Rent,Used in Unknown_Field_FQ2849 (FQ2849)
Market Rent (3),Extracted from formula,MF Market Rent,Used in Unknown_Field_FQ2849 (FQ2849)
Market Rent (2),Extracted from formula,MF Market Rent,Used in Unknown_Field_FR2849 (FR2849)
Market Rent (3),Extracted from formula,MF Market Rent,Used in Unknown_Field_FR2849 (FR2849)
Market Rent (2),Extracted from formula,MF Market Rent,Used in Unknown_Field_FQ2850 (FQ2850)
Market Rent (3),Extracted from formula,MF Market Rent,Used in Unknown_Field_FQ2850 (FQ2850)
Market Rent (2),Extracted from formula,MF Market Rent,Used in Unknown_Field_FR2850 (FR2850)
Market Rent (3),Extracted from formula,MF Market Rent,Used in Unknown_Field_FR2850 (FR2850)
Market Rent (2),Extracted from formula,MF Market Rent,Used in Unknown_Field_FQ2851 (FQ2851)
Market Rent (3),Extracted from formula,MF Market Rent,Used in Unknown_Field_FQ2851 (FQ2851)
Market Rent (2),Extracted from formula,MF Market Rent,Used in Unknown_Field_FR2851 (FR2851)
Market Rent (3),Extracted from formula,MF Market Rent,Used in Unknown_Field_FR2851 (FR2851)
Market Rent (2),Extracted from formula,MF Market Rent,Used in Unknown_Field_FQ2852 (FQ2852)
Market Rent (3),Extracted from formula,MF Market Rent,Used in Unknown_Field_FQ2852 (FQ2852)
Market Rent (2),Extracted from formula,MF Market Rent,Used in Unknown_Field_FR2852 (FR2852)
Market Rent (3),Extracted from formula,MF Market Rent,Used in Unknown_Field_FR2852 (FR2852)
Market Rent (2),Extracted from formula,MF Market Rent,Used in Unknown_Field_FQ2853 (FQ2853)
Market Rent (3),Extracted from formula,MF Market Rent,Used in Unknown_Field_FQ2853 (FQ2853)
Market Rent (2),Extracted from formula,MF Market Rent,Used in Unknown_Field_FR2853 (FR2853)
Market Rent (3),Extracted from formula,MF Market Rent,Used in Unknown_Field_FR2853 (FR2853)
Market Rent (2),Extracted from formula,MF Market Rent,Used in Unknown_Field_FQ2854 (FQ2854)
Market Rent (3),Extracted from formula,MF Market Rent,Used in Unknown_Field_FQ2854 (FQ2854)
Market Rent (2),Extracted from formula,MF Market Rent,Used in Unknown_Field_FR2854 (FR2854)
Market Rent (3),Extracted from formula,MF Market Rent,Used in Unknown_Field_FR2854 (FR2854)
Market Rent (2),Extracted from formula,MF Market Rent,Used in Unknown_Field_FQ2855 (FQ2855)
Market Rent (3),Extracted from formula,MF Market Rent,Used in Unknown_Field_FQ2855 (FQ2855)
Market Rent (2),Extracted from formula,MF Market Rent,Used in Unknown_Field_FR2855 (FR2855)
Market Rent (3),Extracted from formula,MF Market Rent,Used in Unknown_Field_FR2855 (FR2855)
Market Rent (2),Extracted from formula,MF Market Rent,Used in Unknown_Field_FQ2856 (FQ2856)
Market Rent (3),Extracted from formula,MF Market Rent,Used in Unknown_Field_FQ2856 (FQ2856)
Market Rent (2),Extracted from formula,MF Market Rent,Used in Unknown_Field_FR2856 (FR2856)
Market Rent (3),Extracted from formula,MF Market Rent,Used in Unknown_Field_FR2856 (FR2856)
Market Rent (2),Extracted from formula,MF Market Rent,Used in Unknown_Field_FQ2857 (FQ2857)
Market Rent (3),Extracted from formula,MF Market Rent,Used in Unknown_Field_FQ2857 (FQ2857)
Market Rent (2),Extracted from formula,MF Market Rent,Used in Unknown_Field_FR2857 (FR2857)
Market Rent (3),Extracted from formula,MF Market Rent,Used in Unknown_Field_FR2857 (FR2857)
Market Rent,Extracted from formula,MF Market Rent,Used in Utilities Adj. (FQ2907)
Market Rent,Extracted from formula,MF Market Rent,Used in Physical Charactertistics Adj (FR2907)
Market Rent,Extracted from formula,MF Market Rent,Used in Utilities Adj. (FQ2908)
Market Rent,Extracted from formula,MF Market Rent,Used in Physical Charactertistics Adj (FR2908)
Market Rent,Extracted from formula,MF Market Rent,Used in Utilities Adj. (FQ2909)
Market Rent,Extracted from formula,MF Market Rent,Used in Physical Charactertistics Adj (FR2909)
Market Rent,Extracted from formula,MF Market Rent,Used in Utilities Adj. (FQ2910)
Market Rent,Extracted from formula,MF Market Rent,Used in Physical Charactertistics Adj (FR2910)
Market Rent,Extracted from formula,MF Market Rent,Used in Utilities Adj. (FQ2911)
Market Rent,Extracted from formula,MF Market Rent,Used in Physical Charactertistics Adj (FR2911)
Market Rent,Extracted from formula,MF Market Rent,Used in Utilities Adj. (FQ2912)
Market Rent,Extracted from formula,MF Market Rent,Used in Physical Charactertistics Adj (FR2912)
Market Rent,Extracted from formula,MF Market Rent,Used in Utilities Adj. (FQ2913)
Market Rent,Extracted from formula,MF Market Rent,Used in Physical Charactertistics Adj (FR2913)
Market Rent,Extracted from formula,MF Market Rent,Used in Utilities Adj. (FQ2914)
Market Rent,Extracted from formula,MF Market Rent,Used in Physical Charactertistics Adj (FR2914)
Market Rent,Extracted from formula,MF Market Rent,Used in Unknown_Field_FQ2915 (FQ2915)
Market Rent,Extracted from formula,MF Market Rent,Used in Unknown_Field_FR2915 (FR2915)
Market Rent,Extracted from formula,MF Market Rent,Used in Unknown_Field_FQ2916 (FQ2916)
Market Rent,Extracted from formula,MF Market Rent,Used in Unknown_Field_FR2916 (FR2916)
Market Rent,Extracted from formula,MF Market Rent,Used in Unknown_Field_FQ2917 (FQ2917)
Market Rent,Extracted from formula,MF Market Rent,Used in Unknown_Field_FR2917 (FR2917)
Market Rent,Extracted from formula,MF Market Rent,Used in Unknown_Field_FQ2918 (FQ2918)
Market Rent,Extracted from formula,MF Market Rent,Used in Unknown_Field_FR2918 (FR2918)
Market Rent,Extracted from formula,MF Market Rent,Used in Unknown_Field_FQ2919 (FQ2919)
Market Rent,Extracted from formula,MF Market Rent,Used in Unknown_Field_FR2919 (FR2919)
Market Rent,Extracted from formula,MF Market Rent,Used in Unknown_Field_FQ2920 (FQ2920)
Market Rent,Extracted from formula,MF Market Rent,Used in Unknown_Field_FR2920 (FR2920)
Market Rent,Extracted from formula,MF Market Rent,Used in Unknown_Field_FQ2921 (FQ2921)
Market Rent,Extracted from formula,MF Market Rent,Used in Unknown_Field_FR2921 (FR2921)
Market Rent,Extracted from formula,MF Market Rent,Used in Unknown_Field_FQ2922 (FQ2922)
Market Rent,Extracted from formula,MF Market Rent,Used in Unknown_Field_FR2922 (FR2922)
Market Rent,Extracted from formula,MF Market Rent,Used in Unknown_Field_FQ2923 (FQ2923)
Market Rent,Extracted from formula,MF Market Rent,Used in Unknown_Field_FR2923 (FR2923)
Market Rent,Extracted from formula,MF Market Rent,Used in Unknown_Field_FQ2924 (FQ2924)
Market Rent,Extracted from formula,MF Market Rent,Used in Unknown_Field_FR2924 (FR2924)
Market Rent,Extracted from formula,MF Market Rent,Used in Unknown_Field_FQ2925 (FQ2925)
Market Rent,Extracted from formula,MF Market Rent,Used in Unknown_Field_FR2925 (FR2925)
Market Rent,Extracted from formula,MF Market Rent,Used in Unknown_Field_FQ2926 (FQ2926)
Market Rent,Extracted from formula,MF Market Rent,Used in Unknown_Field_FR2926 (FR2926)
Market Rent,Extracted from formula,MF Market Rent,Used in Unknown_Field_FQ2927 (FQ2927)
Market Rent,Extracted from formula,MF Market Rent,Used in Unknown_Field_FR2927 (FR2927)
Market Rent,Extracted from formula,MF Market Rent,Used in Unknown_Field_FQ2928 (FQ2928)
Market Rent,Extracted from formula,MF Market Rent,Used in Unknown_Field_FR2928 (FR2928)
Market Rent,Extracted from formula,MF Market Rent,Used in Unknown_Field_FQ2929 (FQ2929)
Market Rent,Extracted from formula,MF Market Rent,Used in Unknown_Field_FR2929 (FR2929)
Market Rent,Extracted from formula,MF Market Rent,Used in Unknown_Field_FQ2930 (FQ2930)
Market Rent,Extracted from formula,MF Market Rent,Used in Unknown_Field_FR2930 (FR2930)
Market Rent,Extracted from formula,MF Market Rent,Used in Unknown_Field_FQ2931 (FQ2931)
Market Rent,Extracted from formula,MF Market Rent,Used in Unknown_Field_FR2931 (FR2931)
Market Rent,Extracted from formula,MF Market Rent,Used in Unknown_Field_FQ2932 (FQ2932)
Market Rent,Extracted from formula,MF Market Rent,Used in Unknown_Field_FR2932 (FR2932)
Market Rent,Extracted from formula,MF Market Rent,Used in Unknown_Field_FQ2933 (FQ2933)
Market Rent,Extracted from formula,MF Market Rent,Used in Unknown_Field_FR2933 (FR2933)
Market Rent,Extracted from formula,MF Market Rent,Used in Unknown_Field_FQ2934 (FQ2934)
Market Rent,Extracted from formula,MF Market Rent,Used in Unknown_Field_FR2934 (FR2934)
Market Rent,Extracted from formula,MF Market Rent,Used in Unknown_Field_FQ2935 (FQ2935)
Market Rent,Extracted from formula,MF Market Rent,Used in Unknown_Field_FR2935 (FR2935)
Market Rent,Extracted from formula,MF Market Rent,Used in Unknown_Field_FQ2936 (FQ2936)
Market Rent,Extracted from formula,MF Market Rent,Used in Unknown_Field_FR2936 (FR2936)
Market Rent,Extracted from formula,MF Market Rent,Used in Unknown_Field_FQ2937 (FQ2937)
Market Rent,Extracted from formula,MF Market Rent,Used in Unknown_Field_FR2937 (FR2937)
Market Rent,Extracted from formula,MF Market Rent,Used in Unknown_Field_FQ2938 (FQ2938)
Market Rent,Extracted from formula,MF Market Rent,Used in Unknown_Field_FR2938 (FR2938)
Market Rent,Extracted from formula,MF Market Rent,Used in Unknown_Field_FQ2939 (FQ2939)
Market Rent,Extracted from formula,MF Market Rent,Used in Unknown_Field_FR2939 (FR2939)
Market Rent,Extracted from formula,MF Market Rent,Used in Unknown_Field_FQ2940 (FQ2940)
Market Rent,Extracted from formula,MF Market Rent,Used in Unknown_Field_FR2940 (FR2940)
Market Rent,Extracted from formula,MF Market Rent,Used in Unknown_Field_FQ2941 (FQ2941)
Market Rent,Extracted from formula,MF Market Rent,Used in Unknown_Field_FR2941 (FR2941)
Market Rent,Extracted from formula,MF Market Rent,Used in Unknown_Field_FQ2942 (FQ2942)
Market Rent,Extracted from formula,MF Market Rent,Used in Unknown_Field_FR2942 (FR2942)
Market Rent,Extracted from formula,MF Market Rent,Used in Unknown_Field_FQ2943 (FQ2943)
Market Rent,Extracted from formula,MF Market Rent,Used in Unknown_Field_FR2943 (FR2943)
Market Rent,Extracted from formula,MF Market Rent,Used in Unknown_Field_FQ2944 (FQ2944)
Market Rent,Extracted from formula,MF Market Rent,Used in Unknown_Field_FR2944 (FR2944)
Market Rent,Extracted from formula,MF Market Rent,Used in Unknown_Field_FQ2945 (FQ2945)
Market Rent,Extracted from formula,MF Market Rent,Used in Unknown_Field_FR2945 (FR2945)
Market Rent,Extracted from formula,MF Market Rent,Used in Unknown_Field_FQ2946 (FQ2946)
Market Rent,Extracted from formula,MF Market Rent,Used in Unknown_Field_FR2946 (FR2946)
Market Rent,Extracted from formula,MF Market Rent,Used in Unknown_Field_FQ2947 (FQ2947)
Market Rent,Extracted from formula,MF Market Rent,Used in Unknown_Field_FR2947 (FR2947)
Market Rent,Extracted from formula,MF Market Rent,Used in Unknown_Field_FQ2948 (FQ2948)
Market Rent,Extracted from formula,MF Market Rent,Used in Unknown_Field_FR2948 (FR2948)
Market Rent,Extracted from formula,MF Market Rent,Used in Unknown_Field_FQ2949 (FQ2949)
Market Rent,Extracted from formula,MF Market Rent,Used in Unknown_Field_FR2949 (FR2949)
Market Rent,Extracted from formula,MF Market Rent,Used in Unknown_Field_FQ2950 (FQ2950)
Market Rent,Extracted from formula,MF Market Rent,Used in Unknown_Field_FR2950 (FR2950)
Market Rent,Extracted from formula,MF Market Rent,Used in Unknown_Field_FQ2951 (FQ2951)
Market Rent,Extracted from formula,MF Market Rent,Used in Unknown_Field_FR2951 (FR2951)
Market Rent,Extracted from formula,MF Market Rent,Used in Unknown_Field_FQ2952 (FQ2952)
Market Rent,Extracted from formula,MF Market Rent,Used in Unknown_Field_FR2952 (FR2952)
Market Rent,Extracted from formula,MF Market Rent,Used in Unknown_Field_FQ2953 (FQ2953)
Market Rent,Extracted from formula,MF Market Rent,Used in Unknown_Field_FR2953 (FR2953)
Market Rent,Extracted from formula,MF Market Rent,Used in Unknown_Field_FQ2954 (FQ2954)
Market Rent,Extracted from formula,MF Market Rent,Used in Unknown_Field_FR2954 (FR2954)
Market Rent,Extracted from formula,MF Market Rent,Used in Unknown_Field_FQ2955 (FQ2955)
Market Rent,Extracted from formula,MF Market Rent,Used in Unknown_Field_FR2955 (FR2955)
Market Rent,Extracted from formula,MF Market Rent,Used in Unknown_Field_FQ2956 (FQ2956)
Market Rent,Extracted from formula,MF Market Rent,Used in Unknown_Field_FR2956 (FR2956)
Market Rent,Extracted from formula,MF Market Rent,Used in Unknown_Field_FQ2957 (FQ2957)
Market Rent,Extracted from formula,MF Market Rent,Used in Unknown_Field_FR2957 (FR2957)
Market Rent,Extracted from formula,MF Market Rent,Used in Unknown_Field_FQ2958 (FQ2958)
Market Rent,Extracted from formula,MF Market Rent,Used in Unknown_Field_FR2958 (FR2958)
Market Rent,Extracted from formula,MF Market Rent,Used in Unknown_Field_FQ2959 (FQ2959)
Market Rent,Extracted from formula,MF Market Rent,Used in Unknown_Field_FR2959 (FR2959)
Market Rent,Extracted from formula,MF Market Rent,Used in Unknown_Field_FQ2960 (FQ2960)
Market Rent,Extracted from formula,MF Market Rent,Used in Unknown_Field_FR2960 (FR2960)
Market Rent,Extracted from formula,MF Market Rent,Used in Unknown_Field_FQ2961 (FQ2961)
Market Rent,Extracted from formula,MF Market Rent,Used in Unknown_Field_FR2961 (FR2961)
Market Rent,Extracted from formula,MF Market Rent,Used in Unknown_Field_FQ2962 (FQ2962)
Market Rent,Extracted from formula,MF Market Rent,Used in Unknown_Field_FR2962 (FR2962)
Market Rent,Extracted from formula,MF Market Rent,Used in Unknown_Field_FQ2963 (FQ2963)
Market Rent,Extracted from formula,MF Market Rent,Used in Unknown_Field_FR2963 (FR2963)
Market Rent,Extracted from formula,MF Market Rent,Used in Unknown_Field_FQ2964 (FQ2964)
Market Rent,Extracted from formula,MF Market Rent,Used in Unknown_Field_FR2964 (FR2964)
Market Rent,Extracted from formula,MF Market Rent,Used in Unknown_Field_FQ2965 (FQ2965)
Market Rent,Extracted from formula,MF Market Rent,Used in Unknown_Field_FR2965 (FR2965)
Market Rent,Extracted from formula,MF Market Rent,Used in Unknown_Field_FQ2966 (FQ2966)
Market Rent,Extracted from formula,MF Market Rent,Used in Unknown_Field_FR2966 (FR2966)
Market Rent,Extracted from formula,MF Market Rent,Used in Unknown_Field_FQ2967 (FQ2967)
Market Rent,Extracted from formula,MF Market Rent,Used in Unknown_Field_FR2967 (FR2967)
Market Rent,Extracted from formula,MF Market Rent,Used in Unknown_Field_FQ2968 (FQ2968)
Market Rent,Extracted from formula,MF Market Rent,Used in Unknown_Field_FR2968 (FR2968)
Market Rent,Extracted from formula,MF Market Rent,Used in Unknown_Field_FQ2969 (FQ2969)
Market Rent,Extracted from formula,MF Market Rent,Used in Unknown_Field_FR2969 (FR2969)
Market Rent,Extracted from formula,MF Market Rent,Used in Unknown_Field_FQ2970 (FQ2970)
Market Rent,Extracted from formula,MF Market Rent,Used in Unknown_Field_FR2970 (FR2970)
Market Rent,Extracted from formula,MF Market Rent,Used in Unknown_Field_FQ2971 (FQ2971)
Market Rent,Extracted from formula,MF Market Rent,Used in Unknown_Field_FR2971 (FR2971)
Market Rent,Extracted from formula,MF Market Rent,Used in Unknown_Field_FQ2972 (FQ2972)
Market Rent,Extracted from formula,MF Market Rent,Used in Unknown_Field_FR2972 (FR2972)
Market Rent,Extracted from formula,MF Market Rent,Used in Unknown_Field_FQ2973 (FQ2973)
Market Rent,Extracted from formula,MF Market Rent,Used in Unknown_Field_FR2973 (FR2973)
Market Rent,Extracted from formula,MF Market Rent,Used in Unknown_Field_FQ2974 (FQ2974)
Market Rent,Extracted from formula,MF Market Rent,Used in Unknown_Field_FR2974 (FR2974)
Market Rent,Extracted from formula,MF Market Rent,Used in Unknown_Field_FQ2975 (FQ2975)
Market Rent,Extracted from formula,MF Market Rent,Used in Unknown_Field_FR2975 (FR2975)
Market Rent,Extracted from formula,MF Market Rent,Used in Unknown_Field_FQ2976 (FQ2976)
Market Rent,Extracted from formula,MF Market Rent,Used in Unknown_Field_FR2976 (FR2976)
Market Rent,Extracted from formula,MF Market Rent,Used in Unknown_Field_FQ2977 (FQ2977)
Market Rent,Extracted from formula,MF Market Rent,Used in Unknown_Field_FR2977 (FR2977)
Market Rent,Extracted from formula,MF Market Rent,Used in Unknown_Field_FQ2978 (FQ2978)
Market Rent,Extracted from formula,MF Market Rent,Used in Unknown_Field_FR2978 (FR2978)
Market Rent,Extracted from formula,MF Market Rent,Used in Unknown_Field_FQ2979 (FQ2979)
Market Rent,Extracted from formula,MF Market Rent,Used in Unknown_Field_FR2979 (FR2979)
Market Rent,Extracted from formula,MF Market Rent,Used in Unknown_Field_FQ2980 (FQ2980)
Market Rent,Extracted from formula,MF Market Rent,Used in Unknown_Field_FR2980 (FR2980)
Market Rent,Extracted from formula,MF Market Rent,Used in Unknown_Field_FQ2981 (FQ2981)
Market Rent,Extracted from formula,MF Market Rent,Used in Unknown_Field_FR2981 (FR2981)
Market Rent,Extracted from formula,MF Market Rent,Used in Unknown_Field_FQ2982 (FQ2982)
Market Rent,Extracted from formula,MF Market Rent,Used in Unknown_Field_FR2982 (FR2982)
Market Rent,Extracted from formula,MF Market Rent,Used in Unknown_Field_FQ2983 (FQ2983)
Market Rent,Extracted from formula,MF Market Rent,Used in Unknown_Field_FR2983 (FR2983)
Market Rent,Extracted from formula,MF Market Rent,Used in Unknown_Field_FQ2984 (FQ2984)
Market Rent,Extracted from formula,MF Market Rent,Used in Unknown_Field_FR2984 (FR2984)
Market Rent,Extracted from formula,MF Market Rent,Used in Unknown_Field_FQ2985 (FQ2985)
Market Rent,Extracted from formula,MF Market Rent,Used in Unknown_Field_FR2985 (FR2985)
Market Rent,Extracted from formula,MF Market Rent,Used in Unknown_Field_FQ2986 (FQ2986)
Market Rent,Extracted from formula,MF Market Rent,Used in Unknown_Field_FR2986 (FR2986)
Market Rent,Extracted from formula,MF Market Rent,Used in Unknown_Field_FQ2987 (FQ2987)
Market Rent,Extracted from formula,MF Market Rent,Used in Unknown_Field_FR2987 (FR2987)
Market Rent,Extracted from formula,MF Market Rent,Used in Unknown_Field_FQ2988 (FQ2988)
Market Rent,Extracted from formula,MF Market Rent,Used in Unknown_Field_FR2988 (FR2988)
Market Rent,Extracted from formula,MF Market Rent,Used in Unknown_Field_FQ2989 (FQ2989)
Market Rent,Extracted from formula,MF Market Rent,Used in Unknown_Field_FR2989 (FR2989)
Market Rent,Extracted from formula,MF Market Rent,Used in Unknown_Field_FQ2990 (FQ2990)
Market Rent,Extracted from formula,MF Market Rent,Used in Unknown_Field_FR2990 (FR2990)
Market Rent,Extracted from formula,MF Market Rent,Used in Unknown_Field_FQ2991 (FQ2991)
Market Rent,Extracted from formula,MF Market Rent,Used in Unknown_Field_FR2991 (FR2991)
Market Rent,Extracted from formula,MF Market Rent,Used in Unknown_Field_FQ2992 (FQ2992)
Market Rent,Extracted from formula,MF Market Rent,Used in Unknown_Field_FR2992 (FR2992)
Market Rent,Extracted from formula,MF Market Rent,Used in Unknown_Field_FQ2993 (FQ2993)
Market Rent,Extracted from formula,MF Market Rent,Used in Unknown_Field_FR2993 (FR2993)
Market Rent,Extracted from formula,MF Market Rent,Used in Unknown_Field_FQ2994 (FQ2994)
Market Rent,Extracted from formula,MF Market Rent,Used in Unknown_Field_FR2994 (FR2994)
Market Rent,Extracted from formula,MF Market Rent,Used in Unknown_Field_FQ2995 (FQ2995)
Market Rent,Extracted from formula,MF Market Rent,Used in Unknown_Field_FR2995 (FR2995)
Market Rent,Extracted from formula,MF Market Rent,Used in Unknown_Field_FQ2996 (FQ2996)
Market Rent,Extracted from formula,MF Market Rent,Used in Unknown_Field_FR2996 (FR2996)
Market Rent,Extracted from formula,MF Market Rent,Used in Unknown_Field_FQ2997 (FQ2997)
Market Rent,Extracted from formula,MF Market Rent,Used in Unknown_Field_FR2997 (FR2997)
Market Rent,Extracted from formula,MF Market Rent,Used in Unknown_Field_FQ2998 (FQ2998)
Market Rent,Extracted from formula,MF Market Rent,Used in Unknown_Field_FR2998 (FR2998)
Market Rent,Extracted from formula,MF Market Rent,Used in Unknown_Field_FQ2999 (FQ2999)
Market Rent,Extracted from formula,MF Market Rent,Used in Unknown_Field_FR2999 (FR2999)
Market Rent,Extracted from formula,MF Market Rent,Used in Unknown_Field_FQ3000 (FQ3000)
Market Rent,Extracted from formula,MF Market Rent,Used in Unknown_Field_FR3000 (FR3000)
Market Rent,Extracted from formula,MF Market Rent,Used in Unknown_Field_FQ3001 (FQ3001)
Market Rent,Extracted from formula,MF Market Rent,Used in Unknown_Field_FR3001 (FR3001)
Market Rent,Extracted from formula,MF Market Rent,Used in Unknown_Field_FQ3002 (FQ3002)
Market Rent,Extracted from formula,MF Market Rent,Used in Unknown_Field_FR3002 (FR3002)
Market Rent,Extracted from formula,MF Market Rent,Used in Unknown_Field_FQ3003 (FQ3003)
Market Rent,Extracted from formula,MF Market Rent,Used in Unknown_Field_FR3003 (FR3003)
Market Rent,Extracted from formula,MF Market Rent,Used in Unknown_Field_FQ3004 (FQ3004)
Market Rent,Extracted from formula,MF Market Rent,Used in Unknown_Field_FR3004 (FR3004)
Market Rent,Extracted from formula,MF Market Rent,Used in Unknown_Field_FQ3005 (FQ3005)
Market Rent,Extracted from formula,MF Market Rent,Used in Unknown_Field_FR3005 (FR3005)
Market Rent,Extracted from formula,MF Market Rent,Used in Unknown_Field_FQ3006 (FQ3006)
Market Rent,Extracted from formula,MF Market Rent,Used in Unknown_Field_FR3006 (FR3006)
Market Rent,Extracted from formula,MF Market Rent,Used in Unknown_Field_FQ3007 (FQ3007)
Market Rent,Extracted from formula,MF Market Rent,Used in Unknown_Field_FR3007 (FR3007)
Market Rent,Extracted from formula,MF Market Rent,Used in Unknown_Field_FQ3008 (FQ3008)
Market Rent,Extracted from formula,MF Market Rent,Used in Unknown_Field_FR3008 (FR3008)
Market Rent,Extracted from formula,MF Market Rent,Used in Unknown_Field_FQ3009 (FQ3009)
Market Rent,Extracted from formula,MF Market Rent,Used in Unknown_Field_FR3009 (FR3009)
Market Rent,Extracted from formula,MF Market Rent,Used in Unknown_Field_FQ3010 (FQ3010)
Market Rent,Extracted from formula,MF Market Rent,Used in Unknown_Field_FR3010 (FR3010)
Market Rent,Extracted from formula,MF Market Rent,Used in Unknown_Field_FQ3011 (FQ3011)
Market Rent,Extracted from formula,MF Market Rent,Used in Unknown_Field_FR3011 (FR3011)
Market Rent,Extracted from formula,MF Market Rent,Used in Unknown_Field_FQ3012 (FQ3012)
Market Rent,Extracted from formula,MF Market Rent,Used in Unknown_Field_FR3012 (FR3012)
Market Rent,Extracted from formula,MF Market Rent,Used in Unknown_Field_FQ3013 (FQ3013)
Market Rent,Extracted from formula,MF Market Rent,Used in Unknown_Field_FR3013 (FR3013)
Market Rent,Extracted from formula,MF Market Rent,Used in Unknown_Field_FQ3014 (FQ3014)
Market Rent,Extracted from formula,MF Market Rent,Used in Unknown_Field_FR3014 (FR3014)
Market Rent,Extracted from formula,MF Market Rent,Used in Unknown_Field_FQ3015 (FQ3015)
Market Rent,Extracted from formula,MF Market Rent,Used in Unknown_Field_FR3015 (FR3015)
Market Rent,Extracted from formula,MF Market Rent,Used in Unknown_Field_FQ3016 (FQ3016)
Market Rent,Extracted from formula,MF Market Rent,Used in Unknown_Field_FR3016 (FR3016)
Market Rent,Extracted from formula,MF Market Rent,Used in Unknown_Field_FQ3017 (FQ3017)
Market Rent,Extracted from formula,MF Market Rent,Used in Unknown_Field_FR3017 (FR3017)
Market Rent,Extracted from formula,MF Market Rent,Used in Unknown_Field_FQ3018 (FQ3018)
Market Rent,Extracted from formula,MF Market Rent,Used in Unknown_Field_FR3018 (FR3018)
Market Rent,Extracted from formula,MF Market Rent,Used in Unknown_Field_FQ3019 (FQ3019)
Market Rent,Extracted from formula,MF Market Rent,Used in Unknown_Field_FR3019 (FR3019)
Market Rent,Extracted from formula,MF Market Rent,Used in Unknown_Field_FQ3020 (FQ3020)
Market Rent,Extracted from formula,MF Market Rent,Used in Unknown_Field_FR3020 (FR3020)
Market Rent,Extracted from formula,MF Market Rent,Used in Unknown_Field_FQ3021 (FQ3021)
Market Rent,Extracted from formula,MF Market Rent,Used in Unknown_Field_FR3021 (FR3021)
Market Rent,Extracted from formula,MF Market Rent,Used in Unknown_Field_FQ3022 (FQ3022)
Market Rent,Extracted from formula,MF Market Rent,Used in Unknown_Field_FR3022 (FR3022)
Market Rent,Extracted from formula,MF Market Rent,Used in Unknown_Field_FQ3023 (FQ3023)
Market Rent,Extracted from formula,MF Market Rent,Used in Unknown_Field_FR3023 (FR3023)
Market Rent,Extracted from formula,MF Market Rent,Used in Unknown_Field_FQ3024 (FQ3024)
Market Rent,Extracted from formula,MF Market Rent,Used in Unknown_Field_FR3024 (FR3024)
Market Rent,Extracted from formula,MF Market Rent,Used in Unknown_Field_FQ3025 (FQ3025)
Market Rent,Extracted from formula,MF Market Rent,Used in Unknown_Field_FR3025 (FR3025)
Market Rent,Extracted from formula,MF Market Rent,Used in Unknown_Field_FQ3026 (FQ3026)
Market Rent,Extracted from formula,MF Market Rent,Used in Unknown_Field_FR3026 (FR3026)
Market Rent (2),Extracted from formula,MF Market Rent,Used in Unknown_Field_FQ3027 (FQ3027)
Market Rent (3),Extracted from formula,MF Market Rent,Used in Unknown_Field_FQ3027 (FQ3027)
Market Rent (2),Extracted from formula,MF Market Rent,Used in Unknown_Field_FR3027 (FR3027)
Market Rent (3),Extracted from formula,MF Market Rent,Used in Unknown_Field_FR3027 (FR3027)
Market Rent (2),Extracted from formula,MF Market Rent,Used in Unknown_Field_FQ3028 (FQ3028)
Market Rent (3),Extracted from formula,MF Market Rent,Used in Unknown_Field_FQ3028 (FQ3028)
Market Rent (2),Extracted from formula,MF Market Rent,Used in Unknown_Field_FR3028 (FR3028)
Market Rent (3),Extracted from formula,MF Market Rent,Used in Unknown_Field_FR3028 (FR3028)
Market Rent (2),Extracted from formula,MF Market Rent,Used in Unknown_Field_FQ3029 (FQ3029)
Market Rent (3),Extracted from formula,MF Market Rent,Used in Unknown_Field_FQ3029 (FQ3029)
Market Rent (2),Extracted from formula,MF Market Rent,Used in Unknown_Field_FR3029 (FR3029)
Market Rent (3),Extracted from formula,MF Market Rent,Used in Unknown_Field_FR3029 (FR3029)
Market Rent (2),Extracted from formula,MF Market Rent,Used in Unknown_Field_FQ3030 (FQ3030)
Market Rent (3),Extracted from formula,MF Market Rent,Used in Unknown_Field_FQ3030 (FQ3030)
Market Rent (2),Extracted from formula,MF Market Rent,Used in Unknown_Field_FR3030 (FR3030)
Market Rent (3),Extracted from formula,MF Market Rent,Used in Unknown_Field_FR3030 (FR3030)
Market Rent (2),Extracted from formula,MF Market Rent,Used in Unknown_Field_FQ3031 (FQ3031)
Market Rent (3),Extracted from formula,MF Market Rent,Used in Unknown_Field_FQ3031 (FQ3031)
Market Rent (2),Extracted from formula,MF Market Rent,Used in Unknown_Field_FR3031 (FR3031)
Market Rent (3),Extracted from formula,MF Market Rent,Used in Unknown_Field_FR3031 (FR3031)
Market Rent (2),Extracted from formula,MF Market Rent,Used in Unknown_Field_FQ3032 (FQ3032)
Market Rent (3),Extracted from formula,MF Market Rent,Used in Unknown_Field_FQ3032 (FQ3032)
Market Rent (2),Extracted from formula,MF Market Rent,Used in Unknown_Field_FR3032 (FR3032)
Market Rent (3),Extracted from formula,MF Market Rent,Used in Unknown_Field_FR3032 (FR3032)
Market Rent (2),Extracted from formula,MF Market Rent,Used in Unknown_Field_FQ3033 (FQ3033)
Market Rent (3),Extracted from formula,MF Market Rent,Used in Unknown_Field_FQ3033 (FQ3033)
Market Rent (2),Extracted from formula,MF Market Rent,Used in Unknown_Field_FR3033 (FR3033)
Market Rent (3),Extracted from formula,MF Market Rent,Used in Unknown_Field_FR3033 (FR3033)
Market Rent (2),Extracted from formula,MF Market Rent,Used in Unknown_Field_FQ3034 (FQ3034)
Market Rent (3),Extracted from formula,MF Market Rent,Used in Unknown_Field_FQ3034 (FQ3034)
Market Rent (2),Extracted from formula,MF Market Rent,Used in Unknown_Field_FR3034 (FR3034)
Market Rent (3),Extracted from formula,MF Market Rent,Used in Unknown_Field_FR3034 (FR3034)
Market Rent (2),Extracted from formula,MF Market Rent,Used in Unknown_Field_FQ3035 (FQ3035)
Market Rent (3),Extracted from formula,MF Market Rent,Used in Unknown_Field_FQ3035 (FQ3035)
Market Rent (2),Extracted from formula,MF Market Rent,Used in Unknown_Field_FR3035 (FR3035)
Market Rent (3),Extracted from formula,MF Market Rent,Used in Unknown_Field_FR3035 (FR3035)
Market Rent (2),Extracted from formula,MF Market Rent,Used in Unknown_Field_FQ3036 (FQ3036)
Market Rent (3),Extracted from formula,MF Market Rent,Used in Unknown_Field_FQ3036 (FQ3036)
Market Rent (2),Extracted from formula,MF Market Rent,Used in Unknown_Field_FR3036 (FR3036)
Market Rent (3),Extracted from formula,MF Market Rent,Used in Unknown_Field_FR3036 (FR3036)
Market Rent (2),Extracted from formula,MF Market Rent,Used in Unknown_Field_FQ3037 (FQ3037)
Market Rent (3),Extracted from formula,MF Market Rent,Used in Unknown_Field_FQ3037 (FQ3037)
Market Rent (2),Extracted from formula,MF Market Rent,Used in Unknown_Field_FR3037 (FR3037)
Market Rent (3),Extracted from formula,MF Market Rent,Used in Unknown_Field_FR3037 (FR3037)
Market Rent (2),Extracted from formula,MF Market Rent,Used in Unknown_Field_FQ3038 (FQ3038)
Market Rent (3),Extracted from formula,MF Market Rent,Used in Unknown_Field_FQ3038 (FQ3038)
Market Rent (2),Extracted from formula,MF Market Rent,Used in Unknown_Field_FR3038 (FR3038)
Market Rent (3),Extracted from formula,MF Market Rent,Used in Unknown_Field_FR3038 (FR3038)
Market Rent (2),Extracted from formula,MF Market Rent,Used in Unknown_Field_FQ3039 (FQ3039)
Market Rent (3),Extracted from formula,MF Market Rent,Used in Unknown_Field_FQ3039 (FQ3039)
Market Rent (2),Extracted from formula,MF Market Rent,Used in Unknown_Field_FR3039 (FR3039)
Market Rent (3),Extracted from formula,MF Market Rent,Used in Unknown_Field_FR3039 (FR3039)
Market Rent (2),Extracted from formula,MF Market Rent,Used in Unknown_Field_FQ3040 (FQ3040)
Market Rent (3),Extracted from formula,MF Market Rent,Used in Unknown_Field_FQ3040 (FQ3040)
Market Rent (2),Extracted from formula,MF Market Rent,Used in Unknown_Field_FR3040 (FR3040)
Market Rent (3),Extracted from formula,MF Market Rent,Used in Unknown_Field_FR3040 (FR3040)
Market Rent (2),Extracted from formula,MF Market Rent,Used in Unknown_Field_FQ3041 (FQ3041)
Market Rent (3),Extracted from formula,MF Market Rent,Used in Unknown_Field_FQ3041 (FQ3041)
Market Rent (2),Extracted from formula,MF Market Rent,Used in Unknown_Field_FR3041 (FR3041)
Market Rent (3),Extracted from formula,MF Market Rent,Used in Unknown_Field_FR3041 (FR3041)
Market Rent (2),Extracted from formula,MF Market Rent,Used in Unknown_Field_FQ3042 (FQ3042)
Market Rent (3),Extracted from formula,MF Market Rent,Used in Unknown_Field_FQ3042 (FQ3042)
Market Rent (2),Extracted from formula,MF Market Rent,Used in Unknown_Field_FR3042 (FR3042)
Market Rent (3),Extracted from formula,MF Market Rent,Used in Unknown_Field_FR3042 (FR3042)
Market Rent (2),Extracted from formula,MF Market Rent,Used in Unknown_Field_FQ3043 (FQ3043)
Market Rent (3),Extracted from formula,MF Market Rent,Used in Unknown_Field_FQ3043 (FQ3043)
Market Rent (2),Extracted from formula,MF Market Rent,Used in Unknown_Field_FR3043 (FR3043)
Market Rent (3),Extracted from formula,MF Market Rent,Used in Unknown_Field_FR3043 (FR3043)
Market Rent (2),Extracted from formula,MF Market Rent,Used in Unknown_Field_FQ3044 (FQ3044)
Market Rent (3),Extracted from formula,MF Market Rent,Used in Unknown_Field_FQ3044 (FQ3044)
Market Rent (2),Extracted from formula,MF Market Rent,Used in Unknown_Field_FR3044 (FR3044)
Market Rent (3),Extracted from formula,MF Market Rent,Used in Unknown_Field_FR3044 (FR3044)
Market Rent (2),Extracted from formula,MF Market Rent,Used in Unknown_Field_FQ3045 (FQ3045)
Market Rent (3),Extracted from formula,MF Market Rent,Used in Unknown_Field_FQ3045 (FQ3045)
Market Rent (2),Extracted from formula,MF Market Rent,Used in Unknown_Field_FR3045 (FR3045)
Market Rent (3),Extracted from formula,MF Market Rent,Used in Unknown_Field_FR3045 (FR3045)
Market Rent (2),Extracted from formula,MF Market Rent,Used in Unknown_Field_FQ3046 (FQ3046)
Market Rent (3),Extracted from formula,MF Market Rent,Used in Unknown_Field_FQ3046 (FQ3046)
Market Rent (2),Extracted from formula,MF Market Rent,Used in Unknown_Field_FR3046 (FR3046)
Market Rent (3),Extracted from formula,MF Market Rent,Used in Unknown_Field_FR3046 (FR3046)
Market Rent (2),Extracted from formula,MF Market Rent,Used in Unknown_Field_FQ3047 (FQ3047)
Market Rent (3),Extracted from formula,MF Market Rent,Used in Unknown_Field_FQ3047 (FQ3047)
Market Rent (2),Extracted from formula,MF Market Rent,Used in Unknown_Field_FR3047 (FR3047)
Market Rent (3),Extracted from formula,MF Market Rent,Used in Unknown_Field_FR3047 (FR3047)
Market Rent (2),Extracted from formula,MF Market Rent,Used in Unknown_Field_FQ3048 (FQ3048)
Market Rent (3),Extracted from formula,MF Market Rent,Used in Unknown_Field_FQ3048 (FQ3048)
Market Rent (2),Extracted from formula,MF Market Rent,Used in Unknown_Field_FR3048 (FR3048)
Market Rent (3),Extracted from formula,MF Market Rent,Used in Unknown_Field_FR3048 (FR3048)
Market Rent (2),Extracted from formula,MF Market Rent,Used in Unknown_Field_FQ3049 (FQ3049)
Market Rent (3),Extracted from formula,MF Market Rent,Used in Unknown_Field_FQ3049 (FQ3049)
Market Rent (2),Extracted from formula,MF Market Rent,Used in Unknown_Field_FR3049 (FR3049)
Market Rent (3),Extracted from formula,MF Market Rent,Used in Unknown_Field_FR3049 (FR3049)
Market Rent (2),Extracted from formula,MF Market Rent,Used in Unknown_Field_FQ3050 (FQ3050)
Market Rent (3),Extracted from formula,MF Market Rent,Used in Unknown_Field_FQ3050 (FQ3050)
Market Rent (2),Extracted from formula,MF Market Rent,Used in Unknown_Field_FR3050 (FR3050)
Market Rent (3),Extracted from formula,MF Market Rent,Used in Unknown_Field_FR3050 (FR3050)
Market Rent (2),Extracted from formula,MF Market Rent,Used in Unknown_Field_FQ3051 (FQ3051)
Market Rent (3),Extracted from formula,MF Market Rent,Used in Unknown_Field_FQ3051 (FQ3051)
Market Rent (2),Extracted from formula,MF Market Rent,Used in Unknown_Field_FR3051 (FR3051)
Market Rent (3),Extracted from formula,MF Market Rent,Used in Unknown_Field_FR3051 (FR3051)
Market Rent (2),Extracted from formula,MF Market Rent,Used in Unknown_Field_FQ3052 (FQ3052)
Market Rent (3),Extracted from formula,MF Market Rent,Used in Unknown_Field_FQ3052 (FQ3052)
Market Rent (2),Extracted from formula,MF Market Rent,Used in Unknown_Field_FR3052 (FR3052)
Market Rent (3),Extracted from formula,MF Market Rent,Used in Unknown_Field_FR3052 (FR3052)
Market Rent (2),Extracted from formula,MF Market Rent,Used in Unknown_Field_FQ3053 (FQ3053)
Market Rent (3),Extracted from formula,MF Market Rent,Used in Unknown_Field_FQ3053 (FQ3053)
Market Rent (2),Extracted from formula,MF Market Rent,Used in Unknown_Field_FR3053 (FR3053)
Market Rent (3),Extracted from formula,MF Market Rent,Used in Unknown_Field_FR3053 (FR3053)
Market Rent (2),Extracted from formula,MF Market Rent,Used in Unknown_Field_FQ3054 (FQ3054)
Market Rent (3),Extracted from formula,MF Market Rent,Used in Unknown_Field_FQ3054 (FQ3054)
Market Rent (2),Extracted from formula,MF Market Rent,Used in Unknown_Field_FR3054 (FR3054)
Market Rent (3),Extracted from formula,MF Market Rent,Used in Unknown_Field_FR3054 (FR3054)
Market Rent (2),Extracted from formula,MF Market Rent,Used in Unknown_Field_FQ3055 (FQ3055)
Market Rent (3),Extracted from formula,MF Market Rent,Used in Unknown_Field_FQ3055 (FQ3055)
Market Rent (2),Extracted from formula,MF Market Rent,Used in Unknown_Field_FR3055 (FR3055)
Market Rent (3),Extracted from formula,MF Market Rent,Used in Unknown_Field_FR3055 (FR3055)
Market Rent (2),Extracted from formula,MF Market Rent,Used in Unknown_Field_FQ3056 (FQ3056)
Market Rent (3),Extracted from formula,MF Market Rent,Used in Unknown_Field_FQ3056 (FQ3056)
Market Rent (2),Extracted from formula,MF Market Rent,Used in Unknown_Field_FR3056 (FR3056)
Market Rent (3),Extracted from formula,MF Market Rent,Used in Unknown_Field_FR3056 (FR3056)
Market Rent (2),Extracted from formula,MF Market Rent,Used in Unknown_Field_FQ3057 (FQ3057)
Market Rent (3),Extracted from formula,MF Market Rent,Used in Unknown_Field_FQ3057 (FQ3057)
Market Rent (2),Extracted from formula,MF Market Rent,Used in Unknown_Field_FR3057 (FR3057)
Market Rent (3),Extracted from formula,MF Market Rent,Used in Unknown_Field_FR3057 (FR3057)
Market Rent (2),Extracted from formula,MF Market Rent,Used in Unknown_Field_FQ3058 (FQ3058)
Market Rent (3),Extracted from formula,MF Market Rent,Used in Unknown_Field_FQ3058 (FQ3058)
Market Rent (2),Extracted from formula,MF Market Rent,Used in Unknown_Field_FR3058 (FR3058)
Market Rent (3),Extracted from formula,MF Market Rent,Used in Unknown_Field_FR3058 (FR3058)
Market Rent (2),Extracted from formula,MF Market Rent,Used in Unknown_Field_FQ3059 (FQ3059)
Market Rent (3),Extracted from formula,MF Market Rent,Used in Unknown_Field_FQ3059 (FQ3059)
Market Rent (2),Extracted from formula,MF Market Rent,Used in Unknown_Field_FR3059 (FR3059)
Market Rent (3),Extracted from formula,MF Market Rent,Used in Unknown_Field_FR3059 (FR3059)
Market Rent (2),Extracted from formula,MF Market Rent,Used in Unknown_Field_FQ3060 (FQ3060)
Market Rent (3),Extracted from formula,MF Market Rent,Used in Unknown_Field_FQ3060 (FQ3060)
Market Rent (2),Extracted from formula,MF Market Rent,Used in Unknown_Field_FR3060 (FR3060)
Market Rent (3),Extracted from formula,MF Market Rent,Used in Unknown_Field_FR3060 (FR3060)
Market Rent (2),Extracted from formula,MF Market Rent,Used in Unknown_Field_FQ3061 (FQ3061)
Market Rent (3),Extracted from formula,MF Market Rent,Used in Unknown_Field_FQ3061 (FQ3061)
Market Rent (2),Extracted from formula,MF Market Rent,Used in Unknown_Field_FR3061 (FR3061)
Market Rent (3),Extracted from formula,MF Market Rent,Used in Unknown_Field_FR3061 (FR3061)
Market Rent (2),Extracted from formula,MF Market Rent,Used in Unknown_Field_FQ3062 (FQ3062)
Market Rent (3),Extracted from formula,MF Market Rent,Used in Unknown_Field_FQ3062 (FQ3062)
Market Rent (2),Extracted from formula,MF Market Rent,Used in Unknown_Field_FR3062 (FR3062)
Market Rent (3),Extracted from formula,MF Market Rent,Used in Unknown_Field_FR3062 (FR3062)
Market Rent (2),Extracted from formula,MF Market Rent,Used in Unknown_Field_FQ3063 (FQ3063)
Market Rent (3),Extracted from formula,MF Market Rent,Used in Unknown_Field_FQ3063 (FQ3063)
Market Rent (2),Extracted from formula,MF Market Rent,Used in Unknown_Field_FR3063 (FR3063)
Market Rent (3),Extracted from formula,MF Market Rent,Used in Unknown_Field_FR3063 (FR3063)
Market Rent (2),Extracted from formula,MF Market Rent,Used in Unknown_Field_FQ3064 (FQ3064)
Market Rent (3),Extracted from formula,MF Market Rent,Used in Unknown_Field_FQ3064 (FQ3064)
Market Rent (2),Extracted from formula,MF Market Rent,Used in Unknown_Field_FR3064 (FR3064)
Market Rent (3),Extracted from formula,MF Market Rent,Used in Unknown_Field_FR3064 (FR3064)
Market Rent (2),Extracted from formula,MF Market Rent,Used in Unknown_Field_FQ3065 (FQ3065)
Market Rent (3),Extracted from formula,MF Market Rent,Used in Unknown_Field_FQ3065 (FQ3065)
Market Rent (2),Extracted from formula,MF Market Rent,Used in Unknown_Field_FR3065 (FR3065)
Market Rent (3),Extracted from formula,MF Market Rent,Used in Unknown_Field_FR3065 (FR3065)
Market Rent (2),Extracted from formula,MF Market Rent,Used in Unknown_Field_FQ3066 (FQ3066)
Market Rent (3),Extracted from formula,MF Market Rent,Used in Unknown_Field_FQ3066 (FQ3066)
Market Rent (2),Extracted from formula,MF Market Rent,Used in Unknown_Field_FR3066 (FR3066)
Market Rent (3),Extracted from formula,MF Market Rent,Used in Unknown_Field_FR3066 (FR3066)
Market Rent (2),Extracted from formula,MF Market Rent,Used in Unknown_Field_FQ3067 (FQ3067)
Market Rent (3),Extracted from formula,MF Market Rent,Used in Unknown_Field_FQ3067 (FQ3067)
Market Rent (2),Extracted from formula,MF Market Rent,Used in Unknown_Field_FR3067 (FR3067)
Market Rent (3),Extracted from formula,MF Market Rent,Used in Unknown_Field_FR3067 (FR3067)
Market Rent (2),Extracted from formula,MF Market Rent,Used in Unknown_Field_FQ3068 (FQ3068)
Market Rent (3),Extracted from formula,MF Market Rent,Used in Unknown_Field_FQ3068 (FQ3068)
Market Rent (2),Extracted from formula,MF Market Rent,Used in Unknown_Field_FR3068 (FR3068)
Market Rent (3),Extracted from formula,MF Market Rent,Used in Unknown_Field_FR3068 (FR3068)
Market Rent (2),Extracted from formula,MF Market Rent,Used in Unknown_Field_FQ3069 (FQ3069)
Market Rent (3),Extracted from formula,MF Market Rent,Used in Unknown_Field_FQ3069 (FQ3069)
Market Rent (2),Extracted from formula,MF Market Rent,Used in Unknown_Field_FR3069 (FR3069)
Market Rent (3),Extracted from formula,MF Market Rent,Used in Unknown_Field_FR3069 (FR3069)
Market Rent (2),Extracted from formula,MF Market Rent,Used in Unknown_Field_FQ3070 (FQ3070)
Market Rent (3),Extracted from formula,MF Market Rent,Used in Unknown_Field_FQ3070 (FQ3070)
Market Rent (2),Extracted from formula,MF Market Rent,Used in Unknown_Field_FR3070 (FR3070)
Market Rent (3),Extracted from formula,MF Market Rent,Used in Unknown_Field_FR3070 (FR3070)
Market Rent (2),Extracted from formula,MF Market Rent,Used in Unknown_Field_FQ3071 (FQ3071)
Market Rent (3),Extracted from formula,MF Market Rent,Used in Unknown_Field_FQ3071 (FQ3071)
Market Rent (2),Extracted from formula,MF Market Rent,Used in Unknown_Field_FR3071 (FR3071)
Market Rent (3),Extracted from formula,MF Market Rent,Used in Unknown_Field_FR3071 (FR3071)
Market Rent (2),Extracted from formula,MF Market Rent,Used in Unknown_Field_FQ3072 (FQ3072)
Market Rent (3),Extracted from formula,MF Market Rent,Used in Unknown_Field_FQ3072 (FQ3072)
Market Rent (2),Extracted from formula,MF Market Rent,Used in Unknown_Field_FR3072 (FR3072)
Market Rent (3),Extracted from formula,MF Market Rent,Used in Unknown_Field_FR3072 (FR3072)
Market Rent (2),Extracted from formula,MF Market Rent,Used in Unknown_Field_FQ3073 (FQ3073)
Market Rent (3),Extracted from formula,MF Market Rent,Used in Unknown_Field_FQ3073 (FQ3073)
Market Rent (2),Extracted from formula,MF Market Rent,Used in Unknown_Field_FR3073 (FR3073)
Market Rent (3),Extracted from formula,MF Market Rent,Used in Unknown_Field_FR3073 (FR3073)
Market Rent (2),Extracted from formula,MF Market Rent,Used in Unknown_Field_FQ3074 (FQ3074)
Market Rent (3),Extracted from formula,MF Market Rent,Used in Unknown_Field_FQ3074 (FQ3074)
Market Rent (2),Extracted from formula,MF Market Rent,Used in Unknown_Field_FR3074 (FR3074)
Market Rent (3),Extracted from formula,MF Market Rent,Used in Unknown_Field_FR3074 (FR3074)
Market Rent (2),Extracted from formula,MF Market Rent,Used in Unknown_Field_FQ3075 (FQ3075)
Market Rent (3),Extracted from formula,MF Market Rent,Used in Unknown_Field_FQ3075 (FQ3075)
Market Rent (2),Extracted from formula,MF Market Rent,Used in Unknown_Field_FR3075 (FR3075)
Market Rent (3),Extracted from formula,MF Market Rent,Used in Unknown_Field_FR3075 (FR3075)
Market Rent (2),Extracted from formula,MF Market Rent,Used in Unknown_Field_FQ3076 (FQ3076)
Market Rent (3),Extracted from formula,MF Market Rent,Used in Unknown_Field_FQ3076 (FQ3076)
Market Rent (2),Extracted from formula,MF Market Rent,Used in Unknown_Field_FR3076 (FR3076)
Market Rent (3),Extracted from formula,MF Market Rent,Used in Unknown_Field_FR3076 (FR3076)
Market Rent (2),Extracted from formula,MF Market Rent,Used in Unknown_Field_FQ3077 (FQ3077)
Market Rent (3),Extracted from formula,MF Market Rent,Used in Unknown_Field_FQ3077 (FQ3077)
Market Rent (2),Extracted from formula,MF Market Rent,Used in Unknown_Field_FR3077 (FR3077)
Market Rent (3),Extracted from formula,MF Market Rent,Used in Unknown_Field_FR3077 (FR3077)
Market Rent (2),Extracted from formula,MF Market Rent,Used in Unknown_Field_FQ3078 (FQ3078)
Market Rent (3),Extracted from formula,MF Market Rent,Used in Unknown_Field_FQ3078 (FQ3078)
Market Rent (2),Extracted from formula,MF Market Rent,Used in Unknown_Field_FR3078 (FR3078)
Market Rent (3),Extracted from formula,MF Market Rent,Used in Unknown_Field_FR3078 (FR3078)
Market Rent (2),Extracted from formula,MF Market Rent,Used in Unknown_Field_FQ3079 (FQ3079)
Market Rent (3),Extracted from formula,MF Market Rent,Used in Unknown_Field_FQ3079 (FQ3079)
Market Rent (2),Extracted from formula,MF Market Rent,Used in Unknown_Field_FR3079 (FR3079)
Market Rent (3),Extracted from formula,MF Market Rent,Used in Unknown_Field_FR3079 (FR3079)
Market Rent (2),Extracted from formula,MF Market Rent,Used in Unknown_Field_FQ3080 (FQ3080)
Market Rent (3),Extracted from formula,MF Market Rent,Used in Unknown_Field_FQ3080 (FQ3080)
Market Rent (2),Extracted from formula,MF Market Rent,Used in Unknown_Field_FR3080 (FR3080)
Market Rent (3),Extracted from formula,MF Market Rent,Used in Unknown_Field_FR3080 (FR3080)
Market Rent (2),Extracted from formula,MF Market Rent,Used in Unknown_Field_FQ3081 (FQ3081)
Market Rent (3),Extracted from formula,MF Market Rent,Used in Unknown_Field_FQ3081 (FQ3081)
Market Rent (2),Extracted from formula,MF Market Rent,Used in Unknown_Field_FR3081 (FR3081)
Market Rent (3),Extracted from formula,MF Market Rent,Used in Unknown_Field_FR3081 (FR3081)
Market Rent (2),Extracted from formula,MF Market Rent,Used in Unknown_Field_FQ3082 (FQ3082)
Market Rent (3),Extracted from formula,MF Market Rent,Used in Unknown_Field_FQ3082 (FQ3082)
Market Rent (2),Extracted from formula,MF Market Rent,Used in Unknown_Field_FR3082 (FR3082)
Market Rent (3),Extracted from formula,MF Market Rent,Used in Unknown_Field_FR3082 (FR3082)
Market Rent (2),Extracted from formula,MF Market Rent,Used in Unknown_Field_FQ3083 (FQ3083)
Market Rent (3),Extracted from formula,MF Market Rent,Used in Unknown_Field_FQ3083 (FQ3083)
Market Rent (2),Extracted from formula,MF Market Rent,Used in Unknown_Field_FR3083 (FR3083)
Market Rent (3),Extracted from formula,MF Market Rent,Used in Unknown_Field_FR3083 (FR3083)
Market Rent (2),Extracted from formula,MF Market Rent,Used in Unknown_Field_FQ3084 (FQ3084)
Market Rent (3),Extracted from formula,MF Market Rent,Used in Unknown_Field_FQ3084 (FQ3084)
Market Rent (2),Extracted from formula,MF Market Rent,Used in Unknown_Field_FR3084 (FR3084)
Market Rent (3),Extracted from formula,MF Market Rent,Used in Unknown_Field_FR3084 (FR3084)
Market Rent (2),Extracted from formula,MF Market Rent,Used in Unknown_Field_FQ3085 (FQ3085)
Market Rent (3),Extracted from formula,MF Market Rent,Used in Unknown_Field_FQ3085 (FQ3085)
Market Rent (2),Extracted from formula,MF Market Rent,Used in Unknown_Field_FR3085 (FR3085)
Market Rent (3),Extracted from formula,MF Market Rent,Used in Unknown_Field_FR3085 (FR3085)
Market Rent (2),Extracted from formula,MF Market Rent,Used in Unknown_Field_FQ3086 (FQ3086)
Market Rent (3),Extracted from formula,MF Market Rent,Used in Unknown_Field_FQ3086 (FQ3086)
Market Rent (2),Extracted from formula,MF Market Rent,Used in Unknown_Field_FR3086 (FR3086)
Market Rent (3),Extracted from formula,MF Market Rent,Used in Unknown_Field_FR3086 (FR3086)
Market Rent (2),Extracted from formula,MF Market Rent,Used in Unknown_Field_FQ3087 (FQ3087)
Market Rent (3),Extracted from formula,MF Market Rent,Used in Unknown_Field_FQ3087 (FQ3087)
Market Rent (2),Extracted from formula,MF Market Rent,Used in Unknown_Field_FR3087 (FR3087)
Market Rent (3),Extracted from formula,MF Market Rent,Used in Unknown_Field_FR3087 (FR3087)
Market Rent (2),Extracted from formula,MF Market Rent,Used in Unknown_Field_FQ3088 (FQ3088)
Market Rent (3),Extracted from formula,MF Market Rent,Used in Unknown_Field_FQ3088 (FQ3088)
Market Rent (2),Extracted from formula,MF Market Rent,Used in Unknown_Field_FR3088 (FR3088)
Market Rent (3),Extracted from formula,MF Market Rent,Used in Unknown_Field_FR3088 (FR3088)
Market Rent (2),Extracted from formula,MF Market Rent,Used in Unknown_Field_FQ3089 (FQ3089)
Market Rent (3),Extracted from formula,MF Market Rent,Used in Unknown_Field_FQ3089 (FQ3089)
Market Rent (2),Extracted from formula,MF Market Rent,Used in Unknown_Field_FR3089 (FR3089)
Market Rent (3),Extracted from formula,MF Market Rent,Used in Unknown_Field_FR3089 (FR3089)
Market Rent (2),Extracted from formula,MF Market Rent,Used in Unknown_Field_FQ3090 (FQ3090)
Market Rent (3),Extracted from formula,MF Market Rent,Used in Unknown_Field_FQ3090 (FQ3090)
Market Rent (2),Extracted from formula,MF Market Rent,Used in Unknown_Field_FR3090 (FR3090)
Market Rent (3),Extracted from formula,MF Market Rent,Used in Unknown_Field_FR3090 (FR3090)
Market Rent (2),Extracted from formula,MF Market Rent,Used in Unknown_Field_FQ3091 (FQ3091)
Market Rent (3),Extracted from formula,MF Market Rent,Used in Unknown_Field_FQ3091 (FQ3091)
Market Rent (2),Extracted from formula,MF Market Rent,Used in Unknown_Field_FR3091 (FR3091)
Market Rent (3),Extracted from formula,MF Market Rent,Used in Unknown_Field_FR3091 (FR3091)
Market Rent (2),Extracted from formula,MF Market Rent,Used in Unknown_Field_FQ3092 (FQ3092)
Market Rent (3),Extracted from formula,MF Market Rent,Used in Unknown_Field_FQ3092 (FQ3092)
Market Rent (2),Extracted from formula,MF Market Rent,Used in Unknown_Field_FR3092 (FR3092)
Market Rent (3),Extracted from formula,MF Market Rent,Used in Unknown_Field_FR3092 (FR3092)
Market Rent (2),Extracted from formula,MF Market Rent,Used in Unknown_Field_FQ3093 (FQ3093)
Market Rent (3),Extracted from formula,MF Market Rent,Used in Unknown_Field_FQ3093 (FQ3093)
Market Rent (2),Extracted from formula,MF Market Rent,Used in Unknown_Field_FR3093 (FR3093)
Market Rent (3),Extracted from formula,MF Market Rent,Used in Unknown_Field_FR3093 (FR3093)
Market Rent (2),Extracted from formula,MF Market Rent,Used in Unknown_Field_FQ3094 (FQ3094)
Market Rent (3),Extracted from formula,MF Market Rent,Used in Unknown_Field_FQ3094 (FQ3094)
Market Rent (2),Extracted from formula,MF Market Rent,Used in Unknown_Field_FR3094 (FR3094)
Market Rent (3),Extracted from formula,MF Market Rent,Used in Unknown_Field_FR3094 (FR3094)
Market Rent (2),Extracted from formula,MF Market Rent,Used in Unknown_Field_FQ3095 (FQ3095)
Market Rent (3),Extracted from formula,MF Market Rent,Used in Unknown_Field_FQ3095 (FQ3095)
Market Rent (2),Extracted from formula,MF Market Rent,Used in Unknown_Field_FR3095 (FR3095)
Market Rent (3),Extracted from formula,MF Market Rent,Used in Unknown_Field_FR3095 (FR3095)
Market Rent (2),Extracted from formula,MF Market Rent,Used in Unknown_Field_FQ3096 (FQ3096)
Market Rent (3),Extracted from formula,MF Market Rent,Used in Unknown_Field_FQ3096 (FQ3096)
Market Rent (2),Extracted from formula,MF Market Rent,Used in Unknown_Field_FR3096 (FR3096)
Market Rent (3),Extracted from formula,MF Market Rent,Used in Unknown_Field_FR3096 (FR3096)
Market Rent (2),Extracted from formula,MF Market Rent,Used in Unknown_Field_FQ3097 (FQ3097)
Market Rent (3),Extracted from formula,MF Market Rent,Used in Unknown_Field_FQ3097 (FQ3097)
Market Rent (2),Extracted from formula,MF Market Rent,Used in Unknown_Field_FR3097 (FR3097)
Market Rent (3),Extracted from formula,MF Market Rent,Used in Unknown_Field_FR3097 (FR3097)
Market Rent (2),Extracted from formula,MF Market Rent,Used in Unknown_Field_FQ3098 (FQ3098)
Market Rent (3),Extracted from formula,MF Market Rent,Used in Unknown_Field_FQ3098 (FQ3098)
Market Rent (2),Extracted from formula,MF Market Rent,Used in Unknown_Field_FR3098 (FR3098)
Market Rent (3),Extracted from formula,MF Market Rent,Used in Unknown_Field_FR3098 (FR3098)
Market Rent (2),Extracted from formula,MF Market Rent,Used in Unknown_Field_FQ3099 (FQ3099)
Market Rent (3),Extracted from formula,MF Market Rent,Used in Unknown_Field_FQ3099 (FQ3099)
Market Rent (2),Extracted from formula,MF Market Rent,Used in Unknown_Field_FR3099 (FR3099)
Market Rent (3),Extracted from formula,MF Market Rent,Used in Unknown_Field_FR3099 (FR3099)
Market Rent (2),Extracted from formula,MF Market Rent,Used in Unknown_Field_FQ3100 (FQ3100)
Market Rent (3),Extracted from formula,MF Market Rent,Used in Unknown_Field_FQ3100 (FQ3100)
Market Rent (2),Extracted from formula,MF Market Rent,Used in Unknown_Field_FR3100 (FR3100)
Market Rent (3),Extracted from formula,MF Market Rent,Used in Unknown_Field_FR3100 (FR3100)
Market Rent (2),Extracted from formula,MF Market Rent,Used in Unknown_Field_FQ3101 (FQ3101)
Market Rent (3),Extracted from formula,MF Market Rent,Used in Unknown_Field_FQ3101 (FQ3101)
Market Rent (2),Extracted from formula,MF Market Rent,Used in Unknown_Field_FR3101 (FR3101)
Market Rent (3),Extracted from formula,MF Market Rent,Used in Unknown_Field_FR3101 (FR3101)
Market Rent (2),Extracted from formula,MF Market Rent,Used in Unknown_Field_FQ3102 (FQ3102)
Market Rent (3),Extracted from formula,MF Market Rent,Used in Unknown_Field_FQ3102 (FQ3102)
Market Rent (2),Extracted from formula,MF Market Rent,Used in Unknown_Field_FR3102 (FR3102)
Market Rent (3),Extracted from formula,MF Market Rent,Used in Unknown_Field_FR3102 (FR3102)
Market Rent (2),Extracted from formula,MF Market Rent,Used in Unknown_Field_FQ3103 (FQ3103)
Market Rent (3),Extracted from formula,MF Market Rent,Used in Unknown_Field_FQ3103 (FQ3103)
Market Rent (2),Extracted from formula,MF Market Rent,Used in Unknown_Field_FR3103 (FR3103)
Market Rent (3),Extracted from formula,MF Market Rent,Used in Unknown_Field_FR3103 (FR3103)
Market Rent (2),Extracted from formula,MF Market Rent,Used in Unknown_Field_FQ3104 (FQ3104)
Market Rent (3),Extracted from formula,MF Market Rent,Used in Unknown_Field_FQ3104 (FQ3104)
Market Rent (2),Extracted from formula,MF Market Rent,Used in Unknown_Field_FR3104 (FR3104)
Market Rent (3),Extracted from formula,MF Market Rent,Used in Unknown_Field_FR3104 (FR3104)
Market Rent (2),Extracted from formula,MF Market Rent,Used in Unknown_Field_FQ3105 (FQ3105)
Market Rent (3),Extracted from formula,MF Market Rent,Used in Unknown_Field_FQ3105 (FQ3105)
Market Rent (2),Extracted from formula,MF Market Rent,Used in Unknown_Field_FR3105 (FR3105)
Market Rent (3),Extracted from formula,MF Market Rent,Used in Unknown_Field_FR3105 (FR3105)
Market Rent (2),Extracted from formula,MF Market Rent,Used in Unknown_Field_FQ3106 (FQ3106)
Market Rent (3),Extracted from formula,MF Market Rent,Used in Unknown_Field_FQ3106 (FQ3106)
Market Rent (2),Extracted from formula,MF Market Rent,Used in Unknown_Field_FR3106 (FR3106)
Market Rent (3),Extracted from formula,MF Market Rent,Used in Unknown_Field_FR3106 (FR3106)
Market Rent (2),Extracted from formula,MF Market Rent,Used in Unknown_Field_FQ3107 (FQ3107)
Market Rent (3),Extracted from formula,MF Market Rent,Used in Unknown_Field_FQ3107 (FQ3107)
Market Rent (2),Extracted from formula,MF Market Rent,Used in Unknown_Field_FR3107 (FR3107)
Market Rent (3),Extracted from formula,MF Market Rent,Used in Unknown_Field_FR3107 (FR3107)
Market Rent (2),Extracted from formula,MF Market Rent,Used in Unknown_Field_FQ3108 (FQ3108)
Market Rent (3),Extracted from formula,MF Market Rent,Used in Unknown_Field_FQ3108 (FQ3108)
Market Rent (2),Extracted from formula,MF Market Rent,Used in Unknown_Field_FR3108 (FR3108)
Market Rent (3),Extracted from formula,MF Market Rent,Used in Unknown_Field_FR3108 (FR3108)
Market Rent (2),Extracted from formula,MF Market Rent,Used in Unknown_Field_FQ3109 (FQ3109)
Market Rent (3),Extracted from formula,MF Market Rent,Used in Unknown_Field_FQ3109 (FQ3109)
Market Rent (2),Extracted from formula,MF Market Rent,Used in Unknown_Field_FR3109 (FR3109)
Market Rent (3),Extracted from formula,MF Market Rent,Used in Unknown_Field_FR3109 (FR3109)
Market Rent (2),Extracted from formula,MF Market Rent,Used in Unknown_Field_FQ3110 (FQ3110)
Market Rent (3),Extracted from formula,MF Market Rent,Used in Unknown_Field_FQ3110 (FQ3110)
Market Rent (2),Extracted from formula,MF Market Rent,Used in Unknown_Field_FR3110 (FR3110)
Market Rent (3),Extracted from formula,MF Market Rent,Used in Unknown_Field_FR3110 (FR3110)
Market Rent (2),Extracted from formula,MF Market Rent,Used in Unknown_Field_FQ3111 (FQ3111)
Market Rent (3),Extracted from formula,MF Market Rent,Used in Unknown_Field_FQ3111 (FQ3111)
Market Rent (2),Extracted from formula,MF Market Rent,Used in Unknown_Field_FR3111 (FR3111)
Market Rent (3),Extracted from formula,MF Market Rent,Used in Unknown_Field_FR3111 (FR3111)
Market Rent (2),Extracted from formula,MF Market Rent,Used in Unknown_Field_FQ3112 (FQ3112)
Market Rent (3),Extracted from formula,MF Market Rent,Used in Unknown_Field_FQ3112 (FQ3112)
Market Rent (2),Extracted from formula,MF Market Rent,Used in Unknown_Field_FR3112 (FR3112)
Market Rent (3),Extracted from formula,MF Market Rent,Used in Unknown_Field_FR3112 (FR3112)
Market Rent (2),Extracted from formula,MF Market Rent,Used in Unknown_Field_FQ3113 (FQ3113)
Market Rent (3),Extracted from formula,MF Market Rent,Used in Unknown_Field_FQ3113 (FQ3113)
Market Rent (2),Extracted from formula,MF Market Rent,Used in Unknown_Field_FR3113 (FR3113)
Market Rent (3),Extracted from formula,MF Market Rent,Used in Unknown_Field_FR3113 (FR3113)
Market Rent (2),Extracted from formula,MF Market Rent,Used in Unknown_Field_FQ3114 (FQ3114)
Market Rent (3),Extracted from formula,MF Market Rent,Used in Unknown_Field_FQ3114 (FQ3114)
Market Rent (2),Extracted from formula,MF Market Rent,Used in Unknown_Field_FR3114 (FR3114)
Market Rent (3),Extracted from formula,MF Market Rent,Used in Unknown_Field_FR3114 (FR3114)
Market Rent (2),Extracted from formula,MF Market Rent,Used in Unknown_Field_FQ3115 (FQ3115)
Market Rent (3),Extracted from formula,MF Market Rent,Used in Unknown_Field_FQ3115 (FQ3115)
Market Rent (2),Extracted from formula,MF Market Rent,Used in Unknown_Field_FR3115 (FR3115)
Market Rent (3),Extracted from formula,MF Market Rent,Used in Unknown_Field_FR3115 (FR3115)
Market Rent (2),Extracted from formula,MF Market Rent,Used in Unknown_Field_FQ3116 (FQ3116)
Market Rent (3),Extracted from formula,MF Market Rent,Used in Unknown_Field_FQ3116 (FQ3116)
Market Rent (2),Extracted from formula,MF Market Rent,Used in Unknown_Field_FR3116 (FR3116)
Market Rent (3),Extracted from formula,MF Market Rent,Used in Unknown_Field_FR3116 (FR3116)
Market Rent (2),Extracted from formula,MF Market Rent,Used in Unknown_Field_FQ3117 (FQ3117)
Market Rent (3),Extracted from formula,MF Market Rent,Used in Unknown_Field_FQ3117 (FQ3117)
Market Rent (2),Extracted from formula,MF Market Rent,Used in Unknown_Field_FR3117 (FR3117)
Market Rent (3),Extracted from formula,MF Market Rent,Used in Unknown_Field_FR3117 (FR3117)
Market Rent (2),Extracted from formula,MF Market Rent,Used in Unknown_Field_FQ3118 (FQ3118)
Market Rent (3),Extracted from formula,MF Market Rent,Used in Unknown_Field_FQ3118 (FQ3118)
Market Rent (2),Extracted from formula,MF Market Rent,Used in Unknown_Field_FR3118 (FR3118)
Market Rent (3),Extracted from formula,MF Market Rent,Used in Unknown_Field_FR3118 (FR3118)
Market Rent (2),Extracted from formula,MF Market Rent,Used in Unknown_Field_FQ3119 (FQ3119)
Market Rent (3),Extracted from formula,MF Market Rent,Used in Unknown_Field_FQ3119 (FQ3119)
Market Rent (2),Extracted from formula,MF Market Rent,Used in Unknown_Field_FR3119 (FR3119)
Market Rent (3),Extracted from formula,MF Market Rent,Used in Unknown_Field_FR3119 (FR3119)
Market Rent (2),Extracted from formula,MF Market Rent,Used in Unknown_Field_FQ3120 (FQ3120)
Market Rent (3),Extracted from formula,MF Market Rent,Used in Unknown_Field_FQ3120 (FQ3120)
Market Rent (2),Extracted from formula,MF Market Rent,Used in Unknown_Field_FR3120 (FR3120)
Market Rent (3),Extracted from formula,MF Market Rent,Used in Unknown_Field_FR3120 (FR3120)
Market Rent (2),Extracted from formula,MF Market Rent,Used in Unknown_Field_FQ3121 (FQ3121)
Market Rent (3),Extracted from formula,MF Market Rent,Used in Unknown_Field_FQ3121 (FQ3121)
Market Rent (2),Extracted from formula,MF Market Rent,Used in Unknown_Field_FR3121 (FR3121)
Market Rent (3),Extracted from formula,MF Market Rent,Used in Unknown_Field_FR3121 (FR3121)
Market Rent (2),Extracted from formula,MF Market Rent,Used in Unknown_Field_FQ3122 (FQ3122)
Market Rent (3),Extracted from formula,MF Market Rent,Used in Unknown_Field_FQ3122 (FQ3122)
Market Rent (2),Extracted from formula,MF Market Rent,Used in Unknown_Field_FR3122 (FR3122)
Market Rent (3),Extracted from formula,MF Market Rent,Used in Unknown_Field_FR3122 (FR3122)
Market Rent (2),Extracted from formula,MF Market Rent,Used in Unknown_Field_FQ3123 (FQ3123)
Market Rent (3),Extracted from formula,MF Market Rent,Used in Unknown_Field_FQ3123 (FQ3123)
Market Rent (2),Extracted from formula,MF Market Rent,Used in Unknown_Field_FR3123 (FR3123)
Market Rent (3),Extracted from formula,MF Market Rent,Used in Unknown_Field_FR3123 (FR3123)
Market Rent (2),Extracted from formula,MF Market Rent,Used in Unknown_Field_FQ3124 (FQ3124)
Market Rent (3),Extracted from formula,MF Market Rent,Used in Unknown_Field_FQ3124 (FQ3124)
Market Rent (2),Extracted from formula,MF Market Rent,Used in Unknown_Field_FR3124 (FR3124)
Market Rent (3),Extracted from formula,MF Market Rent,Used in Unknown_Field_FR3124 (FR3124)
Market Rent (2),Extracted from formula,MF Market Rent,Used in Unknown_Field_FQ3125 (FQ3125)
Market Rent (3),Extracted from formula,MF Market Rent,Used in Unknown_Field_FQ3125 (FQ3125)
Market Rent (2),Extracted from formula,MF Market Rent,Used in Unknown_Field_FR3125 (FR3125)
Market Rent (3),Extracted from formula,MF Market Rent,Used in Unknown_Field_FR3125 (FR3125)
Market Rent (2),Extracted from formula,MF Market Rent,Used in Unknown_Field_FQ3126 (FQ3126)
Market Rent (3),Extracted from formula,MF Market Rent,Used in Unknown_Field_FQ3126 (FQ3126)
Market Rent (2),Extracted from formula,MF Market Rent,Used in Unknown_Field_FR3126 (FR3126)
Market Rent (3),Extracted from formula,MF Market Rent,Used in Unknown_Field_FR3126 (FR3126)
Market Rent (2),Extracted from formula,MF Market Rent,Used in Unknown_Field_FQ3127 (FQ3127)
Market Rent (3),Extracted from formula,MF Market Rent,Used in Unknown_Field_FQ3127 (FQ3127)
Market Rent (2),Extracted from formula,MF Market Rent,Used in Unknown_Field_FR3127 (FR3127)
Market Rent (3),Extracted from formula,MF Market Rent,Used in Unknown_Field_FR3127 (FR3127)
Market Rent (2),Extracted from formula,MF Market Rent,Used in Unknown_Field_FQ3128 (FQ3128)
Market Rent (3),Extracted from formula,MF Market Rent,Used in Unknown_Field_FQ3128 (FQ3128)
Market Rent (2),Extracted from formula,MF Market Rent,Used in Unknown_Field_FR3128 (FR3128)
Market Rent (3),Extracted from formula,MF Market Rent,Used in Unknown_Field_FR3128 (FR3128)
Market Rent (2),Extracted from formula,MF Market Rent,Used in Unknown_Field_FQ3129 (FQ3129)
Market Rent (3),Extracted from formula,MF Market Rent,Used in Unknown_Field_FQ3129 (FQ3129)
Market Rent (2),Extracted from formula,MF Market Rent,Used in Unknown_Field_FR3129 (FR3129)
Market Rent (3),Extracted from formula,MF Market Rent,Used in Unknown_Field_FR3129 (FR3129)
Market Rent (2),Extracted from formula,MF Market Rent,Used in Unknown_Field_FQ3130 (FQ3130)
Market Rent (3),Extracted from formula,MF Market Rent,Used in Unknown_Field_FQ3130 (FQ3130)
Market Rent (2),Extracted from formula,MF Market Rent,Used in Unknown_Field_FR3130 (FR3130)
Market Rent (3),Extracted from formula,MF Market Rent,Used in Unknown_Field_FR3130 (FR3130)
Market Rent (2),Extracted from formula,MF Market Rent,Used in Unknown_Field_FQ3131 (FQ3131)
Market Rent (3),Extracted from formula,MF Market Rent,Used in Unknown_Field_FQ3131 (FQ3131)
Market Rent (2),Extracted from formula,MF Market Rent,Used in Unknown_Field_FR3131 (FR3131)
Market Rent (3),Extracted from formula,MF Market Rent,Used in Unknown_Field_FR3131 (FR3131)
Market Rent (2),Extracted from formula,MF Market Rent,Used in Unknown_Field_FQ3132 (FQ3132)
Market Rent (3),Extracted from formula,MF Market Rent,Used in Unknown_Field_FQ3132 (FQ3132)
Market Rent (2),Extracted from formula,MF Market Rent,Used in Unknown_Field_FR3132 (FR3132)
Market Rent (3),Extracted from formula,MF Market Rent,Used in Unknown_Field_FR3132 (FR3132)
Market Rent (2),Extracted from formula,MF Market Rent,Used in Unknown_Field_FQ3133 (FQ3133)
Market Rent (3),Extracted from formula,MF Market Rent,Used in Unknown_Field_FQ3133 (FQ3133)
Market Rent (2),Extracted from formula,MF Market Rent,Used in Unknown_Field_FR3133 (FR3133)
Market Rent (3),Extracted from formula,MF Market Rent,Used in Unknown_Field_FR3133 (FR3133)
Market Rent (2),Extracted from formula,MF Market Rent,Used in Unknown_Field_FQ3134 (FQ3134)
Market Rent (3),Extracted from formula,MF Market Rent,Used in Unknown_Field_FQ3134 (FQ3134)
Market Rent (2),Extracted from formula,MF Market Rent,Used in Unknown_Field_FR3134 (FR3134)
Market Rent (3),Extracted from formula,MF Market Rent,Used in Unknown_Field_FR3134 (FR3134)
Market Rent (2),Extracted from formula,MF Market Rent,Used in Unknown_Field_FQ3135 (FQ3135)
Market Rent (3),Extracted from formula,MF Market Rent,Used in Unknown_Field_FQ3135 (FQ3135)
Market Rent (2),Extracted from formula,MF Market Rent,Used in Unknown_Field_FR3135 (FR3135)
Market Rent (3),Extracted from formula,MF Market Rent,Used in Unknown_Field_FR3135 (FR3135)
Market Rent (2),Extracted from formula,MF Market Rent,Used in Unknown_Field_FQ3136 (FQ3136)
Market Rent (3),Extracted from formula,MF Market Rent,Used in Unknown_Field_FQ3136 (FQ3136)
Market Rent (2),Extracted from formula,MF Market Rent,Used in Unknown_Field_FR3136 (FR3136)
Market Rent (3),Extracted from formula,MF Market Rent,Used in Unknown_Field_FR3136 (FR3136)
Market Rent (2),Extracted from formula,MF Market Rent,Used in Unknown_Field_FQ3137 (FQ3137)
Market Rent (3),Extracted from formula,MF Market Rent,Used in Unknown_Field_FQ3137 (FQ3137)
Market Rent (2),Extracted from formula,MF Market Rent,Used in Unknown_Field_FR3137 (FR3137)
Market Rent (3),Extracted from formula,MF Market Rent,Used in Unknown_Field_FR3137 (FR3137)
Market Rent (2),Extracted from formula,MF Market Rent,Used in Unknown_Field_FQ3138 (FQ3138)
Market Rent (3),Extracted from formula,MF Market Rent,Used in Unknown_Field_FQ3138 (FQ3138)
Market Rent (2),Extracted from formula,MF Market Rent,Used in Unknown_Field_FR3138 (FR3138)
Market Rent (3),Extracted from formula,MF Market Rent,Used in Unknown_Field_FR3138 (FR3138)
Market Rent (2),Extracted from formula,MF Market Rent,Used in Unknown_Field_FQ3139 (FQ3139)
Market Rent (3),Extracted from formula,MF Market Rent,Used in Unknown_Field_FQ3139 (FQ3139)
Market Rent (2),Extracted from formula,MF Market Rent,Used in Unknown_Field_FR3139 (FR3139)
Market Rent (3),Extracted from formula,MF Market Rent,Used in Unknown_Field_FR3139 (FR3139)
Market Rent (2),Extracted from formula,MF Market Rent,Used in Unknown_Field_FQ3140 (FQ3140)
Market Rent (3),Extracted from formula,MF Market Rent,Used in Unknown_Field_FQ3140 (FQ3140)
Market Rent (2),Extracted from formula,MF Market Rent,Used in Unknown_Field_FR3140 (FR3140)
Market Rent (3),Extracted from formula,MF Market Rent,Used in Unknown_Field_FR3140 (FR3140)
Market Rent (2),Extracted from formula,MF Market Rent,Used in Unknown_Field_FQ3141 (FQ3141)
Market Rent (3),Extracted from formula,MF Market Rent,Used in Unknown_Field_FQ3141 (FQ3141)
Market Rent (2),Extracted from formula,MF Market Rent,Used in Unknown_Field_FR3141 (FR3141)
Market Rent (3),Extracted from formula,MF Market Rent,Used in Unknown_Field_FR3141 (FR3141)
Market Rent (2),Extracted from formula,MF Market Rent,Used in Unknown_Field_FQ3142 (FQ3142)
Market Rent (3),Extracted from formula,MF Market Rent,Used in Unknown_Field_FQ3142 (FQ3142)
Market Rent (2),Extracted from formula,MF Market Rent,Used in Unknown_Field_FR3142 (FR3142)
Market Rent (3),Extracted from formula,MF Market Rent,Used in Unknown_Field_FR3142 (FR3142)
Market Rent (2),Extracted from formula,MF Market Rent,Used in Unknown_Field_FQ3143 (FQ3143)
Market Rent (3),Extracted from formula,MF Market Rent,Used in Unknown_Field_FQ3143 (FQ3143)
Market Rent (2),Extracted from formula,MF Market Rent,Used in Unknown_Field_FR3143 (FR3143)
Market Rent (3),Extracted from formula,MF Market Rent,Used in Unknown_Field_FR3143 (FR3143)
Market Rent (2),Extracted from formula,MF Market Rent,Used in Unknown_Field_FQ3144 (FQ3144)
Market Rent (3),Extracted from formula,MF Market Rent,Used in Unknown_Field_FQ3144 (FQ3144)
Market Rent (2),Extracted from formula,MF Market Rent,Used in Unknown_Field_FR3144 (FR3144)
Market Rent (3),Extracted from formula,MF Market Rent,Used in Unknown_Field_FR3144 (FR3144)
Market Rent (2),Extracted from formula,MF Market Rent,Used in Unknown_Field_FQ3145 (FQ3145)
Market Rent (3),Extracted from formula,MF Market Rent,Used in Unknown_Field_FQ3145 (FQ3145)
Market Rent (2),Extracted from formula,MF Market Rent,Used in Unknown_Field_FR3145 (FR3145)
Market Rent (3),Extracted from formula,MF Market Rent,Used in Unknown_Field_FR3145 (FR3145)
Market Rent (2),Extracted from formula,MF Market Rent,Used in Unknown_Field_FQ3146 (FQ3146)
Market Rent (3),Extracted from formula,MF Market Rent,Used in Unknown_Field_FQ3146 (FQ3146)
Market Rent (2),Extracted from formula,MF Market Rent,Used in Unknown_Field_FR3146 (FR3146)
Market Rent (3),Extracted from formula,MF Market Rent,Used in Unknown_Field_FR3146 (FR3146)
Market Rent,Extracted from formula,MF Market Rent,Used in Utilities Adj. (FQ3196)
Market Rent,Extracted from formula,MF Market Rent,Used in Physical Charactertistics Adj (FR3196)
Market Rent,Extracted from formula,MF Market Rent,Used in Utilities Adj. (FQ3197)
Market Rent,Extracted from formula,MF Market Rent,Used in Physical Charactertistics Adj (FR3197)
Market Rent,Extracted from formula,MF Market Rent,Used in Utilities Adj. (FQ3198)
Market Rent,Extracted from formula,MF Market Rent,Used in Physical Charactertistics Adj (FR3198)
Market Rent,Extracted from formula,MF Market Rent,Used in Utilities Adj. (FQ3199)
Market Rent,Extracted from formula,MF Market Rent,Used in Physical Charactertistics Adj (FR3199)
Market Rent,Extracted from formula,MF Market Rent,Used in Utilities Adj. (FQ3200)
Market Rent,Extracted from formula,MF Market Rent,Used in Physical Charactertistics Adj (FR3200)
Market Rent,Extracted from formula,MF Market Rent,Used in Utilities Adj. (FQ3201)
Market Rent,Extracted from formula,MF Market Rent,Used in Physical Charactertistics Adj (FR3201)
Market Rent,Extracted from formula,MF Market Rent,Used in Utilities Adj. (FQ3202)
Market Rent,Extracted from formula,MF Market Rent,Used in Physical Charactertistics Adj (FR3202)
Market Rent,Extracted from formula,MF Market Rent,Used in Utilities Adj. (FQ3203)
Market Rent,Extracted from formula,MF Market Rent,Used in Physical Charactertistics Adj (FR3203)
Market Rent,Extracted from formula,MF Market Rent,Used in Unknown_Field_FQ3204 (FQ3204)
Market Rent,Extracted from formula,MF Market Rent,Used in Unknown_Field_FR3204 (FR3204)
Market Rent,Extracted from formula,MF Market Rent,Used in Unknown_Field_FQ3205 (FQ3205)
Market Rent,Extracted from formula,MF Market Rent,Used in Unknown_Field_FR3205 (FR3205)
Market Rent,Extracted from formula,MF Market Rent,Used in Unknown_Field_FQ3206 (FQ3206)
Market Rent,Extracted from formula,MF Market Rent,Used in Unknown_Field_FR3206 (FR3206)
Market Rent,Extracted from formula,MF Market Rent,Used in Unknown_Field_FQ3207 (FQ3207)
Market Rent,Extracted from formula,MF Market Rent,Used in Unknown_Field_FR3207 (FR3207)
Market Rent,Extracted from formula,MF Market Rent,Used in Unknown_Field_FQ3208 (FQ3208)
Market Rent,Extracted from formula,MF Market Rent,Used in Unknown_Field_FR3208 (FR3208)
Market Rent,Extracted from formula,MF Market Rent,Used in Unknown_Field_FQ3209 (FQ3209)
Market Rent,Extracted from formula,MF Market Rent,Used in Unknown_Field_FR3209 (FR3209)
Market Rent,Extracted from formula,MF Market Rent,Used in Unknown_Field_FQ3210 (FQ3210)
Market Rent,Extracted from formula,MF Market Rent,Used in Unknown_Field_FR3210 (FR3210)
Market Rent,Extracted from formula,MF Market Rent,Used in Unknown_Field_FQ3211 (FQ3211)
Market Rent,Extracted from formula,MF Market Rent,Used in Unknown_Field_FR3211 (FR3211)
Market Rent,Extracted from formula,MF Market Rent,Used in Unknown_Field_FQ3212 (FQ3212)
Market Rent,Extracted from formula,MF Market Rent,Used in Unknown_Field_FR3212 (FR3212)
Market Rent,Extracted from formula,MF Market Rent,Used in Unknown_Field_FQ3213 (FQ3213)
Market Rent,Extracted from formula,MF Market Rent,Used in Unknown_Field_FR3213 (FR3213)
Market Rent,Extracted from formula,MF Market Rent,Used in Unknown_Field_FQ3214 (FQ3214)
Market Rent,Extracted from formula,MF Market Rent,Used in Unknown_Field_FR3214 (FR3214)
Market Rent,Extracted from formula,MF Market Rent,Used in Unknown_Field_FQ3215 (FQ3215)
Market Rent,Extracted from formula,MF Market Rent,Used in Unknown_Field_FR3215 (FR3215)
Market Rent,Extracted from formula,MF Market Rent,Used in Unknown_Field_FQ3216 (FQ3216)
Market Rent,Extracted from formula,MF Market Rent,Used in Unknown_Field_FR3216 (FR3216)
Market Rent,Extracted from formula,MF Market Rent,Used in Unknown_Field_FQ3217 (FQ3217)
Market Rent,Extracted from formula,MF Market Rent,Used in Unknown_Field_FR3217 (FR3217)
Market Rent,Extracted from formula,MF Market Rent,Used in Unknown_Field_FQ3218 (FQ3218)
Market Rent,Extracted from formula,MF Market Rent,Used in Unknown_Field_FR3218 (FR3218)
Market Rent,Extracted from formula,MF Market Rent,Used in Unknown_Field_FQ3219 (FQ3219)
Market Rent,Extracted from formula,MF Market Rent,Used in Unknown_Field_FR3219 (FR3219)
Market Rent,Extracted from formula,MF Market Rent,Used in Unknown_Field_FQ3220 (FQ3220)
Market Rent,Extracted from formula,MF Market Rent,Used in Unknown_Field_FR3220 (FR3220)
Market Rent,Extracted from formula,MF Market Rent,Used in Unknown_Field_FQ3221 (FQ3221)
Market Rent,Extracted from formula,MF Market Rent,Used in Unknown_Field_FR3221 (FR3221)
Market Rent,Extracted from formula,MF Market Rent,Used in Unknown_Field_FQ3222 (FQ3222)
Market Rent,Extracted from formula,MF Market Rent,Used in Unknown_Field_FR3222 (FR3222)
Market Rent,Extracted from formula,MF Market Rent,Used in Unknown_Field_FQ3223 (FQ3223)
Market Rent,Extracted from formula,MF Market Rent,Used in Unknown_Field_FR3223 (FR3223)
Market Rent,Extracted from formula,MF Market Rent,Used in Unknown_Field_FQ3224 (FQ3224)
Market Rent,Extracted from formula,MF Market Rent,Used in Unknown_Field_FR3224 (FR3224)
Market Rent,Extracted from formula,MF Market Rent,Used in Unknown_Field_FQ3225 (FQ3225)
Market Rent,Extracted from formula,MF Market Rent,Used in Unknown_Field_FR3225 (FR3225)
Market Rent,Extracted from formula,MF Market Rent,Used in Unknown_Field_FQ3226 (FQ3226)
Market Rent,Extracted from formula,MF Market Rent,Used in Unknown_Field_FR3226 (FR3226)
Market Rent,Extracted from formula,MF Market Rent,Used in Unknown_Field_FQ3227 (FQ3227)
Market Rent,Extracted from formula,MF Market Rent,Used in Unknown_Field_FR3227 (FR3227)
Market Rent,Extracted from formula,MF Market Rent,Used in Unknown_Field_FQ3228 (FQ3228)
Market Rent,Extracted from formula,MF Market Rent,Used in Unknown_Field_FR3228 (FR3228)
Market Rent,Extracted from formula,MF Market Rent,Used in Unknown_Field_FQ3229 (FQ3229)
Market Rent,Extracted from formula,MF Market Rent,Used in Unknown_Field_FR3229 (FR3229)
Market Rent,Extracted from formula,MF Market Rent,Used in Unknown_Field_FQ3230 (FQ3230)
Market Rent,Extracted from formula,MF Market Rent,Used in Unknown_Field_FR3230 (FR3230)
Market Rent,Extracted from formula,MF Market Rent,Used in Unknown_Field_FQ3231 (FQ3231)
Market Rent,Extracted from formula,MF Market Rent,Used in Unknown_Field_FR3231 (FR3231)
Market Rent,Extracted from formula,MF Market Rent,Used in Unknown_Field_FQ3232 (FQ3232)
Market Rent,Extracted from formula,MF Market Rent,Used in Unknown_Field_FR3232 (FR3232)
Market Rent,Extracted from formula,MF Market Rent,Used in Unknown_Field_FQ3233 (FQ3233)
Market Rent,Extracted from formula,MF Market Rent,Used in Unknown_Field_FR3233 (FR3233)
Market Rent,Extracted from formula,MF Market Rent,Used in Unknown_Field_FQ3234 (FQ3234)
Market Rent,Extracted from formula,MF Market Rent,Used in Unknown_Field_FR3234 (FR3234)
Market Rent,Extracted from formula,MF Market Rent,Used in Unknown_Field_FQ3235 (FQ3235)
Market Rent,Extracted from formula,MF Market Rent,Used in Unknown_Field_FR3235 (FR3235)
Market Rent,Extracted from formula,MF Market Rent,Used in Unknown_Field_FQ3236 (FQ3236)
Market Rent,Extracted from formula,MF Market Rent,Used in Unknown_Field_FR3236 (FR3236)
Market Rent,Extracted from formula,MF Market Rent,Used in Unknown_Field_FQ3237 (FQ3237)
Market Rent,Extracted from formula,MF Market Rent,Used in Unknown_Field_FR3237 (FR3237)
Market Rent,Extracted from formula,MF Market Rent,Used in Unknown_Field_FQ3238 (FQ3238)
Market Rent,Extracted from formula,MF Market Rent,Used in Unknown_Field_FR3238 (FR3238)
Market Rent,Extracted from formula,MF Market Rent,Used in Unknown_Field_FQ3239 (FQ3239)
Market Rent,Extracted from formula,MF Market Rent,Used in Unknown_Field_FR3239 (FR3239)
Market Rent,Extracted from formula,MF Market Rent,Used in Unknown_Field_FQ3240 (FQ3240)
Market Rent,Extracted from formula,MF Market Rent,Used in Unknown_Field_FR3240 (FR3240)
Market Rent,Extracted from formula,MF Market Rent,Used in Unknown_Field_FQ3241 (FQ3241)
Market Rent,Extracted from formula,MF Market Rent,Used in Unknown_Field_FR3241 (FR3241)
Market Rent,Extracted from formula,MF Market Rent,Used in Unknown_Field_FQ3242 (FQ3242)
Market Rent,Extracted from formula,MF Market Rent,Used in Unknown_Field_FR3242 (FR3242)
Market Rent,Extracted from formula,MF Market Rent,Used in Unknown_Field_FQ3243 (FQ3243)
Market Rent,Extracted from formula,MF Market Rent,Used in Unknown_Field_FR3243 (FR3243)
Market Rent,Extracted from formula,MF Market Rent,Used in Unknown_Field_FQ3244 (FQ3244)
Market Rent,Extracted from formula,MF Market Rent,Used in Unknown_Field_FR3244 (FR3244)
Market Rent,Extracted from formula,MF Market Rent,Used in Unknown_Field_FQ3245 (FQ3245)
Market Rent,Extracted from formula,MF Market Rent,Used in Unknown_Field_FR3245 (FR3245)
Market Rent,Extracted from formula,MF Market Rent,Used in Unknown_Field_FQ3246 (FQ3246)
Market Rent,Extracted from formula,MF Market Rent,Used in Unknown_Field_FR3246 (FR3246)
Market Rent,Extracted from formula,MF Market Rent,Used in Unknown_Field_FQ3247 (FQ3247)
Market Rent,Extracted from formula,MF Market Rent,Used in Unknown_Field_FR3247 (FR3247)
Market Rent,Extracted from formula,MF Market Rent,Used in Unknown_Field_FQ3248 (FQ3248)
Market Rent,Extracted from formula,MF Market Rent,Used in Unknown_Field_FR3248 (FR3248)
Market Rent,Extracted from formula,MF Market Rent,Used in Unknown_Field_FQ3249 (FQ3249)
Market Rent,Extracted from formula,MF Market Rent,Used in Unknown_Field_FR3249 (FR3249)
Market Rent,Extracted from formula,MF Market Rent,Used in Unknown_Field_FQ3250 (FQ3250)
Market Rent,Extracted from formula,MF Market Rent,Used in Unknown_Field_FR3250 (FR3250)
Market Rent,Extracted from formula,MF Market Rent,Used in Unknown_Field_FQ3251 (FQ3251)
Market Rent,Extracted from formula,MF Market Rent,Used in Unknown_Field_FR3251 (FR3251)
Market Rent,Extracted from formula,MF Market Rent,Used in Unknown_Field_FQ3252 (FQ3252)
Market Rent,Extracted from formula,MF Market Rent,Used in Unknown_Field_FR3252 (FR3252)
Market Rent,Extracted from formula,MF Market Rent,Used in Unknown_Field_FQ3253 (FQ3253)
Market Rent,Extracted from formula,MF Market Rent,Used in Unknown_Field_FR3253 (FR3253)
Market Rent,Extracted from formula,MF Market Rent,Used in Unknown_Field_FQ3254 (FQ3254)
Market Rent,Extracted from formula,MF Market Rent,Used in Unknown_Field_FR3254 (FR3254)
Market Rent,Extracted from formula,MF Market Rent,Used in Unknown_Field_FQ3255 (FQ3255)
Market Rent,Extracted from formula,MF Market Rent,Used in Unknown_Field_FR3255 (FR3255)
Market Rent,Extracted from formula,MF Market Rent,Used in Unknown_Field_FQ3256 (FQ3256)
Market Rent,Extracted from formula,MF Market Rent,Used in Unknown_Field_FR3256 (FR3256)
Market Rent,Extracted from formula,MF Market Rent,Used in Unknown_Field_FQ3257 (FQ3257)
Market Rent,Extracted from formula,MF Market Rent,Used in Unknown_Field_FR3257 (FR3257)
Market Rent,Extracted from formula,MF Market Rent,Used in Unknown_Field_FQ3258 (FQ3258)
Market Rent,Extracted from formula,MF Market Rent,Used in Unknown_Field_FR3258 (FR3258)
Market Rent,Extracted from formula,MF Market Rent,Used in Unknown_Field_FQ3259 (FQ3259)
Market Rent,Extracted from formula,MF Market Rent,Used in Unknown_Field_FR3259 (FR3259)
Market Rent,Extracted from formula,MF Market Rent,Used in Unknown_Field_FQ3260 (FQ3260)
Market Rent,Extracted from formula,MF Market Rent,Used in Unknown_Field_FR3260 (FR3260)
Market Rent,Extracted from formula,MF Market Rent,Used in Unknown_Field_FQ3261 (FQ3261)
Market Rent,Extracted from formula,MF Market Rent,Used in Unknown_Field_FR3261 (FR3261)
Market Rent,Extracted from formula,MF Market Rent,Used in Unknown_Field_FQ3262 (FQ3262)
Market Rent,Extracted from formula,MF Market Rent,Used in Unknown_Field_FR3262 (FR3262)
Market Rent,Extracted from formula,MF Market Rent,Used in Unknown_Field_FQ3263 (FQ3263)
Market Rent,Extracted from formula,MF Market Rent,Used in Unknown_Field_FR3263 (FR3263)
Market Rent,Extracted from formula,MF Market Rent,Used in Unknown_Field_FQ3264 (FQ3264)
Market Rent,Extracted from formula,MF Market Rent,Used in Unknown_Field_FR3264 (FR3264)
Market Rent,Extracted from formula,MF Market Rent,Used in Unknown_Field_FQ3265 (FQ3265)
Market Rent,Extracted from formula,MF Market Rent,Used in Unknown_Field_FR3265 (FR3265)
Market Rent,Extracted from formula,MF Market Rent,Used in Unknown_Field_FQ3266 (FQ3266)
Market Rent,Extracted from formula,MF Market Rent,Used in Unknown_Field_FR3266 (FR3266)
Market Rent,Extracted from formula,MF Market Rent,Used in Unknown_Field_FQ3267 (FQ3267)
Market Rent,Extracted from formula,MF Market Rent,Used in Unknown_Field_FR3267 (FR3267)
Market Rent,Extracted from formula,MF Market Rent,Used in Unknown_Field_FQ3268 (FQ3268)
Market Rent,Extracted from formula,MF Market Rent,Used in Unknown_Field_FR3268 (FR3268)
Market Rent,Extracted from formula,MF Market Rent,Used in Unknown_Field_FQ3269 (FQ3269)
Market Rent,Extracted from formula,MF Market Rent,Used in Unknown_Field_FR3269 (FR3269)
Market Rent,Extracted from formula,MF Market Rent,Used in Unknown_Field_FQ3270 (FQ3270)
Market Rent,Extracted from formula,MF Market Rent,Used in Unknown_Field_FR3270 (FR3270)
Market Rent,Extracted from formula,MF Market Rent,Used in Unknown_Field_FQ3271 (FQ3271)
Market Rent,Extracted from formula,MF Market Rent,Used in Unknown_Field_FR3271 (FR3271)
Market Rent,Extracted from formula,MF Market Rent,Used in Unknown_Field_FQ3272 (FQ3272)
Market Rent,Extracted from formula,MF Market Rent,Used in Unknown_Field_FR3272 (FR3272)
Market Rent,Extracted from formula,MF Market Rent,Used in Unknown_Field_FQ3273 (FQ3273)
Market Rent,Extracted from formula,MF Market Rent,Used in Unknown_Field_FR3273 (FR3273)
Market Rent,Extracted from formula,MF Market Rent,Used in Unknown_Field_FQ3274 (FQ3274)
Market Rent,Extracted from formula,MF Market Rent,Used in Unknown_Field_FR3274 (FR3274)
Market Rent,Extracted from formula,MF Market Rent,Used in Unknown_Field_FQ3275 (FQ3275)
Market Rent,Extracted from formula,MF Market Rent,Used in Unknown_Field_FR3275 (FR3275)
Market Rent,Extracted from formula,MF Market Rent,Used in Unknown_Field_FQ3276 (FQ3276)
Market Rent,Extracted from formula,MF Market Rent,Used in Unknown_Field_FR3276 (FR3276)
Market Rent,Extracted from formula,MF Market Rent,Used in Unknown_Field_FQ3277 (FQ3277)
Market Rent,Extracted from formula,MF Market Rent,Used in Unknown_Field_FR3277 (FR3277)
Market Rent,Extracted from formula,MF Market Rent,Used in Unknown_Field_FQ3278 (FQ3278)
Market Rent,Extracted from formula,MF Market Rent,Used in Unknown_Field_FR3278 (FR3278)
Market Rent,Extracted from formula,MF Market Rent,Used in Unknown_Field_FQ3279 (FQ3279)
Market Rent,Extracted from formula,MF Market Rent,Used in Unknown_Field_FR3279 (FR3279)
Market Rent,Extracted from formula,MF Market Rent,Used in Unknown_Field_FQ3280 (FQ3280)
Market Rent,Extracted from formula,MF Market Rent,Used in Unknown_Field_FR3280 (FR3280)
Market Rent,Extracted from formula,MF Market Rent,Used in Unknown_Field_FQ3281 (FQ3281)
Market Rent,Extracted from formula,MF Market Rent,Used in Unknown_Field_FR3281 (FR3281)
Market Rent,Extracted from formula,MF Market Rent,Used in Unknown_Field_FQ3282 (FQ3282)
Market Rent,Extracted from formula,MF Market Rent,Used in Unknown_Field_FR3282 (FR3282)
Market Rent,Extracted from formula,MF Market Rent,Used in Unknown_Field_FQ3283 (FQ3283)
Market Rent,Extracted from formula,MF Market Rent,Used in Unknown_Field_FR3283 (FR3283)
Market Rent,Extracted from formula,MF Market Rent,Used in Unknown_Field_FQ3284 (FQ3284)
Market Rent,Extracted from formula,MF Market Rent,Used in Unknown_Field_FR3284 (FR3284)
Market Rent,Extracted from formula,MF Market Rent,Used in Unknown_Field_FQ3285 (FQ3285)
Market Rent,Extracted from formula,MF Market Rent,Used in Unknown_Field_FR3285 (FR3285)
Market Rent,Extracted from formula,MF Market Rent,Used in Unknown_Field_FQ3286 (FQ3286)
Market Rent,Extracted from formula,MF Market Rent,Used in Unknown_Field_FR3286 (FR3286)
Market Rent,Extracted from formula,MF Market Rent,Used in Unknown_Field_FQ3287 (FQ3287)
Market Rent,Extracted from formula,MF Market Rent,Used in Unknown_Field_FR3287 (FR3287)
Market Rent,Extracted from formula,MF Market Rent,Used in Unknown_Field_FQ3288 (FQ3288)
Market Rent,Extracted from formula,MF Market Rent,Used in Unknown_Field_FR3288 (FR3288)
Market Rent,Extracted from formula,MF Market Rent,Used in Unknown_Field_FQ3289 (FQ3289)
Market Rent,Extracted from formula,MF Market Rent,Used in Unknown_Field_FR3289 (FR3289)
Market Rent,Extracted from formula,MF Market Rent,Used in Unknown_Field_FQ3290 (FQ3290)
Market Rent,Extracted from formula,MF Market Rent,Used in Unknown_Field_FR3290 (FR3290)
Market Rent,Extracted from formula,MF Market Rent,Used in Unknown_Field_FQ3291 (FQ3291)
Market Rent,Extracted from formula,MF Market Rent,Used in Unknown_Field_FR3291 (FR3291)
Market Rent,Extracted from formula,MF Market Rent,Used in Unknown_Field_FQ3292 (FQ3292)
Market Rent,Extracted from formula,MF Market Rent,Used in Unknown_Field_FR3292 (FR3292)
Market Rent,Extracted from formula,MF Market Rent,Used in Unknown_Field_FQ3293 (FQ3293)
Market Rent,Extracted from formula,MF Market Rent,Used in Unknown_Field_FR3293 (FR3293)
Market Rent,Extracted from formula,MF Market Rent,Used in Unknown_Field_FQ3294 (FQ3294)
Market Rent,Extracted from formula,MF Market Rent,Used in Unknown_Field_FR3294 (FR3294)
Market Rent,Extracted from formula,MF Market Rent,Used in Unknown_Field_FQ3295 (FQ3295)
Market Rent,Extracted from formula,MF Market Rent,Used in Unknown_Field_FR3295 (FR3295)
Market Rent,Extracted from formula,MF Market Rent,Used in Unknown_Field_FQ3296 (FQ3296)
Market Rent,Extracted from formula,MF Market Rent,Used in Unknown_Field_FR3296 (FR3296)
Market Rent,Extracted from formula,MF Market Rent,Used in Unknown_Field_FQ3297 (FQ3297)
Market Rent,Extracted from formula,MF Market Rent,Used in Unknown_Field_FR3297 (FR3297)
Market Rent,Extracted from formula,MF Market Rent,Used in Unknown_Field_FQ3298 (FQ3298)
Market Rent,Extracted from formula,MF Market Rent,Used in Unknown_Field_FR3298 (FR3298)
Market Rent,Extracted from formula,MF Market Rent,Used in Unknown_Field_FQ3299 (FQ3299)
Market Rent,Extracted from formula,MF Market Rent,Used in Unknown_Field_FR3299 (FR3299)
Market Rent,Extracted from formula,MF Market Rent,Used in Unknown_Field_FQ3300 (FQ3300)
Market Rent,Extracted from formula,MF Market Rent,Used in Unknown_Field_FR3300 (FR3300)
Market Rent,Extracted from formula,MF Market Rent,Used in Unknown_Field_FQ3301 (FQ3301)
Market Rent,Extracted from formula,MF Market Rent,Used in Unknown_Field_FR3301 (FR3301)
Market Rent,Extracted from formula,MF Market Rent,Used in Unknown_Field_FQ3302 (FQ3302)
Market Rent,Extracted from formula,MF Market Rent,Used in Unknown_Field_FR3302 (FR3302)
Market Rent,Extracted from formula,MF Market Rent,Used in Unknown_Field_FQ3303 (FQ3303)
Market Rent,Extracted from formula,MF Market Rent,Used in Unknown_Field_FR3303 (FR3303)
Market Rent,Extracted from formula,MF Market Rent,Used in Unknown_Field_FQ3304 (FQ3304)
Market Rent,Extracted from formula,MF Market Rent,Used in Unknown_Field_FR3304 (FR3304)
Market Rent,Extracted from formula,MF Market Rent,Used in Unknown_Field_FQ3305 (FQ3305)
Market Rent,Extracted from formula,MF Market Rent,Used in Unknown_Field_FR3305 (FR3305)
Market Rent,Extracted from formula,MF Market Rent,Used in Unknown_Field_FQ3306 (FQ3306)
Market Rent,Extracted from formula,MF Market Rent,Used in Unknown_Field_FR3306 (FR3306)
Market Rent,Extracted from formula,MF Market Rent,Used in Unknown_Field_FQ3307 (FQ3307)
Market Rent,Extracted from formula,MF Market Rent,Used in Unknown_Field_FR3307 (FR3307)
Market Rent,Extracted from formula,MF Market Rent,Used in Unknown_Field_FQ3308 (FQ3308)
Market Rent,Extracted from formula,MF Market Rent,Used in Unknown_Field_FR3308 (FR3308)
Market Rent,Extracted from formula,MF Market Rent,Used in Unknown_Field_FQ3309 (FQ3309)
Market Rent,Extracted from formula,MF Market Rent,Used in Unknown_Field_FR3309 (FR3309)
Market Rent,Extracted from formula,MF Market Rent,Used in Unknown_Field_FQ3310 (FQ3310)
Market Rent,Extracted from formula,MF Market Rent,Used in Unknown_Field_FR3310 (FR3310)
Market Rent,Extracted from formula,MF Market Rent,Used in Unknown_Field_FQ3311 (FQ3311)
Market Rent,Extracted from formula,MF Market Rent,Used in Unknown_Field_FR3311 (FR3311)
Market Rent,Extracted from formula,MF Market Rent,Used in Unknown_Field_FQ3312 (FQ3312)
Market Rent,Extracted from formula,MF Market Rent,Used in Unknown_Field_FR3312 (FR3312)
Market Rent,Extracted from formula,MF Market Rent,Used in Unknown_Field_FQ3313 (FQ3313)
Market Rent,Extracted from formula,MF Market Rent,Used in Unknown_Field_FR3313 (FR3313)
Market Rent,Extracted from formula,MF Market Rent,Used in Unknown_Field_FQ3314 (FQ3314)
Market Rent,Extracted from formula,MF Market Rent,Used in Unknown_Field_FR3314 (FR3314)
Market Rent,Extracted from formula,MF Market Rent,Used in Unknown_Field_FQ3315 (FQ3315)
Market Rent,Extracted from formula,MF Market Rent,Used in Unknown_Field_FR3315 (FR3315)
Market Rent (2),Extracted from formula,MF Market Rent,Used in Unknown_Field_FQ3316 (FQ3316)
Market Rent (3),Extracted from formula,MF Market Rent,Used in Unknown_Field_FQ3316 (FQ3316)
Market Rent (2),Extracted from formula,MF Market Rent,Used in Unknown_Field_FR3316 (FR3316)
Market Rent (3),Extracted from formula,MF Market Rent,Used in Unknown_Field_FR3316 (FR3316)
Market Rent (2),Extracted from formula,MF Market Rent,Used in Unknown_Field_FQ3317 (FQ3317)
Market Rent (3),Extracted from formula,MF Market Rent,Used in Unknown_Field_FQ3317 (FQ3317)
Market Rent (2),Extracted from formula,MF Market Rent,Used in Unknown_Field_FR3317 (FR3317)
Market Rent (3),Extracted from formula,MF Market Rent,Used in Unknown_Field_FR3317 (FR3317)
Market Rent (2),Extracted from formula,MF Market Rent,Used in Unknown_Field_FQ3318 (FQ3318)
Market Rent (3),Extracted from formula,MF Market Rent,Used in Unknown_Field_FQ3318 (FQ3318)
Market Rent (2),Extracted from formula,MF Market Rent,Used in Unknown_Field_FR3318 (FR3318)
Market Rent (3),Extracted from formula,MF Market Rent,Used in Unknown_Field_FR3318 (FR3318)
Market Rent (2),Extracted from formula,MF Market Rent,Used in Unknown_Field_FQ3319 (FQ3319)
Market Rent (3),Extracted from formula,MF Market Rent,Used in Unknown_Field_FQ3319 (FQ3319)
Market Rent (2),Extracted from formula,MF Market Rent,Used in Unknown_Field_FR3319 (FR3319)
Market Rent (3),Extracted from formula,MF Market Rent,Used in Unknown_Field_FR3319 (FR3319)
Market Rent (2),Extracted from formula,MF Market Rent,Used in Unknown_Field_FQ3320 (FQ3320)
Market Rent (3),Extracted from formula,MF Market Rent,Used in Unknown_Field_FQ3320 (FQ3320)
Market Rent (2),Extracted from formula,MF Market Rent,Used in Unknown_Field_FR3320 (FR3320)
Market Rent (3),Extracted from formula,MF Market Rent,Used in Unknown_Field_FR3320 (FR3320)
Market Rent (2),Extracted from formula,MF Market Rent,Used in Unknown_Field_FQ3321 (FQ3321)
Market Rent (3),Extracted from formula,MF Market Rent,Used in Unknown_Field_FQ3321 (FQ3321)
Market Rent (2),Extracted from formula,MF Market Rent,Used in Unknown_Field_FR3321 (FR3321)
Market Rent (3),Extracted from formula,MF Market Rent,Used in Unknown_Field_FR3321 (FR3321)
Market Rent (2),Extracted from formula,MF Market Rent,Used in Unknown_Field_FQ3322 (FQ3322)
Market Rent (3),Extracted from formula,MF Market Rent,Used in Unknown_Field_FQ3322 (FQ3322)
Market Rent (2),Extracted from formula,MF Market Rent,Used in Unknown_Field_FR3322 (FR3322)
Market Rent (3),Extracted from formula,MF Market Rent,Used in Unknown_Field_FR3322 (FR3322)
Market Rent (2),Extracted from formula,MF Market Rent,Used in Unknown_Field_FQ3323 (FQ3323)
Market Rent (3),Extracted from formula,MF Market Rent,Used in Unknown_Field_FQ3323 (FQ3323)
Market Rent (2),Extracted from formula,MF Market Rent,Used in Unknown_Field_FR3323 (FR3323)
Market Rent (3),Extracted from formula,MF Market Rent,Used in Unknown_Field_FR3323 (FR3323)
Market Rent (2),Extracted from formula,MF Market Rent,Used in Unknown_Field_FQ3324 (FQ3324)
Market Rent (3),Extracted from formula,MF Market Rent,Used in Unknown_Field_FQ3324 (FQ3324)
Market Rent (2),Extracted from formula,MF Market Rent,Used in Unknown_Field_FR3324 (FR3324)
Market Rent (3),Extracted from formula,MF Market Rent,Used in Unknown_Field_FR3324 (FR3324)
Market Rent (2),Extracted from formula,MF Market Rent,Used in Unknown_Field_FQ3325 (FQ3325)
Market Rent (3),Extracted from formula,MF Market Rent,Used in Unknown_Field_FQ3325 (FQ3325)
Market Rent (2),Extracted from formula,MF Market Rent,Used in Unknown_Field_FR3325 (FR3325)
Market Rent (3),Extracted from formula,MF Market Rent,Used in Unknown_Field_FR3325 (FR3325)
Market Rent (2),Extracted from formula,MF Market Rent,Used in Unknown_Field_FQ3326 (FQ3326)
Market Rent (3),Extracted from formula,MF Market Rent,Used in Unknown_Field_FQ3326 (FQ3326)
Market Rent (2),Extracted from formula,MF Market Rent,Used in Unknown_Field_FR3326 (FR3326)
Market Rent (3),Extracted from formula,MF Market Rent,Used in Unknown_Field_FR3326 (FR3326)
Market Rent (2),Extracted from formula,MF Market Rent,Used in Unknown_Field_FQ3327 (FQ3327)
Market Rent (3),Extracted from formula,MF Market Rent,Used in Unknown_Field_FQ3327 (FQ3327)
Market Rent (2),Extracted from formula,MF Market Rent,Used in Unknown_Field_FR3327 (FR3327)
Market Rent (3),Extracted from formula,MF Market Rent,Used in Unknown_Field_FR3327 (FR3327)
Market Rent (2),Extracted from formula,MF Market Rent,Used in Unknown_Field_FQ3328 (FQ3328)
Market Rent (3),Extracted from formula,MF Market Rent,Used in Unknown_Field_FQ3328 (FQ3328)
Market Rent (2),Extracted from formula,MF Market Rent,Used in Unknown_Field_FR3328 (FR3328)
Market Rent (3),Extracted from formula,MF Market Rent,Used in Unknown_Field_FR3328 (FR3328)
Market Rent (2),Extracted from formula,MF Market Rent,Used in Unknown_Field_FQ3329 (FQ3329)
Market Rent (3),Extracted from formula,MF Market Rent,Used in Unknown_Field_FQ3329 (FQ3329)
Market Rent (2),Extracted from formula,MF Market Rent,Used in Unknown_Field_FR3329 (FR3329)
Market Rent (3),Extracted from formula,MF Market Rent,Used in Unknown_Field_FR3329 (FR3329)
Market Rent (2),Extracted from formula,MF Market Rent,Used in Unknown_Field_FQ3330 (FQ3330)
Market Rent (3),Extracted from formula,MF Market Rent,Used in Unknown_Field_FQ3330 (FQ3330)
Market Rent (2),Extracted from formula,MF Market Rent,Used in Unknown_Field_FR3330 (FR3330)
Market Rent (3),Extracted from formula,MF Market Rent,Used in Unknown_Field_FR3330 (FR3330)
Market Rent (2),Extracted from formula,MF Market Rent,Used in Unknown_Field_FQ3331 (FQ3331)
Market Rent (3),Extracted from formula,MF Market Rent,Used in Unknown_Field_FQ3331 (FQ3331)
Market Rent (2),Extracted from formula,MF Market Rent,Used in Unknown_Field_FR3331 (FR3331)
Market Rent (3),Extracted from formula,MF Market Rent,Used in Unknown_Field_FR3331 (FR3331)
Market Rent (2),Extracted from formula,MF Market Rent,Used in Unknown_Field_FQ3332 (FQ3332)
Market Rent (3),Extracted from formula,MF Market Rent,Used in Unknown_Field_FQ3332 (FQ3332)
Market Rent (2),Extracted from formula,MF Market Rent,Used in Unknown_Field_FR3332 (FR3332)
Market Rent (3),Extracted from formula,MF Market Rent,Used in Unknown_Field_FR3332 (FR3332)
Market Rent (2),Extracted from formula,MF Market Rent,Used in Unknown_Field_FQ3333 (FQ3333)
Market Rent (3),Extracted from formula,MF Market Rent,Used in Unknown_Field_FQ3333 (FQ3333)
Market Rent (2),Extracted from formula,MF Market Rent,Used in Unknown_Field_FR3333 (FR3333)
Market Rent (3),Extracted from formula,MF Market Rent,Used in Unknown_Field_FR3333 (FR3333)
Market Rent (2),Extracted from formula,MF Market Rent,Used in Unknown_Field_FQ3334 (FQ3334)
Market Rent (3),Extracted from formula,MF Market Rent,Used in Unknown_Field_FQ3334 (FQ3334)
Market Rent (2),Extracted from formula,MF Market Rent,Used in Unknown_Field_FR3334 (FR3334)
Market Rent (3),Extracted from formula,MF Market Rent,Used in Unknown_Field_FR3334 (FR3334)
Market Rent (2),Extracted from formula,MF Market Rent,Used in Unknown_Field_FQ3335 (FQ3335)
Market Rent (3),Extracted from formula,MF Market Rent,Used in Unknown_Field_FQ3335 (FQ3335)
Market Rent (2),Extracted from formula,MF Market Rent,Used in Unknown_Field_FR3335 (FR3335)
Market Rent (3),Extracted from formula,MF Market Rent,Used in Unknown_Field_FR3335 (FR3335)
Market Rent (2),Extracted from formula,MF Market Rent,Used in Unknown_Field_FQ3336 (FQ3336)
Market Rent (3),Extracted from formula,MF Market Rent,Used in Unknown_Field_FQ3336 (FQ3336)
Market Rent (2),Extracted from formula,MF Market Rent,Used in Unknown_Field_FR3336 (FR3336)
Market Rent (3),Extracted from formula,MF Market Rent,Used in Unknown_Field_FR3336 (FR3336)
Market Rent (2),Extracted from formula,MF Market Rent,Used in Unknown_Field_FQ3337 (FQ3337)
Market Rent (3),Extracted from formula,MF Market Rent,Used in Unknown_Field_FQ3337 (FQ3337)
Market Rent (2),Extracted from formula,MF Market Rent,Used in Unknown_Field_FR3337 (FR3337)
Market Rent (3),Extracted from formula,MF Market Rent,Used in Unknown_Field_FR3337 (FR3337)
Market Rent (2),Extracted from formula,MF Market Rent,Used in Unknown_Field_FQ3338 (FQ3338)
Market Rent (3),Extracted from formula,MF Market Rent,Used in Unknown_Field_FQ3338 (FQ3338)
Market Rent (2),Extracted from formula,MF Market Rent,Used in Unknown_Field_FR3338 (FR3338)
Market Rent (3),Extracted from formula,MF Market Rent,Used in Unknown_Field_FR3338 (FR3338)
Market Rent (2),Extracted from formula,MF Market Rent,Used in Unknown_Field_FQ3339 (FQ3339)
Market Rent (3),Extracted from formula,MF Market Rent,Used in Unknown_Field_FQ3339 (FQ3339)
Market Rent (2),Extracted from formula,MF Market Rent,Used in Unknown_Field_FR3339 (FR3339)
Market Rent (3),Extracted from formula,MF Market Rent,Used in Unknown_Field_FR3339 (FR3339)
Market Rent (2),Extracted from formula,MF Market Rent,Used in Unknown_Field_FQ3340 (FQ3340)
Market Rent (3),Extracted from formula,MF Market Rent,Used in Unknown_Field_FQ3340 (FQ3340)
Market Rent (2),Extracted from formula,MF Market Rent,Used in Unknown_Field_FR3340 (FR3340)
Market Rent (3),Extracted from formula,MF Market Rent,Used in Unknown_Field_FR3340 (FR3340)
Market Rent (2),Extracted from formula,MF Market Rent,Used in Unknown_Field_FQ3341 (FQ3341)
Market Rent (3),Extracted from formula,MF Market Rent,Used in Unknown_Field_FQ3341 (FQ3341)
Market Rent (2),Extracted from formula,MF Market Rent,Used in Unknown_Field_FR3341 (FR3341)
Market Rent (3),Extracted from formula,MF Market Rent,Used in Unknown_Field_FR3341 (FR3341)
Market Rent (2),Extracted from formula,MF Market Rent,Used in Unknown_Field_FQ3342 (FQ3342)
Market Rent (3),Extracted from formula,MF Market Rent,Used in Unknown_Field_FQ3342 (FQ3342)
Market Rent (2),Extracted from formula,MF Market Rent,Used in Unknown_Field_FR3342 (FR3342)
Market Rent (3),Extracted from formula,MF Market Rent,Used in Unknown_Field_FR3342 (FR3342)
Market Rent (2),Extracted from formula,MF Market Rent,Used in Unknown_Field_FQ3343 (FQ3343)
Market Rent (3),Extracted from formula,MF Market Rent,Used in Unknown_Field_FQ3343 (FQ3343)
Market Rent (2),Extracted from formula,MF Market Rent,Used in Unknown_Field_FR3343 (FR3343)
Market Rent (3),Extracted from formula,MF Market Rent,Used in Unknown_Field_FR3343 (FR3343)
Market Rent (2),Extracted from formula,MF Market Rent,Used in Unknown_Field_FQ3344 (FQ3344)
Market Rent (3),Extracted from formula,MF Market Rent,Used in Unknown_Field_FQ3344 (FQ3344)
Market Rent (2),Extracted from formula,MF Market Rent,Used in Unknown_Field_FR3344 (FR3344)
Market Rent (3),Extracted from formula,MF Market Rent,Used in Unknown_Field_FR3344 (FR3344)
Market Rent (2),Extracted from formula,MF Market Rent,Used in Unknown_Field_FQ3345 (FQ3345)
Market Rent (3),Extracted from formula,MF Market Rent,Used in Unknown_Field_FQ3345 (FQ3345)
Market Rent (2),Extracted from formula,MF Market Rent,Used in Unknown_Field_FR3345 (FR3345)
Market Rent (3),Extracted from formula,MF Market Rent,Used in Unknown_Field_FR3345 (FR3345)
Market Rent (2),Extracted from formula,MF Market Rent,Used in Unknown_Field_FQ3346 (FQ3346)
Market Rent (3),Extracted from formula,MF Market Rent,Used in Unknown_Field_FQ3346 (FQ3346)
Market Rent (2),Extracted from formula,MF Market Rent,Used in Unknown_Field_FR3346 (FR3346)
Market Rent (3),Extracted from formula,MF Market Rent,Used in Unknown_Field_FR3346 (FR3346)
Market Rent (2),Extracted from formula,MF Market Rent,Used in Unknown_Field_FQ3347 (FQ3347)
Market Rent (3),Extracted from formula,MF Market Rent,Used in Unknown_Field_FQ3347 (FQ3347)
Market Rent (2),Extracted from formula,MF Market Rent,Used in Unknown_Field_FR3347 (FR3347)
Market Rent (3),Extracted from formula,MF Market Rent,Used in Unknown_Field_FR3347 (FR3347)
Market Rent (2),Extracted from formula,MF Market Rent,Used in Unknown_Field_FQ3348 (FQ3348)
Market Rent (3),Extracted from formula,MF Market Rent,Used in Unknown_Field_FQ3348 (FQ3348)
Market Rent (2),Extracted from formula,MF Market Rent,Used in Unknown_Field_FR3348 (FR3348)
Market Rent (3),Extracted from formula,MF Market Rent,Used in Unknown_Field_FR3348 (FR3348)
Market Rent (2),Extracted from formula,MF Market Rent,Used in Unknown_Field_FQ3349 (FQ3349)
Market Rent (3),Extracted from formula,MF Market Rent,Used in Unknown_Field_FQ3349 (FQ3349)
Market Rent (2),Extracted from formula,MF Market Rent,Used in Unknown_Field_FR3349 (FR3349)
Market Rent (3),Extracted from formula,MF Market Rent,Used in Unknown_Field_FR3349 (FR3349)
Market Rent (2),Extracted from formula,MF Market Rent,Used in Unknown_Field_FQ3350 (FQ3350)
Market Rent (3),Extracted from formula,MF Market Rent,Used in Unknown_Field_FQ3350 (FQ3350)
Market Rent (2),Extracted from formula,MF Market Rent,Used in Unknown_Field_FR3350 (FR3350)
Market Rent (3),Extracted from formula,MF Market Rent,Used in Unknown_Field_FR3350 (FR3350)
Market Rent (2),Extracted from formula,MF Market Rent,Used in Unknown_Field_FQ3351 (FQ3351)
Market Rent (3),Extracted from formula,MF Market Rent,Used in Unknown_Field_FQ3351 (FQ3351)
Market Rent (2),Extracted from formula,MF Market Rent,Used in Unknown_Field_FR3351 (FR3351)
Market Rent (3),Extracted from formula,MF Market Rent,Used in Unknown_Field_FR3351 (FR3351)
Market Rent (2),Extracted from formula,MF Market Rent,Used in Unknown_Field_FQ3352 (FQ3352)
Market Rent (3),Extracted from formula,MF Market Rent,Used in Unknown_Field_FQ3352 (FQ3352)
Market Rent (2),Extracted from formula,MF Market Rent,Used in Unknown_Field_FR3352 (FR3352)
Market Rent (3),Extracted from formula,MF Market Rent,Used in Unknown_Field_FR3352 (FR3352)
Market Rent (2),Extracted from formula,MF Market Rent,Used in Unknown_Field_FQ3353 (FQ3353)
Market Rent (3),Extracted from formula,MF Market Rent,Used in Unknown_Field_FQ3353 (FQ3353)
Market Rent (2),Extracted from formula,MF Market Rent,Used in Unknown_Field_FR3353 (FR3353)
Market Rent (3),Extracted from formula,MF Market Rent,Used in Unknown_Field_FR3353 (FR3353)
Market Rent (2),Extracted from formula,MF Market Rent,Used in Unknown_Field_FQ3354 (FQ3354)
Market Rent (3),Extracted from formula,MF Market Rent,Used in Unknown_Field_FQ3354 (FQ3354)
Market Rent (2),Extracted from formula,MF Market Rent,Used in Unknown_Field_FR3354 (FR3354)
Market Rent (3),Extracted from formula,MF Market Rent,Used in Unknown_Field_FR3354 (FR3354)
Market Rent (2),Extracted from formula,MF Market Rent,Used in Unknown_Field_FQ3355 (FQ3355)
Market Rent (3),Extracted from formula,MF Market Rent,Used in Unknown_Field_FQ3355 (FQ3355)
Market Rent (2),Extracted from formula,MF Market Rent,Used in Unknown_Field_FR3355 (FR3355)
Market Rent (3),Extracted from formula,MF Market Rent,Used in Unknown_Field_FR3355 (FR3355)
Market Rent (2),Extracted from formula,MF Market Rent,Used in Unknown_Field_FQ3356 (FQ3356)
Market Rent (3),Extracted from formula,MF Market Rent,Used in Unknown_Field_FQ3356 (FQ3356)
Market Rent (2),Extracted from formula,MF Market Rent,Used in Unknown_Field_FR3356 (FR3356)
Market Rent (3),Extracted from formula,MF Market Rent,Used in Unknown_Field_FR3356 (FR3356)
Market Rent (2),Extracted from formula,MF Market Rent,Used in Unknown_Field_FQ3357 (FQ3357)
Market Rent (3),Extracted from formula,MF Market Rent,Used in Unknown_Field_FQ3357 (FQ3357)
Market Rent (2),Extracted from formula,MF Market Rent,Used in Unknown_Field_FR3357 (FR3357)
Market Rent (3),Extracted from formula,MF Market Rent,Used in Unknown_Field_FR3357 (FR3357)
Market Rent (2),Extracted from formula,MF Market Rent,Used in Unknown_Field_FQ3358 (FQ3358)
Market Rent (3),Extracted from formula,MF Market Rent,Used in Unknown_Field_FQ3358 (FQ3358)
Market Rent (2),Extracted from formula,MF Market Rent,Used in Unknown_Field_FR3358 (FR3358)
Market Rent (3),Extracted from formula,MF Market Rent,Used in Unknown_Field_FR3358 (FR3358)
Market Rent (2),Extracted from formula,MF Market Rent,Used in Unknown_Field_FQ3359 (FQ3359)
Market Rent (3),Extracted from formula,MF Market Rent,Used in Unknown_Field_FQ3359 (FQ3359)
Market Rent (2),Extracted from formula,MF Market Rent,Used in Unknown_Field_FR3359 (FR3359)
Market Rent (3),Extracted from formula,MF Market Rent,Used in Unknown_Field_FR3359 (FR3359)
Market Rent (2),Extracted from formula,MF Market Rent,Used in Unknown_Field_FQ3360 (FQ3360)
Market Rent (3),Extracted from formula,MF Market Rent,Used in Unknown_Field_FQ3360 (FQ3360)
Market Rent (2),Extracted from formula,MF Market Rent,Used in Unknown_Field_FR3360 (FR3360)
Market Rent (3),Extracted from formula,MF Market Rent,Used in Unknown_Field_FR3360 (FR3360)
Market Rent (2),Extracted from formula,MF Market Rent,Used in Unknown_Field_FQ3361 (FQ3361)
Market Rent (3),Extracted from formula,MF Market Rent,Used in Unknown_Field_FQ3361 (FQ3361)
Market Rent (2),Extracted from formula,MF Market Rent,Used in Unknown_Field_FR3361 (FR3361)
Market Rent (3),Extracted from formula,MF Market Rent,Used in Unknown_Field_FR3361 (FR3361)
Market Rent (2),Extracted from formula,MF Market Rent,Used in Unknown_Field_FQ3362 (FQ3362)
Market Rent (3),Extracted from formula,MF Market Rent,Used in Unknown_Field_FQ3362 (FQ3362)
Market Rent (2),Extracted from formula,MF Market Rent,Used in Unknown_Field_FR3362 (FR3362)
Market Rent (3),Extracted from formula,MF Market Rent,Used in Unknown_Field_FR3362 (FR3362)
Market Rent (2),Extracted from formula,MF Market Rent,Used in Unknown_Field_FQ3363 (FQ3363)
Market Rent (3),Extracted from formula,MF Market Rent,Used in Unknown_Field_FQ3363 (FQ3363)
Market Rent (2),Extracted from formula,MF Market Rent,Used in Unknown_Field_FR3363 (FR3363)
Market Rent (3),Extracted from formula,MF Market Rent,Used in Unknown_Field_FR3363 (FR3363)
Market Rent (2),Extracted from formula,MF Market Rent,Used in Unknown_Field_FQ3364 (FQ3364)
Market Rent (3),Extracted from formula,MF Market Rent,Used in Unknown_Field_FQ3364 (FQ3364)
Market Rent (2),Extracted from formula,MF Market Rent,Used in Unknown_Field_FR3364 (FR3364)
Market Rent (3),Extracted from formula,MF Market Rent,Used in Unknown_Field_FR3364 (FR3364)
Market Rent (2),Extracted from formula,MF Market Rent,Used in Unknown_Field_FQ3365 (FQ3365)
Market Rent (3),Extracted from formula,MF Market Rent,Used in Unknown_Field_FQ3365 (FQ3365)
Market Rent (2),Extracted from formula,MF Market Rent,Used in Unknown_Field_FR3365 (FR3365)
Market Rent (3),Extracted from formula,MF Market Rent,Used in Unknown_Field_FR3365 (FR3365)
Market Rent (2),Extracted from formula,MF Market Rent,Used in Unknown_Field_FQ3366 (FQ3366)
Market Rent (3),Extracted from formula,MF Market Rent,Used in Unknown_Field_FQ3366 (FQ3366)
Market Rent (2),Extracted from formula,MF Market Rent,Used in Unknown_Field_FR3366 (FR3366)
Market Rent (3),Extracted from formula,MF Market Rent,Used in Unknown_Field_FR3366 (FR3366)
Market Rent (2),Extracted from formula,MF Market Rent,Used in Unknown_Field_FQ3367 (FQ3367)
Market Rent (3),Extracted from formula,MF Market Rent,Used in Unknown_Field_FQ3367 (FQ3367)
Market Rent (2),Extracted from formula,MF Market Rent,Used in Unknown_Field_FR3367 (FR3367)
Market Rent (3),Extracted from formula,MF Market Rent,Used in Unknown_Field_FR3367 (FR3367)
Market Rent (2),Extracted from formula,MF Market Rent,Used in Unknown_Field_FQ3368 (FQ3368)
Market Rent (3),Extracted from formula,MF Market Rent,Used in Unknown_Field_FQ3368 (FQ3368)
Market Rent (2),Extracted from formula,MF Market Rent,Used in Unknown_Field_FR3368 (FR3368)
Market Rent (3),Extracted from formula,MF Market Rent,Used in Unknown_Field_FR3368 (FR3368)
Market Rent (2),Extracted from formula,MF Market Rent,Used in Unknown_Field_FQ3369 (FQ3369)
Market Rent (3),Extracted from formula,MF Market Rent,Used in Unknown_Field_FQ3369 (FQ3369)
Market Rent (2),Extracted from formula,MF Market Rent,Used in Unknown_Field_FR3369 (FR3369)
Market Rent (3),Extracted from formula,MF Market Rent,Used in Unknown_Field_FR3369 (FR3369)
Market Rent (2),Extracted from formula,MF Market Rent,Used in Unknown_Field_FQ3370 (FQ3370)
Market Rent (3),Extracted from formula,MF Market Rent,Used in Unknown_Field_FQ3370 (FQ3370)
Market Rent (2),Extracted from formula,MF Market Rent,Used in Unknown_Field_FR3370 (FR3370)
Market Rent (3),Extracted from formula,MF Market Rent,Used in Unknown_Field_FR3370 (FR3370)
Market Rent (2),Extracted from formula,MF Market Rent,Used in Unknown_Field_FQ3371 (FQ3371)
Market Rent (3),Extracted from formula,MF Market Rent,Used in Unknown_Field_FQ3371 (FQ3371)
Market Rent (2),Extracted from formula,MF Market Rent,Used in Unknown_Field_FR3371 (FR3371)
Market Rent (3),Extracted from formula,MF Market Rent,Used in Unknown_Field_FR3371 (FR3371)
Market Rent (2),Extracted from formula,MF Market Rent,Used in Unknown_Field_FQ3372 (FQ3372)
Market Rent (3),Extracted from formula,MF Market Rent,Used in Unknown_Field_FQ3372 (FQ3372)
Market Rent (2),Extracted from formula,MF Market Rent,Used in Unknown_Field_FR3372 (FR3372)
Market Rent (3),Extracted from formula,MF Market Rent,Used in Unknown_Field_FR3372 (FR3372)
Market Rent (2),Extracted from formula,MF Market Rent,Used in Unknown_Field_FQ3373 (FQ3373)
Market Rent (3),Extracted from formula,MF Market Rent,Used in Unknown_Field_FQ3373 (FQ3373)
Market Rent (2),Extracted from formula,MF Market Rent,Used in Unknown_Field_FR3373 (FR3373)
Market Rent (3),Extracted from formula,MF Market Rent,Used in Unknown_Field_FR3373 (FR3373)
Market Rent (2),Extracted from formula,MF Market Rent,Used in Unknown_Field_FQ3374 (FQ3374)
Market Rent (3),Extracted from formula,MF Market Rent,Used in Unknown_Field_FQ3374 (FQ3374)
Market Rent (2),Extracted from formula,MF Market Rent,Used in Unknown_Field_FR3374 (FR3374)
Market Rent (3),Extracted from formula,MF Market Rent,Used in Unknown_Field_FR3374 (FR3374)
Market Rent (2),Extracted from formula,MF Market Rent,Used in Unknown_Field_FQ3375 (FQ3375)
Market Rent (3),Extracted from formula,MF Market Rent,Used in Unknown_Field_FQ3375 (FQ3375)
Market Rent (2),Extracted from formula,MF Market Rent,Used in Unknown_Field_FR3375 (FR3375)
Market Rent (3),Extracted from formula,MF Market Rent,Used in Unknown_Field_FR3375 (FR3375)
Market Rent (2),Extracted from formula,MF Market Rent,Used in Unknown_Field_FQ3376 (FQ3376)
Market Rent (3),Extracted from formula,MF Market Rent,Used in Unknown_Field_FQ3376 (FQ3376)
Market Rent (2),Extracted from formula,MF Market Rent,Used in Unknown_Field_FR3376 (FR3376)
Market Rent (3),Extracted from formula,MF Market Rent,Used in Unknown_Field_FR3376 (FR3376)
Market Rent (2),Extracted from formula,MF Market Rent,Used in Unknown_Field_FQ3377 (FQ3377)
Market Rent (3),Extracted from formula,MF Market Rent,Used in Unknown_Field_FQ3377 (FQ3377)
Market Rent (2),Extracted from formula,MF Market Rent,Used in Unknown_Field_FR3377 (FR3377)
Market Rent (3),Extracted from formula,MF Market Rent,Used in Unknown_Field_FR3377 (FR3377)
Market Rent (2),Extracted from formula,MF Market Rent,Used in Unknown_Field_FQ3378 (FQ3378)
Market Rent (3),Extracted from formula,MF Market Rent,Used in Unknown_Field_FQ3378 (FQ3378)
Market Rent (2),Extracted from formula,MF Market Rent,Used in Unknown_Field_FR3378 (FR3378)
Market Rent (3),Extracted from formula,MF Market Rent,Used in Unknown_Field_FR3378 (FR3378)
Market Rent (2),Extracted from formula,MF Market Rent,Used in Unknown_Field_FQ3379 (FQ3379)
Market Rent (3),Extracted from formula,MF Market Rent,Used in Unknown_Field_FQ3379 (FQ3379)
Market Rent (2),Extracted from formula,MF Market Rent,Used in Unknown_Field_FR3379 (FR3379)
Market Rent (3),Extracted from formula,MF Market Rent,Used in Unknown_Field_FR3379 (FR3379)
Market Rent (2),Extracted from formula,MF Market Rent,Used in Unknown_Field_FQ3380 (FQ3380)
Market Rent (3),Extracted from formula,MF Market Rent,Used in Unknown_Field_FQ3380 (FQ3380)
Market Rent (2),Extracted from formula,MF Market Rent,Used in Unknown_Field_FR3380 (FR3380)
Market Rent (3),Extracted from formula,MF Market Rent,Used in Unknown_Field_FR3380 (FR3380)
Market Rent (2),Extracted from formula,MF Market Rent,Used in Unknown_Field_FQ3381 (FQ3381)
Market Rent (3),Extracted from formula,MF Market Rent,Used in Unknown_Field_FQ3381 (FQ3381)
Market Rent (2),Extracted from formula,MF Market Rent,Used in Unknown_Field_FR3381 (FR3381)
Market Rent (3),Extracted from formula,MF Market Rent,Used in Unknown_Field_FR3381 (FR3381)
Market Rent (2),Extracted from formula,MF Market Rent,Used in Unknown_Field_FQ3382 (FQ3382)
Market Rent (3),Extracted from formula,MF Market Rent,Used in Unknown_Field_FQ3382 (FQ3382)
Market Rent (2),Extracted from formula,MF Market Rent,Used in Unknown_Field_FR3382 (FR3382)
Market Rent (3),Extracted from formula,MF Market Rent,Used in Unknown_Field_FR3382 (FR3382)
Market Rent (2),Extracted from formula,MF Market Rent,Used in Unknown_Field_FQ3383 (FQ3383)
Market Rent (3),Extracted from formula,MF Market Rent,Used in Unknown_Field_FQ3383 (FQ3383)
Market Rent (2),Extracted from formula,MF Market Rent,Used in Unknown_Field_FR3383 (FR3383)
Market Rent (3),Extracted from formula,MF Market Rent,Used in Unknown_Field_FR3383 (FR3383)
Market Rent (2),Extracted from formula,MF Market Rent,Used in Unknown_Field_FQ3384 (FQ3384)
Market Rent (3),Extracted from formula,MF Market Rent,Used in Unknown_Field_FQ3384 (FQ3384)
Market Rent (2),Extracted from formula,MF Market Rent,Used in Unknown_Field_FR3384 (FR3384)
Market Rent (3),Extracted from formula,MF Market Rent,Used in Unknown_Field_FR3384 (FR3384)
Market Rent (2),Extracted from formula,MF Market Rent,Used in Unknown_Field_FQ3385 (FQ3385)
Market Rent (3),Extracted from formula,MF Market Rent,Used in Unknown_Field_FQ3385 (FQ3385)
Market Rent (2),Extracted from formula,MF Market Rent,Used in Unknown_Field_FR3385 (FR3385)
Market Rent (3),Extracted from formula,MF Market Rent,Used in Unknown_Field_FR3385 (FR3385)
Market Rent (2),Extracted from formula,MF Market Rent,Used in Unknown_Field_FQ3386 (FQ3386)
Market Rent (3),Extracted from formula,MF Market Rent,Used in Unknown_Field_FQ3386 (FQ3386)
Market Rent (2),Extracted from formula,MF Market Rent,Used in Unknown_Field_FR3386 (FR3386)
Market Rent (3),Extracted from formula,MF Market Rent,Used in Unknown_Field_FR3386 (FR3386)
Market Rent (2),Extracted from formula,MF Market Rent,Used in Unknown_Field_FQ3387 (FQ3387)
Market Rent (3),Extracted from formula,MF Market Rent,Used in Unknown_Field_FQ3387 (FQ3387)
Market Rent (2),Extracted from formula,MF Market Rent,Used in Unknown_Field_FR3387 (FR3387)
Market Rent (3),Extracted from formula,MF Market Rent,Used in Unknown_Field_FR3387 (FR3387)
Market Rent (2),Extracted from formula,MF Market Rent,Used in Unknown_Field_FQ3388 (FQ3388)
Market Rent (3),Extracted from formula,MF Market Rent,Used in Unknown_Field_FQ3388 (FQ3388)
Market Rent (2),Extracted from formula,MF Market Rent,Used in Unknown_Field_FR3388 (FR3388)
Market Rent (3),Extracted from formula,MF Market Rent,Used in Unknown_Field_FR3388 (FR3388)
Market Rent (2),Extracted from formula,MF Market Rent,Used in Unknown_Field_FQ3389 (FQ3389)
Market Rent (3),Extracted from formula,MF Market Rent,Used in Unknown_Field_FQ3389 (FQ3389)
Market Rent (2),Extracted from formula,MF Market Rent,Used in Unknown_Field_FR3389 (FR3389)
Market Rent (3),Extracted from formula,MF Market Rent,Used in Unknown_Field_FR3389 (FR3389)
Market Rent (2),Extracted from formula,MF Market Rent,Used in Unknown_Field_FQ3390 (FQ3390)
Market Rent (3),Extracted from formula,MF Market Rent,Used in Unknown_Field_FQ3390 (FQ3390)
Market Rent (2),Extracted from formula,MF Market Rent,Used in Unknown_Field_FR3390 (FR3390)
Market Rent (3),Extracted from formula,MF Market Rent,Used in Unknown_Field_FR3390 (FR3390)
Market Rent (2),Extracted from formula,MF Market Rent,Used in Unknown_Field_FQ3391 (FQ3391)
Market Rent (3),Extracted from formula,MF Market Rent,Used in Unknown_Field_FQ3391 (FQ3391)
Market Rent (2),Extracted from formula,MF Market Rent,Used in Unknown_Field_FR3391 (FR3391)
Market Rent (3),Extracted from formula,MF Market Rent,Used in Unknown_Field_FR3391 (FR3391)
Market Rent (2),Extracted from formula,MF Market Rent,Used in Unknown_Field_FQ3392 (FQ3392)
Market Rent (3),Extracted from formula,MF Market Rent,Used in Unknown_Field_FQ3392 (FQ3392)
Market Rent (2),Extracted from formula,MF Market Rent,Used in Unknown_Field_FR3392 (FR3392)
Market Rent (3),Extracted from formula,MF Market Rent,Used in Unknown_Field_FR3392 (FR3392)
Market Rent (2),Extracted from formula,MF Market Rent,Used in Unknown_Field_FQ3393 (FQ3393)
Market Rent (3),Extracted from formula,MF Market Rent,Used in Unknown_Field_FQ3393 (FQ3393)
Market Rent (2),Extracted from formula,MF Market Rent,Used in Unknown_Field_FR3393 (FR3393)
Market Rent (3),Extracted from formula,MF Market Rent,Used in Unknown_Field_FR3393 (FR3393)
Market Rent (2),Extracted from formula,MF Market Rent,Used in Unknown_Field_FQ3394 (FQ3394)
Market Rent (3),Extracted from formula,MF Market Rent,Used in Unknown_Field_FQ3394 (FQ3394)
Market Rent (2),Extracted from formula,MF Market Rent,Used in Unknown_Field_FR3394 (FR3394)
Market Rent (3),Extracted from formula,MF Market Rent,Used in Unknown_Field_FR3394 (FR3394)
Market Rent (2),Extracted from formula,MF Market Rent,Used in Unknown_Field_FQ3395 (FQ3395)
Market Rent (3),Extracted from formula,MF Market Rent,Used in Unknown_Field_FQ3395 (FQ3395)
Market Rent (2),Extracted from formula,MF Market Rent,Used in Unknown_Field_FR3395 (FR3395)
Market Rent (3),Extracted from formula,MF Market Rent,Used in Unknown_Field_FR3395 (FR3395)
Market Rent (2),Extracted from formula,MF Market Rent,Used in Unknown_Field_FQ3396 (FQ3396)
Market Rent (3),Extracted from formula,MF Market Rent,Used in Unknown_Field_FQ3396 (FQ3396)
Market Rent (2),Extracted from formula,MF Market Rent,Used in Unknown_Field_FR3396 (FR3396)
Market Rent (3),Extracted from formula,MF Market Rent,Used in Unknown_Field_FR3396 (FR3396)
Market Rent (2),Extracted from formula,MF Market Rent,Used in Unknown_Field_FQ3397 (FQ3397)
Market Rent (3),Extracted from formula,MF Market Rent,Used in Unknown_Field_FQ3397 (FQ3397)
Market Rent (2),Extracted from formula,MF Market Rent,Used in Unknown_Field_FR3397 (FR3397)
Market Rent (3),Extracted from formula,MF Market Rent,Used in Unknown_Field_FR3397 (FR3397)
Market Rent (2),Extracted from formula,MF Market Rent,Used in Unknown_Field_FQ3398 (FQ3398)
Market Rent (3),Extracted from formula,MF Market Rent,Used in Unknown_Field_FQ3398 (FQ3398)
Market Rent (2),Extracted from formula,MF Market Rent,Used in Unknown_Field_FR3398 (FR3398)
Market Rent (3),Extracted from formula,MF Market Rent,Used in Unknown_Field_FR3398 (FR3398)
Market Rent (2),Extracted from formula,MF Market Rent,Used in Unknown_Field_FQ3399 (FQ3399)
Market Rent (3),Extracted from formula,MF Market Rent,Used in Unknown_Field_FQ3399 (FQ3399)
Market Rent (2),Extracted from formula,MF Market Rent,Used in Unknown_Field_FR3399 (FR3399)
Market Rent (3),Extracted from formula,MF Market Rent,Used in Unknown_Field_FR3399 (FR3399)
Market Rent (2),Extracted from formula,MF Market Rent,Used in Unknown_Field_FQ3400 (FQ3400)
Market Rent (3),Extracted from formula,MF Market Rent,Used in Unknown_Field_FQ3400 (FQ3400)
Market Rent (2),Extracted from formula,MF Market Rent,Used in Unknown_Field_FR3400 (FR3400)
Market Rent (3),Extracted from formula,MF Market Rent,Used in Unknown_Field_FR3400 (FR3400)
Market Rent (2),Extracted from formula,MF Market Rent,Used in Unknown_Field_FQ3401 (FQ3401)
Market Rent (3),Extracted from formula,MF Market Rent,Used in Unknown_Field_FQ3401 (FQ3401)
Market Rent (2),Extracted from formula,MF Market Rent,Used in Unknown_Field_FR3401 (FR3401)
Market Rent (3),Extracted from formula,MF Market Rent,Used in Unknown_Field_FR3401 (FR3401)
Market Rent (2),Extracted from formula,MF Market Rent,Used in Unknown_Field_FQ3402 (FQ3402)
Market Rent (3),Extracted from formula,MF Market Rent,Used in Unknown_Field_FQ3402 (FQ3402)
Market Rent (2),Extracted from formula,MF Market Rent,Used in Unknown_Field_FR3402 (FR3402)
Market Rent (3),Extracted from formula,MF Market Rent,Used in Unknown_Field_FR3402 (FR3402)
Market Rent (2),Extracted from formula,MF Market Rent,Used in Unknown_Field_FQ3403 (FQ3403)
Market Rent (3),Extracted from formula,MF Market Rent,Used in Unknown_Field_FQ3403 (FQ3403)
Market Rent (2),Extracted from formula,MF Market Rent,Used in Unknown_Field_FR3403 (FR3403)
Market Rent (3),Extracted from formula,MF Market Rent,Used in Unknown_Field_FR3403 (FR3403)
Market Rent (2),Extracted from formula,MF Market Rent,Used in Unknown_Field_FQ3404 (FQ3404)
Market Rent (3),Extracted from formula,MF Market Rent,Used in Unknown_Field_FQ3404 (FQ3404)
Market Rent (2),Extracted from formula,MF Market Rent,Used in Unknown_Field_FR3404 (FR3404)
Market Rent (3),Extracted from formula,MF Market Rent,Used in Unknown_Field_FR3404 (FR3404)
Market Rent (2),Extracted from formula,MF Market Rent,Used in Unknown_Field_FQ3405 (FQ3405)
Market Rent (3),Extracted from formula,MF Market Rent,Used in Unknown_Field_FQ3405 (FQ3405)
Market Rent (2),Extracted from formula,MF Market Rent,Used in Unknown_Field_FR3405 (FR3405)
Market Rent (3),Extracted from formula,MF Market Rent,Used in Unknown_Field_FR3405 (FR3405)
Market Rent (2),Extracted from formula,MF Market Rent,Used in Unknown_Field_FQ3406 (FQ3406)
Market Rent (3),Extracted from formula,MF Market Rent,Used in Unknown_Field_FQ3406 (FQ3406)
Market Rent (2),Extracted from formula,MF Market Rent,Used in Unknown_Field_FR3406 (FR3406)
Market Rent (3),Extracted from formula,MF Market Rent,Used in Unknown_Field_FR3406 (FR3406)
Market Rent (2),Extracted from formula,MF Market Rent,Used in Unknown_Field_FQ3407 (FQ3407)
Market Rent (3),Extracted from formula,MF Market Rent,Used in Unknown_Field_FQ3407 (FQ3407)
Market Rent (2),Extracted from formula,MF Market Rent,Used in Unknown_Field_FR3407 (FR3407)
Market Rent (3),Extracted from formula,MF Market Rent,Used in Unknown_Field_FR3407 (FR3407)
Market Rent (2),Extracted from formula,MF Market Rent,Used in Unknown_Field_FQ3408 (FQ3408)
Market Rent (3),Extracted from formula,MF Market Rent,Used in Unknown_Field_FQ3408 (FQ3408)
Market Rent (2),Extracted from formula,MF Market Rent,Used in Unknown_Field_FR3408 (FR3408)
Market Rent (3),Extracted from formula,MF Market Rent,Used in Unknown_Field_FR3408 (FR3408)
Market Rent (2),Extracted from formula,MF Market Rent,Used in Unknown_Field_FQ3409 (FQ3409)
Market Rent (3),Extracted from formula,MF Market Rent,Used in Unknown_Field_FQ3409 (FQ3409)
Market Rent (2),Extracted from formula,MF Market Rent,Used in Unknown_Field_FR3409 (FR3409)
Market Rent (3),Extracted from formula,MF Market Rent,Used in Unknown_Field_FR3409 (FR3409)
Market Rent (2),Extracted from formula,MF Market Rent,Used in Unknown_Field_FQ3410 (FQ3410)
Market Rent (3),Extracted from formula,MF Market Rent,Used in Unknown_Field_FQ3410 (FQ3410)
Market Rent (2),Extracted from formula,MF Market Rent,Used in Unknown_Field_FR3410 (FR3410)
Market Rent (3),Extracted from formula,MF Market Rent,Used in Unknown_Field_FR3410 (FR3410)
Market Rent (2),Extracted from formula,MF Market Rent,Used in Unknown_Field_FQ3411 (FQ3411)
Market Rent (3),Extracted from formula,MF Market Rent,Used in Unknown_Field_FQ3411 (FQ3411)
Market Rent (2),Extracted from formula,MF Market Rent,Used in Unknown_Field_FR3411 (FR3411)
Market Rent (3),Extracted from formula,MF Market Rent,Used in Unknown_Field_FR3411 (FR3411)
Market Rent (2),Extracted from formula,MF Market Rent,Used in Unknown_Field_FQ3412 (FQ3412)
Market Rent (3),Extracted from formula,MF Market Rent,Used in Unknown_Field_FQ3412 (FQ3412)
Market Rent (2),Extracted from formula,MF Market Rent,Used in Unknown_Field_FR3412 (FR3412)
Market Rent (3),Extracted from formula,MF Market Rent,Used in Unknown_Field_FR3412 (FR3412)
Market Rent (2),Extracted from formula,MF Market Rent,Used in Unknown_Field_FQ3413 (FQ3413)
Market Rent (3),Extracted from formula,MF Market Rent,Used in Unknown_Field_FQ3413 (FQ3413)
Market Rent (2),Extracted from formula,MF Market Rent,Used in Unknown_Field_FR3413 (FR3413)
Market Rent (3),Extracted from formula,MF Market Rent,Used in Unknown_Field_FR3413 (FR3413)
Market Rent (2),Extracted from formula,MF Market Rent,Used in Unknown_Field_FQ3414 (FQ3414)
Market Rent (3),Extracted from formula,MF Market Rent,Used in Unknown_Field_FQ3414 (FQ3414)
Market Rent (2),Extracted from formula,MF Market Rent,Used in Unknown_Field_FR3414 (FR3414)
Market Rent (3),Extracted from formula,MF Market Rent,Used in Unknown_Field_FR3414 (FR3414)
Market Rent (2),Extracted from formula,MF Market Rent,Used in Unknown_Field_FQ3415 (FQ3415)
Market Rent (3),Extracted from formula,MF Market Rent,Used in Unknown_Field_FQ3415 (FQ3415)
Market Rent (2),Extracted from formula,MF Market Rent,Used in Unknown_Field_FR3415 (FR3415)
Market Rent (3),Extracted from formula,MF Market Rent,Used in Unknown_Field_FR3415 (FR3415)
Market Rent (2),Extracted from formula,MF Market Rent,Used in Unknown_Field_FQ3416 (FQ3416)
Market Rent (3),Extracted from formula,MF Market Rent,Used in Unknown_Field_FQ3416 (FQ3416)
Market Rent (2),Extracted from formula,MF Market Rent,Used in Unknown_Field_FR3416 (FR3416)
Market Rent (3),Extracted from formula,MF Market Rent,Used in Unknown_Field_FR3416 (FR3416)
Market Rent (2),Extracted from formula,MF Market Rent,Used in Unknown_Field_FQ3417 (FQ3417)
Market Rent (3),Extracted from formula,MF Market Rent,Used in Unknown_Field_FQ3417 (FQ3417)
Market Rent (2),Extracted from formula,MF Market Rent,Used in Unknown_Field_FR3417 (FR3417)
Market Rent (3),Extracted from formula,MF Market Rent,Used in Unknown_Field_FR3417 (FR3417)
Market Rent (2),Extracted from formula,MF Market Rent,Used in Unknown_Field_FQ3418 (FQ3418)
Market Rent (3),Extracted from formula,MF Market Rent,Used in Unknown_Field_FQ3418 (FQ3418)
Market Rent (2),Extracted from formula,MF Market Rent,Used in Unknown_Field_FR3418 (FR3418)
Market Rent (3),Extracted from formula,MF Market Rent,Used in Unknown_Field_FR3418 (FR3418)
Market Rent (2),Extracted from formula,MF Market Rent,Used in Unknown_Field_FQ3419 (FQ3419)
Market Rent (3),Extracted from formula,MF Market Rent,Used in Unknown_Field_FQ3419 (FQ3419)
Market Rent (2),Extracted from formula,MF Market Rent,Used in Unknown_Field_FR3419 (FR3419)
Market Rent (3),Extracted from formula,MF Market Rent,Used in Unknown_Field_FR3419 (FR3419)
Market Rent (2),Extracted from formula,MF Market Rent,Used in Unknown_Field_FQ3420 (FQ3420)
Market Rent (3),Extracted from formula,MF Market Rent,Used in Unknown_Field_FQ3420 (FQ3420)
Market Rent (2),Extracted from formula,MF Market Rent,Used in Unknown_Field_FR3420 (FR3420)
Market Rent (3),Extracted from formula,MF Market Rent,Used in Unknown_Field_FR3420 (FR3420)
Market Rent (2),Extracted from formula,MF Market Rent,Used in Unknown_Field_FQ3421 (FQ3421)
Market Rent (3),Extracted from formula,MF Market Rent,Used in Unknown_Field_FQ3421 (FQ3421)
Market Rent (2),Extracted from formula,MF Market Rent,Used in Unknown_Field_FR3421 (FR3421)
Market Rent (3),Extracted from formula,MF Market Rent,Used in Unknown_Field_FR3421 (FR3421)
Market Rent (2),Extracted from formula,MF Market Rent,Used in Unknown_Field_FQ3422 (FQ3422)
Market Rent (3),Extracted from formula,MF Market Rent,Used in Unknown_Field_FQ3422 (FQ3422)
Market Rent (2),Extracted from formula,MF Market Rent,Used in Unknown_Field_FR3422 (FR3422)
Market Rent (3),Extracted from formula,MF Market Rent,Used in Unknown_Field_FR3422 (FR3422)
Market Rent (2),Extracted from formula,MF Market Rent,Used in Unknown_Field_FQ3423 (FQ3423)
Market Rent (3),Extracted from formula,MF Market Rent,Used in Unknown_Field_FQ3423 (FQ3423)
Market Rent (2),Extracted from formula,MF Market Rent,Used in Unknown_Field_FR3423 (FR3423)
Market Rent (3),Extracted from formula,MF Market Rent,Used in Unknown_Field_FR3423 (FR3423)
Market Rent (2),Extracted from formula,MF Market Rent,Used in Unknown_Field_FQ3424 (FQ3424)
Market Rent (3),Extracted from formula,MF Market Rent,Used in Unknown_Field_FQ3424 (FQ3424)
Market Rent (2),Extracted from formula,MF Market Rent,Used in Unknown_Field_FR3424 (FR3424)
Market Rent (3),Extracted from formula,MF Market Rent,Used in Unknown_Field_FR3424 (FR3424)
Market Rent (2),Extracted from formula,MF Market Rent,Used in Unknown_Field_FQ3425 (FQ3425)
Market Rent (3),Extracted from formula,MF Market Rent,Used in Unknown_Field_FQ3425 (FQ3425)
Market Rent (2),Extracted from formula,MF Market Rent,Used in Unknown_Field_FR3425 (FR3425)
Market Rent (3),Extracted from formula,MF Market Rent,Used in Unknown_Field_FR3425 (FR3425)
Market Rent (2),Extracted from formula,MF Market Rent,Used in Unknown_Field_FQ3426 (FQ3426)
Market Rent (3),Extracted from formula,MF Market Rent,Used in Unknown_Field_FQ3426 (FQ3426)
Market Rent (2),Extracted from formula,MF Market Rent,Used in Unknown_Field_FR3426 (FR3426)
Market Rent (3),Extracted from formula,MF Market Rent,Used in Unknown_Field_FR3426 (FR3426)
Market Rent (2),Extracted from formula,MF Market Rent,Used in Unknown_Field_FQ3427 (FQ3427)
Market Rent (3),Extracted from formula,MF Market Rent,Used in Unknown_Field_FQ3427 (FQ3427)
Market Rent (2),Extracted from formula,MF Market Rent,Used in Unknown_Field_FR3427 (FR3427)
Market Rent (3),Extracted from formula,MF Market Rent,Used in Unknown_Field_FR3427 (FR3427)
Market Rent (2),Extracted from formula,MF Market Rent,Used in Unknown_Field_FQ3428 (FQ3428)
Market Rent (3),Extracted from formula,MF Market Rent,Used in Unknown_Field_FQ3428 (FQ3428)
Market Rent (2),Extracted from formula,MF Market Rent,Used in Unknown_Field_FR3428 (FR3428)
Market Rent (3),Extracted from formula,MF Market Rent,Used in Unknown_Field_FR3428 (FR3428)
Market Rent (2),Extracted from formula,MF Market Rent,Used in Unknown_Field_FQ3429 (FQ3429)
Market Rent (3),Extracted from formula,MF Market Rent,Used in Unknown_Field_FQ3429 (FQ3429)
Market Rent (2),Extracted from formula,MF Market Rent,Used in Unknown_Field_FR3429 (FR3429)
Market Rent (3),Extracted from formula,MF Market Rent,Used in Unknown_Field_FR3429 (FR3429)
Market Rent (2),Extracted from formula,MF Market Rent,Used in Unknown_Field_FQ3430 (FQ3430)
Market Rent (3),Extracted from formula,MF Market Rent,Used in Unknown_Field_FQ3430 (FQ3430)
Market Rent (2),Extracted from formula,MF Market Rent,Used in Unknown_Field_FR3430 (FR3430)
Market Rent (3),Extracted from formula,MF Market Rent,Used in Unknown_Field_FR3430 (FR3430)
Market Rent (2),Extracted from formula,MF Market Rent,Used in Unknown_Field_FQ3431 (FQ3431)
Market Rent (3),Extracted from formula,MF Market Rent,Used in Unknown_Field_FQ3431 (FQ3431)
Market Rent (2),Extracted from formula,MF Market Rent,Used in Unknown_Field_FR3431 (FR3431)
Market Rent (3),Extracted from formula,MF Market Rent,Used in Unknown_Field_FR3431 (FR3431)
Market Rent (2),Extracted from formula,MF Market Rent,Used in Unknown_Field_FQ3432 (FQ3432)
Market Rent (3),Extracted from formula,MF Market Rent,Used in Unknown_Field_FQ3432 (FQ3432)
Market Rent (2),Extracted from formula,MF Market Rent,Used in Unknown_Field_FR3432 (FR3432)
Market Rent (3),Extracted from formula,MF Market Rent,Used in Unknown_Field_FR3432 (FR3432)
Market Rent (2),Extracted from formula,MF Market Rent,Used in Unknown_Field_FQ3433 (FQ3433)
Market Rent (3),Extracted from formula,MF Market Rent,Used in Unknown_Field_FQ3433 (FQ3433)
Market Rent (2),Extracted from formula,MF Market Rent,Used in Unknown_Field_FR3433 (FR3433)
Market Rent (3),Extracted from formula,MF Market Rent,Used in Unknown_Field_FR3433 (FR3433)
Market Rent (2),Extracted from formula,MF Market Rent,Used in Unknown_Field_FQ3434 (FQ3434)
Market Rent (3),Extracted from formula,MF Market Rent,Used in Unknown_Field_FQ3434 (FQ3434)
Market Rent (2),Extracted from formula,MF Market Rent,Used in Unknown_Field_FR3434 (FR3434)
Market Rent (3),Extracted from formula,MF Market Rent,Used in Unknown_Field_FR3434 (FR3434)
Market Rent (2),Extracted from formula,MF Market Rent,Used in Unknown_Field_FQ3435 (FQ3435)
Market Rent (3),Extracted from formula,MF Market Rent,Used in Unknown_Field_FQ3435 (FQ3435)
Market Rent (2),Extracted from formula,MF Market Rent,Used in Unknown_Field_FR3435 (FR3435)
Market Rent (3),Extracted from formula,MF Market Rent,Used in Unknown_Field_FR3435 (FR3435)
RentCompProfileSetup,Extracted from formula,Rent Comp Profiles,Used in VeryHidden (L1)
Lease Grid,Extracted from formula,Rent Comp Profiles,Used in Tenant ID (F369)
Market Rent,Extracted from formula,Rent Comp Profiles,Used in Auto (L387)
Market Rent,Extracted from formula,Rent Comp Profiles,Used in Unknown_Field_L393 (L393)
Market Rent,Extracted from formula,Rent Comp Profiles,Used in Unknown_Field_N393 (N393)
Market Rent,Extracted from formula,Rent Comp Profiles,Used in Unknown_Field_R393 (R393)
Market Rent,Extracted from formula,Rent Comp Profiles,Used in Unknown_Field_T393 (T393)
Market Rent,Extracted from formula,Rent Comp Profiles,Used in Unknown_Field_L394 (L394)
Market Rent,Extracted from formula,Rent Comp Profiles,Used in Unknown_Field_N394 (N394)
Market Rent,Extracted from formula,Rent Comp Profiles,Used in Unknown_Field_R394 (R394)
Market Rent,Extracted from formula,Rent Comp Profiles,Used in Unknown_Field_T394 (T394)
Market Rent,Extracted from formula,Rent Comp Profiles,Used in Unknown_Field_L395 (L395)
Market Rent,Extracted from formula,Rent Comp Profiles,Used in Unknown_Field_N395 (N395)
MF Market Rent,Extracted from formula,Rent Comp Profiles,Used in Include N1 Description (AA423)
Lease Grid,Extracted from formula,Rent Comp Profiles,Used in Tenant ID (F547)
Market Rent,Extracted from formula,Rent Comp Profiles,Used in Auto (L565)
Market Rent,Extracted from formula,Rent Comp Profiles,Used in Unknown_Field_L571 (L571)
Market Rent,Extracted from formula,Rent Comp Profiles,Used in Unknown_Field_N571 (N571)
Market Rent,Extracted from formula,Rent Comp Profiles,Used in Unknown_Field_R571 (R571)
Market Rent,Extracted from formula,Rent Comp Profiles,Used in Unknown_Field_T571 (T571)
Market Rent,Extracted from formula,Rent Comp Profiles,Used in Unknown_Field_L572 (L572)
Market Rent,Extracted from formula,Rent Comp Profiles,Used in Unknown_Field_N572 (N572)
Market Rent,Extracted from formula,Rent Comp Profiles,Used in Unknown_Field_R572 (R572)
Market Rent,Extracted from formula,Rent Comp Profiles,Used in Unknown_Field_T572 (T572)
Market Rent,Extracted from formula,Rent Comp Profiles,Used in Unknown_Field_L573 (L573)
Market Rent,Extracted from formula,Rent Comp Profiles,Used in Unknown_Field_N573 (N573)
MF Market Rent,Extracted from formula,Rent Comp Profiles,Used in Include N1 Description (AA601)
Lease Grid,Extracted from formula,Rent Comp Profiles,Used in Tenant ID (F725)
Market Rent,Extracted from formula,Rent Comp Profiles,Used in Auto (L743)
Market Rent,Extracted from formula,Rent Comp Profiles,Used in Unknown_Field_L749 (L749)
Market Rent,Extracted from formula,Rent Comp Profiles,Used in Unknown_Field_N749 (N749)
Market Rent,Extracted from formula,Rent Comp Profiles,Used in Unknown_Field_R749 (R749)
Market Rent,Extracted from formula,Rent Comp Profiles,Used in Unknown_Field_T749 (T749)
Market Rent,Extracted from formula,Rent Comp Profiles,Used in Unknown_Field_L750 (L750)
Market Rent,Extracted from formula,Rent Comp Profiles,Used in Unknown_Field_N750 (N750)
Market Rent,Extracted from formula,Rent Comp Profiles,Used in Unknown_Field_R750 (R750)
Market Rent,Extracted from formula,Rent Comp Profiles,Used in Unknown_Field_T750 (T750)
Market Rent,Extracted from formula,Rent Comp Profiles,Used in Unknown_Field_L751 (L751)
Market Rent,Extracted from formula,Rent Comp Profiles,Used in Unknown_Field_N751 (N751)
MF Market Rent,Extracted from formula,Rent Comp Profiles,Used in Include N1 Description (AA779)
Lease Grid,Extracted from formula,Rent Comp Profiles,Used in Tenant ID (F903)
Market Rent,Extracted from formula,Rent Comp Profiles,Used in Auto (L921)
Market Rent,Extracted from formula,Rent Comp Profiles,Used in Unknown_Field_L927 (L927)
Market Rent,Extracted from formula,Rent Comp Profiles,Used in Unknown_Field_N927 (N927)
Market Rent,Extracted from formula,Rent Comp Profiles,Used in Unknown_Field_R927 (R927)
Market Rent,Extracted from formula,Rent Comp Profiles,Used in Unknown_Field_T927 (T927)
Market Rent,Extracted from formula,Rent Comp Profiles,Used in Unknown_Field_L928 (L928)
Market Rent,Extracted from formula,Rent Comp Profiles,Used in Unknown_Field_N928 (N928)
Market Rent,Extracted from formula,Rent Comp Profiles,Used in Unknown_Field_R928 (R928)
Market Rent,Extracted from formula,Rent Comp Profiles,Used in Unknown_Field_T928 (T928)
Market Rent,Extracted from formula,Rent Comp Profiles,Used in Unknown_Field_L929 (L929)
Market Rent,Extracted from formula,Rent Comp Profiles,Used in Unknown_Field_N929 (N929)
MF Market Rent,Extracted from formula,Rent Comp Profiles,Used in Include N1 Description (AA957)
Lease Grid,Extracted from formula,Rent Comp Profiles,Used in Tenant ID (F1081)
Market Rent,Extracted from formula,Rent Comp Profiles,Used in Auto (L1099)
Market Rent,Extracted from formula,Rent Comp Profiles,Used in Unknown_Field_L1105 (L1105)
Market Rent,Extracted from formula,Rent Comp Profiles,Used in Unknown_Field_N1105 (N1105)
Market Rent,Extracted from formula,Rent Comp Profiles,Used in Unknown_Field_R1105 (R1105)
Market Rent,Extracted from formula,Rent Comp Profiles,Used in Unknown_Field_T1105 (T1105)
Market Rent,Extracted from formula,Rent Comp Profiles,Used in Unknown_Field_L1106 (L1106)
Market Rent,Extracted from formula,Rent Comp Profiles,Used in Unknown_Field_N1106 (N1106)
Market Rent,Extracted from formula,Rent Comp Profiles,Used in Unknown_Field_R1106 (R1106)
Market Rent,Extracted from formula,Rent Comp Profiles,Used in Unknown_Field_T1106 (T1106)
Market Rent,Extracted from formula,Rent Comp Profiles,Used in Unknown_Field_L1107 (L1107)
Market Rent,Extracted from formula,Rent Comp Profiles,Used in Unknown_Field_N1107 (N1107)
MF Market Rent,Extracted from formula,Rent Comp Profiles,Used in Include N1 Description (AA1135)
Lease Grid,Extracted from formula,Rent Comp Profiles,Used in Tenant ID (F1259)
Market Rent,Extracted from formula,Rent Comp Profiles,Used in Auto (L1277)
Market Rent,Extracted from formula,Rent Comp Profiles,Used in Unknown_Field_L1283 (L1283)
Market Rent,Extracted from formula,Rent Comp Profiles,Used in Unknown_Field_N1283 (N1283)
Market Rent,Extracted from formula,Rent Comp Profiles,Used in Unknown_Field_R1283 (R1283)
Market Rent,Extracted from formula,Rent Comp Profiles,Used in Unknown_Field_T1283 (T1283)
Market Rent,Extracted from formula,Rent Comp Profiles,Used in Unknown_Field_L1284 (L1284)
Market Rent,Extracted from formula,Rent Comp Profiles,Used in Unknown_Field_N1284 (N1284)
Market Rent,Extracted from formula,Rent Comp Profiles,Used in Unknown_Field_R1284 (R1284)
Market Rent,Extracted from formula,Rent Comp Profiles,Used in Unknown_Field_T1284 (T1284)
Market Rent,Extracted from formula,Rent Comp Profiles,Used in Unknown_Field_L1285 (L1285)
Market Rent,Extracted from formula,Rent Comp Profiles,Used in Unknown_Field_N1285 (N1285)
MF Market Rent,Extracted from formula,Rent Comp Profiles,Used in Include N1 Description (AA1313)
Rent Roll,Extracted from formula,Capitalization and Multipliers,Used in Unit/Space Type (F40)
Rent Roll,Extracted from formula,Capitalization and Multipliers,Used in Income (G40)
Rent Roll,Extracted from formula,Capitalization and Multipliers,Used in Method (H40)
Rent Roll,Extracted from formula,Capitalization and Multipliers,Used in Units/SF (I40)
Rent Roll,Extracted from formula,Capitalization and Multipliers,Used in Unit/Space Type (F41)
Rent Roll,Extracted from formula,Capitalization and Multipliers,Used in Income (G41)
Rent Roll,Extracted from formula,Capitalization and Multipliers,Used in Method (H41)
Rent Roll,Extracted from formula,Capitalization and Multipliers,Used in Units/SF (I41)
Rent Roll,Extracted from formula,Capitalization and Multipliers,Used in Unit/Space Type (F42)
Rent Roll,Extracted from formula,Capitalization and Multipliers,Used in Income (G42)
Rent Roll,Extracted from formula,Capitalization and Multipliers,Used in Method (H42)
Rent Roll,Extracted from formula,Capitalization and Multipliers,Used in Units/SF (I42)
Rent Roll,Extracted from formula,Capitalization and Multipliers,Used in Unit/Space Type (F43)
Rent Roll,Extracted from formula,Capitalization and Multipliers,Used in Income (G43)
Rent Roll,Extracted from formula,Capitalization and Multipliers,Used in Method (H43)
Rent Roll,Extracted from formula,Capitalization and Multipliers,Used in Units/SF (I43)
Rent Roll,Extracted from formula,Capitalization and Multipliers,Used in Unit/Space Type (F44)
Rent Roll,Extracted from formula,Capitalization and Multipliers,Used in Income (G44)
Rent Roll,Extracted from formula,Capitalization and Multipliers,Used in Method (H44)
Rent Roll,Extracted from formula,Capitalization and Multipliers,Used in Units/SF (I44)
Rent Roll,Extracted from formula,Capitalization and Multipliers,Used in Unit/Space Type (F45)
Rent Roll,Extracted from formula,Capitalization and Multipliers,Used in Income (G45)
Rent Roll,Extracted from formula,Capitalization and Multipliers,Used in Method (H45)
Rent Roll,Extracted from formula,Capitalization and Multipliers,Used in Units/SF (I45)
Rent Roll,Extracted from formula,Capitalization and Multipliers,Used in Unit/Space Type (F46)
Rent Roll,Extracted from formula,Capitalization and Multipliers,Used in Income (G46)
Rent Roll,Extracted from formula,Capitalization and Multipliers,Used in Method (H46)
Rent Roll,Extracted from formula,Capitalization and Multipliers,Used in Units/SF (I46)
Rent Roll,Extracted from formula,Capitalization and Multipliers,Used in Unit/Space Type (F47)
Rent Roll,Extracted from formula,Capitalization and Multipliers,Used in Income (G47)
Rent Roll,Extracted from formula,Capitalization and Multipliers,Used in Method (H47)
Rent Roll,Extracted from formula,Capitalization and Multipliers,Used in Units/SF (I47)
Rent Roll,Extracted from formula,Capitalization and Multipliers,Used in Unknown_Field_F48 (F48)
Rent Roll,Extracted from formula,Capitalization and Multipliers,Used in Unknown_Field_G48 (G48)
Rent Roll,Extracted from formula,Capitalization and Multipliers,Used in Unknown_Field_H48 (H48)
Rent Roll,Extracted from formula,Capitalization and Multipliers,Used in Unknown_Field_I48 (I48)
Rent Roll,Extracted from formula,Capitalization and Multipliers,Used in Unknown_Field_F49 (F49)
Rent Roll,Extracted from formula,Capitalization and Multipliers,Used in Unknown_Field_G49 (G49)
Rent Roll,Extracted from formula,Capitalization and Multipliers,Used in Unknown_Field_H49 (H49)
Rent Roll,Extracted from formula,Capitalization and Multipliers,Used in Unknown_Field_I49 (I49)
Rent Roll,Extracted from formula,Capitalization and Multipliers,Used in Unknown_Field_F50 (F50)
Rent Roll,Extracted from formula,Capitalization and Multipliers,Used in Unknown_Field_G50 (G50)
Rent Roll,Extracted from formula,Capitalization and Multipliers,Used in Unknown_Field_H50 (H50)
Rent Roll,Extracted from formula,Capitalization and Multipliers,Used in Unknown_Field_I50 (I50)
Rent Roll,Extracted from formula,Capitalization and Multipliers,Used in Unknown_Field_F51 (F51)
Rent Roll,Extracted from formula,Capitalization and Multipliers,Used in Unknown_Field_G51 (G51)
Rent Roll,Extracted from formula,Capitalization and Multipliers,Used in Unknown_Field_H51 (H51)
Rent Roll,Extracted from formula,Capitalization and Multipliers,Used in Unknown_Field_I51 (I51)
Rent Roll,Extracted from formula,Capitalization and Multipliers,Used in Unknown_Field_F52 (F52)
Rent Roll,Extracted from formula,Capitalization and Multipliers,Used in Unknown_Field_G52 (G52)
Rent Roll,Extracted from formula,Capitalization and Multipliers,Used in Unknown_Field_H52 (H52)
Rent Roll,Extracted from formula,Capitalization and Multipliers,Used in Unknown_Field_I52 (I52)
Rent Roll,Extracted from formula,Capitalization and Multipliers,Used in Unknown_Field_F53 (F53)
Rent Roll,Extracted from formula,Capitalization and Multipliers,Used in Unknown_Field_G53 (G53)
Rent Roll,Extracted from formula,Capitalization and Multipliers,Used in Unknown_Field_H53 (H53)
Rent Roll,Extracted from formula,Capitalization and Multipliers,Used in Unknown_Field_I53 (I53)
Rent Roll,Extracted from formula,Capitalization and Multipliers,Used in Unknown_Field_F54 (F54)
Rent Roll,Extracted from formula,Capitalization and Multipliers,Used in Unknown_Field_G54 (G54)
Rent Roll,Extracted from formula,Capitalization and Multipliers,Used in Unknown_Field_H54 (H54)
Rent Roll,Extracted from formula,Capitalization and Multipliers,Used in Unknown_Field_I54 (I54)
Rent Roll,Extracted from formula,Capitalization and Multipliers,Used in Unknown_Field_F55 (F55)
Rent Roll,Extracted from formula,Capitalization and Multipliers,Used in Unknown_Field_G55 (G55)
Rent Roll,Extracted from formula,Capitalization and Multipliers,Used in Unknown_Field_H55 (H55)
Rent Roll,Extracted from formula,Capitalization and Multipliers,Used in Unknown_Field_I55 (I55)
Rent Roll,Extracted from formula,Capitalization and Multipliers,Used in Unknown_Field_F56 (F56)
Rent Roll,Extracted from formula,Capitalization and Multipliers,Used in Unknown_Field_G56 (G56)
Rent Roll,Extracted from formula,Capitalization and Multipliers,Used in Unknown_Field_H56 (H56)
Rent Roll,Extracted from formula,Capitalization and Multipliers,Used in Unknown_Field_I56 (I56)
Rent Roll,Extracted from formula,Capitalization and Multipliers,Used in Unknown_Field_F57 (F57)
Rent Roll,Extracted from formula,Capitalization and Multipliers,Used in Unknown_Field_G57 (G57)
Rent Roll,Extracted from formula,Capitalization and Multipliers,Used in Unknown_Field_H57 (H57)
Rent Roll,Extracted from formula,Capitalization and Multipliers,Used in Unknown_Field_I57 (I57)
Rent Roll,Extracted from formula,Capitalization and Multipliers,Used in Unknown_Field_F58 (F58)
Rent Roll,Extracted from formula,Capitalization and Multipliers,Used in Unknown_Field_G58 (G58)
Rent Roll,Extracted from formula,Capitalization and Multipliers,Used in Unknown_Field_H58 (H58)
Rent Roll,Extracted from formula,Capitalization and Multipliers,Used in Unknown_Field_I58 (I58)
Rent Roll,Extracted from formula,Capitalization and Multipliers,Used in Unknown_Field_F59 (F59)
Rent Roll,Extracted from formula,Capitalization and Multipliers,Used in Unknown_Field_G59 (G59)
Rent Roll,Extracted from formula,Capitalization and Multipliers,Used in Unknown_Field_H59 (H59)
Rent Roll,Extracted from formula,Capitalization and Multipliers,Used in Unknown_Field_I59 (I59)
Rent Roll,Extracted from formula,Capitalization and Multipliers,Used in - Vacancy & Collection Loss: (K67)
tblMarketDataInfo,Extracted from formula,Capitalization and Multipliers,Used in Ctrl+Home to top (C152)
Sales Approach,Extracted from formula,Capitalization and Multipliers,Used in Comparable (F156)
Sales Approach,Extracted from formula,Capitalization and Multipliers,Used in Comparable (F157)
Sales Approach,Extracted from formula,Capitalization and Multipliers,Used in Comparable (F158)
Sales Approach,Extracted from formula,Capitalization and Multipliers,Used in Comparable (F159)
Sales Approach,Extracted from formula,Capitalization and Multipliers,Used in Comparable (F160)
Sales Approach,Extracted from formula,Capitalization and Multipliers,Used in Comparable (F161)
ProForma,Extracted from formula,Capitalization and Multipliers,Used in Reconciled Capitalization Rate: (I212)
DCF Assumptions,Extracted from formula,Capitalization and Multipliers,Used in Subj. Diff > (AE428)
DCF Assumptions,Extracted from formula,Capitalization and Multipliers,Used in Subj. Diff > (AE436)
DCF Assumptions,Extracted from formula,Investor Survey Output,Used in Subj. Diff > (S25)
Capitalization and Multipliers,Extracted from formula,Investor Survey Output,Used in Subj. Compare > (S26)
DCF Assumptions,Extracted from formula,Investor Survey Output,Used in Subj. Diff > (S33)
Capitalization and Multipliers,Extracted from formula,Investor Survey Output,Used in Subj. Compare > (S34)
ProForma,Extracted from formula,MF Lease Up,Used in Pro Forma Source (S3)
ProForma,Extracted from formula,MF Lease Up,Used in Vacancy % Source (U3)
Salient Facts,Extracted from formula,MF Lease Up,Used in Starting Physical Occupancy (O11)
MF Market Rent,Extracted from formula,MF Lease Up,Used in RR Average Market Rent (U78)
MF Market Rent,Extracted from formula,MF Lease Up,Used in RR Vacant Units (U79)
MF Market Rent,Extracted from formula,MF Lease Up,Used in RR Units (U80)
ProForma,Extracted from formula,MF Lease Up,Used in Pro Forma Source (AP90)
ProForma,Extracted from formula,MF Lease Up,Used in Vacancy % Source (AR90)
MF Market Rent,Extracted from formula,MF Lease Up,Used in RR Average Market Rent (AR165)
MF Market Rent,Extracted from formula,MF Lease Up,Used in RR Vacant Units (AR166)
MF Market Rent,Extracted from formula,MF Lease Up,Used in RR Units (AR167)
Salient Facts,Extracted from formula,MF Lease Up,Used in Total Operating Beds (AZ181)
Salient Facts,Extracted from formula,MF Lease Up,Used in x (AZ182)
DirectCapConclusion,Extracted from formula,MF Lease Up,Used in of stabilized market value (ET351)
ProForma,Extracted from formula,DirectCapConclusion,Used in VeryHidden (S19)
ProForma,Extracted from formula,DirectCapConclusion,Used in VeryHidden (T19)
ProForma,Extracted from formula,DirectCapConclusion,Used in VeryHidden (U19)
ProForma,Extracted from formula,DirectCapConclusion,Used in VeryHidden (V19)
ProForma,Extracted from formula,DirectCapConclusion,Used in VeryHidden (W19)
ProForma,Extracted from formula,DirectCapConclusion,Used in VeryHidden (X19)
ProForma,Extracted from formula,DirectCapConclusion,Used in VeryHidden (Y19)
ProForma,Extracted from formula,DirectCapConclusion,Used in VeryHidden (Z19)
ProForma,Extracted from formula,DirectCapConclusion,Used in VeryHidden (AA19)
ProForma,Extracted from formula,DirectCapConclusion,Used in VeryHidden (AB19)
ProForma,Extracted from formula,DirectCapConclusion,Used in VeryHidden (AC19)
ProForma,Extracted from formula,DirectCapConclusion,Used in Unknown_Field_AD19 (AD19)
ProForma,Extracted from formula,DirectCapConclusion,Used in Unknown_Field_AE19 (AE19)
ProForma,Extracted from formula,DirectCapConclusion,Used in Unknown_Field_AF19 (AF19)
ProForma,Extracted from formula,DirectCapConclusion,Used in Unknown_Field_AG19 (AG19)
ProForma,Extracted from formula,DirectCapConclusion,Used in Unknown_Field_AH19 (AH19)
ProForma,Extracted from formula,DirectCapConclusion,Used in Unknown_Field_AI19 (AI19)
ProForma,Extracted from formula,DirectCapConclusion,Used in Unknown_Field_AJ19 (AJ19)
ProForma,Extracted from formula,DirectCapConclusion,Used in Unknown_Field_AK19 (AK19)
ProForma,Extracted from formula,DirectCapConclusion,Used in Auto (R25)
ProForma,Extracted from formula,DirectCapConclusion,Used in Show (R27)
Improvements,Extracted from formula,DirectCapConclusion,Used in Unknown_Field_AE37 (AE37)
Improvements,Extracted from formula,DirectCapConclusion,Used in Unknown_Field_AF37 (AF37)
Improvements,Extracted from formula,DirectCapConclusion,Used in Unknown_Field_AG37 (AG37)
Improvements,Extracted from formula,DirectCapConclusion,Used in Unknown_Field_AH37 (AH37)
Improvements,Extracted from formula,DirectCapConclusion,Used in Unknown_Field_AI37 (AI37)
Improvements,Extracted from formula,DirectCapConclusion,Used in Unknown_Field_AJ37 (AJ37)
Improvements,Extracted from formula,DirectCapConclusion,Used in Unknown_Field_AK37 (AK37)
Improvements,Extracted from formula,DirectCapConclusion,Used in Unknown_Field_AL37 (AL37)
Improvements,Extracted from formula,DirectCapConclusion,Used in Lease Up (AE38)
Improvements,Extracted from formula,DirectCapConclusion,Used in Lease Up (AF38)
Improvements,Extracted from formula,DirectCapConclusion,Used in Lease Up (AG38)
Improvements,Extracted from formula,DirectCapConclusion,Used in Unknown_Field_AH38 (AH38)
Improvements,Extracted from formula,DirectCapConclusion,Used in Unknown_Field_AI38 (AI38)
Improvements,Extracted from formula,DirectCapConclusion,Used in Unknown_Field_AJ38 (AJ38)
Improvements,Extracted from formula,DirectCapConclusion,Used in Unknown_Field_AK38 (AK38)
Improvements,Extracted from formula,DirectCapConclusion,Used in Unknown_Field_AL38 (AL38)
Improvements,Extracted from formula,DirectCapConclusion,Used in Deferred Maintenance (AE39)
Improvements,Extracted from formula,DirectCapConclusion,Used in Deferred Maintenance (AF39)
Improvements,Extracted from formula,DirectCapConclusion,Used in Deferred Maintenance (AG39)
Improvements,Extracted from formula,DirectCapConclusion,Used in Unknown_Field_AH39 (AH39)
Improvements,Extracted from formula,DirectCapConclusion,Used in Unknown_Field_AI39 (AI39)
Improvements,Extracted from formula,DirectCapConclusion,Used in Unknown_Field_AJ39 (AJ39)
Improvements,Extracted from formula,DirectCapConclusion,Used in Unknown_Field_AK39 (AK39)
Improvements,Extracted from formula,DirectCapConclusion,Used in Unknown_Field_AL39 (AL39)
Improvements,Extracted from formula,DirectCapConclusion,Used in Unknown_Field_AE40 (AE40)
Improvements,Extracted from formula,DirectCapConclusion,Used in Unknown_Field_AF40 (AF40)
Improvements,Extracted from formula,DirectCapConclusion,Used in Unknown_Field_AG40 (AG40)
Improvements,Extracted from formula,DirectCapConclusion,Used in Unknown_Field_AH40 (AH40)
Improvements,Extracted from formula,DirectCapConclusion,Used in Unknown_Field_AI40 (AI40)
Improvements,Extracted from formula,DirectCapConclusion,Used in Unknown_Field_AJ40 (AJ40)
Improvements,Extracted from formula,DirectCapConclusion,Used in Unknown_Field_AK40 (AK40)
Improvements,Extracted from formula,DirectCapConclusion,Used in Unknown_Field_AL40 (AL40)
Improvements,Extracted from formula,DirectCapConclusion,Used in Unknown_Field_AE41 (AE41)
Improvements,Extracted from formula,DirectCapConclusion,Used in Unknown_Field_AF41 (AF41)
Improvements,Extracted from formula,DirectCapConclusion,Used in Unknown_Field_AG41 (AG41)
Improvements,Extracted from formula,DirectCapConclusion,Used in Unknown_Field_AH41 (AH41)
Improvements,Extracted from formula,DirectCapConclusion,Used in Unknown_Field_AI41 (AI41)
Improvements,Extracted from formula,DirectCapConclusion,Used in Unknown_Field_AJ41 (AJ41)
Improvements,Extracted from formula,DirectCapConclusion,Used in Unknown_Field_AK41 (AK41)
Improvements,Extracted from formula,DirectCapConclusion,Used in Unknown_Field_AL41 (AL41)
Improvements,Extracted from formula,DirectCapConclusion,Used in Unknown_Field_AE42 (AE42)
Improvements,Extracted from formula,DirectCapConclusion,Used in Unknown_Field_AF42 (AF42)
Improvements,Extracted from formula,DirectCapConclusion,Used in Unknown_Field_AG42 (AG42)
Improvements,Extracted from formula,DirectCapConclusion,Used in Unknown_Field_AH42 (AH42)
Improvements,Extracted from formula,DirectCapConclusion,Used in Unknown_Field_AI42 (AI42)
Improvements,Extracted from formula,DirectCapConclusion,Used in Unknown_Field_AJ42 (AJ42)
Improvements,Extracted from formula,DirectCapConclusion,Used in Unknown_Field_AK42 (AK42)
Improvements,Extracted from formula,DirectCapConclusion,Used in Unknown_Field_AL42 (AL42)
Improvements,Extracted from formula,DirectCapConclusion,Used in Unknown_Field_AE43 (AE43)
Improvements,Extracted from formula,DirectCapConclusion,Used in Unknown_Field_AF43 (AF43)
Improvements,Extracted from formula,DirectCapConclusion,Used in Unknown_Field_AG43 (AG43)
Improvements,Extracted from formula,DirectCapConclusion,Used in Unknown_Field_AH43 (AH43)
Improvements,Extracted from formula,DirectCapConclusion,Used in Unknown_Field_AI43 (AI43)
Improvements,Extracted from formula,DirectCapConclusion,Used in Unknown_Field_AJ43 (AJ43)
Improvements,Extracted from formula,DirectCapConclusion,Used in Unknown_Field_AK43 (AK43)
Improvements,Extracted from formula,DirectCapConclusion,Used in Unknown_Field_AL43 (AL43)
Improvements,Extracted from formula,DirectCapConclusion,Used in Unknown_Field_AE50 (AE50)
Improvements,Extracted from formula,DirectCapConclusion,Used in Unknown_Field_AF50 (AF50)
Improvements,Extracted from formula,DirectCapConclusion,Used in Unknown_Field_AG50 (AG50)
Improvements,Extracted from formula,DirectCapConclusion,Used in Unknown_Field_AH50 (AH50)
Improvements,Extracted from formula,DirectCapConclusion,Used in Unknown_Field_AI50 (AI50)
Improvements,Extracted from formula,DirectCapConclusion,Used in Unknown_Field_AJ50 (AJ50)
Improvements,Extracted from formula,DirectCapConclusion,Used in Unknown_Field_AK50 (AK50)
Improvements,Extracted from formula,DirectCapConclusion,Used in Unknown_Field_AL50 (AL50)
Improvements,Extracted from formula,DirectCapConclusion,Used in Deferred Maintenance (AE51)
Improvements,Extracted from formula,DirectCapConclusion,Used in Deferred Maintenance (AF51)
Improvements,Extracted from formula,DirectCapConclusion,Used in Deferred Maintenance (AG51)
Improvements,Extracted from formula,DirectCapConclusion,Used in Unknown_Field_AH51 (AH51)
Improvements,Extracted from formula,DirectCapConclusion,Used in Unknown_Field_AI51 (AI51)
Improvements,Extracted from formula,DirectCapConclusion,Used in Unknown_Field_AJ51 (AJ51)
Improvements,Extracted from formula,DirectCapConclusion,Used in Unknown_Field_AK51 (AK51)
Improvements,Extracted from formula,DirectCapConclusion,Used in Unknown_Field_AL51 (AL51)
Improvements,Extracted from formula,DirectCapConclusion,Used in Lease Up (AE52)
Improvements,Extracted from formula,DirectCapConclusion,Used in Lease Up (AF52)
Improvements,Extracted from formula,DirectCapConclusion,Used in Lease Up (AG52)
Improvements,Extracted from formula,DirectCapConclusion,Used in Unknown_Field_AH52 (AH52)
Improvements,Extracted from formula,DirectCapConclusion,Used in Unknown_Field_AI52 (AI52)
Improvements,Extracted from formula,DirectCapConclusion,Used in Unknown_Field_AJ52 (AJ52)
Improvements,Extracted from formula,DirectCapConclusion,Used in Unknown_Field_AK52 (AK52)
Improvements,Extracted from formula,DirectCapConclusion,Used in Unknown_Field_AL52 (AL52)
Improvements,Extracted from formula,DirectCapConclusion,Used in Auto (R53)
Improvements,Extracted from formula,DirectCapConclusion,Used in Unknown_Field_AE53 (AE53)
Improvements,Extracted from formula,DirectCapConclusion,Used in Unknown_Field_AF53 (AF53)
Improvements,Extracted from formula,DirectCapConclusion,Used in Unknown_Field_AG53 (AG53)
Improvements,Extracted from formula,DirectCapConclusion,Used in Unknown_Field_AH53 (AH53)
Improvements,Extracted from formula,DirectCapConclusion,Used in Unknown_Field_AI53 (AI53)
Improvements,Extracted from formula,DirectCapConclusion,Used in Unknown_Field_AJ53 (AJ53)
Improvements,Extracted from formula,DirectCapConclusion,Used in Unknown_Field_AK53 (AK53)
Improvements,Extracted from formula,DirectCapConclusion,Used in Unknown_Field_AL53 (AL53)
Improvements,Extracted from formula,DirectCapConclusion,Used in Auto (R54)
Improvements,Extracted from formula,DirectCapConclusion,Used in Unknown_Field_AE54 (AE54)
Improvements,Extracted from formula,DirectCapConclusion,Used in Unknown_Field_AF54 (AF54)
Improvements,Extracted from formula,DirectCapConclusion,Used in Unknown_Field_AG54 (AG54)
Improvements,Extracted from formula,DirectCapConclusion,Used in Unknown_Field_AH54 (AH54)
Improvements,Extracted from formula,DirectCapConclusion,Used in Unknown_Field_AI54 (AI54)
Improvements,Extracted from formula,DirectCapConclusion,Used in Unknown_Field_AJ54 (AJ54)
Improvements,Extracted from formula,DirectCapConclusion,Used in Unknown_Field_AK54 (AK54)
Improvements,Extracted from formula,DirectCapConclusion,Used in Unknown_Field_AL54 (AL54)
Improvements,Extracted from formula,DirectCapConclusion,Used in Auto (R55)
Improvements,Extracted from formula,DirectCapConclusion,Used in Unknown_Field_AE55 (AE55)
Improvements,Extracted from formula,DirectCapConclusion,Used in Unknown_Field_AF55 (AF55)
Improvements,Extracted from formula,DirectCapConclusion,Used in Unknown_Field_AG55 (AG55)
Improvements,Extracted from formula,DirectCapConclusion,Used in Unknown_Field_AH55 (AH55)
Improvements,Extracted from formula,DirectCapConclusion,Used in Unknown_Field_AI55 (AI55)
Improvements,Extracted from formula,DirectCapConclusion,Used in Unknown_Field_AJ55 (AJ55)
Improvements,Extracted from formula,DirectCapConclusion,Used in Unknown_Field_AK55 (AK55)
Improvements,Extracted from formula,DirectCapConclusion,Used in Unknown_Field_AL55 (AL55)
Improvements,Extracted from formula,DirectCapConclusion,Used in Auto (R56)
Improvements,Extracted from formula,DirectCapConclusion,Used in Unknown_Field_AE56 (AE56)
Improvements,Extracted from formula,DirectCapConclusion,Used in Unknown_Field_AF56 (AF56)
Improvements,Extracted from formula,DirectCapConclusion,Used in Unknown_Field_AG56 (AG56)
Improvements,Extracted from formula,DirectCapConclusion,Used in Unknown_Field_AH56 (AH56)
Improvements,Extracted from formula,DirectCapConclusion,Used in Unknown_Field_AI56 (AI56)
Improvements,Extracted from formula,DirectCapConclusion,Used in Unknown_Field_AJ56 (AJ56)
Improvements,Extracted from formula,DirectCapConclusion,Used in Unknown_Field_AK56 (AK56)
Improvements,Extracted from formula,DirectCapConclusion,Used in Unknown_Field_AL56 (AL56)
ProForma,Extracted from formula,DirectCapConclusion,Used in VeryHidden (BG65)
ProForma,Extracted from formula,DirectCapConclusion,Used in VeryHidden (BH65)
ProForma,Extracted from formula,DirectCapConclusion,Used in VeryHidden (BI65)
ProForma,Extracted from formula,DirectCapConclusion,Used in VeryHidden (BJ65)
ProForma,Extracted from formula,DirectCapConclusion,Used in VeryHidden (BK65)
ProForma,Extracted from formula,DirectCapConclusion,Used in VeryHidden (BL65)
Sales Approach,Extracted from formula,DirectCapConclusion,Used in Rooms Revenue Multiplier (BU146)
Cost Approach,Extracted from formula,DirectCapConclusion,Used in Cost Approach (CE168)
Scope,Extracted from formula,DirectCapConclusion,Used in Cost Approach (CE168)
Cost Approach,Extracted from formula,DirectCapConclusion,Used in Cost Approach (CF168)
Scope,Extracted from formula,DirectCapConclusion,Used in Cost Approach (CF168)
Cost Approach,Extracted from formula,DirectCapConclusion,Used in Cost Approach (CG168)
Scope,Extracted from formula,DirectCapConclusion,Used in Cost Approach (CG168)
Sales Approach,Extracted from formula,DirectCapConclusion,Used in Sales Comparison Approach (CE169)
Scope,Extracted from formula,DirectCapConclusion,Used in Sales Comparison Approach (CE169)
Sales Approach,Extracted from formula,DirectCapConclusion,Used in Sales Comparison Approach (CF169)
Scope,Extracted from formula,DirectCapConclusion,Used in Sales Comparison Approach (CF169)
Sales Approach,Extracted from formula,DirectCapConclusion,Used in Sales Comparison Approach (CG169)
Scope,Extracted from formula,DirectCapConclusion,Used in Sales Comparison Approach (CG169)
Scope,Extracted from formula,DirectCapConclusion,Used in Income Capitalization Approach (CE170)
Scope,Extracted from formula,DirectCapConclusion,Used in Income Capitalization Approach (CF170)
Scope,Extracted from formula,DirectCapConclusion,Used in Income Capitalization Approach (CG170)
ProForma,Extracted from formula,DirectCapConclusion,Used in VeryHidden (DX264)
ProForma,Extracted from formula,DirectCapConclusion,Used in VeryHidden (DY264)
ProForma,Extracted from formula,DirectCapConclusion,Used in VeryHidden (DZ264)
ProForma,Extracted from formula,DirectCapConclusion,Used in VeryHidden (EA264)
ProForma,Extracted from formula,DirectCapConclusion,Used in VeryHidden (EB264)
ProForma,Extracted from formula,DirectCapConclusion,Used in VeryHidden (EC264)
ProForma,Extracted from formula,DirectCapConclusion,Used in VeryHidden (ED264)
ProForma,Extracted from formula,DirectCapConclusion,Used in VeryHidden (EE264)
ProForma,Extracted from formula,DirectCapConclusion,Used in VeryHidden (EF264)
ProForma,Extracted from formula,DirectCapConclusion,Used in VeryHidden (EG264)
ProForma,Extracted from formula,DirectCapConclusion,Used in VeryHidden (EH264)
ProForma,Extracted from formula,DirectCapConclusion,Used in Unknown_Field_EI264 (EI264)
ProForma,Extracted from formula,DirectCapConclusion,Used in Unknown_Field_EJ264 (EJ264)
ProForma,Extracted from formula,DirectCapConclusion,Used in Unknown_Field_EK264 (EK264)
ProForma,Extracted from formula,DirectCapConclusion,Used in Unknown_Field_EL264 (EL264)
ProForma,Extracted from formula,DirectCapConclusion,Used in Unknown_Field_EM264 (EM264)
ProForma,Extracted from formula,DirectCapConclusion,Used in Unknown_Field_EN264 (EN264)
ProForma,Extracted from formula,DirectCapConclusion,Used in Unknown_Field_EO264 (EO264)
ProForma,Extracted from formula,DirectCapConclusion,Used in Unknown_Field_EP264 (EP264)
DCF Proj1,Extracted from formula,DirectCapConclusion,Used in Unknown_Field_EQ264 (EQ264)
