Named Range,Sheet,Cell,Reference
_Acute_Care_Hospital,Property Types,$C$41:$C$42,'Property Types'!$C$41:$C$42
_Agribusiness,Property Types,$C$21:$C$29,'Property Types'!$C$21:$C$29
_Agricultural,Property Types,$B$20:$B$25,'Property Types'!$B$20:$B$25
_Amusement_Facility,Property Types,$C$255:$C$259,'Property Types'!$C$255:$C$259
_Assembly_Meeting_Place,Property Types,$B$32:$B$37,'Property Types'!$B$32:$B$37
_Assisted_Living_Residences,Property Types,$C$205:$C$206,'Property Types'!$C$205:$C$206
_Behavioral_Care_Facility,Property Types,$C$44:$C$45,'Property Types'!$C$44:$C$45
_Car_Wash,Property Types,$C$145:$C$147,'Property Types'!$C$145:$C$147
_Clinical_Laboratory,Property Types,$C$47:$C$48,'Property Types'!$C$47:$C$48
_Communication_Server_Farms,Property Types,$C$77,'Property Types'!$C$77
_Continuing_Care_Retirement_Communities,Property Types,$C$185:$C$196,'Property Types'!$C$185:$C$196
_Convenience_Store,Property Types,$C$167:$C$170,'Property Types'!$C$167:$C$170
_Easement,Property Types,$C$81:$C$83,'Property Types'!$C$81:$C$83
_ExpenseGridCompsUsed,Expense Grid,$G$28,'Expense Grid'!$G$28
_Fitness_Court_and_Spa_Facility,Property Types,$C$261:$C$263,'Property Types'!$C$261:$C$263
_Free_Standing_Building,Property Types,$C$149:$C$153,'Property Types'!$C$149:$C$153
_Golf_Related,Property Types,$C$265:$C$267,'Property Types'!$C$265:$C$267
_Health_Care,Property Types,$B$40:$B$47,'Property Types'!$B$40:$B$47
_Health_Care_Other,Property Types,$C$52:$C$55,'Property Types'!$C$52:$C$55
_Independent_Living_Residence,Property Types,$C$208,'Property Types'!$C$208
_Industrial,Property Types,$B$58:$B$77,'Property Types'!$B$58:$B$77
_Land,Property Types,$B$80:$B$98,'Property Types'!$B$80:$B$98
_Land_Mixed_Use,Property Types,$C$94:$C$97,'Property Types'!$C$94:$C$97
_Land_Multi_Family,Property Types,$C$86:$C$87,'Property Types'!$C$86:$C$87
_LandGridCompsUsed,Land Grid,$F$16,'Land Grid'!$F$16
_LeaseGridCompsUsed,Lease Grid,$F$16,'Lease Grid'!$F$16
_Lodging_Hospitality,Property Types,$B$101:$B$112,'Property Types'!$B$101:$B$112
_Lodging_Hospitality_Mixed_Use,Property Types,$C$102:$C$105,'Property Types'!$C$102:$C$105
_Manufactured_Home,Property Types,$C$285:$C$289,'Property Types'!$C$285:$C$289
_Manufacturing,Property Types,$C$59:$C$62,'Property Types'!$C$59:$C$62
_Medical_Office,Property Types,$C$141,'Property Types'!$C$141
_Multi_Family,Property Types,$B$115:$B$127,'Property Types'!$B$115:$B$127
_Multi_Family_Mixed_Use,Property Types,$C$120:$C$123,'Property Types'!$C$120:$C$123
_N1Appraiser2FirstName,File Info,$I$354,'File Info'!$I$354
_N1Appraiser2LastName,File Info,$I$358,'File Info'!$I$358
_N1AppraiserFirstName,File Info,$I$281,'File Info'!$I$281
_N1AppraiserLastName,File Info,$I$285,'File Info'!$I$285
_N1ClientCompanyName,File Info,$I$144,'File Info'!$I$144
_N1ClientFile,File Info,$I$142,'File Info'!$I$142
_N1ClientFirstName,File Info,$I$148,'File Info'!$I$148
_N1ClientLastName,File Info,$I$152,'File Info'!$I$152
_N1ClientPhoneNumber,File Info,$I$174,'File Info'!$I$174
_N1ContactFirstName,File Info,$I$246,'File Info'!$I$246
_N1ContactLastName,File Info,$I$250,'File Info'!$I$250
_N1ContractTotal,File Info,$I$40,'File Info'!$I$40
_N1DueDate,File Info,$I$17,'File Info'!$I$17
_N1Expenses,File Info,$I$44,'File Info'!$I$44
_N1Fee2,File Info,$I$36,'File Info'!$I$36
_N1FileName,File Info,$I$15,'File Info'!$I$15
_N1InspectionFee,File Info,$I$38,'File Info'!$I$38
_N1InvoiceAmount,File Info,$I$34,'File Info'!$I$34
_N1InvoiceDate,File Info,$I$46,'File Info'!$I$46
_N1InvoiceNumber,File Info,$I$32,'File Info'!$I$32
_N1Milestone,File Info,$I$21,'File Info'!$I$21
_N1PercentComplete,File Info,$I$19,'File Info'!$I$19
_N1ProjectNotes,File Info,$I$25,'File Info'!$I$25
_N1PropertyType,File Info,$I$102,'File Info'!$I$102
_N1RetainerFee,File Info,$I$42,'File Info'!$I$42
_N1Workfile,File Info,$I$23,'File Info'!$I$23
_NavAdvertising_and_Marketing_Exp_Analysis,Expense Grid,$BO$187,'Expense Grid'!$BO$187
_NavAnalysis_of_Appraised_Value,"Contracts, History",$A$35,"'Contracts, History'!$A$35"
_NavAppraisal_Firm,File Info,$B$322,'File Info'!$B$322
_NavAppraisal_Summary,Appraisal Summary,$A$9,'Appraisal Summary'!$A$9
_navAppraiser1Name,File Info,$I$281,'File Info'!$I$281
_navAppraiser2Name,File Info,$I$354,'File Info'!$I$354
_NavAppraisers,File Info,$B$348,'File Info'!$B$348
_NavAssessment_and_Taxes,Assessment,$AT$81,Assessment!$AT$81
_NavAssessment_Comp_Table,Assessment,$A$378,Assessment!$A$378
_NavAssessment_Input_Table,Assessment,$A$1,Assessment!$A$1
_navAssessment_NoOfParcelsInput,Assessment,$F$9,Assessment!$F$9
_NavBuilding_Repairs_Exp_Analysis,Expense Grid,$BO$397,'Expense Grid'!$BO$397
_NavBuilding_Summary,Improvements,$BY$437,Improvements!$BY$437
_navBuilding1Foundation,Improvements,$X$141,Improvements!$X$141
_navBuilding1ID,Improvements,$X$59,Improvements!$X$59
_NavBuildings_1_to_10,Improvements,$O$53,Improvements!$O$53
_NavBuildings_Overall,Improvements,$O$1,Improvements!$O$1
_NavCAM_Exp_Analysis,Expense Grid,$BO$475,'Expense Grid'!$BO$475
_NavCap_Rates,Capitalization and Multipliers,$A$127,'Capitalization and Multipliers'!$A$127
_NavCash_Flow_Charts,Capitalization and Multipliers,$A$214,'Capitalization and Multipliers'!$A$214
_NavCleaning_and_Janitorial_Exp_Analysis,Expense Grid,$BO$527,'Expense Grid'!$BO$527
_navClientFile,File Info,$I$142,'File Info'!$I$142
_NavClients,File Info,$B$139,'File Info'!$B$139
_NavCommercial_Lease_Table,Lease Grid,$BU$465,'Lease Grid'!$BU$465
_NavComp_Cap_Rates,Capitalization and Multipliers,$A$149,'Capitalization and Multipliers'!$A$149
_NavComp_Sheet_Setup,Sales Grid,$FU$645,'Sales Grid'!$FU$645
_NavContracts,"Contracts, History",$A$1,"'Contracts, History'!$A$1"
_NavCost_Section_1,Cost,$A$1,Cost!$A$1
_NavCost_Section_2,Cost,$A$77,Cost!$A$77
_NavCost_Section_3,Cost,$A$134,Cost!$A$134
_NavCost_Summary,Cost,$A$192,Cost!$A$192
_NavCrime_Data_Import,Market Area,$BA$533,'Market Area'!$BA$533
_NavDates_and_Premises,"Dates, Premises",$A$1,"'Dates, Premises'!$A$1"
_NavDCF_Reconciled_Value,Capitalization and Multipliers,$A$353,'Capitalization and Multipliers'!$A$353
_NavDebt_Coverage_Ratio,Capitalization and Multipliers,$A$143,'Capitalization and Multipliers'!$A$143
_NavDemographics,Market Area,$AC$198,'Market Area'!$AC$198
_NavEGIM_Analysis,Capitalization and Multipliers,$A$293,'Capitalization and Multipliers'!$A$293
_NavElectric_Exp_Analysis,Expense Grid,$BO$213,'Expense Grid'!$BO$213
_NavEnglish_Use,File Info,$B$485,'File Info'!$B$485
_NavESRI_Import,Market Area,$BY$578,'Market Area'!$BY$578
_NavExecutive_Briefing,Submarket Analytics,$BF$555,'Submarket Analytics'!$BF$555
_NavExpense_Comp_Table,Expense Grid,$A$946,'Expense Grid'!$A$946
_NavExpense_Comparables_Grid,Expense Grid,$A$11,'Expense Grid'!$A$11
_NavExpense_Summary,Income-Expense Summary,$AP$61,'Income-Expense Summary'!$AP$61
_navExpenseCompData,tblExpenseComps,$A$5,tblExpenseComps!$A$5
_NavExpenses,Capitalization and Multipliers,$A$70,'Capitalization and Multipliers'!$A$70
_NavFile_Info,File Info,$B$1,'File Info'!$B$1
_NavFoundation_or_Frame,Improvements,$O$130,Improvements!$O$130
_NavFuel_Exp_Analysis,Expense Grid,$BO$318,'Expense Grid'!$BO$318
_NavGas_Exp_Analysis,Expense Grid,$BO$291,'Expense Grid'!$BO$291
_NavGen_Admin_Exp_Analysis,Expense Grid,$BO$580,'Expense Grid'!$BO$580
_NavGround_Rent_Exp_Analysis,Expense Grid,$BO$895,'Expense Grid'!$BO$895
_NavHBU_Analysis,Site,$EE$345,Site!$EE$345
_NavHealth_Benefits_Salaries_Exp_Analysis,Expense Grid,$BO$686,'Expense Grid'!$BO$686
_NavHypothetical_and_Extraordinary_Display_Tables,"Dates, Premises",$V$71,"'Dates, Premises'!$V$71"
_navHypotheticalConditions,"Dates, Premises",$I$39,"'Dates, Premises'!$I$39"
_navIE_Input_YTD,YTD Input,$A$2,'YTD Input'!$A$2
_navIE_Input_YTD_Year_1,YTD Year-1 Input,$A$2,'YTD Year-1 Input'!$A$2
_navIE_InputBudget,Budget Input,$A$2,'Budget Input'!$A$2
_navIE_InputT12,T-12 Input,$A$2,'T-12 Input'!$A$2
_navIE_InputYear_1,Year-1 Input,$A$2,'Year-1 Input'!$A$2
_navIE_InputYear_2,Year-2 Input,$A$2,'Year-2 Input'!$A$2
_navIE_InputYear_3,Year-3 Input,$A$2,'Year-3 Input'!$A$2
_navIE_InputYear_4,Year-4 Input,$A$2,'Year-4 Input'!$A$2
_navIE_InputYear_5,Year-5 Input,$A$2,'Year-5 Input'!$A$2
_navIE_InputYear_6,Year-6 Input,$A$2,'Year-6 Input'!$A$2
_NavImproved_Comp_1,Sales Grid,$FU$647,'Sales Grid'!$FU$647
_NavImproved_Comp_10,Sales Grid,$FU$1605,'Sales Grid'!$FU$1605
_NavImproved_Comp_2,Sales Grid,$FU$765,'Sales Grid'!$FU$765
_NavImproved_Comp_3,Sales Grid,$FU$870,'Sales Grid'!$FU$870
_NavImproved_Comp_4,Sales Grid,$FU$975,'Sales Grid'!$FU$975
_NavImproved_Comp_5,Sales Grid,$FU$1080,'Sales Grid'!$FU$1080
_NavImproved_Comp_6,Sales Grid,$FU$1185,'Sales Grid'!$FU$1185
_NavImproved_Comp_7,Sales Grid,$FU$1290,'Sales Grid'!$FU$1290
_NavImproved_Comp_8,Sales Grid,$FU$1395,'Sales Grid'!$FU$1395
_NavImproved_Comp_9,Sales Grid,$FU$1500,'Sales Grid'!$FU$1500
_NavImproved_Comp_Multiuse_Table,Sales Grid,$CU$499,'Sales Grid'!$CU$499
_NavImproved_Comp_Summary_Table,Sales Grid,$BZ$456,'Sales Grid'!$BZ$456
_NavImproved_Comp_Table,Sales Grid,$A$1711,'Sales Grid'!$A$1711
_NavImproved_Comp_Unit_Features_Project_Amenities,Sales Grid,$EZ$561,'Sales Grid'!$EZ$561
_NavImproved_Sales_Grid,Sales Grid,$A$1,'Sales Grid'!$A$1
_navImprovements_NoOfBuildingsSummary,Improvements,$W$12,Improvements!$W$12
_NavIncExp_Subject_Data_Export,Income-Expense Summary,$DG$151,'Income-Expense Summary'!$DG$151
_NavIncome_and_Expense_Chart,Income-Expense Summary,$CI$114,'Income-Expense Summary'!$CI$114
_NavIncome_Approach_Reconciliation,Capitalization and Multipliers,$A$364,'Capitalization and Multipliers'!$A$364
_NavIncome_Summary,Income-Expense Summary,$A$1,'Income-Expense Summary'!$A$1
_NavInformation_Sources,Scope,$A$56,Scope!$A$56
_NavInsurable_Value_Table,Cost,$AE$233,Cost!$AE$233
_NavInsurance_Exp_Analysis,Expense Grid,$BO$109,'Expense Grid'!$BO$109
_NavInterior,Improvements,$O$156,Improvements!$O$156
_NavInvestor_Surveys,Capitalization and Multipliers,$C$175,'Capitalization and Multipliers'!$C$175
_NavLand_Auto_Adjustment_Sentences,Land Grid,$BE$182,'Land Grid'!$BE$182
_NavLand_Comp_1,Land Grid,$CO$503,'Land Grid'!$CO$503
_NavLand_Comp_10,Land Grid,$CO$1020,'Land Grid'!$CO$1020
_NavLand_Comp_2,Land Grid,$CO$572,'Land Grid'!$CO$572
_NavLand_Comp_3,Land Grid,$CO$628,'Land Grid'!$CO$628
_NavLand_Comp_4,Land Grid,$CO$684,'Land Grid'!$CO$684
_NavLand_Comp_5,Land Grid,$CO$740,'Land Grid'!$CO$740
_NavLand_Comp_6,Land Grid,$CO$796,'Land Grid'!$CO$796
_NavLand_Comp_7,Land Grid,$CO$852,'Land Grid'!$CO$852
_NavLand_Comp_8,Land Grid,$CO$908,'Land Grid'!$CO$908
_NavLand_Comp_9,Land Grid,$CO$964,'Land Grid'!$CO$964
_NavLand_Comp_Sheet_Setup,Land Grid,$CO$501,'Land Grid'!$CO$501
_NavLand_Comp_Summary_Table,Land Grid,$BT$458,'Land Grid'!$BT$458
_NavLand_Comp_Table,Land Grid,$A$1073,'Land Grid'!$A$1073
_NavLand_Grid,Land Grid,$A$1,'Land Grid'!$A$1
_NavLand_Grid_Comp_Rank,Land Grid,$AI$155,'Land Grid'!$AI$155
_NavLand_Grid_Values,Land Grid,$A$101,'Land Grid'!$A$101
_NavLease_Auto_Adjustment_Sentences,Lease Grid,$BE$184,'Lease Grid'!$BE$184
_NavLease_Comp_1,Lease Grid,$FB$1084,'Lease Grid'!$FB$1084
_NavLease_Comp_10,Lease Grid,$FB$2244,'Lease Grid'!$FB$2244
_NavLease_Comp_2,Lease Grid,$FB$1228,'Lease Grid'!$FB$1228
_NavLease_Comp_3,Lease Grid,$FB$1355,'Lease Grid'!$FB$1355
_NavLease_Comp_4,Lease Grid,$FB$1482,'Lease Grid'!$FB$1482
_NavLease_Comp_5,Lease Grid,$FB$1609,'Lease Grid'!$FB$1609
_NavLease_Comp_6,Lease Grid,$FB$1736,'Lease Grid'!$FB$1736
_NavLease_Comp_7,Lease Grid,$FB$1863,'Lease Grid'!$FB$1863
_NavLease_Comp_8,Lease Grid,$FB$1990,'Lease Grid'!$FB$1990
_NavLease_Comp_9,Lease Grid,$FB$2117,'Lease Grid'!$FB$2117
_NavLease_Comp_Sheet_Setup,Lease Grid,$FB$1082,'Lease Grid'!$FB$1082
_NavLease_Comp_Table,Lease Grid,$A$2448,'Lease Grid'!$A$2448
_NavLease_Expirations,Rent Roll,$GL$640,'Rent Roll'!$GL$640
_NavLease_Grid,Lease Grid,$A$1,'Lease Grid'!$A$1
_NavLease_Grid_Comp_Rank,Lease Grid,$AI$162,'Lease Grid'!$AI$162
_NavLease_Grid_Values,Lease Grid,$A$122,'Lease Grid'!$A$122
_NavLeasing_Commissions_Exp_Analysis,Expense Grid,$BO$842,'Expense Grid'!$BO$842
_navListPrice,"Contracts, History",$G$15,"'Contracts, History'!$G$15"
_NavMaintenance_Salaries_Exp_Analysis,Expense Grid,$BO$633,'Expense Grid'!$BO$633
_NavMajor_Tenants,Rent Roll,$FZ$618,'Rent Roll'!$FZ$618
_NavManagement_Exp_Analysis,Expense Grid,$BO$161,'Expense Grid'!$BO$161
_NavMarket_Analytics,Market Analytics,$A$1,'Market Analytics'!$A$1
_NavMarket_and_HBU_Analyses,Scope,$A$52,Scope!$A$52
_NavMarket_Area_Analysis,Market Area,$A$1,'Market Area'!$A$1
_NavMarket_Rent_Summary,Rent Roll,$DJ$312,'Rent Roll'!$DJ$312
_NavMechanical,Improvements,$O$172,Improvements!$O$172
_NavMethods,Scope,$A$67,Scope!$A$67
_NavMF_HUD_Form,Lease Grid,$FW$2373,'Lease Grid'!$FW$2373
_NavMgmt_Leasing_Salaries_Exp_Analysis,Expense Grid,$BO$607,'Expense Grid'!$BO$607
_NavMultifamily_Amenities,Improvements,$EC$737,Improvements!$EC$737
_NavMultifamily_Inventory,Improvements,$CV$464,Improvements!$CV$464
_NavMultifamily_Lease_Comparison_Tables,Lease Grid,$DE$663,'Lease Grid'!$DE$663
_NavMultifamily_Utilities_Paid_By_Owner,Lease Grid,$CT$642,'Lease Grid'!$CT$642
_NavNIM_Analysis,Capitalization and Multipliers,$A$323,'Capitalization and Multipliers'!$A$323
_NavNon_Revenue_Units_Exp_Analysis,Expense Grid,$BO$790,'Expense Grid'!$BO$790
_navNumberOfParcels,Site,$Y$12,Site!$Y$12
_NavOccupancy,Rent Roll,$EB$374,'Rent Roll'!$EB$374
_NavOnSite_Management_Exp_Analysis,Expense Grid,$BO$135,'Expense Grid'!$BO$135
_NavOther_Exp_Analysis,Expense Grid,$BO$816,'Expense Grid'!$BO$816
_NavOther_Repairs_Exp_Analysis,Expense Grid,$BO$423,'Expense Grid'!$BO$423
_NavOther_Salaries_Exp_Analysis,Expense Grid,$BO$660,'Expense Grid'!$BO$660
_NavPainting_and_Decorating_Exp_Analysis,Expense Grid,$BO$501,'Expense Grid'!$BO$501
_navPartnerJobID,File Info,$I$13,'File Info'!$I$13
_NavPayroll_Exp_Analysis,Expense Grid,$BO$710,'Expense Grid'!$BO$710
_NavPotential_Gross_Income,Rent Roll,$GV$719,'Rent Roll'!$GV$719
_NavPrior_Services,"Dates, Premises",$A$57,"'Dates, Premises'!$A$57"
_NavPro_Forma,Capitalization and Multipliers,$A$1,'Capitalization and Multipliers'!$A$1
_NavProfessional_Services_Exp_Analysis,Expense Grid,$BO$554,'Expense Grid'!$BO$554
_NavProperty_Contact,File Info,$B$238,'File Info'!$B$238
_NavProperty_Identification,Scope,$A$43,Scope!$A$43
_NavProperty_Info,File Info,$B$87,'File Info'!$B$87
_NavProperty_Inspection_Table,File Info,$Q$495,'File Info'!$Q$495
_NavRE_Assessment_Analysis,Assessment,$CI$129,Assessment!$CI$129
_NavRecent_Leases,Rent Roll,$EY$457,'Rent Roll'!$EY$457
_NavReconciled_Cap_Rates,Capitalization and Multipliers,$C$205,'Capitalization and Multipliers'!$C$205
_NavRent_Ranges,Rent Roll,$FM$563,'Rent Roll'!$FM$563
_NavRent_Roll,Rent Roll,$A$1,'Rent Roll'!$A$1
_NavRepairs_And_Maintenance_Exp_Analysis,Expense Grid,$BO$449,'Expense Grid'!$BO$449
_navReport_Date,"Dates, Premises",$I$13,"'Dates, Premises'!$I$13"
_NavReport_Type,Scope,$A$23,Scope!$A$23
_NavReserve_Exp_Analysis,Expense Grid,$BO$921,'Expense Grid'!$BO$921
_navRevenueUnitSetup,Revenue Unit Setup,$B$1,'Revenue Unit Setup'!$B$1
_NavRoads_and_Grounds_Exp_Analysis,Expense Grid,$BO$764,'Expense Grid'!$BO$764
_navRR_Input,Rent Roll Input,$A$2,'Rent Roll Input'!$A$2
_navRR_Master,Rent Roll Master,$D$3,'Rent Roll Master'!$D$3
_NavSale_Grid_Comp_Rank,Sales Grid,$AH$152,'Sales Grid'!$AH$152
_NavSale_History_Table,"Contracts, History",$W$87,"'Contracts, History'!$W$87"
_NavSales_Auto_Adjustment_Sentences,Sales Grid,$BD$179,'Sales Grid'!$BD$179
_NavSales_Grid_Values,Sales Grid,$A$100,'Sales Grid'!$A$100
_NavScope,Scope,$A$1,Scope!$A$1
_NavScope_Display_Tables,Scope,$O$103,Scope!$O$103
_navScopeDisplayTables,Scope,$R$104,Scope!$R$104
_navScopeProblemToBeSolved,Scope,$H$13,Scope!$H$13
_navScopePropertyID,Scope,$H$47,Scope!$H$47
_NavSecurity_Exp_Analysis,Expense Grid,$BO$738,'Expense Grid'!$BO$738
_NavSewer_Exp_Analysis,Expense Grid,$BO$265,'Expense Grid'!$BO$265
_NavSF_Residential,Improvements,$O$192,Improvements!$O$192
_navSF_Type,Values,$G$10,Values!$G$10
_NavSignature_Block,File Info,$AJ$532,'File Info'!$AJ$532
_NavSite_Area_Categorization,Site,$DS$329,Site!$DS$329
_NavSite_Input_Table,Site,$O$1,Site!$O$1
_NavSite_Summary_Table,Site,$CR$296,Site!$CR$296
_NavStabilization_Calculations,Rent Roll,$IR$800,'Rent Roll'!$IR$800
_NavSubject_Commercial_Lease_Summary,Summary,$M$354,Summary!$M$354
_NavSubject_Data_Import_Table,File Info,$B$934,'File Info'!$B$934
_NavSubject_Lodging_And_Hospitality_Summary,Summary,$DS$644,Summary!$DS$644
_NavSubject_Senior_Housing_Summary,Summary,$DH$623,Summary!$DH$623
_NavSubject_Summary,Summary,$B$1,Summary!$B$1
_NavSubject_Unit_Lease_Summary,Summary,$CI$480,Summary!$CI$480
_navSubjectName,File Info,$I$87,'File Info'!$I$87
_NavSubmarket_Analytics,Submarket Analytics,$A$1,'Submarket Analytics'!$A$1
_NavTax_Comps_Analysis,Assessment,$EA$206,Assessment!$EA$206
_NavTax_Exp_Analysis,Expense Grid,$BO$82,'Expense Grid'!$BO$82
_NavTax_History_Table,Assessment,$DE$162,Assessment!$DE$162
_NavTax_Summary_Table,Assessment,$AJ$60,Assessment!$AJ$60
_NavTenant_Improvements_Exp_Analysis,Expense Grid,$BO$868,'Expense Grid'!$BO$868
_NavThe_Insight,Market Analytics,$BM$555,'Market Analytics'!$BM$555
_NavTotal_Utilities_Exp_Analysis,Expense Grid,$BO$371,'Expense Grid'!$BO$371
_NavTrash_Exp_Analysis,Expense Grid,$BO$344,'Expense Grid'!$BO$344
_NavUnit_Feat._and_Proj._Amen._Checklist,Improvements,$DS$502,Improvements!$DS$502
_NavUnit_Features_Comparison,Lease Grid,$EC$983,'Lease Grid'!$EC$983
_NavUnit_Lease_Rent_Roll,Rent Roll,$A$252,'Rent Roll'!$A$252
_NavValuation_Data_Capture,Valuation,$A$1,Valuation!$A$1
_NavValue_Conclusions_Table,Values,$AJ$115,Values!$AJ$115
_NavValue_Indications,Values,$A$1,Values!$A$1
_NavValue_Summary_Table,Values,$S$91,Values!$S$91
_NavVertical_Building_Summary,Improvements,$BF$214,Improvements!$BF$214
_NavVertical_Site_Summary,Site,$BQ$152,Site!$BQ$152
_NavWater_Exp_Analysis,Expense Grid,$BO$239,'Expense Grid'!$BO$239
_navZoning_Authority,Zoning,$Z$20,Zoning!$Z$20
_NavZoning_Items,Zoning,$O$1,Zoning!$O$1
_NavZoning_Summary,Zoning,$BE$46,Zoning!$BE$46
_Office,Property Types,$B$130:$B$140,'Property Types'!$B$130:$B$140
_Office_Medical_Office,Property Types,$C$141,'Property Types'!$C$141
_Office_Mixed_Use,Property Types,$C$131:$C$135,'Property Types'!$C$131:$C$135
_Office_Office_Building,Property Types,$C$137:$C$139,'Property Types'!$C$137:$C$139
_Other,Property Types,$C$198:$C$203,'Property Types'!$C$198:$C$203
_Parking_Facility,Property Types,$C$159:$C$160,'Property Types'!$C$159:$C$160
_Processing,Property Types,$C$64:$C$69,'Property Types'!$C$64:$C$69
_Property_Types,Property Types,$B$4:$B$17,'Property Types'!$B$4:$B$17
_PropertyMajorType,File Info,$I$100,'File Info'!$I$100
_Racetrack,Property Types,$C$269:$C$271,'Property Types'!$C$269:$C$271
_Rehabilitation_Center_Hospital,Property Types,$C$50,'Property Types'!$C$50
_Residential,Property Types,$B$284:$B$299,'Property Types'!$B$284:$B$299
_Restaurant,Property Types,$C$162:$C$165,'Property Types'!$C$162:$C$165
_Retail_Commercial,Property Types,$B$144:$B$161,'Property Types'!$B$144:$B$161
_Retail_Commercial_Mixed_Use,Property Types,$C$155:$C$157,'Property Types'!$C$155:$C$157
_SalesGridCompsUsed,Sales Grid,$F$16,'Sales Grid'!$F$16
_Senior_Housing,Property Types,$B$184:$B$190,'Property Types'!$B$184:$B$190
_Shopping_Center,Property Types,$B$214:$B$223,'Property Types'!$B$214:$B$223
_Skilled_Nursing_Facility,Property Types,$C$210:$C$211,'Property Types'!$C$210:$C$211
_Special_Purpose,Property Types,$B$226:$B$251,'Property Types'!$B$226:$B$251
_Sport_Entertainment,Property Types,$B$254:$B$266,'Property Types'!$B$254:$B$266
_Sports_Arena_Stadium,Property Types,$C$273:$C$274,'Property Types'!$C$273:$C$274
_Student_Oriented_Housing,Property Types,$C$116:$C$118,'Property Types'!$C$116:$C$118
_TaxGridCompsUsed,Assessment,$EE$214,Assessment!$EE$214
_Theatre_Performing_Art,Property Types,$C$276:$C$281,'Property Types'!$C$276:$C$281
_Vehicle_Related,Property Types,$C$172:$C$181,'Property Types'!$C$172:$C$181
_Warehouse,Property Types,$C$71:$C$75,'Property Types'!$C$71:$C$75
_Water_Related,Property Types,$C$89:$C$91,'Property Types'!$C$89:$C$91
AdditionalDatesPremises,"Dates, Premises",$F$26:$F$32,"'Dates, Premises'!$F$26:$F$32"
AdditionalPremises,Values,$F$75:$F$81,Values!$F$75:$F$81
AdjustedPrice,Sales Grid,$I$94:$J$94,'Sales Grid'!$I$94:$J$94
AdjustedPriceNetGross,Land Grid,$F$96:$F$97,'Land Grid'!$F$96:$F$97
AgriculturalSectionShowHide,Site,$P$137:$P$147,Site!$P$137:$P$147
AllBuildingsDescription,Improvements,$AA$20:$AB$50,Improvements!$AA$20:$AB$50
AnalysisYear,Market Analytics,$J$21,'Market Analytics'!$J$21
Analytics_Import,Market Analytics,$B$17,'Market Analytics'!$B$17
Analytics_Nav,Market Analytics,$B$8,'Market Analytics'!$B$8
Analytics_Toggle,Market Analytics,$B$24,'Market Analytics'!$B$24
AnalyticsClass,Market Analytics,$AK$17,'Market Analytics'!$AK$17
AnalyticsInsight_Copy,Market Analytics,$BQ$586,'Market Analytics'!$BQ$586
AnalyticsInsight_Nav,Market Analytics,$BN$556,'Market Analytics'!$BN$556
AnalyticsYear,Market Analytics,$AI$28:$AI$178,'Market Analytics'!$AI$28:$AI$178
AppPremisesRange,Lists,$EV$2:$EV$7,Lists!$EV$2:$EV$7
AppraisalDates,"Dates, Premises",$G$23:$G$32,"'Dates, Premises'!$G$23:$G$32"
AppraisalFirmInfo,File Info,$C$324,'File Info'!$C$324
AppraisalFirmSectionShowHide,File Info,$H$321:$H$343,'File Info'!$H$321:$H$343
AppraisalPremiseQualifer,"Dates, Premises",$E$23:$E$32,"'Dates, Premises'!$E$23:$E$32"
AppraisalSummary,Appraisal Summary,$F$16:$L$56,'Appraisal Summary'!$F$16:$L$56
AppraisalSummary_Nav,Appraisal Summary,$B$10,'Appraisal Summary'!$B$10
AppraisalSummary_SendToRIMS,Appraisal Summary,$H$11,'Appraisal Summary'!$H$11
AppraisalSummary_ShowHideSource,Appraisal Summary,$B$13,'Appraisal Summary'!$B$13
AppraisalSummaryAsIsColumnAnchor,Appraisal Summary,$H$15,'Appraisal Summary'!$H$15
AppraisalSummaryAsIsORColumnAnchor,Appraisal Summary,$I$15,'Appraisal Summary'!$I$15
AppraisalSummaryAsIsSourceColumnAnchor,Appraisal Summary,$G$15,'Appraisal Summary'!$G$15
AppraisalSummaryAsStabilizedColumnAnchor,Appraisal Summary,$K$15,'Appraisal Summary'!$K$15
AppraisalSummaryAsStabilizedORColumnAnchor,Appraisal Summary,$L$15,'Appraisal Summary'!$L$15
AppraisalSummaryAsStabilizedSourceColumnAnchor,Appraisal Summary,$J$15,'Appraisal Summary'!$J$15
AppraisalSummaryDataPointColumnAnchor,Appraisal Summary,$F$15,'Appraisal Summary'!$F$15
AppraisalSummaryValidationPremises,Appraisal Summary,$F$12,'Appraisal Summary'!$F$12
AppraisedInterests,"Dates, Premises",$M$23:$M$32,"'Dates, Premises'!$M$23:$M$32"
Appraiser1_State,_xlfn.ANCHORARRAY(tblAppraisers,AE6,_xlfn.ANCHORARRAY(tblAppraisers!$AE$6)
Appraiser2_State,_xlfn.ANCHORARRAY(tblAppraisers,AF6,_xlfn.ANCHORARRAY(tblAppraisers!$AF$6)
Appraiser2InspectionShowHide,File Info,$S$503,'File Info'!$S$503
Appraiser2SignatureShowHide,File Info,$AO$535,'File Info'!$AO$535
Appraiser3_State,_xlfn.ANCHORARRAY(tblAppraisers,AG6,_xlfn.ANCHORARRAY(tblAppraisers!$AG$6)
Appraiser3InspectionShowHide,File Info,$S$504,'File Info'!$S$504
Appraiser3SignatureShowHide,File Info,$AQ$535,'File Info'!$AQ$535
Appraiser4_State,_xlfn.ANCHORARRAY(tblAppraisers,AH6,_xlfn.ANCHORARRAY(tblAppraisers!$AH$6)
Appraiser4InspectionShowHide,File Info,$S$505,'File Info'!$S$505
Appraiser4SignatureShowHide,File Info,$AS$535,'File Info'!$AS$535
AppraiserIndex1,tblAppraisers,$AE$2,tblAppraisers!$AE$2
AppraiserIndex2,tblAppraisers,$AF$2,tblAppraisers!$AF$2
AppraiserIndex3,tblAppraisers,$AG$2,tblAppraisers!$AG$2
AppraiserIndex4,tblAppraisers,$AH$2,tblAppraisers!$AH$2
AppraiserList,tblAppraisers,$W$1:$X$247,tblAppraisers!$W$1:$X$247
AppraiserPrev,tblAppraisers,$AE$4,tblAppraisers!$AE$4
AppraiserPrev2,tblAppraisers,$AF$4,tblAppraisers!$AF$4
AppraiserPrev3,tblAppraisers,$AG$4,tblAppraisers!$AG$4
AppraiserPrev4,tblAppraisers,$AH$4,tblAppraisers!$AH$4
AppraiserPrevState1,tblAppraisers,$AE$5,tblAppraisers!$AE$5
AppraiserPrevState2,tblAppraisers,$AF$5,tblAppraisers!$AF$5
AppraiserPrevState3,tblAppraisers,$AG$5,tblAppraisers!$AG$5
AppraiserPrevState4,tblAppraisers,$AH$5,tblAppraisers!$AH$5
AppraiserSelected1,File Info,$I$277,'File Info'!$I$277
AppraiserSelected2,File Info,$I$350,'File Info'!$I$350
AppraiserSelected3,File Info,$I$394,'File Info'!$I$394
AppraiserSelected4,File Info,$I$438,'File Info'!$I$438
AppraiserStateIndex1,tblAppraisers,$AE$3,tblAppraisers!$AE$3
AppraiserStateIndex2,tblAppraisers,$AF$3,tblAppraisers!$AF$3
AppraiserStateIndex3,tblAppraisers,$AG$3,tblAppraisers!$AG$3
AppraiserStateIndex4,tblAppraisers,$AH$3,tblAppraisers!$AH$3
AppraisersUnique,tblAppraisers,$Z:$Z,tblAppraisers!$Z:$Z
AsCompleteRowsShowHide,Values,$E$31:$E$42,Values!$E$31:$E$42
Assessement1,Assessment,$J$14,Assessment!$J$14
Assessment_ArrangeComps,Assessment,$EG$210,Assessment!$EG$210
Assessment_CalcTaxes,Assessment,$AE$37,Assessment!$AE$37
Assessment_CalcTaxRates,Assessment,$AE$32,Assessment!$AE$32
Assessment_CompTableDatabase,Assessment,,Assessment!#REF!
Assessment_CopyJobComps,Assessment,$EG$214,Assessment!$EG$214
Assessment_ExportComps,Assessment,,Assessment!#REF!
Assessment_Maps,Assessment,$FC$207,Assessment!$FC$207
Assessment_NavAssessmentInput,Assessment,$B$7,Assessment!$B$7
Assessment_NavCompTable,Assessment,$A$379,Assessment!$A$379
Assessment_NavREAAnalysis,Assessment,$CK$132,Assessment!$CK$132
Assessment_NavREATaxes,Assessment,$AV$83,Assessment!$AV$83
Assessment_NavTaxCompTable,Assessment,$EB$207,Assessment!$EB$207
Assessment_NoOfParcelsInput,Assessment,$J$9,Assessment!$J$9
Assessment_ShowHideDBColumns,Assessment,$F$52,Assessment!$F$52
Assessment_ShowTotalsColumnSummary,Assessment,$B$12,Assessment!$B$12
Assessment_TaxCompsDatabase,Assessment,$EE$210,Assessment!$EE$210
Assessment_TaxHistory_Nav,Assessment,$DF$163,Assessment!$DF$163
Assessment_ToggleAssessmentInput,Assessment,$B$9,Assessment!$B$9
Assessment_ToggleDisplayREAAnalysis,Assessment,$CK$134,Assessment!$CK$134
Assessment_ToggleDisplayREATaxes,Assessment,$AV$85,Assessment!$AV$85
Assessment_ToggleDisplayTaxCompTable,Assessment,$EB$217,Assessment!$EB$217
Assessment10,Assessment,$S$14,Assessment!$S$14
Assessment11,Assessment,$T$14,Assessment!$T$14
Assessment12,Assessment,$U$14,Assessment!$U$14
Assessment13,Assessment,$V$14,Assessment!$V$14
Assessment14,Assessment,$W$14,Assessment!$W$14
Assessment15,Assessment,$X$14,Assessment!$X$14
Assessment16,Assessment,$Y$14,Assessment!$Y$14
Assessment17,Assessment,$Z$14,Assessment!$Z$14
Assessment18,Assessment,$AA$14,Assessment!$AA$14
Assessment19,Assessment,$AB$14,Assessment!$AB$14
Assessment2,Assessment,$K$14,Assessment!$K$14
Assessment20,Assessment,$AC$14,Assessment!$AC$14
Assessment3,Assessment,$L$14,Assessment!$L$14
Assessment4,Assessment,$M$14,Assessment!$M$14
Assessment5,Assessment,$N$14,Assessment!$N$14
Assessment6,Assessment,$O$14,Assessment!$O$14
Assessment7,Assessment,$P$14,Assessment!$P$14
Assessment8,Assessment,$Q$14,Assessment!$Q$14
Assessment9,Assessment,$R$14,Assessment!$R$14
AssessmentColumnsShowHide,Assessment,$I$14:$AC$14,Assessment!$I$14:$AC$14
AssessmentDBColumnsShowHide,Assessment,$G$16:$H$16,Assessment!$G$16:$H$16
AssessmentGrid_SyncDB,Assessment,$FB$210,Assessment!$FB$210
AssessmentSheet_CopyCompIDs,Assessment,$FI$210,Assessment!$FI$210
AssessmentTable,Assessment,$F$16:$AC$50,Assessment!$F$16:$AC$50
AssessmentTable2Anchor,Assessment,$CI$126,Assessment!$CI$126
AssessmentTable2ColumnsShowHide,Assessment,$CN$133:$DB$133,Assessment!$CN$133:$DB$133
AssessmentTable2RowsShowHide,Assessment,$CK$138:$CK$158,Assessment!$CK$138:$CK$158
AssessmentTable3ColumnsShowHide,Assessment,$EE$217:$FI$217,Assessment!$EE$217:$FI$217
AssessmentTable3RowsShowHide,Assessment,$ED$222:$ED$231,Assessment!$ED$222:$ED$231
AssessmentTable3SummaryRowsShowHide,Assessment,$EB$232:$EB$237,Assessment!$EB$232:$EB$237
AssessmentTableAnchor,Assessment,$AT$58,Assessment!$AT$58
AssessmentTableColumnsShowHide,Assessment,$AY$84:$BN$84,Assessment!$AY$84:$BN$84
AssessmentTableRowsShowHide,Assessment,$AV$89:$AV$109,Assessment!$AV$89:$AV$109
AssessmentTaxSummary_Nav,Assessment,$AK$62,Assessment!$AK$62
AssessmentTaxSummary_Toggle,Assessment,$AK$64,Assessment!$AK$64
AssessmentTotalsColumnShowHide,Assessment,$I$14,Assessment!$I$14
assetCode,File Info,$M$84,'File Info'!$M$84
assetName,File Info,$I$84,'File Info'!$I$84
assetRow,File Info,$K$84,'File Info'!$K$84
AsStabilizedRowsShowHide,Values,$E$15:$E$26,Values!$E$15:$E$26
AssumptionsEnd,CashFlow-Assumptions,$F$33,'CashFlow-Assumptions'!$F$33
AssumptionsHeader,CashFlow-Assumptions,$E$12:$F$12,'CashFlow-Assumptions'!$E$12:$F$12
AssumptionsStart,CashFlow-Assumptions,$E$13,'CashFlow-Assumptions'!$E$13
AuthorSectionShowHide,File Info,$H$484:$H$492,'File Info'!$H$484:$H$492
Building1,Improvements,$AB$57,Improvements!$AB$57
BuildingCountList,Improvements,$U$12:$U$26,Improvements!$U$12:$U$26
BuildingFoundationFrameExterior,Improvements,$W$137,Improvements!$W$137
BuildingGeneralTable,Improvements,$AB$59:$AK$189,Improvements!$AB$59:$AK$189
BuildingInterior,Improvements,$W$162,Improvements!$W$162
BuildingMechanical,Improvements,$W$176,Improvements!$W$176
BuildingRowsShowHide,Improvements,$P$18:$P$209,Improvements!$P$18:$P$209
Buildings1thru10ShowHide,Improvements,$P$56:$P$135,Improvements!$P$56:$P$135
Buildings1to10,Improvements,$W$54,Improvements!$W$54
BuildingsColumnsShowHide,Improvements,$AA$57:$AK$57,Improvements!$AA$57:$AK$57
BuildingSummaryTableColumnsShowHide,Improvements,$CE$440:$CS$440,Improvements!$CE$440:$CS$440
BuildingSummaryTableRowsShowHide,Improvements,$BZ$445:$BZ$455,Improvements!$BZ$445:$BZ$455
CalculationsShowHide,Site,$V$39:$AV$39,Site!$V$39:$AV$39
Canada,Property Types,$G$56:$G$68,'Property Types'!$G$56:$G$68
CanadianMethodShowHide,Scope,$E$96:$E$98,Scope!$E$96:$E$98
Capitalization_ClearExpensesFromWeb,Capitalization and Multipliers,$M$70,'Capitalization and Multipliers'!$M$70
Capitalization_ClearIncomeCategoryDataFromWeb,Capitalization and Multipliers,$M$58,'Capitalization and Multipliers'!$M$58
Capitalization_DataSourceCapRateChart,Capitalization and Multipliers,$G$172,'Capitalization and Multipliers'!$G$172
Capitalization_DataSourceEGIM,Capitalization and Multipliers,$G$309,'Capitalization and Multipliers'!$G$309
Capitalization_DataSourceNIM,Capitalization and Multipliers,$G$339,'Capitalization and Multipliers'!$G$339
Capitalization_GetDataCapRateChart,Capitalization and Multipliers,$I$172:$J$172,'Capitalization and Multipliers'!$I$172:$J$172
Capitalization_GetDataEGIM,Capitalization and Multipliers,$C$313,'Capitalization and Multipliers'!$C$313
Capitalization_GetDataNIM,Capitalization and Multipliers,$C$343,'Capitalization and Multipliers'!$C$343
Capitalization_Nav_Charts,Capitalization and Multipliers,$C$228,'Capitalization and Multipliers'!$C$228
Capitalization_NavCapRateChart,Capitalization and Multipliers,$C$128,'Capitalization and Multipliers'!$C$128
Capitalization_NavEGIM,Capitalization and Multipliers,$C$295,'Capitalization and Multipliers'!$C$295
Capitalization_NavExpenses,Capitalization and Multipliers,$C$71,'Capitalization and Multipliers'!$C$71
Capitalization_NavIncome,Capitalization and Multipliers,$C$8,'Capitalization and Multipliers'!$C$8
Capitalization_NavNIM,Capitalization and Multipliers,$C$325,'Capitalization and Multipliers'!$C$325
Capitalization_RentrollIncome,Capitalization and Multipliers,$J$35,'Capitalization and Multipliers'!$J$35
Capitalization_ToggleIncome,Capitalization and Multipliers,$C$38,'Capitalization and Multipliers'!$C$38
CapRateRowsShowHide,Capitalization and Multipliers,$F$156:$F$166,'Capitalization and Multipliers'!$F$156:$F$166
CategoryColumnAnchor,Rent Roll,$O$278,'Rent Roll'!$O$278
CF_Assumptions_Import,CashFlow-Assumptions,$B$11,'CashFlow-Assumptions'!$B$11
CF_Assumptions_Nav,CashFlow-Assumptions,$B$8,'CashFlow-Assumptions'!$B$8
CF_DCF_Import,CashFlow-DCF,$B$11,'CashFlow-DCF'!$B$11
CF_DCF_Nav,CashFlow-DCF,$B$8,'CashFlow-DCF'!$B$8
CF_DCF_Toggle,CashFlow-DCF,$B$16,'CashFlow-DCF'!$B$16
CF_ReturnSummary_Import,CashFlow-Returns,$B$11,'CashFlow-Returns'!$B$11
CF_ReturnSummary_Nav,CashFlow-Returns,$B$8,'CashFlow-Returns'!$B$8
CF_ReturnSummary_Toggle,CashFlow-Returns,$B$16,'CashFlow-Returns'!$B$16
ClearContacts_Button,File Info,$C$142,'File Info'!$C$142
Client2Info,File Info,$C$194,'File Info'!$C$194
ClientAppraisalRequirementsYN,File Info,$I$184,'File Info'!$I$184
ClientSection2ShowHide,File Info,$H$193:$H$233,'File Info'!$H$193:$H$233
ClientSectionShowHide,File Info,$H$141:$H$183,'File Info'!$H$141:$H$183
Colombia,Property Types,$G$69:$G$101,'Property Types'!$G$69:$G$101
Comm_Rent_Verification_Source,File Info,$S$16,'File Info'!$S$16
CommAnchorTypeColumnAnchor,Summary,$BP$371,Summary!$BP$371
CommBaseRentMoColumnAnchor,Summary,$AV$371,Summary!$AV$371
CommBaseRentSFColumnAnchor,Summary,$AW$371,Summary!$AW$371
CommBaseRentSFMoColumnAnchor,Summary,$AX$371,Summary!$AX$371
CommBaseRentYearColumnAnchor,Summary,$AU$371,Summary!$AU$371
CommCommentsColumnAnchor,Summary,$CE$371,Summary!$CE$371
CommConcessionsColumnAnchor,Summary,$BK$371,Summary!$BK$371
CommCostsToFinishColumnAnchor,Summary,$BW$371,Summary!$BW$371
CommCurrentRentMoColumnAnchor,Summary,$BC$371,Summary!$BC$371
CommDataSourceColumnAnchor,Summary,$CD$371,Summary!$CD$371
CommEffRentMoColumnAnchor,Summary,$AZ$371,Summary!$AZ$371
CommEffRentPerMo,Rent Roll,$Y$51:$Y$151,'Rent Roll'!$Y$51:$Y$151
CommEffRentPerSFPerMo,Rent Roll,$AB$51:$AB$151,'Rent Roll'!$AB$51:$AB$151
CommEffRentPerYear,Rent Roll,$Z$51:$Z$151,'Rent Roll'!$Z$51:$Z$151
CommEffRentPerYearPerSF,Rent Roll,$AA$51:$AA$151,'Rent Roll'!$AA$51:$AA$151
CommEffRentSFColumnAnchor,Summary,$BA$371,Summary!$BA$371
CommEffRentSFMoColumnAnchor,Summary,$BB$371,Summary!$BB$371
CommEffRentYearColumnAnchor,Summary,$AY$371,Summary!$AY$371
CommentSelect1,Lease Grid,$FP$1219,'Lease Grid'!$FP$1219
CommentSelect10,Lease Grid,$FP$2362,'Lease Grid'!$FP$2362
CommentSelect2,Lease Grid,$FP$1346,'Lease Grid'!$FP$1346
CommentSelect3,Lease Grid,$FP$1473,'Lease Grid'!$FP$1473
CommentSelect4,Lease Grid,$FP$1600,'Lease Grid'!$FP$1600
CommentSelect5,Lease Grid,$FP$1727,'Lease Grid'!$FP$1727
CommentSelect6,Lease Grid,$FP$1854,'Lease Grid'!$FP$1854
CommentSelect7,Lease Grid,$FP$1981,'Lease Grid'!$FP$1981
CommentSelect8,Lease Grid,$FP$2108,'Lease Grid'!$FP$2108
CommentSelect9,Lease Grid,$FP$2235,'Lease Grid'!$FP$2235
CommercialDataCompLease1,Lease Grid,$FD$1166:$FM$1197,'Lease Grid'!$FD$1166:$FM$1197
CommercialDataCompLease10,Lease Grid,$FD$2309:$FM$2340,'Lease Grid'!$FD$2309:$FM$2340
CommercialDataCompLease2,Lease Grid,$FD$1293:$FM$1324,'Lease Grid'!$FD$1293:$FM$1324
CommercialDataCompLease3,Lease Grid,$FD$1420:$FM$1451,'Lease Grid'!$FD$1420:$FM$1451
CommercialDataCompLease4,Lease Grid,$FD$1547:$FM$1578,'Lease Grid'!$FD$1547:$FM$1578
CommercialDataCompLease5,Lease Grid,$FD$1674:$FM$1705,'Lease Grid'!$FD$1674:$FM$1705
CommercialDataCompLease6,Lease Grid,$FD$1801:$FM$1832,'Lease Grid'!$FD$1801:$FM$1832
CommercialDataCompLease7,Lease Grid,$FD$1928:$FM$1959,'Lease Grid'!$FD$1928:$FM$1959
CommercialDataCompLease8,Lease Grid,$FD$2055:$FM$2086,'Lease Grid'!$FD$2055:$FM$2086
CommercialDataCompLease9,Lease Grid,$FD$2182:$FM$2213,'Lease Grid'!$FD$2182:$FM$2213
CommercialLeaseDetailFields,Summary,$AM$359:$CE$359,Summary!$AM$359:$CE$359
CommEscalationsColumnAnchor,Summary,$BH$371,Summary!$BH$371
CommExpenseStopColumnAnchor,Summary,$BL$371,Summary!$BL$371
CommExpireDateColumnAnchor,Summary,$BF$371,Summary!$BF$371
CommExpireDateData,Rent Roll,$V$51:$V$151,'Rent Roll'!$V$51:$V$151
CommExpReimburseColumnAnchor,Summary,$BI$371,Summary!$BI$371
CommFinishColumnAnchor,Summary,$BV$371,Summary!$BV$371
CommFloorLevelColumnAnchor,Summary,$AR$371,Summary!$AR$371
CommFreeRentColumnAnchor,Summary,$BQ$371,Summary!$BQ$371
CommLeaseConditionsColumnAnchor,Summary,$BU$371,Summary!$BU$371
CommLeaseGridShowHide,Lease Grid,$C$32:$C$37,'Lease Grid'!$C$32:$C$37
CommLeaseRank,Rent Roll,$E$51:$E$151,'Rent Roll'!$E$51:$E$151
CommLeaseRentRoll,Rent Roll,$M$51:$AL$151,'Rent Roll'!$M$51:$AL$151
CommLeaseRentRoll_DataEntry,Rent Roll,$M$42,'Rent Roll'!$M$42
CommLeaseRowsShowHide,Summary,$AM$372:$AM$472,Summary!$AM$372:$AM$472
CommLeaseSubjectHeaders,Summary,$AM$371:$CE$371,Summary!$AM$371:$CE$371
CommLeaseSubjectObject,Summary,$AL$371:$CE$472,Summary!$AL$371:$CE$472
CommLeaseTermColumnAnchor,Summary,$BG$371,Summary!$BG$371
CommLeaseTermData,Rent Roll,$W$51:$W$151,'Rent Roll'!$W$51:$W$151
CommLeaseTypeColumnAnchor,Summary,$AO$371,Summary!$AO$371
CommLeaseTypeData,Rent Roll,$X$51:$X$151,'Rent Roll'!$X$51:$X$151
CommLeaseUnitDataFormulas,Summary,$AM$372:$CE$471,Summary!$AM$372:$CE$471
CommLesseeColumnAnchor,Summary,$AM$371,Summary!$AM$371
CommLessorColumnAnchor,Summary,$AN$371,Summary!$AN$371
CommMarketRentSetUpTable,Rent Roll,$M$20:$O$40,'Rent Roll'!$M$20:$O$40
CommOptionsColumnAnchor,Summary,$BJ$371,Summary!$BJ$371
CommPercentOfficeColumnAnchor,Summary,$BY$371,Summary!$BY$371
CommPercentRentColumnAnchor,Summary,$BZ$371,Summary!$BZ$371
CommRentBasisColumnAnchor,Summary,$AT$371,Summary!$AT$371
CommRentIncreasedColumnAnchor,Summary,$BD$371,Summary!$BD$371
CommRentM2ColumnAnchor,Summary,$BS$371,Summary!$BS$371
CommRentM2PerMoColumnAnchor,Summary,$BT$371,Summary!$BT$371
CommSFColumnAnchor,Summary,$AS$371,Summary!$AS$371
CommSFData,Rent Roll,$S$51:$S$151,'Rent Roll'!$S$51:$S$151
CommSizeM2ColumnAnchor,Summary,$BR$371,Summary!$BR$371
CommSpaceTypeColumnAnchor,Summary,$AP$371,Summary!$AP$371
CommStartDateColumnAnchor,Summary,$BE$371,Summary!$BE$371
CommStartDateData,Rent Roll,$U$51:$U$151,'Rent Roll'!$U$51:$U$151
CommSuiteColumnAnchor,Summary,$AQ$371,Summary!$AQ$371
CommSurveyDateColumnAnchor,Summary,$CA$371,Summary!$CA$371
CommTenantCAMColumnAnchor,Summary,$BN$371,Summary!$BN$371
CommTenantImpColumnAnchor,Summary,$BM$371,Summary!$BM$371
CommTenantParkingColumnAnchor,Summary,$BX$371,Summary!$BX$371
CommTenantsSpaceType,Rent Roll,$M$51:$O$151,'Rent Roll'!$M$51:$O$151
CommTransactionTypeColumnAnchor,Summary,$BO$371,Summary!$BO$371
CommUnitTypeRowsShowHide,Lease Grid,$EZ$1133:$EZ$2359,'Lease Grid'!$EZ$1133:$EZ$2359
CommVerificationDateColumnAnchor,Summary,$CB$371,Summary!$CB$371
CommVerSourceColumnAnchor,Summary,$CC$371,Summary!$CC$371
Comp10ID,Sales Grid,$AA$18,'Sales Grid'!$AA$18
Comp10ImagesAnchor,Sales Grid,$FW$1609:$FZ$1627,'Sales Grid'!$FW$1609:$FZ$1627
Comp10LandImageAnchor,Land Grid,$CS$1025:$CT$1040,'Land Grid'!$CS$1025:$CT$1040
Comp10LeaseImageAnchor,Lease Grid,$FH$2249:$FM$2264,'Lease Grid'!$FH$2249:$FM$2264
Comp10Name,Sales Grid,$AA$19,'Sales Grid'!$AA$19
Comp10SaleImageAnchor,Sales Grid,$FY$1610:$FZ$1625,'Sales Grid'!$FY$1610:$FZ$1625
Comp10UnitPrice,Sales Grid,$AA$32,'Sales Grid'!$AA$32
Comp10Units,Sales Grid,$FW$1687:$FZ$1693,'Sales Grid'!$FW$1687:$FZ$1693
Comp10UnitTypes,Lease Grid,$AA$107:$AA$121,'Lease Grid'!$AA$107:$AA$121
Comp1ID,Sales Grid,$I$18,'Sales Grid'!$I$18
Comp1ImagesAnchor,Sales Grid,$FW$664:$FZ$682,'Sales Grid'!$FW$664:$FZ$682
Comp1Improvements,Lease Grid,$FD$1128,'Lease Grid'!$FD$1128
Comp1LandAdjX,Land Grid,$CQ$551,'Land Grid'!$CQ$551
Comp1LandImageAnchor,Land Grid,$CS$521:$CT$536,'Land Grid'!$CS$521:$CT$536
Comp1LeaseImageAnchor,Lease Grid,$FH$1106:$FM$1121,'Lease Grid'!$FH$1106:$FM$1121
Comp1Name,Sales Grid,$I$19,'Sales Grid'!$I$19
Comp1SaleImageAnchor,Sales Grid,$FY$665:$FZ$680,'Sales Grid'!$FY$665:$FZ$680
Comp1UnitPrice,Sales Grid,$I$32,'Sales Grid'!$I$32
Comp1Units,Sales Grid,$FW$742:$FZ$753,'Sales Grid'!$FW$742:$FZ$753
Comp1UnitType,Lease Grid,$I$24,'Lease Grid'!$I$24
Comp1UnitTypes,Lease Grid,$I$107:$I$121,'Lease Grid'!$I$107:$I$121
Comp2ID,Sales Grid,$K$18,'Sales Grid'!$K$18
Comp2ImagesAnchor,Sales Grid,$FW$769:$FZ$787,'Sales Grid'!$FW$769:$FZ$787
Comp2LandImageAnchor,Land Grid,$CS$577:$CT$592,'Land Grid'!$CS$577:$CT$592
Comp2LeaseImageAnchor,Lease Grid,$FH$1233:$FM$1248,'Lease Grid'!$FH$1233:$FM$1248
Comp2Name,Sales Grid,$K$19,'Sales Grid'!$K$19
Comp2SaleImageAnchor,Sales Grid,$FY$770:$FZ$785,'Sales Grid'!$FY$770:$FZ$785
Comp2UnitPrice,Sales Grid,$K$32,'Sales Grid'!$K$32
Comp2Units,Sales Grid,$FW$847:$FZ$853,'Sales Grid'!$FW$847:$FZ$853
Comp2UnitType,Lease Grid,$K$24,'Lease Grid'!$K$24
Comp2UnitTypes,Lease Grid,$K$107:$K$121,'Lease Grid'!$K$107:$K$121
Comp3ID,Sales Grid,$M$18,'Sales Grid'!$M$18
Comp3ImagesAnchor,Sales Grid,$FW$874:$FZ$892,'Sales Grid'!$FW$874:$FZ$892
Comp3LandImageAnchor,Land Grid,$CS$633:$CT$648,'Land Grid'!$CS$633:$CT$648
Comp3LeaseImageAnchor,Lease Grid,$FH$1360:$FM$1375,'Lease Grid'!$FH$1360:$FM$1375
Comp3Name,Sales Grid,$M$19,'Sales Grid'!$M$19
Comp3SaleImageAnchor,Sales Grid,$FY$875:$FZ$890,'Sales Grid'!$FY$875:$FZ$890
Comp3UnitPrice,Sales Grid,$M$32,'Sales Grid'!$M$32
Comp3Units,Sales Grid,$FW$952:$FZ$958,'Sales Grid'!$FW$952:$FZ$958
Comp3UnitType,Lease Grid,$M$24,'Lease Grid'!$M$24
Comp3UnitTypes,Lease Grid,$M$107:$M$121,'Lease Grid'!$M$107:$M$121
Comp4ID,Sales Grid,$O$18,'Sales Grid'!$O$18
Comp4ImagesAnchor,Sales Grid,$FW$979:$FZ$997,'Sales Grid'!$FW$979:$FZ$997
Comp4LandImageAnchor,Land Grid,$CS$689:$CT$704,'Land Grid'!$CS$689:$CT$704
Comp4LeaseImageAnchor,Lease Grid,$FH$1487:$FM$1502,'Lease Grid'!$FH$1487:$FM$1502
Comp4Name,Sales Grid,$O$19,'Sales Grid'!$O$19
Comp4SaleImageAnchor,Sales Grid,$FY$980:$FZ$995,'Sales Grid'!$FY$980:$FZ$995
Comp4UnitPrice,Sales Grid,$O$32,'Sales Grid'!$O$32
Comp4Units,Sales Grid,$FW$1057:$FZ$1063,'Sales Grid'!$FW$1057:$FZ$1063
Comp4UnitType,Lease Grid,$O$24,'Lease Grid'!$O$24
Comp4UnitTypes,Lease Grid,$O$107:$O$121,'Lease Grid'!$O$107:$O$121
Comp5ID,Sales Grid,$Q$18,'Sales Grid'!$Q$18
Comp5ImagesAnchor,Sales Grid,$FW$1084:$FZ$1102,'Sales Grid'!$FW$1084:$FZ$1102
Comp5LandImageAnchor,Land Grid,$CS$745:$CT$760,'Land Grid'!$CS$745:$CT$760
Comp5LeaseImageAnchor,Lease Grid,$FH$1614:$FM$1629,'Lease Grid'!$FH$1614:$FM$1629
Comp5Name,Sales Grid,$Q$19,'Sales Grid'!$Q$19
Comp5SaleImageAnchor,Sales Grid,$FY$1085:$FZ$1100,'Sales Grid'!$FY$1085:$FZ$1100
Comp5UnitPrice,Sales Grid,$Q$32,'Sales Grid'!$Q$32
Comp5Units,Sales Grid,$FW$1162:$FZ$1168,'Sales Grid'!$FW$1162:$FZ$1168
Comp5UnitType,Lease Grid,$Q$24,'Lease Grid'!$Q$24
Comp5UnitTypes,Lease Grid,$Q$107:$Q$121,'Lease Grid'!$Q$107:$Q$121
Comp6ID,Sales Grid,$S$18,'Sales Grid'!$S$18
Comp6ImagesAnchor,Sales Grid,$FW$1189:$FZ$1207,'Sales Grid'!$FW$1189:$FZ$1207
Comp6LandImageAnchor,Land Grid,$CS$801:$CT$816,'Land Grid'!$CS$801:$CT$816
Comp6LeaseImageAnchor,Lease Grid,$FH$1741:$FM$1756,'Lease Grid'!$FH$1741:$FM$1756
Comp6Name,Sales Grid,$S$19,'Sales Grid'!$S$19
Comp6SaleImageAnchor,Sales Grid,$FY$1190:$FZ$1205,'Sales Grid'!$FY$1190:$FZ$1205
Comp6UnitPrice,Sales Grid,$S$32,'Sales Grid'!$S$32
Comp6Units,Sales Grid,$FW$1267:$FZ$1273,'Sales Grid'!$FW$1267:$FZ$1273
Comp6UnitTypes,Lease Grid,$S$107:$S$121,'Lease Grid'!$S$107:$S$121
Comp7ID,Sales Grid,$U$18,'Sales Grid'!$U$18
Comp7ImagesAnchor,Sales Grid,$FW$1294:$FZ$1312,'Sales Grid'!$FW$1294:$FZ$1312
Comp7LandImageAnchor,Land Grid,$CS$857:$CT$872,'Land Grid'!$CS$857:$CT$872
Comp7LeaseImageAnchor,Lease Grid,$FH$1868:$FM$1883,'Lease Grid'!$FH$1868:$FM$1883
Comp7Name,Sales Grid,$U$19,'Sales Grid'!$U$19
Comp7SaleImageAnchor,Sales Grid,$FY$1295:$FZ$1310,'Sales Grid'!$FY$1295:$FZ$1310
Comp7UnitPrice,Sales Grid,$U$32,'Sales Grid'!$U$32
Comp7Units,Sales Grid,$FW$1372:$FZ$1378,'Sales Grid'!$FW$1372:$FZ$1378
Comp7UnitTypes,Lease Grid,$U$107:$U$121,'Lease Grid'!$U$107:$U$121
Comp8ID,Sales Grid,$W$18,'Sales Grid'!$W$18
Comp8ImagesAnchor,Sales Grid,$FW$1399:$FZ$1417,'Sales Grid'!$FW$1399:$FZ$1417
Comp8LandImageAnchor,Land Grid,$CS$913:$CT$928,'Land Grid'!$CS$913:$CT$928
Comp8LeaseImageAnchor,Lease Grid,$FH$1995:$FM$2010,'Lease Grid'!$FH$1995:$FM$2010
Comp8Name,Sales Grid,$W$19,'Sales Grid'!$W$19
Comp8SaleImageAnchor,Sales Grid,$FY$1400:$FZ$1415,'Sales Grid'!$FY$1400:$FZ$1415
Comp8UnitPrice,Sales Grid,$W$32,'Sales Grid'!$W$32
Comp8Units,Sales Grid,$FW$1477:$FZ$1483,'Sales Grid'!$FW$1477:$FZ$1483
Comp8UnitTypes,Lease Grid,$W$107:$W$121,'Lease Grid'!$W$107:$W$121
Comp9ID,Sales Grid,$Y$18,'Sales Grid'!$Y$18
Comp9ImagesAnchor,Sales Grid,$FW$1504:$FZ$1522,'Sales Grid'!$FW$1504:$FZ$1522
Comp9LandImageAnchor,Land Grid,$CS$969:$CT$984,'Land Grid'!$CS$969:$CT$984
Comp9LeaseImageAnchor,Lease Grid,$FH$2122:$FM$2137,'Lease Grid'!$FH$2122:$FM$2137
Comp9Name,Sales Grid,$Y$19,'Sales Grid'!$Y$19
Comp9SaleImageAnchor,Sales Grid,$FY$1505:$FZ$1520,'Sales Grid'!$FY$1505:$FZ$1520
Comp9UnitPrice,Sales Grid,$Y$32,'Sales Grid'!$Y$32
Comp9Units,Sales Grid,$FW$1582:$FZ$1588,'Sales Grid'!$FW$1582:$FZ$1588
Comp9UnitTypes,Lease Grid,$Y$107:$Y$121,'Lease Grid'!$Y$107:$Y$121
CompFieldLabels,Sales Grid,$GE$669,'Sales Grid'!$GE$669
CompHeaders,Sales Grid,$A$1723:$AGF$1723,'Sales Grid'!$A$1723:$AGF$1723
CompHeadersAssessment,Assessment,$A$397:$RO$397,Assessment!$A$397:$RO$397
CompHeadersContacts,File Info,$B$562:$AM$562,'File Info'!$B$562:$AM$562
CompHeadersExpense,Expense Grid,$A$958:$QO$958,'Expense Grid'!$A$958:$QO$958
CompHeadersLand,Land Grid,$A$1084:$ADR$1084,'Land Grid'!$A$1084:$ADR$1084
CompHeadersLease,Lease Grid,$A$2461:$BCG$2461,'Lease Grid'!$A$2461:$BCG$2461
CompIDList,Sales Grid,$A$1723:$A$1728,'Sales Grid'!$A$1723:$A$1728
CompIDListAssessment,Assessment,$A$397:$A$398,Assessment!$A$397:$A$398
CompIDListContacts,File Info,$B$562:$B$563,'File Info'!$B$562:$B$563
CompIDListExpense,Expense Grid,$A$958:$A$959,'Expense Grid'!$A$958:$A$959
CompIDListLand,Land Grid,$A$1084:$A$1085,'Land Grid'!$A$1084:$A$1085
CompIDListLease,Lease Grid,$A$2461:$A$2462,'Lease Grid'!$A$2461:$A$2462
CompImageBlock,Sales Grid,$B$18,'Sales Grid'!$B$18
CompNameList,Sales Grid,$B$1724:$B$1728,'Sales Grid'!$B$1724:$B$1728
CompNameListContacts,File Info,$C$563,'File Info'!$C$563
CompsSelectedIDs,Sales Grid,$A$1724:$A$1728,'Sales Grid'!$A$1724:$A$1728
CompsSelectedIDsContacts,File Info,$B$563,'File Info'!$B$563
CompSummaryTableRowOptions,Sales Grid,$CA$465,'Sales Grid'!$CA$465
CompSummaryTableUnitPrice,Sales Grid,$CG$469:$CG$487,'Sales Grid'!$CG$469:$CG$487
CompsUsed,Sales Grid,$I$18:$AB$18,'Sales Grid'!$I$18:$AB$18
CompsWithHeader,Land Grid,$A$1084:$II$1084,'Land Grid'!$A$1084:$II$1084
CompTable,Sales Grid,$A$1723:$AGF$1728,'Sales Grid'!$A$1723:$AGF$1728
CompTableAnchor,Sales Grid,$A$1720,'Sales Grid'!$A$1720
CompTableAssessment,Assessment,$A$397:$RO$398,Assessment!$A$397:$RO$398
CompTableContacts,File Info,$B$562:$AK$563,'File Info'!$B$562:$AK$563
CompTableData,Sales Grid,$A$1724:$AGF$1728,'Sales Grid'!$A$1724:$AGF$1728
CompTableDataAssessment,Assessment,$A$398:$RO$398,Assessment!$A$398:$RO$398
CompTableDataContacts,File Info,$B$563:$AK$563,'File Info'!$B$563:$AK$563
CompTableDataExpense,Expense Grid,$A$959:$QO$959,'Expense Grid'!$A$959:$QO$959
CompTableDataHeaders,Sales Grid,$A$1723:$AGF$1723,'Sales Grid'!$A$1723:$AGF$1723
CompTableDataHeadersAssessment,Assessment,$A$397:$RG$397,Assessment!$A$397:$RG$397
CompTableDataHeadersContacts,File Info,$B$562:$CA$562,'File Info'!$B$562:$CA$562
CompTableDataHeadersExpense,Expense Grid,$A$958:$FR$958,'Expense Grid'!$A$958:$FR$958
CompTableDataHeadersLand,Land Grid,$A$1084:$HK$1084,'Land Grid'!$A$1084:$HK$1084
CompTableDataHeadersLease,Lease Grid,$A$2461:$IC$2461,'Lease Grid'!$A$2461:$IC$2461
CompTableDataLand,Land Grid,$A$1085:$ADR$1085,'Land Grid'!$A$1085:$ADR$1085
CompTableDataLease,Lease Grid,$A$2462:$BCG$2462,'Lease Grid'!$A$2462:$BCG$2462
CompTableExpense,Expense Grid,$A$958:$QO$959,'Expense Grid'!$A$958:$QO$959
CompTableLand,Land Grid,$A$1084:$ADR$1085,'Land Grid'!$A$1084:$ADR$1085
CompTableLease,Lease Grid,$A$2461:$BCG$2462,'Lease Grid'!$A$2461:$BCG$2462
ContactInfo,File Info,$C$240,'File Info'!$C$240
ContactsList,File Info,$A$563:$A$595,'File Info'!$A$563:$A$595
ContractRentCalc,Rent Roll,$W$13:$X$13,'Rent Roll'!$W$13:$X$13
Contracts_Analysis_of_Appraised_Values,"Contracts, History",$B$36,"'Contracts, History'!$B$36"
Contracts_ExportSubjectData,"Contracts, History",$K$39,"'Contracts, History'!$K$39"
Contracts_NavContractsHistory,"Contracts, History",$B$7,"'Contracts, History'!$B$7"
Contracts_NavHistory,"Contracts, History",$B$32,"'Contracts, History'!$B$32"
Contracts_SaleHistoryTable_Nav,"Contracts, History",$Z$88,"'Contracts, History'!$Z$88"
Contracts_SaleHistoryTable_Toggle,"Contracts, History",$Z$93,"'Contracts, History'!$Z$93"
ConvertRoomCountLookupsToN1Web,Lease Grid,$FD$1226,'Lease Grid'!$FD$1226
Cost_InsurableValueTable_Nav,Cost,$AF$234,Cost!$AF$234
Cost_NavCostSec1,Cost,$B$8,Cost!$B$8
Cost_NavCostSec2,Cost,$B$78,Cost!$B$78
Cost_NavCostSec3,Cost,$B$135,Cost!$B$135
Cost_NavCostSummary,Cost,$B$193,Cost!$B$193
Cost_ToggleCostSec1,Cost,$B$10,Cost!$B$10
CostSection3,Cost,$A$134,Cost!$A$134
CountryList,Property Types,$L$6:$L$243,'Property Types'!$L$6:$L$243
CrimeImport,Market Area,$BD$540:$BQ$543,'Market Area'!$BD$540:$BQ$543
currentYearMarketAnalysis,tblMarketDataInfo,$X$1,tblMarketDataInfo!$X$1
Custom_Nav,Custom Table,$B$9,'Custom Table'!$B$9
CustomColumnsShowHide,Custom Table,$G$12:$Q$12,'Custom Table'!$G$12:$Q$12
CustomRowsShowHide,Custom Table,$B$16:$B$49,'Custom Table'!$B$16:$B$49
CustomTable_Toggle,Custom Table,$B$12,'Custom Table'!$B$12
DailyRatePerUnitColumnAnchor,Summary,$DB$513,Summary!$DB$513
data_chtInvestorSurvey_01,Investor Survey Output,$BM$96,'Investor Survey Output'!$BM$96
data_chtInvestorSurvey_02,Investor Survey Output,$CL$156,'Investor Survey Output'!$CL$156
data_chtInvestorSurvey_03,Investor Survey Output,$DK$214,'Investor Survey Output'!$DK$214
data_InvestorSurvey_GetRangeMarket,Investor Survey Output,$T$38,'Investor Survey Output'!$T$38
data_InvestorSurvey_GetRangeSubType,Investor Survey Output,$U$38,'Investor Survey Output'!$U$38
data_InvestorSurvey_Sources,Investor Survey Output,$AB$37,'Investor Survey Output'!$AB$37
dataGreenStreet_topEmployers_AvailableSources,GreenStreet API,$CA$3:$CA$4,'GreenStreet API'!$CA$3:$CA$4
dataGreenStreet_topEmployers_AvailableSourcesUnique,GreenStreet API,CD3,_xlfn.ANCHORARRAY('GreenStreet API'!$CD$3)
dataGreenStreet_topEmployers_Sources,GreenStreet API,BY3,_xlfn.ANCHORARRAY('GreenStreet API'!$BY$3)
DataHeaders,Expense Grid,$B$958:$LY$958,'Expense Grid'!$B$958:$LY$958
dataInvestorSurvey_CBSA,tblInvestorSurvey,$F$14,tblInvestorSurvey!$F$14
dataInvestorSurvey_PropertyType,tblInvestorSurvey,$F$13,tblInvestorSurvey!$F$13
dataInvestorSurvey_set_PropertyType,tblInvestorSurvey,$F$18,tblInvestorSurvey!$F$18
DataLabelStyle,File Info,$I$59,'File Info'!$I$59
dataMajorEmployers_CBSA,Market Area,$I$160,'Market Area'!$I$160
dataMajorEmployers_DataSource,Market Area,$R$160,'Market Area'!$R$160
dataMajorEmployers_Market,Market Area,$G$160,'Market Area'!$G$160
dataMajorEmployers_ShowNumEmployees,Market Area,$O$160,'Market Area'!$O$160
dataMajorEmployers_ShowSourceDate,Market Area,$Z$160,'Market Area'!$Z$160
dataMajorEmployers_SourceDate,Market Area,$AF$160,'Market Area'!$AF$160
dataMajorEmployers_StartIndex,Market Area,$AG$160,'Market Area'!$AG$160
dataMarketSurvey_EndPeriod,tblInvestorSurvey,$F$16,tblInvestorSurvey!$F$16
dataMarketSurvey_Geographies,tblInvestorSurvey,$F$17,tblInvestorSurvey!$F$17
dataMarketSurvey_MarketListFilePath,MarketSurvey API,$F$15,'MarketSurvey API'!$F$15
dataMarketSurvey_MarketListSQL,MarketSurvey API,$F$16,'MarketSurvey API'!$F$16
dataMarketSurvey_PreviousKey,MarketSurvey API,$F$12,'MarketSurvey API'!$F$12
dataMarketSurvey_PropertyType,MarketSurvey API,$F$13,'MarketSurvey API'!$F$13
dataMarketSurvey_RoutineToRun,MarketSurvey API,$F$17,'MarketSurvey API'!$F$17
dataMarketSurvey_RoutineToRun2,MarketSurvey API,$F$18,'MarketSurvey API'!$F$18
dataMarketSurvey_set_EndPeriod,tblInvestorSurvey,$F$20,tblInvestorSurvey!$F$20
dataMarketSurvey_set_StartPeriod,tblInvestorSurvey,$F$19,tblInvestorSurvey!$F$19
dataMarketSurvey_StartPeriod,tblInvestorSurvey,$F$15,tblInvestorSurvey!$F$15
dataOpenAI_LLMContent,OpenAI API,$F$16,'OpenAI API'!$F$16
dataOpenAI_LLMInstructions,OpenAI API,$F$15,'OpenAI API'!$F$15
dataOpenAI_UsePropertyType,OpenAI API,$F$14,'OpenAI API'!$F$14
Dates_HypotheticalExtraordinary_Nav,"Dates, Premises",$W$72,"'Dates, Premises'!$W$72"
Dates_HypotheticalExtraordinary_Toggle,"Dates, Premises",$W$76,"'Dates, Premises'!$W$76"
DatesDisplayRowsShowHide,"Dates, Premises",$W$80:$W$93,"'Dates, Premises'!$W$80:$W$93"
DatesPremises_NavDatesPremises,"Dates, Premises",$B$7,"'Dates, Premises'!$B$7"
DatesPremises_NavPriorServices,"Dates, Premises",$B$58,"'Dates, Premises'!$B$58"
DatesPremises_ShowPremises_Toggle,"Dates, Premises",$B$18,"'Dates, Premises'!$B$18"
DBImportBookPage,"Contracts, History",$U$18,"'Contracts, History'!$U$18"
DBImportConditions,"Contracts, History",$U$23,"'Contracts, History'!$U$23"
DBImportDOM,"Contracts, History",$U$17,"'Contracts, History'!$U$17"
DBImportFinancing,"Contracts, History",$U$22,"'Contracts, History'!$U$22"
DBImportGrantee,"Contracts, History",$U$20,"'Contracts, History'!$U$20"
DBImportGrantor,"Contracts, History",$U$19,"'Contracts, History'!$U$19"
DBImportLegalDesc,"Contracts, History",$U$24,"'Contracts, History'!$U$24"
DBImportPrice,"Contracts, History",$U$15,"'Contracts, History'!$U$15"
DBImportPropertyRights,"Contracts, History",$U$21,"'Contracts, History'!$U$21"
DBImportSaleComments,"Contracts, History",$U$28,"'Contracts, History'!$U$28"
DBImportSaleDate,"Contracts, History",$U$16,"'Contracts, History'!$U$16"
DBImportSaleVerificationSource,"Contracts, History",$U$25,"'Contracts, History'!$U$25"
DCFColumnsShowHide,CashFlow-DCF,$G$13:$R$13,'CashFlow-DCF'!$G$13:$R$13
DCFEnd,CashFlow-DCF,$S$129,'CashFlow-DCF'!$S$129
DCFHeader,CashFlow-DCF,$E$15,'CashFlow-DCF'!$E$15
DCFImportStart,CashFlow-DCF,$E$16,'CashFlow-DCF'!$E$16
DCFRowsShowHide,CashFlow-DCF,$B$18:$B$197,'CashFlow-DCF'!$B$18:$B$197
DCFSubHeaderRows,CashFlow-DCF,$E$16:$R$17,'CashFlow-DCF'!$E$16:$R$17
DCProj1Premise1Value,DirectCapConclusion,$AF$58,DirectCapConclusion!$AF$58
DCProj1Premise2Value,DirectCapConclusion,$AF$45,DirectCapConclusion!$AF$45
DCProj1Premise3Value,DirectCapConclusion,$AF$32,DirectCapConclusion!$AF$32
DCProj2Premise1Value,DirectCapConclusion,$AG$58,DirectCapConclusion!$AG$58
DCProj2Premise2Value,DirectCapConclusion,$AG$45,DirectCapConclusion!$AG$45
DCProj2Premise3Value,DirectCapConclusion,$AG$32,DirectCapConclusion!$AG$32
DCProj3Premise1Value,DirectCapConclusion,$AH$58,DirectCapConclusion!$AH$58
DCProj3Premise2Value,DirectCapConclusion,$AH$45,DirectCapConclusion!$AH$45
DCProj3Premise3Value,DirectCapConclusion,$AH$32,DirectCapConclusion!$AH$32
DCProj4Premise1Value,DirectCapConclusion,$AI$58,DirectCapConclusion!$AI$58
DCProj4Premise2Value,DirectCapConclusion,$AI$45,DirectCapConclusion!$AI$45
DCProj4Premise3Value,DirectCapConclusion,$AI$32,DirectCapConclusion!$AI$32
DCProj5Premise1Value,DirectCapConclusion,$AJ$58,DirectCapConclusion!$AJ$58
DCProj5Premise2Value,DirectCapConclusion,$AJ$45,DirectCapConclusion!$AJ$45
DCProj5Premise3Value,DirectCapConclusion,$AJ$32,DirectCapConclusion!$AJ$32
DCProj6Premise1Value,DirectCapConclusion,$AK$58,DirectCapConclusion!$AK$58
DCProj6Premise2Value,DirectCapConclusion,$AK$45,DirectCapConclusion!$AK$45
DCProj6Premise3Value,DirectCapConclusion,$AK$32,DirectCapConclusion!$AK$32
Demographics_Import,Market Area,$AD$202,'Market Area'!$AD$202
Demographics_Nav,Market Area,$AD$199,'Market Area'!$AD$199
Demographics_Toggle,Market Area,$AD$206,'Market Area'!$AD$206
DemographicsColumnsShowHide,Market Area,$AR$205:$AX$205,'Market Area'!$AR$205:$AX$205
DirCapAdjustmentsShowHide,Capitalization and Multipliers,$C$114:$C$118,'Capitalization and Multipliers'!$C$114:$C$118
DirCapExpAmounts,Capitalization and Multipliers,$G$72:$G$108,'Capitalization and Multipliers'!$G$72:$G$108
DirCapInvestorToggle,Capitalization and Multipliers,$C$178,'Capitalization and Multipliers'!$C$178
DisplayCost1,Cost,$J$19:$J$22,Cost!$J$19:$J$22
DisplayCost1a,Cost,$J$29:$J$32,Cost!$J$29:$J$32
DisplayCost2,Cost,$J$89:$J$92,Cost!$J$89:$J$92
DisplayCost2a,Cost,$J$99:$J$102,Cost!$J$99:$J$102
DisplayCost3,Cost,$J$146:$J$149,Cost!$J$146:$J$149
DisplayCost3a,Cost,$J$156:$J$159,Cost!$J$156:$J$159
DisplayPriceIndicators,"Contracts, History",$G$43,"'Contracts, History'!$G$43"
DisplayValueForEmptyDBFields,Sales Grid,$FY$654,'Sales Grid'!$FY$654
DynamicSubjectData,Summary,$H$13:$H$51,Summary!$H$13:$H$51
EditableFields,DBManagerConfig,$A$12:$D$211,DBManagerConfig!$A$12:$D$211
EGIMLookupFormula,Capitalization and Multipliers,$H$296,'Capitalization and Multipliers'!$H$296
EGIMLookupID,Capitalization and Multipliers,$F$296,'Capitalization and Multipliers'!$F$296
EnglishUse,File Info,$C$482,'File Info'!$C$482
ESRIImport,Market Area,$CI$581:$DV$581,'Market Area'!$CI$581:$DV$581
ExecutiveBriefingStart,Submarket Analytics,$BI$560,'Submarket Analytics'!$BI$560
Exp_ShowNotes,Capitalization and Multipliers,$C$73,'Capitalization and Multipliers'!$C$73
ExpComp1,Expense Grid,$M$43:$O$78,'Expense Grid'!$M$43:$O$78
ExpComp10,Expense Grid,$AW$43:$AY$78,'Expense Grid'!$AW$43:$AY$78
ExpComp2,Expense Grid,$Q$43:$S$78,'Expense Grid'!$Q$43:$S$78
ExpComp3,Expense Grid,$U$43:$W$78,'Expense Grid'!$U$43:$W$78
ExpComp4,Expense Grid,$Y$43:$AA$78,'Expense Grid'!$Y$43:$AA$78
ExpComp5,Expense Grid,$AB$43:$AE$78,'Expense Grid'!$AB$43:$AE$78
ExpComp6,Expense Grid,$AG$43:$AI$78,'Expense Grid'!$AG$43:$AI$78
ExpComp7,Expense Grid,$AK$43:$AM$78,'Expense Grid'!$AK$43:$AM$78
ExpComp8,Expense Grid,$AO$43:$AQ$78,'Expense Grid'!$AO$43:$AQ$78
ExpComp9,Expense Grid,$AS$43:$AU$78,'Expense Grid'!$AS$43:$AU$78
ExpendituresAfterSale,Sales Grid,$F$38:$AB$38,'Sales Grid'!$F$38:$AB$38
Expense_CopyJobComps,Expense Grid,$G$30,'Expense Grid'!$G$30
ExpenseBreakout,Capitalization and Multipliers,$K$71:$K$113,'Capitalization and Multipliers'!$K$71:$K$113
ExpenseBreakoutHeader,Capitalization and Multipliers,$K$71,'Capitalization and Multipliers'!$K$71
ExpenseBudget,Income-Expense Summary,$AY$70:$BB$109,'Income-Expense Summary'!$AY$70:$BB$109
ExpenseCategoryAnalysis,Expense Grid,$BT$84:$BY$946,'Expense Grid'!$BT$84:$BY$946
ExpenseGrid_ArrangeComps,Expense Grid,$G$25,'Expense Grid'!$G$25
ExpenseGrid_CopyCompIDS,Expense Grid,$B$25,'Expense Grid'!$B$25
ExpenseGrid_ExportComps,Expense Grid,$F$947,'Expense Grid'!$F$947
ExpenseGrid_Maps,Expense Grid,$BB$23,'Expense Grid'!$BB$23
ExpenseGrid_NavAdvertising_Analysis,Expense Grid,$BP$188,'Expense Grid'!$BP$188
ExpenseGrid_NavBuildingRepairs_Exp_Analysis,Expense Grid,$BP$398,'Expense Grid'!$BP$398
ExpenseGrid_NavCam_Analysis,Expense Grid,$BP$476,'Expense Grid'!$BP$476
ExpenseGrid_NavCleaning_And_Janitorial_Analysis,Expense Grid,$BP$528,'Expense Grid'!$BP$528
ExpenseGrid_NavCompTable,Expense Grid,$A$947,'Expense Grid'!$A$947
ExpenseGrid_NavElectricExpense_Analysis,Expense Grid,$BP$214,'Expense Grid'!$BP$214
ExpenseGrid_NavFuel_Analysis,Expense Grid,$BP$319,'Expense Grid'!$BP$319
ExpenseGrid_NavGas_Analysis,Expense Grid,$BP$292,'Expense Grid'!$BP$292
ExpenseGrid_NavGeneral_and_Administrative_Analysis,Expense Grid,$BP$581,'Expense Grid'!$BP$581
ExpenseGrid_NavGroundRent_Expense_Analysis,Expense Grid,$BP$896,'Expense Grid'!$BP$896
ExpenseGrid_NavHealthBenefits_Expense_Analysis,Expense Grid,$BP$687,'Expense Grid'!$BP$687
ExpenseGrid_NavIncExpExport,Expense Grid,$B$20,'Expense Grid'!$B$20
ExpenseGrid_NavInsurance_Analysis,Expense Grid,$BP$110,'Expense Grid'!$BP$110
ExpenseGrid_NavLeasingCommissions_Expense_Analysis,Expense Grid,$BP$843,'Expense Grid'!$BP$843
ExpenseGrid_NavMaintSalaries_Exp_Analysis,Expense Grid,$BP$634,'Expense Grid'!$BP$634
ExpenseGrid_NavManagement_Analysis,Expense Grid,$BP$162,'Expense Grid'!$BP$162
ExpenseGrid_NavMGMTSalaries_Exp_Analysis,Expense Grid,$BP$608,'Expense Grid'!$BP$608
ExpenseGrid_NavMultiUseTable,Expense Grid,$B$18,'Expense Grid'!$B$18
ExpenseGrid_NavNonRevenue_Expense_Analysis,Expense Grid,$BP$791,'Expense Grid'!$BP$791
ExpenseGrid_NavOnSiteManagement_Analysis,Expense Grid,$BP$136,'Expense Grid'!$BP$136
ExpenseGrid_NavOther_Expense_Analysis,Expense Grid,$BP$817,'Expense Grid'!$BP$817
ExpenseGrid_NavOtherRepairs_Exp_Analysis,Expense Grid,$BP$424,'Expense Grid'!$BP$424
ExpenseGrid_NavOtherSalaries_Expense_Analysis,Expense Grid,$BP$661,'Expense Grid'!$BP$661
ExpenseGrid_NavPainting_and_Decorating_Analysis,Expense Grid,$BP$502,'Expense Grid'!$BP$502
ExpenseGrid_NavPayroll_Analysis,Expense Grid,$BP$713,'Expense Grid'!$BP$713
ExpenseGrid_NavPro_Services_Analysis,Expense Grid,$BP$555,'Expense Grid'!$BP$555
ExpenseGrid_NavRepairs_And_Maintenance_Analysis,Expense Grid,$BP$450,'Expense Grid'!$BP$450
ExpenseGrid_NavReserve_Expense_Analysis,Expense Grid,$BP$922,'Expense Grid'!$BP$922
ExpenseGrid_NavRoads_and_Grounds_Analysis,Expense Grid,$BP$765,'Expense Grid'!$BP$765
ExpenseGrid_NavSecurity_Analysis,Expense Grid,$BP$739,'Expense Grid'!$BP$739
ExpenseGrid_NavSewer_Analysis,Expense Grid,$BP$266,'Expense Grid'!$BP$266
ExpenseGrid_NavTaxAnalysis,Expense Grid,$BP$83,'Expense Grid'!$BP$83
ExpenseGrid_NavTenantImprovements_Expense_Analysis,Expense Grid,$BP$869,'Expense Grid'!$BP$869
ExpenseGrid_NavTotalUtilities_Analysis,Expense Grid,$BP$372,'Expense Grid'!$BP$372
ExpenseGrid_NavTrash_Analysis,Expense Grid,$BP$345,'Expense Grid'!$BP$345
ExpenseGrid_NavWater_Analysis,Expense Grid,$BP$240,'Expense Grid'!$BP$240
ExpenseGrid_SearchComps,Expense Grid,$G$23,'Expense Grid'!$G$23
ExpenseGrid_ShowHideMultiUseRows,Expense Grid,$B$31,'Expense Grid'!$B$31
ExpenseGrid_SyncDB,Expense Grid,$B$23,'Expense Grid'!$B$23
ExpenseGrid_ToggleCategoryRows,Expense Grid,$BP$87,'Expense Grid'!$BP$87
ExpenseHistoryAnnualized,Income-Expense Summary,$BK$70:$BO$109,'Income-Expense Summary'!$BK$70:$BO$109
ExpenseHistoryColsShowHide,Income-Expense Summary,$AU$68:$CE$68,'Income-Expense Summary'!$AU$68:$CE$68
ExpenseHistoryExpItems,Income-Expense Summary,$AT$70:$AT$109,'Income-Expense Summary'!$AT$70:$AT$109
ExpenseHistoryNotesShowHide,Income-Expense Summary,$AQ$109,'Income-Expense Summary'!$AQ$109
ExpenseHistoryShowHide,Income-Expense Summary,$AQ$72:$AQ$109,'Income-Expense Summary'!$AQ$72:$AQ$109
ExpenseHistoryYear1,Income-Expense Summary,$BP$70:$BS$109,'Income-Expense Summary'!$BP$70:$BS$109
ExpenseHistoryYear2,Income-Expense Summary,$BT$70:$BW$109,'Income-Expense Summary'!$BT$70:$BW$109
ExpenseHistoryYear3,Income-Expense Summary,$BX$70:$CA$109,'Income-Expense Summary'!$BX$70:$CA$109
ExpenseHistoryYear4,Income-Expense Summary,$CB$70:$CE$109,'Income-Expense Summary'!$CB$70:$CE$109
Expenses,Capitalization and Multipliers,$F$72:$F$108,'Capitalization and Multipliers'!$F$72:$F$108
ExportTransactionShowHide,"Contracts, History",$F$38:$F$84,"'Contracts, History'!$F$38:$F$84"
ExpReimbursement,Capitalization and Multipliers,$S$109,'Capitalization and Multipliers'!$S$109
ExtractedRatesLookupFormula,Capitalization and Multipliers,$H$156,'Capitalization and Multipliers'!$H$156
ExtractedRatesLookupID,Capitalization and Multipliers,$F$156,'Capitalization and Multipliers'!$F$156
ExtraordinaryAssumptionsShowHide,"Dates, Premises",$H$49:$H$55,"'Dates, Premises'!$H$49:$H$55"
Fields,DBManagerConfig,$A$12:$D$34,DBManagerConfig!$A$12:$D$34
File_InfoSubjectDatabaseID,File Info,$I$13,'File Info'!$I$13
FileInfo_Clients,File Info,$C$138,'File Info'!$C$138
FileInfo_DatabaseSetup,File Info,$C$13,'File Info'!$C$13
FileInfo_DataEntryLegend,File Info,$C$21,'File Info'!$C$21
FileInfo_English_Use,File Info,$C$482,'File Info'!$C$482
FileInfo_ExportSubjectData,File Info,$M$13,'File Info'!$M$13
FileInfo_FormatContent,File Info,$C$10,'File Info'!$C$10
FileInfo_GetSubjectData,File Info,$K$12,'File Info'!$K$12
FileInfo_Nav1,File Info,$C$7,'File Info'!$C$7
FileInfo_Registration,File Info,$C$15,'File Info'!$C$15
FileInfo_SelectClient1,File Info,$K$142,'File Info'!$K$142
FileInfo_SelectClient2,File Info,$K$194,'File Info'!$K$194
FileInfo_SelectFirstAppraiser,File Info,$K$277,'File Info'!$K$277
FileInfo_SelectFourthAppraiser,File Info,$K$438,'File Info'!$K$438
FileInfo_SelectPropertyContact,File Info,$K$240,'File Info'!$K$240
FileInfo_SelectSecondAppraiser,File Info,$K$350,'File Info'!$K$350
FileInfo_SelectThirdAppraiser,File Info,$K$394,'File Info'!$K$394
FileInfo_SetStyles,File Info,$I$64,'File Info'!$I$64
FileInfo_ShowFourthAppraiser,File Info,$M$434,'File Info'!$M$434
FileInfo_ShowHideAnalytics,File Info,$I$79,'File Info'!$I$79
FileInfo_ShowHideCostApproach,File Info,$I$69,'File Info'!$I$69
FileInfo_ShowHideDCF,File Info,$I$77,'File Info'!$I$77
FileInfo_ShowHideIncomeApproach,File Info,$I$75,'File Info'!$I$75
FileInfo_ShowHideSalesApproach,File Info,$I$71,'File Info'!$I$71
FileInfo_ShowHideSalesGrid,File Info,$I$73,'File Info'!$I$73
FileInfo_ShowThirdAppraiser,File Info,$M$390,'File Info'!$M$390
FileInfo_SignatureBlock_Nav,File Info,$AK$533,'File Info'!$AK$533
FileInfo_SignatureBlock_Toggle,File Info,$AK$536,'File Info'!$AK$536
FileInfo_TogglePropertyType,File Info,$K$100,'File Info'!$K$100
FileInfo_UpdateProjectStatus,File Info,$K$19,'File Info'!$K$19
FileInfoPropertyInspection_Nav,File Info,$R$497,'File Info'!$R$497
FIRREA_YN,File Info,$I$186,'File Info'!$I$186
FirstAppraiserSectionShowHide,File Info,$H$276:$H$316,'File Info'!$H$276:$H$316
FloorColumnAnchor,Rent Roll,$N$278,'Rent Roll'!$N$278
FoundationSectionShowHide,Improvements,$P$140:$P$159,Improvements!$P$140:$P$159
FreezePanesAnchor,Improvements,$AA$1,Improvements!$AA$1
GoogleMapImageSize,DBManagerConfig,$A$2:$A$2,DBManagerConfig!$A$2:$A$2
GridBody,Sales Grid,$G$32:$AB$109,'Sales Grid'!$G$32:$AB$109
HUDSubMenu,File Info,$U$144,'File Info'!$U$144
HypotheticalConditionsShowHide,"Dates, Premises",$H$38:$H$44,"'Dates, Premises'!$H$38:$H$44"
ImprovementDBColumnsShowHide,Improvements,$Y$18:$Z$18,Improvements!$Y$18:$Z$18
Improvements_AutoCreateCapsuleDescription,Improvements,$AB$19,Improvements!$AB$19
Improvements_GoToRentRoll,Improvements,$DC$493,Improvements!$DC$493
Improvements_MFLeaseAnalysis,Improvements,$DC$495,Improvements!$DC$495
Improvements_MutifamilySummary,Improvements,$CX$497,Improvements!$CX$497
Improvements_NavBldSummary,Improvements,$BZ$438,Improvements!$BZ$438
Improvements_NavBuildings,Improvements,$P$54,Improvements!$P$54
Improvements_NavFoundation,Improvements,$P$138,Improvements!$P$138
Improvements_NavInterior,Improvements,$P$162,Improvements!$P$162
Improvements_NavMechanical,Improvements,$P$176,Improvements!$P$176
Improvements_NavMFCounts,Improvements,$CW$465,Improvements!$CW$465
Improvements_NavSFResidential,Improvements,$P$193,Improvements!$P$193
Improvements_NavSummary,Improvements,$P$10,Improvements!$P$10
Improvements_NavUnitFeatures,Improvements,$ED$503,Improvements!$ED$503
Improvements_NoOfBuildingsSummary,Improvements,$AB$12,Improvements!$AB$12
Improvements_ShowDBColumnSummary,Improvements,$X$210,Improvements!$X$210
Improvements_ShowTotalsColumnSummary,Improvements,$P$15,Improvements!$P$15
Improvements_ToggleBldSummary,Improvements,$BZ$441,Improvements!$BZ$441
Improvements_ToggleMFCounts,Improvements,$DA$470,Improvements!$DA$470
Improvements_ToggleSummary,Improvements,$P$12,Improvements!$P$12
Improvements_ToggleUnitFeatures,Improvements,$ED$505,Improvements!$ED$505
Improvements_VertBuildingSummary_Nav,Improvements,$BG$215,Improvements!$BG$215
Improvements_VertBuildingSummary_Toggle,Improvements,$BG$219,Improvements!$BG$219
ImprovementTotalsColumnShowHide,Improvements,$AA$58,Improvements!$AA$58
IncExp_Subject_Data_Export_Nav,Income-Expense Summary,$DH$152,'Income-Expense Summary'!$DH$152
IncExpChartColsShowHide,Income-Expense Summary,$CM$118:$CU$118,'Income-Expense Summary'!$CM$118:$CU$118
IncExpFinancialPeriods,Income-Expense Summary,$DJ$160:$DJ$168,'Income-Expense Summary'!$DJ$160:$DJ$168
Income,Capitalization and Multipliers,$F$40:$F$59,'Capitalization and Multipliers'!$F$40:$F$59
IncomeExp_ClearSFUnitsSummay,Income-Expense Summary,$AL$25,'Income-Expense Summary'!$AL$25
IncomeExp_ExportSubjectData,Income-Expense Summary,$DH$160,'Income-Expense Summary'!$DH$160
IncomeExp_GoToExpenseGrid,Income-Expense Summary,$DH$156,'Income-Expense Summary'!$DH$156
IncomeExp_GoToExpSummary,Income-Expense Summary,$B$11,'Income-Expense Summary'!$B$11
IncomeExp_GoToExpSummary1,Income-Expense Summary,$DH$170,'Income-Expense Summary'!$DH$170
IncomeExp_GoToIncSummary1,Income-Expense Summary,$DH$154,'Income-Expense Summary'!$DH$154
IncomeExp_IncExp_Toggle,Income-Expense Summary,$AQ$65,'Income-Expense Summary'!$AQ$65
IncomeExp_NavExpSummary,Income-Expense Summary,$AQ$62,'Income-Expense Summary'!$AQ$62
IncomeExp_NavIncExpExport,Income-Expense Summary,$AQ$70,'Income-Expense Summary'!$AQ$70
IncomeExp_NavIncSummary,Income-Expense Summary,$B$8,'Income-Expense Summary'!$B$8
IncomeExp_ProjectionSummary,Income-Expense Summary,$E$10,'Income-Expense Summary'!$E$10
IncomeExp_RefSFUnitsSummary,Income-Expense Summary,$AL$26,'Income-Expense Summary'!$AL$26
IncomeExp_ShowNotes,Income-Expense Summary,$AC$2,'Income-Expense Summary'!$AC$2
IncomeExp_ToggleSummary,Income-Expense Summary,$B$26,'Income-Expense Summary'!$B$26
IncomeExpenseChart_Nav,Income-Expense Summary,$CJ$115,'Income-Expense Summary'!$CJ$115
IncomeHistoryColsShowHide,Income-Expense Summary,$F$25:$AG$25,'Income-Expense Summary'!$F$25:$AG$25
IncomeHistoryNotesShowHide,Income-Expense Summary,$B$58,'Income-Expense Summary'!$B$58
IncomeHistoryShowHide,Income-Expense Summary,$B$29:$B$48,'Income-Expense Summary'!$B$29:$B$48
IncomeHistoryYear1,Income-Expense Summary,$V$27:$X$49,'Income-Expense Summary'!$V$27:$X$49
IncomeRowsShowHide,Income-Expense Summary,$B$29:$B$57,'Income-Expense Summary'!$B$29:$B$57
IncomeWorksheetsList,Income-Expense Summary,$E$13:$E$24,'Income-Expense Summary'!$E$13:$E$24
InputRentRoll_Detail,Rent Roll Input,$C$8:$AS$2508,'Rent Roll Input'!$C$8:$AS$2508
InputRentRoll_MappedHeaders,Rent Roll Input,$C$5:$AS$5,'Rent Roll Input'!$C$5:$AS$5
InputSource,T-12 Input,$G$2,'T-12 Input'!$G$2
InsightStart,Market Analytics,$BQ$560:$CA$560,'Market Analytics'!$BQ$560:$CA$560
InsurableValueShowHide,Values,$E$63:$E$65,Values!$E$63:$E$65
IntAppraisedRange,Lists,$EW$2:$EW$18,Lists!$EW$2:$EW$18
InteriorSectionShowHide,Improvements,$P$164:$P$173,Improvements!$P$164:$P$173
Investor,MarketSurvey API,$CS$5:$CS$9,'MarketSurvey API'!$CS$5:$CS$9
InvestorSurveyShowHide,Capitalization and Multipliers,$F$179:$F$186,'Capitalization and Multipliers'!$F$179:$F$186
InvoiceSectionShowHide,File Info,$H$31:$H$47,'File Info'!$H$31:$H$47
LandAdjustDollarPercent,Land Grid,$F$47:$F$94,'Land Grid'!$F$47:$F$94
LandGrid_AdjGridDatabase,Land Grid,$F$13,'Land Grid'!$F$13
LandGrid_ArrangeComps,Land Grid,$H$13,'Land Grid'!$H$13
LandGrid_ClearCompImages,Land Grid,$CW$520,'Land Grid'!$CW$520
LandGrid_Comp_Rank_Nav,Land Grid,$AJ$156,'Land Grid'!$AJ$156
LandGrid_Comp_Rank_Toggle,Land Grid,$AJ$159,'Land Grid'!$AJ$159
LandGrid_Comp10InsertImages,Land Grid,$CT$1021,'Land Grid'!$CT$1021
LandGrid_Comp1InsertImages,Land Grid,$CQ$505,'Land Grid'!$CQ$505
LandGrid_Comp1InsertSingleImages,Land Grid,$CS$505,'Land Grid'!$CS$505
LandGrid_Comp2InsertImages,Land Grid,$CT$573,'Land Grid'!$CT$573
LandGrid_Comp3InsertImages,Land Grid,$CT$629,'Land Grid'!$CT$629
LandGrid_Comp4InsertImages,Land Grid,$CT$685,'Land Grid'!$CT$685
LandGrid_Comp5InsertImages,Land Grid,$CT$741,'Land Grid'!$CT$741
LandGrid_Comp6InsertImages,Land Grid,$CT$797,'Land Grid'!$CT$797
LandGrid_Comp7InsertImages,Land Grid,$CT$853,'Land Grid'!$CT$853
LandGrid_Comp8InsertImages,Land Grid,$CT$909,'Land Grid'!$CT$909
LandGrid_Comp9InsertImages,Land Grid,$CT$965,'Land Grid'!$CT$965
LandGrid_CompsSyncDB,Land Grid,$CS$514,'Land Grid'!$CS$514
LandGrid_CopyCompIDs,Land Grid,$X$13,'Land Grid'!$X$13
LandGrid_CopyJobComps,Land Grid,$H$16,'Land Grid'!$H$16
LandGrid_ExportComps,Land Grid,$G$1074,'Land Grid'!$G$1074
LandGrid_FormatGrid,Land Grid,$K$13,'Land Grid'!$K$13
LandGrid_HideLabels,Land Grid,$CS$512,'Land Grid'!$CS$512
LandGrid_Maps,Land Grid,$AA$13,'Land Grid'!$AA$13
LandGrid_NavAdjGrid,Land Grid,$B$8,'Land Grid'!$B$8
LandGrid_NavAdjGridValues,Land Grid,$B$104,'Land Grid'!$B$104
LandGrid_NavComp1,Land Grid,$CQ$517,'Land Grid'!$CQ$517
LandGrid_NavComp10,Land Grid,$CQ$1021,'Land Grid'!$CQ$1021
LandGrid_NavComp2,Land Grid,$CQ$573,'Land Grid'!$CQ$573
LandGrid_NavComp3,Land Grid,$CQ$629,'Land Grid'!$CQ$629
LandGrid_NavComp4,Land Grid,$CQ$685,'Land Grid'!$CQ$685
LandGrid_NavComp5,Land Grid,$CQ$741,'Land Grid'!$CQ$741
LandGrid_NavComp6,Land Grid,$CQ$797,'Land Grid'!$CQ$797
LandGrid_NavComp7,Land Grid,$CQ$853,'Land Grid'!$CQ$853
LandGrid_NavComp8,Land Grid,$CQ$909,'Land Grid'!$CQ$909
LandGrid_NavComp9,Land Grid,$CQ$965,'Land Grid'!$CQ$965
LandGrid_NavCompTable,Land Grid,$A$1074,'Land Grid'!$A$1074
LandGrid_NavSummaryTable,Land Grid,$BU$459,'Land Grid'!$BU$459
LandGrid_NetGrossDisplay,Land Grid,$B$95,'Land Grid'!$B$95
LandGrid_QuantQual,Land Grid,$C$46,'Land Grid'!$C$46
LandGrid_ShowHideCompSections,Land Grid,$CR$517,'Land Grid'!$CR$517
LandGrid_ShowHideExtraAdjustmentRows,Land Grid,$B$56,'Land Grid'!$B$56
LandGrid_ShowHideMarketTrends,Land Grid,$B$41,'Land Grid'!$B$41
LandGrid_ShowHidePriceAdj,Land Grid,$B$27,'Land Grid'!$B$27
LandGrid_ShowHideThumbnails,Land Grid,$U$13,'Land Grid'!$U$13
LandGrid_SyncDB,Land Grid,$R$13,'Land Grid'!$R$13
LandGrid_ToggleSummaryTable,Land Grid,$BU$462,'Land Grid'!$BU$462
LandGridAdjustmentSection_Toggle,Land Grid,$B$112,'Land Grid'!$B$112
LandGridAdjustmentsShowHide,Land Grid,$E$47:$E$94,'Land Grid'!$E$47:$E$94
LandGridAutoAdjSentences_Nav,Land Grid,$BF$183,'Land Grid'!$BF$183
LandGridPremise,Land Grid,$G$102,'Land Grid'!$G$102
LandGridRankRowShowHide,Land Grid,$AW$162:$AW$172,'Land Grid'!$AW$162:$AW$172
LandGridReconciledUnitValue,Land Grid,$F$110:$M$112,'Land Grid'!$F$110:$M$112
LandGridRelianceMethodology,Land Valuation,$CD$221,'Land Valuation'!$CD$221
LandGridSubjectPriceDisplay,Land Grid,$CK$460,'Land Grid'!$CK$460
LandQualQuantShowHide,Land Grid,$D$47:$D$94,'Land Grid'!$D$47:$D$94
LandSalesSummaryTableRowsShowHide,Land Grid,$BV$468:$BV$498,'Land Grid'!$BV$468:$BV$498
LandSalesSummaryTableShowHide,Land Grid,$BU$464:$CK$464,'Land Grid'!$BU$464:$CK$464
LandSubsequentTrends,Land Grid,$B$43:$B$44,'Land Grid'!$B$43:$B$44
LandSummaryTableColumnsShowHide,Site,$CY$299:$DO$299,Site!$CY$299:$DO$299
LandSummaryTableRowsShowHide,Site,$CS$304:$CS$326,Site!$CS$304:$CS$326
LandTable,Site,$AC$20:$AV$131,Site!$AC$20:$AV$131
LandValueAdjustmentSection,Land Grid,$C$113:$C$126,'Land Grid'!$C$113:$C$126
lastRun_GreenStreet,GreenStreet API,$B$5,'GreenStreet API'!$B$5
lastRun_InvestorSurvey,tblInvestorSurvey,$B$5,tblInvestorSurvey!$B$5
lastRun_MarketSurvey,MarketSurvey API,$B$5,'MarketSurvey API'!$B$5
lastRun_OpenAI,OpenAI API,$B$5,'OpenAI API'!$B$5
Lease_NavAdjGrid,Lease Grid,$B$8,'Lease Grid'!$B$8
Lease_NavAdjGridToInv,Lease Grid,$B$39,'Lease Grid'!$B$39
Lease_NavAdjGridToMF,Lease Grid,$B$41,'Lease Grid'!$B$41
Lease_NavAdjGridValues,Lease Grid,$B$125,'Lease Grid'!$B$125
LeaseAdjustDollarPercent,Lease Grid,$F$53:$F$100,'Lease Grid'!$F$53:$F$100
LeaseAdjustedPriceNetGross,Lease Grid,$F$102:$F$103,'Lease Grid'!$F$102:$F$103
LeaseComp10ChosenTenant,Lease Grid,$AA$19,'Lease Grid'!$AA$19
LeaseComp10CommercialTenants,Lease Grid,$FC$2311:$FC$2340,'Lease Grid'!$FC$2311:$FC$2340
LeaseComp1ChosenTenant,Lease Grid,$I$19,'Lease Grid'!$I$19
LeaseComp1CommercialTenants,Lease Grid,$FC$1168:$FC$1197,'Lease Grid'!$FC$1168:$FC$1197
LeaseComp2ChosenTenant,Lease Grid,$K$19,'Lease Grid'!$K$19
LeaseComp2CommercialTenants,Lease Grid,$FC$1295:$FC$1324,'Lease Grid'!$FC$1295:$FC$1324
LeaseComp3ChosenTenant,Lease Grid,$M$19,'Lease Grid'!$M$19
LeaseComp3CommercialTenants,Lease Grid,$FC$1422:$FC$1451,'Lease Grid'!$FC$1422:$FC$1451
LeaseComp4ChosenTenant,Lease Grid,$O$19,'Lease Grid'!$O$19
LeaseComp4CommercialTenants,Lease Grid,$FC$1549:$FC$1578,'Lease Grid'!$FC$1549:$FC$1578
LeaseComp5ChosenTenant,Lease Grid,$Q$19,'Lease Grid'!$Q$19
LeaseComp5CommercialTenants,Lease Grid,$FC$1676:$FC$1705,'Lease Grid'!$FC$1676:$FC$1705
LeaseComp6ChosenTenant,Lease Grid,$S$19,'Lease Grid'!$S$19
LeaseComp6CommercialTenants,Lease Grid,$FC$1803:$FC$1832,'Lease Grid'!$FC$1803:$FC$1832
LeaseComp7ChosenTenant,Lease Grid,$U$19,'Lease Grid'!$U$19
LeaseComp7CommercialTenants,Lease Grid,$FC$1930:$FC$1959,'Lease Grid'!$FC$1930:$FC$1959
LeaseComp8ChosenTenant,Lease Grid,$W$19,'Lease Grid'!$W$19
LeaseComp8CommercialTenants,Lease Grid,$FC$2057:$FC$2086,'Lease Grid'!$FC$2057:$FC$2086
LeaseComp9ChosenTenant,Lease Grid,$Y$19,'Lease Grid'!$Y$19
LeaseComp9CommercialTenants,Lease Grid,$FC$2184:$FC$2213,'Lease Grid'!$FC$2184:$FC$2213
LeaseCompHeader,Lease Grid,$FG$1089,'Lease Grid'!$FG$1089
LeaseDateColumnAnchor,Rent Roll,$U$50,'Rent Roll'!$U$50
LeaseDateEndColumnAnchor,Rent Roll,$V$50,'Rent Roll'!$V$50
LeaseGrid_ArrangeComps,Lease Grid,$H$13,'Lease Grid'!$H$13
LeaseGrid_ClearImages,Lease Grid,$FP$1105,'Lease Grid'!$FP$1105
LeaseGrid_Comp_Rank_Nav,Lease Grid,$AJ$163,'Lease Grid'!$AJ$163
LeaseGrid_Comp_Rank_Toggle,Lease Grid,$AJ$166,'Lease Grid'!$AJ$166
LeaseGrid_Comp10InsertImages,Lease Grid,$FL$2245,'Lease Grid'!$FL$2245
LeaseGrid_Comp1InsertImages,Lease Grid,$FD$1086,'Lease Grid'!$FD$1086
LeaseGrid_Comp2InsertImages,Lease Grid,$FL$1229,'Lease Grid'!$FL$1229
LeaseGrid_Comp3InsertImages,Lease Grid,$FL$1356,'Lease Grid'!$FL$1356
LeaseGrid_Comp4InsertImages,Lease Grid,$FL$1483,'Lease Grid'!$FL$1483
LeaseGrid_Comp5InsertImages,Lease Grid,$FL$1610,'Lease Grid'!$FL$1610
LeaseGrid_Comp6InsertImages,Lease Grid,$FL$1737,'Lease Grid'!$FL$1737
LeaseGrid_Comp7InsertImages,Lease Grid,$FL$1864,'Lease Grid'!$FL$1864
LeaseGrid_Comp8InsertImages,Lease Grid,$FL$1991,'Lease Grid'!$FL$1991
LeaseGrid_Comp9InsertImages,Lease Grid,$FL$2118,'Lease Grid'!$FL$2118
LeaseGrid_CompsDatabase,Lease Grid,$F$13,'Lease Grid'!$F$13
LeaseGrid_CompSheetsSyncDB,Lease Grid,$FH$1099,'Lease Grid'!$FH$1099
LeaseGrid_ConfigureMForComm,Lease Grid,$B$22,'Lease Grid'!$B$22
LeaseGrid_CopyCompIDs,Lease Grid,$X$13,'Lease Grid'!$X$13
LeaseGrid_CopyJobComps,Lease Grid,$H$16,'Lease Grid'!$H$16
LeaseGrid_FormatCurrency,Lease Grid,$B$34,'Lease Grid'!$B$34
LeaseGrid_FormatGrid,Lease Grid,$K$13,'Lease Grid'!$K$13
LeaseGrid_HideLabels,Lease Grid,$FH$1095,'Lease Grid'!$FH$1095
LeaseGrid_LeasesUnitTypesToggle,Lease Grid,$FH$1097,'Lease Grid'!$FH$1097
LeaseGrid_Maps,Lease Grid,$AA$13,'Lease Grid'!$AA$13
LeaseGrid_MFHUDForm_Nav,Lease Grid,$GA$2374,'Lease Grid'!$GA$2374
LeaseGrid_MFLeaseSyncDB,Lease Grid,$DF$667,'Lease Grid'!$DF$667
LeaseGrid_MFTable_Toggle,Lease Grid,$DI$667,'Lease Grid'!$DI$667
LeaseGrid_NavComp1,Lease Grid,$FD$1102,'Lease Grid'!$FD$1102
LeaseGrid_NavComp10,Lease Grid,$FD$2245,'Lease Grid'!$FD$2245
LeaseGrid_NavComp2,Lease Grid,$FD$1229,'Lease Grid'!$FD$1229
LeaseGrid_NavComp3,Lease Grid,$FD$1356,'Lease Grid'!$FD$1356
LeaseGrid_NavComp4,Lease Grid,$FD$1483,'Lease Grid'!$FD$1483
LeaseGrid_NavComp5,Lease Grid,$FD$1610,'Lease Grid'!$FD$1610
LeaseGrid_NavComp6,Lease Grid,$FD$1737,'Lease Grid'!$FD$1737
LeaseGrid_NavComp7,Lease Grid,$FD$1864,'Lease Grid'!$FD$1864
LeaseGrid_NavComp8,Lease Grid,$FD$1991,'Lease Grid'!$FD$1991
LeaseGrid_NavComp9,Lease Grid,$FD$2118,'Lease Grid'!$FD$2118
LeaseGrid_NavCompTable,Lease Grid,$A$2449,'Lease Grid'!$A$2449
LeaseGrid_NavLeaseTable,Lease Grid,$BV$466,'Lease Grid'!$BV$466
LeaseGrid_NavMFTable,Lease Grid,$DF$664,'Lease Grid'!$DF$664
LeaseGrid_NavMFUtilitiesPaidByOwner,Lease Grid,$CU$643,'Lease Grid'!$CU$643
LeaseGrid_NavUnitFeaturesCompare,Lease Grid,$ED$984,'Lease Grid'!$ED$984
LeaseGrid_NetGrossDisplay,Lease Grid,$B$101,'Lease Grid'!$B$101
LeaseGrid_QuantQual,Lease Grid,$C$52,'Lease Grid'!$C$52
LeaseGrid_ShowHideSections,Lease Grid,$FF$1102,'Lease Grid'!$FF$1102
LeaseGrid_ShowHideThumbnails,Lease Grid,$R$13,'Lease Grid'!$R$13
LeaseGrid_ShowHideUnitFeaturesProjectAmenities,Lease Grid,$ED$987,'Lease Grid'!$ED$987
LeaseGrid_SingleImageInsert,Lease Grid,$FI$1086,'Lease Grid'!$FI$1086
LeaseGrid_SyncDB,Lease Grid,$U$13,'Lease Grid'!$U$13
LeaseGrid_ToggleLeaseTable,Lease Grid,$BV$469,'Lease Grid'!$BV$469
LeaseGridAdjustmentsShowHide,Lease Grid,$E$53:$E$100,'Lease Grid'!$E$53:$E$100
LeaseGridAutoAdjSentences_Nav,Lease Grid,$BF$185,'Lease Grid'!$BF$185
LeaseGridExtraAdjustmentRows,Lease Grid,$B$77:$B$100,'Lease Grid'!$B$77:$B$100
LeaseGridMFComparisonSectionShowHide,Lease Grid,$DH$666:$DH$982,'Lease Grid'!$DH$666:$DH$982
LeaseGridRangesAndReconciledValues,Lease Grid,$F$125:$M$131,'Lease Grid'!$F$125:$M$131
LeaseGridRankRowShowHide,Lease Grid,$AW$169:$AW$179,'Lease Grid'!$AW$169:$AW$179
LeaseGridShowHideMFComparisonSection,Lease Grid,$DZ$664,'Lease Grid'!$DZ$664
LeasePriceNetGross,Lease Grid,$F$104:$F$105,'Lease Grid'!$F$104:$F$105
LeaseProfileEnd,CashFlow-Assumptions,$H$52,'CashFlow-Assumptions'!$H$52
LeaseProfileStart,CashFlow-Assumptions,$E$35,'CashFlow-Assumptions'!$E$35
LeaseQualQuantShowHide,Lease Grid,$D$53:$D$100,'Lease Grid'!$D$53:$D$100
LeaseSummary_ClearData,Summary,$AK$365,Summary!$AK$365
LeaseSummary_ClearUnitLeaseData,Summary,$CJ$513,Summary!$CJ$513
LeaseSummary_Lodging_Hospitality_Nav,Summary,$DT$645,Summary!$DT$645
LeaseSummary_Nav,Summary,$AK$355,Summary!$AK$355
LeaseSummary_Senior_Housing_Nav,Summary,$DI$624,Summary!$DI$624
LeaseSummary_SubjectImport,Summary,$AK$362,Summary!$AK$362
LeaseSummary_Toggle,Summary,$AK$358,Summary!$AK$358
LeaseSummary_Unit_Lease_Nav,Summary,$CJ$481,Summary!$CJ$481
LeaseSummary_Unit_Lease_Toggle,Summary,$CJ$484,Summary!$CJ$484
LeaseSummary_UnitLeaseSubjectImport,Summary,$CJ$487,Summary!$CJ$487
LeaseSummaryTableRowsShowHide,Lease Grid,$BV$472:$BV$635,'Lease Grid'!$BV$472:$BV$635
LeaseSummaryTableShowHide,Lease Grid,$BX$472:$CN$472,'Lease Grid'!$BX$472:$CN$472
LeaseSummaryTenantNameColumnAnchor,Lease Grid,$CA$475,'Lease Grid'!$CA$475
LeaseTermColumnAnchor,Rent Roll,$W$50,'Rent Roll'!$W$50
LeaseTypeColumnAnchor,Rent Roll,$X$50,'Rent Roll'!$X$50
LeaseTypeForCompSheetCommentsLookup,Lease Grid,$FC$1226,'Lease Grid'!$FC$1226
LeaseUFPAColumnsShowHide,Lease Grid,$EI$985:$ER$985,'Lease Grid'!$EI$985:$ER$985
LeaseUFPARowsShowHide,Lease Grid,$ED$990:$ED$1075,'Lease Grid'!$ED$990:$ED$1075
LeaseUnadjustedRent,Lease Grid,$I$43:$AB$43,'Lease Grid'!$I$43:$AB$43
LIST_AdjustmentstoValue,Improvements,$GG$801:$GG$807,Improvements!$GG$801:$GG$807
LIST_BankRates_Dates,_xlfn.ANCHORARRAY(tblInvestorSurvey,FJ3,_xlfn.ANCHORARRAY(tblInvestorSurvey!$FJ$3)
LIST_BankRates_PropType,_xlfn.ANCHORARRAY(tblInvestorSurvey,FH3,_xlfn.ANCHORARRAY(tblInvestorSurvey!$FH$3)
list_cleanSubtypeUnique,PartnerLists,ABR2,"PartnerLists!$ABR$2:INDEX(PartnerLists!$ABR$2:$ABR$159,COUNTA(PartnerLists!$ABR$2:$ABR$159))"
list_cleanSubtypeUnique,:INDEX(PartnerLists,ABR2:ABR159,"PartnerLists!$ABR$2:INDEX(PartnerLists!$ABR$2:$ABR$159,COUNTA(PartnerLists!$ABR$2:$ABR$159))"
list_cleanSubtypeUnique,",COUNTA(PartnerLists",ABR2:ABR159,"PartnerLists!$ABR$2:INDEX(PartnerLists!$ABR$2:$ABR$159,COUNTA(PartnerLists!$ABR$2:$ABR$159))"
List_COA_Code,ProForma,$E$21:$E$601,ProForma!$E$21:$E$601
List_HotelReportScope,Lists,$EY$2:$EY$3,Lists!$EY$2:$EY$3
list_IECompPVA_PropertySubtypeClean,Income Approach Setup,M25,"INDEX(tblIECompPVA_PropertyType_Subtype[cleanedPropertySubtype],'Income Approach Setup'!$M$25):INDEX(tblIECompPVA_PropertyType_Subtype[cleanedPropertySubtype],'Income Approach Setup'!$N$25)"
list_IECompPVA_PropertySubtypeClean,Income Approach Setup,N25,"INDEX(tblIECompPVA_PropertyType_Subtype[cleanedPropertySubtype],'Income Approach Setup'!$M$25):INDEX(tblIECompPVA_PropertyType_Subtype[cleanedPropertySubtype],'Income Approach Setup'!$N$25)"
List_InvestorSurvey_SubTypes,Investor Survey Output,AD52,_xlfn.ANCHORARRAY('Investor Survey Output'!$AD$52)
LIST_InvestorSurveyYears,tblInvestorSurvey,$FE$3:$FE$146,tblInvestorSurvey!$FE$3:$FE$146
LIST_Lenders,_xlfn.ANCHORARRAY(tblInvestorSurvey,FL3,_xlfn.ANCHORARRAY(tblInvestorSurvey!$FL$3)
LIST_MarketAnalysisSlice,Market Analysis - Flex,U8,_xlfn.ANCHORARRAY('Market Analysis - Flex'!$U$8)
LIST_MarketSurvey_Confidentiality,MarketSurvey API,$CU$4:$CU$7,'MarketSurvey API'!$CU$4:$CU$7
LIST_MarketSurvey_PropTypes,MarketSurvey API,CQ3,_xlfn.ANCHORARRAY('MarketSurvey API'!$CQ$3)
LIST_MarketSurvey_Roles,MarketSurvey API,$CS$4:$CS$10,'MarketSurvey API'!$CS$4:$CS$10
LIST_MarketSurvey_SubMarkets,MarketSurvey API,CO3,_xlfn.ANCHORARRAY('MarketSurvey API'!$CO$3)
LIST_MarketSurvey_Units,MarketSurvey API,CW3,_xlfn.ANCHORARRAY('MarketSurvey API'!$CW$3)
LIST_OPS_COA,PartnerLists,GS2,"PartnerLists!$GS$2:INDEX(PartnerLists!$GS$2:$GS$165,COUNTIFS(PartnerLists!$GS$2:$GS$165,""?*""))"
LIST_OPS_COA,:INDEX(PartnerLists,GS2:GS165,"PartnerLists!$GS$2:INDEX(PartnerLists!$GS$2:$GS$165,COUNTIFS(PartnerLists!$GS$2:$GS$165,""?*""))"
LIST_OPS_COA,",COUNTIFS(PartnerLists",GS2:GS165,"PartnerLists!$GS$2:INDEX(PartnerLists!$GS$2:$GS$165,COUNTIFS(PartnerLists!$GS$2:$GS$165,""?*""))"
LIST_OPS_COA_ALL,_xlfn.ANCHORARRAY(PartnerLists,GX2,_xlfn.ANCHORARRAY(PartnerLists!$GX$2)
LIST_OPS_COA_Fuzzymatch,_xlfn.ANCHORARRAY(PartnerLists,IY2,_xlfn.ANCHORARRAY(PartnerLists!$IY$2)
LIST_OPS_COA_SHORTCODE,PartnerLists,GW2,"PartnerLists!$GW$2:INDEX(PartnerLists!$GW$2:$GW$165,COUNTIFS(PartnerLists!$GW$2:$GW$165,""?*""))"
LIST_OPS_COA_SHORTCODE,:INDEX(PartnerLists,GW2:GW165,"PartnerLists!$GW$2:INDEX(PartnerLists!$GW$2:$GW$165,COUNTIFS(PartnerLists!$GW$2:$GW$165,""?*""))"
LIST_OPS_COA_SHORTCODE,",COUNTIFS(PartnerLists",GW2:GW165,"PartnerLists!$GW$2:INDEX(PartnerLists!$GW$2:$GW$165,COUNTIFS(PartnerLists!$GW$2:$GW$165,""?*""))"
LIST_OPS_Sources,_xlfn.ANCHORARRAY(PartnerLists,HY2,_xlfn.ANCHORARRAY(PartnerLists!$HY$2)
LIST_OPS_Sources_Expenses,_xlfn.ANCHORARRAY(PartnerLists,HZ2,_xlfn.ANCHORARRAY(PartnerLists!$HZ$2)
LIST_OPS_Sources_Projections,PartnerLists,$IA$2:$IA$7,PartnerLists!$IA$2:$IA$7
LIST_OPS_Statements,PartnerLists,$HK$2:$HK$6,PartnerLists!$HK$2:$HK$6
LIST_OPS_TrailingExpenseSources,PartnerLists,$HL$2:$HL$4,PartnerLists!$HL$2:$HL$4
LIST_premises,"Dates, Premises",$F$23:$F$32,"'Dates, Premises'!$F$23:$F$32"
LIST_ProjectionUOM_Expense,_xlfn.ANCHORARRAY(PartnerLists,IM2,_xlfn.ANCHORARRAY(PartnerLists!$IM$2)
LIST_ProjectionUOM_Income,_xlfn.ANCHORARRAY(PartnerLists,IB2,_xlfn.ANCHORARRAY(PartnerLists!$IB$2)
LIST_pvaLODG_ChainScale,PartnerLists,$ABV$2:$ABV$7,PartnerLists!$ABV$2:$ABV$7
LIST_pvaLODG_PropertyType,PartnerLists,$ABU$2:$ABU$21,PartnerLists!$ABU$2:$ABU$21
LIST_RentRoll_Headers,PartnerLists,HE2,"PartnerLists!$HE$2:INDEX(PartnerLists!$HE$2:$HE$29,COUNTIFS(PartnerLists!$HE$2:$HE$29,""?*""))"
LIST_RentRoll_Headers,:INDEX(PartnerLists,HE2:HE29,"PartnerLists!$HE$2:INDEX(PartnerLists!$HE$2:$HE$29,COUNTIFS(PartnerLists!$HE$2:$HE$29,""?*""))"
LIST_RentRoll_Headers,",COUNTIFS(PartnerLists",HE2:HE29,"PartnerLists!$HE$2:INDEX(PartnerLists!$HE$2:$HE$29,COUNTIFS(PartnerLists!$HE$2:$HE$29,""?*""))"
LIST_RentRoll_OccupancyType,Revenue Unit Setup,$AC$4:$AC$8,'Revenue Unit Setup'!$AC$4:$AC$8
LIST_RentRoll_SH_UnitType,Rent Roll Input,A8,"INDEX(#REF!,MATCH(INDEX(InputRentRoll_Detail,ROW()-ROW('Rent Roll Input'!A$8)+1,MATCH(""Care Type"",InputRentRoll_MappedHeaders,0)),#REF!,0)):INDEX(#REF!,MATCH(INDEX(InputRentRoll_Detail,ROW()-ROW('Rent Roll Input'!A$8)+1,MATCH(""Care Type"",InputRentRoll_MappedHeaders,0)),#REF!,0)+COUNTIF(#REF!,INDEX(InputRentRoll_Detail,ROW()-ROW('Rent Roll Input'!A$8)+1,MATCH(""Care Type"",InputRentRoll_MappedHeaders,0)))-1)"
LIST_RentRoll_SH_UnitType,Rent Roll Input,A8,"INDEX(#REF!,MATCH(INDEX(InputRentRoll_Detail,ROW()-ROW('Rent Roll Input'!A$8)+1,MATCH(""Care Type"",InputRentRoll_MappedHeaders,0)),#REF!,0)):INDEX(#REF!,MATCH(INDEX(InputRentRoll_Detail,ROW()-ROW('Rent Roll Input'!A$8)+1,MATCH(""Care Type"",InputRentRoll_MappedHeaders,0)),#REF!,0)+COUNTIF(#REF!,INDEX(InputRentRoll_Detail,ROW()-ROW('Rent Roll Input'!A$8)+1,MATCH(""Care Type"",InputRentRoll_MappedHeaders,0)))-1)"
LIST_RentRoll_SH_UnitType,Rent Roll Input,A8,"INDEX(#REF!,MATCH(INDEX(InputRentRoll_Detail,ROW()-ROW('Rent Roll Input'!A$8)+1,MATCH(""Care Type"",InputRentRoll_MappedHeaders,0)),#REF!,0)):INDEX(#REF!,MATCH(INDEX(InputRentRoll_Detail,ROW()-ROW('Rent Roll Input'!A$8)+1,MATCH(""Care Type"",InputRentRoll_MappedHeaders,0)),#REF!,0)+COUNTIF(#REF!,INDEX(InputRentRoll_Detail,ROW()-ROW('Rent Roll Input'!A$8)+1,MATCH(""Care Type"",InputRentRoll_MappedHeaders,0)))-1)"
LIST_RentRoll_Variable,Rent Roll Input,A5,"CHOOSE(MATCH('Rent Roll Input'!A$5,{""Pad Type"",""Pad Ownership"",""Occupancy Type"",""Care Type"",""Unit Type""},0),LIST_RentRoll_PadType,LIST_RentRoll_PadOwnership,LIST_RentRoll_OccupancyType,LIST_RentRoll_CareTypeAbbrev,IF(pvaPropertyTypeKey=""Senior Housing|All"",LIST_RentRoll_SH_UnitType,IF(pvaPropertyTypeKey=""Self-Storage|All"",LIST_RentRoll_SS_UnitType,""Undefined"")))"
LIST_Strengths,_xlfn.ANCHORARRAY(INDEX(PartnerLists,TJ2:UC2,"_xlfn.ANCHORARRAY(INDEX(PartnerLists!$TJ$2:$UC$2,MATCH(Summary!XFD1,_xlfn.ANCHORARRAY(PartnerLists!$TJ$1),0)))"
LIST_Strengths,",MATCH(Summary",XFD1,"_xlfn.ANCHORARRAY(INDEX(PartnerLists!$TJ$2:$UC$2,MATCH(Summary!XFD1,_xlfn.ANCHORARRAY(PartnerLists!$TJ$1),0)))"
LIST_Strengths,",_xlfn.ANCHORARRAY(PartnerLists",TJ1,"_xlfn.ANCHORARRAY(INDEX(PartnerLists!$TJ$2:$UC$2,MATCH(Summary!XFD1,_xlfn.ANCHORARRAY(PartnerLists!$TJ$1),0)))"
LIST_Strengths_Categories,_xlfn.ANCHORARRAY(PartnerLists,TJ1,_xlfn.ANCHORARRAY(PartnerLists!$TJ$1)
List_TransportationType,Lists,$EZ$2:$EZ$9,Lists!$EZ$2:$EZ$9
LIST_Weaknesses,_xlfn.ANCHORARRAY(INDEX(PartnerLists,UF2:UY2,"_xlfn.ANCHORARRAY(INDEX(PartnerLists!$UF$2:$UY$2,MATCH(Summary!XFD1,_xlfn.ANCHORARRAY(PartnerLists!$UF$1),0)))"
LIST_Weaknesses,",MATCH(Summary",XFD1,"_xlfn.ANCHORARRAY(INDEX(PartnerLists!$UF$2:$UY$2,MATCH(Summary!XFD1,_xlfn.ANCHORARRAY(PartnerLists!$UF$1),0)))"
LIST_Weaknesses,",_xlfn.ANCHORARRAY(PartnerLists",UF1,"_xlfn.ANCHORARRAY(INDEX(PartnerLists!$UF$2:$UY$2,MATCH(Summary!XFD1,_xlfn.ANCHORARRAY(PartnerLists!$UF$1),0)))"
LIST_Weaknesses_Categories,_xlfn.ANCHORARRAY(PartnerLists,UF1,_xlfn.ANCHORARRAY(PartnerLists!$UF$1)
LIST_WF_Units,PartnerLists,$ACL$2:$ACL$30,PartnerLists!$ACL$2:$ACL$30
LIST_WF_ValuationInterest,PartnerLists,$ACJ$2:$ACJ$13,PartnerLists!$ACJ$2:$ACJ$13
LIST_WF_ValuationPremise,PartnerLists,$ACF$2:$ACF$17,PartnerLists!$ACF$2:$ACF$17
LIST_WF_ValuationType,PartnerLists,$ACH$2:$ACH$14,PartnerLists!$ACH$2:$ACH$14
List1,Lists,$B$2:$B$21,Lists!$B$2:$B$21
List10,Lists,$K$2:$K$21,Lists!$K$2:$K$21
List100,Lists,$CW$2:$CW$21,Lists!$CW$2:$CW$21
List101,Lists,$CX$2:$CX$21,Lists!$CX$2:$CX$21
List102,Lists,$CY$2:$CY$21,Lists!$CY$2:$CY$21
List103,Lists,$CZ$2:$CZ$21,Lists!$CZ$2:$CZ$21
List104,Lists,$DA$2:$DA$21,Lists!$DA$2:$DA$21
List105,Lists,$DB$2:$DB$21,Lists!$DB$2:$DB$21
List106,Lists,$DC$2:$DC$21,Lists!$DC$2:$DC$21
List107,Lists,$DD$2:$DD$21,Lists!$DD$2:$DD$21
List108,Lists,$DE$2:$DE$21,Lists!$DE$2:$DE$21
List109,Lists,$DF$2:$DF$21,Lists!$DF$2:$DF$21
List11,Lists,$L$2:$L$21,Lists!$L$2:$L$21
List110,Lists,$DG$2:$DG$21,Lists!$DG$2:$DG$21
List111,Lists,$DH$2:$DH$21,Lists!$DH$2:$DH$21
List112,Lists,$DI$2:$DI$21,Lists!$DI$2:$DI$21
List113,Lists,$DJ$2:$DJ$21,Lists!$DJ$2:$DJ$21
List114,Lists,$DK$2:$DK$21,Lists!$DK$2:$DK$21
List115,Lists,$DL$2:$DL$21,Lists!$DL$2:$DL$21
List116,Lists,$DM$2:$DM$8,Lists!$DM$2:$DM$8
List117,Lists,$DN$2:$DN$21,Lists!$DN$2:$DN$21
List118,Lists,$DO$2:$DO$21,Lists!$DO$2:$DO$21
List119,Lists,$DP$2:$DP$21,Lists!$DP$2:$DP$21
List12,Lists,$M$2:$M$21,Lists!$M$2:$M$21
List120,Lists,$DQ$2:$DQ$21,Lists!$DQ$2:$DQ$21
List121,Lists,$DR$2:$DR$21,Lists!$DR$2:$DR$21
List122,Lists,$DS$2:$DS$21,Lists!$DS$2:$DS$21
List123,Lists,$DT$2:$DT$21,Lists!$DT$2:$DT$21
List124,Lists,$DU$2:$DU$21,Lists!$DU$2:$DU$21
List125,Lists,$DV$2:$DV$21,Lists!$DV$2:$DV$21
List126,Lists,$DW$2:$DW$21,Lists!$DW$2:$DW$21
List127,Lists,$DX$2:$DX$21,Lists!$DX$2:$DX$21
List128,Lists,$DY$2:$DY$21,Lists!$DY$2:$DY$21
List129,Lists,$DZ$2:$DZ$21,Lists!$DZ$2:$DZ$21
List13,Lists,$N$2:$N$21,Lists!$N$2:$N$21
List130,Lists,$EA$2:$EA$21,Lists!$EA$2:$EA$21
List131,Lists,$EB$2:$EB$21,Lists!$EB$2:$EB$21
List132,Lists,$EC$2:$EC$21,Lists!$EC$2:$EC$21
List133,Lists,$ED$2:$ED$21,Lists!$ED$2:$ED$21
List134,Lists,$EE$2:$EE$21,Lists!$EE$2:$EE$21
List135,Lists,$EF$2:$EF$21,Lists!$EF$2:$EF$21
List136,Lists,$EG$2:$EG$21,Lists!$EG$2:$EG$21
List137,Lists,$EH$2:$EH$21,Lists!$EH$2:$EH$21
List138,Lists,$EI$2:$EI$21,Lists!$EI$2:$EI$21
List139,Lists,$EJ$2:$EJ$21,Lists!$EJ$2:$EJ$21
List14,Lists,$O$2:$O$21,Lists!$O$2:$O$21
List140,Lists,$EK$2:$EK$21,Lists!$EK$2:$EK$21
List141,Lists,$EL$2:$EL$21,Lists!$EL$2:$EL$21
List142,Lists,$EM$2:$EM$21,Lists!$EM$2:$EM$21
List143,Lists,$EN$2:$EN$21,Lists!$EN$2:$EN$21
List144,Lists,$EO$2:$EO$21,Lists!$EO$2:$EO$21
List145,Lists,$EP$2:$EP$21,Lists!$EP$2:$EP$21
List146,Lists,$EQ$2:$EQ$21,Lists!$EQ$2:$EQ$21
List147,Lists,$ER$2:$ER$21,Lists!$ER$2:$ER$21
List148,Lists,$ES$2:$ES$21,Lists!$ES$2:$ES$21
List149,Lists,$ET$2:$ET$21,Lists!$ET$2:$ET$21
List15,Lists,$P$2:$P$21,Lists!$P$2:$P$21
List150,Lists,$EU$2:$EU$21,Lists!$EU$2:$EU$21
List16,Lists,$Q$2:$Q$21,Lists!$Q$2:$Q$21
List17,Lists,$R$2:$R$21,Lists!$R$2:$R$21
List18,Lists,$S$2:$S$21,Lists!$S$2:$S$21
List19,Lists,$T$2:$T$21,Lists!$T$2:$T$21
List2,Lists,$C$2:$C$21,Lists!$C$2:$C$21
List20,Lists,$U$2:$U$21,Lists!$U$2:$U$21
List21,Lists,$V$2:$V$21,Lists!$V$2:$V$21
List22,Lists,$W$2:$W$21,Lists!$W$2:$W$21
List23,Lists,$X$2:$X$21,Lists!$X$2:$X$21
List24,Lists,$Y$2:$Y$21,Lists!$Y$2:$Y$21
List25,Lists,$Z$2:$Z$21,Lists!$Z$2:$Z$21
List26,Lists,$AA$2:$AA$21,Lists!$AA$2:$AA$21
List27,Lists,$AB$2:$AB$21,Lists!$AB$2:$AB$21
List28,Lists,$AC$2:$AC$21,Lists!$AC$2:$AC$21
List29,Lists,$AD$2:$AD$21,Lists!$AD$2:$AD$21
List3,Lists,$D$2:$D$21,Lists!$D$2:$D$21
List30,Lists,$AE$2:$AE$21,Lists!$AE$2:$AE$21
List31,Lists,$AF$2:$AF$21,Lists!$AF$2:$AF$21
List32,Lists,$AG$2:$AG$21,Lists!$AG$2:$AG$21
List33,Lists,$AH$2:$AH$21,Lists!$AH$2:$AH$21
List34,Lists,$AI$2:$AI$21,Lists!$AI$2:$AI$21
List35,Lists,$AJ$2:$AJ$21,Lists!$AJ$2:$AJ$21
List36,Lists,$AK$2:$AK$21,Lists!$AK$2:$AK$21
List37,Lists,$AL$2:$AL$21,Lists!$AL$2:$AL$21
List38,Lists,$AM$2:$AM$21,Lists!$AM$2:$AM$21
List39,Lists,$AN$2:$AN$21,Lists!$AN$2:$AN$21
List4,Lists,$E$2:$E$21,Lists!$E$2:$E$21
List40,Lists,$AO$2:$AO$21,Lists!$AO$2:$AO$21
List41,Lists,$AP$2:$AP$21,Lists!$AP$2:$AP$21
List42,Lists,$AQ$2:$AQ$21,Lists!$AQ$2:$AQ$21
List43,Lists,$AR$2:$AR$21,Lists!$AR$2:$AR$21
List44,Lists,$AS$2:$AS$21,Lists!$AS$2:$AS$21
List45,Lists,$AT$2:$AT$21,Lists!$AT$2:$AT$21
List46,Lists,$AU$2:$AU$21,Lists!$AU$2:$AU$21
List47,Lists,$AV$2:$AV$21,Lists!$AV$2:$AV$21
List48,Lists,$AW$2:$AW$21,Lists!$AW$2:$AW$21
List49,Lists,$AX$2:$AX$21,Lists!$AX$2:$AX$21
List5,Lists,$F$2:$F$21,Lists!$F$2:$F$21
List50,Lists,$AY$2:$AY$21,Lists!$AY$2:$AY$21
List51,Lists,$AZ$2:$AZ$21,Lists!$AZ$2:$AZ$21
List52,Lists,$BA$2:$BA$21,Lists!$BA$2:$BA$21
List53,Lists,$BB$2:$BB$21,Lists!$BB$2:$BB$21
List54,Lists,$BC$2:$BC$21,Lists!$BC$2:$BC$21
List55,Lists,$BD$2:$BD$21,Lists!$BD$2:$BD$21
List56,Lists,$BE$2:$BE$21,Lists!$BE$2:$BE$21
List57,Lists,$BF$2:$BF$21,Lists!$BF$2:$BF$21
List58,Lists,$BG$2:$BG$21,Lists!$BG$2:$BG$21
List59,Lists,$BH$2:$BH$21,Lists!$BH$2:$BH$21
List6,Lists,$G$2:$G$21,Lists!$G$2:$G$21
List60,Lists,$BI$2:$BI$21,Lists!$BI$2:$BI$21
List61,Lists,$BJ$2:$BJ$21,Lists!$BJ$2:$BJ$21
List62,Lists,$BK$2:$BK$21,Lists!$BK$2:$BK$21
List63,Lists,$BL$2:$BL$21,Lists!$BL$2:$BL$21
List64,Lists,$BM$2:$BM$21,Lists!$BM$2:$BM$21
List65,Lists,$BN$2:$BN$21,Lists!$BN$2:$BN$21
List66,Lists,$BO$2:$BO$21,Lists!$BO$2:$BO$21
List67,Lists,$BP$2:$BP$21,Lists!$BP$2:$BP$21
List68,Lists,$BQ$2:$BQ$21,Lists!$BQ$2:$BQ$21
List69,Lists,$BR$2:$BR$21,Lists!$BR$2:$BR$21
List7,Lists,$H$2:$H$21,Lists!$H$2:$H$21
List70,Lists,$BS$2:$BS$21,Lists!$BS$2:$BS$21
List71,Lists,$BT$2:$BT$21,Lists!$BT$2:$BT$21
List72,Lists,$BU$2:$BU$21,Lists!$BU$2:$BU$21
List73,Lists,$BV$2:$BV$21,Lists!$BV$2:$BV$21
List74,Lists,$BW$2:$BW$21,Lists!$BW$2:$BW$21
List75,Lists,$BX$2:$BX$21,Lists!$BX$2:$BX$21
List76,Lists,$BY$2:$BY$21,Lists!$BY$2:$BY$21
List77,Lists,$BZ$2:$BZ$21,Lists!$BZ$2:$BZ$21
List78,Lists,$CA$2:$CA$21,Lists!$CA$2:$CA$21
List79,Lists,$CB$2:$CB$21,Lists!$CB$2:$CB$21
List8,Lists,$I$2:$I$21,Lists!$I$2:$I$21
List80,Lists,$CC$2:$CC$21,Lists!$CC$2:$CC$21
List81,Lists,$CD$2:$CD$21,Lists!$CD$2:$CD$21
List82,Lists,$CE$2:$CE$21,Lists!$CE$2:$CE$21
List83,Lists,$CF$2:$CF$21,Lists!$CF$2:$CF$21
List84,Lists,$CG$2:$CG$21,Lists!$CG$2:$CG$21
List85,Lists,$CH$2:$CH$21,Lists!$CH$2:$CH$21
List86,Lists,$CI$2:$CI$21,Lists!$CI$2:$CI$21
List87,Lists,$CJ$2:$CJ$21,Lists!$CJ$2:$CJ$21
List88,Lists,$CK$2:$CK$21,Lists!$CK$2:$CK$21
List89,Lists,$CL$2:$CL$21,Lists!$CL$2:$CL$21
List9,Lists,$J$2:$J$21,Lists!$J$2:$J$21
List90,Lists,$CM$2:$CM$21,Lists!$CM$2:$CM$21
List91,Lists,$CN$2:$CN$21,Lists!$CN$2:$CN$21
List92,Lists,$CO$2:$CO$21,Lists!$CO$2:$CO$21
List93,Lists,$CP$2:$CP$21,Lists!$CP$2:$CP$21
List94,Lists,$CQ$2:$CQ$21,Lists!$CQ$2:$CQ$21
List95,Lists,$CR$2:$CR$21,Lists!$CR$2:$CR$21
List96,Lists,$CS$2:$CS$21,Lists!$CS$2:$CS$21
List97,Lists,$CT$2:$CT$21,Lists!$CT$2:$CT$21
List98,Lists,$CU$2:$CU$21,Lists!$CU$2:$CU$21
List99,Lists,$CV$2:$CV$21,Lists!$CV$2:$CV$21
ListHeaders,Lists,$A$2:$A$151,Lists!$A$2:$A$151
ListsUpdateTimeStamp,DBManagerConfig,$A$1:$A$1,DBManagerConfig!$A$1:$A$1
MajorTenantsShowHide,Rent Roll,$GC$628:$GC$637,'Rent Roll'!$GC$628:$GC$637
MapMarkerColor,PartnerLists,$BX$2:$BX$10,PartnerLists!$BX$2:$BX$10
MapMarkerLabel,PartnerLists,$BY$2:$BY$36,PartnerLists!$BY$2:$BY$36
MapMarkerSize,PartnerLists,$BW$2:$BW$4,PartnerLists!$BW$2:$BW$4
MapType,PartnerLists,$BU$2:$BU$5,PartnerLists!$BU$2:$BU$5
MapZoom,PartnerLists,$BV$2:$BV$16,PartnerLists!$BV$2:$BV$16
MarketAnalyticsColumnsShowHide,Market Analytics,$AJ$23:$BJ$23,'Market Analytics'!$AJ$23:$BJ$23
MarketAnalyticsRowsShowHide,Market Analytics,$B$28:$B$512,'Market Analytics'!$B$28:$B$512
MarketAnalyticsSubHeaderRow,Market Analytics,$F$27:$BJ$27,'Market Analytics'!$F$27:$BJ$27
MarketAnalyticsUnformatted,Market Analytics,$F$27:$AH$178,'Market Analytics'!$F$27:$AH$178
MarketArea_CrimeData_Nav,Market Area,$BB$534,'Market Area'!$BB$534
MarketArea_CrimeData_Toggle,Market Area,$BB$537,'Market Area'!$BB$537
MarketArea_ESRI_Import,Market Area,$BZ$582,'Market Area'!$BZ$582
MarketArea_ESRI_Nav,Market Area,$BZ$579,'Market Area'!$BZ$579
MarketArea_NavMarketAnalysis,Market Area,$B$8,'Market Area'!$B$8
MarketArea_Toggle,Market Area,$B$11,'Market Area'!$B$11
MarketAreaTables,Market Area,$E$11:$X$173,'Market Area'!$E$11:$X$173
MarketClassAnalyticsYear,Market Analytics,$AI$223:$AI$512,'Market Analytics'!$AI$223:$AI$512
MarketClassCutStart,Market Analytics,$F$222:$AH$222,'Market Analytics'!$F$222:$AH$222
MarketClassCutUnformatted,Market Analytics,$F$222:$AH$512,'Market Analytics'!$F$222:$AH$512
MarketRentbySpaceTypeShowHide,Rent Roll,$DM$319:$DM$338,'Rent Roll'!$DM$319:$DM$338
MarketRentbyUnitTypeShowHide,Rent Roll,$DM$344:$DM$363,'Rent Roll'!$DM$344:$DM$363
MarketRentColumnAnchor,Rent Roll,$AD$278,'Rent Roll'!$AD$278
MarketTrendsHeader,Market Analytics,$AI$25:$BJ$25,'Market Analytics'!$AI$25:$BJ$25
MechanicalSystemsSectionShowHide,Improvements,$P$178:$P$190,Improvements!$P$178:$P$190
MethodSectionShowHide,Scope,$G$69:$G$99,Scope!$G$69:$G$99
MetricsSummary,CashFlow-Returns,$E$32:$F$32,'CashFlow-Returns'!$E$32:$F$32
Mexico,Property Types,$G$102:$G$133,'Property Types'!$G$102:$G$133
MFAmenitiesSectionShowHide,Improvements,$ED$506:$ED$741,Improvements!$ED$506:$ED$741
MFInventoryBathroomsColumnAnchor,Improvements,$DH$474,Improvements!$DH$474
MFInventoryBedroomsColumnAnchor,Improvements,$DG$474,Improvements!$DG$474
MFInventoryDescriptionColumnAnchor,Improvements,$DC$474,Improvements!$DC$474
MFInventoryNoUnitsColumnAnchor,Improvements,$DD$474,Improvements!$DD$474
MFInventoryRentPerMoColumnAnchor,Improvements,$DJ$474,Improvements!$DJ$474
MFInventoryRentPerMoFromDBColumnAnchor,Improvements,$DN$474,Improvements!$DN$474
MFInventoryRentPerSFColumnAnchor,Improvements,$DI$474,Improvements!$DI$474
MFInventoryRmCountColumnAnchor,Improvements,$DK$474,Improvements!$DK$474
MFInventoryRoomsColumnAnchor,Improvements,$DF$474,Improvements!$DF$474
MFInventorySectionShowHide,Improvements,$DB$467:$DB$496,Improvements!$DB$467:$DB$496
MFInventorySFColumnAnchor,Improvements,$DE$474,Improvements!$DE$474
MFLeaseGridShowHide,Lease Grid,$C$38:$C$42,'Lease Grid'!$C$38:$C$42
MFLeaseRentRoll,Rent Roll,$M$279:$AA$304,'Rent Roll'!$M$279:$AA$304
MFMarketRent1,Lease Grid,$DV$699,'Lease Grid'!$DV$699
MFMarketRent10,Lease Grid,$DV$879,'Lease Grid'!$DV$879
MFMarketRent11,Lease Grid,$DV$899,'Lease Grid'!$DV$899
MFMarketRent12,Lease Grid,$DV$919,'Lease Grid'!$DV$919
MFMarketRent13,Lease Grid,$DV$939,'Lease Grid'!$DV$939
MFMarketRent14,Lease Grid,$DV$959,'Lease Grid'!$DV$959
MFMarketRent15,Lease Grid,$DV$978,'Lease Grid'!$DV$978
MFMarketRent2,Lease Grid,$DV$719,'Lease Grid'!$DV$719
MFMarketRent3,Lease Grid,$DV$739,'Lease Grid'!$DV$739
MFMarketRent4,Lease Grid,$DV$759,'Lease Grid'!$DV$759
MFMarketRent5,Lease Grid,$DV$779,'Lease Grid'!$DV$779
MFMarketRent6,Lease Grid,$DV$799,'Lease Grid'!$DV$799
MFMarketRent7,Lease Grid,$DV$819,'Lease Grid'!$DV$819
MFMarketRent8,Lease Grid,$DV$839,'Lease Grid'!$DV$839
MFMarketRent9,Lease Grid,$DV$859,'Lease Grid'!$DV$859
MFUtilitiesCableSatellite,Lease Grid,$CY$655,'Lease Grid'!$CY$655
MFUtilitiesElectric,Lease Grid,$CY$650,'Lease Grid'!$CY$650
MFUtilitiesGas,Lease Grid,$CY$653,'Lease Grid'!$CY$653
MFUtilitiesHeat,Lease Grid,$CY$654,'Lease Grid'!$CY$654
MFUtilitiesHotWater,Lease Grid,$CY$652,'Lease Grid'!$CY$652
MFUtilitiesInternet,Lease Grid,$CY$656,'Lease Grid'!$CY$656
MFUtilitiesOther,Lease Grid,$CY$657,'Lease Grid'!$CY$657
MFUtilitiesSewer,Lease Grid,$CY$649,'Lease Grid'!$CY$649
MFUtilitiesTrash,Lease Grid,$CY$651,'Lease Grid'!$CY$651
MFUtilitiesWater,Lease Grid,$CY$648,'Lease Grid'!$CY$648
MHCMostProbableBuyerDD,PartnerLists,$VD$2:$VD$3,PartnerLists!$VD$2:$VD$3
MixedOffice,File Info,$S$102:$S$112,'File Info'!$S$102:$S$112
MixedRetail,File Info,$S$114:$S$128,'File Info'!$S$114:$S$128
MonthlyContractRentColumnAnchor,Rent Roll,$Y$50,'Rent Roll'!$Y$50
MostProbableBuyerDD,"IF(pvaIsJobMHC,PartnerLists",VD2:VD3,"IF(pvaIsJobMHC,PartnerLists!$VD$2:$VD$3,PartnerLists!$VD$4:$VD$9)"
MostProbableBuyerDD,",PartnerLists",VD4:VD9,"IF(pvaIsJobMHC,PartnerLists!$VD$2:$VD$3,PartnerLists!$VD$4:$VD$9)"
MultifamilyAmenities,Improvements,$ET$739,Improvements!$ET$739
MultifamilyDataCompLease1,Lease Grid,$FD$1200:$FM$1216,'Lease Grid'!$FD$1200:$FM$1216
MultifamilyDataCompLease10,Lease Grid,$FD$2343:$FM$2359,'Lease Grid'!$FD$2343:$FM$2359
MultifamilyDataCompLease2,Lease Grid,$FD$1327:$FM$1343,'Lease Grid'!$FD$1327:$FM$1343
MultifamilyDataCompLease3,Lease Grid,$FD$1454:$FM$1470,'Lease Grid'!$FD$1454:$FM$1470
MultifamilyDataCompLease4,Lease Grid,$FD$1581:$FM$1597,'Lease Grid'!$FD$1581:$FM$1597
MultifamilyDataCompLease5,Lease Grid,$FD$1708:$FM$1724,'Lease Grid'!$FD$1708:$FM$1724
MultifamilyDataCompLease6,Lease Grid,$FD$1835:$FM$1851,'Lease Grid'!$FD$1835:$FM$1851
MultifamilyDataCompLease7,Lease Grid,$FD$1962:$FM$1978,'Lease Grid'!$FD$1962:$FM$1978
MultifamilyDataCompLease8,Lease Grid,$FD$2089:$FM$2105,'Lease Grid'!$FD$2089:$FM$2105
MultifamilyDataCompLease9,Lease Grid,$FD$2216:$FM$2232,'Lease Grid'!$FD$2216:$FM$2232
MultifamilyInventory,Improvements,$DC$473:$DL$490,Improvements!$DC$473:$DL$490
MultifamilyInventoryHeader,Improvements,$DC$474:$DL$474,Improvements!$DC$474:$DL$474
MultifamilyInventoryRowsShowHide,Improvements,$DC$475:$DC$489,Improvements!$DC$475:$DC$489
MultifamilyRowsShowHide,Improvements,$W$209:$W$295,Improvements!$W$209:$W$295
MultifamilyUnitCounts,Improvements,$DB$464,Improvements!$DB$464
MultiUseTableColumnsShowHide,Sales Grid,$CX$505:$EV$505,'Sales Grid'!$CX$505:$EV$505
MultiUseTableRowsShowHide,Sales Grid,$CV$508:$CV$558,'Sales Grid'!$CV$508:$CV$558
N1_Assessment_FFETax_Total,Assessment,$G$36,Assessment!$G$36
N1_AssessmentParcel10FFETax,Assessment,$S$36,Assessment!$S$36
N1_AssessmentParcel11FFETax,Assessment,$T$36,Assessment!$T$36
N1_AssessmentParcel12FFETax,Assessment,$U$36,Assessment!$U$36
N1_AssessmentParcel13FFETax,Assessment,$V$36,Assessment!$V$36
N1_AssessmentParcel14FFETax,Assessment,$W$36,Assessment!$W$36
N1_AssessmentParcel15FFETax,Assessment,$X$36,Assessment!$X$36
N1_AssessmentParcel16FFETax,Assessment,$Y$36,Assessment!$Y$36
N1_AssessmentParcel17FFETax,Assessment,$Z$36,Assessment!$Z$36
N1_AssessmentParcel18FFETax,Assessment,$AA$36,Assessment!$AA$36
N1_AssessmentParcel19FFETax,Assessment,$AB$36,Assessment!$AB$36
N1_AssessmentParcel1FFETax,Assessment,$J$36,Assessment!$J$36
N1_AssessmentParcel20FFETax,Assessment,$AC$36,Assessment!$AC$36
N1_AssessmentParcel2FFETax,Assessment,$K$36,Assessment!$K$36
N1_AssessmentParcel3FFETax,Assessment,$L$36,Assessment!$L$36
N1_AssessmentParcel4FFETax,Assessment,$M$36,Assessment!$M$36
N1_AssessmentParcel5FFETax,Assessment,$N$36,Assessment!$N$36
N1_AssessmentParcel6FFETax,Assessment,$O$36,Assessment!$O$36
N1_AssessmentParcel7FFETax,Assessment,$P$36,Assessment!$P$36
N1_AssessmentParcel8FFETax,Assessment,$Q$36,Assessment!$Q$36
N1_AssessmentParcel9FFETax,Assessment,$R$36,Assessment!$R$36
N1_Building_SinglePlural,txt_All,$D$68,txt_All!$D$68
N1_chtAboveBelowMarketRent,NPV of AboveBelow Market Rent,$AJ$16:$BD$201,'NPV of AboveBelow Market Rent'!$AJ$16:$BD$201
N1_chtAdjustmentsToValue,Improvements,$GG$800:$GN$808,Improvements!$GG$800:$GN$808
N1_chtAirportPassengers,Market Area,$EB$1078:$EJ$1093,'Market Area'!$EB$1078:$EJ$1093
N1_chtAppraiserSignatureBlock1,File Info,$AM$541:$AO$546,'File Info'!$AM$541:$AO$546
N1_chtAppraiserSignatureBlock2,File Info,$AQ$541:$AS$546,'File Info'!$AQ$541:$AS$546
N1_chtAreaAccessTransit,Market Area,$E$113:$X$125,'Market Area'!$E$113:$X$125
N1_chtAsCompleteValueIndicationsTable,Summary,$F$132:$H$157,Summary!$F$132:$H$157
N1_chtAsIsValueIndicationsTable,Summary,$F$101:$H$129,Summary!$F$101:$H$129
N1_chtAssessment_WriteUp,Assessment,$HT$359:$HT$381,Assessment!$HT$359:$HT$381
N1_chtAssessmentInput,Assessment,$G$6:$AC$55,Assessment!$G$6:$AC$55
N1_chtAssessmentTable,Assessment,$AY$87:$BN$109,Assessment!$AY$87:$BN$109
N1_chtAssessmentTable2,Assessment,$CN$136:$DB$158,Assessment!$CN$136:$DB$158
N1_chtAssessmentTableSpecial,Assessment,$BU$115:$CF$128,Assessment!$BU$115:$CF$128
N1_chtAssessmentTaxCompsTable,Assessment,$EE$219:$FI$237,Assessment!$EE$219:$FI$237
N1_chtAssessmentTaxCompsTable2,Assessment,$EE$245:$FI$261,Assessment!$EE$245:$FI$261
N1_chtAsStabilizedValueIndicationsTable,Summary,$F$160:$H$185,Summary!$F$160:$H$185
N1_chtBandOfInvestment,Capitalization and Multipliers,$F$130:$K$147,'Capitalization and Multipliers'!$F$130:$K$147
N1_chtBuildingSummaryTable,Improvements,$CE$442:$CS$455,Improvements!$CE$442:$CS$455
N1_chtCapEx,Improvements,$EV$749:$FI$774,Improvements!$EV$749:$FI$774
N1_chtCapRatePressures,DirectCapConclusion,$F$6:$H$15,DirectCapConclusion!$F$6:$H$15
N1_chtCapRateReconciliationTable,Capitalization and Multipliers,$F$205:$K$212,'Capitalization and Multipliers'!$F$205:$K$212
N1_chtCashflow1,DCF Rpv Proj1,N1,"IF(pvaIncomeApproach_DcfSoftwareUsed=""Rockport Val"",'DCF Rpv Proj1'!N1_chtCashFlow_Rpv,'DCF Proj1'!N1_chtCashflowAsIs)"
N1_chtCashflow1,DCF Proj1,N1,"IF(pvaIncomeApproach_DcfSoftwareUsed=""Rockport Val"",'DCF Rpv Proj1'!N1_chtCashFlow_Rpv,'DCF Proj1'!N1_chtCashflowAsIs)"
N1_chtCashflow2,DCF Rpv Proj2,N1,"IF(pvaIncomeApproach_DcfSoftwareUsed=""Rockport Val"",'DCF Rpv Proj2'!N1_chtCashFlow_Rpv,'DCF Proj1'!N1_chtCashflowStabilized)"
N1_chtCashflow2,DCF Proj1,N1,"IF(pvaIncomeApproach_DcfSoftwareUsed=""Rockport Val"",'DCF Rpv Proj2'!N1_chtCashFlow_Rpv,'DCF Proj1'!N1_chtCashflowStabilized)"
N1_chtCashflow3,DCF Rpv Proj3,N1,"IF(pvaIncomeApproach_DcfSoftwareUsed=""Rockport Val"",'DCF Rpv Proj3'!N1_chtCashFlow_Rpv,'DCF Proj2'!N1_chtCashflowAsIs)"
N1_chtCashflow3,DCF Proj2,N1,"IF(pvaIncomeApproach_DcfSoftwareUsed=""Rockport Val"",'DCF Rpv Proj3'!N1_chtCashFlow_Rpv,'DCF Proj2'!N1_chtCashflowAsIs)"
N1_chtCombinedCostReconciliation,Cost Approach,$HB$585:$HG$593,'Cost Approach'!$HB$585:$HG$593
N1_chtCommDCF_LeaseUpAdj,Comm Lease Up,$K$14:$V$32,'Comm Lease Up'!$K$14:$V$32
N1_chtCommNonDCF_LeaseUpAdj,Comm Lease Up,$AE$43:$AZ$74,'Comm Lease Up'!$AE$43:$AZ$74
N1_chtCommRR_InPlaceVsMarketRent,Rent Roll,$CT$49:$DF$154,'Rent Roll'!$CT$49:$DF$154
N1_chtCommRR_PGISummary,Rent Roll,$IG$803:$JG$1012,'Rent Roll'!$IG$803:$JG$1012
N1_chtCommRR_Summary,Rent Roll,$CG$49:$CR$154,'Rent Roll'!$CG$49:$CR$154
N1_chtCompCapRates,Capitalization and Multipliers,$F$154:$O$169,'Capitalization and Multipliers'!$F$154:$O$169
N1_chtConventionCenterStats,Market Area,$FA$1124:$FD$1133,'Market Area'!$FA$1124:$FD$1133
N1_chtCost1,Cost,$E$10:$J$73,Cost!$E$10:$J$73
N1_chtCost2,Cost,$E$78:$J$132,Cost!$E$78:$J$132
N1_chtCost3,Cost,$E$135:$J$189,Cost!$E$135:$J$189
N1_chtCostApproachCustomConclusion,Cost Approach,$LE$732:$LF$774,'Cost Approach'!$LE$732:$LF$774
N1_chtCostApproachCustomConclusionGoingConcern,Cost Approach,$LO$786:$LP$831,'Cost Approach'!$LO$786:$LP$831
N1_chtCostApproachCustomConclusionLIHTC,Cost Approach,$LY$842:$LZ$882,'Cost Approach'!$LY$842:$LZ$882
N1_chtCostApproachSettings,Cost Approach Setup,$F$5:$G$15,'Cost Approach Setup'!$F$5:$G$15
N1_chtCostApproachSummaryConclusionTable,Cost Approach,$MI$894:$MT$1028,'Cost Approach'!$MI$894:$MT$1028
N1_chtCostBudgetIndirectDD,Cost Approach,,'Cost Approach'!#REF!
N1_chtCostCompsIndirectDD,Cost Approach,,'Cost Approach'!#REF!
N1_chtCostCustomDirectTable,Cost Approach,$F$5:$O$49,'Cost Approach'!$F$5:$O$49
N1_chtCostCustomTableIndirectCosts,Cost Approach,$AR$116:$AY$162,'Cost Approach'!$AR$116:$AY$162
N1_chtCostResidualMethod,Value Allocation GC,$R$31:$U$35,'Value Allocation GC'!$R$31:$U$35
N1_chtCostSummary,Cost,$E$193:$F$200,Cost!$E$193:$F$200
N1_chtCrimeIndexDisplayTable,Market Area,$BS$539:$BV$552,'Market Area'!$BS$539:$BV$552
N1_chtCustomSalientFactsTable,Salient Facts,$H$6:$L$143,'Salient Facts'!$H$6:$L$143
N1_chtDataSourcesTable,Scope,$AL$180:$AO$192,Scope!$AL$180:$AO$192
N1_chtDCFAssumptions_Inflation,DCF Assumptions,$AN$46:$AU$56,'DCF Assumptions'!$AN$46:$AU$56
N1_chtDCFAssumptions_Job,DCF Assumptions,$F$6:$L$9,'DCF Assumptions'!$F$6:$L$9
N1_chtDCFAssumptions_MarketRentGrowthIndicators,DCF Assumptions,$AN$125:$AU$131,'DCF Assumptions'!$AN$125:$AU$131
N1_chtDCFAssumptions_MLA,DCF Assumptions,$CR$176:$DD$217,'DCF Assumptions'!$CR$176:$DD$217
N1_chtDCFAssumptions_Rates,DCF Assumptions,$S$28:$AB$35,'DCF Assumptions'!$S$28:$AB$35
N1_chtDCFAssumptions_Reversion,DCF Assumptions,$CH$156:$CJ$164,'DCF Assumptions'!$CH$156:$CJ$164
N1_chtDCFAssumptions_VacancyEconAsIs,DCF Assumptions,$AN$77:$AU$82,'DCF Assumptions'!$AN$77:$AU$82
N1_chtDCFAssumptions_VacancyEconAsStable,DCF Assumptions,$AN$90:$AU$95,'DCF Assumptions'!$AN$90:$AU$95
N1_chtDCFAssumptions_VacancyIndicators,DCF Assumptions,$AN$110:$AU$116,'DCF Assumptions'!$AN$110:$AU$116
N1_chtDCFAssumptions_VacancyPhys,DCF Assumptions,$AN$64:$AU$69,'DCF Assumptions'!$AN$64:$AU$69
N1_chtDeferredMaintenance,Improvements,$FO$784:$FZ$793,Improvements!$FO$784:$FZ$793
N1_chtDemographicsDisplayTable,Market Area,$AP$208:$AX$221,'Market Area'!$AP$208:$AX$221
N1_chtDepreciatedCostSummaryTable,Cost Approach,$JV$695:$JX$699,'Cost Approach'!$JV$695:$JX$699
N1_chtDepreciatedCostSummaryTableGoingConcern,Cost Approach,$KR$721:$KV$724,'Cost Approach'!$KR$721:$KV$724
N1_chtDepreciatedReplacementCost,Cost Approach,$JJ$682:$JN$687,'Cost Approach'!$JJ$682:$JN$687
N1_chtDepreciationEstimate,Cost Approach,$BG$177:$BV$221,'Cost Approach'!$BG$177:$BV$221
N1_chtDeveloperBudget,Cost Approach,$GH$522:$GK$566,'Cost Approach'!$GH$522:$GK$566
N1_chtDirectAndIndirectCostComps,Cost Approach,$EB$291:$EI$341,'Cost Approach'!$EB$291:$EI$341
N1_chtDirectCapConclusion,DirectCapConclusion,$R$24:$AL$59,DirectCapConclusion!$R$24:$AL$59
N1_chtDirectCapConclusion2,DirectCapConclusion,$BF$70:$BL$131,DirectCapConclusion!$BF$70:$BL$131
N1_chtDirectCostComp,Cost Approach,$DM$270:$DS$282,'Cost Approach'!$DM$270:$DS$282
N1_chtDirectCostDeveloper,Cost Approach,$FD$441:$FO$493,'Cost Approach'!$FD$441:$FO$493
N1_chtDirectCostReconciliation,Cost Approach,$FW$501:$FZ$510,'Cost Approach'!$FW$501:$FZ$510
N1_chtDirectCostsCustomTableMultiple,Cost Approach,$Z$61:$AK$105,'Cost Approach'!$Z$61:$AK$105
N1_chtDirectCostSummary,Cost Approach,$DC$255:$DE$261,'Cost Approach'!$DC$255:$DE$261
N1_chtEGIMAnalysisInclude,Sales Approach,$SS$447:$ST$447,'Sales Approach'!$SS$447:$ST$447
N1_chtEmploymentDisplayTable,Market Area,$AP$418:$AX$426,'Market Area'!$AP$418:$AX$426
N1_chtExpenseCompAutoSelect,Expense Comps Select,$F$12:$BD$53,'Expense Comps Select'!$F$12:$BD$53
N1_chtExpenseProjections,Expense Projections,$J$12:$AO$3835,'Expense Projections'!$J$12:$AO$3835
N1_chtExpenseProjections_Headers,Expense Projections,$J$12:$AO$14,'Expense Projections'!$J$12:$AO$14
N1_chtExpenseReimbursementsAnalysis,DirectCapConclusion,$DW$269:$EQ$275,DirectCapConclusion!$DW$269:$EQ$275
N1_chtExternalObsolescenceAnalysis,Cost Approach,$CD$230:$CM$244,'Cost Approach'!$CD$230:$CM$244
N1_chtExtraordinaryAssumptionsTable,"Dates, Premises",$Y$89:$Y$93,"'Dates, Premises'!$Y$89:$Y$93"
N1_chtFedReserveMeetings,Capitalization and Multipliers,$EJ$548:$EM$585,'Capitalization and Multipliers'!$EJ$548:$EM$585
N1_chtFFE_Items,Improvements,$GT$816:$HA$826,Improvements!$GT$816:$HA$826
N1_chtFL_RE_TaxReimbursement,Assessment,$GT$324:$GX$330,Assessment!$GT$324:$GX$330
N1_chtHighestAndBestUseAsImproved,Site,$EH$381:$EI$396,Site!$EH$381:$EI$396
N1_chtHighestAndBestUseAsVacant,Site,$EH$355:$EI$372,Site!$EH$355:$EI$372
N1_chtHighestAndBestUseSummaryTable,Summary,$F$84:$H$89,Summary!$F$84:$H$89
N1_chtHouseholdsHousingDisplayTable,Market Area,$AP$296:$AX$314,'Market Area'!$AP$296:$AX$314
N1_chtHUDBreakevenOccupancy,HUD Form 92264,$DW$544:$DZ$557,'HUD Form 92264'!$DW$544:$DZ$557
N1_chtHUDExpenseTrendingCalc,HUD Form 92274,$BK$92:$BQ$94,'HUD Form 92274'!$BK$92:$BQ$94
N1_chtHUDForm92264Page1,HUD Form 92264,$G$2:$AG$64,'HUD Form 92264'!$G$2:$AG$64
N1_chtHUDForm92264Page2,HUD Form 92264,$AN$72:$BJ$413,'HUD Form 92264'!$AN$72:$BJ$413
N1_chtHUDForm92264Page2_SectionC,HUD Form 92264,$AN$84:$BJ$399,'HUD Form 92264'!$AN$84:$BJ$399
N1_chtHUDForm92264Page3,HUD Form 92264,$BS$417:$CP$476,'HUD Form 92264'!$BS$417:$CP$476
N1_chtHUDForm92264Page4,HUD Form 92264,$DB$480:$DS$540,'HUD Form 92264'!$DB$480:$DS$540
N1_chtHUDForm92264Page5,HUD Form 92264,$FJ$612:$FZ$666,'HUD Form 92264'!$FJ$612:$FZ$666
N1_chtHUDForm92264Page6,HUD Form 92264,$GD$670:$GM$719,'HUD Form 92264'!$GD$670:$GM$719
N1_chtHUDForm92264Page7,HUD Form 92264,$GV$734:$IL$792,'HUD Form 92264'!$GV$734:$IL$792
N1_chtHUDForm92264Page8,HUD Form 92264,$IS$796:$JD$846,'HUD Form 92264'!$IS$796:$JD$846
N1_chtHUDForm92264SectionG_Cost,HUD Form 92264,$DB$495:$DS$526,'HUD Form 92264'!$DB$495:$DS$526
N1_chtHUDForm92264T,HUD Form 92264T,$C$2:$J$16,'HUD Form 92264T'!$C$2:$J$16
N1_chtHUDForm92273_Affordable1,HUD Form 92273 Affordable,$I$13:$AI$61,'HUD Form 92273 Affordable'!$I$13:$AI$61
N1_chtHUDForm92273_Affordable10,HUD Form 92273 Affordable,$I$526:$AI$574,'HUD Form 92273 Affordable'!$I$526:$AI$574
N1_chtHUDForm92273_Affordable11,HUD Form 92273 Affordable,$I$583:$AI$631,'HUD Form 92273 Affordable'!$I$583:$AI$631
N1_chtHUDForm92273_Affordable12,HUD Form 92273 Affordable,$I$640:$AI$688,'HUD Form 92273 Affordable'!$I$640:$AI$688
N1_chtHUDForm92273_Affordable13,HUD Form 92273 Affordable,$I$697:$AI$745,'HUD Form 92273 Affordable'!$I$697:$AI$745
N1_chtHUDForm92273_Affordable14,HUD Form 92273 Affordable,$I$754:$AI$802,'HUD Form 92273 Affordable'!$I$754:$AI$802
N1_chtHUDForm92273_Affordable15,HUD Form 92273 Affordable,$I$811:$AI$859,'HUD Form 92273 Affordable'!$I$811:$AI$859
N1_chtHUDForm92273_Affordable2,HUD Form 92273 Affordable,$I$70:$AI$118,'HUD Form 92273 Affordable'!$I$70:$AI$118
N1_chtHUDForm92273_Affordable3,HUD Form 92273 Affordable,$I$127:$AI$175,'HUD Form 92273 Affordable'!$I$127:$AI$175
N1_chtHUDForm92273_Affordable4,HUD Form 92273 Affordable,$I$184:$AI$232,'HUD Form 92273 Affordable'!$I$184:$AI$232
N1_chtHUDForm92273_Affordable5,HUD Form 92273 Affordable,$I$241:$AI$289,'HUD Form 92273 Affordable'!$I$241:$AI$289
N1_chtHUDForm92273_Affordable6,HUD Form 92273 Affordable,$I$298:$AI$346,'HUD Form 92273 Affordable'!$I$298:$AI$346
N1_chtHUDForm92273_Affordable7,HUD Form 92273 Affordable,$I$355:$AI$403,'HUD Form 92273 Affordable'!$I$355:$AI$403
N1_chtHUDForm92273_Affordable8,HUD Form 92273 Affordable,$I$412:$AI$460,'HUD Form 92273 Affordable'!$I$412:$AI$460
N1_chtHUDForm92273_Affordable9,HUD Form 92273 Affordable,$I$469:$AI$517,'HUD Form 92273 Affordable'!$I$469:$AI$517
N1_chtHUDForm92273_Market1,HUD Form 92273 Market,$I$13:$AI$61,'HUD Form 92273 Market'!$I$13:$AI$61
N1_chtHUDForm92273_Market10,HUD Form 92273 Market,$I$526:$AI$574,'HUD Form 92273 Market'!$I$526:$AI$574
N1_chtHUDForm92273_Market11,HUD Form 92273 Market,$I$583:$AI$631,'HUD Form 92273 Market'!$I$583:$AI$631
N1_chtHUDForm92273_Market12,HUD Form 92273 Market,$I$640:$AI$688,'HUD Form 92273 Market'!$I$640:$AI$688
N1_chtHUDForm92273_Market13,HUD Form 92273 Market,$I$697:$AI$745,'HUD Form 92273 Market'!$I$697:$AI$745
N1_chtHUDForm92273_Market14,HUD Form 92273 Market,$I$754:$AI$802,'HUD Form 92273 Market'!$I$754:$AI$802
N1_chtHUDForm92273_Market15,HUD Form 92273 Market,$I$811:$AI$859,'HUD Form 92273 Market'!$I$811:$AI$859
N1_chtHUDForm92273_Market2,HUD Form 92273 Market,$I$70:$AI$118,'HUD Form 92273 Market'!$I$70:$AI$118
N1_chtHUDForm92273_Market3,HUD Form 92273 Market,$I$127:$AI$175,'HUD Form 92273 Market'!$I$127:$AI$175
N1_chtHUDForm92273_Market4,HUD Form 92273 Market,$I$184:$AI$232,'HUD Form 92273 Market'!$I$184:$AI$232
N1_chtHUDForm92273_Market5,HUD Form 92273 Market,$I$241:$AI$289,'HUD Form 92273 Market'!$I$241:$AI$289
N1_chtHUDForm92273_Market6,HUD Form 92273 Market,$I$298:$AI$346,'HUD Form 92273 Market'!$I$298:$AI$346
N1_chtHUDForm92273_Market7,HUD Form 92273 Market,$I$355:$AI$403,'HUD Form 92273 Market'!$I$355:$AI$403
N1_chtHUDForm92273_Market8,HUD Form 92273 Market,$I$412:$AI$460,'HUD Form 92273 Market'!$I$412:$AI$460
N1_chtHUDForm92273_Market9,HUD Form 92273 Market,$I$469:$AI$517,'HUD Form 92273 Market'!$I$469:$AI$517
N1_chtHUDForm92273_S8_1,HUD Form 92273 - S8,$K$21:$W$87,'HUD Form 92273 - S8'!$K$21:$W$87
N1_chtHUDForm92273_S8_10,HUD Form 92273 - S8,$K$687:$W$753,'HUD Form 92273 - S8'!$K$687:$W$753
N1_chtHUDForm92273_S8_11,HUD Form 92273 - S8,$K$761:$W$827,'HUD Form 92273 - S8'!$K$761:$W$827
N1_chtHUDForm92273_S8_12,HUD Form 92273 - S8,$K$835:$W$901,'HUD Form 92273 - S8'!$K$835:$W$901
N1_chtHUDForm92273_S8_13,HUD Form 92273 - S8,$K$909:$W$975,'HUD Form 92273 - S8'!$K$909:$W$975
N1_chtHUDForm92273_S8_14,HUD Form 92273 - S8,$K$983:$W$1049,'HUD Form 92273 - S8'!$K$983:$W$1049
N1_chtHUDForm92273_S8_15,HUD Form 92273 - S8,$K$1057:$W$1123,'HUD Form 92273 - S8'!$K$1057:$W$1123
N1_chtHUDForm92273_S8_2,HUD Form 92273 - S8,$K$95:$W$161,'HUD Form 92273 - S8'!$K$95:$W$161
N1_chtHUDForm92273_S8_3,HUD Form 92273 - S8,$K$169:$W$235,'HUD Form 92273 - S8'!$K$169:$W$235
N1_chtHUDForm92273_S8_4,HUD Form 92273 - S8,$K$243:$W$309,'HUD Form 92273 - S8'!$K$243:$W$309
N1_chtHUDForm92273_S8_5,HUD Form 92273 - S8,$K$317:$W$383,'HUD Form 92273 - S8'!$K$317:$W$383
N1_chtHUDForm92273_S8_6,HUD Form 92273 - S8,$K$391:$W$457,'HUD Form 92273 - S8'!$K$391:$W$457
N1_chtHUDForm92273_S8_7,HUD Form 92273 - S8,$K$465:$W$531,'HUD Form 92273 - S8'!$K$465:$W$531
N1_chtHUDForm92273_S8_8,HUD Form 92273 - S8,$K$539:$W$605,'HUD Form 92273 - S8'!$K$539:$W$605
N1_chtHUDForm92273_S8_9,HUD Form 92273 - S8,$K$613:$W$679,'HUD Form 92273 - S8'!$K$613:$W$679
N1_chtHUDForm92274Page1,HUD Form 92274,$P$2:$BD$56,'HUD Form 92274'!$P$2:$BD$56
N1_chtHUDForm92274Page2,HUD Form 92274,$P$60:$BD$88,'HUD Form 92274'!$P$60:$BD$88
N1_chtHUDOperatingDeficitAnalysis,HUD Form 92264,$EH$566:$ER$596,'HUD Form 92264'!$EH$566:$ER$596
N1_chtHypotheticalConditionsTable,"Dates, Premises",$Y$78:$Y$82,"'Dates, Premises'!$Y$78:$Y$82"
N1_chtIE_ExpenseComps,Expense Comps,$P$19:$HC$627,'Expense Comps'!$P$19:$HC$627
N1_chtIE_ExpenseComps_PercentRevenue,Expense Comps,$KM$19:$LF$627,'Expense Comps'!$KM$19:$LF$627
N1_chtIE_ExpenseComps_PerUOC,Expense Comps,$LM$19:$MF$627,'Expense Comps'!$LM$19:$MF$627
N1_chtIE_ExpenseComps_POR,Expense Comps,$MM$19:$NF$627,'Expense Comps'!$MM$19:$NF$627
N1_chtIE_ExpenseComps1,Expense Comps,$P$19:$BS$627,'Expense Comps'!$P$19:$BS$627
N1_chtIE_ExpenseComps2,Expense Comps,$BT$19:$HC$627,'Expense Comps'!$BT$19:$HC$627
N1_chtIE_ExpenseCompsCustomSum,Expense Comps,$P$643:$HC$651,'Expense Comps'!$P$643:$HC$651
N1_chtIE_ProForma,ProForma,$M$16:$FJ$649,ProForma!$M$16:$FJ$649
N1_chtIE_ProForma1,ProForma,$JN$16:$LJ$649,ProForma!$JN$16:$LJ$649
N1_chtIE_ProForma2,ProForma,$LQ$16:$NM$649,ProForma!$LQ$16:$NM$649
N1_chtIE_ProForma3,ProForma,$NT$16:$PP$649,ProForma!$NT$16:$PP$649
N1_chtImprovBuildingSummaryTable,Improvements,$BI$294:$BT$316,Improvements!$BI$294:$BT$316
N1_chtImprovementsInput,Improvements,$W$9:$AN$209,Improvements!$W$9:$AN$209
N1_chtImprovFoundationFrameExtTable,Improvements,$BI$373:$BT$390,Improvements!$BI$373:$BT$390
N1_chtImprovImprovementsSummaryTable,Improvements,$BI$221:$BJ$291,Improvements!$BI$221:$BJ$291
N1_chtImprovInteriorTable,Improvements,$BI$392:$BT$400,Improvements!$BI$392:$BT$400
N1_chtImprovMechanicalTable,Improvements,$BI$402:$BT$411,Improvements!$BI$402:$BT$411
N1_chtImprovNumberOfUnitsTable,Improvements,$BI$355:$BT$371,Improvements!$BI$355:$BT$371
N1_chtImprovParkingTable,Improvements,$BI$343:$BT$353,Improvements!$BI$343:$BT$353
N1_chtImprovSizeTable,Improvements,$BI$318:$BT$341,Improvements!$BI$318:$BT$341
N1_chtIncomeApproachValueConclusions,DirectCapConclusion,$BT$143:$BW$149,DirectCapConclusion!$BT$143:$BW$149
N1_chtIncomeDisplayTable,Market Area,$AP$317:$AX$334,'Market Area'!$AP$317:$AX$334
N1_chtIndirectCostReconciliation,Cost Approach,$HQ$606:$HR$612,'Cost Approach'!$HQ$606:$HR$612
N1_chtInsurableValue,Cost Approach,$OI$1180:$OV$1210,'Cost Approach'!$OI$1180:$OV$1210
N1_chtInsurableValueTable,Cost Approach,$NV$1143:$NW$1169,'Cost Approach'!$NV$1143:$NW$1169
N1_chtInsurableValueTypeDD,Cost Approach,,'Cost Approach'!#REF!
N1_chtIntangibleValueReconciliation,Value Allocation GC,$AQ$57:$AT$62,'Value Allocation GC'!$AQ$57:$AT$62
N1_chtInvestorSurvey_CapitalizationRate,Investor Survey Output,$BL$104:$BW$144,'Investor Survey Output'!$BL$104:$BW$144
N1_chtInvestorSurvey_DiscountRate,Investor Survey Output,$CK$164:$CV$204,'Investor Survey Output'!$CK$164:$CV$204
N1_chtInvestorSurvey_ExitCapRate,Investor Survey Output,$DJ$222:$DU$261,'Investor Survey Output'!$DJ$222:$DU$261
N1_chtInvestorSurvey_RatePremiumSpreads,Investor Survey Output,$AM$50:$AT$90,'Investor Survey Output'!$AM$50:$AT$90
N1_chtInvestorSurveyMarketingTime,Capitalization and Multipliers,$CX$507:$DL$514,'Capitalization and Multipliers'!$CX$507:$DL$514
N1_chtInvestorSurveyMostRecentQtr,Capitalization and Multipliers,$AE$402:$AS$421,'Capitalization and Multipliers'!$AE$402:$AS$421
N1_chtInvestorSurveyQoQ,Capitalization and Multipliers,$BC$449:$BO$469,'Capitalization and Multipliers'!$BC$449:$BO$469
N1_chtInvestorSurveyRentExpGrowth,Capitalization and Multipliers,$BZ$481:$CN$495,'Capitalization and Multipliers'!$BZ$481:$CN$495
N1_chtInvestorSurveyTable,Capitalization and Multipliers,$F$177:$K$188,'Capitalization and Multipliers'!$F$177:$K$188
N1_chtLandSummaryTable,Site,$CY$301:$DO$326,Site!$CY$301:$DO$326
N1_chtLeaseCoverageMethod,Value Allocation GC,$G$9:$J$21,'Value Allocation GC'!$G$9:$J$21
N1_chtLeaseSummary,Lease Abstracts,$I$7:$R$44,'Lease Abstracts'!$I$7:$R$44
N1_chtLIHTCdepreciatedCostEstimate,Cost Approach,$KF$707:$KI$711,'Cost Approach'!$KF$707:$KI$711
N1_chtListingContractSummary,"Contracts, History",$AN$126:$AP$138,"'Contracts, History'!$AN$126:$AP$138"
N1_chtLODG_DeveloperFeeReonciliation,Cost Approach,$IR$652:$IT$658,'Cost Approach'!$IR$652:$IT$658
N1_chtLODG_DirectAndIndirectCostComps,Cost Approach,$EB$371:$EI$398,'Cost Approach'!$EB$371:$EI$398
N1_chtLODG_FFEReconciliation,Cost Approach,$HY$621:$IA$629,'Cost Approach'!$HY$621:$IA$629
N1_chtLODG_FranchiseAgreement,Lease Abstracts,$BG$164:$BH$187,'Lease Abstracts'!$BG$164:$BH$187
N1_chtLODG_FranchiseAgreementOnly,Lease Abstracts,$BG$164:$BH$182,'Lease Abstracts'!$BG$164:$BH$182
N1_chtLODG_GRRM,Sales Approach,$UB$516:$UK$521,'Sales Approach'!$UB$516:$UK$521
N1_chtLODG_GRRM_Deduction,Sales Approach,$UB$533:$UK$540,'Sales Approach'!$UB$533:$UK$540
N1_chtLODG_Inventory,Improvements,$HS$848:$HV$954,Improvements!$HS$848:$HV$954
N1_chtLODG_ManagementAgreement,Lease Abstracts,$BG$183:$BH$187,'Lease Abstracts'!$BG$183:$BH$187
N1_chtLODG_PreOpeningCapitalReonciliation,Cost Approach,$IH$637:$IK$644,'Cost Approach'!$IH$637:$IK$644
N1_chtLODG_ValueIndication_GroundLease,Land Valuation,$FJ$284:$FK$293,'Land Valuation'!$FJ$284:$FK$293
N1_chtLODG_ValueIndication_Land,Land Valuation,$FT$304:$FU$310,'Land Valuation'!$FT$304:$FU$310
N1_chtMajorEmployers,Market Area,$E$162:$X$173,'Market Area'!$E$162:$X$173
N1_chtManagementCapMethod,Value Allocation GC,$AC$43:$AF$47,'Value Allocation GC'!$AC$43:$AF$47
N1_chtMarketConditionsAdjCostar,Sales Approach,$QK$329:$QQ$378,'Sales Approach'!$QK$329:$QQ$378
N1_chtMarketExpertInterview,Capitalization and Multipliers,$F$195:$K$200,'Capitalization and Multipliers'!$F$195:$K$200
N1_chtMarketExpertInterviewMarketRent,Rent Roll,$KZ$1080:$LJ$1085,'Rent Roll'!$KZ$1080:$LJ$1085
N1_chtMarketInfo_All_Commercial,Market Analysis,$F$32:$Q$70,'Market Analysis'!$F$32:$Q$70
N1_chtMarketInfo_All_MF,Market Analysis,$AJ$32:$AS$70,'Market Analysis'!$AJ$32:$AS$70
N1_chtMarketInfo_Flex_Commercial,Market Analysis - Flex,$F$32:$Q$70,'Market Analysis - Flex'!$F$32:$Q$70
N1_chtMarketInfo_Flex_MF,Market Analysis - Flex,$AJ$32:$AS$70,'Market Analysis - Flex'!$AJ$32:$AS$70
N1_chtMarketInfoChartCapRate_All_Commercial,Market Analysis,$BQ$147:$BQ$163,'Market Analysis'!$BQ$147:$BQ$163
N1_chtMarketInfoChartCapRate_All_MF,Market Analysis,$BY$147:$BY$163,'Market Analysis'!$BY$147:$BY$163
N1_chtMarketInfoChartCapRate_Flex_Commercial,Market Analysis - Flex,$BQ$147:$BQ$163,'Market Analysis - Flex'!$BQ$147:$BQ$163
N1_chtMarketInfoChartCapRate_Flex_MF,Market Analysis - Flex,$BY$147:$BY$163,'Market Analysis - Flex'!$BY$147:$BY$163
N1_chtMarketInfoChartRent_All_Commercial,Market Analysis,$BQ$125:$BQ$141,'Market Analysis'!$BQ$125:$BQ$141
N1_chtMarketInfoChartRent_All_MF,Market Analysis,$BY$125:$BY$141,'Market Analysis'!$BY$125:$BY$141
N1_chtMarketInfoChartRent_Flex_Commercial,Market Analysis - Flex,$BQ$125:$BQ$141,'Market Analysis - Flex'!$BQ$125:$BQ$141
N1_chtMarketInfoChartRent_Flex_MF,Market Analysis - Flex,$BY$125:$BY$141,'Market Analysis - Flex'!$BY$125:$BY$141
N1_chtMarketInfoChartSales_All_Commercial,Market Analysis,$BM$147:$BM$163,'Market Analysis'!$BM$147:$BM$163
N1_chtMarketInfoChartSales_All_MF,Market Analysis,$BU$147:$BU$163,'Market Analysis'!$BU$147:$BU$163
N1_chtMarketInfoChartSales_Flex_Commercial,Market Analysis - Flex,$BM$147:$BM$163,'Market Analysis - Flex'!$BM$147:$BM$163
N1_chtMarketInfoChartSales_Flex_MF,Market Analysis - Flex,$BU$147:$BU$163,'Market Analysis - Flex'!$BU$147:$BU$163
N1_chtMarketInfoChartSupply_All_Commercial,Market Analysis,$BM$125:$BM$141,'Market Analysis'!$BM$125:$BM$141
N1_chtMarketInfoChartSupply_All_MF,Market Analysis,$BU$125:$BU$141,'Market Analysis'!$BU$125:$BU$141
N1_chtMarketInfoChartSupply_Flex_Commercial,Market Analysis - Flex,$BM$125:$BM$141,'Market Analysis - Flex'!$BM$125:$BM$141
N1_chtMarketInfoChartSupply_Flex_MF,Market Analysis - Flex,$BU$125:$BU$141,'Market Analysis - Flex'!$BU$125:$BU$141
N1_chtMarketInfoNewSupply,Market Analysis Submarkets,$AZ$133:$BD$136,'Market Analysis Submarkets'!$AZ$133:$BD$136
N1_chtMarketInfoRent_All_Commercial,Market Analysis,$U$32:$AA$70,'Market Analysis'!$U$32:$AA$70
N1_chtMarketInfoRent_All_MF,Market Analysis,$AW$32:$BG$70,'Market Analysis'!$AW$32:$BG$70
N1_chtMarketInfoRent_Flex_Commercial,Market Analysis - Flex,$U$32:$AA$70,'Market Analysis - Flex'!$U$32:$AA$70
N1_chtMarketInfoRent_Flex_MF,Market Analysis - Flex,$AW$32:$BG$70,'Market Analysis - Flex'!$AW$32:$BG$70
N1_chtMarketInfoSubmarketsinMarket,Market Analysis Submarkets,$X$10:$AI$113,'Market Analysis Submarkets'!$X$10:$AI$113
N1_chtMarketInfoVacancy,Market Analysis Submarkets,$BS$158:$BT$171,'Market Analysis Submarkets'!$BS$158:$BT$171
N1_chtMarketingExporsureTime,DirectCapConclusion,$CQ$188:$CR$191,DirectCapConclusion!$CQ$188:$CR$191
N1_chtMarketSurvey,Investor Survey Input,$F$11:$V$41,'Investor Survey Input'!$F$11:$V$41
N1_chtMFAbsorptionComparables,MF Lease Up,$BI$198:$BQ$214,'MF Lease Up'!$BI$198:$BQ$214
N1_chtMFAFFGrid1,MF Affordable Rent,$FX$393:$GG$668,'MF Affordable Rent'!$FX$393:$GG$668
N1_chtMFAFFMarketRent_Subject,MF Affordable Rent,$X$8:$CJ$321,'MF Affordable Rent'!$X$8:$CJ$321
N1_chtMFAFFSubjectOccupancy,MF Affordable Rent,$X$8:$AG$321,'MF Affordable Rent'!$X$8:$AG$321
N1_chtMFAFFSubjectPGI,MF Affordable Rent,$BH$8:$CL$323,'MF Affordable Rent'!$BH$8:$CL$323
N1_chtMFAFFSubjectRentConclusions,MF Affordable Rent,$CP$8:$DI$322,'MF Affordable Rent'!$CP$8:$DI$322
N1_chtMFAFFSubjectRents,MF Affordable Rent,$AK$8:$BD$321,'MF Affordable Rent'!$AK$8:$BD$321
N1_chtMFAFFUnitGrid1,MF Affordable Rent,$FX$393:$GG$668,'MF Affordable Rent'!$FX$393:$GG$668
N1_chtMFAFFUnitGrid10,MF Affordable Rent,$FX$2994:$GH$3269,'MF Affordable Rent'!$FX$2994:$GH$3269
N1_chtMFAFFUnitGrid2,MF Affordable Rent,$FX$682:$GG$957,'MF Affordable Rent'!$FX$682:$GG$957
N1_chtMFAFFUnitGrid3,MF Affordable Rent,$FX$971:$GG$1246,'MF Affordable Rent'!$FX$971:$GG$1246
N1_chtMFAFFUnitGrid4,MF Affordable Rent,$FX$1260:$GG$1535,'MF Affordable Rent'!$FX$1260:$GG$1535
N1_chtMFAFFUnitGrid5,MF Affordable Rent,$FX$1549:$GG$1824,'MF Affordable Rent'!$FX$1549:$GG$1824
N1_chtMFAFFUnitGrid6,MF Affordable Rent,$FX$1838:$GG$2113,'MF Affordable Rent'!$FX$1838:$GG$2113
N1_chtMFAFFUnitGrid7,MF Affordable Rent,$FX$2127:$GG$2402,'MF Affordable Rent'!$FX$2127:$GG$2402
N1_chtMFAFFUnitGrid8,MF Affordable Rent,$FX$2416:$GG$2691,'MF Affordable Rent'!$FX$2416:$GG$2691
N1_chtMFAFFUnitGrid9,MF Affordable Rent,$FX$2705:$GG$2980,'MF Affordable Rent'!$FX$2705:$GG$2980
N1_chtMFGrid1,MF Market Rent,$FX$594:$GG$869,'MF Market Rent'!$FX$594:$GG$869
N1_chtMFLeaseUpAdj,MF Lease Up,$F$8:$P$81,'MF Lease Up'!$F$8:$P$81
N1_chtMFLeaseUpAdj2,MF Lease Up,$AC$95:$AM$168,'MF Lease Up'!$AC$95:$AM$168
N1_chtMFMarketRent_Subject,MF Market Rent,$X$8:$BV$321,'MF Market Rent'!$X$8:$BV$321
N1_chtMFRecentLeases,MF Market Rent,$DS$336:$DY$446,'MF Market Rent'!$DS$336:$DY$446
N1_chtMFRecentLeases_InPlaceCompare,MF Market Rent,$EI$455:$EQ$566,'MF Market Rent'!$EI$455:$EQ$566
N1_chtMFSubjectOccupancy,MF Market Rent,$X$8:$AG$321,'MF Market Rent'!$X$8:$AG$321
N1_chtMFSubjectPGI,MF Market Rent,$BC$8:$BV$322,'MF Market Rent'!$BC$8:$BV$322
N1_chtMFSubjectRentConclusions,MF Market Rent,$BZ$8:$CL$321,'MF Market Rent'!$BZ$8:$CL$321
N1_chtMFSubjectRents,MF Market Rent,$AK$8:$AY$321,'MF Market Rent'!$AK$8:$AY$321
N1_chtMFUnitGrid1,MF Market Rent,$FX$594:$GG$869,'MF Market Rent'!$FX$594:$GG$869
N1_chtMFUnitGrid10,MF Market Rent,$FX$3195:$GH$3470,'MF Market Rent'!$FX$3195:$GH$3470
N1_chtMFUnitGrid2,MF Market Rent,$FX$883:$GG$1158,'MF Market Rent'!$FX$883:$GG$1158
N1_chtMFUnitGrid3,MF Market Rent,$FX$1172:$GG$1447,'MF Market Rent'!$FX$1172:$GG$1447
N1_chtMFUnitGrid4,MF Market Rent,$FX$1461:$GG$1736,'MF Market Rent'!$FX$1461:$GG$1736
N1_chtMFUnitGrid5,MF Market Rent,$FX$1750:$GG$2025,'MF Market Rent'!$FX$1750:$GG$2025
N1_chtMFUnitGrid6,MF Market Rent,$FX$2039:$GG$2314,'MF Market Rent'!$FX$2039:$GG$2314
N1_chtMFUnitGrid7,MF Market Rent,$FX$2328:$GG$2603,'MF Market Rent'!$FX$2328:$GG$2603
N1_chtMFUnitGrid8,MF Market Rent,$FX$2617:$GG$2892,'MF Market Rent'!$FX$2617:$GG$2892
N1_chtMFUnitGrid9,MF Market Rent,$FX$2906:$GG$3181,'MF Market Rent'!$FX$2906:$GG$3181
N1_chtMHCInsurableValue,Cost,$AH$239:$AV$268,Cost!$AH$239:$AV$268
N1_chtMHCLeaseUp,MF Lease Up,$CF$226:$CM$256,'MF Lease Up'!$CF$226:$CM$256
N1_chtMLAs,Rent Roll,$M$21:$AJ$40,'Rent Roll'!$M$21:$AJ$40
N1_chtMultifamilyInventory,Improvements,$DC$473:$DL$490,Improvements!$DC$473:$DL$490
N1_chtMVSplusIndirectCosts,Cost Approach,$GS$574:$GT$577,'Cost Approach'!$GS$574:$GT$577
N1_chtNeighboringLandUse,Market Area,$E$190:$Q$194,'Market Area'!$E$190:$Q$194
N1_chtOtherIncomeComps,Cost Comps_PREV,$F$6:$L$13,'Cost Comps_PREV'!$F$6:$L$13
N1_chtPeerGroup,Market Analysis Submarkets,$CE$187:$CL$198,'Market Analysis Submarkets'!$CE$187:$CL$198
N1_chtPerCapitaConsumerSpendDisplayTable,Market Area,$AP$457:$AX$472,'Market Area'!$AP$457:$AX$472
N1_chtPermanentStructures,Cost,$T$207:$Z$228,Cost!$T$207:$Z$228
N1_chtPopulationByAgeDisplayTable,Market Area,$AP$252:$AX$266,'Market Area'!$AP$252:$AX$266
N1_chtPresentValue1,DCF Rpv Proj1,N1,"IF(pvaIncomeApproach_DcfSoftwareUsed=""Rockport Val"",'DCF Rpv Proj1'!N1_chtPresentValue_Rpv,'DCF Proj1'!N1_chtPresentValueAsIs)"
N1_chtPresentValue1,DCF Proj1,N1,"IF(pvaIncomeApproach_DcfSoftwareUsed=""Rockport Val"",'DCF Rpv Proj1'!N1_chtPresentValue_Rpv,'DCF Proj1'!N1_chtPresentValueAsIs)"
N1_chtPresentValue2,DCF Rpv Proj2,N1,"IF(pvaIncomeApproach_DcfSoftwareUsed=""Rockport Val"",'DCF Rpv Proj2'!N1_chtPresentValue_Rpv,'DCF Proj1'!N1_chtPresentValueStabilized)"
N1_chtPresentValue2,DCF Proj1,N1,"IF(pvaIncomeApproach_DcfSoftwareUsed=""Rockport Val"",'DCF Rpv Proj2'!N1_chtPresentValue_Rpv,'DCF Proj1'!N1_chtPresentValueStabilized)"
N1_chtPresentValue3,DCF Rpv Proj3,N1,"IF(pvaIncomeApproach_DcfSoftwareUsed=""Rockport Val"",'DCF Rpv Proj3'!N1_chtPresentValue_Rpv,'DCF Proj2'!N1_chtPresentValueAsIs)"
N1_chtPresentValue3,DCF Proj2,N1,"IF(pvaIncomeApproach_DcfSoftwareUsed=""Rockport Val"",'DCF Rpv Proj3'!N1_chtPresentValue_Rpv,'DCF Proj2'!N1_chtPresentValueAsIs)"
N1_chtProFormaTaxEstimate,Assessment,$HG$339:$HM$350,Assessment!$HG$339:$HM$350
N1_chtPropertyIdentification,Summary,$F$13:$H$25,Summary!$F$13:$H$25
N1_chtPropertyInspectionTable,File Info,$T$500:$X$505,'File Info'!$T$500:$X$505
N1_chtPublicServices,Market Area,$E$136:$X$144,'Market Area'!$E$136:$X$144
N1_chtRE_ReassessmentAllocation,Value Allocation GC,$BM$89:$BN$99,'Value Allocation GC'!$BM$89:$BN$99
N1_chtRealEstateTaxProjection,Assessment,$FV$278:$GL$282,Assessment!$FV$278:$GL$282
N1_chtRealEstateTaxProjection2,Assessment,$FV$289:$GL$293,Assessment!$FV$289:$GL$293
N1_chtRealEstateTaxProjection3,Assessment,$FV$300:$GL$304,Assessment!$FV$300:$GL$304
N1_chtRealEstateTaxProjection4,Assessment,$FV$311:$GL$315,Assessment!$FV$311:$GL$315
N1_chtReassessmentDiscussion,Assessment,$FO$267:$FP$271,Assessment!$FO$267:$FP$271
N1_chtReconciledMarketConditionsAdjustment,Sales Approach,$RL$410:$RR$416,'Sales Approach'!$RL$410:$RR$416
N1_chtReconciledTotalCost,Cost Approach,$JA$666:$JB$674,'Cost Approach'!$JA$666:$JB$674
N1_chtREITRates,DCF Assumptions,$EI$257:$EN$279,'DCF Assumptions'!$EI$257:$EN$279
N1_chtRentRoll,Rent Roll,$M$49:$AL$154,'Rent Roll'!$M$49:$AL$154
N1_chtRentRollBlendedRents,Rent Roll,$BK$49:$BZ$120,'Rent Roll'!$BK$49:$BZ$120
N1_chtRentRollConfig,Rent Roll Config,$Q$14:$BA$130,'Rent Roll Config'!$Q$14:$BA$130
N1_chtRentRollLeaseExpirations,Rent Roll,$GO$648:$GS$660,'Rent Roll'!$GO$648:$GS$660
N1_chtRentRollLeaseStructure,Rent Roll,$KI$1067:$KS$1071,'Rent Roll'!$KI$1067:$KS$1071
N1_chtRentRollMajorTenants,Rent Roll,$GC$625:$GH$638,'Rent Roll'!$GC$625:$GH$638
N1_chtRentRollMarketRentBySpaceType,Rent Roll,$DM$318:$DR$338,'Rent Roll'!$DM$318:$DR$338
N1_chtRentRollOccupancy,Rent Roll,$EH$379:$ER$425,'Rent Roll'!$EH$379:$ER$425
N1_chtRentRollPotentialGrossIncome,Rent Roll,$GY$725:$HG$792,'Rent Roll'!$GY$725:$HG$792
N1_chtRentRollRecentLeases,Rent Roll,$FB$463:$FI$476,'Rent Roll'!$FB$463:$FI$476
N1_chtReportDatesTable,Summary,$F$70:$H$81,Summary!$F$70:$H$81
N1_chtResaleValueCalculationAsIs,DCF Proj1,$AR$118:$AT$136,'DCF Proj1'!$AR$118:$AT$136
N1_chtRRRecentLeases_BySpaceType,Rent Roll,$FB$479:$FI$540,'Rent Roll'!$FB$479:$FI$540
N1_chtSaleHistorySummary,"Contracts, History",$AB$94:$AG$113,"'Contracts, History'!$AB$94:$AG$113"
N1_chtSaleValueIndication_ExcessLand,Land Valuation,$ES$266:$EW$275,'Land Valuation'!$ES$266:$EW$275
N1_chtScope_Certification,Scope,$AX$200:$AY$218,Scope!$AX$200:$AY$218
N1_chtScopeDisplayTable,Scope,$R$109:$S$118,Scope!$R$109:$S$118
N1_chtScopeMethodologyTable,Scope,$Y$148:$AA$151,Scope!$Y$148:$AA$151
N1_chtSensitivityAnalysis_CapRate,Sales Approach,$QX$392:$RC$402,'Sales Approach'!$QX$392:$RC$402
N1_chtSH_ASHA_StateRegs,Zoning,$CD$84:$CE$137,Zoning!$CD$84:$CE$137
N1_chtSH_BOI_ByType,Capitalization and Multipliers,$DY$525:$EB$540,'Capitalization and Multipliers'!$DY$525:$EB$540
N1_chtSH_CostApproachLongForm,Cost Approach,$NE$1036:$NG$1132,'Cost Approach'!$NE$1036:$NG$1132
N1_chtSH_DepreciatedFFE,Cost Approach,$EP$423:$EV$425,'Cost Approach'!$EP$423:$EV$425
N1_chtSH_DepreciatedFFEStable,Cost Approach,$EP$431:$EV$433,'Cost Approach'!$EP$431:$EV$433
N1_chtSH_DirectCapConclusion,DirectCapConclusion,$DA$202:$DE$251,DirectCapConclusion!$DA$202:$DE$251
N1_chtSH_ExpenseComps_Expense1,Expense Comps,$P$200:$GH$335,'Expense Comps'!$P$200:$GH$335
N1_ChtSH_ExpenseComps_Expense2,Expense Comps,$P$336:$GH$625,'Expense Comps'!$P$336:$GH$625
N1_chtSH_ExpenseComps_Headers1,Expense Comps,$P$19:$GH$20,'Expense Comps'!$P$19:$GH$20
N1_chtSH_ExpenseComps_Headers2,Expense Comps,$P$199:$GH$200,'Expense Comps'!$P$199:$GH$200
N1_chtSH_ExpenseComps_Income,Expense Comps,$P$85:$GH$198,'Expense Comps'!$P$85:$GH$198
N1_chtSH_ExpenseComps_RD,Expense Comps,$P$19:$GH$83,'Expense Comps'!$P$19:$GH$83
N1_chtSH_ExpenseComps_RDandIncome,Expense Comps,$P$19:$GH$198,'Expense Comps'!$P$19:$GH$198
N1_chtSH_FFE_Comps,Cost Approach,$EB$349:$EI$360,'Cost Approach'!$EB$349:$EI$360
N1_chtSH_LeasedFee_Proforma,Lease Abstracts,$AU$104:$AW$109,'Lease Abstracts'!$AU$104:$AW$109
N1_chtSH_LeasedFee_Reset,Lease Abstracts,$AU$116:$AW$123,'Lease Abstracts'!$AU$116:$AW$123
N1_chtSH_LeasedFee_Reset_Annualized,Lease Abstracts,$AU$130:$AW$143,'Lease Abstracts'!$AU$130:$AW$143
N1_chtSH_LeasedFee_ValueConclusion,Lease Abstracts,$AU$150:$AW$154,'Lease Abstracts'!$AU$150:$AW$154
N1_chtSH_LeaseUpForecast,MF Lease Up,$AX$180:$AZ$188,'MF Lease Up'!$AX$180:$AZ$188
N1_chtSH_LevelsOfCare,Market Rent,$CK$124:$CO$129,'Market Rent'!$CK$124:$CO$129
N1_chtSH_Proforma_Expense1,ProForma,$M$176:$FI$311,ProForma!$M$176:$FI$311
N1_ChtSH_Proforma_Expense2,ProForma,$M$312:$FI$602,ProForma!$M$312:$FI$602
N1_chtSH_Proforma_Headers1,ProForma,$M$16:$FI$17,ProForma!$M$16:$FI$17
N1_chtSH_Proforma_Headers2,ProForma,$M$176:$FI$176,ProForma!$M$176:$FI$176
N1_chtSH_Proforma_Income,ProForma,$M$61:$FI$174,ProForma!$M$61:$FI$174
N1_chtSH_Proforma_RD,ProForma,$M$16:$FI$59,ProForma!$M$16:$FI$59
N1_chtSH_Proforma_RDandIncome,ProForma,$M$16:$FI$174,ProForma!$M$16:$FI$174
N1_chtSHRentCompsChargesFees,Market Rent,$EN$215:$FC$231,'Market Rent'!$EN$215:$FC$231
N1_chtSHRentCompsEntryFee,Market Rent,$DN$153:$DV$183,'Market Rent'!$DN$153:$DV$183
N1_chtSHRentCompsMeals,Market Rent,$CW$137:$DC$144,'Market Rent'!$CW$137:$DC$144
N1_chtSiteCharacteristicsTable,Site,$BT$199:$CO$225,Site!$BT$199:$CO$225
N1_chtSiteHazardsTable,Site,$BT$227:$CO$244,Site!$BT$227:$CO$244
N1_chtSiteInput,Site,$W$9:$AY$148,Site!$W$9:$AY$148
N1_chtSiteLynxSalientFacts,Salient Facts,$AB$157:$AJ$249,'Salient Facts'!$AB$157:$AJ$249
N1_chtSiteSizeTable,Site,$BT$180:$CO$197,Site!$BT$180:$CO$197
N1_chtSiteSummaryTable,Site,$BT$157:$CO$178,Site!$BT$157:$CO$178
N1_chtSiteUtilitiesTable,Site,$BT$246:$CO$259,Site!$BT$246:$CO$259
N1_chtSS_LeaseUpAbsorption,MF Lease Up,$DT$299:$DZ$301,'MF Lease Up'!$DT$299:$DZ$301
N1_chtSSAbsorptionComps,MF Lease Up,$CV$265:$DC$279,'MF Lease Up'!$CV$265:$DC$279
N1_chtSSLeaseUp,MF Lease Up,$EJ$310:$ET$354,'MF Lease Up'!$EJ$310:$ET$354
N1_chtSSLeaseUpAssumptions,MF Lease Up,$DH$286:$DM$291,'MF Lease Up'!$DH$286:$DM$291
N1_chtStrengthsOpportunitiesTable,Summary,$F$195:$H$205,Summary!$F$195:$H$205
N1_chtSubjectSummaryTable,Summary,$F$12:$H$51,Summary!$F$12:$H$51
N1_chtTaxHistoryTable,Assessment,$DH$176:$DS$182,Assessment!$DH$176:$DS$182
N1_chtTaxSummaryTable,Assessment,$AM$65:$AN$77,Assessment!$AM$65:$AN$77
N1_chtTenantOptions,DCF Assumptions,$DR$228:$DY$248,'DCF Assumptions'!$DR$228:$DY$248
N1_chttestcustomtableaking,Investor Survey Output,,'Investor Survey Output'!#REF!
N1_chtUnemploymentStats,Market Area,$ER$1103:$ET$1114,'Market Area'!$ER$1103:$ET$1114
N1_chtUnitFeaturesProjectAmenitiesTable,Improvements,$EG$506:$EK$733,Improvements!$EG$506:$EK$733
N1_chtUnitsInspected,File Info,$AD$513:$AG$529,'File Info'!$AD$513:$AG$529
N1_chtValuationReconciliation,DirectCapConclusion,$CD$167:$CJ$173,DirectCapConclusion!$CD$167:$CJ$173
N1_chtValueAllocation,Value Allocation GC,$BB$72:$BE$78,'Value Allocation GC'!$BB$72:$BE$78
N1_chtValueConclusionTable,Values,$AM$120:$AP$131,Values!$AM$120:$AP$131
N1_chtValueSummaryTable,Values,$V$97:$AF$112,Values!$V$97:$AF$112
N1_chtWeaknessesThreatsTable,Summary,$F$211:$H$221,Summary!$F$211:$H$221
N1_chtZoningAnalysis,Zoning,$CO$151:$CQ$168,Zoning!$CO$151:$CQ$168
N1_chtZoningInput,Zoning,$W$9:$AM$44,Zoning!$W$9:$AM$44
N1_chtZoningSummary,Zoning,$BH$51:$BR$75,Zoning!$BH$51:$BR$75
N1_PMA_Type,txt_All,$D$66,txt_All!$D$66
N1_PMA_Value,txt_All,$D$67,txt_All!$D$67
N1_pvaUOC_Lowercase,txt_All,$D$86:$D$86,txt_All!$D$86:$D$86
N1_txt_txtLeaseAbstractTenant1,Lease Abstracts,$I$5,'Lease Abstracts'!$I$5
N1_txtAdjustedMarketRentAvg,Market Rent,$SR$313,'Market Rent'!$SR$313
N1_txtAdjustedMarketRentMax,Market Rent,$SR$314,'Market Rent'!$SR$314
N1_txtAdjustedMarketRentMin,Market Rent,$SR$312,'Market Rent'!$SR$312
N1_txtAEAsIsDiscountRate,txt_All,$D$70,txt_All!$D$70
N1_txtAEAsIsHoldPeriod,DCF Assumptions,$G$8,'DCF Assumptions'!$G$8
N1_txtAEAsIsReversionRate,txt_All,$D$69,txt_All!$D$69
N1_txtAEAsStabilizedDiscountRate,txt_All,$D$72,txt_All!$D$72
N1_txtAEAsStabilizedHoldPeriod,DCF Assumptions,$K$8,'DCF Assumptions'!$K$8
N1_txtAEAsStabilizedReversionRate,txt_All,$D$71,txt_All!$D$71
N1_txtAERenewalProbability,txt_All,$D$75,txt_All!$D$75
N1_txtAH_AchievableVsMarket,txt_All,$D$105,txt_All!$D$105
N1_txtAH_HUDMAPExpenseTrendPct,HUD Form 92274,$BP$94,'HUD Form 92274'!$BP$94
N1_txtAH_MostRecentExpenseCompDate,txt_All,$D$106,txt_All!$D$106
N1_txtALL_Appeal_Lowercase,txt_All,$D$102,txt_All!$D$102
N1_txtALL_AppraisalRequirements,txt_All,$D$720,txt_All!$D$720
N1_txtALL_Assess_AssessRatio,txt_All,$D$89:$D$89,txt_All!$D$89:$D$89
N1_txtALL_Assess_Frequency,txt_All,$D$87:$D$87,txt_All!$D$87:$D$87
N1_txtALL_Assess_SaleTrigger,txt_All,$D$88:$D$88,txt_All!$D$88:$D$88
N1_txtALL_BuildingClass,txt_All,$D$725,txt_All!$D$725
N1_txtALL_ConclusionsCountNarrative,txt_All,$D$15,txt_All!$D$15
N1_txtALL_CostApproachUtilized,txt_All,$D$20,txt_All!$D$20
N1_txtALL_CostUtilization,txt_All,$D$17,txt_All!$D$17
N1_txtALL_DemoRadius3,txt_All,$D$143,txt_All!$D$143
N1_txtALL_Demos_MktArea_CY,txt_All,$D$42,txt_All!$D$42
N1_txtALL_Demos_MktArea_FY,txt_All,$D$43,txt_All!$D$43
N1_txtALL_Demos_MktArea_HH_FANBOYS,txt_All,$D$49,txt_All!$D$49
N1_txtALL_Demos_MktArea_HHvsNation,txt_All,$D$46,txt_All!$D$46
N1_txtALL_Demos_MktArea_HHvsNation_Updown,txt_All,$D$48,txt_All!$D$48
N1_txtALL_Demos_MktArea_HHvsState,txt_All,$D$45,txt_All!$D$45
N1_txtALL_Demos_MktArea_HHvsState_Updown,txt_All,$D$47,txt_All!$D$47
N1_txtALL_Demos_MktArea_PriorCensus,txt_All,$D$44,txt_All!$D$44
N1_txtALL_DiscountRateAverageAll,txt_All,$D$122,txt_All!$D$122
N1_txtALL_DiscountRateAveragePwC,txt_All,$D$115,txt_All!$D$115
N1_txtALL_DiscountRateRangeAll,txt_All,$D$121,txt_All!$D$121
N1_txtALL_DiscountRateRangePwC,txt_All,$D$114,txt_All!$D$114
N1_txtALL_EffectiveDateNarrative,txt_All,$D$107,txt_All!$D$107
N1_txtALL_ExcelTemplateVersion,txt_All,$D$142,txt_All!$D$142
N1_txtALL_ExistingorProposed_Article,txt_All,$D$32,txt_All!$D$32
N1_txtALL_ExistingorProposed_Lowercase,txt_All,$D$33,txt_All!$D$33
N1_txtALL_GBA,txt_All,$D$161,txt_All!$D$161
N1_txtALL_GoingInToReversionSpreadAll,txt_All,$D$123,txt_All!$D$123
N1_txtALL_GoingInToReversionSpreadPwC,txt_All,$D$116,txt_All!$D$116
N1_txtALL_IncomeApproachesUtilized,txt_All,$D$12,txt_All!$D$12
N1_txtALL_IncomeApproachesUtilizedIsAre,txt_All,$D$14,txt_All!$D$14
N1_txtALL_IncomeUtilization,txt_All,$D$19,txt_All!$D$19
N1_txtALL_IndefArticleSiteSize,txt_All,$D$712,txt_All!$D$712
N1_txtALL_IndefArticleStoryCount,txt_All,$D$713,txt_All!$D$713
N1_txtALL_InspectionDetail,txt_All,$D$140,txt_All!$D$140
N1_txtALL_Inspections_Concat,txt_All,$D$139,txt_All!$D$139
N1_txtALL_InspectorName,txt_All,$D$85,txt_All!$D$85
N1_txtAll_InvestorSources,txt_All,$D$118,txt_All!$D$118
N1_txtALL_Land_CompPPUOC_Adj_Avg,txt_All,$D$82,txt_All!$D$82
N1_txtALL_Land_CompPPUOC_Adj_Max,txt_All,$D$81,txt_All!$D$81
N1_txtALL_Land_CompPPUOC_Adj_Min,txt_All,$D$80,txt_All!$D$80
N1_txtALL_Land_CompPPUOC_UnAdj_Max,txt_All,$D$79,txt_All!$D$79
N1_txtALL_Land_CompPPUOC_UnAdj_Min,txt_All,$D$78,txt_All!$D$78
N1_txtALL_Land_Conclusion_PPUOC,txt_All,$D$83,txt_All!$D$83
N1_txtALL_Land_LongPerUOC,txt_All,$D$84,txt_All!$D$84
N1_txtALL_LandUse_Lowercase,txt_All,$D$101,txt_All!$D$101
N1_txtALL_MainSourceofTransportation,txt_All,$D$157,txt_All!$D$157
N1_txtALL_MarketDataHotelChainScale,txt_All,$D$164,txt_All!$D$164
N1_txtALL_MarketDataHotelSubmarket,txt_All,$D$165,txt_All!$D$165
N1_txtALL_MedianYearBuilt5Mi,txt_All,$D$144,txt_All!$D$144
N1_txtALL_MedianYearBuiltComparison,txt_All,$D$147,txt_All!$D$147
N1_txtALL_MedianYearBuiltCountyMSA,txt_All,$D$146,txt_All!$D$146
N1_txtALL_MedianYearBuiltMSA,txt_All,$D$145,txt_All!$D$145
N1_txtALL_MeetingEventSpaceList,txt_All,$D$716,txt_All!$D$716
N1_txtALL_NCREIFClassification,txt_All,$D$152,txt_All!$D$152
N1_txtALL_NearestAirportDistance,txt_All,$D$160,txt_All!$D$160
N1_txtALL_NearestAirportName,txt_All,$D$159,txt_All!$D$159
N1_txtALL_NearestInterstateDistance,txt_All,$D$156,txt_All!$D$156
N1_txtALL_NearestInterstateName,txt_All,$D$155,txt_All!$D$155
N1_txtALL_No_of_Rooms,txt_All,$D$714,txt_All!$D$714
N1_txtALL_No_of_Units,txt_All,$D$76:$D$76,txt_All!$D$76:$D$76
N1_txtALL_NonReconciledApproach,txt_All,$D$16,txt_All!$D$16
N1_txtALL_OccupancyCurrent,txt_All,$D$24,txt_All!$D$24
N1_txtALL_OccupancyStabilized,txt_All,$D$25,txt_All!$D$25
N1_txtALL_OpinionValueCountNar,txt_All,$D$723,txt_All!$D$723
N1_txtAll_OverallCapRatePressure,txt_All,$D$675,txt_All!$D$675
N1_txtALL_OwnerOccupiedHousing5Mi,txt_All,$D$148,txt_All!$D$148
N1_txtALL_OwnerOccupiedHousingComparison,txt_All,$D$151,txt_All!$D$151
N1_txtALL_OwnerOccupiedHousingCountyMSA,txt_All,$D$150,txt_All!$D$150
N1_txtALL_OwnerOccupiedHousingMSA,txt_All,$D$149,txt_All!$D$149
N1_txtALL_OwnerOrPurchaserLower,txt_All,$D$727,txt_All!$D$727
N1_txtALL_OwnerOrPurchaserUpper,txt_All,$D$726,txt_All!$D$726
N1_txtALL_Parcels_Total_Acres,txt_All,$D$7,txt_All!$D$7
N1_txtALL_Parcels_Total_SF,txt_All,$D$6,txt_All!$D$6
N1_txtALL_PeerGroupMaxVacancy,txt_All,$D$109,txt_All!$D$109
N1_txtALL_PeerGroupMinVacancy,txt_All,$D$108,txt_All!$D$108
N1_txtALL_PeerGroupWtdAvgVacancy,txt_All,$D$110,txt_All!$D$110
N1_txtALL_PrimaryAccess,txt_All,$D$154,txt_All!$D$154
N1_txtALL_PriorServices_Concat,txt_All,$D$138:$D$138,txt_All!$D$138:$D$138
N1_txtALL_Proforma_FinPer1,txt_All,$D$90,txt_All!$D$90
N1_txtALL_Proforma_FinPer2,txt_All,$D$91,txt_All!$D$91
N1_txtALL_Proforma_FinPer3,txt_All,$D$92,txt_All!$D$92
N1_txtALL_Proforma_FinPer4,txt_All,$D$93,txt_All!$D$93
N1_txtALL_Proforma_FinPer5,txt_All,$D$94,txt_All!$D$94
N1_txtALL_Proforma_FinPer6,txt_All,$D$95,txt_All!$D$95
N1_txtALL_Proforma_FinPer7_Budget,txt_All,$D$96,txt_All!$D$96
N1_txtALL_ProjAmenityList,txt_All,$D$715,txt_All!$D$715
N1_txtALL_Property_Sub_Type,txt_All,$D$4,txt_All!$D$4
N1_txtALL_Property_Sub_TypeLowercase,txt_All,$D$5,txt_All!$D$5
N1_txtALL_PropertyTypeLowercase,txt_All,$D$2,txt_All!$D$2
N1_txtALL_PublicTransportationProvider,txt_All,$D$158,txt_All!$D$158
N1_txtALL_PublicTransportationRating,txt_All,$D$153,txt_All!$D$153
N1_txtAll_PwCInvestorHeader1,txt_All,$D$111,txt_All!$D$111
N1_txtALL_RE_Tax_Proj1,txt_All,$D$77:$D$77,txt_All!$D$77:$D$77
N1_txtALL_ReconciledDirCostperSF,Cost Approach,$FY$507,'Cost Approach'!$FY$507
N1_txtALL_ReconciliationApproachesPlural,txt_All,$D$141,txt_All!$D$141
N1_txtAll_RentRollInputDate,txt_All,$D$103,txt_All!$D$103
N1_txtALL_ReportType,txt_All,$D$30,txt_All!$D$30
N1_txtALL_ReportTypeDescription,txt_All,$D$31,txt_All!$D$31
N1_txtALL_ReversionCapAverageAll,txt_All,$D$120,txt_All!$D$120
N1_txtALL_ReversionCapAveragePwC,txt_All,$D$113,txt_All!$D$113
N1_txtALL_ReversionCapRangeAll,txt_All,$D$119,txt_All!$D$119
N1_txtALL_ReversionCapRangePwC,txt_All,$D$112,txt_All!$D$112
N1_txtALL_ReversionToDiscountSpreadAll,txt_All,$D$124,txt_All!$D$124
N1_txtALL_ReversionToDiscountSpreadPwC,txt_All,$D$117,txt_All!$D$117
N1_txtALL_SalesApproach_CapRateSensitivityAvg,txt_All,$D$132,txt_All!$D$132
N1_txtALL_SalesApproach_CapRateSensitivityHigh,txt_All,$D$133,txt_All!$D$133
N1_txtALL_SalesApproach_CapRateSensitivityHighBPS,txt_All,$D$135,txt_All!$D$135
N1_txtALL_SalesApproach_CapRateSensitivityLow,txt_All,$D$131,txt_All!$D$131
N1_txtALL_SalesApproach_CapRateSensitivityLowBPS,txt_All,$D$134,txt_All!$D$134
N1_txtALL_SalesApproach_CapRateSensitivityMRG,txt_All,$D$136,txt_All!$D$136
N1_txtALL_SalesApproach_PeakPricingDate,txt_All,$D$137,txt_All!$D$137
N1_txtALL_SalesCompsEGIM_Avg,txt_All,$D$698,txt_All!$D$698
N1_txtALL_SalesCompsEGIM_Max,txt_All,$D$126,txt_All!$D$126
N1_txtALL_SalesCompsEGIM_Min,txt_All,$D$125,txt_All!$D$125
N1_txtALL_SalesCompsEGIM_Trend,txt_All,$D$127,txt_All!$D$127
N1_txtALL_SalesCompsExpRat_Max,txt_All,$D$129,txt_All!$D$129
N1_txtALL_SalesCompsExpRat_Min,txt_All,$D$128,txt_All!$D$128
N1_txtALL_SCAUtilization,txt_All,$D$18,txt_All!$D$18
N1_txtALL_SubjectHotelChainScale,txt_All,$D$163,txt_All!$D$163
N1_txtALL_SubjPropertyTypeLowercase,txt_All,$D$3,txt_All!$D$3
N1_txtALL_SubPropertyTypeLowercase,txt_All,$D$104,txt_All!$D$104
N1_txtALL_ValueApproachesUtilized,txt_All,$D$11,txt_All!$D$11
N1_txtALL_ValueApproachesUtilizedIsAre,txt_All,$D$13,txt_All!$D$13
N1_txtALL_ValuePremisesLink,txt_All,$D$10,txt_All!$D$10
N1_txtALL_ValuePremisesLinkInterest,txt_All,$D$9,txt_All!$D$9
N1_txtALL_ValuePremisesLinkNoInterest,txt_All,$D$8,txt_All!$D$8
N1_txtALL_YearBuilt,txt_All,$D$162,txt_All!$D$162
N1_txtALLSubmarketVacancy,txt_All,$D$130,txt_All!$D$130
N1_txtAppraiser1PriorServices,File Info,$U$315,'File Info'!$U$315
N1_txtAppraiser2PriorServices,File Info,$U$386,'File Info'!$U$386
N1_txtAppraiser3PriorServices,File Info,$U$430,'File Info'!$U$430
N1_txtAppraiser4PriorServices,File Info,$U$474,'File Info'!$U$474
N1_txtAsIsRateSpread,txt_All,$D$73,txt_All!$D$73
N1_txtAssess_TaxProj_PrepayDiscount1,Assessment,$GN$281,Assessment!$GN$281
N1_txtAssess_TaxProj1,Assessment,$GL$279,Assessment!$GL$279
N1_txtAsStabilizedRateSpread,txt_All,$D$74,txt_All!$D$74
N1_txtBaseCost,Cost Approach,$K$7,'Cost Approach'!$K$7
N1_txtBuilding1MHC_Class,Improvements,$AB$63,Improvements!$AB$63
N1_txtBuilding1MHC_PctDoubleWide,Improvements,$AB$65,Improvements!$AB$65
N1_txtBuilding1MHC_PctSingleWide,Improvements,$AB$64,Improvements!$AB$64
N1_txtBuilding1MHC_Type,Improvements,$AB$62,Improvements!$AB$62
N1_txtCapEx_Year1,Improvements,$EW$770,Improvements!$EW$770
N1_txtCapPwCInvestorSurveyPeriod,txt_All,$D$641,txt_All!$D$641
N1_txtCapRateConclusion,Capitalization and Multipliers,$G$224,'Capitalization and Multipliers'!$G$224
N1_txtCapRateProj1,ProForma,$DU$701,ProForma!$DU$701
N1_txtCapRateProj2,ProForma,$EC$701,ProForma!$EC$701
N1_txtCapRateProj3,ProForma,$EK$701,ProForma!$EK$701
N1_txtCapRateProj4,ProForma,$ES$701,ProForma!$ES$701
N1_txtCapRateProj5,ProForma,$FA$701,ProForma!$FA$701
N1_txtCapRateProj6,ProForma,$FI$701,ProForma!$FI$701
N1_txtCertSignificantAssistance,File Info,$U$478,'File Info'!$U$478
N1_txtConclusionEGIM,Sales Approach,$TB$481,'Sales Approach'!$TB$481
N1_txtConclValuePctDiffFromContract,"Contracts, History",$AP$143,"'Contracts, History'!$AP$143"
N1_txtConclValuePctDiffFromContractText,"Contracts, History",$AP$144,"'Contracts, History'!$AP$144"
N1_txtConclValuePctDiffFromRecentSale,"Contracts, History",$AE$117,"'Contracts, History'!$AE$117"
N1_txtConclValuePctDiffFromRecentSaleText,"Contracts, History",$AE$118,"'Contracts, History'!$AE$118"
N1_txtCost_DirectDeveloper_CostperUOC,txt_All,$D$645,txt_All!$D$645
N1_txtCost_DirectDeveloper_TotalCost,txt_All,$D$644,txt_All!$D$644
N1_txtCost_InsurableValue_ExclusionPercent,Cost Approach,$OJ$1206,'Cost Approach'!$OJ$1206
N1_txtCostApproachSummaryStabilizedConclusion,Cost Approach,$MT$1008,'Cost Approach'!$MT$1008
N1_txtCostNewShortLived,Cost Approach,$MO$979,'Cost Approach'!$MO$979
N1_txtCostPSFReconciliation,Cost Approach,$HD$591,'Cost Approach'!$HD$591
N1_txtCostSummaryRCN,Cost Approach,$MT$969,'Cost Approach'!$MT$969
N1_txtCostSummaryRCNPSF,Cost Approach,$MT$970,'Cost Approach'!$MT$970
N1_txtDCF_PhysCollectLossPerc,txt_All,$D$642,txt_All!$D$642
N1_txtDCFHoldPeriodCommentary,DCF Assumptions,$F$22,'DCF Assumptions'!$F$22
N1_txtDCFValueAsComplete,DirectCapConclusion,$BV$145,DirectCapConclusion!$BV$145
N1_txtDCFValueAsIs,DirectCapConclusion,$BU$145,DirectCapConclusion!$BU$145
N1_txtDCFValueAsStabilized,DirectCapConclusion,$BW$145,DirectCapConclusion!$BW$145
N1_txtDemo_CBSA_AreaSqMiles,Market Area,$AV$211,'Market Area'!$AV$211
N1_txtDemo_CBSA_CollegeCompare,Market Area,$BB$421,'Market Area'!$BB$421
N1_txtDemo_CBSA_HHIncCompare,Market Area,$BD$320,'Market Area'!$BD$320
N1_txtDemo_CBSA_HHIncCompare_State,Market Area,$BD$321,'Market Area'!$BD$321
N1_txtDemo_CBSA_HHIncCurrent,Market Area,$AV$321,'Market Area'!$AV$321
N1_txtDemo_CBSA_MHVCompare,Market Area,$BB$312,'Market Area'!$BB$312
N1_txtDemo_CBSA_MHVCurrent,Market Area,$AV$313,'Market Area'!$AV$313
N1_txtDemo_CBSA_PopCurrent,Market Area,$AV$216,'Market Area'!$AV$216
N1_txtDemo_CBSA_PopDensity,Market Area,$AV$212,'Market Area'!$AV$212
N1_txtDemo_CBSA_PopGrwCompare,Market Area,$BB$218,'Market Area'!$BB$218
N1_txtDemo_CBSA_PopGrwPastCensus,Market Area,$BA$216,'Market Area'!$BA$216
N1_txtDemo_MktArea_AreaSqMiles,txt_All,$D$52,txt_All!$D$52
N1_txtDemo_MktArea_CollegeCompare,txt_All,$D$58,txt_All!$D$58
N1_txtDemo_MktArea_HHIncCompare_State,txt_All,$D$51,txt_All!$D$51
N1_txtDemo_MktArea_HHIncCurrent,txt_All,$D$50,txt_All!$D$50
N1_txtDemo_MktArea_PopCurrent,txt_All,$D$54,txt_All!$D$54
N1_txtDemo_MktArea_PopDensity,txt_All,$D$53,txt_All!$D$53
N1_txtDemo_MktArea_PopGrwCompare,txt_All,$D$57,txt_All!$D$57
N1_txtDemo_MktArea_PopGrwPastCensus,txt_All,$D$55,txt_All!$D$55
N1_txtDemo_MktArea_PopGrwPastCensus_Updown,txt_All,$D$56,txt_All!$D$56
N1_txtDemos_CBSAorCounty,txt_All,$D$62,txt_All!$D$62
N1_txtDemos_CBSAorCounty_lower,txt_All,$D$64,txt_All!$D$64
N1_txtDemos_CBSAorCounty_Sentence,txt_All,$D$65,txt_All!$D$65
N1_txtDemos_CBSAorCounty_Upper,txt_All,$D$63,txt_All!$D$63
N1_txtDemos_pvaEsriCY,txt_All,$D$60:$D$60,txt_All!$D$60:$D$60
N1_txtDemos_pvaEsriFY,txt_All,$D$61:$D$61,txt_All!$D$61:$D$61
N1_txtDemosCBSA_PopRank,txt_All,$D$59,txt_All!$D$59
N1_txtDepreciatedReplacementCost,Cost Approach,$JW$699,'Cost Approach'!$JW$699
N1_txtDepreciatedValueofImprovements,Cost Approach,$MT$992,'Cost Approach'!$MT$992
N1_txtDirectCapValueAsComplete,DirectCapConclusion,$BV$144,DirectCapConclusion!$BV$144
N1_txtDirectCapValueAsIs,DirectCapConclusion,$BU$144,DirectCapConclusion!$BU$144
N1_txtDirectCapValueAsStabilized,DirectCapConclusion,$BW$144,DirectCapConclusion!$BW$144
N1_txtEASIMedian_HH_Income5mile,Market Area,$R$155,'Market Area'!$R$155
N1_txtEASIMedian_Home_Value5mile,Market Area,$R$154,'Market Area'!$R$154
N1_txtEGIM_ExpRatioCoefficient,Sales Approach,$TC$484,'Sales Approach'!$TC$484
N1_txtEntrepreneurialProfitPercentage,Cost Approach,$AW$110,'Cost Approach'!$AW$110
N1_txtExternalObsolescencePercent,Cost Approach,$MS$990,'Cost Approach'!$MS$990
N1_txtExternalObsolescencePercentage,Cost Approach,$BQ$170,'Cost Approach'!$BQ$170
N1_txtExtObsOverallCapRate,Cost Approach,$CD$231,'Cost Approach'!$CD$231
N1_txtFFE_Detail,Improvements,$GU$840,Improvements!$GU$840
N1_txtFFECost,Cost Approach,$K$39,'Cost Approach'!$K$39
N1_txtFFETotalCost,Cost Approach,$O$38,'Cost Approach'!$O$38
N1_txtFunctionalObsolescencePercent,Cost Approach,$MS$989,'Cost Approach'!$MS$989
N1_txtFunctionalObsolescencePercentage,Cost Approach,$BO$170,'Cost Approach'!$BO$170
N1_txtHUDBreakeven_MonthlyAbsorption,HUD Form 92264,$DY$556,'HUD Form 92264'!$DY$556
N1_txtHUDBreakeven_UnitsNeeded,HUD Form 92264,$DY$555,'HUD Form 92264'!$DY$555
N1_txtHUDBreakeven_UnitsOccupiedatStart,HUD Form 92264,$DY$554,'HUD Form 92264'!$DY$554
N1_txtHUDBreakevenOccupancy,HUD Form 92264,$DY$550,'HUD Form 92264'!$DY$550
N1_txtHUDBreakevenOccupancyUnits,HUD Form 92264,$DY$553,'HUD Form 92264'!$DY$553
N1_txtHUDForm9227412.Other_Trended,txt_All,$D$615,txt_All!$D$615
N1_txtHUDForm9227412.Other_Untrended,txt_All,$D$584,txt_All!$D$584
N1_txtHUDForm9227419.Other_Trended,txt_All,$D$622,txt_All!$D$622
N1_txtHUDForm9227419.Other_Untrended,txt_All,$D$591,txt_All!$D$591
N1_txtHUDForm9227426.Other_Trended,txt_All,$D$629,txt_All!$D$629
N1_txtHUDForm9227426.Other_Untrended,txt_All,$D$600,txt_All!$D$600
N1_txtHUDForm9227427.Other_Trended,txt_All,$D$630,txt_All!$D$630
N1_txtHUDForm9227427.Other_Untrended,txt_All,$D$601,txt_All!$D$601
N1_txtHUDForm922743.Other_Trended,txt_All,$D$606,txt_All!$D$606
N1_txtHUDForm922743.Other_Untrended,txt_All,$D$575,txt_All!$D$575
N1_txtHUDForm92274Advertising_Trended,txt_All,$D$604,txt_All!$D$604
N1_txtHUDForm92274Advertising_Untrended,txt_All,$D$573,txt_All!$D$573
N1_txtHUDForm92274Decorating_Trended,txt_All,$D$617,txt_All!$D$617
N1_txtHUDForm92274Decorating_Untrended,txt_All,$D$586,txt_All!$D$586
N1_txtHUDForm92274Elevator_Trended,txt_All,$D$608,txt_All!$D$608
N1_txtHUDForm92274Elevator_Untrended,txt_All,$D$577,txt_All!$D$577
N1_txtHUDForm92274EmpPayrollTax_Trended,txt_All,$D$628,txt_All!$D$628
N1_txtHUDForm92274EmpPayrollTax_Untrended,txt_All,$D$599,txt_All!$D$599
N1_txtHUDForm92274Exterminating_Trended,txt_All,$D$619,txt_All!$D$619
N1_txtHUDForm92274Exterminating_Untrended,txt_All,$D$588,txt_All!$D$588
N1_txtHUDForm92274Fuel_Trended,txt_All,$D$609,txt_All!$D$609
N1_txtHUDForm92274Fuel_Untrended,txt_All,$D$578,txt_All!$D$578
N1_txtHUDForm92274Garbage_TrashRemoval_Trended,txt_All,$D$613,txt_All!$D$613
N1_txtHUDForm92274Garbage_TrashRemoval_Untrended,txt_All,$D$582,txt_All!$D$582
N1_txtHUDForm92274Gas_Trended,txt_All,$D$612,txt_All!$D$612
N1_txtHUDForm92274Gas_Untrended,txt_All,$D$581,txt_All!$D$581
N1_txtHUDForm92274GroundExpenses_Trended,txt_All,$D$621,txt_All!$D$621
N1_txtHUDForm92274GroundExpenses_Untrended,txt_All,$D$590,txt_All!$D$590
N1_txtHUDForm92274Insurance_Trended,txt_All,$D$620,txt_All!$D$620
N1_txtHUDForm92274Insurance_Untrended,txt_All,$D$589,txt_All!$D$589
N1_txtHUDForm92274Lighting_Misc.Power_Trended,txt_All,$D$610,txt_All!$D$610
N1_txtHUDForm92274Lighting_Misc.Power_Untrended,txt_All,$D$579,txt_All!$D$579
N1_txtHUDForm92274Management_Trended,txt_All,$D$605,txt_All!$D$605
N1_txtHUDForm92274Management_Untrended,txt_All,$D$574,txt_All!$D$574
N1_txtHUDForm92274Payroll_Trended,txt_All,$D$614,txt_All!$D$614
N1_txtHUDForm92274Payroll_Untrended,txt_All,$D$583,txt_All!$D$583
N1_txtHUDForm92274PersonalPropTax_Trended,txt_All,$D$627,txt_All!$D$627
N1_txtHUDForm92274PersonalPropTax_Untrended,txt_All,$D$598,txt_All!$D$598
N1_txtHUDForm92274Repairs_Trended,txt_All,$D$618,txt_All!$D$618
N1_txtHUDForm92274Repairs_Untrended,txt_All,$D$587,txt_All!$D$587
N1_txtHUDForm92274ReplacementReserves_Untrended,txt_All,$D$594,txt_All!$D$594
N1_txtHUDForm92274Taxes_Trended,txt_All,$D$625,txt_All!$D$625
N1_txtHUDForm92274Taxes_Trended_Whole,txt_All,$D$626,txt_All!$D$626
N1_txtHUDForm92274Taxes_Untrended,txt_All,$D$596,txt_All!$D$596
N1_txtHUDForm92274Taxes_Untrended_Whole,txt_All,$D$597,txt_All!$D$597
N1_txtHUDForm92274TotalAdmin_Trended,txt_All,$D$607,txt_All!$D$607
N1_txtHUDForm92274TotalAdmin_Untrended,txt_All,$D$576,txt_All!$D$576
N1_txtHUDForm92274TotalExpenses_Untrended,txt_All,$D$603,txt_All!$D$603
N1_txtHUDForm92274TotalMaint_Trended,txt_All,$D$623,txt_All!$D$623
N1_txtHUDForm92274TotalMaint_Untrended,txt_All,$D$592,txt_All!$D$592
N1_txtHUDForm92274TotalOperating_Trended,txt_All,$D$616,txt_All!$D$616
N1_txtHUDForm92274TotalOperating_Untrended,txt_All,$D$585,txt_All!$D$585
N1_txtHUDForm92274TotalOperatingExpNoReserves_Trended,txt_All,$D$624,txt_All!$D$624
N1_txtHUDForm92274TotalOperatingExpNoReserves_Untrended,txt_All,$D$593,txt_All!$D$593
N1_txtHUDForm92274TotalOperatingExpwReserves_Untrended,txt_All,$D$595,txt_All!$D$595
N1_txtHUDForm92274TotalTaxes_Trended,txt_All,$D$631,txt_All!$D$631
N1_txtHUDForm92274TotalTaxes_Untrended,txt_All,$D$602,txt_All!$D$602
N1_txtHUDForm92274Water_Trended,txt_All,$D$611,txt_All!$D$611
N1_txtHUDForm92274Water_Untrended,txt_All,$D$580,txt_All!$D$580
N1_txtHUDOperatingDeficit,HUD Form 92264,$ER$596,'HUD Form 92264'!$ER$596
N1_txtIE_MFAFFSubjectOccupancy,MF Affordable Rent,$AG$324,'MF Affordable Rent'!$AG$324
N1_txtIE_MFSubjectOccupancy,MF Market Rent,$AG$323,'MF Market Rent'!$AG$323
N1_txtIE_Proj1CollectionLoss,ProForma,$DU$687,ProForma!$DU$687
N1_txtIE_Proj1Concessions,ProForma,$DU$689,ProForma!$DU$689
N1_txtIE_Proj1EGI,ProForma,$DO$692,ProForma!$DO$692
N1_txtIE_Proj1EGR,ProForma,$DO$690,ProForma!$DO$690
N1_txtIE_Proj1ExpenseReimb,ProForma,$DO$695,ProForma!$DO$695
N1_txtIE_Proj1LossToLease,ProForma,$DU$688,ProForma!$DU$688
N1_txtIE_Proj1NOI,ProForma,$DO$700,ProForma!$DO$700
N1_txtIE_Proj1Occupancy,ProForma,$DU$693,ProForma!$DU$693
N1_txtIE_Proj1OtherIncome,ProForma,$DO$696,ProForma!$DO$696
N1_txtIE_Proj1OtherIncomePerMo,ProForma,$DO$697,ProForma!$DO$697
N1_txtIE_Proj1PGR,ProForma,$DO$685,ProForma!$DO$685
N1_txtIE_Proj1TaxExpense,ProForma,$DO$698,ProForma!$DO$698
N1_txtIE_Proj1TotalExpenses,ProForma,$DO$699,ProForma!$DO$699
N1_txtIE_Proj1TotalOtherIncome,ProForma,$DO$691,ProForma!$DO$691
N1_txtIE_Proj1UtilitiesReimb,ProForma,$DO$694,ProForma!$DO$694
N1_txtIE_Proj1Vacancy,ProForma,$DU$686,ProForma!$DU$686
N1_txtIE_Proj2CollectionLoss,ProForma,$EC$687,ProForma!$EC$687
N1_txtIE_Proj2Concessions,ProForma,$EC$689,ProForma!$EC$689
N1_txtIE_Proj2EGI,ProForma,$DW$692,ProForma!$DW$692
N1_txtIE_Proj2EGR,ProForma,$DW$690,ProForma!$DW$690
N1_txtIE_Proj2ExpenseReimb,ProForma,$DW$695,ProForma!$DW$695
N1_txtIE_Proj2LossToLease,ProForma,$EC$688,ProForma!$EC$688
N1_txtIE_Proj2NOI,ProForma,$DW$700,ProForma!$DW$700
N1_txtIE_Proj2Occupancy,ProForma,$EC$693,ProForma!$EC$693
N1_txtIE_Proj2OtherIncome,ProForma,$DW$696,ProForma!$DW$696
N1_txtIE_Proj2OtherIncomePerMo,ProForma,$DW$697,ProForma!$DW$697
N1_txtIE_Proj2PGR,ProForma,$DW$685,ProForma!$DW$685
N1_txtIE_Proj2TaxExpense,ProForma,$DW$698,ProForma!$DW$698
N1_txtIE_Proj2TotalExpenses,ProForma,$DW$699,ProForma!$DW$699
N1_txtIE_Proj2TotalOtherIncome,ProForma,$DW$691,ProForma!$DW$691
N1_txtIE_Proj2UtilitiesReimb,ProForma,$DW$694,ProForma!$DW$694
N1_txtIE_Proj2Vacancy,ProForma,$EC$686,ProForma!$EC$686
N1_txtIE_Proj3CollectionLoss,ProForma,$EK$687,ProForma!$EK$687
N1_txtIE_Proj3Concessions,ProForma,$EK$689,ProForma!$EK$689
N1_txtIE_Proj3EGI,ProForma,$EE$692,ProForma!$EE$692
N1_txtIE_Proj3EGR,ProForma,$EE$690,ProForma!$EE$690
N1_txtIE_Proj3ExpenseReimb,ProForma,$EE$695,ProForma!$EE$695
N1_txtIE_Proj3LossToLease,ProForma,$EK$688,ProForma!$EK$688
N1_txtIE_Proj3NOI,ProForma,$EE$700,ProForma!$EE$700
N1_txtIE_Proj3Occupancy,ProForma,$EK$693,ProForma!$EK$693
N1_txtIE_Proj3OtherIncome,ProForma,$EE$696,ProForma!$EE$696
N1_txtIE_Proj3OtherIncomePerMo,ProForma,$EE$697,ProForma!$EE$697
N1_txtIE_Proj3PGR,ProForma,$EE$685,ProForma!$EE$685
N1_txtIE_Proj3TaxExpense,ProForma,$EE$698,ProForma!$EE$698
N1_txtIE_Proj3TotalExpenses,ProForma,$EE$699,ProForma!$EE$699
N1_txtIE_Proj3TotalOtherIncome,ProForma,$EE$691,ProForma!$EE$691
N1_txtIE_Proj3UtilitiesReimb,ProForma,$EE$694,ProForma!$EE$694
N1_txtIE_Proj3Vacancy,ProForma,$EK$686,ProForma!$EK$686
N1_txtIE_Proj4CollectionLoss,ProForma,$ES$687,ProForma!$ES$687
N1_txtIE_Proj4Concessions,ProForma,$ES$689,ProForma!$ES$689
N1_txtIE_Proj4EGI,ProForma,$EM$692,ProForma!$EM$692
N1_txtIE_Proj4EGR,ProForma,$EM$690,ProForma!$EM$690
N1_txtIE_Proj4ExpenseReimb,ProForma,$EM$695,ProForma!$EM$695
N1_txtIE_Proj4LossToLease,ProForma,$ES$688,ProForma!$ES$688
N1_txtIE_Proj4NOI,ProForma,$EM$700,ProForma!$EM$700
N1_txtIE_Proj4Occupancy,ProForma,$ES$693,ProForma!$ES$693
N1_txtIE_Proj4OtherIncome,ProForma,$EM$696,ProForma!$EM$696
N1_txtIE_Proj4OtherIncomePerMo,ProForma,$EM$697,ProForma!$EM$697
N1_txtIE_Proj4PGR,ProForma,$EM$685,ProForma!$EM$685
N1_txtIE_Proj4TaxExpense,ProForma,$EM$698,ProForma!$EM$698
N1_txtIE_Proj4TotalExpenses,ProForma,$EM$699,ProForma!$EM$699
N1_txtIE_Proj4TotalOtherIncome,ProForma,$EM$691,ProForma!$EM$691
N1_txtIE_Proj4UtilitiesReimb,ProForma,$EM$694,ProForma!$EM$694
N1_txtIE_Proj4Vacancy,ProForma,$ES$686,ProForma!$ES$686
N1_txtIE_Proj5CollectionLoss,ProForma,$FA$687,ProForma!$FA$687
N1_txtIE_Proj5Concessions,ProForma,$FA$689,ProForma!$FA$689
N1_txtIE_Proj5EGI,ProForma,$EU$692,ProForma!$EU$692
N1_txtIE_Proj5EGR,ProForma,$EU$690,ProForma!$EU$690
N1_txtIE_Proj5ExpenseReimb,ProForma,$EU$695,ProForma!$EU$695
N1_txtIE_Proj5LossToLease,ProForma,$FA$688,ProForma!$FA$688
N1_txtIE_Proj5NOI,ProForma,$EU$700,ProForma!$EU$700
N1_txtIE_Proj5Occupancy,ProForma,$FA$693,ProForma!$FA$693
N1_txtIE_Proj5OtherIncome,ProForma,$EU$696,ProForma!$EU$696
N1_txtIE_Proj5OtherIncomePerMo,ProForma,$EU$697,ProForma!$EU$697
N1_txtIE_Proj5PGR,ProForma,$EU$685,ProForma!$EU$685
N1_txtIE_Proj5TaxExpense,ProForma,$EU$698,ProForma!$EU$698
N1_txtIE_Proj5TotalExpenses,ProForma,$EU$699,ProForma!$EU$699
N1_txtIE_Proj5TotalOtherIncome,ProForma,$EU$691,ProForma!$EU$691
N1_txtIE_Proj5UtilitiesReimb,ProForma,$EU$694,ProForma!$EU$694
N1_txtIE_Proj5Vacancy,ProForma,$FA$686,ProForma!$FA$686
N1_txtIE_Proj6CollectionLoss,ProForma,$FI$687,ProForma!$FI$687
N1_txtIE_Proj6Concessions,ProForma,$FI$689,ProForma!$FI$689
N1_txtIE_Proj6EGI,ProForma,$FC$692,ProForma!$FC$692
N1_txtIE_Proj6EGR,ProForma,$FC$690,ProForma!$FC$690
N1_txtIE_Proj6ExpenseReimb,ProForma,$FC$695,ProForma!$FC$695
N1_txtIE_Proj6LossToLease,ProForma,$FI$688,ProForma!$FI$688
N1_txtIE_Proj6NOI,ProForma,$FC$700,ProForma!$FC$700
N1_txtIE_Proj6Occupancy,ProForma,$FI$693,ProForma!$FI$693
N1_txtIE_Proj6OtherIncome,ProForma,$FC$696,ProForma!$FC$696
N1_txtIE_Proj6OtherIncomePerMo,ProForma,$FC$697,ProForma!$FC$697
N1_txtIE_Proj6PGR,ProForma,$FC$685,ProForma!$FC$685
N1_txtIE_Proj6TaxExpense,ProForma,$FC$698,ProForma!$FC$698
N1_txtIE_Proj6TotalExpenses,ProForma,$FC$699,ProForma!$FC$699
N1_txtIE_Proj6TotalOtherIncome,ProForma,$FC$691,ProForma!$FC$691
N1_txtIE_Proj6UtilitiesReimb,ProForma,$FC$694,ProForma!$FC$694
N1_txtIE_Proj6Vacancy,ProForma,$FI$686,ProForma!$FI$686
N1_txtImprov_FutureCapex,Improvements,$AB$23,Improvements!$AB$23
N1_txtImprov_HistoricalCapex,Improvements,$AB$22,Improvements!$AB$22
N1_txtImprov_NeighborhoodNar,Improvements,$AB$21,Improvements!$AB$21
N1_txtIncomeApproach_MethodsUsed,Income Approach Setup,$H$17,'Income Approach Setup'!$H$17
N1_txtIncomeApproach_ReconcileTo,DirectCapConclusion,$BT$140,DirectCapConclusion!$BT$140
N1_txtIndirectCostPercentage,Cost Approach,$AT$110,'Cost Approach'!$AT$110
N1_txtInspectedAppraisers,File Info,$AU$629,'File Info'!$AU$629
N1_txtInspectedAppraisersHasHave,File Info,$AU$630,'File Info'!$AU$630
N1_txtInvestorSurveyCapToExit,Capitalization and Multipliers,$AF$430,'Capitalization and Multipliers'!$AF$430
N1_txtInvestorSurveyCapToExit_All,Investor Survey Output,$T$27,'Investor Survey Output'!$T$27
N1_txtInvestorSurveyComparison_All,Investor Survey Output,$R$22:$AC$35,'Investor Survey Output'!$R$22:$AC$35
N1_txtInvestorSurveyExitToDiscount,Capitalization and Multipliers,$AF$438,'Capitalization and Multipliers'!$AF$438
N1_txtInvestorSurveyExitToDiscount_All,Investor Survey Output,$T$35,'Investor Survey Output'!$T$35
N1_txtLandAreaSource,Site,$AB$46,Site!$AB$46
N1_txtLandValuation_Rounded,Land Valuation,$EL$257,'Land Valuation'!$EL$257
N1_txtLIHTCDepReplacementCost,Cost Approach,$KG$711,'Cost Approach'!$KG$711
N1_txtLODG_Cost_ConclValue_AsIs,txt_All,$D$718,txt_All!$D$718
N1_txtLODG_DCFAsIsDiscountRate,txt_All,$D$665,txt_All!$D$665
N1_txtLODG_DCFAsIsRateSpread,txt_All,$D$666,txt_All!$D$666
N1_txtLODG_DCFAsIsReversionRate,txt_All,$D$664,txt_All!$D$664
N1_txtLODG_DCFBaseYear,txt_All,$D$711,txt_All!$D$711
N1_txtLODG_DCFRampUpYears,txt_All,$D$717,txt_All!$D$717
N1_txtLODG_ExpCompHeader_Host,txt_All,$D$673,txt_All!$D$673
N1_txtLODG_FDDFees_Percent,txt_All,$D$682,txt_All!$D$682
N1_txtLODG_MgmtFee_Percent,txt_All,$D$683,txt_All!$D$683
N1_txtLODG_Reserves_Percent,txt_All,$D$684,txt_All!$D$684
N1_txtLODG_RoomRevProj_Year1,txt_All,$D$167,txt_All!$D$167
N1_txtLODG_RRMConclusionMethod,Sales Approach,$TY$548,'Sales Approach'!$TY$548
N1_txtLODG_SD_CY_ADRPenetration,txt_All,$D$691,txt_All!$D$691
N1_txtLODG_SD_CY_OccPenetration,txt_All,$D$690,txt_All!$D$690
N1_txtLODG_SD_CYPeriod,txt_All,$D$689,txt_All!$D$689
N1_txtLODG_SD_FY,txt_All,$D$692,txt_All!$D$692
N1_txtLODG_SD_FY_ADRPenetration,txt_All,$D$695,txt_All!$D$695
N1_txtLODG_SD_FY_Occ,txt_All,$D$693,txt_All!$D$693
N1_txtLODG_SD_FY_OccPenetration,txt_All,$D$694,txt_All!$D$694
N1_txtLODG_SD_FY_RevPARPenetration,txt_All,$D$696,txt_All!$D$696
N1_txtLODG_SD_PY,txt_All,$D$686,txt_All!$D$686
N1_txtLODG_SD_PY_ADRPenetration,txt_All,$D$688,txt_All!$D$688
N1_txtLODG_SD_PY_OccPenetration,txt_All,$D$687,txt_All!$D$687
N1_txtLODG_Trend_PercYear,txt_All,$D$660,txt_All!$D$660
N1_txtLODG_TTMADR,txt_All,$D$679,txt_All!$D$679
N1_txtLODG_TTMEndDate,txt_All,$D$677,txt_All!$D$677
N1_txtLODG_TTMOCC,txt_All,$D$678,txt_All!$D$678
N1_txtLODG_TTMRevPAR,txt_All,$D$680,txt_All!$D$680
N1_txtLODG_TTMRevPARPenetration,txt_All,$D$681,txt_All!$D$681
N1_txtLODGCompsADMINExpRange_ADMINRev,txt_All,$D$467,txt_All!$D$467
N1_txtLODGCompsADMINExpRange_PAR,txt_All,$D$468,txt_All!$D$468
N1_txtLODGCompsADMINExpRange_POR,txt_All,$D$468,txt_All!$D$468
N1_txtLODGCompsADMINExpRange_TotalRev,txt_All,$D$467,txt_All!$D$467
N1_txtLODGCompsATTExpRange_ATTRev,txt_All,$D$456,txt_All!$D$456
N1_txtLODGCompsATTExpRange_POR,txt_All,$D$457,txt_All!$D$457
N1_txtLODGCompsATTRevRange_RoomRev,txt_All,$D$274,txt_All!$D$274
N1_txtLODGCompsATTRevRange_TotalRev,txt_All,$D$273,txt_All!$D$273
N1_txtLODGCompsFandBExpRange_FandBRev,txt_All,$D$308,txt_All!$D$308
N1_txtLODGCompsFandBExpRange_POR,txt_All,$D$309,txt_All!$D$309
N1_txtLODGCompsFandBExpRange_TotalRev,txt_All,$D$307,txt_All!$D$307
N1_txtLODGCompsFandBRevRange_RoomRev,txt_All,$D$173,txt_All!$D$173
N1_txtLODGCompsFandBRevRange_TotalRev,txt_All,$D$172,txt_All!$D$172
N1_txtLODGCompsFFEEExpRange_FFEERev,txt_All,$D$502,txt_All!$D$502
N1_txtLODGCompsFFEEExpRange_PAR,txt_All,$D$503,txt_All!$D$503
N1_txtLODGCompsFFEEExpRange_POR,txt_All,$D$503,txt_All!$D$503
N1_txtLODGCompsFFEEExpRange_TotalRev,txt_All,$D$502,txt_All!$D$502
N1_txtLODGCompsFITExpRange_FITRev,txt_All,$D$434,txt_All!$D$434
N1_txtLODGCompsFITExpRange_POR,txt_All,$D$435,txt_All!$D$435
N1_txtLODGCompsFITRevRange_RoomRev,txt_All,$D$250,txt_All!$D$250
N1_txtLODGCompsFITRevRange_TotalRev,txt_All,$D$249,txt_All!$D$249
N1_txtLODGCompsGolfExpRange_GolfRev,txt_All,$D$357,txt_All!$D$357
N1_txtLODGCompsGolfExpRange_POR,txt_All,$D$358,txt_All!$D$358
N1_txtLODGCompsGolfRevRange_RoomRev,txt_All,$D$242,txt_All!$D$242
N1_txtLODGCompsGolfRevRange_TotalRev,txt_All,$D$241,txt_All!$D$241
N1_txtLODGCompsINSExpRange_INSRev,txt_All,$D$557,txt_All!$D$557
N1_txtLODGCompsINSExpRange_PAR,txt_All,$D$558,txt_All!$D$558
N1_txtLODGCompsINSExpRange_POR,txt_All,$D$558,txt_All!$D$558
N1_txtLODGCompsINSExpRange_TotalRev,txt_All,$D$557,txt_All!$D$557
N1_txtLODGCompsITSExpRange_ITSRev,txt_All,$D$480,txt_All!$D$480
N1_txtLODGCompsITSExpRange_PAR,txt_All,$D$481,txt_All!$D$481
N1_txtLODGCompsITSExpRange_POR,txt_All,$D$481,txt_All!$D$481
N1_txtLODGCompsITSExpRange_TotalRev,txt_All,$D$480,txt_All!$D$480
N1_txtLODGCompsMARExpRange_MARRev,txt_All,$D$401,txt_All!$D$401
N1_txtLODGCompsMARExpRange_POR,txt_All,$D$402,txt_All!$D$402
N1_txtLODGCompsMARRevRange_RoomRev,txt_All,$D$199,txt_All!$D$199
N1_txtLODGCompsMARRevRange_TotalRev,txt_All,$D$198,txt_All!$D$198
N1_txtLODGCompsMEMExpRange_MEMRev,txt_All,$D$445,txt_All!$D$445
N1_txtLODGCompsMEMExpRange_POR,txt_All,$D$446,txt_All!$D$446
N1_txtLODGCompsMEMRevRange_RoomRev,txt_All,$D$258,txt_All!$D$258
N1_txtLODGCompsMEMRevRange_TotalRev,txt_All,$D$257,txt_All!$D$257
N1_txtLODGCompsNONOPExpRange_NONOPRev,txt_All,$D$546,txt_All!$D$546
N1_txtLODGCompsNONOPExpRange_PAR,txt_All,$D$547,txt_All!$D$547
N1_txtLODGCompsNONOPExpRange_POR,txt_All,$D$547,txt_All!$D$547
N1_txtLODGCompsNONOPExpRange_TotalRev,txt_All,$D$546,txt_All!$D$546
N1_txtLODGCompsOODExpRange_OODRev,txt_All,$D$324,txt_All!$D$324
N1_txtLODGCompsOODExpRange_POR,txt_All,$D$325,txt_All!$D$325
N1_txtLODGCompsOODExpRange_TotalRev,txt_All,$D$323,txt_All!$D$323
N1_txtLODGCompsOODExpSelectAVG_POR,txt_All,$D$724,txt_All!$D$724
N1_txtLODGCompsOODRevRange_RoomRev,txt_All,$D$183,txt_All!$D$183
N1_txtLODGCompsOODRevRange_TotalRev,txt_All,$D$182,txt_All!$D$182
N1_txtLODGCompsPASSExpRange_PASSRev,txt_All,$D$423,txt_All!$D$423
N1_txtLODGCompsPASSExpRange_POR,txt_All,$D$424,txt_All!$D$424
N1_txtLODGCompsPOMExpRange_PAR,txt_All,$D$536,txt_All!$D$536
N1_txtLODGCompsPOMExpRange_POMRev,txt_All,$D$535,txt_All!$D$535
N1_txtLODGCompsPOMExpRange_POR,txt_All,$D$536,txt_All!$D$536
N1_txtLODGCompsPOMExpRange_TotalRev,txt_All,$D$535,txt_All!$D$535
N1_txtLODGCompsPRKExpRange_POR,txt_All,$D$336,txt_All!$D$336
N1_txtLODGCompsPRKExpRange_PRKRev,txt_All,$D$335,txt_All!$D$335
N1_txtLODGCompsRECExpRange_POR,txt_All,$D$413,txt_All!$D$413
N1_txtLODGCompsRECExpRange_RECRev,txt_All,$D$412,txt_All!$D$412
N1_txtLODGCompsRECRevRange_RoomRev,txt_All,$D$207,txt_All!$D$207
N1_txtLODGCompsRECRevRange_TotalRev,txt_All,$D$206,txt_All!$D$206
N1_txtLODGCompsRETExpRange_POR,txt_All,$D$380,txt_All!$D$380
N1_txtLODGCompsRETExpRange_RETRev,txt_All,$D$379,txt_All!$D$379
N1_txtLODGCompsRETRevRange_RoomRev,txt_All,$D$282,txt_All!$D$282
N1_txtLODGCompsRETRevRange_TotalRev,txt_All,$D$281,txt_All!$D$281
N1_txtLODGCompsRoomsExpRange_POR,txt_All,$D$294,txt_All!$D$294
N1_txtLODGCompsRoomsExpRange_RoomRev,txt_All,$D$293,txt_All!$D$293
N1_txtLODGCompsRoomsExpRange_TotalRev,txt_All,$D$292,txt_All!$D$292
N1_txtLODGCompsSALEExpRange_PAR,txt_All,$D$492,txt_All!$D$492
N1_txtLODGCompsSALEExpRange_POR,txt_All,$D$492,txt_All!$D$492
N1_txtLODGCompsSALEExpRange_SALERev,txt_All,$D$491,txt_All!$D$491
N1_txtLODGCompsSALEExpRange_TotalRev,txt_All,$D$491,txt_All!$D$491
N1_txtLODGCompsSMFFExpRange_PAR,txt_All,$D$514,txt_All!$D$514
N1_txtLODGCompsSMFFExpRange_POR,txt_All,$D$514,txt_All!$D$514
N1_txtLODGCompsSMFFExpRange_SMFFRev,txt_All,$D$513,txt_All!$D$513
N1_txtLODGCompsSMFFExpRange_TotalRev,txt_All,$D$513,txt_All!$D$513
N1_txtLODGCompsSpaExpRange_POR,txt_All,$D$347,txt_All!$D$347
N1_txtLODGCompsSpaExpRange_SpaRev,txt_All,$D$346,txt_All!$D$346
N1_txtLODGCompsSpaRevRange_RoomRev,txt_All,$D$234,txt_All!$D$234
N1_txtLODGCompsSpaRevRange_TotalRev,txt_All,$D$233,txt_All!$D$233
N1_txtLODGCompsTENExpRange_POR,txt_All,$D$391,txt_All!$D$391
N1_txtLODGCompsTENExpRange_TENRev,txt_All,$D$390,txt_All!$D$390
N1_txtLODGCompsTENRevRange_RoomRev,txt_All,$D$191,txt_All!$D$191
N1_txtLODGCompsTENRevRange_TotalRev,txt_All,$D$190,txt_All!$D$190
N1_txtLODGCompsUTILExpRange_PAR,txt_All,$D$525,txt_All!$D$525
N1_txtLODGCompsUTILExpRange_POR,txt_All,$D$525,txt_All!$D$525
N1_txtLODGCompsUTILExpRange_TotalRev,txt_All,$D$524,txt_All!$D$524
N1_txtLODGCompsUTILExpRange_UTILRev,txt_All,$D$524,txt_All!$D$524
N1_txtLODGCompsWPExpRange_POR,txt_All,$D$369,txt_All!$D$369
N1_txtLODGCompsWPExpRange_WPRev,txt_All,$D$368,txt_All!$D$368
N1_txtLODGCompsWPRevRange_RoomRev,txt_All,$D$266,txt_All!$D$266
N1_txtLODGCompsWPRevRange_TotalRev,txt_All,$D$265,txt_All!$D$265
N1_txtLODGForecastADMINExpAsIs_ADMINRev,txt_All,$D$470,txt_All!$D$470
N1_txtLODGForecastADMINExpAsIs_PAR,txt_All,$D$473,txt_All!$D$473
N1_txtLODGForecastADMINExpAsIs_POR,txt_All,$D$473,txt_All!$D$473
N1_txtLODGForecastADMINExpAsIs_TotalRev,txt_All,$D$470,txt_All!$D$470
N1_txtLODGForecastADMINExpDeflStable_PAR,txt_All,$D$475,txt_All!$D$475
N1_txtLODGForecastADMINExpDeflStable_POR,txt_All,$D$475,txt_All!$D$475
N1_txtLODGForecastADMINExpInPlace_ADMINRev,txt_All,$D$469,txt_All!$D$469
N1_txtLODGForecastADMINExpInPlace_PAR,txt_All,$D$472,txt_All!$D$472
N1_txtLODGForecastADMINExpInPlace_POR,txt_All,$D$472,txt_All!$D$472
N1_txtLODGForecastADMINExpInPlace_TotalRev,txt_All,$D$469,txt_All!$D$469
N1_txtLODGForecastADMINExpStable_ADMINRev,txt_All,$D$471,txt_All!$D$471
N1_txtLODGForecastADMINExpStable_PAR,txt_All,$D$474,txt_All!$D$474
N1_txtLODGForecastADMINExpStable_POR,txt_All,$D$474,txt_All!$D$474
N1_txtLODGForecastADMINExpStable_TotalRev,txt_All,$D$471,txt_All!$D$471
N1_txtLODGForecastATTExpAsIs_ATTRev,txt_All,$D$459,txt_All!$D$459
N1_txtLODGForecastATTExpAsIs_POR,txt_All,$D$462,txt_All!$D$462
N1_txtLODGForecastATTExpDeflStable_POR,txt_All,$D$464,txt_All!$D$464
N1_txtLODGForecastATTExpInPlace_ATTRev,txt_All,$D$458,txt_All!$D$458
N1_txtLODGForecastATTExpInPlace_POR,txt_All,$D$461,txt_All!$D$461
N1_txtLODGForecastATTExpStable_ATTRev,txt_All,$D$460,txt_All!$D$460
N1_txtLODGForecastATTExpStable_POR,txt_All,$D$463,txt_All!$D$463
N1_txtLODGForecastATTRevAsIs_POR,txt_All,$D$278,txt_All!$D$278
N1_txtLODGForecastATTRevAsIs_TotalRev,txt_All,$D$276,txt_All!$D$276
N1_txtLODGForecastATTRevInPlace_POR,txt_All,$D$277,txt_All!$D$277
N1_txtLODGForecastATTRevInPlace_TotalRev,txt_All,$D$275,txt_All!$D$275
N1_txtLODGForecastFandBExpAsIs_FandBRev,txt_All,$D$311,txt_All!$D$311
N1_txtLODGForecastFandBExpAsIs_POR,txt_All,$D$314,txt_All!$D$314
N1_txtLODGForecastFandBExpDeflStable_POR,txt_All,$D$316,txt_All!$D$316
N1_txtLODGForecastFandBExpInPlace_FandBRev,txt_All,$D$310,txt_All!$D$310
N1_txtLODGForecastFandBExpInPlace_POR,txt_All,$D$313,txt_All!$D$313
N1_txtLODGForecastFandBExpStable_FandBRev,txt_All,$D$312,txt_All!$D$312
N1_txtLODGForecastFandBExpStable_POR,txt_All,$D$315,txt_All!$D$315
N1_txtLODGForecastFandBRevAsIs_POR,txt_All,$D$177,txt_All!$D$177
N1_txtLODGForecastFandBRevAsIs_TotalRev,txt_All,$D$175,txt_All!$D$175
N1_txtLODGForecastFandBRevInPlace_POR,txt_All,$D$176,txt_All!$D$176
N1_txtLODGForecastFandBRevInPlace_TotalRev,txt_All,$D$174,txt_All!$D$174
N1_txtLODGForecastFFEEExpAsIs_FFEERev,txt_All,$D$505,txt_All!$D$505
N1_txtLODGForecastFFEEExpAsIs_PAR,txt_All,$D$508,txt_All!$D$508
N1_txtLODGForecastFFEEExpAsIs_POR,txt_All,$D$508,txt_All!$D$508
N1_txtLODGForecastFFEEExpAsIs_TotalRev,txt_All,$D$505,txt_All!$D$505
N1_txtLODGForecastFFEEExpDeflStable_PAR,txt_All,$D$510,txt_All!$D$510
N1_txtLODGForecastFFEEExpDeflStable_POR,txt_All,$D$510,txt_All!$D$510
N1_txtLODGForecastFFEEExpInPlace_FFEERev,txt_All,$D$504,txt_All!$D$504
N1_txtLODGForecastFFEEExpInPlace_PAR,txt_All,$D$507,txt_All!$D$507
N1_txtLODGForecastFFEEExpInPlace_POR,txt_All,$D$507,txt_All!$D$507
N1_txtLODGForecastFFEEExpInPlace_TotalRev,txt_All,$D$504,txt_All!$D$504
N1_txtLODGForecastFFEEExpStable_FFEERev,txt_All,$D$506,txt_All!$D$506
N1_txtLODGForecastFFEEExpStable_PAR,txt_All,$D$509,txt_All!$D$509
N1_txtLODGForecastFFEEExpStable_POR,txt_All,$D$509,txt_All!$D$509
N1_txtLODGForecastFFEEExpStable_TotalRev,txt_All,$D$506,txt_All!$D$506
N1_txtLODGForecastFITExpAsIs_FITRev,txt_All,$D$437,txt_All!$D$437
N1_txtLODGForecastFITExpAsIs_POR,txt_All,$D$440,txt_All!$D$440
N1_txtLODGForecastFITExpDeflStable_POR,txt_All,$D$442,txt_All!$D$442
N1_txtLODGForecastFITExpInPlace_FITRev,txt_All,$D$436,txt_All!$D$436
N1_txtLODGForecastFITExpInPlace_POR,txt_All,$D$439,txt_All!$D$439
N1_txtLODGForecastFITExpStable_FITRev,txt_All,$D$438,txt_All!$D$438
N1_txtLODGForecastFITExpStable_POR,txt_All,$D$441,txt_All!$D$441
N1_txtLODGForecastFITRevAsIs_POR,txt_All,$D$254,txt_All!$D$254
N1_txtLODGForecastFITRevAsIs_TotalRev,txt_All,$D$252,txt_All!$D$252
N1_txtLODGForecastFITRevInPlace_POR,txt_All,$D$253,txt_All!$D$253
N1_txtLODGForecastFITRevInPlace_TotalRev,txt_All,$D$251,txt_All!$D$251
N1_txtLODGForecastGolfExpAsIs_GolfRev,txt_All,$D$360,txt_All!$D$360
N1_txtLODGForecastGolfExpAsIs_POR,txt_All,$D$363,txt_All!$D$363
N1_txtLODGForecastGolfExpDeflStable_POR,txt_All,$D$365,txt_All!$D$365
N1_txtLODGForecastGolfExpInPlace_GolfRev,txt_All,$D$359,txt_All!$D$359
N1_txtLODGForecastGolfExpInPlace_POR,txt_All,$D$362,txt_All!$D$362
N1_txtLODGForecastGolfExpStable_GolfRev,txt_All,$D$361,txt_All!$D$361
N1_txtLODGForecastGolfExpStable_POR,txt_All,$D$364,txt_All!$D$364
N1_txtLODGForecastGolfRevAsIs_POR,txt_All,$D$246,txt_All!$D$246
N1_txtLODGForecastGolfRevAsIs_TotalRev,txt_All,$D$244,txt_All!$D$244
N1_txtLODGForecastGolfRevInPlace_POR,txt_All,$D$245,txt_All!$D$245
N1_txtLODGForecastGolfRevInPlace_TotalRev,txt_All,$D$243,txt_All!$D$243
N1_txtLODGForecastINSExpAsIs_INSRev,txt_All,$D$560,txt_All!$D$560
N1_txtLODGForecastINSExpAsIs_PAR,txt_All,$D$563,txt_All!$D$563
N1_txtLODGForecastINSExpAsIs_POR,txt_All,$D$563,txt_All!$D$563
N1_txtLODGForecastINSExpAsIs_TotalRev,txt_All,$D$560,txt_All!$D$560
N1_txtLODGForecastINSExpDeflStable_PAR,txt_All,$D$565,txt_All!$D$565
N1_txtLODGForecastINSExpDeflStable_POR,txt_All,$D$565,txt_All!$D$565
N1_txtLODGForecastINSExpInPlace_INSRev,txt_All,$D$559,txt_All!$D$559
N1_txtLODGForecastINSExpInPlace_PAR,txt_All,$D$562,txt_All!$D$562
N1_txtLODGForecastINSExpInPlace_POR,txt_All,$D$562,txt_All!$D$562
N1_txtLODGForecastINSExpInPlace_TotalRev,txt_All,$D$559,txt_All!$D$559
N1_txtLODGForecastINSExpStable_INSRev,txt_All,$D$561,txt_All!$D$561
N1_txtLODGForecastINSExpStable_PAR,txt_All,$D$564,txt_All!$D$564
N1_txtLODGForecastINSExpStable_POR,txt_All,$D$564,txt_All!$D$564
N1_txtLODGForecastINSExpStable_TotalRev,txt_All,$D$561,txt_All!$D$561
N1_txtLODGForecastITSExpAsIs_ITSRev,txt_All,$D$483,txt_All!$D$483
N1_txtLODGForecastITSExpAsIs_PAR,txt_All,$D$486,txt_All!$D$486
N1_txtLODGForecastITSExpAsIs_POR,txt_All,$D$486,txt_All!$D$486
N1_txtLODGForecastITSExpAsIs_TotalRev,txt_All,$D$483,txt_All!$D$483
N1_txtLODGForecastITSExpDeflStable_PAR,txt_All,$D$488,txt_All!$D$488
N1_txtLODGForecastITSExpDeflStable_POR,txt_All,$D$488,txt_All!$D$488
N1_txtLODGForecastITSExpInPlace_ITSRev,txt_All,$D$482,txt_All!$D$482
N1_txtLODGForecastITSExpInPlace_PAR,txt_All,$D$485,txt_All!$D$485
N1_txtLODGForecastITSExpInPlace_POR,txt_All,$D$485,txt_All!$D$485
N1_txtLODGForecastITSExpInPlace_TotalRev,txt_All,$D$482,txt_All!$D$482
N1_txtLODGForecastITSExpStable_ITSRev,txt_All,$D$484,txt_All!$D$484
N1_txtLODGForecastITSExpStable_PAR,txt_All,$D$487,txt_All!$D$487
N1_txtLODGForecastITSExpStable_POR,txt_All,$D$487,txt_All!$D$487
N1_txtLODGForecastITSExpStable_TotalRev,txt_All,$D$484,txt_All!$D$484
N1_txtLODGForecastMARExpAsIs_MARRev,txt_All,$D$404,txt_All!$D$404
N1_txtLODGForecastMARExpAsIs_POR,txt_All,$D$407,txt_All!$D$407
N1_txtLODGForecastMARExpDeflStable_POR,txt_All,$D$409,txt_All!$D$409
N1_txtLODGForecastMARExpInPlace_MARRev,txt_All,$D$403,txt_All!$D$403
N1_txtLODGForecastMARExpInPlace_POR,txt_All,$D$406,txt_All!$D$406
N1_txtLODGForecastMARExpStable_MARRev,txt_All,$D$405,txt_All!$D$405
N1_txtLODGForecastMARExpStable_POR,txt_All,$D$408,txt_All!$D$408
N1_txtLODGForecastMARRevAsIs_POR,txt_All,$D$203,txt_All!$D$203
N1_txtLODGForecastMARRevAsIs_TotalRev,txt_All,$D$201,txt_All!$D$201
N1_txtLODGForecastMARRevInPlace_POR,txt_All,$D$202,txt_All!$D$202
N1_txtLODGForecastMARRevInPlace_TotalRev,txt_All,$D$200,txt_All!$D$200
N1_txtLODGForecastMEMExpAsIs_MEMRev,txt_All,$D$448,txt_All!$D$448
N1_txtLODGForecastMEMExpAsIs_POR,txt_All,$D$451,txt_All!$D$451
N1_txtLODGForecastMEMExpDeflStable_POR,txt_All,$D$453,txt_All!$D$453
N1_txtLODGForecastMEMExpInPlace_MEMRev,txt_All,$D$447,txt_All!$D$447
N1_txtLODGForecastMEMExpInPlace_POR,txt_All,$D$450,txt_All!$D$450
N1_txtLODGForecastMEMExpStable_MEMRev,txt_All,$D$449,txt_All!$D$449
N1_txtLODGForecastMEMExpStable_POR,txt_All,$D$452,txt_All!$D$452
N1_txtLODGForecastMEMRevAsIs_POR,txt_All,$D$262,txt_All!$D$262
N1_txtLODGForecastMEMRevAsIs_TotalRev,txt_All,$D$260,txt_All!$D$260
N1_txtLODGForecastMEMRevInPlace_POR,txt_All,$D$261,txt_All!$D$261
N1_txtLODGForecastMEMRevInPlace_TotalRev,txt_All,$D$259,txt_All!$D$259
N1_txtLODGForecastMiscRevAsIs_POR,txt_All,$D$230,txt_All!$D$230
N1_txtLODGForecastMiscRevInPlace_POR,txt_All,$D$229,txt_All!$D$229
N1_txtLODGForecastNONOPExpAsIs_NONOPRev,txt_All,$D$549,txt_All!$D$549
N1_txtLODGForecastNONOPExpAsIs_PAR,txt_All,$D$552,txt_All!$D$552
N1_txtLODGForecastNONOPExpAsIs_POR,txt_All,$D$552,txt_All!$D$552
N1_txtLODGForecastNONOPExpAsIs_TotalRev,txt_All,$D$549,txt_All!$D$549
N1_txtLODGForecastNONOPExpDeflStable_PAR,txt_All,$D$554,txt_All!$D$554
N1_txtLODGForecastNONOPExpDeflStable_POR,txt_All,$D$554,txt_All!$D$554
N1_txtLODGForecastNONOPExpInPlace_NONOPRev,txt_All,$D$548,txt_All!$D$548
N1_txtLODGForecastNONOPExpInPlace_PAR,txt_All,$D$551,txt_All!$D$551
N1_txtLODGForecastNONOPExpInPlace_POR,txt_All,$D$551,txt_All!$D$551
N1_txtLODGForecastNONOPExpInPlace_TotalRev,txt_All,$D$548,txt_All!$D$548
N1_txtLODGForecastNONOPExpStable_NONOPRev,txt_All,$D$550,txt_All!$D$550
N1_txtLODGForecastNONOPExpStable_PAR,txt_All,$D$553,txt_All!$D$553
N1_txtLODGForecastNONOPExpStable_POR,txt_All,$D$553,txt_All!$D$553
N1_txtLODGForecastNONOPExpStable_TotalRev,txt_All,$D$550,txt_All!$D$550
N1_txtLODGForecastOODExpAsIs_OODRev,txt_All,$D$327,txt_All!$D$327
N1_txtLODGForecastOODExpAsIs_POR,txt_All,$D$330,txt_All!$D$330
N1_txtLODGForecastOODExpDeflStable_POR,txt_All,$D$332,txt_All!$D$332
N1_txtLODGForecastOODExpInPlace_OODRev,txt_All,$D$326,txt_All!$D$326
N1_txtLODGForecastOODExpInPlace_POR,txt_All,$D$329,txt_All!$D$329
N1_txtLODGForecastOODExpStable_OODRev,txt_All,$D$328,txt_All!$D$328
N1_txtLODGForecastOODExpStable_POR,txt_All,$D$331,txt_All!$D$331
N1_txtLODGForecastOODRevAsIs_POR,txt_All,$D$187,txt_All!$D$187
N1_txtLODGForecastOODRevAsIs_TotalRev,txt_All,$D$185,txt_All!$D$185
N1_txtLODGForecastOODRevInPlace_POR,txt_All,$D$186,txt_All!$D$186
N1_txtLODGForecastOODRevInPlace_TotalRev,txt_All,$D$184,txt_All!$D$184
N1_txtLODGForecastParkRevAsIs_Capture,txt_All,$D$221,txt_All!$D$221
N1_txtLODGForecastParkRevAsIs_POR,txt_All,$D$222,txt_All!$D$222
N1_txtLODGForecastPASSExpAsIs_PASSRev,txt_All,$D$426,txt_All!$D$426
N1_txtLODGForecastPASSExpAsIs_POR,txt_All,$D$429,txt_All!$D$429
N1_txtLODGForecastPASSExpDeflStable_POR,txt_All,$D$431,txt_All!$D$431
N1_txtLODGForecastPASSExpInPlace_PASSRev,txt_All,$D$425,txt_All!$D$425
N1_txtLODGForecastPASSExpInPlace_POR,txt_All,$D$428,txt_All!$D$428
N1_txtLODGForecastPASSExpStable_PASSRev,txt_All,$D$427,txt_All!$D$427
N1_txtLODGForecastPASSExpStable_POR,txt_All,$D$430,txt_All!$D$430
N1_txtLODGForecastPASSRevAsIs_Capture,txt_All,$D$227,txt_All!$D$227
N1_txtLODGForecastPASSRevAsIs_POR,txt_All,$D$228,txt_All!$D$228
N1_txtLODGForecastPOMExpAsIs_PAR,txt_All,$D$541,txt_All!$D$541
N1_txtLODGForecastPOMExpAsIs_POMRev,txt_All,$D$538,txt_All!$D$538
N1_txtLODGForecastPOMExpAsIs_POR,txt_All,$D$541,txt_All!$D$541
N1_txtLODGForecastPOMExpAsIs_TotalRev,txt_All,$D$538,txt_All!$D$538
N1_txtLODGForecastPOMExpDeflStable_PAR,txt_All,$D$543,txt_All!$D$543
N1_txtLODGForecastPOMExpDeflStable_POR,txt_All,$D$543,txt_All!$D$543
N1_txtLODGForecastPOMExpInPlace_PAR,txt_All,$D$540,txt_All!$D$540
N1_txtLODGForecastPOMExpInPlace_POMRev,txt_All,$D$537,txt_All!$D$537
N1_txtLODGForecastPOMExpInPlace_POR,txt_All,$D$540,txt_All!$D$540
N1_txtLODGForecastPOMExpInPlace_TotalRev,txt_All,$D$537,txt_All!$D$537
N1_txtLODGForecastPOMExpStable_PAR,txt_All,$D$542,txt_All!$D$542
N1_txtLODGForecastPOMExpStable_POMRev,txt_All,$D$539,txt_All!$D$539
N1_txtLODGForecastPOMExpStable_POR,txt_All,$D$542,txt_All!$D$542
N1_txtLODGForecastPOMExpStable_TotalRev,txt_All,$D$539,txt_All!$D$539
N1_txtLODGForecastPRKExpAsIs_POR,txt_All,$D$341,txt_All!$D$341
N1_txtLODGForecastPRKExpAsIs_PRKRev,txt_All,$D$338,txt_All!$D$338
N1_txtLODGForecastPRKExpDeflStable_POR,txt_All,$D$343,txt_All!$D$343
N1_txtLODGForecastPRKExpInPlace_POR,txt_All,$D$340,txt_All!$D$340
N1_txtLODGForecastPRKExpInPlace_PRKRev,txt_All,$D$337,txt_All!$D$337
N1_txtLODGForecastPRKExpStable_POR,txt_All,$D$342,txt_All!$D$342
N1_txtLODGForecastPRKExpStable_PRKRev,txt_All,$D$339,txt_All!$D$339
N1_txtLODGForecastRECExpAsIs_POR,txt_All,$D$418,txt_All!$D$418
N1_txtLODGForecastRECExpAsIs_RECRev,txt_All,$D$415,txt_All!$D$415
N1_txtLODGForecastRECExpDeflStable_POR,txt_All,$D$420,txt_All!$D$420
N1_txtLODGForecastRECExpInPlace_POR,txt_All,$D$417,txt_All!$D$417
N1_txtLODGForecastRECExpInPlace_RECRev,txt_All,$D$414,txt_All!$D$414
N1_txtLODGForecastRECExpStable_POR,txt_All,$D$419,txt_All!$D$419
N1_txtLODGForecastRECExpStable_RECRev,txt_All,$D$416,txt_All!$D$416
N1_txtLODGForecastRECRevAsIs_POR,txt_All,$D$211,txt_All!$D$211
N1_txtLODGForecastRECRevAsIs_TotalRev,txt_All,$D$209,txt_All!$D$209
N1_txtLODGForecastRECRevInPlace_POR,txt_All,$D$210,txt_All!$D$210
N1_txtLODGForecastRECRevInPlace_TotalRev,txt_All,$D$208,txt_All!$D$208
N1_txtLODGForecastRETExpAsIs_POR,txt_All,$D$385,txt_All!$D$385
N1_txtLODGForecastRETExpAsIs_RETRev,txt_All,$D$382,txt_All!$D$382
N1_txtLODGForecastRETExpDeflStable_POR,txt_All,$D$387,txt_All!$D$387
N1_txtLODGForecastRETExpInPlace_POR,txt_All,$D$384,txt_All!$D$384
N1_txtLODGForecastRETExpInPlace_RETRev,txt_All,$D$381,txt_All!$D$381
N1_txtLODGForecastRETExpStable_POR,txt_All,$D$386,txt_All!$D$386
N1_txtLODGForecastRETExpStable_RETRev,txt_All,$D$383,txt_All!$D$383
N1_txtLODGForecastRETRevAsIs_POR,txt_All,$D$286,txt_All!$D$286
N1_txtLODGForecastRETRevAsIs_TotalRev,txt_All,$D$284,txt_All!$D$284
N1_txtLODGForecastRETRevInPlace_POR,txt_All,$D$285,txt_All!$D$285
N1_txtLODGForecastRETRevInPlace_TotalRev,txt_All,$D$283,txt_All!$D$283
N1_txtLODGForecastRFeeRevAsIs_Capture,txt_All,$D$224,txt_All!$D$224
N1_txtLODGForecastRFeeRevAsIs_POR,txt_All,$D$225,txt_All!$D$225
N1_txtLODGForecastRoomsExpAsIs_POR,txt_All,$D$299,txt_All!$D$299
N1_txtLODGForecastRoomsExpAsIs_RoomRev,txt_All,$D$296,txt_All!$D$296
N1_txtLODGForecastRoomsExpDeflStable_POR,txt_All,$D$301,txt_All!$D$301
N1_txtLODGForecastRoomsExpInPlace_POR,txt_All,$D$298,txt_All!$D$298
N1_txtLODGForecastRoomsExpInPlace_RoomRev,txt_All,$D$295,txt_All!$D$295
N1_txtLODGForecastRoomsExpStable_POR,txt_All,$D$300,txt_All!$D$300
N1_txtLODGForecastRoomsExpStable_RoomRev,txt_All,$D$297,txt_All!$D$297
N1_txtLODGForecastSALEExpAsIs_PAR,txt_All,$D$497,txt_All!$D$497
N1_txtLODGForecastSALEExpAsIs_POR,txt_All,$D$497,txt_All!$D$497
N1_txtLODGForecastSALEExpAsIs_SALERev,txt_All,$D$494,txt_All!$D$494
N1_txtLODGForecastSALEExpAsIs_TotalRev,txt_All,$D$494,txt_All!$D$494
N1_txtLODGForecastSALEExpDeflStable_PAR,txt_All,$D$499,txt_All!$D$499
N1_txtLODGForecastSALEExpDeflStable_POR,txt_All,$D$499,txt_All!$D$499
N1_txtLODGForecastSALEExpInPlace_PAR,txt_All,$D$496,txt_All!$D$496
N1_txtLODGForecastSALEExpInPlace_POR,txt_All,$D$496,txt_All!$D$496
N1_txtLODGForecastSALEExpInPlace_SALERev,txt_All,$D$493,txt_All!$D$493
N1_txtLODGForecastSALEExpInPlace_TotalRev,txt_All,$D$493,txt_All!$D$493
N1_txtLODGForecastSALEExpStable_PAR,txt_All,$D$498,txt_All!$D$498
N1_txtLODGForecastSALEExpStable_POR,txt_All,$D$498,txt_All!$D$498
N1_txtLODGForecastSALEExpStable_SALERev,txt_All,$D$495,txt_All!$D$495
N1_txtLODGForecastSALEExpStable_TotalRev,txt_All,$D$495,txt_All!$D$495
N1_txtLODGForecastSMFFExpAsIs_PAR,txt_All,$D$519,txt_All!$D$519
N1_txtLODGForecastSMFFExpAsIs_POR,txt_All,$D$519,txt_All!$D$519
N1_txtLODGForecastSMFFExpAsIs_SMFFRev,txt_All,$D$516,txt_All!$D$516
N1_txtLODGForecastSMFFExpAsIs_TotalRev,txt_All,$D$516,txt_All!$D$516
N1_txtLODGForecastSMFFExpDeflStable_PAR,txt_All,$D$521,txt_All!$D$521
N1_txtLODGForecastSMFFExpDeflStable_POR,txt_All,$D$521,txt_All!$D$521
N1_txtLODGForecastSMFFExpInPlace_PAR,txt_All,$D$518,txt_All!$D$518
N1_txtLODGForecastSMFFExpInPlace_POR,txt_All,$D$518,txt_All!$D$518
N1_txtLODGForecastSMFFExpInPlace_SMFFRev,txt_All,$D$515,txt_All!$D$515
N1_txtLODGForecastSMFFExpInPlace_TotalRev,txt_All,$D$515,txt_All!$D$515
N1_txtLODGForecastSMFFExpStable_PAR,txt_All,$D$520,txt_All!$D$520
N1_txtLODGForecastSMFFExpStable_POR,txt_All,$D$520,txt_All!$D$520
N1_txtLODGForecastSMFFExpStable_SMFFRev,txt_All,$D$517,txt_All!$D$517
N1_txtLODGForecastSMFFExpStable_TotalRev,txt_All,$D$517,txt_All!$D$517
N1_txtLODGForecastSpaExpAsIs_POR,txt_All,$D$352,txt_All!$D$352
N1_txtLODGForecastSpaExpAsIs_SpaRev,txt_All,$D$349,txt_All!$D$349
N1_txtLODGForecastSpaExpDeflStable_POR,txt_All,$D$354,txt_All!$D$354
N1_txtLODGForecastSpaExpInPlace_POR,txt_All,$D$351,txt_All!$D$351
N1_txtLODGForecastSpaExpInPlace_SpaRev,txt_All,$D$348,txt_All!$D$348
N1_txtLODGForecastSpaExpStable_POR,txt_All,$D$353,txt_All!$D$353
N1_txtLODGForecastSpaExpStable_SpaRev,txt_All,$D$350,txt_All!$D$350
N1_txtLODGForecastSpaRevAsIs_POR,txt_All,$D$238,txt_All!$D$238
N1_txtLODGForecastSpaRevAsIs_TotalRev,txt_All,$D$236,txt_All!$D$236
N1_txtLODGForecastSpaRevInPlace_POR,txt_All,$D$237,txt_All!$D$237
N1_txtLODGForecastSpaRevInPlace_TotalRev,txt_All,$D$235,txt_All!$D$235
N1_txtLODGForecastTENExpAsIs_POR,txt_All,$D$396,txt_All!$D$396
N1_txtLODGForecastTENExpAsIs_TENRev,txt_All,$D$393,txt_All!$D$393
N1_txtLODGForecastTENExpDeflStable_POR,txt_All,$D$398,txt_All!$D$398
N1_txtLODGForecastTENExpInPlace_POR,txt_All,$D$395,txt_All!$D$395
N1_txtLODGForecastTENExpInPlace_TENRev,txt_All,$D$392,txt_All!$D$392
N1_txtLODGForecastTENExpStable_POR,txt_All,$D$397,txt_All!$D$397
N1_txtLODGForecastTENExpStable_TENRev,txt_All,$D$394,txt_All!$D$394
N1_txtLODGForecastTENRevAsIs_POR,txt_All,$D$195,txt_All!$D$195
N1_txtLODGForecastTENRevAsIs_TotalRev,txt_All,$D$193,txt_All!$D$193
N1_txtLODGForecastTENRevInPlace_POR,txt_All,$D$194,txt_All!$D$194
N1_txtLODGForecastTENRevInPlace_TotalRev,txt_All,$D$192,txt_All!$D$192
N1_txtLODGForecastUTILExpAsIs_PAR,txt_All,$D$530,txt_All!$D$530
N1_txtLODGForecastUTILExpAsIs_POR,txt_All,$D$530,txt_All!$D$530
N1_txtLODGForecastUTILExpAsIs_TotalRev,txt_All,$D$527,txt_All!$D$527
N1_txtLODGForecastUTILExpAsIs_UTILRev,txt_All,$D$527,txt_All!$D$527
N1_txtLODGForecastUTILExpDeflStable_PAR,txt_All,$D$532,txt_All!$D$532
N1_txtLODGForecastUTILExpDeflStable_POR,txt_All,$D$532,txt_All!$D$532
N1_txtLODGForecastUTILExpInPlace_PAR,txt_All,$D$529,txt_All!$D$529
N1_txtLODGForecastUTILExpInPlace_POR,txt_All,$D$529,txt_All!$D$529
N1_txtLODGForecastUTILExpInPlace_TotalRev,txt_All,$D$526,txt_All!$D$526
N1_txtLODGForecastUTILExpInPlace_UTILRev,txt_All,$D$526,txt_All!$D$526
N1_txtLODGForecastUTILExpStable_PAR,txt_All,$D$531,txt_All!$D$531
N1_txtLODGForecastUTILExpStable_POR,txt_All,$D$531,txt_All!$D$531
N1_txtLODGForecastUTILExpStable_TotalRev,txt_All,$D$528,txt_All!$D$528
N1_txtLODGForecastUTILExpStable_UTILRev,txt_All,$D$528,txt_All!$D$528
N1_txtLODGForecastWPExpAsIs_POR,txt_All,$D$374,txt_All!$D$374
N1_txtLODGForecastWPExpAsIs_WPRev,txt_All,$D$371,txt_All!$D$371
N1_txtLODGForecastWPExpDeflStable_POR,txt_All,$D$376,txt_All!$D$376
N1_txtLODGForecastWPExpInPlace_POR,txt_All,$D$373,txt_All!$D$373
N1_txtLODGForecastWPExpInPlace_WPRev,txt_All,$D$370,txt_All!$D$370
N1_txtLODGForecastWPExpStable_POR,txt_All,$D$375,txt_All!$D$375
N1_txtLODGForecastWPExpStable_WPRev,txt_All,$D$372,txt_All!$D$372
N1_txtLODGForecastWPRevAsIs_POR,txt_All,$D$270,txt_All!$D$270
N1_txtLODGForecastWPRevAsIs_TotalRev,txt_All,$D$268,txt_All!$D$268
N1_txtLODGForecastWPRevInPlace_POR,txt_All,$D$269,txt_All!$D$269
N1_txtLODGForecastWPRevInPlace_TotalRev,txt_All,$D$267,txt_All!$D$267
N1_txtLODGHistADMINExpRange_ADMINRev,txt_All,$D$465,txt_All!$D$465
N1_txtLODGHistADMINExpRange_PAR,txt_All,$D$466,txt_All!$D$466
N1_txtLODGHistADMINExpRange_POR,txt_All,$D$466,txt_All!$D$466
N1_txtLODGHistADMINExpRange_TotalRev,txt_All,$D$465,txt_All!$D$465
N1_txtLODGHistATTExpRange_ATTRev,txt_All,$D$454,txt_All!$D$454
N1_txtLODGHistATTExpRange_POR,txt_All,$D$455,txt_All!$D$455
N1_txtLODGHistATTRevRange_RoomRev,txt_All,$D$272,txt_All!$D$272
N1_txtLODGHistATTRevRange_TotalRev,txt_All,$D$271,txt_All!$D$271
N1_txtLODGHistFandBExpRange_FandBRev,txt_All,$D$303,txt_All!$D$303
N1_txtLODGHistFandBExpRange_POR,txt_All,$D$304,txt_All!$D$304
N1_txtLODGHistFandBExpRange_TotalRev,txt_All,$D$302,txt_All!$D$302
N1_txtLODGHistFandBRevRange_RoomRev,txt_All,$D$169,txt_All!$D$169
N1_txtLODGHistFandBRevRange_TotalRev,txt_All,$D$168,txt_All!$D$168
N1_txtLODGHistFFEEExpRange_FFEERev,txt_All,$D$500,txt_All!$D$500
N1_txtLODGHistFFEEExpRange_PAR,txt_All,$D$501,txt_All!$D$501
N1_txtLODGHistFFEEExpRange_POR,txt_All,$D$501,txt_All!$D$501
N1_txtLODGHistFFEEExpRange_TotalRev,txt_All,$D$500,txt_All!$D$500
N1_txtLODGHistFITExpRange_FITRev,txt_All,$D$432,txt_All!$D$432
N1_txtLODGHistFITExpRange_POR,txt_All,$D$433,txt_All!$D$433
N1_txtLODGHistFITRevRange_RoomRev,txt_All,$D$248,txt_All!$D$248
N1_txtLODGHistFITRevRange_TotalRev,txt_All,$D$247,txt_All!$D$247
N1_txtLODGHistGolfExpRange_GolfRev,txt_All,$D$355,txt_All!$D$355
N1_txtLODGHistGolfExpRange_POR,txt_All,$D$356,txt_All!$D$356
N1_txtLODGHistGolfRevRange_RoomRev,txt_All,$D$240,txt_All!$D$240
N1_txtLODGHistGolfRevRange_TotalRev,txt_All,$D$239,txt_All!$D$239
N1_txtLODGHistINSExpRange_INSRev,txt_All,$D$555,txt_All!$D$555
N1_txtLODGHistINSExpRange_PAR,txt_All,$D$556,txt_All!$D$556
N1_txtLODGHistINSExpRange_POR,txt_All,$D$556,txt_All!$D$556
N1_txtLODGHistINSExpRange_TotalRev,txt_All,$D$555,txt_All!$D$555
N1_txtLODGHistITSExpRange_ITSRev,txt_All,$D$476,txt_All!$D$476
N1_txtLODGHistITSExpRange_PAR,txt_All,$D$477,txt_All!$D$477
N1_txtLODGHistITSExpRange_POR,txt_All,$D$477,txt_All!$D$477
N1_txtLODGHistITSExpRange_TotalRev,txt_All,$D$476,txt_All!$D$476
N1_txtLODGHistMARExpRange_MARRev,txt_All,$D$399,txt_All!$D$399
N1_txtLODGHistMARExpRange_POR,txt_All,$D$400,txt_All!$D$400
N1_txtLODGHistMARRevRange_RoomRev,txt_All,$D$197,txt_All!$D$197
N1_txtLODGHistMARRevRange_TotalRev,txt_All,$D$196,txt_All!$D$196
N1_txtLODGHistMEMExpRange_MEMRev,txt_All,$D$443,txt_All!$D$443
N1_txtLODGHistMEMExpRange_POR,txt_All,$D$444,txt_All!$D$444
N1_txtLODGHistMEMRevRange_RoomRev,txt_All,$D$256,txt_All!$D$256
N1_txtLODGHistMEMRevRange_TotalRev,txt_All,$D$255,txt_All!$D$255
N1_txtLODGHistNONOPExpRange_NONOPRev,txt_All,$D$544,txt_All!$D$544
N1_txtLODGHistNONOPExpRange_PAR,txt_All,$D$545,txt_All!$D$545
N1_txtLODGHistNONOPExpRange_POR,txt_All,$D$545,txt_All!$D$545
N1_txtLODGHistNONOPExpRange_TotalRev,txt_All,$D$544,txt_All!$D$544
N1_txtLODGHistOODExpRange_OODRev,txt_All,$D$318,txt_All!$D$318
N1_txtLODGHistOODExpRange_POR,txt_All,$D$319,txt_All!$D$319
N1_txtLODGHistOODExpRange_TotalRev,txt_All,$D$317,txt_All!$D$317
N1_txtLODGHistOODRevRange_RoomRev,txt_All,$D$179,txt_All!$D$179
N1_txtLODGHistOODRevRange_TotalRev,txt_All,$D$178,txt_All!$D$178
N1_txtLODGHistParkRevRange_Capture,txt_All,$D$220,txt_All!$D$220
N1_txtLODGHistPASSExpRange_PASSRev,txt_All,$D$421,txt_All!$D$421
N1_txtLODGHistPASSExpRange_POR,txt_All,$D$422,txt_All!$D$422
N1_txtLODGHistPASSRevRange_Capture,txt_All,$D$226,txt_All!$D$226
N1_txtLODGHistPOMExpRange_PAR,txt_All,$D$534,txt_All!$D$534
N1_txtLODGHistPOMExpRange_POMRev,txt_All,$D$533,txt_All!$D$533
N1_txtLODGHistPOMExpRange_POR,txt_All,$D$534,txt_All!$D$534
N1_txtLODGHistPOMExpRange_TotalRev,txt_All,$D$533,txt_All!$D$533
N1_txtLODGHistPRKExpRange_POR,txt_All,$D$334,txt_All!$D$334
N1_txtLODGHistPRKExpRange_PRKRev,txt_All,$D$333,txt_All!$D$333
N1_txtLODGHistRECExpRange_POR,txt_All,$D$411,txt_All!$D$411
N1_txtLODGHistRECExpRange_RECRev,txt_All,$D$410,txt_All!$D$410
N1_txtLODGHistRECRevRange_RoomRev,txt_All,$D$205,txt_All!$D$205
N1_txtLODGHistRECRevRange_TotalRev,txt_All,$D$204,txt_All!$D$204
N1_txtLODGHistRETExpRange_POR,txt_All,$D$378,txt_All!$D$378
N1_txtLODGHistRETExpRange_RETRev,txt_All,$D$377,txt_All!$D$377
N1_txtLODGHistRETRevRange_RoomRev,txt_All,$D$280,txt_All!$D$280
N1_txtLODGHistRETRevRange_TotalRev,txt_All,$D$279,txt_All!$D$279
N1_txtLODGHistRFeeRevRange_Capture,txt_All,$D$223,txt_All!$D$223
N1_txtLODGHistRoomsExpRange_POR,txt_All,$D$289,txt_All!$D$289
N1_txtLODGHistRoomsExpRange_RoomRev,txt_All,$D$288,txt_All!$D$288
N1_txtLODGHistRoomsExpRange_TotalRev,txt_All,$D$287,txt_All!$D$287
N1_txtLODGHistSALEExpRange_PAR,txt_All,$D$490,txt_All!$D$490
N1_txtLODGHistSALEExpRange_POR,txt_All,$D$490,txt_All!$D$490
N1_txtLODGHistSALEExpRange_SALERev,txt_All,$D$489,txt_All!$D$489
N1_txtLODGHistSALEExpRange_TotalRev,txt_All,$D$489,txt_All!$D$489
N1_txtLODGHistSMFFExpRange_PAR,txt_All,$D$512,txt_All!$D$512
N1_txtLODGHistSMFFExpRange_POR,txt_All,$D$512,txt_All!$D$512
N1_txtLODGHistSMFFExpRange_SMFFRev,txt_All,$D$511,txt_All!$D$511
N1_txtLODGHistSMFFExpRange_TotalRev,txt_All,$D$511,txt_All!$D$511
N1_txtLODGHistSpaExpRange_POR,txt_All,$D$345,txt_All!$D$345
N1_txtLODGHistSpaExpRange_SpaRev,txt_All,$D$344,txt_All!$D$344
N1_txtLODGHistSpaRevRange_RoomRev,txt_All,$D$232,txt_All!$D$232
N1_txtLODGHistSpaRevRange_TotalRev,txt_All,$D$231,txt_All!$D$231
N1_txtLODGHistTENExpRange_POR,txt_All,$D$389,txt_All!$D$389
N1_txtLODGHistTENExpRange_TENRev,txt_All,$D$388,txt_All!$D$388
N1_txtLODGHistTENRevRange_RoomRev,txt_All,$D$189,txt_All!$D$189
N1_txtLODGHistTENRevRange_TotalRev,txt_All,$D$188,txt_All!$D$188
N1_txtLODGHistUTILExpRange_PAR,txt_All,$D$523,txt_All!$D$523
N1_txtLODGHistUTILExpRange_POR,txt_All,$D$523,txt_All!$D$523
N1_txtLODGHistUTILExpRange_TotalRev,txt_All,$D$522,txt_All!$D$522
N1_txtLODGHistUTILExpRange_UTILRev,txt_All,$D$522,txt_All!$D$522
N1_txtLODGHistWPExpRange_POR,txt_All,$D$367,txt_All!$D$367
N1_txtLODGHistWPExpRange_WPRev,txt_All,$D$366,txt_All!$D$366
N1_txtLODGHistWPRevRange_RoomRev,txt_All,$D$264,txt_All!$D$264
N1_txtLODGHistWPRevRange_TotalRev,txt_All,$D$263,txt_All!$D$263
N1_txtLODGIndustryFandBExpRange_FandBRev,txt_All,$D$306,txt_All!$D$306
N1_txtLODGIndustryFandBExpRange_TotalRev,txt_All,$D$305,txt_All!$D$305
N1_txtLODGIndustryFandBRevRange_RoomRev,txt_All,$D$171,txt_All!$D$171
N1_txtLODGIndustryFandBRevRange_TotalRev,txt_All,$D$170,txt_All!$D$170
N1_txtLODGIndustryITSExpRange_ITSRev,txt_All,$D$478,txt_All!$D$478
N1_txtLODGIndustryITSExpRange_PAR,txt_All,$D$479,txt_All!$D$479
N1_txtLODGIndustryITSExpRange_POR,txt_All,$D$479,txt_All!$D$479
N1_txtLODGIndustryITSExpRange_TotalRev,txt_All,$D$478,txt_All!$D$478
N1_txtLODGIndustryOODExpRange_OODRev,txt_All,$D$321,txt_All!$D$321
N1_txtLODGIndustryOODExpRange_POR,txt_All,$D$322,txt_All!$D$322
N1_txtLODGIndustryOODExpRange_TotalRev,txt_All,$D$320,txt_All!$D$320
N1_txtLODGIndustryOODRevRange_RoomRev,txt_All,$D$181,txt_All!$D$181
N1_txtLODGIndustryOODRevRange_TotalRev,txt_All,$D$180,txt_All!$D$180
N1_txtLODGIndustryRoomsExpRange_RoomRev,txt_All,$D$291,txt_All!$D$291
N1_txtLODGIndustryRoomsExpRange_TotalRev,txt_All,$D$290,txt_All!$D$290
N1_txtLODGMarket_SlicerChain,txt_All,$D$568,txt_All!$D$568
N1_txtLODGMarketCompSet_Header,txt_All,$D$567,txt_All!$D$567
N1_txtLODGMarketDataDate,txt_All,$D$566,txt_All!$D$566
N1_txtLODGSales_RRMConclusion,txt_All,$D$569,txt_All!$D$569
N1_txtLODGSales_RRMDEDUCTIONConclusion,txt_All,$D$570,txt_All!$D$570
N1_txtLongLivedDepreciableBase,Cost Approach,$MO$986,'Cost Approach'!$MO$986
N1_txtLongLivedDepreciation,Cost Approach,$MT$988,'Cost Approach'!$MT$988
N1_txtLongLivedDepreciationPercent,Cost Approach,$MS$988,'Cost Approach'!$MS$988
N1_txtLongLivedEcoLife,Cost Approach,$MQ$988,'Cost Approach'!$MQ$988
N1_txtLongLivedEffectiveAge,Cost Approach,$MP$988,'Cost Approach'!$MP$988
N1_txtLongLivedRemEcoLife,Cost Approach,$MR$988,'Cost Approach'!$MR$988
N1_txtMAIAppraisers,File Info,$AU$597,'File Info'!$AU$597
N1_txtMAIAppraisersHasHave,File Info,$AU$598,'File Info'!$AU$598
N1_txtMarketCommentary_All_Commercial,Market Analysis,$F$78,'Market Analysis'!$F$78
N1_txtMarketCommentary_All_MF,Market Analysis,$AJ$78,'Market Analysis'!$AJ$78
N1_txtMarketCommentary_Flex_Commercial,Market Analysis - Flex,$F$78,'Market Analysis - Flex'!$F$78
N1_txtMarketCommentary_Flex_MF,Market Analysis - Flex,$AJ$78,'Market Analysis - Flex'!$AJ$78
N1_txtMarketCommentaryCapRate_All_Commercial,Market Analysis,$F$104,'Market Analysis'!$F$104
N1_txtMarketCommentaryCapRate_All_MF,Market Analysis,$AJ$104,'Market Analysis'!$AJ$104
N1_txtMarketCommentaryCapRate_Flex_Commercial,Market Analysis - Flex,$F$104,'Market Analysis - Flex'!$F$104
N1_txtMarketCommentaryCapRate_Flex_MF,Market Analysis - Flex,$AJ$104,'Market Analysis - Flex'!$AJ$104
N1_txtMarketCommentaryRent_All_Commercial,Market Analysis,$F$90,'Market Analysis'!$F$90
N1_txtMarketCommentaryRent_All_MF,Market Analysis,$AJ$90,'Market Analysis'!$AJ$90
N1_txtMarketCommentaryRent_Flex_Commercial,Market Analysis - Flex,$F$90,'Market Analysis - Flex'!$F$90
N1_txtMarketCommentaryRent_Flex_MF,Market Analysis - Flex,$AJ$90,'Market Analysis - Flex'!$AJ$90
N1_txtMarketCommentarySales_All_Commercial,Market Analysis,$F$97,'Market Analysis'!$F$97
N1_txtMarketCommentarySales_All_MF,Market Analysis,$AJ$97,'Market Analysis'!$AJ$97
N1_txtMarketCommentarySales_Flex_Commercial,Market Analysis - Flex,$F$97,'Market Analysis - Flex'!$F$97
N1_txtMarketCommentarySales_Flex_MF,Market Analysis - Flex,$AJ$97,'Market Analysis - Flex'!$AJ$97
N1_txtMarketInfo_Hotels_MarketDemand_ADR,txt_All,$D$650,txt_All!$D$650
N1_txtMarketInfo_Hotels_MarketDemand_ChainADR,txt_All,$D$652,txt_All!$D$652
N1_txtMarketInfo_Hotels_MarketDemand_ChainName,txt_All,$D$649,txt_All!$D$649
N1_txtMarketInfo_Hotels_MarketDemand_ChainRevPAR,txt_All,$D$653,txt_All!$D$653
N1_txtMarketInfo_Hotels_MarketDemand_PercYear,txt_All,$D$648,txt_All!$D$648
N1_txtMarketInfo_Hotels_MarketDemand_RevPAR,txt_All,$D$651,txt_All!$D$651
N1_txtMarketInfo_Hotels_MarketDemand_TTMDate,txt_All,$D$647,txt_All!$D$647
N1_txtMarketInfo_Hotels_SubMarketDemand_ADR,txt_All,$D$655,txt_All!$D$655
N1_txtMarketInfo_Hotels_SubMarketDemand_ChainADR,txt_All,$D$657,txt_All!$D$657
N1_txtMarketInfo_Hotels_SubMarketDemand_ChainName,txt_All,$D$654,txt_All!$D$654
N1_txtMarketInfo_Hotels_SubMarketDemand_ChainRevPAR,txt_All,$D$658,txt_All!$D$658
N1_txtMarketInfo_Hotels_SubMarketDemand_RevPAR,txt_All,$D$656,txt_All!$D$656
N1_txtMarketInfoMarketName_Commercial,Market Analysis,$F$74,'Market Analysis'!$F$74
N1_txtMarketInfoMarketName_Flex_Commercial,Market Analysis - Flex,$F$74,'Market Analysis - Flex'!$F$74
N1_txtMarketInfoMarketName_Flex_MF,Market Analysis - Flex,$AJ$74,'Market Analysis - Flex'!$AJ$74
N1_txtMarketInfoMarketName_MF,Market Analysis,$AJ$74,'Market Analysis'!$AJ$74
N1_txtMarketInfoMarketPropertyType_Commercial,Market Analysis,$O$74,'Market Analysis'!$O$74
N1_txtMarketInfoMarketPropertyType_MF,Market Analysis,$AS$74,'Market Analysis'!$AS$74
N1_txtMarketInfoNewSupplyCommentary,Market Analysis Submarkets,$AZ$141,'Market Analysis Submarkets'!$AZ$141
N1_txtMarketInfoOverview_Commercial,Market Analysis,$J$74,'Market Analysis'!$J$74
N1_txtMarketInfoOverview_MF,Market Analysis,$AN$74,'Market Analysis'!$AN$74
N1_txtMarketInfoVacancyCommentary,Market Analysis Submarkets,$BS$175,'Market Analysis Submarkets'!$BS$175
N1_txtMFAFFAskingRent_Total,MF Affordable Rent,$ED$321,'MF Affordable Rent'!$ED$321
N1_txtMFAFFAskingRent_UnitGrid1,MF Affordable Rent,$ED$11,'MF Affordable Rent'!$ED$11
N1_txtMFAFFAskingRent_UnitGrid10,MF Affordable Rent,$ED$290,'MF Affordable Rent'!$ED$290
N1_txtMFAFFAskingRent_UnitGrid2,MF Affordable Rent,$ED$42,'MF Affordable Rent'!$ED$42
N1_txtMFAFFAskingRent_UnitGrid3,MF Affordable Rent,$ED$73,'MF Affordable Rent'!$ED$73
N1_txtMFAFFAskingRent_UnitGrid4,MF Affordable Rent,$ED$104,'MF Affordable Rent'!$ED$104
N1_txtMFAFFAskingRent_UnitGrid5,MF Affordable Rent,$ED$135,'MF Affordable Rent'!$ED$135
N1_txtMFAFFAskingRent_UnitGrid6,MF Affordable Rent,$ED$166,'MF Affordable Rent'!$ED$166
N1_txtMFAFFAskingRent_UnitGrid7,MF Affordable Rent,$ED$197,'MF Affordable Rent'!$ED$197
N1_txtMFAFFAskingRent_UnitGrid8,MF Affordable Rent,$ED$228,'MF Affordable Rent'!$ED$228
N1_txtMFAFFAskingRent_UnitGrid9,MF Affordable Rent,$ED$259,'MF Affordable Rent'!$ED$259
N1_txtMFAFFContractRent_Total,MF Affordable Rent,$EF$321,'MF Affordable Rent'!$EF$321
N1_txtMFAFFContractRent_UnitGrid1,MF Affordable Rent,$EF$11,'MF Affordable Rent'!$EF$11
N1_txtMFAFFContractRent_UnitGrid10,MF Affordable Rent,$EF$290,'MF Affordable Rent'!$EF$290
N1_txtMFAFFContractRent_UnitGrid2,MF Affordable Rent,$EF$42,'MF Affordable Rent'!$EF$42
N1_txtMFAFFContractRent_UnitGrid3,MF Affordable Rent,$EF$73,'MF Affordable Rent'!$EF$73
N1_txtMFAFFContractRent_UnitGrid4,MF Affordable Rent,$EF$104,'MF Affordable Rent'!$EF$104
N1_txtMFAFFContractRent_UnitGrid5,MF Affordable Rent,$EF$135,'MF Affordable Rent'!$EF$135
N1_txtMFAFFContractRent_UnitGrid6,MF Affordable Rent,$EF$166,'MF Affordable Rent'!$EF$166
N1_txtMFAFFContractRent_UnitGrid7,MF Affordable Rent,$EF$197,'MF Affordable Rent'!$EF$197
N1_txtMFAFFContractRent_UnitGrid8,MF Affordable Rent,$EF$228,'MF Affordable Rent'!$EF$228
N1_txtMFAFFContractRent_UnitGrid9,MF Affordable Rent,$EF$259,'MF Affordable Rent'!$EF$259
N1_txtMFAFFNumberofUnits_Total,MF Affordable Rent,$EB$321,'MF Affordable Rent'!$EB$321
N1_txtMFAFFNumberofUnits_UnitGrid1,MF Affordable Rent,$EB$11,'MF Affordable Rent'!$EB$11
N1_txtMFAFFNumberofUnits_UnitGrid10,MF Affordable Rent,$EB$290,'MF Affordable Rent'!$EB$290
N1_txtMFAFFNumberofUnits_UnitGrid2,MF Affordable Rent,$EB$42,'MF Affordable Rent'!$EB$42
N1_txtMFAFFNumberofUnits_UnitGrid3,MF Affordable Rent,$EB$73,'MF Affordable Rent'!$EB$73
N1_txtMFAFFNumberofUnits_UnitGrid4,MF Affordable Rent,$EB$104,'MF Affordable Rent'!$EB$104
N1_txtMFAFFNumberofUnits_UnitGrid5,MF Affordable Rent,$EB$135,'MF Affordable Rent'!$EB$135
N1_txtMFAFFNumberofUnits_UnitGrid6,MF Affordable Rent,$EB$166,'MF Affordable Rent'!$EB$166
N1_txtMFAFFNumberofUnits_UnitGrid7,MF Affordable Rent,$EB$197,'MF Affordable Rent'!$EB$197
N1_txtMFAFFNumberofUnits_UnitGrid8,MF Affordable Rent,$EB$228,'MF Affordable Rent'!$EB$228
N1_txtMFAFFNumberofUnits_UnitGrid9,MF Affordable Rent,$EB$259,'MF Affordable Rent'!$EB$259
N1_txtMFAFFUnitGridName1,MF Affordable Rent,$GE$385,'MF Affordable Rent'!$GE$385
N1_txtMFAFFUnitGridName10,MF Affordable Rent,$GE$2986,'MF Affordable Rent'!$GE$2986
N1_txtMFAFFUnitGridName2,MF Affordable Rent,$GE$674,'MF Affordable Rent'!$GE$674
N1_txtMFAFFUnitGridName3,MF Affordable Rent,$GE$963,'MF Affordable Rent'!$GE$963
N1_txtMFAFFUnitGridName4,MF Affordable Rent,$GE$1252,'MF Affordable Rent'!$GE$1252
N1_txtMFAFFUnitGridName5,MF Affordable Rent,$GE$1541,'MF Affordable Rent'!$GE$1541
N1_txtMFAFFUnitGridName6,MF Affordable Rent,$GE$1830,'MF Affordable Rent'!$GE$1830
N1_txtMFAFFUnitGridName7,MF Affordable Rent,$GE$2119,'MF Affordable Rent'!$GE$2119
N1_txtMFAFFUnitGridName8,MF Affordable Rent,$GE$2408,'MF Affordable Rent'!$GE$2408
N1_txtMFAFFUnitGridName9,MF Affordable Rent,$GE$2697,'MF Affordable Rent'!$GE$2697
N1_txtMFAskingRent_Total,MF Market Rent,$DC$321,'MF Market Rent'!$DC$321
N1_txtMFAskingRent_UnitGrid1,MF Market Rent,$DC$11,'MF Market Rent'!$DC$11
N1_txtMFAskingRent_UnitGrid10,MF Market Rent,$DC$290,'MF Market Rent'!$DC$290
N1_txtMFAskingRent_UnitGrid2,MF Market Rent,$DC$42,'MF Market Rent'!$DC$42
N1_txtMFAskingRent_UnitGrid3,MF Market Rent,$DC$73,'MF Market Rent'!$DC$73
N1_txtMFAskingRent_UnitGrid4,MF Market Rent,$DC$104,'MF Market Rent'!$DC$104
N1_txtMFAskingRent_UnitGrid5,MF Market Rent,$DC$135,'MF Market Rent'!$DC$135
N1_txtMFAskingRent_UnitGrid6,MF Market Rent,$DC$166,'MF Market Rent'!$DC$166
N1_txtMFAskingRent_UnitGrid7,MF Market Rent,$DC$197,'MF Market Rent'!$DC$197
N1_txtMFAskingRent_UnitGrid8,MF Market Rent,$DC$228,'MF Market Rent'!$DC$228
N1_txtMFAskingRent_UnitGrid9,MF Market Rent,$DC$259,'MF Market Rent'!$DC$259
N1_txtMFAvgUnitSize,MF Market Rent,$Z$321,'MF Market Rent'!$Z$321
N1_txtMFContractRent_Total,MF Market Rent,$DE$321,'MF Market Rent'!$DE$321
N1_txtMFContractRent_UnitGrid1,MF Market Rent,$DE$11,'MF Market Rent'!$DE$11
N1_txtMFContractRent_UnitGrid10,MF Market Rent,$DE$290,'MF Market Rent'!$DE$290
N1_txtMFContractRent_UnitGrid2,MF Market Rent,$DE$42,'MF Market Rent'!$DE$42
N1_txtMFContractRent_UnitGrid3,MF Market Rent,$DE$73,'MF Market Rent'!$DE$73
N1_txtMFContractRent_UnitGrid4,MF Market Rent,$DE$104,'MF Market Rent'!$DE$104
N1_txtMFContractRent_UnitGrid5,MF Market Rent,$DE$135,'MF Market Rent'!$DE$135
N1_txtMFContractRent_UnitGrid6,MF Market Rent,$DE$166,'MF Market Rent'!$DE$166
N1_txtMFContractRent_UnitGrid7,MF Market Rent,$DE$197,'MF Market Rent'!$DE$197
N1_txtMFContractRent_UnitGrid8,MF Market Rent,$DE$228,'MF Market Rent'!$DE$228
N1_txtMFContractRent_UnitGrid9,MF Market Rent,$DE$259,'MF Market Rent'!$DE$259
N1_txtMFContracttoAsking,MF Market Rent,$AY$325,'MF Market Rent'!$AY$325
N1_txtMFNumberofUnits_Total,MF Market Rent,$DA$321,'MF Market Rent'!$DA$321
N1_txtMFNumberofUnits_UnitGrid1,MF Market Rent,$DA$11,'MF Market Rent'!$DA$11
N1_txtMFNumberofUnits_UnitGrid10,MF Market Rent,$DA$290,'MF Market Rent'!$DA$290
N1_txtMFNumberofUnits_UnitGrid2,MF Market Rent,$DA$42,'MF Market Rent'!$DA$42
N1_txtMFNumberofUnits_UnitGrid3,MF Market Rent,$DA$73,'MF Market Rent'!$DA$73
N1_txtMFNumberofUnits_UnitGrid4,MF Market Rent,$DA$104,'MF Market Rent'!$DA$104
N1_txtMFNumberofUnits_UnitGrid5,MF Market Rent,$DA$135,'MF Market Rent'!$DA$135
N1_txtMFNumberofUnits_UnitGrid6,MF Market Rent,$DA$166,'MF Market Rent'!$DA$166
N1_txtMFNumberofUnits_UnitGrid7,MF Market Rent,$DA$197,'MF Market Rent'!$DA$197
N1_txtMFNumberofUnits_UnitGrid8,MF Market Rent,$DA$228,'MF Market Rent'!$DA$228
N1_txtMFNumberofUnits_UnitGrid9,MF Market Rent,$DA$259,'MF Market Rent'!$DA$259
N1_txtMFRecentLeasesCutoffDate,MF Market Rent,$DP$335,'MF Market Rent'!$DP$335
N1_txtMFUnitGridName1,MF Market Rent,$GE$586,'MF Market Rent'!$GE$586
N1_txtMFUnitGridName10,MF Market Rent,$GE$3187,'MF Market Rent'!$GE$3187
N1_txtMFUnitGridName2,MF Market Rent,$GE$875,'MF Market Rent'!$GE$875
N1_txtMFUnitGridName3,MF Market Rent,$GE$1164,'MF Market Rent'!$GE$1164
N1_txtMFUnitGridName4,MF Market Rent,$GE$1453,'MF Market Rent'!$GE$1453
N1_txtMFUnitGridName5,MF Market Rent,$GE$1742,'MF Market Rent'!$GE$1742
N1_txtMFUnitGridName6,MF Market Rent,$GE$2031,'MF Market Rent'!$GE$2031
N1_txtMFUnitGridName7,MF Market Rent,$GE$2320,'MF Market Rent'!$GE$2320
N1_txtMFUnitGridName8,MF Market Rent,$GE$2609,'MF Market Rent'!$GE$2609
N1_txtMFUnitGridName9,MF Market Rent,$GE$2898,'MF Market Rent'!$GE$2898
N1_txtMgmtFeePercentEGIProj1,ProForma,$DU$702,ProForma!$DU$702
N1_txtMgmtFeePercentEGIProj2,ProForma,$EC$702,ProForma!$EC$702
N1_txtMgmtFeePercentEGIProj3,ProForma,$EK$702,ProForma!$EK$702
N1_txtMgmtFeePercentEGIProj4,ProForma,$ES$702,ProForma!$ES$702
N1_txtMgmtFeePercentEGIProj5,ProForma,$FA$702,ProForma!$FA$702
N1_txtMgmtFeePercentEGIProj6,ProForma,$FI$702,ProForma!$FI$702
N1_txtMHC_PadMixSWvsDW,Improvements,$BJ$230,Improvements!$BJ$230
N1_txtMHC_StndPadEffContRent,txt_All,$D$572:$D$572,txt_All!$D$572:$D$572
N1_txtMHCAppraiser1CertificationStateLink,txt_All,$D$26,txt_All!$D$26
N1_txtMHCAppraiser2CertificationStateLink,txt_All,$D$27,txt_All!$D$27
N1_txtMHCAppraiser3CertificationStateLink,txt_All,$D$28,txt_All!$D$28
N1_txtMHCAppraiser4CertificationStateLink,txt_All,$D$29,txt_All!$D$29
N1_txtMostProbableBuyer,txt_All,$D$661,txt_All!$D$661
N1_txtMostProbableBuyerInvestorType,Site,$EI$403,Site!$EI$403
N1_txtMostProbableBuyerOccupancy,Site,$EI$404,Site!$EI$404
N1_txtMostRecentExpenseCompDate,HUD Form 92274,$BM$94,'HUD Form 92274'!$BM$94
N1_txtN1AssessmentMarketValue,Assessment,$I$48,Assessment!$I$48
N1_txtN1Building1ConstructionClass,Improvements,$AB$68,Improvements!$AB$68
N1_txtN1CapRateAverage,Capitalization and Multipliers,$N$168,'Capitalization and Multipliers'!$N$168
N1_txtN1ScopeIntendedUse,Scope,$H$15,Scope!$H$15
N1_txtNearestFireStationDistance,txt_All,$D$637,txt_All!$D$637
N1_txtNearestPoliceStationDistance,txt_All,$D$638,txt_All!$D$638
N1_txtNearestRegionalMall,txt_All,$D$635,txt_All!$D$635
N1_txtNearestRegionalMallDistance,txt_All,$D$636,txt_All!$D$636
N1_txtNearestShoppingCenter,txt_All,$D$633,txt_All!$D$633
N1_txtNearestShoppingCenterDistance,txt_All,$D$634,txt_All!$D$634
N1_txtNonInspectedAppraisers,File Info,$AU$636,'File Info'!$AU$636
N1_txtNonInspectedAppraisersHasHave,File Info,$AU$637,'File Info'!$AU$637
N1_txtNonMAIAppraisers,File Info,$AU$604,'File Info'!$AU$604
N1_txtNonMAIAppraisersHasHave,File Info,$AU$605,'File Info'!$AU$605
N1_txtNonPriorAppraisers,File Info,$AU$620,'File Info'!$AU$620
N1_txtNonPriorAppraisersHasHave,File Info,$AU$621,'File Info'!$AU$621
N1_txtPermittedUsesLowerCase,Zoning,$AA$45,Zoning!$AA$45
N1_txtPremarketingCostsPerBed,Cost Approach,$ML$966,'Cost Approach'!$ML$966
N1_txtPremarketingCostsTotal,Cost Approach,$MT$966,'Cost Approach'!$MT$966
N1_txtPriorAppraisers,File Info,$AU$613,'File Info'!$AU$613
N1_txtPriorAppraisersHasHave,File Info,$AU$614,'File Info'!$AU$614
N1_txtProjectedAssessmentRatio,Assessment,$FX$279,Assessment!$FX$279
N1_txtPublicTransportationRatingDD,Market Area,$AA$116,'Market Area'!$AA$116
N1_txtpvaEsriCY,Market Area,$AZ$216,'Market Area'!$AZ$216
N1_txtpvaEsriLastCensus,Market Area,$AZ$215,'Market Area'!$AZ$215
N1_txtpvaMHCLeaseUp_MarketingCostPerSite,MF Lease Up,$CP$253,'MF Lease Up'!$CP$253
N1_txtpvaMHCLeaseUp_ProfitMethod,MF Lease Up,$CP$255,'MF Lease Up'!$CP$255
N1_txtpvaMHCLeaseUp_ProfitPct,MF Lease Up,$CP$254,'MF Lease Up'!$CP$254
N1_txtpvaMHCLeaseUp_RoundTo,MF Lease Up,$CM$259,'MF Lease Up'!$CM$259
N1_txtReconciledApproach,DirectCapConclusion,$CD$161,DirectCapConclusion!$CD$161
N1_txtReconciledApproachReasoning,DirectCapConclusion,$CD$162,DirectCapConclusion!$CD$162
N1_txtReconciledReplacementCostNew,Cost Approach,$JB$674,'Cost Approach'!$JB$674
N1_txtReconciledValueAsComplete,DirectCapConclusion,$BV$147,DirectCapConclusion!$BV$147
N1_txtReconciledValueAsIs,DirectCapConclusion,$BU$147,DirectCapConclusion!$BU$147
N1_txtReconciledValueAsStabilized,DirectCapConclusion,$BW$147,DirectCapConclusion!$BW$147
N1_txtRentRollInputDate,Rent Roll Input,$I$2,'Rent Roll Input'!$I$2
N1_txtReservesPerUnitProj1,ProForma,$DO$703,ProForma!$DO$703
N1_txtReservesPerUnitProj2,ProForma,$DW$703,ProForma!$DW$703
N1_txtReservesPerUnitProj3,ProForma,$EE$703,ProForma!$EE$703
N1_txtReservesPerUnitProj4,ProForma,$EM$703,ProForma!$EM$703
N1_txtReservesPerUnitProj5,ProForma,$EU$703,ProForma!$EU$703
N1_txtReservesPerUnitProj6,ProForma,$FC$703,ProForma!$FC$703
N1_txtReservesPSF_Year1,DCF Assumptions,$BE$153,'DCF Assumptions'!$BE$153
N1_txtRRAboveBelowMarketTenants,Rent Roll,$R$221,'Rent Roll'!$R$221
N1_txtRRLOIs,Rent Roll,$R$193,'Rent Roll'!$R$193
N1_txtRRMTMTenants,Rent Roll,$R$207,'Rent Roll'!$R$207
N1_txtRRNatureofTenancy,Rent Roll,$R$171,'Rent Roll'!$R$171
N1_txtRRTenantsExpandingDownsizing,Rent Roll,$R$188,'Rent Roll'!$R$188
N1_txtRRTenantsRenewing,Rent Roll,$R$183,'Rent Roll'!$R$183
N1_txtRRTenantsVacating,Rent Roll,$R$178,'Rent Roll'!$R$178
N1_txtRRWALT,Rent Roll,$R$232,'Rent Roll'!$R$232
N1_txtSalutationName,txt_All,$D$663,txt_All!$D$663
N1_txtScope_Cost,txt_All,$D$21,txt_All!$D$21
N1_txtScope_Income,txt_All,$D$23,txt_All!$D$23
N1_txtScope_SCA,txt_All,$D$22,txt_All!$D$22
N1_txtSH_LeaseCoverage_CapRate,Lease Abstracts,$AW$152,'Lease Abstracts'!$AW$152
N1_txtSH_LeaseCoverage_UponStable,Lease Abstracts,$AW$154,'Lease Abstracts'!$AW$154
N1_txtSH_LeaseCoverageRatio_Reset,Lease Abstracts,$AZ$118,'Lease Abstracts'!$AZ$118
N1_txtSH_ReservesPerBedProj1,ProForma,$DO$704,ProForma!$DO$704
N1_txtSH_ReservesPerBedProj2,ProForma,$DW$704,ProForma!$DW$704
N1_txtSH_ReservesPerBedProj3,ProForma,$EE$704,ProForma!$EE$704
N1_txtSH_ReservesPerBedProj4,ProForma,$EM$704,ProForma!$EM$704
N1_txtSH_ReservesPerBedProj5,ProForma,$EU$704,ProForma!$EU$704
N1_txtSH_ReservesPerBedProj6,ProForma,$FC$704,ProForma!$FC$704
N1_txtShortLivedDepreciationPercent,Cost Approach,$MS$979,'Cost Approach'!$MS$979
N1_txtShortLivedDepreciationPercentMax,Cost Approach,$MX$977,'Cost Approach'!$MX$977
N1_txtShortLivedDepreciationPercentMin,Cost Approach,$MX$976,'Cost Approach'!$MX$976
N1_txtShortLivedEffAgeMax,Cost Approach,$MX$975,'Cost Approach'!$MX$975
N1_txtShortLivedEffAgeMin,Cost Approach,$MX$974,'Cost Approach'!$MX$974
N1_txtSprinklerCost,Cost Approach,$L$7,'Cost Approach'!$L$7
N1_txtStabilizedTaxProjectionPSF,txt_All,$D$640,txt_All!$D$640
N1_txtSubMarketCommentary,Market Analysis Submarkets,$Y$119,'Market Analysis Submarkets'!$Y$119
N1_txtTaxAssessSubjectPerUOC,Assessment,$EW$221,Assessment!$EW$221
N1_txtTaxCompsAssessAvgPerUOC,txt_All,$D$166,txt_All!$D$166
N1_txtTaxCompsAssessMaxPerUOC,Assessment,$EW$234,Assessment!$EW$234
N1_txtTaxCompsAssessMinPerUOC,Assessment,$EW$232,Assessment!$EW$232
N1_txtTaxCompsAvgPerUOC,Assessment,$FC$233,Assessment!$FC$233
N1_txtTaxCompsMaxPerUOC,Assessment,$FC$234,Assessment!$FC$234
N1_txtTaxCompsMinPerUOC,Assessment,$FC$232,Assessment!$FC$232
N1_txtTaxProjectionPSF,txt_All,$D$639,txt_All!$D$639
N1_txtTaxSubjectPerUOC,Assessment,$FC$221,Assessment!$FC$221
N1_txtTotalAccruedDepreciation,Cost Approach,$MT$991,'Cost Approach'!$MT$991
N1_txtTotalCapEx,Improvements,$FG$770,Improvements!$FG$770
N1_txtTotalDeferredMaintenance,Improvements,$FZ$793,Improvements!$FZ$793
N1_txtTotalDepreciationShortLived,Cost Approach,$MT$979,'Cost Approach'!$MT$979
N1_txtTotalSiteCosts,Cost Approach,$O$27,'Cost Approach'!$O$27
N1_txtValuePremises_Full,"Dates, Premises",$Y$32,"'Dates, Premises'!$Y$32"
N1_txtZoningPermittedUses,Zoning,$BI$66,Zoning!$BI$66
N1AdditionalFee,File Info,$I$36,'File Info'!$I$36
N1Address,File Info,$I$110,'File Info'!$I$110
N1AdjacentPropertyUse,Market Area,$E$90:$X$96,'Market Area'!$E$90:$X$96
N1AdvertisingAndMarketingExpense,Expense Grid,$BS$188:$BY$210,'Expense Grid'!$BS$188:$BY$210
N1AmenitiesTable,Market Area,$E$136:$X$144,'Market Area'!$E$136:$X$144
N1AppliedDiscountRate,Capitalization and Multipliers,$H$356,'Capitalization and Multipliers'!$H$356
N1AppraisalFile,File Info,$I$15,'File Info'!$I$15
N1AppraisalFirmAddress,File Info,$I$326,'File Info'!$I$326
N1AppraisalFirmAddress2,File Info,$I$328,'File Info'!$I$328
N1AppraisalFirmCity,File Info,$I$330,'File Info'!$I$330
N1AppraisalFirmEmail,File Info,$I$340,'File Info'!$I$340
N1AppraisalFirmFaxNum,File Info,$I$338,'File Info'!$I$338
N1AppraisalFirmName,File Info,$I$322,'File Info'!$I$322
N1AppraisalFirmPhoneNum,File Info,$I$336,'File Info'!$I$336
N1AppraisalFirmState,File Info,$I$332,'File Info'!$I$332
N1AppraisalFirmTaxID,File Info,$I$324,'File Info'!$I$324
N1AppraisalFirmWebSite,File Info,$I$342,'File Info'!$I$342
N1AppraisalFirmZip,File Info,$I$334,'File Info'!$I$334
N1Appraiser1CertificationExpDate,File Info,$I$303,'File Info'!$I$303
N1Appraiser1CertificationNumber,File Info,$I$301,'File Info'!$I$301
N1Appraiser1CertificationState,File Info,$I$297,'File Info'!$I$297
N1Appraiser1CertificationType,File Info,$I$299,'File Info'!$I$299
N1Appraiser1FirstLast,File Info,$I$287,'File Info'!$I$287
N1Appraiser1FirstName,File Info,$I$281,'File Info'!$I$281
N1Appraiser1Inspection,File Info,$I$307,'File Info'!$I$307
N1Appraiser1InspectionDate,File Info,$I$309,'File Info'!$I$309
N1Appraiser1LastName,File Info,$I$285,'File Info'!$I$285
N1Appraiser1PriorServicesClient,File Info,$I$315,'File Info'!$I$315
N1Appraiser1PriorServicesTimes,File Info,$I$313,'File Info'!$I$313
N1Appraiser1PriorServicesYesNo,File Info,$I$311,'File Info'!$I$311
N1Appraiser1Role,File Info,$I$305,'File Info'!$I$305
N1Appraiser1Suffix,File Info,$I$291,'File Info'!$I$291
N1Appraiser1Title,File Info,$I$289,'File Info'!$I$289
N1Appraiser2CertificationExpDate,File Info,$I$374,'File Info'!$I$374
N1Appraiser2CertificationNumber,File Info,$I$372,'File Info'!$I$372
N1Appraiser2CertificationState,File Info,$I$368,'File Info'!$I$368
N1Appraiser2CertificationType,File Info,$I$370,'File Info'!$I$370
N1Appraiser2DisplayName,File Info,$I$352,'File Info'!$I$352
N1Appraiser2Email,File Info,$I$366,'File Info'!$I$366
N1Appraiser2FirstName,File Info,$I$354,'File Info'!$I$354
N1Appraiser2Inspection,File Info,$I$378,'File Info'!$I$378
N1Appraiser2InspectionDate,File Info,$I$380,'File Info'!$I$380
N1Appraiser2LastName,File Info,$I$358,'File Info'!$I$358
N1Appraiser2MiddleName,File Info,$I$356,'File Info'!$I$356
N1Appraiser2PhoneNumber,File Info,$I$364,'File Info'!$I$364
N1Appraiser2PriorServicesClient,File Info,$I$386,'File Info'!$I$386
N1Appraiser2PriorServicesTimes,File Info,$I$384,'File Info'!$I$384
N1Appraiser2PriorServicesYesNo,File Info,$I$382,'File Info'!$I$382
N1Appraiser2Role,File Info,$I$376,'File Info'!$I$376
N1Appraiser2Suffix,File Info,$I$362,'File Info'!$I$362
N1Appraiser2Title,File Info,$I$360,'File Info'!$I$360
N1Appraiser3CertificationExpDate,File Info,$I$418,'File Info'!$I$418
N1Appraiser3CertificationNumber,File Info,$I$416,'File Info'!$I$416
N1Appraiser3CertificationState,File Info,$I$412,'File Info'!$I$412
N1Appraiser3CertificationType,File Info,$I$414,'File Info'!$I$414
N1Appraiser3DisplayName,File Info,$I$396,'File Info'!$I$396
N1Appraiser3Email,File Info,$I$410,'File Info'!$I$410
N1Appraiser3FirstName,File Info,$I$398,'File Info'!$I$398
N1Appraiser3Inspection,File Info,$I$422,'File Info'!$I$422
N1Appraiser3InspectionDate,File Info,$I$424,'File Info'!$I$424
N1Appraiser3LastName,File Info,$I$402,'File Info'!$I$402
N1Appraiser3MiddleName,File Info,$I$400,'File Info'!$I$400
N1Appraiser3PhoneNumber,File Info,$I$408,'File Info'!$I$408
N1Appraiser3PriorServicesClient,File Info,$I$430,'File Info'!$I$430
N1Appraiser3PriorServicesTimes,File Info,$I$428,'File Info'!$I$428
N1Appraiser3PriorServicesYesNo,File Info,$I$426,'File Info'!$I$426
N1Appraiser3Role,File Info,$I$420,'File Info'!$I$420
N1Appraiser3Suffix,File Info,$I$406,'File Info'!$I$406
N1Appraiser3Title,File Info,$I$404,'File Info'!$I$404
N1Appraiser4CertificationExpDate,File Info,$I$462,'File Info'!$I$462
N1Appraiser4CertificationNumber,File Info,$I$460,'File Info'!$I$460
N1Appraiser4CertificationState,File Info,$I$456,'File Info'!$I$456
N1Appraiser4CertificationType,File Info,$I$458,'File Info'!$I$458
N1Appraiser4DisplayName,File Info,$I$440,'File Info'!$I$440
N1Appraiser4Email,File Info,$I$454,'File Info'!$I$454
N1Appraiser4FirstName,File Info,$I$442,'File Info'!$I$442
N1Appraiser4Inspection,File Info,$I$466,'File Info'!$I$466
N1Appraiser4InspectionDate,File Info,$I$468,'File Info'!$I$468
N1Appraiser4LastName,File Info,$I$446,'File Info'!$I$446
N1Appraiser4MiddleName,File Info,$I$444,'File Info'!$I$444
N1Appraiser4PhoneNumber,File Info,$I$452,'File Info'!$I$452
N1Appraiser4PriorServicesClient,File Info,$I$474,'File Info'!$I$474
N1Appraiser4PriorServicesTimes,File Info,$I$472,'File Info'!$I$472
N1Appraiser4PriorServicesYesNo,File Info,$I$470,'File Info'!$I$470
N1Appraiser4Role,File Info,$I$464,'File Info'!$I$464
N1Appraiser4Suffix,File Info,$I$450,'File Info'!$I$450
N1Appraiser4Title,File Info,$I$448,'File Info'!$I$448
N1AppraiserDisplayName,File Info,$I$279,'File Info'!$I$279
N1AppraiserEmail,File Info,$I$295,'File Info'!$I$295
N1AppraiserMiddleName,File Info,$I$283,'File Info'!$I$283
N1AppraiserPhoneNumber,File Info,$I$293,'File Info'!$I$293
N1AppraiserSignatureBlock1,File Info,$AM$541:$AO$546,'File Info'!$AM$541:$AO$546
N1AppraiserSignatureBlock2,File Info,$AQ$541:$AS$546,'File Info'!$AQ$541:$AS$546
N1AreaAccessTransit,Market Area,$E$113:$X$129,'Market Area'!$E$113:$X$129
N1AreaAndPropertyUse,Market Area,$E$29:$X$46,'Market Area'!$E$29:$X$46
N1AreaDescription,Market Area,$E$11:$X$26,'Market Area'!$E$11:$X$26
N1AsCompleteAppraisalPremise,"Dates, Premises",$I$24,"'Dates, Premises'!$I$24"
N1AsCompleteCostApproachValue,Values,$H$35,Values!$H$35
N1AsCompleteDCFValue,Values,$H$39,Values!$H$39
N1AsCompleteDirectCapValue,Values,$H$38,Values!$H$38
N1AsCompleteEGIMAnalysisValue,Values,$H$40,Values!$H$40
N1AsCompleteExcessLandValue,Values,$H$34,Values!$H$34
N1AsCompleteExposurePeriod,"Dates, Premises",$Q$24,"'Dates, Premises'!$Q$24"
N1AsCompleteIncomeApproachValue,Values,$H$37,Values!$H$37
N1AsCompleteInterestAppraised,"Dates, Premises",$M$24,"'Dates, Premises'!$M$24"
N1AsCompleteLandValue,Values,$H$33,Values!$H$33
N1AsCompleteMarketingTime,"Dates, Premises",$O$24,"'Dates, Premises'!$O$24"
N1AsCompleteNIMAnalysisValue,Values,$H$41,Values!$H$41
N1AsCompleteSalesApproachValue,Values,$H$36,Values!$H$36
N1AsCompleteValue,Values,$K$73,Values!$K$73
N1AsCompleteValueDate,"Dates, Premises",$G$24,"'Dates, Premises'!$G$24"
N1AsCompleteValueIndicationsTable,Summary,$F$132:$H$157,Summary!$F$132:$H$157
N1AsCompleteValuePerspective,"Dates, Premises",$K$24,"'Dates, Premises'!$K$24"
N1AsCompleteValueText,Values,$L$73,Values!$L$73
N1AsIsAppraisalPremise,"Dates, Premises",$I$23,"'Dates, Premises'!$I$23"
N1AsIsCostApproachValue,Values,$K$51,Values!$K$51
N1AsIsCostApproachValueText,Values,$L$51,Values!$L$51
N1AsIsDCFValue,Values,$K$55,Values!$K$55
N1AsIsDirectCapValue,Values,$K$54,Values!$K$54
N1AsIsEGIMAnalysisValue,Values,$K$56,Values!$K$56
N1AsIsEGIMAnalysisValueText,Values,$L$56,Values!$L$56
N1AsIsExcessLandValue,Values,$K$50,Values!$K$50
N1AsIsExcessLandValueText,Values,$L$50,Values!$L$50
N1AsIsExposurePeriod,"Dates, Premises",$Q$23,"'Dates, Premises'!$Q$23"
N1AsIsGrossRentalIncome,Income-Expense Summary,$V$49,'Income-Expense Summary'!$V$49
N1AsIsIncomeApproachValue,Values,$K$53,Values!$K$53
N1AsIsInsurance,Income-Expense Summary,$BP$73,'Income-Expense Summary'!$BP$73
N1AsIsInterestAppraised,"Dates, Premises",$M$23,"'Dates, Premises'!$M$23"
N1AsIsLandValue,Values,$K$49,Values!$K$49
N1AsIsLandValueText,Values,$L$49,Values!$L$49
N1AsIsMarketingTime,"Dates, Premises",$O$23,"'Dates, Premises'!$O$23"
N1AsIsNIMAnalysisValue,Values,$K$57,Values!$K$57
N1AsIsNIMAnalysisValueText,Values,$L$57,Values!$L$57
N1AsIsReserves,Income-Expense Summary,$BP$101,'Income-Expense Summary'!$BP$101
N1AsIsSalesApproachValue,Values,$K$52,Values!$K$52
N1AsIsTaxes,Income-Expense Summary,$BP$72,'Income-Expense Summary'!$BP$72
N1AsIsTotalExpenses,Income-Expense Summary,$BP$109,'Income-Expense Summary'!$BP$109
N1AsIsValue,Values,$K$72,Values!$K$72
N1AsIsValueDate,"Dates, Premises",$G$23,"'Dates, Premises'!$G$23"
N1AsIsValueIndicationsTable,Summary,$F$101:$H$129,Summary!$F$101:$H$129
N1AsIsValuePerspective,"Dates, Premises",$K$23,"'Dates, Premises'!$K$23"
N1AsIsValueText,Values,$L$72,Values!$L$72
N1AssessmentComments,Assessment,$J$54,Assessment!$J$54
N1AssessmentMarketValue,Assessment,$I$48,Assessment!$I$48
N1AssessmentParcel10CityTaxRate,Assessment,$S$29,Assessment!$S$29
N1AssessmentParcel10CountyTaxRate,Assessment,$S$30,Assessment!$S$30
N1AssessmentParcel10OtherTaxRate,Assessment,$S$31,Assessment!$S$31
N1AssessmentParcel11CityTaxRate,Assessment,$T$29,Assessment!$T$29
N1AssessmentParcel11CountyTaxRate,Assessment,$T$30,Assessment!$T$30
N1AssessmentParcel11OtherTaxRate,Assessment,$T$31,Assessment!$T$31
N1AssessmentParcel12CityTaxRate,Assessment,$U$29,Assessment!$U$29
N1AssessmentParcel12CountyTaxRate,Assessment,$U$30,Assessment!$U$30
N1AssessmentParcel12OtherTaxRate,Assessment,$U$31,Assessment!$U$31
N1AssessmentParcel13CityTaxRate,Assessment,$V$29,Assessment!$V$29
N1AssessmentParcel13CountyTaxRate,Assessment,$V$30,Assessment!$V$30
N1AssessmentParcel13OtherTaxRate,Assessment,$V$31,Assessment!$V$31
N1AssessmentParcel14CityTaxRate,Assessment,$W$29,Assessment!$W$29
N1AssessmentParcel14CountyTaxRate,Assessment,$W$30,Assessment!$W$30
N1AssessmentParcel14OtherTaxRate,Assessment,$W$31,Assessment!$W$31
N1AssessmentParcel15CityTaxRate,Assessment,$X$29,Assessment!$X$29
N1AssessmentParcel15CountyTaxRate,Assessment,$X$30,Assessment!$X$30
N1AssessmentParcel15OtherTaxRate,Assessment,$X$31,Assessment!$X$31
N1AssessmentParcel16CityTaxRate,Assessment,$Y$29,Assessment!$Y$29
N1AssessmentParcel16CountyTaxRate,Assessment,$Y$30,Assessment!$Y$30
N1AssessmentParcel16OtherTaxRate,Assessment,$Y$31,Assessment!$Y$31
N1AssessmentParcel17CityTaxRate,Assessment,$Z$29,Assessment!$Z$29
N1AssessmentParcel17CountyTaxRate,Assessment,$Z$30,Assessment!$Z$30
N1AssessmentParcel17OtherTaxRate,Assessment,$Z$31,Assessment!$Z$31
N1AssessmentParcel18CityTaxRate,Assessment,$AA$29,Assessment!$AA$29
N1AssessmentParcel18CountyTaxRate,Assessment,$AA$30,Assessment!$AA$30
N1AssessmentParcel18OtherTaxRate,Assessment,$AA$31,Assessment!$AA$31
N1AssessmentParcel19CityTaxRate,Assessment,$AB$29,Assessment!$AB$29
N1AssessmentParcel19CountyTaxRate,Assessment,$AB$30,Assessment!$AB$30
N1AssessmentParcel19OtherTaxRate,Assessment,$AB$31,Assessment!$AB$31
N1AssessmentParcel1CityTaxRate,Assessment,$J$29,Assessment!$J$29
N1AssessmentParcel1Comments,Assessment,$J$54,Assessment!$J$54
N1AssessmentParcel1CountyTaxRate,Assessment,$J$30,Assessment!$J$30
N1AssessmentParcel1EqualizationRatio,Assessment,$J$49,Assessment!$J$49
N1AssessmentParcel1ImpliedValue,Assessment,$J$50,Assessment!$J$50
N1AssessmentParcel1Improvements,Assessment,$J$21,Assessment!$J$21
N1AssessmentParcel1Land,Assessment,$J$20,Assessment!$J$20
N1AssessmentParcel1MarketValue,Assessment,$J$48,Assessment!$J$48
N1AssessmentParcel1Other,Assessment,$J$22,Assessment!$J$22
N1AssessmentParcel1OtherTaxRate,Assessment,$J$31,Assessment!$J$31
N1AssessmentParcel1PerAcre,Assessment,$J$25,Assessment!$J$25
N1AssessmentParcel1PerGBA,Assessment,$J$24,Assessment!$J$24
N1AssessmentParcel1SpecialAssessments,Assessment,$J$35,Assessment!$J$35
N1AssessmentParcel1Taxes,Assessment,$J$37,Assessment!$J$37
N1AssessmentParcel1TaxID,Assessment,$J$19,Assessment!$J$19
N1AssessmentParcel1TaxingAuthority,Assessment,$J$17,Assessment!$J$17
N1AssessmentParcel1TaxRate,Assessment,$J$32,Assessment!$J$32
N1AssessmentParcel1TaxRateCode,Assessment,$J$28,Assessment!$J$28
N1AssessmentParcel1TaxRatePer,Assessment,$J$33,Assessment!$J$33
N1AssessmentParcel1TaxYear,Assessment,$J$18,Assessment!$J$18
N1AssessmentParcel1TaxYears,Assessment,$J$27,Assessment!$J$27
N1AssessmentParcel1Total,Assessment,$J$23,Assessment!$J$23
N1AssessmentParcel1TotalPerAcre,Assessment,$J$26,Assessment!$J$26
N1AssessmentParcel20CityTaxRate,Assessment,$AC$29,Assessment!$AC$29
N1AssessmentParcel20CountyTaxRate,Assessment,$AC$30,Assessment!$AC$30
N1AssessmentParcel20OtherTaxRate,Assessment,$AC$31,Assessment!$AC$31
N1AssessmentParcel2CityTaxRate,Assessment,$K$29,Assessment!$K$29
N1AssessmentParcel2CountyTaxRate,Assessment,$K$30,Assessment!$K$30
N1AssessmentParcel2OtherTaxRate,Assessment,$K$31,Assessment!$K$31
N1AssessmentParcel3CityTaxRate,Assessment,$L$29,Assessment!$L$29
N1AssessmentParcel3CountyTaxRate,Assessment,$L$30,Assessment!$L$30
N1AssessmentParcel3OtherTaxRate,Assessment,$L$31,Assessment!$L$31
N1AssessmentParcel4CityTaxRate,Assessment,$M$29,Assessment!$M$29
N1AssessmentParcel4CountyTaxRate,Assessment,$M$30,Assessment!$M$30
N1AssessmentParcel4OtherTaxRate,Assessment,$M$31,Assessment!$M$31
N1AssessmentParcel5CityTaxRate,Assessment,$N$29,Assessment!$N$29
N1AssessmentParcel5CountyTaxRate,Assessment,$N$30,Assessment!$N$30
N1AssessmentParcel5OtherTaxRate,Assessment,$N$31,Assessment!$N$31
N1AssessmentParcel6CityTaxRate,Assessment,$O$29,Assessment!$O$29
N1AssessmentParcel6CountyTaxRate,Assessment,$O$30,Assessment!$O$30
N1AssessmentParcel6OtherTaxRate,Assessment,$O$31,Assessment!$O$31
N1AssessmentParcel7CityTaxRate,Assessment,$P$29,Assessment!$P$29
N1AssessmentParcel7CountyTaxRate,Assessment,$P$30,Assessment!$P$30
N1AssessmentParcel7OtherTaxRate,Assessment,$P$31,Assessment!$P$31
N1AssessmentParcel8CityTaxRate,Assessment,$Q$29,Assessment!$Q$29
N1AssessmentParcel8CountyTaxRate,Assessment,$Q$30,Assessment!$Q$30
N1AssessmentParcel8OtherTaxRate,Assessment,$Q$31,Assessment!$Q$31
N1AssessmentParcel9CityTaxRate,Assessment,$R$29,Assessment!$R$29
N1AssessmentParcel9CountyTaxRate,Assessment,$R$30,Assessment!$R$30
N1AssessmentParcel9OtherTaxRate,Assessment,$R$31,Assessment!$R$31
N1AssessmentParcelsTotalAssessedValue,Assessment,$I$23,Assessment!$I$23
N1AssessmentParcelsTotalImpliedValue,Assessment,$I$50,Assessment!$I$50
N1AssessmentParcelsTotalImprovements,Assessment,$I$21,Assessment!$I$21
N1AssessmentParcelsTotalLand,Assessment,$I$20,Assessment!$I$20
N1AssessmentParcelsTotalOther,Assessment,$I$22,Assessment!$I$22
N1AssessmentParcelsTotalPerAcre,Assessment,$I$25,Assessment!$I$25
N1AssessmentParcelsTotalPerGBA,Assessment,$I$24,Assessment!$I$24
N1AssessmentParcelsTotalPerSqMeter,Assessment,$I$26,Assessment!$I$26
N1AssessmentParcelsTotalTaxes,Assessment,$I$37,Assessment!$I$37
N1AssessmentTable,Assessment,$AY$86:$BN$109,Assessment!$AY$86:$BN$109
N1AssessmentTable2,Assessment,$CN$135:$DB$158,Assessment!$CN$135:$DB$158
N1AssessmentTableSpecial,Assessment,$BU$115:$CF$128,Assessment!$BU$115:$CF$128
N1AssessmentTaxCompsTable,Assessment,$EE$219:$FI$237,Assessment!$EE$219:$FI$237
N1AssessmentTotalTaxes,Assessment,$G$29,Assessment!$G$29
N1AsStabilizedAppraisalPremise,"Dates, Premises",$I$25,"'Dates, Premises'!$I$25"
N1AsStabilizedCostApproachValue,Values,$G$19,Values!$G$19
N1AsStabilizedDCFValue,Values,$G$23,Values!$G$23
N1AsStabilizedDirectCapApproachValue,Values,$G$22,Values!$G$22
N1AsStabilizedEGIMAnalysisValue,Values,$G$24,Values!$G$24
N1AsStabilizedExcessLandValue,Values,$G$18,Values!$G$18
N1AsStabilizedExposurePeriod,"Dates, Premises",$Q$25,"'Dates, Premises'!$Q$25"
N1AsStabilizedIncomeApproachValue,Values,$G$21,Values!$G$21
N1AsStabilizedInterestAppraised,"Dates, Premises",$M$25,"'Dates, Premises'!$M$25"
N1AsStabilizedLandValue,Values,$G$17,Values!$G$17
N1AsStabilizedMarketingTime,"Dates, Premises",$O$25,"'Dates, Premises'!$O$25"
N1AsStabilizedNIMAnalysisValue,Values,$G$25,Values!$G$25
N1AsStabilizedSalesApproachValue,Values,$G$20,Values!$G$20
N1AsStabilizedValue,Values,$K$74,Values!$K$74
N1AsStabilizedValueDate,"Dates, Premises",$G$25,"'Dates, Premises'!$G$25"
N1AsStabilizedValueIndicationsTable,Summary,$F$160:$H$185,Summary!$F$160:$H$185
N1AsStabilizedValuePerspective,"Dates, Premises",$K$25,"'Dates, Premises'!$K$25"
N1AsStabilizedValueText,Values,$L$74,Values!$L$74
N1AssumptionsTable,CashFlow-Assumptions,$E$12:$F$33,'CashFlow-Assumptions'!$E$12:$F$33
N1AuthorMyOur,File Info,$I$487,'File Info'!$I$487
N1AuthorMyOurLowerCase,File Info,$I$489,'File Info'!$I$489
N1AuthorWeI,File Info,$I$485,'File Info'!$I$485
N1AuthorWeILowerCase,File Info,$I$491,'File Info'!$I$491
N1Building1AncillaryBuildings,Improvements,$AB$204,Improvements!$AB$204
N1Building1AppealAppearance,Improvements,$AB$80,Improvements!$AB$80
N1Building1BasementSize,Improvements,$AB$142,Improvements!$AB$142
N1Building1BasementSizeMeters,Improvements,$AB$143,Improvements!$AB$143
N1Building1BasementUseandFinish,Improvements,$AB$145,Improvements!$AB$145
N1Building1BuildingEfficiencyRatio,Improvements,$AB$107,Improvements!$AB$107
N1Building1BuildingEfficiencyRatioMetric,Improvements,$AB$108,Improvements!$AB$108
N1Building1CeilingCover,Improvements,$AB$168,Improvements!$AB$168
N1Building1CeilingHeight,Improvements,$AB$169,Improvements!$AB$169
N1Building1CeilingHeightMeters,Improvements,$AB$170,Improvements!$AB$170
N1Building1ClearHeight,Improvements,$AB$157,Improvements!$AB$157
N1Building1ColumnSpacing,Improvements,$AB$147,Improvements!$AB$147
N1Building1ColumnSpacingMeters,Improvements,$AB$148,Improvements!$AB$148
N1Building1Comments,Improvements,$AB$189,Improvements!$AB$189
N1Building1Condition,Improvements,$AB$79,Improvements!$AB$79
N1Building1Construction,Improvements,$AB$69,Improvements!$AB$69
N1Building1ConstructionClass,Improvements,$AB$68,Improvements!$AB$68
N1Building1ConstructionQuality,Improvements,$AB$70,Improvements!$AB$70
N1Building1Cooling,Improvements,$AB$180,Improvements!$AB$180
N1Building1CoveredParkingSpaces,Improvements,$AB$111,Improvements!$AB$111
N1Building1Craneways,Improvements,$AB$158,Improvements!$AB$158
N1Building1Description,Improvements,$AB$60,Improvements!$AB$60
N1Building1EffectiveAge,Improvements,$AB$76,Improvements!$AB$76
N1Building1Electrical,Improvements,$AB$181,Improvements!$AB$181
N1Building1ExteriorWalls,Improvements,$AB$151,Improvements!$AB$151
N1Building1FireSprinkler,Improvements,$AB$183,Improvements!$AB$183
N1Building1FloorCovering,Improvements,$AB$166,Improvements!$AB$166
N1Building1FloorPlanLayout,Improvements,$AB$165,Improvements!$AB$165
N1Building1Foundation,Improvements,$AB$141,Improvements!$AB$141
N1Building1Frame,Improvements,$AB$146,Improvements!$AB$146
N1Building1GarageParkingSpaces,Improvements,$AB$112,Improvements!$AB$112
N1Building1GBA,Improvements,$AB$90,Improvements!$AB$90
N1Building1GBAMeters,Improvements,$AB$98,Improvements!$AB$98
N1Building1GLA,Improvements,$AB$97,Improvements!$AB$97
N1Building1GLAMeters,Improvements,$AB$100,Improvements!$AB$100
N1Building1HBU,Site,$AC$27,Site!$AC$27
N1Building1HBUComment,Site,$AC$28,Site!$AC$28
N1Building1Heating,Improvements,$AB$179,Improvements!$AB$179
N1Building1ID,Improvements,$AB$59,Improvements!$AB$59
N1Building1IndustrialGBA,Improvements,$AB$88,Improvements!$AB$88
N1Building1IndustrialRA,Improvements,$AB$94,Improvements!$AB$94
N1Building1InteriorLighting,Improvements,$AB$171,Improvements!$AB$171
N1Building1InteriorWalls,Improvements,$AB$167,Improvements!$AB$167
N1Building1LandToBuildingRatio,Improvements,$AB$109,Improvements!$AB$109
N1Building1MHC_Class,Improvements,$AB$63,Improvements!$AB$63
N1Building1MHC_PctDoubleWide,Improvements,$AB$65,Improvements!$AB$65
N1Building1MHC_PctSingleWide,Improvements,$AB$64,Improvements!$AB$64
N1Building1MHC_Type,Improvements,$AB$62,Improvements!$AB$62
N1Building1MultifamilyGBA,Improvements,$AB$85,Improvements!$AB$85
N1Building1MultifamilyRA,Improvements,$AB$92,Improvements!$AB$92
N1Building1No.ofBathrooms,Improvements,$AB$127,Improvements!$AB$127
N1Building1No.ofBays,Improvements,$AB$131,Improvements!$AB$131
N1Building1No.ofBedrooms,Improvements,$AB$126,Improvements!$AB$126
N1Building1No.ofBeds,Improvements,$AB$129,Improvements!$AB$129
N1Building1No.ofElevators,Improvements,$AB$184,Improvements!$AB$184
N1Building1No.ofEscalators,Improvements,$AB$185,Improvements!$AB$185
N1Building1No.ofGolfHoles,Improvements,$AB$132,Improvements!$AB$132
N1Building1No.ofHalfBaths,Improvements,$AB$128,Improvements!$AB$128
N1Building1No.ofRooms,Improvements,$AB$125,Improvements!$AB$125
N1Building1No.ofSeats,Improvements,$AB$130,Improvements!$AB$130
N1Building1No.ofStories,Improvements,$AB$84,Improvements!$AB$84
N1Building1No.ofTruckDoors,Improvements,$AB$155,Improvements!$AB$155
N1Building1No.ofUnits,Improvements,$AB$124,Improvements!$AB$124
N1Building1NumberofBasementSublevels,Improvements,$AB$144,Improvements!$AB$144
N1Building1NumberOfTruckDoorLevelers,Improvements,$AB$156,Improvements!$AB$156
N1Building1OfficeBuildingClass,Improvements,$AB$61,Improvements!$AB$61
N1Building1OfficeGBA,Improvements,$AB$86,Improvements!$AB$86
N1Building1OfficeRA,Improvements,$AB$93,Improvements!$AB$93
N1Building1OtherGBA,Improvements,$AB$89,Improvements!$AB$89
N1Building1OtherRA,Improvements,$AB$95,Improvements!$AB$95
N1Building1ParkingAdequacy,Improvements,$AB$115,Improvements!$AB$115
N1Building1ParkingCondition,Improvements,$AB$116,Improvements!$AB$116
N1Building1ParkingSpaces,Improvements,$AB$113,Improvements!$AB$113
N1Building1ParkingType,Improvements,$AB$114,Improvements!$AB$114
N1Building1PercentOffice,Improvements,$AB$103,Improvements!$AB$103
N1Building1PlumbingCondition,Improvements,$AB$182,Improvements!$AB$182
N1Building1ProportionRenovated,Improvements,$AB$74,Improvements!$AB$74
N1Building1RA,Improvements,$AB$96,Improvements!$AB$96
N1Building1RAMeters,Improvements,$AB$99,Improvements!$AB$99
N1Building1RemainingUsefulLife,Improvements,$AB$78,Improvements!$AB$78
N1Building1Renovations,Improvements,$AB$73,Improvements!$AB$73
N1Building1ResidentialAncillaryBuildings,Improvements,$AB$204,Improvements!$AB$204
N1Building1ResidentialBathrooms,Improvements,$AB$200,Improvements!$AB$200
N1Building1ResidentialBedrooms,Improvements,$AB$199,Improvements!$AB$199
N1Building1ResidentialDesign,Improvements,$AB$197,Improvements!$AB$197
N1Building1ResidentialDockBoathouse,Improvements,$AB$205,Improvements!$AB$205
N1Building1ResidentialFireplaceWoodStove,Improvements,$AB$201,Improvements!$AB$201
N1Building1ResidentialGarage,Improvements,$AB$203,Improvements!$AB$203
N1Building1ResidentialOther,Improvements,$AB$207,Improvements!$AB$207
N1Building1ResidentialOtherAmenties,Improvements,$AB$206,Improvements!$AB$206
N1Building1ResidentialPorchDeck,Improvements,$AB$202,Improvements!$AB$202
N1Building1ResidentialRooms,Improvements,$AB$198,Improvements!$AB$198
N1Building1Restrooms,Improvements,$AB$172,Improvements!$AB$172
N1Building1RetailGBA,Improvements,$AB$87,Improvements!$AB$87
N1Building1RoofCover,Improvements,$AB$154,Improvements!$AB$154
N1Building1RoofType,Improvements,$AB$153,Improvements!$AB$153
N1Building1Security,Improvements,$AB$186,Improvements!$AB$186
N1Building1SourceForSFArea,Improvements,$AB$102,Improvements!$AB$102
N1Building1SurfaceParkingSpaces,Improvements,$AB$110,Improvements!$AB$110
N1Building1TotalEconomicLife,Improvements,$AB$77,Improvements!$AB$77
N1Building1TypicalBayDepth,Improvements,$AB$149,Improvements!$AB$149
N1Building1TypicalBayDepthMeters,Improvements,$AB$150,Improvements!$AB$150
N1Building1UnitType1,Improvements,$DC$475,Improvements!$DC$475
N1Building1UnitType10,Improvements,$DC$484,Improvements!$DC$484
N1Building1UnitType11,Improvements,$DC$485,Improvements!$DC$485
N1Building1UnitType12,Improvements,$DC$486,Improvements!$DC$486
N1Building1UnitType13,Improvements,$DC$487,Improvements!$DC$487
N1Building1UnitType14,Improvements,$DC$488,Improvements!$DC$488
N1Building1UnitType15,Improvements,$DC$489,Improvements!$DC$489
N1Building1UnitType2,Improvements,$DC$476,Improvements!$DC$476
N1Building1UnitType3,Improvements,$DC$477,Improvements!$DC$477
N1Building1UnitType4,Improvements,$DC$478,Improvements!$DC$478
N1Building1UnitType5,Improvements,$DC$479,Improvements!$DC$479
N1Building1UnitType6,Improvements,$DC$480,Improvements!$DC$480
N1Building1UnitType7,Improvements,$DC$481,Improvements!$DC$481
N1Building1UnitType8,Improvements,$DC$482,Improvements!$DC$482
N1Building1UnitType9,Improvements,$DC$483,Improvements!$DC$483
N1Building1Windows,Improvements,$AB$152,Improvements!$AB$152
N1Building1YearBuilt,Improvements,$AB$72,Improvements!$AB$72
N1Building2AppealAppearance,Improvements,$AC$80,Improvements!$AC$80
N1Building2BasementSize,Improvements,$AC$142,Improvements!$AC$142
N1Building2BasementSizeMeters,Improvements,$AC$143,Improvements!$AC$143
N1Building2BasementUseandFinish,Improvements,$AC$145,Improvements!$AC$145
N1Building2BuildingEfficiencyRatio,Improvements,$AC$107,Improvements!$AC$107
N1Building2BuildingEfficiencyRatioMetric,Improvements,$AC$108,Improvements!$AC$108
N1Building2CeilingCover,Improvements,$AC$168,Improvements!$AC$168
N1Building2CeilingHeight,Improvements,$AC$169,Improvements!$AC$169
N1Building2CeilingHeightMeters,Improvements,$AC$170,Improvements!$AC$170
N1Building2ColumnSpacing,Improvements,$AC$147,Improvements!$AC$147
N1Building2ColumnSpacingMeters,Improvements,$AC$148,Improvements!$AC$148
N1Building2Comments,Improvements,$AC$189,Improvements!$AC$189
N1Building2Condition,Improvements,$AC$79,Improvements!$AC$79
N1Building2Construction,Improvements,$AC$69,Improvements!$AC$69
N1Building2ConstructionClass,Improvements,$AC$68,Improvements!$AC$68
N1Building2ConstructionQuality,Improvements,$AC$70,Improvements!$AC$70
N1Building2Cooling,Improvements,$AC$180,Improvements!$AC$180
N1Building2Description,Improvements,$AC$60,Improvements!$AC$60
N1Building2EffectiveAge,Improvements,$AC$76,Improvements!$AC$76
N1Building2Electrical,Improvements,$AC$181,Improvements!$AC$181
N1Building2ExteriorWalls,Improvements,$AC$151,Improvements!$AC$151
N1Building2FireSprinkler,Improvements,$AC$183,Improvements!$AC$183
N1Building2FloorCovering,Improvements,$AC$166,Improvements!$AC$166
N1Building2FloorPlanLayout,Improvements,$AC$165,Improvements!$AC$165
N1Building2Foundation,Improvements,$AC$141,Improvements!$AC$141
N1Building2Frame,Improvements,$AC$146,Improvements!$AC$146
N1Building2GBA,Improvements,$AC$90,Improvements!$AC$90
N1Building2GBAMeters,Improvements,$AC$98,Improvements!$AC$98
N1Building2GLA,Improvements,$AC$97,Improvements!$AC$97
N1Building2GLAMeters,Improvements,$AC$100,Improvements!$AC$100
N1Building2HBU,Site,$AD$27,Site!$AD$27
N1Building2HBUComment,Site,$AD$28,Site!$AD$28
N1Building2Heating,Improvements,$AC$179,Improvements!$AC$179
N1Building2ID,Improvements,$AC$59,Improvements!$AC$59
N1Building2InteriorLighting,Improvements,$AC$171,Improvements!$AC$171
N1Building2InteriorWalls,Improvements,$AC$167,Improvements!$AC$167
N1Building2LandToBuildingRatio,Improvements,$AC$109,Improvements!$AC$109
N1Building2No.ofBathrooms,Improvements,$AC$127,Improvements!$AC$127
N1Building2No.ofBedrooms,Improvements,$AC$126,Improvements!$AC$126
N1Building2No.ofBeds,Improvements,$AC$129,Improvements!$AC$129
N1Building2No.ofElevators,Improvements,$AC$184,Improvements!$AC$184
N1Building2No.ofEscalators,Improvements,$AC$185,Improvements!$AC$185
N1Building2No.ofRooms,Improvements,$AC$125,Improvements!$AC$125
N1Building2No.ofSeats,Improvements,$AC$130,Improvements!$AC$130
N1Building2No.ofStories,Improvements,$AC$84,Improvements!$AC$84
N1Building2No.ofTruckDoors,Improvements,$AC$155,Improvements!$AC$155
N1Building2No.ofUnits,Improvements,$AC$124,Improvements!$AC$124
N1Building2NumberofBasementSublevels,Improvements,$AC$144,Improvements!$AC$144
N1Building2NumberOfTruckDoorLevelers,Improvements,$AC$156,Improvements!$AC$156
N1Building2OfficeBuildingClass,Improvements,$AC$61,Improvements!$AC$61
N1Building2ParkingAdequacy,Improvements,$AC$115,Improvements!$AC$115
N1Building2ParkingSpaces,Improvements,$AC$113,Improvements!$AC$113
N1Building2PercentOffice,Improvements,$AC$103,Improvements!$AC$103
N1Building2PlumbingCondition,Improvements,$AC$182,Improvements!$AC$182
N1Building2RA,Improvements,$AC$96,Improvements!$AC$96
N1Building2RAMeters,Improvements,$AC$99,Improvements!$AC$99
N1Building2RemainingUsefulLife,Improvements,$AC$78,Improvements!$AC$78
N1Building2Renovations,Improvements,$AC$73,Improvements!$AC$73
N1Building2ResidentialAncillaryBuildings,Improvements,$AC$204,Improvements!$AC$204
N1Building2ResidentialBathrooms,Improvements,$AC$200,Improvements!$AC$200
N1Building2ResidentialBedrooms,Improvements,$AC$199,Improvements!$AC$199
N1Building2ResidentialDesign,Improvements,$AC$197,Improvements!$AC$197
N1Building2ResidentialDockBoathouse,Improvements,$AC$205,Improvements!$AC$205
N1Building2ResidentialFireplaceWoodStove,Improvements,$AC$201,Improvements!$AC$201
N1Building2ResidentialGarage,Improvements,$AC$203,Improvements!$AC$203
N1Building2ResidentialOther,Improvements,$AC$207,Improvements!$AC$207
N1Building2ResidentialOtherAmenties,Improvements,$AC$206,Improvements!$AC$206
N1Building2ResidentialPorchDeck,Improvements,$AC$202,Improvements!$AC$202
N1Building2ResidentialRooms,Improvements,$AC$198,Improvements!$AC$198
N1Building2Restrooms,Improvements,$AC$172,Improvements!$AC$172
N1Building2RoofCover,Improvements,$AC$154,Improvements!$AC$154
N1Building2RoofType,Improvements,$AC$153,Improvements!$AC$153
N1Building2Security,Improvements,$AC$186,Improvements!$AC$186
N1Building2SourceForSFArea,Improvements,$AC$102,Improvements!$AC$102
N1Building2TotalEconomicLife,Improvements,$AC$77,Improvements!$AC$77
N1Building2TypicalBayDepth,Improvements,$AC$149,Improvements!$AC$149
N1Building2TypicalBayDepthMeters,Improvements,$AC$150,Improvements!$AC$150
N1Building2Windows,Improvements,$AC$152,Improvements!$AC$152
N1Building2YearBuilt,Improvements,$AC$72,Improvements!$AC$72
N1Building3AppealAppearance,Improvements,$AD$80,Improvements!$AD$80
N1Building3BasementSize,Improvements,$AD$142,Improvements!$AD$142
N1Building3BasementSizeMeters,Improvements,$AD$143,Improvements!$AD$143
N1Building3BasementUseandFinish,Improvements,$AD$145,Improvements!$AD$145
N1Building3BuildingEfficiencyRatio,Improvements,$AD$107,Improvements!$AD$107
N1Building3BuildingEfficiencyRatioMetric,Improvements,$AD$108,Improvements!$AD$108
N1Building3CeilingCover,Improvements,$AD$168,Improvements!$AD$168
N1Building3CeilingHeight,Improvements,$AD$169,Improvements!$AD$169
N1Building3CeilingHeightMeters,Improvements,$AD$170,Improvements!$AD$170
N1Building3ColumnSpacing,Improvements,$AD$147,Improvements!$AD$147
N1Building3ColumnSpacingMeters,Improvements,$AD$148,Improvements!$AD$148
N1Building3Comments,Improvements,$AD$189,Improvements!$AD$189
N1Building3Condition,Improvements,$AD$79,Improvements!$AD$79
N1Building3Construction,Improvements,$AD$69,Improvements!$AD$69
N1Building3ConstructionClass,Improvements,$AD$68,Improvements!$AD$68
N1Building3ConstructionQuality,Improvements,$AD$70,Improvements!$AD$70
N1Building3Cooling,Improvements,$AD$180,Improvements!$AD$180
N1Building3Description,Improvements,$AD$60,Improvements!$AD$60
N1Building3EffectiveAge,Improvements,$AD$76,Improvements!$AD$76
N1Building3Electrical,Improvements,$AD$181,Improvements!$AD$181
N1Building3ExteriorWalls,Improvements,$AD$151,Improvements!$AD$151
N1Building3FireSprinkler,Improvements,$AD$183,Improvements!$AD$183
N1Building3FloorCovering,Improvements,$AD$166,Improvements!$AD$166
N1Building3FloorPlanLayout,Improvements,$AD$165,Improvements!$AD$165
N1Building3Foundation,Improvements,$AD$141,Improvements!$AD$141
N1Building3Frame,Improvements,$AD$146,Improvements!$AD$146
N1Building3GBA,Improvements,$AD$90,Improvements!$AD$90
N1Building3GBAMeters,Improvements,$AD$98,Improvements!$AD$98
N1Building3GLA,Improvements,$AD$97,Improvements!$AD$97
N1Building3GLAMeters,Improvements,$AD$100,Improvements!$AD$100
N1Building3HBU,Site,$AE$27,Site!$AE$27
N1Building3HBUComment,Site,$AE$28,Site!$AE$28
N1Building3Heating,Improvements,$AD$179,Improvements!$AD$179
N1Building3ID,Improvements,$AD$59,Improvements!$AD$59
N1Building3InteriorLighting,Improvements,$AD$171,Improvements!$AD$171
N1Building3InteriorWalls,Improvements,$AD$167,Improvements!$AD$167
N1Building3LandToBuildingRatio,Improvements,$AD$109,Improvements!$AD$109
N1Building3No.ofBathrooms,Improvements,$AD$127,Improvements!$AD$127
N1Building3No.ofBedrooms,Improvements,$AD$126,Improvements!$AD$126
N1Building3No.ofBeds,Improvements,$AD$129,Improvements!$AD$129
N1Building3No.ofElevators,Improvements,$AD$184,Improvements!$AD$184
N1Building3No.ofEscalators,Improvements,$AD$185,Improvements!$AD$185
N1Building3No.ofRooms,Improvements,$AD$125,Improvements!$AD$125
N1Building3No.ofSeats,Improvements,$AD$130,Improvements!$AD$130
N1Building3No.ofStories,Improvements,$AD$84,Improvements!$AD$84
N1Building3No.ofTruckDoors,Improvements,$AD$155,Improvements!$AD$155
N1Building3No.ofUnits,Improvements,$AD$124,Improvements!$AD$124
N1Building3NumberofBasementSublevels,Improvements,$AD$144,Improvements!$AD$144
N1Building3NumberOfTruckDoorLevelers,Improvements,$AD$156,Improvements!$AD$156
N1Building3OfficeBuildingClass,Improvements,$AD$61,Improvements!$AD$61
N1Building3ParkingAdequacy,Improvements,$AD$115,Improvements!$AD$115
N1Building3ParkingSpaces,Improvements,$AD$113,Improvements!$AD$113
N1Building3PercentOffice,Improvements,$AD$103,Improvements!$AD$103
N1Building3PlumbingCondition,Improvements,$AD$182,Improvements!$AD$182
N1Building3RA,Improvements,$AD$96,Improvements!$AD$96
N1Building3RAMeters,Improvements,$AD$99,Improvements!$AD$99
N1Building3RemainingUsefulLife,Improvements,$AD$78,Improvements!$AD$78
N1Building3Renovations,Improvements,$AD$73,Improvements!$AD$73
N1Building3ResidentialAncillaryBuildings,Improvements,$AD$204,Improvements!$AD$204
N1Building3ResidentialBathrooms,Improvements,$AD$200,Improvements!$AD$200
N1Building3ResidentialBedrooms,Improvements,$AD$199,Improvements!$AD$199
N1Building3ResidentialDesign,Improvements,$AD$197,Improvements!$AD$197
N1Building3ResidentialDockBoathouse,Improvements,$AD$205,Improvements!$AD$205
N1Building3ResidentialFireplaceWoodStove,Improvements,$AD$201,Improvements!$AD$201
N1Building3ResidentialGarage,Improvements,$AD$203,Improvements!$AD$203
N1Building3ResidentialOther,Improvements,$AD$207,Improvements!$AD$207
N1Building3ResidentialOtherAmenties,Improvements,$AD$206,Improvements!$AD$206
N1Building3ResidentialPorchDeck,Improvements,$AD$202,Improvements!$AD$202
N1Building3ResidentialRooms,Improvements,$AD$198,Improvements!$AD$198
N1Building3Restrooms,Improvements,$AD$172,Improvements!$AD$172
N1Building3RoofCover,Improvements,$AD$154,Improvements!$AD$154
N1Building3RoofType,Improvements,$AD$153,Improvements!$AD$153
N1Building3Security,Improvements,$AD$186,Improvements!$AD$186
N1Building3SourceForSFArea,Improvements,$AD$102,Improvements!$AD$102
N1Building3TotalEconomicLife,Improvements,$AD$77,Improvements!$AD$77
N1Building3TypicalBayDepth,Improvements,$AD$149,Improvements!$AD$149
N1Building3TypicalBayDepthMeters,Improvements,$AD$150,Improvements!$AD$150
N1Building3Windows,Improvements,$AD$152,Improvements!$AD$152
N1Building3YearBuilt,Improvements,$AD$72,Improvements!$AD$72
N1Building4AppealAppearance,Improvements,$AE$80,Improvements!$AE$80
N1Building4BasementSize,Improvements,$AE$142,Improvements!$AE$142
N1Building4BasementSizeMeters,Improvements,$AE$143,Improvements!$AE$143
N1Building4BasementUseandFinish,Improvements,$AE$145,Improvements!$AE$145
N1Building4BuildingEfficiencyRatio,Improvements,$AE$107,Improvements!$AE$107
N1Building4BuildingEfficiencyRatioMetric,Improvements,$AE$108,Improvements!$AE$108
N1Building4CeilingCover,Improvements,$AE$168,Improvements!$AE$168
N1Building4CeilingHeight,Improvements,$AE$169,Improvements!$AE$169
N1Building4CeilingHeightMeters,Improvements,$AE$170,Improvements!$AE$170
N1Building4ColumnSpacing,Improvements,$AE$147,Improvements!$AE$147
N1Building4ColumnSpacingMeters,Improvements,$AE$148,Improvements!$AE$148
N1Building4Comments,Improvements,$AE$189,Improvements!$AE$189
N1Building4Condition,Improvements,$AE$79,Improvements!$AE$79
N1Building4Construction,Improvements,$AE$69,Improvements!$AE$69
N1Building4ConstructionClass,Improvements,$AE$68,Improvements!$AE$68
N1Building4ConstructionQuality,Improvements,$AE$70,Improvements!$AE$70
N1Building4Cooling,Improvements,$AE$180,Improvements!$AE$180
N1Building4Description,Improvements,$AE$60,Improvements!$AE$60
N1Building4EffectiveAge,Improvements,$AE$76,Improvements!$AE$76
N1Building4Electrical,Improvements,$AE$181,Improvements!$AE$181
N1Building4ExteriorWalls,Improvements,$AE$151,Improvements!$AE$151
N1Building4FireSprinkler,Improvements,$AE$183,Improvements!$AE$183
N1Building4FloorCovering,Improvements,$AE$166,Improvements!$AE$166
N1Building4FloorPlanLayout,Improvements,$AE$165,Improvements!$AE$165
N1Building4Foundation,Improvements,$AE$141,Improvements!$AE$141
N1Building4Frame,Improvements,$AE$146,Improvements!$AE$146
N1Building4GBA,Improvements,$AE$90,Improvements!$AE$90
N1Building4GBAMeters,Improvements,$AE$98,Improvements!$AE$98
N1Building4GLA,Improvements,$AE$97,Improvements!$AE$97
N1Building4GLAMeters,Improvements,$AE$100,Improvements!$AE$100
N1Building4HBU,Site,$AF$27,Site!$AF$27
N1Building4HBUComment,Site,$AF$28,Site!$AF$28
N1Building4Heating,Improvements,$AE$179,Improvements!$AE$179
N1Building4ID,Improvements,$AE$59,Improvements!$AE$59
N1Building4InteriorLighting,Improvements,$AE$171,Improvements!$AE$171
N1Building4InteriorWalls,Improvements,$AE$167,Improvements!$AE$167
N1Building4LandToBuildingRatio,Improvements,$AE$109,Improvements!$AE$109
N1Building4No.ofBathrooms,Improvements,$AE$127,Improvements!$AE$127
N1Building4No.ofBedrooms,Improvements,$AE$126,Improvements!$AE$126
N1Building4No.ofBeds,Improvements,$AE$129,Improvements!$AE$129
N1Building4No.ofElevators,Improvements,$AE$184,Improvements!$AE$184
N1Building4No.ofEscalators,Improvements,$AE$185,Improvements!$AE$185
N1Building4No.ofRooms,Improvements,$AE$125,Improvements!$AE$125
N1Building4No.ofSeats,Improvements,$AE$130,Improvements!$AE$130
N1Building4No.ofStories,Improvements,$AE$84,Improvements!$AE$84
N1Building4No.ofTruckDoors,Improvements,$AE$155,Improvements!$AE$155
N1Building4No.ofUnits,Improvements,$AE$124,Improvements!$AE$124
N1Building4NumberofBasementSublevels,Improvements,$AE$144,Improvements!$AE$144
N1Building4NumberOfTruckDoorLevelers,Improvements,$AE$156,Improvements!$AE$156
N1Building4OfficeBuildingClass,Improvements,$AE$61,Improvements!$AE$61
N1Building4ParkingAdequacy,Improvements,$AE$115,Improvements!$AE$115
N1Building4ParkingSpaces,Improvements,$AE$113,Improvements!$AE$113
N1Building4PercentOffice,Improvements,$AE$103,Improvements!$AE$103
N1Building4PlumbingCondition,Improvements,$AE$182,Improvements!$AE$182
N1Building4RA,Improvements,$AE$96,Improvements!$AE$96
N1Building4RAMeters,Improvements,$AE$99,Improvements!$AE$99
N1Building4RemainingUsefulLife,Improvements,$AE$78,Improvements!$AE$78
N1Building4Renovations,Improvements,$AE$73,Improvements!$AE$73
N1Building4ResidentialAncillaryBuildings,Improvements,$AE$204,Improvements!$AE$204
N1Building4ResidentialBathrooms,Improvements,$AE$200,Improvements!$AE$200
N1Building4ResidentialBedrooms,Improvements,$AE$199,Improvements!$AE$199
N1Building4ResidentialDesign,Improvements,$AE$197,Improvements!$AE$197
N1Building4ResidentialDockBoathouse,Improvements,$AE$205,Improvements!$AE$205
N1Building4ResidentialFireplaceWoodStove,Improvements,$AE$201,Improvements!$AE$201
N1Building4ResidentialGarage,Improvements,$AE$203,Improvements!$AE$203
N1Building4ResidentialOther,Improvements,$AE$207,Improvements!$AE$207
N1Building4ResidentialOtherAmenties,Improvements,$AE$206,Improvements!$AE$206
N1Building4ResidentialPorchDeck,Improvements,$AE$202,Improvements!$AE$202
N1Building4ResidentialRooms,Improvements,$AE$198,Improvements!$AE$198
N1Building4Restrooms,Improvements,$AE$172,Improvements!$AE$172
N1Building4RoofCover,Improvements,$AE$154,Improvements!$AE$154
N1Building4RoofType,Improvements,$AE$153,Improvements!$AE$153
N1Building4Security,Improvements,$AE$186,Improvements!$AE$186
N1Building4SourceForSFArea,Improvements,$AE$102,Improvements!$AE$102
N1Building4TotalEconomicLife,Improvements,$AE$77,Improvements!$AE$77
N1Building4TypicalBayDepth,Improvements,$AE$149,Improvements!$AE$149
N1Building4TypicalBayDepthMeters,Improvements,$AE$150,Improvements!$AE$150
N1Building4Windows,Improvements,$AE$152,Improvements!$AE$152
N1Building4YearBuilt,Improvements,$AE$72,Improvements!$AE$72
N1Building5AppealAppearance,Improvements,$AF$80,Improvements!$AF$80
N1Building5BasementSize,Improvements,$AF$142,Improvements!$AF$142
N1Building5BasementSizeMeters,Improvements,$AF$143,Improvements!$AF$143
N1Building5BasementUseandFinish,Improvements,$AF$145,Improvements!$AF$145
N1Building5BuildingEfficiencyRatio,Improvements,$AF$107,Improvements!$AF$107
N1Building5BuildingEfficiencyRatioMetric,Improvements,$AF$108,Improvements!$AF$108
N1Building5CeilingCover,Improvements,$AF$168,Improvements!$AF$168
N1Building5CeilingHeight,Improvements,$AF$169,Improvements!$AF$169
N1Building5CeilingHeightMeters,Improvements,$AF$170,Improvements!$AF$170
N1Building5ColumnSpacing,Improvements,$AF$147,Improvements!$AF$147
N1Building5ColumnSpacingMeters,Improvements,$AF$148,Improvements!$AF$148
N1Building5Comments,Improvements,$AF$189,Improvements!$AF$189
N1Building5Condition,Improvements,$AF$79,Improvements!$AF$79
N1Building5Construction,Improvements,$AF$69,Improvements!$AF$69
N1Building5ConstructionClass,Improvements,$AF$68,Improvements!$AF$68
N1Building5ConstructionQuality,Improvements,$AF$70,Improvements!$AF$70
N1Building5Cooling,Improvements,$AF$180,Improvements!$AF$180
N1Building5Description,Improvements,$AF$60,Improvements!$AF$60
N1Building5EffectiveAge,Improvements,$AF$76,Improvements!$AF$76
N1Building5Electrical,Improvements,$AF$181,Improvements!$AF$181
N1Building5ExteriorWalls,Improvements,$AF$151,Improvements!$AF$151
N1Building5FireSprinkler,Improvements,$AF$183,Improvements!$AF$183
N1Building5FloorCovering,Improvements,$AF$166,Improvements!$AF$166
N1Building5FloorPlanLayout,Improvements,$AF$165,Improvements!$AF$165
N1Building5Foundation,Improvements,$AF$141,Improvements!$AF$141
N1Building5Frame,Improvements,$AF$146,Improvements!$AF$146
N1Building5GBA,Improvements,$AF$90,Improvements!$AF$90
N1Building5GBAMeters,Improvements,$AF$98,Improvements!$AF$98
N1Building5GLA,Improvements,$AF$97,Improvements!$AF$97
N1Building5GLAMeters,Improvements,$AF$100,Improvements!$AF$100
N1Building5HBU,Site,$AG$27,Site!$AG$27
N1Building5HBUComment,Site,$AG$28,Site!$AG$28
N1Building5Heating,Improvements,$AF$179,Improvements!$AF$179
N1Building5ID,Improvements,$AF$59,Improvements!$AF$59
N1Building5InteriorLighting,Improvements,$AF$171,Improvements!$AF$171
N1Building5InteriorWalls,Improvements,$AF$167,Improvements!$AF$167
N1Building5LandToBuildingRatio,Improvements,$AF$109,Improvements!$AF$109
N1Building5No.ofBathrooms,Improvements,$AF$127,Improvements!$AF$127
N1Building5No.ofBedrooms,Improvements,$AF$126,Improvements!$AF$126
N1Building5No.ofBeds,Improvements,$AF$129,Improvements!$AF$129
N1Building5No.ofElevators,Improvements,$AF$184,Improvements!$AF$184
N1Building5No.ofEscalators,Improvements,$AF$185,Improvements!$AF$185
N1Building5No.ofRooms,Improvements,$AF$125,Improvements!$AF$125
N1Building5No.ofSeats,Improvements,$AF$130,Improvements!$AF$130
N1Building5No.ofStories,Improvements,$AF$84,Improvements!$AF$84
N1Building5No.ofTruckDoors,Improvements,$AF$155,Improvements!$AF$155
N1Building5No.ofUnits,Improvements,$AF$124,Improvements!$AF$124
N1Building5NumberofBasementSublevels,Improvements,$AF$144,Improvements!$AF$144
N1Building5NumberOfTruckDoorLevelers,Improvements,$AF$156,Improvements!$AF$156
N1Building5OfficeBuildingClass,Improvements,$AF$61,Improvements!$AF$61
N1Building5ParkingAdequacy,Improvements,$AF$115,Improvements!$AF$115
N1Building5ParkingSpaces,Improvements,$AF$113,Improvements!$AF$113
N1Building5PercentOffice,Improvements,$AF$103,Improvements!$AF$103
N1Building5PlumbingCondition,Improvements,$AF$182,Improvements!$AF$182
N1Building5RA,Improvements,$AF$96,Improvements!$AF$96
N1Building5RAMeters,Improvements,$AF$99,Improvements!$AF$99
N1Building5RemainingUsefulLife,Improvements,$AF$78,Improvements!$AF$78
N1Building5Renovations,Improvements,$AF$73,Improvements!$AF$73
N1Building5ResidentialAncillaryBuildings,Improvements,$AF$204,Improvements!$AF$204
N1Building5ResidentialBathrooms,Improvements,$AF$200,Improvements!$AF$200
N1Building5ResidentialBedrooms,Improvements,$AF$199,Improvements!$AF$199
N1Building5ResidentialDesign,Improvements,$AF$197,Improvements!$AF$197
N1Building5ResidentialDockBoathouse,Improvements,$AF$205,Improvements!$AF$205
N1Building5ResidentialFireplaceWoodStove,Improvements,$AF$201,Improvements!$AF$201
N1Building5ResidentialGarage,Improvements,$AF$203,Improvements!$AF$203
N1Building5ResidentialOther,Improvements,$AF$207,Improvements!$AF$207
N1Building5ResidentialOtherAmenties,Improvements,$AF$206,Improvements!$AF$206
N1Building5ResidentialPorchDeck,Improvements,$AF$202,Improvements!$AF$202
N1Building5ResidentialRooms,Improvements,$AF$198,Improvements!$AF$198
N1Building5Restrooms,Improvements,$AF$172,Improvements!$AF$172
N1Building5RoofCover,Improvements,$AF$154,Improvements!$AF$154
N1Building5RoofType,Improvements,$AF$153,Improvements!$AF$153
N1Building5Security,Improvements,$AF$186,Improvements!$AF$186
N1Building5SourceForSFArea,Improvements,$AF$102,Improvements!$AF$102
N1Building5TotalEconomicLife,Improvements,$AF$77,Improvements!$AF$77
N1Building5TypicalBayDepth,Improvements,$AF$149,Improvements!$AF$149
N1Building5TypicalBayDepthMeters,Improvements,$AF$150,Improvements!$AF$150
N1Building5Windows,Improvements,$AF$152,Improvements!$AF$152
N1Building5YearBuilt,Improvements,$AF$72,Improvements!$AF$72
N1Building6AppealAppearance,Improvements,$AG$80,Improvements!$AG$80
N1Building6BasementSize,Improvements,$AG$142,Improvements!$AG$142
N1Building6BasementSizeMeters,Improvements,$AG$143,Improvements!$AG$143
N1Building6BasementUseandFinish,Improvements,$AG$145,Improvements!$AG$145
N1Building6BuildingEfficiencyRatio,Improvements,$AG$107,Improvements!$AG$107
N1Building6BuildingEfficiencyRatioMetric,Improvements,$AG$108,Improvements!$AG$108
N1Building6CeilingCover,Improvements,$AG$168,Improvements!$AG$168
N1Building6CeilingHeight,Improvements,$AG$169,Improvements!$AG$169
N1Building6CeilingHeightMeters,Improvements,$AG$170,Improvements!$AG$170
N1Building6ColumnSpacing,Improvements,$AG$147,Improvements!$AG$147
N1Building6ColumnSpacingMeters,Improvements,$AG$148,Improvements!$AG$148
N1Building6Comments,Improvements,$AG$189,Improvements!$AG$189
N1Building6Condition,Improvements,$AG$79,Improvements!$AG$79
N1Building6Construction,Improvements,$AG$69,Improvements!$AG$69
N1Building6ConstructionClass,Improvements,$AG$68,Improvements!$AG$68
N1Building6ConstructionQuality,Improvements,$AG$70,Improvements!$AG$70
N1Building6Cooling,Improvements,$AG$180,Improvements!$AG$180
N1Building6Description,Improvements,$AG$60,Improvements!$AG$60
N1Building6EffectiveAge,Improvements,$AG$76,Improvements!$AG$76
N1Building6Electrical,Improvements,$AG$181,Improvements!$AG$181
N1Building6ExteriorWalls,Improvements,$AG$151,Improvements!$AG$151
N1Building6FireSprinkler,Improvements,$AG$183,Improvements!$AG$183
N1Building6FloorCovering,Improvements,$AG$166,Improvements!$AG$166
N1Building6FloorPlanLayout,Improvements,$AG$165,Improvements!$AG$165
N1Building6Foundation,Improvements,$AG$141,Improvements!$AG$141
N1Building6Frame,Improvements,$AG$146,Improvements!$AG$146
N1Building6GBA,Improvements,$AG$90,Improvements!$AG$90
N1Building6GBAMeters,Improvements,$AG$98,Improvements!$AG$98
N1Building6GLA,Improvements,$AG$97,Improvements!$AG$97
N1Building6GLAMeters,Improvements,$AG$100,Improvements!$AG$100
N1Building6HBU,Site,$AH$27,Site!$AH$27
N1Building6HBUComment,Site,$AH$28,Site!$AH$28
N1Building6Heating,Improvements,$AG$179,Improvements!$AG$179
N1Building6ID,Improvements,$AG$59,Improvements!$AG$59
N1Building6InteriorLighting,Improvements,$AG$171,Improvements!$AG$171
N1Building6InteriorWalls,Improvements,$AG$167,Improvements!$AG$167
N1Building6LandToBuildingRatio,Improvements,$AG$109,Improvements!$AG$109
N1Building6No.ofBathrooms,Improvements,$AG$127,Improvements!$AG$127
N1Building6No.ofBedrooms,Improvements,$AG$126,Improvements!$AG$126
N1Building6No.ofBeds,Improvements,$AG$129,Improvements!$AG$129
N1Building6No.ofElevators,Improvements,$AG$184,Improvements!$AG$184
N1Building6No.ofEscalators,Improvements,$AG$185,Improvements!$AG$185
N1Building6No.ofRooms,Improvements,$AG$125,Improvements!$AG$125
N1Building6No.ofSeats,Improvements,$AG$130,Improvements!$AG$130
N1Building6No.ofStories,Improvements,$AG$84,Improvements!$AG$84
N1Building6No.ofTruckDoors,Improvements,$AG$155,Improvements!$AG$155
N1Building6No.ofUnits,Improvements,$AG$124,Improvements!$AG$124
N1Building6NumberofBasementSublevels,Improvements,$AG$144,Improvements!$AG$144
N1Building6NumberOfTruckDoorLevelers,Improvements,$AG$156,Improvements!$AG$156
N1Building6OfficeBuildingClass,Improvements,$AG$61,Improvements!$AG$61
N1Building6ParkingAdequacy,Improvements,$AG$115,Improvements!$AG$115
N1Building6ParkingSpaces,Improvements,$AG$113,Improvements!$AG$113
N1Building6PercentOffice,Improvements,$AG$103,Improvements!$AG$103
N1Building6PlumbingCondition,Improvements,$AG$182,Improvements!$AG$182
N1Building6RA,Improvements,$AG$96,Improvements!$AG$96
N1Building6RAMeters,Improvements,$AG$99,Improvements!$AG$99
N1Building6RemainingUsefulLife,Improvements,$AG$78,Improvements!$AG$78
N1Building6Renovations,Improvements,$AG$73,Improvements!$AG$73
N1Building6ResidentialAncillaryBuildings,Improvements,$AG$204,Improvements!$AG$204
N1Building6ResidentialBathrooms,Improvements,$AG$200,Improvements!$AG$200
N1Building6ResidentialBedrooms,Improvements,$AG$199,Improvements!$AG$199
N1Building6ResidentialDesign,Improvements,$AG$197,Improvements!$AG$197
N1Building6ResidentialDockBoathouse,Improvements,$AG$205,Improvements!$AG$205
N1Building6ResidentialFireplaceWoodStove,Improvements,$AG$201,Improvements!$AG$201
N1Building6ResidentialGarage,Improvements,$AG$203,Improvements!$AG$203
N1Building6ResidentialOther,Improvements,$AG$207,Improvements!$AG$207
N1Building6ResidentialOtherAmenties,Improvements,$AG$206,Improvements!$AG$206
N1Building6ResidentialPorchDeck,Improvements,$AG$202,Improvements!$AG$202
N1Building6ResidentialRooms,Improvements,$AG$198,Improvements!$AG$198
N1Building6Restrooms,Improvements,$AG$172,Improvements!$AG$172
N1Building6RoofCover,Improvements,$AG$154,Improvements!$AG$154
N1Building6RoofType,Improvements,$AG$153,Improvements!$AG$153
N1Building6Security,Improvements,$AG$186,Improvements!$AG$186
N1Building6SourceForSFArea,Improvements,$AG$102,Improvements!$AG$102
N1Building6TotalEconomicLife,Improvements,$AG$77,Improvements!$AG$77
N1Building6TypicalBayDepth,Improvements,$AG$149,Improvements!$AG$149
N1Building6TypicalBayDepthMeters,Improvements,$AG$150,Improvements!$AG$150
N1Building6Windows,Improvements,$AG$152,Improvements!$AG$152
N1Building6YearBuilt,Improvements,$AG$72,Improvements!$AG$72
N1Building7AppealAppearance,Improvements,$AH$80,Improvements!$AH$80
N1Building7BasementSize,Improvements,$AH$142,Improvements!$AH$142
N1Building7BasementSizeMeters,Improvements,$AH$143,Improvements!$AH$143
N1Building7BasementUseandFinish,Improvements,$AH$145,Improvements!$AH$145
N1Building7BuildingEfficiencyRatio,Improvements,$AH$107,Improvements!$AH$107
N1Building7BuildingEfficiencyRatioMetric,Improvements,$AH$108,Improvements!$AH$108
N1Building7CeilingCover,Improvements,$AH$168,Improvements!$AH$168
N1Building7CeilingHeight,Improvements,$AH$169,Improvements!$AH$169
N1Building7CeilingHeightMeters,Improvements,$AH$170,Improvements!$AH$170
N1Building7ColumnSpacing,Improvements,$AH$147,Improvements!$AH$147
N1Building7ColumnSpacingMeters,Improvements,$AH$148,Improvements!$AH$148
N1Building7Comments,Improvements,$AH$189,Improvements!$AH$189
N1Building7Condition,Improvements,$AH$79,Improvements!$AH$79
N1Building7Construction,Improvements,$AH$69,Improvements!$AH$69
N1Building7ConstructionClass,Improvements,$AH$68,Improvements!$AH$68
N1Building7ConstructionQuality,Improvements,$AH$70,Improvements!$AH$70
N1Building7Cooling,Improvements,$AH$180,Improvements!$AH$180
N1Building7Description,Improvements,$AH$60,Improvements!$AH$60
N1Building7EffectiveAge,Improvements,$AH$76,Improvements!$AH$76
N1Building7Electrical,Improvements,$AH$181,Improvements!$AH$181
N1Building7ExteriorWalls,Improvements,$AH$151,Improvements!$AH$151
N1Building7FireSprinkler,Improvements,$AH$183,Improvements!$AH$183
N1Building7FloorCovering,Improvements,$AH$166,Improvements!$AH$166
N1Building7FloorPlanLayout,Improvements,$AH$165,Improvements!$AH$165
N1Building7Foundation,Improvements,$AH$141,Improvements!$AH$141
N1Building7Frame,Improvements,$AH$146,Improvements!$AH$146
N1Building7GBA,Improvements,$AH$90,Improvements!$AH$90
N1Building7GBAMeters,Improvements,$AH$98,Improvements!$AH$98
N1Building7GLA,Improvements,$AH$97,Improvements!$AH$97
N1Building7GLAMeters,Improvements,$AH$100,Improvements!$AH$100
N1Building7HBU,Site,$AI$27,Site!$AI$27
N1Building7HBUComment,Site,$AI$28,Site!$AI$28
N1Building7Heating,Improvements,$AH$179,Improvements!$AH$179
N1Building7ID,Improvements,$AH$59,Improvements!$AH$59
N1Building7InteriorLighting,Improvements,$AH$171,Improvements!$AH$171
N1Building7InteriorWalls,Improvements,$AH$167,Improvements!$AH$167
N1Building7LandToBuildingRatio,Improvements,$AH$109,Improvements!$AH$109
N1Building7No.ofBathrooms,Improvements,$AH$127,Improvements!$AH$127
N1Building7No.ofBedrooms,Improvements,$AH$126,Improvements!$AH$126
N1Building7No.ofBeds,Improvements,$AH$129,Improvements!$AH$129
N1Building7No.ofElevators,Improvements,$AH$184,Improvements!$AH$184
N1Building7No.ofEscalators,Improvements,$AH$185,Improvements!$AH$185
N1Building7No.ofRooms,Improvements,$AH$125,Improvements!$AH$125
N1Building7No.ofSeats,Improvements,$AH$130,Improvements!$AH$130
N1Building7No.ofStories,Improvements,$AH$84,Improvements!$AH$84
N1Building7No.ofTruckDoors,Improvements,$AH$155,Improvements!$AH$155
N1Building7No.ofUnits,Improvements,$AH$124,Improvements!$AH$124
N1Building7NumberofBasementSublevels,Improvements,$AH$144,Improvements!$AH$144
N1Building7NumberOfTruckDoorLevelers,Improvements,$AH$156,Improvements!$AH$156
N1Building7OfficeBuildingClass,Improvements,$AH$61,Improvements!$AH$61
N1Building7ParkingAdequacy,Improvements,$AH$115,Improvements!$AH$115
N1Building7ParkingSpaces,Improvements,$AH$113,Improvements!$AH$113
N1Building7PercentOffice,Improvements,$AH$103,Improvements!$AH$103
N1Building7PlumbingCondition,Improvements,$AH$182,Improvements!$AH$182
N1Building7RA,Improvements,$AH$96,Improvements!$AH$96
N1Building7RAMeters,Improvements,$AH$99,Improvements!$AH$99
N1Building7RemainingUsefulLife,Improvements,$AH$78,Improvements!$AH$78
N1Building7Renovations,Improvements,$AH$73,Improvements!$AH$73
N1Building7ResidentialAncillaryBuildings,Improvements,$AH$204,Improvements!$AH$204
N1Building7ResidentialBathrooms,Improvements,$AH$200,Improvements!$AH$200
N1Building7ResidentialBedrooms,Improvements,$AH$199,Improvements!$AH$199
N1Building7ResidentialDesign,Improvements,$AH$197,Improvements!$AH$197
N1Building7ResidentialDockBoathouse,Improvements,$AH$205,Improvements!$AH$205
N1Building7ResidentialFireplaceWoodStove,Improvements,$AH$201,Improvements!$AH$201
N1Building7ResidentialGarage,Improvements,$AH$203,Improvements!$AH$203
N1Building7ResidentialOther,Improvements,$AH$207,Improvements!$AH$207
N1Building7ResidentialOtherAmenties,Improvements,$AH$206,Improvements!$AH$206
N1Building7ResidentialPorchDeck,Improvements,$AH$202,Improvements!$AH$202
N1Building7ResidentialRooms,Improvements,$AH$198,Improvements!$AH$198
N1Building7Restrooms,Improvements,$AH$172,Improvements!$AH$172
N1Building7RoofCover,Improvements,$AH$154,Improvements!$AH$154
N1Building7RoofType,Improvements,$AH$153,Improvements!$AH$153
N1Building7Security,Improvements,$AH$186,Improvements!$AH$186
N1Building7SourceForSFArea,Improvements,$AH$102,Improvements!$AH$102
N1Building7TotalEconomicLife,Improvements,$AH$77,Improvements!$AH$77
N1Building7TypicalBayDepth,Improvements,$AH$149,Improvements!$AH$149
N1Building7TypicalBayDepthMeters,Improvements,$AH$150,Improvements!$AH$150
N1Building7Windows,Improvements,$AH$152,Improvements!$AH$152
N1Building7YearBuilt,Improvements,$AH$72,Improvements!$AH$72
N1Building8AppealAppearance,Improvements,$AI$80,Improvements!$AI$80
N1Building8BasementSize,Improvements,$AI$142,Improvements!$AI$142
N1Building8BasementSizeMeters,Improvements,$AI$143,Improvements!$AI$143
N1Building8BasementUseandFinish,Improvements,$AI$145,Improvements!$AI$145
N1Building8BuildingEfficiencyRatio,Improvements,$AI$107,Improvements!$AI$107
N1Building8BuildingEfficiencyRatioMetric,Improvements,$AI$108,Improvements!$AI$108
N1Building8CeilingCover,Improvements,$AI$168,Improvements!$AI$168
N1Building8CeilingHeight,Improvements,$AI$169,Improvements!$AI$169
N1Building8CeilingHeightMeters,Improvements,$AI$170,Improvements!$AI$170
N1Building8ColumnSpacing,Improvements,$AI$147,Improvements!$AI$147
N1Building8ColumnSpacingMeters,Improvements,$AI$148,Improvements!$AI$148
N1Building8Comments,Improvements,$AI$189,Improvements!$AI$189
N1Building8Condition,Improvements,$AI$79,Improvements!$AI$79
N1Building8Construction,Improvements,$AI$69,Improvements!$AI$69
N1Building8ConstructionClass,Improvements,$AI$68,Improvements!$AI$68
N1Building8ConstructionQuality,Improvements,$AI$70,Improvements!$AI$70
N1Building8Cooling,Improvements,$AI$180,Improvements!$AI$180
N1Building8Description,Improvements,$AI$60,Improvements!$AI$60
N1Building8EffectiveAge,Improvements,$AI$76,Improvements!$AI$76
N1Building8Electrical,Improvements,$AI$181,Improvements!$AI$181
N1Building8ExteriorWalls,Improvements,$AI$151,Improvements!$AI$151
N1Building8FireSprinkler,Improvements,$AI$183,Improvements!$AI$183
N1Building8FloorCovering,Improvements,$AI$166,Improvements!$AI$166
N1Building8FloorPlanLayout,Improvements,$AI$165,Improvements!$AI$165
N1Building8Foundation,Improvements,$AI$141,Improvements!$AI$141
N1Building8Frame,Improvements,$AI$146,Improvements!$AI$146
N1Building8GBA,Improvements,$AI$90,Improvements!$AI$90
N1Building8GBAMeters,Improvements,$AI$98,Improvements!$AI$98
N1Building8GLA,Improvements,$AI$97,Improvements!$AI$97
N1Building8GLAMeters,Improvements,$AI$100,Improvements!$AI$100
N1Building8HBU,Site,$AJ$27,Site!$AJ$27
N1Building8HBUComment,Site,$AJ$28,Site!$AJ$28
N1Building8Heating,Improvements,$AI$179,Improvements!$AI$179
N1Building8ID,Improvements,$AI$59,Improvements!$AI$59
N1Building8InteriorLighting,Improvements,$AI$171,Improvements!$AI$171
N1Building8InteriorWalls,Improvements,$AI$167,Improvements!$AI$167
N1Building8LandToBuildingRatio,Improvements,$AI$109,Improvements!$AI$109
N1Building8No.ofBathrooms,Improvements,$AI$127,Improvements!$AI$127
N1Building8No.ofBedrooms,Improvements,$AI$126,Improvements!$AI$126
N1Building8No.ofBeds,Improvements,$AI$129,Improvements!$AI$129
N1Building8No.ofElevators,Improvements,$AI$184,Improvements!$AI$184
N1Building8No.ofEscalators,Improvements,$AI$185,Improvements!$AI$185
N1Building8No.ofRooms,Improvements,$AI$125,Improvements!$AI$125
N1Building8No.ofSeats,Improvements,$AI$130,Improvements!$AI$130
N1Building8No.ofStories,Improvements,$AI$84,Improvements!$AI$84
N1Building8No.ofTruckDoors,Improvements,$AI$155,Improvements!$AI$155
N1Building8No.ofUnits,Improvements,$AI$124,Improvements!$AI$124
N1Building8NumberofBasementSublevels,Improvements,$AI$144,Improvements!$AI$144
N1Building8NumberOfTruckDoorLevelers,Improvements,$AI$156,Improvements!$AI$156
N1Building8OfficeBuildingClass,Improvements,$AI$61,Improvements!$AI$61
N1Building8ParkingAdequacy,Improvements,$AI$115,Improvements!$AI$115
N1Building8ParkingSpaces,Improvements,$AI$113,Improvements!$AI$113
N1Building8PercentOffice,Improvements,$AI$103,Improvements!$AI$103
N1Building8PlumbingCondition,Improvements,$AI$182,Improvements!$AI$182
N1Building8RA,Improvements,$AI$96,Improvements!$AI$96
N1Building8RAMeters,Improvements,$AI$99,Improvements!$AI$99
N1Building8RemainingUsefulLife,Improvements,$AI$78,Improvements!$AI$78
N1Building8Renovations,Improvements,$AI$73,Improvements!$AI$73
N1Building8ResidentialAncillaryBuildings,Improvements,$AI$204,Improvements!$AI$204
N1Building8ResidentialBathrooms,Improvements,$AI$200,Improvements!$AI$200
N1Building8ResidentialBedrooms,Improvements,$AI$199,Improvements!$AI$199
N1Building8ResidentialDesign,Improvements,$AI$197,Improvements!$AI$197
N1Building8ResidentialDockBoathouse,Improvements,$AI$205,Improvements!$AI$205
N1Building8ResidentialFireplaceWoodStove,Improvements,$AI$201,Improvements!$AI$201
N1Building8ResidentialGarage,Improvements,$AI$203,Improvements!$AI$203
N1Building8ResidentialOther,Improvements,$AI$207,Improvements!$AI$207
N1Building8ResidentialOtherAmenties,Improvements,$AI$206,Improvements!$AI$206
N1Building8ResidentialPorchDeck,Improvements,$AI$202,Improvements!$AI$202
N1Building8ResidentialRooms,Improvements,$AI$198,Improvements!$AI$198
N1Building8Restrooms,Improvements,$AI$172,Improvements!$AI$172
N1Building8RoofCover,Improvements,$AI$154,Improvements!$AI$154
N1Building8RoofType,Improvements,$AI$153,Improvements!$AI$153
N1Building8Security,Improvements,$AI$186,Improvements!$AI$186
N1Building8SourceForSFArea,Improvements,$AI$102,Improvements!$AI$102
N1Building8TotalEconomicLife,Improvements,$AI$77,Improvements!$AI$77
N1Building8TypicalBayDepth,Improvements,$AI$149,Improvements!$AI$149
N1Building8TypicalBayDepthMeters,Improvements,$AI$150,Improvements!$AI$150
N1Building8Windows,Improvements,$AI$152,Improvements!$AI$152
N1Building8YearBuilt,Improvements,$AI$72,Improvements!$AI$72
N1Building9AppealAppearance,Improvements,$AJ$80,Improvements!$AJ$80
N1Building9BasementSize,Improvements,$AJ$142,Improvements!$AJ$142
N1Building9BasementSizeMeters,Improvements,$AJ$143,Improvements!$AJ$143
N1Building9BasementUseandFinish,Improvements,$AJ$145,Improvements!$AJ$145
N1Building9BuildingEfficiencyRatio,Improvements,$AJ$107,Improvements!$AJ$107
N1Building9BuildingEfficiencyRatioMetric,Improvements,$AJ$108,Improvements!$AJ$108
N1Building9CeilingCover,Improvements,$AJ$168,Improvements!$AJ$168
N1Building9CeilingHeight,Improvements,$AJ$169,Improvements!$AJ$169
N1Building9CeilingHeightMeters,Improvements,$AJ$170,Improvements!$AJ$170
N1Building9ColumnSpacing,Improvements,$AJ$147,Improvements!$AJ$147
N1Building9ColumnSpacingMeters,Improvements,$AJ$148,Improvements!$AJ$148
N1Building9Comments,Improvements,$AJ$189,Improvements!$AJ$189
N1Building9Condition,Improvements,$AJ$79,Improvements!$AJ$79
N1Building9Construction,Improvements,$AJ$69,Improvements!$AJ$69
N1Building9ConstructionClass,Improvements,$AJ$68,Improvements!$AJ$68
N1Building9ConstructionQuality,Improvements,$AJ$70,Improvements!$AJ$70
N1Building9Cooling,Improvements,$AJ$180,Improvements!$AJ$180
N1Building9Description,Improvements,$AJ$60,Improvements!$AJ$60
N1Building9EffectiveAge,Improvements,$AJ$76,Improvements!$AJ$76
N1Building9Electrical,Improvements,$AJ$181,Improvements!$AJ$181
N1Building9ExteriorWalls,Improvements,$AJ$151,Improvements!$AJ$151
N1Building9FireSprinkler,Improvements,$AJ$183,Improvements!$AJ$183
N1Building9FloorCovering,Improvements,$AJ$166,Improvements!$AJ$166
N1Building9FloorPlanLayout,Improvements,$AJ$165,Improvements!$AJ$165
N1Building9Foundation,Improvements,$AJ$141,Improvements!$AJ$141
N1Building9Frame,Improvements,$AJ$146,Improvements!$AJ$146
N1Building9GBA,Improvements,$AJ$90,Improvements!$AJ$90
N1Building9GBAMeters,Improvements,$AJ$98,Improvements!$AJ$98
N1Building9GLA,Improvements,$AJ$97,Improvements!$AJ$97
N1Building9GLAMeters,Improvements,$AJ$100,Improvements!$AJ$100
N1Building9HBU,Site,$AK$27,Site!$AK$27
N1Building9HBUComment,Site,$AK$28,Site!$AK$28
N1Building9Heating,Improvements,$AJ$179,Improvements!$AJ$179
N1Building9ID,Improvements,$AJ$59,Improvements!$AJ$59
N1Building9InteriorLighting,Improvements,$AJ$171,Improvements!$AJ$171
N1Building9InteriorWalls,Improvements,$AJ$167,Improvements!$AJ$167
N1Building9LandToBuildingRatio,Improvements,$AJ$109,Improvements!$AJ$109
N1Building9No.ofBathrooms,Improvements,$AJ$127,Improvements!$AJ$127
N1Building9No.ofBedrooms,Improvements,$AJ$126,Improvements!$AJ$126
N1Building9No.ofBeds,Improvements,$AJ$129,Improvements!$AJ$129
N1Building9No.ofElevators,Improvements,$AJ$184,Improvements!$AJ$184
N1Building9No.ofEscalators,Improvements,$AJ$185,Improvements!$AJ$185
N1Building9No.ofRooms,Improvements,$AJ$125,Improvements!$AJ$125
N1Building9No.ofSeats,Improvements,$AJ$130,Improvements!$AJ$130
N1Building9No.ofStories,Improvements,$AJ$84,Improvements!$AJ$84
N1Building9No.ofTruckDoors,Improvements,$AJ$155,Improvements!$AJ$155
N1Building9No.ofUnits,Improvements,$AJ$124,Improvements!$AJ$124
N1Building9NumberofBasementSublevels,Improvements,$AJ$144,Improvements!$AJ$144
N1Building9NumberOfTruckDoorLevelers,Improvements,$AJ$156,Improvements!$AJ$156
N1Building9OfficeBuildingClass,Improvements,$AJ$61,Improvements!$AJ$61
N1Building9ParkingAdequacy,Improvements,$AJ$115,Improvements!$AJ$115
N1Building9ParkingSpaces,Improvements,$AJ$113,Improvements!$AJ$113
N1Building9PercentOffice,Improvements,$AJ$103,Improvements!$AJ$103
N1Building9PlumbingCondition,Improvements,$AJ$182,Improvements!$AJ$182
N1Building9RA,Improvements,$AJ$96,Improvements!$AJ$96
N1Building9RAMeters,Improvements,$AJ$99,Improvements!$AJ$99
N1Building9RemainingUsefulLife,Improvements,$AJ$78,Improvements!$AJ$78
N1Building9Renovations,Improvements,$AJ$73,Improvements!$AJ$73
N1Building9ResidentialAncillaryBuildings,Improvements,$AJ$204,Improvements!$AJ$204
N1Building9ResidentialBathrooms,Improvements,$AJ$200,Improvements!$AJ$200
N1Building9ResidentialBedrooms,Improvements,$AJ$199,Improvements!$AJ$199
N1Building9ResidentialDesign,Improvements,$AJ$197,Improvements!$AJ$197
N1Building9ResidentialDockBoathouse,Improvements,$AJ$205,Improvements!$AJ$205
N1Building9ResidentialFireplaceWoodStove,Improvements,$AJ$201,Improvements!$AJ$201
N1Building9ResidentialGarage,Improvements,$AJ$203,Improvements!$AJ$203
N1Building9ResidentialOther,Improvements,$AJ$207,Improvements!$AJ$207
N1Building9ResidentialOtherAmenties,Improvements,$AJ$206,Improvements!$AJ$206
N1Building9ResidentialPorchDeck,Improvements,$AJ$202,Improvements!$AJ$202
N1Building9ResidentialRooms,Improvements,$AJ$198,Improvements!$AJ$198
N1Building9Restrooms,Improvements,$AJ$172,Improvements!$AJ$172
N1Building9RoofCover,Improvements,$AJ$154,Improvements!$AJ$154
N1Building9RoofType,Improvements,$AJ$153,Improvements!$AJ$153
N1Building9Security,Improvements,$AJ$186,Improvements!$AJ$186
N1Building9SourceForSFArea,Improvements,$AJ$102,Improvements!$AJ$102
N1Building9TotalEconomicLife,Improvements,$AJ$77,Improvements!$AJ$77
N1Building9TypicalBayDepth,Improvements,$AJ$149,Improvements!$AJ$149
N1Building9TypicalBayDepthMeters,Improvements,$AJ$150,Improvements!$AJ$150
N1Building9Windows,Improvements,$AJ$152,Improvements!$AJ$152
N1Building9YearBuilt,Improvements,$AJ$72,Improvements!$AJ$72
N1BuildingRepairsExpense,Expense Grid,$BS$398:$BY$420,'Expense Grid'!$BS$398:$BY$420
N1BuildingsCapsuleDescription,Improvements,$AB$20,Improvements!$AB$20
N1BuildingsDeferredMaintenance,Improvements,$AB$45,Improvements!$AB$45
N1BuildingsEffectiveAgeRange,Improvements,$AB$30,Improvements!$AB$30
N1BuildingsEfficiencyRatio,Improvements,$AA$107,Improvements!$AA$107
N1BuildingsEfficiencyRatioMetric,Improvements,$AA$108,Improvements!$AA$108
N1BuildingsFAR,Improvements,$AB$34,Improvements!$AB$34
N1BuildingsFARMetric,Improvements,$AB$35,Improvements!$AB$35
N1BuildingsFFandE,Improvements,$AB$48,Improvements!$AB$48
N1BuildingsFFandEEstimatedValue,Improvements,$AB$49,Improvements!$AB$49
N1BuildingsLandtoBuildingRatio,Improvements,$AB$32,Improvements!$AB$32
N1BuildingsLandtoBuildingRatioMetric,Improvements,$AB$33,Improvements!$AB$33
N1BuildingsOverallDesignAndFunctionalUtility,Improvements,$AB$46,Improvements!$AB$46
N1BuildingsOverallPropertyDescriptionComments,Improvements,$AB$50,Improvements!$AB$50
N1BuildingsParkingLotCondition,Improvements,$AB$39,Improvements!$AB$39
N1BuildingsParkingRatio,Improvements,$AB$41,Improvements!$AB$41
N1BuildingsParkingRatioMetric,Improvements,$AB$42,Improvements!$AB$42
N1BuildingsParkingRatioType,Improvements,$AB$40,Improvements!$AB$40
N1BuildingsParkingSpaces,Improvements,$AB$37,Improvements!$AB$37
N1BuildingsParkingType,Improvements,$AB$36,Improvements!$AB$36
N1BuildingsPlannedCapitalImprovements,Improvements,$AB$47,Improvements!$AB$47
N1BuildingsPredominantCondition,Improvements,$AB$31,Improvements!$AB$31
N1BuildingsPredominantConstruction,Improvements,$AB$26,Improvements!$AB$26
N1BuildingsPredominantConstructionQuality,Improvements,$AB$27,Improvements!$AB$27
N1BuildingsPredominantOfficeClass,Improvements,$AB$25,Improvements!$AB$25
N1BuildingsTotalBasementSize,Improvements,$AA$142,Improvements!$AA$142
N1BuildingsTotalGBA,Improvements,$AA$90,Improvements!$AA$90
N1BuildingsTotalGBAMeters,Improvements,$AA$98,Improvements!$AA$98
N1BuildingsTotalGLA,Improvements,$AA$97,Improvements!$AA$97
N1BuildingsTotalGLAMeters,Improvements,$AA$100,Improvements!$AA$100
N1BuildingsTotalNo.ofBathrooms,Improvements,$AA$127,Improvements!$AA$127
N1BuildingsTotalNo.ofBays,Improvements,$AA$131,Improvements!$AA$131
N1BuildingsTotalNo.ofBedRooms,Improvements,$AA$126,Improvements!$AA$126
N1BuildingsTotalNo.ofBeds,Improvements,$AA$129,Improvements!$AA$129
N1BuildingsTotalNo.ofBuildings,Improvements,$AB$24,Improvements!$AB$24
N1BuildingsTotalNo.ofEscalators,Improvements,$AA$185,Improvements!$AA$185
N1BuildingsTotalNo.ofGolfHoles,Improvements,$AA$132,Improvements!$AA$132
N1BuildingsTotalNo.ofHalfBaths,Improvements,$AA$128,Improvements!$AA$128
N1BuildingsTotalNo.ofRooms,Improvements,$AA$125,Improvements!$AA$125
N1BuildingsTotalNo.ofSeats,Improvements,$AA$130,Improvements!$AA$130
N1BuildingsTotalNo.ofStories,Improvements,$AA$84,Improvements!$AA$84
N1BuildingsTotalNo.ofTruckDoors,Improvements,$AA$155,Improvements!$AA$155
N1BuildingsTotalNo.ofUnits,Improvements,$AA$124,Improvements!$AA$124
N1BuildingsTotalNumberOfTruckDoorLevelers,Improvements,$AA$156,Improvements!$AA$156
N1BuildingsTotalParkingSpaces,Improvements,$AA$113,Improvements!$AA$113
N1BuildingsTotalPercentOffice,Improvements,$AA$103,Improvements!$AA$103
N1BuildingsTotalRA,Improvements,$AA$96,Improvements!$AA$96
N1BuildingsTotalRAMeters,Improvements,$AA$99,Improvements!$AA$99
N1BuildingsTotalsNo.ofElevators,Improvements,$AA$184,Improvements!$AA$184
N1BuildingSummaryTable,Improvements,$CE$442:$CS$455,Improvements!$CE$442:$CS$455
N1BuildingsYearBuilt,Improvements,$AA$72,Improvements!$AA$72
N1BuildingsYearBuiltRange,Improvements,$AB$28,Improvements!$AB$28
N1BuildingsYearRenovatedRange,Improvements,$AB$29,Improvements!$AB$29
N1CalculatedNetPresentValue,CashFlow-Returns,$F$46,'CashFlow-Returns'!$F$46
N1CAMExpense,Expense Grid,$BS$476:$BY$498,'Expense Grid'!$BS$476:$BY$498
N1CapRate,Capitalization and Multipliers,$J$112,'Capitalization and Multipliers'!$J$112
N1CapRateAverage,Capitalization and Multipliers,$N$168,'Capitalization and Multipliers'!$N$168
N1CapRateHigh,Capitalization and Multipliers,$N$169,'Capitalization and Multipliers'!$N$169
N1CapRateLow,Capitalization and Multipliers,$N$167,'Capitalization and Multipliers'!$N$167
N1CapsuleDescription,Improvements,$AB$20,Improvements!$AB$20
N1CashFlowProfile,Capitalization and Multipliers,$F$268:$K$290,'Capitalization and Multipliers'!$F$268:$K$290
N1CBSA,File Info,$I$130,'File Info'!$I$130
N1CensusTract,File Info,$I$124,'File Info'!$I$124
N1cht_JobSettings,Settings,$F$5:$J$109,Settings!$F$5:$J$109
N1City,File Info,$I$112,'File Info'!$I$112
N1CleaningAndJanitorialExpense,Expense Grid,$BS$528:$BY$550,'Expense Grid'!$BS$528:$BY$550
N1Client2Address,File Info,$I$212,'File Info'!$I$212
N1Client2Address2,File Info,$I$214,'File Info'!$I$214
N1Client2City,File Info,$I$216,'File Info'!$I$216
N1Client2CompanyName,File Info,$I$196,'File Info'!$I$196
N1Client2Country,File Info,$I$222,'File Info'!$I$222
N1Client2Designation,File Info,$I$206,'File Info'!$I$206
N1Client2DisplayName,File Info,$I$208,'File Info'!$I$208
N1Client2Email,File Info,$I$230,'File Info'!$I$230
N1Client2Fax,File Info,$I$228,'File Info'!$I$228
N1Client2FileNum,File Info,$I$194,'File Info'!$I$194
N1Client2FirstName,File Info,$I$200,'File Info'!$I$200
N1Client2LastName,File Info,$I$204,'File Info'!$I$204
N1Client2MiddleName,File Info,$I$202,'File Info'!$I$202
N1Client2PhoneNumber,File Info,$I$224,'File Info'!$I$224
N1Client2PhoneNumber2,File Info,$I$226,'File Info'!$I$226
N1Client2Salutation,File Info,$I$198,'File Info'!$I$198
N1Client2State,File Info,$I$218,'File Info'!$I$218
N1Client2Title,File Info,$I$210,'File Info'!$I$210
N1Client2WebSite,File Info,$I$232,'File Info'!$I$232
N1Client2Zip,File Info,$I$220,'File Info'!$I$220
N1ClientAddress,File Info,$I$162,'File Info'!$I$162
N1ClientAddress2,File Info,$I$164,'File Info'!$I$164
N1ClientCity,File Info,$I$166,'File Info'!$I$166
N1ClientCompanyName,File Info,$I$144,'File Info'!$I$144
N1ClientCountry,File Info,$I$172,'File Info'!$I$172
N1ClientDesignation,File Info,$I$156,'File Info'!$I$156
N1ClientDisplayName,File Info,$I$158,'File Info'!$I$158
N1ClientEmail,File Info,$I$180,'File Info'!$I$180
N1ClientFax,File Info,$I$178,'File Info'!$I$178
N1ClientFileNum,File Info,$I$142,'File Info'!$I$142
N1ClientFirstName,File Info,$I$148,'File Info'!$I$148
N1ClientLastName,File Info,$I$152,'File Info'!$I$152
N1ClientMiddleName,File Info,$I$150,'File Info'!$I$150
N1ClientPhoneNumber,File Info,$I$174,'File Info'!$I$174
N1ClientPhoneNumber2,File Info,$I$176,'File Info'!$I$176
N1ClientSalutation,File Info,$I$146,'File Info'!$I$146
N1ClientState,File Info,$I$168,'File Info'!$I$168
N1ClientTitle,File Info,$I$160,'File Info'!$I$160
N1ClientWebSite,File Info,$I$182,'File Info'!$I$182
N1ClientZip,File Info,$I$170,'File Info'!$I$170
N1CommLeaseExpirationsChart,Rent Roll,$GO$663:$GS$678,'Rent Roll'!$GO$663:$GS$678
N1CommLeaseGridAnalysisDate,Lease Grid,$G$33,'Lease Grid'!$G$33
N1Comp1,Sales Grid,$FW$663:$FZ$762,'Sales Grid'!$FW$663:$FZ$762
N1Comp10,Sales Grid,$FW$1608:$FZ$1707,'Sales Grid'!$FW$1608:$FZ$1707
N1Comp10Land,Land Grid,$CQ$1023:$CT$1073,'Land Grid'!$CQ$1023:$CT$1073
N1Comp10Lease,Lease Grid,$FD$2247:$FM$2368,'Lease Grid'!$FD$2247:$FM$2368
N1Comp1Land,Land Grid,$CQ$519:$CT$569,'Land Grid'!$CQ$519:$CT$569
N1Comp1Lease,Lease Grid,$FD$1104:$FM$1225,'Lease Grid'!$FD$1104:$FM$1225
N1Comp2,Sales Grid,$FW$768:$FZ$867,'Sales Grid'!$FW$768:$FZ$867
N1Comp2Land,Land Grid,$CQ$575:$CT$625,'Land Grid'!$CQ$575:$CT$625
N1Comp2Lease,Lease Grid,$FD$1231:$FM$1352,'Lease Grid'!$FD$1231:$FM$1352
N1Comp3,Sales Grid,$FW$873:$FZ$972,'Sales Grid'!$FW$873:$FZ$972
N1Comp3Land,Land Grid,$CQ$631:$CT$681,'Land Grid'!$CQ$631:$CT$681
N1Comp3Lease,Lease Grid,$FD$1358:$FM$1479,'Lease Grid'!$FD$1358:$FM$1479
N1Comp4,Sales Grid,$FW$978:$FZ$1077,'Sales Grid'!$FW$978:$FZ$1077
N1Comp4Land,Land Grid,$CQ$687:$CT$737,'Land Grid'!$CQ$687:$CT$737
N1Comp4Lease,Lease Grid,$FD$1485:$FM$1606,'Lease Grid'!$FD$1485:$FM$1606
N1Comp5,Sales Grid,$FW$1083:$FZ$1182,'Sales Grid'!$FW$1083:$FZ$1182
N1Comp5Land,Land Grid,$CQ$743:$CT$793,'Land Grid'!$CQ$743:$CT$793
N1Comp5Lease,Lease Grid,$FD$1612:$FM$1733,'Lease Grid'!$FD$1612:$FM$1733
N1Comp6,Sales Grid,$FW$1188:$FZ$1287,'Sales Grid'!$FW$1188:$FZ$1287
N1Comp6Land,Land Grid,$CQ$799:$CT$849,'Land Grid'!$CQ$799:$CT$849
N1Comp6Lease,Lease Grid,$FD$1739:$FM$1860,'Lease Grid'!$FD$1739:$FM$1860
N1Comp7,Sales Grid,$FW$1293:$FZ$1392,'Sales Grid'!$FW$1293:$FZ$1392
N1Comp7Land,Land Grid,$CQ$855:$CT$905,'Land Grid'!$CQ$855:$CT$905
N1Comp7Lease,Lease Grid,$FD$1866:$FM$1987,'Lease Grid'!$FD$1866:$FM$1987
N1Comp8,Sales Grid,$FW$1398:$FZ$1497,'Sales Grid'!$FW$1398:$FZ$1497
N1Comp8Land,Land Grid,$CQ$911:$CT$961,'Land Grid'!$CQ$911:$CT$961
N1Comp8Lease,Lease Grid,$FD$1993:$FM$2114,'Lease Grid'!$FD$1993:$FM$2114
N1Comp9,Sales Grid,$FW$1503:$FZ$1602,'Sales Grid'!$FW$1503:$FZ$1602
N1Comp9Land,Land Grid,$CQ$967:$CT$1017,'Land Grid'!$CQ$967:$CT$1017
N1Comp9Lease,Lease Grid,$FD$2120:$FM$2241,'Lease Grid'!$FD$2120:$FM$2241
N1ComparisonAmenityTable,Lease Grid,$EF$987:$ER$1075,'Lease Grid'!$EF$987:$ER$1075
N1CompCapRates,Capitalization and Multipliers,$F$154:$N$169,'Capitalization and Multipliers'!$F$154:$N$169
N1CompSummaryTable,Sales Grid,$CC$464:$CR$497,'Sales Grid'!$CC$464:$CR$497
N1ConcludedCapRateValue,Capitalization and Multipliers,$I$212,'Capitalization and Multipliers'!$I$212
N1ContactAddress,File Info,$I$254,'File Info'!$I$254
N1ContactAddress2,File Info,$I$256,'File Info'!$I$256
N1ContactCity,File Info,$I$258,'File Info'!$I$258
N1ContactEmail,File Info,$I$268,'File Info'!$I$268
N1ContactMiddleName,File Info,$I$248,'File Info'!$I$248
N1ContactPhone,File Info,$I$264,'File Info'!$I$264
N1ContactPhone2,File Info,$I$266,'File Info'!$I$266
N1ContactPropertyRights,"Contracts, History",$K$21,"'Contracts, History'!$K$21"
N1ContactState,File Info,$I$260,'File Info'!$I$260
N1ContactZipCode,File Info,$I$262,'File Info'!$I$262
N1ContractBookPage,"Contracts, History",$K$18,"'Contracts, History'!$K$18"
N1ContractComment,"Contracts, History",$K$28,"'Contracts, History'!$K$28"
N1ContractCondOfSale,"Contracts, History",$K$23,"'Contracts, History'!$K$23"
N1ContractDate,"Contracts, History",$K$16,"'Contracts, History'!$K$16"
N1ContractDOM,"Contracts, History",$K$17,"'Contracts, History'!$K$17"
N1ContractFinancing,"Contracts, History",$K$22,"'Contracts, History'!$K$22"
N1ContractGrantee,"Contracts, History",$K$20,"'Contracts, History'!$K$20"
N1ContractGrantor,"Contracts, History",$K$19,"'Contracts, History'!$K$19"
N1ContractPrice,"Contracts, History",$K$15,"'Contracts, History'!$K$15"
N1ContractTotal,File Info,$I$40,'File Info'!$I$40
N1ContractVerificationSource,"Contracts, History",$K$25,"'Contracts, History'!$K$25"
N1Cost1,Cost,$E$10:$J$73,Cost!$E$10:$J$73
N1Cost1ArchitecturalPercent,Cost,$G$41,Cost!$G$41
N1Cost1ArchitecturalPercentType,Cost,$I$42,Cost!$I$42
N1Cost1Depreciation,Cost,$E$53:$J$60,Cost!$E$53:$J$60
N1Cost1DevelopersProfit,Cost,$I$49,Cost!$I$49
N1Cost1EngineeringPercent,Cost,$G$39,Cost!$G$39
N1Cost1EngineeringPercentType,Cost,$I$40,Cost!$I$40
N1Cost1InsurableValue,Cost,$J$46,Cost!$J$46
N1Cost1Leasing,Cost,$J$44,Cost!$J$44
N1Cost1PermitsAndLegal,Cost,$J$43,Cost!$J$43
N1Cost1Source,Cost,$F$11,Cost!$F$11
N1Cost2,Cost,$E$78:$J$132,Cost!$E$78:$J$132
N1Cost2ArchitecturalPercent,Cost,$G$111,Cost!$G$111
N1Cost2ArchitecturalPercentType,Cost,$I$112,Cost!$I$112
N1Cost2Depreciation,Cost,$E$124:$J$131,Cost!$E$124:$J$131
N1Cost2DevelopersProfit,Cost,$I$120,Cost!$I$120
N1Cost2EngineeringPercent,Cost,$G$109,Cost!$G$109
N1Cost2EngineeringPercentType,Cost,$I$110,Cost!$I$110
N1Cost2InsurableValue,Cost,$J$116,Cost!$J$116
N1Cost2Leasing,Cost,$J$114,Cost!$J$114
N1Cost2PermitsAndLegal,Cost,$J$113,Cost!$J$113
N1Cost2Source,Cost,$F$81,Cost!$F$81
N1Cost3,Cost,$E$135:$J$189,Cost!$E$135:$J$189
N1Cost3ArchitecturalPercent,Cost,$G$168,Cost!$G$168
N1Cost3ArchitecturalPercentType,Cost,$I$169,Cost!$I$169
N1Cost3Depreciation,Cost,$E$181:$J$187,Cost!$E$181:$J$187
N1Cost3DevelopersProfit,Cost,$I$177,Cost!$I$177
N1Cost3EngineeringPercent,Cost,$G$166,Cost!$G$166
N1Cost3EngineeringPercentType,Cost,$I$167,Cost!$I$167
N1Cost3InsurableValue,Cost,$J$173,Cost!$J$173
N1Cost3Leasing,Cost,$J$171,Cost!$J$171
N1Cost3PermitsAndLegal,Cost,$J$170,Cost!$J$170
N1Cost3Source,Cost,$F$138,Cost!$F$138
N1CostApproachValue,Values,$K$51,Values!$K$51
N1CostApproachValueText,Values,$L$51,Values!$L$51
N1CostSummary,Cost,$E$193:$F$200,Cost!$E$193:$F$200
N1CostTotalInsurableValue,Cost,$J$66,Cost!$J$66
N1CostTotalInsurableValueText,Cost,$L$66,Cost!$L$66
N1CostValue,Cost,$J$72,Cost!$J$72
N1CostValueText,Cost,$F$74,Cost!$F$74
N1Country,File Info,$I$116,'File Info'!$I$116
N1County,File Info,$I$114,'File Info'!$I$114
N1CrimeIndexChart,Market Area,$BS$555:$BV$573,'Market Area'!$BS$555:$BV$573
N1CrimeIndexDisplayTable,Market Area,$BS$539:$BV$552,'Market Area'!$BS$539:$BV$552
N1DataSourcesTable,Scope,$AL$180:$AO$192,Scope!$AL$180:$AO$192
N1Date,"Contracts, History",$G$16,"'Contracts, History'!$G$16"
N1DaysonMarket,"Contracts, History",$G$17,"'Contracts, History'!$G$17"
N1DBAccess,Site,$Z$84,Site!$Z$84
N1DBAcres,Site,$Z$39,Site!$Z$39
N1DBAcres_Parcel_1,Site,$AC$39,Site!$AC$39
N1DBAcres_Parcel_10,Site,$AL$39,Site!$AL$39
N1DBAcres_Parcel_11,Site,$AM$39,Site!$AM$39
N1DBAcres_Parcel_12,Site,$AN$39,Site!$AN$39
N1DBAcres_Parcel_13,Site,$AO$39,Site!$AO$39
N1DBAcres_Parcel_14,Site,$AP$39,Site!$AP$39
N1DBAcres_Parcel_15,Site,$AQ$39,Site!$AQ$39
N1DBAcres_Parcel_16,Site,$AR$39,Site!$AR$39
N1DBAcres_Parcel_17,Site,$AS$39,Site!$AS$39
N1DBAcres_Parcel_18,Site,$AT$39,Site!$AT$39
N1DBAcres_Parcel_19,Site,$AU$39,Site!$AU$39
N1DBAcres_Parcel_2,Site,$AD$39,Site!$AD$39
N1DBAcres_Parcel_20,Site,$AV$39,Site!$AV$39
N1DBAcres_Parcel_3,Site,$AE$39,Site!$AE$39
N1DBAcres_Parcel_4,Site,$AF$39,Site!$AF$39
N1DBAcres_Parcel_5,Site,$AG$39,Site!$AG$39
N1DBAcres_Parcel_6,Site,$AH$39,Site!$AH$39
N1DBAcres_Parcel_7,Site,$AI$39,Site!$AI$39
N1DBAcres_Parcel_8,Site,$AJ$39,Site!$AJ$39
N1DBAcres_Parcel_9,Site,$AK$39,Site!$AK$39
N1DBAddress,File Info,$I$110,'File Info'!$I$110
N1DBADR,Summary,$DW$649,Summary!$DW$649
N1DBAdvertising_And_Marketing,Income-Expense Summary,$DM$175,'Income-Expense Summary'!$DM$175
N1DBAll_Utilities_To_Site,Site,$Z$114,Site!$Z$114
N1DBAllowable_Floor_Area_SF,Site,$Z$49,Site!$Z$49
N1DBAllowable_Units,Site,$Z$50,Site!$Z$50
N1DBAmenities_Building_1,Improvements,$AB$206,Improvements!$AB$206
N1DBAmenities_Building_10,Improvements,$AK$206,Improvements!$AK$206
N1DBAmenities_Building_2,Improvements,$AC$206,Improvements!$AC$206
N1DBAmenities_Building_3,Improvements,$AD$206,Improvements!$AD$206
N1DBAmenities_Building_4,Improvements,$AE$206,Improvements!$AE$206
N1DBAmenities_Building_5,Improvements,$AF$206,Improvements!$AF$206
N1DBAmenities_Building_6,Improvements,$AG$206,Improvements!$AG$206
N1DBAmenities_Building_7,Improvements,$AH$206,Improvements!$AH$206
N1DBAmenities_Building_8,Improvements,$AI$206,Improvements!$AI$206
N1DBAmenities_Building_9,Improvements,$AJ$206,Improvements!$AJ$206
N1DBAnchor_Tenants,Rent Roll,$GC$638,'Rent Roll'!$GC$638
N1DBAncillary_Buildings,Improvements,$Y$204,Improvements!$Y$204
N1DBAncillary_Buildings_Building_1,Improvements,$AB$204,Improvements!$AB$204
N1DBAncillary_Buildings_Building_10,Improvements,$AK$204,Improvements!$AK$204
N1DBAncillary_Buildings_Building_2,Improvements,$AC$204,Improvements!$AC$204
N1DBAncillary_Buildings_Building_3,Improvements,$AD$204,Improvements!$AD$204
N1DBAncillary_Buildings_Building_4,Improvements,$AE$204,Improvements!$AE$204
N1DBAncillary_Buildings_Building_5,Improvements,$AF$204,Improvements!$AF$204
N1DBAncillary_Buildings_Building_6,Improvements,$AG$204,Improvements!$AG$204
N1DBAncillary_Buildings_Building_7,Improvements,$AH$204,Improvements!$AH$204
N1DBAncillary_Buildings_Building_8,Improvements,$AI$204,Improvements!$AI$204
N1DBAncillary_Buildings_Building_9,Improvements,$AJ$204,Improvements!$AJ$204
N1DBAppraisal_Date,"Dates, Premises",$G$23,"'Dates, Premises'!$G$23"
N1DBAppraisal_File,File Info,$I$15,'File Info'!$I$15
N1DBAppraised_Value,Values,$K$72,Values!$K$72
N1DBArea_in_Flood_Zone,Site,$Z$102,Site!$Z$102
N1DBAsCompleteAppraisalPremise,"Dates, Premises",$I$24,"'Dates, Premises'!$I$24"
N1DBAsCompleteInterestAppraised,"Dates, Premises",$M$24,"'Dates, Premises'!$M$24"
N1DBAsCompleteValue,Values,$K$73,Values!$K$73
N1DBAsCompleteValueDate,"Dates, Premises",$G$24,"'Dates, Premises'!$G$24"
N1DBAsCompleteValuePremise,"Dates, Premises",$K$24,"'Dates, Premises'!$K$24"
N1DBAsIsAppraisalPremise,"Dates, Premises",$I$23,"'Dates, Premises'!$I$23"
N1DBAsIsInterestAppraised,"Dates, Premises",$M$23,"'Dates, Premises'!$M$23"
N1DBAsIsValue,Values,$K$72,Values!$K$72
N1DBAsIsValuePremise,"Dates, Premises",$K$23,"'Dates, Premises'!$K$23"
N1DBAssessment_Comments,Assessment,$G$54,Assessment!$G$54
N1DBAssessment_Year,Assessment,$G$18,Assessment!$G$18
N1DBAssessment_Year_Parcel_1,Assessment,$J$18,Assessment!$J$18
N1DBAssessment_Year_Parcel_10,Assessment,$S$18,Assessment!$S$18
N1DBAssessment_Year_Parcel_11,Assessment,$T$18,Assessment!$T$18
N1DBAssessment_Year_Parcel_12,Assessment,$U$18,Assessment!$U$18
N1DBAssessment_Year_Parcel_13,Assessment,$V$18,Assessment!$V$18
N1DBAssessment_Year_Parcel_14,Assessment,$W$18,Assessment!$W$18
N1DBAssessment_Year_Parcel_15,Assessment,$X$18,Assessment!$X$18
N1DBAssessment_Year_Parcel_16,Assessment,$Y$18,Assessment!$Y$18
N1DBAssessment_Year_Parcel_17,Assessment,$Z$18,Assessment!$Z$18
N1DBAssessment_Year_Parcel_18,Assessment,$AA$18,Assessment!$AA$18
N1DBAssessment_Year_Parcel_19,Assessment,$AB$18,Assessment!$AB$18
N1DBAssessment_Year_Parcel_2,Assessment,$K$18,Assessment!$K$18
N1DBAssessment_Year_Parcel_20,Assessment,$AC$18,Assessment!$AC$18
N1DBAssessment_Year_Parcel_3,Assessment,$L$18,Assessment!$L$18
N1DBAssessment_Year_Parcel_4,Assessment,$M$18,Assessment!$M$18
N1DBAssessment_Year_Parcel_5,Assessment,$N$18,Assessment!$N$18
N1DBAssessment_Year_Parcel_6,Assessment,$O$18,Assessment!$O$18
N1DBAssessment_Year_Parcel_7,Assessment,$P$18,Assessment!$P$18
N1DBAssessment_Year_Parcel_8,Assessment,$Q$18,Assessment!$Q$18
N1DBAssessment_Year_Parcel_9,Assessment,$R$18,Assessment!$R$18
N1DBAssessor_Website,Assessment,$AN$77,Assessment!$AN$77
N1DBAssisted_Living_Community_Fee,Summary,$DP$634,Summary!$DP$634
N1DBAssisted_Living_Entry_Fee,Summary,$DN$634,Summary!$DN$634
N1DBAssisted_Living_Monthly_Second_Person_Fee,Summary,$DO$634,Summary!$DO$634
N1DBAssisted_Living_Occupancy_Percentage,Summary,$DM$634,Summary!$DM$634
N1DBAssisted_Living_Unit_Count,Summary,$DL$634,Summary!$DL$634
N1DBAsStabilizedAppraisalPremise,"Dates, Premises",$I$25,"'Dates, Premises'!$I$25"
N1DBAsStabilizedInterestAppraised,"Dates, Premises",$M$25,"'Dates, Premises'!$M$25"
N1DBAsStabilizedValue,Values,$K$74,Values!$K$74
N1DBAsStabilizedValueDate,"Dates, Premises",$G$25,"'Dates, Premises'!$G$25"
N1DBAsStabilizedValuePremise,"Dates, Premises",$K$25,"'Dates, Premises'!$K$25"
N1DBAuthority_Record_1,Zoning,$AA$20,Zoning!$AA$20
N1DBAuthority_Record_10,Zoning,$AJ$20,Zoning!$AJ$20
N1DBAuthority_Record_2,Zoning,$AB$20,Zoning!$AB$20
N1DBAuthority_Record_3,Zoning,$AC$20,Zoning!$AC$20
N1DBAuthority_Record_4,Zoning,$AD$20,Zoning!$AD$20
N1DBAuthority_Record_5,Zoning,$AE$20,Zoning!$AE$20
N1DBAuthority_Record_6,Zoning,$AF$20,Zoning!$AF$20
N1DBAuthority_Record_7,Zoning,$AG$20,Zoning!$AG$20
N1DBAuthority_Record_8,Zoning,$AH$20,Zoning!$AH$20
N1DBAuthority_Record_9,Zoning,$AI$20,Zoning!$AI$20
N1DBAverage_MF_Unit_Size,Summary,$CQ$618,Summary!$CQ$618
N1DBBack_Yard_Distance,Zoning,$Z$38,Zoning!$Z$38
N1DBBack_Yard_Distance_Record_1,Zoning,$AA$38,Zoning!$AA$38
N1DBBack_Yard_Distance_Record_10,Zoning,$AJ$38,Zoning!$AJ$38
N1DBBack_Yard_Distance_Record_2,Zoning,$AB$38,Zoning!$AB$38
N1DBBack_Yard_Distance_Record_3,Zoning,$AC$38,Zoning!$AC$38
N1DBBack_Yard_Distance_Record_4,Zoning,$AD$38,Zoning!$AD$38
N1DBBack_Yard_Distance_Record_5,Zoning,$AE$38,Zoning!$AE$38
N1DBBack_Yard_Distance_Record_6,Zoning,$AF$38,Zoning!$AF$38
N1DBBack_Yard_Distance_Record_7,Zoning,$AG$38,Zoning!$AG$38
N1DBBack_Yard_Distance_Record_8,Zoning,$AH$38,Zoning!$AH$38
N1DBBack_Yard_Distance_Record_9,Zoning,$AI$38,Zoning!$AI$38
N1DBBase_Rent_Abatement,Income-Expense Summary,$DM$161,'Income-Expense Summary'!$DM$161
N1DBBase_Taxes,Assessment,$G$34,Assessment!$G$34
N1DBBase_Taxes_Parcel_1,Assessment,$J$34,Assessment!$J$34
N1DBBase_Taxes_Parcel_10,Assessment,$S$34,Assessment!$S$34
N1DBBase_Taxes_Parcel_11,Assessment,$T$34,Assessment!$T$34
N1DBBase_Taxes_Parcel_12,Assessment,$U$34,Assessment!$U$34
N1DBBase_Taxes_Parcel_13,Assessment,$V$34,Assessment!$V$34
N1DBBase_Taxes_Parcel_14,Assessment,$W$34,Assessment!$W$34
N1DBBase_Taxes_Parcel_15,Assessment,$X$34,Assessment!$X$34
N1DBBase_Taxes_Parcel_16,Assessment,$Y$34,Assessment!$Y$34
N1DBBase_Taxes_Parcel_17,Assessment,$Z$34,Assessment!$Z$34
N1DBBase_Taxes_Parcel_18,Assessment,$AA$34,Assessment!$AA$34
N1DBBase_Taxes_Parcel_19,Assessment,$AB$34,Assessment!$AB$34
N1DBBase_Taxes_Parcel_2,Assessment,$K$34,Assessment!$K$34
N1DBBase_Taxes_Parcel_20,Assessment,$AC$34,Assessment!$AC$34
N1DBBase_Taxes_Parcel_3,Assessment,$L$34,Assessment!$L$34
N1DBBase_Taxes_Parcel_4,Assessment,$M$34,Assessment!$M$34
N1DBBase_Taxes_Parcel_5,Assessment,$N$34,Assessment!$N$34
N1DBBase_Taxes_Parcel_6,Assessment,$O$34,Assessment!$O$34
N1DBBase_Taxes_Parcel_7,Assessment,$P$34,Assessment!$P$34
N1DBBase_Taxes_Parcel_8,Assessment,$Q$34,Assessment!$Q$34
N1DBBase_Taxes_Parcel_9,Assessment,$R$34,Assessment!$R$34
N1DBBasement_Size,Improvements,$Y$142,Improvements!$Y$142
N1DBBasement_Size_Building_1,Improvements,$AB$142,Improvements!$AB$142
N1DBBasement_Size_Building_10,Improvements,$AK$142,Improvements!$AK$142
N1DBBasement_Size_Building_2,Improvements,$AC$142,Improvements!$AC$142
N1DBBasement_Size_Building_3,Improvements,$AD$142,Improvements!$AD$142
N1DBBasement_Size_Building_4,Improvements,$AE$142,Improvements!$AE$142
N1DBBasement_Size_Building_5,Improvements,$AF$142,Improvements!$AF$142
N1DBBasement_Size_Building_6,Improvements,$AG$142,Improvements!$AG$142
N1DBBasement_Size_Building_7,Improvements,$AH$142,Improvements!$AH$142
N1DBBasement_Size_Building_8,Improvements,$AI$142,Improvements!$AI$142
N1DBBasement_Size_Building_9,Improvements,$AJ$142,Improvements!$AJ$142
N1DBBasement_Size_Meters,Improvements,$Y$143,Improvements!$Y$143
N1DBBasement_Use_and_Finish,Improvements,$Y$145,Improvements!$Y$145
N1DBBasement_Use_And_Finish_Building_1,Improvements,$AB$145,Improvements!$AB$145
N1DBBasement_Use_And_Finish_Building_10,Improvements,$AK$145,Improvements!$AK$145
N1DBBasement_Use_And_Finish_Building_2,Improvements,$AC$145,Improvements!$AC$145
N1DBBasement_Use_And_Finish_Building_3,Improvements,$AD$145,Improvements!$AD$145
N1DBBasement_Use_And_Finish_Building_4,Improvements,$AE$145,Improvements!$AE$145
N1DBBasement_Use_And_Finish_Building_5,Improvements,$AF$145,Improvements!$AF$145
N1DBBasement_Use_And_Finish_Building_6,Improvements,$AG$145,Improvements!$AG$145
N1DBBasement_Use_And_Finish_Building_7,Improvements,$AH$145,Improvements!$AH$145
N1DBBasement_Use_And_Finish_Building_8,Improvements,$AI$145,Improvements!$AI$145
N1DBBasement_Use_And_Finish_Building_9,Improvements,$AJ$145,Improvements!$AJ$145
N1DBBook\Page_or_Reference_Doc,"Contracts, History",$G$18,"'Contracts, History'!$G$18"
N1DBBuildable_SF,Site,$Z$48,Site!$Z$48
N1DBBuilding_Class,Improvements,$Y$61,Improvements!$Y$61
N1DBBuilding_Class_Building_1,Improvements,$AB$61,Improvements!$AB$61
N1DBBuilding_Class_Building_10,Improvements,$AK$61,Improvements!$AK$61
N1DBBuilding_Class_Building_2,Improvements,$AC$61,Improvements!$AC$61
N1DBBuilding_Class_Building_3,Improvements,$AD$61,Improvements!$AD$61
N1DBBuilding_Class_Building_4,Improvements,$AE$61,Improvements!$AE$61
N1DBBuilding_Class_Building_5,Improvements,$AF$61,Improvements!$AF$61
N1DBBuilding_Class_Building_6,Improvements,$AG$61,Improvements!$AG$61
N1DBBuilding_Class_Building_7,Improvements,$AH$61,Improvements!$AH$61
N1DBBuilding_Class_Building_8,Improvements,$AI$61,Improvements!$AI$61
N1DBBuilding_Class_Building_9,Improvements,$AJ$61,Improvements!$AJ$61
N1DBBuilding_Description,Improvements,$Y$60,Improvements!$Y$60
N1DBBuilding_Description_1,Improvements,$AB$60,Improvements!$AB$60
N1DBBuilding_Repairs,Income-Expense Summary,$DM$183,'Income-Expense Summary'!$DM$183
N1DBBulk_Discounted_Value_S1,Valuation,$G$68,Valuation!$G$68
N1DBBulk_Discounted_Value_S2,Valuation,$I$68,Valuation!$I$68
N1DBBulk_Discounted_Value_S3,Valuation,$K$68,Valuation!$K$68
N1DBBusiness_Enterprise_S1,Valuation,$G$33,Valuation!$G$33
N1DBBusiness_Enterprise_S2,Valuation,$I$33,Valuation!$I$33
N1DBBusiness_Enterprise_S3,Valuation,$K$33,Valuation!$K$33
N1DBCAM,Income-Expense Summary,$DM$189,'Income-Expense Summary'!$DM$189
N1DBCap_Rate,Capitalization and Multipliers,$J$112,'Capitalization and Multipliers'!$J$112
N1DBCBSA_Name,File Info,$I$130,'File Info'!$I$130
N1DBCeiling_Height,Improvements,$Y$169,Improvements!$Y$169
N1DBCeiling_Height_Building_1,Improvements,$AB$169,Improvements!$AB$169
N1DBCeiling_Height_Building_10,Improvements,$AK$169,Improvements!$AK$169
N1DBCeiling_Height_Building_2,Improvements,$AC$169,Improvements!$AC$169
N1DBCeiling_Height_Building_3,Improvements,$AD$169,Improvements!$AD$169
N1DBCeiling_Height_Building_4,Improvements,$AE$169,Improvements!$AE$169
N1DBCeiling_Height_Building_5,Improvements,$AF$169,Improvements!$AF$169
N1DBCeiling_Height_Building_6,Improvements,$AG$169,Improvements!$AG$169
N1DBCeiling_Height_Building_7,Improvements,$AH$169,Improvements!$AH$169
N1DBCeiling_Height_Building_8,Improvements,$AI$169,Improvements!$AI$169
N1DBCeiling_Height_Building_9,Improvements,$AJ$169,Improvements!$AJ$169
N1DBCeiling_Height_Meters,Improvements,$Y$170,Improvements!$Y$170
N1DBCensus_Block,File Info,$I$126,'File Info'!$I$126
N1DBCensus_Tract,File Info,$I$124,'File Info'!$I$124
N1DBCity,File Info,$I$112,'File Info'!$I$112
N1DBCleaning_and_Janitorial,Income-Expense Summary,$DM$188,'Income-Expense Summary'!$DM$188
N1DBClear_Height,Improvements,$Y$157,Improvements!$Y$157
N1DBClear_Height_Building_1,Improvements,$AB$157,Improvements!$AB$157
N1DBClear_Height_Building_10,Improvements,$AK$157,Improvements!$AK$157
N1DBClear_Height_Building_2,Improvements,$AC$157,Improvements!$AC$157
N1DBClear_Height_Building_3,Improvements,$AD$157,Improvements!$AD$157
N1DBClear_Height_Building_4,Improvements,$AE$157,Improvements!$AE$157
N1DBClear_Height_Building_5,Improvements,$AF$157,Improvements!$AF$157
N1DBClear_Height_Building_6,Improvements,$AG$157,Improvements!$AG$157
N1DBClear_Height_Building_7,Improvements,$AH$157,Improvements!$AH$157
N1DBClear_Height_Building_8,Improvements,$AI$157,Improvements!$AI$157
N1DBClear_Height_Building_9,Improvements,$AJ$157,Improvements!$AJ$157
N1DBColumn_Spacing,Improvements,$Y$147,Improvements!$Y$147
N1DBColumn_Spacing_Building_1,Improvements,$AB$147,Improvements!$AB$147
N1DBColumn_Spacing_Building_10,Improvements,$AK$147,Improvements!$AK$147
N1DBColumn_Spacing_Building_2,Improvements,$AC$147,Improvements!$AC$147
N1DBColumn_Spacing_Building_3,Improvements,$AD$147,Improvements!$AD$147
N1DBColumn_Spacing_Building_4,Improvements,$AE$147,Improvements!$AE$147
N1DBColumn_Spacing_Building_5,Improvements,$AF$147,Improvements!$AF$147
N1DBColumn_Spacing_Building_6,Improvements,$AG$147,Improvements!$AG$147
N1DBColumn_Spacing_Building_7,Improvements,$AH$147,Improvements!$AH$147
N1DBColumn_Spacing_Building_8,Improvements,$AI$147,Improvements!$AI$147
N1DBColumn_Spacing_Building_9,Improvements,$AJ$147,Improvements!$AJ$147
N1DBColumn_Spacing_Meters,Improvements,$Y$148,Improvements!$Y$148
N1DBComm._Verification_Source,Summary,$AN$367,Summary!$AN$367
N1DBComm_1_Eff._Rent\Mo.,Rent Roll,$Y$51,'Rent Roll'!$Y$51
N1DBComm_1_Eff._Rent\SF,Rent Roll,$AA$51,'Rent Roll'!$AA$51
N1DBComm_1_Eff._Rent\SF\Mo.,Rent Roll,$AB$51,'Rent Roll'!$AB$51
N1DBComm_1_Eff._Rent\Year,Rent Roll,$Z$51,'Rent Roll'!$Z$51
N1DBComm_1_Expire_Date,Rent Roll,$V$51,'Rent Roll'!$V$51
N1DBComm_1_Lease_Type,Rent Roll,$X$51,'Rent Roll'!$X$51
N1DBComm_1_Lessee,Rent Roll,$M$51,'Rent Roll'!$M$51
N1DBComm_1_SF,Rent Roll,$S$51,'Rent Roll'!$S$51
N1DBComm_1_Space_Type,Rent Roll,$O$51,'Rent Roll'!$O$51
N1DBComm_1_Start_Date,Rent Roll,$U$51,'Rent Roll'!$U$51
N1DBComm_1_Suite,Rent Roll,$N$51,'Rent Roll'!$N$51
N1DBComm_Lease_Survey_Date,Rent Roll,$P$11,'Rent Roll'!$P$11
N1DBComments,Improvements,$Y$50,Improvements!$Y$50
N1DBComments_Record_1,Zoning,$AA$43,Zoning!$AA$43
N1DBComments_Record_10,Zoning,$AJ$43,Zoning!$AJ$43
N1DBComments_Record_2,Zoning,$AB$43,Zoning!$AB$43
N1DBComments_Record_3,Zoning,$AC$43,Zoning!$AC$43
N1DBComments_Record_4,Zoning,$AD$43,Zoning!$AD$43
N1DBComments_Record_5,Zoning,$AE$43,Zoning!$AE$43
N1DBComments_Record_6,Zoning,$AF$43,Zoning!$AF$43
N1DBComments_Record_7,Zoning,$AG$43,Zoning!$AG$43
N1DBComments_Record_8,Zoning,$AH$43,Zoning!$AH$43
N1DBComments_Record_9,Zoning,$AI$43,Zoning!$AI$43
N1DBCommercial_Vacancy,Rent Roll,$EN$423,'Rent Roll'!$EN$423
N1DBCondition,Improvements,$Y$79,Improvements!$Y$79
N1DBCondition_Building_1,Improvements,$AB$79,Improvements!$AB$79
N1DBCondition_Building_10,Improvements,$AK$79,Improvements!$AK$79
N1DBCondition_Building_2,Improvements,$AC$79,Improvements!$AC$79
N1DBCondition_Building_3,Improvements,$AD$79,Improvements!$AD$79
N1DBCondition_Building_4,Improvements,$AE$79,Improvements!$AE$79
N1DBCondition_Building_5,Improvements,$AF$79,Improvements!$AF$79
N1DBCondition_Building_6,Improvements,$AG$79,Improvements!$AG$79
N1DBCondition_Building_7,Improvements,$AH$79,Improvements!$AH$79
N1DBCondition_Building_8,Improvements,$AI$79,Improvements!$AI$79
N1DBCondition_Building_9,Improvements,$AJ$79,Improvements!$AJ$79
N1DBConfidential_TF,Rent Roll,$Z$11,'Rent Roll'!$Z$11
N1DBConstruction,Improvements,$Y$69,Improvements!$Y$69
N1DBConstruction_Building_1,Improvements,$AB$69,Improvements!$AB$69
N1DBConstruction_Building_10,Improvements,$AK$69,Improvements!$AK$69
N1DBConstruction_Building_2,Improvements,$AC$69,Improvements!$AC$69
N1DBConstruction_Building_3,Improvements,$AD$69,Improvements!$AD$69
N1DBConstruction_Building_4,Improvements,$AE$69,Improvements!$AE$69
N1DBConstruction_Building_5,Improvements,$AF$69,Improvements!$AF$69
N1DBConstruction_Building_6,Improvements,$AG$69,Improvements!$AG$69
N1DBConstruction_Building_7,Improvements,$AH$69,Improvements!$AH$69
N1DBConstruction_Building_8,Improvements,$AI$69,Improvements!$AI$69
N1DBConstruction_Building_9,Improvements,$AJ$69,Improvements!$AJ$69
N1DBConstruction_Class,Improvements,$Y$68,Improvements!$Y$68
N1DBConstruction_Class_Building_1,Improvements,$AB$68,Improvements!$AB$68
N1DBConstruction_Class_Building_10,Improvements,$AK$68,Improvements!$AK$68
N1DBConstruction_Class_Building_2,Improvements,$AC$68,Improvements!$AC$68
N1DBConstruction_Class_Building_3,Improvements,$AD$68,Improvements!$AD$68
N1DBConstruction_Class_Building_4,Improvements,$AE$68,Improvements!$AE$68
N1DBConstruction_Class_Building_5,Improvements,$AF$68,Improvements!$AF$68
N1DBConstruction_Class_Building_6,Improvements,$AG$68,Improvements!$AG$68
N1DBConstruction_Class_Building_7,Improvements,$AH$68,Improvements!$AH$68
N1DBConstruction_Class_Building_8,Improvements,$AI$68,Improvements!$AI$68
N1DBConstruction_Class_Building_9,Improvements,$AJ$68,Improvements!$AJ$68
N1DBContractLegal_Description,"Contracts, History",$K$24,"'Contracts, History'!$K$24"
N1DBCooling,Improvements,$Y$180,Improvements!$Y$180
N1DBCooling_Building_1,Improvements,$AB$180,Improvements!$AB$180
N1DBCooling_Building_10,Improvements,$AK$180,Improvements!$AK$180
N1DBCooling_Building_2,Improvements,$AC$180,Improvements!$AC$180
N1DBCooling_Building_3,Improvements,$AD$180,Improvements!$AD$180
N1DBCooling_Building_4,Improvements,$AE$180,Improvements!$AE$180
N1DBCooling_Building_5,Improvements,$AF$180,Improvements!$AF$180
N1DBCooling_Building_6,Improvements,$AG$180,Improvements!$AG$180
N1DBCooling_Building_7,Improvements,$AH$180,Improvements!$AH$180
N1DBCooling_Building_8,Improvements,$AI$180,Improvements!$AI$180
N1DBCooling_Building_9,Improvements,$AJ$180,Improvements!$AJ$180
N1DBCorner,Site,$Z$65,Site!$Z$65
N1DBCost_Approach_Value_Per_Index_S1,Valuation,$G$63,Valuation!$G$63
N1DBCost_Approach_Value_Per_Index_S2,Valuation,$I$63,Valuation!$I$63
N1DBCost_Approach_Value_Per_Index_S3,Valuation,$K$63,Valuation!$K$63
N1DBCost_Approach_Value_S1,Valuation,$G$62,Valuation!$G$62
N1DBCost_Approach_Value_S2,Valuation,$I$62,Valuation!$I$62
N1DBCost_Approach_Value_S3,Valuation,$K$62,Valuation!$K$62
N1DBCountry,File Info,$I$116,'File Info'!$I$116
N1DBCounty,File Info,$I$114,'File Info'!$I$114
N1DBCovered_Parking_Spaces,Improvements,$Y$111,Improvements!$Y$111
N1DBCovered_Parking_Spaces_Building_1,Improvements,$AB$111,Improvements!$AB$111
N1DBCovered_Parking_Spaces_Building_10,Improvements,$AK$111,Improvements!$AK$111
N1DBCovered_Parking_Spaces_Building_2,Improvements,$AC$111,Improvements!$AC$111
N1DBCovered_Parking_Spaces_Building_3,Improvements,$AD$111,Improvements!$AD$111
N1DBCovered_Parking_Spaces_Building_4,Improvements,$AE$111,Improvements!$AE$111
N1DBCovered_Parking_Spaces_Building_5,Improvements,$AF$111,Improvements!$AF$111
N1DBCovered_Parking_Spaces_Building_6,Improvements,$AG$111,Improvements!$AG$111
N1DBCovered_Parking_Spaces_Building_7,Improvements,$AH$111,Improvements!$AH$111
N1DBCovered_Parking_Spaces_Building_8,Improvements,$AI$111,Improvements!$AI$111
N1DBCovered_Parking_Spaces_Building_9,Improvements,$AJ$111,Improvements!$AJ$111
N1DBCraneways,Improvements,$Y$158,Improvements!$Y$158
N1DBCurrent_Use,Site,$Z$23,Site!$Z$23
N1DBData_Period_Type_S1,Valuation,$G$52,Valuation!$G$52
N1DBData_Period_Type_S2,Valuation,$I$52,Valuation!$I$52
N1DBData_Period_Type_S3,Valuation,$K$52,Valuation!$K$52
N1DBDate,"Contracts, History",$G$16,"'Contracts, History'!$G$16"
N1DBDays_on_Market,"Contracts, History",$G$17,"'Contracts, History'!$G$17"
N1DBDeferred_Maintenance,Improvements,$Y$187,Improvements!$Y$187
N1DBDeferred_Maintenance_Building_1,Improvements,$AB$187,Improvements!$AB$187
N1DBDeferred_Maintenance_Building_10,Improvements,$AK$187,Improvements!$AK$187
N1DBDeferred_Maintenance_Building_2,Improvements,$AC$187,Improvements!$AC$187
N1DBDeferred_Maintenance_Building_3,Improvements,$AD$187,Improvements!$AD$187
N1DBDeferred_Maintenance_Building_4,Improvements,$AE$187,Improvements!$AE$187
N1DBDeferred_Maintenance_Building_5,Improvements,$AF$187,Improvements!$AF$187
N1DBDeferred_Maintenance_Building_6,Improvements,$AG$187,Improvements!$AG$187
N1DBDeferred_Maintenance_Building_7,Improvements,$AH$187,Improvements!$AH$187
N1DBDeferred_Maintenance_Building_8,Improvements,$AI$187,Improvements!$AI$187
N1DBDeferred_Maintenance_Building_9,Improvements,$AJ$187,Improvements!$AJ$187
N1DBDepth,Site,$Z$74,Site!$Z$74
N1DBDescription_Building_1,Improvements,$AB$60,Improvements!$AB$60
N1DBDescription_Building_10,Improvements,$AK$60,Improvements!$AK$60
N1DBDescription_Building_2,Improvements,$AC$60,Improvements!$AC$60
N1DBDescription_Building_3,Improvements,$AD$60,Improvements!$AD$60
N1DBDescription_Building_4,Improvements,$AE$60,Improvements!$AE$60
N1DBDescription_Building_5,Improvements,$AF$60,Improvements!$AF$60
N1DBDescription_Building_6,Improvements,$AG$60,Improvements!$AG$60
N1DBDescription_Building_7,Improvements,$AH$60,Improvements!$AH$60
N1DBDescription_Building_8,Improvements,$AI$60,Improvements!$AI$60
N1DBDescription_Building_9,Improvements,$AJ$60,Improvements!$AJ$60
N1DBDesign_Appeal,Improvements,$Y$80,Improvements!$Y$80
N1DBDesign_Appeal_Building_1,Improvements,$AB$80,Improvements!$AB$80
N1DBDesign_Appeal_Building_10,Improvements,$AK$80,Improvements!$AK$80
N1DBDesign_Appeal_Building_2,Improvements,$AC$80,Improvements!$AC$80
N1DBDesign_Appeal_Building_3,Improvements,$AD$80,Improvements!$AD$80
N1DBDesign_Appeal_Building_4,Improvements,$AE$80,Improvements!$AE$80
N1DBDesign_Appeal_Building_5,Improvements,$AF$80,Improvements!$AF$80
N1DBDesign_Appeal_Building_6,Improvements,$AG$80,Improvements!$AG$80
N1DBDesign_Appeal_Building_7,Improvements,$AH$80,Improvements!$AH$80
N1DBDesign_Appeal_Building_8,Improvements,$AI$80,Improvements!$AI$80
N1DBDesign_Appeal_Building_9,Improvements,$AJ$80,Improvements!$AJ$80
N1DBDimensions,Site,$Z$66,Site!$Z$66
N1DBDirect_Cap_Method_Applied_Cap_Rate_S1,Valuation,$G$47,Valuation!$G$47
N1DBDirect_Cap_Method_Applied_Cap_Rate_S2,Valuation,$I$47,Valuation!$I$47
N1DBDirect_Cap_Method_Applied_Cap_Rate_S3,Valuation,$K$47,Valuation!$K$47
N1DBDistanceFromCampus,Site,$Z$128,Site!$Z$128
N1DBDistrict_Record_1,Zoning,$AA$21,Zoning!$AA$21
N1DBDistrict_Record_10,Zoning,$AJ$21,Zoning!$AJ$21
N1DBDistrict_Record_2,Zoning,$AB$21,Zoning!$AB$21
N1DBDistrict_Record_3,Zoning,$AC$21,Zoning!$AC$21
N1DBDistrict_Record_4,Zoning,$AD$21,Zoning!$AD$21
N1DBDistrict_Record_5,Zoning,$AE$21,Zoning!$AE$21
N1DBDistrict_Record_6,Zoning,$AF$21,Zoning!$AF$21
N1DBDistrict_Record_7,Zoning,$AG$21,Zoning!$AG$21
N1DBDistrict_Record_8,Zoning,$AH$21,Zoning!$AH$21
N1DBDistrict_Record_9,Zoning,$AI$21,Zoning!$AI$21
N1DBDistrict_Spending,Market Area,$J$102,'Market Area'!$J$102
N1DBDistrictURL,Market Area,$J$105,'Market Area'!$J$105
N1DBDock_or_Boathouse,Improvements,$Y$205,Improvements!$Y$205
N1DBDocks_Building_1,Improvements,$AB$205,Improvements!$AB$205
N1DBDocks_Building_10,Improvements,$AK$205,Improvements!$AK$205
N1DBDocks_Building_2,Improvements,$AC$205,Improvements!$AC$205
N1DBDocks_Building_3,Improvements,$AD$205,Improvements!$AD$205
N1DBDocks_Building_4,Improvements,$AE$205,Improvements!$AE$205
N1DBDocks_Building_5,Improvements,$AF$205,Improvements!$AF$205
N1DBDocks_Building_6,Improvements,$AG$205,Improvements!$AG$205
N1DBDocks_Building_7,Improvements,$AH$205,Improvements!$AH$205
N1DBDocks_Building_8,Improvements,$AI$205,Improvements!$AI$205
N1DBDocks_Building_9,Improvements,$AJ$205,Improvements!$AJ$205
N1DBDrainage,Site,$Z$89,Site!$Z$89
N1DBEarthquake_Hazard_Risk,Site,$Z$105,Site!$Z$105
N1DBEarthquake_Zone_Comments,Site,$Z$106,Site!$Z$106
N1DBEasement_Acres,Site,$Z$45,Site!$Z$45
N1DBEasement_Land_SF,Site,$Z$44,Site!$Z$44
N1DBEast_Boundary,Market Area,$H$21,'Market Area'!$H$21
N1DBEffective_Age,Improvements,$Y$76,Improvements!$Y$76
N1DBEffective_Age_Building_1,Improvements,$AB$76,Improvements!$AB$76
N1DBEffective_Age_Building_10,Improvements,$AK$76,Improvements!$AK$76
N1DBEffective_Age_Building_2,Improvements,$AC$76,Improvements!$AC$76
N1DBEffective_Age_Building_3,Improvements,$AD$76,Improvements!$AD$76
N1DBEffective_Age_Building_4,Improvements,$AE$76,Improvements!$AE$76
N1DBEffective_Age_Building_5,Improvements,$AF$76,Improvements!$AF$76
N1DBEffective_Age_Building_6,Improvements,$AG$76,Improvements!$AG$76
N1DBEffective_Age_Building_7,Improvements,$AH$76,Improvements!$AH$76
N1DBEffective_Age_Building_8,Improvements,$AI$76,Improvements!$AI$76
N1DBEffective_Age_Building_9,Improvements,$AJ$76,Improvements!$AJ$76
N1DBEffective_Date_of_Value_S1,Valuation,$G$18,Valuation!$G$18
N1DBEffective_Date_of_Value_S2,Valuation,$I$18,Valuation!$I$18
N1DBEffective_Date_of_Value_S3,Valuation,$K$18,Valuation!$K$18
N1DBEffective_Gross_Income_S1,Valuation,$G$57,Valuation!$G$57
N1DBEffective_Gross_Income_S2,Valuation,$I$57,Valuation!$I$57
N1DBEffective_Gross_Income_S3,Valuation,$K$57,Valuation!$K$57
N1DBEffective_OAR_S1,Valuation,$G$40,Valuation!$G$40
N1DBEffective_OAR_S2,Valuation,$I$40,Valuation!$I$40
N1DBEffective_OAR_S3,Valuation,$K$40,Valuation!$K$40
N1DBEffective_Water_Frontage,Site,$Z$76,Site!$Z$76
N1DBEffective_Water_Frontage_Meters,Site,$Z$82,Site!$Z$82
N1DBEGI,Income-Expense Summary,$DM$168,'Income-Expense Summary'!$DM$168
N1DBElectric_Expense,Income-Expense Summary,$DM$176,'Income-Expense Summary'!$DM$176
N1DBEncumbrance_or_Easement,Site,$Z$107,Site!$Z$107
N1DBEnrollment,Market Area,$J$104,'Market Area'!$J$104
N1DBEntitlements,Site,$Z$127,Site!$Z$127
N1DBEnvironmental_Issues,Site,$Z$108,Site!$Z$108
N1DBEqualization_Ratio,Assessment,$G$49,Assessment!$G$49
N1DBEqualization_Ratio_Parcel_1,Assessment,$J$49,Assessment!$J$49
N1DBEqualization_Ratio_Parcel_10,Assessment,$S$49,Assessment!$S$49
N1DBEqualization_Ratio_Parcel_11,Assessment,$T$49,Assessment!$T$49
N1DBEqualization_Ratio_Parcel_12,Assessment,$U$49,Assessment!$U$49
N1DBEqualization_Ratio_Parcel_13,Assessment,$V$49,Assessment!$V$49
N1DBEqualization_Ratio_Parcel_14,Assessment,$W$49,Assessment!$W$49
N1DBEqualization_Ratio_Parcel_15,Assessment,$X$49,Assessment!$X$49
N1DBEqualization_Ratio_Parcel_16,Assessment,$Y$49,Assessment!$Y$49
N1DBEqualization_Ratio_Parcel_17,Assessment,$Z$49,Assessment!$Z$49
N1DBEqualization_Ratio_Parcel_18,Assessment,$AA$49,Assessment!$AA$49
N1DBEqualization_Ratio_Parcel_19,Assessment,$AB$49,Assessment!$AB$49
N1DBEqualization_Ratio_Parcel_2,Assessment,$K$49,Assessment!$K$49
N1DBEqualization_Ratio_Parcel_20,Assessment,$AC$49,Assessment!$AC$49
N1DBEqualization_Ratio_Parcel_3,Assessment,$L$49,Assessment!$L$49
N1DBEqualization_Ratio_Parcel_4,Assessment,$M$49,Assessment!$M$49
N1DBEqualization_Ratio_Parcel_5,Assessment,$N$49,Assessment!$N$49
N1DBEqualization_Ratio_Parcel_6,Assessment,$O$49,Assessment!$O$49
N1DBEqualization_Ratio_Parcel_7,Assessment,$P$49,Assessment!$P$49
N1DBEqualization_Ratio_Parcel_8,Assessment,$Q$49,Assessment!$Q$49
N1DBEqualization_Ratio_Parcel_9,Assessment,$R$49,Assessment!$R$49
N1DBExcess_Acres,Site,$Z$41,Site!$Z$41
N1DBExcess_Land_SF,Site,$Z$40,Site!$Z$40
N1DBExcess_Land_Value_S1,Valuation,$G$28,Valuation!$G$28
N1DBExcess_Land_Value_S2,Valuation,$I$28,Valuation!$I$28
N1DBExcess_Land_Value_S3,Valuation,$K$28,Valuation!$K$28
N1DBExpense_Ratio,Income-Expense Summary,$DN$204,'Income-Expense Summary'!$DN$204
N1DBExpense_Reimbursements,Income-Expense Summary,$DM$162,'Income-Expense Summary'!$DM$162
N1DBExpenses,Income-Expense Summary,$DM$204,'Income-Expense Summary'!$DM$204
N1DBExterior_Wall,Improvements,$Y$151,Improvements!$Y$151
N1DBExterior_Wall_Building_1,Improvements,$AB$151,Improvements!$AB$151
N1DBExterior_Wall_Building_10,Improvements,$AK$151,Improvements!$AK$151
N1DBExterior_Wall_Building_2,Improvements,$AC$151,Improvements!$AC$151
N1DBExterior_Wall_Building_3,Improvements,$AD$151,Improvements!$AD$151
N1DBExterior_Wall_Building_4,Improvements,$AE$151,Improvements!$AE$151
N1DBExterior_Wall_Building_5,Improvements,$AF$151,Improvements!$AF$151
N1DBExterior_Wall_Building_6,Improvements,$AG$151,Improvements!$AG$151
N1DBExterior_Wall_Building_7,Improvements,$AH$151,Improvements!$AH$151
N1DBExterior_Wall_Building_8,Improvements,$AI$151,Improvements!$AI$151
N1DBExterior_Wall_Building_9,Improvements,$AJ$151,Improvements!$AJ$151
N1DBFAR,Improvements,$Y$34,Improvements!$Y$34
N1DBFARMetric,Improvements,$AB$35,Improvements!$AB$35
N1DBFEMA_Map_Date,Site,$Z$99,Site!$Z$99
N1DBFFandE,Improvements,$Y$188,Improvements!$Y$188
N1DBFfandE_Building_1,Improvements,$AB$188,Improvements!$AB$188
N1DBFfandE_Building_10,Improvements,$AK$188,Improvements!$AK$188
N1DBFfandE_Building_2,Improvements,$AC$188,Improvements!$AC$188
N1DBFfandE_Building_3,Improvements,$AD$188,Improvements!$AD$188
N1DBFfandE_Building_4,Improvements,$AE$188,Improvements!$AE$188
N1DBFfandE_Building_5,Improvements,$AF$188,Improvements!$AF$188
N1DBFfandE_Building_6,Improvements,$AG$188,Improvements!$AG$188
N1DBFfandE_Building_7,Improvements,$AH$188,Improvements!$AH$188
N1DBFfandE_Building_8,Improvements,$AI$188,Improvements!$AI$188
N1DBFfandE_Building_9,Improvements,$AJ$188,Improvements!$AJ$188
N1DBFFandE_Value,Improvements,$Y$49,Improvements!$Y$49
N1DBFinancial_Information_Data_Source_S1,Valuation,$H$55,Valuation!$H$55
N1DBFinancial_Information_Data_Source_S2,Valuation,$J$55,Valuation!$J$55
N1DBFinancial_Information_Data_Source_S3,Valuation,$L$55,Valuation!$L$55
N1DBFinancials_Type,Income-Expense Summary,$DM$156,'Income-Expense Summary'!$DM$156
N1DBFire_Sprinkler_Type,Improvements,$Y$183,Improvements!$Y$183
N1DBFireplace_or_WoodStove,Improvements,$Y$201,Improvements!$Y$201
N1DBFireplace_Or_Woodstove_Building_1,Improvements,$AB$201,Improvements!$AB$201
N1DBFireplace_Or_Woodstove_Building_10,Improvements,$AK$201,Improvements!$AK$201
N1DBFireplace_Or_Woodstove_Building_2,Improvements,$AC$201,Improvements!$AC$201
N1DBFireplace_Or_Woodstove_Building_3,Improvements,$AD$201,Improvements!$AD$201
N1DBFireplace_Or_Woodstove_Building_4,Improvements,$AE$201,Improvements!$AE$201
N1DBFireplace_Or_Woodstove_Building_5,Improvements,$AF$201,Improvements!$AF$201
N1DBFireplace_Or_Woodstove_Building_6,Improvements,$AG$201,Improvements!$AG$201
N1DBFireplace_Or_Woodstove_Building_7,Improvements,$AH$201,Improvements!$AH$201
N1DBFireplace_Or_Woodstove_Building_8,Improvements,$AI$201,Improvements!$AI$201
N1DBFireplace_Or_Woodstove_Building_9,Improvements,$AJ$201,Improvements!$AJ$201
N1DBFlood_Map_Panel,Site,$Z$98,Site!$Z$98
N1DBFlood_Zone,Site,$Z$100,Site!$Z$100
N1DBFoundation,Improvements,$Y$141,Improvements!$Y$141
N1DBFoundation_Building_1,Improvements,$AB$141,Improvements!$AB$141
N1DBFoundation_Building_10,Improvements,$AK$141,Improvements!$AK$141
N1DBFoundation_Building_2,Improvements,$AC$141,Improvements!$AC$141
N1DBFoundation_Building_3,Improvements,$AD$141,Improvements!$AD$141
N1DBFoundation_Building_4,Improvements,$AE$141,Improvements!$AE$141
N1DBFoundation_Building_5,Improvements,$AF$141,Improvements!$AF$141
N1DBFoundation_Building_6,Improvements,$AG$141,Improvements!$AG$141
N1DBFoundation_Building_7,Improvements,$AH$141,Improvements!$AH$141
N1DBFoundation_Building_8,Improvements,$AI$141,Improvements!$AI$141
N1DBFoundation_Building_9,Improvements,$AJ$141,Improvements!$AJ$141
N1DBFront_Set_Back_Distance,Zoning,$Z$36,Zoning!$Z$36
N1DBFront_Set_Back_Distance_1,Zoning,$AA$36,Zoning!$AA$36
N1DBFront_Set_Back_Distance_10,Zoning,$AJ$36,Zoning!$AJ$36
N1DBFront_Set_Back_Distance_2,Zoning,$AB$36,Zoning!$AB$36
N1DBFront_Set_Back_Distance_3,Zoning,$AC$36,Zoning!$AC$36
N1DBFront_Set_Back_Distance_4,Zoning,$AD$36,Zoning!$AD$36
N1DBFront_Set_Back_Distance_5,Zoning,$AE$36,Zoning!$AE$36
N1DBFront_Set_Back_Distance_6,Zoning,$AF$36,Zoning!$AF$36
N1DBFront_Set_Back_Distance_7,Zoning,$AG$36,Zoning!$AG$36
N1DBFront_Set_Back_Distance_8,Zoning,$AH$36,Zoning!$AH$36
N1DBFront_Set_Back_Distance_9,Zoning,$AI$36,Zoning!$AI$36
N1DBFuel_Expense,Income-Expense Summary,$DM$180,'Income-Expense Summary'!$DM$180
N1DBGarage,Improvements,$Y$203,Improvements!$Y$203
N1DBGarage_Building_1,Improvements,$AB$203,Improvements!$AB$203
N1DBGarage_Building_10,Improvements,$AK$203,Improvements!$AK$203
N1DBGarage_Building_2,Improvements,$AC$203,Improvements!$AC$203
N1DBGarage_Building_3,Improvements,$AD$203,Improvements!$AD$203
N1DBGarage_Building_4,Improvements,$AE$203,Improvements!$AE$203
N1DBGarage_Building_5,Improvements,$AF$203,Improvements!$AF$203
N1DBGarage_Building_6,Improvements,$AG$203,Improvements!$AG$203
N1DBGarage_Building_7,Improvements,$AH$203,Improvements!$AH$203
N1DBGarage_Building_8,Improvements,$AI$203,Improvements!$AI$203
N1DBGarage_Building_9,Improvements,$AJ$203,Improvements!$AJ$203
N1DBGarage_Parking_Spaces,Improvements,$Y$112,Improvements!$Y$112
N1DBGarage_Parking_Spaces_Building_1,Improvements,$AB$112,Improvements!$AB$112
N1DBGarage_Parking_Spaces_Building_10,Improvements,$AK$112,Improvements!$AK$112
N1DBGarage_Parking_Spaces_Building_2,Improvements,$AC$112,Improvements!$AC$112
N1DBGarage_Parking_Spaces_Building_3,Improvements,$AD$112,Improvements!$AD$112
N1DBGarage_Parking_Spaces_Building_4,Improvements,$AE$112,Improvements!$AE$112
N1DBGarage_Parking_Spaces_Building_5,Improvements,$AF$112,Improvements!$AF$112
N1DBGarage_Parking_Spaces_Building_6,Improvements,$AG$112,Improvements!$AG$112
N1DBGarage_Parking_Spaces_Building_7,Improvements,$AH$112,Improvements!$AH$112
N1DBGarage_Parking_Spaces_Building_9,Improvements,$AJ$112,Improvements!$AJ$112
N1DBGas_Expense,Income-Expense Summary,$DM$179,'Income-Expense Summary'!$DM$179
N1DBGBA,Improvements,$Y$90,Improvements!$Y$90
N1DBGBA_Building_1,Improvements,$AB$90,Improvements!$AB$90
N1DBGBA_Building_10,Improvements,$AK$90,Improvements!$AK$90
N1DBGBA_Building_2,Improvements,$AC$90,Improvements!$AC$90
N1DBGBA_Building_3,Improvements,$AD$90,Improvements!$AD$90
N1DBGBA_Building_4,Improvements,$AE$90,Improvements!$AE$90
N1DBGBA_Building_5,Improvements,$AF$90,Improvements!$AF$90
N1DBGBA_Building_6,Improvements,$AG$90,Improvements!$AG$90
N1DBGBA_Building_7,Improvements,$AH$90,Improvements!$AH$90
N1DBGBA_Building_8,Improvements,$AI$90,Improvements!$AI$90
N1DBGBA_Building_9,Improvements,$AJ$90,Improvements!$AJ$90
N1DBGBA_Other,Improvements,$Y$90,Improvements!$Y$90
N1DBGBA_Total_Meters,Improvements,$Y$98,Improvements!$Y$98
N1DBGBA_Total_Meters_Building_1,Improvements,$AB$98,Improvements!$AB$98
N1DBGBA_Total_Meters_Building_10,Improvements,$AK$98,Improvements!$AK$98
N1DBGBA_Total_Meters_Building_2,Improvements,$AC$98,Improvements!$AC$98
N1DBGBA_Total_Meters_Building_3,Improvements,$AD$98,Improvements!$AD$98
N1DBGBA_Total_Meters_Building_4,Improvements,$AE$98,Improvements!$AE$98
N1DBGBA_Total_Meters_Building_5,Improvements,$AF$98,Improvements!$AF$98
N1DBGBA_Total_Meters_Building_6,Improvements,$AG$98,Improvements!$AG$98
N1DBGBA_Total_Meters_Building_7,Improvements,$AH$98,Improvements!$AH$98
N1DBGBA_Total_Meters_Building_8,Improvements,$AI$98,Improvements!$AI$98
N1DBGBA_Total_Meters_Building_9,Improvements,$AJ$98,Improvements!$AJ$98
N1DBGeneral_And_Administrative,Income-Expense Summary,$DM$197,'Income-Expense Summary'!$DM$197
N1DBGLA,Improvements,$Y$97,Improvements!$Y$97
N1DBGLA_Meters,Improvements,$Y$100,Improvements!$Y$100
N1DBGrantor,"Contracts, History",$G$19,"'Contracts, History'!$G$19"
N1DBGross_Land_Area_Hectares,Site,$Z$54,Site!$Z$54
N1DBGross_Land_Area_Sq_Meters,Site,$Z$55,Site!$Z$55
N1DBGround_Rent_Expense,Income-Expense Summary,$DM$202,'Income-Expense Summary'!$DM$202
N1DBHeating,Improvements,$Y$179,Improvements!$Y$179
N1DBHeating_Building_1,Improvements,$AB$179,Improvements!$AB$179
N1DBHeating_Building_10,Improvements,$AK$179,Improvements!$AK$179
N1DBHeating_Building_2,Improvements,$AC$179,Improvements!$AC$179
N1DBHeating_Building_3,Improvements,$AD$179,Improvements!$AD$179
N1DBHeating_Building_4,Improvements,$AE$179,Improvements!$AE$179
N1DBHeating_Building_5,Improvements,$AF$179,Improvements!$AF$179
N1DBHeating_Building_6,Improvements,$AG$179,Improvements!$AG$179
N1DBHeating_Building_7,Improvements,$AH$179,Improvements!$AH$179
N1DBHeating_Building_8,Improvements,$AI$179,Improvements!$AI$179
N1DBHeating_Building_9,Improvements,$AJ$179,Improvements!$AJ$179
N1DBHighest_and_Best_Use,Site,$Z$25,Site!$Z$25
N1DBHistorical_Improv_Value_1,Assessment,$DJ$170,Assessment!$DJ$170
N1DBHistorical_Improv_Value_2,Assessment,$DJ$169,Assessment!$DJ$169
N1DBHistorical_Improv_Value_3,Assessment,$DJ$168,Assessment!$DJ$168
N1DBHistorical_Improv_Value_4,Assessment,$DJ$167,Assessment!$DJ$167
N1DBHistorical_Land_Value_1,Assessment,$DI$170,Assessment!$DI$170
N1DBHistorical_Land_Value_2,Assessment,$DI$169,Assessment!$DI$169
N1DBHistorical_Land_Value_3,Assessment,$DI$168,Assessment!$DI$168
N1DBHistorical_Land_Value_4,Assessment,$DI$167,Assessment!$DI$167
N1DBHistorical_Taxes_1,Assessment,$DR$170,Assessment!$DR$170
N1DBHistorical_Taxes_2,Assessment,$DR$169,Assessment!$DR$169
N1DBHistorical_Taxes_3,Assessment,$DR$168,Assessment!$DR$168
N1DBHistorical_Taxes_4,Assessment,$DR$167,Assessment!$DR$167
N1DBHome_Site_Acres,Site,$Z$146,Site!$Z$146
N1DBHSPI_Index,Site,$Z$130,Site!$Z$130
N1DBImplied_Value,Assessment,$G$50,Assessment!$G$50
N1DBImprovement_Assessment,Assessment,$G$21,Assessment!$G$21
N1DBImprovement_Assessment_Parcel_1,Assessment,$J$21,Assessment!$J$21
N1DBImprovement_Assessment_Parcel_10,Assessment,$S$21,Assessment!$S$21
N1DBImprovement_Assessment_Parcel_11,Assessment,$T$21,Assessment!$T$21
N1DBImprovement_Assessment_Parcel_12,Assessment,$U$21,Assessment!$U$21
N1DBImprovement_Assessment_Parcel_13,Assessment,$V$21,Assessment!$V$21
N1DBImprovement_Assessment_Parcel_14,Assessment,$W$21,Assessment!$W$21
N1DBImprovement_Assessment_Parcel_15,Assessment,$X$21,Assessment!$X$21
N1DBImprovement_Assessment_Parcel_16,Assessment,$Y$21,Assessment!$Y$21
N1DBImprovement_Assessment_Parcel_17,Assessment,$Z$21,Assessment!$Z$21
N1DBImprovement_Assessment_Parcel_18,Assessment,$AA$21,Assessment!$AA$21
N1DBImprovement_Assessment_Parcel_19,Assessment,$AB$21,Assessment!$AB$21
N1DBImprovement_Assessment_Parcel_2,Assessment,$K$21,Assessment!$K$21
N1DBImprovement_Assessment_Parcel_20,Assessment,$AC$21,Assessment!$AC$21
N1DBImprovement_Assessment_Parcel_3,Assessment,$L$21,Assessment!$L$21
N1DBImprovement_Assessment_Parcel_4,Assessment,$M$21,Assessment!$M$21
N1DBImprovement_Assessment_Parcel_5,Assessment,$N$21,Assessment!$N$21
N1DBImprovement_Assessment_Parcel_6,Assessment,$O$21,Assessment!$O$21
N1DBImprovement_Assessment_Parcel_7,Assessment,$P$21,Assessment!$P$21
N1DBImprovement_Assessment_Parcel_8,Assessment,$Q$21,Assessment!$Q$21
N1DBImprovement_Assessment_Parcel_9,Assessment,$R$21,Assessment!$R$21
N1DBImprovement_Comments,Improvements,$Y$189,Improvements!$Y$189
N1DBImprovement_Value,Valuation,$G$23,Valuation!$G$23
N1DBImprovements_Value_S1,Valuation,$G$23,Valuation!$G$23
N1DBImprovements_Value_S2,Valuation,$I$23,Valuation!$I$23
N1DBImprovements_Value_S3,Valuation,$K$23,Valuation!$K$23
N1DBInc\Exp_Index,Income-Expense Summary,$DI$154,'Income-Expense Summary'!$DI$154
N1DBInc\Exp_Survey_Date,Income-Expense Summary,$DM$155,'Income-Expense Summary'!$DM$155
N1DBIncExpName,Income-Expense Summary,$DL$158,'Income-Expense Summary'!$DL$158
N1DBIncome_Approach_Effective_OAR_S1,Valuation,$G$45,Valuation!$G$45
N1DBIncome_Approach_Effective_OAR_S2,Valuation,$I$45,Valuation!$I$45
N1DBIncome_Approach_Effective_OAR_S3,Valuation,$K$45,Valuation!$K$45
N1DBIncome_Approach_Value_Per_Index_S1,Valuation,$G$44,Valuation!$G$44
N1DBIncome_Approach_Value_Per_Index_S2,Valuation,$I$44,Valuation!$I$44
N1DBIncome_Approach_Value_Per_Index_S3,Valuation,$K$44,Valuation!$K$44
N1DBIncome_Approach_Value_S1,Valuation,$G$43,Valuation!$G$43
N1DBIncome_Approach_Value_S2,Valuation,$I$43,Valuation!$I$43
N1DBIncome_Approach_Value_S3,Valuation,$K$43,Valuation!$K$43
N1DBIndustrial_GBA,Improvements,$Y$88,Improvements!$Y$88
N1DBIndustrial_GBA_Building_1,Improvements,$AB$88,Improvements!$AB$88
N1DBIndustrial_GBA_Building_10,Improvements,$AK$88,Improvements!$AK$88
N1DBIndustrial_GBA_Building_2,Improvements,$AC$88,Improvements!$AC$88
N1DBIndustrial_GBA_Building_3,Improvements,$AD$88,Improvements!$AD$88
N1DBIndustrial_GBA_Building_4,Improvements,$AE$88,Improvements!$AE$88
N1DBIndustrial_GBA_Building_5,Improvements,$AF$88,Improvements!$AF$88
N1DBIndustrial_GBA_Building_6,Improvements,$AG$88,Improvements!$AG$88
N1DBIndustrial_GBA_Building_7,Improvements,$AH$88,Improvements!$AH$88
N1DBIndustrial_GBA_Building_8,Improvements,$AI$88,Improvements!$AI$88
N1DBIndustrial_GBA_Building_9,Improvements,$AJ$88,Improvements!$AJ$88
N1DBIndustrial_RA,Improvements,$Y$94,Improvements!$Y$94
N1DBIndustrial_RA_Building_1,Improvements,$AB$94,Improvements!$AB$94
N1DBIndustrial_RA_Building_10,Improvements,$AK$94,Improvements!$AK$94
N1DBIndustrial_RA_Building_2,Improvements,$AC$94,Improvements!$AC$94
N1DBIndustrial_RA_Building_3,Improvements,$AD$94,Improvements!$AD$94
N1DBIndustrial_RA_Building_4,Improvements,$AE$94,Improvements!$AE$94
N1DBIndustrial_RA_Building_5,Improvements,$AF$94,Improvements!$AF$94
N1DBIndustrial_RA_Building_6,Improvements,$AG$94,Improvements!$AG$94
N1DBIndustrial_RA_Building_7,Improvements,$AH$94,Improvements!$AH$94
N1DBIndustrial_RA_Building_8,Improvements,$AI$94,Improvements!$AI$94
N1DBIndustrial_RA_Building_9,Improvements,$AJ$94,Improvements!$AJ$94
N1DBInsurance,Income-Expense Summary,$DM$172,'Income-Expense Summary'!$DM$172
N1DBInternal_Rate_of_Return_Discount_Rate_S1,Valuation,$G$48,Valuation!$G$48
N1DBInternal_Rate_of_Return_Discount_Rate_S2,Valuation,$I$48,Valuation!$I$48
N1DBInternal_Rate_of_Return_Discount_Rate_S3,Valuation,$K$48,Valuation!$K$48
N1DBIs_Ground_Lease,Summary,$AL$364,Summary!$AL$364
N1DBJob_Appraisal_Fee,File Info,$I$34,'File Info'!$I$34
N1DBJob_Client_Company_Name,File Info,$I$144,'File Info'!$I$144
N1DBJob_Client_Name,File Info,$I$154,'File Info'!$I$154
N1DBJob_Client_Phone_Number,File Info,$I$174,'File Info'!$I$174
N1DBJob_Contact_Name,File Info,$I$252,'File Info'!$I$252
N1DBJob_Due_Date,File Info,$I$17,'File Info'!$I$17
N1DBJob_Invoice_Number,File Info,$I$32,'File Info'!$I$32
N1DBJob_Milestone,File Info,$I$21,'File Info'!$I$21
N1DBJob_Office_File,File Info,$I$15,'File Info'!$I$15
N1DBJob_Percent_Complete,File Info,$I$19,'File Info'!$I$19
N1DBJob_Text,File Info,$I$25,'File Info'!$I$25
N1DBLand_Assessment,Assessment,$G$20,Assessment!$G$20
N1DBLand_Assessment_Parcel_1,Assessment,$J$20,Assessment!$J$20
N1DBLand_Assessment_Parcel_10,Assessment,$S$20,Assessment!$S$20
N1DBLand_Assessment_Parcel_11,Assessment,$T$20,Assessment!$T$20
N1DBLand_Assessment_Parcel_12,Assessment,$U$20,Assessment!$U$20
N1DBLand_Assessment_Parcel_13,Assessment,$V$20,Assessment!$V$20
N1DBLand_Assessment_Parcel_14,Assessment,$W$20,Assessment!$W$20
N1DBLand_Assessment_Parcel_15,Assessment,$X$20,Assessment!$X$20
N1DBLand_Assessment_Parcel_16,Assessment,$Y$20,Assessment!$Y$20
N1DBLand_Assessment_Parcel_17,Assessment,$Z$20,Assessment!$Z$20
N1DBLand_Assessment_Parcel_18,Assessment,$AA$20,Assessment!$AA$20
N1DBLand_Assessment_Parcel_19,Assessment,$AB$20,Assessment!$AB$20
N1DBLand_Assessment_Parcel_2,Assessment,$K$20,Assessment!$K$20
N1DBLand_Assessment_Parcel_20,Assessment,$AC$20,Assessment!$AC$20
N1DBLand_Assessment_Parcel_3,Assessment,$L$20,Assessment!$L$20
N1DBLand_Assessment_Parcel_4,Assessment,$M$20,Assessment!$M$20
N1DBLand_Assessment_Parcel_5,Assessment,$N$20,Assessment!$N$20
N1DBLand_Assessment_Parcel_6,Assessment,$O$20,Assessment!$O$20
N1DBLand_Assessment_Parcel_7,Assessment,$P$20,Assessment!$P$20
N1DBLand_Assessment_Parcel_8,Assessment,$Q$20,Assessment!$Q$20
N1DBLand_Assessment_Parcel_9,Assessment,$R$20,Assessment!$R$20
N1DBLand_SF,Site,$Z$38,Site!$Z$38
N1DBLand_SF_Parcel_1,Site,$AC$38,Site!$AC$38
N1DBLand_SF_Parcel_10,Site,$AL$38,Site!$AL$38
N1DBLand_SF_Parcel_11,Site,$AM$38,Site!$AM$38
N1DBLand_SF_Parcel_12,Site,$AN$38,Site!$AN$38
N1DBLand_SF_Parcel_13,Site,$AO$38,Site!$AO$38
N1DBLand_SF_Parcel_14,Site,$AP$38,Site!$AP$38
N1DBLand_SF_Parcel_15,Site,$AQ$38,Site!$AQ$38
N1DBLand_SF_Parcel_16,Site,$AR$38,Site!$AR$38
N1DBLand_SF_Parcel_17,Site,$AS$38,Site!$AS$38
N1DBLand_SF_Parcel_18,Site,$AT$38,Site!$AT$38
N1DBLand_SF_Parcel_19,Site,$AU$38,Site!$AU$38
N1DBLand_SF_Parcel_2,Site,$AD$38,Site!$AD$38
N1DBLand_SF_Parcel_20,Site,$AV$38,Site!$AV$38
N1DBLand_SF_Parcel_3,Site,$AE$38,Site!$AE$38
N1DBLand_SF_Parcel_4,Site,$AF$38,Site!$AF$38
N1DBLand_SF_Parcel_5,Site,$AG$38,Site!$AG$38
N1DBLand_SF_Parcel_6,Site,$AH$38,Site!$AH$38
N1DBLand_SF_Parcel_7,Site,$AI$38,Site!$AI$38
N1DBLand_SF_Parcel_8,Site,$AJ$38,Site!$AJ$38
N1DBLand_SF_Parcel_9,Site,$AK$38,Site!$AK$38
N1DBLand_to_Building_Ratio,Improvements,$AB$32,Improvements!$AB$32
N1DBLand_to_Building_Ratio_Metric,Improvements,$AB$33,Improvements!$AB$33
N1DBLand_Unit_Approved_or_Zoned,Site,$Z$64,Site!$Z$64
N1DBLand_Unit_Type,Site,$Z$63,Site!$Z$63
N1DBLand_Units,Site,$Z$62,Site!$Z$62
N1DBLand_Use,Site,$Z$22,Site!$Z$22
N1DBLand_Value,Valuation,$G$24,Valuation!$G$24
N1DBLandOnly,Scope,$H$84,Scope!$H$84
N1DBLandscaping,Site,$Z$90,Site!$Z$90
N1DBLandscaping_Building_1,Improvements,$AB$71,Improvements!$AB$71
N1DBLandscaping_Building_10,Improvements,$AK$71,Improvements!$AK$71
N1DBLandscaping_Building_2,Improvements,$AC$71,Improvements!$AC$71
N1DBLandscaping_Building_3,Improvements,$AD$71,Improvements!$AD$71
N1DBLandscaping_Building_4,Improvements,$AE$71,Improvements!$AE$71
N1DBLandscaping_Building_5,Improvements,$AF$71,Improvements!$AF$71
N1DBLandscaping_Building_6,Improvements,$AG$71,Improvements!$AG$71
N1DBLandscaping_Building_7,Improvements,$AH$71,Improvements!$AH$71
N1DBLandscaping_Building_8,Improvements,$AI$71,Improvements!$AI$71
N1DBLandscaping_Building_9,Improvements,$AJ$71,Improvements!$AJ$71
N1DBLatitude,Site,$Z$35,Site!$Z$35
N1DBLeasing_Commissions,Income-Expense Summary,$DM$200,'Income-Expense Summary'!$DM$200
N1DBLegal_Description,"Contracts, History",$G$24,"'Contracts, History'!$G$24"
N1DBListLegal_Description,"Contracts, History",$G$24,"'Contracts, History'!$G$24"
N1DBLoad_Factor,Improvements,$Y$105,Improvements!$Y$105
N1DBLoad_Factor_Building_1,Improvements,$AB$105,Improvements!$AB$105
N1DBLoad_Factor_Building_10,Improvements,$AK$105,Improvements!$AK$105
N1DBLoad_Factor_Building_2,Improvements,$AC$105,Improvements!$AC$105
N1DBLoad_Factor_Building_3,Improvements,$AD$105,Improvements!$AD$105
N1DBLoad_Factor_Building_4,Improvements,$AE$105,Improvements!$AE$105
N1DBLoad_Factor_Building_5,Improvements,$AF$105,Improvements!$AF$105
N1DBLoad_Factor_Building_6,Improvements,$AG$105,Improvements!$AG$105
N1DBLoad_Factor_Building_7,Improvements,$AH$105,Improvements!$AH$105
N1DBLoad_Factor_Building_8,Improvements,$AI$105,Improvements!$AI$105
N1DBLoad_Factor_Building_9,Improvements,$AJ$105,Improvements!$AJ$105
N1DBLocation,Market Area,$H$15,'Market Area'!$H$15
N1DBLocation_Description,Site,$Z$21,Site!$Z$21
N1DBLodging_Occupancy,Summary,$DW$650,Summary!$DW$650
N1DBLongitude,Site,$Z$36,Site!$Z$36
N1DBMaintenance_Salaries,Income-Expense Summary,$DM$191,'Income-Expense Summary'!$DM$191
N1DBManagement,Income-Expense Summary,$DM$174,'Income-Expense Summary'!$DM$174
N1DBManagement_Company,Summary,$CO$493,Summary!$CO$493
N1DBManager_and_Leasing_Salaries,Income-Expense Summary,$DM$190,'Income-Expense Summary'!$DM$190
N1DBMarket,File Info,$I$132,'File Info'!$I$132
N1DBMarket_Value,Assessment,$G$48,Assessment!$G$48
N1DBMarket_Value_Parcel_1,Assessment,$J$48,Assessment!$J$48
N1DBMarket_Value_Parcel_10,Assessment,$S$48,Assessment!$S$48
N1DBMarket_Value_Parcel_11,Assessment,$T$48,Assessment!$T$48
N1DBMarket_Value_Parcel_12,Assessment,$U$48,Assessment!$U$48
N1DBMarket_Value_Parcel_13,Assessment,$V$48,Assessment!$V$48
N1DBMarket_Value_Parcel_14,Assessment,$W$48,Assessment!$W$48
N1DBMarket_Value_Parcel_15,Assessment,$X$48,Assessment!$X$48
N1DBMarket_Value_Parcel_16,Assessment,$Y$48,Assessment!$Y$48
N1DBMarket_Value_Parcel_17,Assessment,$Z$48,Assessment!$Z$48
N1DBMarket_Value_Parcel_18,Assessment,$AA$48,Assessment!$AA$48
N1DBMarket_Value_Parcel_19,Assessment,$AB$48,Assessment!$AB$48
N1DBMarket_Value_Parcel_2,Assessment,$K$48,Assessment!$K$48
N1DBMarket_Value_Parcel_20,Assessment,$AC$48,Assessment!$AC$48
N1DBMarket_Value_Parcel_3,Assessment,$L$48,Assessment!$L$48
N1DBMarket_Value_Parcel_4,Assessment,$M$48,Assessment!$M$48
N1DBMarket_Value_Parcel_5,Assessment,$N$48,Assessment!$N$48
N1DBMarket_Value_Parcel_6,Assessment,$O$48,Assessment!$O$48
N1DBMarket_Value_Parcel_7,Assessment,$P$48,Assessment!$P$48
N1DBMarket_Value_Parcel_8,Assessment,$Q$48,Assessment!$Q$48
N1DBMarket_Value_Parcel_9,Assessment,$R$48,Assessment!$R$48
N1DBMax_Building_Height_Record_1,Zoning,$AA$39,Zoning!$AA$39
N1DBMax_Building_Height_Record_10,Zoning,$AJ$39,Zoning!$AJ$39
N1DBMax_Building_Height_Record_2,Zoning,$AB$39,Zoning!$AB$39
N1DBMax_Building_Height_Record_3,Zoning,$AC$39,Zoning!$AC$39
N1DBMax_Building_Height_Record_4,Zoning,$AD$39,Zoning!$AD$39
N1DBMax_Building_Height_Record_5,Zoning,$AE$39,Zoning!$AE$39
N1DBMax_Building_Height_Record_6,Zoning,$AF$39,Zoning!$AF$39
N1DBMax_Building_Height_Record_7,Zoning,$AG$39,Zoning!$AG$39
N1DBMax_Building_Height_Record_8,Zoning,$AH$39,Zoning!$AH$39
N1DBMax_Building_Height_Record_9,Zoning,$AI$39,Zoning!$AI$39
N1DBMax_Site_Coverage,Zoning,$Z$34,Zoning!$Z$34
N1DBMax_Site_Coverage_1,Zoning,$AA$34,Zoning!$AA$34
N1DBMax_Site_Coverage_10,Zoning,$AJ$34,Zoning!$AJ$34
N1DBMax_Site_Coverage_2,Zoning,$AB$34,Zoning!$AB$34
N1DBMax_Site_Coverage_3,Zoning,$AC$34,Zoning!$AC$34
N1DBMax_Site_Coverage_4,Zoning,$AD$34,Zoning!$AD$34
N1DBMax_Site_Coverage_5,Zoning,$AE$34,Zoning!$AE$34
N1DBMax_Site_Coverage_6,Zoning,$AF$34,Zoning!$AF$34
N1DBMax_Site_Coverage_7,Zoning,$AG$34,Zoning!$AG$34
N1DBMax_Site_Coverage_8,Zoning,$AH$34,Zoning!$AH$34
N1DBMax_Site_Coverage_9,Zoning,$AI$34,Zoning!$AI$34
N1DBMaximum_Building_Height,Zoning,$Z$39,Zoning!$Z$39
N1DBMedian_Home_Value,Market Area,$J$149,'Market Area'!$J$149
N1DBMedian_Household_Income,Market Area,$J$150,'Market Area'!$J$150
N1DBMedicaid_Percentage,Summary,$DL$626,Summary!$DL$626
N1DBMedicare_Percentage,Summary,$DL$627,Summary!$DL$627
N1DBMF_Lease_Comments,Summary,$CO$511,Summary!$CO$511
N1DBMF_Lease_Notes,Summary,$CO$510,Summary!$CO$510
N1DBMF_Lease_Survey_Date,Rent Roll,$P$11,'Rent Roll'!$P$11
N1DBMF_Occupancy,Summary,$CO$505,Summary!$CO$505
N1DBMF_Rent_Concessions,Summary,$CO$498,Summary!$CO$498
N1DBMF_Rent_Type,Summary,$CO$497,Summary!$CO$497
N1DBMF_Total_Annual_Rent,Summary,$CQ$506,Summary!$CQ$506
N1DBMF_Total_Rent_Per_Month,Summary,$CO$506,Summary!$CO$506
N1DBMF_Verification_Source,Summary,$CO$494,Summary!$CO$494
N1DBMF_Weighted_Avg_Rent\SF\Mo.,Summary,$CO$507,Summary!$CO$507
N1DBMF_Weighted_Avg_Rent\SF\Year,Summary,$CQ$507,Summary!$CQ$507
N1DBMin_Lot_Area_1,Zoning,$AA$35,Zoning!$AA$35
N1DBMin_Lot_Area_10,Zoning,$AJ$35,Zoning!$AJ$35
N1DBMin_Lot_Area_2,Zoning,$AB$35,Zoning!$AB$35
N1DBMin_Lot_Area_3,Zoning,$AC$35,Zoning!$AC$35
N1DBMin_Lot_Area_4,Zoning,$AD$35,Zoning!$AD$35
N1DBMin_Lot_Area_5,Zoning,$AE$35,Zoning!$AE$35
N1DBMin_Lot_Area_6,Zoning,$AF$35,Zoning!$AF$35
N1DBMin_Lot_Area_7,Zoning,$AG$35,Zoning!$AG$35
N1DBMin_Lot_Area_8,Zoning,$AH$35,Zoning!$AH$35
N1DBMin_Lot_Area_9,Zoning,$AI$35,Zoning!$AI$35
N1DBMinimum_Lot_Area,Zoning,$Z$35,Zoning!$Z$35
N1DBMSA,File Info,$I$128,'File Info'!$I$128
N1DBMultifamily_GBA,Improvements,$Y$85,Improvements!$Y$85
N1DBMultifamily_GBA_Building_1,Improvements,$AB$85,Improvements!$AB$85
N1DBMultifamily_GBA_Building_10,Improvements,$AK$85,Improvements!$AK$85
N1DBMultifamily_GBA_Building_2,Improvements,$AC$85,Improvements!$AC$85
N1DBMultifamily_GBA_Building_3,Improvements,$AD$85,Improvements!$AD$85
N1DBMultifamily_GBA_Building_4,Improvements,$AE$85,Improvements!$AE$85
N1DBMultifamily_GBA_Building_5,Improvements,$AF$85,Improvements!$AF$85
N1DBMultifamily_GBA_Building_6,Improvements,$AG$85,Improvements!$AG$85
N1DBMultifamily_GBA_Building_7,Improvements,$AH$85,Improvements!$AH$85
N1DBMultifamily_GBA_Building_8,Improvements,$AI$85,Improvements!$AI$85
N1DBMultifamily_GBA_Building_9,Improvements,$AJ$85,Improvements!$AJ$85
N1DBMultifamily_Project_Amenities,Improvements,$EK$740,Improvements!$EK$740
N1DBMultifamily_RA,Improvements,$Y$92,Improvements!$Y$92
N1DBMultifamily_Unit_Amenities,Improvements,$EK$738,Improvements!$EK$738
N1DBName,File Info,$I$87,'File Info'!$I$87
N1DBNeighborhood,Market Area,$H$13,'Market Area'!$H$13
N1DBNeighborhood_Comments,Market Area,$E$25,'Market Area'!$E$25
N1DBNet_Operating_Income_Per_SF,Income-Expense Summary,$DM$206,'Income-Expense Summary'!$DM$206
N1DBNet_Operating_Income_S1,Valuation,$G$59,Valuation!$G$59
N1DBNet_Operating_Income_S2,Valuation,$I$59,Valuation!$I$59
N1DBNet_Operating_Income_S3,Valuation,$K$59,Valuation!$K$59
N1DBNet_Parking_Income,Income-Expense Summary,$DM$163,'Income-Expense Summary'!$DM$163
N1DBNo._of_Bathrooms,Improvements,$Y$127,Improvements!$Y$127
N1DBNo._of_Bays,Improvements,$Y$131,Improvements!$Y$131
N1DBNo._of_Bedrooms,Improvements,$Y$126,Improvements!$Y$126
N1DBNo._of_Beds,Improvements,$Y$129,Improvements!$Y$129
N1DBNo._of_Buildings,Improvements,$Y$24,Improvements!$Y$24
N1DBNo._of_Elevators,Improvements,$Y$184,Improvements!$Y$184
N1DBNo._of_Escalators,Improvements,$Y$185,Improvements!$Y$185
N1DBNo._of_Golf_Holes,Improvements,$Y$132,Improvements!$Y$132
N1DBNo._of_Half_baths,Improvements,$Y$128,Improvements!$Y$128
N1DBNo._Of_MultiFamily_Bathrooms,Improvements,$DH$490,Improvements!$DH$490
N1DBNo._of_Rooms,Improvements,$Y$125,Improvements!$Y$125
N1DBNo._of_Seats,Improvements,$Y$130,Improvements!$Y$130
N1DBNo._of_Spaces,Improvements,$Y$133,Improvements!$Y$133
N1DBNo._of_Stories,Improvements,$Y$84,Improvements!$Y$84
N1DBNo._of_Tenants,Rent Roll,$P$153,'Rent Roll'!$P$153
N1DBNo._of_Truck_Doors,Improvements,$Y$155,Improvements!$Y$155
N1DBNo._of_Type_1,Rent Roll,$P$279,'Rent Roll'!$P$279
N1DBNo._of_Units,Improvements,$Y$124,Improvements!$Y$124
N1DBNo._Truck_Doors_With_Levelers,Improvements,$Y$156,Improvements!$Y$156
N1DBNo_Of_Bathrooms_Building_1,Improvements,$AB$127,Improvements!$AB$127
N1DBNo_Of_Bathrooms_Building_10,Improvements,$AK$127,Improvements!$AK$127
N1DBNo_Of_Bathrooms_Building_2,Improvements,$AC$127,Improvements!$AC$127
N1DBNo_Of_Bathrooms_Building_3,Improvements,$AD$127,Improvements!$AD$127
N1DBNo_Of_Bathrooms_Building_4,Improvements,$AE$127,Improvements!$AE$127
N1DBNo_Of_Bathrooms_Building_5,Improvements,$AF$127,Improvements!$AF$127
N1DBNo_Of_Bathrooms_Building_6,Improvements,$AG$127,Improvements!$AG$127
N1DBNo_Of_Bathrooms_Building_7,Improvements,$AH$127,Improvements!$AH$127
N1DBNo_Of_Bathrooms_Building_8,Improvements,$AI$127,Improvements!$AI$127
N1DBNo_Of_Bathrooms_Building_9,Improvements,$AJ$127,Improvements!$AJ$127
N1DBNo_Of_Bays_Building_1,Improvements,$AB$131,Improvements!$AB$131
N1DBNo_Of_Bays_Building_10,Improvements,$AK$131,Improvements!$AK$131
N1DBNo_Of_Bays_Building_2,Improvements,$AC$131,Improvements!$AC$131
N1DBNo_Of_Bays_Building_3,Improvements,$AD$131,Improvements!$AD$131
N1DBNo_Of_Bays_Building_4,Improvements,$AE$131,Improvements!$AE$131
N1DBNo_Of_Bays_Building_5,Improvements,$AF$131,Improvements!$AF$131
N1DBNo_Of_Bays_Building_6,Improvements,$AG$131,Improvements!$AG$131
N1DBNo_Of_Bays_Building_7,Improvements,$AH$131,Improvements!$AH$131
N1DBNo_Of_Bays_Building_8,Improvements,$AI$131,Improvements!$AI$131
N1DBNo_Of_Bays_Building_9,Improvements,$AJ$131,Improvements!$AJ$131
N1DBNo_Of_Bedrooms_Building_1,Improvements,$AB$126,Improvements!$AB$126
N1DBNo_Of_Bedrooms_Building_10,Improvements,$AK$126,Improvements!$AK$126
N1DBNo_Of_Bedrooms_Building_2,Improvements,$AC$126,Improvements!$AC$126
N1DBNo_Of_Bedrooms_Building_3,Improvements,$AD$126,Improvements!$AD$126
N1DBNo_Of_Bedrooms_Building_4,Improvements,$AE$126,Improvements!$AE$126
N1DBNo_Of_Bedrooms_Building_5,Improvements,$AF$126,Improvements!$AF$126
N1DBNo_Of_Bedrooms_Building_6,Improvements,$AG$126,Improvements!$AG$126
N1DBNo_Of_Bedrooms_Building_7,Improvements,$AH$126,Improvements!$AH$126
N1DBNo_Of_Bedrooms_Building_8,Improvements,$AI$126,Improvements!$AI$126
N1DBNo_Of_Bedrooms_Building_9,Improvements,$AJ$126,Improvements!$AJ$126
N1DBNo_Of_Beds_Building_1,Improvements,$AB$129,Improvements!$AB$129
N1DBNo_Of_Beds_Building_10,Improvements,$AK$129,Improvements!$AK$129
N1DBNo_Of_Beds_Building_2,Improvements,$AC$129,Improvements!$AC$129
N1DBNo_Of_Beds_Building_3,Improvements,$AD$129,Improvements!$AD$129
N1DBNo_Of_Beds_Building_4,Improvements,$AE$129,Improvements!$AE$129
N1DBNo_Of_Beds_Building_5,Improvements,$AF$129,Improvements!$AF$129
N1DBNo_Of_Beds_Building_6,Improvements,$AG$129,Improvements!$AG$129
N1DBNo_Of_Beds_Building_7,Improvements,$AH$129,Improvements!$AH$129
N1DBNo_Of_Beds_Building_8,Improvements,$AI$129,Improvements!$AI$129
N1DBNo_Of_Beds_Building_9,Improvements,$AJ$129,Improvements!$AJ$129
N1DBNo_Of_Elevators_Building_1,Improvements,$AB$184,Improvements!$AB$184
N1DBNo_Of_Elevators_Building_10,Improvements,$AK$184,Improvements!$AK$184
N1DBNo_Of_Elevators_Building_2,Improvements,$AC$184,Improvements!$AC$184
N1DBNo_Of_Elevators_Building_3,Improvements,$AD$184,Improvements!$AD$184
N1DBNo_Of_Elevators_Building_4,Improvements,$AE$184,Improvements!$AE$184
N1DBNo_Of_Elevators_Building_5,Improvements,$AF$184,Improvements!$AF$184
N1DBNo_Of_Elevators_Building_6,Improvements,$AG$184,Improvements!$AG$184
N1DBNo_Of_Elevators_Building_7,Improvements,$AH$184,Improvements!$AH$184
N1DBNo_Of_Elevators_Building_8,Improvements,$AI$184,Improvements!$AI$184
N1DBNo_Of_Elevators_Building_9,Improvements,$AJ$184,Improvements!$AJ$184
N1DBNo_Of_Escalators_Building_1,Improvements,$AB$185,Improvements!$AB$185
N1DBNo_Of_Escalators_Building_10,Improvements,$AK$185,Improvements!$AK$185
N1DBNo_Of_Escalators_Building_2,Improvements,$AC$185,Improvements!$AC$185
N1DBNo_Of_Escalators_Building_3,Improvements,$AD$185,Improvements!$AD$185
N1DBNo_Of_Escalators_Building_4,Improvements,$AE$185,Improvements!$AE$185
N1DBNo_Of_Escalators_Building_5,Improvements,$AF$185,Improvements!$AF$185
N1DBNo_Of_Escalators_Building_6,Improvements,$AG$185,Improvements!$AG$185
N1DBNo_Of_Escalators_Building_7,Improvements,$AH$185,Improvements!$AH$185
N1DBNo_Of_Escalators_Building_8,Improvements,$AI$185,Improvements!$AI$185
N1DBNo_Of_Escalators_Building_9,Improvements,$AJ$185,Improvements!$AJ$185
N1DBNo_Of_Golf_Holes_Building_1,Improvements,$AB$132,Improvements!$AB$132
N1DBNo_Of_Golf_Holes_Building_10,Improvements,$AK$132,Improvements!$AK$132
N1DBNo_Of_Golf_Holes_Building_2,Improvements,$AC$132,Improvements!$AC$132
N1DBNo_Of_Golf_Holes_Building_3,Improvements,$AD$132,Improvements!$AD$132
N1DBNo_Of_Golf_Holes_Building_4,Improvements,$AE$132,Improvements!$AE$132
N1DBNo_Of_Golf_Holes_Building_5,Improvements,$AF$132,Improvements!$AF$132
N1DBNo_Of_Golf_Holes_Building_6,Improvements,$AG$132,Improvements!$AG$132
N1DBNo_Of_Golf_Holes_Building_7,Improvements,$AH$132,Improvements!$AH$132
N1DBNo_Of_Golf_Holes_Building_8,Improvements,$AI$132,Improvements!$AI$132
N1DBNo_Of_Golf_Holes_Building_9,Improvements,$AJ$132,Improvements!$AJ$132
N1DBNo_Of_Half_Baths_Building_1,Improvements,$AB$128,Improvements!$AB$128
N1DBNo_Of_Half_Baths_Building_10,Improvements,$AK$128,Improvements!$AK$128
N1DBNo_Of_Half_Baths_Building_2,Improvements,$AC$128,Improvements!$AC$128
N1DBNo_Of_Half_Baths_Building_3,Improvements,$AD$128,Improvements!$AD$128
N1DBNo_Of_Half_Baths_Building_4,Improvements,$AE$128,Improvements!$AE$128
N1DBNo_Of_Half_Baths_Building_5,Improvements,$AF$128,Improvements!$AF$128
N1DBNo_Of_Half_Baths_Building_6,Improvements,$AG$128,Improvements!$AG$128
N1DBNo_Of_Half_Baths_Building_7,Improvements,$AH$128,Improvements!$AH$128
N1DBNo_Of_Half_Baths_Building_8,Improvements,$AI$128,Improvements!$AI$128
N1DBNo_Of_Half_Baths_Building_9,Improvements,$AJ$128,Improvements!$AJ$128
N1DBNo_Of_Industrial_Units,Improvements,$Y$122,Improvements!$Y$122
N1DBNo_Of_Industrial_Units_Building_1,Improvements,$AB$122,Improvements!$AB$122
N1DBNo_Of_Industrial_Units_Building_10,Improvements,$AK$122,Improvements!$AK$122
N1DBNo_Of_Industrial_Units_Building_2,Improvements,$AC$122,Improvements!$AC$122
N1DBNo_Of_Industrial_Units_Building_3,Improvements,$AD$122,Improvements!$AD$122
N1DBNo_Of_Industrial_Units_Building_4,Improvements,$AE$122,Improvements!$AE$122
N1DBNo_Of_Industrial_Units_Building_5,Improvements,$AF$122,Improvements!$AF$122
N1DBNo_Of_Industrial_Units_Building_6,Improvements,$AG$122,Improvements!$AG$122
N1DBNo_Of_Industrial_Units_Building_7,Improvements,$AH$122,Improvements!$AH$122
N1DBNo_Of_Industrial_Units_Building_8,Improvements,$AI$122,Improvements!$AI$122
N1DBNo_Of_Industrial_Units_Building_9,Improvements,$AJ$122,Improvements!$AJ$122
N1DBNo_Of_Multifamily_Bedrooms,Improvements,$DG$490,Improvements!$DG$490
N1DBNo_Of_Multifamily_Rooms,Improvements,$DF$490,Improvements!$DF$490
N1DBNo_Of_Multifamily_Units,Improvements,$DD$490,Improvements!$DD$490
N1DBNo_Of_Office_Units,Improvements,$Y$120,Improvements!$Y$120
N1DBNo_Of_Office_Units_Building_1,Improvements,$AB$120,Improvements!$AB$120
N1DBNo_Of_Office_Units_Building_10,Improvements,$AK$120,Improvements!$AK$120
N1DBNo_Of_Office_Units_Building_2,Improvements,$AC$120,Improvements!$AC$120
N1DBNo_Of_Office_Units_Building_3,Improvements,$AD$120,Improvements!$AD$120
N1DBNo_Of_Office_Units_Building_4,Improvements,$AE$120,Improvements!$AE$120
N1DBNo_Of_Office_Units_Building_5,Improvements,$AF$120,Improvements!$AF$120
N1DBNo_Of_Office_Units_Building_6,Improvements,$AG$120,Improvements!$AG$120
N1DBNo_Of_Office_Units_Building_7,Improvements,$AH$120,Improvements!$AH$120
N1DBNo_Of_Office_Units_Building_8,Improvements,$AI$120,Improvements!$AI$120
N1DBNo_Of_Office_Units_Building_9,Improvements,$AJ$120,Improvements!$AJ$120
N1DBNo_Of_Other_Units,Improvements,$Y$123,Improvements!$Y$123
N1DBNo_Of_Other_Units_Building_1,Improvements,$AB$123,Improvements!$AB$123
N1DBNo_Of_Other_Units_Building_10,Improvements,$AK$123,Improvements!$AK$123
N1DBNo_Of_Other_Units_Building_2,Improvements,$AC$123,Improvements!$AC$123
N1DBNo_Of_Other_Units_Building_3,Improvements,$AD$123,Improvements!$AD$123
N1DBNo_Of_Other_Units_Building_4,Improvements,$AE$123,Improvements!$AE$123
N1DBNo_Of_Other_Units_Building_5,Improvements,$AF$123,Improvements!$AF$123
N1DBNo_Of_Other_Units_Building_6,Improvements,$AG$123,Improvements!$AG$123
N1DBNo_Of_Other_Units_Building_7,Improvements,$AH$123,Improvements!$AH$123
N1DBNo_Of_Other_Units_Building_8,Improvements,$AI$123,Improvements!$AI$123
N1DBNo_Of_Other_Units_Building_9,Improvements,$AJ$123,Improvements!$AJ$123
N1DBNo_Of_Retail_Units,Improvements,$Y$121,Improvements!$Y$121
N1DBNo_Of_Retail_Units_Building_1,Improvements,$AB$121,Improvements!$AB$121
N1DBNo_Of_Retail_Units_Building_10,Improvements,$AK$121,Improvements!$AK$121
N1DBNo_Of_Retail_Units_Building_2,Improvements,$AC$121,Improvements!$AC$121
N1DBNo_Of_Retail_Units_Building_3,Improvements,$AD$121,Improvements!$AD$121
N1DBNo_Of_Retail_Units_Building_4,Improvements,$AE$121,Improvements!$AE$121
N1DBNo_Of_Retail_Units_Building_5,Improvements,$AF$121,Improvements!$AF$121
N1DBNo_Of_Retail_Units_Building_6,Improvements,$AG$121,Improvements!$AG$121
N1DBNo_Of_Retail_Units_Building_7,Improvements,$AH$121,Improvements!$AH$121
N1DBNo_Of_Retail_Units_Building_8,Improvements,$AI$121,Improvements!$AI$121
N1DBNo_Of_Retail_Units_Building_9,Improvements,$AJ$121,Improvements!$AJ$121
N1DBNo_Of_Rooms_Building_1,Improvements,$AB$125,Improvements!$AB$125
N1DBNo_Of_Rooms_Building_10,Improvements,$AK$125,Improvements!$AK$125
N1DBNo_Of_Rooms_Building_2,Improvements,$AC$125,Improvements!$AC$125
N1DBNo_Of_Rooms_Building_3,Improvements,$AD$125,Improvements!$AD$125
N1DBNo_Of_Rooms_Building_4,Improvements,$AE$125,Improvements!$AE$125
N1DBNo_Of_Rooms_Building_5,Improvements,$AF$125,Improvements!$AF$125
N1DBNo_Of_Rooms_Building_6,Improvements,$AG$125,Improvements!$AG$125
N1DBNo_Of_Rooms_Building_7,Improvements,$AH$125,Improvements!$AH$125
N1DBNo_Of_Rooms_Building_8,Improvements,$AI$125,Improvements!$AI$125
N1DBNo_Of_Rooms_Building_9,Improvements,$AJ$125,Improvements!$AJ$125
N1DBNo_Of_Seats_Building_1,Improvements,$AB$130,Improvements!$AB$130
N1DBNo_Of_Seats_Building_10,Improvements,$AK$130,Improvements!$AK$130
N1DBNo_Of_Seats_Building_2,Improvements,$AC$130,Improvements!$AC$130
N1DBNo_Of_Seats_Building_3,Improvements,$AD$130,Improvements!$AD$130
N1DBNo_Of_Seats_Building_4,Improvements,$AE$130,Improvements!$AE$130
N1DBNo_Of_Seats_Building_5,Improvements,$AF$130,Improvements!$AF$130
N1DBNo_Of_Seats_Building_6,Improvements,$AG$130,Improvements!$AG$130
N1DBNo_Of_Seats_Building_7,Improvements,$AH$130,Improvements!$AH$130
N1DBNo_Of_Seats_Building_8,Improvements,$AI$130,Improvements!$AI$130
N1DBNo_Of_Seats_Building_9,Improvements,$AJ$130,Improvements!$AJ$130
N1DBNo_Of_Spaces_Building_1,Improvements,$AB$133,Improvements!$AB$133
N1DBNo_Of_Spaces_Building_10,Improvements,$AK$133,Improvements!$AK$133
N1DBNo_Of_Spaces_Building_2,Improvements,$AC$133,Improvements!$AC$133
N1DBNo_Of_Spaces_Building_3,Improvements,$AD$133,Improvements!$AD$133
N1DBNo_Of_Spaces_Building_4,Improvements,$AE$133,Improvements!$AE$133
N1DBNo_Of_Spaces_Building_5,Improvements,$AF$133,Improvements!$AF$133
N1DBNo_Of_Spaces_Building_6,Improvements,$AG$133,Improvements!$AG$133
N1DBNo_Of_Spaces_Building_7,Improvements,$AH$133,Improvements!$AH$133
N1DBNo_Of_Spaces_Building_8,Improvements,$AI$133,Improvements!$AI$133
N1DBNo_Of_Spaces_Building_9,Improvements,$AJ$133,Improvements!$AJ$133
N1DBNo_Of_Stories_Building_1,Improvements,$AB$84,Improvements!$AB$84
N1DBNo_Of_Stories_Building_10,Improvements,$AK$84,Improvements!$AK$84
N1DBNo_Of_Stories_Building_2,Improvements,$AC$84,Improvements!$AC$84
N1DBNo_Of_Stories_Building_3,Improvements,$AD$84,Improvements!$AD$84
N1DBNo_Of_Stories_Building_4,Improvements,$AE$84,Improvements!$AE$84
N1DBNo_Of_Stories_Building_5,Improvements,$AF$84,Improvements!$AF$84
N1DBNo_Of_Stories_Building_6,Improvements,$AG$84,Improvements!$AG$84
N1DBNo_Of_Stories_Building_7,Improvements,$AH$84,Improvements!$AH$84
N1DBNo_Of_Stories_Building_8,Improvements,$AI$84,Improvements!$AI$84
N1DBNo_Of_Stories_Building_9,Improvements,$AJ$84,Improvements!$AJ$84
N1DBNo_Of_Truck_Doors_Building_1,Improvements,$AB$155,Improvements!$AB$155
N1DBNo_Of_Truck_Doors_Building_10,Improvements,$AK$155,Improvements!$AK$155
N1DBNo_Of_Truck_Doors_Building_2,Improvements,$AC$155,Improvements!$AC$155
N1DBNo_Of_Truck_Doors_Building_3,Improvements,$AD$155,Improvements!$AD$155
N1DBNo_Of_Truck_Doors_Building_4,Improvements,$AE$155,Improvements!$AE$155
N1DBNo_Of_Truck_Doors_Building_5,Improvements,$AF$155,Improvements!$AF$155
N1DBNo_Of_Truck_Doors_Building_6,Improvements,$AG$155,Improvements!$AG$155
N1DBNo_Of_Truck_Doors_Building_7,Improvements,$AH$155,Improvements!$AH$155
N1DBNo_Of_Truck_Doors_Building_8,Improvements,$AI$155,Improvements!$AI$155
N1DBNo_Of_Truck_Doors_Building_9,Improvements,$AJ$155,Improvements!$AJ$155
N1DBNo_Of_Truck_Doors_With_Levelers_Building_1,Improvements,$AB$156,Improvements!$AB$156
N1DBNo_Of_Truck_Doors_With_Levelers_Building_10,Improvements,$AK$156,Improvements!$AK$156
N1DBNo_Of_Truck_Doors_With_Levelers_Building_2,Improvements,$AC$156,Improvements!$AC$156
N1DBNo_Of_Truck_Doors_With_Levelers_Building_3,Improvements,$AD$156,Improvements!$AD$156
N1DBNo_Of_Truck_Doors_With_Levelers_Building_4,Improvements,$AE$156,Improvements!$AE$156
N1DBNo_Of_Truck_Doors_With_Levelers_Building_5,Improvements,$AF$156,Improvements!$AF$156
N1DBNo_Of_Truck_Doors_With_Levelers_Building_6,Improvements,$AG$156,Improvements!$AG$156
N1DBNo_Of_Truck_Doors_With_Levelers_Building_7,Improvements,$AH$156,Improvements!$AH$156
N1DBNo_Of_Truck_Doors_With_Levelers_Building_8,Improvements,$AI$156,Improvements!$AI$156
N1DBNo_Of_Truck_Doors_With_Levelers_Building_9,Improvements,$AJ$156,Improvements!$AJ$156
N1DBNo_Of_Units_Building_1,Improvements,$AB$124,Improvements!$AB$124
N1DBNo_Of_Units_Building_10,Improvements,$AK$124,Improvements!$AK$124
N1DBNo_Of_Units_Building_2,Improvements,$AC$124,Improvements!$AC$124
N1DBNo_Of_Units_Building_3,Improvements,$AD$124,Improvements!$AD$124
N1DBNo_Of_Units_Building_4,Improvements,$AE$124,Improvements!$AE$124
N1DBNo_Of_Units_Building_5,Improvements,$AF$124,Improvements!$AF$124
N1DBNo_Of_Units_Building_6,Improvements,$AG$124,Improvements!$AG$124
N1DBNo_Of_Units_Building_7,Improvements,$AH$124,Improvements!$AH$124
N1DBNo_Of_Units_Building_8,Improvements,$AI$124,Improvements!$AI$124
N1DBNo_Of_Units_Building_9,Improvements,$AJ$124,Improvements!$AJ$124
N1DBNOI,Income-Expense Summary,$DM$205,'Income-Expense Summary'!$DM$205
N1DBNOI_Per_Bed,Income-Expense Summary,$DM$209,'Income-Expense Summary'!$DM$209
N1DBNOI_Per_GBA_M2,Income-Expense Summary,$DM$210,'Income-Expense Summary'!$DM$210
N1DBNOI_Per_RA_SF,Income-Expense Summary,$DM$207,'Income-Expense Summary'!$DM$207
N1DBNOI_Per_Unit,Income-Expense Summary,$DM$208,'Income-Expense Summary'!$DM$208
N1DBNon_Revenue_Units,Income-Expense Summary,$DM$198,'Income-Expense Summary'!$DM$198
N1DBNoOfTenants,Rent Roll,$P$153,'Rent Roll'!$P$153
N1DBNorth_Boundary,Market Area,$H$19,'Market Area'!$H$19
N1DBOccupancy,Rent Roll,$T$153,'Rent Roll'!$T$153
N1DBOccupancy_Rate_S1,Valuation,$G$60,Valuation!$G$60
N1DBOccupancy_Rate_S2,Valuation,$I$60,Valuation!$I$60
N1DBOccupancy_Rate_S3,Valuation,$K$60,Valuation!$K$60
N1DBOffice_Building_Class,Improvements,$Y$61,Improvements!$Y$61
N1DBOffice_GBA,Improvements,$Y$86,Improvements!$Y$86
N1DBOffice_GBA_Building_1,Improvements,$AB$86,Improvements!$AB$86
N1DBOffice_GBA_Building_10,Improvements,$AK$86,Improvements!$AK$86
N1DBOffice_GBA_Building_2,Improvements,$AC$86,Improvements!$AC$86
N1DBOffice_GBA_Building_3,Improvements,$AD$86,Improvements!$AD$86
N1DBOffice_GBA_Building_4,Improvements,$AE$86,Improvements!$AE$86
N1DBOffice_GBA_Building_5,Improvements,$AF$86,Improvements!$AF$86
N1DBOffice_GBA_Building_6,Improvements,$AG$86,Improvements!$AG$86
N1DBOffice_GBA_Building_7,Improvements,$AH$86,Improvements!$AH$86
N1DBOffice_GBA_Building_8,Improvements,$AI$86,Improvements!$AI$86
N1DBOffice_GBA_Building_9,Improvements,$AJ$86,Improvements!$AJ$86
N1DBOffice_RA,Improvements,$Y$93,Improvements!$Y$93
N1DBOffice_RA_Building_1,Improvements,$AB$93,Improvements!$AB$93
N1DBOffice_RA_Building_10,Improvements,$AK$93,Improvements!$AK$93
N1DBOffice_RA_Building_2,Improvements,$AC$93,Improvements!$AC$93
N1DBOffice_RA_Building_3,Improvements,$AD$93,Improvements!$AD$93
N1DBOffice_RA_Building_4,Improvements,$AE$93,Improvements!$AE$93
N1DBOffice_RA_Building_5,Improvements,$AF$93,Improvements!$AF$93
N1DBOffice_RA_Building_6,Improvements,$AG$93,Improvements!$AG$93
N1DBOffice_RA_Building_7,Improvements,$AH$93,Improvements!$AH$93
N1DBOffice_RA_Building_8,Improvements,$AI$93,Improvements!$AI$93
N1DBOffice_RA_Building_9,Improvements,$AJ$93,Improvements!$AJ$93
N1DBOn_Off_Hospital_Campus,Site,$Z$129,Site!$Z$129
N1DBOn_Site_Management,Income-Expense Summary,$DM$173,'Income-Expense Summary'!$DM$173
N1DBOperating_Expenses_S1,Valuation,$G$58,Valuation!$G$58
N1DBOperating_Expenses_S2,Valuation,$I$58,Valuation!$I$58
N1DBOperating_Expenses_S3,Valuation,$K$58,Valuation!$K$58
N1DBOpportunity_Zone,Market Area,$I$46,'Market Area'!$I$46
N1DBOrdinance_Document_Record_1,Zoning,$AA$42,Zoning!$AA$42
N1DBOrdinance_Document_Record_10,Zoning,$AJ$42,Zoning!$AJ$42
N1DBOrdinance_Document_Record_2,Zoning,$AB$42,Zoning!$AB$42
N1DBOrdinance_Document_Record_3,Zoning,$AC$42,Zoning!$AC$42
N1DBOrdinance_Document_Record_4,Zoning,$AD$42,Zoning!$AD$42
N1DBOrdinance_Document_Record_5,Zoning,$AE$42,Zoning!$AE$42
N1DBOrdinance_Document_Record_6,Zoning,$AF$42,Zoning!$AF$42
N1DBOrdinance_Document_Record_7,Zoning,$AG$42,Zoning!$AG$42
N1DBOrdinance_Document_Record_8,Zoning,$AH$42,Zoning!$AH$42
N1DBOrdinance_Document_Record_9,Zoning,$AI$42,Zoning!$AI$42
N1DBOther_Acres,Site,$Z$144,Site!$Z$144
N1DBOther_Assessment,Assessment,$G$22,Assessment!$G$22
N1DBOther_Assessment_Parcel_1,Assessment,$J$22,Assessment!$J$22
N1DBOther_Assessment_Parcel_10,Assessment,$S$22,Assessment!$S$22
N1DBOther_Assessment_Parcel_11,Assessment,$T$22,Assessment!$T$22
N1DBOther_Assessment_Parcel_12,Assessment,$U$22,Assessment!$U$22
N1DBOther_Assessment_Parcel_13,Assessment,$V$22,Assessment!$V$22
N1DBOther_Assessment_Parcel_14,Assessment,$W$22,Assessment!$W$22
N1DBOther_Assessment_Parcel_15,Assessment,$X$22,Assessment!$X$22
N1DBOther_Assessment_Parcel_16,Assessment,$Y$22,Assessment!$Y$22
N1DBOther_Assessment_Parcel_17,Assessment,$Z$22,Assessment!$Z$22
N1DBOther_Assessment_Parcel_18,Assessment,$AA$22,Assessment!$AA$22
N1DBOther_Assessment_Parcel_19,Assessment,$AB$22,Assessment!$AB$22
N1DBOther_Assessment_Parcel_2,Assessment,$K$22,Assessment!$K$22
N1DBOther_Assessment_Parcel_20,Assessment,$AC$22,Assessment!$AC$22
N1DBOther_Assessment_Parcel_3,Assessment,$L$22,Assessment!$L$22
N1DBOther_Assessment_Parcel_4,Assessment,$M$22,Assessment!$M$22
N1DBOther_Assessment_Parcel_5,Assessment,$N$22,Assessment!$N$22
N1DBOther_Assessment_Parcel_6,Assessment,$O$22,Assessment!$O$22
N1DBOther_Assessment_Parcel_7,Assessment,$P$22,Assessment!$P$22
N1DBOther_Assessment_Parcel_8,Assessment,$Q$22,Assessment!$Q$22
N1DBOther_Assessment_Parcel_9,Assessment,$R$22,Assessment!$R$22
N1DBOther_Expenses,Income-Expense Summary,$DM$199,'Income-Expense Summary'!$DM$199
N1DBOther_GBA,Improvements,$Y$89,Improvements!$Y$89
N1DBOther_GBA_Building_1,Improvements,$AB$89,Improvements!$AB$89
N1DBOther_GBA_Building_10,Improvements,$AK$89,Improvements!$AK$89
N1DBOther_GBA_Building_2,Improvements,$AC$89,Improvements!$AC$89
N1DBOther_GBA_Building_3,Improvements,$AD$89,Improvements!$AD$89
N1DBOther_GBA_Building_4,Improvements,$AE$89,Improvements!$AE$89
N1DBOther_GBA_Building_5,Improvements,$AF$89,Improvements!$AF$89
N1DBOther_GBA_Building_6,Improvements,$AG$89,Improvements!$AG$89
N1DBOther_GBA_Building_7,Improvements,$AH$89,Improvements!$AH$89
N1DBOther_GBA_Building_8,Improvements,$AI$89,Improvements!$AI$89
N1DBOther_GBA_Building_9,Improvements,$AJ$89,Improvements!$AJ$89
N1DBOther_Income,Income-Expense Summary,$DM$167,'Income-Expense Summary'!$DM$167
N1DBOther_Percentage,Summary,$DL$630,Summary!$DL$630
N1DBOther_RA,Improvements,$Y$95,Improvements!$Y$95
N1DBOther_RA_Building_1,Improvements,$AB$95,Improvements!$AB$95
N1DBOther_RA_Building_10,Improvements,$AK$95,Improvements!$AK$95
N1DBOther_RA_Building_2,Improvements,$AC$95,Improvements!$AC$95
N1DBOther_RA_Building_3,Improvements,$AD$95,Improvements!$AD$95
N1DBOther_RA_Building_4,Improvements,$AE$95,Improvements!$AE$95
N1DBOther_RA_Building_5,Improvements,$AF$95,Improvements!$AF$95
N1DBOther_RA_Building_6,Improvements,$AG$95,Improvements!$AG$95
N1DBOther_RA_Building_7,Improvements,$AH$95,Improvements!$AH$95
N1DBOther_RA_Building_8,Improvements,$AI$95,Improvements!$AI$95
N1DBOther_RA_Building_9,Improvements,$AJ$95,Improvements!$AJ$95
N1DBOther_Repairs,Income-Expense Summary,$DM$184,'Income-Expense Summary'!$DM$184
N1DBOther_Salaries,Income-Expense Summary,$DM$192,'Income-Expense Summary'!$DM$192
N1DBOtherIncome,Income-Expense Summary,$DM$167,'Income-Expense Summary'!$DM$167
N1DBOverall_EGIM_S1,Valuation,$G$41,Valuation!$G$41
N1DBOverall_EGIM_S2,Valuation,$I$41,Valuation!$I$41
N1DBOverall_EGIM_S3,Valuation,$K$41,Valuation!$K$41
N1DBOverall_Value_Per_Index_S1,Valuation,$G$39,Valuation!$G$39
N1DBOverall_Value_Per_Index_S2,Valuation,$I$39,Valuation!$I$39
N1DBOverall_Value_Per_Index_S3,Valuation,$K$39,Valuation!$K$39
N1DBOwner,File Info,$I$108,'File Info'!$I$108
N1DBPainting_And_Decorating,Income-Expense Summary,$DM$186,'Income-Expense Summary'!$DM$186
N1DBParking_Adequacy,Improvements,$Y$115,Improvements!$Y$115
N1DBParking_Adequacy_Building_1,Improvements,$AB$115,Improvements!$AB$115
N1DBParking_Adequacy_Building_10,Improvements,$AK$115,Improvements!$AK$115
N1DBParking_Adequacy_Building_2,Improvements,$AC$115,Improvements!$AC$115
N1DBParking_Adequacy_Building_3,Improvements,$AD$115,Improvements!$AD$115
N1DBParking_Adequacy_Building_4,Improvements,$AE$115,Improvements!$AE$115
N1DBParking_Adequacy_Building_5,Improvements,$AF$115,Improvements!$AF$115
N1DBParking_Adequacy_Building_6,Improvements,$AG$115,Improvements!$AG$115
N1DBParking_Adequacy_Building_7,Improvements,$AH$115,Improvements!$AH$115
N1DBParking_Adequacy_Building_8,Improvements,$AI$115,Improvements!$AI$115
N1DBParking_Adequacy_Building_9,Improvements,$AJ$115,Improvements!$AJ$115
N1DBParking_Building_1,Improvements,$AB$113,Improvements!$AB$113
N1DBParking_Building_10,Improvements,$AK$113,Improvements!$AK$113
N1DBParking_Building_2,Improvements,$AC$113,Improvements!$AC$113
N1DBParking_Building_3,Improvements,$AD$113,Improvements!$AD$113
N1DBParking_Building_4,Improvements,$AE$113,Improvements!$AE$113
N1DBParking_Building_5,Improvements,$AF$113,Improvements!$AF$113
N1DBParking_Building_6,Improvements,$AG$113,Improvements!$AG$113
N1DBParking_Building_7,Improvements,$AH$113,Improvements!$AH$113
N1DBParking_Building_8,Improvements,$AI$113,Improvements!$AI$113
N1DBParking_Building_9,Improvements,$AJ$113,Improvements!$AJ$113
N1DBParking_Comments,Improvements,$Y$118,Improvements!$Y$118
N1DBParking_Comments_Building_1,Improvements,$AB$118,Improvements!$AB$118
N1DBParking_Comments_Building_10,Improvements,$AK$118,Improvements!$AK$118
N1DBParking_Comments_Building_2,Improvements,$AC$118,Improvements!$AC$118
N1DBParking_Comments_Building_3,Improvements,$AD$118,Improvements!$AD$118
N1DBParking_Comments_Building_4,Improvements,$AE$118,Improvements!$AE$118
N1DBParking_Comments_Building_5,Improvements,$AF$118,Improvements!$AF$118
N1DBParking_Comments_Building_6,Improvements,$AG$118,Improvements!$AG$118
N1DBParking_Comments_Building_7,Improvements,$AH$118,Improvements!$AH$118
N1DBParking_Comments_Building_8,Improvements,$AI$118,Improvements!$AI$118
N1DBParking_Comments_Building_9,Improvements,$AJ$118,Improvements!$AJ$118
N1DBParking_Condition,Improvements,$Y$116,Improvements!$Y$116
N1DBParking_Condition_Building_1,Improvements,$AB$116,Improvements!$AB$116
N1DBParking_Condition_Building_10,Improvements,$AK$116,Improvements!$AK$116
N1DBParking_Condition_Building_2,Improvements,$AC$116,Improvements!$AC$116
N1DBParking_Condition_Building_3,Improvements,$AD$116,Improvements!$AD$116
N1DBParking_Condition_Building_4,Improvements,$AE$116,Improvements!$AE$116
N1DBParking_Condition_Building_5,Improvements,$AF$116,Improvements!$AF$116
N1DBParking_Condition_Building_6,Improvements,$AG$116,Improvements!$AG$116
N1DBParking_Condition_Building_7,Improvements,$AH$116,Improvements!$AH$116
N1DBParking_Condition_Building_8,Improvements,$AI$116,Improvements!$AI$116
N1DBParking_Condition_Building_9,Improvements,$AJ$116,Improvements!$AJ$116
N1DBParking_Ratio_GBA,Improvements,$Y$41,Improvements!$Y$41
N1DBParking_Ratio_RA,Improvements,$Z$41,Improvements!$Z$41
N1DBParking_Ratio_Unit,Improvements,$AA$41,Improvements!$AA$41
N1DBParking_Requirement_Record_1,Zoning,$AA$40,Zoning!$AA$40
N1DBParking_Requirement_Record_10,Zoning,$AJ$40,Zoning!$AJ$40
N1DBParking_Requirement_Record_2,Zoning,$AB$40,Zoning!$AB$40
N1DBParking_Requirement_Record_3,Zoning,$AC$40,Zoning!$AC$40
N1DBParking_Requirement_Record_4,Zoning,$AD$40,Zoning!$AD$40
N1DBParking_Requirement_Record_5,Zoning,$AE$40,Zoning!$AE$40
N1DBParking_Requirement_Record_6,Zoning,$AF$40,Zoning!$AF$40
N1DBParking_Requirement_Record_7,Zoning,$AG$40,Zoning!$AG$40
N1DBParking_Requirement_Record_8,Zoning,$AH$40,Zoning!$AH$40
N1DBParking_Requirement_Record_9,Zoning,$AI$40,Zoning!$AI$40
N1DBParking_Requirements,Zoning,$Z$40,Zoning!$Z$40
N1DBParking_Spaces,Improvements,$Y$113,Improvements!$Y$113
N1DBParking_Type,Improvements,$Y$114,Improvements!$Y$114
N1DBParking_Type_Building_1,Improvements,$AB$114,Improvements!$AB$114
N1DBParking_Type_Building_10,Improvements,$AK$114,Improvements!$AK$114
N1DBParking_Type_Building_2,Improvements,$AC$114,Improvements!$AC$114
N1DBParking_Type_Building_3,Improvements,$AD$114,Improvements!$AD$114
N1DBParking_Type_Building_4,Improvements,$AE$114,Improvements!$AE$114
N1DBParking_Type_Building_5,Improvements,$AF$114,Improvements!$AF$114
N1DBParking_Type_Building_6,Improvements,$AG$114,Improvements!$AG$114
N1DBParking_Type_Building_7,Improvements,$AH$114,Improvements!$AH$114
N1DBParking_Type_Building_8,Improvements,$AI$114,Improvements!$AI$114
N1DBParking_Type_Building_9,Improvements,$AJ$114,Improvements!$AJ$114
N1DBPayroll,Income-Expense Summary,$DM$194,'Income-Expense Summary'!$DM$194
N1DBPayroll_Taxes_and_Health_Benefits,Income-Expense Summary,$DM$193,'Income-Expense Summary'!$DM$193
N1DBPercent_Office,Improvements,$Y$103,Improvements!$Y$103
N1DBPercent_Office_Building_1,Improvements,$AB$103,Improvements!$AB$103
N1DBPercent_Office_Building_10,Improvements,$AK$103,Improvements!$AK$103
N1DBPercent_Office_Building_2,Improvements,$AC$103,Improvements!$AC$103
N1DBPercent_Office_Building_3,Improvements,$AD$103,Improvements!$AD$103
N1DBPercent_Office_Building_4,Improvements,$AE$103,Improvements!$AE$103
N1DBPercent_Office_Building_5,Improvements,$AF$103,Improvements!$AF$103
N1DBPercent_Office_Building_6,Improvements,$AG$103,Improvements!$AG$103
N1DBPercent_Office_Building_7,Improvements,$AH$103,Improvements!$AH$103
N1DBPercent_Office_Building_8,Improvements,$AI$103,Improvements!$AI$103
N1DBPercent_Office_Building_9,Improvements,$AJ$103,Improvements!$AJ$103
N1DBPercent_Office_RA,Improvements,$Y$104,Improvements!$Y$104
N1DBPercent_Office_RA_Building_1,Improvements,$AB$104,Improvements!$AB$104
N1DBPercent_Office_RA_Building_10,Improvements,$AK$104,Improvements!$AK$104
N1DBPercent_Office_RA_Building_2,Improvements,$AC$104,Improvements!$AC$104
N1DBPercent_Office_RA_Building_3,Improvements,$AD$104,Improvements!$AD$104
N1DBPercent_Office_RA_Building_4,Improvements,$AE$104,Improvements!$AE$104
N1DBPercent_Office_RA_Building_5,Improvements,$AF$104,Improvements!$AF$104
N1DBPercent_Office_RA_Building_6,Improvements,$AG$104,Improvements!$AG$104
N1DBPercent_Office_RA_Building_7,Improvements,$AH$104,Improvements!$AH$104
N1DBPercent_Office_RA_Building_8,Improvements,$AI$104,Improvements!$AI$104
N1DBPercent_Office_RA_Building_9,Improvements,$AJ$104,Improvements!$AJ$104
N1DBPercent_Retail,Improvements,$Y$91,Improvements!$Y$91
N1DBPercent_Retail_Building_1,Improvements,$AB$91,Improvements!$AB$91
N1DBPercent_Retail_Building_10,Improvements,$AK$91,Improvements!$AK$91
N1DBPercent_Retail_Building_2,Improvements,$AC$91,Improvements!$AC$91
N1DBPercent_Retail_Building_3,Improvements,$AD$91,Improvements!$AD$91
N1DBPercent_Retail_Building_4,Improvements,$AE$91,Improvements!$AE$91
N1DBPercent_Retail_Building_5,Improvements,$AF$91,Improvements!$AF$91
N1DBPercent_Retail_Building_6,Improvements,$AG$91,Improvements!$AG$91
N1DBPercent_Retail_Building_7,Improvements,$AH$91,Improvements!$AH$91
N1DBPercent_Retail_Building_8,Improvements,$AI$91,Improvements!$AI$91
N1DBPercent_Retail_Building_9,Improvements,$AJ$91,Improvements!$AJ$91
N1DBPercent_Tillable,Site,$Z$142,Site!$Z$142
N1DBPercent_Wetlands,Site,$Z$111,Site!$Z$111
N1DBPercentage_Rent,Income-Expense Summary,$DM$164,'Income-Expense Summary'!$DM$164
N1DBPerimeter_SF,Improvements,$Y$106,Improvements!$Y$106
N1DBPerimeter_SF_Building_1,Improvements,$AB$106,Improvements!$AB$106
N1DBPerimeter_SF_Building_10,Improvements,$AK$106,Improvements!$AK$106
N1DBPerimeter_SF_Building_2,Improvements,$AC$106,Improvements!$AC$106
N1DBPerimeter_SF_Building_3,Improvements,$AD$106,Improvements!$AD$106
N1DBPerimeter_SF_Building_4,Improvements,$AE$106,Improvements!$AE$106
N1DBPerimeter_SF_Building_5,Improvements,$AF$106,Improvements!$AF$106
N1DBPerimeter_SF_Building_6,Improvements,$AG$106,Improvements!$AG$106
N1DBPerimeter_SF_Building_7,Improvements,$AH$106,Improvements!$AH$106
N1DBPerimeter_SF_Building_8,Improvements,$AI$106,Improvements!$AI$106
N1DBPerimeter_SF_Building_9,Improvements,$AJ$106,Improvements!$AJ$106
N1DBPeriod_S1,Valuation,$G$53,Valuation!$G$53
N1DBPeriod_S2,Valuation,$I$53,Valuation!$I$53
N1DBPeriod_S3,Valuation,$K$53,Valuation!$K$53
N1DBPeriod_Type_Qualifier_S1,Valuation,$H$54,Valuation!$H$54
N1DBPeriod_Type_Qualifier_S2,Valuation,$J$54,Valuation!$J$54
N1DBPeriod_Type_Qualifier_S3,Valuation,$L$54,Valuation!$L$54
N1DBPermanent_Equipment_Real_Property_S1,Valuation,$G$26,Valuation!$G$26
N1DBPermanent_Equipment_Real_Property_S2,Valuation,$I$26,Valuation!$I$26
N1DBPermanent_Equipment_Real_Property_S3,Valuation,$K$26,Valuation!$K$26
N1DBPermitted_Uses_Record_1,Zoning,$AA$33,Zoning!$AA$33
N1DBPermitted_Uses_Record_10,Zoning,$AJ$33,Zoning!$AJ$33
N1DBPermitted_Uses_Record_2,Zoning,$AB$33,Zoning!$AB$33
N1DBPermitted_Uses_Record_3,Zoning,$AC$33,Zoning!$AC$33
N1DBPermitted_Uses_Record_4,Zoning,$AD$33,Zoning!$AD$33
N1DBPermitted_Uses_Record_5,Zoning,$AE$33,Zoning!$AE$33
N1DBPermitted_Uses_Record_6,Zoning,$AF$33,Zoning!$AF$33
N1DBPermitted_Uses_Record_7,Zoning,$AG$33,Zoning!$AG$33
N1DBPermitted_Uses_Record_8,Zoning,$AH$33,Zoning!$AH$33
N1DBPermitted_Uses_Record_9,Zoning,$AI$33,Zoning!$AI$33
N1DBPersonal_Property_FFandE_S1,Valuation,$G$31,Valuation!$G$31
N1DBPersonal_Property_FFandE_S2,Valuation,$I$31,Valuation!$I$31
N1DBPersonal_Property_FFandE_S3,Valuation,$K$31,Valuation!$K$31
N1DBPGI,Income-Expense Summary,$DM$165,'Income-Expense Summary'!$DM$165
N1DBPorch_or_Deck,Improvements,$Y$202,Improvements!$Y$202
N1DBPorch_Or_Deck_Building_1,Improvements,$AB$202,Improvements!$AB$202
N1DBPorch_Or_Deck_Building_10,Improvements,$AK$202,Improvements!$AK$202
N1DBPorch_Or_Deck_Building_2,Improvements,$AC$202,Improvements!$AC$202
N1DBPorch_Or_Deck_Building_3,Improvements,$AD$202,Improvements!$AD$202
N1DBPorch_Or_Deck_Building_4,Improvements,$AE$202,Improvements!$AE$202
N1DBPorch_Or_Deck_Building_5,Improvements,$AF$202,Improvements!$AF$202
N1DBPorch_Or_Deck_Building_6,Improvements,$AG$202,Improvements!$AG$202
N1DBPorch_Or_Deck_Building_7,Improvements,$AH$202,Improvements!$AH$202
N1DBPorch_Or_Deck_Building_8,Improvements,$AI$202,Improvements!$AI$202
N1DBPorch_Or_Deck_Building_9,Improvements,$AJ$202,Improvements!$AJ$202
N1DBPotential_Gross_Income_S1,Valuation,$G$56,Valuation!$G$56
N1DBPotential_Gross_Income_S2,Valuation,$I$56,Valuation!$I$56
N1DBPotential_Gross_Income_S3,Valuation,$K$56,Valuation!$K$56
N1DBPremise_S1,Valuation,$G$14,Valuation!$G$14
N1DBPremise_S2,Valuation,$I$14,Valuation!$I$14
N1DBPremise_S3,Valuation,$K$14,Valuation!$K$14
N1DBPrice,"Contracts, History",$G$41,"'Contracts, History'!$G$41"
N1DBPrice_Per_Acre,"Contracts, History",$G$51,"'Contracts, History'!$G$51"
N1DBPrice_Per_Bay,"Contracts, History",$G$73,"'Contracts, History'!$G$73"
N1DBPrice_Per_Bed,"Contracts, History",$G$71,"'Contracts, History'!$G$71"
N1DBPrice_Per_Bedroom,"Contracts, History",$G$69,"'Contracts, History'!$G$69"
N1DBPrice_Per_Buildable_SF,"Contracts, History",$G$61,"'Contracts, History'!$G$61"
N1DBPrice_Per_FAR,"Contracts, History",$G$65,"'Contracts, History'!$G$65"
N1DBPrice_Per_GBA_Meters,"Contracts, History",$G$81,"'Contracts, History'!$G$81"
N1DBPrice_Per_Land_Hectares,"Contracts, History",$G$79,"'Contracts, History'!$G$79"
N1DBPrice_Per_Land_SF,"Contracts, History",$G$53,"'Contracts, History'!$G$53"
N1DBPrice_Per_Land_Sq._Meters,"Contracts, History",$G$77,"'Contracts, History'!$G$77"
N1DBPrice_Per_Land_Unit,"Contracts, History",$G$59,"'Contracts, History'!$G$59"
N1DBPrice_Per_Primary_Frontage,"Contracts, History",$G$63,"'Contracts, History'!$G$63"
N1DBPrice_Per_RA,"Contracts, History",$G$47,"'Contracts, History'!$G$47"
N1DBPrice_Per_RA_Meters,"Contracts, History",$G$83,"'Contracts, History'!$G$83"
N1DBPrice_Per_Room,"Contracts, History",$G$67,"'Contracts, History'!$G$67"
N1DBPrice_Per_SF,"Contracts, History",$G$45,"'Contracts, History'!$G$45"
N1DBPrice_Per_Spaces,"Contracts, History",$G$75,"'Contracts, History'!$G$75"
N1DBPrice_Per_Unit,"Contracts, History",$G$49,"'Contracts, History'!$G$49"
N1DBPrice_Per_Usable_Acres,"Contracts, History",$G$55,"'Contracts, History'!$G$55"
N1DBPrice_Per_Usable_Land_SF,"Contracts, History",$G$57,"'Contracts, History'!$G$57"
N1DBPrimary_Frontage_Feet,Site,$Z$71,Site!$Z$71
N1DBPrimary_Frontage_Street,Site,$Z$67,Site!$Z$67
N1DBPrimary_Improvement_Size_Type_S1,Valuation,$G$20,Valuation!$G$20
N1DBPrimary_Improvement_Size_Type_S2,Valuation,$I$20,Valuation!$I$20
N1DBPrimary_Improvement_Size_Type_S3,Valuation,$K$20,Valuation!$K$20
N1DBPrimary_Land_Value_S1,Valuation,$G$24,Valuation!$G$24
N1DBPrimary_Land_Value_S2,Valuation,$I$24,Valuation!$I$24
N1DBPrimary_Land_Value_S3,Valuation,$K$24,Valuation!$K$24
N1DBPrivate_Pay_Percentage,Summary,$DL$629,Summary!$DL$629
N1DBProduct_Segment,Summary,$DW$647,Summary!$DW$647
N1DBProductivity_Index,Site,$Z$140,Site!$Z$140
N1DBProfessional_Services,Income-Expense Summary,$DM$196,'Income-Expense Summary'!$DM$196
N1DBProj_Amenities_Checklist,Improvements,$EE$734,Improvements!$EE$734
N1DBProject_Style,Summary,$CO$492,Summary!$CO$492
N1DBProperty_Major_Type,File Info,$I$100,'File Info'!$I$100
N1DBProperty_Name,File Info,$I$87,'File Info'!$I$87
N1DBProperty_Rights,"Contracts, History",$G$21,"'Contracts, History'!$G$21"
N1DBProperty_Sub_Type,File Info,$I$104,'File Info'!$I$104
N1DBProperty_Type,File Info,$I$102,'File Info'!$I$102
N1DBProportion_Renovated,Improvements,$Y$74,Improvements!$Y$74
N1DBProportion_Renovated_Building_1,Improvements,$AB$74,Improvements!$AB$74
N1DBProportion_Renovated_Building_10,Improvements,$AK$74,Improvements!$AK$74
N1DBProportion_Renovated_Building_2,Improvements,$AC$74,Improvements!$AC$74
N1DBProportion_Renovated_Building_3,Improvements,$AD$74,Improvements!$AD$74
N1DBProportion_Renovated_Building_4,Improvements,$AE$74,Improvements!$AE$74
N1DBProportion_Renovated_Building_5,Improvements,$AF$74,Improvements!$AF$74
N1DBProportion_Renovated_Building_6,Improvements,$AG$74,Improvements!$AG$74
N1DBProportion_Renovated_Building_7,Improvements,$AH$74,Improvements!$AH$74
N1DBProportion_Renovated_Building_8,Improvements,$AI$74,Improvements!$AI$74
N1DBProportion_Renovated_Building_9,Improvements,$AJ$74,Improvements!$AJ$74
N1DBProposed_SF,Site,$Z$51,Site!$Z$51
N1DBProposed_Units,Site,$Z$52,Site!$Z$52
N1DBProposed_Use,Site,$Z$24,Site!$Z$24
N1DBProvince,File Info,$I$118,'File Info'!$I$118
N1DBQuality,Improvements,$Y$27,Improvements!$Y$27
N1DBQuality_Building_1,Improvements,$AB$70,Improvements!$AB$70
N1DBQuality_Building_10,Improvements,$AK$70,Improvements!$AK$70
N1DBQuality_Building_2,Improvements,$AC$70,Improvements!$AC$70
N1DBQuality_Building_3,Improvements,$AD$70,Improvements!$AD$70
N1DBQuality_Building_4,Improvements,$AE$70,Improvements!$AE$70
N1DBQuality_Building_5,Improvements,$AF$70,Improvements!$AF$70
N1DBQuality_Building_6,Improvements,$AG$70,Improvements!$AG$70
N1DBQuality_Building_7,Improvements,$AH$70,Improvements!$AH$70
N1DBQuality_Building_8,Improvements,$AI$70,Improvements!$AI$70
N1DBQuality_Building_9,Improvements,$AJ$70,Improvements!$AJ$70
N1DBRA,Improvements,$Y$96,Improvements!$Y$96
N1DBRA_Total_Meters,Improvements,$Y$99,Improvements!$Y$99
N1DBRA_Total_Meters_Building_1,Improvements,$AB$99,Improvements!$AB$99
N1DBRA_Total_Meters_Building_10,Improvements,$AK$99,Improvements!$AK$99
N1DBRA_Total_Meters_Building_2,Improvements,$AC$99,Improvements!$AC$99
N1DBRA_Total_Meters_Building_3,Improvements,$AD$99,Improvements!$AD$99
N1DBRA_Total_Meters_Building_4,Improvements,$AE$99,Improvements!$AE$99
N1DBRA_Total_Meters_Building_5,Improvements,$AF$99,Improvements!$AF$99
N1DBRA_Total_Meters_Building_6,Improvements,$AG$99,Improvements!$AG$99
N1DBRA_Total_Meters_Building_7,Improvements,$AH$99,Improvements!$AH$99
N1DBRA_Total_Meters_Building_8,Improvements,$AI$99,Improvements!$AI$99
N1DBRA_Total_Meters_Building_9,Improvements,$AJ$99,Improvements!$AJ$99
N1DBRail_Service,Site,$Z$124,Site!$Z$124
N1DBRemaining_Economic_Life,Improvements,$Y$78,Improvements!$Y$78
N1DBRenovations,Improvements,$Y$73,Improvements!$Y$73
N1DBRenovations_Building_1,Improvements,$AB$73,Improvements!$AB$73
N1DBRenovations_Building_10,Improvements,$AK$73,Improvements!$AK$73
N1DBRenovations_Building_2,Improvements,$AC$73,Improvements!$AC$73
N1DBRenovations_Building_3,Improvements,$AD$73,Improvements!$AD$73
N1DBRenovations_Building_4,Improvements,$AE$73,Improvements!$AE$73
N1DBRenovations_Building_5,Improvements,$AF$73,Improvements!$AF$73
N1DBRenovations_Building_6,Improvements,$AG$73,Improvements!$AG$73
N1DBRenovations_Building_7,Improvements,$AH$73,Improvements!$AH$73
N1DBRenovations_Building_8,Improvements,$AI$73,Improvements!$AI$73
N1DBRenovations_Building_9,Improvements,$AJ$73,Improvements!$AJ$73
N1DBRentable_Area,Improvements,$Y$96,Improvements!$Y$96
N1DBRentable_Area_Building_1,Improvements,$AB$96,Improvements!$AB$96
N1DBRentable_Area_Building_10,Improvements,$AK$96,Improvements!$AK$96
N1DBRentable_Area_Building_2,Improvements,$AC$96,Improvements!$AC$96
N1DBRentable_Area_Building_3,Improvements,$AD$96,Improvements!$AD$96
N1DBRentable_Area_Building_4,Improvements,$AE$96,Improvements!$AE$96
N1DBRentable_Area_Building_5,Improvements,$AF$96,Improvements!$AF$96
N1DBRentable_Area_Building_6,Improvements,$AG$96,Improvements!$AG$96
N1DBRentable_Area_Building_7,Improvements,$AH$96,Improvements!$AH$96
N1DBRentable_Area_Building_8,Improvements,$AI$96,Improvements!$AI$96
N1DBRentable_Area_Building_9,Improvements,$AJ$96,Improvements!$AJ$96
N1DBRentableArea,Improvements,$Y$96,Improvements!$Y$96
N1DBRental_Income,Income-Expense Summary,$DM$160,'Income-Expense Summary'!$DM$160
N1DBRepairs_And_Maintenance,Income-Expense Summary,$DM$185,'Income-Expense Summary'!$DM$185
N1DBReport_Date,"Dates, Premises",$I$13,"'Dates, Premises'!$I$13"
N1DBReportDate,"Dates, Premises",$I$13,"'Dates, Premises'!$I$13"
N1DBReserves,Income-Expense Summary,$DM$203,'Income-Expense Summary'!$DM$203
N1DBResidential_Amenities,Improvements,$Y$206,Improvements!$Y$206
N1DBResidential_Amenities_Building_1,Improvements,$AB$206,Improvements!$AB$206
N1DBResidential_Amenities_Building_10,Improvements,$AK$206,Improvements!$AK$206
N1DBResidential_Amenities_Building_2,Improvements,$AC$206,Improvements!$AC$206
N1DBResidential_Amenities_Building_3,Improvements,$AD$206,Improvements!$AD$206
N1DBResidential_Amenities_Building_4,Improvements,$AE$206,Improvements!$AE$206
N1DBResidential_Amenities_Building_5,Improvements,$AF$206,Improvements!$AF$206
N1DBResidential_Amenities_Building_6,Improvements,$AG$206,Improvements!$AG$206
N1DBResidential_Amenities_Building_7,Improvements,$AH$206,Improvements!$AH$206
N1DBResidential_Amenities_Building_8,Improvements,$AI$206,Improvements!$AI$206
N1DBResidential_Amenities_Building_9,Improvements,$AJ$206,Improvements!$AJ$206
N1DBResidential_Design,Improvements,$Y$197,Improvements!$Y$197
N1DBResidential_Design_Building_1,Improvements,$AB$197,Improvements!$AB$197
N1DBResidential_Design_Building_10,Improvements,$AK$197,Improvements!$AK$197
N1DBResidential_Design_Building_2,Improvements,$AC$197,Improvements!$AC$197
N1DBResidential_Design_Building_3,Improvements,$AD$197,Improvements!$AD$197
N1DBResidential_Design_Building_4,Improvements,$AE$197,Improvements!$AE$197
N1DBResidential_Design_Building_5,Improvements,$AF$197,Improvements!$AF$197
N1DBResidential_Design_Building_6,Improvements,$AG$197,Improvements!$AG$197
N1DBResidential_Design_Building_7,Improvements,$AH$197,Improvements!$AH$197
N1DBResidential_Design_Building_8,Improvements,$AI$197,Improvements!$AI$197
N1DBResidential_Design_Building_9,Improvements,$AJ$197,Improvements!$AJ$197
N1DBResidentialOther,Improvements,$Y$207,Improvements!$Y$207
N1DBRetail_GBA,Improvements,$Y$87,Improvements!$Y$87
N1DBRetail_GBA_Building_1,Improvements,$AB$87,Improvements!$AB$87
N1DBRetail_GBA_Building_10,Improvements,$AK$87,Improvements!$AK$87
N1DBRetail_GBA_Building_2,Improvements,$AC$87,Improvements!$AC$87
N1DBRetail_GBA_Building_3,Improvements,$AD$87,Improvements!$AD$87
N1DBRetail_GBA_Building_4,Improvements,$AE$87,Improvements!$AE$87
N1DBRetail_GBA_Building_5,Improvements,$AF$87,Improvements!$AF$87
N1DBRetail_GBA_Building_6,Improvements,$AG$87,Improvements!$AG$87
N1DBRetail_GBA_Building_7,Improvements,$AH$87,Improvements!$AH$87
N1DBRetail_GBA_Building_8,Improvements,$AI$87,Improvements!$AI$87
N1DBRetail_GBA_Building_9,Improvements,$AJ$87,Improvements!$AJ$87
N1DBRetail_GLA_Building_1,Improvements,$AB$97,Improvements!$AB$97
N1DBRetail_GLA_Building_10,Improvements,$AK$97,Improvements!$AK$97
N1DBRetail_GLA_Building_2,Improvements,$AC$97,Improvements!$AC$97
N1DBRetail_GLA_Building_3,Improvements,$AD$97,Improvements!$AD$97
N1DBRetail_GLA_Building_4,Improvements,$AE$97,Improvements!$AE$97
N1DBRetail_GLA_Building_5,Improvements,$AF$97,Improvements!$AF$97
N1DBRetail_GLA_Building_6,Improvements,$AG$97,Improvements!$AG$97
N1DBRetail_GLA_Building_7,Improvements,$AH$97,Improvements!$AH$97
N1DBRetail_GLA_Building_8,Improvements,$AI$97,Improvements!$AI$97
N1DBRetail_GLA_Building_9,Improvements,$AJ$97,Improvements!$AJ$97
N1DBRevPAR,Summary,$DW$651,Summary!$DW$651
N1DBRoad_Frontage,Site,$Z$70,Site!$Z$70
N1DBRoad_Frontage_Meters,Site,$Z$78,Site!$Z$78
N1DBRoads_and_Grounds,Income-Expense Summary,$DM$187,'Income-Expense Summary'!$DM$187
N1DBRoof_Cover,Improvements,$Y$154,Improvements!$Y$154
N1DBRoof_Cover_Building_1,Improvements,$AB$154,Improvements!$AB$154
N1DBRoof_Cover_Building_10,Improvements,$AK$154,Improvements!$AK$154
N1DBRoof_Cover_Building_2,Improvements,$AC$154,Improvements!$AC$154
N1DBRoof_Cover_Building_3,Improvements,$AD$154,Improvements!$AD$154
N1DBRoof_Cover_Building_4,Improvements,$AE$154,Improvements!$AE$154
N1DBRoof_Cover_Building_5,Improvements,$AF$154,Improvements!$AF$154
N1DBRoof_Cover_Building_6,Improvements,$AG$154,Improvements!$AG$154
N1DBRoof_Cover_Building_7,Improvements,$AH$154,Improvements!$AH$154
N1DBRoof_Cover_Building_8,Improvements,$AI$154,Improvements!$AI$154
N1DBRoof_Cover_Building_9,Improvements,$AJ$154,Improvements!$AJ$154
N1DBRoof_Type,Improvements,$Y$153,Improvements!$Y$153
N1DBRoof_Type_Building_1,Improvements,$AB$153,Improvements!$AB$153
N1DBRoof_Type_Building_10,Improvements,$AK$153,Improvements!$AK$153
N1DBRoof_Type_Building_2,Improvements,$AC$153,Improvements!$AC$153
N1DBRoof_Type_Building_3,Improvements,$AD$153,Improvements!$AD$153
N1DBRoof_Type_Building_4,Improvements,$AE$153,Improvements!$AE$153
N1DBRoof_Type_Building_5,Improvements,$AF$153,Improvements!$AF$153
N1DBRoof_Type_Building_6,Improvements,$AG$153,Improvements!$AG$153
N1DBRoof_Type_Building_7,Improvements,$AH$153,Improvements!$AH$153
N1DBRoof_Type_Building_8,Improvements,$AI$153,Improvements!$AI$153
N1DBRoof_Type_Building_9,Improvements,$AJ$153,Improvements!$AJ$153
N1DBSale_Comments,"Contracts, History",$G$28,"'Contracts, History'!$G$28"
N1DBSale_Verification_Source,"Contracts, History",$M$25,"'Contracts, History'!$M$25"
N1DBSales_Approach_Value_per_Index_S1,Valuation,$G$66,Valuation!$G$66
N1DBSales_Approach_Value_per_Index_S2,Valuation,$I$66,Valuation!$I$66
N1DBSales_Approach_Value_per_Index_S3,Valuation,$K$66,Valuation!$K$66
N1DBSales_Approach_Value_S1,Valuation,$G$65,Valuation!$G$65
N1DBSales_Approach_Value_S2,Valuation,$I$65,Valuation!$I$65
N1DBSales_Approach_Value_S3,Valuation,$K$65,Valuation!$K$65
N1DBSalesGridStabilizedAdjAverageValue,Sales Grid,$K$107,'Sales Grid'!$K$107
N1DBSalesGridStabilizedAdjHighValue,Sales Grid,$K$106,'Sales Grid'!$K$106
N1DBSalesGridStabilizedAdjLowValue,Sales Grid,$K$105,'Sales Grid'!$K$105
N1DBSchedulerJobID,File Info,$G$15,'File Info'!$G$15
N1DBSchool_District,Market Area,$J$101,'Market Area'!$J$101
N1DBSecondary_Frontage_Feet,Site,$Z$72,Site!$Z$72
N1DBSecondary_Frontage_Street,Site,$Z$68,Site!$Z$68
N1DBSecondary_Traffic_Count,Site,$Z$30,Site!$Z$30
N1DBSecurity,Income-Expense Summary,$DM$195,'Income-Expense Summary'!$DM$195
N1DBSewer_Expense,Income-Expense Summary,$DM$178,'Income-Expense Summary'!$DM$178
N1DBSF_Leased,Rent Roll,$S$153,'Rent Roll'!$S$153
N1DBShadow_Anchors,Summary,$AN$366,Summary!$AN$366
N1DBShape,Site,$Z$94,Site!$Z$94
N1DBSide_Yard_Distance,Zoning,$Z$37,Zoning!$Z$37
N1DBSide_Yard_Distance_Record_1,Zoning,$AA$37,Zoning!$AA$37
N1DBSide_Yard_Distance_Record_10,Zoning,$AJ$37,Zoning!$AJ$37
N1DBSide_Yard_Distance_Record_2,Zoning,$AB$37,Zoning!$AB$37
N1DBSide_Yard_Distance_Record_3,Zoning,$AC$37,Zoning!$AC$37
N1DBSide_Yard_Distance_Record_4,Zoning,$AD$37,Zoning!$AD$37
N1DBSide_Yard_Distance_Record_5,Zoning,$AE$37,Zoning!$AE$37
N1DBSide_Yard_Distance_Record_6,Zoning,$AF$37,Zoning!$AF$37
N1DBSide_Yard_Distance_Record_7,Zoning,$AG$37,Zoning!$AG$37
N1DBSide_Yard_Distance_Record_8,Zoning,$AH$37,Zoning!$AH$37
N1DBSide_Yard_Distance_Record_9,Zoning,$AI$37,Zoning!$AI$37
N1DBSite_Comments,Site,$Z$131,Site!$Z$131
N1DBSoil_Type,Site,$Z$139,Site!$Z$139
N1DBSource_for_SF_Area,Improvements,$Y$102,Improvements!$Y$102
N1DBSource_For_Sf_Area_Building_1,Improvements,$AB$102,Improvements!$AB$102
N1DBSource_For_Sf_Area_Building_10,Improvements,$AK$102,Improvements!$AK$102
N1DBSource_For_Sf_Area_Building_2,Improvements,$AC$102,Improvements!$AC$102
N1DBSource_For_Sf_Area_Building_3,Improvements,$AD$102,Improvements!$AD$102
N1DBSource_For_Sf_Area_Building_4,Improvements,$AE$102,Improvements!$AE$102
N1DBSource_For_Sf_Area_Building_5,Improvements,$AF$102,Improvements!$AF$102
N1DBSource_For_Sf_Area_Building_6,Improvements,$AG$102,Improvements!$AG$102
N1DBSource_For_Sf_Area_Building_7,Improvements,$AH$102,Improvements!$AH$102
N1DBSource_For_Sf_Area_Building_8,Improvements,$AI$102,Improvements!$AI$102
N1DBSource_For_Sf_Area_Building_9,Improvements,$AJ$102,Improvements!$AJ$102
N1DBSouth_Boundary,Market Area,$H$20,'Market Area'!$H$20
N1DBSpecial_Assessments,Assessment,$G$35,Assessment!$G$35
N1DBSpecial_Assessments_Parcel_1,Assessment,$J$35,Assessment!$J$35
N1DBSpecial_Assessments_Parcel_10,Assessment,$S$35,Assessment!$S$35
N1DBSpecial_Assessments_Parcel_11,Assessment,$T$35,Assessment!$T$35
N1DBSpecial_Assessments_Parcel_12,Assessment,$U$35,Assessment!$U$35
N1DBSpecial_Assessments_Parcel_13,Assessment,$V$35,Assessment!$V$35
N1DBSpecial_Assessments_Parcel_14,Assessment,$W$35,Assessment!$W$35
N1DBSpecial_Assessments_Parcel_15,Assessment,$X$35,Assessment!$X$35
N1DBSpecial_Assessments_Parcel_16,Assessment,$Y$35,Assessment!$Y$35
N1DBSpecial_Assessments_Parcel_17,Assessment,$Z$35,Assessment!$Z$35
N1DBSpecial_Assessments_Parcel_18,Assessment,$AA$35,Assessment!$AA$35
N1DBSpecial_Assessments_Parcel_19,Assessment,$AB$35,Assessment!$AB$35
N1DBSpecial_Assessments_Parcel_2,Assessment,$K$35,Assessment!$K$35
N1DBSpecial_Assessments_Parcel_20,Assessment,$AC$35,Assessment!$AC$35
N1DBSpecial_Assessments_Parcel_3,Assessment,$L$35,Assessment!$L$35
N1DBSpecial_Assessments_Parcel_4,Assessment,$M$35,Assessment!$M$35
N1DBSpecial_Assessments_Parcel_5,Assessment,$N$35,Assessment!$N$35
N1DBSpecial_Assessments_Parcel_6,Assessment,$O$35,Assessment!$O$35
N1DBSpecial_Assessments_Parcel_7,Assessment,$P$35,Assessment!$P$35
N1DBSpecial_Assessments_Parcel_8,Assessment,$Q$35,Assessment!$Q$35
N1DBSpecial_Assessments_Parcel_9,Assessment,$R$35,Assessment!$R$35
N1DBSprinklers_Building_1,Improvements,$AB$183,Improvements!$AB$183
N1DBSprinklers_Building_10,Improvements,$AK$183,Improvements!$AK$183
N1DBSprinklers_Building_2,Improvements,$AC$183,Improvements!$AC$183
N1DBSprinklers_Building_3,Improvements,$AD$183,Improvements!$AD$183
N1DBSprinklers_Building_4,Improvements,$AE$183,Improvements!$AE$183
N1DBSprinklers_Building_5,Improvements,$AF$183,Improvements!$AF$183
N1DBSprinklers_Building_6,Improvements,$AG$183,Improvements!$AG$183
N1DBSprinklers_Building_7,Improvements,$AH$183,Improvements!$AH$183
N1DBSprinklers_Building_8,Improvements,$AI$183,Improvements!$AI$183
N1DBSprinklers_Building_9,Improvements,$AJ$183,Improvements!$AJ$183
N1DBState,File Info,$I$118,'File Info'!$I$118
N1DBStorage_Fee,Summary,$CO$499,Summary!$CO$499
N1DBStudent_Teacher_Ratio,Market Area,$J$103,'Market Area'!$J$103
N1DBSubject_Sold_Past_Three_Years,"Contracts, History",$P$32,"'Contracts, History'!$P$32"
N1DBSubMarket,File Info,$I$134,'File Info'!$I$134
N1DBSummary_Record_1,Zoning,$AA$32,Zoning!$AA$32
N1DBSummary_Record_10,Zoning,$AJ$32,Zoning!$AJ$32
N1DBSummary_Record_2,Zoning,$AB$32,Zoning!$AB$32
N1DBSummary_Record_3,Zoning,$AC$32,Zoning!$AC$32
N1DBSummary_Record_4,Zoning,$AD$32,Zoning!$AD$32
N1DBSummary_Record_5,Zoning,$AE$32,Zoning!$AE$32
N1DBSummary_Record_6,Zoning,$AF$32,Zoning!$AF$32
N1DBSummary_Record_7,Zoning,$AG$32,Zoning!$AG$32
N1DBSummary_Record_8,Zoning,$AH$32,Zoning!$AH$32
N1DBSummary_Record_9,Zoning,$AI$32,Zoning!$AI$32
N1DBSurface_Parking_Spaces,Improvements,$Y$110,Improvements!$Y$110
N1DBSurface_Parking_Spaces_Building_1,Improvements,$AB$110,Improvements!$AB$110
N1DBSurface_Parking_Spaces_Building_10,Improvements,$AK$110,Improvements!$AK$110
N1DBSurface_Parking_Spaces_Building_2,Improvements,$AC$110,Improvements!$AC$110
N1DBSurface_Parking_Spaces_Building_3,Improvements,$AD$110,Improvements!$AD$110
N1DBSurface_Parking_Spaces_Building_4,Improvements,$AE$110,Improvements!$AE$110
N1DBSurface_Parking_Spaces_Building_5,Improvements,$AF$110,Improvements!$AF$110
N1DBSurface_Parking_Spaces_Building_6,Improvements,$AG$110,Improvements!$AG$110
N1DBSurface_Parking_Spaces_Building_7,Improvements,$AH$110,Improvements!$AH$110
N1DBSurface_Parking_Spaces_Building_8,Improvements,$AI$110,Improvements!$AI$110
N1DBSurface_Parking_Spaces_Building_9,Improvements,$AJ$110,Improvements!$AJ$110
N1DBTax_Expense,Income-Expense Summary,$DM$171,'Income-Expense Summary'!$DM$171
N1DBTax_ID,Assessment,$G$19,Assessment!$G$19
N1DBTax_ID_Parcel_1,Assessment,$J$19,Assessment!$J$19
N1DBTax_ID_Parcel_10,Assessment,$S$19,Assessment!$S$19
N1DBTax_ID_Parcel_11,Assessment,$T$19,Assessment!$T$19
N1DBTax_ID_Parcel_12,Assessment,$U$19,Assessment!$U$19
N1DBTax_ID_Parcel_13,Assessment,$V$19,Assessment!$V$19
N1DBTax_ID_Parcel_14,Assessment,$W$19,Assessment!$W$19
N1DBTax_ID_Parcel_15,Assessment,$X$19,Assessment!$X$19
N1DBTax_ID_Parcel_16,Assessment,$Y$19,Assessment!$Y$19
N1DBTax_ID_Parcel_17,Assessment,$Z$19,Assessment!$Z$19
N1DBTax_ID_Parcel_18,Assessment,$AA$19,Assessment!$AA$19
N1DBTax_ID_Parcel_19,Assessment,$AB$19,Assessment!$AB$19
N1DBTax_ID_Parcel_2,Assessment,$K$19,Assessment!$K$19
N1DBTax_ID_Parcel_20,Assessment,$AC$19,Assessment!$AC$19
N1DBTax_ID_Parcel_3,Assessment,$L$19,Assessment!$L$19
N1DBTax_ID_Parcel_4,Assessment,$M$19,Assessment!$M$19
N1DBTax_ID_Parcel_5,Assessment,$N$19,Assessment!$N$19
N1DBTax_ID_Parcel_6,Assessment,$O$19,Assessment!$O$19
N1DBTax_ID_Parcel_7,Assessment,$P$19,Assessment!$P$19
N1DBTax_ID_Parcel_8,Assessment,$Q$19,Assessment!$Q$19
N1DBTax_ID_Parcel_9,Assessment,$R$19,Assessment!$R$19
N1DBTax_Rate,Assessment,$G$32,Assessment!$G$32
N1DBTax_Rate_Code,Assessment,$G$28,Assessment!$G$28
N1DBTax_Rate_Code_Parcel_1,Assessment,$J$28,Assessment!$J$28
N1DBTax_Rate_Code_Parcel_10,Assessment,$S$28,Assessment!$S$28
N1DBTax_Rate_Code_Parcel_11,Assessment,$T$28,Assessment!$T$28
N1DBTax_Rate_Code_Parcel_12,Assessment,$U$28,Assessment!$U$28
N1DBTax_Rate_Code_Parcel_13,Assessment,$V$28,Assessment!$V$28
N1DBTax_Rate_Code_Parcel_14,Assessment,$W$28,Assessment!$W$28
N1DBTax_Rate_Code_Parcel_15,Assessment,$X$28,Assessment!$X$28
N1DBTax_Rate_Code_Parcel_16,Assessment,$Y$28,Assessment!$Y$28
N1DBTax_Rate_Code_Parcel_17,Assessment,$Z$28,Assessment!$Z$28
N1DBTax_Rate_Code_Parcel_18,Assessment,$AA$28,Assessment!$AA$28
N1DBTax_Rate_Code_Parcel_19,Assessment,$AB$28,Assessment!$AB$28
N1DBTax_Rate_Code_Parcel_2,Assessment,$K$28,Assessment!$K$28
N1DBTax_Rate_Code_Parcel_20,Assessment,$AC$28,Assessment!$AC$28
N1DBTax_Rate_Code_Parcel_3,Assessment,$L$28,Assessment!$L$28
N1DBTax_Rate_Code_Parcel_4,Assessment,$M$28,Assessment!$M$28
N1DBTax_Rate_Code_Parcel_5,Assessment,$N$28,Assessment!$N$28
N1DBTax_Rate_Code_Parcel_6,Assessment,$O$28,Assessment!$O$28
N1DBTax_Rate_Code_Parcel_7,Assessment,$P$28,Assessment!$P$28
N1DBTax_Rate_Code_Parcel_8,Assessment,$Q$28,Assessment!$Q$28
N1DBTax_Rate_Code_Parcel_9,Assessment,$R$28,Assessment!$R$28
N1DBTax_Rate_Parcel_1,Assessment,$J$32,Assessment!$J$32
N1DBTax_Rate_Parcel_10,Assessment,$S$32,Assessment!$S$32
N1DBTax_Rate_Parcel_11,Assessment,$T$32,Assessment!$T$32
N1DBTax_Rate_Parcel_12,Assessment,$U$32,Assessment!$U$32
N1DBTax_Rate_Parcel_13,Assessment,$V$32,Assessment!$V$32
N1DBTax_Rate_Parcel_14,Assessment,$W$32,Assessment!$W$32
N1DBTax_Rate_Parcel_15,Assessment,$X$32,Assessment!$X$32
N1DBTax_Rate_Parcel_16,Assessment,$Y$32,Assessment!$Y$32
N1DBTax_Rate_Parcel_17,Assessment,$Z$32,Assessment!$Z$32
N1DBTax_Rate_Parcel_18,Assessment,$AA$32,Assessment!$AA$32
N1DBTax_Rate_Parcel_19,Assessment,$AB$32,Assessment!$AB$32
N1DBTax_Rate_Parcel_2,Assessment,$K$32,Assessment!$K$32
N1DBTax_Rate_Parcel_20,Assessment,$AC$32,Assessment!$AC$32
N1DBTax_Rate_Parcel_3,Assessment,$L$32,Assessment!$L$32
N1DBTax_Rate_Parcel_4,Assessment,$M$32,Assessment!$M$32
N1DBTax_Rate_Parcel_5,Assessment,$N$32,Assessment!$N$32
N1DBTax_Rate_Parcel_6,Assessment,$O$32,Assessment!$O$32
N1DBTax_Rate_Parcel_7,Assessment,$P$32,Assessment!$P$32
N1DBTax_Rate_Parcel_8,Assessment,$Q$32,Assessment!$Q$32
N1DBTax_Rate_Parcel_9,Assessment,$R$32,Assessment!$R$32
N1DBTax_Rate_Per,Assessment,$G$33,Assessment!$G$33
N1DBTax_Rate_Per_Parcel_1,Assessment,$J$33,Assessment!$J$33
N1DBTax_Rate_Per_Parcel_10,Assessment,$S$33,Assessment!$S$33
N1DBTax_Rate_Per_Parcel_11,Assessment,$T$33,Assessment!$T$33
N1DBTax_Rate_Per_Parcel_12,Assessment,$U$33,Assessment!$U$33
N1DBTax_Rate_Per_Parcel_13,Assessment,$V$33,Assessment!$V$33
N1DBTax_Rate_Per_Parcel_14,Assessment,$W$33,Assessment!$W$33
N1DBTax_Rate_Per_Parcel_15,Assessment,$X$33,Assessment!$X$33
N1DBTax_Rate_Per_Parcel_16,Assessment,$Y$33,Assessment!$Y$33
N1DBTax_Rate_Per_Parcel_17,Assessment,$Z$33,Assessment!$Z$33
N1DBTax_Rate_Per_Parcel_18,Assessment,$AA$33,Assessment!$AA$33
N1DBTax_Rate_Per_Parcel_19,Assessment,$AB$33,Assessment!$AB$33
N1DBTax_Rate_Per_Parcel_2,Assessment,$K$33,Assessment!$K$33
N1DBTax_Rate_Per_Parcel_20,Assessment,$AC$33,Assessment!$AC$33
N1DBTax_Rate_Per_Parcel_3,Assessment,$L$33,Assessment!$L$33
N1DBTax_Rate_Per_Parcel_4,Assessment,$M$33,Assessment!$M$33
N1DBTax_Rate_Per_Parcel_5,Assessment,$N$33,Assessment!$N$33
N1DBTax_Rate_Per_Parcel_6,Assessment,$O$33,Assessment!$O$33
N1DBTax_Rate_Per_Parcel_7,Assessment,$P$33,Assessment!$P$33
N1DBTax_Rate_Per_Parcel_8,Assessment,$Q$33,Assessment!$Q$33
N1DBTax_Rate_Per_Parcel_9,Assessment,$R$33,Assessment!$R$33
N1DBTax_Years,Assessment,$G$27,Assessment!$G$27
N1DBTax_Years_Parcel_1,Assessment,$J$27,Assessment!$J$27
N1DBTax_Years_Parcel_10,Assessment,$S$27,Assessment!$S$27
N1DBTax_Years_Parcel_11,Assessment,$T$27,Assessment!$T$27
N1DBTax_Years_Parcel_12,Assessment,$U$27,Assessment!$U$27
N1DBTax_Years_Parcel_13,Assessment,$V$27,Assessment!$V$27
N1DBTax_Years_Parcel_14,Assessment,$W$27,Assessment!$W$27
N1DBTax_Years_Parcel_15,Assessment,$X$27,Assessment!$X$27
N1DBTax_Years_Parcel_16,Assessment,$Y$27,Assessment!$Y$27
N1DBTax_Years_Parcel_17,Assessment,$Z$27,Assessment!$Z$27
N1DBTax_Years_Parcel_18,Assessment,$AA$27,Assessment!$AA$27
N1DBTax_Years_Parcel_19,Assessment,$AB$27,Assessment!$AB$27
N1DBTax_Years_Parcel_2,Assessment,$K$27,Assessment!$K$27
N1DBTax_Years_Parcel_20,Assessment,$AC$27,Assessment!$AC$27
N1DBTax_Years_Parcel_3,Assessment,$L$27,Assessment!$L$27
N1DBTax_Years_Parcel_4,Assessment,$M$27,Assessment!$M$27
N1DBTax_Years_Parcel_5,Assessment,$N$27,Assessment!$N$27
N1DBTax_Years_Parcel_6,Assessment,$O$27,Assessment!$O$27
N1DBTax_Years_Parcel_7,Assessment,$P$27,Assessment!$P$27
N1DBTax_Years_Parcel_8,Assessment,$Q$27,Assessment!$Q$27
N1DBTax_Years_Parcel_9,Assessment,$R$27,Assessment!$R$27
N1DBTaxes,Assessment,$G$37,Assessment!$G$37
N1DBTaxes\Acre,Assessment,$G$42,Assessment!$G$42
N1DBTaxes\Land_SF,Assessment,$G$41,Assessment!$G$41
N1DBTaxes\Land_Unit,Assessment,$G$43,Assessment!$G$43
N1DBTaxes\SF_GBA,Assessment,$G$38,Assessment!$G$38
N1DBTaxes\Unit,Assessment,$G$40,Assessment!$G$40
N1DBTaxes_Parcel_1,Assessment,$J$37,Assessment!$J$37
N1DBTaxes_Parcel_10,Assessment,$S$37,Assessment!$S$37
N1DBTaxes_Parcel_11,Assessment,$T$37,Assessment!$T$37
N1DBTaxes_Parcel_12,Assessment,$U$37,Assessment!$U$37
N1DBTaxes_Parcel_13,Assessment,$V$37,Assessment!$V$37
N1DBTaxes_Parcel_14,Assessment,$W$37,Assessment!$W$37
N1DBTaxes_Parcel_15,Assessment,$X$37,Assessment!$X$37
N1DBTaxes_Parcel_16,Assessment,$Y$37,Assessment!$Y$37
N1DBTaxes_Parcel_17,Assessment,$Z$37,Assessment!$Z$37
N1DBTaxes_Parcel_18,Assessment,$AA$37,Assessment!$AA$37
N1DBTaxes_Parcel_19,Assessment,$AB$37,Assessment!$AB$37
N1DBTaxes_Parcel_2,Assessment,$K$37,Assessment!$K$37
N1DBTaxes_Parcel_20,Assessment,$AC$37,Assessment!$AC$37
N1DBTaxes_Parcel_3,Assessment,$L$37,Assessment!$L$37
N1DBTaxes_Parcel_4,Assessment,$M$37,Assessment!$M$37
N1DBTaxes_Parcel_5,Assessment,$N$37,Assessment!$N$37
N1DBTaxes_Parcel_6,Assessment,$O$37,Assessment!$O$37
N1DBTaxes_Parcel_7,Assessment,$P$37,Assessment!$P$37
N1DBTaxes_Parcel_8,Assessment,$Q$37,Assessment!$Q$37
N1DBTaxes_Parcel_9,Assessment,$R$37,Assessment!$R$37
N1DBTaxes_Per_GBA_M2,Assessment,$G$44,Assessment!$G$44
N1DBTaxes_Per_Hectares,Assessment,$G$47,Assessment!$G$47
N1DBTaxes_Per_Land_M2,Assessment,$G$46,Assessment!$G$46
N1DBTaxes_Per_RA,Assessment,$G$39,Assessment!$G$39
N1DBTaxes_Per_RA_M2,Assessment,$G$45,Assessment!$G$45
N1DBTaxesLandUnit,Assessment,$G$43,Assessment!$G$43
N1DBTaxing_Authority,Assessment,$G$17,Assessment!$G$17
N1DBTaxing_Authority_Parcel_1,Assessment,$J$17,Assessment!$J$17
N1DBTaxing_Authority_Parcel_10,Assessment,$S$17,Assessment!$S$17
N1DBTaxing_Authority_Parcel_11,Assessment,$T$17,Assessment!$T$17
N1DBTaxing_Authority_Parcel_12,Assessment,$U$17,Assessment!$U$17
N1DBTaxing_Authority_Parcel_13,Assessment,$V$17,Assessment!$V$17
N1DBTaxing_Authority_Parcel_14,Assessment,$W$17,Assessment!$W$17
N1DBTaxing_Authority_Parcel_15,Assessment,$X$17,Assessment!$X$17
N1DBTaxing_Authority_Parcel_16,Assessment,$Y$17,Assessment!$Y$17
N1DBTaxing_Authority_Parcel_17,Assessment,$Z$17,Assessment!$Z$17
N1DBTaxing_Authority_Parcel_18,Assessment,$AA$17,Assessment!$AA$17
N1DBTaxing_Authority_Parcel_19,Assessment,$AB$17,Assessment!$AB$17
N1DBTaxing_Authority_Parcel_2,Assessment,$K$17,Assessment!$K$17
N1DBTaxing_Authority_Parcel_20,Assessment,$AC$17,Assessment!$AC$17
N1DBTaxing_Authority_Parcel_3,Assessment,$L$17,Assessment!$L$17
N1DBTaxing_Authority_Parcel_4,Assessment,$M$17,Assessment!$M$17
N1DBTaxing_Authority_Parcel_5,Assessment,$N$17,Assessment!$N$17
N1DBTaxing_Authority_Parcel_6,Assessment,$O$17,Assessment!$O$17
N1DBTaxing_Authority_Parcel_7,Assessment,$P$17,Assessment!$P$17
N1DBTaxing_Authority_Parcel_8,Assessment,$Q$17,Assessment!$Q$17
N1DBTaxing_Authority_Parcel_9,Assessment,$R$17,Assessment!$R$17
N1DBTenant_Improvements,Improvements,$Y$83,Improvements!$Y$83
N1DBTenant_Improvements_Building_1,Improvements,$AB$83,Improvements!$AB$83
N1DBTenant_Improvements_Building_10,Improvements,$AK$83,Improvements!$AK$83
N1DBTenant_Improvements_Building_2,Improvements,$AC$83,Improvements!$AC$83
N1DBTenant_Improvements_Building_3,Improvements,$AD$83,Improvements!$AD$83
N1DBTenant_Improvements_Building_4,Improvements,$AE$83,Improvements!$AE$83
N1DBTenant_Improvements_Building_5,Improvements,$AF$83,Improvements!$AF$83
N1DBTenant_Improvements_Building_6,Improvements,$AG$83,Improvements!$AG$83
N1DBTenant_Improvements_Building_7,Improvements,$AH$83,Improvements!$AH$83
N1DBTenant_Improvements_Building_8,Improvements,$AI$83,Improvements!$AI$83
N1DBTenant_Improvements_Building_9,Improvements,$AJ$83,Improvements!$AJ$83
N1DBTenant_Improvements_Expense,Income-Expense Summary,$DM$201,'Income-Expense Summary'!$DM$201
N1DBTerminal_Cap_Rate_S1,Valuation,$G$49,Valuation!$G$49
N1DBTerminal_Cap_Rate_S2,Valuation,$I$49,Valuation!$I$49
N1DBTerminal_Cap_Rate_S3,Valuation,$K$49,Valuation!$K$49
N1DBTertiary_Frontage_Feet,Site,$Z$73,Site!$Z$73
N1DBTertiary_Frontage_Street,Site,$Z$69,Site!$Z$69
N1DBTertiary_Traffic_Count,Site,$Z$31,Site!$Z$31
N1DBTillable_Acres,Site,$Z$141,Site!$Z$141
N1DBTopography,Site,$Z$92,Site!$Z$92
N1DBTotal_Assessment,Assessment,$G$23,Assessment!$G$23
N1DBTotal_Assessment_Parcel_1,Assessment,$J$23,Assessment!$J$23
N1DBTotal_Assessment_Parcel_10,Assessment,$S$23,Assessment!$S$23
N1DBTotal_Assessment_Parcel_11,Assessment,$T$23,Assessment!$T$23
N1DBTotal_Assessment_Parcel_12,Assessment,$U$23,Assessment!$U$23
N1DBTotal_Assessment_Parcel_13,Assessment,$V$23,Assessment!$V$23
N1DBTotal_Assessment_Parcel_14,Assessment,$W$23,Assessment!$W$23
N1DBTotal_Assessment_Parcel_15,Assessment,$X$23,Assessment!$X$23
N1DBTotal_Assessment_Parcel_16,Assessment,$Y$23,Assessment!$Y$23
N1DBTotal_Assessment_Parcel_17,Assessment,$Z$23,Assessment!$Z$23
N1DBTotal_Assessment_Parcel_18,Assessment,$AA$23,Assessment!$AA$23
N1DBTotal_Assessment_Parcel_19,Assessment,$AB$23,Assessment!$AB$23
N1DBTotal_Assessment_Parcel_2,Assessment,$K$23,Assessment!$K$23
N1DBTotal_Assessment_Parcel_20,Assessment,$AC$23,Assessment!$AC$23
N1DBTotal_Assessment_Parcel_3,Assessment,$L$23,Assessment!$L$23
N1DBTotal_Assessment_Parcel_4,Assessment,$M$23,Assessment!$M$23
N1DBTotal_Assessment_Parcel_5,Assessment,$N$23,Assessment!$N$23
N1DBTotal_Assessment_Parcel_6,Assessment,$O$23,Assessment!$O$23
N1DBTotal_Assessment_Parcel_7,Assessment,$P$23,Assessment!$P$23
N1DBTotal_Assessment_Parcel_8,Assessment,$Q$23,Assessment!$Q$23
N1DBTotal_Assessment_Parcel_9,Assessment,$R$23,Assessment!$R$23
N1DBTotal_Economic_Life,Improvements,$Y$77,Improvements!$Y$77
N1DBTotal_Economic_Life_Building_1,Improvements,$AB$77,Improvements!$AB$77
N1DBTotal_Economic_Life_Building_10,Improvements,$AK$77,Improvements!$AK$77
N1DBTotal_Economic_Life_Building_2,Improvements,$AC$77,Improvements!$AC$77
N1DBTotal_Economic_Life_Building_3,Improvements,$AD$77,Improvements!$AD$77
N1DBTotal_Economic_Life_Building_4,Improvements,$AE$77,Improvements!$AE$77
N1DBTotal_Economic_Life_Building_5,Improvements,$AF$77,Improvements!$AF$77
N1DBTotal_Economic_Life_Building_6,Improvements,$AG$77,Improvements!$AG$77
N1DBTotal_Economic_Life_Building_7,Improvements,$AH$77,Improvements!$AH$77
N1DBTotal_Economic_Life_Building_8,Improvements,$AI$77,Improvements!$AI$77
N1DBTotal_Economic_Life_Building_9,Improvements,$AJ$77,Improvements!$AJ$77
N1DBTotal_Expenses,Income-Expense Summary,$DM$204,'Income-Expense Summary'!$DM$204
N1DBTotal_Non_Real_Property_S1,Valuation,$G$35,Valuation!$G$35
N1DBTotal_Non_Real_Property_S2,Valuation,$I$35,Valuation!$I$35
N1DBTotal_Non_Real_Property_S3,Valuation,$K$35,Valuation!$K$35
N1DBTotal_Utilities,Income-Expense Summary,$DM$182,'Income-Expense Summary'!$DM$182
N1DBTotal_Value_of_Real_Property_S1,Valuation,$G$29,Valuation!$G$29
N1DBTotal_Value_of_Real_Property_S2,Valuation,$I$29,Valuation!$I$29
N1DBTotal_Value_of_Real_Property_S3,Valuation,$K$29,Valuation!$K$29
N1DBTraffic_Count,Site,$Z$29,Site!$Z$29
N1DBTraffic_Survey_Date,Site,$Z$32,Site!$Z$32
N1DBTransaction_Type,"Contracts, History",$G$39,"'Contracts, History'!$G$39"
N1DBTrash_Expense,Income-Expense Summary,$DM$181,'Income-Expense Summary'!$DM$181
N1DBType_1_Category,Rent Roll,$O$279,'Rent Roll'!$O$279
N1DBType_1_Floor,Rent Roll,$N$279,'Rent Roll'!$N$279
N1DBType_1_Market_Rent\Mo.,Rent Roll,$AD$279,'Rent Roll'!$AD$279
N1DBType_1_Market_Rent\SF,Rent Roll,$AC$279,'Rent Roll'!$AC$279
N1DBType_1_Rent\Mo.,Rent Roll,$X$279,'Rent Roll'!$X$279
N1DBType_1_Rent\SF\Mo.,Rent Roll,$AB$279,'Rent Roll'!$AB$279
N1DBType_1_SF,Rent Roll,$S$279,'Rent Roll'!$S$279
N1DBType_1_Vacant_Units,Rent Roll,$R$279,'Rent Roll'!$R$279
N1DBType_3_Baths,Improvements,$DH$477,Improvements!$DH$477
N1DBType_3_No._of_Rooms,Improvements,$DF$477,Improvements!$DF$477
N1DBType_4_Baths,Improvements,$DH$478,Improvements!$DH$478
N1DBType_4_No._of_Rooms,Improvements,$DF$478,Improvements!$DF$478
N1DBType_5_Baths,Improvements,$DH$479,Improvements!$DH$479
N1DBType_5_No._of_Rooms,Improvements,$DF$479,Improvements!$DF$479
N1DBType_5No._of_Rooms,Improvements,$DF$479,Improvements!$DF$479
N1DBType_6_Baths,Improvements,$DH$480,Improvements!$DH$480
N1DBType_6_No._of_Rooms,Improvements,$DF$480,Improvements!$DF$480
N1DBType_6No._of_Rooms,Improvements,$DF$479,Improvements!$DF$479
N1DBType_Record_1,Zoning,$AA$23,Zoning!$AA$23
N1DBType_Record_10,Zoning,$AJ$23,Zoning!$AJ$23
N1DBType_Record_2,Zoning,$AB$23,Zoning!$AB$23
N1DBType_Record_3,Zoning,$AC$23,Zoning!$AC$23
N1DBType_Record_4,Zoning,$AD$23,Zoning!$AD$23
N1DBType_Record_5,Zoning,$AE$23,Zoning!$AE$23
N1DBType_Record_6,Zoning,$AF$23,Zoning!$AF$23
N1DBType_Record_7,Zoning,$AG$23,Zoning!$AG$23
N1DBType_Record_8,Zoning,$AH$23,Zoning!$AH$23
N1DBType_Record_9,Zoning,$AI$23,Zoning!$AI$23
N1DBTypical_Bay_Depth,Improvements,$Y$149,Improvements!$Y$149
N1DBTypical_Bay_Depth_Building_1,Improvements,$AB$149,Improvements!$AB$149
N1DBTypical_Bay_Depth_Building_10,Improvements,$AK$149,Improvements!$AK$149
N1DBTypical_Bay_Depth_Building_2,Improvements,$AC$149,Improvements!$AC$149
N1DBTypical_Bay_Depth_Building_3,Improvements,$AD$149,Improvements!$AD$149
N1DBTypical_Bay_Depth_Building_4,Improvements,$AE$149,Improvements!$AE$149
N1DBTypical_Bay_Depth_Building_5,Improvements,$AF$149,Improvements!$AF$149
N1DBTypical_Bay_Depth_Building_6,Improvements,$AG$149,Improvements!$AG$149
N1DBTypical_Bay_Depth_Building_7,Improvements,$AH$149,Improvements!$AH$149
N1DBTypical_Bay_Depth_Building_8,Improvements,$AI$149,Improvements!$AI$149
N1DBTypical_Bay_Depth_Building_9,Improvements,$AJ$149,Improvements!$AJ$149
N1DBTypical_Bay_Depth_Meters,Improvements,$Y$150,Improvements!$Y$150
N1DBUnit_Features_Checklist,Improvements,$EE$550,Improvements!$EE$550
N1DBUnit_Type_1,Rent Roll,$M$279,'Rent Roll'!$M$279
N1DBUsable_Acres,Site,$Z$43,Site!$Z$43
N1DBUsable_Area,Improvements,$Y$101,Improvements!$Y$101
N1DBUsable_Area_Building_1,Improvements,$AB$101,Improvements!$AB$101
N1DBUsable_Area_Building_10,Improvements,$AK$101,Improvements!$AK$101
N1DBUsable_Area_Building_2,Improvements,$AC$101,Improvements!$AC$101
N1DBUsable_Area_Building_3,Improvements,$AD$101,Improvements!$AD$101
N1DBUsable_Area_Building_4,Improvements,$AE$101,Improvements!$AE$101
N1DBUsable_Area_Building_5,Improvements,$AF$101,Improvements!$AF$101
N1DBUsable_Area_Building_6,Improvements,$AG$101,Improvements!$AG$101
N1DBUsable_Area_Building_7,Improvements,$AH$101,Improvements!$AH$101
N1DBUsable_Area_Building_8,Improvements,$AI$101,Improvements!$AI$101
N1DBUsable_Area_Building_9,Improvements,$AJ$101,Improvements!$AJ$101
N1DBUsable_Land_SF,Site,$Z$42,Site!$Z$42
N1DBUtilities,Site,$Z$120,Site!$Z$120
N1DBUtilities_Paid_By_Owner,Lease Grid,$CZ$659,'Lease Grid'!$CZ$659
N1DBVA_Percentage,Summary,$DL$628,Summary!$DL$628
N1DBVacancy,Income-Expense Summary,$DN$166,'Income-Expense Summary'!$DN$166
N1DBVacancy_Amount,Income-Expense Summary,$DM$166,'Income-Expense Summary'!$DM$166
N1DBVacancy_Rate,Rent Roll,$EN$424,'Rent Roll'!$EN$424
N1DBValuation_Interest_S1,Valuation,$G$17,Valuation!$G$17
N1DBValuation_Interest_S2,Valuation,$I$17,Valuation!$I$17
N1DBValuation_Interest_S3,Valuation,$K$17,Valuation!$K$17
N1DBValuation_Perspective_S1,Valuation,$G$15,Valuation!$G$15
N1DBValuation_Perspective_S2,Valuation,$I$15,Valuation!$I$15
N1DBValuation_Perspective_S3,Valuation,$K$15,Valuation!$K$15
N1DBValuation_Type_S1,Valuation,$G$16,Valuation!$G$16
N1DBValuation_Type_S2,Valuation,$I$16,Valuation!$I$16
N1DBValuation_Type_S3,Valuation,$K$16,Valuation!$K$16
N1DBVerification_Source,"Contracts, History",$G$25,"'Contracts, History'!$G$25"
N1DBView,Site,$Z$83,Site!$Z$83
N1DBVisibility,Site,$Z$85,Site!$Z$85
N1DBWaste_Acres,Site,$Z$145,Site!$Z$145
N1DBWater_Expense,Income-Expense Summary,$DM$177,'Income-Expense Summary'!$DM$177
N1DBWater_Frontage,Site,$Z$75,Site!$Z$75
N1DBWater_Frontage_Meters,Site,$Z$81,Site!$Z$81
N1DBWest_Boundary,Market Area,$H$22,'Market Area'!$H$22
N1DBWetlands_Acres,Site,$Z$110,Site!$Z$110
N1DBWetlands_Type,Site,$Z$109,Site!$Z$109
N1DBWithin_100_Year_Flood_Plain,Site,$Z$101,Site!$Z$101
N1DBWoodland_Acres,Site,$Z$143,Site!$Z$143
N1DBYear_Built,Improvements,$Y$72,Improvements!$Y$72
N1DBYear_Built_Building_1,Improvements,$AB$72,Improvements!$AB$72
N1DBYear_Built_Building_10,Improvements,$AK$72,Improvements!$AK$72
N1DBYear_Built_Building_2,Improvements,$AC$72,Improvements!$AC$72
N1DBYear_Built_Building_3,Improvements,$AD$72,Improvements!$AD$72
N1DBYear_Built_Building_4,Improvements,$AE$72,Improvements!$AE$72
N1DBYear_Built_Building_5,Improvements,$AF$72,Improvements!$AF$72
N1DBYear_Built_Building_6,Improvements,$AG$72,Improvements!$AG$72
N1DBYear_Built_Building_7,Improvements,$AH$72,Improvements!$AH$72
N1DBYear_Built_Building_8,Improvements,$AI$72,Improvements!$AI$72
N1DBYear_Built_Building_9,Improvements,$AJ$72,Improvements!$AJ$72
N1DBZip,File Info,$I$122,'File Info'!$I$122
N1DBZoned_Density,Zoning,$Z$29,Zoning!$Z$29
N1DBZoned_Density_Record_1,Zoning,$AA$29,Zoning!$AA$29
N1DBZoned_Density_Record_10,Zoning,$AJ$29,Zoning!$AJ$29
N1DBZoned_Density_Record_2,Zoning,$AB$29,Zoning!$AB$29
N1DBZoned_Density_Record_3,Zoning,$AC$29,Zoning!$AC$29
N1DBZoned_Density_Record_4,Zoning,$AD$29,Zoning!$AD$29
N1DBZoned_Density_Record_5,Zoning,$AE$29,Zoning!$AE$29
N1DBZoned_Density_Record_6,Zoning,$AF$29,Zoning!$AF$29
N1DBZoned_Density_Record_7,Zoning,$AG$29,Zoning!$AG$29
N1DBZoned_Density_Record_8,Zoning,$AH$29,Zoning!$AH$29
N1DBZoned_Density_Record_9,Zoning,$AI$29,Zoning!$AI$29
N1DBZoning,Zoning,$Z$22,Zoning!$Z$22
N1DBZoning_Authority,Zoning,$Z$20,Zoning!$Z$20
N1DBZoning_Comments,Zoning,$Z$43,Zoning!$Z$43
N1DBZoning_District,Zoning,$Z$21,Zoning!$Z$21
N1DBZoning_Record_1,Zoning,$AA$22,Zoning!$AA$22
N1DBZoning_Record_10,Zoning,$AJ$22,Zoning!$AJ$22
N1DBZoning_Record_2,Zoning,$AB$22,Zoning!$AB$22
N1DBZoning_Record_3,Zoning,$AC$22,Zoning!$AC$22
N1DBZoning_Record_4,Zoning,$AD$22,Zoning!$AD$22
N1DBZoning_Record_5,Zoning,$AE$22,Zoning!$AE$22
N1DBZoning_Record_6,Zoning,$AF$22,Zoning!$AF$22
N1DBZoning_Record_7,Zoning,$AG$22,Zoning!$AG$22
N1DBZoning_Record_8,Zoning,$AH$22,Zoning!$AH$22
N1DBZoning_Record_9,Zoning,$AI$22,Zoning!$AI$22
N1DBZoning_Summary,Zoning,$Z$32,Zoning!$Z$32
N1DBZoning_Type,Zoning,$Z$23,Zoning!$Z$23
N1DCFFinalReconciledValue,Capitalization and Multipliers,$H$358,'Capitalization and Multipliers'!$H$358
N1DCFReconciledValueTable,Capitalization and Multipliers,$F$354:$I$358,'Capitalization and Multipliers'!$F$354:$I$358
N1DCFTable,CashFlow-DCF,$E$15:$S$129,'CashFlow-DCF'!$E$15:$S$129
N1DemographicsDisplayTable,Market Area,$AP$207:$AX$221,'Market Area'!$AP$207:$AX$221
N1Density,Zoning,$Z$24,Zoning!$Z$24
N1DirCap,Capitalization and Multipliers,$F$38:$K$119,'Capitalization and Multipliers'!$F$38:$K$119
N1DirCapValue,Capitalization and Multipliers,$J$118,'Capitalization and Multipliers'!$J$118
N1DirCapValueText,Capitalization and Multipliers,$G$120,'Capitalization and Multipliers'!$G$120
N1DiscountRate,CashFlow-Returns,$F$35,'CashFlow-Returns'!$F$35
N1DueDate,File Info,$I$17,'File Info'!$I$17
N1EGI,Capitalization and Multipliers,$J$68,'Capitalization and Multipliers'!$J$68
N1EGIDisplayTable,Capitalization and Multipliers,$G$60:$K$68,'Capitalization and Multipliers'!$G$60:$K$68
N1EGIM,Capitalization and Multipliers,$H$315,'Capitalization and Multipliers'!$H$315
N1EGIMAnalysisTable,Capitalization and Multipliers,$F$311:$H$319,'Capitalization and Multipliers'!$F$311:$H$319
N1EGIMAnalysisValue,Values,$K$56,Values!$K$56
N1EGIMAverage,Capitalization and Multipliers,$H$314,'Capitalization and Multipliers'!$H$314
N1EGIMCompsTable,Capitalization and Multipliers,$F$294:$K$306,'Capitalization and Multipliers'!$F$294:$K$306
N1EGIMHigh,Capitalization and Multipliers,$H$313,'Capitalization and Multipliers'!$H$313
N1EGIMIndicatedValue,Capitalization and Multipliers,$H$317,'Capitalization and Multipliers'!$H$317
N1EGIMLow,Capitalization and Multipliers,$H$312,'Capitalization and Multipliers'!$H$312
N1EGIMValue,Capitalization and Multipliers,$H$318,'Capitalization and Multipliers'!$H$318
N1EGIMValueText,Capitalization and Multipliers,$F$319,'Capitalization and Multipliers'!$F$319
N1EGRI,Capitalization and Multipliers,$J$69,'Capitalization and Multipliers'!$J$69
N1ElectricExpense,Expense Grid,$BS$214:$BY$236,'Expense Grid'!$BS$214:$BY$236
N1EmploymentDisplayTable,Market Area,$AP$418:$AX$426,'Market Area'!$AP$418:$AX$426
N1ExcessLandAdjustedValue,Land Grid,$K$116,'Land Grid'!$K$116
N1ExistingOrProposed,File Info,$I$106,'File Info'!$I$106
N1ExpenseChart,Capitalization and Multipliers,$F$247:$K$265,'Capitalization and Multipliers'!$F$247:$K$265
N1ExpenseCompTable,Expense Grid,$G$32:$BC$79,'Expense Grid'!$G$32:$BC$79
N1ExpenseFees,File Info,$I$44,'File Info'!$I$44
N1ExpenseHistory,Income-Expense Summary,$AT$69:$CE$111,'Income-Expense Summary'!$AT$69:$CE$111
N1ExpenseRatio,Capitalization and Multipliers,$J$110,'Capitalization and Multipliers'!$J$110
N1ExpenseReimbursements,Capitalization and Multipliers,$P$70:$T$109,'Capitalization and Multipliers'!$P$70:$T$109
N1ExpenseReimbursementTotal,Capitalization and Multipliers,$J$62,'Capitalization and Multipliers'!$J$62
N1Expenses,Capitalization and Multipliers,$J$109,'Capitalization and Multipliers'!$J$109
N1ExtraordinaryAssumptions,"Dates, Premises",$I$50,"'Dates, Premises'!$I$50"
N1ExtraordinaryAssumptions2,"Dates, Premises",$I$52,"'Dates, Premises'!$I$52"
N1ExtraordinaryAssumptions3,"Dates, Premises",$I$54,"'Dates, Premises'!$I$54"
N1ExtraordinaryAssumptionsTable,"Dates, Premises",$Y$89:$Y$93,"'Dates, Premises'!$Y$89:$Y$93"
N1Fee2,File Info,$I$36,'File Info'!$I$36
N1FileName,File Info,$I$15,'File Info'!$I$15
N1FuelExpense,Expense Grid,$BS$319:$BY$341,'Expense Grid'!$BS$319:$BY$341
N1GasExpense,Expense Grid,$BS$292:$BY$314,'Expense Grid'!$BS$292:$BY$314
N1GBA,Improvements,$AA$90,Improvements!$AA$90
N1GBASqMeters,Improvements,$AA$98,Improvements!$AA$98
N1GeneralAndAdministrativeExpense,Expense Grid,$BS$581:$BY$603,'Expense Grid'!$BS$581:$BY$603
N1GLA,Improvements,$AA$97,Improvements!$AA$97
N1GLASqMeters,Improvements,$AA$100,Improvements!$AA$100
N1Grantor,File Info,$I$108,'File Info'!$I$108
N1GrossIncomeChart,Capitalization and Multipliers,$F$226:$K$244,'Capitalization and Multipliers'!$F$226:$K$244
N1GroundRentExpense,Expense Grid,$BS$896:$BY$918,'Expense Grid'!$BS$896:$BY$918
N1HighestAndBestUseAsImproved,Site,$EH$380:$EI$396,Site!$EH$380:$EI$396
N1HighestAndBestUseAsVacant,Site,$EH$354:$EI$372,Site!$EH$354:$EI$372
N1HighestAndBestUseSummaryTable,Summary,$F$84:$H$89,Summary!$F$84:$H$89
N1HouseholdsHousingDisplayTable,Market Area,$AP$296:$AX$314,'Market Area'!$AP$296:$AX$314
N1HUD92273S8_Form,Lease Grid,$GC$2378:$GU$2446,'Lease Grid'!$GC$2378:$GU$2446
N1HypotheticalConditions,"Dates, Premises",$I$39,"'Dates, Premises'!$I$39"
N1HypotheticalConditions2,"Dates, Premises",$I$41,"'Dates, Premises'!$I$41"
N1HypotheticalConditions3,"Dates, Premises",$I$43,"'Dates, Premises'!$I$43"
N1HypotheticalConditionsTable,"Dates, Premises",$Y$78:$Y$82,"'Dates, Premises'!$Y$78:$Y$82"
N1ImprovBuildingSummaryTable,Improvements,$BI$294:$BT$316,Improvements!$BI$294:$BT$316
N1ImprovedCompUnitFeaturesAmenityTable,Sales Grid,$FC$566:$FO$643,'Sales Grid'!$FC$566:$FO$643
N1ImprovFoundationFrameExtTable,Improvements,$BI$373:$BT$390,Improvements!$BI$373:$BT$390
N1ImprovImprovementsSummaryTable,Improvements,$BI$221:$BJ$291,Improvements!$BI$221:$BJ$291
N1ImprovInteriorTable,Improvements,$BI$392:$BT$400,Improvements!$BI$392:$BT$400
N1ImprovMechanicalTable,Improvements,$BI$402:$BT$411,Improvements!$BI$402:$BT$411
N1ImprovNumberOfUnitsTable,Improvements,$BI$355:$BT$371,Improvements!$BI$355:$BT$371
N1ImprovOtherTable,Improvements,$BI$413:$BT$417,Improvements!$BI$413:$BT$417
N1ImprovParkingTable,Improvements,$BI$343:$BT$353,Improvements!$BI$343:$BT$353
N1ImprovSingleFamilyTable,Improvements,$BI$419:$BT$431,Improvements!$BI$419:$BT$431
N1ImprovSizeTable,Improvements,$BI$318:$BT$341,Improvements!$BI$318:$BT$341
N1IncomeApproachFinalReconciledValue,Capitalization and Multipliers,$H$372,'Capitalization and Multipliers'!$H$372
N1IncomeApproachValue,Values,$K$53,Values!$K$53
N1IncomeApproachValueText,Values,$L$53,Values!$L$53
N1IncomeCapitalizationReconciliationTable,Capitalization and Multipliers,$F$365:$I$375,'Capitalization and Multipliers'!$F$365:$I$375
N1IncomeDisplayTable,Market Area,$AP$317:$AX$334,'Market Area'!$AP$317:$AX$334
N1IncomeExpenseHistoryChart,Income-Expense Summary,$CW$126:$DD$145,'Income-Expense Summary'!$CW$126:$DD$145
N1IncomeHistory,Income-Expense Summary,$E$26:$AG$58,'Income-Expense Summary'!$E$26:$AG$58
N1InspectionDate,"Dates, Premises",$I$15,"'Dates, Premises'!$I$15"
N1InspectionFee,File Info,$I$38,'File Info'!$I$38
N1InsurableValueTable,Cost Approach,$NV$1143:$NW$1169,'Cost Approach'!$NV$1143:$NW$1169
N1InsuranceExpense,Expense Grid,$BS$110:$BY$132,'Expense Grid'!$BS$110:$BY$132
N1IntendedUseUsersTable,Summary,$F$92:$H$98,Summary!$F$92:$H$98
N1InvoiceAmount,File Info,$I$34,'File Info'!$I$34
N1InvoiceDate,File Info,$I$46,'File Info'!$I$46
N1InvoiceExpenses,File Info,$I$44,'File Info'!$I$44
N1InvoiceNumber,File Info,$I$32,'File Info'!$I$32
N1LandComp10AdjSentence1,Land Grid,$BO$430,'Land Grid'!$BO$430
N1LandComp10AdjSentence2,Land Grid,$BO$432,'Land Grid'!$BO$432
N1LandComp10AdjSentence3,Land Grid,$BO$453,'Land Grid'!$BO$453
N1LandComp1AdjSentence1,Land Grid,$BO$187,'Land Grid'!$BO$187
N1LandComp1AdjSentence2,Land Grid,$BO$189,'Land Grid'!$BO$189
N1LandComp1AdjSentence3,Land Grid,$BO$210,'Land Grid'!$BO$210
N1LandComp2AdjSentence1,Land Grid,$BO$214,'Land Grid'!$BO$214
N1LandComp2AdjSentence2,Land Grid,$BO$216,'Land Grid'!$BO$216
N1LandComp2AdjSentence3,Land Grid,$BO$237,'Land Grid'!$BO$237
N1LandComp3AdjSentence1,Land Grid,$BO$241,'Land Grid'!$BO$241
N1LandComp3AdjSentence2,Land Grid,$BO$243,'Land Grid'!$BO$243
N1LandComp3AdjSentence3,Land Grid,$BO$264,'Land Grid'!$BO$264
N1LandComp4AdjSentence1,Land Grid,$BO$268,'Land Grid'!$BO$268
N1LandComp4AdjSentence2,Land Grid,$BO$270,'Land Grid'!$BO$270
N1LandComp4AdjSentence3,Land Grid,$BO$291,'Land Grid'!$BO$291
N1LandComp5AdjSentence1,Land Grid,$BO$295,'Land Grid'!$BO$295
N1LandComp5AdjSentence2,Land Grid,$BO$297,'Land Grid'!$BO$297
N1LandComp5AdjSentence3,Land Grid,$BO$318,'Land Grid'!$BO$318
N1LandComp6AdjSentence1,Land Grid,$BO$322,'Land Grid'!$BO$322
N1LandComp6AdjSentence2,Land Grid,$BO$324,'Land Grid'!$BO$324
N1LandComp6AdjSentence3,Land Grid,$BO$345,'Land Grid'!$BO$345
N1LandComp7AdjSentence1,Land Grid,$BO$349,'Land Grid'!$BO$349
N1LandComp7AdjSentence2,Land Grid,$BO$351,'Land Grid'!$BO$351
N1LandComp7AdjSentence3,Land Grid,$BO$372,'Land Grid'!$BO$372
N1LandComp8AdjSentence1,Land Grid,$BO$376,'Land Grid'!$BO$376
N1LandComp8AdjSentence2,Land Grid,$BO$378,'Land Grid'!$BO$378
N1LandComp8AdjSentence3,Land Grid,$BO$399,'Land Grid'!$BO$399
N1LandComp9AdjSentence1,Land Grid,$BO$403,'Land Grid'!$BO$403
N1LandComp9AdjSentence2,Land Grid,$BO$405,'Land Grid'!$BO$405
N1LandComp9AdjSentence3,Land Grid,$BO$426,'Land Grid'!$BO$426
N1LandCompSummaryTable,Land Grid,$BW$466:$CK$499,'Land Grid'!$BW$466:$CK$499
N1LandGridAdj1,Land Grid,$F$47,'Land Grid'!$F$47
N1LandGridAdj10,Land Grid,$F$83,'Land Grid'!$F$83
N1LandGridAdj11,Land Grid,$F$87,'Land Grid'!$F$87
N1LandGridAdj12,Land Grid,$F$91,'Land Grid'!$F$91
N1LandGridAdj2,Land Grid,$F$51,'Land Grid'!$F$51
N1LandGridAdj3,Land Grid,$F$55,'Land Grid'!$F$55
N1LandGridAdj4,Land Grid,$F$59,'Land Grid'!$F$59
N1LandGridAdj5,Land Grid,$F$63,'Land Grid'!$F$63
N1LandGridAdj6,Land Grid,$F$67,'Land Grid'!$F$67
N1LandGridAdj7,Land Grid,$F$71,'Land Grid'!$F$71
N1LandGridAdj8,Land Grid,$F$75,'Land Grid'!$F$75
N1LandGridAdj9,Land Grid,$F$79,'Land Grid'!$F$79
N1LandGridAnalysisDate,Land Grid,$G$26,'Land Grid'!$G$26
N1LandGridAverageValue,Land Grid,$K$108,'Land Grid'!$K$108
N1LandGridHighValue,Land Grid,$K$107,'Land Grid'!$K$107
N1LandGridIndicatedValue,Land Grid,$K$112,'Land Grid'!$K$112
N1LandGridLowValue,Land Grid,$K$106,'Land Grid'!$K$106
N1LandGridMapLegend,Land Grid,$AW$160:$BB$172,'Land Grid'!$AW$160:$BB$172
N1LandGridMedianValue,Land Grid,$K$109,'Land Grid'!$K$109
N1LandGridRangesAndReconciledValue,Land Grid,$F$104:$M$128,'Land Grid'!$F$104:$M$128
N1LandGridReconciledFinalValue,Land Grid,$K$127,'Land Grid'!$K$127
N1LandGridReconciledFinalValueText,Land Grid,$F$128,'Land Grid'!$F$128
N1LandGridReconciledValue,Land Grid,$K$110,'Land Grid'!$K$110
N1LandGridSaleAdjValueRank,Land Grid,$AR$160:$AT$172,'Land Grid'!$AR$160:$AT$172
N1LandGridSize,Land Grid,$G$31,'Land Grid'!$G$31
N1LandGridUnadjustedAdjustedChart,Land Grid,$F$133:$M$152,'Land Grid'!$F$133:$M$152
N1LandGridUnadjustedAverageValue,Land Grid,$I$108,'Land Grid'!$I$108
N1LandGridUnadjustedHighValue,Land Grid,$I$107,'Land Grid'!$I$107
N1LandGridUnadjustedLowValue,Land Grid,$I$106,'Land Grid'!$I$106
N1LandGridUnadjustedMedianValue,Land Grid,$I$109,'Land Grid'!$I$109
N1LandGridUnitOfComparison,Land Grid,$M$110,'Land Grid'!$M$110
N1LandGridUnitOfComparisonProper,Land Grid,$F$31,'Land Grid'!$F$31
N1LandPrimaryComp,Land Grid,$AT$176,'Land Grid'!$AT$176
N1LandSalesGrid,Land Grid,$F$21:$N$99,'Land Grid'!$F$21:$N$99
N1Landscaping,Site,$AC$90,Site!$AC$90
N1LandSecondaryComp,Land Grid,$AT$177,'Land Grid'!$AT$177
N1LandSummaryTable,Site,$CY$301:$DO$326,Site!$CY$301:$DO$326
N1LandTertiaryComp,Land Grid,$AT$178,'Land Grid'!$AT$178
N1LandUseTrends,Market Area,$E$49:$X$87,'Market Area'!$E$49:$X$87
N1LandValue,Values,$K$49,Values!$K$49
N1LandValueText,Values,$L$49,Values!$L$49
N1LeaseComp10AdjSentence1,Lease Grid,$BO$434,'Lease Grid'!$BO$434
N1LeaseComp10AdjSentence2,Lease Grid,$BO$436,'Lease Grid'!$BO$436
N1LeaseComp10AdjSentence3,Lease Grid,$BO$457,'Lease Grid'!$BO$457
N1LeaseComp1AdjSentence1,Lease Grid,$BO$191,'Lease Grid'!$BO$191
N1LeaseComp1AdjSentence2,Lease Grid,$BO$193,'Lease Grid'!$BO$193
N1LeaseComp1AdjSentence3,Lease Grid,$BO$214,'Lease Grid'!$BO$214
N1LeaseComp2AdjSentence1,Lease Grid,$BO$218,'Lease Grid'!$BO$218
N1LeaseComp2AdjSentence2,Lease Grid,$BO$220,'Lease Grid'!$BO$220
N1LeaseComp2AdjSentence3,Lease Grid,$BO$241,'Lease Grid'!$BO$241
N1LeaseComp3AdjSentence1,Lease Grid,$BO$245,'Lease Grid'!$BO$245
N1LeaseComp3AdjSentence2,Lease Grid,$BO$247,'Lease Grid'!$BO$247
N1LeaseComp3AdjSentence3,Lease Grid,$BO$268,'Lease Grid'!$BO$268
N1LeaseComp4AdjSentence1,Lease Grid,$BO$272,'Lease Grid'!$BO$272
N1LeaseComp4AdjSentence2,Lease Grid,$BO$274,'Lease Grid'!$BO$274
N1LeaseComp4AdjSentence3,Lease Grid,$BO$295,'Lease Grid'!$BO$295
N1LeaseComp5AdjSentence1,Lease Grid,$BO$299,'Lease Grid'!$BO$299
N1LeaseComp5AdjSentence2,Lease Grid,$BO$301,'Lease Grid'!$BO$301
N1LeaseComp5AdjSentence3,Lease Grid,$BO$322,'Lease Grid'!$BO$322
N1LeaseComp6AdjSentence1,Lease Grid,$BO$326,'Lease Grid'!$BO$326
N1LeaseComp6AdjSentence2,Lease Grid,$BO$328,'Lease Grid'!$BO$328
N1LeaseComp6AdjSentence3,Lease Grid,$BO$349,'Lease Grid'!$BO$349
N1LeaseComp7AdjSentence1,Lease Grid,$BO$353,'Lease Grid'!$BO$353
N1LeaseComp7AdjSentence2,Lease Grid,$BO$355,'Lease Grid'!$BO$355
N1LeaseComp7AdjSentence3,Lease Grid,$BO$376,'Lease Grid'!$BO$376
N1LeaseComp8AdjSentence1,Lease Grid,$BO$380,'Lease Grid'!$BO$380
N1LeaseComp8AdjSentence2,Lease Grid,$BO$382,'Lease Grid'!$BO$382
N1LeaseComp8AdjSentence3,Lease Grid,$BO$403,'Lease Grid'!$BO$403
N1LeaseComp9AdjSentence1,Lease Grid,$BO$407,'Lease Grid'!$BO$407
N1LeaseComp9AdjSentence2,Lease Grid,$BO$409,'Lease Grid'!$BO$409
N1LeaseComp9AdjSentence3,Lease Grid,$BO$430,'Lease Grid'!$BO$430
N1LeaseCompSummaryTable,Lease Grid,$BX$473:$CN$636,'Lease Grid'!$BX$473:$CN$636
N1LeaseGrid,Lease Grid,$F$27:$J$105,'Lease Grid'!$F$27:$J$105
N1LeaseGridAdj1,Lease Grid,$F$53,'Lease Grid'!$F$53
N1LeaseGridAdj10,Lease Grid,$F$89,'Lease Grid'!$F$89
N1LeaseGridAdj11,Lease Grid,$F$93,'Lease Grid'!$F$93
N1LeaseGridAdj12,Lease Grid,$F$97,'Lease Grid'!$F$97
N1LeaseGridAdj2,Lease Grid,$F$57,'Lease Grid'!$F$57
N1LeaseGridAdj3,Lease Grid,$F$61,'Lease Grid'!$F$61
N1LeaseGridAdj4,Lease Grid,$F$65,'Lease Grid'!$F$65
N1LeaseGridAdj5,Lease Grid,$F$69,'Lease Grid'!$F$69
N1LeaseGridAdj6,Lease Grid,$F$73,'Lease Grid'!$F$73
N1LeaseGridAdj7,Lease Grid,$F$77,'Lease Grid'!$F$77
N1LeaseGridAdj8,Lease Grid,$F$81,'Lease Grid'!$F$81
N1LeaseGridAdj9,Lease Grid,$F$85,'Lease Grid'!$F$85
N1LeaseGridAdjValueRank,Lease Grid,$AR$167:$AT$179,'Lease Grid'!$AR$167:$AT$179
N1LeaseGridAverageValue,Lease Grid,$K$129,'Lease Grid'!$K$129
N1LeaseGridHighValue,Lease Grid,$K$128,'Lease Grid'!$K$128
N1LeaseGridLowValue,Lease Grid,$K$127,'Lease Grid'!$K$127
N1LeaseGridMapLegend,Lease Grid,$AW$167:$BB$179,'Lease Grid'!$AW$167:$BB$179
N1LeaseGridMedianValue,Lease Grid,$K$130,'Lease Grid'!$K$130
N1LeaseGridMFUnitTypeUsed,Lease Grid,$G$38,'Lease Grid'!$G$38
N1LeaseGridRangesAndReconciledRent,Lease Grid,$F$125:$M$132,'Lease Grid'!$F$125:$M$132
N1LeaseGridReconciledMarketRent,Lease Grid,$K$131,'Lease Grid'!$K$131
N1LeaseGridReconciledMarketRentText,Lease Grid,$F$132,'Lease Grid'!$F$132
N1LeaseGridUnadjustedAdjustedChart,Lease Grid,$F$137:$M$156,'Lease Grid'!$F$137:$M$156
N1LeaseGridUnadjustedAverageValue,Lease Grid,$I$129,'Lease Grid'!$I$129
N1LeaseGridUnadjustedHighValue,Lease Grid,$I$128,'Lease Grid'!$I$128
N1LeaseGridUnadjustedLowValue,Lease Grid,$I$127,'Lease Grid'!$I$127
N1LeaseGridUnadjustedMedianValue,Lease Grid,$I$130,'Lease Grid'!$I$130
N1LeasingCommissionsExpense,Expense Grid,$BS$843:$BY$865,'Expense Grid'!$BS$843:$BY$865
N1LeasingProfilesTable,CashFlow-Assumptions,$E$35:$H$52,'CashFlow-Assumptions'!$E$35:$H$52
N1ListBookPage,"Contracts, History",$G$18,"'Contracts, History'!$G$18"
N1ListDate,"Contracts, History",$G$16,"'Contracts, History'!$G$16"
N1ListDOM,"Contracts, History",$G$17,"'Contracts, History'!$G$17"
N1ListingAgency,"Contracts, History",$G$26,"'Contracts, History'!$G$26"
N1ListingComment,"Contracts, History",$G$28,"'Contracts, History'!$G$28"
N1ListMLSNumber,"Contracts, History",$G$27,"'Contracts, History'!$G$27"
N1ListOwner,"Contracts, History",$G$19,"'Contracts, History'!$G$19"
N1ListPrice,"Contracts, History",$G$15,"'Contracts, History'!$G$15"
N1ListPropertyRights,"Contracts, History",$G$21,"'Contracts, History'!$G$21"
N1ListVerificationSource,"Contracts, History",$G$25,"'Contracts, History'!$G$25"
N1MaintenanceSalariesExpense,Expense Grid,$BS$634:$BY$656,'Expense Grid'!$BS$634:$BY$656
N1MajorEmployers,Market Area,$E$162:$X$173,'Market Area'!$E$162:$X$173
N1ManagementExpense,Expense Grid,$BS$162:$BY$184,'Expense Grid'!$BS$162:$BY$184
N1ManagerAndLeasingSalariesExpense,Expense Grid,$BS$608:$BY$630,'Expense Grid'!$BS$608:$BY$630
N1Market,File Info,$I$132,'File Info'!$I$132
N1MarketAnalyticsTrends,Market Analytics,$AI$25:$BB$179,'Market Analytics'!$AI$25:$BB$179
N1MarketAreaComparison,Market Area,$E$176:$X$187,'Market Area'!$E$176:$X$187
N1MarketBuildingClass,Market Analytics,$AK$17,'Market Analytics'!$AK$17
N1MarketClassAnalyticsTrends,Market Analytics,$AI$220:$BB$513,'Market Analytics'!$AI$220:$BB$513
N1MarketClassSupplyAndDemandChart,Market Analytics,$AI$535:$BB$551,'Market Analytics'!$AI$535:$BB$551
N1MarketClassVacancyVsEffectiveRentChart,Market Analytics,$AI$516:$BB$532,'Market Analytics'!$AI$516:$BB$532
N1MarketEmploymentTrends,Market Analytics,$BD$25:$BJ$179,'Market Analytics'!$BD$25:$BJ$179
N1MarketSupplyAndDemandChart,Market Analytics,$AI$201:$BB$217,'Market Analytics'!$AI$201:$BB$217
N1MarketVacancyVsEffectiveRentChart,Market Analytics,$AI$182:$BB$198,'Market Analytics'!$AI$182:$BB$198
N1MedianHomeAndHouseholdSummary,Market Area,$E$147:$X$156,'Market Area'!$E$147:$X$156
N1MedianHomeValueChart,Market Area,$AP$364:$AX$388,'Market Area'!$AP$364:$AX$388
N1MedianHouseholdPerCapitaChart,Market Area,$AP$391:$AX$415,'Market Area'!$AP$391:$AX$415
N1MFLeaseGridAnalysisDate,Lease Grid,$G$39,'Lease Grid'!$G$39
N1MHC_PadMixSWvsDW,Improvements,$BJ$230,Improvements!$BJ$230
N1Milestone,File Info,$I$21,'File Info'!$I$21
N1MoodysExecutiveBriefing,Submarket Analytics,$BI$561:$BJ$578,'Submarket Analytics'!$BI$561:$BJ$578
N1MoodysTheInsight,Market Analytics,$BP$561:$BQ$583,'Market Analytics'!$BP$561:$BQ$583
N1MostRecentGrantee,"Contracts, History",$M$20,"'Contracts, History'!$M$20"
N1MostRecentGrantor,"Contracts, History",$M$19,"'Contracts, History'!$M$19"
N1MostRecentSaleBookPage,"Contracts, History",$M$18,"'Contracts, History'!$M$18"
N1MostRecentSaleComment,"Contracts, History",$M$28,"'Contracts, History'!$M$28"
N1MostRecentSaleConditionsOfSale,"Contracts, History",$M$23,"'Contracts, History'!$M$23"
N1MostRecentSaleDate,"Contracts, History",$M$16,"'Contracts, History'!$M$16"
N1MostRecentSaleDOM,"Contracts, History",$M$17,"'Contracts, History'!$M$17"
N1MostRecentSaleFinancing,"Contracts, History",$M$22,"'Contracts, History'!$M$22"
N1MostRecentSaleLegalDescription,"Contracts, History",$M$24,"'Contracts, History'!$M$24"
N1MostRecentSalePrice,"Contracts, History",$M$15,"'Contracts, History'!$M$15"
N1MostRecentSalePropertyRights,"Contracts, History",$M$21,"'Contracts, History'!$M$21"
N1MostRecentSaleVerificationSource,"Contracts, History",$M$25,"'Contracts, History'!$M$25"
N1MSA,File Info,$I$128,'File Info'!$I$128
N1Multifamily_Project_Amenities,Improvements,$EK$740,Improvements!$EK$740
N1Multifamily_Unit_Amenities,Improvements,$EK$738,Improvements!$EK$738
N1Multifamily_Unit_Features,Improvements,$EK$738,Improvements!$EK$738
N1MultifamilyCounts,Improvements,$DC$473:$DL$490,Improvements!$DC$473:$DL$490
N1MultifamilyInventory,Improvements,$DC$473:$DL$490,Improvements!$DC$473:$DL$490
N1MultiUseTable,Sales Grid,$CX$506:$EM$558,'Sales Grid'!$CX$506:$EM$558
N1MutlifamilyUtilitiesPaidByOwner,Lease Grid,$CW$646:$DA$658,'Lease Grid'!$CW$646:$DA$658
N1NeighborhoodBoundaryEast,Market Area,$H$21,'Market Area'!$H$21
N1NeighborhoodBoundaryNorth,Market Area,$H$19,'Market Area'!$H$19
N1NeighborhoodBoundarySouth,Market Area,$H$20,'Market Area'!$H$20
N1NeighborhoodBoundaryWest,Market Area,$H$22,'Market Area'!$H$22
N1NIM,Capitalization and Multipliers,$H$345,'Capitalization and Multipliers'!$H$345
N1NIMAnalysisTable,Capitalization and Multipliers,$F$341:$H$349,'Capitalization and Multipliers'!$F$341:$H$349
N1NIMAnalysisValue,Values,$K$57,Values!$K$57
N1NIMAverage,Capitalization and Multipliers,$H$344,'Capitalization and Multipliers'!$H$344
N1NIMCompsTable,Capitalization and Multipliers,$F$324:$K$336,'Capitalization and Multipliers'!$F$324:$K$336
N1NIMHigh,Capitalization and Multipliers,$H$343,'Capitalization and Multipliers'!$H$343
N1NIMIndicatedValue,Capitalization and Multipliers,$H$347,'Capitalization and Multipliers'!$H$347
N1NIMLow,Capitalization and Multipliers,$H$342,'Capitalization and Multipliers'!$H$342
N1NIMValue,Capitalization and Multipliers,$H$348,'Capitalization and Multipliers'!$H$348
N1NIMValueText,Capitalization and Multipliers,$F$349,'Capitalization and Multipliers'!$F$349
N1No.OfCommercialTenants,Rent Roll,$N$157,'Rent Roll'!$N$157
N1No.ofUnits,Improvements,$AA$124,Improvements!$AA$124
N1NOI,Capitalization and Multipliers,$J$111,'Capitalization and Multipliers'!$J$111
N1NOIDisplayTable,Capitalization and Multipliers,$G$123:$K$125,'Capitalization and Multipliers'!$G$123:$K$125
N1NonRevenueUnitsExpense,Expense Grid,$BS$791:$BY$813,'Expense Grid'!$BS$791:$BY$813
N1NumberOfCompsUsed,Sales Grid,$G$18,'Sales Grid'!$G$18
N1NumberOfExpenseCompsUsed,Expense Grid,$F$5,'Expense Grid'!$F$5
N1NumberOfLandCompsUsed,Land Grid,$G$18,'Land Grid'!$G$18
N1NumberOfLeaseCompsUsed,Lease Grid,$G$20,'Lease Grid'!$G$20
N1NumberOfParcels,Site,$AC$12,Site!$AC$12
N1NumberOfTransactionRecords,"Contracts, History",$AC$92,"'Contracts, History'!$AC$92"
N1NumberOfZoningRecords,Zoning,$AA$12,Zoning!$AA$12
N1Occupancy,Summary,$H$64,Summary!$H$64
N1OlderSaleBookPage,"Contracts, History",$O$18,"'Contracts, History'!$O$18"
N1OlderSaleComment,"Contracts, History",$O$28,"'Contracts, History'!$O$28"
N1OlderSaleConditionsOfSale,"Contracts, History",$O$23,"'Contracts, History'!$O$23"
N1OlderSaleDate,"Contracts, History",$O$16,"'Contracts, History'!$O$16"
N1OlderSaleDOM,"Contracts, History",$O$17,"'Contracts, History'!$O$17"
N1OlderSaleFinancing,"Contracts, History",$O$22,"'Contracts, History'!$O$22"
N1OlderSaleGrantee,"Contracts, History",$O$20,"'Contracts, History'!$O$20"
N1OlderSaleGrantor,"Contracts, History",$O$19,"'Contracts, History'!$O$19"
N1OlderSaleLegalDescription,"Contracts, History",$O$24,"'Contracts, History'!$O$24"
N1OlderSalePrice,"Contracts, History",$O$15,"'Contracts, History'!$O$15"
N1OlderSalePropertyRights,"Contracts, History",$O$21,"'Contracts, History'!$O$21"
N1OlderSaleVerificationSource,"Contracts, History",$O$25,"'Contracts, History'!$O$25"
N1OldestSaleBookPage,"Contracts, History",$Q$18,"'Contracts, History'!$Q$18"
N1OldestSaleComment,"Contracts, History",$Q$28,"'Contracts, History'!$Q$28"
N1OldestSaleCondofSale,"Contracts, History",$Q$23,"'Contracts, History'!$Q$23"
N1OldestSaleDate,"Contracts, History",$Q$16,"'Contracts, History'!$Q$16"
N1OldestSaleDOM,"Contracts, History",$Q$17,"'Contracts, History'!$Q$17"
N1OldestSaleFinancing,"Contracts, History",$Q$22,"'Contracts, History'!$Q$22"
N1OldestSaleGrantee,"Contracts, History",$Q$20,"'Contracts, History'!$Q$20"
N1OldestSaleGrantor,"Contracts, History",$Q$19,"'Contracts, History'!$Q$19"
N1OldestSaleLegalDesc,"Contracts, History",$Q$24,"'Contracts, History'!$Q$24"
N1OldestSalePrice,"Contracts, History",$Q$15,"'Contracts, History'!$Q$15"
N1OldestSalePropertyRights,"Contracts, History",$Q$21,"'Contracts, History'!$Q$21"
N1OldestSaleVerification,"Contracts, History",$Q$25,"'Contracts, History'!$Q$25"
N1OnSiteManagementExpense,Expense Grid,$BS$136:$BY$158,'Expense Grid'!$BS$136:$BY$158
N1OptionComment,"Contracts, History",$I$28,"'Contracts, History'!$I$28"
N1OptionConditionOfSale,"Contracts, History",$I$23,"'Contracts, History'!$I$23"
N1OptionDate,"Contracts, History",$I$16,"'Contracts, History'!$I$16"
N1OptionDOM,"Contracts, History",$I$17,"'Contracts, History'!$I$17"
N1OptionGranteeName,"Contracts, History",$I$20,"'Contracts, History'!$I$20"
N1OptionPrice,"Contracts, History",$I$15,"'Contracts, History'!$I$15"
N1OptionPropertyRights,"Contracts, History",$I$21,"'Contracts, History'!$I$21"
N1OptionVerificationSource,"Contracts, History",$I$25,"'Contracts, History'!$I$25"
N1OtherExpense,Expense Grid,$BS$817:$BY$839,'Expense Grid'!$BS$817:$BY$839
N1OtherIncome,Capitalization and Multipliers,$J$65,'Capitalization and Multipliers'!$J$65
N1OtherRepairsExpense,Expense Grid,$BS$424:$BY$446,'Expense Grid'!$BS$424:$BY$446
N1OtherSalariesExpense,Expense Grid,$BS$661:$BY$683,'Expense Grid'!$BS$661:$BY$683
N1OwnerName,File Info,$I$108,'File Info'!$I$108
N1PaintingAndDecoratingExpense,Expense Grid,$BS$502:$BY$524,'Expense Grid'!$BS$502:$BY$524
N1Parcel10Access,Site,$AL$84,Site!$AL$84
N1Parcel10AccessWaterPort,Site,$AL$125,Site!$AL$125
N1Parcel10AccessWaterPortDescription,Site,$AL$126,Site!$AL$126
N1Parcel10Acres,Site,$AL$39,Site!$AL$39
N1Parcel10AverageDepth,Site,$AL$74,Site!$AL$74
N1Parcel10AverageDepthMeters,Site,$AL$80,Site!$AL$80
N1Parcel10Comments,Site,$AL$131,Site!$AL$131
N1Parcel10CornerLot,Site,$AL$65,Site!$AL$65
N1Parcel10CurbGutter,Site,$AL$88,Site!$AL$88
N1Parcel10CurrentUse,Site,$AL$23,Site!$AL$23
N1Parcel10EarthquakeZone,Site,$AL$104,Site!$AL$104
N1Parcel10EarthquakeZoneComment,Site,$AL$106,Site!$AL$106
N1Parcel10EffectiveWaterFrontage,Site,$AL$76,Site!$AL$76
N1Parcel10EffectiveWaterFrontageMeters,Site,$AL$82,Site!$AL$82
N1Parcel10Electricity,Site,$AL$116,Site!$AL$116
N1Parcel10EncumbranceorEasement,Site,$AL$107,Site!$AL$107
N1Parcel10EnvironmentalIssues,Site,$AL$108,Site!$AL$108
N1Parcel10ExcessAcres,Site,$AL$41,Site!$AL$41
N1Parcel10ExcessHectares,Site,$AL$56,Site!$AL$56
N1Parcel10ExcessLandComments,Site,$AL$60,Site!$AL$60
N1Parcel10ExcessSF,Site,$AL$40,Site!$AL$40
N1Parcel10ExcessSquareMeters,Site,$AL$57,Site!$AL$57
N1Parcel10FEMAMapDate,Site,$AL$99,Site!$AL$99
N1Parcel10FEMAMapNumber,Site,$AL$98,Site!$AL$98
N1Parcel10FloodZone,Site,$AL$100,Site!$AL$100
N1Parcel10FloodZoneArea,Site,$AL$102,Site!$AL$102
N1Parcel10FloodZoneComments,Site,$AL$103,Site!$AL$103
N1Parcel10FloodZoneIsIsNot,Site,$AL$101,Site!$AL$101
N1Parcel10Gas,Site,$AL$119,Site!$AL$119
N1Parcel10HBUSite,Site,$AL$25,Site!$AL$25
N1Parcel10HBUSiteComment,Site,$AL$26,Site!$AL$26
N1Parcel10Hectares,Site,$AL$54,Site!$AL$54
N1Parcel10ID,Site,$AL$20,Site!$AL$20
N1Parcel10IrrigationWater,Site,$AL$122,Site!$AL$122
N1Parcel10IrrigationWaterDescription,Site,$AL$123,Site!$AL$123
N1Parcel10Landscaping,Site,$AL$91,Site!$AL$91
N1Parcel10Latitude,Site,$AL$35,Site!$AL$35
N1Parcel10LegalDescription,Site,$AL$33,Site!$AL$33
N1Parcel10Location,Site,$AL$21,Site!$AL$21
N1Parcel10Longitude,Site,$AL$36,Site!$AL$36
N1Parcel10PrimaryFrontageStreetName,Site,$AL$67,Site!$AL$67
N1Parcel10PrimaryStreetFrontage,Site,$AL$71,Site!$AL$71
N1Parcel10PrimaryStreetFrontageMeters,Site,$AL$78,Site!$AL$78
N1Parcel10ProposedUse,Site,$AL$24,Site!$AL$24
N1Parcel10RailAccess,Site,$AL$124,Site!$AL$124
N1Parcel10SecondaryFrontageStreetName,Site,$AL$68,Site!$AL$68
N1Parcel10SecondaryStreetFrontage,Site,$AL$72,Site!$AL$72
N1Parcel10SecondaryStreetFrontageMeters,Site,$AL$79,Site!$AL$79
N1Parcel10Sewer,Site,$AL$118,Site!$AL$118
N1Parcel10SF,Site,$AL$38,Site!$AL$38
N1Parcel10Shape,Site,$AL$95,Site!$AL$95
N1Parcel10Sidewalk,Site,$AL$87,Site!$AL$87
N1Parcel10SoilConditions,Site,$AL$96,Site!$AL$96
N1Parcel10SquareMeters,Site,$AL$55,Site!$AL$55
N1Parcel10StreetLights,Site,$AL$86,Site!$AL$86
N1Parcel10Topography,Site,$AL$93,Site!$AL$93
N1Parcel10TrafficCount,Site,$AL$29,Site!$AL$29
N1Parcel10TrafficCountYear,Site,$AL$32,Site!$AL$32
N1Parcel10UndergroundUtilities,Site,$AL$121,Site!$AL$121
N1Parcel10UnitApprovedorZoned,Site,$AL$64,Site!$AL$64
N1Parcel10Units,Site,$AL$62,Site!$AL$62
N1Parcel10UnitType,Site,$AL$63,Site!$AL$63
N1Parcel10UsableAcres,Site,$AL$43,Site!$AL$43
N1Parcel10UsableHectares,Site,$AL$58,Site!$AL$58
N1Parcel10UsableLandComments,Site,$AL$61,Site!$AL$61
N1Parcel10UsableSF,Site,$AL$42,Site!$AL$42
N1Parcel10UsableSquareMeters,Site,$AL$59,Site!$AL$59
N1Parcel10UtilitesAdequacy,Site,$AL$115,Site!$AL$115
N1Parcel10View,Site,$AL$83,Site!$AL$83
N1Parcel10Visibility,Site,$AL$85,Site!$AL$85
N1Parcel10Water,Site,$AL$117,Site!$AL$117
N1Parcel10WaterFrontage,Site,$AL$75,Site!$AL$75
N1Parcel10WaterFrontageMeters,Site,$AL$81,Site!$AL$81
N1Parcel10WetlandsWatershedComments,Site,$AL$112,Site!$AL$112
N1Parcel11ID,Site,$AM$20,Site!$AM$20
N1Parcel12ID,Site,$AN$20,Site!$AN$20
N1Parcel13ID,Site,$AO$20,Site!$AO$20
N1Parcel14ID,Site,$AP$20,Site!$AP$20
N1Parcel15ID,Site,$AQ$20,Site!$AQ$20
N1Parcel16ID,Site,$AR$20,Site!$AR$20
N1Parcel17ID,Site,$AS$20,Site!$AS$20
N1Parcel18ID,Site,$AT$20,Site!$AT$20
N1Parcel19ID,Site,$AU$20,Site!$AU$20
N1Parcel1Access,Site,$AC$84,Site!$AC$84
N1Parcel1AccessWaterPort,Site,$AC$125,Site!$AC$125
N1Parcel1AccessWaterPortDescription,Site,$AC$126,Site!$AC$126
N1Parcel1Acres,Site,$AC$39,Site!$AC$39
N1Parcel1AllowableFloorArea,Site,$AC$49,Site!$AC$49
N1Parcel1AllowableUnits,Site,$AC$50,Site!$AC$50
N1Parcel1AllUtilitiesToSite,Site,$AC$114,Site!$AC$114
N1Parcel1AverageDepth,Site,$AC$74,Site!$AC$74
N1Parcel1AverageDepthMeters,Site,$AC$80,Site!$AC$80
N1Parcel1BuildableSF,Site,$AC$48,Site!$AC$48
N1Parcel1Comments,Site,$AC$131,Site!$AC$131
N1Parcel1CornerLot,Site,$AC$65,Site!$AC$65
N1Parcel1CurbGutter,Site,$AC$88,Site!$AC$88
N1Parcel1CurrentUse,Site,$AC$23,Site!$AC$23
N1Parcel1Dimensions,Site,$AC$66,Site!$AC$66
N1Parcel1DistanceFromCampus,Site,$AC$128,Site!$AC$128
N1Parcel1Drainage,Site,$AC$89,Site!$AC$89
N1Parcel1EarthquakeHazardRisk,Site,$AC$105,Site!$AC$105
N1Parcel1EarthquakeZone,Site,$AC$104,Site!$AC$104
N1Parcel1EarthquakeZoneComment,Site,$AC$106,Site!$AC$106
N1Parcel1EasementAcres,Site,$AC$45,Site!$AC$45
N1Parcel1EasementSF,Site,$AC$44,Site!$AC$44
N1Parcel1EffectiveWaterFrontage,Site,$AC$76,Site!$AC$76
N1Parcel1EffectiveWaterFrontageMeters,Site,$AC$82,Site!$AC$82
N1Parcel1Electricity,Site,$AC$116,Site!$AC$116
N1Parcel1EncumbranceorEasement,Site,$AC$107,Site!$AC$107
N1Parcel1Entitlements,Site,$AC$127,Site!$AC$127
N1Parcel1EnvironmentalIssues,Site,$AC$108,Site!$AC$108
N1Parcel1ExcessAcres,Site,$AC$41,Site!$AC$41
N1Parcel1ExcessHectares,Site,$AC$56,Site!$AC$56
N1Parcel1ExcessLandComments,Site,$AC$60,Site!$AC$60
N1Parcel1ExcessSF,Site,$AC$40,Site!$AC$40
N1Parcel1ExcessSquareMeters,Site,$AC$57,Site!$AC$57
N1Parcel1FEMAMapDate,Site,$AC$99,Site!$AC$99
N1Parcel1FEMAMapNumber,Site,$AC$98,Site!$AC$98
N1Parcel1FloodZone,Site,$AC$100,Site!$AC$100
N1Parcel1FloodZoneArea,Site,$AC$102,Site!$AC$102
N1Parcel1FloodZoneComments,Site,$AC$103,Site!$AC$103
N1Parcel1FloodZoneIsIsNot,Site,$AC$101,Site!$AC$101
N1Parcel1Gas,Site,$AC$119,Site!$AC$119
N1Parcel1HBUSite,Site,$AC$25,Site!$AC$25
N1Parcel1HBUSiteComment,Site,$AC$26,Site!$AC$26
N1Parcel1Hectares,Site,$AC$54,Site!$AC$54
N1Parcel1HomeSiteAcres,Site,$AC$146,Site!$AC$146
N1Parcel1HSPI_Index,Site,$AC$130,Site!$AC$130
N1Parcel1ID,Site,$AC$20,Site!$AC$20
N1Parcel1IrrigationWater,Site,$AC$122,Site!$AC$122
N1Parcel1IrrigationWaterDescription,Site,$AC$123,Site!$AC$123
N1Parcel1Landscaping,Site,$AC$91,Site!$AC$91
N1Parcel1LandUse,Site,$AC$22,Site!$AC$22
N1Parcel1Latitude,Site,$AC$35,Site!$AC$35
N1Parcel1LegalDescription,Site,$AC$33,Site!$AC$33
N1Parcel1Location,Site,$AC$21,Site!$AC$21
N1Parcel1Longitude,Site,$AC$36,Site!$AC$36
N1Parcel1On_Off_Hospital_Campus,Site,$AC$129,Site!$AC$129
N1Parcel1OtherAcres,Site,$AC$144,Site!$AC$144
N1Parcel1PercentTillable,Site,$AC$142,Site!$AC$142
N1Parcel1PercentWetlands,Site,$AC$111,Site!$AC$111
N1Parcel1PrimaryFrontageStreetName,Site,$AC$67,Site!$AC$67
N1Parcel1PrimaryStreetFrontage,Site,$AC$71,Site!$AC$71
N1Parcel1PrimaryStreetFrontageMeters,Site,$AC$78,Site!$AC$78
N1Parcel1ProductivityIndex,Site,$AC$140,Site!$AC$140
N1Parcel1ProposedSF,Site,$AC$51,Site!$AC$51
N1Parcel1ProposedUnits,Site,$AC$52,Site!$AC$52
N1Parcel1ProposedUse,Site,$AC$24,Site!$AC$24
N1Parcel1RailAccess,Site,$AC$124,Site!$AC$124
N1Parcel1RoadFrontage,Site,$AC$70,Site!$AC$70
N1Parcel1SecondaryFrontageStreetName,Site,$AC$68,Site!$AC$68
N1Parcel1SecondaryStreetFrontage,Site,$AC$72,Site!$AC$72
N1Parcel1SecondaryStreetFrontageMeters,Site,$AC$79,Site!$AC$79
N1Parcel1SecondaryTrafficCount,Site,$AC$30,Site!$AC$30
N1Parcel1Sewer,Site,$AC$118,Site!$AC$118
N1Parcel1SF,Site,$AC$38,Site!$AC$38
N1Parcel1Shape,Site,$AC$95,Site!$AC$95
N1Parcel1Sidewalk,Site,$AC$87,Site!$AC$87
N1Parcel1SoilConditions,Site,$AC$96,Site!$AC$96
N1Parcel1SoilType,Site,$AC$139,Site!$AC$139
N1Parcel1SquareMeters,Site,$AC$55,Site!$AC$55
N1Parcel1StreetLights,Site,$AC$86,Site!$AC$86
N1Parcel1TertiaryFrontageStreetName,Site,$AC$69,Site!$AC$69
N1Parcel1TertiaryStreetFrontage,Site,$AC$73,Site!$AC$73
N1Parcel1TertiaryTrafficCount,Site,$AC$31,Site!$AC$31
N1Parcel1TillableAcres,Site,$AC$141,Site!$AC$141
N1Parcel1Topography,Site,$AC$93,Site!$AC$93
N1Parcel1TrafficCount,Site,$AC$29,Site!$AC$29
N1Parcel1TrafficCountYear,Site,$AC$32,Site!$AC$32
N1Parcel1UndergroundUtilities,Site,$AC$121,Site!$AC$121
N1Parcel1UnitApprovedorZoned,Site,$AC$64,Site!$AC$64
N1Parcel1Units,Site,$AC$62,Site!$AC$62
N1Parcel1UnitType,Site,$AC$63,Site!$AC$63
N1Parcel1UsableAcres,Site,$AC$43,Site!$AC$43
N1Parcel1UsableHectares,Site,$AC$58,Site!$AC$58
N1Parcel1UsableLandComments,Site,$AC$61,Site!$AC$61
N1Parcel1UsableSF,Site,$AC$42,Site!$AC$42
N1Parcel1UsableSquareMeters,Site,$AC$59,Site!$AC$59
N1Parcel1UtilitesAdequacy,Site,$AC$115,Site!$AC$115
N1Parcel1Utilities,Site,$AC$120,Site!$AC$120
N1Parcel1View,Site,$AC$83,Site!$AC$83
N1Parcel1Visibility,Site,$AC$85,Site!$AC$85
N1Parcel1WasteAcres,Site,$AC$145,Site!$AC$145
N1Parcel1Water,Site,$AC$117,Site!$AC$117
N1Parcel1WaterFrontage,Site,$AC$75,Site!$AC$75
N1Parcel1WaterFrontageMeters,Site,$AC$81,Site!$AC$81
N1Parcel1WetlandsAcres,Site,$AC$110,Site!$AC$110
N1Parcel1WetlandsType,Site,$AC$109,Site!$AC$109
N1Parcel1WetlandsWatershedComments,Site,$AC$112,Site!$AC$112
N1Parcel1WoodlandAcres,Site,$AC$143,Site!$AC$143
N1Parcel20ID,Site,$AV$20,Site!$AV$20
N1Parcel2Access,Site,$AD$84,Site!$AD$84
N1Parcel2AccessWaterPort,Site,$AD$125,Site!$AD$125
N1Parcel2AccessWaterPortDescription,Site,$AD$126,Site!$AD$126
N1Parcel2Acres,Site,$AD$39,Site!$AD$39
N1Parcel2AverageDepth,Site,$AD$74,Site!$AD$74
N1Parcel2AverageDepthMeters,Site,$AD$80,Site!$AD$80
N1Parcel2Comments,Site,$AD$131,Site!$AD$131
N1Parcel2CornerLot,Site,$AD$65,Site!$AD$65
N1Parcel2CurbGutter,Site,$AD$88,Site!$AD$88
N1Parcel2CurrentUse,Site,$AD$23,Site!$AD$23
N1Parcel2EarthquakeZone,Site,$AD$104,Site!$AD$104
N1Parcel2EarthquakeZoneComment,Site,$AD$106,Site!$AD$106
N1Parcel2EffectiveWaterFrontage,Site,$AD$76,Site!$AD$76
N1Parcel2EffectiveWaterFrontageMeters,Site,$AD$82,Site!$AD$82
N1Parcel2Electricity,Site,$AD$116,Site!$AD$116
N1Parcel2EncumbranceorEasement,Site,$AD$107,Site!$AD$107
N1Parcel2EnvironmentalIssues,Site,$AD$108,Site!$AD$108
N1Parcel2ExcessAcres,Site,$AD$41,Site!$AD$41
N1Parcel2ExcessHectares,Site,$AD$56,Site!$AD$56
N1Parcel2ExcessLandComments,Site,$AD$60,Site!$AD$60
N1Parcel2ExcessSF,Site,$AD$40,Site!$AD$40
N1Parcel2ExcessSquareMeters,Site,$AD$57,Site!$AD$57
N1Parcel2FEMAMapDate,Site,$AD$99,Site!$AD$99
N1Parcel2FEMAMapNumber,Site,$AD$98,Site!$AD$98
N1Parcel2FloodZone,Site,$AD$100,Site!$AD$100
N1Parcel2FloodZoneArea,Site,$AD$102,Site!$AD$102
N1Parcel2FloodZoneComments,Site,$AD$103,Site!$AD$103
N1Parcel2FloodZoneIsIsNot,Site,$AD$101,Site!$AD$101
N1Parcel2Gas,Site,$AD$119,Site!$AD$119
N1Parcel2HBUSite,Site,$AD$25,Site!$AD$25
N1Parcel2HBUSiteComment,Site,$AD$26,Site!$AD$26
N1Parcel2Hectares,Site,$AD$54,Site!$AD$54
N1Parcel2ID,Site,$AD$20,Site!$AD$20
N1Parcel2IrrigationWater,Site,$AD$122,Site!$AD$122
N1Parcel2IrrigationWaterDescription,Site,$AD$123,Site!$AD$123
N1Parcel2Landscaping,Site,$AD$91,Site!$AD$91
N1Parcel2Latitude,Site,$AD$35,Site!$AD$35
N1Parcel2LegalDescription,Site,$AD$33,Site!$AD$33
N1Parcel2Location,Site,$AD$21,Site!$AD$21
N1Parcel2Longitude,Site,$AD$36,Site!$AD$36
N1Parcel2PrimaryFrontageStreetName,Site,$AD$67,Site!$AD$67
N1Parcel2PrimaryStreetFrontage,Site,$AD$71,Site!$AD$71
N1Parcel2PrimaryStreetFrontageMeters,Site,$AD$78,Site!$AD$78
N1Parcel2ProposedUse,Site,$AD$24,Site!$AD$24
N1Parcel2RailAccess,Site,$AD$124,Site!$AD$124
N1Parcel2SecondaryFrontageStreetName,Site,$AD$68,Site!$AD$68
N1Parcel2SecondaryStreetFrontage,Site,$AD$72,Site!$AD$72
N1Parcel2SecondaryStreetFrontageMeters,Site,$AD$79,Site!$AD$79
N1Parcel2Sewer,Site,$AD$118,Site!$AD$118
N1Parcel2SF,Site,$AD$38,Site!$AD$38
N1Parcel2Shape,Site,$AD$95,Site!$AD$95
N1Parcel2Sidewalk,Site,$AD$87,Site!$AD$87
N1Parcel2SoilConditions,Site,$AD$96,Site!$AD$96
N1Parcel2SquareMeters,Site,$AD$55,Site!$AD$55
N1Parcel2StreetLights,Site,$AD$86,Site!$AD$86
N1Parcel2Topography,Site,$AD$93,Site!$AD$93
N1Parcel2TrafficCount,Site,$AD$29,Site!$AD$29
N1Parcel2TrafficCountYear,Site,$AD$32,Site!$AD$32
N1Parcel2UndergroundUtilities,Site,$AD$121,Site!$AD$121
N1Parcel2UnitApprovedorZoned,Site,$AD$64,Site!$AD$64
N1Parcel2Units,Site,$AD$62,Site!$AD$62
N1Parcel2UnitType,Site,$AD$63,Site!$AD$63
N1Parcel2UsableAcres,Site,$AD$43,Site!$AD$43
N1Parcel2UsableHectares,Site,$AD$58,Site!$AD$58
N1Parcel2UsableLandComments,Site,$AD$61,Site!$AD$61
N1Parcel2UsableSF,Site,$AD$42,Site!$AD$42
N1Parcel2UsableSquareMeters,Site,$AD$59,Site!$AD$59
N1Parcel2UtilitesAdequacy,Site,$AD$115,Site!$AD$115
N1Parcel2View,Site,$AD$83,Site!$AD$83
N1Parcel2Visibility,Site,$AD$85,Site!$AD$85
N1Parcel2Water,Site,$AD$117,Site!$AD$117
N1Parcel2WaterFrontage,Site,$AD$75,Site!$AD$75
N1Parcel2WaterFrontageMeters,Site,$AD$81,Site!$AD$81
N1Parcel2WetlandsWatershedComments,Site,$AD$112,Site!$AD$112
N1Parcel3Access,Site,$AE$84,Site!$AE$84
N1Parcel3AccessWaterPort,Site,$AE$125,Site!$AE$125
N1Parcel3AccessWaterPortDescription,Site,$AE$126,Site!$AE$126
N1Parcel3Acres,Site,$AE$39,Site!$AE$39
N1Parcel3AverageDepth,Site,$AE$74,Site!$AE$74
N1Parcel3AverageDepthMeters,Site,$AE$80,Site!$AE$80
N1Parcel3Comments,Site,$AE$131,Site!$AE$131
N1Parcel3CornerLot,Site,$AE$65,Site!$AE$65
N1Parcel3CurbGutter,Site,$AE$88,Site!$AE$88
N1Parcel3CurrentUse,Site,$AE$23,Site!$AE$23
N1Parcel3EarthquakeZone,Site,$AE$104,Site!$AE$104
N1Parcel3EarthquakeZoneComment,Site,$AE$106,Site!$AE$106
N1Parcel3EffectiveWaterFrontage,Site,$AE$76,Site!$AE$76
N1Parcel3EffectiveWaterFrontageMeters,Site,$AE$82,Site!$AE$82
N1Parcel3Electricity,Site,$AE$116,Site!$AE$116
N1Parcel3EncumbranceorEasement,Site,$AE$107,Site!$AE$107
N1Parcel3EnvironmentalIssues,Site,$AE$108,Site!$AE$108
N1Parcel3ExcessAcres,Site,$AE$41,Site!$AE$41
N1Parcel3ExcessHectares,Site,$AE$56,Site!$AE$56
N1Parcel3ExcessLandComments,Site,$AE$60,Site!$AE$60
N1Parcel3ExcessSF,Site,$AE$40,Site!$AE$40
N1Parcel3ExcessSquareMeters,Site,$AE$57,Site!$AE$57
N1Parcel3FEMAMapDate,Site,$AE$99,Site!$AE$99
N1Parcel3FEMAMapNumber,Site,$AE$98,Site!$AE$98
N1Parcel3FloodZone,Site,$AE$100,Site!$AE$100
N1Parcel3FloodZoneArea,Site,$AE$102,Site!$AE$102
N1Parcel3FloodZoneComments,Site,$AE$103,Site!$AE$103
N1Parcel3FloodZoneIsIsNot,Site,$AE$101,Site!$AE$101
N1Parcel3Gas,Site,$AE$119,Site!$AE$119
N1Parcel3HBUSite,Site,$AE$25,Site!$AE$25
N1Parcel3HBUSiteComment,Site,$AE$26,Site!$AE$26
N1Parcel3Hectares,Site,$AE$54,Site!$AE$54
N1Parcel3ID,Site,$AE$20,Site!$AE$20
N1Parcel3IrrigationWater,Site,$AE$122,Site!$AE$122
N1Parcel3IrrigationWaterDescription,Site,$AE$123,Site!$AE$123
N1Parcel3Landscaping,Site,$AE$91,Site!$AE$91
N1Parcel3Latitude,Site,$AE$35,Site!$AE$35
N1Parcel3LegalDescription,Site,$AE$33,Site!$AE$33
N1Parcel3Location,Site,$AE$21,Site!$AE$21
N1Parcel3Longitude,Site,$AE$36,Site!$AE$36
N1Parcel3PrimaryFrontageStreetName,Site,$AE$67,Site!$AE$67
N1Parcel3PrimaryStreetFrontage,Site,$AE$71,Site!$AE$71
N1Parcel3PrimaryStreetFrontageMeters,Site,$AE$78,Site!$AE$78
N1Parcel3ProposedUse,Site,$AE$24,Site!$AE$24
N1Parcel3RailAccess,Site,$AE$124,Site!$AE$124
N1Parcel3SecondaryFrontageStreetName,Site,$AE$68,Site!$AE$68
N1Parcel3SecondaryStreetFrontage,Site,$AE$72,Site!$AE$72
N1Parcel3SecondaryStreetFrontageMeters,Site,$AE$79,Site!$AE$79
N1Parcel3Sewer,Site,$AE$118,Site!$AE$118
N1Parcel3SF,Site,$AE$38,Site!$AE$38
N1Parcel3Shape,Site,$AE$95,Site!$AE$95
N1Parcel3Sidewalk,Site,$AE$87,Site!$AE$87
N1Parcel3SoilConditions,Site,$AE$96,Site!$AE$96
N1Parcel3SquareMeters,Site,$AE$55,Site!$AE$55
N1Parcel3StreetLights,Site,$AE$86,Site!$AE$86
N1Parcel3Topography,Site,$AE$93,Site!$AE$93
N1Parcel3TrafficCount,Site,$AE$29,Site!$AE$29
N1Parcel3TrafficCountYear,Site,$AE$32,Site!$AE$32
N1Parcel3UndergroundUtilities,Site,$AE$121,Site!$AE$121
N1Parcel3UnitApprovedorZoned,Site,$AE$64,Site!$AE$64
N1Parcel3Units,Site,$AE$62,Site!$AE$62
N1Parcel3UnitType,Site,$AE$63,Site!$AE$63
N1Parcel3UsableAcres,Site,$AE$43,Site!$AE$43
N1Parcel3UsableHectares,Site,$AE$58,Site!$AE$58
N1Parcel3UsableLandComments,Site,$AE$61,Site!$AE$61
N1Parcel3UsableSF,Site,$AE$42,Site!$AE$42
N1Parcel3UsableSquareMeters,Site,$AE$59,Site!$AE$59
N1Parcel3UtilitesAdequacy,Site,$AE$115,Site!$AE$115
N1Parcel3View,Site,$AE$83,Site!$AE$83
N1Parcel3Visibility,Site,$AE$85,Site!$AE$85
N1Parcel3Water,Site,$AE$117,Site!$AE$117
N1Parcel3WaterFrontage,Site,$AE$75,Site!$AE$75
N1Parcel3WaterFrontageMeters,Site,$AE$81,Site!$AE$81
N1Parcel3WetlandsWatershedComments,Site,$AE$112,Site!$AE$112
N1Parcel4Access,Site,$AF$84,Site!$AF$84
N1Parcel4AccessWaterPort,Site,$AF$125,Site!$AF$125
N1Parcel4AccessWaterPortDescription,Site,$AF$126,Site!$AF$126
N1Parcel4Acres,Site,$AF$39,Site!$AF$39
N1Parcel4AverageDepth,Site,$AF$74,Site!$AF$74
N1Parcel4AverageDepthMeters,Site,$AF$80,Site!$AF$80
N1Parcel4Comments,Site,$AF$131,Site!$AF$131
N1Parcel4CornerLot,Site,$AF$65,Site!$AF$65
N1Parcel4CurbGutter,Site,$AF$88,Site!$AF$88
N1Parcel4CurrentUse,Site,$AF$23,Site!$AF$23
N1Parcel4EarthquakeZone,Site,$AF$104,Site!$AF$104
N1Parcel4EarthquakeZoneComment,Site,$AF$106,Site!$AF$106
N1Parcel4EffectiveWaterFrontage,Site,$AF$76,Site!$AF$76
N1Parcel4EffectiveWaterFrontageMeters,Site,$AF$82,Site!$AF$82
N1Parcel4Electricity,Site,$AF$116,Site!$AF$116
N1Parcel4EncumbranceorEasement,Site,$AF$107,Site!$AF$107
N1Parcel4EnvironmentalIssues,Site,$AF$108,Site!$AF$108
N1Parcel4ExcessAcres,Site,$AF$41,Site!$AF$41
N1Parcel4ExcessHectares,Site,$AF$56,Site!$AF$56
N1Parcel4ExcessLandComments,Site,$AF$60,Site!$AF$60
N1Parcel4ExcessSF,Site,$AF$40,Site!$AF$40
N1Parcel4ExcessSquareMeters,Site,$AF$57,Site!$AF$57
N1Parcel4FEMAMapDate,Site,$AF$99,Site!$AF$99
N1Parcel4FEMAMapNumber,Site,$AF$98,Site!$AF$98
N1Parcel4FloodZone,Site,$AF$100,Site!$AF$100
N1Parcel4FloodZoneArea,Site,$AF$102,Site!$AF$102
N1Parcel4FloodZoneComments,Site,$AF$103,Site!$AF$103
N1Parcel4FloodZoneIsIsNot,Site,$AF$101,Site!$AF$101
N1Parcel4Gas,Site,$AF$119,Site!$AF$119
N1Parcel4HBUSite,Site,$AF$25,Site!$AF$25
N1Parcel4HBUSiteComment,Site,$AF$26,Site!$AF$26
N1Parcel4Hectares,Site,$AF$54,Site!$AF$54
N1Parcel4ID,Site,$AF$20,Site!$AF$20
N1Parcel4IrrigationWater,Site,$AF$122,Site!$AF$122
N1Parcel4IrrigationWaterDescription,Site,$AF$123,Site!$AF$123
N1Parcel4Landscaping,Site,$AF$91,Site!$AF$91
N1Parcel4Latitude,Site,$AF$35,Site!$AF$35
N1Parcel4LegalDescription,Site,$AF$33,Site!$AF$33
N1Parcel4Location,Site,$AF$21,Site!$AF$21
N1Parcel4Longitude,Site,$AF$36,Site!$AF$36
N1Parcel4PrimaryFrontageStreetName,Site,$AF$67,Site!$AF$67
N1Parcel4PrimaryStreetFrontage,Site,$AF$71,Site!$AF$71
N1Parcel4PrimaryStreetFrontageMeters,Site,$AF$78,Site!$AF$78
N1Parcel4ProposedUse,Site,$AF$24,Site!$AF$24
N1Parcel4RailAccess,Site,$AF$124,Site!$AF$124
N1Parcel4SecondaryFrontageStreetName,Site,$AF$68,Site!$AF$68
N1Parcel4SecondaryStreetFrontage,Site,$AF$72,Site!$AF$72
N1Parcel4SecondaryStreetFrontageMeters,Site,$AF$79,Site!$AF$79
N1Parcel4Sewer,Site,$AF$118,Site!$AF$118
N1Parcel4SF,Site,$AF$38,Site!$AF$38
N1Parcel4Shape,Site,$AF$95,Site!$AF$95
N1Parcel4Sidewalk,Site,$AF$87,Site!$AF$87
N1Parcel4SoilConditions,Site,$AF$96,Site!$AF$96
N1Parcel4SquareMeters,Site,$AF$55,Site!$AF$55
N1Parcel4StreetLights,Site,$AF$86,Site!$AF$86
N1Parcel4Topography,Site,$AF$93,Site!$AF$93
N1Parcel4TrafficCount,Site,$AF$29,Site!$AF$29
N1Parcel4TrafficCountYear,Site,$AF$32,Site!$AF$32
N1Parcel4UndergroundUtilities,Site,$AF$121,Site!$AF$121
N1Parcel4UnitApprovedorZoned,Site,$AF$64,Site!$AF$64
N1Parcel4Units,Site,$AF$62,Site!$AF$62
N1Parcel4UnitType,Site,$AF$63,Site!$AF$63
N1Parcel4UsableAcres,Site,$AF$43,Site!$AF$43
N1Parcel4UsableHectares,Site,$AF$58,Site!$AF$58
N1Parcel4UsableLandComments,Site,$AF$61,Site!$AF$61
N1Parcel4UsableSF,Site,$AF$42,Site!$AF$42
N1Parcel4UsableSquareMeters,Site,$AF$59,Site!$AF$59
N1Parcel4UtilitesAdequacy,Site,$AF$115,Site!$AF$115
N1Parcel4View,Site,$AF$83,Site!$AF$83
N1Parcel4Visibility,Site,$AF$85,Site!$AF$85
N1Parcel4Water,Site,$AF$117,Site!$AF$117
N1Parcel4WaterFrontage,Site,$AF$75,Site!$AF$75
N1Parcel4WaterFrontageMeters,Site,$AF$81,Site!$AF$81
N1Parcel4WetlandsWatershedComments,Site,$AF$112,Site!$AF$112
N1Parcel5Access,Site,$AG$84,Site!$AG$84
N1Parcel5AccessWaterPort,Site,$AG$125,Site!$AG$125
N1Parcel5AccessWaterPortDescription,Site,$AG$126,Site!$AG$126
N1Parcel5Acres,Site,$AG$39,Site!$AG$39
N1Parcel5AverageDepth,Site,$AG$74,Site!$AG$74
N1Parcel5AverageDepthMeters,Site,$AG$80,Site!$AG$80
N1Parcel5Comments,Site,$AG$131,Site!$AG$131
N1Parcel5CornerLot,Site,$AG$65,Site!$AG$65
N1Parcel5CurbGutter,Site,$AG$88,Site!$AG$88
N1Parcel5CurrentUse,Site,$AG$23,Site!$AG$23
N1Parcel5EarthquakeZone,Site,$AG$104,Site!$AG$104
N1Parcel5EarthquakeZoneComment,Site,$AG$106,Site!$AG$106
N1Parcel5EffectiveWaterFrontage,Site,$AG$76,Site!$AG$76
N1Parcel5EffectiveWaterFrontageMeters,Site,$AG$82,Site!$AG$82
N1Parcel5Electricity,Site,$AG$116,Site!$AG$116
N1Parcel5EncumbranceorEasement,Site,$AG$107,Site!$AG$107
N1Parcel5EnvironmentalIssues,Site,$AG$108,Site!$AG$108
N1Parcel5ExcessAcres,Site,$AG$41,Site!$AG$41
N1Parcel5ExcessHectares,Site,$AG$56,Site!$AG$56
N1Parcel5ExcessLandComments,Site,$AG$60,Site!$AG$60
N1Parcel5ExcessSF,Site,$AG$40,Site!$AG$40
N1Parcel5ExcessSquareMeters,Site,$AG$57,Site!$AG$57
N1Parcel5FEMAMapDate,Site,$AG$99,Site!$AG$99
N1Parcel5FEMAMapNumber,Site,$AG$98,Site!$AG$98
N1Parcel5FloodZone,Site,$AG$100,Site!$AG$100
N1Parcel5FloodZoneArea,Site,$AG$102,Site!$AG$102
N1Parcel5FloodZoneComments,Site,$AG$103,Site!$AG$103
N1Parcel5FloodZoneIsIsNot,Site,$AG$101,Site!$AG$101
N1Parcel5Gas,Site,$AG$119,Site!$AG$119
N1Parcel5HBUSite,Site,$AG$25,Site!$AG$25
N1Parcel5HBUSiteComment,Site,$AG$26,Site!$AG$26
N1Parcel5Hectares,Site,$AG$54,Site!$AG$54
N1Parcel5ID,Site,$AG$20,Site!$AG$20
N1Parcel5IrrigationWater,Site,$AG$122,Site!$AG$122
N1Parcel5IrrigationWaterDescription,Site,$AG$123,Site!$AG$123
N1Parcel5Landscaping,Site,$AG$91,Site!$AG$91
N1Parcel5Latitude,Site,$AG$35,Site!$AG$35
N1Parcel5LegalDescription,Site,$AG$33,Site!$AG$33
N1Parcel5Location,Site,$AG$21,Site!$AG$21
N1Parcel5Longitude,Site,$AG$36,Site!$AG$36
N1Parcel5PrimaryFrontageStreetName,Site,$AG$67,Site!$AG$67
N1Parcel5PrimaryStreetFrontage,Site,$AG$71,Site!$AG$71
N1Parcel5PrimaryStreetFrontageMeters,Site,$AG$78,Site!$AG$78
N1Parcel5ProposedUse,Site,$AG$24,Site!$AG$24
N1Parcel5RailAccess,Site,$AG$124,Site!$AG$124
N1Parcel5SecondaryFrontageStreetName,Site,$AG$68,Site!$AG$68
N1Parcel5SecondaryStreetFrontage,Site,$AG$72,Site!$AG$72
N1Parcel5SecondaryStreetFrontageMeters,Site,$AG$79,Site!$AG$79
N1Parcel5Sewer,Site,$AG$118,Site!$AG$118
N1Parcel5SF,Site,$AG$38,Site!$AG$38
N1Parcel5Shape,Site,$AG$95,Site!$AG$95
N1Parcel5Sidewalk,Site,$AG$87,Site!$AG$87
N1Parcel5SoilConditions,Site,$AG$96,Site!$AG$96
N1Parcel5SquareMeters,Site,$AG$55,Site!$AG$55
N1Parcel5StreetLights,Site,$AG$86,Site!$AG$86
N1Parcel5Topography,Site,$AG$93,Site!$AG$93
N1Parcel5TrafficCount,Site,$AG$29,Site!$AG$29
N1Parcel5TrafficCountYear,Site,$AG$32,Site!$AG$32
N1Parcel5UndergroundUtilities,Site,$AG$121,Site!$AG$121
N1Parcel5UnitApprovedorZoned,Site,$AG$64,Site!$AG$64
N1Parcel5Units,Site,$AG$62,Site!$AG$62
N1Parcel5UnitType,Site,$AG$63,Site!$AG$63
N1Parcel5UsableAcres,Site,$AG$43,Site!$AG$43
N1Parcel5UsableHectares,Site,$AG$58,Site!$AG$58
N1Parcel5UsableLandComments,Site,$AG$61,Site!$AG$61
N1Parcel5UsableSF,Site,$AG$42,Site!$AG$42
N1Parcel5UsableSquareMeters,Site,$AG$59,Site!$AG$59
N1Parcel5UtilitesAdequacy,Site,$AG$115,Site!$AG$115
N1Parcel5View,Site,$AG$83,Site!$AG$83
N1Parcel5Visibility,Site,$AG$85,Site!$AG$85
N1Parcel5Water,Site,$AG$117,Site!$AG$117
N1Parcel5WaterFrontage,Site,$AG$75,Site!$AG$75
N1Parcel5WaterFrontageMeters,Site,$AG$81,Site!$AG$81
N1Parcel5WetlandsWatershedComments,Site,$AG$112,Site!$AG$112
N1Parcel6Access,Site,$AH$84,Site!$AH$84
N1Parcel6AccessWaterPort,Site,$AH$125,Site!$AH$125
N1Parcel6AccessWaterPortDescription,Site,$AH$126,Site!$AH$126
N1Parcel6Acres,Site,$AH$39,Site!$AH$39
N1Parcel6AverageDepth,Site,$AH$74,Site!$AH$74
N1Parcel6AverageDepthMeters,Site,$AH$80,Site!$AH$80
N1Parcel6Comments,Site,$AH$131,Site!$AH$131
N1Parcel6CornerLot,Site,$AH$65,Site!$AH$65
N1Parcel6CurbGutter,Site,$AH$88,Site!$AH$88
N1Parcel6CurrentUse,Site,$AH$23,Site!$AH$23
N1Parcel6EarthquakeZone,Site,$AH$104,Site!$AH$104
N1Parcel6EarthquakeZoneComment,Site,$AH$106,Site!$AH$106
N1Parcel6EffectiveWaterFrontage,Site,$AH$76,Site!$AH$76
N1Parcel6EffectiveWaterFrontageMeters,Site,$AH$82,Site!$AH$82
N1Parcel6Electricity,Site,$AH$116,Site!$AH$116
N1Parcel6EncumbranceorEasement,Site,$AH$107,Site!$AH$107
N1Parcel6EnvironmentalIssues,Site,$AH$108,Site!$AH$108
N1Parcel6ExcessAcres,Site,$AH$41,Site!$AH$41
N1Parcel6ExcessHectares,Site,$AH$56,Site!$AH$56
N1Parcel6ExcessLandComments,Site,$AH$60,Site!$AH$60
N1Parcel6ExcessSF,Site,$AH$40,Site!$AH$40
N1Parcel6ExcessSquareMeters,Site,$AH$57,Site!$AH$57
N1Parcel6FEMAMapDate,Site,$AH$99,Site!$AH$99
N1Parcel6FEMAMapNumber,Site,$AH$98,Site!$AH$98
N1Parcel6FloodZone,Site,$AH$100,Site!$AH$100
N1Parcel6FloodZoneArea,Site,$AH$102,Site!$AH$102
N1Parcel6FloodZoneComments,Site,$AH$103,Site!$AH$103
N1Parcel6FloodZoneIsIsNot,Site,$AH$101,Site!$AH$101
N1Parcel6Gas,Site,$AH$119,Site!$AH$119
N1Parcel6HBUSite,Site,$AH$25,Site!$AH$25
N1Parcel6HBUSiteComment,Site,$AH$26,Site!$AH$26
N1Parcel6Hectares,Site,$AH$54,Site!$AH$54
N1Parcel6ID,Site,$AH$20,Site!$AH$20
N1Parcel6IrrigationWater,Site,$AH$122,Site!$AH$122
N1Parcel6IrrigationWaterDescription,Site,$AH$123,Site!$AH$123
N1Parcel6Landscaping,Site,$AH$91,Site!$AH$91
N1Parcel6Latitude,Site,$AH$35,Site!$AH$35
N1Parcel6LegalDescription,Site,$AH$33,Site!$AH$33
N1Parcel6Location,Site,$AH$21,Site!$AH$21
N1Parcel6Longitude,Site,$AH$36,Site!$AH$36
N1Parcel6PrimaryFrontageStreetName,Site,$AH$67,Site!$AH$67
N1Parcel6PrimaryStreetFrontage,Site,$AH$71,Site!$AH$71
N1Parcel6PrimaryStreetFrontageMeters,Site,$AH$78,Site!$AH$78
N1Parcel6ProposedUse,Site,$AH$24,Site!$AH$24
N1Parcel6RailAccess,Site,$AH$124,Site!$AH$124
N1Parcel6SecondaryFrontageStreetName,Site,$AH$68,Site!$AH$68
N1Parcel6SecondaryStreetFrontage,Site,$AH$72,Site!$AH$72
N1Parcel6SecondaryStreetFrontageMeters,Site,$AH$79,Site!$AH$79
N1Parcel6Sewer,Site,$AH$118,Site!$AH$118
N1Parcel6SF,Site,$AH$38,Site!$AH$38
N1Parcel6Shape,Site,$AH$95,Site!$AH$95
N1Parcel6Sidewalk,Site,$AH$87,Site!$AH$87
N1Parcel6SoilConditions,Site,$AH$96,Site!$AH$96
N1Parcel6SquareMeters,Site,$AH$55,Site!$AH$55
N1Parcel6StreetLights,Site,$AH$86,Site!$AH$86
N1Parcel6Topography,Site,$AH$93,Site!$AH$93
N1Parcel6TrafficCount,Site,$AH$29,Site!$AH$29
N1Parcel6TrafficCountYear,Site,$AH$32,Site!$AH$32
N1Parcel6UndergroundUtilities,Site,$AH$121,Site!$AH$121
N1Parcel6UnitApprovedorZoned,Site,$AH$64,Site!$AH$64
N1Parcel6Units,Site,$AH$62,Site!$AH$62
N1Parcel6UnitType,Site,$AH$63,Site!$AH$63
N1Parcel6UsableAcres,Site,$AH$43,Site!$AH$43
N1Parcel6UsableHectares,Site,$AH$58,Site!$AH$58
N1Parcel6UsableLandComments,Site,$AH$61,Site!$AH$61
N1Parcel6UsableSF,Site,$AH$42,Site!$AH$42
N1Parcel6UsableSquareMeters,Site,$AH$59,Site!$AH$59
N1Parcel6UtilitesAdequacy,Site,$AH$115,Site!$AH$115
N1Parcel6View,Site,$AH$83,Site!$AH$83
N1Parcel6Visibility,Site,$AH$85,Site!$AH$85
N1Parcel6Water,Site,$AH$117,Site!$AH$117
N1Parcel6WaterFrontage,Site,$AH$75,Site!$AH$75
N1Parcel6WaterFrontageMeters,Site,$AH$81,Site!$AH$81
N1Parcel6WetlandsWatershedComments,Site,$AH$112,Site!$AH$112
N1Parcel7Access,Site,$AI$84,Site!$AI$84
N1Parcel7AccessWaterPort,Site,$AI$125,Site!$AI$125
N1Parcel7AccessWaterPortDescription,Site,$AI$126,Site!$AI$126
N1Parcel7Acres,Site,$AI$39,Site!$AI$39
N1Parcel7AverageDepth,Site,$AI$74,Site!$AI$74
N1Parcel7AverageDepthMeters,Site,$AI$80,Site!$AI$80
N1Parcel7Comments,Site,$AI$131,Site!$AI$131
N1Parcel7CornerLot,Site,$AI$65,Site!$AI$65
N1Parcel7CurbGutter,Site,$AI$88,Site!$AI$88
N1Parcel7CurrentUse,Site,$AI$23,Site!$AI$23
N1Parcel7EarthquakeZone,Site,$AI$104,Site!$AI$104
N1Parcel7EarthquakeZoneComment,Site,$AI$106,Site!$AI$106
N1Parcel7EffectiveWaterFrontage,Site,$AI$76,Site!$AI$76
N1Parcel7EffectiveWaterFrontageMeters,Site,$AI$82,Site!$AI$82
N1Parcel7Electricity,Site,$AI$116,Site!$AI$116
N1Parcel7EncumbranceorEasement,Site,$AI$107,Site!$AI$107
N1Parcel7EnvironmentalIssues,Site,$AI$108,Site!$AI$108
N1Parcel7ExcessAcres,Site,$AI$41,Site!$AI$41
N1Parcel7ExcessHectares,Site,$AI$56,Site!$AI$56
N1Parcel7ExcessLandComments,Site,$AI$60,Site!$AI$60
N1Parcel7ExcessSF,Site,$AI$40,Site!$AI$40
N1Parcel7ExcessSquareMeters,Site,$AI$57,Site!$AI$57
N1Parcel7FEMAMapDate,Site,$AI$99,Site!$AI$99
N1Parcel7FEMAMapNumber,Site,$AI$98,Site!$AI$98
N1Parcel7FloodZone,Site,$AI$100,Site!$AI$100
N1Parcel7FloodZoneArea,Site,$AI$102,Site!$AI$102
N1Parcel7FloodZoneComments,Site,$AI$103,Site!$AI$103
N1Parcel7FloodZoneIsIsNot,Site,$AI$101,Site!$AI$101
N1Parcel7Gas,Site,$AI$119,Site!$AI$119
N1Parcel7HBUSite,Site,$AI$25,Site!$AI$25
N1Parcel7HBUSiteComment,Site,$AI$26,Site!$AI$26
N1Parcel7Hectares,Site,$AI$54,Site!$AI$54
N1Parcel7ID,Site,$AI$20,Site!$AI$20
N1Parcel7IrrigationWater,Site,$AI$122,Site!$AI$122
N1Parcel7IrrigationWaterDescription,Site,$AI$123,Site!$AI$123
N1Parcel7Landscaping,Site,$AI$91,Site!$AI$91
N1Parcel7Latitude,Site,$AI$35,Site!$AI$35
N1Parcel7LegalDescription,Site,$AI$33,Site!$AI$33
N1Parcel7Location,Site,$AI$21,Site!$AI$21
N1Parcel7Longitude,Site,$AI$36,Site!$AI$36
N1Parcel7PrimaryFrontageStreetName,Site,$AI$67,Site!$AI$67
N1Parcel7PrimaryStreetFrontage,Site,$AI$71,Site!$AI$71
N1Parcel7PrimaryStreetFrontageMeters,Site,$AI$78,Site!$AI$78
N1Parcel7ProposedUse,Site,$AI$24,Site!$AI$24
N1Parcel7RailAccess,Site,$AI$124,Site!$AI$124
N1Parcel7SecondaryFrontageStreetName,Site,$AI$68,Site!$AI$68
N1Parcel7SecondaryStreetFrontage,Site,$AI$72,Site!$AI$72
N1Parcel7SecondaryStreetFrontageMeters,Site,$AI$79,Site!$AI$79
N1Parcel7Sewer,Site,$AI$118,Site!$AI$118
N1Parcel7SF,Site,$AI$38,Site!$AI$38
N1Parcel7Shape,Site,$AI$95,Site!$AI$95
N1Parcel7Sidewalk,Site,$AI$87,Site!$AI$87
N1Parcel7SoilConditions,Site,$AI$96,Site!$AI$96
N1Parcel7SquareMeters,Site,$AI$55,Site!$AI$55
N1Parcel7StreetLights,Site,$AI$86,Site!$AI$86
N1Parcel7Topography,Site,$AI$93,Site!$AI$93
N1Parcel7TrafficCount,Site,$AI$29,Site!$AI$29
N1Parcel7TrafficCountYear,Site,$AI$32,Site!$AI$32
N1Parcel7UndergroundUtilities,Site,$AI$121,Site!$AI$121
N1Parcel7UnitApprovedorZoned,Site,$AI$64,Site!$AI$64
N1Parcel7Units,Site,$AI$62,Site!$AI$62
N1Parcel7UnitType,Site,$AI$63,Site!$AI$63
N1Parcel7UsableAcres,Site,$AI$43,Site!$AI$43
N1Parcel7UsableHectares,Site,$AI$58,Site!$AI$58
N1Parcel7UsableLandComments,Site,$AI$61,Site!$AI$61
N1Parcel7UsableSF,Site,$AI$42,Site!$AI$42
N1Parcel7UsableSquareMeters,Site,$AI$59,Site!$AI$59
N1Parcel7UtilitesAdequacy,Site,$AI$115,Site!$AI$115
N1Parcel7View,Site,$AI$83,Site!$AI$83
N1Parcel7Visibility,Site,$AI$85,Site!$AI$85
N1Parcel7Water,Site,$AI$117,Site!$AI$117
N1Parcel7WaterFrontage,Site,$AI$75,Site!$AI$75
N1Parcel7WaterFrontageMeters,Site,$AI$81,Site!$AI$81
N1Parcel7WetlandsWatershedComments,Site,$AI$112,Site!$AI$112
N1Parcel8Access,Site,$AJ$84,Site!$AJ$84
N1Parcel8AccessWaterPort,Site,$AJ$125,Site!$AJ$125
N1Parcel8AccessWaterPortDescription,Site,$AJ$126,Site!$AJ$126
N1Parcel8Acres,Site,$AJ$39,Site!$AJ$39
N1Parcel8AverageDepth,Site,$AJ$74,Site!$AJ$74
N1Parcel8AverageDepthMeters,Site,$AJ$80,Site!$AJ$80
N1Parcel8Comments,Site,$AJ$131,Site!$AJ$131
N1Parcel8CornerLot,Site,$AJ$65,Site!$AJ$65
N1Parcel8CurbGutter,Site,$AJ$88,Site!$AJ$88
N1Parcel8CurrentUse,Site,$AJ$23,Site!$AJ$23
N1Parcel8EarthquakeZone,Site,$AJ$104,Site!$AJ$104
N1Parcel8EarthquakeZoneComment,Site,$AJ$106,Site!$AJ$106
N1Parcel8EffectiveWaterFrontage,Site,$AJ$76,Site!$AJ$76
N1Parcel8EffectiveWaterFrontageMeters,Site,$AJ$82,Site!$AJ$82
N1Parcel8Electricity,Site,$AJ$116,Site!$AJ$116
N1Parcel8EncumbranceorEasement,Site,$AJ$107,Site!$AJ$107
N1Parcel8EnvironmentalIssues,Site,$AJ$108,Site!$AJ$108
N1Parcel8ExcessAcres,Site,$AJ$41,Site!$AJ$41
N1Parcel8ExcessHectares,Site,$AJ$56,Site!$AJ$56
N1Parcel8ExcessLandComments,Site,$AJ$60,Site!$AJ$60
N1Parcel8ExcessSF,Site,$AJ$40,Site!$AJ$40
N1Parcel8ExcessSquareMeters,Site,$AJ$57,Site!$AJ$57
N1Parcel8FEMAMapDate,Site,$AJ$99,Site!$AJ$99
N1Parcel8FEMAMapNumber,Site,$AJ$98,Site!$AJ$98
N1Parcel8FloodZone,Site,$AJ$100,Site!$AJ$100
N1Parcel8FloodZoneArea,Site,$AJ$102,Site!$AJ$102
N1Parcel8FloodZoneComments,Site,$AJ$103,Site!$AJ$103
N1Parcel8FloodZoneIsIsNot,Site,$AJ$101,Site!$AJ$101
N1Parcel8Gas,Site,$AJ$119,Site!$AJ$119
N1Parcel8HBUSite,Site,$AJ$25,Site!$AJ$25
N1Parcel8HBUSiteComment,Site,$AJ$26,Site!$AJ$26
N1Parcel8Hectares,Site,$AJ$54,Site!$AJ$54
N1Parcel8ID,Site,$AJ$20,Site!$AJ$20
N1Parcel8IrrigationWater,Site,$AJ$122,Site!$AJ$122
N1Parcel8IrrigationWaterDescription,Site,$AJ$123,Site!$AJ$123
N1Parcel8Landscaping,Site,$AJ$91,Site!$AJ$91
N1Parcel8Latitude,Site,$AJ$35,Site!$AJ$35
N1Parcel8LegalDescription,Site,$AJ$33,Site!$AJ$33
N1Parcel8Location,Site,$AJ$21,Site!$AJ$21
N1Parcel8Longitude,Site,$AJ$36,Site!$AJ$36
N1Parcel8PrimaryFrontageStreetName,Site,$AJ$67,Site!$AJ$67
N1Parcel8PrimaryStreetFrontage,Site,$AJ$71,Site!$AJ$71
N1Parcel8PrimaryStreetFrontageMeters,Site,$AJ$78,Site!$AJ$78
N1Parcel8ProposedUse,Site,$AJ$24,Site!$AJ$24
N1Parcel8RailAccess,Site,$AJ$124,Site!$AJ$124
N1Parcel8SecondaryFrontageStreetName,Site,$AJ$68,Site!$AJ$68
N1Parcel8SecondaryStreetFrontage,Site,$AJ$72,Site!$AJ$72
N1Parcel8SecondaryStreetFrontageMeters,Site,$AJ$79,Site!$AJ$79
N1Parcel8Sewer,Site,$AJ$118,Site!$AJ$118
N1Parcel8SF,Site,$AJ$38,Site!$AJ$38
N1Parcel8Shape,Site,$AJ$95,Site!$AJ$95
N1Parcel8Sidewalk,Site,$AJ$87,Site!$AJ$87
N1Parcel8SoilConditions,Site,$AJ$96,Site!$AJ$96
N1Parcel8SquareMeters,Site,$AJ$55,Site!$AJ$55
N1Parcel8StreetLights,Site,$AJ$86,Site!$AJ$86
N1Parcel8Topography,Site,$AJ$93,Site!$AJ$93
N1Parcel8TrafficCount,Site,$AJ$29,Site!$AJ$29
N1Parcel8TrafficCountYear,Site,$AJ$32,Site!$AJ$32
N1Parcel8UndergroundUtilities,Site,$AJ$121,Site!$AJ$121
N1Parcel8UnitApprovedorZoned,Site,$AJ$64,Site!$AJ$64
N1Parcel8Units,Site,$AJ$62,Site!$AJ$62
N1Parcel8UnitType,Site,$AJ$63,Site!$AJ$63
N1Parcel8UsableAcres,Site,$AJ$43,Site!$AJ$43
N1Parcel8UsableHectares,Site,$AJ$58,Site!$AJ$58
N1Parcel8UsableLandComments,Site,$AJ$61,Site!$AJ$61
N1Parcel8UsableSF,Site,$AJ$42,Site!$AJ$42
N1Parcel8UsableSquareMeters,Site,$AJ$59,Site!$AJ$59
N1Parcel8UtilitesAdequacy,Site,$AJ$115,Site!$AJ$115
N1Parcel8View,Site,$AJ$83,Site!$AJ$83
N1Parcel8Visibility,Site,$AJ$85,Site!$AJ$85
N1Parcel8Water,Site,$AJ$117,Site!$AJ$117
N1Parcel8WaterFrontage,Site,$AJ$75,Site!$AJ$75
N1Parcel8WaterFrontageMeters,Site,$AJ$81,Site!$AJ$81
N1Parcel8WetlandsWatershedComments,Site,$AJ$112,Site!$AJ$112
N1Parcel9Access,Site,$AK$84,Site!$AK$84
N1Parcel9AccessWaterPort,Site,$AK$125,Site!$AK$125
N1Parcel9AccessWaterPortDescription,Site,$AK$126,Site!$AK$126
N1Parcel9Acres,Site,$AK$39,Site!$AK$39
N1Parcel9AverageDepth,Site,$AK$74,Site!$AK$74
N1Parcel9AverageDepthMeters,Site,$AK$80,Site!$AK$80
N1Parcel9Comments,Site,$AK$131,Site!$AK$131
N1Parcel9CornerLot,Site,$AK$65,Site!$AK$65
N1Parcel9CurbGutter,Site,$AK$88,Site!$AK$88
N1Parcel9CurrentUse,Site,$AK$23,Site!$AK$23
N1Parcel9EarthquakeZone,Site,$AK$104,Site!$AK$104
N1Parcel9EarthquakeZoneComment,Site,$AK$106,Site!$AK$106
N1Parcel9EffectiveWaterFrontage,Site,$AK$76,Site!$AK$76
N1Parcel9EffectiveWaterFrontageMeters,Site,$AK$82,Site!$AK$82
N1Parcel9Electricity,Site,$AK$116,Site!$AK$116
N1Parcel9EncumbranceorEasement,Site,$AK$107,Site!$AK$107
N1Parcel9EnvironmentalIssues,Site,$AK$108,Site!$AK$108
N1Parcel9ExcessAcres,Site,$AK$41,Site!$AK$41
N1Parcel9ExcessHectares,Site,$AK$56,Site!$AK$56
N1Parcel9ExcessLandComments,Site,$AK$60,Site!$AK$60
N1Parcel9ExcessSF,Site,$AK$40,Site!$AK$40
N1Parcel9ExcessSquareMeters,Site,$AK$57,Site!$AK$57
N1Parcel9FEMAMapDate,Site,$AK$99,Site!$AK$99
N1Parcel9FEMAMapNumber,Site,$AK$98,Site!$AK$98
N1Parcel9FloodZone,Site,$AK$100,Site!$AK$100
N1Parcel9FloodZoneArea,Site,$AK$102,Site!$AK$102
N1Parcel9FloodZoneComments,Site,$AK$103,Site!$AK$103
N1Parcel9FloodZoneIsIsNot,Site,$AK$101,Site!$AK$101
N1Parcel9Gas,Site,$AK$119,Site!$AK$119
N1Parcel9HBUSite,Site,$AK$25,Site!$AK$25
N1Parcel9HBUSiteComment,Site,$AK$26,Site!$AK$26
N1Parcel9Hectares,Site,$AK$54,Site!$AK$54
N1Parcel9ID,Site,$AK$20,Site!$AK$20
N1Parcel9IrrigationWater,Site,$AK$122,Site!$AK$122
N1Parcel9IrrigationWaterDescription,Site,$AK$123,Site!$AK$123
N1Parcel9Landscaping,Site,$AK$91,Site!$AK$91
N1Parcel9Latitude,Site,$AK$35,Site!$AK$35
N1Parcel9LegalDescription,Site,$AK$33,Site!$AK$33
N1Parcel9Location,Site,$AK$21,Site!$AK$21
N1Parcel9Longitude,Site,$AK$36,Site!$AK$36
N1Parcel9PrimaryFrontageStreetName,Site,$AK$67,Site!$AK$67
N1Parcel9PrimaryStreetFrontage,Site,$AK$71,Site!$AK$71
N1Parcel9PrimaryStreetFrontageMeters,Site,$AK$78,Site!$AK$78
N1Parcel9ProposedUse,Site,$AK$24,Site!$AK$24
N1Parcel9RailAccess,Site,$AK$124,Site!$AK$124
N1Parcel9SecondaryFrontageStreetName,Site,$AK$68,Site!$AK$68
N1Parcel9SecondaryStreetFrontage,Site,$AK$72,Site!$AK$72
N1Parcel9SecondaryStreetFrontageMeters,Site,$AK$79,Site!$AK$79
N1Parcel9Sewer,Site,$AK$118,Site!$AK$118
N1Parcel9SF,Site,$AK$38,Site!$AK$38
N1Parcel9Shape,Site,$AK$95,Site!$AK$95
N1Parcel9Sidewalk,Site,$AK$87,Site!$AK$87
N1Parcel9SoilConditions,Site,$AK$96,Site!$AK$96
N1Parcel9SquareMeters,Site,$AK$55,Site!$AK$55
N1Parcel9StreetLights,Site,$AK$86,Site!$AK$86
N1Parcel9Topography,Site,$AK$93,Site!$AK$93
N1Parcel9TrafficCount,Site,$AK$29,Site!$AK$29
N1Parcel9TrafficCountYear,Site,$AK$32,Site!$AK$32
N1Parcel9UndergroundUtilities,Site,$AK$121,Site!$AK$121
N1Parcel9UnitApprovedorZoned,Site,$AK$64,Site!$AK$64
N1Parcel9Units,Site,$AK$62,Site!$AK$62
N1Parcel9UnitType,Site,$AK$63,Site!$AK$63
N1Parcel9UsableAcres,Site,$AK$43,Site!$AK$43
N1Parcel9UsableHectares,Site,$AK$58,Site!$AK$58
N1Parcel9UsableLandComments,Site,$AK$61,Site!$AK$61
N1Parcel9UsableSF,Site,$AK$42,Site!$AK$42
N1Parcel9UsableSquareMeters,Site,$AK$59,Site!$AK$59
N1Parcel9UtilitesAdequacy,Site,$AK$115,Site!$AK$115
N1Parcel9View,Site,$AK$83,Site!$AK$83
N1Parcel9Visibility,Site,$AK$85,Site!$AK$85
N1Parcel9Water,Site,$AK$117,Site!$AK$117
N1Parcel9WaterFrontage,Site,$AK$75,Site!$AK$75
N1Parcel9WaterFrontageMeters,Site,$AK$81,Site!$AK$81
N1Parcel9WetlandsWatershedComments,Site,$AK$112,Site!$AK$112
N1ParcelsTotalAcres,Site,$AB$39,Site!$AB$39
N1ParcelsTotalEffectiveWaterFrontage,Site,$AB$76,Site!$AB$76
N1ParcelsTotalEffectiveWaterFrontageMeters,Site,$AB$82,Site!$AB$82
N1ParcelsTotalExcessAcres,Site,$AB$41,Site!$AB$41
N1ParcelsTotalExcessHectares,Site,$AB$56,Site!$AB$56
N1ParcelsTotalExcessSF,Site,$AB$40,Site!$AB$40
N1ParcelsTotalExcessSquareMeters,Site,$AB$57,Site!$AB$57
N1ParcelsTotalHectares,Site,$AB$54,Site!$AB$54
N1ParcelsTotalPrimaryStreetFrontage,Site,$AB$71,Site!$AB$71
N1ParcelsTotalPrimaryStreetFrontageMeters,Site,$AB$78,Site!$AB$78
N1ParcelsTotalSecondaryStreetFrontage,Site,$AB$72,Site!$AB$72
N1ParcelsTotalSecondaryStreetFrontageMeters,Site,$AB$79,Site!$AB$79
N1ParcelsTotalSF,Site,$AB$38,Site!$AB$38
N1ParcelsTotalSquareMeters,Site,$AB$55,Site!$AB$55
N1ParcelsTotalUnits,Site,$AB$62,Site!$AB$62
N1ParcelsTotalUsableAcres,Site,$AB$43,Site!$AB$43
N1ParcelsTotalUsableHectares,Site,$AB$58,Site!$AB$58
N1ParcelsTotalUsableSF,Site,$AB$42,Site!$AB$42
N1ParcelsTotalUsableSquareMeters,Site,$AB$59,Site!$AB$59
N1ParcelsTotalWaterFrontage,Site,$AB$75,Site!$AB$75
N1ParcelsTotalWaterFrontageMeters,Site,$AB$81,Site!$AB$81
N1Parking_Adequacy,Improvements,$AB$43,Improvements!$AB$43
N1PayRollExpense,Expense Grid,$BS$713:$BY$735,'Expense Grid'!$BS$713:$BY$735
N1PayrollTaxesAndHealthBenefitsExpense,Expense Grid,$BS$687:$BY$709,'Expense Grid'!$BS$687:$BY$709
N1PerCapitaConsumerSpendDisplayTable,Market Area,$AP$456:$AX$472,'Market Area'!$AP$456:$AX$472
N1PercentComplete,File Info,$I$19,'File Info'!$I$19
N1PermanentStructures,Cost,$T$207:$Z$228,Cost!$T$207:$Z$228
N1PGI,Capitalization and Multipliers,$J$66,'Capitalization and Multipliers'!$J$66
N1PopulationByAgeDisplayTable,Market Area,$AP$251:$AX$266,'Market Area'!$AP$251:$AX$266
N1PopulationChart,Market Area,$AP$224:$AX$248,'Market Area'!$AP$224:$AX$248
N1PopulationDistributionByAgeChart,Market Area,$AP$269:$AX$293,'Market Area'!$AP$269:$AX$293
N1Premise1,"Dates, Premises",$F$23,"'Dates, Premises'!$F$23"
N1Premise10,"Dates, Premises",$F$32,"'Dates, Premises'!$F$32"
N1Premise10ValueConclusion,Values,$K$81,Values!$K$81
N1Premise2,"Dates, Premises",$F$24,"'Dates, Premises'!$F$24"
N1Premise3,"Dates, Premises",$F$25,"'Dates, Premises'!$F$25"
N1Premise4,"Dates, Premises",$F$26,"'Dates, Premises'!$F$26"
N1Premise4ValueConclusion,Values,$K$75,Values!$K$75
N1Premise5,"Dates, Premises",$F$27,"'Dates, Premises'!$F$27"
N1Premise5ValueConclusion,Values,$K$76,Values!$K$76
N1Premise6,"Dates, Premises",$F$28,"'Dates, Premises'!$F$28"
N1Premise6ValueConclusion,Values,$K$77,Values!$K$77
N1Premise7,"Dates, Premises",$F$29,"'Dates, Premises'!$F$29"
N1Premise7ValueConclusion,Values,$K$78,Values!$K$78
N1Premise8,"Dates, Premises",$F$30,"'Dates, Premises'!$F$30"
N1Premise8ValueConclusion,Values,$K$79,Values!$K$79
N1Premise9,"Dates, Premises",$F$31,"'Dates, Premises'!$F$31"
N1Premise9ValueConclusion,Values,$K$80,Values!$K$80
N1PreviousSalesComments,"Contracts, History",$G$30,"'Contracts, History'!$G$30"
N1Price,"Contracts, History",$G$15,"'Contracts, History'!$G$15"
N1PriorServices,"Dates, Premises",$I$61,"'Dates, Premises'!$I$61"
N1ProfessionalServices,Expense Grid,$BS$555:$BY$577,'Expense Grid'!$BS$555:$BY$577
N1ProjectNotes,File Info,$I$25,'File Info'!$I$25
N1PropertyContactCompany,File Info,$I$242,'File Info'!$I$242
N1PropertyContactRole,File Info,$I$240,'File Info'!$I$240
N1PropertyContactSalutation,File Info,$I$244,'File Info'!$I$244
N1PropertyInspectionTable,File Info,$T$500:$X$505,'File Info'!$T$500:$X$505
N1PropertyMajorType,File Info,$I$100,'File Info'!$I$100
N1PropertyName,File Info,$I$87,'File Info'!$I$87
N1PropertyRights,"Contracts, History",$G$21,"'Contracts, History'!$G$21"
N1PropertyType,File Info,$I$102,'File Info'!$I$102
N1RA,Improvements,$AA$96,Improvements!$AA$96
N1RASqMeters,Improvements,$AA$99,Improvements!$AA$99
N1RentRoll,Rent Roll,$M$47:$AL$154,'Rent Roll'!$M$47:$AL$154
N1RentRollCommercialOccupancy,Rent Roll,$EH$380:$EN$425,'Rent Roll'!$EH$380:$EN$425
N1RentRollLeaseExpirations,Rent Roll,$GO$648:$GS$660,'Rent Roll'!$GO$648:$GS$660
N1RentRollMajorTenants,Rent Roll,$GC$625:$GH$638,'Rent Roll'!$GC$625:$GH$638
N1RentRollMarketRentBySpaceType,Rent Roll,$DM$317:$DR$338,'Rent Roll'!$DM$317:$DR$338
N1RentRollMarketRentByUnitType,Rent Roll,$DM$342:$DR$364,'Rent Roll'!$DM$342:$DR$364
N1RentRollOccupancy,Rent Roll,$EH$379:$ER$425,'Rent Roll'!$EH$379:$ER$425
N1RentRollPotentialGrossIncome,Rent Roll,$GY$725:$HG$792,'Rent Roll'!$GY$725:$HG$792
N1RentRollPotentialGrossIncomeOccupiedSpace,Rent Roll,$GY$725:$HG$754,'Rent Roll'!$GY$725:$HG$754
N1RentRollPotentialGrossIncomeSummary,Rent Roll,$GY$786:$HF$792,'Rent Roll'!$GY$786:$HF$792
N1RentRollPotentialGrossIncomeVacantSpace,Rent Roll,$GY$758:$HF$784,'Rent Roll'!$GY$758:$HF$784
N1RentRollRecentLeaseCutOffDate,Rent Roll,$FE$461,'Rent Roll'!$FE$461
N1RentRollRecentLeases,Rent Roll,$FB$463:$FI$476,'Rent Roll'!$FB$463:$FI$476
N1RentRollRecentMFLeases,Rent Roll,$FB$548:$FG$561,'Rent Roll'!$FB$548:$FG$561
N1RentRollRecentMultiFamilyLeaseCutOffDate,Rent Roll,$FD$546,'Rent Roll'!$FD$546
N1RentRollRentRange,Rent Roll,$FP$568:$FU$589,'Rent Roll'!$FP$568:$FU$589
N1RentRollStabilizationAdjustment,Rent Roll,$JS$1046,'Rent Roll'!$JS$1046
N1RentRollStabilizationCalculations,Rent Roll,$JQ$1027:$JW$1048,'Rent Roll'!$JQ$1027:$JW$1048
N1RentRollStabilizationDiscountRate,Rent Roll,$JS$1044,'Rent Roll'!$JS$1044
N1RentRollUnitLeaseExpirations,Rent Roll,$GO$681:$GS$693,'Rent Roll'!$GO$681:$GS$693
N1RentRollUnitRentRange,Rent Roll,$FP$593:$FV$614,'Rent Roll'!$FP$593:$FV$614
N1RepairsAndMaintenanceExpense,Expense Grid,$BS$450:$BY$472,'Expense Grid'!$BS$450:$BY$472
N1ReportDate,"Dates, Premises",$I$13,"'Dates, Premises'!$I$13"
N1ReportDatesTable,Summary,$F$70:$H$81,Summary!$F$70:$H$81
N1ReportFormat,Scope,$H$28,Scope!$H$28
N1ReportType,Scope,$H$26,Scope!$H$26
N1ReportTypeDescription,Scope,$H$30,Scope!$H$30
N1ReserveExpense,Expense Grid,$BS$922:$BY$944,'Expense Grid'!$BS$922:$BY$944
N1RetainerFee,File Info,$I$42,'File Info'!$I$42
N1ReturnMetricsSummaryTable,CashFlow-Returns,$E$32:$F$64,'CashFlow-Returns'!$E$32:$F$64
N1ReturnSummaryTable,CashFlow-Returns,$E$16:$Q$31,'CashFlow-Returns'!$E$16:$Q$31
N1RoadsAndGroundsExpense,Expense Grid,$BS$765:$BY$787,'Expense Grid'!$BS$765:$BY$787
N1SaleComp10AdjSentence1,Sales Grid,$BN$427,'Sales Grid'!$BN$427
N1SaleComp10AdjSentence2,Sales Grid,$BN$429,'Sales Grid'!$BN$429
N1SaleComp10AdjSentence3,Sales Grid,$BN$450,'Sales Grid'!$BN$450
N1SaleComp1AdjSentence1,Sales Grid,$BN$184,'Sales Grid'!$BN$184
N1SaleComp1AdjSentence2,Sales Grid,$BN$186,'Sales Grid'!$BN$186
N1SaleComp1AdjSentence3,Sales Grid,$BN$207,'Sales Grid'!$BN$207
N1SaleComp2AdjSentence1,Sales Grid,$BN$211,'Sales Grid'!$BN$211
N1SaleComp2AdjSentence2,Sales Grid,$BN$213,'Sales Grid'!$BN$213
N1SaleComp2AdjSentence3,Sales Grid,$BN$234,'Sales Grid'!$BN$234
N1SaleComp3AdjSentence1,Sales Grid,$BN$238,'Sales Grid'!$BN$238
N1SaleComp3AdjSentence2,Sales Grid,$BN$240,'Sales Grid'!$BN$240
N1SaleComp3AdjSentence3,Sales Grid,$BN$261,'Sales Grid'!$BN$261
N1SaleComp4AdjSentence1,Sales Grid,$BN$265,'Sales Grid'!$BN$265
N1SaleComp4AdjSentence2,Sales Grid,$BN$267,'Sales Grid'!$BN$267
N1SaleComp4AdjSentence3,Sales Grid,$BN$288,'Sales Grid'!$BN$288
N1SaleComp5AdjSentence1,Sales Grid,$BN$292,'Sales Grid'!$BN$292
N1SaleComp5AdjSentence2,Sales Grid,$BN$294,'Sales Grid'!$BN$294
N1SaleComp5AdjSentence3,Sales Grid,$BN$315,'Sales Grid'!$BN$315
N1SaleComp6AdjSentence1,Sales Grid,$BN$319,'Sales Grid'!$BN$319
N1SaleComp6AdjSentence2,Sales Grid,$BN$321,'Sales Grid'!$BN$321
N1SaleComp6AdjSentence3,Sales Grid,$BN$342,'Sales Grid'!$BN$342
N1SaleComp7AdjSentence1,Sales Grid,$BN$346,'Sales Grid'!$BN$346
N1SaleComp7AdjSentence2,Sales Grid,$BN$348,'Sales Grid'!$BN$348
N1SaleComp7AdjSentence3,Sales Grid,$BN$369,'Sales Grid'!$BN$369
N1SaleComp8AdjSentence1,Sales Grid,$BN$373,'Sales Grid'!$BN$373
N1SaleComp8AdjSentence2,Sales Grid,$BN$375,'Sales Grid'!$BN$375
N1SaleComp8AdjSentence3,Sales Grid,$BN$396,'Sales Grid'!$BN$396
N1SaleComp9AdjSentence1,Sales Grid,$BN$400,'Sales Grid'!$BN$400
N1SaleComp9AdjSentence2,Sales Grid,$BN$402,'Sales Grid'!$BN$402
N1SaleComp9AdjSentence3,Sales Grid,$BN$423,'Sales Grid'!$BN$423
N1SaleGridMapLegend,Sales Grid,$AV$157:$BA$169,'Sales Grid'!$AV$157:$BA$169
N1SaleGridSaleAdjValueRank,Sales Grid,$AQ$157:$AS$169,'Sales Grid'!$AQ$157:$AS$169
N1SaleHistoryAutoText,"Contracts, History",$G$32,"'Contracts, History'!$G$32"
N1SaleHistorySummary,"Contracts, History",$AB$94:$AG$113,"'Contracts, History'!$AB$94:$AG$113"
N1SalesApproachValue,Values,$G$20,Values!$G$20
N1SalesApproachValueText,Values,$L$52,Values!$L$52
N1SalesGrid,Sales Grid,$F$21:$J$98,'Sales Grid'!$F$21:$J$98
N1SalesGridAdj1,Sales Grid,$F$46,'Sales Grid'!$F$46
N1SalesGridAdj10,Sales Grid,$F$82,'Sales Grid'!$F$82
N1SalesGridAdj11,Sales Grid,$F$86,'Sales Grid'!$F$86
N1SalesGridAdj12,Sales Grid,$F$90,'Sales Grid'!$F$90
N1SalesGridAdj2,Sales Grid,$F$50,'Sales Grid'!$F$50
N1SalesGridAdj3,Sales Grid,$F$54,'Sales Grid'!$F$54
N1SalesGridAdj4,Sales Grid,$F$58,'Sales Grid'!$F$58
N1SalesGridAdj5,Sales Grid,$F$62,'Sales Grid'!$F$62
N1SalesGridAdj6,Sales Grid,$F$66,'Sales Grid'!$F$66
N1SalesGridAdj7,Sales Grid,$F$70,'Sales Grid'!$F$70
N1SalesGridAdj8,Sales Grid,$F$74,'Sales Grid'!$F$74
N1SalesGridAdj9,Sales Grid,$F$78,'Sales Grid'!$F$78
N1SalesGridAnalysisDate,Sales Grid,$G$26,'Sales Grid'!$G$26
N1SalesGridAverageValue,Sales Grid,$K$107,'Sales Grid'!$K$107
N1SalesGridHighValue,Sales Grid,$K$106,'Sales Grid'!$K$106
N1SalesGridIndicatedValue,Sales Grid,$K$111,'Sales Grid'!$K$111
N1SalesGridLowValue,Sales Grid,$K$105,'Sales Grid'!$K$105
N1SalesGridMedianValue,Sales Grid,$K$108,'Sales Grid'!$K$108
N1SalesGridRangesAndReconciledValue,Sales Grid,$F$103:$M$123,'Sales Grid'!$F$103:$M$123
N1SalesGridReconciledFinalValue,Sales Grid,$K$122,'Sales Grid'!$K$122
N1SalesGridReconciledFinalValueText,Sales Grid,$F$123,'Sales Grid'!$F$123
N1SalesGridReconciledValue,Sales Grid,$K$109,'Sales Grid'!$K$109
N1SalesGridSize,Sales Grid,$G$31,'Sales Grid'!$G$31
N1SalesGridUnadjustedAdjustedChart,Sales Grid,$F$128:$M$147,'Sales Grid'!$F$128:$M$147
N1SalesGridUnadjustedAverageValue,Sales Grid,$I$107,'Sales Grid'!$I$107
N1SalesGridUnadjustedHighValue,Sales Grid,$I$106,'Sales Grid'!$I$106
N1SalesGridUnadjustedLowValue,Sales Grid,$I$105,'Sales Grid'!$I$105
N1SalesGridUnadjustedMedianValue,Sales Grid,$I$108,'Sales Grid'!$I$108
N1SalesGridUnitOfComparison,Sales Grid,$M$109,'Sales Grid'!$M$109
N1SalesGridUnitOfComparisonProper,Sales Grid,$F$31,'Sales Grid'!$F$31
N1SalesPrimaryComp,Sales Grid,$AS$173,'Sales Grid'!$AS$173
N1SalesSecondaryComp,Sales Grid,$AS$174,'Sales Grid'!$AS$174
N1SalesTertiaryComp,Sales Grid,$AS$175,'Sales Grid'!$AS$175
N1SchoolDistrictSummary,Market Area,$E$99:$X$106,'Market Area'!$E$99:$X$106
N1ScopeCost,Scope,$H$72,Scope!$H$72
N1ScopeCostLogic,Scope,$H$74,Scope!$H$74
N1ScopeDevelopment,Scope,$H$92,Scope!$H$92
N1ScopeDevelopmentLogic,Scope,$H$94,Scope!$H$94
N1ScopeDisplayTable,Scope,$R$109:$S$119,Scope!$R$109:$S$119
N1ScopeIncome,Scope,$H$88,Scope!$H$88
N1ScopeIncomeLogic,Scope,$H$90,Scope!$H$90
N1ScopeInfoNotAvailable,Scope,$H$59,Scope!$H$59
N1ScopeInfoNotAvailable2,Scope,$H$61,Scope!$H$61
N1ScopeInfoNotAvailable3,Scope,$H$63,Scope!$H$63
N1ScopeInformationSources,Scope,$H$57,Scope!$H$57
N1ScopeInspection,Scope,$H$49,Scope!$H$49
N1ScopeIntendedUse,Scope,$H$15,Scope!$H$15
N1ScopeIntendedUsers,Scope,$H$17,Scope!$H$17
N1ScopeIntendedUsers_Automated,Scope,$H$19,Scope!$H$19
N1ScopeMarketAnalysis,Scope,$H$53,Scope!$H$53
N1ScopeMethodologyTable,Scope,$Y$148:$AA$151,Scope!$Y$148:$AA$151
N1ScopeOfHBU,Scope,$H$55,Scope!$H$55
N1ScopeOfWorkDisplayTable,Scope,$R$122:$S$141,Scope!$R$122:$S$141
N1ScopeProblemToBeSolved,Scope,$H$13,Scope!$H$13
N1ScopePropertyID,Scope,$H$47,Scope!$H$47
N1ScopeSales,Scope,$H$78,Scope!$H$78
N1ScopeSalesLogic,Scope,$H$80,Scope!$H$80
N1ScopeZoningAndLandUseControls,Scope,$H$51,Scope!$H$51
N1SecurityExpense,Expense Grid,$BS$739:$BY$761,'Expense Grid'!$BS$739:$BY$761
N1SewerExpense,Expense Grid,$BS$266:$BY$288,'Expense Grid'!$BS$266:$BY$288
N1Shape,Site,$AC$94,Site!$AC$94
N1SiteAgriculturalTable,Site,$BT$261:$CO$270,Site!$BT$261:$CO$270
N1SiteAreaCategorizationTable,Site,$DV$332:$DX$339,Site!$DV$332:$DX$339
N1SiteCharacteristicsTable,Site,$BT$199:$CO$225,Site!$BT$199:$CO$225
N1SiteHazardsTable,Site,$BT$227:$CN$244,Site!$BT$227:$CN$244
N1SiteSizeTable,Site,$BT$180:$CO$196,Site!$BT$180:$CO$196
N1SiteSummaryTable,Site,$BT$157:$CN$178,Site!$BT$157:$CN$178
N1SiteUtilitiesTable,Site,$BT$246:$CN$259,Site!$BT$246:$CN$259
N1Source_for_SF_Area,Improvements,$AB$44,Improvements!$AB$44
N1SpaceOrUnitTypeForComparison,Lease Grid,$H$123,'Lease Grid'!$H$123
N1SpendByIndustryChart,Market Area,$AP$502:$AX$526,'Market Area'!$AP$502:$AX$526
N1StabilizedVacancy,Rent Roll,$JS$1031,'Rent Roll'!$JS$1031
N1State,File Info,$I$118,'File Info'!$I$118
N1StateName,File Info,$I$120,'File Info'!$I$120
N1StrengthsOpportunitiesTable,Summary,$F$195:$H$205,Summary!$F$195:$H$205
N1SubjectCommercialLeaseSummary,Summary,$AM$360:$CE$476,Summary!$AM$360:$CE$476
N1SubjectLodgingAndHospitalitySummary,Summary,$DV$645:$DX$651,Summary!$DV$645:$DX$651
N1SubjectPredominantLeaseDefinition,Rent Roll,$V$245,'Rent Roll'!$V$245
N1SubjectPredominantLeaseType,Rent Roll,$X$157,'Rent Roll'!$X$157
N1SubjectSeniorHousingSummary,Summary,$DK$624:$DP$638,Summary!$DK$624:$DP$638
N1SubjectSummaryTable,Summary,$F$12:$H$51,Summary!$F$12:$H$51
N1SubjectUnitLeaseSummary,Summary,$CM$488:$DD$618,Summary!$CM$488:$DD$618
N1SubMarket,File Info,$I$134,'File Info'!$I$134
N1SubmarketAnalyticsTrends,Submarket Analytics,$AI$25:$BB$179,'Submarket Analytics'!$AI$25:$BB$179
N1SubmarketClassAnalyticsTrends,Submarket Analytics,$AI$220:$BB$513,'Submarket Analytics'!$AI$220:$BB$513
N1SubmarketClassSupplyAndDemandChart,Submarket Analytics,$AI$535:$BB$551,'Submarket Analytics'!$AI$535:$BB$551
N1SubmarketClassVacancyVsEffectiveRentChart,Submarket Analytics,$AI$516:$BB$532,'Submarket Analytics'!$AI$516:$BB$532
N1SubmarketSupplyAndDemandChart,Submarket Analytics,$AI$201:$BB$217,'Submarket Analytics'!$AI$201:$BB$217
N1SubmarketVacancyVsEffectiveRentChart,Submarket Analytics,$AI$182:$BB$198,'Submarket Analytics'!$AI$182:$BB$198
N1TaxExpense,Expense Grid,$BS$84:$BY$106,'Expense Grid'!$BS$84:$BY$106
N1TaxHistoryChart,Assessment,$DH$185:$DS$201,Assessment!$DH$185:$DS$201
N1TaxHistoryTable,Assessment,$DH$176:$DS$182,Assessment!$DH$176:$DS$182
N1TaxSummaryTable,Assessment,$AM$66:$AN$77,Assessment!$AM$66:$AN$77
N1TenancySummaryTable,Summary,$F$54:$H$67,Summary!$F$54:$H$67
N1TenantImprovementsExpense,Expense Grid,$BS$869:$BY$891,'Expense Grid'!$BS$869:$BY$891
N1TimeAdjustment,Sales Grid,$H$41,'Sales Grid'!$H$41
N1TimeAdjustment2,Sales Grid,$H$43,'Sales Grid'!$H$43
N1Topography,Site,$AC$92,Site!$AC$92
N1TotalConsumerSpendingChart,Market Area,$AP$475:$AX$499,'Market Area'!$AP$475:$AX$499
N1TotalEmployeesChart,Market Area,$AP$429:$AX$453,'Market Area'!$AP$429:$AX$453
N1TotalHouseholdsChart,Market Area,$AP$337:$AX$361,'Market Area'!$AP$337:$AX$361
N1TotalInsurableValue,Values,$G$64,Values!$G$64
N1TotalUtilitiesExpense,Expense Grid,$BS$372:$BY$394,'Expense Grid'!$BS$372:$BY$394
N1TrashExpense,Expense Grid,$BS$345:$BY$367,'Expense Grid'!$BS$345:$BY$367
N1TypeOfValue,"Dates, Premises",$I$25,"'Dates, Premises'!$I$25"
N1UnitFeaturesProjectAmenitiesTable,Improvements,$EG$506:$EK$733,Improvements!$EG$506:$EK$733
N1UnitLeaseExpirationsChart,Rent Roll,$GO$696:$GS$711,'Rent Roll'!$GO$696:$GS$711
N1UnitLeaseRentRoll,Rent Roll,$M$276:$AD$307,'Rent Roll'!$M$276:$AD$307
N1UnitsComparableRentSummaryTable,Lease Grid,$DL$669:$DW$681,'Lease Grid'!$DL$669:$DW$681
N1UnitsComparableRentSummaryTableType1,Lease Grid,$DL$686:$DW$699,'Lease Grid'!$DL$686:$DW$699
N1UnitsComparableRentSummaryTableType10,Lease Grid,$DL$866:$DW$879,'Lease Grid'!$DL$866:$DW$879
N1UnitsComparableRentSummaryTableType11,Lease Grid,$DL$886:$DW$899,'Lease Grid'!$DL$886:$DW$899
N1UnitsComparableRentSummaryTableType12,Lease Grid,$DL$906:$DW$919,'Lease Grid'!$DL$906:$DW$919
N1UnitsComparableRentSummaryTableType13,Lease Grid,$DL$926:$DW$939,'Lease Grid'!$DL$926:$DW$939
N1UnitsComparableRentSummaryTableType14,Lease Grid,$DL$946:$DW$959,'Lease Grid'!$DL$946:$DW$959
N1UnitsComparableRentSummaryTableType15,Lease Grid,$DL$965:$DW$978,'Lease Grid'!$DL$965:$DW$978
N1UnitsComparableRentSummaryTableType2,Lease Grid,$DL$706:$DW$719,'Lease Grid'!$DL$706:$DW$719
N1UnitsComparableRentSummaryTableType3,Lease Grid,$DL$726:$DW$739,'Lease Grid'!$DL$726:$DW$739
N1UnitsComparableRentSummaryTableType4,Lease Grid,$DL$746:$DW$759,'Lease Grid'!$DL$746:$DW$759
N1UnitsComparableRentSummaryTableType5,Lease Grid,$DL$766:$DW$779,'Lease Grid'!$DL$766:$DW$779
N1UnitsComparableRentSummaryTableType6,Lease Grid,$DL$786:$DW$799,'Lease Grid'!$DL$786:$DW$799
N1UnitsComparableRentSummaryTableType7,Lease Grid,$DL$806:$DW$819,'Lease Grid'!$DL$806:$DW$819
N1UnitsComparableRentSummaryTableType8,Lease Grid,$DL$826:$DW$839,'Lease Grid'!$DL$826:$DW$839
N1UnitsComparableRentSummaryTableType9,Lease Grid,$DL$846:$DW$859,'Lease Grid'!$DL$846:$DW$859
N1Vacancy,Capitalization and Multipliers,$K$67,'Capitalization and Multipliers'!$K$67
N1VacancyAmount,Capitalization and Multipliers,$J$67,'Capitalization and Multipliers'!$J$67
N1VacancyRate,Capitalization and Multipliers,$K$67,'Capitalization and Multipliers'!$K$67
N1VacancyStatusChart,Rent Roll,$EH$431:$ER$453,'Rent Roll'!$EH$431:$ER$453
N1ValuationPremiseTable,Valuation,$E$12:$K$68,Valuation!$E$12:$K$68
N1ValueConclusionTable,Values,$AM$120:$AQ$131,Values!$AM$120:$AQ$131
N1ValueSummaryTable,Values,$V$97:$AF$112,Values!$V$97:$AF$112
N1VerticalBuildingSummaryTable,Improvements,$BI$294:$BT$431,Improvements!$BI$294:$BT$431
N1VerticalSiteSummaryTable,Site,$BT$157:$CO$270,Site!$BT$157:$CO$270
N1WaterExpense,Expense Grid,$BS$240:$BY$262,'Expense Grid'!$BS$240:$BY$262
N1WeaknessesThreatsTable,Summary,$F$211:$H$221,Summary!$F$211:$H$221
N1Zip,File Info,$I$122,'File Info'!$I$122
N1Zoning,Zoning,$Z$22,Zoning!$Z$22
N1ZoningAuthority,Zoning,$Z$20,Zoning!$Z$20
N1ZoningBuildingHeight,Zoning,$Z$39,Zoning!$Z$39
N1ZoningChangeDescription,Zoning,$Z$27,Zoning!$Z$27
N1ZoningChangeLikely,Zoning,$Z$28,Zoning!$Z$28
N1ZoningComments,Zoning,$Z$43,Zoning!$Z$43
N1ZoningDescription,Zoning,$Z$23,Zoning!$Z$23
N1ZoningLegallyConforming,Zoning,$Z$25,Zoning!$Z$25
N1ZoningPermittedUses,Zoning,$Z$33,Zoning!$Z$33
N1ZoningSetBackDistance,Zoning,$Z$36,Zoning!$Z$36
N1ZoningSideYardDistance,Zoning,$Z$37,Zoning!$Z$37
N1ZoningSummary,Zoning,$BH$51:$BR$75,Zoning!$BH$51:$BR$75
NavigateCapRates,Capitalization and Multipliers,$C$127,'Capitalization and Multipliers'!$C$127
NavigateCharts,Capitalization and Multipliers,$C$226,'Capitalization and Multipliers'!$C$226
NavigateCompCapRates,Capitalization and Multipliers,$C$154,'Capitalization and Multipliers'!$C$154
NavigateDCR,Capitalization and Multipliers,$C$144,'Capitalization and Multipliers'!$C$144
NavigateEGIM,Capitalization and Multipliers,$C$294,'Capitalization and Multipliers'!$C$294
NavigateNIM,Capitalization and Multipliers,$C$324,'Capitalization and Multipliers'!$C$324
NIMLookupFormula,Capitalization and Multipliers,$H$326,'Capitalization and Multipliers'!$H$326
NIMLookupID,Capitalization and Multipliers,$F$326,'Capitalization and Multipliers'!$F$326
NoYesDD,PartnerLists,$VI$2:$VI$3,PartnerLists!$VI$2:$VI$3
NumberAssessedParcels,Assessment,$B$15,Assessment!$B$15
NumberOfBuildings,Improvements,$AB$24,Improvements!$AB$24
NumberOfComps,Sales Grid,$G$18,'Sales Grid'!$G$18
NumberOfParcels,Site,$AC$12,Site!$AC$12
NumberUnitsColumnAnchor,Rent Roll,$Q$50,'Rent Roll'!$Q$50
Occupancy,Rent Roll,$M$11,'Rent Roll'!$M$11
OccupancyShowHide,Rent Roll,$EH$383:$EH$422,'Rent Roll'!$EH$383:$EH$422
OccupancyToggleShowHide,Rent Roll,$EC$380:$EC$425,'Rent Roll'!$EC$380:$EC$425
OccupiedSpaceShowHide,Rent Roll,$GY$728:$GY$748,'Rent Roll'!$GY$728:$GY$748
OccupiedSpaceToggleShowHide,Rent Roll,$GW$749:$GW$751,'Rent Roll'!$GW$749:$GW$751
Office,File Info,$R$102:$R$114,'File Info'!$R$102:$R$114
OriginalEconomicOverview,Market Analytics,$CA$560,'Market Analytics'!$CA$560
OtherIncomeCategories,Capitalization and Multipliers,$J$61:$J$65,'Capitalization and Multipliers'!$J$61:$J$65
OtherIncomeShowHide,Capitalization and Multipliers,$C$61:$C$69,'Capitalization and Multipliers'!$C$61:$C$69
OtherLeaseRank,Rent Roll,$E$278:$E$304,'Rent Roll'!$E$278:$E$304
OverallPropertySectionShowHide,Improvements,$P$17:$P$51,Improvements!$P$17:$P$51
Parcel1,Site,$AC$18,Site!$AC$18
Parcel10,Site,$AL$18,Site!$AL$18
Parcel11,Site,$AM$18,Site!$AM$18
Parcel12,Site,$AN$18,Site!$AN$18
Parcel13,Site,$AO$18,Site!$AO$18
Parcel14,Site,$AP$18,Site!$AP$18
Parcel15,Site,$AQ$18,Site!$AQ$18
Parcel16,Site,$AR$18,Site!$AR$18
Parcel17,Site,$AS$18,Site!$AS$18
Parcel18,Site,$AT$18,Site!$AT$18
Parcel19,Site,$AU$18,Site!$AU$18
Parcel2,Site,$AD$18,Site!$AD$18
Parcel20,Site,$AV$18,Site!$AV$18
Parcel3,Site,$AE$18,Site!$AE$18
Parcel4,Site,$AF$18,Site!$AF$18
Parcel5,Site,$AG$18,Site!$AG$18
Parcel6,Site,$AH$18,Site!$AH$18
Parcel7,Site,$AI$18,Site!$AI$18
Parcel8,Site,$AJ$18,Site!$AJ$18
Parcel9,Site,$AK$18,Site!$AK$18
ParcelCountList,Site,$U$11:$U$33,Site!$U$11:$U$33
ParcelFreeze,Site,$AB$20,Site!$AB$20
PayrollExpCategories,Capitalization and Multipliers,$G$91:$G$94,'Capitalization and Multipliers'!$G$91:$G$94
PayrollSum,Capitalization and Multipliers,$G$95,'Capitalization and Multipliers'!$G$95
PER,Investor Survey Input,$G$26,'Investor Survey Input'!$G$26
Peru,Property Types,$G$134:$G$158,'Property Types'!$G$134:$G$158
PGIType,Rent Roll,$HU$727,'Rent Roll'!$HU$727
PopCapRate,Capitalization and Multipliers,$M$212,'Capitalization and Multipliers'!$M$212
PopExpReimbursement,Capitalization and Multipliers,$Q$111,'Capitalization and Multipliers'!$Q$111
PopulateUnitFeatAndAmen,Improvements,$EE$736,Improvements!$EE$736
PremiseHeaders,"Dates, Premises",$F$22:$Q$22,"'Dates, Premises'!$F$22:$Q$22"
PremisesLookup,"Dates, Premises",$F$22:$Q$32,"'Dates, Premises'!$F$22:$Q$32"
PriceAdjTotal,Sales Grid,$F$18,'Sales Grid'!$F$18
PriceAdjustment,Sales Grid,$B$28:$B$29,'Sales Grid'!$B$28:$B$29
PriceAnalyzed,"Contracts, History",$G$41,"'Contracts, History'!$G$41"
PriceNetGross,Land Grid,$F$98:$F$99,'Land Grid'!$F$98:$F$99
PriorServicesShowHide,"Dates, Premises",$H$60:$H$62,"'Dates, Premises'!$H$60:$H$62"
prmAPI_InvestorSurvey_MSA,Capitalization and Multipliers,$AE$380,'Capitalization and Multipliers'!$AE$380
prmAPI_InvestorSurvey_Period,Capitalization and Multipliers,$AE$381,'Capitalization and Multipliers'!$AE$381
prmAPI_InvestorSurvey_PeriodEnd,Capitalization and Multipliers,$AE$382,'Capitalization and Multipliers'!$AE$382
prmAPI_InvestorSurvey_PropertyType,Capitalization and Multipliers,$AE$379,'Capitalization and Multipliers'!$AE$379
prmAPI_InvestorSurvey_Search_endPeriod,Capitalization and Multipliers,$Y$381,'Capitalization and Multipliers'!$Y$381
prmAPI_InvestorSurvey_Search_PropertyType,Capitalization and Multipliers,$Y$379,'Capitalization and Multipliers'!$Y$379
prmAPI_InvestorSurvey_Search_Source,Capitalization and Multipliers,$Y$380,'Capitalization and Multipliers'!$Y$380
prmAPI_InvestorSurvey_Search_startPeriod,Capitalization and Multipliers,$Y$382,'Capitalization and Multipliers'!$Y$382
ProblemSectionShowHide,Scope,$G$12:$G$20,Scope!$G$12:$G$20
ProjectAmenitiesColumn,Improvements,$EH$552:$EH$733,Improvements!$EH$552:$EH$733
Projection1ColumnSource,Income-Expense Summary,$L$11,'Income-Expense Summary'!$L$11
ProjectionPercentage1,Income-Expense Summary,$L$22,'Income-Expense Summary'!$L$22
ProjectionPercentage2,Income-Expense Summary,$O$22,'Income-Expense Summary'!$O$22
ProjectionSource,Income-Expense Summary,$F$11,'Income-Expense Summary'!$F$11
ProjectName,File Info,$F$5,'File Info'!$F$5
PropertyContactSectionShowHide,File Info,$H$239:$H$270,'File Info'!$H$239:$H$270
pvaAA_compRent_ConcatIds,Lease Grid,$H$2,'Lease Grid'!$H$2
pvaAA_compSale_ConcatIds,Sales Grid,$H$2,'Sales Grid'!$H$2
pvaAA_MF_LeaseUp_AbsorptionMonths,MF Lease Up,$O$13,'MF Lease Up'!$O$13
pvaAA_MF_LeaseUp_ConcessionMonths,MF Lease Up,$J$78,'MF Lease Up'!$J$78
pvaAA_MF_LeaseUp_DiscountRate,MF Lease Up,$S$10,'MF Lease Up'!$S$10
pvaAA_MF_LeaseUp_EntreprenProfitPct,MF Lease Up,$J$79,'MF Lease Up'!$J$79
pvaAA_MF_LeaseUp_ExpenseInflation,MF Lease Up,$S$9,'MF Lease Up'!$S$9
pvaAA_MF_LeaseUp_ExpPctBeginning,MF Lease Up,$O$14,'MF Lease Up'!$O$14
pvaAA_MF_LeaseUp_IncomeInflation,MF Lease Up,$S$8,'MF Lease Up'!$S$8
pvaAA_MF_LeaseUp_RoundTo,MF Lease Up,$O$85,'MF Lease Up'!$O$85
pvaAA_MF_MarketRentPerUnit,MF Market Rent,$FZ$838:$GJ$3470,'MF Market Rent'!$FZ$838:$GJ$3470
pvaAE_CFimportAnnualAfterYr1,AE_DataExchange,$C$14,AE_DataExchange!$C$14
pvaAE_InflationUnique,AE_Inflation,R2,"AE_Inflation!$R$2:INDEX(AE_Inflation!$R:$R,COUNTIF(AE_Inflation!$R:$R,""?*""))"
pvaAE_Paid,DCF Assumptions,$D$3,'DCF Assumptions'!$D$3
pvaAE_PreserveExistingData,AE_DataExchange,$C$13,AE_DataExchange!$C$13
pvaAE_PropertyAssetRow,DCF Assumptions,$C$3,'DCF Assumptions'!$C$3
pvaAgency,File Info,$U$142,'File Info'!$U$142
pvaAPI_InvestorSurvey_Geographies,Investor Survey Output,$F$14,'Investor Survey Output'!$F$14
pvaAPI_InvestorSurvey_MSA,Investor Survey Output,$F$11,'Investor Survey Output'!$F$11
pvaAPI_InvestorSurvey_PeriodEnd,Investor Survey Output,$F$12,'Investor Survey Output'!$F$12
pvaAPI_InvestorSurvey_PeriodStart,Investor Survey Output,$F$13,'Investor Survey Output'!$F$13
pvaAPI_InvestorSurvey_PropType,Investor Survey Output,$F$10,'Investor Survey Output'!$F$10
pvaC1,Cost Approach,$C$2:$R$56,'Cost Approach'!$C$2:$R$56
pvaC10,Cost Approach,$EM$420:$EX$428,'Cost Approach'!$EM$420:$EX$428
pvaC11,Cost Approach,$EM$429:$EX$436,'Cost Approach'!$EM$429:$EX$436
pvaC12,Cost Approach,$FA$438:$FR$496,'Cost Approach'!$FA$438:$FR$496
pvaC13,Cost Approach,$FT$498:$GC$517,'Cost Approach'!$FT$498:$GC$517
pvaC14,Cost Approach,$GE$519:$GN$569,'Cost Approach'!$GE$519:$GN$569
pvaC15,Cost Approach,$GP$571:$GW$580,'Cost Approach'!$GP$571:$GW$580
pvaC16,Cost Approach,$GY$582:$HK$600,'Cost Approach'!$GY$582:$HK$600
pvaC17,Cost Approach,$IX$663:$JE$677,'Cost Approach'!$IX$663:$JE$677
pvaC18,Cost Approach,$JG$679:$JQ$690,'Cost Approach'!$JG$679:$JQ$690
pvaC19,Cost Approach,$JS$692:$KA$702,'Cost Approach'!$JS$692:$KA$702
pvaC2,Cost Approach,$W$58:$AL$111,'Cost Approach'!$W$58:$AL$111
pvaC20,Cost Approach,$KC$704:$KM$716,'Cost Approach'!$KC$704:$KM$716
pvaC21,Cost Approach,$KO$718:$KZ$727,'Cost Approach'!$KO$718:$KZ$727
pvaC22,Cost Approach,$LB$729:$LJ$781,'Cost Approach'!$LB$729:$LJ$781
pvaC23,Cost Approach,$LL$783:$LT$837,'Cost Approach'!$LL$783:$LT$837
pvaC24,Cost Approach,$LV$839:$MD$889,'Cost Approach'!$LV$839:$MD$889
pvaC25,Cost Approach,$MF$891:$MZ$1031,'Cost Approach'!$MF$891:$MZ$1031
pvaC26,Cost Approach,$NB$1033:$NO$1137,'Cost Approach'!$NB$1033:$NO$1137
pvaC27,Cost Approach,$NS$1140:$OD$1174,'Cost Approach'!$NS$1140:$OD$1174
pvaC28,Cost Approach,$OF$1177:$OX$1213,'Cost Approach'!$OF$1177:$OX$1213
pvaC29,Cost Approach,$HN$603:$HT$616,'Cost Approach'!$HN$603:$HT$616
pvaC3,Cost Approach,$AO$113:$BB$172,'Cost Approach'!$AO$113:$BB$172
pvaC30,Cost Approach,$HV$618:$IC$632,'Cost Approach'!$HV$618:$IC$632
pvaC31,Cost Approach,$IE$634:$IM$647,'Cost Approach'!$IE$634:$IM$647
pvaC32,Cost Approach,$IO$649:$IV$661,'Cost Approach'!$IO$649:$IV$661
pvaC3a,Cost Approach,$AO$109:$BB$111,'Cost Approach'!$AO$109:$BB$111
pvaC4,Cost Approach,$BD$174:$BY$225,'Cost Approach'!$BD$174:$BY$225
pvaC5,Cost Approach,$CA$227:$CR$250,'Cost Approach'!$CA$227:$CR$250
pvaC6,Cost Approach,$CZ$252:$DG$265,'Cost Approach'!$CZ$252:$DG$265
pvaC7,Cost Approach,$DJ$267:$DV$286,'Cost Approach'!$DJ$267:$DV$286
pvaC8,Cost Approach,$DY$288:$EK$344,'Cost Approach'!$DY$288:$EK$344
pvaC9,Cost Approach,$DY$346:$EK$363,'Cost Approach'!$DY$346:$EK$363
pvaCapRatePremiumDescriptionDD,PartnerLists,$RH$2:$RH$6,PartnerLists!$RH$2:$RH$6
pvaCbsaId,File Info,$T$130,'File Info'!$T$130
pvaCOA_Flex_Expense1,Settings,$G$98,Settings!$G$98
pvaCOA_Flex_Expense2,Settings,$G$99,Settings!$G$99
pvaCOA_Flex_OtherIncome1,Settings,$G$97,Settings!$G$97
pvaCompEmphasisDD,PartnerLists,$DR$2:$DR$11,PartnerLists!$DR$2:$DR$11
pvaCompEmphasisDD2,PartnerLists,$DS$2:$DS$6,PartnerLists!$DS$2:$DS$6
pvaCostApproach_CostComps_CostBudget,Cost Approach Setup,$J$5,'Cost Approach Setup'!$J$5
pvaCostApproach_CostCompsHasIndirect,Cost Approach Setup,$G$9,'Cost Approach Setup'!$G$9
pvaCostApproach_CostorInsurable,Cost Approach Setup,$G$6,'Cost Approach Setup'!$G$6
pvaCostApproach_ExtObsAnalysis,Cost Approach Setup,$G$7,'Cost Approach Setup'!$G$7
pvaCostApproach_GoingConcern,Cost Approach Setup,$G$12,'Cost Approach Setup'!$G$12
pvaCostApproach_HasCostBudget,Cost Approach Setup,$G$10,'Cost Approach Setup'!$G$10
pvaCostApproach_HasCostComps,Cost Approach Setup,$G$8,'Cost Approach Setup'!$G$8
pvaCostApproach_InsurableValueDD,Cost Approach Setup,$G$11,'Cost Approach Setup'!$G$11
pvaCurrencyForm0,txt_All,$D$38,txt_All!$D$38
pvaCurrencyForm2,txt_All,$D$37,txt_All!$D$37
pvaDcfSoftwareDD,PartnerLists,$MR$2:$MR$4,PartnerLists!$MR$2:$MR$4
pvaDemoAddress,tblMarketDataInfo,$F$12,tblMarketDataInfo!$F$12
pvaDemoCbsaId,tblMarketDataInfo,$F$14,tblMarketDataInfo!$F$14
pvaDemoDeleteExistingData,tblMarketDataInfo,$F$20,tblMarketDataInfo!$F$20
pvaDemoFipsId,tblMarketDataInfo,$F$15,tblMarketDataInfo!$F$15
pvaDemoImportZip,tblMarketDataInfo,$F$19,tblMarketDataInfo!$F$19
pvaDemoLatitude,tblMarketDataInfo,$F$17,tblMarketDataInfo!$F$17
pvaDemoLongitude,tblMarketDataInfo,$F$18,tblMarketDataInfo!$F$18
pvaDemoRadii,tblMarketDataInfo,$F$10,tblMarketDataInfo!$F$10
pvaDemoRadius1,tblMarketDataInfo,$F$2,tblMarketDataInfo!$F$2
pvaDemoRadius2,tblMarketDataInfo,$F$3,tblMarketDataInfo!$F$3
pvaDemoRadius3,tblMarketDataInfo,$F$4,tblMarketDataInfo!$F$4
pvaDemoRadiusType,tblMarketDataInfo,$F$5,tblMarketDataInfo!$F$5
pvaDemos_CBSAorCounty,txt_All,$E$66,txt_All!$E$66
pvaDemosSpecialtySets,Demographics,$AM$2:$AM$7,Demographics!$AM$2:$AM$7
pvaDemoStateId,tblMarketDataInfo,$F$13,tblMarketDataInfo!$F$13
pvaDemoZipCode,tblMarketDataInfo,$F$16,tblMarketDataInfo!$F$16
pvaDirectCapConclusion,DirectCapConclusion,$R$22:$AK$63,DirectCapConclusion!$R$22:$AK$63
pvaDisplayNameApp1,txt_All,$D$97,txt_All!$D$97
pvaDisplayNameApp2,txt_All,$D$98,txt_All!$D$98
pvaDisplayNameApp3,txt_All,$D$99,txt_All!$D$99
pvaDisplayNameApp4,txt_All,$D$100,txt_All!$D$100
pvaEsriCY,Demographics,$R$9,Demographics!$R$9
pvaEsriFY,Demographics,$R$10,Demographics!$R$10
pvaExpenseCompsAutoSelect.DataBody,Expense Comps Filtered,$BF$5:$CE$504,'Expense Comps Filtered'!$BF$5:$CE$504
pvaExpenseCompsAutoSelect.Headers,Expense Comps Filtered,$BF$4:$CE$4,'Expense Comps Filtered'!$BF$4:$CE$4
pvaExpenseCompsAutoSelect_UserOverride,Expense Comps Select,$Y$12:$BD$12,'Expense Comps Select'!$Y$12:$BD$12
pvaExpenseCompsPropertyTypeKeyOverride,File Info,$U$120,'File Info'!$U$120
pvaExportFilename_InvestorSurvey,PartnerLists,$VW$2,PartnerLists!$VW$2
pvaFileConfigActionDD,tblFileConfig,$L$2:$L$22,tblFileConfig!$L$2:$L$22
pvaFileInfoShowHide,File Info,$E$7:$N$492,'File Info'!$E$7:$N$492
pvaFilename_FileBifurcate,File Bifurcate,$H$2,'File Bifurcate'!$H$2
pvaFipsId,File Info,$T$128,'File Info'!$T$128
pvaFNMA_Attributes,PartnerLists,$MC$2,PartnerLists!$MC$2
pvaFNMA_DealIdentifier,File Info,$U$146,'File Info'!$U$146
pvagency,File Info,$R$146,'File Info'!$R$146
pvaGridComps_MarketDataAPI,PartnerLists,$MU$15,PartnerLists!$MU$15
pvaHasEsriIntegration,tblMarketDataInfo,$F$21,tblMarketDataInfo!$F$21
pvaHazardousSubstancesDD,PartnerLists,$EG$2:$EG$3,PartnerLists!$EG$2:$EG$3
pvaHotelReportScope,File Info,$U$148,'File Info'!$U$148
pvaIE_CapRateProj1_Input,ProForma,$GB$602,ProForma!$GB$602
pvaIE_CapRateProj2_Input,ProForma,$GP$602,ProForma!$GP$602
pvaIE_CapRateProj3_Input,ProForma,$HD$602,ProForma!$HD$602
pvaIE_CapRateProj4_Input,ProForma,$HR$602,ProForma!$HR$602
pvaIE_CapRateProj5_Input,ProForma,$IF$602,ProForma!$IF$602
pvaIE_CapRateProj6_Input,ProForma,$IT$602,ProForma!$IT$602
pvaIE_ProForma,ProForma,$E$1:$IW$649,ProForma!$E$1:$IW$649
pvaIE_Proj1_Premise,ProForma,$GA$17,ProForma!$GA$17
pvaIE_Proj2_Premise,ProForma,$GO$17,ProForma!$GO$17
pvaIE_Proj3_Premise,ProForma,$HC$17,ProForma!$HC$17
pvaIE_Proj4_Premise,ProForma,$HQ$17,ProForma!$HQ$17
pvaIE_Proj5_Premise,ProForma,$IE$17,ProForma!$IE$17
pvaIE_Proj6_Premise,ProForma,$IS$17,ProForma!$IS$17
pvaIECompAPISource,PartnerLists,$OK$18,PartnerLists!$OK$18
pvaIllinoisAMC_YN,Scope,$AY$198,Scope!$AY$198
pvaIncomeApproach_DcfSoftwareUsed,Income Approach Setup,$H$18,'Income Approach Setup'!$H$18
pvaIncomeApproach_HasBudget,Income Approach Setup,$H$11,'Income Approach Setup'!$H$11
pvaIncomeApproach_HasLeaseAbstracts,Income Approach Setup,$H$12,'Income Approach Setup'!$H$12
pvaIncomeApproach_IncReservesOpExRatio,Income Approach Setup,$H$15,'Income Approach Setup'!$H$15
pvaIncomeApproach_IsStabilized,Income Approach Setup,$H$13,'Income Approach Setup'!$H$13
pvaIncomeApproach_KeepOnlyMostRecentStmt,Income Approach Setup,$H$26,'Income Approach Setup'!$H$26
pvaIncomeApproach_MethodsUsed,Income Approach Setup,$H$16,'Income Approach Setup'!$H$16
pvaIncomeApproach_MFExpenseReimbursements,Income Approach Setup,$H$20,'Income Approach Setup'!$H$20
pvaIncomeApproach_QtyLeaseGrids,Income Approach Setup,$H$8,'Income Approach Setup'!$H$8
pvaIncomeApproach_QtyProjections,Income Approach Setup,$H$14,'Income Approach Setup'!$H$14
pvaIncomeApproach_QtyStatements,Income Approach Setup,$H$9,'Income Approach Setup'!$H$9
pvaIncomeApproach_RentalRateMethod,Income Approach Setup,$H$10,'Income Approach Setup'!$H$10
pvaIncomeApproach_ShowFullCOAList,Income Approach Setup,$H$19,'Income Approach Setup'!$H$19
pvaInterestAppraisedDefinitions,Lists,$EW$2:$EX$17,Lists!$EW$2:$EX$17
pvaIsJobComm_HC,PartnerLists,$N$12,PartnerLists!$N$12
pvaIsJobComm_HC_MOB,PartnerLists,$N$13,PartnerLists!$N$13
pvaIsJobComm_Industrial,PartnerLists,$N$14,PartnerLists!$N$14
pvaIsJobComm_Industrial_IOS,PartnerLists,$N$15,PartnerLists!$N$15
pvaIsJobComm_Office,PartnerLists,$N$11,PartnerLists!$N$11
pvaIsJobComm_Retail,PartnerLists,$N$16,PartnerLists!$N$16
pvaIsJobComm_Retail_Mall,PartnerLists,$N$17,PartnerLists!$N$17
pvaIsJobCommercial,PartnerLists,$N$10,PartnerLists!$N$10
pvaIsJobHospitality,PartnerLists,$N$21,PartnerLists!$N$21
pvaIsJobLand,PartnerLists,$N$22,PartnerLists!$N$22
pvaIsJobMF,PartnerLists,$N$5,PartnerLists!$N$5
pvaIsJobMF_Aff,PartnerLists,$N$7,PartnerLists!$N$7
pvaIsJobMF_Conv,PartnerLists,$N$6,PartnerLists!$N$6
pvaIsJobMF_StudentHousing,PartnerLists,$N$8,PartnerLists!$N$8
pvaIsJobMHC,PartnerLists,$N$9,PartnerLists!$N$9
pvaIsJobProposed,PartnerLists,$N$23,PartnerLists!$N$23
pvaIsJobSeniors,PartnerLists,$N$18,PartnerLists!$N$18
pvaIsJobSeniors_CCRC,PartnerLists,$N$19,PartnerLists!$N$19
pvaIsJobSS,PartnerLists,$N$20,PartnerLists!$N$20
pvaIsRE_TaxReassessedUponSale,Assessment,$AN$73,"Assessment!$AN$73=""Yes"""
pvaIsSingleTenant,Rent Roll,$M$44,'Rent Roll'!$M$44
pvaLBImagesPath,Lightbox API Config,$AK$1,'Lightbox API Config'!$AK$1
pvaLBImportSource,Lightbox API Config,$AK$7,'Lightbox API Config'!$AK$7
pvaLBImportSource2,Lightbox API Config,$AK$8,'Lightbox API Config'!$AK$8
pvaLODG_ChainScale,File Info,$U$126,'File Info'!$U$126
pvaLODG_PropertyType,File Info,$U$124,'File Info'!$U$124
pvaMarketAnalysisCBSAOverride,File Info,$U$116,'File Info'!$U$116
pvaMarketAnalysisFullAddressOverride,File Info,$U$114,'File Info'!$U$114
pvaMarketAnalysisPropTypeOverride,File Info,$U$118,'File Info'!$U$118
pvaMasterRoundingValue,Settings,$G$29,Settings!$G$29
pvaMasterRoundingValuePerUOC,Settings,$G$30,Settings!$G$30
pvaMFAffordableIncomeDD,PartnerLists,$RK$2:$RK$23,PartnerLists!$RK$2:$RK$23
pvaMFAffordableProfileDD,PartnerLists,$RL$2:$RL$9,PartnerLists!$RL$2:$RL$9
pvaMFAffordablePropertyTypeDD,PartnerLists,$RM$2:$RM$5,PartnerLists!$RM$2:$RM$5
pvaMFAffordableStatusDD,PartnerLists,$RJ$2:$RJ$10,PartnerLists!$RJ$2:$RJ$10
pvaMFIsAffordable,File Info,$U$104,'File Info'!$U$104
pvaMFIsRenovation,File Info,$U$106,'File Info'!$U$106
pvaMFLeaseGridUnitMix,Lease Grid MF Unit Mix,$A$3:$BM$602,'Lease Grid MF Unit Mix'!$A$3:$BM$602
pvaMFLeaseGridUnitMixHdr,Lease Grid MF Unit Mix,$A$2:$BM$2,'Lease Grid MF Unit Mix'!$A$2:$BM$2
pvaMFRLCompareShowUnitTypes,MF Market Rent,$EF$453,'MF Market Rent'!$EF$453
pvaMHC_ClassDD,PartnerLists,$EE$2:$EE$6,PartnerLists!$EE$2:$EE$6
pvaMHC_TypeDD,PartnerLists,$EC$2:$EC$3,PartnerLists!$EC$2:$EC$3
pvaMHCLeaseUp_AbsorbedPadsPerYear,MF Lease Up,$CI$228,'MF Lease Up'!$CI$228
pvaMktStudyKey,File Info,$V$102,'File Info'!$V$102
pvaMktStudyYesNo,File Info,$U$108,'File Info'!$U$108
pvaMktSur_Comments,Investor Survey Input,$G$41,'Investor Survey Input'!$G$41
pvaMktSur_Confidentiality,Investor Survey Input,$I$19,'Investor Survey Input'!$I$19
pvaMktSur_Date,Investor Survey Input,$K$19,'Investor Survey Input'!$K$19
pvaMktSur_geography,Investor Survey Input,$S$24,'Investor Survey Input'!$S$24
pvaMktSur_heading_Amortization,Investor Survey Input,$U$34,'Investor Survey Input'!$U$34
pvaMktSur_heading_AsIs,Investor Survey Input,$U$27,'Investor Survey Input'!$U$27
pvaMktSur_heading_AsStabilized,Investor Survey Input,$U$28,'Investor Survey Input'!$U$28
pvaMktSur_heading_CapRate,Investor Survey Input,$U$29,'Investor Survey Input'!$U$29
pvaMktSur_heading_InterestOnlyPeriod,Investor Survey Input,$U$35,'Investor Survey Input'!$U$35
pvaMktSur_heading_InterestRate,Investor Survey Input,$U$39,'Investor Survey Input'!$U$39
pvaMktSur_heading_LTV,Investor Survey Input,$U$36,'Investor Survey Input'!$U$36
pvaMktSur_heading_MarketingTime,Investor Survey Input,$U$30,'Investor Survey Input'!$U$30
pvaMktSur_heading_MaxDebtYield,Investor Survey Input,$U$38,'Investor Survey Input'!$U$38
pvaMktSur_heading_MinDebtService,Investor Survey Input,$U$37,'Investor Survey Input'!$U$37
pvaMktSur_heading_Term,Investor Survey Input,$U$33,'Investor Survey Input'!$U$33
pvaMktSur_InterviewedFirm,Investor Survey Input,$G$20,'Investor Survey Input'!$G$20
pvaMktSur_InterviewedPerson,Investor Survey Input,$G$19,'Investor Survey Input'!$G$19
pvaMktSur_InterviewedRole,Investor Survey Input,$G$21,'Investor Survey Input'!$G$21
pvaMktSur_Metric_AvgAmortization,Investor Survey Input,$K$34,'Investor Survey Input'!$K$34
pvaMktSur_Metric_AvgAsIs,Investor Survey Input,$K$27,'Investor Survey Input'!$K$27
pvaMktSur_Metric_AvgAsStabilized,Investor Survey Input,$K$28,'Investor Survey Input'!$K$28
pvaMktSur_Metric_AvgCapRate,Investor Survey Input,$K$29,'Investor Survey Input'!$K$29
pvaMktSur_Metric_AvgInterestOnlyPeriod,Investor Survey Input,$K$35,'Investor Survey Input'!$K$35
pvaMktSur_Metric_AvgInterestRate,Investor Survey Input,$K$39,'Investor Survey Input'!$K$39
pvaMktSur_Metric_AvgLTV,Investor Survey Input,$K$36,'Investor Survey Input'!$K$36
pvaMktSur_Metric_AvgMarketingTime,Investor Survey Input,$K$30,'Investor Survey Input'!$K$30
pvaMktSur_Metric_AvgMaxDebtYield,Investor Survey Input,$K$38,'Investor Survey Input'!$K$38
pvaMktSur_Metric_AvgMinDebtService,Investor Survey Input,$K$37,'Investor Survey Input'!$K$37
pvaMktSur_Metric_AvgTerm,Investor Survey Input,$K$33,'Investor Survey Input'!$K$33
pvaMktSur_Metric_MaxAsIs,Investor Survey Input,$M$27,'Investor Survey Input'!$M$27
pvaMktSur_Metric_MaxAsStabilized,Investor Survey Input,$M$28,'Investor Survey Input'!$M$28
pvaMktSur_Metric_MaxCapRate,Investor Survey Input,$M$29,'Investor Survey Input'!$M$29
pvaMktSur_Metric_MaxInterestRate,Investor Survey Input,$M$39,'Investor Survey Input'!$M$39
pvaMktSur_Metric_MaxLTV,Investor Survey Input,$M$36,'Investor Survey Input'!$M$36
pvaMktSur_Metric_MaxMarketingTime,Investor Survey Input,$M$30,'Investor Survey Input'!$M$30
pvaMktSur_Metric_MaxMaxDebtYield,Investor Survey Input,$M$38,'Investor Survey Input'!$M$38
pvaMktSur_Metric_MaxMinDebtService,Investor Survey Input,$M$37,'Investor Survey Input'!$M$37
pvaMktSur_Metric_MinAsIs,Investor Survey Input,$I$27,'Investor Survey Input'!$I$27
pvaMktSur_Metric_MinAsStabilized,Investor Survey Input,$I$28,'Investor Survey Input'!$I$28
pvaMktSur_Metric_MinCapRate,Investor Survey Input,$I$29,'Investor Survey Input'!$I$29
pvaMktSur_Metric_MinInterestRate,Investor Survey Input,$I$39,'Investor Survey Input'!$I$39
pvaMktSur_Metric_MinLTV,Investor Survey Input,$I$36,'Investor Survey Input'!$I$36
pvaMktSur_Metric_MinMarketingTime,Investor Survey Input,$I$30,'Investor Survey Input'!$I$30
pvaMktSur_Metric_MinMaxDebtYield,Investor Survey Input,$I$38,'Investor Survey Input'!$I$38
pvaMktSur_Metric_MinMinDebtService,Investor Survey Input,$I$37,'Investor Survey Input'!$I$37
pvaMktSur_Metric_StabilizeTime,Investor Survey Input,$O$28,'Investor Survey Input'!$O$28
pvaMktSur_NumCapRateInterviews,Investor Survey Input,$I$14,'Investor Survey Input'!$I$14
pvaMktSur_NumMLAInterviews,Investor Survey Input,$I$16,'Investor Survey Input'!$I$16
pvaMktSur_PER_AsIs,Investor Survey Input,$G$27,'Investor Survey Input'!$G$27
pvaMktSur_PER_AsStabilized,Investor Survey Input,$G$28,'Investor Survey Input'!$G$28
pvaMktSur_property_class,Investor Survey Input,$I$24,'Investor Survey Input'!$I$24
pvaMktSur_property_type,Investor Survey Input,$G$24,'Investor Survey Input'!$G$24
pvaMktSur_Segmentation,Investor Survey Input,$M$19,'Investor Survey Input'!$M$19
pvaMktSur_storedPropertyType,Investor Survey,P23,"""'Investor Survey'!$P$23"""
pvaMktSur_submarket,Investor Survey Input,$P$24,'Investor Survey Input'!$P$24
pvaMktSur_UOM_Amortization,Investor Survey Input,$Q$34,'Investor Survey Input'!$Q$34
pvaMktSur_UOM_AsIs,Investor Survey Input,$Q$27,'Investor Survey Input'!$Q$27
pvaMktSur_UOM_AsStabilized,Investor Survey Input,$Q$28,'Investor Survey Input'!$Q$28
pvaMktSur_UOM_CapRate,Investor Survey Input,$Q$29,'Investor Survey Input'!$Q$29
pvaMktSur_UOM_CheckVal,Investor Survey Input,$Q$40,'Investor Survey Input'!$Q$40
pvaMktSur_UOM_InterestOnlyPeriod,Investor Survey Input,$Q$35,'Investor Survey Input'!$Q$35
pvaMktSur_UOM_InterestRate,Investor Survey Input,$Q$39,'Investor Survey Input'!$Q$39
pvaMktSur_UOM_LTV,Investor Survey Input,$Q$36,'Investor Survey Input'!$Q$36
pvaMktSur_UOM_Market,Investor Survey Input,$K$24,'Investor Survey Input'!$K$24
pvaMktSur_UOM_MarketingTime,Investor Survey Input,$Q$30,'Investor Survey Input'!$Q$30
pvaMktSur_UOM_MaxDebtYield,Investor Survey Input,$Q$38,'Investor Survey Input'!$Q$38
pvaMktSur_UOM_MinDebtService,Investor Survey Input,$Q$37,'Investor Survey Input'!$Q$37
pvaMktSur_UOM_storedPropertyType,Investor Survey Input,$P$23,'Investor Survey Input'!$P$23
pvaMktSur_UOM_submarket,Investor Survey Input,$M$24,'Investor Survey Input'!$M$24
pvaMktSur_UOM_Term,Investor Survey Input,$Q$33,'Investor Survey Input'!$Q$33
pvaNumberForm0,txt_All,$D$36,txt_All!$D$36
pvaNumberForm1,txt_All,$D$35,txt_All!$D$35
pvaNumberForm2,txt_All,$D$34,txt_All!$D$34
pvaNumberFormatDD,PartnerLists,$EQ$2:$EQ$13,PartnerLists!$EQ$2:$EQ$13
pvaOccupancyType,Revenue Unit Setup,$AC$4:$AC$9,'Revenue Unit Setup'!$AC$4:$AC$9
pvaPercentageForm0,txt_All,$D$41,txt_All!$D$41
pvaPercentageForm1,txt_All,$D$40,txt_All!$D$40
pvaPercentageForm2,txt_All,$D$39,txt_All!$D$39
pvaPersonalPropertyDD,PartnerLists,$EI$2:$EI$3,PartnerLists!$EI$2:$EI$3
pvaPMA_Key,tblMarketDataInfo,$F$11,tblMarketDataInfo!$F$11
pvaPMA_Type,tblMarketDataInfo,$F$6,tblMarketDataInfo!$F$6
pvaPMA_Value,tblMarketDataInfo,$F$7,tblMarketDataInfo!$F$7
pvaPortfolioJob,File Bifurcate,$F$1,'File Bifurcate'!$F$1
pvaPropertyTypeDisplay,PartnerLists,$N$3,PartnerLists!$N$3
pvaPropertyTypeGroup,PartnerLists,$N$4,PartnerLists!$N$4
pvaPropertyTypeKey,File Info,$R$102,'File Info'!$R$102
pvaRegionalMall_CategoryDD,PartnerLists,$QH$2:$QH$23,PartnerLists!$QH$2:$QH$23
pvaRegionalMall_DataHeadersDD,PartnerLists,$QJ$2:$QJ$12,PartnerLists!$QJ$2:$QJ$12
pvaReleaseNotesFormat,Change Log,$I$1,'Change Log'!$I$1
pvaRentRoll_TotalSF,Rent Roll Master,$Q$2607,'Rent Roll Master'!$Q$2607
pvaRentRoll_TotalUnits,Rent Roll Master,$G$2607,'Rent Roll Master'!$G$2607
pvaRoundingMethod,Settings,$G$28,Settings!$G$28
pvaRpv_COA,Rpv_Cashflow_Property,J2,"Rpv_Cashflow_Property!$J$2:INDEX(Rpv_Cashflow_Property!$L:$L,COUNTA(Rpv_Cashflow_Property!$J:$J))"
pvaRpv_COA.CoaSection,"INDEX(pvaRpv_COA,0,MATCH(""coaSection"",Rpv_Cashflow_Property",J1:L1,"INDEX(pvaRpv_COA,0,MATCH(""coaSection"",Rpv_Cashflow_Property!$J$1:$L$1,0))"
pvaRpv_COA.LineItem,"INDEX(pvaRpv_COA,0,MATCH(""lineItem"",Rpv_Cashflow_Property",J1:L1,"INDEX(pvaRpv_COA,0,MATCH(""lineItem"",Rpv_Cashflow_Property!$J$1:$L$1,0))"
pvaRpv_PropertyId,DCF Assumptions,$D$4,'DCF Assumptions'!$D$4
pvaSalesApproach_EGIMDD,Sales Approach,$ST$447,'Sales Approach'!$ST$447
pvaSalesApproach_MarketConditionsAdjDD,Sales Approach,$OL$242,'Sales Approach'!$OL$242
pvaSH_Cost_ShowHide,Cost Approach Setup,$G$13,'Cost Approach Setup'!$G$13
pvaSH_HasAA,tblMarketDataInfo,$L$2,tblMarketDataInfo!$L$2
pvaSH_HasAL,tblMarketDataInfo,$L$4,tblMarketDataInfo!$L$4
pvaSH_HasIL,tblMarketDataInfo,$L$3,tblMarketDataInfo!$L$3
pvaSH_HasMC,tblMarketDataInfo,$L$5,tblMarketDataInfo!$L$5
pvaSH_HasNC,tblMarketDataInfo,$L$6,tblMarketDataInfo!$L$6
pvaSH_HasNC_Only,tblMarketDataInfo,$L$9,tblMarketDataInfo!$L$9
pvaSH_HasNoCareType,tblMarketDataInfo,$L$8,tblMarketDataInfo!$L$8
pvaSH_NIC_SupplySegmentTypeIds,tblMarketDataInfo,$M$7,tblMarketDataInfo!$M$7
pvaSH_NICmarketType,tblMarketDataInfo,$F$8,tblMarketDataInfo!$F$8
pvaSH_NICregion,tblMarketDataInfo,$F$9,tblMarketDataInfo!$F$9
pvaSpaceType_MF,Rent Roll Config,$AL$121:$AL$130,'Rent Roll Config'!$AL$121:$AL$130
pvaSS_RentComps_FormulaBank_DataBody,Lease Grid,$A$2459,'Lease Grid'!$A$2459
pvaSS_RentComps_FormulaBank_Header,Lease Grid,$A$2458,'Lease Grid'!$A$2458
pvaSubjectFullAddress,File Info,$T$112,'File Info'!$T$112
pvaUnits_IncludeComm,Settings,$G$33,Settings!$G$33
pvaUOC,PartnerLists,$AY$2,PartnerLists!$AY$2
pvaUOC_CurrencyFormat,PartnerLists,$AY$9,PartnerLists!$AY$9
pvaUOC_DBField,PartnerLists,$AY$10,PartnerLists!$AY$10
pvaUOC_DividePerUOC,PartnerLists,$AY$6,PartnerLists!$AY$6
pvaUOC_LongPerUOC,PartnerLists,$AY$8,PartnerLists!$AY$8
pvaUOC_Lowercase,PartnerLists,$AY$4,PartnerLists!$AY$4
pvaUOC_NumberFormat,PartnerLists,$AY$12,PartnerLists!$AY$12
pvaUOC_Plural,PartnerLists,$AY$3,PartnerLists!$AY$3
pvaUOC_PluralLowercase,PartnerLists,$AY$5,PartnerLists!$AY$5
pvaUOC_Settings,Settings,$G$31,Settings!$G$31
pvaUOC_ShortPerUOC,PartnerLists,$AY$7,PartnerLists!$AY$7
pvaUOC_SubjectValue,PartnerLists,$AY$11,PartnerLists!$AY$11
pvaUOC2,PartnerLists,$AY$13,PartnerLists!$AY$13
pvaUOC2_CurrencyFormat,PartnerLists,$AY$20,PartnerLists!$AY$20
pvaUOC2_DBField,PartnerLists,$AY$21,PartnerLists!$AY$21
pvaUOC2_DividePerUOC,PartnerLists,$AY$17,PartnerLists!$AY$17
pvaUOC2_LongPerUOC,PartnerLists,$AY$19,PartnerLists!$AY$19
pvaUOC2_Lowercase,PartnerLists,$AY$15,PartnerLists!$AY$15
pvaUOC2_NumberFormat,PartnerLists,$AY$23,PartnerLists!$AY$23
pvaUOC2_Plural,PartnerLists,$AY$14,PartnerLists!$AY$14
pvaUOC2_PluralLowercase,PartnerLists,$AY$16,PartnerLists!$AY$16
pvaUOC2_Settings,Settings,$G$32,Settings!$G$32
pvaUOC2_ShortPerUOC,PartnerLists,$AY$18,PartnerLists!$AY$18
pvaUOC2_SubjectValue,PartnerLists,$AY$22,PartnerLists!$AY$22
pvaValueTypeDD,PartnerLists,$DX$2:$DX$5,PartnerLists!$DX$2:$DX$5
pvaWALT_Rent,Rent Roll,$AX$152,'Rent Roll'!$AX$152
pvaWALT_SF,Rent Roll,$AW$152,'Rent Roll'!$AW$152
RecentLeasesShowHide,Rent Roll,$FB$466:$FB$475,'Rent Roll'!$FB$466:$FB$475
RecentMFLeasesShowHide,Rent Roll,$FB$551:$FB$560,'Rent Roll'!$FB$551:$FB$560
REISSector,Market Analytics,$G$21,'Market Analytics'!$G$21
RentGridCurrencyFormat,Lease Grid,$A$1,'Lease Grid'!$A$1
RentMonthColumnAnchor,Rent Roll,$X$278,'Rent Roll'!$X$278
RentRangeShowHide,Rent Roll,$FP$570:$FP$589,'Rent Roll'!$FP$570:$FP$589
RentRangeUnitShowHide,Rent Roll,$FP$595:$FP$614,'Rent Roll'!$FP$595:$FP$614
RentRoll_ClearData,Rent Roll,$B$49,'Rent Roll'!$B$49
RentRoll_ClearMFData,Rent Roll,$B$277,'Rent Roll'!$B$277
RentRoll_ExportSubjectData,Rent Roll,$B$249,'Rent Roll'!$B$249
RentRoll_GoToMarketRent,Rent Roll,$AG$255,'Rent Roll'!$AG$255
RentRoll_GoToRentRollTable,Rent Roll,$HD$723,'Rent Roll'!$HD$723
RentRoll_NavLeaseExp,Rent Roll,$GM$641,'Rent Roll'!$GM$641
RentRoll_NavLeaseExpirationsNext,Rent Roll,$GE$620,'Rent Roll'!$GE$620
RentRoll_NavLeaseExpirationsPrevious,Rent Roll,$GY$723,'Rent Roll'!$GY$723
RentRoll_NavMajorTenants,Rent Roll,$GA$619,'Rent Roll'!$GA$619
RentRoll_NavMajorTenantsNext,Rent Roll,$FR$565,'Rent Roll'!$FR$565
RentRoll_NavMajorTenantsPrevious,Rent Roll,$GO$643,'Rent Roll'!$GO$643
RentRoll_NavMarketRent,Rent Roll,$DK$314,'Rent Roll'!$DK$314
RentRoll_NavMarketRentPrevious,Rent Roll,$EH$377,'Rent Roll'!$EH$377
RentRoll_NavOccupancy,Rent Roll,$EC$374,'Rent Roll'!$EC$374
RentRoll_NavOccupancyNext,Rent Roll,$DM$315,'Rent Roll'!$DM$315
RentRoll_NavOccupancyPrevious,Rent Roll,$FB$458,'Rent Roll'!$FB$458
RentRoll_NavPGIncome,Rent Roll,$GW$720,'Rent Roll'!$GW$720
RentRoll_NavPGINext,Rent Roll,$GQ$643,'Rent Roll'!$GQ$643
RentRoll_NavPGIPrevious,Rent Roll,$JQ$1024,'Rent Roll'!$JQ$1024
RentRoll_NavRecentLeases,Rent Roll,$EZ$458,'Rent Roll'!$EZ$458
RentRoll_NavRecentLeasesNext,Rent Roll,$EJ$377,'Rent Roll'!$EJ$377
RentRoll_NavRecentLeasesPrevious,Rent Roll,$FP$565,'Rent Roll'!$FP$565
RentRoll_NavRentRanges,Rent Roll,$FN$564,'Rent Roll'!$FN$564
RentRoll_NavRentRangesNext,Rent Roll,$FE$458,'Rent Roll'!$FE$458
RentRoll_NavRentRangesPrevious,Rent Roll,$GC$620,'Rent Roll'!$GC$620
RentRoll_NavRentRollPrev,Rent Roll,$DM$314,'Rent Roll'!$DM$314
RentRoll_NavSetup,Rent Roll,$B$8,'Rent Roll'!$B$8
RentRoll_NavStabCalc,Rent Roll,$JO$1024,'Rent Roll'!$JO$1024
RentRoll_NavStabilizationCalcsNext,Rent Roll,$HA$723,'Rent Roll'!$HA$723
RentRoll_NavUnitLeaseNext,Rent Roll,$AG$10,'Rent Roll'!$AG$10
RentRoll_PopulateCommLease,Rent Roll,$B$43,'Rent Roll'!$B$43
RentRoll_PopulateUnitLease,Rent Roll,$B$273,'Rent Roll'!$B$273
RentRoll_SpaceTypes,Rent Roll,$O$51:$O$151,'Rent Roll'!$O$51:$O$151
RentRoll_ToggleMajorTenants,Rent Roll,$GA$622,'Rent Roll'!$GA$622
RentRoll_ToggleMarketRent,Rent Roll,$DK$317,'Rent Roll'!$DK$317
RentRoll_ToggleOccupancy,Rent Roll,$EC$377,'Rent Roll'!$EC$377
RentRoll_TogglePGIncome,Rent Roll,$GW$723,'Rent Roll'!$GW$723
RentRoll_ToggleRecentLeases,Rent Roll,$EZ$461,'Rent Roll'!$EZ$461
RentRoll_ToggleRentRanges,Rent Roll,$FN$567,'Rent Roll'!$FN$567
RentRoll_ToggleRentRoll,Rent Roll,$B$10,'Rent Roll'!$B$10
RentRoll_ToggleStabCalc,Rent Roll,$JO$1027,'Rent Roll'!$JO$1027
RentRollList,Capitalization and Multipliers,$J$12:$J$31,'Capitalization and Multipliers'!$J$12:$J$31
RentRollList2,Income-Expense Summary,$F$13:$F$24,'Income-Expense Summary'!$F$13:$F$24
RentRollLookup,Capitalization and Multipliers,$F$40:$I$59,'Capitalization and Multipliers'!$F$40:$I$59
RentRollLookup2,Income-Expense Summary,$AI$29:$AJ$48,'Income-Expense Summary'!$AI$29:$AJ$48
RentRollSF,Rent Roll,$S$152,'Rent Roll'!$S$152
RentRollShowHide,Rent Roll,$M$51:$M$151,'Rent Roll'!$M$51:$M$151
RentRollSource,Capitalization and Multipliers,$J$11,'Capitalization and Multipliers'!$J$11
RentRollSource2,Income-Expense Summary,$AI$26,'Income-Expense Summary'!$AI$26
RentRollSourceTable,Rent Roll,$HV$728:$HY$747,'Rent Roll'!$HV$728:$HY$747
RentRollUnits,Rent Roll,$P$152,'Rent Roll'!$P$152
RentSFColumnAnchor,Rent Roll,$Z$278,'Rent Roll'!$Z$278
RepairExpCategories,Capitalization and Multipliers,$G$84:$G$85,'Capitalization and Multipliers'!$G$84:$G$85
RepairsAndMaintenanceSum,Capitalization and Multipliers,$G$86,'Capitalization and Multipliers'!$G$86
ReportTypeSectionShowHide,Scope,$G$25:$G$31,Scope!$G$25:$G$31
ResearchDemoImport,Market Area,$AF$209:$AN$293,'Market Area'!$AF$209:$AN$293
ResearchImportStart,Market Analytics,$F$27:$AH$27,'Market Analytics'!$F$27:$AH$27
Retail,File Info,$R$119:$R$122,'File Info'!$R$119:$R$122
ReturnSummary_NavDCFConclusion,CashFlow-Returns,$E$13,'CashFlow-Returns'!$E$13
ReturnSummaryImportStart,CashFlow-Returns,$E$17,'CashFlow-Returns'!$E$17
RR_Increases,Rent Roll,$DO$319:$DO$338,'Rent Roll'!$DO$319:$DO$338
RR_LeaseTerm,Rent Roll,$DQ$319:$DQ$338,'Rent Roll'!$DQ$319:$DQ$338
RR_LeaseType,Rent Roll,$DP$319:$DP$338,'Rent Roll'!$DP$319:$DP$338
RR_MarketRent,Rent Roll,$DN$319:$DN$338,'Rent Roll'!$DN$319:$DN$338
RR_Method,Rent Roll,$AG$51:$AG$151,'Rent Roll'!$AG$51:$AG$151
RR_Notes,Rent Roll,$DR$319:$DR$338,'Rent Roll'!$DR$319:$DR$338
RR_OccupiedUnits,Rent Roll,$O$51:$Z$151,'Rent Roll'!$O$51:$Z$151
RR_SpaceTypeToContractRent,Rent Roll,$O$51:$Z$150,'Rent Roll'!$O$51:$Z$150
runTime_GreenStreet,GreenStreet API,$B$4,'GreenStreet API'!$B$4
runTime_InvestorSurvey,tblInvestorSurvey,$B$4,tblInvestorSurvey!$B$4
runTime_Linnaean,Linnaean API,$B$4,'Linnaean API'!$B$4
runTime_OpenAI,OpenAI API,$B$4,'OpenAI API'!$B$4
SaleAdjustDollarPercent,Sales Grid,$F$46:$F$93,'Sales Grid'!$F$46:$F$93
SaleAdjustedPriceNetGross,Sales Grid,$F$95:$F$96,'Sales Grid'!$F$95:$F$96
SaleGrid_Comp_Rank_Nav,Sales Grid,$AI$153,'Sales Grid'!$AI$153
SaleGrid_Comp_Rank_Toggle,Sales Grid,$AI$156,'Sales Grid'!$AI$156
SaleGrid_Comp1InsertSingleImages,Sales Grid,$FY$649,'Sales Grid'!$FY$649
SaleGrid_DeleteImages,Sales Grid,$GC$664,'Sales Grid'!$GC$664
SaleGrid_FormatGrid,Sales Grid,$K$13,'Sales Grid'!$K$13
SaleGrid_NetGrossDisplay,Sales Grid,$B$94,'Sales Grid'!$B$94
SaleGrid_QuantQual,Sales Grid,$C$45,'Sales Grid'!$C$45
SaleGridAdjustmentsShowHide,Sales Grid,$E$46:$E$93,'Sales Grid'!$E$46:$E$93
SaleGridPremise,Sales Grid,$G$101,'Sales Grid'!$G$101
SaleGridPropertyTypeShowHide,Sales Grid,$FT$710:$FT$1698,'Sales Grid'!$FT$710:$FT$1698
SaleGridRankRowShowHide,Sales Grid,$AV$159:$AV$169,'Sales Grid'!$AV$159:$AV$169
SaleHistoryColumnsShowHide,"Contracts, History",$AC$89:$AG$89,"'Contracts, History'!$AC$89:$AG$89"
SaleHistoryRowsShowHide,"Contracts, History",$Z$95:$Z$113,"'Contracts, History'!$Z$95:$Z$113"
SalePriceNetGross,Sales Grid,$F$97:$F$98,'Sales Grid'!$F$97:$F$98
SaleQualQuantShowHide,Sales Grid,$D$46:$D$93,'Sales Grid'!$D$46:$D$93
SaleSeriesSubHeader,CashFlow-Returns,$E$28:$Q$28,'CashFlow-Returns'!$E$28:$Q$28
SalesGrid_AdjGridDatabase,Sales Grid,$F$13,'Sales Grid'!$F$13
SalesGrid_ArrangeComps,Sales Grid,$H$13,'Sales Grid'!$H$13
SalesGrid_AutoAdjSentences_Nav,Sales Grid,$BE$180,'Sales Grid'!$BE$180
SalesGrid_Comp10InsertImages,Sales Grid,$FZ$1606,'Sales Grid'!$FZ$1606
SalesGrid_Comp1InsertImages,Sales Grid,$FW$649,'Sales Grid'!$FW$649
SalesGrid_Comp2InsertImages,Sales Grid,$FZ$766,'Sales Grid'!$FZ$766
SalesGrid_Comp3InsertImages,Sales Grid,$FZ$871,'Sales Grid'!$FZ$871
SalesGrid_Comp4InsertImages,Sales Grid,$FZ$976,'Sales Grid'!$FZ$976
SalesGrid_Comp5InsertImages,Sales Grid,$FZ$1081,'Sales Grid'!$FZ$1081
SalesGrid_Comp6InsertImages,Sales Grid,$FZ$1186,'Sales Grid'!$FZ$1186
SalesGrid_Comp7InsertImages,Sales Grid,$FZ$1291,'Sales Grid'!$FZ$1291
SalesGrid_Comp8InsertImages,Sales Grid,$FZ$1396,'Sales Grid'!$FZ$1396
SalesGrid_Comp9InsertImages,Sales Grid,$FZ$1501,'Sales Grid'!$FZ$1501
SalesGrid_CompsSyncDB,Sales Grid,$FY$658,'Sales Grid'!$FY$658
SalesGrid_CopyCompIDs,Sales Grid,$X$13,'Sales Grid'!$X$13
SalesGrid_CopyJobComps,Sales Grid,$H$16,'Sales Grid'!$H$16
SalesGrid_HideLabels,Sales Grid,$FY$656,'Sales Grid'!$FY$656
SalesGrid_Maps,Sales Grid,$AA$13,'Sales Grid'!$AA$13
SalesGrid_NavAdjGrid,Sales Grid,$B$8,'Sales Grid'!$B$8
SalesGrid_NavAdjGridValues,Sales Grid,$B$103,'Sales Grid'!$B$103
SalesGrid_NavComp1,Sales Grid,$FW$661,'Sales Grid'!$FW$661
SalesGrid_NavComp10,Sales Grid,$FW$1606,'Sales Grid'!$FW$1606
SalesGrid_NavComp2,Sales Grid,$FW$766,'Sales Grid'!$FW$766
SalesGrid_NavComp3,Sales Grid,$FW$871,'Sales Grid'!$FW$871
SalesGrid_NavComp4,Sales Grid,$FW$976,'Sales Grid'!$FW$976
SalesGrid_NavComp5,Sales Grid,$FW$1081,'Sales Grid'!$FW$1081
SalesGrid_NavComp6,Sales Grid,$FW$1186,'Sales Grid'!$FW$1186
SalesGrid_NavComp7,Sales Grid,$FW$1291,'Sales Grid'!$FW$1291
SalesGrid_NavComp8,Sales Grid,$FW$1396,'Sales Grid'!$FW$1396
SalesGrid_NavComp9,Sales Grid,$FW$1501,'Sales Grid'!$FW$1501
SalesGrid_NavCompTable,Sales Grid,$A$1712,'Sales Grid'!$A$1712
SalesGrid_NavMultiUnitFeaturesTable,Sales Grid,$FA$562,'Sales Grid'!$FA$562
SalesGrid_NavMultiUseTable,Sales Grid,$CV$502,'Sales Grid'!$CV$502
SalesGrid_NavSummaryTable,Sales Grid,$CA$457,'Sales Grid'!$CA$457
SalesGrid_PropertyTypeFormat,Sales Grid,$FZ$661,'Sales Grid'!$FZ$661
SalesGrid_ShowHideCompSections,Sales Grid,$FX$661,'Sales Grid'!$FX$661
SalesGrid_ShowHideExtraAdjustmentRows,Sales Grid,$B$55,'Sales Grid'!$B$55
SalesGrid_ShowHideMarketTrends,Sales Grid,$B$40,'Sales Grid'!$B$40
SalesGrid_ShowHideMultiUseRows,Sales Grid,$CV$505,'Sales Grid'!$CV$505
SalesGrid_ShowHidePriceAdj,Sales Grid,$B$27,'Sales Grid'!$B$27
SalesGrid_ShowHideThumbnails,Sales Grid,$R$13,'Sales Grid'!$R$13
SalesGrid_ShowHideUnitFeaturesProjectAmenities,Sales Grid,$FA$566,'Sales Grid'!$FA$566
SalesGrid_SyncDB,Sales Grid,$U$13,'Sales Grid'!$U$13
SalesGrid_ToggleSummaryTable,Sales Grid,$CA$460,'Sales Grid'!$CA$460
SalesGridAdjustmentSection_Toggle,Sales Grid,$B$111,'Sales Grid'!$B$111
SalesGridExtraAdjustmentRows,Sales Grid,$B$70:$B$93,'Sales Grid'!$B$70:$B$93
SalesGridList,Capitalization and Multipliers,$K$12:$K$31,'Capitalization and Multipliers'!$K$12:$K$31
SalesGridReconciledUnitValue,Sales Grid,$F$109:$M$111,'Sales Grid'!$F$109:$M$111
SalesGridSubjectPriceDisplay,Sales Grid,$CR$459,'Sales Grid'!$CR$459
SalesSubsequentTrends,Sales Grid,$B$42:$B$43,'Sales Grid'!$B$42:$B$43
SalesSummaryTableRowsShowHide,Sales Grid,$CB$466:$CB$496,'Sales Grid'!$CB$466:$CB$496
SalesSummaryTableShowHide,Sales Grid,$CC$462:$CR$462,'Sales Grid'!$CC$462:$CR$462
SalesUFPAColumnsShowHide,Sales Grid,$FF$564:$FO$564,'Sales Grid'!$FF$564:$FO$564
SalesUFPARowsShowHide,Sales Grid,$FA$569:$FA$643,'Sales Grid'!$FA$569:$FA$643
SaleValueAdjustmentSection,Sales Grid,$C$112:$C$121,'Sales Grid'!$C$112:$C$121
SCARelianceMethodology,Sales Approach,$OO$297,'Sales Approach'!$OO$297
ScenariosPremises,"Dates, Premises",$F$23:$F$33,"'Dates, Premises'!$F$23:$F$33"
Scope_Display_Tables_Nav,Scope,$P$104,Scope!$P$104
Scope_Display_Tables_Toggle,Scope,$P$107,Scope!$P$107
Scope_NavScopeAppraisal,Scope,$B$7,Scope!$B$7
Scope_NavScopeMethods,Scope,$B$67,Scope!$B$67
Scope_ShowHideCost,Scope,$H$70,Scope!$H$70
Scope_ShowHideIncome,Scope,$H$86,Scope!$H$86
Scope_ShowHideSales,Scope,$H$76,Scope!$H$76
Scope_ShowHideSalesGrid,Scope,$H$82,Scope!$H$82
ScopeDisplayTables2RowsShowHide,Scope,$P$123:$P$140,Scope!$P$123:$P$140
ScopeDisplayTablesRowsShowHide,Scope,$P$111:$P$119,Scope!$P$111:$P$119
ScopeOfWorkSectionShowHide,Scope,$G$46:$G$64,Scope!$G$46:$G$64
SearchHeader,DBManagerConfig,$A$12:$A$34,DBManagerConfig!$A$12:$A$34
SearchHeaderMinusOne,DBManagerConfig,$A$13:$A$183,DBManagerConfig!$A$13:$A$183
SearchResult,DBManagerSearchResult,,DBManagerSearchResult!#REF!
SearchResultAndHeader,DBManagerSearchResult,,DBManagerSearchResult!#REF!
SecondAppraiserSectionShowHide,File Info,$H$349:$H$387,'File Info'!$H$349:$H$387
SecondTaxCompShowHide,Assessment,$DW$239,Assessment!$DW$239
SelectAppraiser1,File Info,$I$275,'File Info'!$I$275
SelectAppraiser2,File Info,$I$348,'File Info'!$I$348
SelectAppraiser3,File Info,$I$392,'File Info'!$I$392
SelectAppraiser4,File Info,$I$436,'File Info'!$I$436
SelectClient1,File Info,$I$140,'File Info'!$I$140
SelectClient2,File Info,$I$192,'File Info'!$I$192
SelectContact,File Info,$I$238,'File Info'!$I$238
SFColumnAnchor,Rent Roll,$S$278,'Rent Roll'!$S$278
SForMeters,Rent Roll,$AG$41,'Rent Roll'!$AG$41
SFResidential,Improvements,$W$193,Improvements!$W$193
SFRSectionShowHide,Improvements,$P$195:$P$208,Improvements!$P$195:$P$208
SheetList,File Info,$A$557,'File Info'!$A$557
ShowHideAutoDD,PartnerLists,$BA$2:$BA$4,PartnerLists!$BA$2:$BA$4
ShowHideDD,PartnerLists,$BA$3:$BA$4,PartnerLists!$BA$3:$BA$4
ShowHideExpenseCategoryAnalyses,Expense Grid,$BQ$88:$BQ$944,'Expense Grid'!$BQ$88:$BQ$944
ShowHideFourthAppraiserRows,File Info,$H$437:$H$475,'File Info'!$H$437:$H$475
ShowHideMFLeaseColumns,Lease Grid,$DN$667:$DW$667,'Lease Grid'!$DN$667:$DW$667
ShowHideThirdAppraiserRows,File Info,$H$393:$H$431,'File Info'!$H$393:$H$431
ShowMetric01,"Dates, Premises",$A$65,"'Dates, Premises'!$A$65"
ShowMetric1,Site,$O$53:$O$59,Site!$O$53:$O$59
ShowMetric10,Improvements,$O$148,Improvements!$O$148
ShowMetric11,Improvements,$O$150,Improvements!$O$150
ShowMetric11a,Improvements,$O$170,Improvements!$O$170
ShowMetric18,Zoning,$O$30,Zoning!$O$30
ShowMetric19,Assessment,$A$26,Assessment!$A$26
ShowMetric2,Site,$O$77:$O$78,Site!$O$77:$O$78
ShowMetric3,Site,$O$79:$O$82,Site!$O$79:$O$82
ShowMetric6,Improvements,$O$33,Improvements!$O$33
ShowMetric6a,Improvements,$O$42,Improvements!$O$42
ShowMetric6b,Improvements,$O$35,Improvements!$O$35
ShowMetric7,Improvements,$O$98:$O$100,Improvements!$O$98:$O$100
ShowMetric8,Improvements,$O$108,Improvements!$O$108
ShowMetric9,Improvements,$O$143,Improvements!$O$143
ShowUSA,File Info,$B$398:$B$414,'File Info'!$B$398:$B$414
ShowUSA001,File Info,$B$128,'File Info'!$B$128
ShowUSA01,File Info,$B$326,'File Info'!$B$326
ShowUSA4,Site,$O$98:$O$99,Site!$O$98:$O$99
ShowUSA4a,"Dates, Premises",$A$62,"'Dates, Premises'!$A$62"
ShowUSA4b,"Dates, Premises",$A$63,"'Dates, Premises'!$A$63"
ShowUSA4c,"Dates, Premises",$A$64,"'Dates, Premises'!$A$64"
SignatureRowsShowHide,File Info,$AK$541:$AK$547,'File Info'!$AK$541:$AK$547
Site_ClearParcelIDs,Site,$AX$20,Site!$AX$20
Site_MapSettingSiteInput,Site,$AC$34,Site!$AC$34
Site_NavLandSummary,Site,$CS$297,Site!$CS$297
Site_NavSiteInput,Site,$P$10,Site!$P$10
Site_NoOfParcelsInput,Site,$AC$12,Site!$AC$12
Site_ShowConversionSiteInput,Site,$P$25,Site!$P$25
Site_ShowDBColSiteInput,Site,$Y$149,Site!$Y$149
Site_ShowTotalsColumnSummary,Site,$P$15,Site!$P$15
Site_TableRowSiteInput,Site,$P$21:$P$146,Site!$P$21:$P$146
Site_ToggleLandSummary,Site,$CS$300,Site!$CS$300
Site_ToggleSiteInput,Site,$P$12,Site!$P$12
Site_VerticalSummary_Nav,Site,$BR$154,Site!$BR$154
Site_VerticalSummary_Toggle,Site,$BR$156,Site!$BR$156
SiteAreaCategorization_Nav,Site,$DT$330,Site!$DT$330
SiteColumnsShowHide,Site,$AB$18:$AV$18,Site!$AB$18:$AV$18
SiteDBColumnsShowHide,Site,$Z$19:$AA$19,Site!$Z$19:$AA$19
SiteHBU_Analysis_Nav,Site,$EF$346,Site!$EF$346
SiteInputTableShowAlways,Site,$X$20:$X$27,Site!$X$20:$X$27
SiteParcelIDs,Site,$AC$20:$AL$20,Site!$AC$20:$AL$20
SiteRowsShowHide,Site,$X$21:$X$131,Site!$X$21:$X$131
SiteSummaryTableAnchor,Site,$CR$151,Site!$CR$151
SiteTotalsColumnShowHide,Site,$AB$18,Site!$AB$18
SizeColumnAnchor,Rent Roll,$S$50,'Rent Roll'!$S$50
SpaceType,Rent Roll,$M$21:$M$40,'Rent Roll'!$M$21:$M$40
SpaceTypeColumnAnchor,Rent Roll,$O$50,'Rent Roll'!$O$50
SpaceTypeData,Rent Roll,$O$51:$O$151,'Rent Roll'!$O$51:$O$151
SpaceTypes,Rent Roll,$DM$319:$DM$338,'Rent Roll'!$DM$319:$DM$338
StabilizationCalculationsShowHide,Rent Roll,$JO$1029:$JO$1048,'Rent Roll'!$JO$1029:$JO$1048
StabilizationCalculationsShowHideOverride,Rent Roll,$IQ$1029:$IQ$1048,'Rent Roll'!$IQ$1029:$IQ$1048
StateList,Property Types,$G$4:$G$55,'Property Types'!$G$4:$G$55
StateNameHeader,Property Types,$I$4,'Property Types'!$I$4
StateNames,Property Types,$G$5:$I$55,'Property Types'!$G$5:$I$55
StateTable,Property Types,$H$4:$I$158,'Property Types'!$H$4:$I$158
StyleTablesShowHide,File Info,$H$52:$H$81,'File Info'!$H$52:$H$81
SubjectBuildingSourceForGrid,Sales Grid,$B$1714,'Sales Grid'!$B$1714
SubjectBuildingsSelection,Sales Grid,$C$13,'Sales Grid'!$C$13
SubjectCommLeaseColsShowHide,Summary,$AO$358:$CE$358,Summary!$AO$358:$CE$358
SubjectCommLeaseRowsShowHide,Summary,$AK$372:$AK$476,Summary!$AK$372:$AK$476
SubjectCompData,Sales Grid,$A$1716:$ALF$1718,'Sales Grid'!$A$1716:$ALF$1718
SubjectCompDataAssessment,Assessment,$A$391:$RO$393,Assessment!$A$391:$RO$393
SubjectCompDataContacts,File Info,$A$558:$AJ$560,'File Info'!$A$558:$AJ$560
SubjectCompDataExpense,Expense Grid,$A$951:$QO$953,'Expense Grid'!$A$951:$QO$953
SubjectCompDataHeaders,Sales Grid,$A$1716:$ALF$1716,'Sales Grid'!$A$1716:$ALF$1716
SubjectCompDataHeadersAssessment,Assessment,$A$391:$RO$391,Assessment!$A$391:$RO$391
SubjectCompDataHeadersContacts,File Info,$A$558:$AJ$558,'File Info'!$A$558:$AJ$558
SubjectCompDataHeadersExpense,Expense Grid,$A$951:$QO$951,'Expense Grid'!$A$951:$QO$951
SubjectCompDataHeadersLand,Land Grid,$A$1078:$ADR$1078,'Land Grid'!$A$1078:$ADR$1078
SubjectCompDataHeadersLease,Lease Grid,$A$2454:$BCG$2454,'Lease Grid'!$A$2454:$BCG$2454
SubjectCompDataLand,Land Grid,$A$1078:$ADR$1080,'Land Grid'!$A$1078:$ADR$1080
SubjectCompDataLease,Lease Grid,$A$2454:$BCG$2456,'Lease Grid'!$A$2454:$BCG$2456
SubjectCompDb,Sales Grid,$A$1717:$ALF$1718,'Sales Grid'!$A$1717:$ALF$1718
SubjectCompDbAssessment,Assessment,$A$392:$RO$393,Assessment!$A$392:$RO$393
SubjectCompDbContacts,File Info,$A$559:$AJ$560,'File Info'!$A$559:$AJ$560
SubjectCompDbExpense,Expense Grid,$A$952:$QO$953,'Expense Grid'!$A$952:$QO$953
SubjectCompDbLand,Land Grid,$A$1079:$ADR$1080,'Land Grid'!$A$1079:$ADR$1080
SubjectCompDbLease,Lease Grid,$A$2455:$BCG$2456,'Lease Grid'!$A$2455:$BCG$2456
SubjectDataImportTable,File Info,$B$936:$ACU$937,'File Info'!$B$936:$ACU$937
SubjectParcelSourceForGrid,Sales Grid,$A$1714,'Sales Grid'!$A$1714
SubjectParcelsSelection,Sales Grid,$C$12,'Sales Grid'!$C$12
SubjectSectionShowHide,File Info,$H$86:$H$135,'File Info'!$H$86:$H$135
SubjectSummary_Nav,Summary,$C$8,Summary!$C$8
SubjectSummary_Toggle,Summary,$C$11,Summary!$C$11
SubjectSummaryFields,Summary,$F$13:$F$51,Summary!$F$13:$F$51
SubjectSummaryRowsShowHide,Summary,$C$14:$C$222,Summary!$C$14:$C$222
SubjectTransaction,"Contracts, History",$G$39,"'Contracts, History'!$G$39"
SubjectUnitLeaseColsShowHide,Summary,$CP$486:$DD$486,Summary!$CP$486:$DD$486
SubjectUnitLeaseRowShowHide,Summary,$CJ$492:$CJ$618,Summary!$CJ$492:$CJ$618
SubsequentTimeAdj,Sales Grid,$H$43,'Sales Grid'!$H$43
SubsequentTrends,Sales Grid,$B$43:$B$44,'Sales Grid'!$B$43:$B$44
SuiteColumnAnchor,Rent Roll,$N$50,'Rent Roll'!$N$50
SuiteData,Rent Roll,$N$51:$N$151,'Rent Roll'!$N$51:$N$151
TABLE_Import_Kalibri_DoW_Data,Import_Kalibri_DoW Data,$A$1:$MD$1353,'Import_Kalibri_DoW Data'!$A$1:$MD$1353
TableExpenseComp,Expense Comps,P1,"IF(OR('Expense Comps'!$P$1=""Trepp"",'Expense Comps'!$P$1=""PVA/Trepp""),TableExpenseComp_API,IF('Expense Comps'!$P$1=""Seniors"",#REF!,""""))"
TableExpenseComp,Expense Comps,P1,"IF(OR('Expense Comps'!$P$1=""Trepp"",'Expense Comps'!$P$1=""PVA/Trepp""),TableExpenseComp_API,IF('Expense Comps'!$P$1=""Seniors"",#REF!,""""))"
TableExpenseComp,Expense Comps,P1,"IF(OR('Expense Comps'!$P$1=""Trepp"",'Expense Comps'!$P$1=""PVA/Trepp""),TableExpenseComp_API,IF('Expense Comps'!$P$1=""Seniors"",#REF!,""""))"
TableExpenseComp_API,tblExpenseComps,$A$6:$CX$7,tblExpenseComps!$A$6:$CX$7
TableExpenseComp_API_Headers,tblExpenseComps,$A$5:$CX$5,tblExpenseComps!$A$5:$CX$5
TableExpenseComp_Headers,Expense Comps,P1,"IF(OR('Expense Comps'!$P$1=""Trepp"",'Expense Comps'!$P$1=""PVA/Trepp""),TableExpenseComp_API_Headers,IF('Expense Comps'!$P$1=""Seniors"",#REF!,""""))"
TableExpenseComp_Headers,Expense Comps,P1,"IF(OR('Expense Comps'!$P$1=""Trepp"",'Expense Comps'!$P$1=""PVA/Trepp""),TableExpenseComp_API_Headers,IF('Expense Comps'!$P$1=""Seniors"",#REF!,""""))"
TableExpenseComp_Headers,Expense Comps,P1,"IF(OR('Expense Comps'!$P$1=""Trepp"",'Expense Comps'!$P$1=""PVA/Trepp""),TableExpenseComp_API_Headers,IF('Expense Comps'!$P$1=""Seniors"",#REF!,""""))"
TableFontBoldStyle,File Info,$I$61,'File Info'!$I$61
TableFontStyle,File Info,$I$60,'File Info'!$I$60
TableHeaderStyle,File Info,$I$57,'File Info'!$I$57
tableJobProgress_Summary,JobProgress,$A$3:$H$3,JobProgress!$A$3:$H$3
tableJobProgress_Summary_Headers,JobProgress,$A$2:$H$2,JobProgress!$A$2:$H$2
TableSubHeaderStyle,File Info,$I$58,'File Info'!$I$58
TaxSummaryRowsShowHide,Assessment,$AK$66:$AK$77,Assessment!$AK$66:$AK$77
TenantNameColumnAnchor,Rent Roll,$M$50,'Rent Roll'!$M$50
TenantSelectShowHide,Lease Grid,$C$22,'Lease Grid'!$C$22
TheInsightEconomicOverview,Market Analytics,$BQ$587,'Market Analytics'!$BQ$587
TimeSeriesColumnsShowHide,CashFlow-Returns,$F$13:$Q$13,'CashFlow-Returns'!$F$13:$Q$13
TimeSeriesRowsShowHide,CashFlow-Returns,$B$18:$B$65,'CashFlow-Returns'!$B$18:$B$65
TimeSeriesSubHeader,CashFlow-Returns,$E$17:$Q$17,'CashFlow-Returns'!$E$17:$Q$17
TotalCosts,Cost,$F$200,Cost!$F$200
TotalDevProfit,Cost,$F$198,Cost!$F$198
TotalDevProfitPct,Cost,$F$199,Cost!$F$199
TotalDirectCosts,Cost,$F$195,Cost!$F$195
TotalIndirectCosts,Cost,$F$196,Cost!$F$196
TotalSiteCosts,Cost,$F$197,Cost!$F$197
TotalUtilitiesSum,Capitalization and Multipliers,$G$83,'Capitalization and Multipliers'!$G$83
TransactionHistoryShowHide,"Contracts, History",$E$13:$E$33,"'Contracts, History'!$E$13:$E$33"
TypeOfPGISelected,Capitalization and Multipliers,$J$32,'Capitalization and Multipliers'!$J$32
UnitBathRoomsColumnAnchor,Summary,$CV$513,Summary!$CV$513
UnitBedRoomsColumnAnchor,Summary,$CT$513,Summary!$CT$513
UnitBedsColumnAnchor,Summary,$CU$513,Summary!$CU$513
UNitCategory,Rent Roll,$O$279:$O$304,'Rent Roll'!$O$279:$O$304
UnitCategoryColumnAnchor,Summary,$CN$513,Summary!$CN$513
UnitFeaturesChange,Improvements,$EI$509:$EI$733,Improvements!$EI$509:$EI$733
UnitFeaturesColumn,Improvements,$EH$509:$EH$549,Improvements!$EH$509:$EH$549
UnitFeaturesTableRowsShowHide,Improvements,$EE$509:$EE$733,Improvements!$EE$509:$EE$733
UnitFloor,Rent Roll,$N$279:$N$304,'Rent Roll'!$N$279:$N$304
UnitFloorColumnAnchor,Summary,$CR$513,Summary!$CR$513
UnitLeaseFormulas,Summary,$CM$514:$DD$613,Summary!$CM$514:$DD$613
UnitLeaseMarketRentTable,Rent Roll,$M$257:$O$272,'Rent Roll'!$M$257:$O$272
UnitLeaseRentRoll_DataEntry,Rent Roll,$B$253,'Rent Roll'!$B$253
UnitLeaseRentRollShowHide,Rent Roll,$M$279:$M$304,'Rent Roll'!$M$279:$M$304
UnitLeaseRowsShoHide,Summary,$CM$514:$CM$613,Summary!$CM$514:$CM$613
UnitLeaseRRHeaders,Rent Roll,$M$277:$AA$277,'Rent Roll'!$M$277:$AA$277
UnitLeaseType,Rent Roll,$M$255,'Rent Roll'!$M$255
UnitLeaseUnitsColumnAnchor,Rent Roll,$P$278,'Rent Roll'!$P$278
UnitM2ColumnAnchor,Summary,$DC$513,Summary!$DC$513
UnitMarketRentPerMo,Rent Roll,$AA$279:$AA$304,'Rent Roll'!$AA$279:$AA$304
UnitMarketRentPerMoColumnAnchor,Summary,$CZ$513,Summary!$CZ$513
UnitMarketRentPerSF,Rent Roll,$AC$279:$AC$304,'Rent Roll'!$AC$279:$AC$304
UnitMarketRentPerSFColumnAnchor,Summary,$DA$513,Summary!$DA$513
UnitMarketRentPerSfPerMo,Rent Roll,$AB$279:$AB$304,'Rent Roll'!$AB$279:$AB$304
UnitMeasure,Rent Roll,$AG$42,'Rent Roll'!$AG$42
UnitNoOfRoomsColumnAnchor,Summary,$CS$513,Summary!$CS$513
UnitNumberColumnAnchor,Summary,$CO$513,Summary!$CO$513
UnitRentPerM2ColumnAnchor,Summary,$DD$513,Summary!$DD$513
UnitRentPerMo,Rent Roll,$X$279:$X$304,'Rent Roll'!$X$279:$X$304
UnitRentPerMoColumnAnchor,Summary,$CW$513,Summary!$CW$513
UnitRentPerSF,Rent Roll,$Z$279:$Z$304,'Rent Roll'!$Z$279:$Z$304
UnitRentPerSFColumnAnchor,Summary,$CX$513,Summary!$CX$513
UnitRentPerSFMoColumnAnchor,Summary,$CY$513,Summary!$CY$513
UnitRentPerYear,Rent Roll,$Y$279:$Y$304,'Rent Roll'!$Y$279:$Y$304
UnitSelectShowHide,Lease Grid,$C$23,'Lease Grid'!$C$23
UnitSF,Rent Roll,$S$279:$S$304,'Rent Roll'!$S$279:$S$304
UnitSFColumnAnchor,Summary,$CQ$513,Summary!$CQ$513
UnitsVacantUnits,Rent Roll,$R$279:$R$304,'Rent Roll'!$R$279:$R$304
UnitTotalUnits,Rent Roll,$P$279:$P$304,'Rent Roll'!$P$279:$P$304
UnitTypeColumnAnchor,Summary,$CM$513,Summary!$CM$513
UnitVacantNumberColumnAnchor,Summary,$CP$513,Summary!$CP$513
UOC,Sales Grid,$C$32,'Sales Grid'!$C$32
UOCType,Sales Grid,$F$31,'Sales Grid'!$F$31
USStates,Property Types,$G$5:$G$55,'Property Types'!$G$5:$G$55
UtilityExpCategories,Capitalization and Multipliers,$G$77:$G$82,'Capitalization and Multipliers'!$G$77:$G$82
VacantSpaceShowHide,Rent Roll,$GY$761:$GY$781,'Rent Roll'!$GY$761:$GY$781
VacantSpaceToggleShowHide,Rent Roll,$GW$783:$GW$784,'Rent Roll'!$GW$783:$GW$784
VacantUnitsColumnAnchor,Rent Roll,$R$278,'Rent Roll'!$R$278
ValConclusionsColsShowHide,Values,,Values!#REF!
ValConclusionsRowsShowHide,Values,$AK$123:$AK$131,Values!$AK$123:$AK$131
ValuationColumnsShowHide,Valuation,$G$10:$K$10,Valuation!$G$10:$K$10
ValuationData_Export,Valuation,$B$14,Valuation!$B$14
ValuationData_Nav,Valuation,$B$8,Valuation!$B$8
ValuationData_Toggle,Valuation,$B$10,Valuation!$B$10
ValuationRowsShowHide,Valuation,$B$20:$B$69,Valuation!$B$20:$B$69
Value_Conclusions_Nav,Values,$AK$117,Values!$AK$117
Value_Conclusions_Toggle,Values,$AK$119,Values!$AK$119
Value_PremiseToggle,Values,$B$67,Values!$B$67
ValueColumnsShowHide,Values,$W$95:$AF$95,Values!$W$95:$AF$95
ValueRowsShowHide,Values,$T$99:$T$111,Values!$T$99:$T$111
Values_NavValAdj,Values,$B$9,Values!$B$9
ValueSummary_Nav,Values,$T$92,Values!$T$92
ValueSummary_Toggle,Values,$T$95,Values!$T$95
Version,File Info,$N$5,'File Info'!$N$5
VerticalBuildingSummaryColsShowHide,Improvements,$BK$216:$BT$216,Improvements!$BK$216:$BT$216
VerticalBuildingSummaryRowsShowHide,Improvements,$BG$223:$BG$431,Improvements!$BG$223:$BG$431
VerticalSiteSummaryColsShowHide,Site,$BV$154:$CO$154,Site!$BV$154:$CO$154
VerticalSiteSummaryRowsShowHide,Site,$BR$158:$BR$271,Site!$BR$158:$BR$271
WellsFargoValueInterest,Valuation,$B$107:$B$119,Valuation!$B$107:$B$119
WellsFargoValuePremise,Valuation,$B$72:$B$88,Valuation!$B$72:$B$88
WellsFargoValueType,Valuation,$B$91:$B$104,Valuation!$B$91:$B$104
Z_Contracts_ExportTransaction_ShowHide,"Contracts, History",$Q$36,"'Contracts, History'!$Q$36"
Z_Contracts_Transaction_ShowHide,"Contracts, History",$Q$11,"'Contracts, History'!$Q$11"
Z_Dates_Extraordinary_ShowHide,"Dates, Premises",$Q$47,"'Dates, Premises'!$Q$47"
Z_Dates_Hypothetical_ShowHide,"Dates, Premises",$Q$36,"'Dates, Premises'!$Q$36"
Z_Dates_PriorServices_ShowHide,"Dates, Premises",$Q$58,"'Dates, Premises'!$Q$58"
Z_FileInfo_AppraisalFirm_ShowHide,File Info,$M$319,'File Info'!$M$319
Z_FileInfo_Appraiser2_ShowHide,File Info,$M$346,'File Info'!$M$346
Z_FileInfo_Client2Info_ShowHide,File Info,$M$190,'File Info'!$M$190
Z_FileInfo_FirstAppraiser_ShowHide,File Info,$M$273,'File Info'!$M$273
Z_FileInfo_PropertyContact_ShowHide,File Info,$M$236,'File Info'!$M$236
Z_FileInfo_ShowHide,File Info,$M$29,'File Info'!$M$29
Z_FileInfo_Styles_ShowHide,File Info,$M$50,'File Info'!$M$50
Z_Improvements_Amenities_ShowHide,Improvements,$EL$503,Improvements!$EL$503
Z_Improvements_Buildings_ShowHide,Improvements,$AN$54,Improvements!$AN$54
Z_Improvements_Foundation_ShowHide,Improvements,$AN$138,Improvements!$AN$138
Z_Improvements_Interior_ShowHide,Improvements,$AN$162,Improvements!$AN$162
Z_Improvements_MechanicalSystems_ShowHide,Improvements,$AN$176,Improvements!$AN$176
Z_Improvements_MFInv_ShowHide,Improvements,$DO$465,Improvements!$DO$465
Z_Improvements_Overall_ShowHide,Improvements,$AN$15,Improvements!$AN$15
Z_Improvements_Residential_ShowHide,Improvements,$AN$193,Improvements!$AN$193
Z_Methodology_ShowHide,Scope,$J$67,Scope!$J$67
Z_ReportType_ShowHide,Scope,$J$23,Scope!$J$23
Z_Scope_ShowHide,Scope,$J$10,Scope!$J$10
Z_ScopeOfWork_ShowHide,Scope,$J$44,Scope!$J$44
Z_Site_Agricultural_ShowHide,Site,$AY$135,Site!$AY$135
Z_Values_AsComplete_ShowHide,Values,$N$29,Values!$N$29
Z_Values_AsStabilized_ShowHide,Values,$N$13,Values!$N$13
Z_Values_InsurableValue_ShowHide,Values,$N$61,Values!$N$61
Z_ZoningData_ShowHide,Zoning,$AL$15,Zoning!$AL$15
Zoning_NavZoning,Zoning,$P$10,Zoning!$P$10
Zoning_NavZoningSummary,Zoning,$BF$48,Zoning!$BF$48
Zoning_ToggleZoningSummary,Zoning,$BF$50,Zoning!$BF$50
ZoningColumnsShowHide,Zoning,$BJ$48:$BR$48,Zoning!$BJ$48:$BR$48
ZoningHeaderOptions,Zoning,$X$20:$X$43,Zoning!$X$20:$X$43
ZoningRecordColumnsShowHide,Zoning,$AA$18:$AJ$18,Zoning!$AA$18:$AJ$18
ZoningRowsShowHide,Zoning,$BF$52:$BF$75,Zoning!$BF$52:$BF$75
ZoningSectionShowHide,Zoning,$Y$17:$Y$44,Zoning!$Y$17:$Y$44
ZoningTable,Zoning,$X$20:$AK$43,Zoning!$X$20:$AK$43
