Tab Name,Field Name,Dropdown Values,Cell Ref
File Info,Unknown_Field_I2,"""Front End,Back End""",I2
File Info,Unknown_Field_M29,"""Auto,Show,Hide""",M29
File Info,Unknown_Field_M50,"""Auto,Show,Hide""",M50
File Info,Property Major Type,_Property_Types,I100
File Info,Property Type,INDIRECT($I$92),I102
File Info,Is there Multi-Family Affordable?,"""Yes,No""",U104
File Info,Is this a Market Study?,"""No, Yes""",U108
File Info,Country,CountryList,I116
File Info,Do Client Appraisal Requirements apply?,"""Yes,No""",I184
File Info,Is FIRREA Language required?,"""Yes,No""",I186
File Info,Unknown_Field_M190,"""Auto,Show,Hide""",M190
File Info,Unknown_Field_M236,"""Auto,Show,Hide""",M236
File Info,Unknown_Field_M273,"""Auto,Show,Hide""",M273
File Info,Certification State,Appraiser1_State,I297
File Info,Appraiser Inspection,"""has, has not""",I307
File Info,Unknown_Field_M319,"""Auto,Show,Hide""",M319
File Info,Unknown_Field_M346,"""Auto,Show,Hide""",M346
File Info,Certification State,Appraiser2_State,I368
File Info,Unknown_Field_M390,"""Auto,Show,Hide""",M390
File Info,Certification State,Appraiser3_State,I412
File Info,Unknown_Field_M434,"""Auto,Show,Hide""",M434
File Info,Certification State,Appraiser4_State,I456
File Info,Authors Perspective,"""We, I""",I485
File Info,Navigate,ShowHideAutoDD,T497
File Info,Hide,ShowHideAutoDD,W497
File Info,Choose,"""Appraiser,Site Inspection,Reviewer,Analyst,Researcher,Financial Analyst,Comp Selection""",T502
File Info,Choose,"""Interior/Exterior,Interior,Exterior,On-Site,N/A""",W502
File Info,Choose,"""Appraiser,Site Inspection,Reviewer,Analyst,Researcher,Financial Analyst,Comp Selection""",T503
File Info,Choose,"""Interior/Exterior,Interior,Exterior,On-Site,N/A""",W503
File Info,Choose,"""Appraiser,Site Inspection,Reviewer,Analyst,Researcher,Financial Analyst,Comp Selection""",T504
File Info,Choose,"""Interior/Exterior,Interior,Exterior,On-Site,N/A""",W504
File Info,Choose,"""Appraiser,Site Inspection,Reviewer,Analyst,Researcher,Financial Analyst,Comp Selection""",T505
File Info,Choose,"""Interior/Exterior,Interior,Exterior,On-Site,N/A""",W505
File Info,Toggle Display,"""Show,Hide""",AK541
File Info,Show,"""Show,Hide""",AK542
File Info,Show,"""Show,Hide""",AK543
File Info,Show,"""Show,Hide""",AK544
File Info,Show,"""Show,Hide""",AK545
File Info,Show,"""Show,Hide""",AK546
File Info,Show,"""Show,Hide""",AK547
Settings,What is the PVA Property Type?,_Property_Types,G6
Settings,What agency is this job for?,"""None,Fannie,Freddie,HUD""",G10
Settings,Rounding: Formula (recommended) or Set Multiple,"""Set Multiple,Rounding Formula""",G28
Settings,Subject Unit of Comparison,pvaUOC_DD,G31
Settings,For Mixed-Use: Include Commercial units in total unit count?,"""No,Yes""",G33
Settings,Do you need External Obsolescence Analysis,"""No,Yes""",G62
Settings,Do you have Cost Comparables?,"""No,Yes""",G63
Settings,Do your Cost Comps have Indirect/Soft Costs?,"""No,Yes""",G64
Settings,Do you have a Construction Budget?,"""No,Yes""",G65
Settings,Is it a Going Concern Value?,"""No,Yes""",G67
Settings,Include EGIM Analysis?,"""Yes,No""",G72
Settings,How does your market quote rental rates?,"""$/SF/Year,$/SF/Mo""",G80
Settings,Do you have a budget to spread?,"""Yes,No""",G81
Settings,Do you need to present Lease Abstracts?,"""Yes,No""",G82
Settings,Is the subject stabilized?,"""Yes,No""",G83
Settings,How many projections are needed?,"""Yes,No""",G84
Settings,Include Reserves in Operating Expense Ratio?,"""Yes,No""",G85
Settings,"Do you need a Direct Cap, DCF, or both","""Direct Cap Only, DCF Only, Both""",G86
Settings,Senior Housing: Show full COA for Hist. Input Dropdowns,"""Yes,No""",G89
"Dates, Premises",As Is,pvaValueTypeDD,I23
"Dates, Premises",Market Value As Is,"""1 month, 2 months, 3 months, 4 months, 5 months, 6 months, 7 months, 8 months, 9 months, 10 months, 11 months, 12 months, 18 months, 2 years""",O23
"Dates, Premises",Exposure Time,"""1 month, 2 months, 3 months, 4 months, 5 months, 6 months, 7 months, 8 months, 9 months, 10 months, 11 months, 12 months, 18 months, 2 years""",Q23
"Dates, Premises",Marketing Time,"""1 month, 2 months, 3 months, 4 months, 5 months, 6 months, 7 months, 8 months, 9 months, 10 months, 11 months, 12 months, 18 months, 2 years""",O24
"Dates, Premises",Exposure Time,"""1 month, 2 months, 3 months, 4 months, 5 months, 6 months, 7 months, 8 months, 9 months, 10 months, 11 months, 12 months, 18 months, 2 years""",Q24
"Dates, Premises",Marketing Time,"""1 month, 2 months, 3 months, 4 months, 5 months, 6 months, 7 months, 8 months, 9 months, 10 months, 11 months, 12 months, 18 months, 2 years""",O25
"Dates, Premises",Exposure Time,"""1 month, 2 months, 3 months, 4 months, 5 months, 6 months, 7 months, 8 months, 9 months, 10 months, 11 months, 12 months, 18 months, 2 years""",Q25
"Dates, Premises",Upon Stabilization,"""Upon Completion,As-If Completed,Upon Stabilization,As-If Stabilized,Hypothetical,Liquidation,Disposition""",F26
"Dates, Premises",Marketing Time,"""1 month, 2 months, 3 months, 4 months, 5 months, 6 months, 7 months, 8 months, 9 months, 10 months, 11 months, 12 months, 18 months, 2 years""",O26
"Dates, Premises",Exposure Time,"""1 month, 2 months, 3 months, 4 months, 5 months, 6 months, 7 months, 8 months, 9 months, 10 months, 11 months, 12 months, 18 months, 2 years""",Q26
"Dates, Premises",As Completed,"""Upon Completion,As-If Completed,Upon Stabilization,As-If Stabilized,Hypothetical,Liquidation,Disposition""",F27
"Dates, Premises",Marketing Time,"""1 month, 2 months, 3 months, 4 months, 5 months, 6 months, 7 months, 8 months, 9 months, 10 months, 11 months, 12 months, 18 months, 2 years""",O27
"Dates, Premises",Exposure Time,"""1 month, 2 months, 3 months, 4 months, 5 months, 6 months, 7 months, 8 months, 9 months, 10 months, 11 months, 12 months, 18 months, 2 years""",Q27
"Dates, Premises",As-If Completed,"""Upon Completion,As-If Completed,Upon Stabilization,As-If Stabilized,Hypothetical,Liquidation,Disposition""",F28
"Dates, Premises",Marketing Time,"""1 month, 2 months, 3 months, 4 months, 5 months, 6 months, 7 months, 8 months, 9 months, 10 months, 11 months, 12 months, 18 months, 2 years""",O28
"Dates, Premises",Exposure Time,"""1 month, 2 months, 3 months, 4 months, 5 months, 6 months, 7 months, 8 months, 9 months, 10 months, 11 months, 12 months, 18 months, 2 years""",Q28
"Dates, Premises",As Stable,"""Upon Completion,As-If Completed,Upon Stabilization,As-If Stabilized,Hypothetical,Liquidation,Disposition""",F29
"Dates, Premises",Unknown_Field_O29,"""1 month, 2 months, 3 months, 4 months, 5 months, 6 months, 7 months, 8 months, 9 months, 10 months, 11 months, 12 months, 18 months, 2 years""",O29
"Dates, Premises",Unknown_Field_Q29,"""1 month, 2 months, 3 months, 4 months, 5 months, 6 months, 7 months, 8 months, 9 months, 10 months, 11 months, 12 months, 18 months, 2 years""",Q29
"Dates, Premises",As-If Stabilized,"""Upon Completion,As-If Completed,Upon Stabilization,As-If Stabilized,Hypothetical,Liquidation,Disposition""",F30
"Dates, Premises",Unknown_Field_O30,"""1 month, 2 months, 3 months, 4 months, 5 months, 6 months, 7 months, 8 months, 9 months, 10 months, 11 months, 12 months, 18 months, 2 years""",O30
"Dates, Premises",Unknown_Field_Q30,"""1 month, 2 months, 3 months, 4 months, 5 months, 6 months, 7 months, 8 months, 9 months, 10 months, 11 months, 12 months, 18 months, 2 years""",Q30
"Dates, Premises",Hypothetical,"""Upon Completion,As-If Completed,Upon Stabilization,As-If Stabilized,Hypothetical,Liquidation,Disposition""",F31
"Dates, Premises",Unknown_Field_O31,"""1 month, 2 months, 3 months, 4 months, 5 months, 6 months, 7 months, 8 months, 9 months, 10 months, 11 months, 12 months, 18 months, 2 years""",O31
"Dates, Premises",Unknown_Field_Q31,"""1 month, 2 months, 3 months, 4 months, 5 months, 6 months, 7 months, 8 months, 9 months, 10 months, 11 months, 12 months, 18 months, 2 years""",Q31
"Dates, Premises",Liquidation,"""Upon Completion,As-If Completed,Upon Stabilization,As-If Stabilized,Hypothetical,Liquidation,Disposition""",F32
"Dates, Premises",Unknown_Field_O32,"""1 month, 2 months, 3 months, 4 months, 5 months, 6 months, 7 months, 8 months, 9 months, 10 months, 11 months, 12 months, 18 months, 2 years""",O32
"Dates, Premises",Unknown_Field_Q32,"""1 month, 2 months, 3 months, 4 months, 5 months, 6 months, 7 months, 8 months, 9 months, 10 months, 11 months, 12 months, 18 months, 2 years""",Q32
"Dates, Premises",Prior Services,List124,I61
"Dates, Premises",Toggle Display,ShowHideAutoDD,W79
"Dates, Premises",Show,ShowHideAutoDD,W80
"Dates, Premises",Auto,ShowHideAutoDD,W81
"Dates, Premises",Auto,ShowHideAutoDD,W82
"Dates, Premises",Unknown_Field_W90,ShowHideAutoDD,W90
"Dates, Premises",Show,ShowHideAutoDD,W91
"Dates, Premises",Auto,ShowHideAutoDD,W92
"Dates, Premises",Auto,ShowHideAutoDD,W93
"Contracts, History",Property Rights,List5,G21
"Contracts, History",Unknown,List5,M21
"Contracts, History",Export Subject to Database,"""Listing, Pending Contract, Closed Sale, Appraisal""",G39
"Contracts, History",Customize,ShowHideAutoDD,AC89
"Contracts, History",Hide,ShowHideAutoDD,AD89
"Contracts, History",Hide,ShowHideAutoDD,AE89
"Contracts, History",Hide,ShowHideAutoDD,AF89
"Contracts, History",Hide,ShowHideAutoDD,AG89
"Contracts, History",Contracts_SaleHistoryTable_Toggle,ShowHideAutoDD,Z96
"Contracts, History",Show,ShowHideAutoDD,Z97
"Contracts, History",Show,ShowHideAutoDD,Z98
"Contracts, History",Hide,ShowHideAutoDD,Z99
"Contracts, History",Hide,ShowHideAutoDD,Z100
"Contracts, History",Show,ShowHideAutoDD,Z101
"Contracts, History",Show,ShowHideAutoDD,Z102
"Contracts, History",Show,ShowHideAutoDD,Z103
"Contracts, History",Hide,ShowHideAutoDD,Z104
"Contracts, History",Hide,ShowHideAutoDD,Z105
"Contracts, History",Hide,ShowHideAutoDD,Z106
"Contracts, History",Hide,ShowHideAutoDD,Z107
"Contracts, History",Auto,ShowHideAutoDD,Z108
"Contracts, History",Hide,ShowHideAutoDD,Z109
"Contracts, History",Hide,ShowHideAutoDD,Z110
"Contracts, History",Hide,ShowHideAutoDD,Z111
"Contracts, History",Hide,ShowHideAutoDD,Z112
"Contracts, History",Hide,ShowHideAutoDD,Z113
"Contracts, History",Unknown_Field_AO121,ShowHideAutoDD,AO121
"Contracts, History",Auto,ShowHideAutoDD,AP121
"Contracts, History",Unknown_Field_AL127,ShowHideAutoDD,AL127
"Contracts, History",Show,ShowHideAutoDD,AL128
"Contracts, History",Show,ShowHideAutoDD,AL129
"Contracts, History",Hide,ShowHideAutoDD,AL130
"Contracts, History",Hide,ShowHideAutoDD,AL131
"Contracts, History",Show,ShowHideAutoDD,AL132
"Contracts, History",Show,ShowHideAutoDD,AL133
"Contracts, History",Show,ShowHideAutoDD,AL134
"Contracts, History",Hide,ShowHideAutoDD,AL135
"Contracts, History",Hide,ShowHideAutoDD,AL136
"Contracts, History",Hide,ShowHideAutoDD,AL137
"Contracts, History",Hide,ShowHideAutoDD,AL138
Scope,The intended user(s) of the appraisal is/are the,List30,H17
Scope,A Cost Approach was considered and,"""was, was not""",H72
Scope,A Sales/Direct Comparison Approach was considered and,"""was, was not""",H78
Scope,Is this a 'Land Only' appraisal?,List8,H84
Scope,An Income Approach was considered and,"""was, was not""",H88
Scope,A unit sales approach (Subdivision/Development) was considered and,"""was, was not""",H92
Scope,An Extraordinary Limiting Condition,"""was, was not""",H96
Scope,was not,List115,H98
Scope,Toggle Display,ShowHideAutoDD,P110
Scope,Auto,ShowHideAutoDD,P111
Scope,Auto,ShowHideAutoDD,P112
Scope,Auto,ShowHideAutoDD,P113
Scope,Auto,ShowHideAutoDD,P114
Scope,Auto,ShowHideAutoDD,P115
Scope,Hide,ShowHideAutoDD,P116
Scope,Property Rights,"""Yes,No""",V116
Scope,Auto,ShowHideAutoDD,P117
Scope,Auto,ShowHideAutoDD,P118
Scope,Auto,ShowHideAutoDD,P119
Scope,Cost Approach,"""Applicable,Not Applicable""",Z149
Scope,Not Applicable,"""Yes,No""",AA149
Scope,Sales Comparison Approach,"""Applicable,Not Applicable""",Z150
Scope,Applicable,"""Yes,No""",AA150
Scope,Income Capitalization Approach,"""Applicable,Not Applicable""",Z151
Scope,Applicable,"""Yes,No""",AA151
Scope,Is this an Illinois AMC job?,"""Yes, No""",AY198
Scope,Unknown_Field_AU201,ShowHideAutoDD,AU201
Scope,Auto,ShowHideAutoDD,AU202
Scope,Auto,ShowHideAutoDD,AU203
Scope,Auto,ShowHideAutoDD,AU204
Scope,Auto,ShowHideAutoDD,AU205
Scope,Auto,ShowHideAutoDD,AU206
Scope,Auto,ShowHideAutoDD,AU207
Scope,Auto,ShowHideAutoDD,AU208
Scope,Auto,ShowHideAutoDD,AU209
Scope,Auto,ShowHideAutoDD,AU210
Scope,Auto,ShowHideAutoDD,AU211
Scope,Auto,ShowHideAutoDD,AU212
Scope,Auto,ShowHideAutoDD,AU213
Scope,Certification Required Language,ShowHideAutoDD,AU214
Scope,Auto,ShowHideAutoDD,AU215
Scope,Auto,ShowHideAutoDD,AU216
Scope,Auto,ShowHideAutoDD,AU217
Scope,Auto,ShowHideAutoDD,AU218
Site,Choose Number of Parcels,"""1,2,3,4,5,6,7,8,9,10,11,12,13,14,15,16,17,18,19,20""",AC12
Site,Show,ShowHideAutoDD,AD18
Site,Auto,ShowHideAutoDD,AE18
Site,Auto,ShowHideAutoDD,AF18
Site,Auto,ShowHideAutoDD,AG18
Site,Auto,ShowHideAutoDD,AH18
Site,Auto,ShowHideAutoDD,AI18
Site,Auto,ShowHideAutoDD,AJ18
Site,Auto,ShowHideAutoDD,AK18
Site,Auto,ShowHideAutoDD,AL18
Site,Auto,ShowHideAutoDD,AM18
Site,Auto,ShowHideAutoDD,AN18
Site,Auto,ShowHideAutoDD,AO18
Site,Auto,ShowHideAutoDD,AP18
Site,Auto,ShowHideAutoDD,AQ18
Site,Auto,ShowHideAutoDD,AR18
Site,Auto,ShowHideAutoDD,AS18
Site,Auto,ShowHideAutoDD,AT18
Site,Auto,ShowHideAutoDD,AU18
Site,Auto,ShowHideAutoDD,AV18
Site,Multi-Family|Mobile/Manufactured Home Park,ShowHideAutoDD,A20
Site,Show,ShowHideAutoDD,B20
Site,Show,ShowHideAutoDD,C20
Site,Show,ShowHideAutoDD,D20
Site,Show,ShowHideAutoDD,E20
Site,Show,ShowHideAutoDD,F20
Site,Show,ShowHideAutoDD,G20
Site,Show,ShowHideAutoDD,H20
Site,Show,ShowHideAutoDD,I20
Site,Show,ShowHideAutoDD,J20
Site,Show,ShowHideAutoDD,K20
Site,Show,ShowHideAutoDD,L20
Site,Show,ShowHideAutoDD,R20
Site,Show,ShowHideAutoDD,A21
Site,Hide,ShowHideAutoDD,B21
Site,Hide,ShowHideAutoDD,C21
Site,Hide,ShowHideAutoDD,D21
Site,Hide,ShowHideAutoDD,E21
Site,Hide,ShowHideAutoDD,F21
Site,Hide,ShowHideAutoDD,G21
Site,Hide,ShowHideAutoDD,H21
Site,Hide,ShowHideAutoDD,I21
Site,Hide,ShowHideAutoDD,J21
Site,Hide,ShowHideAutoDD,K21
Site,Hide,ShowHideAutoDD,L21
Site,Hide,"""Show,Hide""",P21
Site,Show,ShowHideAutoDD,R21
Site,Location,"""Sum,Parcel 1,Concatenate,Unique Values""",AA21
Site,Hide,ShowHideAutoDD,A22
Site,Show,ShowHideAutoDD,B22
Site,Show,ShowHideAutoDD,C22
Site,Show,ShowHideAutoDD,D22
Site,Show,ShowHideAutoDD,E22
Site,Show,ShowHideAutoDD,F22
Site,Show,ShowHideAutoDD,G22
Site,Show,ShowHideAutoDD,H22
Site,Show,ShowHideAutoDD,I22
Site,Hide,ShowHideAutoDD,J22
Site,Show,ShowHideAutoDD,K22
Site,Show,ShowHideAutoDD,L22
Site,Show,"""Show,Hide""",P22
Site,Show,ShowHideAutoDD,R22
Site,Land Use,"""Sum,Parcel 1,Concatenate,Unique Values""",AA22
Site,Show,ShowHideAutoDD,A23
Site,Show,ShowHideAutoDD,B23
Site,Show,ShowHideAutoDD,C23
Site,Show,ShowHideAutoDD,D23
Site,Show,ShowHideAutoDD,E23
Site,Show,ShowHideAutoDD,F23
Site,Show,ShowHideAutoDD,G23
Site,Show,ShowHideAutoDD,H23
Site,Show,ShowHideAutoDD,I23
Site,Show,ShowHideAutoDD,J23
Site,Show,ShowHideAutoDD,K23
Site,Show,ShowHideAutoDD,L23
Site,Show,"""Show,Hide""",P23
Site,Show,ShowHideAutoDD,R23
Site,Current Use,"""Sum,Parcel 1,Concatenate,Unique Values""",AA23
Site,Show,ShowHideAutoDD,A24
Site,Hide,ShowHideAutoDD,B24
Site,Auto,ShowHideAutoDD,C24
Site,Auto,ShowHideAutoDD,D24
Site,Auto,ShowHideAutoDD,E24
Site,Auto,ShowHideAutoDD,F24
Site,Auto,ShowHideAutoDD,G24
Site,Auto,ShowHideAutoDD,H24
Site,Auto,ShowHideAutoDD,I24
Site,Hide,ShowHideAutoDD,J24
Site,Auto,ShowHideAutoDD,K24
Site,Auto,ShowHideAutoDD,L24
Site,Auto,"""Show,Hide""",P24
Site,Show,ShowHideAutoDD,R24
Site,Proposed Use,"""Sum,Parcel 1,Concatenate,Unique Values""",AA24
Site,Hide,ShowHideAutoDD,A25
Site,Show,ShowHideAutoDD,B25
Site,Show,ShowHideAutoDD,C25
Site,Show,ShowHideAutoDD,D25
Site,Show,ShowHideAutoDD,E25
Site,Show,ShowHideAutoDD,F25
Site,Show,ShowHideAutoDD,G25
Site,Show,ShowHideAutoDD,H25
Site,Show,ShowHideAutoDD,I25
Site,Show,ShowHideAutoDD,J25
Site,Show,ShowHideAutoDD,K25
Site,Show,ShowHideAutoDD,L25
Site,Show,"""Show,Hide""",P25
Site,Show,ShowHideAutoDD,R25
Site,Highest and Best Use Site as Vacant,"""Sum,Parcel 1,Concatenate,Unique Values""",AA25
Site,Show,ShowHideAutoDD,A26
Site,Hide,ShowHideAutoDD,B26
Site,Hide,ShowHideAutoDD,C26
Site,Hide,ShowHideAutoDD,D26
Site,Hide,ShowHideAutoDD,E26
Site,Hide,ShowHideAutoDD,F26
Site,Hide,ShowHideAutoDD,G26
Site,Hide,ShowHideAutoDD,H26
Site,Hide,ShowHideAutoDD,I26
Site,Hide,ShowHideAutoDD,J26
Site,Hide,ShowHideAutoDD,K26
Site,Hide,ShowHideAutoDD,L26
Site,Hide,"""Show,Hide""",P26
Site,Hide,ShowHideAutoDD,R26
Site,Hide,ShowHideAutoDD,A27
Site,Show,ShowHideAutoDD,B27
Site,Show,ShowHideAutoDD,C27
Site,Show,ShowHideAutoDD,D27
Site,Show,ShowHideAutoDD,E27
Site,Show,ShowHideAutoDD,F27
Site,Show,ShowHideAutoDD,G27
Site,Show,ShowHideAutoDD,H27
Site,Show,ShowHideAutoDD,I27
Site,Show,ShowHideAutoDD,J27
Site,Show,ShowHideAutoDD,K27
Site,Show,ShowHideAutoDD,L27
Site,Show,"""Show,Hide""",P27
Site,Show,ShowHideAutoDD,R27
Site,Show,ShowHideAutoDD,A28
Site,Hide,ShowHideAutoDD,B28
Site,Hide,ShowHideAutoDD,C28
Site,Hide,ShowHideAutoDD,D28
Site,Hide,ShowHideAutoDD,E28
Site,Hide,ShowHideAutoDD,F28
Site,Hide,ShowHideAutoDD,G28
Site,Hide,ShowHideAutoDD,H28
Site,Hide,ShowHideAutoDD,I28
Site,Hide,ShowHideAutoDD,J28
Site,Hide,ShowHideAutoDD,K28
Site,Hide,ShowHideAutoDD,L28
Site,Hide,"""Show,Hide""",P28
Site,Hide,ShowHideAutoDD,R28
Site,Highest and Best Use Comments Site as Improved,"""Sum,Parcel 1,Concatenate,Unique Values""",AA28
Site,Hide,ShowHideAutoDD,A29
Site,Hide,ShowHideAutoDD,B29
Site,Hide,ShowHideAutoDD,C29
Site,Hide,ShowHideAutoDD,D29
Site,Hide,ShowHideAutoDD,E29
Site,Show,ShowHideAutoDD,F29
Site,Show,ShowHideAutoDD,G29
Site,Hide,ShowHideAutoDD,H29
Site,Hide,ShowHideAutoDD,I29
Site,Hide,ShowHideAutoDD,J29
Site,Hide,ShowHideAutoDD,K29
Site,Show,ShowHideAutoDD,L29
Site,Hide,"""Show,Hide""",P29
Site,Show,ShowHideAutoDD,R29
Site,Traffic Count (Primary Frontage),"""Sum,Parcel 1,Concatenate,Unique Values""",AA29
Site,Hide,ShowHideAutoDD,A30
Site,Hide,ShowHideAutoDD,B30
Site,Hide,ShowHideAutoDD,C30
Site,Hide,ShowHideAutoDD,D30
Site,Hide,ShowHideAutoDD,E30
Site,Show,ShowHideAutoDD,F30
Site,Show,ShowHideAutoDD,G30
Site,Hide,ShowHideAutoDD,H30
Site,Hide,ShowHideAutoDD,I30
Site,Hide,ShowHideAutoDD,J30
Site,Hide,ShowHideAutoDD,K30
Site,Hide,ShowHideAutoDD,L30
Site,Hide,"""Show,Hide""",P30
Site,Show,ShowHideAutoDD,R30
Site,Traffic Count (Secondary Frontage),"""Sum,Parcel 1,Concatenate,Unique Values""",AA30
Site,Hide,ShowHideAutoDD,A31
Site,Hide,ShowHideAutoDD,B31
Site,Hide,ShowHideAutoDD,C31
Site,Hide,ShowHideAutoDD,D31
Site,Hide,ShowHideAutoDD,E31
Site,Show,ShowHideAutoDD,F31
Site,Show,ShowHideAutoDD,G31
Site,Hide,ShowHideAutoDD,H31
Site,Hide,ShowHideAutoDD,I31
Site,Hide,ShowHideAutoDD,J31
Site,Hide,ShowHideAutoDD,K31
Site,Hide,ShowHideAutoDD,L31
Site,Hide,"""Show,Hide""",P31
Site,Show,ShowHideAutoDD,R31
Site,Traffic Count (Tertiary Frontage),"""Sum,Parcel 1,Concatenate,Unique Values""",AA31
Site,Hide,ShowHideAutoDD,A32
Site,Hide,ShowHideAutoDD,B32
Site,Hide,ShowHideAutoDD,C32
Site,Hide,ShowHideAutoDD,D32
Site,Hide,ShowHideAutoDD,E32
Site,Show,ShowHideAutoDD,F32
Site,Show,ShowHideAutoDD,G32
Site,Hide,ShowHideAutoDD,H32
Site,Hide,ShowHideAutoDD,I32
Site,Hide,ShowHideAutoDD,J32
Site,Hide,ShowHideAutoDD,K32
Site,Show,ShowHideAutoDD,L32
Site,Hide,"""Show,Hide""",P32
Site,Show,ShowHideAutoDD,R32
Site,Traffic Count Date,"""Sum,Parcel 1,Concatenate,Unique Values""",AA32
Site,Hide,ShowHideAutoDD,A33
Site,Show,ShowHideAutoDD,B33
Site,Show,ShowHideAutoDD,C33
Site,Show,ShowHideAutoDD,D33
Site,Show,ShowHideAutoDD,E33
Site,Show,ShowHideAutoDD,F33
Site,Show,ShowHideAutoDD,G33
Site,Show,ShowHideAutoDD,H33
Site,Show,ShowHideAutoDD,I33
Site,Show,ShowHideAutoDD,J33
Site,Show,ShowHideAutoDD,K33
Site,Show,ShowHideAutoDD,L33
Site,Show,"""Show,Hide""",P33
Site,Show,ShowHideAutoDD,R33
Site,Legal Description,"""Sum,Parcel 1,Concatenate,Unique Values""",AA33
Site,Show,ShowHideAutoDD,A34
Site,Hide,ShowHideAutoDD,B34
Site,Hide,ShowHideAutoDD,C34
Site,Hide,ShowHideAutoDD,D34
Site,Hide,ShowHideAutoDD,E34
Site,Hide,ShowHideAutoDD,F34
Site,Hide,ShowHideAutoDD,G34
Site,Hide,ShowHideAutoDD,H34
Site,Hide,ShowHideAutoDD,I34
Site,Hide,ShowHideAutoDD,J34
Site,Hide,ShowHideAutoDD,K34
Site,Hide,ShowHideAutoDD,L34
Site,Hide,"""Show,Hide""",P34
Site,Hide,ShowHideAutoDD,R34
Site,Hide,ShowHideAutoDD,A35
Site,Show,ShowHideAutoDD,B35
Site,Show,ShowHideAutoDD,C35
Site,Show,ShowHideAutoDD,D35
Site,Show,ShowHideAutoDD,E35
Site,Show,ShowHideAutoDD,F35
Site,Show,ShowHideAutoDD,G35
Site,Show,ShowHideAutoDD,H35
Site,Show,ShowHideAutoDD,I35
Site,Show,ShowHideAutoDD,J35
Site,Show,ShowHideAutoDD,K35
Site,Show,ShowHideAutoDD,L35
Site,Show,"""Show,Hide""",P35
Site,Show,ShowHideAutoDD,R35
Site,Map Latitude,"""Sum,Parcel 1,Concatenate,Unique Values""",AA35
Site,Show,ShowHideAutoDD,A36
Site,Show,ShowHideAutoDD,B36
Site,Show,ShowHideAutoDD,C36
Site,Show,ShowHideAutoDD,D36
Site,Show,ShowHideAutoDD,E36
Site,Show,ShowHideAutoDD,F36
Site,Show,ShowHideAutoDD,G36
Site,Show,ShowHideAutoDD,H36
Site,Show,ShowHideAutoDD,I36
Site,Show,ShowHideAutoDD,J36
Site,Show,ShowHideAutoDD,K36
Site,Show,ShowHideAutoDD,L36
Site,Show,"""Show,Hide""",P36
Site,Show,ShowHideAutoDD,R36
Site,Map Longitude,"""Sum,Parcel 1,Concatenate,Unique Values""",AA36
Site,Show,ShowHideAutoDD,A37
Site,Hide,ShowHideAutoDD,B37
Site,Hide,ShowHideAutoDD,C37
Site,Hide,ShowHideAutoDD,D37
Site,Hide,ShowHideAutoDD,E37
Site,Hide,ShowHideAutoDD,F37
Site,Hide,ShowHideAutoDD,G37
Site,Hide,ShowHideAutoDD,H37
Site,Hide,ShowHideAutoDD,I37
Site,Hide,ShowHideAutoDD,J37
Site,Hide,ShowHideAutoDD,K37
Site,Hide,ShowHideAutoDD,L37
Site,Hide,"""Show,Hide""",P37
Site,Hide,ShowHideAutoDD,R37
Site,Hide,ShowHideAutoDD,A38
Site,Show,ShowHideAutoDD,B38
Site,Show,ShowHideAutoDD,C38
Site,Show,ShowHideAutoDD,D38
Site,Show,ShowHideAutoDD,E38
Site,Show,ShowHideAutoDD,F38
Site,Show,ShowHideAutoDD,G38
Site,Show,ShowHideAutoDD,H38
Site,Show,ShowHideAutoDD,I38
Site,Show,ShowHideAutoDD,J38
Site,Show,ShowHideAutoDD,K38
Site,Show,ShowHideAutoDD,L38
Site,Show,"""Show,Hide""",P38
Site,Show,ShowHideAutoDD,R38
Site,Gross Land Area (Sq Ft),"""Sum,Parcel 1,Concatenate,Unique Values""",AA38
Site,Show,ShowHideAutoDD,A39
Site,Show,ShowHideAutoDD,B39
Site,Show,ShowHideAutoDD,C39
Site,Show,ShowHideAutoDD,D39
Site,Show,ShowHideAutoDD,E39
Site,Show,ShowHideAutoDD,F39
Site,Show,ShowHideAutoDD,G39
Site,Show,ShowHideAutoDD,H39
Site,Show,ShowHideAutoDD,I39
Site,Show,ShowHideAutoDD,J39
Site,Show,ShowHideAutoDD,K39
Site,Show,ShowHideAutoDD,L39
Site,Show,"""Show,Hide""",P39
Site,Show,ShowHideAutoDD,R39
Site,Gross Land Area (Acres),"""Sum,Parcel 1,Concatenate,Unique Values""",AA39
Site,Show,ShowHideAutoDD,A40
Site,Hide,ShowHideAutoDD,B40
Site,Auto,ShowHideAutoDD,C40
Site,Auto,ShowHideAutoDD,D40
Site,Auto,ShowHideAutoDD,E40
Site,Auto,ShowHideAutoDD,F40
Site,Auto,ShowHideAutoDD,G40
Site,Auto,ShowHideAutoDD,H40
Site,Auto,ShowHideAutoDD,I40
Site,Hide,ShowHideAutoDD,J40
Site,Auto,ShowHideAutoDD,K40
Site,Auto,ShowHideAutoDD,L40
Site,Auto,"""Show,Hide""",P40
Site,Show,ShowHideAutoDD,R40
Site,Excess Land Area (Sq Ft),"""Sum,Parcel 1,Concatenate,Unique Values""",AA40
Site,Hide,ShowHideAutoDD,A41
Site,Hide,ShowHideAutoDD,B41
Site,Auto,ShowHideAutoDD,C41
Site,Auto,ShowHideAutoDD,D41
Site,Auto,ShowHideAutoDD,E41
Site,Auto,ShowHideAutoDD,F41
Site,Auto,ShowHideAutoDD,G41
Site,Auto,ShowHideAutoDD,H41
Site,Auto,ShowHideAutoDD,I41
Site,Hide,ShowHideAutoDD,J41
Site,Auto,ShowHideAutoDD,K41
Site,Auto,ShowHideAutoDD,L41
Site,Auto,"""Show,Hide""",P41
Site,Show,ShowHideAutoDD,R41
Site,Excess Land Area (Acres),"""Sum,Parcel 1,Concatenate,Unique Values""",AA41
Site,Hide,ShowHideAutoDD,A42
Site,Hide,ShowHideAutoDD,B42
Site,Auto,ShowHideAutoDD,C42
Site,Auto,ShowHideAutoDD,D42
Site,Auto,ShowHideAutoDD,E42
Site,Auto,ShowHideAutoDD,F42
Site,Auto,ShowHideAutoDD,G42
Site,Auto,ShowHideAutoDD,H42
Site,Auto,ShowHideAutoDD,I42
Site,Hide,ShowHideAutoDD,J42
Site,Auto,ShowHideAutoDD,K42
Site,Auto,ShowHideAutoDD,L42
Site,Auto,"""Show,Hide""",P42
Site,Show,ShowHideAutoDD,R42
Site,Usable Land Area (Sq Ft),"""Sum,Parcel 1,Concatenate,Unique Values""",AA42
Site,Hide,ShowHideAutoDD,A43
Site,Hide,ShowHideAutoDD,B43
Site,Auto,ShowHideAutoDD,C43
Site,Auto,ShowHideAutoDD,D43
Site,Auto,ShowHideAutoDD,E43
Site,Auto,ShowHideAutoDD,F43
Site,Auto,ShowHideAutoDD,G43
Site,Auto,ShowHideAutoDD,H43
Site,Auto,ShowHideAutoDD,I43
Site,Hide,ShowHideAutoDD,J43
Site,Auto,ShowHideAutoDD,K43
Site,Auto,ShowHideAutoDD,L43
Site,Auto,"""Show,Hide""",P43
Site,Show,ShowHideAutoDD,R43
Site,Usable Land Area (Acres),"""Sum,Parcel 1,Concatenate,Unique Values""",AA43
Site,Hide,ShowHideAutoDD,A44
Site,Hide,ShowHideAutoDD,B44
Site,Hide,ShowHideAutoDD,C44
Site,Hide,ShowHideAutoDD,D44
Site,Hide,ShowHideAutoDD,E44
Site,Hide,ShowHideAutoDD,F44
Site,Hide,ShowHideAutoDD,G44
Site,Hide,ShowHideAutoDD,H44
Site,Hide,ShowHideAutoDD,I44
Site,Hide,ShowHideAutoDD,J44
Site,Hide,ShowHideAutoDD,K44
Site,Hide,ShowHideAutoDD,L44
Site,Hide,"""Show,Hide""",P44
Site,Show,ShowHideAutoDD,R44
Site,Easement Land Area (Sq Ft),"""Sum,Parcel 1,Concatenate,Unique Values""",AA44
Site,Hide,ShowHideAutoDD,A45
Site,Hide,ShowHideAutoDD,B45
Site,Hide,ShowHideAutoDD,C45
Site,Hide,ShowHideAutoDD,D45
Site,Hide,ShowHideAutoDD,E45
Site,Hide,ShowHideAutoDD,F45
Site,Hide,ShowHideAutoDD,G45
Site,Hide,ShowHideAutoDD,H45
Site,Hide,ShowHideAutoDD,I45
Site,Hide,ShowHideAutoDD,J45
Site,Hide,ShowHideAutoDD,K45
Site,Hide,ShowHideAutoDD,L45
Site,Hide,"""Show,Hide""",P45
Site,Show,ShowHideAutoDD,R45
Site,Easement Land Area (Acres),"""Sum,Parcel 1,Concatenate,Unique Values""",AA45
Site,Hide,ShowHideAutoDD,A46
Site,Show,ShowHideAutoDD,B46
Site,Show,ShowHideAutoDD,C46
Site,Show,ShowHideAutoDD,D46
Site,Show,ShowHideAutoDD,E46
Site,Show,ShowHideAutoDD,F46
Site,Show,ShowHideAutoDD,G46
Site,Show,ShowHideAutoDD,H46
Site,Show,ShowHideAutoDD,I46
Site,Hide,ShowHideAutoDD,J46
Site,Show,ShowHideAutoDD,K46
Site,Show,ShowHideAutoDD,L46
Site,Show,"""Show,Hide""",P46
Site,Show,ShowHideAutoDD,R46
Site,Source for Land Area,"""Sum,Parcel 1,Concatenate,Unique Values""",AA46
Site,Show,ShowHideAutoDD,A47
Site,Hide,ShowHideAutoDD,B47
Site,Hide,ShowHideAutoDD,C47
Site,Hide,ShowHideAutoDD,D47
Site,Hide,ShowHideAutoDD,E47
Site,Hide,ShowHideAutoDD,F47
Site,Hide,ShowHideAutoDD,G47
Site,Hide,ShowHideAutoDD,H47
Site,Hide,ShowHideAutoDD,I47
Site,Hide,ShowHideAutoDD,J47
Site,Hide,ShowHideAutoDD,K47
Site,Hide,ShowHideAutoDD,L47
Site,Hide,"""Show,Hide""",P47
Site,Hide,ShowHideAutoDD,R47
Site,Hide,ShowHideAutoDD,A48
Site,Hide,ShowHideAutoDD,B48
Site,Auto,ShowHideAutoDD,C48
Site,Auto,ShowHideAutoDD,D48
Site,Auto,ShowHideAutoDD,E48
Site,Auto,ShowHideAutoDD,F48
Site,Auto,ShowHideAutoDD,G48
Site,Auto,ShowHideAutoDD,H48
Site,Auto,ShowHideAutoDD,I48
Site,Hide,ShowHideAutoDD,J48
Site,Auto,ShowHideAutoDD,K48
Site,Auto,ShowHideAutoDD,L48
Site,Auto,"""Show,Hide""",P48
Site,Hide,ShowHideAutoDD,R48
Site,Parcel 1,"""Sum,Parcel 1,Concatenate,Unique Values""",AA48
Site,Hide,ShowHideAutoDD,A49
Site,Hide,ShowHideAutoDD,B49
Site,Auto,ShowHideAutoDD,C49
Site,Auto,ShowHideAutoDD,D49
Site,Auto,ShowHideAutoDD,E49
Site,Auto,ShowHideAutoDD,F49
Site,Auto,ShowHideAutoDD,G49
Site,Auto,ShowHideAutoDD,H49
Site,Auto,ShowHideAutoDD,I49
Site,Hide,ShowHideAutoDD,J49
Site,Auto,ShowHideAutoDD,K49
Site,Auto,ShowHideAutoDD,L49
Site,Auto,"""Show,Hide""",P49
Site,Hide,ShowHideAutoDD,R49
Site,Allowable Floor Area SF,"""Sum,Parcel 1,Concatenate,Unique Values""",AA49
Site,Hide,ShowHideAutoDD,A50
Site,Hide,ShowHideAutoDD,B50
Site,Auto,ShowHideAutoDD,C50
Site,Auto,ShowHideAutoDD,D50
Site,Auto,ShowHideAutoDD,E50
Site,Auto,ShowHideAutoDD,F50
Site,Auto,ShowHideAutoDD,G50
Site,Auto,ShowHideAutoDD,H50
Site,Auto,ShowHideAutoDD,I50
Site,Hide,ShowHideAutoDD,J50
Site,Auto,ShowHideAutoDD,K50
Site,Auto,ShowHideAutoDD,L50
Site,Auto,"""Show,Hide""",P50
Site,Hide,ShowHideAutoDD,R50
Site,Allowable Units,"""Sum,Parcel 1,Concatenate,Unique Values""",AA50
Site,Hide,ShowHideAutoDD,A51
Site,Hide,ShowHideAutoDD,B51
Site,Auto,ShowHideAutoDD,C51
Site,Auto,ShowHideAutoDD,D51
Site,Auto,ShowHideAutoDD,E51
Site,Auto,ShowHideAutoDD,F51
Site,Auto,ShowHideAutoDD,G51
Site,Auto,ShowHideAutoDD,H51
Site,Auto,ShowHideAutoDD,I51
Site,Hide,ShowHideAutoDD,J51
Site,Auto,ShowHideAutoDD,K51
Site,Auto,ShowHideAutoDD,L51
Site,Auto,"""Show,Hide""",P51
Site,Hide,ShowHideAutoDD,R51
Site,Proposed SF,"""Sum,Parcel 1,Concatenate,Unique Values""",AA51
Site,Hide,ShowHideAutoDD,A52
Site,Hide,ShowHideAutoDD,B52
Site,Auto,ShowHideAutoDD,C52
Site,Auto,ShowHideAutoDD,D52
Site,Auto,ShowHideAutoDD,E52
Site,Auto,ShowHideAutoDD,F52
Site,Auto,ShowHideAutoDD,G52
Site,Auto,ShowHideAutoDD,H52
Site,Auto,ShowHideAutoDD,I52
Site,Hide,ShowHideAutoDD,J52
Site,Auto,ShowHideAutoDD,K52
Site,Auto,ShowHideAutoDD,L52
Site,Auto,"""Show,Hide""",P52
Site,Hide,ShowHideAutoDD,R52
Site,Proposed Units,"""Sum,Parcel 1,Concatenate,Unique Values""",AA52
Site,Hide,ShowHideAutoDD,A53
Site,Hide,ShowHideAutoDD,B53
Site,Hide,ShowHideAutoDD,C53
Site,Hide,ShowHideAutoDD,D53
Site,Hide,ShowHideAutoDD,E53
Site,Hide,ShowHideAutoDD,F53
Site,Hide,ShowHideAutoDD,G53
Site,Hide,ShowHideAutoDD,H53
Site,Hide,ShowHideAutoDD,I53
Site,Hide,ShowHideAutoDD,J53
Site,Hide,ShowHideAutoDD,K53
Site,Hide,ShowHideAutoDD,L53
Site,Hide,"""Show,Hide""",P53
Site,Hide,ShowHideAutoDD,R53
Site,Hide,ShowHideAutoDD,A54
Site,Hide,ShowHideAutoDD,B54
Site,Hide,ShowHideAutoDD,C54
Site,Hide,ShowHideAutoDD,D54
Site,Hide,ShowHideAutoDD,E54
Site,Hide,ShowHideAutoDD,F54
Site,Hide,ShowHideAutoDD,G54
Site,Hide,ShowHideAutoDD,H54
Site,Hide,ShowHideAutoDD,I54
Site,Hide,ShowHideAutoDD,J54
Site,Hide,ShowHideAutoDD,K54
Site,Hide,ShowHideAutoDD,L54
Site,Hide,"""Show,Hide""",P54
Site,Hide,ShowHideAutoDD,R54
Site,Gross Land Area (Hectares),"""Sum,Parcel 1,Concatenate""",AA54
Site,Hide,ShowHideAutoDD,A55
Site,Hide,ShowHideAutoDD,B55
Site,Hide,ShowHideAutoDD,C55
Site,Hide,ShowHideAutoDD,D55
Site,Hide,ShowHideAutoDD,E55
Site,Hide,ShowHideAutoDD,F55
Site,Hide,ShowHideAutoDD,G55
Site,Hide,ShowHideAutoDD,H55
Site,Hide,ShowHideAutoDD,I55
Site,Hide,ShowHideAutoDD,J55
Site,Hide,ShowHideAutoDD,K55
Site,Hide,ShowHideAutoDD,L55
Site,Hide,"""Show,Hide""",P55
Site,Hide,ShowHideAutoDD,R55
Site,Gross Land Area (Sq Meters),"""Sum,Parcel 1,Concatenate""",AA55
Site,Hide,ShowHideAutoDD,A56
Site,Hide,ShowHideAutoDD,B56
Site,Hide,ShowHideAutoDD,C56
Site,Hide,ShowHideAutoDD,D56
Site,Hide,ShowHideAutoDD,E56
Site,Hide,ShowHideAutoDD,F56
Site,Hide,ShowHideAutoDD,G56
Site,Hide,ShowHideAutoDD,H56
Site,Hide,ShowHideAutoDD,I56
Site,Hide,ShowHideAutoDD,J56
Site,Hide,ShowHideAutoDD,K56
Site,Hide,ShowHideAutoDD,L56
Site,Hide,"""Show,Hide""",P56
Site,Hide,ShowHideAutoDD,R56
Site,Hide,ShowHideAutoDD,A57
Site,Hide,ShowHideAutoDD,B57
Site,Hide,ShowHideAutoDD,C57
Site,Hide,ShowHideAutoDD,D57
Site,Hide,ShowHideAutoDD,E57
Site,Hide,ShowHideAutoDD,F57
Site,Hide,ShowHideAutoDD,G57
Site,Hide,ShowHideAutoDD,H57
Site,Hide,ShowHideAutoDD,I57
Site,Hide,ShowHideAutoDD,J57
Site,Hide,ShowHideAutoDD,K57
Site,Hide,ShowHideAutoDD,L57
Site,Hide,"""Show,Hide""",P57
Site,Hide,ShowHideAutoDD,R57
Site,Hide,ShowHideAutoDD,A58
Site,Hide,ShowHideAutoDD,B58
Site,Hide,ShowHideAutoDD,C58
Site,Hide,ShowHideAutoDD,D58
Site,Hide,ShowHideAutoDD,E58
Site,Hide,ShowHideAutoDD,F58
Site,Hide,ShowHideAutoDD,G58
Site,Hide,ShowHideAutoDD,H58
Site,Hide,ShowHideAutoDD,I58
Site,Hide,ShowHideAutoDD,J58
Site,Hide,ShowHideAutoDD,K58
Site,Hide,ShowHideAutoDD,L58
Site,Hide,"""Show,Hide""",P58
Site,Hide,ShowHideAutoDD,R58
Site,Hide,ShowHideAutoDD,A59
Site,Hide,ShowHideAutoDD,B59
Site,Hide,ShowHideAutoDD,C59
Site,Hide,ShowHideAutoDD,D59
Site,Hide,ShowHideAutoDD,E59
Site,Hide,ShowHideAutoDD,F59
Site,Hide,ShowHideAutoDD,G59
Site,Hide,ShowHideAutoDD,H59
Site,Hide,ShowHideAutoDD,I59
Site,Hide,ShowHideAutoDD,J59
Site,Hide,ShowHideAutoDD,K59
Site,Hide,ShowHideAutoDD,L59
Site,Hide,"""Show,Hide""",P59
Site,Hide,ShowHideAutoDD,R59
Site,Hide,ShowHideAutoDD,A60
Site,Hide,ShowHideAutoDD,B60
Site,Auto,ShowHideAutoDD,C60
Site,Auto,ShowHideAutoDD,D60
Site,Auto,ShowHideAutoDD,E60
Site,Auto,ShowHideAutoDD,F60
Site,Auto,ShowHideAutoDD,G60
Site,Auto,ShowHideAutoDD,H60
Site,Auto,ShowHideAutoDD,I60
Site,Hide,ShowHideAutoDD,J60
Site,Auto,ShowHideAutoDD,K60
Site,Auto,ShowHideAutoDD,L60
Site,Auto,"""Show,Hide""",P60
Site,Hide,ShowHideAutoDD,R60
Site,Hide,ShowHideAutoDD,A61
Site,Hide,ShowHideAutoDD,B61
Site,Auto,ShowHideAutoDD,C61
Site,Auto,ShowHideAutoDD,D61
Site,Auto,ShowHideAutoDD,E61
Site,Auto,ShowHideAutoDD,F61
Site,Auto,ShowHideAutoDD,G61
Site,Auto,ShowHideAutoDD,H61
Site,Auto,ShowHideAutoDD,I61
Site,Hide,ShowHideAutoDD,J61
Site,Auto,ShowHideAutoDD,K61
Site,Auto,ShowHideAutoDD,L61
Site,Auto,"""Show,Hide""",P61
Site,Hide,ShowHideAutoDD,R61
Site,Hide,ShowHideAutoDD,A62
Site,Hide,ShowHideAutoDD,B62
Site,Auto,ShowHideAutoDD,C62
Site,Auto,ShowHideAutoDD,D62
Site,Auto,ShowHideAutoDD,E62
Site,Auto,ShowHideAutoDD,F62
Site,Auto,ShowHideAutoDD,G62
Site,Auto,ShowHideAutoDD,H62
Site,Auto,ShowHideAutoDD,I62
Site,Hide,ShowHideAutoDD,J62
Site,Auto,ShowHideAutoDD,K62
Site,Hide,ShowHideAutoDD,L62
Site,Hide,"""Show,Hide""",P62
Site,Show,ShowHideAutoDD,R62
Site,Land Units,"""Sum,Parcel 1,Concatenate,Unique Values""",AA62
Site,Hide,ShowHideAutoDD,A63
Site,Hide,ShowHideAutoDD,B63
Site,Auto,ShowHideAutoDD,C63
Site,Auto,ShowHideAutoDD,D63
Site,Auto,ShowHideAutoDD,E63
Site,Auto,ShowHideAutoDD,F63
Site,Auto,ShowHideAutoDD,G63
Site,Auto,ShowHideAutoDD,H63
Site,Auto,ShowHideAutoDD,I63
Site,Hide,ShowHideAutoDD,J63
Site,Auto,ShowHideAutoDD,K63
Site,Hide,ShowHideAutoDD,L63
Site,Hide,"""Show,Hide""",P63
Site,Show,ShowHideAutoDD,R63
Site,Land Unit Type,"""Sum,Parcel 1,Concatenate,Unique Values""",AA63
Site,Hide,ShowHideAutoDD,A64
Site,Hide,ShowHideAutoDD,B64
Site,Auto,ShowHideAutoDD,C64
Site,Auto,ShowHideAutoDD,D64
Site,Auto,ShowHideAutoDD,E64
Site,Auto,ShowHideAutoDD,F64
Site,Auto,ShowHideAutoDD,G64
Site,Auto,ShowHideAutoDD,H64
Site,Auto,ShowHideAutoDD,I64
Site,Hide,ShowHideAutoDD,J64
Site,Auto,ShowHideAutoDD,K64
Site,Hide,ShowHideAutoDD,L64
Site,Auto,"""Show,Hide""",P64
Site,Show,ShowHideAutoDD,R64
Site,Approved or Zoned,"""Sum,Parcel 1,Concatenate,Unique Values""",AA64
Site,Hide,ShowHideAutoDD,A65
Site,Show,ShowHideAutoDD,B65
Site,Show,ShowHideAutoDD,C65
Site,Show,ShowHideAutoDD,D65
Site,Show,ShowHideAutoDD,E65
Site,Show,ShowHideAutoDD,F65
Site,Show,ShowHideAutoDD,G65
Site,Show,ShowHideAutoDD,H65
Site,Show,ShowHideAutoDD,I65
Site,Hide,ShowHideAutoDD,J65
Site,Show,ShowHideAutoDD,K65
Site,Show,ShowHideAutoDD,L65
Site,Show,"""Show,Hide""",P65
Site,Show,ShowHideAutoDD,R65
Site,Corner Lot,"""Sum,Parcel 1,Concatenate,Unique Values""",AA65
Site,Show,ShowHideAutoDD,A66
Site,Hide,ShowHideAutoDD,B66
Site,Hide,ShowHideAutoDD,C66
Site,Hide,ShowHideAutoDD,D66
Site,Hide,ShowHideAutoDD,E66
Site,Hide,ShowHideAutoDD,F66
Site,Hide,ShowHideAutoDD,G66
Site,Hide,ShowHideAutoDD,H66
Site,Hide,ShowHideAutoDD,I66
Site,Hide,ShowHideAutoDD,J66
Site,Hide,ShowHideAutoDD,K66
Site,Hide,ShowHideAutoDD,L66
Site,Hide,"""Show,Hide""",P66
Site,Show,ShowHideAutoDD,R66
Site,Dimensions,"""Sum,Parcel 1,Concatenate,Unique Values""",AA66
Site,Hide,ShowHideAutoDD,A67
Site,Show,ShowHideAutoDD,B67
Site,Show,ShowHideAutoDD,C67
Site,Show,ShowHideAutoDD,D67
Site,Show,ShowHideAutoDD,E67
Site,Show,ShowHideAutoDD,F67
Site,Show,ShowHideAutoDD,G67
Site,Show,ShowHideAutoDD,H67
Site,Show,ShowHideAutoDD,I67
Site,Hide,ShowHideAutoDD,J67
Site,Show,ShowHideAutoDD,K67
Site,Show,ShowHideAutoDD,L67
Site,Show,"""Show,Hide""",P67
Site,Show,ShowHideAutoDD,R67
Site,Primary Frontage Street Name,"""Sum,Parcel 1,Concatenate,Unique Values""",AA67
Site,Show,ShowHideAutoDD,A68
Site,Hide,ShowHideAutoDD,B68
Site,Hide,ShowHideAutoDD,C68
Site,Hide,ShowHideAutoDD,D68
Site,Hide,ShowHideAutoDD,E68
Site,Show,ShowHideAutoDD,F68
Site,Show,ShowHideAutoDD,G68
Site,Hide,ShowHideAutoDD,H68
Site,Hide,ShowHideAutoDD,I68
Site,Hide,ShowHideAutoDD,J68
Site,Hide,ShowHideAutoDD,K68
Site,Hide,ShowHideAutoDD,L68
Site,Show,"""Show,Hide""",P68
Site,Show,ShowHideAutoDD,R68
Site,Secondary Frontage Street Name,"""Sum,Parcel 1,Concatenate,Unique Values""",AA68
Site,Hide,ShowHideAutoDD,A69
Site,Hide,ShowHideAutoDD,B69
Site,Hide,ShowHideAutoDD,C69
Site,Hide,ShowHideAutoDD,D69
Site,Hide,ShowHideAutoDD,E69
Site,Show,ShowHideAutoDD,F69
Site,Show,ShowHideAutoDD,G69
Site,Hide,ShowHideAutoDD,H69
Site,Hide,ShowHideAutoDD,I69
Site,Hide,ShowHideAutoDD,J69
Site,Hide,ShowHideAutoDD,K69
Site,Hide,ShowHideAutoDD,L69
Site,Hide,"""Show,Hide""",P69
Site,Show,ShowHideAutoDD,R69
Site,Tertiary Frontage Street Name,"""Sum,Parcel 1,Concatenate,Unique Values""",AA69
Site,Hide,ShowHideAutoDD,A70
Site,Hide,ShowHideAutoDD,B70
Site,Hide,ShowHideAutoDD,C70
Site,Hide,ShowHideAutoDD,D70
Site,Hide,ShowHideAutoDD,E70
Site,Hide,ShowHideAutoDD,F70
Site,Hide,ShowHideAutoDD,G70
Site,Hide,ShowHideAutoDD,H70
Site,Hide,ShowHideAutoDD,I70
Site,Hide,ShowHideAutoDD,J70
Site,Hide,ShowHideAutoDD,K70
Site,Hide,ShowHideAutoDD,L70
Site,Hide,"""Show,Hide""",P70
Site,Show,ShowHideAutoDD,R70
Site,Road Frontage,"""Sum,Parcel 1,Concatenate,Unique Values""",AA70
Site,Hide,ShowHideAutoDD,A71
Site,Show,ShowHideAutoDD,B71
Site,Show,ShowHideAutoDD,C71
Site,Show,ShowHideAutoDD,D71
Site,Show,ShowHideAutoDD,E71
Site,Show,ShowHideAutoDD,F71
Site,Show,ShowHideAutoDD,G71
Site,Show,ShowHideAutoDD,H71
Site,Show,ShowHideAutoDD,I71
Site,Hide,ShowHideAutoDD,J71
Site,Show,ShowHideAutoDD,K71
Site,Show,ShowHideAutoDD,L71
Site,Show,"""Show,Hide""",P71
Site,Show,ShowHideAutoDD,R71
Site,Frontage - Primary Street (Feet),"""Sum,Parcel 1,Concatenate,Unique Values""",AA71
Site,Show,ShowHideAutoDD,A72
Site,Hide,ShowHideAutoDD,B72
Site,Hide,ShowHideAutoDD,C72
Site,Hide,ShowHideAutoDD,D72
Site,Hide,ShowHideAutoDD,E72
Site,Show,ShowHideAutoDD,F72
Site,Show,ShowHideAutoDD,G72
Site,Hide,ShowHideAutoDD,H72
Site,Hide,ShowHideAutoDD,I72
Site,Hide,ShowHideAutoDD,J72
Site,Hide,ShowHideAutoDD,K72
Site,Hide,ShowHideAutoDD,L72
Site,Hide,"""Show,Hide""",P72
Site,Show,ShowHideAutoDD,R72
Site,Frontage - Secondary Street (Feet),"""Sum,Parcel 1,Concatenate,Unique Values""",AA72
Site,Hide,ShowHideAutoDD,A73
Site,Hide,ShowHideAutoDD,B73
Site,Hide,ShowHideAutoDD,C73
Site,Hide,ShowHideAutoDD,D73
Site,Hide,ShowHideAutoDD,E73
Site,Show,ShowHideAutoDD,F73
Site,Show,ShowHideAutoDD,G73
Site,Hide,ShowHideAutoDD,H73
Site,Hide,ShowHideAutoDD,I73
Site,Hide,ShowHideAutoDD,J73
Site,Hide,ShowHideAutoDD,K73
Site,Hide,ShowHideAutoDD,L73
Site,Hide,"""Show,Hide""",P73
Site,Show,ShowHideAutoDD,R73
Site,Frontage - Tertiary Street (Feet),"""Sum,Parcel 1,Concatenate,Unique Values""",AA73
Site,Hide,ShowHideAutoDD,A74
Site,Hide,ShowHideAutoDD,B74
Site,Show,ShowHideAutoDD,C74
Site,Show,ShowHideAutoDD,D74
Site,Show,ShowHideAutoDD,E74
Site,Show,ShowHideAutoDD,F74
Site,Show,ShowHideAutoDD,G74
Site,Show,ShowHideAutoDD,H74
Site,Show,ShowHideAutoDD,I74
Site,Hide,ShowHideAutoDD,J74
Site,Show,ShowHideAutoDD,K74
Site,Hide,ShowHideAutoDD,L74
Site,Hide,"""Show,Hide""",P74
Site,Show,ShowHideAutoDD,R74
Site,Average Depth (Feet),"""Sum,Parcel 1,Concatenate,Unique Values""",AA74
Site,Hide,ShowHideAutoDD,A75
Site,Hide,ShowHideAutoDD,B75
Site,Hide,ShowHideAutoDD,C75
Site,Hide,ShowHideAutoDD,D75
Site,Hide,ShowHideAutoDD,E75
Site,Hide,ShowHideAutoDD,F75
Site,Hide,ShowHideAutoDD,G75
Site,Hide,ShowHideAutoDD,H75
Site,Hide,ShowHideAutoDD,I75
Site,Hide,ShowHideAutoDD,J75
Site,Hide,ShowHideAutoDD,K75
Site,Hide,ShowHideAutoDD,L75
Site,Hide,"""Show,Hide""",P75
Site,Show,ShowHideAutoDD,R75
Site,Water Frontage (Feet),"""Sum,Parcel 1,Concatenate,Unique Values""",AA75
Site,Hide,ShowHideAutoDD,A76
Site,Hide,ShowHideAutoDD,B76
Site,Hide,ShowHideAutoDD,C76
Site,Hide,ShowHideAutoDD,D76
Site,Hide,ShowHideAutoDD,E76
Site,Hide,ShowHideAutoDD,F76
Site,Hide,ShowHideAutoDD,G76
Site,Hide,ShowHideAutoDD,H76
Site,Hide,ShowHideAutoDD,I76
Site,Hide,ShowHideAutoDD,J76
Site,Hide,ShowHideAutoDD,K76
Site,Hide,ShowHideAutoDD,L76
Site,Hide,"""Show,Hide""",P76
Site,Show,ShowHideAutoDD,R76
Site,Effective Water Frontage (Feet),"""Sum,Parcel 1,Concatenate,Unique Values""",AA76
Site,Hide,ShowHideAutoDD,A77
Site,Hide,ShowHideAutoDD,B77
Site,Hide,ShowHideAutoDD,C77
Site,Hide,ShowHideAutoDD,D77
Site,Hide,ShowHideAutoDD,E77
Site,Hide,ShowHideAutoDD,F77
Site,Hide,ShowHideAutoDD,G77
Site,Hide,ShowHideAutoDD,H77
Site,Hide,ShowHideAutoDD,I77
Site,Hide,ShowHideAutoDD,J77
Site,Hide,ShowHideAutoDD,K77
Site,Hide,ShowHideAutoDD,L77
Site,Hide,"""Show,Hide""",P77
Site,Hide,ShowHideAutoDD,R77
Site,Metric  Measures,"""Sum,Parcel 1,Concatenate,Unique Values""",AA77
Site,Hide,ShowHideAutoDD,A78
Site,Hide,ShowHideAutoDD,B78
Site,Hide,ShowHideAutoDD,C78
Site,Hide,ShowHideAutoDD,D78
Site,Hide,ShowHideAutoDD,E78
Site,Hide,ShowHideAutoDD,F78
Site,Hide,ShowHideAutoDD,G78
Site,Hide,ShowHideAutoDD,H78
Site,Hide,ShowHideAutoDD,I78
Site,Hide,ShowHideAutoDD,J78
Site,Hide,ShowHideAutoDD,K78
Site,Hide,ShowHideAutoDD,L78
Site,Hide,"""Show,Hide""",P78
Site,Hide,ShowHideAutoDD,R78
Site,Frontage - Primary Street (Meters),"""Sum,Parcel 1,Concatenate,Unique Values""",AA78
Site,Hide,ShowHideAutoDD,A79
Site,Hide,ShowHideAutoDD,B79
Site,Hide,ShowHideAutoDD,C79
Site,Hide,ShowHideAutoDD,D79
Site,Hide,ShowHideAutoDD,E79
Site,Hide,ShowHideAutoDD,F79
Site,Hide,ShowHideAutoDD,G79
Site,Hide,ShowHideAutoDD,H79
Site,Hide,ShowHideAutoDD,I79
Site,Hide,ShowHideAutoDD,J79
Site,Hide,ShowHideAutoDD,K79
Site,Hide,ShowHideAutoDD,L79
Site,Hide,"""Show,Hide""",P79
Site,Hide,ShowHideAutoDD,R79
Site,Frontage - Secondary Street (Meters),"""Sum,Parcel 1,Concatenate,Unique Values""",AA79
Site,Hide,ShowHideAutoDD,A80
Site,Hide,ShowHideAutoDD,B80
Site,Hide,ShowHideAutoDD,C80
Site,Hide,ShowHideAutoDD,D80
Site,Hide,ShowHideAutoDD,E80
Site,Hide,ShowHideAutoDD,F80
Site,Hide,ShowHideAutoDD,G80
Site,Hide,ShowHideAutoDD,H80
Site,Hide,ShowHideAutoDD,I80
Site,Hide,ShowHideAutoDD,J80
Site,Hide,ShowHideAutoDD,K80
Site,Hide,ShowHideAutoDD,L80
Site,Hide,"""Show,Hide""",P80
Site,Hide,ShowHideAutoDD,R80
Site,Average Depth (Meters),"""Sum,Parcel 1,Concatenate,Unique Values""",AA80
Site,Hide,ShowHideAutoDD,A81
Site,Hide,ShowHideAutoDD,B81
Site,Hide,ShowHideAutoDD,C81
Site,Hide,ShowHideAutoDD,D81
Site,Hide,ShowHideAutoDD,E81
Site,Hide,ShowHideAutoDD,F81
Site,Hide,ShowHideAutoDD,G81
Site,Hide,ShowHideAutoDD,H81
Site,Hide,ShowHideAutoDD,I81
Site,Hide,ShowHideAutoDD,J81
Site,Hide,ShowHideAutoDD,K81
Site,Hide,ShowHideAutoDD,L81
Site,Hide,"""Show,Hide""",P81
Site,Hide,ShowHideAutoDD,R81
Site,Water Frontage (Meters),"""Sum,Parcel 1,Concatenate,Unique Values""",AA81
Site,Hide,ShowHideAutoDD,A82
Site,Hide,ShowHideAutoDD,B82
Site,Hide,ShowHideAutoDD,C82
Site,Hide,ShowHideAutoDD,D82
Site,Hide,ShowHideAutoDD,E82
Site,Hide,ShowHideAutoDD,F82
Site,Hide,ShowHideAutoDD,G82
Site,Hide,ShowHideAutoDD,H82
Site,Hide,ShowHideAutoDD,I82
Site,Hide,ShowHideAutoDD,J82
Site,Hide,ShowHideAutoDD,K82
Site,Hide,ShowHideAutoDD,L82
Site,Hide,"""Show,Hide""",P82
Site,Hide,ShowHideAutoDD,R82
Site,Effective Water Frontage (Meters),"""Sum,Parcel 1,Concatenate,Unique Values""",AA82
Site,Hide,ShowHideAutoDD,A83
Site,Show,ShowHideAutoDD,B83
Site,Show,ShowHideAutoDD,C83
Site,Show,ShowHideAutoDD,D83
Site,Show,ShowHideAutoDD,E83
Site,Hide,ShowHideAutoDD,F83
Site,Hide,ShowHideAutoDD,G83
Site,Hide,ShowHideAutoDD,H83
Site,Hide,ShowHideAutoDD,I83
Site,Hide,ShowHideAutoDD,J83
Site,Hide,ShowHideAutoDD,K83
Site,Hide,ShowHideAutoDD,L83
Site,Show,"""Show,Hide""",P83
Site,Show,ShowHideAutoDD,R83
Site,View,"""Sum,Parcel 1,Concatenate,Unique Values""",AA83
Site,Show,ShowHideAutoDD,A84
Site,Show,ShowHideAutoDD,B84
Site,Show,ShowHideAutoDD,C84
Site,Show,ShowHideAutoDD,D84
Site,Show,ShowHideAutoDD,E84
Site,Show,ShowHideAutoDD,F84
Site,Show,ShowHideAutoDD,G84
Site,Show,ShowHideAutoDD,H84
Site,Show,ShowHideAutoDD,I84
Site,Show,ShowHideAutoDD,J84
Site,Show,ShowHideAutoDD,K84
Site,Show,ShowHideAutoDD,L84
Site,Show,"""Show,Hide""",P84
Site,Show,ShowHideAutoDD,R84
Site,Access,"""Sum,Parcel 1,Concatenate,Unique Values""",AA84
Site,Show,ShowHideAutoDD,A85
Site,Show,ShowHideAutoDD,B85
Site,Show,ShowHideAutoDD,C85
Site,Show,ShowHideAutoDD,D85
Site,Show,ShowHideAutoDD,E85
Site,Show,ShowHideAutoDD,F85
Site,Show,ShowHideAutoDD,G85
Site,Show,ShowHideAutoDD,H85
Site,Show,ShowHideAutoDD,I85
Site,Show,ShowHideAutoDD,J85
Site,Show,ShowHideAutoDD,K85
Site,Show,ShowHideAutoDD,L85
Site,Show,"""Show,Hide""",P85
Site,Show,ShowHideAutoDD,R85
Site,Site Visibility,"""Sum,Parcel 1,Concatenate,Unique Values""",AA85
Site,Show,ShowHideAutoDD,A86
Site,Hide,ShowHideAutoDD,B86
Site,Hide,ShowHideAutoDD,C86
Site,Hide,ShowHideAutoDD,D86
Site,Hide,ShowHideAutoDD,E86
Site,Hide,ShowHideAutoDD,F86
Site,Hide,ShowHideAutoDD,G86
Site,Hide,ShowHideAutoDD,H86
Site,Hide,ShowHideAutoDD,I86
Site,Hide,ShowHideAutoDD,J86
Site,Hide,ShowHideAutoDD,K86
Site,Hide,ShowHideAutoDD,L86
Site,Hide,"""Show,Hide""",P86
Site,Show,ShowHideAutoDD,R86
Site,Hide,ShowHideAutoDD,A87
Site,Hide,ShowHideAutoDD,B87
Site,Hide,ShowHideAutoDD,C87
Site,Hide,ShowHideAutoDD,D87
Site,Hide,ShowHideAutoDD,E87
Site,Hide,ShowHideAutoDD,F87
Site,Hide,ShowHideAutoDD,G87
Site,Hide,ShowHideAutoDD,H87
Site,Hide,ShowHideAutoDD,I87
Site,Hide,ShowHideAutoDD,J87
Site,Hide,ShowHideAutoDD,K87
Site,Hide,ShowHideAutoDD,L87
Site,Hide,"""Show,Hide""",P87
Site,Show,ShowHideAutoDD,R87
Site,Hide,ShowHideAutoDD,A88
Site,Hide,ShowHideAutoDD,B88
Site,Hide,ShowHideAutoDD,C88
Site,Hide,ShowHideAutoDD,D88
Site,Hide,ShowHideAutoDD,E88
Site,Hide,ShowHideAutoDD,F88
Site,Hide,ShowHideAutoDD,G88
Site,Hide,ShowHideAutoDD,H88
Site,Hide,ShowHideAutoDD,I88
Site,Hide,ShowHideAutoDD,J88
Site,Hide,ShowHideAutoDD,K88
Site,Hide,ShowHideAutoDD,L88
Site,Hide,"""Show,Hide""",P88
Site,Show,ShowHideAutoDD,R88
Site,Hide,ShowHideAutoDD,A89
Site,Hide,ShowHideAutoDD,B89
Site,Show,ShowHideAutoDD,C89
Site,Show,ShowHideAutoDD,D89
Site,Show,ShowHideAutoDD,E89
Site,Show,ShowHideAutoDD,F89
Site,Show,ShowHideAutoDD,G89
Site,Show,ShowHideAutoDD,H89
Site,Show,ShowHideAutoDD,I89
Site,Hide,ShowHideAutoDD,J89
Site,Show,ShowHideAutoDD,K89
Site,Show,ShowHideAutoDD,L89
Site,Show,"""Show,Hide""",P89
Site,Hide,ShowHideAutoDD,R89
Site,Drainage,"""Sum,Parcel 1,Concatenate,Unique Values""",AA89
Site,Hide,ShowHideAutoDD,A90
Site,Show,ShowHideAutoDD,B90
Site,Show,ShowHideAutoDD,C90
Site,Show,ShowHideAutoDD,D90
Site,Show,ShowHideAutoDD,E90
Site,Show,ShowHideAutoDD,F90
Site,Show,ShowHideAutoDD,G90
Site,Show,ShowHideAutoDD,H90
Site,Show,ShowHideAutoDD,I90
Site,Show,ShowHideAutoDD,J90
Site,Show,ShowHideAutoDD,K90
Site,Show,ShowHideAutoDD,L90
Site,Show,"""Show,Hide""",P90
Site,Show,ShowHideAutoDD,R90
Site,Landscaping,"""Sum,Parcel 1,Concatenate,Unique Values""",AA90
Site,Show,ShowHideAutoDD,A91
Site,Hide,ShowHideAutoDD,B91
Site,Hide,ShowHideAutoDD,C91
Site,Hide,ShowHideAutoDD,D91
Site,Hide,ShowHideAutoDD,E91
Site,Hide,ShowHideAutoDD,F91
Site,Hide,ShowHideAutoDD,G91
Site,Hide,ShowHideAutoDD,H91
Site,Hide,ShowHideAutoDD,I91
Site,Hide,ShowHideAutoDD,J91
Site,Hide,ShowHideAutoDD,K91
Site,Hide,ShowHideAutoDD,L91
Site,Hide,"""Show,Hide""",P91
Site,Hide,ShowHideAutoDD,R91
Site,Hide,ShowHideAutoDD,A92
Site,Show,ShowHideAutoDD,B92
Site,Show,ShowHideAutoDD,C92
Site,Show,ShowHideAutoDD,D92
Site,Show,ShowHideAutoDD,E92
Site,Show,ShowHideAutoDD,F92
Site,Show,ShowHideAutoDD,G92
Site,Show,ShowHideAutoDD,H92
Site,Show,ShowHideAutoDD,I92
Site,Show,ShowHideAutoDD,J92
Site,Show,ShowHideAutoDD,K92
Site,Show,ShowHideAutoDD,L92
Site,Show,"""Show,Hide""",P92
Site,Show,ShowHideAutoDD,R92
Site,Topography,"""Sum,Parcel 1,Concatenate,Unique Values""",AA92
Site,Show,ShowHideAutoDD,A93
Site,Hide,ShowHideAutoDD,B93
Site,Hide,ShowHideAutoDD,C93
Site,Hide,ShowHideAutoDD,D93
Site,Hide,ShowHideAutoDD,E93
Site,Hide,ShowHideAutoDD,F93
Site,Hide,ShowHideAutoDD,G93
Site,Hide,ShowHideAutoDD,H93
Site,Hide,ShowHideAutoDD,I93
Site,Hide,ShowHideAutoDD,J93
Site,Hide,ShowHideAutoDD,K93
Site,Hide,ShowHideAutoDD,L93
Site,Hide,"""Show,Hide""",P93
Site,Hide,ShowHideAutoDD,R93
Site,Hide,ShowHideAutoDD,A94
Site,Show,ShowHideAutoDD,B94
Site,Show,ShowHideAutoDD,C94
Site,Show,ShowHideAutoDD,D94
Site,Show,ShowHideAutoDD,E94
Site,Show,ShowHideAutoDD,F94
Site,Show,ShowHideAutoDD,G94
Site,Show,ShowHideAutoDD,H94
Site,Show,ShowHideAutoDD,I94
Site,Show,ShowHideAutoDD,J94
Site,Show,ShowHideAutoDD,K94
Site,Show,ShowHideAutoDD,L94
Site,Show,"""Show,Hide""",P94
Site,Show,ShowHideAutoDD,R94
Site,Shape,"""Sum,Parcel 1,Concatenate,Unique Values""",AA94
Site,Show,ShowHideAutoDD,A95
Site,Hide,ShowHideAutoDD,B95
Site,Hide,ShowHideAutoDD,C95
Site,Hide,ShowHideAutoDD,D95
Site,Hide,ShowHideAutoDD,E95
Site,Hide,ShowHideAutoDD,F95
Site,Hide,ShowHideAutoDD,G95
Site,Hide,ShowHideAutoDD,H95
Site,Hide,ShowHideAutoDD,I95
Site,Hide,ShowHideAutoDD,J95
Site,Hide,ShowHideAutoDD,K95
Site,Hide,ShowHideAutoDD,L95
Site,Hide,"""Show,Hide""",P95
Site,Hide,ShowHideAutoDD,R95
Site,Hide,ShowHideAutoDD,A96
Site,Hide,ShowHideAutoDD,B96
Site,Hide,ShowHideAutoDD,C96
Site,Hide,ShowHideAutoDD,D96
Site,Hide,ShowHideAutoDD,E96
Site,Hide,ShowHideAutoDD,F96
Site,Hide,ShowHideAutoDD,G96
Site,Hide,ShowHideAutoDD,H96
Site,Hide,ShowHideAutoDD,I96
Site,Hide,ShowHideAutoDD,J96
Site,Hide,ShowHideAutoDD,K96
Site,Hide,ShowHideAutoDD,L96
Site,Hide,"""Show,Hide""",P96
Site,Show,ShowHideAutoDD,R96
Site,Hide,ShowHideAutoDD,A97
Site,Hide,ShowHideAutoDD,B97
Site,Hide,ShowHideAutoDD,C97
Site,Hide,ShowHideAutoDD,D97
Site,Hide,ShowHideAutoDD,E97
Site,Hide,ShowHideAutoDD,F97
Site,Hide,ShowHideAutoDD,G97
Site,Hide,ShowHideAutoDD,H97
Site,Hide,ShowHideAutoDD,I97
Site,Hide,ShowHideAutoDD,J97
Site,Hide,ShowHideAutoDD,K97
Site,Hide,ShowHideAutoDD,L97
Site,Hide,"""Show,Hide""",P97
Site,Hide,ShowHideAutoDD,R97
Site,Hide,ShowHideAutoDD,A98
Site,Show,ShowHideAutoDD,B98
Site,Show,ShowHideAutoDD,C98
Site,Show,ShowHideAutoDD,D98
Site,Show,ShowHideAutoDD,E98
Site,Show,ShowHideAutoDD,F98
Site,Show,ShowHideAutoDD,G98
Site,Show,ShowHideAutoDD,H98
Site,Show,ShowHideAutoDD,I98
Site,Show,ShowHideAutoDD,J98
Site,Show,ShowHideAutoDD,K98
Site,Show,ShowHideAutoDD,L98
Site,Show,"""Show,Hide""",P98
Site,Show,ShowHideAutoDD,R98
Site,FEMA Map #,"""Sum,Parcel 1,Concatenate,Unique Values""",AA98
Site,Show,ShowHideAutoDD,A99
Site,Show,ShowHideAutoDD,B99
Site,Show,ShowHideAutoDD,C99
Site,Show,ShowHideAutoDD,D99
Site,Show,ShowHideAutoDD,E99
Site,Show,ShowHideAutoDD,F99
Site,Show,ShowHideAutoDD,G99
Site,Show,ShowHideAutoDD,H99
Site,Show,ShowHideAutoDD,I99
Site,Show,ShowHideAutoDD,J99
Site,Show,ShowHideAutoDD,K99
Site,Show,ShowHideAutoDD,L99
Site,Show,"""Show,Hide""",P99
Site,Show,ShowHideAutoDD,R99
Site,FEMA Map Date,"""Sum,Parcel 1,Concatenate,Unique Values""",AA99
Site,Show,ShowHideAutoDD,A100
Site,Show,ShowHideAutoDD,B100
Site,Show,ShowHideAutoDD,C100
Site,Show,ShowHideAutoDD,D100
Site,Show,ShowHideAutoDD,E100
Site,Show,ShowHideAutoDD,F100
Site,Show,ShowHideAutoDD,G100
Site,Show,ShowHideAutoDD,H100
Site,Show,ShowHideAutoDD,I100
Site,Show,ShowHideAutoDD,J100
Site,Show,ShowHideAutoDD,K100
Site,Show,ShowHideAutoDD,L100
Site,Show,"""Show,Hide""",P100
Site,Show,ShowHideAutoDD,R100
Site,Flood Zone,"""Sum,Parcel 1,Concatenate,Unique Values""",AA100
Site,Parcel 1,FloodZone.Designation,AC100
Site,Show,ShowHideAutoDD,A101
Site,Hide,ShowHideAutoDD,B101
Site,Show,ShowHideAutoDD,C101
Site,Show,ShowHideAutoDD,D101
Site,Show,ShowHideAutoDD,E101
Site,Show,ShowHideAutoDD,F101
Site,Show,ShowHideAutoDD,G101
Site,Show,ShowHideAutoDD,H101
Site,Show,ShowHideAutoDD,I101
Site,Show,ShowHideAutoDD,J101
Site,Show,ShowHideAutoDD,K101
Site,Show,ShowHideAutoDD,L101
Site,Show,"""Show,Hide""",P101
Site,Show,ShowHideAutoDD,R101
Site,In Flood Plain,"""is,is not,unknown""",AC101
Site,Hide,ShowHideAutoDD,A102
Site,Hide,ShowHideAutoDD,B102
Site,Show,ShowHideAutoDD,C102
Site,Show,ShowHideAutoDD,D102
Site,Show,ShowHideAutoDD,E102
Site,Show,ShowHideAutoDD,F102
Site,Show,ShowHideAutoDD,G102
Site,Show,ShowHideAutoDD,H102
Site,Show,ShowHideAutoDD,I102
Site,Show,ShowHideAutoDD,J102
Site,Show,ShowHideAutoDD,K102
Site,Auto,ShowHideAutoDD,L102
Site,Show,"""Show,Hide""",P102
Site,Show,ShowHideAutoDD,R102
Site,Area in Flood Zone,"""Sum,Parcel 1,Concatenate,Unique Values""",AA102
Site,Hide,ShowHideAutoDD,A103
Site,Show,ShowHideAutoDD,B103
Site,Show,ShowHideAutoDD,C103
Site,Show,ShowHideAutoDD,D103
Site,Show,ShowHideAutoDD,E103
Site,Show,ShowHideAutoDD,F103
Site,Show,ShowHideAutoDD,G103
Site,Show,ShowHideAutoDD,H103
Site,Show,ShowHideAutoDD,I103
Site,Hide,ShowHideAutoDD,J103
Site,Show,ShowHideAutoDD,K103
Site,Show,ShowHideAutoDD,L103
Site,Show,"""Show,Hide""",P103
Site,Show,ShowHideAutoDD,R103
Site,Show,ShowHideAutoDD,A104
Site,Hide,ShowHideAutoDD,B104
Site,Show,ShowHideAutoDD,C104
Site,Show,ShowHideAutoDD,D104
Site,Show,ShowHideAutoDD,E104
Site,Show,ShowHideAutoDD,F104
Site,Show,ShowHideAutoDD,G104
Site,Show,ShowHideAutoDD,H104
Site,Show,ShowHideAutoDD,I104
Site,Hide,ShowHideAutoDD,J104
Site,Show,ShowHideAutoDD,K104
Site,Hide,ShowHideAutoDD,L104
Site,Show,"""Show,Hide""",P104
Site,Show,ShowHideAutoDD,R104
Site,Hide,ShowHideAutoDD,A105
Site,Hide,ShowHideAutoDD,B105
Site,Show,ShowHideAutoDD,C105
Site,Show,ShowHideAutoDD,D105
Site,Show,ShowHideAutoDD,E105
Site,Show,ShowHideAutoDD,F105
Site,Show,ShowHideAutoDD,G105
Site,Show,ShowHideAutoDD,H105
Site,Show,ShowHideAutoDD,I105
Site,Hide,ShowHideAutoDD,J105
Site,Show,ShowHideAutoDD,K105
Site,Show,ShowHideAutoDD,L105
Site,Show,"""Show,Hide""",P105
Site,Show,ShowHideAutoDD,R105
Site,Earthquake Hazard Risk,"""Sum,Parcel 1,Concatenate,Unique Values""",AA105
Site,Hide,ShowHideAutoDD,A106
Site,Hide,ShowHideAutoDD,B106
Site,Show,ShowHideAutoDD,C106
Site,Show,ShowHideAutoDD,D106
Site,Show,ShowHideAutoDD,E106
Site,Show,ShowHideAutoDD,F106
Site,Show,ShowHideAutoDD,G106
Site,Show,ShowHideAutoDD,H106
Site,Show,ShowHideAutoDD,I106
Site,Hide,ShowHideAutoDD,J106
Site,Show,ShowHideAutoDD,K106
Site,Hide,ShowHideAutoDD,L106
Site,Show,"""Show,Hide""",P106
Site,Show,ShowHideAutoDD,R106
Site,Earthquake Zone Comments,"""Sum,Parcel 1,Concatenate,Unique Values""",AA106
Site,Hide,ShowHideAutoDD,A107
Site,Hide,ShowHideAutoDD,B107
Site,Show,ShowHideAutoDD,C107
Site,Show,ShowHideAutoDD,D107
Site,Show,ShowHideAutoDD,E107
Site,Show,ShowHideAutoDD,F107
Site,Show,ShowHideAutoDD,G107
Site,Show,ShowHideAutoDD,H107
Site,Show,ShowHideAutoDD,I107
Site,Hide,ShowHideAutoDD,J107
Site,Show,ShowHideAutoDD,K107
Site,Hide,ShowHideAutoDD,L107
Site,Show,"""Show,Hide""",P107
Site,Show,ShowHideAutoDD,R107
Site,Encumbrance / Easement Description,"""Sum,Parcel 1,Concatenate,Unique Values""",AA107
Site,Hide,ShowHideAutoDD,A108
Site,Hide,ShowHideAutoDD,B108
Site,Show,ShowHideAutoDD,C108
Site,Show,ShowHideAutoDD,D108
Site,Show,ShowHideAutoDD,E108
Site,Show,ShowHideAutoDD,F108
Site,Show,ShowHideAutoDD,G108
Site,Show,ShowHideAutoDD,H108
Site,Show,ShowHideAutoDD,I108
Site,Hide,ShowHideAutoDD,J108
Site,Show,ShowHideAutoDD,K108
Site,Hide,ShowHideAutoDD,L108
Site,Show,"""Show,Hide""",P108
Site,Show,ShowHideAutoDD,R108
Site,Environmental Issues,"""Sum,Parcel 1,Concatenate,Unique Values""",AA108
Site,Hide,ShowHideAutoDD,A109
Site,Hide,ShowHideAutoDD,B109
Site,Show,ShowHideAutoDD,C109
Site,Show,ShowHideAutoDD,D109
Site,Show,ShowHideAutoDD,E109
Site,Show,ShowHideAutoDD,F109
Site,Show,ShowHideAutoDD,G109
Site,Show,ShowHideAutoDD,H109
Site,Show,ShowHideAutoDD,I109
Site,Hide,ShowHideAutoDD,J109
Site,Show,ShowHideAutoDD,K109
Site,Show,ShowHideAutoDD,L109
Site,Show,"""Show,Hide""",P109
Site,Show,ShowHideAutoDD,R109
Site,Wetlands Type,"""Sum,Parcel 1,Concatenate,Unique Values""",AA109
Site,Parcel 1,"""Forested/Shrub Wetland,Freshwater Emergent Wetland,Estuarine and Marine Wetland,Estuarine and Marine Deepwater,Forected/Shrub Riparian,Herbaceous Riparian,Non-Wetland Riparian,Riparian Emergent,Riparian Forested""",AC109
Site,Hide,ShowHideAutoDD,A110
Site,Hide,ShowHideAutoDD,B110
Site,Show,ShowHideAutoDD,C110
Site,Show,ShowHideAutoDD,D110
Site,Show,ShowHideAutoDD,E110
Site,Show,ShowHideAutoDD,F110
Site,Show,ShowHideAutoDD,G110
Site,Show,ShowHideAutoDD,H110
Site,Show,ShowHideAutoDD,I110
Site,Hide,ShowHideAutoDD,J110
Site,Show,ShowHideAutoDD,K110
Site,Hide,ShowHideAutoDD,L110
Site,Show,"""Show,Hide""",P110
Site,Show,ShowHideAutoDD,R110
Site,Wetland Acres,"""Sum,Parcel 1,Concatenate,Unique Values""",AA110
Site,Hide,ShowHideAutoDD,A111
Site,Hide,ShowHideAutoDD,B111
Site,Show,ShowHideAutoDD,C111
Site,Show,ShowHideAutoDD,D111
Site,Show,ShowHideAutoDD,E111
Site,Show,ShowHideAutoDD,F111
Site,Show,ShowHideAutoDD,G111
Site,Show,ShowHideAutoDD,H111
Site,Show,ShowHideAutoDD,I111
Site,Hide,ShowHideAutoDD,J111
Site,Show,ShowHideAutoDD,K111
Site,Hide,ShowHideAutoDD,L111
Site,Show,"""Show,Hide""",P111
Site,Show,ShowHideAutoDD,R111
Site,Percent Wetlands,"""Sum,Parcel 1,Concatenate,Unique Values""",AA111
Site,Hide,ShowHideAutoDD,A112
Site,Hide,ShowHideAutoDD,B112
Site,Show,ShowHideAutoDD,C112
Site,Show,ShowHideAutoDD,D112
Site,Show,ShowHideAutoDD,E112
Site,Show,ShowHideAutoDD,F112
Site,Show,ShowHideAutoDD,G112
Site,Show,ShowHideAutoDD,H112
Site,Show,ShowHideAutoDD,I112
Site,Hide,ShowHideAutoDD,J112
Site,Show,ShowHideAutoDD,K112
Site,Hide,ShowHideAutoDD,L112
Site,Show,"""Show,Hide""",P112
Site,Show,ShowHideAutoDD,R112
Site,Hide,ShowHideAutoDD,A113
Site,Hide,ShowHideAutoDD,B113
Site,Hide,ShowHideAutoDD,C113
Site,Hide,ShowHideAutoDD,D113
Site,Hide,ShowHideAutoDD,E113
Site,Hide,ShowHideAutoDD,F113
Site,Hide,ShowHideAutoDD,G113
Site,Hide,ShowHideAutoDD,H113
Site,Hide,ShowHideAutoDD,I113
Site,Hide,ShowHideAutoDD,J113
Site,Hide,ShowHideAutoDD,K113
Site,Hide,ShowHideAutoDD,L113
Site,Hide,"""Show,Hide""",P113
Site,Hide,ShowHideAutoDD,R113
Site,Hide,ShowHideAutoDD,A114
Site,Show,ShowHideAutoDD,B114
Site,Show,ShowHideAutoDD,C114
Site,Show,ShowHideAutoDD,D114
Site,Show,ShowHideAutoDD,E114
Site,Show,ShowHideAutoDD,F114
Site,Show,ShowHideAutoDD,G114
Site,Show,ShowHideAutoDD,H114
Site,Show,ShowHideAutoDD,I114
Site,Hide,ShowHideAutoDD,J114
Site,Show,ShowHideAutoDD,K114
Site,Show,ShowHideAutoDD,L114
Site,Show,"""Show,Hide""",P114
Site,Show,ShowHideAutoDD,R114
Site,All Utilities to Site?,"""Sum,Parcel 1,Concatenate,Unique Values""",AA114
Site,Parcel 1,"""Available,Unavailable""",AC114
Site,Show,ShowHideAutoDD,A115
Site,Show,ShowHideAutoDD,B115
Site,Show,ShowHideAutoDD,C115
Site,Show,ShowHideAutoDD,D115
Site,Show,ShowHideAutoDD,E115
Site,Show,ShowHideAutoDD,F115
Site,Show,ShowHideAutoDD,G115
Site,Show,ShowHideAutoDD,H115
Site,Show,ShowHideAutoDD,I115
Site,Hide,ShowHideAutoDD,J115
Site,Show,ShowHideAutoDD,K115
Site,Show,ShowHideAutoDD,L115
Site,Show,"""Show,Hide""",P115
Site,Show,ShowHideAutoDD,R115
Site,Show,ShowHideAutoDD,A116
Site,Show,ShowHideAutoDD,B116
Site,Show,ShowHideAutoDD,C116
Site,Show,ShowHideAutoDD,D116
Site,Show,ShowHideAutoDD,E116
Site,Show,ShowHideAutoDD,F116
Site,Show,ShowHideAutoDD,G116
Site,Show,ShowHideAutoDD,H116
Site,Show,ShowHideAutoDD,I116
Site,Hide,ShowHideAutoDD,J116
Site,Show,ShowHideAutoDD,K116
Site,Show,ShowHideAutoDD,L116
Site,Show,"""Show,Hide""",P116
Site,Show,ShowHideAutoDD,R116
Site,Show,ShowHideAutoDD,A117
Site,Show,ShowHideAutoDD,B117
Site,Show,ShowHideAutoDD,C117
Site,Show,ShowHideAutoDD,D117
Site,Show,ShowHideAutoDD,E117
Site,Show,ShowHideAutoDD,F117
Site,Show,ShowHideAutoDD,G117
Site,Show,ShowHideAutoDD,H117
Site,Show,ShowHideAutoDD,I117
Site,Hide,ShowHideAutoDD,J117
Site,Show,ShowHideAutoDD,K117
Site,Show,ShowHideAutoDD,L117
Site,Show,"""Show,Hide""",P117
Site,Show,ShowHideAutoDD,R117
Site,Show,ShowHideAutoDD,A118
Site,Show,ShowHideAutoDD,B118
Site,Show,ShowHideAutoDD,C118
Site,Show,ShowHideAutoDD,D118
Site,Show,ShowHideAutoDD,E118
Site,Show,ShowHideAutoDD,F118
Site,Show,ShowHideAutoDD,G118
Site,Show,ShowHideAutoDD,H118
Site,Show,ShowHideAutoDD,I118
Site,Hide,ShowHideAutoDD,J118
Site,Show,ShowHideAutoDD,K118
Site,Show,ShowHideAutoDD,L118
Site,Show,"""Show,Hide""",P118
Site,Show,ShowHideAutoDD,R118
Site,Show,ShowHideAutoDD,A119
Site,Show,ShowHideAutoDD,B119
Site,Show,ShowHideAutoDD,C119
Site,Show,ShowHideAutoDD,D119
Site,Show,ShowHideAutoDD,E119
Site,Show,ShowHideAutoDD,F119
Site,Show,ShowHideAutoDD,G119
Site,Show,ShowHideAutoDD,H119
Site,Show,ShowHideAutoDD,I119
Site,Hide,ShowHideAutoDD,J119
Site,Show,ShowHideAutoDD,K119
Site,Show,ShowHideAutoDD,L119
Site,Show,"""Show,Hide""",P119
Site,Show,ShowHideAutoDD,R119
Site,Show,ShowHideAutoDD,A120
Site,Show,ShowHideAutoDD,B120
Site,Show,ShowHideAutoDD,C120
Site,Show,ShowHideAutoDD,D120
Site,Show,ShowHideAutoDD,E120
Site,Show,ShowHideAutoDD,F120
Site,Show,ShowHideAutoDD,G120
Site,Show,ShowHideAutoDD,H120
Site,Show,ShowHideAutoDD,I120
Site,Show,ShowHideAutoDD,J120
Site,Show,ShowHideAutoDD,K120
Site,Show,ShowHideAutoDD,L120
Site,Show,"""Show,Hide""",P120
Site,Show,ShowHideAutoDD,R120
Site,Utilities,"""Utilities,Sum,Parcel 1,Concatenate,Unique Values""",AA120
Site,Show,ShowHideAutoDD,A121
Site,Hide,ShowHideAutoDD,B121
Site,Hide,ShowHideAutoDD,C121
Site,Hide,ShowHideAutoDD,D121
Site,Hide,ShowHideAutoDD,E121
Site,Hide,ShowHideAutoDD,F121
Site,Hide,ShowHideAutoDD,G121
Site,Hide,ShowHideAutoDD,H121
Site,Hide,ShowHideAutoDD,I121
Site,Hide,ShowHideAutoDD,J121
Site,Hide,ShowHideAutoDD,K121
Site,Hide,ShowHideAutoDD,L121
Site,Hide,"""Show,Hide""",P121
Site,Show,ShowHideAutoDD,R121
Site,Hide,ShowHideAutoDD,A122
Site,Hide,ShowHideAutoDD,B122
Site,Hide,ShowHideAutoDD,C122
Site,Hide,ShowHideAutoDD,D122
Site,Hide,ShowHideAutoDD,E122
Site,Hide,ShowHideAutoDD,F122
Site,Hide,ShowHideAutoDD,G122
Site,Hide,ShowHideAutoDD,H122
Site,Hide,ShowHideAutoDD,I122
Site,Hide,ShowHideAutoDD,J122
Site,Hide,ShowHideAutoDD,K122
Site,Hide,ShowHideAutoDD,L122
Site,Hide,"""Show,Hide""",P122
Site,Show,ShowHideAutoDD,R122
Site,Hide,ShowHideAutoDD,A123
Site,Hide,ShowHideAutoDD,B123
Site,Hide,ShowHideAutoDD,C123
Site,Hide,ShowHideAutoDD,D123
Site,Hide,ShowHideAutoDD,E123
Site,Hide,ShowHideAutoDD,F123
Site,Hide,ShowHideAutoDD,G123
Site,Hide,ShowHideAutoDD,H123
Site,Hide,ShowHideAutoDD,I123
Site,Hide,ShowHideAutoDD,J123
Site,Hide,ShowHideAutoDD,K123
Site,Hide,ShowHideAutoDD,L123
Site,Hide,"""Show,Hide""",P123
Site,Show,ShowHideAutoDD,R123
Site,Hide,ShowHideAutoDD,A124
Site,Hide,ShowHideAutoDD,B124
Site,Hide,ShowHideAutoDD,C124
Site,Hide,ShowHideAutoDD,D124
Site,Hide,ShowHideAutoDD,E124
Site,Hide,ShowHideAutoDD,F124
Site,Hide,ShowHideAutoDD,G124
Site,Hide,ShowHideAutoDD,H124
Site,Hide,ShowHideAutoDD,I124
Site,Hide,ShowHideAutoDD,J124
Site,Show,ShowHideAutoDD,K124
Site,Hide,ShowHideAutoDD,L124
Site,Hide,"""Show,Hide""",P124
Site,Show,ShowHideAutoDD,R124
Site,Rail Access,"""Unknown,Active Spur,Inactive Spur,Nearby,No""",AC124
Site,Hide,ShowHideAutoDD,A125
Site,Hide,ShowHideAutoDD,B125
Site,Hide,ShowHideAutoDD,C125
Site,Hide,ShowHideAutoDD,D125
Site,Hide,ShowHideAutoDD,E125
Site,Hide,ShowHideAutoDD,F125
Site,Hide,ShowHideAutoDD,G125
Site,Hide,ShowHideAutoDD,H125
Site,Hide,ShowHideAutoDD,I125
Site,Hide,ShowHideAutoDD,J125
Site,Show,ShowHideAutoDD,K125
Site,Hide,ShowHideAutoDD,L125
Site,Hide,"""Show,Hide""",P125
Site,Hide,ShowHideAutoDD,R125
Site,Hide,ShowHideAutoDD,A126
Site,Hide,ShowHideAutoDD,B126
Site,Hide,ShowHideAutoDD,C126
Site,Hide,ShowHideAutoDD,D126
Site,Hide,ShowHideAutoDD,E126
Site,Hide,ShowHideAutoDD,F126
Site,Hide,ShowHideAutoDD,G126
Site,Hide,ShowHideAutoDD,H126
Site,Hide,ShowHideAutoDD,I126
Site,Hide,ShowHideAutoDD,J126
Site,Show,ShowHideAutoDD,K126
Site,Hide,ShowHideAutoDD,L126
Site,Hide,"""Show,Hide""",P126
Site,Hide,ShowHideAutoDD,R126
Site,Hide,ShowHideAutoDD,A127
Site,Hide,ShowHideAutoDD,B127
Site,Auto,ShowHideAutoDD,C127
Site,Auto,ShowHideAutoDD,D127
Site,Auto,ShowHideAutoDD,E127
Site,Auto,ShowHideAutoDD,F127
Site,Auto,ShowHideAutoDD,G127
Site,Auto,ShowHideAutoDD,H127
Site,Auto,ShowHideAutoDD,I127
Site,Hide,ShowHideAutoDD,J127
Site,Auto,ShowHideAutoDD,K127
Site,Auto,ShowHideAutoDD,L127
Site,Auto,"""Show,Hide""",P127
Site,Hide,ShowHideAutoDD,R127
Site,Entitlements,"""Sum,Parcel 1,Concatenate,Unique Values""",AA127
Site,Hide,ShowHideAutoDD,A128
Site,Hide,ShowHideAutoDD,B128
Site,Hide,ShowHideAutoDD,C128
Site,Show,ShowHideAutoDD,D128
Site,Hide,ShowHideAutoDD,E128
Site,Hide,ShowHideAutoDD,F128
Site,Hide,ShowHideAutoDD,G128
Site,Hide,ShowHideAutoDD,H128
Site,Hide,ShowHideAutoDD,I128
Site,Hide,ShowHideAutoDD,J128
Site,Hide,ShowHideAutoDD,K128
Site,Hide,ShowHideAutoDD,L128
Site,Hide,"""Show,Hide""",P128
Site,Show,ShowHideAutoDD,R128
Site,Distance from Campus,"""Sum,Parcel 1,Concatenate,Unique Values""",AA128
Site,Hide,ShowHideAutoDD,A129
Site,Hide,ShowHideAutoDD,B129
Site,Hide,ShowHideAutoDD,C129
Site,Hide,ShowHideAutoDD,D129
Site,Hide,ShowHideAutoDD,E129
Site,Hide,ShowHideAutoDD,F129
Site,Hide,ShowHideAutoDD,G129
Site,Hide,ShowHideAutoDD,H129
Site,Show,ShowHideAutoDD,I129
Site,Hide,ShowHideAutoDD,J129
Site,Hide,ShowHideAutoDD,K129
Site,Hide,ShowHideAutoDD,L129
Site,Hide,"""Show,Hide""",P129
Site,Show,ShowHideAutoDD,R129
Site,On/Off Hospital Campus,"""Sum,Parcel 1,Concatenate,Unique Values""",AA129
Site,Hide,ShowHideAutoDD,A130
Site,Hide,ShowHideAutoDD,B130
Site,Hide,ShowHideAutoDD,C130
Site,Hide,ShowHideAutoDD,D130
Site,Hide,ShowHideAutoDD,E130
Site,Hide,ShowHideAutoDD,F130
Site,Hide,ShowHideAutoDD,G130
Site,Hide,ShowHideAutoDD,H130
Site,Show,ShowHideAutoDD,I130
Site,Hide,ShowHideAutoDD,J130
Site,Hide,ShowHideAutoDD,K130
Site,Hide,ShowHideAutoDD,L130
Site,Hide,"""Show,Hide""",P130
Site,Show,ShowHideAutoDD,R130
Site,HSPI Index,"""Sum,Parcel 1,Concatenate,Unique Values""",AA130
Site,Hide,ShowHideAutoDD,A131
Site,Show,ShowHideAutoDD,B131
Site,Show,ShowHideAutoDD,C131
Site,Show,ShowHideAutoDD,D131
Site,Show,ShowHideAutoDD,E131
Site,Show,ShowHideAutoDD,F131
Site,Show,ShowHideAutoDD,G131
Site,Show,ShowHideAutoDD,H131
Site,Show,ShowHideAutoDD,I131
Site,Hide,ShowHideAutoDD,J131
Site,Show,ShowHideAutoDD,K131
Site,Hide,ShowHideAutoDD,L131
Site,Show,"""Show,Hide""",P131
Site,Show,ShowHideAutoDD,R131
Site,Site Analysis & Comments,"""Sum,Parcel 1,Concatenate,Unique Values""",AA131
Site,Unknown_Field_A138,ShowHideAutoDD,A138
Site,Hide,ShowHideAutoDD,B138
Site,Auto,ShowHideAutoDD,C138
Site,Auto,ShowHideAutoDD,D138
Site,Auto,ShowHideAutoDD,E138
Site,Auto,ShowHideAutoDD,F138
Site,Auto,ShowHideAutoDD,G138
Site,Auto,ShowHideAutoDD,H138
Site,Auto,ShowHideAutoDD,I138
Site,Hide,ShowHideAutoDD,J138
Site,Auto,ShowHideAutoDD,K138
Site,Auto,ShowHideAutoDD,L138
Site,Auto,"""Show,Hide""",P138
Site,Show,ShowHideAutoDD,R138
Site,Hide,ShowHideAutoDD,A139
Site,Hide,ShowHideAutoDD,B139
Site,Auto,ShowHideAutoDD,C139
Site,Auto,ShowHideAutoDD,D139
Site,Auto,ShowHideAutoDD,E139
Site,Auto,ShowHideAutoDD,F139
Site,Auto,ShowHideAutoDD,G139
Site,Auto,ShowHideAutoDD,H139
Site,Auto,ShowHideAutoDD,I139
Site,Hide,ShowHideAutoDD,J139
Site,Auto,ShowHideAutoDD,K139
Site,Auto,ShowHideAutoDD,L139
Site,Auto,"""Show,Hide""",P139
Site,Show,ShowHideAutoDD,R139
Site,Soil Type,"""Sum,Parcel 1,Concatenate,Unique Values""",AA139
Site,Hide,ShowHideAutoDD,A140
Site,Hide,ShowHideAutoDD,B140
Site,Auto,ShowHideAutoDD,C140
Site,Auto,ShowHideAutoDD,D140
Site,Auto,ShowHideAutoDD,E140
Site,Auto,ShowHideAutoDD,F140
Site,Auto,ShowHideAutoDD,G140
Site,Auto,ShowHideAutoDD,H140
Site,Auto,ShowHideAutoDD,I140
Site,Hide,ShowHideAutoDD,J140
Site,Auto,ShowHideAutoDD,K140
Site,Auto,ShowHideAutoDD,L140
Site,Auto,"""Show,Hide""",P140
Site,Show,ShowHideAutoDD,R140
Site,Productivity Index,"""Sum,Parcel 1,Concatenate,Unique Values""",AA140
Site,Hide,ShowHideAutoDD,A141
Site,Hide,ShowHideAutoDD,B141
Site,Auto,ShowHideAutoDD,C141
Site,Auto,ShowHideAutoDD,D141
Site,Auto,ShowHideAutoDD,E141
Site,Auto,ShowHideAutoDD,F141
Site,Auto,ShowHideAutoDD,G141
Site,Auto,ShowHideAutoDD,H141
Site,Auto,ShowHideAutoDD,I141
Site,Hide,ShowHideAutoDD,J141
Site,Auto,ShowHideAutoDD,K141
Site,Auto,ShowHideAutoDD,L141
Site,Auto,"""Show,Hide""",P141
Site,Show,ShowHideAutoDD,R141
Site,Tillable Acres,"""Sum,Parcel 1,Concatenate,Unique Values""",AA141
Site,Hide,ShowHideAutoDD,A142
Site,Hide,ShowHideAutoDD,B142
Site,Auto,ShowHideAutoDD,C142
Site,Auto,ShowHideAutoDD,D142
Site,Auto,ShowHideAutoDD,E142
Site,Auto,ShowHideAutoDD,F142
Site,Auto,ShowHideAutoDD,G142
Site,Auto,ShowHideAutoDD,H142
Site,Auto,ShowHideAutoDD,I142
Site,Hide,ShowHideAutoDD,J142
Site,Auto,ShowHideAutoDD,K142
Site,Auto,ShowHideAutoDD,L142
Site,Auto,"""Show,Hide""",P142
Site,Show,ShowHideAutoDD,R142
Site,Percent Tillable,"""Sum,Parcel 1,Concatenate,Unique Values""",AA142
Site,Hide,ShowHideAutoDD,A143
Site,Hide,ShowHideAutoDD,B143
Site,Auto,ShowHideAutoDD,C143
Site,Auto,ShowHideAutoDD,D143
Site,Auto,ShowHideAutoDD,E143
Site,Auto,ShowHideAutoDD,F143
Site,Auto,ShowHideAutoDD,G143
Site,Auto,ShowHideAutoDD,H143
Site,Auto,ShowHideAutoDD,I143
Site,Hide,ShowHideAutoDD,J143
Site,Auto,ShowHideAutoDD,K143
Site,Auto,ShowHideAutoDD,L143
Site,Auto,"""Show,Hide""",P143
Site,Show,ShowHideAutoDD,R143
Site,Woodland Acres,"""Sum,Parcel 1,Concatenate,Unique Values""",AA143
Site,Hide,ShowHideAutoDD,A144
Site,Hide,ShowHideAutoDD,B144
Site,Auto,ShowHideAutoDD,C144
Site,Auto,ShowHideAutoDD,D144
Site,Auto,ShowHideAutoDD,E144
Site,Auto,ShowHideAutoDD,F144
Site,Auto,ShowHideAutoDD,G144
Site,Auto,ShowHideAutoDD,H144
Site,Auto,ShowHideAutoDD,I144
Site,Hide,ShowHideAutoDD,J144
Site,Auto,ShowHideAutoDD,K144
Site,Auto,ShowHideAutoDD,L144
Site,Auto,"""Show,Hide""",P144
Site,Show,ShowHideAutoDD,R144
Site,Other Acres,"""Sum,Parcel 1,Concatenate,Unique Values""",AA144
Site,Hide,ShowHideAutoDD,A145
Site,Hide,ShowHideAutoDD,B145
Site,Auto,ShowHideAutoDD,C145
Site,Auto,ShowHideAutoDD,D145
Site,Auto,ShowHideAutoDD,E145
Site,Auto,ShowHideAutoDD,F145
Site,Auto,ShowHideAutoDD,G145
Site,Auto,ShowHideAutoDD,H145
Site,Auto,ShowHideAutoDD,I145
Site,Hide,ShowHideAutoDD,J145
Site,Auto,ShowHideAutoDD,K145
Site,Auto,ShowHideAutoDD,L145
Site,Auto,"""Show,Hide""",P145
Site,Show,ShowHideAutoDD,R145
Site,Waste Acres,"""Sum,Parcel 1,Concatenate,Unique Values""",AA145
Site,Hide,ShowHideAutoDD,A146
Site,Hide,ShowHideAutoDD,B146
Site,Auto,ShowHideAutoDD,C146
Site,Auto,ShowHideAutoDD,D146
Site,Auto,ShowHideAutoDD,E146
Site,Auto,ShowHideAutoDD,F146
Site,Auto,ShowHideAutoDD,G146
Site,Auto,ShowHideAutoDD,H146
Site,Auto,ShowHideAutoDD,I146
Site,Hide,ShowHideAutoDD,J146
Site,Auto,ShowHideAutoDD,K146
Site,Auto,ShowHideAutoDD,L146
Site,Auto,"""Show,Hide""",P146
Site,Show,ShowHideAutoDD,R146
Site,Home Site Acres,"""Sum,Parcel 1,Concatenate,Unique Values""",AA146
Site,Customize,ShowHideAutoDD,BV154
Site,Auto,ShowHideAutoDD,BW154
Site,Auto,ShowHideAutoDD,BX154
Site,Auto,ShowHideAutoDD,BY154
Site,Auto,ShowHideAutoDD,BZ154
Site,Auto,ShowHideAutoDD,CA154
Site,Auto,ShowHideAutoDD,CB154
Site,Auto,ShowHideAutoDD,CC154
Site,Auto,ShowHideAutoDD,CD154
Site,Auto,ShowHideAutoDD,CE154
Site,Auto,ShowHideAutoDD,CF154
Site,Auto,ShowHideAutoDD,CG154
Site,Auto,ShowHideAutoDD,CH154
Site,Auto,ShowHideAutoDD,CI154
Site,Auto,ShowHideAutoDD,CJ154
Site,Auto,ShowHideAutoDD,CK154
Site,Auto,ShowHideAutoDD,CL154
Site,Auto,ShowHideAutoDD,CM154
Site,Auto,ShowHideAutoDD,CN154
Site,Auto,ShowHideAutoDD,CO154
Site,Banded Rows,ShowHideAutoDD,BR157
Site,Multi-Family|Mobile/Manufactured Home Park,ShowHideAutoDD,BA159
Site,Multi-Family|All,ShowHideAutoDD,BB159
Site,Multi-Family|Student-Oriented Housing,ShowHideAutoDD,BC159
Site,Multi-Family|Affordable,ShowHideAutoDD,BD159
Site,Retail-Commercial|All,ShowHideAutoDD,BE159
Site,Shopping Center|Super Regional Center/Mall,ShowHideAutoDD,BF159
Site,Office|All,ShowHideAutoDD,BG159
Site,Health Care|All,ShowHideAutoDD,BH159
Site,Senior Housing|All,ShowHideAutoDD,BI159
Site,Industrial|All,ShowHideAutoDD,BJ159
Site,Self-Storage|All,ShowHideAutoDD,BK159
Site,Lodging & Hospitality|All,ShowHideAutoDD,BL159
Site,Hide,ShowHideAutoDD,BR159
Site,Multi-Family|Mobile/Manufactured Home Park,ShowHideAutoDD,BA160
Site,Multi-Family|All,ShowHideAutoDD,BB160
Site,Multi-Family|Student-Oriented Housing,ShowHideAutoDD,BC160
Site,Multi-Family|Affordable,ShowHideAutoDD,BD160
Site,Retail-Commercial|All,ShowHideAutoDD,BE160
Site,Shopping Center|Super Regional Center/Mall,ShowHideAutoDD,BF160
Site,Office|All,ShowHideAutoDD,BG160
Site,Health Care|All,ShowHideAutoDD,BH160
Site,Senior Housing|All,ShowHideAutoDD,BI160
Site,Industrial|All,ShowHideAutoDD,BJ160
Site,Self-Storage|All,ShowHideAutoDD,BK160
Site,Lodging & Hospitality|All,ShowHideAutoDD,BL160
Site,Hide,ShowHideAutoDD,BR160
Site,Multi-Family|Mobile/Manufactured Home Park,ShowHideAutoDD,BA161
Site,Show,ShowHideAutoDD,BB161
Site,Show,ShowHideAutoDD,BC161
Site,Show,ShowHideAutoDD,BD161
Site,Show,ShowHideAutoDD,BE161
Site,Show,ShowHideAutoDD,BF161
Site,Show,ShowHideAutoDD,BG161
Site,Health Care|All,ShowHideAutoDD,BH161
Site,Senior Housing|All,ShowHideAutoDD,BI161
Site,Industrial|All,ShowHideAutoDD,BJ161
Site,Self-Storage|All,ShowHideAutoDD,BK161
Site,Lodging & Hospitality|All,ShowHideAutoDD,BL161
Site,Hide,ShowHideAutoDD,BR161
Site,Show,ShowHideAutoDD,BA162
Site,Multi-Family|All,ShowHideAutoDD,BB162
Site,Multi-Family|Student-Oriented Housing,ShowHideAutoDD,BC162
Site,Multi-Family|Affordable,ShowHideAutoDD,BD162
Site,Retail-Commercial|All,ShowHideAutoDD,BE162
Site,Shopping Center|Super Regional Center/Mall,ShowHideAutoDD,BF162
Site,Office|All,ShowHideAutoDD,BG162
Site,Health Care|All,ShowHideAutoDD,BH162
Site,Senior Housing|All,ShowHideAutoDD,BI162
Site,Industrial|All,ShowHideAutoDD,BJ162
Site,Self-Storage|All,ShowHideAutoDD,BK162
Site,Lodging & Hospitality|All,ShowHideAutoDD,BL162
Site,Hide,ShowHideAutoDD,BR162
Site,Show,ShowHideAutoDD,BA163
Site,Multi-Family|All,ShowHideAutoDD,BB163
Site,Multi-Family|Student-Oriented Housing,ShowHideAutoDD,BC163
Site,Multi-Family|Affordable,ShowHideAutoDD,BD163
Site,Retail-Commercial|All,ShowHideAutoDD,BE163
Site,Shopping Center|Super Regional Center/Mall,ShowHideAutoDD,BF163
Site,Office|All,ShowHideAutoDD,BG163
Site,Health Care|All,ShowHideAutoDD,BH163
Site,Senior Housing|All,ShowHideAutoDD,BI163
Site,Industrial|All,ShowHideAutoDD,BJ163
Site,Self-Storage|All,ShowHideAutoDD,BK163
Site,Lodging & Hospitality|All,ShowHideAutoDD,BL163
Site,Hide,ShowHideAutoDD,BR163
Site,Show,ShowHideAutoDD,BA164
Site,Hide,ShowHideAutoDD,BB164
Site,Hide,ShowHideAutoDD,BC164
Site,Hide,ShowHideAutoDD,BD164
Site,Hide,ShowHideAutoDD,BE164
Site,Hide,ShowHideAutoDD,BF164
Site,Hide,ShowHideAutoDD,BG164
Site,Unknown_Field_BH164,ShowHideAutoDD,BH164
Site,Unknown_Field_BI164,ShowHideAutoDD,BI164
Site,Unknown_Field_BJ164,ShowHideAutoDD,BJ164
Site,Unknown_Field_BK164,ShowHideAutoDD,BK164
Site,Unknown_Field_BL164,ShowHideAutoDD,BL164
Site,Unknown_Field_BR164,ShowHideAutoDD,BR164
Site,Hide,ShowHideAutoDD,BA165
Site,Unknown_Field_BB165,ShowHideAutoDD,BB165
Site,Unknown_Field_BC165,ShowHideAutoDD,BC165
Site,Unknown_Field_BD165,ShowHideAutoDD,BD165
Site,Unknown_Field_BE165,ShowHideAutoDD,BE165
Site,Unknown_Field_BF165,ShowHideAutoDD,BF165
Site,Unknown_Field_BG165,ShowHideAutoDD,BG165
Site,Unknown_Field_BH165,ShowHideAutoDD,BH165
Site,Unknown_Field_BI165,ShowHideAutoDD,BI165
Site,Unknown_Field_BJ165,ShowHideAutoDD,BJ165
Site,Unknown_Field_BK165,ShowHideAutoDD,BK165
Site,Unknown_Field_BL165,ShowHideAutoDD,BL165
Site,Unknown_Field_BR165,ShowHideAutoDD,BR165
Site,Hide,ShowHideAutoDD,BA166
Site,Hide,ShowHideAutoDD,BB166
Site,Hide,ShowHideAutoDD,BC166
Site,Hide,ShowHideAutoDD,BD166
Site,Hide,ShowHideAutoDD,BE166
Site,Hide,ShowHideAutoDD,BF166
Site,Hide,ShowHideAutoDD,BG166
Site,Unknown_Field_BH166,ShowHideAutoDD,BH166
Site,Unknown_Field_BI166,ShowHideAutoDD,BI166
Site,Unknown_Field_BJ166,ShowHideAutoDD,BJ166
Site,Unknown_Field_BK166,ShowHideAutoDD,BK166
Site,Unknown_Field_BL166,ShowHideAutoDD,BL166
Site,Unknown_Field_BR166,ShowHideAutoDD,BR166
Site,Hide,ShowHideAutoDD,BA167
Site,Unknown_Field_BB167,ShowHideAutoDD,BB167
Site,Unknown_Field_BC167,ShowHideAutoDD,BC167
Site,Unknown_Field_BD167,ShowHideAutoDD,BD167
Site,Unknown_Field_BE167,ShowHideAutoDD,BE167
Site,Unknown_Field_BF167,ShowHideAutoDD,BF167
Site,Unknown_Field_BG167,ShowHideAutoDD,BG167
Site,Unknown_Field_BH167,ShowHideAutoDD,BH167
Site,Unknown_Field_BI167,ShowHideAutoDD,BI167
Site,Unknown_Field_BJ167,ShowHideAutoDD,BJ167
Site,Unknown_Field_BK167,ShowHideAutoDD,BK167
Site,Unknown_Field_BL167,ShowHideAutoDD,BL167
Site,Unknown_Field_BR167,ShowHideAutoDD,BR167
Site,Hide,ShowHideAutoDD,BA168
Site,Unknown_Field_BB168,ShowHideAutoDD,BB168
Site,Unknown_Field_BC168,ShowHideAutoDD,BC168
Site,Unknown_Field_BD168,ShowHideAutoDD,BD168
Site,Unknown_Field_BE168,ShowHideAutoDD,BE168
Site,Unknown_Field_BF168,ShowHideAutoDD,BF168
Site,Unknown_Field_BG168,ShowHideAutoDD,BG168
Site,Unknown_Field_BH168,ShowHideAutoDD,BH168
Site,Unknown_Field_BI168,ShowHideAutoDD,BI168
Site,Unknown_Field_BJ168,ShowHideAutoDD,BJ168
Site,Unknown_Field_BK168,ShowHideAutoDD,BK168
Site,Unknown_Field_BL168,ShowHideAutoDD,BL168
Site,Unknown_Field_BR168,ShowHideAutoDD,BR168
Site,Hide,ShowHideAutoDD,BA169
Site,Unknown_Field_BB169,ShowHideAutoDD,BB169
Site,Unknown_Field_BC169,ShowHideAutoDD,BC169
Site,Unknown_Field_BD169,ShowHideAutoDD,BD169
Site,Unknown_Field_BE169,ShowHideAutoDD,BE169
Site,Unknown_Field_BF169,ShowHideAutoDD,BF169
Site,Unknown_Field_BG169,ShowHideAutoDD,BG169
Site,Unknown_Field_BH169,ShowHideAutoDD,BH169
Site,Unknown_Field_BI169,ShowHideAutoDD,BI169
Site,Unknown_Field_BJ169,ShowHideAutoDD,BJ169
Site,Unknown_Field_BK169,ShowHideAutoDD,BK169
Site,Unknown_Field_BL169,ShowHideAutoDD,BL169
Site,Unknown_Field_BR169,ShowHideAutoDD,BR169
Site,Hide,ShowHideAutoDD,BA170
Site,Unknown_Field_BB170,ShowHideAutoDD,BB170
Site,Unknown_Field_BC170,ShowHideAutoDD,BC170
Site,Unknown_Field_BD170,ShowHideAutoDD,BD170
Site,Unknown_Field_BE170,ShowHideAutoDD,BE170
Site,Unknown_Field_BF170,ShowHideAutoDD,BF170
Site,Unknown_Field_BG170,ShowHideAutoDD,BG170
Site,Unknown_Field_BH170,ShowHideAutoDD,BH170
Site,Unknown_Field_BI170,ShowHideAutoDD,BI170
Site,Unknown_Field_BJ170,ShowHideAutoDD,BJ170
Site,Unknown_Field_BK170,ShowHideAutoDD,BK170
Site,Unknown_Field_BL170,ShowHideAutoDD,BL170
Site,Unknown_Field_BR170,ShowHideAutoDD,BR170
Site,Hide,ShowHideAutoDD,BA171
Site,Unknown_Field_BB171,ShowHideAutoDD,BB171
Site,Unknown_Field_BC171,ShowHideAutoDD,BC171
Site,Unknown_Field_BD171,ShowHideAutoDD,BD171
Site,Unknown_Field_BE171,ShowHideAutoDD,BE171
Site,Unknown_Field_BF171,ShowHideAutoDD,BF171
Site,Unknown_Field_BG171,ShowHideAutoDD,BG171
Site,Unknown_Field_BH171,ShowHideAutoDD,BH171
Site,Unknown_Field_BI171,ShowHideAutoDD,BI171
Site,Unknown_Field_BJ171,ShowHideAutoDD,BJ171
Site,Unknown_Field_BK171,ShowHideAutoDD,BK171
Site,Unknown_Field_BL171,ShowHideAutoDD,BL171
Site,Unknown_Field_BR171,ShowHideAutoDD,BR171
Site,Hide,ShowHideAutoDD,BA172
Site,Show,ShowHideAutoDD,BB172
Site,Show,ShowHideAutoDD,BC172
Site,Show,ShowHideAutoDD,BD172
Site,Show,ShowHideAutoDD,BE172
Site,Show,ShowHideAutoDD,BF172
Site,Show,ShowHideAutoDD,BG172
Site,Unknown_Field_BH172,ShowHideAutoDD,BH172
Site,Unknown_Field_BI172,ShowHideAutoDD,BI172
Site,Unknown_Field_BJ172,ShowHideAutoDD,BJ172
Site,Unknown_Field_BK172,ShowHideAutoDD,BK172
Site,Unknown_Field_BL172,ShowHideAutoDD,BL172
Site,Unknown_Field_BR172,ShowHideAutoDD,BR172
Site,Show,ShowHideAutoDD,BA173
Site,Show,ShowHideAutoDD,BB173
Site,Show,ShowHideAutoDD,BC173
Site,Show,ShowHideAutoDD,BD173
Site,Show,ShowHideAutoDD,BE173
Site,Show,ShowHideAutoDD,BF173
Site,Show,ShowHideAutoDD,BG173
Site,Unknown_Field_BH173,ShowHideAutoDD,BH173
Site,Unknown_Field_BI173,ShowHideAutoDD,BI173
Site,Unknown_Field_BJ173,ShowHideAutoDD,BJ173
Site,Unknown_Field_BK173,ShowHideAutoDD,BK173
Site,Unknown_Field_BL173,ShowHideAutoDD,BL173
Site,Unknown_Field_BR173,ShowHideAutoDD,BR173
Site,Show,ShowHideAutoDD,BA174
Site,Unknown_Field_BB174,ShowHideAutoDD,BB174
Site,Unknown_Field_BC174,ShowHideAutoDD,BC174
Site,Unknown_Field_BD174,ShowHideAutoDD,BD174
Site,Unknown_Field_BE174,ShowHideAutoDD,BE174
Site,Unknown_Field_BF174,ShowHideAutoDD,BF174
Site,Unknown_Field_BG174,ShowHideAutoDD,BG174
Site,Unknown_Field_BH174,ShowHideAutoDD,BH174
Site,Unknown_Field_BI174,ShowHideAutoDD,BI174
Site,Unknown_Field_BJ174,ShowHideAutoDD,BJ174
Site,Unknown_Field_BK174,ShowHideAutoDD,BK174
Site,Unknown_Field_BL174,ShowHideAutoDD,BL174
Site,Unknown_Field_BR174,ShowHideAutoDD,BR174
Site,Show,ShowHideAutoDD,BA175
Site,Hide,ShowHideAutoDD,BB175
Site,Hide,ShowHideAutoDD,BC175
Site,Hide,ShowHideAutoDD,BD175
Site,Hide,ShowHideAutoDD,BE175
Site,Hide,ShowHideAutoDD,BF175
Site,Hide,ShowHideAutoDD,BG175
Site,Unknown_Field_BH175,ShowHideAutoDD,BH175
Site,Unknown_Field_BI175,ShowHideAutoDD,BI175
Site,Unknown_Field_BJ175,ShowHideAutoDD,BJ175
Site,Unknown_Field_BK175,ShowHideAutoDD,BK175
Site,Unknown_Field_BL175,ShowHideAutoDD,BL175
Site,Unknown_Field_BR175,ShowHideAutoDD,BR175
Site,Hide,ShowHideAutoDD,BA176
Site,Unknown_Field_BB176,ShowHideAutoDD,BB176
Site,Unknown_Field_BC176,ShowHideAutoDD,BC176
Site,Unknown_Field_BD176,ShowHideAutoDD,BD176
Site,Unknown_Field_BE176,ShowHideAutoDD,BE176
Site,Unknown_Field_BF176,ShowHideAutoDD,BF176
Site,Unknown_Field_BG176,ShowHideAutoDD,BG176
Site,Unknown_Field_BH176,ShowHideAutoDD,BH176
Site,Unknown_Field_BI176,ShowHideAutoDD,BI176
Site,Unknown_Field_BJ176,ShowHideAutoDD,BJ176
Site,Unknown_Field_BK176,ShowHideAutoDD,BK176
Site,Unknown_Field_BL176,ShowHideAutoDD,BL176
Site,Unknown_Field_BR176,ShowHideAutoDD,BR176
Site,Hide,ShowHideAutoDD,BA177
Site,Hide,ShowHideAutoDD,BB177
Site,Hide,ShowHideAutoDD,BC177
Site,Hide,ShowHideAutoDD,BD177
Site,Hide,ShowHideAutoDD,BE177
Site,Hide,ShowHideAutoDD,BF177
Site,Hide,ShowHideAutoDD,BG177
Site,Unknown_Field_BH177,ShowHideAutoDD,BH177
Site,Unknown_Field_BI177,ShowHideAutoDD,BI177
Site,Unknown_Field_BJ177,ShowHideAutoDD,BJ177
Site,Unknown_Field_BK177,ShowHideAutoDD,BK177
Site,Unknown_Field_BL177,ShowHideAutoDD,BL177
Site,Unknown_Field_BR177,ShowHideAutoDD,BR177
Site,Hide,ShowHideAutoDD,BA178
Site,Unknown_Field_BB178,ShowHideAutoDD,BB178
Site,Unknown_Field_BC178,ShowHideAutoDD,BC178
Site,Unknown_Field_BD178,ShowHideAutoDD,BD178
Site,Unknown_Field_BE178,ShowHideAutoDD,BE178
Site,Unknown_Field_BF178,ShowHideAutoDD,BF178
Site,Unknown_Field_BG178,ShowHideAutoDD,BG178
Site,Unknown_Field_BH178,ShowHideAutoDD,BH178
Site,Unknown_Field_BI178,ShowHideAutoDD,BI178
Site,Unknown_Field_BJ178,ShowHideAutoDD,BJ178
Site,Unknown_Field_BK178,ShowHideAutoDD,BK178
Site,Unknown_Field_BL178,ShowHideAutoDD,BL178
Site,Unknown_Field_BR178,ShowHideAutoDD,BR178
Site,Hide,ShowHideAutoDD,BA179
Site,Auto,ShowHideAutoDD,BB179
Site,Auto,ShowHideAutoDD,BC179
Site,Auto,ShowHideAutoDD,BD179
Site,Auto,ShowHideAutoDD,BE179
Site,Auto,ShowHideAutoDD,BF179
Site,Auto,ShowHideAutoDD,BG179
Site,Auto,ShowHideAutoDD,BH179
Site,Auto,ShowHideAutoDD,BI179
Site,Auto,ShowHideAutoDD,BJ179
Site,Auto,ShowHideAutoDD,BK179
Site,Hide,ShowHideAutoDD,BL179
Site,Auto,ShowHideAutoDD,BR179
Site,Auto,ShowHideAutoDD,BA180
Site,Auto,ShowHideAutoDD,BB180
Site,Auto,ShowHideAutoDD,BC180
Site,Auto,ShowHideAutoDD,BD180
Site,Auto,ShowHideAutoDD,BE180
Site,Auto,ShowHideAutoDD,BF180
Site,Auto,ShowHideAutoDD,BG180
Site,Auto,ShowHideAutoDD,BH180
Site,Auto,ShowHideAutoDD,BI180
Site,Auto,ShowHideAutoDD,BJ180
Site,Auto,ShowHideAutoDD,BK180
Site,Hide,ShowHideAutoDD,BL180
Site,Auto,ShowHideAutoDD,BR180
Site,Auto,ShowHideAutoDD,BA181
Site,Auto,ShowHideAutoDD,BB181
Site,Auto,ShowHideAutoDD,BC181
Site,Auto,ShowHideAutoDD,BD181
Site,Auto,ShowHideAutoDD,BE181
Site,Auto,ShowHideAutoDD,BF181
Site,Auto,ShowHideAutoDD,BG181
Site,Auto,ShowHideAutoDD,BH181
Site,Auto,ShowHideAutoDD,BI181
Site,Auto,ShowHideAutoDD,BJ181
Site,Auto,ShowHideAutoDD,BK181
Site,Hide,ShowHideAutoDD,BL181
Site,Auto,ShowHideAutoDD,BR181
Site,Auto,ShowHideAutoDD,BA182
Site,Auto,ShowHideAutoDD,BB182
Site,Auto,ShowHideAutoDD,BC182
Site,Auto,ShowHideAutoDD,BD182
Site,Auto,ShowHideAutoDD,BE182
Site,Auto,ShowHideAutoDD,BF182
Site,Auto,ShowHideAutoDD,BG182
Site,Auto,ShowHideAutoDD,BH182
Site,Auto,ShowHideAutoDD,BI182
Site,Auto,ShowHideAutoDD,BJ182
Site,Hide,ShowHideAutoDD,BK182
Site,Hide,ShowHideAutoDD,BL182
Site,Hide,ShowHideAutoDD,BR182
Site,Auto,ShowHideAutoDD,BA183
Site,Auto,ShowHideAutoDD,BB183
Site,Auto,ShowHideAutoDD,BC183
Site,Auto,ShowHideAutoDD,BD183
Site,Auto,ShowHideAutoDD,BE183
Site,Auto,ShowHideAutoDD,BF183
Site,Auto,ShowHideAutoDD,BG183
Site,Auto,ShowHideAutoDD,BH183
Site,Auto,ShowHideAutoDD,BI183
Site,Auto,ShowHideAutoDD,BJ183
Site,Hide,ShowHideAutoDD,BK183
Site,Auto,ShowHideAutoDD,BL183
Site,Hide,ShowHideAutoDD,BR183
Site,Auto,ShowHideAutoDD,BA184
Site,Auto,ShowHideAutoDD,BB184
Site,Auto,ShowHideAutoDD,BC184
Site,Auto,ShowHideAutoDD,BD184
Site,Auto,ShowHideAutoDD,BE184
Site,Auto,ShowHideAutoDD,BF184
Site,Auto,ShowHideAutoDD,BG184
Site,Auto,ShowHideAutoDD,BH184
Site,Auto,ShowHideAutoDD,BI184
Site,Auto,ShowHideAutoDD,BJ184
Site,Hide,ShowHideAutoDD,BK184
Site,Auto,ShowHideAutoDD,BL184
Site,Hide,ShowHideAutoDD,BR184
Site,Auto,ShowHideAutoDD,BA185
Site,Auto,ShowHideAutoDD,BB185
Site,Auto,ShowHideAutoDD,BC185
Site,Auto,ShowHideAutoDD,BD185
Site,Auto,ShowHideAutoDD,BE185
Site,Auto,ShowHideAutoDD,BF185
Site,Auto,ShowHideAutoDD,BG185
Site,Auto,ShowHideAutoDD,BH185
Site,Auto,ShowHideAutoDD,BI185
Site,Auto,ShowHideAutoDD,BJ185
Site,Hide,ShowHideAutoDD,BK185
Site,Auto,ShowHideAutoDD,BL185
Site,Hide,ShowHideAutoDD,BR185
Site,Auto,ShowHideAutoDD,BA186
Site,Auto,ShowHideAutoDD,BB186
Site,Auto,ShowHideAutoDD,BC186
Site,Auto,ShowHideAutoDD,BD186
Site,Auto,ShowHideAutoDD,BE186
Site,Auto,ShowHideAutoDD,BF186
Site,Auto,ShowHideAutoDD,BG186
Site,Auto,ShowHideAutoDD,BH186
Site,Auto,ShowHideAutoDD,BI186
Site,Auto,ShowHideAutoDD,BJ186
Site,Hide,ShowHideAutoDD,BK186
Site,Auto,ShowHideAutoDD,BL186
Site,Hide,ShowHideAutoDD,BR186
Site,Auto,ShowHideAutoDD,BA187
Site,Auto,ShowHideAutoDD,BB187
Site,Auto,ShowHideAutoDD,BC187
Site,Auto,ShowHideAutoDD,BD187
Site,Auto,ShowHideAutoDD,BE187
Site,Auto,ShowHideAutoDD,BF187
Site,Auto,ShowHideAutoDD,BG187
Site,Auto,ShowHideAutoDD,BH187
Site,Auto,ShowHideAutoDD,BI187
Site,Auto,ShowHideAutoDD,BJ187
Site,Hide,ShowHideAutoDD,BK187
Site,Auto,ShowHideAutoDD,BL187
Site,Unknown_Field_BR187,ShowHideAutoDD,BR187
Site,Unknown_Field_BA188,ShowHideAutoDD,BA188
Site,Unknown_Field_BB188,ShowHideAutoDD,BB188
Site,Unknown_Field_BC188,ShowHideAutoDD,BC188
Site,Unknown_Field_BD188,ShowHideAutoDD,BD188
Site,Unknown_Field_BE188,ShowHideAutoDD,BE188
Site,Unknown_Field_BF188,ShowHideAutoDD,BF188
Site,Unknown_Field_BG188,ShowHideAutoDD,BG188
Site,Unknown_Field_BH188,ShowHideAutoDD,BH188
Site,Unknown_Field_BI188,ShowHideAutoDD,BI188
Site,Unknown_Field_BJ188,ShowHideAutoDD,BJ188
Site,Hide,ShowHideAutoDD,BK188
Site,Unknown_Field_BL188,ShowHideAutoDD,BL188
Site,Unknown_Field_BR188,ShowHideAutoDD,BR188
Site,Unknown_Field_BA189,ShowHideAutoDD,BA189
Site,Unknown_Field_BB189,ShowHideAutoDD,BB189
Site,Unknown_Field_BC189,ShowHideAutoDD,BC189
Site,Unknown_Field_BD189,ShowHideAutoDD,BD189
Site,Unknown_Field_BE189,ShowHideAutoDD,BE189
Site,Unknown_Field_BF189,ShowHideAutoDD,BF189
Site,Unknown_Field_BG189,ShowHideAutoDD,BG189
Site,Unknown_Field_BH189,ShowHideAutoDD,BH189
Site,Unknown_Field_BI189,ShowHideAutoDD,BI189
Site,Unknown_Field_BJ189,ShowHideAutoDD,BJ189
Site,Unknown_Field_BK189,ShowHideAutoDD,BK189
Site,Unknown_Field_BL189,ShowHideAutoDD,BL189
Site,Unknown_Field_BR189,ShowHideAutoDD,BR189
Site,Unknown_Field_BA190,ShowHideAutoDD,BA190
Site,Unknown_Field_BB190,ShowHideAutoDD,BB190
Site,Unknown_Field_BC190,ShowHideAutoDD,BC190
Site,Unknown_Field_BD190,ShowHideAutoDD,BD190
Site,Unknown_Field_BE190,ShowHideAutoDD,BE190
Site,Unknown_Field_BF190,ShowHideAutoDD,BF190
Site,Unknown_Field_BG190,ShowHideAutoDD,BG190
Site,Unknown_Field_BH190,ShowHideAutoDD,BH190
Site,Unknown_Field_BI190,ShowHideAutoDD,BI190
Site,Unknown_Field_BJ190,ShowHideAutoDD,BJ190
Site,Unknown_Field_BK190,ShowHideAutoDD,BK190
Site,Unknown_Field_BL190,ShowHideAutoDD,BL190
Site,Unknown_Field_BR190,ShowHideAutoDD,BR190
Site,Unknown_Field_BA191,ShowHideAutoDD,BA191
Site,Unknown_Field_BB191,ShowHideAutoDD,BB191
Site,Unknown_Field_BC191,ShowHideAutoDD,BC191
Site,Unknown_Field_BD191,ShowHideAutoDD,BD191
Site,Unknown_Field_BE191,ShowHideAutoDD,BE191
Site,Unknown_Field_BF191,ShowHideAutoDD,BF191
Site,Unknown_Field_BG191,ShowHideAutoDD,BG191
Site,Unknown_Field_BH191,ShowHideAutoDD,BH191
Site,Unknown_Field_BI191,ShowHideAutoDD,BI191
Site,Unknown_Field_BJ191,ShowHideAutoDD,BJ191
Site,Unknown_Field_BK191,ShowHideAutoDD,BK191
Site,Unknown_Field_BL191,ShowHideAutoDD,BL191
Site,Unknown_Field_BR191,ShowHideAutoDD,BR191
Site,Unknown_Field_BA192,ShowHideAutoDD,BA192
Site,Unknown_Field_BB192,ShowHideAutoDD,BB192
Site,Unknown_Field_BC192,ShowHideAutoDD,BC192
Site,Unknown_Field_BD192,ShowHideAutoDD,BD192
Site,Unknown_Field_BE192,ShowHideAutoDD,BE192
Site,Unknown_Field_BF192,ShowHideAutoDD,BF192
Site,Unknown_Field_BG192,ShowHideAutoDD,BG192
Site,Unknown_Field_BH192,ShowHideAutoDD,BH192
Site,Unknown_Field_BI192,ShowHideAutoDD,BI192
Site,Unknown_Field_BJ192,ShowHideAutoDD,BJ192
Site,Unknown_Field_BK192,ShowHideAutoDD,BK192
Site,Unknown_Field_BL192,ShowHideAutoDD,BL192
Site,Unknown_Field_BR192,ShowHideAutoDD,BR192
Site,Unknown_Field_BA193,ShowHideAutoDD,BA193
Site,Unknown_Field_BB193,ShowHideAutoDD,BB193
Site,Unknown_Field_BC193,ShowHideAutoDD,BC193
Site,Unknown_Field_BD193,ShowHideAutoDD,BD193
Site,Unknown_Field_BE193,ShowHideAutoDD,BE193
Site,Unknown_Field_BF193,ShowHideAutoDD,BF193
Site,Unknown_Field_BG193,ShowHideAutoDD,BG193
Site,Unknown_Field_BH193,ShowHideAutoDD,BH193
Site,Unknown_Field_BI193,ShowHideAutoDD,BI193
Site,Unknown_Field_BJ193,ShowHideAutoDD,BJ193
Site,Unknown_Field_BK193,ShowHideAutoDD,BK193
Site,Unknown_Field_BL193,ShowHideAutoDD,BL193
Site,Unknown_Field_BR193,ShowHideAutoDD,BR193
Site,Unknown_Field_BA194,ShowHideAutoDD,BA194
Site,Unknown_Field_BB194,ShowHideAutoDD,BB194
Site,Unknown_Field_BC194,ShowHideAutoDD,BC194
Site,Unknown_Field_BD194,ShowHideAutoDD,BD194
Site,Unknown_Field_BE194,ShowHideAutoDD,BE194
Site,Unknown_Field_BF194,ShowHideAutoDD,BF194
Site,Unknown_Field_BG194,ShowHideAutoDD,BG194
Site,Unknown_Field_BH194,ShowHideAutoDD,BH194
Site,Unknown_Field_BI194,ShowHideAutoDD,BI194
Site,Unknown_Field_BJ194,ShowHideAutoDD,BJ194
Site,Unknown_Field_BK194,ShowHideAutoDD,BK194
Site,Unknown_Field_BL194,ShowHideAutoDD,BL194
Site,Unknown_Field_BR194,ShowHideAutoDD,BR194
Site,Unknown_Field_BA195,ShowHideAutoDD,BA195
Site,Unknown_Field_BB195,ShowHideAutoDD,BB195
Site,Unknown_Field_BC195,ShowHideAutoDD,BC195
Site,Unknown_Field_BD195,ShowHideAutoDD,BD195
Site,Unknown_Field_BE195,ShowHideAutoDD,BE195
Site,Unknown_Field_BF195,ShowHideAutoDD,BF195
Site,Unknown_Field_BG195,ShowHideAutoDD,BG195
Site,Unknown_Field_BH195,ShowHideAutoDD,BH195
Site,Unknown_Field_BI195,ShowHideAutoDD,BI195
Site,Unknown_Field_BJ195,ShowHideAutoDD,BJ195
Site,Unknown_Field_BK195,ShowHideAutoDD,BK195
Site,Unknown_Field_BL195,ShowHideAutoDD,BL195
Site,Unknown_Field_BR195,ShowHideAutoDD,BR195
Site,Unknown_Field_BA196,ShowHideAutoDD,BA196
Site,Unknown_Field_BB196,ShowHideAutoDD,BB196
Site,Unknown_Field_BC196,ShowHideAutoDD,BC196
Site,Unknown_Field_BD196,ShowHideAutoDD,BD196
Site,Unknown_Field_BE196,ShowHideAutoDD,BE196
Site,Unknown_Field_BF196,ShowHideAutoDD,BF196
Site,Unknown_Field_BG196,ShowHideAutoDD,BG196
Site,Unknown_Field_BH196,ShowHideAutoDD,BH196
Site,Unknown_Field_BI196,ShowHideAutoDD,BI196
Site,Unknown_Field_BJ196,ShowHideAutoDD,BJ196
Site,Unknown_Field_BK196,ShowHideAutoDD,BK196
Site,Unknown_Field_BL196,ShowHideAutoDD,BL196
Site,Unknown_Field_BR196,ShowHideAutoDD,BR196
Site,Unknown_Field_BA197,ShowHideAutoDD,BA197
Site,Show,ShowHideAutoDD,BB197
Site,Show,ShowHideAutoDD,BC197
Site,Show,ShowHideAutoDD,BD197
Site,Show,ShowHideAutoDD,BE197
Site,Show,ShowHideAutoDD,BF197
Site,Show,ShowHideAutoDD,BG197
Site,Show,ShowHideAutoDD,BH197
Site,Show,ShowHideAutoDD,BI197
Site,Hide,ShowHideAutoDD,BJ197
Site,Show,ShowHideAutoDD,BK197
Site,Hide,ShowHideAutoDD,BL197
Site,Show,ShowHideAutoDD,BR197
Site,Show,ShowHideAutoDD,BA198
Site,Auto,ShowHideAutoDD,BB198
Site,Auto,ShowHideAutoDD,BC198
Site,Auto,ShowHideAutoDD,BD198
Site,Auto,ShowHideAutoDD,BE198
Site,Auto,ShowHideAutoDD,BF198
Site,Auto,ShowHideAutoDD,BG198
Site,Auto,ShowHideAutoDD,BH198
Site,Auto,ShowHideAutoDD,BI198
Site,Auto,ShowHideAutoDD,BJ198
Site,Auto,ShowHideAutoDD,BK198
Site,Hide,ShowHideAutoDD,BL198
Site,Auto,ShowHideAutoDD,BR198
Site,Auto,ShowHideAutoDD,BA199
Site,Auto,ShowHideAutoDD,BB199
Site,Auto,ShowHideAutoDD,BC199
Site,Auto,ShowHideAutoDD,BD199
Site,Auto,ShowHideAutoDD,BE199
Site,Auto,ShowHideAutoDD,BF199
Site,Auto,ShowHideAutoDD,BG199
Site,Auto,ShowHideAutoDD,BH199
Site,Auto,ShowHideAutoDD,BI199
Site,Auto,ShowHideAutoDD,BJ199
Site,Auto,ShowHideAutoDD,BK199
Site,Hide,ShowHideAutoDD,BL199
Site,Auto,ShowHideAutoDD,BR199
Site,Auto,ShowHideAutoDD,BA200
Site,Auto,ShowHideAutoDD,BB200
Site,Auto,ShowHideAutoDD,BC200
Site,Auto,ShowHideAutoDD,BD200
Site,Auto,ShowHideAutoDD,BE200
Site,Auto,ShowHideAutoDD,BF200
Site,Auto,ShowHideAutoDD,BG200
Site,Auto,ShowHideAutoDD,BH200
Site,Auto,ShowHideAutoDD,BI200
Site,Auto,ShowHideAutoDD,BJ200
Site,Auto,ShowHideAutoDD,BK200
Site,Hide,ShowHideAutoDD,BL200
Site,Auto,ShowHideAutoDD,BR200
Site,Auto,ShowHideAutoDD,BA201
Site,Auto,ShowHideAutoDD,BB201
Site,Auto,ShowHideAutoDD,BC201
Site,Auto,ShowHideAutoDD,BD201
Site,Auto,ShowHideAutoDD,BE201
Site,Auto,ShowHideAutoDD,BF201
Site,Auto,ShowHideAutoDD,BG201
Site,Auto,ShowHideAutoDD,BH201
Site,Auto,ShowHideAutoDD,BI201
Site,Auto,ShowHideAutoDD,BJ201
Site,Hide,ShowHideAutoDD,BK201
Site,Auto,ShowHideAutoDD,BL201
Site,Hide,ShowHideAutoDD,BR201
Site,Auto,ShowHideAutoDD,BA202
Site,Auto,ShowHideAutoDD,BB202
Site,Auto,ShowHideAutoDD,BC202
Site,Auto,ShowHideAutoDD,BD202
Site,Auto,ShowHideAutoDD,BE202
Site,Auto,ShowHideAutoDD,BF202
Site,Auto,ShowHideAutoDD,BG202
Site,Auto,ShowHideAutoDD,BH202
Site,Auto,ShowHideAutoDD,BI202
Site,Auto,ShowHideAutoDD,BJ202
Site,Hide,ShowHideAutoDD,BK202
Site,Auto,ShowHideAutoDD,BL202
Site,Hide,ShowHideAutoDD,BR202
Site,Auto,ShowHideAutoDD,BA203
Site,Auto,ShowHideAutoDD,BB203
Site,Auto,ShowHideAutoDD,BC203
Site,Auto,ShowHideAutoDD,BD203
Site,Auto,ShowHideAutoDD,BE203
Site,Auto,ShowHideAutoDD,BF203
Site,Auto,ShowHideAutoDD,BG203
Site,Auto,ShowHideAutoDD,BH203
Site,Auto,ShowHideAutoDD,BI203
Site,Auto,ShowHideAutoDD,BJ203
Site,Hide,ShowHideAutoDD,BK203
Site,Auto,ShowHideAutoDD,BL203
Site,Hide,ShowHideAutoDD,BR203
Site,Auto,ShowHideAutoDD,BA204
Site,Auto,ShowHideAutoDD,BB204
Site,Auto,ShowHideAutoDD,BC204
Site,Auto,ShowHideAutoDD,BD204
Site,Auto,ShowHideAutoDD,BE204
Site,Auto,ShowHideAutoDD,BF204
Site,Auto,ShowHideAutoDD,BG204
Site,Auto,ShowHideAutoDD,BH204
Site,Auto,ShowHideAutoDD,BI204
Site,Auto,ShowHideAutoDD,BJ204
Site,Hide,ShowHideAutoDD,BK204
Site,Auto,ShowHideAutoDD,BL204
Site,Hide,ShowHideAutoDD,BR204
Site,Auto,ShowHideAutoDD,BA205
Site,Auto,ShowHideAutoDD,BB205
Site,Auto,ShowHideAutoDD,BC205
Site,Auto,ShowHideAutoDD,BD205
Site,Auto,ShowHideAutoDD,BE205
Site,Auto,ShowHideAutoDD,BF205
Site,Auto,ShowHideAutoDD,BG205
Site,Auto,ShowHideAutoDD,BH205
Site,Auto,ShowHideAutoDD,BI205
Site,Auto,ShowHideAutoDD,BJ205
Site,Hide,ShowHideAutoDD,BK205
Site,Hide,ShowHideAutoDD,BL205
Site,Hide,ShowHideAutoDD,BR205
Site,Auto,ShowHideAutoDD,BA206
Site,Auto,ShowHideAutoDD,BB206
Site,Auto,ShowHideAutoDD,BC206
Site,Auto,ShowHideAutoDD,BD206
Site,Auto,ShowHideAutoDD,BE206
Site,Auto,ShowHideAutoDD,BF206
Site,Auto,ShowHideAutoDD,BG206
Site,Auto,ShowHideAutoDD,BH206
Site,Auto,ShowHideAutoDD,BI206
Site,Auto,ShowHideAutoDD,BJ206
Site,Hide,ShowHideAutoDD,BK206
Site,Hide,ShowHideAutoDD,BL206
Site,Unknown_Field_BR206,ShowHideAutoDD,BR206
Site,Unknown_Field_BA207,ShowHideAutoDD,BA207
Site,Unknown_Field_BB207,ShowHideAutoDD,BB207
Site,Unknown_Field_BC207,ShowHideAutoDD,BC207
Site,Unknown_Field_BD207,ShowHideAutoDD,BD207
Site,Unknown_Field_BE207,ShowHideAutoDD,BE207
Site,Unknown_Field_BF207,ShowHideAutoDD,BF207
Site,Unknown_Field_BG207,ShowHideAutoDD,BG207
Site,Unknown_Field_BH207,ShowHideAutoDD,BH207
Site,Unknown_Field_BI207,ShowHideAutoDD,BI207
Site,Unknown_Field_BJ207,ShowHideAutoDD,BJ207
Site,Unknown_Field_BK207,ShowHideAutoDD,BK207
Site,Hide,ShowHideAutoDD,BL207
Site,Unknown_Field_BR207,ShowHideAutoDD,BR207
Site,Unknown_Field_BA208,ShowHideAutoDD,BA208
Site,Unknown_Field_BB208,ShowHideAutoDD,BB208
Site,Unknown_Field_BC208,ShowHideAutoDD,BC208
Site,Unknown_Field_BD208,ShowHideAutoDD,BD208
Site,Unknown_Field_BE208,ShowHideAutoDD,BE208
Site,Unknown_Field_BF208,ShowHideAutoDD,BF208
Site,Unknown_Field_BG208,ShowHideAutoDD,BG208
Site,Unknown_Field_BH208,ShowHideAutoDD,BH208
Site,Unknown_Field_BI208,ShowHideAutoDD,BI208
Site,Unknown_Field_BJ208,ShowHideAutoDD,BJ208
Site,Unknown_Field_BK208,ShowHideAutoDD,BK208
Site,Hide,ShowHideAutoDD,BL208
Site,Unknown_Field_BR208,ShowHideAutoDD,BR208
Site,Unknown_Field_BA209,ShowHideAutoDD,BA209
Site,Unknown_Field_BB209,ShowHideAutoDD,BB209
Site,Unknown_Field_BC209,ShowHideAutoDD,BC209
Site,Unknown_Field_BD209,ShowHideAutoDD,BD209
Site,Unknown_Field_BE209,ShowHideAutoDD,BE209
Site,Unknown_Field_BF209,ShowHideAutoDD,BF209
Site,Unknown_Field_BG209,ShowHideAutoDD,BG209
Site,Unknown_Field_BH209,ShowHideAutoDD,BH209
Site,Unknown_Field_BI209,ShowHideAutoDD,BI209
Site,Unknown_Field_BJ209,ShowHideAutoDD,BJ209
Site,Unknown_Field_BK209,ShowHideAutoDD,BK209
Site,Hide,ShowHideAutoDD,BL209
Site,Unknown_Field_BR209,ShowHideAutoDD,BR209
Site,Unknown_Field_BA210,ShowHideAutoDD,BA210
Site,Unknown_Field_BB210,ShowHideAutoDD,BB210
Site,Unknown_Field_BC210,ShowHideAutoDD,BC210
Site,Unknown_Field_BD210,ShowHideAutoDD,BD210
Site,Unknown_Field_BE210,ShowHideAutoDD,BE210
Site,Unknown_Field_BF210,ShowHideAutoDD,BF210
Site,Unknown_Field_BG210,ShowHideAutoDD,BG210
Site,Unknown_Field_BH210,ShowHideAutoDD,BH210
Site,Unknown_Field_BI210,ShowHideAutoDD,BI210
Site,Unknown_Field_BJ210,ShowHideAutoDD,BJ210
Site,Unknown_Field_BK210,ShowHideAutoDD,BK210
Site,Hide,ShowHideAutoDD,BL210
Site,Unknown_Field_BR210,ShowHideAutoDD,BR210
Site,Unknown_Field_BA211,ShowHideAutoDD,BA211
Site,Unknown_Field_BB211,ShowHideAutoDD,BB211
Site,Unknown_Field_BC211,ShowHideAutoDD,BC211
Site,Unknown_Field_BD211,ShowHideAutoDD,BD211
Site,Unknown_Field_BE211,ShowHideAutoDD,BE211
Site,Unknown_Field_BF211,ShowHideAutoDD,BF211
Site,Unknown_Field_BG211,ShowHideAutoDD,BG211
Site,Unknown_Field_BH211,ShowHideAutoDD,BH211
Site,Unknown_Field_BI211,ShowHideAutoDD,BI211
Site,Unknown_Field_BJ211,ShowHideAutoDD,BJ211
Site,Unknown_Field_BK211,ShowHideAutoDD,BK211
Site,Unknown_Field_BL211,ShowHideAutoDD,BL211
Site,Unknown_Field_BR211,ShowHideAutoDD,BR211
Site,Unknown_Field_BA212,ShowHideAutoDD,BA212
Site,Unknown_Field_BB212,ShowHideAutoDD,BB212
Site,Unknown_Field_BC212,ShowHideAutoDD,BC212
Site,Unknown_Field_BD212,ShowHideAutoDD,BD212
Site,Unknown_Field_BE212,ShowHideAutoDD,BE212
Site,Unknown_Field_BF212,ShowHideAutoDD,BF212
Site,Unknown_Field_BG212,ShowHideAutoDD,BG212
Site,Unknown_Field_BH212,ShowHideAutoDD,BH212
Site,Unknown_Field_BI212,ShowHideAutoDD,BI212
Site,Unknown_Field_BJ212,ShowHideAutoDD,BJ212
Site,Unknown_Field_BK212,ShowHideAutoDD,BK212
Site,Unknown_Field_BL212,ShowHideAutoDD,BL212
Site,Unknown_Field_BR212,ShowHideAutoDD,BR212
Site,Unknown_Field_BA213,ShowHideAutoDD,BA213
Site,Unknown_Field_BB213,ShowHideAutoDD,BB213
Site,Unknown_Field_BC213,ShowHideAutoDD,BC213
Site,Unknown_Field_BD213,ShowHideAutoDD,BD213
Site,Unknown_Field_BE213,ShowHideAutoDD,BE213
Site,Unknown_Field_BF213,ShowHideAutoDD,BF213
Site,Unknown_Field_BG213,ShowHideAutoDD,BG213
Site,Unknown_Field_BH213,ShowHideAutoDD,BH213
Site,Unknown_Field_BI213,ShowHideAutoDD,BI213
Site,Unknown_Field_BJ213,ShowHideAutoDD,BJ213
Site,Unknown_Field_BK213,ShowHideAutoDD,BK213
Site,Unknown_Field_BL213,ShowHideAutoDD,BL213
Site,Unknown_Field_BR213,ShowHideAutoDD,BR213
Site,Unknown_Field_BA214,ShowHideAutoDD,BA214
Site,Unknown_Field_BB214,ShowHideAutoDD,BB214
Site,Unknown_Field_BC214,ShowHideAutoDD,BC214
Site,Unknown_Field_BD214,ShowHideAutoDD,BD214
Site,Unknown_Field_BE214,ShowHideAutoDD,BE214
Site,Unknown_Field_BF214,ShowHideAutoDD,BF214
Site,Unknown_Field_BG214,ShowHideAutoDD,BG214
Site,Unknown_Field_BH214,ShowHideAutoDD,BH214
Site,Unknown_Field_BI214,ShowHideAutoDD,BI214
Site,Unknown_Field_BJ214,ShowHideAutoDD,BJ214
Site,Unknown_Field_BK214,ShowHideAutoDD,BK214
Site,Unknown_Field_BL214,ShowHideAutoDD,BL214
Site,Unknown_Field_BR214,ShowHideAutoDD,BR214
Site,Unknown_Field_BA215,ShowHideAutoDD,BA215
Site,Unknown_Field_BB215,ShowHideAutoDD,BB215
Site,Unknown_Field_BC215,ShowHideAutoDD,BC215
Site,Unknown_Field_BD215,ShowHideAutoDD,BD215
Site,Unknown_Field_BE215,ShowHideAutoDD,BE215
Site,Unknown_Field_BF215,ShowHideAutoDD,BF215
Site,Unknown_Field_BG215,ShowHideAutoDD,BG215
Site,Unknown_Field_BH215,ShowHideAutoDD,BH215
Site,Unknown_Field_BI215,ShowHideAutoDD,BI215
Site,Unknown_Field_BJ215,ShowHideAutoDD,BJ215
Site,Unknown_Field_BK215,ShowHideAutoDD,BK215
Site,Unknown_Field_BL215,ShowHideAutoDD,BL215
Site,Unknown_Field_BR215,ShowHideAutoDD,BR215
Site,Unknown_Field_BA216,ShowHideAutoDD,BA216
Site,Unknown_Field_BB216,ShowHideAutoDD,BB216
Site,Unknown_Field_BC216,ShowHideAutoDD,BC216
Site,Unknown_Field_BD216,ShowHideAutoDD,BD216
Site,Unknown_Field_BE216,ShowHideAutoDD,BE216
Site,Unknown_Field_BF216,ShowHideAutoDD,BF216
Site,Unknown_Field_BG216,ShowHideAutoDD,BG216
Site,Unknown_Field_BH216,ShowHideAutoDD,BH216
Site,Unknown_Field_BI216,ShowHideAutoDD,BI216
Site,Unknown_Field_BJ216,ShowHideAutoDD,BJ216
Site,Unknown_Field_BK216,ShowHideAutoDD,BK216
Site,Unknown_Field_BL216,ShowHideAutoDD,BL216
Site,Unknown_Field_BR216,ShowHideAutoDD,BR216
Site,Unknown_Field_BA217,ShowHideAutoDD,BA217
Site,Hide,ShowHideAutoDD,BB217
Site,Hide,ShowHideAutoDD,BC217
Site,Hide,ShowHideAutoDD,BD217
Site,Hide,ShowHideAutoDD,BE217
Site,Hide,ShowHideAutoDD,BF217
Site,Hide,ShowHideAutoDD,BG217
Site,Unknown_Field_BH217,ShowHideAutoDD,BH217
Site,Unknown_Field_BI217,ShowHideAutoDD,BI217
Site,Unknown_Field_BJ217,ShowHideAutoDD,BJ217
Site,Unknown_Field_BK217,ShowHideAutoDD,BK217
Site,Unknown_Field_BL217,ShowHideAutoDD,BL217
Site,Unknown_Field_BR217,ShowHideAutoDD,BR217
Site,Hide,ShowHideAutoDD,BA218
Site,Hide,ShowHideAutoDD,BB218
Site,Hide,ShowHideAutoDD,BC218
Site,Hide,ShowHideAutoDD,BD218
Site,Hide,ShowHideAutoDD,BE218
Site,Hide,ShowHideAutoDD,BF218
Site,Hide,ShowHideAutoDD,BG218
Site,Unknown_Field_BH218,ShowHideAutoDD,BH218
Site,Unknown_Field_BI218,ShowHideAutoDD,BI218
Site,Unknown_Field_BJ218,ShowHideAutoDD,BJ218
Site,Unknown_Field_BK218,ShowHideAutoDD,BK218
Site,Unknown_Field_BL218,ShowHideAutoDD,BL218
Site,Unknown_Field_BR218,ShowHideAutoDD,BR218
Site,Hide,ShowHideAutoDD,BA219
Site,Hide,ShowHideAutoDD,BB219
Site,Hide,ShowHideAutoDD,BC219
Site,Hide,ShowHideAutoDD,BD219
Site,Hide,ShowHideAutoDD,BE219
Site,Hide,ShowHideAutoDD,BF219
Site,Hide,ShowHideAutoDD,BG219
Site,Unknown_Field_BH219,ShowHideAutoDD,BH219
Site,Unknown_Field_BI219,ShowHideAutoDD,BI219
Site,Unknown_Field_BJ219,ShowHideAutoDD,BJ219
Site,Unknown_Field_BK219,ShowHideAutoDD,BK219
Site,Unknown_Field_BL219,ShowHideAutoDD,BL219
Site,Unknown_Field_BR219,ShowHideAutoDD,BR219
Site,Hide,ShowHideAutoDD,BA220
Site,Unknown_Field_BB220,ShowHideAutoDD,BB220
Site,Unknown_Field_BC220,ShowHideAutoDD,BC220
Site,Unknown_Field_BD220,ShowHideAutoDD,BD220
Site,Unknown_Field_BE220,ShowHideAutoDD,BE220
Site,Unknown_Field_BF220,ShowHideAutoDD,BF220
Site,Unknown_Field_BG220,ShowHideAutoDD,BG220
Site,Unknown_Field_BH220,ShowHideAutoDD,BH220
Site,Unknown_Field_BI220,ShowHideAutoDD,BI220
Site,Unknown_Field_BJ220,ShowHideAutoDD,BJ220
Site,Unknown_Field_BK220,ShowHideAutoDD,BK220
Site,Unknown_Field_BL220,ShowHideAutoDD,BL220
Site,Unknown_Field_BR220,ShowHideAutoDD,BR220
Site,Hide,ShowHideAutoDD,BA221
Site,Unknown_Field_BB221,ShowHideAutoDD,BB221
Site,Unknown_Field_BC221,ShowHideAutoDD,BC221
Site,Unknown_Field_BD221,ShowHideAutoDD,BD221
Site,Unknown_Field_BE221,ShowHideAutoDD,BE221
Site,Unknown_Field_BF221,ShowHideAutoDD,BF221
Site,Unknown_Field_BG221,ShowHideAutoDD,BG221
Site,Unknown_Field_BH221,ShowHideAutoDD,BH221
Site,Unknown_Field_BI221,ShowHideAutoDD,BI221
Site,Unknown_Field_BJ221,ShowHideAutoDD,BJ221
Site,Unknown_Field_BK221,ShowHideAutoDD,BK221
Site,Unknown_Field_BL221,ShowHideAutoDD,BL221
Site,Unknown_Field_BR221,ShowHideAutoDD,BR221
Site,Hide,ShowHideAutoDD,BA222
Site,Unknown_Field_BB222,ShowHideAutoDD,BB222
Site,Unknown_Field_BC222,ShowHideAutoDD,BC222
Site,Unknown_Field_BD222,ShowHideAutoDD,BD222
Site,Unknown_Field_BE222,ShowHideAutoDD,BE222
Site,Unknown_Field_BF222,ShowHideAutoDD,BF222
Site,Unknown_Field_BG222,ShowHideAutoDD,BG222
Site,Unknown_Field_BH222,ShowHideAutoDD,BH222
Site,Unknown_Field_BI222,ShowHideAutoDD,BI222
Site,Unknown_Field_BJ222,ShowHideAutoDD,BJ222
Site,Unknown_Field_BK222,ShowHideAutoDD,BK222
Site,Unknown_Field_BL222,ShowHideAutoDD,BL222
Site,Unknown_Field_BR222,ShowHideAutoDD,BR222
Site,Hide,ShowHideAutoDD,BA223
Site,Unknown_Field_BB223,ShowHideAutoDD,BB223
Site,Unknown_Field_BC223,ShowHideAutoDD,BC223
Site,Unknown_Field_BD223,ShowHideAutoDD,BD223
Site,Unknown_Field_BE223,ShowHideAutoDD,BE223
Site,Unknown_Field_BF223,ShowHideAutoDD,BF223
Site,Unknown_Field_BG223,ShowHideAutoDD,BG223
Site,Unknown_Field_BH223,ShowHideAutoDD,BH223
Site,Unknown_Field_BI223,ShowHideAutoDD,BI223
Site,Unknown_Field_BJ223,ShowHideAutoDD,BJ223
Site,Unknown_Field_BK223,ShowHideAutoDD,BK223
Site,Unknown_Field_BL223,ShowHideAutoDD,BL223
Site,Unknown_Field_BR223,ShowHideAutoDD,BR223
Site,Hide,ShowHideAutoDD,BA224
Site,Unknown_Field_BB224,ShowHideAutoDD,BB224
Site,Unknown_Field_BC224,ShowHideAutoDD,BC224
Site,Unknown_Field_BD224,ShowHideAutoDD,BD224
Site,Unknown_Field_BE224,ShowHideAutoDD,BE224
Site,Unknown_Field_BF224,ShowHideAutoDD,BF224
Site,Unknown_Field_BG224,ShowHideAutoDD,BG224
Site,Unknown_Field_BH224,ShowHideAutoDD,BH224
Site,Unknown_Field_BI224,ShowHideAutoDD,BI224
Site,Unknown_Field_BJ224,ShowHideAutoDD,BJ224
Site,Unknown_Field_BK224,ShowHideAutoDD,BK224
Site,Unknown_Field_BL224,ShowHideAutoDD,BL224
Site,Unknown_Field_BR224,ShowHideAutoDD,BR224
Site,Hide,ShowHideAutoDD,BA225
Site,Unknown_Field_BB225,ShowHideAutoDD,BB225
Site,Unknown_Field_BC225,ShowHideAutoDD,BC225
Site,Unknown_Field_BD225,ShowHideAutoDD,BD225
Site,Unknown_Field_BE225,ShowHideAutoDD,BE225
Site,Unknown_Field_BF225,ShowHideAutoDD,BF225
Site,Unknown_Field_BG225,ShowHideAutoDD,BG225
Site,Unknown_Field_BH225,ShowHideAutoDD,BH225
Site,Unknown_Field_BI225,ShowHideAutoDD,BI225
Site,Unknown_Field_BJ225,ShowHideAutoDD,BJ225
Site,Unknown_Field_BK225,ShowHideAutoDD,BK225
Site,Unknown_Field_BL225,ShowHideAutoDD,BL225
Site,Unknown_Field_BR225,ShowHideAutoDD,BR225
Site,Unknown_Field_BA226,ShowHideAutoDD,BA226
Site,Auto,ShowHideAutoDD,BB226
Site,Auto,ShowHideAutoDD,BC226
Site,Auto,ShowHideAutoDD,BD226
Site,Auto,ShowHideAutoDD,BE226
Site,Auto,ShowHideAutoDD,BF226
Site,Auto,ShowHideAutoDD,BG226
Site,Auto,ShowHideAutoDD,BH226
Site,Auto,ShowHideAutoDD,BI226
Site,Auto,ShowHideAutoDD,BJ226
Site,Auto,ShowHideAutoDD,BK226
Site,Hide,ShowHideAutoDD,BL226
Site,Auto,ShowHideAutoDD,BR226
Site,Auto,ShowHideAutoDD,BA227
Site,Auto,ShowHideAutoDD,BB227
Site,Auto,ShowHideAutoDD,BC227
Site,Auto,ShowHideAutoDD,BD227
Site,Auto,ShowHideAutoDD,BE227
Site,Auto,ShowHideAutoDD,BF227
Site,Auto,ShowHideAutoDD,BG227
Site,Auto,ShowHideAutoDD,BH227
Site,Auto,ShowHideAutoDD,BI227
Site,Auto,ShowHideAutoDD,BJ227
Site,Auto,ShowHideAutoDD,BK227
Site,Hide,ShowHideAutoDD,BL227
Site,Auto,ShowHideAutoDD,BR227
Site,Auto,ShowHideAutoDD,BA228
Site,Show,ShowHideAutoDD,BB228
Site,Auto,ShowHideAutoDD,BC228
Site,Auto,ShowHideAutoDD,BD228
Site,Auto,ShowHideAutoDD,BE228
Site,Auto,ShowHideAutoDD,BF228
Site,Auto,ShowHideAutoDD,BG228
Site,Auto,ShowHideAutoDD,BH228
Site,Auto,ShowHideAutoDD,BI228
Site,Auto,ShowHideAutoDD,BJ228
Site,Auto,ShowHideAutoDD,BK228
Site,Hide,ShowHideAutoDD,BL228
Site,Auto,ShowHideAutoDD,BR228
Site,Show,ShowHideAutoDD,BA229
Site,Auto,ShowHideAutoDD,BB229
Site,Auto,ShowHideAutoDD,BC229
Site,Auto,ShowHideAutoDD,BD229
Site,Auto,ShowHideAutoDD,BE229
Site,Auto,ShowHideAutoDD,BF229
Site,Auto,ShowHideAutoDD,BG229
Site,Auto,ShowHideAutoDD,BH229
Site,Auto,ShowHideAutoDD,BI229
Site,Auto,ShowHideAutoDD,BJ229
Site,Hide,ShowHideAutoDD,BK229
Site,Auto,ShowHideAutoDD,BL229
Site,Unknown_Field_BR229,ShowHideAutoDD,BR229
Site,Show,ShowHideAutoDD,BA230
Site,Auto,ShowHideAutoDD,BB230
Site,Auto,ShowHideAutoDD,BC230
Site,Auto,ShowHideAutoDD,BD230
Site,Auto,ShowHideAutoDD,BE230
Site,Auto,ShowHideAutoDD,BF230
Site,Auto,ShowHideAutoDD,BG230
Site,Auto,ShowHideAutoDD,BH230
Site,Auto,ShowHideAutoDD,BI230
Site,Auto,ShowHideAutoDD,BJ230
Site,Hide,ShowHideAutoDD,BK230
Site,Auto,ShowHideAutoDD,BL230
Site,Unknown_Field_BR230,ShowHideAutoDD,BR230
Site,Show,ShowHideAutoDD,BA231
Site,Auto,ShowHideAutoDD,BB231
Site,Auto,ShowHideAutoDD,BC231
Site,Auto,ShowHideAutoDD,BD231
Site,Auto,ShowHideAutoDD,BE231
Site,Auto,ShowHideAutoDD,BF231
Site,Auto,ShowHideAutoDD,BG231
Site,Auto,ShowHideAutoDD,BH231
Site,Auto,ShowHideAutoDD,BI231
Site,Auto,ShowHideAutoDD,BJ231
Site,Hide,ShowHideAutoDD,BK231
Site,Auto,ShowHideAutoDD,BL231
Site,Unknown_Field_BR231,ShowHideAutoDD,BR231
Site,Show,ShowHideAutoDD,BA232
Site,Auto,ShowHideAutoDD,BB232
Site,Auto,ShowHideAutoDD,BC232
Site,Auto,ShowHideAutoDD,BD232
Site,Auto,ShowHideAutoDD,BE232
Site,Auto,ShowHideAutoDD,BF232
Site,Auto,ShowHideAutoDD,BG232
Site,Auto,ShowHideAutoDD,BH232
Site,Auto,ShowHideAutoDD,BI232
Site,Auto,ShowHideAutoDD,BJ232
Site,Hide,ShowHideAutoDD,BK232
Site,Auto,ShowHideAutoDD,BL232
Site,Unknown_Field_BR232,ShowHideAutoDD,BR232
Site,Show,ShowHideAutoDD,BA233
Site,Auto,ShowHideAutoDD,BB233
Site,Auto,ShowHideAutoDD,BC233
Site,Auto,ShowHideAutoDD,BD233
Site,Auto,ShowHideAutoDD,BE233
Site,Auto,ShowHideAutoDD,BF233
Site,Auto,ShowHideAutoDD,BG233
Site,Auto,ShowHideAutoDD,BH233
Site,Auto,ShowHideAutoDD,BI233
Site,Auto,ShowHideAutoDD,BJ233
Site,Hide,ShowHideAutoDD,BK233
Site,Auto,ShowHideAutoDD,BL233
Site,Unknown_Field_BR233,ShowHideAutoDD,BR233
Site,Show,ShowHideAutoDD,BA234
Site,Hide,ShowHideAutoDD,BB234
Site,Auto,ShowHideAutoDD,BC234
Site,Auto,ShowHideAutoDD,BD234
Site,Auto,ShowHideAutoDD,BE234
Site,Auto,ShowHideAutoDD,BF234
Site,Auto,ShowHideAutoDD,BG234
Site,Auto,ShowHideAutoDD,BH234
Site,Auto,ShowHideAutoDD,BI234
Site,Auto,ShowHideAutoDD,BJ234
Site,Auto,ShowHideAutoDD,BK234
Site,Auto,ShowHideAutoDD,BL234
Site,Auto,ShowHideAutoDD,BR234
Site,Hide,ShowHideAutoDD,BA235
Site,Auto,ShowHideAutoDD,BB235
Site,Auto,ShowHideAutoDD,BC235
Site,Auto,ShowHideAutoDD,BD235
Site,Auto,ShowHideAutoDD,BE235
Site,Auto,ShowHideAutoDD,BF235
Site,Auto,ShowHideAutoDD,BG235
Site,Auto,ShowHideAutoDD,BH235
Site,Auto,ShowHideAutoDD,BI235
Site,Auto,ShowHideAutoDD,BJ235
Site,Auto,ShowHideAutoDD,BK235
Site,Auto,ShowHideAutoDD,BL235
Site,Unknown_Field_BR235,ShowHideAutoDD,BR235
Site,Hide,ShowHideAutoDD,BA236
Site,Auto,ShowHideAutoDD,BB236
Site,Auto,ShowHideAutoDD,BC236
Site,Auto,ShowHideAutoDD,BD236
Site,Auto,ShowHideAutoDD,BE236
Site,Auto,ShowHideAutoDD,BF236
Site,Auto,ShowHideAutoDD,BG236
Site,Auto,ShowHideAutoDD,BH236
Site,Auto,ShowHideAutoDD,BI236
Site,Auto,ShowHideAutoDD,BJ236
Site,Auto,ShowHideAutoDD,BK236
Site,Auto,ShowHideAutoDD,BL236
Site,Unknown_Field_BR236,ShowHideAutoDD,BR236
Site,Hide,ShowHideAutoDD,BA237
Site,Auto,ShowHideAutoDD,BB237
Site,Auto,ShowHideAutoDD,BC237
Site,Auto,ShowHideAutoDD,BD237
Site,Auto,ShowHideAutoDD,BE237
Site,Auto,ShowHideAutoDD,BF237
Site,Auto,ShowHideAutoDD,BG237
Site,Auto,ShowHideAutoDD,BH237
Site,Auto,ShowHideAutoDD,BI237
Site,Auto,ShowHideAutoDD,BJ237
Site,Auto,ShowHideAutoDD,BK237
Site,Auto,ShowHideAutoDD,BL237
Site,Unknown_Field_BR237,ShowHideAutoDD,BR237
Site,Hide,ShowHideAutoDD,BA238
Site,Auto,ShowHideAutoDD,BB238
Site,Auto,ShowHideAutoDD,BC238
Site,Auto,ShowHideAutoDD,BD238
Site,Auto,ShowHideAutoDD,BE238
Site,Auto,ShowHideAutoDD,BF238
Site,Auto,ShowHideAutoDD,BG238
Site,Auto,ShowHideAutoDD,BH238
Site,Auto,ShowHideAutoDD,BI238
Site,Auto,ShowHideAutoDD,BJ238
Site,Auto,ShowHideAutoDD,BK238
Site,Auto,ShowHideAutoDD,BL238
Site,Unknown_Field_BR238,ShowHideAutoDD,BR238
Site,Hide,ShowHideAutoDD,BA239
Site,Auto,ShowHideAutoDD,BB239
Site,Auto,ShowHideAutoDD,BC239
Site,Auto,ShowHideAutoDD,BD239
Site,Auto,ShowHideAutoDD,BE239
Site,Auto,ShowHideAutoDD,BF239
Site,Auto,ShowHideAutoDD,BG239
Site,Auto,ShowHideAutoDD,BH239
Site,Auto,ShowHideAutoDD,BI239
Site,Auto,ShowHideAutoDD,BJ239
Site,Auto,ShowHideAutoDD,BK239
Site,Auto,ShowHideAutoDD,BL239
Site,Unknown_Field_BR239,ShowHideAutoDD,BR239
Site,Hide,ShowHideAutoDD,BA240
Site,Auto,ShowHideAutoDD,BB240
Site,Auto,ShowHideAutoDD,BC240
Site,Auto,ShowHideAutoDD,BD240
Site,Auto,ShowHideAutoDD,BE240
Site,Auto,ShowHideAutoDD,BF240
Site,Auto,ShowHideAutoDD,BG240
Site,Auto,ShowHideAutoDD,BH240
Site,Auto,ShowHideAutoDD,BI240
Site,Auto,ShowHideAutoDD,BJ240
Site,Auto,ShowHideAutoDD,BK240
Site,Auto,ShowHideAutoDD,BL240
Site,Unknown_Field_BR240,ShowHideAutoDD,BR240
Site,Unknown_Field_BA241,ShowHideAutoDD,BA241
Site,Unknown_Field_BB241,ShowHideAutoDD,BB241
Site,Unknown_Field_BC241,ShowHideAutoDD,BC241
Site,Unknown_Field_BD241,ShowHideAutoDD,BD241
Site,Unknown_Field_BE241,ShowHideAutoDD,BE241
Site,Unknown_Field_BF241,ShowHideAutoDD,BF241
Site,Unknown_Field_BG241,ShowHideAutoDD,BG241
Site,Unknown_Field_BH241,ShowHideAutoDD,BH241
Site,Unknown_Field_BI241,ShowHideAutoDD,BI241
Site,Unknown_Field_BJ241,ShowHideAutoDD,BJ241
Site,Unknown_Field_BK241,ShowHideAutoDD,BK241
Site,Unknown_Field_BL241,ShowHideAutoDD,BL241
Site,Unknown_Field_BR241,ShowHideAutoDD,BR241
Site,Unknown_Field_BA242,ShowHideAutoDD,BA242
Site,Unknown_Field_BB242,ShowHideAutoDD,BB242
Site,Unknown_Field_BC242,ShowHideAutoDD,BC242
Site,Unknown_Field_BD242,ShowHideAutoDD,BD242
Site,Unknown_Field_BE242,ShowHideAutoDD,BE242
Site,Unknown_Field_BF242,ShowHideAutoDD,BF242
Site,Unknown_Field_BG242,ShowHideAutoDD,BG242
Site,Unknown_Field_BH242,ShowHideAutoDD,BH242
Site,Unknown_Field_BI242,ShowHideAutoDD,BI242
Site,Unknown_Field_BJ242,ShowHideAutoDD,BJ242
Site,Unknown_Field_BK242,ShowHideAutoDD,BK242
Site,Unknown_Field_BL242,ShowHideAutoDD,BL242
Site,Unknown_Field_BR242,ShowHideAutoDD,BR242
Site,Unknown_Field_BA243,ShowHideAutoDD,BA243
Site,Unknown_Field_BB243,ShowHideAutoDD,BB243
Site,Unknown_Field_BC243,ShowHideAutoDD,BC243
Site,Unknown_Field_BD243,ShowHideAutoDD,BD243
Site,Unknown_Field_BE243,ShowHideAutoDD,BE243
Site,Unknown_Field_BF243,ShowHideAutoDD,BF243
Site,Unknown_Field_BG243,ShowHideAutoDD,BG243
Site,Unknown_Field_BH243,ShowHideAutoDD,BH243
Site,Unknown_Field_BI243,ShowHideAutoDD,BI243
Site,Unknown_Field_BJ243,ShowHideAutoDD,BJ243
Site,Unknown_Field_BK243,ShowHideAutoDD,BK243
Site,Unknown_Field_BL243,ShowHideAutoDD,BL243
Site,Unknown_Field_BR243,ShowHideAutoDD,BR243
Site,Unknown_Field_BA244,ShowHideAutoDD,BA244
Site,Unknown_Field_BB244,ShowHideAutoDD,BB244
Site,Unknown_Field_BC244,ShowHideAutoDD,BC244
Site,Unknown_Field_BD244,ShowHideAutoDD,BD244
Site,Unknown_Field_BE244,ShowHideAutoDD,BE244
Site,Unknown_Field_BF244,ShowHideAutoDD,BF244
Site,Unknown_Field_BG244,ShowHideAutoDD,BG244
Site,Unknown_Field_BH244,ShowHideAutoDD,BH244
Site,Unknown_Field_BI244,ShowHideAutoDD,BI244
Site,Unknown_Field_BJ244,ShowHideAutoDD,BJ244
Site,Unknown_Field_BK244,ShowHideAutoDD,BK244
Site,Unknown_Field_BL244,ShowHideAutoDD,BL244
Site,Unknown_Field_BR244,ShowHideAutoDD,BR244
Site,Unknown_Field_BA245,ShowHideAutoDD,BA245
Site,Auto,ShowHideAutoDD,BB245
Site,Auto,ShowHideAutoDD,BC245
Site,Auto,ShowHideAutoDD,BD245
Site,Auto,ShowHideAutoDD,BE245
Site,Auto,ShowHideAutoDD,BF245
Site,Auto,ShowHideAutoDD,BG245
Site,Auto,ShowHideAutoDD,BH245
Site,Auto,ShowHideAutoDD,BI245
Site,Auto,ShowHideAutoDD,BJ245
Site,Auto,ShowHideAutoDD,BK245
Site,Hide,ShowHideAutoDD,BL245
Site,Auto,ShowHideAutoDD,BR245
Site,Auto,ShowHideAutoDD,BA246
Site,Auto,ShowHideAutoDD,BB246
Site,Auto,ShowHideAutoDD,BC246
Site,Auto,ShowHideAutoDD,BD246
Site,Auto,ShowHideAutoDD,BE246
Site,Auto,ShowHideAutoDD,BF246
Site,Auto,ShowHideAutoDD,BG246
Site,Auto,ShowHideAutoDD,BH246
Site,Auto,ShowHideAutoDD,BI246
Site,Auto,ShowHideAutoDD,BJ246
Site,Auto,ShowHideAutoDD,BK246
Site,Hide,ShowHideAutoDD,BL246
Site,Auto,ShowHideAutoDD,BR246
Site,Auto,ShowHideAutoDD,BA247
Site,Auto,ShowHideAutoDD,BB247
Site,Auto,ShowHideAutoDD,BC247
Site,Auto,ShowHideAutoDD,BD247
Site,Auto,ShowHideAutoDD,BE247
Site,Auto,ShowHideAutoDD,BF247
Site,Auto,ShowHideAutoDD,BG247
Site,Auto,ShowHideAutoDD,BH247
Site,Auto,ShowHideAutoDD,BI247
Site,Auto,ShowHideAutoDD,BJ247
Site,Auto,ShowHideAutoDD,BK247
Site,Hide,ShowHideAutoDD,BL247
Site,Auto,ShowHideAutoDD,BR247
Site,Auto,ShowHideAutoDD,BA248
Site,Auto,ShowHideAutoDD,BB248
Site,Auto,ShowHideAutoDD,BC248
Site,Auto,ShowHideAutoDD,BD248
Site,Auto,ShowHideAutoDD,BE248
Site,Auto,ShowHideAutoDD,BF248
Site,Auto,ShowHideAutoDD,BG248
Site,Auto,ShowHideAutoDD,BH248
Site,Auto,ShowHideAutoDD,BI248
Site,Auto,ShowHideAutoDD,BJ248
Site,Hide,ShowHideAutoDD,BK248
Site,Auto,ShowHideAutoDD,BL248
Site,Unknown_Field_BR248,ShowHideAutoDD,BR248
Site,Auto,ShowHideAutoDD,BA249
Site,Auto,ShowHideAutoDD,BB249
Site,Auto,ShowHideAutoDD,BC249
Site,Auto,ShowHideAutoDD,BD249
Site,Auto,ShowHideAutoDD,BE249
Site,Auto,ShowHideAutoDD,BF249
Site,Auto,ShowHideAutoDD,BG249
Site,Auto,ShowHideAutoDD,BH249
Site,Auto,ShowHideAutoDD,BI249
Site,Auto,ShowHideAutoDD,BJ249
Site,Hide,ShowHideAutoDD,BK249
Site,Auto,ShowHideAutoDD,BL249
Site,Unknown_Field_BR249,ShowHideAutoDD,BR249
Site,Auto,ShowHideAutoDD,BA250
Site,Auto,ShowHideAutoDD,BB250
Site,Auto,ShowHideAutoDD,BC250
Site,Auto,ShowHideAutoDD,BD250
Site,Auto,ShowHideAutoDD,BE250
Site,Auto,ShowHideAutoDD,BF250
Site,Auto,ShowHideAutoDD,BG250
Site,Auto,ShowHideAutoDD,BH250
Site,Auto,ShowHideAutoDD,BI250
Site,Auto,ShowHideAutoDD,BJ250
Site,Hide,ShowHideAutoDD,BK250
Site,Auto,ShowHideAutoDD,BL250
Site,Unknown_Field_BR250,ShowHideAutoDD,BR250
Site,Auto,ShowHideAutoDD,BA251
Site,Auto,ShowHideAutoDD,BB251
Site,Auto,ShowHideAutoDD,BC251
Site,Auto,ShowHideAutoDD,BD251
Site,Auto,ShowHideAutoDD,BE251
Site,Auto,ShowHideAutoDD,BF251
Site,Auto,ShowHideAutoDD,BG251
Site,Auto,ShowHideAutoDD,BH251
Site,Auto,ShowHideAutoDD,BI251
Site,Auto,ShowHideAutoDD,BJ251
Site,Hide,ShowHideAutoDD,BK251
Site,Auto,ShowHideAutoDD,BL251
Site,Unknown_Field_BR251,ShowHideAutoDD,BR251
Site,Auto,ShowHideAutoDD,BA252
Site,Auto,ShowHideAutoDD,BB252
Site,Auto,ShowHideAutoDD,BC252
Site,Auto,ShowHideAutoDD,BD252
Site,Auto,ShowHideAutoDD,BE252
Site,Auto,ShowHideAutoDD,BF252
Site,Auto,ShowHideAutoDD,BG252
Site,Auto,ShowHideAutoDD,BH252
Site,Auto,ShowHideAutoDD,BI252
Site,Auto,ShowHideAutoDD,BJ252
Site,Hide,ShowHideAutoDD,BK252
Site,Auto,ShowHideAutoDD,BL252
Site,Unknown_Field_BR252,ShowHideAutoDD,BR252
Site,Auto,ShowHideAutoDD,BA253
Site,Auto,ShowHideAutoDD,BB253
Site,Auto,ShowHideAutoDD,BC253
Site,Auto,ShowHideAutoDD,BD253
Site,Auto,ShowHideAutoDD,BE253
Site,Auto,ShowHideAutoDD,BF253
Site,Auto,ShowHideAutoDD,BG253
Site,Auto,ShowHideAutoDD,BH253
Site,Auto,ShowHideAutoDD,BI253
Site,Auto,ShowHideAutoDD,BJ253
Site,Hide,ShowHideAutoDD,BK253
Site,Auto,ShowHideAutoDD,BL253
Site,Unknown_Field_BR253,ShowHideAutoDD,BR253
Site,Unknown_Field_BA254,ShowHideAutoDD,BA254
Site,Unknown_Field_BB254,ShowHideAutoDD,BB254
Site,Unknown_Field_BC254,ShowHideAutoDD,BC254
Site,Unknown_Field_BD254,ShowHideAutoDD,BD254
Site,Unknown_Field_BE254,ShowHideAutoDD,BE254
Site,Unknown_Field_BF254,ShowHideAutoDD,BF254
Site,Unknown_Field_BG254,ShowHideAutoDD,BG254
Site,Unknown_Field_BH254,ShowHideAutoDD,BH254
Site,Unknown_Field_BI254,ShowHideAutoDD,BI254
Site,Unknown_Field_BJ254,ShowHideAutoDD,BJ254
Site,Unknown_Field_BK254,ShowHideAutoDD,BK254
Site,Unknown_Field_BL254,ShowHideAutoDD,BL254
Site,Unknown_Field_BR254,ShowHideAutoDD,BR254
Site,Unknown_Field_BA255,ShowHideAutoDD,BA255
Site,Unknown_Field_BB255,ShowHideAutoDD,BB255
Site,Unknown_Field_BC255,ShowHideAutoDD,BC255
Site,Unknown_Field_BD255,ShowHideAutoDD,BD255
Site,Unknown_Field_BE255,ShowHideAutoDD,BE255
Site,Unknown_Field_BF255,ShowHideAutoDD,BF255
Site,Unknown_Field_BG255,ShowHideAutoDD,BG255
Site,Unknown_Field_BH255,ShowHideAutoDD,BH255
Site,Unknown_Field_BI255,ShowHideAutoDD,BI255
Site,Unknown_Field_BJ255,ShowHideAutoDD,BJ255
Site,Unknown_Field_BK255,ShowHideAutoDD,BK255
Site,Unknown_Field_BL255,ShowHideAutoDD,BL255
Site,Unknown_Field_BR255,ShowHideAutoDD,BR255
Site,Unknown_Field_BA256,ShowHideAutoDD,BA256
Site,Unknown_Field_BB256,ShowHideAutoDD,BB256
Site,Unknown_Field_BC256,ShowHideAutoDD,BC256
Site,Unknown_Field_BD256,ShowHideAutoDD,BD256
Site,Unknown_Field_BE256,ShowHideAutoDD,BE256
Site,Unknown_Field_BF256,ShowHideAutoDD,BF256
Site,Unknown_Field_BG256,ShowHideAutoDD,BG256
Site,Unknown_Field_BH256,ShowHideAutoDD,BH256
Site,Unknown_Field_BI256,ShowHideAutoDD,BI256
Site,Unknown_Field_BJ256,ShowHideAutoDD,BJ256
Site,Unknown_Field_BK256,ShowHideAutoDD,BK256
Site,Unknown_Field_BL256,ShowHideAutoDD,BL256
Site,Unknown_Field_BR256,ShowHideAutoDD,BR256
Site,Unknown_Field_BA257,ShowHideAutoDD,BA257
Site,Unknown_Field_BB257,ShowHideAutoDD,BB257
Site,Unknown_Field_BC257,ShowHideAutoDD,BC257
Site,Unknown_Field_BD257,ShowHideAutoDD,BD257
Site,Unknown_Field_BE257,ShowHideAutoDD,BE257
Site,Unknown_Field_BF257,ShowHideAutoDD,BF257
Site,Unknown_Field_BG257,ShowHideAutoDD,BG257
Site,Unknown_Field_BH257,ShowHideAutoDD,BH257
Site,Unknown_Field_BI257,ShowHideAutoDD,BI257
Site,Unknown_Field_BJ257,ShowHideAutoDD,BJ257
Site,Unknown_Field_BK257,ShowHideAutoDD,BK257
Site,Unknown_Field_BL257,ShowHideAutoDD,BL257
Site,Unknown_Field_BR257,ShowHideAutoDD,BR257
Site,Unknown_Field_BA258,ShowHideAutoDD,BA258
Site,Unknown_Field_BB258,ShowHideAutoDD,BB258
Site,Unknown_Field_BC258,ShowHideAutoDD,BC258
Site,Unknown_Field_BD258,ShowHideAutoDD,BD258
Site,Unknown_Field_BE258,ShowHideAutoDD,BE258
Site,Unknown_Field_BF258,ShowHideAutoDD,BF258
Site,Unknown_Field_BG258,ShowHideAutoDD,BG258
Site,Unknown_Field_BH258,ShowHideAutoDD,BH258
Site,Unknown_Field_BI258,ShowHideAutoDD,BI258
Site,Unknown_Field_BJ258,ShowHideAutoDD,BJ258
Site,Unknown_Field_BK258,ShowHideAutoDD,BK258
Site,Unknown_Field_BL258,ShowHideAutoDD,BL258
Site,Unknown_Field_BR258,ShowHideAutoDD,BR258
Site,Unknown_Field_BA259,ShowHideAutoDD,BA259
Site,Unknown_Field_BB259,ShowHideAutoDD,BB259
Site,Unknown_Field_BC259,ShowHideAutoDD,BC259
Site,Unknown_Field_BD259,ShowHideAutoDD,BD259
Site,Unknown_Field_BE259,ShowHideAutoDD,BE259
Site,Unknown_Field_BF259,ShowHideAutoDD,BF259
Site,Unknown_Field_BG259,ShowHideAutoDD,BG259
Site,Unknown_Field_BH259,ShowHideAutoDD,BH259
Site,Unknown_Field_BI259,ShowHideAutoDD,BI259
Site,Unknown_Field_BJ259,ShowHideAutoDD,BJ259
Site,Unknown_Field_BK259,ShowHideAutoDD,BK259
Site,Unknown_Field_BL259,ShowHideAutoDD,BL259
Site,Unknown_Field_BR259,ShowHideAutoDD,BR259
Site,Unknown_Field_BA260,ShowHideAutoDD,BA260
Site,Auto,ShowHideAutoDD,BB260
Site,Auto,ShowHideAutoDD,BC260
Site,Auto,ShowHideAutoDD,BD260
Site,Auto,ShowHideAutoDD,BE260
Site,Auto,ShowHideAutoDD,BF260
Site,Auto,ShowHideAutoDD,BG260
Site,Auto,ShowHideAutoDD,BH260
Site,Auto,ShowHideAutoDD,BI260
Site,Auto,ShowHideAutoDD,BJ260
Site,Auto,ShowHideAutoDD,BK260
Site,Hide,ShowHideAutoDD,BL260
Site,Auto,ShowHideAutoDD,BR260
Site,Auto,ShowHideAutoDD,BA261
Site,Auto,ShowHideAutoDD,BB261
Site,Auto,ShowHideAutoDD,BC261
Site,Auto,ShowHideAutoDD,BD261
Site,Auto,ShowHideAutoDD,BE261
Site,Auto,ShowHideAutoDD,BF261
Site,Auto,ShowHideAutoDD,BG261
Site,Auto,ShowHideAutoDD,BH261
Site,Auto,ShowHideAutoDD,BI261
Site,Auto,ShowHideAutoDD,BJ261
Site,Auto,ShowHideAutoDD,BK261
Site,Hide,ShowHideAutoDD,BL261
Site,Auto,ShowHideAutoDD,BR261
Site,Auto,ShowHideAutoDD,BA262
Site,Auto,ShowHideAutoDD,BB262
Site,Auto,ShowHideAutoDD,BC262
Site,Auto,ShowHideAutoDD,BD262
Site,Auto,ShowHideAutoDD,BE262
Site,Auto,ShowHideAutoDD,BF262
Site,Auto,ShowHideAutoDD,BG262
Site,Auto,ShowHideAutoDD,BH262
Site,Auto,ShowHideAutoDD,BI262
Site,Auto,ShowHideAutoDD,BJ262
Site,Auto,ShowHideAutoDD,BK262
Site,Hide,ShowHideAutoDD,BL262
Site,Auto,ShowHideAutoDD,BR262
Site,Auto,ShowHideAutoDD,BA263
Site,Auto,ShowHideAutoDD,BB263
Site,Auto,ShowHideAutoDD,BC263
Site,Auto,ShowHideAutoDD,BD263
Site,Auto,ShowHideAutoDD,BE263
Site,Auto,ShowHideAutoDD,BF263
Site,Auto,ShowHideAutoDD,BG263
Site,Auto,ShowHideAutoDD,BH263
Site,Auto,ShowHideAutoDD,BI263
Site,Auto,ShowHideAutoDD,BJ263
Site,Hide,ShowHideAutoDD,BK263
Site,Auto,ShowHideAutoDD,BL263
Site,Unknown_Field_BR263,ShowHideAutoDD,BR263
Site,Auto,ShowHideAutoDD,BA264
Site,Auto,ShowHideAutoDD,BB264
Site,Auto,ShowHideAutoDD,BC264
Site,Auto,ShowHideAutoDD,BD264
Site,Auto,ShowHideAutoDD,BE264
Site,Auto,ShowHideAutoDD,BF264
Site,Auto,ShowHideAutoDD,BG264
Site,Auto,ShowHideAutoDD,BH264
Site,Auto,ShowHideAutoDD,BI264
Site,Auto,ShowHideAutoDD,BJ264
Site,Hide,ShowHideAutoDD,BK264
Site,Auto,ShowHideAutoDD,BL264
Site,Unknown_Field_BR264,ShowHideAutoDD,BR264
Site,Auto,ShowHideAutoDD,BA265
Site,Auto,ShowHideAutoDD,BB265
Site,Auto,ShowHideAutoDD,BC265
Site,Auto,ShowHideAutoDD,BD265
Site,Auto,ShowHideAutoDD,BE265
Site,Auto,ShowHideAutoDD,BF265
Site,Auto,ShowHideAutoDD,BG265
Site,Auto,ShowHideAutoDD,BH265
Site,Auto,ShowHideAutoDD,BI265
Site,Auto,ShowHideAutoDD,BJ265
Site,Hide,ShowHideAutoDD,BK265
Site,Auto,ShowHideAutoDD,BL265
Site,Unknown_Field_BR265,ShowHideAutoDD,BR265
Site,Auto,ShowHideAutoDD,BA266
Site,Auto,ShowHideAutoDD,BB266
Site,Auto,ShowHideAutoDD,BC266
Site,Auto,ShowHideAutoDD,BD266
Site,Auto,ShowHideAutoDD,BE266
Site,Auto,ShowHideAutoDD,BF266
Site,Auto,ShowHideAutoDD,BG266
Site,Auto,ShowHideAutoDD,BH266
Site,Auto,ShowHideAutoDD,BI266
Site,Auto,ShowHideAutoDD,BJ266
Site,Hide,ShowHideAutoDD,BK266
Site,Auto,ShowHideAutoDD,BL266
Site,Unknown_Field_BR266,ShowHideAutoDD,BR266
Site,Auto,ShowHideAutoDD,BA267
Site,Auto,ShowHideAutoDD,BB267
Site,Auto,ShowHideAutoDD,BC267
Site,Auto,ShowHideAutoDD,BD267
Site,Auto,ShowHideAutoDD,BE267
Site,Auto,ShowHideAutoDD,BF267
Site,Auto,ShowHideAutoDD,BG267
Site,Auto,ShowHideAutoDD,BH267
Site,Auto,ShowHideAutoDD,BI267
Site,Auto,ShowHideAutoDD,BJ267
Site,Hide,ShowHideAutoDD,BK267
Site,Auto,ShowHideAutoDD,BL267
Site,Unknown_Field_BR267,ShowHideAutoDD,BR267
Site,Auto,ShowHideAutoDD,BA268
Site,Auto,ShowHideAutoDD,BB268
Site,Auto,ShowHideAutoDD,BC268
Site,Auto,ShowHideAutoDD,BD268
Site,Auto,ShowHideAutoDD,BE268
Site,Auto,ShowHideAutoDD,BF268
Site,Auto,ShowHideAutoDD,BG268
Site,Auto,ShowHideAutoDD,BH268
Site,Auto,ShowHideAutoDD,BI268
Site,Auto,ShowHideAutoDD,BJ268
Site,Hide,ShowHideAutoDD,BK268
Site,Auto,ShowHideAutoDD,BL268
Site,Unknown_Field_BR268,ShowHideAutoDD,BR268
Site,Unknown_Field_BA269,ShowHideAutoDD,BA269
Site,Unknown_Field_BB269,ShowHideAutoDD,BB269
Site,Unknown_Field_BC269,ShowHideAutoDD,BC269
Site,Unknown_Field_BD269,ShowHideAutoDD,BD269
Site,Unknown_Field_BE269,ShowHideAutoDD,BE269
Site,Unknown_Field_BF269,ShowHideAutoDD,BF269
Site,Unknown_Field_BG269,ShowHideAutoDD,BG269
Site,Unknown_Field_BH269,ShowHideAutoDD,BH269
Site,Unknown_Field_BI269,ShowHideAutoDD,BI269
Site,Unknown_Field_BJ269,ShowHideAutoDD,BJ269
Site,Unknown_Field_BK269,ShowHideAutoDD,BK269
Site,Unknown_Field_BL269,ShowHideAutoDD,BL269
Site,Unknown_Field_BR269,ShowHideAutoDD,BR269
Site,Unknown_Field_BA270,ShowHideAutoDD,BA270
Site,Unknown_Field_BB270,ShowHideAutoDD,BB270
Site,Unknown_Field_BC270,ShowHideAutoDD,BC270
Site,Unknown_Field_BD270,ShowHideAutoDD,BD270
Site,Unknown_Field_BE270,ShowHideAutoDD,BE270
Site,Unknown_Field_BF270,ShowHideAutoDD,BF270
Site,Unknown_Field_BG270,ShowHideAutoDD,BG270
Site,Unknown_Field_BH270,ShowHideAutoDD,BH270
Site,Unknown_Field_BI270,ShowHideAutoDD,BI270
Site,Unknown_Field_BJ270,ShowHideAutoDD,BJ270
Site,Unknown_Field_BK270,ShowHideAutoDD,BK270
Site,Unknown_Field_BL270,ShowHideAutoDD,BL270
Site,Unknown_Field_BR270,ShowHideAutoDD,BR270
Site,Customize,"""Show,Hide""",CY299
Site,Show,"""Auto,Show,Hide""",CZ299
Site,Show,"""Auto,Show,Hide""",DA299
Site,Show,"""Auto,Show,Hide""",DB299
Site,Auto,"""Auto,Show,Hide""",DC299
Site,Auto,"""Auto,Show,Hide""",DD299
Site,Auto,"""Auto,Show,Hide""",DE299
Site,Auto,"""Auto,Show,Hide""",DF299
Site,Show,"""Auto,Show,Hide""",DG299
Site,Show,"""Auto,Show,Hide""",DH299
Site,Hide,"""Auto,Show,Hide""",DI299
Site,Hide,"""Auto,Show,Hide""",DJ299
Site,Hide,"""Auto,Show,Hide""",DK299
Site,Hide,"""Auto,Show,Hide""",DL299
Site,Hide,"""Auto,Show,Hide""",DM299
Site,Hide,"""Auto,Show,Hide""",DN299
Site,Hide,"""Auto,Show,Hide""",DO299
Site,Show,$Y$20:$Y$146,CY302
Site,Parcel ID,$Y$20:$Y$146,CZ302
Site,Gross Land Area (Acres),$Y$20:$Y$131,DA302
Site,Gross Land Area (Sq Ft),$Y$20:$Y$131,DB302
Site,Usable Land Area (Acres),$Y$20:$Y$131,DC302
Site,Usable Land Area (Sq Ft),$Y$20:$Y$131,DD302
Site,Excess Land Area (Acres),$Y$20:$Y$131,DE302
Site,Excess Land Area (Sq Ft),$Y$20:$Y$131,DF302
Site,Topography,$Y$20:$Y$131,DG302
Site,Row Display,"""Show,Hide,Auto""",CS304
Site,Unknown_Field_CV304,ShowHideAutoDD,CV304
Site,Row Display,"""Show,Hide,Auto""",CS305
Site,Auto,ShowHideAutoDD,CV305
Site,Row Display,"""Show,Hide,Auto""",CS306
Site,Auto,ShowHideAutoDD,CV306
Site,Row Display,"""Show,Hide,Auto""",CS307
Site,Auto,ShowHideAutoDD,CV307
Site,Row Display,"""Show,Hide,Auto""",CS308
Site,Auto,ShowHideAutoDD,CV308
Site,Row Display,"""Show,Hide,Auto""",CS309
Site,Auto,ShowHideAutoDD,CV309
Site,Unknown_Field_CS310,"""Show,Hide,Auto""",CS310
Site,Auto,ShowHideAutoDD,CV310
Site,Unknown_Field_CS311,"""Show,Hide,Auto""",CS311
Site,Auto,ShowHideAutoDD,CV311
Site,Unknown_Field_CS312,"""Show,Hide,Auto""",CS312
Site,Auto,ShowHideAutoDD,CV312
Site,Unknown_Field_CS313,"""Show,Hide,Auto""",CS313
Site,Auto,ShowHideAutoDD,CV313
Site,Unknown_Field_CS314,"""Show,Hide,Auto""",CS314
Site,Auto,ShowHideAutoDD,CV314
Site,Unknown_Field_CS315,"""Show,Hide,Auto""",CS315
Site,Auto,ShowHideAutoDD,CV315
Site,Unknown_Field_CS316,"""Show,Hide,Auto""",CS316
Site,Auto,ShowHideAutoDD,CV316
Site,Unknown_Field_CS317,"""Show,Hide,Auto""",CS317
Site,Auto,ShowHideAutoDD,CV317
Site,Unknown_Field_CS318,"""Show,Hide,Auto""",CS318
Site,Auto,ShowHideAutoDD,CV318
Site,Unknown_Field_CS319,"""Show,Hide,Auto""",CS319
Site,Auto,ShowHideAutoDD,CV319
Site,Unknown_Field_CS320,"""Show,Hide,Auto""",CS320
Site,Auto,ShowHideAutoDD,CV320
Site,Unknown_Field_CS321,"""Show,Hide,Auto""",CS321
Site,Auto,ShowHideAutoDD,CV321
Site,Unknown_Field_CS322,"""Show,Hide,Auto""",CS322
Site,Auto,ShowHideAutoDD,CV322
Site,Unknown_Field_CS323,"""Show,Hide,Auto""",CS323
Site,Auto,ShowHideAutoDD,CV323
Site,Unknown_Field_CS324,"""Show,Hide,Auto""",CS324
Site,Show,ShowHideAutoDD,CV324
Site,Show,"""Show,Hide""",CS326
Site,Show,ShowHideAutoDD,CV326
Site,Unknown_Field_EF355,ShowHideAutoDD,EF355
Site,Legally Permissible,"""Yes,No""",EI355
Site,Auto,ShowHideAutoDD,EF356
Site,Auto,ShowHideAutoDD,EF357
Site,Auto,ShowHideAutoDD,EF358
Site,Auto,ShowHideAutoDD,EF359
Site,Auto,ShowHideAutoDD,EF360
Site,Auto,ShowHideAutoDD,EF361
Site,Auto,ShowHideAutoDD,EF362
Site,Auto,ShowHideAutoDD,EF363
Site,Auto,ShowHideAutoDD,EF364
Site,Auto,ShowHideAutoDD,EF365
Site,Auto,ShowHideAutoDD,EF366
Site,Auto,ShowHideAutoDD,EF367
Site,Auto,ShowHideAutoDD,EF368
Site,Auto,ShowHideAutoDD,EF369
Site,Auto,ShowHideAutoDD,EF370
Site,Auto,ShowHideAutoDD,EF371
Site,Unknown_Field_EF381,ShowHideAutoDD,EF381
Site,Legally Permissible,"""Yes,No""",EI381
Site,Auto,ShowHideAutoDD,EF382
Site,Auto,ShowHideAutoDD,EF383
Site,Auto,ShowHideAutoDD,EF384
Site,Auto,ShowHideAutoDD,EF385
Site,Auto,ShowHideAutoDD,EF386
Site,Auto,ShowHideAutoDD,EF387
Site,Auto,ShowHideAutoDD,EF388
Site,Auto,ShowHideAutoDD,EF389
Site,Auto,ShowHideAutoDD,EF390
Site,Auto,ShowHideAutoDD,EF391
Site,Auto,ShowHideAutoDD,EF392
Site,Auto,ShowHideAutoDD,EF393
Site,Auto,ShowHideAutoDD,EF394
Site,Auto,ShowHideAutoDD,EF395
Zoning,Choose Number of Zones,"""1,2,3,4,5,6,7,8,9,10""",AA12
Zoning,Multi-Family|Mobile/Manufactured Home Park,ShowHideAutoDD,A20
Zoning,Show,ShowHideAutoDD,B20
Zoning,Show,ShowHideAutoDD,C20
Zoning,Show,ShowHideAutoDD,D20
Zoning,Show,ShowHideAutoDD,E20
Zoning,Show,ShowHideAutoDD,F20
Zoning,Show,ShowHideAutoDD,G20
Zoning,Show,ShowHideAutoDD,H20
Zoning,Show,ShowHideAutoDD,I20
Zoning,Show,ShowHideAutoDD,J20
Zoning,Show,ShowHideAutoDD,K20
Zoning,Show,ShowHideAutoDD,L20
Zoning,Show,ShowHideAutoDD,R20
Zoning,Show,ShowHideAutoDD,A21
Zoning,Show,ShowHideAutoDD,B21
Zoning,Show,ShowHideAutoDD,C21
Zoning,Show,ShowHideAutoDD,D21
Zoning,Show,ShowHideAutoDD,E21
Zoning,Show,ShowHideAutoDD,F21
Zoning,Show,ShowHideAutoDD,G21
Zoning,Show,ShowHideAutoDD,H21
Zoning,Show,ShowHideAutoDD,I21
Zoning,Show,ShowHideAutoDD,J21
Zoning,Show,ShowHideAutoDD,K21
Zoning,Show,ShowHideAutoDD,L21
Zoning,Show,ShowHideAutoDD,R21
Zoning,Show,ShowHideAutoDD,A22
Zoning,Show,ShowHideAutoDD,B22
Zoning,Show,ShowHideAutoDD,C22
Zoning,Show,ShowHideAutoDD,D22
Zoning,Show,ShowHideAutoDD,E22
Zoning,Show,ShowHideAutoDD,F22
Zoning,Show,ShowHideAutoDD,G22
Zoning,Show,ShowHideAutoDD,H22
Zoning,Show,ShowHideAutoDD,I22
Zoning,Show,ShowHideAutoDD,J22
Zoning,Show,ShowHideAutoDD,K22
Zoning,Show,ShowHideAutoDD,L22
Zoning,Show,ShowHideAutoDD,R22
Zoning,Show,ShowHideAutoDD,A23
Zoning,Show,ShowHideAutoDD,B23
Zoning,Show,ShowHideAutoDD,C23
Zoning,Show,ShowHideAutoDD,D23
Zoning,Show,ShowHideAutoDD,E23
Zoning,Show,ShowHideAutoDD,F23
Zoning,Show,ShowHideAutoDD,G23
Zoning,Show,ShowHideAutoDD,H23
Zoning,Show,ShowHideAutoDD,I23
Zoning,Show,ShowHideAutoDD,J23
Zoning,Show,ShowHideAutoDD,K23
Zoning,Hide,ShowHideAutoDD,L23
Zoning,Show,ShowHideAutoDD,R23
Zoning,Show,ShowHideAutoDD,A24
Zoning,Show,ShowHideAutoDD,B24
Zoning,Show,ShowHideAutoDD,C24
Zoning,Show,ShowHideAutoDD,D24
Zoning,Show,ShowHideAutoDD,E24
Zoning,Show,ShowHideAutoDD,F24
Zoning,Show,ShowHideAutoDD,G24
Zoning,Show,ShowHideAutoDD,H24
Zoning,Show,ShowHideAutoDD,I24
Zoning,Hide,ShowHideAutoDD,J24
Zoning,Show,ShowHideAutoDD,K24
Zoning,Hide,ShowHideAutoDD,L24
Zoning,Show,ShowHideAutoDD,R24
Zoning,Show,ShowHideAutoDD,A25
Zoning,Show,ShowHideAutoDD,B25
Zoning,Show,ShowHideAutoDD,C25
Zoning,Show,ShowHideAutoDD,D25
Zoning,Show,ShowHideAutoDD,E25
Zoning,Show,ShowHideAutoDD,F25
Zoning,Show,ShowHideAutoDD,G25
Zoning,Show,ShowHideAutoDD,H25
Zoning,Show,ShowHideAutoDD,I25
Zoning,Show,ShowHideAutoDD,J25
Zoning,Show,ShowHideAutoDD,K25
Zoning,Show,ShowHideAutoDD,L25
Zoning,Show,ShowHideAutoDD,R25
Zoning,Show,ShowHideAutoDD,A26
Zoning,Show,ShowHideAutoDD,B26
Zoning,Show,ShowHideAutoDD,C26
Zoning,Show,ShowHideAutoDD,D26
Zoning,Show,ShowHideAutoDD,E26
Zoning,Show,ShowHideAutoDD,F26
Zoning,Show,ShowHideAutoDD,G26
Zoning,Show,ShowHideAutoDD,H26
Zoning,Show,ShowHideAutoDD,I26
Zoning,Hide,ShowHideAutoDD,J26
Zoning,Show,ShowHideAutoDD,K26
Zoning,Show,ShowHideAutoDD,L26
Zoning,Show,ShowHideAutoDD,R26
Zoning,Show,ShowHideAutoDD,A27
Zoning,Show,ShowHideAutoDD,B27
Zoning,Show,ShowHideAutoDD,C27
Zoning,Show,ShowHideAutoDD,D27
Zoning,Show,ShowHideAutoDD,E27
Zoning,Show,ShowHideAutoDD,F27
Zoning,Show,ShowHideAutoDD,G27
Zoning,Show,ShowHideAutoDD,H27
Zoning,Show,ShowHideAutoDD,I27
Zoning,Hide,ShowHideAutoDD,J27
Zoning,Show,ShowHideAutoDD,K27
Zoning,Show,ShowHideAutoDD,L27
Zoning,Show,ShowHideAutoDD,R27
Zoning,Show,ShowHideAutoDD,A28
Zoning,Show,ShowHideAutoDD,B28
Zoning,Show,ShowHideAutoDD,C28
Zoning,Show,ShowHideAutoDD,D28
Zoning,Show,ShowHideAutoDD,E28
Zoning,Show,ShowHideAutoDD,F28
Zoning,Show,ShowHideAutoDD,G28
Zoning,Show,ShowHideAutoDD,H28
Zoning,Show,ShowHideAutoDD,I28
Zoning,Show,ShowHideAutoDD,J28
Zoning,Show,ShowHideAutoDD,K28
Zoning,Show,ShowHideAutoDD,L28
Zoning,Show,ShowHideAutoDD,R28
Zoning,Show,ShowHideAutoDD,A29
Zoning,Show,ShowHideAutoDD,B29
Zoning,Show,ShowHideAutoDD,C29
Zoning,Show,ShowHideAutoDD,D29
Zoning,Show,ShowHideAutoDD,E29
Zoning,Show,ShowHideAutoDD,F29
Zoning,Show,ShowHideAutoDD,G29
Zoning,Show,ShowHideAutoDD,H29
Zoning,Show,ShowHideAutoDD,I29
Zoning,Hide,ShowHideAutoDD,J29
Zoning,Show,ShowHideAutoDD,K29
Zoning,Show,ShowHideAutoDD,L29
Zoning,Show,ShowHideAutoDD,R29
Zoning,Show,ShowHideAutoDD,A30
Zoning,Hide,ShowHideAutoDD,B30
Zoning,Hide,ShowHideAutoDD,C30
Zoning,Hide,ShowHideAutoDD,D30
Zoning,Hide,ShowHideAutoDD,E30
Zoning,Hide,ShowHideAutoDD,F30
Zoning,Hide,ShowHideAutoDD,G30
Zoning,Hide,ShowHideAutoDD,H30
Zoning,Hide,ShowHideAutoDD,I30
Zoning,Hide,ShowHideAutoDD,J30
Zoning,Hide,ShowHideAutoDD,K30
Zoning,Hide,ShowHideAutoDD,L30
Zoning,Hide,ShowHideAutoDD,R30
Zoning,Hide,ShowHideAutoDD,A31
Zoning,Show,ShowHideAutoDD,B31
Zoning,Hide,ShowHideAutoDD,C31
Zoning,Hide,ShowHideAutoDD,D31
Zoning,Hide,ShowHideAutoDD,E31
Zoning,Hide,ShowHideAutoDD,F31
Zoning,Hide,ShowHideAutoDD,G31
Zoning,Hide,ShowHideAutoDD,H31
Zoning,Hide,ShowHideAutoDD,I31
Zoning,Hide,ShowHideAutoDD,J31
Zoning,Hide,ShowHideAutoDD,K31
Zoning,Hide,ShowHideAutoDD,L31
Zoning,Hide,ShowHideAutoDD,R31
Zoning,Show,ShowHideAutoDD,A32
Zoning,Show,ShowHideAutoDD,B32
Zoning,Hide,ShowHideAutoDD,C32
Zoning,Hide,ShowHideAutoDD,D32
Zoning,Hide,ShowHideAutoDD,E32
Zoning,Hide,ShowHideAutoDD,F32
Zoning,Hide,ShowHideAutoDD,G32
Zoning,Hide,ShowHideAutoDD,H32
Zoning,Hide,ShowHideAutoDD,I32
Zoning,Hide,ShowHideAutoDD,J32
Zoning,Hide,ShowHideAutoDD,K32
Zoning,Hide,ShowHideAutoDD,L32
Zoning,Hide,ShowHideAutoDD,R32
Zoning,Show,ShowHideAutoDD,A33
Zoning,Show,ShowHideAutoDD,B33
Zoning,Show,ShowHideAutoDD,C33
Zoning,Show,ShowHideAutoDD,D33
Zoning,Show,ShowHideAutoDD,E33
Zoning,Show,ShowHideAutoDD,F33
Zoning,Show,ShowHideAutoDD,G33
Zoning,Show,ShowHideAutoDD,H33
Zoning,Show,ShowHideAutoDD,I33
Zoning,Show,ShowHideAutoDD,J33
Zoning,Show,ShowHideAutoDD,K33
Zoning,Show,ShowHideAutoDD,L33
Zoning,Show,ShowHideAutoDD,R33
Zoning,Show,ShowHideAutoDD,A34
Zoning,Show,ShowHideAutoDD,B34
Zoning,Show,ShowHideAutoDD,C34
Zoning,Show,ShowHideAutoDD,D34
Zoning,Show,ShowHideAutoDD,E34
Zoning,Show,ShowHideAutoDD,F34
Zoning,Show,ShowHideAutoDD,G34
Zoning,Show,ShowHideAutoDD,H34
Zoning,Show,ShowHideAutoDD,I34
Zoning,Hide,ShowHideAutoDD,J34
Zoning,Show,ShowHideAutoDD,K34
Zoning,Show,ShowHideAutoDD,L34
Zoning,Show,ShowHideAutoDD,R34
Zoning,Show,ShowHideAutoDD,A35
Zoning,Show,ShowHideAutoDD,B35
Zoning,Show,ShowHideAutoDD,C35
Zoning,Show,ShowHideAutoDD,D35
Zoning,Show,ShowHideAutoDD,E35
Zoning,Show,ShowHideAutoDD,F35
Zoning,Show,ShowHideAutoDD,G35
Zoning,Show,ShowHideAutoDD,H35
Zoning,Show,ShowHideAutoDD,I35
Zoning,Hide,ShowHideAutoDD,J35
Zoning,Show,ShowHideAutoDD,K35
Zoning,Show,ShowHideAutoDD,L35
Zoning,Show,ShowHideAutoDD,R35
Zoning,Show,ShowHideAutoDD,A36
Zoning,Show,ShowHideAutoDD,B36
Zoning,Show,ShowHideAutoDD,C36
Zoning,Show,ShowHideAutoDD,D36
Zoning,Show,ShowHideAutoDD,E36
Zoning,Show,ShowHideAutoDD,F36
Zoning,Show,ShowHideAutoDD,G36
Zoning,Show,ShowHideAutoDD,H36
Zoning,Show,ShowHideAutoDD,I36
Zoning,Hide,ShowHideAutoDD,J36
Zoning,Show,ShowHideAutoDD,K36
Zoning,Show,ShowHideAutoDD,L36
Zoning,Show,ShowHideAutoDD,R36
Zoning,Show,ShowHideAutoDD,A37
Zoning,Show,ShowHideAutoDD,B37
Zoning,Show,ShowHideAutoDD,C37
Zoning,Show,ShowHideAutoDD,D37
Zoning,Show,ShowHideAutoDD,E37
Zoning,Show,ShowHideAutoDD,F37
Zoning,Show,ShowHideAutoDD,G37
Zoning,Show,ShowHideAutoDD,H37
Zoning,Show,ShowHideAutoDD,I37
Zoning,Hide,ShowHideAutoDD,J37
Zoning,Show,ShowHideAutoDD,K37
Zoning,Show,ShowHideAutoDD,L37
Zoning,Show,ShowHideAutoDD,R37
Zoning,Show,ShowHideAutoDD,A38
Zoning,Show,ShowHideAutoDD,B38
Zoning,Show,ShowHideAutoDD,C38
Zoning,Show,ShowHideAutoDD,D38
Zoning,Show,ShowHideAutoDD,E38
Zoning,Show,ShowHideAutoDD,F38
Zoning,Show,ShowHideAutoDD,G38
Zoning,Show,ShowHideAutoDD,H38
Zoning,Show,ShowHideAutoDD,I38
Zoning,Hide,ShowHideAutoDD,J38
Zoning,Show,ShowHideAutoDD,K38
Zoning,Show,ShowHideAutoDD,L38
Zoning,Show,ShowHideAutoDD,R38
Zoning,Show,ShowHideAutoDD,A39
Zoning,Show,ShowHideAutoDD,B39
Zoning,Show,ShowHideAutoDD,C39
Zoning,Show,ShowHideAutoDD,D39
Zoning,Show,ShowHideAutoDD,E39
Zoning,Show,ShowHideAutoDD,F39
Zoning,Show,ShowHideAutoDD,G39
Zoning,Show,ShowHideAutoDD,H39
Zoning,Show,ShowHideAutoDD,I39
Zoning,Hide,ShowHideAutoDD,J39
Zoning,Show,ShowHideAutoDD,K39
Zoning,Show,ShowHideAutoDD,L39
Zoning,Show,ShowHideAutoDD,R39
Zoning,Show,ShowHideAutoDD,A40
Zoning,Show,ShowHideAutoDD,B40
Zoning,Show,ShowHideAutoDD,C40
Zoning,Show,ShowHideAutoDD,D40
Zoning,Show,ShowHideAutoDD,E40
Zoning,Show,ShowHideAutoDD,F40
Zoning,Show,ShowHideAutoDD,G40
Zoning,Show,ShowHideAutoDD,H40
Zoning,Show,ShowHideAutoDD,I40
Zoning,Hide,ShowHideAutoDD,J40
Zoning,Show,ShowHideAutoDD,K40
Zoning,Show,ShowHideAutoDD,L40
Zoning,Show,ShowHideAutoDD,R40
Zoning,Show,ShowHideAutoDD,A41
Zoning,Show,ShowHideAutoDD,B41
Zoning,Show,ShowHideAutoDD,C41
Zoning,Show,ShowHideAutoDD,D41
Zoning,Show,ShowHideAutoDD,E41
Zoning,Show,ShowHideAutoDD,F41
Zoning,Show,ShowHideAutoDD,G41
Zoning,Show,ShowHideAutoDD,H41
Zoning,Show,ShowHideAutoDD,I41
Zoning,Hide,ShowHideAutoDD,J41
Zoning,Show,ShowHideAutoDD,K41
Zoning,Show,ShowHideAutoDD,L41
Zoning,Show,ShowHideAutoDD,R41
Zoning,Show,ShowHideAutoDD,A42
Zoning,Show,ShowHideAutoDD,B42
Zoning,Show,ShowHideAutoDD,C42
Zoning,Show,ShowHideAutoDD,D42
Zoning,Show,ShowHideAutoDD,E42
Zoning,Show,ShowHideAutoDD,F42
Zoning,Show,ShowHideAutoDD,G42
Zoning,Show,ShowHideAutoDD,H42
Zoning,Show,ShowHideAutoDD,I42
Zoning,Hide,ShowHideAutoDD,J42
Zoning,Show,ShowHideAutoDD,K42
Zoning,Show,ShowHideAutoDD,L42
Zoning,Show,ShowHideAutoDD,R42
Zoning,Show,ShowHideAutoDD,A43
Zoning,Show,ShowHideAutoDD,B43
Zoning,Show,ShowHideAutoDD,C43
Zoning,Show,ShowHideAutoDD,D43
Zoning,Show,ShowHideAutoDD,E43
Zoning,Show,ShowHideAutoDD,F43
Zoning,Show,ShowHideAutoDD,G43
Zoning,Show,ShowHideAutoDD,H43
Zoning,Show,ShowHideAutoDD,I43
Zoning,Hide,ShowHideAutoDD,J43
Zoning,Show,ShowHideAutoDD,K43
Zoning,Hide,ShowHideAutoDD,L43
Zoning,Show,ShowHideAutoDD,R43
Zoning,Customize,ShowHideAutoDD,BJ48
Zoning,Auto,ShowHideAutoDD,BK48
Zoning,Auto,ShowHideAutoDD,BL48
Zoning,Auto,ShowHideAutoDD,BM48
Zoning,Auto,ShowHideAutoDD,BN48
Zoning,Auto,ShowHideAutoDD,BO48
Zoning,Auto,ShowHideAutoDD,BP48
Zoning,Auto,ShowHideAutoDD,BQ48
Zoning,Auto,ShowHideAutoDD,BR48
Zoning,Auto,ShowHideAutoDD,BS48
Zoning,Auto,ShowHideAutoDD,BT48
Zoning,Multi-Family|Mobile/Manufactured Home Park,ShowHideAutoDD,AO52
Zoning,Auto,ShowHideAutoDD,AP52
Zoning,Auto,ShowHideAutoDD,AQ52
Zoning,Auto,ShowHideAutoDD,AR52
Zoning,Auto,ShowHideAutoDD,AS52
Zoning,Auto,ShowHideAutoDD,AT52
Zoning,Auto,ShowHideAutoDD,AU52
Zoning,Auto,ShowHideAutoDD,AV52
Zoning,Auto,ShowHideAutoDD,AW52
Zoning,Auto,ShowHideAutoDD,AX52
Zoning,Auto,ShowHideAutoDD,AY52
Zoning,Auto,ShowHideAutoDD,AZ52
Zoning,Auto,ShowHideAutoDD,BF52
Zoning,Auto,ShowHideAutoDD,AO53
Zoning,Auto,ShowHideAutoDD,AP53
Zoning,Auto,ShowHideAutoDD,AQ53
Zoning,Auto,ShowHideAutoDD,AR53
Zoning,Auto,ShowHideAutoDD,AS53
Zoning,Auto,ShowHideAutoDD,AT53
Zoning,Auto,ShowHideAutoDD,AU53
Zoning,Auto,ShowHideAutoDD,AV53
Zoning,Auto,ShowHideAutoDD,AW53
Zoning,Auto,ShowHideAutoDD,AX53
Zoning,Auto,ShowHideAutoDD,AY53
Zoning,Auto,ShowHideAutoDD,AZ53
Zoning,Toggle Display,ShowHideAutoDD,BF53
Zoning,Customize,ZoningHeaderOptions,BH53
Zoning,Auto,ShowHideAutoDD,AO54
Zoning,Auto,ShowHideAutoDD,AP54
Zoning,Auto,ShowHideAutoDD,AQ54
Zoning,Auto,ShowHideAutoDD,AR54
Zoning,Auto,ShowHideAutoDD,AS54
Zoning,Auto,ShowHideAutoDD,AT54
Zoning,Auto,ShowHideAutoDD,AU54
Zoning,Auto,ShowHideAutoDD,AV54
Zoning,Auto,ShowHideAutoDD,AW54
Zoning,Auto,ShowHideAutoDD,AX54
Zoning,Auto,ShowHideAutoDD,AY54
Zoning,Auto,ShowHideAutoDD,AZ54
Zoning,Toggle Display,ShowHideAutoDD,BF54
Zoning,Zoning Authority,ZoningHeaderOptions,BH54
Zoning,Auto,ShowHideAutoDD,AO55
Zoning,Auto,ShowHideAutoDD,AP55
Zoning,Auto,ShowHideAutoDD,AQ55
Zoning,Auto,ShowHideAutoDD,AR55
Zoning,Auto,ShowHideAutoDD,AS55
Zoning,Auto,ShowHideAutoDD,AT55
Zoning,Auto,ShowHideAutoDD,AU55
Zoning,Auto,ShowHideAutoDD,AV55
Zoning,Auto,ShowHideAutoDD,AW55
Zoning,Auto,ShowHideAutoDD,AX55
Zoning,Auto,ShowHideAutoDD,AY55
Zoning,Auto,ShowHideAutoDD,AZ55
Zoning,Toggle Display,ShowHideAutoDD,BF55
Zoning,Zoning District,ZoningHeaderOptions,BH55
Zoning,Auto,ShowHideAutoDD,AO56
Zoning,Auto,ShowHideAutoDD,AP56
Zoning,Auto,ShowHideAutoDD,AQ56
Zoning,Auto,ShowHideAutoDD,AR56
Zoning,Auto,ShowHideAutoDD,AS56
Zoning,Auto,ShowHideAutoDD,AT56
Zoning,Auto,ShowHideAutoDD,AU56
Zoning,Auto,ShowHideAutoDD,AV56
Zoning,Auto,ShowHideAutoDD,AW56
Zoning,Auto,ShowHideAutoDD,AX56
Zoning,Auto,ShowHideAutoDD,AY56
Zoning,Auto,ShowHideAutoDD,AZ56
Zoning,Toggle Display,ShowHideAutoDD,BF56
Zoning,Zoning Code,ZoningHeaderOptions,BH56
Zoning,Auto,ShowHideAutoDD,AO57
Zoning,Hide,ShowHideAutoDD,AP57
Zoning,Hide,ShowHideAutoDD,AQ57
Zoning,Hide,ShowHideAutoDD,AR57
Zoning,Hide,ShowHideAutoDD,AS57
Zoning,Hide,ShowHideAutoDD,AT57
Zoning,Hide,ShowHideAutoDD,AU57
Zoning,Auto,ShowHideAutoDD,AV57
Zoning,Auto,ShowHideAutoDD,AW57
Zoning,Auto,ShowHideAutoDD,AX57
Zoning,Auto,ShowHideAutoDD,AY57
Zoning,Auto,ShowHideAutoDD,AZ57
Zoning,Hide,ShowHideAutoDD,BF57
Zoning,Zoning Type/Description,ZoningHeaderOptions,BH57
Zoning,Hide,ShowHideAutoDD,AO58
Zoning,Auto,ShowHideAutoDD,AP58
Zoning,Auto,ShowHideAutoDD,AQ58
Zoning,Auto,ShowHideAutoDD,AR58
Zoning,Auto,ShowHideAutoDD,AS58
Zoning,Auto,ShowHideAutoDD,AT58
Zoning,Auto,ShowHideAutoDD,AU58
Zoning,Auto,ShowHideAutoDD,AV58
Zoning,Auto,ShowHideAutoDD,AW58
Zoning,Auto,ShowHideAutoDD,AX58
Zoning,Auto,ShowHideAutoDD,AY58
Zoning,Hide,ShowHideAutoDD,AZ58
Zoning,Unknown_Field_BF58,ShowHideAutoDD,BF58
Zoning,Actual Density of Use,ZoningHeaderOptions,BH58
Zoning,Auto,ShowHideAutoDD,AO59
Zoning,Auto,ShowHideAutoDD,AP59
Zoning,Auto,ShowHideAutoDD,AQ59
Zoning,Auto,ShowHideAutoDD,AR59
Zoning,Auto,ShowHideAutoDD,AS59
Zoning,Auto,ShowHideAutoDD,AT59
Zoning,Auto,ShowHideAutoDD,AU59
Zoning,Unknown_Field_AV59,ShowHideAutoDD,AV59
Zoning,Unknown_Field_AW59,ShowHideAutoDD,AW59
Zoning,Unknown_Field_AX59,ShowHideAutoDD,AX59
Zoning,Unknown_Field_AY59,ShowHideAutoDD,AY59
Zoning,Hide,ShowHideAutoDD,AZ59
Zoning,Unknown_Field_BF59,ShowHideAutoDD,BF59
Zoning,Current Use Legally Conforming,ZoningHeaderOptions,BH59
Zoning,Auto,ShowHideAutoDD,AO60
Zoning,Auto,ShowHideAutoDD,AP60
Zoning,Auto,ShowHideAutoDD,AQ60
Zoning,Auto,ShowHideAutoDD,AR60
Zoning,Auto,ShowHideAutoDD,AS60
Zoning,Auto,ShowHideAutoDD,AT60
Zoning,Auto,ShowHideAutoDD,AU60
Zoning,Unknown_Field_AV60,ShowHideAutoDD,AV60
Zoning,Unknown_Field_AW60,ShowHideAutoDD,AW60
Zoning,Unknown_Field_AX60,ShowHideAutoDD,AX60
Zoning,Unknown_Field_AY60,ShowHideAutoDD,AY60
Zoning,Hide,ShowHideAutoDD,AZ60
Zoning,Auto,ShowHideAutoDD,BF60
Zoning,Zoning Change Requested,ZoningHeaderOptions,BH60
Zoning,Auto,ShowHideAutoDD,AO61
Zoning,Auto,ShowHideAutoDD,AP61
Zoning,Auto,ShowHideAutoDD,AQ61
Zoning,Auto,ShowHideAutoDD,AR61
Zoning,Auto,ShowHideAutoDD,AS61
Zoning,Auto,ShowHideAutoDD,AT61
Zoning,Auto,ShowHideAutoDD,AU61
Zoning,Unknown_Field_AV61,ShowHideAutoDD,AV61
Zoning,Unknown_Field_AW61,ShowHideAutoDD,AW61
Zoning,Unknown_Field_AX61,ShowHideAutoDD,AX61
Zoning,Unknown_Field_AY61,ShowHideAutoDD,AY61
Zoning,Auto,ShowHideAutoDD,AZ61
Zoning,Unknown_Field_BF61,ShowHideAutoDD,BF61
Zoning,Zoning Change Description,ZoningHeaderOptions,BH61
Zoning,Auto,ShowHideAutoDD,AO62
Zoning,Hide,ShowHideAutoDD,AP62
Zoning,Hide,ShowHideAutoDD,AQ62
Zoning,Hide,ShowHideAutoDD,AR62
Zoning,Hide,ShowHideAutoDD,AS62
Zoning,Hide,ShowHideAutoDD,AT62
Zoning,Hide,ShowHideAutoDD,AU62
Zoning,Unknown_Field_AV62,ShowHideAutoDD,AV62
Zoning,Unknown_Field_AW62,ShowHideAutoDD,AW62
Zoning,Unknown_Field_AX62,ShowHideAutoDD,AX62
Zoning,Unknown_Field_AY62,ShowHideAutoDD,AY62
Zoning,Auto,ShowHideAutoDD,AZ62
Zoning,Auto,ShowHideAutoDD,BF62
Zoning,Zoning Change Likely,ZoningHeaderOptions,BH62
Zoning,Hide,ShowHideAutoDD,AO63
Zoning,Unknown_Field_AP63,ShowHideAutoDD,AP63
Zoning,Unknown_Field_AQ63,ShowHideAutoDD,AQ63
Zoning,Unknown_Field_AR63,ShowHideAutoDD,AR63
Zoning,Unknown_Field_AS63,ShowHideAutoDD,AS63
Zoning,Unknown_Field_AT63,ShowHideAutoDD,AT63
Zoning,Unknown_Field_AU63,ShowHideAutoDD,AU63
Zoning,Unknown_Field_AV63,ShowHideAutoDD,AV63
Zoning,Unknown_Field_AW63,ShowHideAutoDD,AW63
Zoning,Unknown_Field_AX63,ShowHideAutoDD,AX63
Zoning,Unknown_Field_AY63,ShowHideAutoDD,AY63
Zoning,Auto,ShowHideAutoDD,AZ63
Zoning,Unknown_Field_BF63,ShowHideAutoDD,BF63
Zoning,Zoning Density/FAR,ZoningHeaderOptions,BH63
Zoning,Hide,ShowHideAutoDD,AO64
Zoning,Hide,ShowHideAutoDD,AP64
Zoning,Hide,ShowHideAutoDD,AQ64
Zoning,Hide,ShowHideAutoDD,AR64
Zoning,Hide,ShowHideAutoDD,AS64
Zoning,Hide,ShowHideAutoDD,AT64
Zoning,Hide,ShowHideAutoDD,AU64
Zoning,Unknown_Field_AV64,ShowHideAutoDD,AV64
Zoning,Unknown_Field_AW64,ShowHideAutoDD,AW64
Zoning,Unknown_Field_AX64,ShowHideAutoDD,AX64
Zoning,Unknown_Field_AY64,ShowHideAutoDD,AY64
Zoning,Auto,ShowHideAutoDD,AZ64
Zoning,Unknown_Field_BF64,ShowHideAutoDD,BF64
Zoning,Zoning Density/FAR (Metric),ZoningHeaderOptions,BH64
Zoning,Hide,ShowHideAutoDD,AO65
Zoning,Auto,ShowHideAutoDD,AP65
Zoning,Auto,ShowHideAutoDD,AQ65
Zoning,Auto,ShowHideAutoDD,AR65
Zoning,Auto,ShowHideAutoDD,AS65
Zoning,Auto,ShowHideAutoDD,AT65
Zoning,Auto,ShowHideAutoDD,AU65
Zoning,Unknown_Field_AV65,ShowHideAutoDD,AV65
Zoning,Unknown_Field_AW65,ShowHideAutoDD,AW65
Zoning,Unknown_Field_AX65,ShowHideAutoDD,AX65
Zoning,Unknown_Field_AY65,ShowHideAutoDD,AY65
Zoning,Auto,ShowHideAutoDD,AZ65
Zoning,Unknown_Field_BF65,ShowHideAutoDD,BF65
Zoning,Likely Zoning,ZoningHeaderOptions,BH65
Zoning,Auto,ShowHideAutoDD,AO66
Zoning,Auto,ShowHideAutoDD,AP66
Zoning,Auto,ShowHideAutoDD,AQ66
Zoning,Auto,ShowHideAutoDD,AR66
Zoning,Auto,ShowHideAutoDD,AS66
Zoning,Auto,ShowHideAutoDD,AT66
Zoning,Auto,ShowHideAutoDD,AU66
Zoning,Unknown_Field_AV66,ShowHideAutoDD,AV66
Zoning,Unknown_Field_AW66,ShowHideAutoDD,AW66
Zoning,Unknown_Field_AX66,ShowHideAutoDD,AX66
Zoning,Unknown_Field_AY66,ShowHideAutoDD,AY66
Zoning,Auto,ShowHideAutoDD,AZ66
Zoning,Unknown_Field_BF66,ShowHideAutoDD,BF66
Zoning,Zoning Intent/Summary,ZoningHeaderOptions,BH66
Zoning,Auto,ShowHideAutoDD,AO67
Zoning,Auto,ShowHideAutoDD,AP67
Zoning,Auto,ShowHideAutoDD,AQ67
Zoning,Auto,ShowHideAutoDD,AR67
Zoning,Auto,ShowHideAutoDD,AS67
Zoning,Auto,ShowHideAutoDD,AT67
Zoning,Auto,ShowHideAutoDD,AU67
Zoning,Unknown_Field_AV67,ShowHideAutoDD,AV67
Zoning,Unknown_Field_AW67,ShowHideAutoDD,AW67
Zoning,Unknown_Field_AX67,ShowHideAutoDD,AX67
Zoning,Unknown_Field_AY67,ShowHideAutoDD,AY67
Zoning,Auto,ShowHideAutoDD,AZ67
Zoning,Auto,ShowHideAutoDD,BF67
Zoning,Permitted Uses,ZoningHeaderOptions,BH67
Zoning,Auto,ShowHideAutoDD,AO68
Zoning,Auto,ShowHideAutoDD,AP68
Zoning,Auto,ShowHideAutoDD,AQ68
Zoning,Auto,ShowHideAutoDD,AR68
Zoning,Auto,ShowHideAutoDD,AS68
Zoning,Auto,ShowHideAutoDD,AT68
Zoning,Auto,ShowHideAutoDD,AU68
Zoning,Unknown_Field_AV68,ShowHideAutoDD,AV68
Zoning,Unknown_Field_AW68,ShowHideAutoDD,AW68
Zoning,Unknown_Field_AX68,ShowHideAutoDD,AX68
Zoning,Unknown_Field_AY68,ShowHideAutoDD,AY68
Zoning,Auto,ShowHideAutoDD,AZ68
Zoning,Auto,ShowHideAutoDD,BF68
Zoning,Maximum Site Coverage,ZoningHeaderOptions,BH68
Zoning,Auto,ShowHideAutoDD,AO69
Zoning,Auto,ShowHideAutoDD,AP69
Zoning,Auto,ShowHideAutoDD,AQ69
Zoning,Auto,ShowHideAutoDD,AR69
Zoning,Auto,ShowHideAutoDD,AS69
Zoning,Auto,ShowHideAutoDD,AT69
Zoning,Auto,ShowHideAutoDD,AU69
Zoning,Unknown_Field_AV69,ShowHideAutoDD,AV69
Zoning,Unknown_Field_AW69,ShowHideAutoDD,AW69
Zoning,Unknown_Field_AX69,ShowHideAutoDD,AX69
Zoning,Unknown_Field_AY69,ShowHideAutoDD,AY69
Zoning,Auto,ShowHideAutoDD,AZ69
Zoning,Auto,ShowHideAutoDD,BF69
Zoning,Minimum Lot Area,ZoningHeaderOptions,BH69
Zoning,Auto,ShowHideAutoDD,AO70
Zoning,Auto,ShowHideAutoDD,AP70
Zoning,Auto,ShowHideAutoDD,AQ70
Zoning,Auto,ShowHideAutoDD,AR70
Zoning,Auto,ShowHideAutoDD,AS70
Zoning,Auto,ShowHideAutoDD,AT70
Zoning,Auto,ShowHideAutoDD,AU70
Zoning,Unknown_Field_AV70,ShowHideAutoDD,AV70
Zoning,Unknown_Field_AW70,ShowHideAutoDD,AW70
Zoning,Unknown_Field_AX70,ShowHideAutoDD,AX70
Zoning,Unknown_Field_AY70,ShowHideAutoDD,AY70
Zoning,Auto,ShowHideAutoDD,AZ70
Zoning,Auto,ShowHideAutoDD,BF70
Zoning,Front Set Back Distance,ZoningHeaderOptions,BH70
Zoning,Auto,ShowHideAutoDD,AO71
Zoning,Auto,ShowHideAutoDD,AP71
Zoning,Auto,ShowHideAutoDD,AQ71
Zoning,Auto,ShowHideAutoDD,AR71
Zoning,Auto,ShowHideAutoDD,AS71
Zoning,Auto,ShowHideAutoDD,AT71
Zoning,Auto,ShowHideAutoDD,AU71
Zoning,Unknown_Field_AV71,ShowHideAutoDD,AV71
Zoning,Unknown_Field_AW71,ShowHideAutoDD,AW71
Zoning,Unknown_Field_AX71,ShowHideAutoDD,AX71
Zoning,Unknown_Field_AY71,ShowHideAutoDD,AY71
Zoning,Auto,ShowHideAutoDD,AZ71
Zoning,Auto,ShowHideAutoDD,BF71
Zoning,Side Yard Distance,ZoningHeaderOptions,BH71
Zoning,Auto,ShowHideAutoDD,AO72
Zoning,Auto,ShowHideAutoDD,AP72
Zoning,Auto,ShowHideAutoDD,AQ72
Zoning,Auto,ShowHideAutoDD,AR72
Zoning,Auto,ShowHideAutoDD,AS72
Zoning,Auto,ShowHideAutoDD,AT72
Zoning,Auto,ShowHideAutoDD,AU72
Zoning,Unknown_Field_AV72,ShowHideAutoDD,AV72
Zoning,Unknown_Field_AW72,ShowHideAutoDD,AW72
Zoning,Unknown_Field_AX72,ShowHideAutoDD,AX72
Zoning,Unknown_Field_AY72,ShowHideAutoDD,AY72
Zoning,Auto,ShowHideAutoDD,AZ72
Zoning,Auto,ShowHideAutoDD,BF72
Zoning,Back Yard Distance,ZoningHeaderOptions,BH72
Zoning,Auto,ShowHideAutoDD,AO73
Zoning,Auto,ShowHideAutoDD,AP73
Zoning,Auto,ShowHideAutoDD,AQ73
Zoning,Auto,ShowHideAutoDD,AR73
Zoning,Auto,ShowHideAutoDD,AS73
Zoning,Auto,ShowHideAutoDD,AT73
Zoning,Auto,ShowHideAutoDD,AU73
Zoning,Unknown_Field_AV73,ShowHideAutoDD,AV73
Zoning,Unknown_Field_AW73,ShowHideAutoDD,AW73
Zoning,Unknown_Field_AX73,ShowHideAutoDD,AX73
Zoning,Unknown_Field_AY73,ShowHideAutoDD,AY73
Zoning,Auto,ShowHideAutoDD,AZ73
Zoning,Unknown_Field_BF73,ShowHideAutoDD,BF73
Zoning,Maximum Building Height,ZoningHeaderOptions,BH73
Zoning,Auto,ShowHideAutoDD,AO74
Zoning,Auto,ShowHideAutoDD,AP74
Zoning,Auto,ShowHideAutoDD,AQ74
Zoning,Auto,ShowHideAutoDD,AR74
Zoning,Auto,ShowHideAutoDD,AS74
Zoning,Auto,ShowHideAutoDD,AT74
Zoning,Auto,ShowHideAutoDD,AU74
Zoning,Unknown_Field_AV74,ShowHideAutoDD,AV74
Zoning,Unknown_Field_AW74,ShowHideAutoDD,AW74
Zoning,Unknown_Field_AX74,ShowHideAutoDD,AX74
Zoning,Unknown_Field_AY74,ShowHideAutoDD,AY74
Zoning,Auto,ShowHideAutoDD,AZ74
Zoning,Unknown_Field_BF74,ShowHideAutoDD,BF74
Zoning,Zoning Parking Requirements,ZoningHeaderOptions,BH74
Zoning,Auto,ShowHideAutoDD,AO75
Zoning,Auto,ShowHideAutoDD,AP75
Zoning,Auto,ShowHideAutoDD,AQ75
Zoning,Auto,ShowHideAutoDD,AR75
Zoning,Auto,ShowHideAutoDD,AS75
Zoning,Auto,ShowHideAutoDD,AT75
Zoning,Auto,ShowHideAutoDD,AU75
Zoning,Unknown_Field_AV75,ShowHideAutoDD,AV75
Zoning,Unknown_Field_AW75,ShowHideAutoDD,AW75
Zoning,Unknown_Field_AX75,ShowHideAutoDD,AX75
Zoning,Unknown_Field_AY75,ShowHideAutoDD,AY75
Zoning,Auto,ShowHideAutoDD,AZ75
Zoning,Auto,ShowHideAutoDD,BF75
Zoning,Zoning Data Source,ZoningHeaderOptions,BH75
Zoning,Unknown_Field_CA85,"""Auto,Show,Hide""",CA85
Zoning,Auto,"""Auto,Show,Hide""",CA86
Zoning,Auto,"""Auto,Show,Hide""",CA87
Zoning,Auto,"""Auto,Show,Hide""",CA88
Zoning,Auto,"""Auto,Show,Hide""",CA89
Zoning,Auto,"""Auto,Show,Hide""",CA90
Zoning,Auto,"""Auto,Show,Hide""",CA91
Zoning,Auto,"""Auto,Show,Hide""",CA92
Zoning,Auto,"""Auto,Show,Hide""",CA93
Zoning,Auto,"""Auto,Show,Hide""",CA94
Zoning,Auto,"""Auto,Show,Hide""",CA95
Zoning,Auto,"""Auto,Show,Hide""",CA96
Zoning,Auto,"""Auto,Show,Hide""",CA97
Zoning,Auto,"""Auto,Show,Hide""",CA98
Zoning,Auto,"""Auto,Show,Hide""",CA99
Zoning,Auto,"""Auto,Show,Hide""",CA100
Zoning,Auto,"""Auto,Show,Hide""",CA101
Zoning,Auto,"""Auto,Show,Hide""",CA102
Zoning,Auto,"""Auto,Show,Hide""",CA103
Zoning,Auto,"""Auto,Show,Hide""",CA104
Zoning,Auto,"""Auto,Show,Hide""",CA105
Zoning,Auto,"""Auto,Show,Hide""",CA106
Zoning,Auto,"""Auto,Show,Hide""",CA107
Zoning,Auto,"""Auto,Show,Hide""",CA108
Zoning,Auto,"""Auto,Show,Hide""",CA109
Zoning,Auto,"""Auto,Show,Hide""",CA110
Zoning,Auto,"""Auto,Show,Hide""",CA111
Zoning,Auto,"""Auto,Show,Hide""",CA112
Zoning,Auto,"""Auto,Show,Hide""",CA113
Zoning,Auto,"""Auto,Show,Hide""",CA114
Zoning,Auto,"""Auto,Show,Hide""",CA115
Zoning,Auto,"""Auto,Show,Hide""",CA116
Zoning,Auto,"""Auto,Show,Hide""",CA117
Zoning,Auto,"""Auto,Show,Hide""",CA118
Zoning,Auto,"""Auto,Show,Hide""",CA119
Zoning,Auto,"""Auto,Show,Hide""",CA120
Zoning,Auto,"""Auto,Show,Hide""",CA121
Zoning,Auto,"""Auto,Show,Hide""",CA122
Zoning,Auto,"""Auto,Show,Hide""",CA123
Zoning,Auto,"""Auto,Show,Hide""",CA124
Zoning,Auto,"""Auto,Show,Hide""",CA125
Zoning,Auto,"""Auto,Show,Hide""",CA126
Zoning,Auto,"""Auto,Show,Hide""",CA127
Zoning,Auto,"""Auto,Show,Hide""",CA128
Zoning,Auto,"""Auto,Show,Hide""",CA129
Zoning,Auto,"""Auto,Show,Hide""",CA130
Zoning,Auto,"""Auto,Show,Hide""",CA131
Zoning,Auto,"""Auto,Show,Hide""",CA132
Zoning,Auto,"""Auto,Show,Hide""",CA133
Zoning,Auto,"""Auto,Show,Hide""",CA134
Zoning,Auto,"""Auto,Show,Hide""",CA135
Zoning,Auto,"""Auto,Show,Hide""",CA136
Zoning,Auto,"""Auto,Show,Hide""",CA137
Zoning,Unknown_Field_CO148,ShowHideAutoDD,CO148
Zoning,Auto,ShowHideAutoDD,CP148
Zoning,Auto,ShowHideAutoDD,CQ148
Zoning,Unknown_Field_CL151,ShowHideAutoDD,CL151
Zoning,Auto,ShowHideAutoDD,CL152
Zoning,Auto,ShowHideAutoDD,CL153
Zoning,Auto,ShowHideAutoDD,CL154
Zoning,Auto,ShowHideAutoDD,CL155
Zoning,Auto,ShowHideAutoDD,CL156
Zoning,Auto,ShowHideAutoDD,CL157
Zoning,Auto,ShowHideAutoDD,CL158
Zoning,Auto,ShowHideAutoDD,CL159
Zoning,Auto,ShowHideAutoDD,CL160
Zoning,Auto,ShowHideAutoDD,CL161
Zoning,Auto,ShowHideAutoDD,CL162
Zoning,Auto,ShowHideAutoDD,CL163
Zoning,Auto,ShowHideAutoDD,CL164
Zoning,Auto,ShowHideAutoDD,CL165
Zoning,Auto,ShowHideAutoDD,CL166
Zoning,Auto,ShowHideAutoDD,CL167
Zoning,Auto,ShowHideAutoDD,CL168
Improvements,Choose Number of Buildings,"""1,2,3,4,5,6,7,8,9,10""",AB12
Improvements,Multi-Family|Mobile/Manufactured Home Park,ShowHideAutoDD,A20
Improvements,Hide,ShowHideAutoDD,B20
Improvements,Show,ShowHideAutoDD,C20
Improvements,Show,ShowHideAutoDD,D20
Improvements,Show,ShowHideAutoDD,E20
Improvements,Show,ShowHideAutoDD,F20
Improvements,Show,ShowHideAutoDD,G20
Improvements,Show,ShowHideAutoDD,H20
Improvements,Show,ShowHideAutoDD,I20
Improvements,Show,ShowHideAutoDD,J20
Improvements,Show,ShowHideAutoDD,K20
Improvements,Show,ShowHideAutoDD,L20
Improvements,Show,"""Show,Hide""",P20
Improvements,Show,ShowHideAutoDD,R20
Improvements,Hide,ShowHideAutoDD,A21
Improvements,Hide,ShowHideAutoDD,B21
Improvements,Hide,ShowHideAutoDD,C21
Improvements,Hide,ShowHideAutoDD,D21
Improvements,Hide,ShowHideAutoDD,E21
Improvements,Hide,ShowHideAutoDD,F21
Improvements,Hide,ShowHideAutoDD,G21
Improvements,Hide,ShowHideAutoDD,H21
Improvements,Hide,ShowHideAutoDD,I21
Improvements,Hide,ShowHideAutoDD,J21
Improvements,Hide,ShowHideAutoDD,K21
Improvements,Hide,ShowHideAutoDD,L21
Improvements,Show,"""Show,Hide""",P21
Improvements,Show,ShowHideAutoDD,R21
Improvements,Hide,ShowHideAutoDD,A22
Improvements,Hide,ShowHideAutoDD,B22
Improvements,Hide,ShowHideAutoDD,C22
Improvements,Hide,ShowHideAutoDD,D22
Improvements,Hide,ShowHideAutoDD,E22
Improvements,Hide,ShowHideAutoDD,F22
Improvements,Hide,ShowHideAutoDD,G22
Improvements,Hide,ShowHideAutoDD,H22
Improvements,Hide,ShowHideAutoDD,I22
Improvements,Hide,ShowHideAutoDD,J22
Improvements,Hide,ShowHideAutoDD,K22
Improvements,Hide,ShowHideAutoDD,L22
Improvements,Show,"""Show,Hide""",P22
Improvements,Show,ShowHideAutoDD,R22
Improvements,Hide,ShowHideAutoDD,A23
Improvements,Hide,ShowHideAutoDD,B23
Improvements,Hide,ShowHideAutoDD,C23
Improvements,Hide,ShowHideAutoDD,D23
Improvements,Hide,ShowHideAutoDD,E23
Improvements,Hide,ShowHideAutoDD,F23
Improvements,Hide,ShowHideAutoDD,G23
Improvements,Hide,ShowHideAutoDD,H23
Improvements,Hide,ShowHideAutoDD,I23
Improvements,Hide,ShowHideAutoDD,J23
Improvements,Hide,ShowHideAutoDD,K23
Improvements,Hide,ShowHideAutoDD,L23
Improvements,Show,"""Show,Hide""",P23
Improvements,Show,ShowHideAutoDD,R23
Improvements,Hide,ShowHideAutoDD,A24
Improvements,Hide,ShowHideAutoDD,B24
Improvements,Show,ShowHideAutoDD,C24
Improvements,Show,ShowHideAutoDD,D24
Improvements,Show,ShowHideAutoDD,E24
Improvements,Show,ShowHideAutoDD,F24
Improvements,Show,ShowHideAutoDD,G24
Improvements,Show,ShowHideAutoDD,H24
Improvements,Show,ShowHideAutoDD,I24
Improvements,Show,ShowHideAutoDD,J24
Improvements,Show,ShowHideAutoDD,K24
Improvements,Show,ShowHideAutoDD,L24
Improvements,Show,"""Show,Hide""",P24
Improvements,Show,ShowHideAutoDD,R24
Improvements,Hide,ShowHideAutoDD,A25
Improvements,Hide,ShowHideAutoDD,B25
Improvements,Show,ShowHideAutoDD,C25
Improvements,Show,ShowHideAutoDD,D25
Improvements,Show,ShowHideAutoDD,E25
Improvements,Show,ShowHideAutoDD,F25
Improvements,Show,ShowHideAutoDD,G25
Improvements,Show,ShowHideAutoDD,H25
Improvements,Show,ShowHideAutoDD,I25
Improvements,Show,ShowHideAutoDD,J25
Improvements,Show,ShowHideAutoDD,K25
Improvements,Show,ShowHideAutoDD,L25
Improvements,Hide,"""Show,Hide""",P25
Improvements,Show,ShowHideAutoDD,R25
Improvements,Hide,ShowHideAutoDD,A26
Improvements,Hide,ShowHideAutoDD,B26
Improvements,Show,ShowHideAutoDD,C26
Improvements,Show,ShowHideAutoDD,D26
Improvements,Show,ShowHideAutoDD,E26
Improvements,Show,ShowHideAutoDD,F26
Improvements,Show,ShowHideAutoDD,G26
Improvements,Show,ShowHideAutoDD,H26
Improvements,Show,ShowHideAutoDD,I26
Improvements,Show,ShowHideAutoDD,J26
Improvements,Show,ShowHideAutoDD,K26
Improvements,Show,ShowHideAutoDD,L26
Improvements,Show,"""Show,Hide""",P26
Improvements,Show,ShowHideAutoDD,R26
Improvements,Hide,ShowHideAutoDD,A27
Improvements,Show,ShowHideAutoDD,B27
Improvements,Show,ShowHideAutoDD,C27
Improvements,Show,ShowHideAutoDD,D27
Improvements,Show,ShowHideAutoDD,E27
Improvements,Show,ShowHideAutoDD,F27
Improvements,Show,ShowHideAutoDD,G27
Improvements,Show,ShowHideAutoDD,H27
Improvements,Show,ShowHideAutoDD,I27
Improvements,Show,ShowHideAutoDD,J27
Improvements,Show,ShowHideAutoDD,K27
Improvements,Show,ShowHideAutoDD,L27
Improvements,Show,"""Show,Hide""",P27
Improvements,Show,ShowHideAutoDD,R27
Improvements,Show,ShowHideAutoDD,A28
Improvements,Hide,ShowHideAutoDD,B28
Improvements,Show,ShowHideAutoDD,C28
Improvements,Show,ShowHideAutoDD,D28
Improvements,Hide,ShowHideAutoDD,E28
Improvements,Show,ShowHideAutoDD,F28
Improvements,Show,ShowHideAutoDD,G28
Improvements,Show,ShowHideAutoDD,H28
Improvements,Show,ShowHideAutoDD,I28
Improvements,Hide,ShowHideAutoDD,J28
Improvements,Show,ShowHideAutoDD,K28
Improvements,Show,ShowHideAutoDD,L28
Improvements,Show,"""Show,Hide""",P28
Improvements,Show,ShowHideAutoDD,R28
Improvements,Hide,ShowHideAutoDD,A29
Improvements,Hide,ShowHideAutoDD,B29
Improvements,Show,ShowHideAutoDD,C29
Improvements,Show,ShowHideAutoDD,D29
Improvements,Hide,ShowHideAutoDD,E29
Improvements,Show,ShowHideAutoDD,F29
Improvements,Show,ShowHideAutoDD,G29
Improvements,Show,ShowHideAutoDD,H29
Improvements,Show,ShowHideAutoDD,I29
Improvements,Hide,ShowHideAutoDD,J29
Improvements,Show,ShowHideAutoDD,K29
Improvements,Show,ShowHideAutoDD,L29
Improvements,Show,"""Show,Hide""",P29
Improvements,Show,ShowHideAutoDD,R29
Improvements,Hide,ShowHideAutoDD,A30
Improvements,Hide,ShowHideAutoDD,B30
Improvements,Show,ShowHideAutoDD,C30
Improvements,Show,ShowHideAutoDD,D30
Improvements,Hide,ShowHideAutoDD,E30
Improvements,Show,ShowHideAutoDD,F30
Improvements,Show,ShowHideAutoDD,G30
Improvements,Show,ShowHideAutoDD,H30
Improvements,Show,ShowHideAutoDD,I30
Improvements,Hide,ShowHideAutoDD,J30
Improvements,Show,ShowHideAutoDD,K30
Improvements,Show,ShowHideAutoDD,L30
Improvements,Show,"""Show,Hide""",P30
Improvements,Show,ShowHideAutoDD,R30
Improvements,Hide,ShowHideAutoDD,A31
Improvements,Hide,ShowHideAutoDD,B31
Improvements,Show,ShowHideAutoDD,C31
Improvements,Show,ShowHideAutoDD,D31
Improvements,Hide,ShowHideAutoDD,E31
Improvements,Show,ShowHideAutoDD,F31
Improvements,Show,ShowHideAutoDD,G31
Improvements,Show,ShowHideAutoDD,H31
Improvements,Show,ShowHideAutoDD,I31
Improvements,Show,ShowHideAutoDD,J31
Improvements,Show,ShowHideAutoDD,K31
Improvements,Show,ShowHideAutoDD,L31
Improvements,Show,"""Show,Hide""",P31
Improvements,Show,ShowHideAutoDD,R31
Improvements,Hide,ShowHideAutoDD,A32
Improvements,Hide,ShowHideAutoDD,B32
Improvements,Show,ShowHideAutoDD,C32
Improvements,Show,ShowHideAutoDD,D32
Improvements,Hide,ShowHideAutoDD,E32
Improvements,Show,ShowHideAutoDD,F32
Improvements,Show,ShowHideAutoDD,G32
Improvements,Show,ShowHideAutoDD,H32
Improvements,Show,ShowHideAutoDD,I32
Improvements,Hide,ShowHideAutoDD,J32
Improvements,Show,ShowHideAutoDD,K32
Improvements,Show,ShowHideAutoDD,L32
Improvements,Show,"""Show,Hide""",P32
Improvements,Show,ShowHideAutoDD,R32
Improvements,Unknown_Field_AM32,"""Land SF,Usable Land SF""",AM32
Improvements,Hide,ShowHideAutoDD,A33
Improvements,Hide,ShowHideAutoDD,B33
Improvements,Hide,ShowHideAutoDD,C33
Improvements,Hide,ShowHideAutoDD,D33
Improvements,Hide,ShowHideAutoDD,E33
Improvements,Hide,ShowHideAutoDD,F33
Improvements,Hide,ShowHideAutoDD,G33
Improvements,Hide,ShowHideAutoDD,H33
Improvements,Hide,ShowHideAutoDD,I33
Improvements,Hide,ShowHideAutoDD,J33
Improvements,Hide,ShowHideAutoDD,K33
Improvements,Hide,ShowHideAutoDD,L33
Improvements,Hide,"""Show,Hide""",P33
Improvements,Hide,ShowHideAutoDD,R33
Improvements,Hide,ShowHideAutoDD,A34
Improvements,Hide,ShowHideAutoDD,B34
Improvements,Show,ShowHideAutoDD,C34
Improvements,Show,ShowHideAutoDD,D34
Improvements,Hide,ShowHideAutoDD,E34
Improvements,Show,ShowHideAutoDD,F34
Improvements,Show,ShowHideAutoDD,G34
Improvements,Show,ShowHideAutoDD,H34
Improvements,Show,ShowHideAutoDD,I34
Improvements,Hide,ShowHideAutoDD,J34
Improvements,Show,ShowHideAutoDD,K34
Improvements,Show,ShowHideAutoDD,L34
Improvements,Show,"""Show,Hide""",P34
Improvements,Show,ShowHideAutoDD,R34
Improvements,Hide,ShowHideAutoDD,A35
Improvements,Hide,ShowHideAutoDD,B35
Improvements,Hide,ShowHideAutoDD,C35
Improvements,Hide,ShowHideAutoDD,D35
Improvements,Hide,ShowHideAutoDD,E35
Improvements,Hide,ShowHideAutoDD,F35
Improvements,Hide,ShowHideAutoDD,G35
Improvements,Hide,ShowHideAutoDD,H35
Improvements,Hide,ShowHideAutoDD,I35
Improvements,Hide,ShowHideAutoDD,J35
Improvements,Hide,ShowHideAutoDD,K35
Improvements,Hide,ShowHideAutoDD,L35
Improvements,Hide,"""Show,Hide""",P35
Improvements,Hide,ShowHideAutoDD,R35
Improvements,Hide,ShowHideAutoDD,A36
Improvements,Show,ShowHideAutoDD,B36
Improvements,Show,ShowHideAutoDD,C36
Improvements,Show,ShowHideAutoDD,D36
Improvements,Show,ShowHideAutoDD,E36
Improvements,Show,ShowHideAutoDD,F36
Improvements,Show,ShowHideAutoDD,G36
Improvements,Show,ShowHideAutoDD,H36
Improvements,Show,ShowHideAutoDD,I36
Improvements,Show,ShowHideAutoDD,J36
Improvements,Show,ShowHideAutoDD,K36
Improvements,Show,ShowHideAutoDD,L36
Improvements,Show,"""Show,Hide""",P36
Improvements,Show,ShowHideAutoDD,R36
Improvements,Show,ShowHideAutoDD,A37
Improvements,Show,ShowHideAutoDD,B37
Improvements,Show,ShowHideAutoDD,C37
Improvements,Show,ShowHideAutoDD,D37
Improvements,Show,ShowHideAutoDD,E37
Improvements,Show,ShowHideAutoDD,F37
Improvements,Show,ShowHideAutoDD,G37
Improvements,Show,ShowHideAutoDD,H37
Improvements,Show,ShowHideAutoDD,I37
Improvements,Show,ShowHideAutoDD,J37
Improvements,Show,ShowHideAutoDD,K37
Improvements,Show,ShowHideAutoDD,L37
Improvements,Show,"""Show,Hide""",P37
Improvements,Show,ShowHideAutoDD,R37
Improvements,Show,ShowHideAutoDD,A38
Improvements,Show,ShowHideAutoDD,B38
Improvements,Show,ShowHideAutoDD,C38
Improvements,Show,ShowHideAutoDD,D38
Improvements,Show,ShowHideAutoDD,E38
Improvements,Show,ShowHideAutoDD,F38
Improvements,Show,ShowHideAutoDD,G38
Improvements,Show,ShowHideAutoDD,H38
Improvements,Show,ShowHideAutoDD,I38
Improvements,Hide,ShowHideAutoDD,J38
Improvements,Show,ShowHideAutoDD,K38
Improvements,Show,ShowHideAutoDD,L38
Improvements,Show,"""Show,Hide""",P38
Improvements,Show,ShowHideAutoDD,R38
Improvements,Show,ShowHideAutoDD,A39
Improvements,Hide,ShowHideAutoDD,B39
Improvements,Hide,ShowHideAutoDD,C39
Improvements,Hide,ShowHideAutoDD,D39
Improvements,Hide,ShowHideAutoDD,E39
Improvements,Hide,ShowHideAutoDD,F39
Improvements,Hide,ShowHideAutoDD,G39
Improvements,Hide,ShowHideAutoDD,H39
Improvements,Hide,ShowHideAutoDD,I39
Improvements,Hide,ShowHideAutoDD,J39
Improvements,Hide,ShowHideAutoDD,K39
Improvements,Hide,ShowHideAutoDD,L39
Improvements,Hide,"""Show,Hide""",P39
Improvements,Show,ShowHideAutoDD,R39
Improvements,Hide,ShowHideAutoDD,A40
Improvements,Hide,ShowHideAutoDD,B40
Improvements,Show,ShowHideAutoDD,C40
Improvements,Show,ShowHideAutoDD,D40
Improvements,Hide,ShowHideAutoDD,E40
Improvements,Show,ShowHideAutoDD,F40
Improvements,Show,ShowHideAutoDD,G40
Improvements,Show,ShowHideAutoDD,H40
Improvements,Show,ShowHideAutoDD,I40
Improvements,Hide,ShowHideAutoDD,J40
Improvements,Show,ShowHideAutoDD,K40
Improvements,Show,ShowHideAutoDD,L40
Improvements,Show,"""Show,Hide""",P40
Improvements,Show,ShowHideAutoDD,R40
Improvements,Parking Ratio Type,List56,AB40
Improvements,Hide,ShowHideAutoDD,A41
Improvements,Hide,ShowHideAutoDD,B41
Improvements,Show,ShowHideAutoDD,C41
Improvements,Show,ShowHideAutoDD,D41
Improvements,Show,ShowHideAutoDD,E41
Improvements,Show,ShowHideAutoDD,F41
Improvements,Show,ShowHideAutoDD,G41
Improvements,Show,ShowHideAutoDD,H41
Improvements,Show,ShowHideAutoDD,I41
Improvements,Hide,ShowHideAutoDD,J41
Improvements,Show,ShowHideAutoDD,K41
Improvements,Show,ShowHideAutoDD,L41
Improvements,Show,"""Show,Hide""",P41
Improvements,Show,ShowHideAutoDD,R41
Improvements,Hide,ShowHideAutoDD,A42
Improvements,Hide,ShowHideAutoDD,B42
Improvements,Hide,ShowHideAutoDD,C42
Improvements,Hide,ShowHideAutoDD,D42
Improvements,Hide,ShowHideAutoDD,E42
Improvements,Hide,ShowHideAutoDD,F42
Improvements,Hide,ShowHideAutoDD,G42
Improvements,Hide,ShowHideAutoDD,H42
Improvements,Hide,ShowHideAutoDD,I42
Improvements,Hide,ShowHideAutoDD,J42
Improvements,Hide,ShowHideAutoDD,K42
Improvements,Hide,ShowHideAutoDD,L42
Improvements,Hide,"""Show,Hide""",P42
Improvements,Hide,ShowHideAutoDD,R42
Improvements,Hide,ShowHideAutoDD,A43
Improvements,Hide,ShowHideAutoDD,B43
Improvements,Show,ShowHideAutoDD,C43
Improvements,Show,ShowHideAutoDD,D43
Improvements,Show,ShowHideAutoDD,E43
Improvements,Show,ShowHideAutoDD,F43
Improvements,Show,ShowHideAutoDD,G43
Improvements,Show,ShowHideAutoDD,H43
Improvements,Show,ShowHideAutoDD,I43
Improvements,Hide,ShowHideAutoDD,J43
Improvements,Show,ShowHideAutoDD,K43
Improvements,Show,ShowHideAutoDD,L43
Improvements,Show,"""Show,Hide""",P43
Improvements,Show,ShowHideAutoDD,R43
Improvements,Hide,ShowHideAutoDD,A44
Improvements,Hide,ShowHideAutoDD,B44
Improvements,Show,ShowHideAutoDD,C44
Improvements,Show,ShowHideAutoDD,D44
Improvements,Show,ShowHideAutoDD,E44
Improvements,Show,ShowHideAutoDD,F44
Improvements,Show,ShowHideAutoDD,G44
Improvements,Show,ShowHideAutoDD,H44
Improvements,Show,ShowHideAutoDD,I44
Improvements,Hide,ShowHideAutoDD,J44
Improvements,Show,ShowHideAutoDD,K44
Improvements,Show,ShowHideAutoDD,L44
Improvements,Show,"""Show,Hide""",P44
Improvements,Show,ShowHideAutoDD,R44
Improvements,Hide,ShowHideAutoDD,A45
Improvements,Show,ShowHideAutoDD,B45
Improvements,Show,ShowHideAutoDD,C45
Improvements,Show,ShowHideAutoDD,D45
Improvements,Hide,ShowHideAutoDD,E45
Improvements,Show,ShowHideAutoDD,F45
Improvements,Show,ShowHideAutoDD,G45
Improvements,Show,ShowHideAutoDD,H45
Improvements,Show,ShowHideAutoDD,I45
Improvements,Hide,ShowHideAutoDD,J45
Improvements,Show,ShowHideAutoDD,K45
Improvements,Show,ShowHideAutoDD,L45
Improvements,Show,"""Show,Hide""",P45
Improvements,Show,ShowHideAutoDD,R45
Improvements,Show,ShowHideAutoDD,A46
Improvements,Hide,ShowHideAutoDD,B46
Improvements,Show,ShowHideAutoDD,C46
Improvements,Show,ShowHideAutoDD,D46
Improvements,Show,ShowHideAutoDD,E46
Improvements,Show,ShowHideAutoDD,F46
Improvements,Show,ShowHideAutoDD,G46
Improvements,Show,ShowHideAutoDD,H46
Improvements,Show,ShowHideAutoDD,I46
Improvements,Show,ShowHideAutoDD,J46
Improvements,Show,ShowHideAutoDD,K46
Improvements,Show,ShowHideAutoDD,L46
Improvements,Show,"""Show,Hide""",P46
Improvements,Show,ShowHideAutoDD,R46
Improvements,Hide,ShowHideAutoDD,A47
Improvements,Hide,ShowHideAutoDD,B47
Improvements,Show,ShowHideAutoDD,C47
Improvements,Show,ShowHideAutoDD,D47
Improvements,Hide,ShowHideAutoDD,E47
Improvements,Show,ShowHideAutoDD,F47
Improvements,Show,ShowHideAutoDD,G47
Improvements,Show,ShowHideAutoDD,H47
Improvements,Show,ShowHideAutoDD,I47
Improvements,Hide,ShowHideAutoDD,J47
Improvements,Show,ShowHideAutoDD,K47
Improvements,Show,ShowHideAutoDD,L47
Improvements,Show,"""Show,Hide""",P47
Improvements,Show,ShowHideAutoDD,R47
Improvements,Hide,ShowHideAutoDD,A48
Improvements,Hide,ShowHideAutoDD,B48
Improvements,Show,ShowHideAutoDD,C48
Improvements,Show,ShowHideAutoDD,D48
Improvements,Hide,ShowHideAutoDD,E48
Improvements,Hide,ShowHideAutoDD,F48
Improvements,Hide,ShowHideAutoDD,G48
Improvements,Hide,ShowHideAutoDD,H48
Improvements,Hide,ShowHideAutoDD,I48
Improvements,Hide,ShowHideAutoDD,J48
Improvements,Show,ShowHideAutoDD,K48
Improvements,Hide,ShowHideAutoDD,L48
Improvements,Show,"""Show,Hide""",P48
Improvements,Show,ShowHideAutoDD,R48
Improvements,Hide,ShowHideAutoDD,A49
Improvements,Hide,ShowHideAutoDD,B49
Improvements,Show,ShowHideAutoDD,C49
Improvements,Show,ShowHideAutoDD,D49
Improvements,Hide,ShowHideAutoDD,E49
Improvements,Hide,ShowHideAutoDD,F49
Improvements,Hide,ShowHideAutoDD,G49
Improvements,Hide,ShowHideAutoDD,H49
Improvements,Hide,ShowHideAutoDD,I49
Improvements,Hide,ShowHideAutoDD,J49
Improvements,Hide,ShowHideAutoDD,K49
Improvements,Hide,ShowHideAutoDD,L49
Improvements,Show,"""Show,Hide""",P49
Improvements,Show,ShowHideAutoDD,R49
Improvements,Hide,ShowHideAutoDD,A50
Improvements,Hide,ShowHideAutoDD,B50
Improvements,Show,ShowHideAutoDD,C50
Improvements,Show,ShowHideAutoDD,D50
Improvements,Hide,ShowHideAutoDD,E50
Improvements,Show,ShowHideAutoDD,F50
Improvements,Show,ShowHideAutoDD,G50
Improvements,Show,ShowHideAutoDD,H50
Improvements,Show,ShowHideAutoDD,I50
Improvements,Hide,ShowHideAutoDD,J50
Improvements,Show,ShowHideAutoDD,K50
Improvements,Show,ShowHideAutoDD,L50
Improvements,Show,"""Show,Hide""",P50
Improvements,Show,ShowHideAutoDD,R50
Improvements,Show,ShowHideAutoDD,AC57
Improvements,Auto,ShowHideAutoDD,AD57
Improvements,Auto,ShowHideAutoDD,AE57
Improvements,Auto,ShowHideAutoDD,AF57
Improvements,Auto,ShowHideAutoDD,AG57
Improvements,Auto,ShowHideAutoDD,AH57
Improvements,Auto,ShowHideAutoDD,AI57
Improvements,Auto,ShowHideAutoDD,AJ57
Improvements,Auto,ShowHideAutoDD,AK57
Improvements,Unknown_Field_A59,ShowHideAutoDD,A59
Improvements,Hide,ShowHideAutoDD,B59
Improvements,Hide,ShowHideAutoDD,C59
Improvements,Hide,ShowHideAutoDD,D59
Improvements,Hide,ShowHideAutoDD,E59
Improvements,Show,ShowHideAutoDD,F59
Improvements,Show,ShowHideAutoDD,G59
Improvements,Show,ShowHideAutoDD,H59
Improvements,Show,ShowHideAutoDD,I59
Improvements,Hide,ShowHideAutoDD,J59
Improvements,Show,ShowHideAutoDD,K59
Improvements,Show,ShowHideAutoDD,L59
Improvements,Hide,"""Show,Hide""",P59
Improvements,Show,ShowHideAutoDD,R59
Improvements,Hide,ShowHideAutoDD,A60
Improvements,Hide,ShowHideAutoDD,B60
Improvements,Show,ShowHideAutoDD,C60
Improvements,Show,ShowHideAutoDD,D60
Improvements,Show,ShowHideAutoDD,E60
Improvements,Show,ShowHideAutoDD,F60
Improvements,Show,ShowHideAutoDD,G60
Improvements,Show,ShowHideAutoDD,H60
Improvements,Show,ShowHideAutoDD,I60
Improvements,Hide,ShowHideAutoDD,J60
Improvements,Show,ShowHideAutoDD,K60
Improvements,Show,ShowHideAutoDD,L60
Improvements,Show,"""Show,Hide""",P60
Improvements,Show,ShowHideAutoDD,R60
Improvements,Building Description,"""Sum,Average,MAX,Building 1,Concatenate,Unique Values""",Z60
Improvements,Hide,ShowHideAutoDD,A61
Improvements,Hide,ShowHideAutoDD,B61
Improvements,Show,ShowHideAutoDD,C61
Improvements,Show,ShowHideAutoDD,D61
Improvements,Show,ShowHideAutoDD,E61
Improvements,Show,ShowHideAutoDD,F61
Improvements,Show,ShowHideAutoDD,G61
Improvements,Show,ShowHideAutoDD,H61
Improvements,Show,ShowHideAutoDD,I61
Improvements,Hide,ShowHideAutoDD,J61
Improvements,Show,ShowHideAutoDD,K61
Improvements,Show,ShowHideAutoDD,L61
Improvements,Show,"""Show,Hide""",P61
Improvements,Show,ShowHideAutoDD,R61
Improvements,Building Class,"""Sum,Average,MAX,Building 1,Concatenate,Unique Values""",Z61
Improvements,Hide,ShowHideAutoDD,A62
Improvements,Show,ShowHideAutoDD,B62
Improvements,Hide,ShowHideAutoDD,C62
Improvements,Hide,ShowHideAutoDD,D62
Improvements,Hide,ShowHideAutoDD,E62
Improvements,Hide,ShowHideAutoDD,F62
Improvements,Hide,ShowHideAutoDD,G62
Improvements,Hide,ShowHideAutoDD,H62
Improvements,Hide,ShowHideAutoDD,I62
Improvements,Hide,ShowHideAutoDD,J62
Improvements,Hide,ShowHideAutoDD,K62
Improvements,Hide,ShowHideAutoDD,L62
Improvements,Hide,"""Show,Hide""",P62
Improvements,Hide,ShowHideAutoDD,R62
Improvements,MHC Type,"""Sum,Average,MAX,Building 1,Concatenate,Unique Values""",Z62
Improvements,Show,ShowHideAutoDD,A63
Improvements,Show,ShowHideAutoDD,B63
Improvements,Hide,ShowHideAutoDD,C63
Improvements,Hide,ShowHideAutoDD,D63
Improvements,Hide,ShowHideAutoDD,E63
Improvements,Hide,ShowHideAutoDD,F63
Improvements,Hide,ShowHideAutoDD,G63
Improvements,Hide,ShowHideAutoDD,H63
Improvements,Hide,ShowHideAutoDD,I63
Improvements,Hide,ShowHideAutoDD,J63
Improvements,Hide,ShowHideAutoDD,K63
Improvements,Hide,ShowHideAutoDD,L63
Improvements,Hide,"""Show,Hide""",P63
Improvements,Hide,ShowHideAutoDD,R63
Improvements,MHC Class Rating,"""Sum,Average,MAX,Building 1,Concatenate,Unique Values""",Z63
Improvements,Show,ShowHideAutoDD,A64
Improvements,Show,ShowHideAutoDD,B64
Improvements,Hide,ShowHideAutoDD,C64
Improvements,Hide,ShowHideAutoDD,D64
Improvements,Hide,ShowHideAutoDD,E64
Improvements,Hide,ShowHideAutoDD,F64
Improvements,Hide,ShowHideAutoDD,G64
Improvements,Hide,ShowHideAutoDD,H64
Improvements,Hide,ShowHideAutoDD,I64
Improvements,Hide,ShowHideAutoDD,J64
Improvements,Hide,ShowHideAutoDD,K64
Improvements,Hide,ShowHideAutoDD,L64
Improvements,Hide,"""Show,Hide""",P64
Improvements,Hide,ShowHideAutoDD,R64
Improvements,Pad Site Mix: Single-wide,"""Sum,Average,MAX,Building 1,Concatenate,Unique Values""",Z64
Improvements,Show,ShowHideAutoDD,A65
Improvements,Show,ShowHideAutoDD,B65
Improvements,Hide,ShowHideAutoDD,C65
Improvements,Hide,ShowHideAutoDD,D65
Improvements,Hide,ShowHideAutoDD,E65
Improvements,Hide,ShowHideAutoDD,F65
Improvements,Hide,ShowHideAutoDD,G65
Improvements,Hide,ShowHideAutoDD,H65
Improvements,Hide,ShowHideAutoDD,I65
Improvements,Hide,ShowHideAutoDD,J65
Improvements,Hide,ShowHideAutoDD,K65
Improvements,Hide,ShowHideAutoDD,L65
Improvements,Hide,"""Show,Hide""",P65
Improvements,Hide,ShowHideAutoDD,R65
Improvements,Pad Site Mix: Double-wide,"""Sum,Average,MAX,Building 1,Concatenate,Unique Values""",Z65
Improvements,Show,ShowHideAutoDD,A66
Improvements,Hide,ShowHideAutoDD,B66
Improvements,Hide,ShowHideAutoDD,C66
Improvements,Hide,ShowHideAutoDD,D66
Improvements,Hide,ShowHideAutoDD,E66
Improvements,Hide,ShowHideAutoDD,F66
Improvements,Hide,ShowHideAutoDD,G66
Improvements,Hide,ShowHideAutoDD,H66
Improvements,Hide,ShowHideAutoDD,I66
Improvements,Hide,ShowHideAutoDD,J66
Improvements,Hide,ShowHideAutoDD,K66
Improvements,Hide,ShowHideAutoDD,L66
Improvements,Show,"""Show,Hide""",P66
Improvements,Show,ShowHideAutoDD,R66
Improvements,Hotel Class,"""Sum,Average,MAX,Building 1,Concatenate,Unique Values""",Z66
Improvements,Unique Values,"""Luxury,Upper Upscale,Upscale,Upper Midscale,Midscale,Economy""",AB66
Improvements,Hide,ShowHideAutoDD,A67
Improvements,Hide,ShowHideAutoDD,B67
Improvements,Hide,ShowHideAutoDD,C67
Improvements,Hide,ShowHideAutoDD,D67
Improvements,Hide,ShowHideAutoDD,E67
Improvements,Hide,ShowHideAutoDD,F67
Improvements,Hide,ShowHideAutoDD,G67
Improvements,Hide,ShowHideAutoDD,H67
Improvements,Hide,ShowHideAutoDD,I67
Improvements,Hide,ShowHideAutoDD,J67
Improvements,Hide,ShowHideAutoDD,K67
Improvements,Hide,ShowHideAutoDD,L67
Improvements,Show,ShowHideAutoDD,R67
Improvements,Hide,ShowHideAutoDD,A68
Improvements,Hide,ShowHideAutoDD,B68
Improvements,Show,ShowHideAutoDD,C68
Improvements,Show,ShowHideAutoDD,D68
Improvements,Hide,ShowHideAutoDD,E68
Improvements,Show,ShowHideAutoDD,F68
Improvements,Show,ShowHideAutoDD,G68
Improvements,Show,ShowHideAutoDD,H68
Improvements,Show,ShowHideAutoDD,I68
Improvements,Show,ShowHideAutoDD,J68
Improvements,Show,ShowHideAutoDD,K68
Improvements,Show,ShowHideAutoDD,L68
Improvements,Show,"""Show,Hide""",P68
Improvements,Show,ShowHideAutoDD,R68
Improvements,Construction Class,"""Sum,Average,MAX,Building 1,Concatenate,Unique Values""",Z68
Improvements,Building 1,"""Unknown,Class A,Class B,Class C,C-Mill,Class D,D-Masonry Veneer,D-Pole,Class S""",AB68
Improvements,Hide,ShowHideAutoDD,A69
Improvements,Hide,ShowHideAutoDD,B69
Improvements,Show,ShowHideAutoDD,C69
Improvements,Show,ShowHideAutoDD,D69
Improvements,Hide,ShowHideAutoDD,E69
Improvements,Show,ShowHideAutoDD,F69
Improvements,Show,ShowHideAutoDD,G69
Improvements,Show,ShowHideAutoDD,H69
Improvements,Show,ShowHideAutoDD,I69
Improvements,Hide,ShowHideAutoDD,J69
Improvements,Show,ShowHideAutoDD,K69
Improvements,Show,ShowHideAutoDD,L69
Improvements,Show,"""Show,Hide""",P69
Improvements,Show,ShowHideAutoDD,R69
Improvements,Construction,"""Sum,Average,MAX,Building 1,Concatenate,Unique Values""",Z69
Improvements,Hide,ShowHideAutoDD,A70
Improvements,Show,ShowHideAutoDD,B70
Improvements,Show,ShowHideAutoDD,C70
Improvements,Show,ShowHideAutoDD,D70
Improvements,Hide,ShowHideAutoDD,E70
Improvements,Show,ShowHideAutoDD,F70
Improvements,Show,ShowHideAutoDD,G70
Improvements,Show,ShowHideAutoDD,H70
Improvements,Show,ShowHideAutoDD,I70
Improvements,Show,ShowHideAutoDD,J70
Improvements,Show,ShowHideAutoDD,K70
Improvements,Show,ShowHideAutoDD,L70
Improvements,Show,"""Show,Hide""",P70
Improvements,Show,ShowHideAutoDD,R70
Improvements,Construction Quality,"""Sum,Average,MAX,Building 1,Concatenate,Unique Values""",Z70
Improvements,Show,ShowHideAutoDD,A71
Improvements,Hide,ShowHideAutoDD,B71
Improvements,Show,ShowHideAutoDD,C71
Improvements,Show,ShowHideAutoDD,D71
Improvements,Show,ShowHideAutoDD,E71
Improvements,Show,ShowHideAutoDD,F71
Improvements,Show,ShowHideAutoDD,G71
Improvements,Show,ShowHideAutoDD,H71
Improvements,Show,ShowHideAutoDD,I71
Improvements,Hide,ShowHideAutoDD,J71
Improvements,Show,ShowHideAutoDD,K71
Improvements,Show,ShowHideAutoDD,L71
Improvements,Show,"""Show,Hide""",P71
Improvements,Show,ShowHideAutoDD,R71
Improvements,Hide,ShowHideAutoDD,A72
Improvements,Show,ShowHideAutoDD,B72
Improvements,Show,ShowHideAutoDD,C72
Improvements,Show,ShowHideAutoDD,D72
Improvements,Show,ShowHideAutoDD,E72
Improvements,Show,ShowHideAutoDD,F72
Improvements,Show,ShowHideAutoDD,G72
Improvements,Show,ShowHideAutoDD,H72
Improvements,Show,ShowHideAutoDD,I72
Improvements,Show,ShowHideAutoDD,J72
Improvements,Show,ShowHideAutoDD,K72
Improvements,Show,ShowHideAutoDD,L72
Improvements,Show,"""Show,Hide""",P72
Improvements,Show,ShowHideAutoDD,R72
Improvements,Year Built,"""Sum,Average,MAX,Building 1,Concatenate,Unique Values""",Z72
Improvements,Show,ShowHideAutoDD,A73
Improvements,Hide,ShowHideAutoDD,B73
Improvements,Show,ShowHideAutoDD,C73
Improvements,Show,ShowHideAutoDD,D73
Improvements,Hide,ShowHideAutoDD,E73
Improvements,Show,ShowHideAutoDD,F73
Improvements,Show,ShowHideAutoDD,G73
Improvements,Show,ShowHideAutoDD,H73
Improvements,Show,ShowHideAutoDD,I73
Improvements,Hide,ShowHideAutoDD,J73
Improvements,Show,ShowHideAutoDD,K73
Improvements,Show,ShowHideAutoDD,L73
Improvements,Show,"""Show,Hide""",P73
Improvements,Show,ShowHideAutoDD,R73
Improvements,Renovations,"""Sum,Average,MAX,Building 1,Concatenate,Unique Values""",Z73
Improvements,Hide,ShowHideAutoDD,A74
Improvements,Hide,ShowHideAutoDD,B74
Improvements,Auto,ShowHideAutoDD,C74
Improvements,Auto,ShowHideAutoDD,D74
Improvements,Auto,ShowHideAutoDD,E74
Improvements,Hide,ShowHideAutoDD,F74
Improvements,Hide,ShowHideAutoDD,G74
Improvements,Hide,ShowHideAutoDD,H74
Improvements,Hide,ShowHideAutoDD,I74
Improvements,Hide,ShowHideAutoDD,J74
Improvements,Hide,ShowHideAutoDD,K74
Improvements,Hide,ShowHideAutoDD,L74
Improvements,Auto,"""Show,Hide""",P74
Improvements,Show,ShowHideAutoDD,R74
Improvements,Proportion Renovated %,"""Sum,Average,MAX,Building 1,Concatenate,Unique Values""",Z74
Improvements,Hide,ShowHideAutoDD,A75
Improvements,Hide,ShowHideAutoDD,B75
Improvements,Hide,ShowHideAutoDD,C75
Improvements,Hide,ShowHideAutoDD,D75
Improvements,Hide,ShowHideAutoDD,E75
Improvements,Hide,ShowHideAutoDD,F75
Improvements,Hide,ShowHideAutoDD,G75
Improvements,Hide,ShowHideAutoDD,H75
Improvements,Hide,ShowHideAutoDD,I75
Improvements,Hide,ShowHideAutoDD,J75
Improvements,Hide,ShowHideAutoDD,K75
Improvements,Hide,ShowHideAutoDD,L75
Improvements,Show,"""Show,Hide""",P75
Improvements,Show,ShowHideAutoDD,R75
Improvements,Chronological Age,"""Sum,Average,MAX,Building 1,Concatenate,Unique Values""",Z75
Improvements,Hide,ShowHideAutoDD,A76
Improvements,Show,ShowHideAutoDD,B76
Improvements,Show,ShowHideAutoDD,C76
Improvements,Show,ShowHideAutoDD,D76
Improvements,Show,ShowHideAutoDD,E76
Improvements,Show,ShowHideAutoDD,F76
Improvements,Show,ShowHideAutoDD,G76
Improvements,Show,ShowHideAutoDD,H76
Improvements,Show,ShowHideAutoDD,I76
Improvements,Show,ShowHideAutoDD,J76
Improvements,Show,ShowHideAutoDD,K76
Improvements,Show,ShowHideAutoDD,L76
Improvements,Show,"""Show,Hide""",P76
Improvements,Show,ShowHideAutoDD,R76
Improvements,Effective Age,"""Sum,Average,MAX,Building 1,Concatenate,Unique Values""",Z76
Improvements,Show,ShowHideAutoDD,A77
Improvements,Hide,ShowHideAutoDD,B77
Improvements,Show,ShowHideAutoDD,C77
Improvements,Show,ShowHideAutoDD,D77
Improvements,Show,ShowHideAutoDD,E77
Improvements,Show,ShowHideAutoDD,F77
Improvements,Show,ShowHideAutoDD,G77
Improvements,Show,ShowHideAutoDD,H77
Improvements,Show,ShowHideAutoDD,I77
Improvements,Show,ShowHideAutoDD,J77
Improvements,Show,ShowHideAutoDD,K77
Improvements,Show,ShowHideAutoDD,L77
Improvements,Show,"""Show,Hide""",P77
Improvements,Show,ShowHideAutoDD,R77
Improvements,Total Economic Life,"""Sum,Average,MAX,Building 1,Concatenate,Unique Values""",Z77
Improvements,Hide,ShowHideAutoDD,A78
Improvements,Show,ShowHideAutoDD,B78
Improvements,Show,ShowHideAutoDD,C78
Improvements,Show,ShowHideAutoDD,D78
Improvements,Show,ShowHideAutoDD,E78
Improvements,Show,ShowHideAutoDD,F78
Improvements,Show,ShowHideAutoDD,G78
Improvements,Show,ShowHideAutoDD,H78
Improvements,Show,ShowHideAutoDD,I78
Improvements,Show,ShowHideAutoDD,J78
Improvements,Show,ShowHideAutoDD,K78
Improvements,Show,ShowHideAutoDD,L78
Improvements,Show,"""Show,Hide""",P78
Improvements,Show,ShowHideAutoDD,R78
Improvements,Remaining Economic/Useful Life,"""Sum,Average,MAX,Building 1,Concatenate,Unique Values""",Z78
Improvements,Show,ShowHideAutoDD,A79
Improvements,Show,ShowHideAutoDD,B79
Improvements,Show,ShowHideAutoDD,C79
Improvements,Show,ShowHideAutoDD,D79
Improvements,Show,ShowHideAutoDD,E79
Improvements,Show,ShowHideAutoDD,F79
Improvements,Show,ShowHideAutoDD,G79
Improvements,Show,ShowHideAutoDD,H79
Improvements,Show,ShowHideAutoDD,I79
Improvements,Show,ShowHideAutoDD,J79
Improvements,Show,ShowHideAutoDD,K79
Improvements,Show,ShowHideAutoDD,L79
Improvements,Show,"""Show,Hide""",P79
Improvements,Show,ShowHideAutoDD,R79
Improvements,Condition,"""Sum,Average,MAX,Building 1,Concatenate,Unique Values""",Z79
Improvements,Show,ShowHideAutoDD,A80
Improvements,Show,ShowHideAutoDD,B80
Improvements,Show,ShowHideAutoDD,C80
Improvements,Show,ShowHideAutoDD,D80
Improvements,Show,ShowHideAutoDD,E80
Improvements,Show,ShowHideAutoDD,F80
Improvements,Show,ShowHideAutoDD,G80
Improvements,Show,ShowHideAutoDD,H80
Improvements,Show,ShowHideAutoDD,I80
Improvements,Hide,ShowHideAutoDD,J80
Improvements,Show,ShowHideAutoDD,K80
Improvements,Show,ShowHideAutoDD,L80
Improvements,Show,"""Show,Hide""",P80
Improvements,Show,ShowHideAutoDD,R80
Improvements,Appeal and Appearance,"""Sum,Average,MAX,Building 1,Concatenate,Unique Values""",Z80
Improvements,Show,ShowHideAutoDD,A81
Improvements,Show,ShowHideAutoDD,B81
Improvements,Show,ShowHideAutoDD,C81
Improvements,Show,ShowHideAutoDD,D81
Improvements,Hide,ShowHideAutoDD,E81
Improvements,Hide,ShowHideAutoDD,F81
Improvements,Hide,ShowHideAutoDD,G81
Improvements,Hide,ShowHideAutoDD,H81
Improvements,Hide,ShowHideAutoDD,I81
Improvements,Hide,ShowHideAutoDD,J81
Improvements,Hide,ShowHideAutoDD,K81
Improvements,Hide,ShowHideAutoDD,L81
Improvements,Show,"""Show,Hide""",P81
Improvements,Show,ShowHideAutoDD,R81
Improvements,Personal Property,"""Sum,Average,MAX,Building 1,Concatenate,Unique Values""",Z81
Improvements,Show,ShowHideAutoDD,A82
Improvements,Show,ShowHideAutoDD,B82
Improvements,Show,ShowHideAutoDD,C82
Improvements,Show,ShowHideAutoDD,D82
Improvements,Show,ShowHideAutoDD,E82
Improvements,Hide,ShowHideAutoDD,F82
Improvements,Hide,ShowHideAutoDD,G82
Improvements,Show,ShowHideAutoDD,H82
Improvements,Show,ShowHideAutoDD,I82
Improvements,Hide,ShowHideAutoDD,J82
Improvements,Hide,ShowHideAutoDD,K82
Improvements,Show,ShowHideAutoDD,L82
Improvements,Show,"""Show,Hide""",P82
Improvements,Show,ShowHideAutoDD,R82
Improvements,Property Amenities,"""Sum,Average,MAX,Building 1,Concatenate,Unique Values""",Z82
Improvements,Building 1,List9,AB82
Improvements,Show,ShowHideAutoDD,A83
Improvements,Hide,ShowHideAutoDD,B83
Improvements,Hide,ShowHideAutoDD,C83
Improvements,Hide,ShowHideAutoDD,D83
Improvements,Hide,ShowHideAutoDD,E83
Improvements,Hide,ShowHideAutoDD,F83
Improvements,Hide,ShowHideAutoDD,G83
Improvements,Hide,ShowHideAutoDD,H83
Improvements,Hide,ShowHideAutoDD,I83
Improvements,Hide,ShowHideAutoDD,J83
Improvements,Hide,ShowHideAutoDD,K83
Improvements,Hide,ShowHideAutoDD,L83
Improvements,Hide,"""Show,Hide""",P83
Improvements,Show,ShowHideAutoDD,R83
Improvements,Tenant Improvements,"""Sum,Average,MAX,Building 1,Concatenate,Unique Values""",Z83
Improvements,Hide,ShowHideAutoDD,A84
Improvements,Hide,ShowHideAutoDD,B84
Improvements,Show,ShowHideAutoDD,C84
Improvements,Show,ShowHideAutoDD,D84
Improvements,Show,ShowHideAutoDD,E84
Improvements,Show,ShowHideAutoDD,F84
Improvements,Show,ShowHideAutoDD,G84
Improvements,Show,ShowHideAutoDD,H84
Improvements,Show,ShowHideAutoDD,I84
Improvements,Show,ShowHideAutoDD,J84
Improvements,Show,ShowHideAutoDD,K84
Improvements,Show,ShowHideAutoDD,L84
Improvements,Show,"""Show,Hide""",P84
Improvements,Show,ShowHideAutoDD,R84
Improvements,Number of Stories,"""Sum,Average,MAX,Building 1,Concatenate,Unique Values""",Z84
Improvements,Hide,ShowHideAutoDD,A85
Improvements,Hide,ShowHideAutoDD,B85
Improvements,Show,ShowHideAutoDD,C85
Improvements,Show,ShowHideAutoDD,D85
Improvements,Show,ShowHideAutoDD,E85
Improvements,Hide,ShowHideAutoDD,F85
Improvements,Hide,ShowHideAutoDD,G85
Improvements,Hide,ShowHideAutoDD,H85
Improvements,Hide,ShowHideAutoDD,I85
Improvements,Hide,ShowHideAutoDD,J85
Improvements,Hide,ShowHideAutoDD,K85
Improvements,Hide,ShowHideAutoDD,L85
Improvements,Hide,"""Show,Hide""",P85
Improvements,Hide,ShowHideAutoDD,R85
Improvements,Multi-Family GBA,"""Sum,Average,MAX,Building 1,Concatenate,TextJoin""",Z85
Improvements,Hide,ShowHideAutoDD,A86
Improvements,Hide,ShowHideAutoDD,B86
Improvements,Hide,ShowHideAutoDD,C86
Improvements,Hide,ShowHideAutoDD,D86
Improvements,Hide,ShowHideAutoDD,E86
Improvements,Hide,ShowHideAutoDD,F86
Improvements,Hide,ShowHideAutoDD,G86
Improvements,Show,ShowHideAutoDD,H86
Improvements,Show,ShowHideAutoDD,I86
Improvements,Hide,ShowHideAutoDD,J86
Improvements,Hide,ShowHideAutoDD,K86
Improvements,Hide,ShowHideAutoDD,L86
Improvements,Hide,"""Show,Hide""",P86
Improvements,Hide,ShowHideAutoDD,R86
Improvements,Office GBA,"""Sum,Average,MAX,Building 1,Concatenate,TextJoin""",Z86
Improvements,Hide,ShowHideAutoDD,A87
Improvements,Hide,ShowHideAutoDD,B87
Improvements,Hide,ShowHideAutoDD,C87
Improvements,Hide,ShowHideAutoDD,D87
Improvements,Hide,ShowHideAutoDD,E87
Improvements,Show,ShowHideAutoDD,F87
Improvements,Show,ShowHideAutoDD,G87
Improvements,Hide,ShowHideAutoDD,H87
Improvements,Hide,ShowHideAutoDD,I87
Improvements,Hide,ShowHideAutoDD,J87
Improvements,Hide,ShowHideAutoDD,K87
Improvements,Hide,ShowHideAutoDD,L87
Improvements,Hide,"""Show,Hide""",P87
Improvements,Hide,ShowHideAutoDD,R87
Improvements,Retail GBA,"""Sum,Average,MAX,Building 1,Concatenate,TextJoin""",Z87
Improvements,Hide,ShowHideAutoDD,A88
Improvements,Hide,ShowHideAutoDD,B88
Improvements,Hide,ShowHideAutoDD,C88
Improvements,Hide,ShowHideAutoDD,D88
Improvements,Hide,ShowHideAutoDD,E88
Improvements,Hide,ShowHideAutoDD,F88
Improvements,Hide,ShowHideAutoDD,G88
Improvements,Hide,ShowHideAutoDD,H88
Improvements,Hide,ShowHideAutoDD,I88
Improvements,Hide,ShowHideAutoDD,J88
Improvements,Show,ShowHideAutoDD,K88
Improvements,Hide,ShowHideAutoDD,L88
Improvements,Hide,"""Show,Hide""",P88
Improvements,Hide,ShowHideAutoDD,R88
Improvements,Industrial GBA,"""Sum,Average,MAX,Building 1,Concatenate,TextJoin""",Z88
Improvements,Hide,ShowHideAutoDD,A89
Improvements,Hide,ShowHideAutoDD,B89
Improvements,Hide,ShowHideAutoDD,C89
Improvements,Hide,ShowHideAutoDD,D89
Improvements,Hide,ShowHideAutoDD,E89
Improvements,Hide,ShowHideAutoDD,F89
Improvements,Hide,ShowHideAutoDD,G89
Improvements,Hide,ShowHideAutoDD,H89
Improvements,Hide,ShowHideAutoDD,I89
Improvements,Hide,ShowHideAutoDD,J89
Improvements,Hide,ShowHideAutoDD,K89
Improvements,Hide,ShowHideAutoDD,L89
Improvements,Hide,"""Show,Hide""",P89
Improvements,Hide,ShowHideAutoDD,R89
Improvements,Other GBA,"""Sum,Average,MAX,Building 1,Concatenate,TextJoin""",Z89
Improvements,Hide,ShowHideAutoDD,A90
Improvements,Hide,ShowHideAutoDD,B90
Improvements,Show,ShowHideAutoDD,C90
Improvements,Show,ShowHideAutoDD,D90
Improvements,Show,ShowHideAutoDD,E90
Improvements,Show,ShowHideAutoDD,F90
Improvements,Show,ShowHideAutoDD,G90
Improvements,Show,ShowHideAutoDD,H90
Improvements,Show,ShowHideAutoDD,I90
Improvements,Show,ShowHideAutoDD,J90
Improvements,Show,ShowHideAutoDD,K90
Improvements,Show,ShowHideAutoDD,L90
Improvements,Show,"""Show,Hide""",P90
Improvements,Show,ShowHideAutoDD,R90
Improvements,Gross Building Area,"""Sum,Average,MAX,Building 1,Concatenate,Unique Values""",Z90
Improvements,Hide,ShowHideAutoDD,A91
Improvements,Hide,ShowHideAutoDD,B91
Improvements,Show,ShowHideAutoDD,C91
Improvements,Show,ShowHideAutoDD,D91
Improvements,Hide,ShowHideAutoDD,E91
Improvements,Hide,ShowHideAutoDD,F91
Improvements,Hide,ShowHideAutoDD,G91
Improvements,Show,ShowHideAutoDD,H91
Improvements,Show,ShowHideAutoDD,I91
Improvements,Hide,ShowHideAutoDD,J91
Improvements,Hide,ShowHideAutoDD,K91
Improvements,Hide,ShowHideAutoDD,L91
Improvements,Hide,ShowHideAutoDD,R91
Improvements,Hide,ShowHideAutoDD,A92
Improvements,Hide,ShowHideAutoDD,B92
Improvements,Show,ShowHideAutoDD,C92
Improvements,Show,ShowHideAutoDD,D92
Improvements,Show,ShowHideAutoDD,E92
Improvements,Hide,ShowHideAutoDD,F92
Improvements,Hide,ShowHideAutoDD,G92
Improvements,Hide,ShowHideAutoDD,H92
Improvements,Hide,ShowHideAutoDD,I92
Improvements,Hide,ShowHideAutoDD,J92
Improvements,Hide,ShowHideAutoDD,K92
Improvements,Hide,ShowHideAutoDD,L92
Improvements,Hide,"""Show,Hide""",P92
Improvements,Hide,ShowHideAutoDD,R92
Improvements,Multi-Family RA,"""Sum,Average,MAX,Building 1,Concatenate,Unique Values""",Z92
Improvements,Hide,ShowHideAutoDD,A93
Improvements,Hide,ShowHideAutoDD,B93
Improvements,Hide,ShowHideAutoDD,C93
Improvements,Hide,ShowHideAutoDD,D93
Improvements,Hide,ShowHideAutoDD,E93
Improvements,Hide,ShowHideAutoDD,F93
Improvements,Hide,ShowHideAutoDD,G93
Improvements,Show,ShowHideAutoDD,H93
Improvements,Show,ShowHideAutoDD,I93
Improvements,Hide,ShowHideAutoDD,J93
Improvements,Hide,ShowHideAutoDD,K93
Improvements,Hide,ShowHideAutoDD,L93
Improvements,Hide,"""Show,Hide""",P93
Improvements,Hide,ShowHideAutoDD,R93
Improvements,Office RA,"""Sum,Average,MAX,Building 1,Concatenate,Unique Values""",Z93
Improvements,Hide,ShowHideAutoDD,A94
Improvements,Hide,ShowHideAutoDD,B94
Improvements,Hide,ShowHideAutoDD,C94
Improvements,Hide,ShowHideAutoDD,D94
Improvements,Hide,ShowHideAutoDD,E94
Improvements,Hide,ShowHideAutoDD,F94
Improvements,Hide,ShowHideAutoDD,G94
Improvements,Hide,ShowHideAutoDD,H94
Improvements,Hide,ShowHideAutoDD,I94
Improvements,Hide,ShowHideAutoDD,J94
Improvements,Show,ShowHideAutoDD,K94
Improvements,Hide,ShowHideAutoDD,L94
Improvements,Hide,"""Show,Hide""",P94
Improvements,Hide,ShowHideAutoDD,R94
Improvements,Industrial RA,"""Sum,Average,MAX,Building 1,Concatenate,Unique Values""",Z94
Improvements,Hide,ShowHideAutoDD,A95
Improvements,Hide,ShowHideAutoDD,B95
Improvements,Hide,ShowHideAutoDD,C95
Improvements,Hide,ShowHideAutoDD,D95
Improvements,Hide,ShowHideAutoDD,E95
Improvements,Hide,ShowHideAutoDD,F95
Improvements,Hide,ShowHideAutoDD,G95
Improvements,Hide,ShowHideAutoDD,H95
Improvements,Hide,ShowHideAutoDD,I95
Improvements,Hide,ShowHideAutoDD,J95
Improvements,Hide,ShowHideAutoDD,K95
Improvements,Hide,ShowHideAutoDD,L95
Improvements,Hide,"""Show,Hide""",P95
Improvements,Hide,ShowHideAutoDD,R95
Improvements,Other RA,"""Sum,Average,MAX,Building 1,Concatenate,Unique Values""",Z95
Improvements,Hide,ShowHideAutoDD,A96
Improvements,Hide,ShowHideAutoDD,B96
Improvements,Show,ShowHideAutoDD,C96
Improvements,Show,ShowHideAutoDD,D96
Improvements,Show,ShowHideAutoDD,E96
Improvements,Show,ShowHideAutoDD,F96
Improvements,Show,ShowHideAutoDD,G96
Improvements,Show,ShowHideAutoDD,H96
Improvements,Show,ShowHideAutoDD,I96
Improvements,Hide,ShowHideAutoDD,J96
Improvements,Show,ShowHideAutoDD,K96
Improvements,Show,ShowHideAutoDD,L96
Improvements,Hide,"""Show,Hide""",P96
Improvements,Show,ShowHideAutoDD,R96
Improvements,Rentable Area,"""Sum,Average,MAX,Building 1,Concatenate,Unique Values""",Z96
Improvements,Hide,ShowHideAutoDD,A97
Improvements,Hide,ShowHideAutoDD,B97
Improvements,Show,ShowHideAutoDD,C97
Improvements,Show,ShowHideAutoDD,D97
Improvements,Hide,ShowHideAutoDD,E97
Improvements,Show,ShowHideAutoDD,F97
Improvements,Show,ShowHideAutoDD,G97
Improvements,Show,ShowHideAutoDD,H97
Improvements,Show,ShowHideAutoDD,I97
Improvements,Hide,ShowHideAutoDD,J97
Improvements,Hide,ShowHideAutoDD,K97
Improvements,Hide,ShowHideAutoDD,L97
Improvements,Hide,ShowHideAutoDD,R97
Improvements,Gross Leasable Area (Retail GLA),"""Sum,Average,MAX,Building 1,Concatenate,TextJoin""",Z97
Improvements,Hide,ShowHideAutoDD,A98
Improvements,Hide,ShowHideAutoDD,B98
Improvements,Hide,ShowHideAutoDD,C98
Improvements,Hide,ShowHideAutoDD,D98
Improvements,Hide,ShowHideAutoDD,E98
Improvements,Hide,ShowHideAutoDD,F98
Improvements,Hide,ShowHideAutoDD,G98
Improvements,Hide,ShowHideAutoDD,H98
Improvements,Hide,ShowHideAutoDD,I98
Improvements,Hide,ShowHideAutoDD,J98
Improvements,Hide,ShowHideAutoDD,K98
Improvements,Hide,ShowHideAutoDD,L98
Improvements,Hide,"""Show,Hide""",P98
Improvements,Hide,ShowHideAutoDD,R98
Improvements,Gross Building Area (Meters),"""Sum,Building 1,Concatenate""",Z98
Improvements,Hide,ShowHideAutoDD,A99
Improvements,Hide,ShowHideAutoDD,B99
Improvements,Hide,ShowHideAutoDD,C99
Improvements,Hide,ShowHideAutoDD,D99
Improvements,Hide,ShowHideAutoDD,E99
Improvements,Hide,ShowHideAutoDD,F99
Improvements,Hide,ShowHideAutoDD,G99
Improvements,Hide,ShowHideAutoDD,H99
Improvements,Hide,ShowHideAutoDD,I99
Improvements,Hide,ShowHideAutoDD,J99
Improvements,Hide,ShowHideAutoDD,K99
Improvements,Hide,ShowHideAutoDD,L99
Improvements,Hide,"""Show,Hide""",P99
Improvements,Hide,ShowHideAutoDD,R99
Improvements,Rentable Area (Meters),"""Sum,Building 1,Concatenate""",Z99
Improvements,Hide,ShowHideAutoDD,A100
Improvements,Hide,ShowHideAutoDD,B100
Improvements,Hide,ShowHideAutoDD,C100
Improvements,Hide,ShowHideAutoDD,D100
Improvements,Hide,ShowHideAutoDD,E100
Improvements,Hide,ShowHideAutoDD,F100
Improvements,Hide,ShowHideAutoDD,G100
Improvements,Hide,ShowHideAutoDD,H100
Improvements,Hide,ShowHideAutoDD,I100
Improvements,Hide,ShowHideAutoDD,J100
Improvements,Hide,ShowHideAutoDD,K100
Improvements,Hide,ShowHideAutoDD,L100
Improvements,Hide,"""Show,Hide""",P100
Improvements,Hide,ShowHideAutoDD,R100
Improvements,Gross Leasable Area (Meters),"""Sum,Building 1,Concatenate""",Z100
Improvements,Hide,ShowHideAutoDD,A101
Improvements,Hide,ShowHideAutoDD,B101
Improvements,Hide,ShowHideAutoDD,C101
Improvements,Hide,ShowHideAutoDD,D101
Improvements,Hide,ShowHideAutoDD,E101
Improvements,Hide,ShowHideAutoDD,F101
Improvements,Hide,ShowHideAutoDD,G101
Improvements,Hide,ShowHideAutoDD,H101
Improvements,Hide,ShowHideAutoDD,I101
Improvements,Hide,ShowHideAutoDD,J101
Improvements,Hide,ShowHideAutoDD,K101
Improvements,Hide,ShowHideAutoDD,L101
Improvements,Hide,ShowHideAutoDD,R101
Improvements,Usable Area,"""Sum,Average,MAX,Building 1,Concatenate,TextJoin""",Z101
Improvements,Hide,ShowHideAutoDD,A102
Improvements,Hide,ShowHideAutoDD,B102
Improvements,Show,ShowHideAutoDD,C102
Improvements,Show,ShowHideAutoDD,D102
Improvements,Show,ShowHideAutoDD,E102
Improvements,Show,ShowHideAutoDD,F102
Improvements,Show,ShowHideAutoDD,G102
Improvements,Show,ShowHideAutoDD,H102
Improvements,Show,ShowHideAutoDD,I102
Improvements,Hide,ShowHideAutoDD,J102
Improvements,Show,ShowHideAutoDD,K102
Improvements,Show,ShowHideAutoDD,L102
Improvements,Show,"""Show,Hide""",P102
Improvements,Show,ShowHideAutoDD,R102
Improvements,Source for SF Area,"""Sum,Average,MAX,Building 1,Concatenate,Unique Values""",Z102
Improvements,Hide,ShowHideAutoDD,A103
Improvements,Hide,ShowHideAutoDD,B103
Improvements,Hide,ShowHideAutoDD,C103
Improvements,Hide,ShowHideAutoDD,D103
Improvements,Hide,ShowHideAutoDD,E103
Improvements,Hide,ShowHideAutoDD,F103
Improvements,Hide,ShowHideAutoDD,G103
Improvements,Hide,ShowHideAutoDD,H103
Improvements,Hide,ShowHideAutoDD,I103
Improvements,Hide,ShowHideAutoDD,J103
Improvements,Show,ShowHideAutoDD,K103
Improvements,Hide,ShowHideAutoDD,L103
Improvements,Hide,ShowHideAutoDD,R103
Improvements,Hide,ShowHideAutoDD,A104
Improvements,Hide,ShowHideAutoDD,B104
Improvements,Hide,ShowHideAutoDD,C104
Improvements,Hide,ShowHideAutoDD,D104
Improvements,Hide,ShowHideAutoDD,E104
Improvements,Hide,ShowHideAutoDD,F104
Improvements,Hide,ShowHideAutoDD,G104
Improvements,Hide,ShowHideAutoDD,H104
Improvements,Hide,ShowHideAutoDD,I104
Improvements,Hide,ShowHideAutoDD,J104
Improvements,Show,ShowHideAutoDD,K104
Improvements,Hide,ShowHideAutoDD,L104
Improvements,Hide,ShowHideAutoDD,R104
Improvements,Hide,ShowHideAutoDD,A105
Improvements,Hide,ShowHideAutoDD,B105
Improvements,Hide,ShowHideAutoDD,C105
Improvements,Hide,ShowHideAutoDD,D105
Improvements,Hide,ShowHideAutoDD,E105
Improvements,Hide,ShowHideAutoDD,F105
Improvements,Hide,ShowHideAutoDD,G105
Improvements,Show,ShowHideAutoDD,H105
Improvements,Show,ShowHideAutoDD,I105
Improvements,Hide,ShowHideAutoDD,J105
Improvements,Hide,ShowHideAutoDD,K105
Improvements,Hide,ShowHideAutoDD,L105
Improvements,Hide,ShowHideAutoDD,R105
Improvements,Hide,ShowHideAutoDD,A106
Improvements,Hide,ShowHideAutoDD,B106
Improvements,Hide,ShowHideAutoDD,C106
Improvements,Hide,ShowHideAutoDD,D106
Improvements,Hide,ShowHideAutoDD,E106
Improvements,Hide,ShowHideAutoDD,F106
Improvements,Hide,ShowHideAutoDD,G106
Improvements,Hide,ShowHideAutoDD,H106
Improvements,Hide,ShowHideAutoDD,I106
Improvements,Hide,ShowHideAutoDD,J106
Improvements,Hide,ShowHideAutoDD,K106
Improvements,Hide,ShowHideAutoDD,L106
Improvements,Hide,"""Show,Hide""",P106
Improvements,Hide,ShowHideAutoDD,R106
Improvements,Perimeter SF,"""Sum,Average,MAX,Building 1,Concatenate,TextJoin""",Z106
Improvements,Hide,ShowHideAutoDD,A107
Improvements,Hide,ShowHideAutoDD,B107
Improvements,Show,ShowHideAutoDD,C107
Improvements,Show,ShowHideAutoDD,D107
Improvements,Show,ShowHideAutoDD,E107
Improvements,Show,ShowHideAutoDD,F107
Improvements,Show,ShowHideAutoDD,G107
Improvements,Show,ShowHideAutoDD,H107
Improvements,Show,ShowHideAutoDD,I107
Improvements,Hide,ShowHideAutoDD,J107
Improvements,Show,ShowHideAutoDD,K107
Improvements,Show,ShowHideAutoDD,L107
Improvements,Hide,"""Show,Hide""",P107
Improvements,Show,ShowHideAutoDD,R107
Improvements,Hide,ShowHideAutoDD,A108
Improvements,Hide,ShowHideAutoDD,B108
Improvements,Hide,ShowHideAutoDD,C108
Improvements,Hide,ShowHideAutoDD,D108
Improvements,Hide,ShowHideAutoDD,E108
Improvements,Hide,ShowHideAutoDD,F108
Improvements,Hide,ShowHideAutoDD,G108
Improvements,Hide,ShowHideAutoDD,H108
Improvements,Hide,ShowHideAutoDD,I108
Improvements,Hide,ShowHideAutoDD,J108
Improvements,Hide,ShowHideAutoDD,K108
Improvements,Hide,ShowHideAutoDD,L108
Improvements,Hide,"""Show,Hide""",P108
Improvements,Hide,ShowHideAutoDD,R108
Improvements,Hide,ShowHideAutoDD,A109
Improvements,Hide,ShowHideAutoDD,B109
Improvements,Hide,ShowHideAutoDD,C109
Improvements,Hide,ShowHideAutoDD,D109
Improvements,Hide,ShowHideAutoDD,E109
Improvements,Hide,ShowHideAutoDD,F109
Improvements,Hide,ShowHideAutoDD,G109
Improvements,Hide,ShowHideAutoDD,H109
Improvements,Hide,ShowHideAutoDD,I109
Improvements,Hide,ShowHideAutoDD,J109
Improvements,Show,ShowHideAutoDD,K109
Improvements,Show,ShowHideAutoDD,L109
Improvements,Hide,"""Show,Hide""",P109
Improvements,Show,ShowHideAutoDD,R109
Improvements,Unknown_Field_AM109,"""Land SF,Usable Land SF""",AM109
Improvements,Hide,ShowHideAutoDD,A110
Improvements,Hide,ShowHideAutoDD,B110
Improvements,Show,ShowHideAutoDD,C110
Improvements,Show,ShowHideAutoDD,D110
Improvements,Show,ShowHideAutoDD,E110
Improvements,Show,ShowHideAutoDD,F110
Improvements,Show,ShowHideAutoDD,G110
Improvements,Show,ShowHideAutoDD,H110
Improvements,Show,ShowHideAutoDD,I110
Improvements,Hide,ShowHideAutoDD,J110
Improvements,Show,ShowHideAutoDD,K110
Improvements,Hide,ShowHideAutoDD,L110
Improvements,Show,"""Show,Hide""",P110
Improvements,Show,ShowHideAutoDD,R110
Improvements,Surface Parking Spaces,"""Sum,Average,MAX,Building 1,Concatenate,Unique Values""",Z110
Improvements,Hide,ShowHideAutoDD,A111
Improvements,Hide,ShowHideAutoDD,B111
Improvements,Show,ShowHideAutoDD,C111
Improvements,Show,ShowHideAutoDD,D111
Improvements,Auto,ShowHideAutoDD,E111
Improvements,Show,ShowHideAutoDD,F111
Improvements,Show,ShowHideAutoDD,G111
Improvements,Show,ShowHideAutoDD,H111
Improvements,Show,ShowHideAutoDD,I111
Improvements,Hide,ShowHideAutoDD,J111
Improvements,Show,ShowHideAutoDD,K111
Improvements,Hide,ShowHideAutoDD,L111
Improvements,Show,"""Show,Hide""",P111
Improvements,Show,ShowHideAutoDD,R111
Improvements,Covered Parking Spaces,"""Sum,Average,MAX,Building 1,Concatenate,Unique Values""",Z111
Improvements,Hide,ShowHideAutoDD,A112
Improvements,Hide,ShowHideAutoDD,B112
Improvements,Show,ShowHideAutoDD,C112
Improvements,Show,ShowHideAutoDD,D112
Improvements,Auto,ShowHideAutoDD,E112
Improvements,Show,ShowHideAutoDD,F112
Improvements,Show,ShowHideAutoDD,G112
Improvements,Show,ShowHideAutoDD,H112
Improvements,Show,ShowHideAutoDD,I112
Improvements,Hide,ShowHideAutoDD,J112
Improvements,Show,ShowHideAutoDD,K112
Improvements,Hide,ShowHideAutoDD,L112
Improvements,Show,"""Show,Hide""",P112
Improvements,Show,ShowHideAutoDD,R112
Improvements,Garage Parking Spaces,"""Sum,Average,MAX,Building 1,Concatenate,Unique Values""",Z112
Improvements,Hide,ShowHideAutoDD,A113
Improvements,Hide,ShowHideAutoDD,B113
Improvements,Show,ShowHideAutoDD,C113
Improvements,Show,ShowHideAutoDD,D113
Improvements,Auto,ShowHideAutoDD,E113
Improvements,Show,ShowHideAutoDD,F113
Improvements,Show,ShowHideAutoDD,G113
Improvements,Show,ShowHideAutoDD,H113
Improvements,Show,ShowHideAutoDD,I113
Improvements,Hide,ShowHideAutoDD,J113
Improvements,Show,ShowHideAutoDD,K113
Improvements,Show,ShowHideAutoDD,L113
Improvements,Show,"""Show,Hide""",P113
Improvements,Show,ShowHideAutoDD,R113
Improvements,Parking Spaces,"""Sum,Average,MAX,Building 1,Concatenate,Unique Values""",Z113
Improvements,Hide,ShowHideAutoDD,A114
Improvements,Hide,ShowHideAutoDD,B114
Improvements,Show,ShowHideAutoDD,C114
Improvements,Show,ShowHideAutoDD,D114
Improvements,Show,ShowHideAutoDD,E114
Improvements,Show,ShowHideAutoDD,F114
Improvements,Show,ShowHideAutoDD,G114
Improvements,Show,ShowHideAutoDD,H114
Improvements,Show,ShowHideAutoDD,I114
Improvements,Hide,ShowHideAutoDD,J114
Improvements,Show,ShowHideAutoDD,K114
Improvements,Show,ShowHideAutoDD,L114
Improvements,Show,"""Show,Hide""",P114
Improvements,Show,ShowHideAutoDD,R114
Improvements,Parking Type,"""Sum,Average,MAX,Building 1,Concatenate,Unique Values""",Z114
Improvements,Hide,ShowHideAutoDD,A115
Improvements,Hide,ShowHideAutoDD,B115
Improvements,Show,ShowHideAutoDD,C115
Improvements,Show,ShowHideAutoDD,D115
Improvements,Show,ShowHideAutoDD,E115
Improvements,Show,ShowHideAutoDD,F115
Improvements,Show,ShowHideAutoDD,G115
Improvements,Show,ShowHideAutoDD,H115
Improvements,Show,ShowHideAutoDD,I115
Improvements,Hide,ShowHideAutoDD,J115
Improvements,Show,ShowHideAutoDD,K115
Improvements,Show,ShowHideAutoDD,L115
Improvements,Show,"""Show,Hide""",P115
Improvements,Show,ShowHideAutoDD,R115
Improvements,Parking Adequacy,"""Sum,Average,MAX,Building 1,Concatenate,Unique Values""",Z115
Improvements,Hide,ShowHideAutoDD,A116
Improvements,Hide,ShowHideAutoDD,B116
Improvements,Show,ShowHideAutoDD,C116
Improvements,Show,ShowHideAutoDD,D116
Improvements,Show,ShowHideAutoDD,E116
Improvements,Show,ShowHideAutoDD,F116
Improvements,Show,ShowHideAutoDD,G116
Improvements,Show,ShowHideAutoDD,H116
Improvements,Show,ShowHideAutoDD,I116
Improvements,Hide,ShowHideAutoDD,J116
Improvements,Show,ShowHideAutoDD,K116
Improvements,Show,ShowHideAutoDD,L116
Improvements,Show,"""Show,Hide""",P116
Improvements,Show,ShowHideAutoDD,R116
Improvements,Parking Condition,"""Sum,Average,MAX,Building 1,Concatenate,Unique Values""",Z116
Improvements,Hide,ShowHideAutoDD,A117
Improvements,Hide,ShowHideAutoDD,B117
Improvements,Show,ShowHideAutoDD,C117
Improvements,Show,ShowHideAutoDD,D117
Improvements,Hide,ShowHideAutoDD,E117
Improvements,Show,ShowHideAutoDD,F117
Improvements,Show,ShowHideAutoDD,G117
Improvements,Show,ShowHideAutoDD,H117
Improvements,Show,ShowHideAutoDD,I117
Improvements,Hide,ShowHideAutoDD,J117
Improvements,Show,ShowHideAutoDD,K117
Improvements,Show,ShowHideAutoDD,L117
Improvements,Show,"""Show,Hide""",P117
Improvements,Show,ShowHideAutoDD,R117
Improvements,Source for Parking Count,"""Sum,Average,MAX,Building 1,Concatenate,Unique Values""",Z117
Improvements,Hide,ShowHideAutoDD,A118
Improvements,Hide,ShowHideAutoDD,B118
Improvements,Show,ShowHideAutoDD,C118
Improvements,Show,ShowHideAutoDD,D118
Improvements,Hide,ShowHideAutoDD,E118
Improvements,Show,ShowHideAutoDD,F118
Improvements,Show,ShowHideAutoDD,G118
Improvements,Show,ShowHideAutoDD,H118
Improvements,Show,ShowHideAutoDD,I118
Improvements,Hide,ShowHideAutoDD,J118
Improvements,Show,ShowHideAutoDD,K118
Improvements,Hide,ShowHideAutoDD,L118
Improvements,Show,"""Show,Hide""",P118
Improvements,Show,ShowHideAutoDD,R118
Improvements,Parking Comments,"""Sum,Average,MAX,Building 1,Concatenate,Unique Values""",Z118
Improvements,Hide,ShowHideAutoDD,A119
Improvements,Hide,ShowHideAutoDD,B119
Improvements,Show,ShowHideAutoDD,C119
Improvements,Show,ShowHideAutoDD,D119
Improvements,Show,ShowHideAutoDD,E119
Improvements,Hide,ShowHideAutoDD,F119
Improvements,Hide,ShowHideAutoDD,G119
Improvements,Hide,ShowHideAutoDD,H119
Improvements,Hide,ShowHideAutoDD,I119
Improvements,Hide,ShowHideAutoDD,J119
Improvements,Hide,ShowHideAutoDD,K119
Improvements,Hide,ShowHideAutoDD,L119
Improvements,Hide,"""Show,Hide""",P119
Improvements,Hide,ShowHideAutoDD,R119
Improvements,Multi-Family Units,"""Sum,Average,MAX,Building 1,Concatenate,TextJoin""",Z119
Improvements,Hide,ShowHideAutoDD,A120
Improvements,Hide,ShowHideAutoDD,B120
Improvements,Hide,ShowHideAutoDD,C120
Improvements,Hide,ShowHideAutoDD,D120
Improvements,Hide,ShowHideAutoDD,E120
Improvements,Hide,ShowHideAutoDD,F120
Improvements,Hide,ShowHideAutoDD,G120
Improvements,Hide,ShowHideAutoDD,H120
Improvements,Hide,ShowHideAutoDD,I120
Improvements,Hide,ShowHideAutoDD,J120
Improvements,Hide,ShowHideAutoDD,K120
Improvements,Hide,ShowHideAutoDD,L120
Improvements,Hide,"""Show,Hide""",P120
Improvements,Hide,ShowHideAutoDD,R120
Improvements,Office Units,"""Sum,Average,MAX,Building 1,Concatenate,TextJoin""",Z120
Improvements,Hide,ShowHideAutoDD,A121
Improvements,Hide,ShowHideAutoDD,B121
Improvements,Hide,ShowHideAutoDD,C121
Improvements,Hide,ShowHideAutoDD,D121
Improvements,Hide,ShowHideAutoDD,E121
Improvements,Hide,ShowHideAutoDD,F121
Improvements,Hide,ShowHideAutoDD,G121
Improvements,Hide,ShowHideAutoDD,H121
Improvements,Hide,ShowHideAutoDD,I121
Improvements,Hide,ShowHideAutoDD,J121
Improvements,Hide,ShowHideAutoDD,K121
Improvements,Hide,ShowHideAutoDD,L121
Improvements,Hide,"""Show,Hide""",P121
Improvements,Hide,ShowHideAutoDD,R121
Improvements,Retail Units,"""Sum,Average,MAX,Building 1,Concatenate,TextJoin""",Z121
Improvements,Hide,ShowHideAutoDD,A122
Improvements,Hide,ShowHideAutoDD,B122
Improvements,Hide,ShowHideAutoDD,C122
Improvements,Hide,ShowHideAutoDD,D122
Improvements,Hide,ShowHideAutoDD,E122
Improvements,Hide,ShowHideAutoDD,F122
Improvements,Hide,ShowHideAutoDD,G122
Improvements,Hide,ShowHideAutoDD,H122
Improvements,Hide,ShowHideAutoDD,I122
Improvements,Hide,ShowHideAutoDD,J122
Improvements,Hide,ShowHideAutoDD,K122
Improvements,Hide,ShowHideAutoDD,L122
Improvements,Hide,"""Show,Hide""",P122
Improvements,Hide,ShowHideAutoDD,R122
Improvements,Industrial Units,"""Sum,Average,MAX,Building 1,Concatenate,TextJoin""",Z122
Improvements,Hide,ShowHideAutoDD,A123
Improvements,Hide,ShowHideAutoDD,B123
Improvements,Hide,ShowHideAutoDD,C123
Improvements,Hide,ShowHideAutoDD,D123
Improvements,Hide,ShowHideAutoDD,E123
Improvements,Hide,ShowHideAutoDD,F123
Improvements,Hide,ShowHideAutoDD,G123
Improvements,Hide,ShowHideAutoDD,H123
Improvements,Hide,ShowHideAutoDD,I123
Improvements,Hide,ShowHideAutoDD,J123
Improvements,Hide,ShowHideAutoDD,K123
Improvements,Hide,ShowHideAutoDD,L123
Improvements,Hide,"""Show,Hide""",P123
Improvements,Hide,ShowHideAutoDD,R123
Improvements,Other Units,"""Sum,Average,MAX,Building 1,Concatenate,TextJoin""",Z123
Improvements,Hide,ShowHideAutoDD,A124
Improvements,Show,ShowHideAutoDD,B124
Improvements,Show,ShowHideAutoDD,C124
Improvements,Show,ShowHideAutoDD,D124
Improvements,Show,ShowHideAutoDD,E124
Improvements,Hide,ShowHideAutoDD,F124
Improvements,Hide,ShowHideAutoDD,G124
Improvements,Hide,ShowHideAutoDD,H124
Improvements,Hide,ShowHideAutoDD,I124
Improvements,Show,ShowHideAutoDD,J124
Improvements,Hide,ShowHideAutoDD,K124
Improvements,Show,ShowHideAutoDD,L124
Improvements,Show,"""Show,Hide""",P124
Improvements,Show,ShowHideAutoDD,R124
Improvements,Number of Units,"""Sum,Average,MAX,Building 1,Concatenate,Unique Values""",Z124
Improvements,Show,ShowHideAutoDD,A125
Improvements,Hide,ShowHideAutoDD,B125
Improvements,Hide,ShowHideAutoDD,C125
Improvements,Hide,ShowHideAutoDD,D125
Improvements,Hide,ShowHideAutoDD,E125
Improvements,Hide,ShowHideAutoDD,F125
Improvements,Hide,ShowHideAutoDD,G125
Improvements,Hide,ShowHideAutoDD,H125
Improvements,Hide,ShowHideAutoDD,I125
Improvements,Hide,ShowHideAutoDD,J125
Improvements,Hide,ShowHideAutoDD,K125
Improvements,Hide,ShowHideAutoDD,L125
Improvements,Show,"""Show,Hide""",P125
Improvements,Show,ShowHideAutoDD,R125
Improvements,Number of Rooms,"""Sum,Average,MAX,Building 1,Concatenate,Unique Values""",Z125
Improvements,Hide,ShowHideAutoDD,A126
Improvements,Hide,ShowHideAutoDD,B126
Improvements,Hide,ShowHideAutoDD,C126
Improvements,Show,ShowHideAutoDD,D126
Improvements,Hide,ShowHideAutoDD,E126
Improvements,Hide,ShowHideAutoDD,F126
Improvements,Hide,ShowHideAutoDD,G126
Improvements,Hide,ShowHideAutoDD,H126
Improvements,Hide,ShowHideAutoDD,I126
Improvements,Hide,ShowHideAutoDD,J126
Improvements,Hide,ShowHideAutoDD,K126
Improvements,Hide,ShowHideAutoDD,L126
Improvements,Hide,ShowHideAutoDD,R126
Improvements,Number of Bedrooms,"""Sum,Average,MAX,Building 1,Concatenate,Unique Values""",Z126
Improvements,Hide,ShowHideAutoDD,A127
Improvements,Hide,ShowHideAutoDD,B127
Improvements,Hide,ShowHideAutoDD,C127
Improvements,Show,ShowHideAutoDD,D127
Improvements,Hide,ShowHideAutoDD,E127
Improvements,Hide,ShowHideAutoDD,F127
Improvements,Hide,ShowHideAutoDD,G127
Improvements,Hide,ShowHideAutoDD,H127
Improvements,Hide,ShowHideAutoDD,I127
Improvements,Hide,ShowHideAutoDD,J127
Improvements,Hide,ShowHideAutoDD,K127
Improvements,Hide,ShowHideAutoDD,L127
Improvements,Hide,"""Show,Hide""",P127
Improvements,Show,ShowHideAutoDD,R127
Improvements,Number of Bathrooms,"""Sum,Average,MAX,Building 1,Concatenate,Unique Values""",Z127
Improvements,Hide,ShowHideAutoDD,A128
Improvements,Hide,ShowHideAutoDD,B128
Improvements,Hide,ShowHideAutoDD,C128
Improvements,Show,ShowHideAutoDD,D128
Improvements,Hide,ShowHideAutoDD,E128
Improvements,Hide,ShowHideAutoDD,F128
Improvements,Hide,ShowHideAutoDD,G128
Improvements,Hide,ShowHideAutoDD,H128
Improvements,Hide,ShowHideAutoDD,I128
Improvements,Hide,ShowHideAutoDD,J128
Improvements,Hide,ShowHideAutoDD,K128
Improvements,Hide,ShowHideAutoDD,L128
Improvements,Hide,"""Show,Hide""",P128
Improvements,Show,ShowHideAutoDD,R128
Improvements,Number of Half Bathrooms,"""Sum,Average,MAX,Building 1,Concatenate,Unique Values""",Z128
Improvements,Hide,ShowHideAutoDD,A129
Improvements,Hide,ShowHideAutoDD,B129
Improvements,Hide,ShowHideAutoDD,C129
Improvements,Show,ShowHideAutoDD,D129
Improvements,Hide,ShowHideAutoDD,E129
Improvements,Hide,ShowHideAutoDD,F129
Improvements,Hide,ShowHideAutoDD,G129
Improvements,Hide,ShowHideAutoDD,H129
Improvements,Hide,ShowHideAutoDD,I129
Improvements,Hide,ShowHideAutoDD,J129
Improvements,Hide,ShowHideAutoDD,K129
Improvements,Hide,ShowHideAutoDD,L129
Improvements,Hide,ShowHideAutoDD,R129
Improvements,Number of Beds,"""Sum,Average,MAX,Building 1,Concatenate,TextJoin""",Z129
Improvements,Hide,ShowHideAutoDD,A130
Improvements,Hide,ShowHideAutoDD,B130
Improvements,Hide,ShowHideAutoDD,C130
Improvements,Hide,ShowHideAutoDD,D130
Improvements,Hide,ShowHideAutoDD,E130
Improvements,Hide,ShowHideAutoDD,F130
Improvements,Hide,ShowHideAutoDD,G130
Improvements,Hide,ShowHideAutoDD,H130
Improvements,Hide,ShowHideAutoDD,I130
Improvements,Hide,ShowHideAutoDD,J130
Improvements,Hide,ShowHideAutoDD,K130
Improvements,Hide,ShowHideAutoDD,L130
Improvements,Hide,ShowHideAutoDD,R130
Improvements,Number of Seats,"""Sum,Average,MAX,Building 1,Concatenate,TextJoin""",Z130
Improvements,Hide,ShowHideAutoDD,A131
Improvements,Hide,ShowHideAutoDD,B131
Improvements,Hide,ShowHideAutoDD,C131
Improvements,Hide,ShowHideAutoDD,D131
Improvements,Hide,ShowHideAutoDD,E131
Improvements,Hide,ShowHideAutoDD,F131
Improvements,Hide,ShowHideAutoDD,G131
Improvements,Hide,ShowHideAutoDD,H131
Improvements,Hide,ShowHideAutoDD,I131
Improvements,Hide,ShowHideAutoDD,J131
Improvements,Hide,ShowHideAutoDD,K131
Improvements,Hide,ShowHideAutoDD,L131
Improvements,Hide,ShowHideAutoDD,R131
Improvements,Number of Bays,"""Sum,Average,MAX,Building 1,Concatenate,TextJoin""",Z131
Improvements,Hide,ShowHideAutoDD,A132
Improvements,Hide,ShowHideAutoDD,B132
Improvements,Hide,ShowHideAutoDD,C132
Improvements,Hide,ShowHideAutoDD,D132
Improvements,Hide,ShowHideAutoDD,E132
Improvements,Hide,ShowHideAutoDD,F132
Improvements,Hide,ShowHideAutoDD,G132
Improvements,Hide,ShowHideAutoDD,H132
Improvements,Hide,ShowHideAutoDD,I132
Improvements,Hide,ShowHideAutoDD,J132
Improvements,Hide,ShowHideAutoDD,K132
Improvements,Hide,ShowHideAutoDD,L132
Improvements,Hide,ShowHideAutoDD,R132
Improvements,Number of Golf Holes,"""Sum,Average,MAX,Building 1,Concatenate,TextJoin""",Z132
Improvements,Hide,ShowHideAutoDD,A133
Improvements,Hide,ShowHideAutoDD,B133
Improvements,Hide,ShowHideAutoDD,C133
Improvements,Hide,ShowHideAutoDD,D133
Improvements,Hide,ShowHideAutoDD,E133
Improvements,Hide,ShowHideAutoDD,F133
Improvements,Hide,ShowHideAutoDD,G133
Improvements,Hide,ShowHideAutoDD,H133
Improvements,Hide,ShowHideAutoDD,I133
Improvements,Hide,ShowHideAutoDD,J133
Improvements,Hide,ShowHideAutoDD,K133
Improvements,Hide,ShowHideAutoDD,L133
Improvements,Hide,"""Show,Hide""",P133
Improvements,Hide,ShowHideAutoDD,R133
Improvements,Number of Spaces,"""Sum,Average,MAX,Building 1,Concatenate,TextJoin""",Z133
Improvements,Hide,ShowHideAutoDD,A134
Improvements,Hide,ShowHideAutoDD,B134
Improvements,Hide,ShowHideAutoDD,C134
Improvements,Hide,ShowHideAutoDD,D134
Improvements,Hide,ShowHideAutoDD,E134
Improvements,Hide,ShowHideAutoDD,F134
Improvements,Hide,ShowHideAutoDD,G134
Improvements,Hide,ShowHideAutoDD,H134
Improvements,Hide,ShowHideAutoDD,I134
Improvements,Hide,ShowHideAutoDD,J134
Improvements,Hide,ShowHideAutoDD,K134
Improvements,Show,ShowHideAutoDD,L134
Improvements,Hide,ShowHideAutoDD,R134
Improvements,Number of Climate Controlled Units,"""Sum,Average,MAX,Building 1,Concatenate,TextJoin""",Z134
Improvements,Unknown_Field_A141,ShowHideAutoDD,A141
Improvements,Hide,ShowHideAutoDD,B141
Improvements,Show,ShowHideAutoDD,C141
Improvements,Show,ShowHideAutoDD,D141
Improvements,Show,ShowHideAutoDD,E141
Improvements,Show,ShowHideAutoDD,F141
Improvements,Show,ShowHideAutoDD,G141
Improvements,Show,ShowHideAutoDD,H141
Improvements,Show,ShowHideAutoDD,I141
Improvements,Hide,ShowHideAutoDD,J141
Improvements,Show,ShowHideAutoDD,K141
Improvements,Show,ShowHideAutoDD,L141
Improvements,Show,"""Show,Hide""",P141
Improvements,Show,ShowHideAutoDD,R141
Improvements,Foundation,"""Sum,Average,MAX,Building 1,Concatenate,Unique Values""",Z141
Improvements,Hide,ShowHideAutoDD,A142
Improvements,Hide,ShowHideAutoDD,B142
Improvements,Auto,ShowHideAutoDD,C142
Improvements,Auto,ShowHideAutoDD,D142
Improvements,Auto,ShowHideAutoDD,E142
Improvements,Auto,ShowHideAutoDD,F142
Improvements,Auto,ShowHideAutoDD,G142
Improvements,Auto,ShowHideAutoDD,H142
Improvements,Auto,ShowHideAutoDD,I142
Improvements,Hide,ShowHideAutoDD,J142
Improvements,Auto,ShowHideAutoDD,K142
Improvements,Hide,ShowHideAutoDD,L142
Improvements,Auto,"""Show,Hide""",P142
Improvements,Show,ShowHideAutoDD,R142
Improvements,Basement Size (SF),"""Sum,Average,MAX,Building 1,Concatenate,Unique Values""",Z142
Improvements,Hide,ShowHideAutoDD,A143
Improvements,Hide,ShowHideAutoDD,B143
Improvements,Hide,ShowHideAutoDD,C143
Improvements,Hide,ShowHideAutoDD,D143
Improvements,Hide,ShowHideAutoDD,E143
Improvements,Hide,ShowHideAutoDD,F143
Improvements,Hide,ShowHideAutoDD,G143
Improvements,Hide,ShowHideAutoDD,H143
Improvements,Hide,ShowHideAutoDD,I143
Improvements,Hide,ShowHideAutoDD,J143
Improvements,Hide,ShowHideAutoDD,K143
Improvements,Hide,ShowHideAutoDD,L143
Improvements,Hide,"""Show,Hide""",P143
Improvements,Hide,ShowHideAutoDD,R143
Improvements,Basement Size (Meters),"""Sum,Building 1,Concatenate""",Z143
Improvements,Hide,ShowHideAutoDD,A144
Improvements,Hide,ShowHideAutoDD,B144
Improvements,Hide,ShowHideAutoDD,C144
Improvements,Hide,ShowHideAutoDD,D144
Improvements,Hide,ShowHideAutoDD,E144
Improvements,Hide,ShowHideAutoDD,F144
Improvements,Hide,ShowHideAutoDD,G144
Improvements,Hide,ShowHideAutoDD,H144
Improvements,Hide,ShowHideAutoDD,I144
Improvements,Hide,ShowHideAutoDD,J144
Improvements,Hide,ShowHideAutoDD,K144
Improvements,Hide,ShowHideAutoDD,L144
Improvements,Hide,"""Show,Hide""",P144
Improvements,Show,ShowHideAutoDD,R144
Improvements,Hide,ShowHideAutoDD,A145
Improvements,Hide,ShowHideAutoDD,B145
Improvements,Auto,ShowHideAutoDD,C145
Improvements,Auto,ShowHideAutoDD,D145
Improvements,Auto,ShowHideAutoDD,E145
Improvements,Auto,ShowHideAutoDD,F145
Improvements,Auto,ShowHideAutoDD,G145
Improvements,Auto,ShowHideAutoDD,H145
Improvements,Auto,ShowHideAutoDD,I145
Improvements,Hide,ShowHideAutoDD,J145
Improvements,Auto,ShowHideAutoDD,K145
Improvements,Hide,ShowHideAutoDD,L145
Improvements,Auto,"""Show,Hide""",P145
Improvements,Show,ShowHideAutoDD,R145
Improvements,Basement Use/Finish,"""Sum,Average,MAX,Building 1,Concatenate,Unique Values""",Z145
Improvements,Hide,ShowHideAutoDD,A146
Improvements,Hide,ShowHideAutoDD,B146
Improvements,Show,ShowHideAutoDD,C146
Improvements,Show,ShowHideAutoDD,D146
Improvements,Show,ShowHideAutoDD,E146
Improvements,Show,ShowHideAutoDD,F146
Improvements,Show,ShowHideAutoDD,G146
Improvements,Show,ShowHideAutoDD,H146
Improvements,Show,ShowHideAutoDD,I146
Improvements,Hide,ShowHideAutoDD,J146
Improvements,Show,ShowHideAutoDD,K146
Improvements,Show,ShowHideAutoDD,L146
Improvements,Show,"""Show,Hide""",P146
Improvements,Show,ShowHideAutoDD,R146
Improvements,Frame,"""Sum,Average,MAX,Building 1,Concatenate,Unique Values""",Z146
Improvements,Hide,ShowHideAutoDD,A147
Improvements,Hide,ShowHideAutoDD,B147
Improvements,Hide,ShowHideAutoDD,C147
Improvements,Hide,ShowHideAutoDD,D147
Improvements,Hide,ShowHideAutoDD,E147
Improvements,Hide,ShowHideAutoDD,F147
Improvements,Hide,ShowHideAutoDD,G147
Improvements,Hide,ShowHideAutoDD,H147
Improvements,Hide,ShowHideAutoDD,I147
Improvements,Hide,ShowHideAutoDD,J147
Improvements,Show,ShowHideAutoDD,K147
Improvements,Hide,ShowHideAutoDD,L147
Improvements,Hide,"""Show,Hide""",P147
Improvements,Show,ShowHideAutoDD,R147
Improvements,Column Spacing (Feet),"""Sum,Average,MAX,Building 1,Concatenate,Unique Values""",Z147
Improvements,Hide,ShowHideAutoDD,A148
Improvements,Hide,ShowHideAutoDD,B148
Improvements,Hide,ShowHideAutoDD,C148
Improvements,Hide,ShowHideAutoDD,D148
Improvements,Hide,ShowHideAutoDD,E148
Improvements,Hide,ShowHideAutoDD,F148
Improvements,Hide,ShowHideAutoDD,G148
Improvements,Hide,ShowHideAutoDD,H148
Improvements,Hide,ShowHideAutoDD,I148
Improvements,Hide,ShowHideAutoDD,J148
Improvements,Hide,ShowHideAutoDD,K148
Improvements,Hide,ShowHideAutoDD,L148
Improvements,Hide,"""Show,Hide""",P148
Improvements,Hide,ShowHideAutoDD,R148
Improvements,Column Spacing (Meters),"""Sum,Average,MAX,Building 1,Concatenate,Unique Values""",Z148
Improvements,Hide,ShowHideAutoDD,A149
Improvements,Hide,ShowHideAutoDD,B149
Improvements,Hide,ShowHideAutoDD,C149
Improvements,Hide,ShowHideAutoDD,D149
Improvements,Hide,ShowHideAutoDD,E149
Improvements,Hide,ShowHideAutoDD,F149
Improvements,Hide,ShowHideAutoDD,G149
Improvements,Hide,ShowHideAutoDD,H149
Improvements,Hide,ShowHideAutoDD,I149
Improvements,Hide,ShowHideAutoDD,J149
Improvements,Show,ShowHideAutoDD,K149
Improvements,Hide,ShowHideAutoDD,L149
Improvements,Hide,ShowHideAutoDD,R149
Improvements,Typical Bay Depth (Feet),"""Sum,Average,MAX,Building 1,Concatenate,Unique Values""",Z149
Improvements,Hide,ShowHideAutoDD,A150
Improvements,Hide,ShowHideAutoDD,B150
Improvements,Hide,ShowHideAutoDD,C150
Improvements,Hide,ShowHideAutoDD,D150
Improvements,Hide,ShowHideAutoDD,E150
Improvements,Hide,ShowHideAutoDD,F150
Improvements,Hide,ShowHideAutoDD,G150
Improvements,Hide,ShowHideAutoDD,H150
Improvements,Hide,ShowHideAutoDD,I150
Improvements,Hide,ShowHideAutoDD,J150
Improvements,Hide,ShowHideAutoDD,K150
Improvements,Hide,ShowHideAutoDD,L150
Improvements,Hide,ShowHideAutoDD,R150
Improvements,Typical Bay Depth (Meters),"""Sum,Average,MAX,Building 1,Concatenate,Unique Values""",Z150
Improvements,Hide,ShowHideAutoDD,A151
Improvements,Hide,ShowHideAutoDD,B151
Improvements,Show,ShowHideAutoDD,C151
Improvements,Show,ShowHideAutoDD,D151
Improvements,Show,ShowHideAutoDD,E151
Improvements,Show,ShowHideAutoDD,F151
Improvements,Show,ShowHideAutoDD,G151
Improvements,Show,ShowHideAutoDD,H151
Improvements,Show,ShowHideAutoDD,I151
Improvements,Hide,ShowHideAutoDD,J151
Improvements,Show,ShowHideAutoDD,K151
Improvements,Show,ShowHideAutoDD,L151
Improvements,Show,"""Show,Hide""",P151
Improvements,Show,ShowHideAutoDD,R151
Improvements,Exterior Walls,"""Sum,Average,MAX,Building 1,Concatenate,Unique Values""",Z151
Improvements,Hide,ShowHideAutoDD,A152
Improvements,Hide,ShowHideAutoDD,B152
Improvements,Show,ShowHideAutoDD,C152
Improvements,Show,ShowHideAutoDD,D152
Improvements,Show,ShowHideAutoDD,E152
Improvements,Show,ShowHideAutoDD,F152
Improvements,Show,ShowHideAutoDD,G152
Improvements,Show,ShowHideAutoDD,H152
Improvements,Show,ShowHideAutoDD,I152
Improvements,Hide,ShowHideAutoDD,J152
Improvements,Show,ShowHideAutoDD,K152
Improvements,Show,ShowHideAutoDD,L152
Improvements,Show,"""Show,Hide""",P152
Improvements,Show,ShowHideAutoDD,R152
Improvements,Windows,"""Sum,Average,MAX,Building 1,Concatenate,Unique Values""",Z152
Improvements,Hide,ShowHideAutoDD,A153
Improvements,Hide,ShowHideAutoDD,B153
Improvements,Show,ShowHideAutoDD,C153
Improvements,Show,ShowHideAutoDD,D153
Improvements,Show,ShowHideAutoDD,E153
Improvements,Show,ShowHideAutoDD,F153
Improvements,Show,ShowHideAutoDD,G153
Improvements,Show,ShowHideAutoDD,H153
Improvements,Show,ShowHideAutoDD,I153
Improvements,Hide,ShowHideAutoDD,J153
Improvements,Show,ShowHideAutoDD,K153
Improvements,Show,ShowHideAutoDD,L153
Improvements,Show,"""Show,Hide""",P153
Improvements,Show,ShowHideAutoDD,R153
Improvements,Roof Type,"""Sum,Average,MAX,Building 1,Concatenate,Unique Values""",Z153
Improvements,Hide,ShowHideAutoDD,A154
Improvements,Hide,ShowHideAutoDD,B154
Improvements,Show,ShowHideAutoDD,C154
Improvements,Show,ShowHideAutoDD,D154
Improvements,Show,ShowHideAutoDD,E154
Improvements,Show,ShowHideAutoDD,F154
Improvements,Show,ShowHideAutoDD,G154
Improvements,Show,ShowHideAutoDD,H154
Improvements,Show,ShowHideAutoDD,I154
Improvements,Hide,ShowHideAutoDD,J154
Improvements,Show,ShowHideAutoDD,K154
Improvements,Show,ShowHideAutoDD,L154
Improvements,Show,"""Show,Hide""",P154
Improvements,Show,ShowHideAutoDD,R154
Improvements,Roof Cover,"""Sum,Average,MAX,Building 1,Concatenate,Unique Values""",Z154
Improvements,Hide,ShowHideAutoDD,A155
Improvements,Hide,ShowHideAutoDD,B155
Improvements,Hide,ShowHideAutoDD,C155
Improvements,Hide,ShowHideAutoDD,D155
Improvements,Hide,ShowHideAutoDD,E155
Improvements,Hide,ShowHideAutoDD,F155
Improvements,Hide,ShowHideAutoDD,G155
Improvements,Hide,ShowHideAutoDD,H155
Improvements,Hide,ShowHideAutoDD,I155
Improvements,Hide,ShowHideAutoDD,J155
Improvements,Show,ShowHideAutoDD,K155
Improvements,Hide,ShowHideAutoDD,L155
Improvements,Hide,ShowHideAutoDD,R155
Improvements,Number of Truck Doors,"""Sum,Average,MAX,Building 1,Concatenate,TextJoin""",Z155
Improvements,Hide,ShowHideAutoDD,A156
Improvements,Hide,ShowHideAutoDD,B156
Improvements,Hide,ShowHideAutoDD,C156
Improvements,Hide,ShowHideAutoDD,D156
Improvements,Hide,ShowHideAutoDD,E156
Improvements,Hide,ShowHideAutoDD,F156
Improvements,Hide,ShowHideAutoDD,G156
Improvements,Hide,ShowHideAutoDD,H156
Improvements,Hide,ShowHideAutoDD,I156
Improvements,Hide,ShowHideAutoDD,J156
Improvements,Show,ShowHideAutoDD,K156
Improvements,Hide,ShowHideAutoDD,L156
Improvements,Hide,ShowHideAutoDD,R156
Improvements,Number of Truck Doors With Levelers,"""Sum,Average,MAX,Building 1,Concatenate,TextJoin""",Z156
Improvements,Hide,ShowHideAutoDD,A157
Improvements,Hide,ShowHideAutoDD,B157
Improvements,Hide,ShowHideAutoDD,C157
Improvements,Hide,ShowHideAutoDD,D157
Improvements,Hide,ShowHideAutoDD,E157
Improvements,Hide,ShowHideAutoDD,F157
Improvements,Hide,ShowHideAutoDD,G157
Improvements,Hide,ShowHideAutoDD,H157
Improvements,Hide,ShowHideAutoDD,I157
Improvements,Hide,ShowHideAutoDD,J157
Improvements,Show,ShowHideAutoDD,K157
Improvements,Hide,ShowHideAutoDD,L157
Improvements,Hide,ShowHideAutoDD,R157
Improvements,Clear Height,"""Sum,Average,MAX,Building 1,Concatenate,TextJoin""",Z157
Improvements,Hide,ShowHideAutoDD,A158
Improvements,Hide,ShowHideAutoDD,B158
Improvements,Hide,ShowHideAutoDD,C158
Improvements,Hide,ShowHideAutoDD,D158
Improvements,Hide,ShowHideAutoDD,E158
Improvements,Hide,ShowHideAutoDD,F158
Improvements,Hide,ShowHideAutoDD,G158
Improvements,Hide,ShowHideAutoDD,H158
Improvements,Hide,ShowHideAutoDD,I158
Improvements,Hide,ShowHideAutoDD,J158
Improvements,Show,ShowHideAutoDD,K158
Improvements,Hide,ShowHideAutoDD,L158
Improvements,Hide,ShowHideAutoDD,R158
Improvements,Craneways,"""Sum,Average,MAX,Building 1,Concatenate,TextJoin""",Z158
Improvements,Unknown_Field_A165,ShowHideAutoDD,A165
Improvements,Hide,ShowHideAutoDD,B165
Improvements,Show,ShowHideAutoDD,C165
Improvements,Show,ShowHideAutoDD,D165
Improvements,Show,ShowHideAutoDD,E165
Improvements,Hide,ShowHideAutoDD,F165
Improvements,Hide,ShowHideAutoDD,G165
Improvements,Hide,ShowHideAutoDD,H165
Improvements,Hide,ShowHideAutoDD,I165
Improvements,Hide,ShowHideAutoDD,J165
Improvements,Hide,ShowHideAutoDD,K165
Improvements,Hide,ShowHideAutoDD,L165
Improvements,Show,"""Show,Hide""",P165
Improvements,Show,ShowHideAutoDD,R165
Improvements,Floor Plan Layout,"""Sum,Average,MAX,Building 1,Concatenate,Unique Values""",Z165
Improvements,Hide,ShowHideAutoDD,A166
Improvements,Hide,ShowHideAutoDD,B166
Improvements,Show,ShowHideAutoDD,C166
Improvements,Show,ShowHideAutoDD,D166
Improvements,Show,ShowHideAutoDD,E166
Improvements,Show,ShowHideAutoDD,F166
Improvements,Show,ShowHideAutoDD,G166
Improvements,Show,ShowHideAutoDD,H166
Improvements,Show,ShowHideAutoDD,I166
Improvements,Hide,ShowHideAutoDD,J166
Improvements,Show,ShowHideAutoDD,K166
Improvements,Show,ShowHideAutoDD,L166
Improvements,Show,"""Show,Hide""",P166
Improvements,Show,ShowHideAutoDD,R166
Improvements,Floor Covering,"""Sum,Average,MAX,Building 1,Concatenate,Unique Values""",Z166
Improvements,Hide,ShowHideAutoDD,A167
Improvements,Hide,ShowHideAutoDD,B167
Improvements,Show,ShowHideAutoDD,C167
Improvements,Show,ShowHideAutoDD,D167
Improvements,Show,ShowHideAutoDD,E167
Improvements,Show,ShowHideAutoDD,F167
Improvements,Show,ShowHideAutoDD,G167
Improvements,Show,ShowHideAutoDD,H167
Improvements,Show,ShowHideAutoDD,I167
Improvements,Hide,ShowHideAutoDD,J167
Improvements,Show,ShowHideAutoDD,K167
Improvements,Show,ShowHideAutoDD,L167
Improvements,Show,"""Show,Hide""",P167
Improvements,Show,ShowHideAutoDD,R167
Improvements,Walls,"""Sum,Average,MAX,Building 1,Concatenate,Unique Values""",Z167
Improvements,Hide,ShowHideAutoDD,A168
Improvements,Hide,ShowHideAutoDD,B168
Improvements,Show,ShowHideAutoDD,C168
Improvements,Show,ShowHideAutoDD,D168
Improvements,Show,ShowHideAutoDD,E168
Improvements,Show,ShowHideAutoDD,F168
Improvements,Show,ShowHideAutoDD,G168
Improvements,Show,ShowHideAutoDD,H168
Improvements,Show,ShowHideAutoDD,I168
Improvements,Hide,ShowHideAutoDD,J168
Improvements,Show,ShowHideAutoDD,K168
Improvements,Show,ShowHideAutoDD,L168
Improvements,Show,"""Show,Hide""",P168
Improvements,Show,ShowHideAutoDD,R168
Improvements,Ceiling Cover,"""Sum,Average,MAX,Building 1,Concatenate,Unique Values""",Z168
Improvements,Hide,ShowHideAutoDD,A169
Improvements,Hide,ShowHideAutoDD,B169
Improvements,Hide,ShowHideAutoDD,C169
Improvements,Hide,ShowHideAutoDD,D169
Improvements,Hide,ShowHideAutoDD,E169
Improvements,Hide,ShowHideAutoDD,F169
Improvements,Hide,ShowHideAutoDD,G169
Improvements,Hide,ShowHideAutoDD,H169
Improvements,Hide,ShowHideAutoDD,I169
Improvements,Hide,ShowHideAutoDD,J169
Improvements,Show,ShowHideAutoDD,K169
Improvements,Show,ShowHideAutoDD,L169
Improvements,Hide,"""Show,Hide""",P169
Improvements,Show,ShowHideAutoDD,R169
Improvements,"Ceiling Height (Effective, Feet)","""Sum,Average,MAX,Building 1,Concatenate,Unique Values""",Z169
Improvements,Hide,ShowHideAutoDD,A170
Improvements,Hide,ShowHideAutoDD,B170
Improvements,Hide,ShowHideAutoDD,C170
Improvements,Hide,ShowHideAutoDD,D170
Improvements,Hide,ShowHideAutoDD,E170
Improvements,Hide,ShowHideAutoDD,F170
Improvements,Hide,ShowHideAutoDD,G170
Improvements,Hide,ShowHideAutoDD,H170
Improvements,Hide,ShowHideAutoDD,I170
Improvements,Hide,ShowHideAutoDD,J170
Improvements,Hide,ShowHideAutoDD,K170
Improvements,Hide,ShowHideAutoDD,L170
Improvements,Hide,"""Show,Hide""",P170
Improvements,Hide,ShowHideAutoDD,R170
Improvements,"Ceiling Height (Effective, Metric > )","""Sum,Building 1,Concatenate""",Z170
Improvements,Hide,ShowHideAutoDD,A171
Improvements,Hide,ShowHideAutoDD,B171
Improvements,Show,ShowHideAutoDD,C171
Improvements,Show,ShowHideAutoDD,D171
Improvements,Show,ShowHideAutoDD,E171
Improvements,Show,ShowHideAutoDD,F171
Improvements,Show,ShowHideAutoDD,G171
Improvements,Show,ShowHideAutoDD,H171
Improvements,Show,ShowHideAutoDD,I171
Improvements,Hide,ShowHideAutoDD,J171
Improvements,Show,ShowHideAutoDD,K171
Improvements,Show,ShowHideAutoDD,L171
Improvements,Show,"""Show,Hide""",P171
Improvements,Show,ShowHideAutoDD,R171
Improvements,Interior Lighting,"""Sum,Average,MAX,Building 1,Concatenate,Unique Values""",Z171
Improvements,Hide,ShowHideAutoDD,A172
Improvements,Hide,ShowHideAutoDD,B172
Improvements,Show,ShowHideAutoDD,C172
Improvements,Show,ShowHideAutoDD,D172
Improvements,Hide,ShowHideAutoDD,E172
Improvements,Show,ShowHideAutoDD,F172
Improvements,Show,ShowHideAutoDD,G172
Improvements,Show,ShowHideAutoDD,H172
Improvements,Show,ShowHideAutoDD,I172
Improvements,Hide,ShowHideAutoDD,J172
Improvements,Show,ShowHideAutoDD,K172
Improvements,Show,ShowHideAutoDD,L172
Improvements,Show,"""Show,Hide""",P172
Improvements,Show,ShowHideAutoDD,R172
Improvements,Restrooms,"""Sum,Average,MAX,Building 1,Concatenate,Unique Values""",Z172
Improvements,Unknown_Field_A179,ShowHideAutoDD,A179
Improvements,Hide,ShowHideAutoDD,B179
Improvements,Show,ShowHideAutoDD,C179
Improvements,Show,ShowHideAutoDD,D179
Improvements,Show,ShowHideAutoDD,E179
Improvements,Show,ShowHideAutoDD,F179
Improvements,Show,ShowHideAutoDD,G179
Improvements,Show,ShowHideAutoDD,H179
Improvements,Show,ShowHideAutoDD,I179
Improvements,Hide,ShowHideAutoDD,J179
Improvements,Show,ShowHideAutoDD,K179
Improvements,Hide,ShowHideAutoDD,L179
Improvements,Show,"""Show,Hide""",P179
Improvements,Show,ShowHideAutoDD,R179
Improvements,Heating,"""Sum,Average,MAX,Building 1,Concatenate,Unique Values""",Z179
Improvements,Hide,ShowHideAutoDD,A180
Improvements,Hide,ShowHideAutoDD,B180
Improvements,Show,ShowHideAutoDD,C180
Improvements,Show,ShowHideAutoDD,D180
Improvements,Show,ShowHideAutoDD,E180
Improvements,Show,ShowHideAutoDD,F180
Improvements,Show,ShowHideAutoDD,G180
Improvements,Show,ShowHideAutoDD,H180
Improvements,Show,ShowHideAutoDD,I180
Improvements,Hide,ShowHideAutoDD,J180
Improvements,Show,ShowHideAutoDD,K180
Improvements,Show,ShowHideAutoDD,L180
Improvements,Show,"""Show,Hide""",P180
Improvements,Show,ShowHideAutoDD,R180
Improvements,Cooling,"""Sum,Average,MAX,Building 1,Concatenate,Unique Values""",Z180
Improvements,Hide,ShowHideAutoDD,A181
Improvements,Hide,ShowHideAutoDD,B181
Improvements,Show,ShowHideAutoDD,C181
Improvements,Show,ShowHideAutoDD,D181
Improvements,Show,ShowHideAutoDD,E181
Improvements,Show,ShowHideAutoDD,F181
Improvements,Show,ShowHideAutoDD,G181
Improvements,Show,ShowHideAutoDD,H181
Improvements,Show,ShowHideAutoDD,I181
Improvements,Hide,ShowHideAutoDD,J181
Improvements,Show,ShowHideAutoDD,K181
Improvements,Show,ShowHideAutoDD,L181
Improvements,Show,"""Show,Hide""",P181
Improvements,Show,ShowHideAutoDD,R181
Improvements,Electrical,"""Sum,Average,MAX,Building 1,Concatenate,Unique Values""",Z181
Improvements,Hide,ShowHideAutoDD,A182
Improvements,Hide,ShowHideAutoDD,B182
Improvements,Show,ShowHideAutoDD,C182
Improvements,Show,ShowHideAutoDD,D182
Improvements,Show,ShowHideAutoDD,E182
Improvements,Show,ShowHideAutoDD,F182
Improvements,Show,ShowHideAutoDD,G182
Improvements,Show,ShowHideAutoDD,H182
Improvements,Show,ShowHideAutoDD,I182
Improvements,Hide,ShowHideAutoDD,J182
Improvements,Show,ShowHideAutoDD,K182
Improvements,Show,ShowHideAutoDD,L182
Improvements,Show,"""Show,Hide""",P182
Improvements,Show,ShowHideAutoDD,R182
Improvements,Plumbing Condition,"""Sum,Average,MAX,Building 1,Concatenate,Unique Values""",Z182
Improvements,Hide,ShowHideAutoDD,A183
Improvements,Hide,ShowHideAutoDD,B183
Improvements,Show,ShowHideAutoDD,C183
Improvements,Show,ShowHideAutoDD,D183
Improvements,Show,ShowHideAutoDD,E183
Improvements,Show,ShowHideAutoDD,F183
Improvements,Show,ShowHideAutoDD,G183
Improvements,Show,ShowHideAutoDD,H183
Improvements,Show,ShowHideAutoDD,I183
Improvements,Hide,ShowHideAutoDD,J183
Improvements,Show,ShowHideAutoDD,K183
Improvements,Show,ShowHideAutoDD,L183
Improvements,Show,"""Show,Hide""",P183
Improvements,Show,ShowHideAutoDD,R183
Improvements,Fire Sprinkler,"""Sum,Average,MAX,Building 1,Concatenate,Unique Values""",Z183
Improvements,Hide,ShowHideAutoDD,A184
Improvements,Hide,ShowHideAutoDD,B184
Improvements,Show,ShowHideAutoDD,C184
Improvements,Show,ShowHideAutoDD,D184
Improvements,Show,ShowHideAutoDD,E184
Improvements,Show,ShowHideAutoDD,F184
Improvements,Show,ShowHideAutoDD,G184
Improvements,Show,ShowHideAutoDD,H184
Improvements,Show,ShowHideAutoDD,I184
Improvements,Show,ShowHideAutoDD,J184
Improvements,Show,ShowHideAutoDD,K184
Improvements,Show,ShowHideAutoDD,L184
Improvements,Show,"""Show,Hide""",P184
Improvements,Show,ShowHideAutoDD,R184
Improvements,Number of Elevators,"""Sum,Average,MAX,Building 1,Concatenate,Unique Values""",Z184
Improvements,Hide,ShowHideAutoDD,A185
Improvements,Hide,ShowHideAutoDD,B185
Improvements,Hide,ShowHideAutoDD,C185
Improvements,Hide,ShowHideAutoDD,D185
Improvements,Hide,ShowHideAutoDD,E185
Improvements,Hide,ShowHideAutoDD,F185
Improvements,Hide,ShowHideAutoDD,G185
Improvements,Hide,ShowHideAutoDD,H185
Improvements,Hide,ShowHideAutoDD,I185
Improvements,Hide,ShowHideAutoDD,J185
Improvements,Hide,ShowHideAutoDD,K185
Improvements,Hide,ShowHideAutoDD,L185
Improvements,Hide,"""Show,Hide""",P185
Improvements,Show,ShowHideAutoDD,R185
Improvements,Number of Escalators,"""Sum,Average,MAX,Building 1,Concatenate,Unique Values""",Z185
Improvements,Hide,ShowHideAutoDD,A186
Improvements,Hide,ShowHideAutoDD,B186
Improvements,Show,ShowHideAutoDD,C186
Improvements,Show,ShowHideAutoDD,D186
Improvements,Show,ShowHideAutoDD,E186
Improvements,Show,ShowHideAutoDD,F186
Improvements,Show,ShowHideAutoDD,G186
Improvements,Show,ShowHideAutoDD,H186
Improvements,Show,ShowHideAutoDD,I186
Improvements,Hide,ShowHideAutoDD,J186
Improvements,Show,ShowHideAutoDD,K186
Improvements,Show,ShowHideAutoDD,L186
Improvements,Show,"""Show,Hide""",P186
Improvements,Show,ShowHideAutoDD,R186
Improvements,Security,"""Sum,Average,MAX,Building 1,Concatenate,Unique Values""",Z186
Improvements,Hide,ShowHideAutoDD,A187
Improvements,Hide,ShowHideAutoDD,B187
Improvements,Show,ShowHideAutoDD,C187
Improvements,Show,ShowHideAutoDD,D187
Improvements,Hide,ShowHideAutoDD,E187
Improvements,Show,ShowHideAutoDD,F187
Improvements,Show,ShowHideAutoDD,G187
Improvements,Show,ShowHideAutoDD,H187
Improvements,Show,ShowHideAutoDD,I187
Improvements,Hide,ShowHideAutoDD,J187
Improvements,Show,ShowHideAutoDD,K187
Improvements,Hide,ShowHideAutoDD,L187
Improvements,Show,"""Show,Hide""",P187
Improvements,Show,ShowHideAutoDD,R187
Improvements,Deferred Maintenance,"""Sum,Average,MAX,Building 1,Concatenate,Unique Values""",Z187
Improvements,Hide,ShowHideAutoDD,A188
Improvements,Hide,ShowHideAutoDD,B188
Improvements,Show,ShowHideAutoDD,C188
Improvements,Show,ShowHideAutoDD,D188
Improvements,Show,ShowHideAutoDD,E188
Improvements,Hide,ShowHideAutoDD,F188
Improvements,Hide,ShowHideAutoDD,G188
Improvements,Hide,ShowHideAutoDD,H188
Improvements,Hide,ShowHideAutoDD,I188
Improvements,Hide,ShowHideAutoDD,J188
Improvements,Show,ShowHideAutoDD,K188
Improvements,Hide,ShowHideAutoDD,L188
Improvements,Show,"""Show,Hide""",P188
Improvements,Show,ShowHideAutoDD,R188
Improvements,FF & E Description,"""Sum,Average,MAX,Building 1,Concatenate,Unique Values""",Z188
Improvements,Hide,ShowHideAutoDD,A189
Improvements,Hide,ShowHideAutoDD,B189
Improvements,Show,ShowHideAutoDD,C189
Improvements,Show,ShowHideAutoDD,D189
Improvements,Show,ShowHideAutoDD,E189
Improvements,Show,ShowHideAutoDD,F189
Improvements,Show,ShowHideAutoDD,G189
Improvements,Show,ShowHideAutoDD,H189
Improvements,Show,ShowHideAutoDD,I189
Improvements,Hide,ShowHideAutoDD,J189
Improvements,Show,ShowHideAutoDD,K189
Improvements,Hide,ShowHideAutoDD,L189
Improvements,Show,"""Show,Hide""",P189
Improvements,Show,ShowHideAutoDD,R189
Improvements,Building Description Comments,"""Sum,Average,MAX,Building 1,Concatenate,Unique Values""",Z189
Improvements,Unknown_Field_A196,ShowHideAutoDD,A196
Improvements,Hide,ShowHideAutoDD,B196
Improvements,Hide,ShowHideAutoDD,C196
Improvements,Hide,ShowHideAutoDD,D196
Improvements,Hide,ShowHideAutoDD,E196
Improvements,Hide,ShowHideAutoDD,F196
Improvements,Hide,ShowHideAutoDD,G196
Improvements,Hide,ShowHideAutoDD,H196
Improvements,Hide,ShowHideAutoDD,I196
Improvements,Hide,ShowHideAutoDD,J196
Improvements,Hide,ShowHideAutoDD,K196
Improvements,Hide,ShowHideAutoDD,L196
Improvements,Hide,ShowHideAutoDD,R196
Improvements,Hide,ShowHideAutoDD,A197
Improvements,Hide,ShowHideAutoDD,B197
Improvements,Hide,ShowHideAutoDD,C197
Improvements,Hide,ShowHideAutoDD,D197
Improvements,Hide,ShowHideAutoDD,E197
Improvements,Hide,ShowHideAutoDD,F197
Improvements,Hide,ShowHideAutoDD,G197
Improvements,Hide,ShowHideAutoDD,H197
Improvements,Hide,ShowHideAutoDD,I197
Improvements,Hide,ShowHideAutoDD,J197
Improvements,Hide,ShowHideAutoDD,K197
Improvements,Hide,ShowHideAutoDD,L197
Improvements,Hide,ShowHideAutoDD,R197
Improvements,Design,"""Sum,Average,MAX,Building 1,Concatenate,Unique Values""",Z197
Improvements,Hide,ShowHideAutoDD,A198
Improvements,Hide,ShowHideAutoDD,B198
Improvements,Hide,ShowHideAutoDD,C198
Improvements,Hide,ShowHideAutoDD,D198
Improvements,Hide,ShowHideAutoDD,E198
Improvements,Hide,ShowHideAutoDD,F198
Improvements,Hide,ShowHideAutoDD,G198
Improvements,Hide,ShowHideAutoDD,H198
Improvements,Hide,ShowHideAutoDD,I198
Improvements,Hide,ShowHideAutoDD,J198
Improvements,Hide,ShowHideAutoDD,K198
Improvements,Hide,ShowHideAutoDD,L198
Improvements,Hide,ShowHideAutoDD,R198
Improvements,Hide,ShowHideAutoDD,A199
Improvements,Hide,ShowHideAutoDD,B199
Improvements,Hide,ShowHideAutoDD,C199
Improvements,Hide,ShowHideAutoDD,D199
Improvements,Hide,ShowHideAutoDD,E199
Improvements,Hide,ShowHideAutoDD,F199
Improvements,Hide,ShowHideAutoDD,G199
Improvements,Hide,ShowHideAutoDD,H199
Improvements,Hide,ShowHideAutoDD,I199
Improvements,Hide,ShowHideAutoDD,J199
Improvements,Hide,ShowHideAutoDD,K199
Improvements,Hide,ShowHideAutoDD,L199
Improvements,Ctrl+Home to top,ShowHideAutoDD,R199
Improvements,Hide,ShowHideAutoDD,A200
Improvements,Hide,ShowHideAutoDD,B200
Improvements,Hide,ShowHideAutoDD,C200
Improvements,Hide,ShowHideAutoDD,D200
Improvements,Hide,ShowHideAutoDD,E200
Improvements,Hide,ShowHideAutoDD,F200
Improvements,Hide,ShowHideAutoDD,G200
Improvements,Hide,ShowHideAutoDD,H200
Improvements,Hide,ShowHideAutoDD,I200
Improvements,Hide,ShowHideAutoDD,J200
Improvements,Hide,ShowHideAutoDD,K200
Improvements,Hide,ShowHideAutoDD,L200
Improvements,Hide,ShowHideAutoDD,R200
Improvements,Hide,ShowHideAutoDD,A201
Improvements,Hide,ShowHideAutoDD,B201
Improvements,Hide,ShowHideAutoDD,C201
Improvements,Hide,ShowHideAutoDD,D201
Improvements,Hide,ShowHideAutoDD,E201
Improvements,Hide,ShowHideAutoDD,F201
Improvements,Hide,ShowHideAutoDD,G201
Improvements,Hide,ShowHideAutoDD,H201
Improvements,Hide,ShowHideAutoDD,I201
Improvements,Hide,ShowHideAutoDD,J201
Improvements,Hide,ShowHideAutoDD,K201
Improvements,Hide,ShowHideAutoDD,L201
Improvements,Hide,ShowHideAutoDD,R201
Improvements,Fireplace/Woodstove,"""Sum,Average,MAX,Building 1,Concatenate,Unique Values""",Z201
Improvements,Hide,ShowHideAutoDD,A202
Improvements,Hide,ShowHideAutoDD,B202
Improvements,Hide,ShowHideAutoDD,C202
Improvements,Hide,ShowHideAutoDD,D202
Improvements,Hide,ShowHideAutoDD,E202
Improvements,Hide,ShowHideAutoDD,F202
Improvements,Hide,ShowHideAutoDD,G202
Improvements,Hide,ShowHideAutoDD,H202
Improvements,Hide,ShowHideAutoDD,I202
Improvements,Hide,ShowHideAutoDD,J202
Improvements,Hide,ShowHideAutoDD,K202
Improvements,Hide,ShowHideAutoDD,L202
Improvements,Hide,ShowHideAutoDD,R202
Improvements,Porch/Deck,"""Sum,Average,MAX,Building 1,Concatenate,Unique Values""",Z202
Improvements,Hide,ShowHideAutoDD,A203
Improvements,Hide,ShowHideAutoDD,B203
Improvements,Hide,ShowHideAutoDD,C203
Improvements,Hide,ShowHideAutoDD,D203
Improvements,Hide,ShowHideAutoDD,E203
Improvements,Hide,ShowHideAutoDD,F203
Improvements,Hide,ShowHideAutoDD,G203
Improvements,Hide,ShowHideAutoDD,H203
Improvements,Hide,ShowHideAutoDD,I203
Improvements,Hide,ShowHideAutoDD,J203
Improvements,Hide,ShowHideAutoDD,K203
Improvements,Hide,ShowHideAutoDD,L203
Improvements,Hide,ShowHideAutoDD,R203
Improvements,Garage,"""Sum,Average,MAX,Building 1,Concatenate,Unique Values""",Z203
Improvements,Hide,ShowHideAutoDD,A204
Improvements,Hide,ShowHideAutoDD,B204
Improvements,Hide,ShowHideAutoDD,C204
Improvements,Hide,ShowHideAutoDD,D204
Improvements,Hide,ShowHideAutoDD,E204
Improvements,Hide,ShowHideAutoDD,F204
Improvements,Hide,ShowHideAutoDD,G204
Improvements,Hide,ShowHideAutoDD,H204
Improvements,Hide,ShowHideAutoDD,I204
Improvements,Hide,ShowHideAutoDD,J204
Improvements,Hide,ShowHideAutoDD,K204
Improvements,Hide,ShowHideAutoDD,L204
Improvements,Hide,ShowHideAutoDD,R204
Improvements,Ancillary Buildings/Shed,"""Sum,Average,MAX,Building 1,Concatenate,Unique Values""",Z204
Improvements,Hide,ShowHideAutoDD,A205
Improvements,Hide,ShowHideAutoDD,B205
Improvements,Hide,ShowHideAutoDD,C205
Improvements,Hide,ShowHideAutoDD,D205
Improvements,Hide,ShowHideAutoDD,E205
Improvements,Hide,ShowHideAutoDD,F205
Improvements,Hide,ShowHideAutoDD,G205
Improvements,Hide,ShowHideAutoDD,H205
Improvements,Hide,ShowHideAutoDD,I205
Improvements,Hide,ShowHideAutoDD,J205
Improvements,Hide,ShowHideAutoDD,K205
Improvements,Hide,ShowHideAutoDD,L205
Improvements,Hide,ShowHideAutoDD,R205
Improvements,Dock/Boathouse,"""Sum,Average,MAX,Building 1,Concatenate,Unique Values""",Z205
Improvements,Hide,ShowHideAutoDD,A206
Improvements,Hide,ShowHideAutoDD,B206
Improvements,Hide,ShowHideAutoDD,C206
Improvements,Hide,ShowHideAutoDD,D206
Improvements,Hide,ShowHideAutoDD,E206
Improvements,Hide,ShowHideAutoDD,F206
Improvements,Hide,ShowHideAutoDD,G206
Improvements,Hide,ShowHideAutoDD,H206
Improvements,Hide,ShowHideAutoDD,I206
Improvements,Hide,ShowHideAutoDD,J206
Improvements,Hide,ShowHideAutoDD,K206
Improvements,Hide,ShowHideAutoDD,L206
Improvements,Hide,ShowHideAutoDD,R206
Improvements,Other Amenities,"""Sum,Average,MAX,Building 1,Concatenate,Unique Values""",Z206
Improvements,Hide,ShowHideAutoDD,A207
Improvements,Hide,ShowHideAutoDD,B207
Improvements,Hide,ShowHideAutoDD,C207
Improvements,Hide,ShowHideAutoDD,D207
Improvements,Hide,ShowHideAutoDD,E207
Improvements,Hide,ShowHideAutoDD,F207
Improvements,Hide,ShowHideAutoDD,G207
Improvements,Hide,ShowHideAutoDD,H207
Improvements,Hide,ShowHideAutoDD,I207
Improvements,Hide,ShowHideAutoDD,J207
Improvements,Hide,ShowHideAutoDD,K207
Improvements,Hide,ShowHideAutoDD,L207
Improvements,Hide,ShowHideAutoDD,R207
Improvements,Other,"""Sum,Average,MAX,Building 1,Concatenate,Unique Values""",Z207
Improvements,Tip: Change column width and row height to fit data (unprotect sheet first),ShowHideAutoDD,BK219
Improvements,Auto,ShowHideAutoDD,BL219
Improvements,Auto,ShowHideAutoDD,BM219
Improvements,Auto,ShowHideAutoDD,BN219
Improvements,Auto,ShowHideAutoDD,BO219
Improvements,Auto,ShowHideAutoDD,BP219
Improvements,Auto,ShowHideAutoDD,BQ219
Improvements,Auto,ShowHideAutoDD,BR219
Improvements,Auto,ShowHideAutoDD,BS219
Improvements,Auto,ShowHideAutoDD,BT219
Improvements,Multi-Family|Mobile/Manufactured Home Park,ShowHideAutoDD,AP222
Improvements,Auto,ShowHideAutoDD,AQ222
Improvements,Auto,ShowHideAutoDD,AR222
Improvements,Auto,ShowHideAutoDD,AS222
Improvements,Auto,ShowHideAutoDD,AT222
Improvements,Auto,ShowHideAutoDD,AU222
Improvements,Auto,ShowHideAutoDD,AV222
Improvements,Auto,ShowHideAutoDD,AW222
Improvements,Auto,ShowHideAutoDD,AX222
Improvements,Auto,ShowHideAutoDD,AY222
Improvements,Auto,ShowHideAutoDD,AZ222
Improvements,Auto,ShowHideAutoDD,BA222
Improvements,Auto,ShowHideAutoDD,BG222
Improvements,Auto,ShowHideAutoDD,AP223
Improvements,Hide,ShowHideAutoDD,AQ223
Improvements,Auto,ShowHideAutoDD,AR223
Improvements,Auto,ShowHideAutoDD,AS223
Improvements,Auto,ShowHideAutoDD,AT223
Improvements,Auto,ShowHideAutoDD,AU223
Improvements,Auto,ShowHideAutoDD,AV223
Improvements,Auto,ShowHideAutoDD,AW223
Improvements,Auto,ShowHideAutoDD,AX223
Improvements,Hide,ShowHideAutoDD,AY223
Improvements,Auto,ShowHideAutoDD,AZ223
Improvements,Auto,ShowHideAutoDD,BA223
Improvements,Show,ShowHideAutoDD,BG223
Improvements,Hide,ShowHideAutoDD,AP224
Improvements,Show,ShowHideAutoDD,AQ224
Improvements,Show,ShowHideAutoDD,AR224
Improvements,Show,ShowHideAutoDD,AS224
Improvements,Show,ShowHideAutoDD,AT224
Improvements,Show,ShowHideAutoDD,AU224
Improvements,Show,ShowHideAutoDD,AV224
Improvements,Show,ShowHideAutoDD,AW224
Improvements,Show,ShowHideAutoDD,AX224
Improvements,Show,ShowHideAutoDD,AY224
Improvements,Show,ShowHideAutoDD,AZ224
Improvements,Show,ShowHideAutoDD,BA224
Improvements,Hide,ShowHideAutoDD,BG224
Improvements,Show,ShowHideAutoDD,AP225
Improvements,Hide,ShowHideAutoDD,AQ225
Improvements,Hide,ShowHideAutoDD,AR225
Improvements,Hide,ShowHideAutoDD,AS225
Improvements,Hide,ShowHideAutoDD,AT225
Improvements,Hide,ShowHideAutoDD,AU225
Improvements,Hide,ShowHideAutoDD,AV225
Improvements,Hide,ShowHideAutoDD,AW225
Improvements,Hide,ShowHideAutoDD,AX225
Improvements,Hide,ShowHideAutoDD,AY225
Improvements,Hide,ShowHideAutoDD,AZ225
Improvements,Hide,ShowHideAutoDD,BA225
Improvements,Show,ShowHideAutoDD,BG225
Improvements,Hide,ShowHideAutoDD,AP226
Improvements,Hide,ShowHideAutoDD,AQ226
Improvements,Hide,ShowHideAutoDD,AR226
Improvements,Hide,ShowHideAutoDD,AS226
Improvements,Hide,ShowHideAutoDD,AT226
Improvements,Hide,ShowHideAutoDD,AU226
Improvements,Hide,ShowHideAutoDD,AV226
Improvements,Hide,ShowHideAutoDD,AW226
Improvements,Hide,ShowHideAutoDD,AX226
Improvements,Hide,ShowHideAutoDD,AY226
Improvements,Hide,ShowHideAutoDD,AZ226
Improvements,Show,ShowHideAutoDD,BA226
Improvements,Unknown_Field_BG226,ShowHideAutoDD,BG226
Improvements,Hide,ShowHideAutoDD,AP227
Improvements,Hide,ShowHideAutoDD,AQ227
Improvements,Hide,ShowHideAutoDD,AR227
Improvements,Hide,ShowHideAutoDD,AS227
Improvements,Hide,ShowHideAutoDD,AT227
Improvements,Hide,ShowHideAutoDD,AU227
Improvements,Hide,ShowHideAutoDD,AV227
Improvements,Hide,ShowHideAutoDD,AW227
Improvements,Hide,ShowHideAutoDD,AX227
Improvements,Hide,ShowHideAutoDD,AY227
Improvements,Hide,ShowHideAutoDD,AZ227
Improvements,Show,ShowHideAutoDD,BA227
Improvements,Unknown_Field_BG227,ShowHideAutoDD,BG227
Improvements,Hide,ShowHideAutoDD,AP228
Improvements,Hide,ShowHideAutoDD,AQ228
Improvements,Show,ShowHideAutoDD,AR228
Improvements,Hide,ShowHideAutoDD,AS228
Improvements,Hide,ShowHideAutoDD,AT228
Improvements,Hide,ShowHideAutoDD,AU228
Improvements,Hide,ShowHideAutoDD,AV228
Improvements,Hide,ShowHideAutoDD,AW228
Improvements,Hide,ShowHideAutoDD,AX228
Improvements,Show,ShowHideAutoDD,AY228
Improvements,Hide,ShowHideAutoDD,AZ228
Improvements,Hide,ShowHideAutoDD,BA228
Improvements,Show,ShowHideAutoDD,BG228
Improvements,Hide,ShowHideAutoDD,AP229
Improvements,Show,ShowHideAutoDD,AQ229
Improvements,Hide,ShowHideAutoDD,AR229
Improvements,Hide,ShowHideAutoDD,AS229
Improvements,Hide,ShowHideAutoDD,AT229
Improvements,Hide,ShowHideAutoDD,AU229
Improvements,Hide,ShowHideAutoDD,AV229
Improvements,Hide,ShowHideAutoDD,AW229
Improvements,Show,ShowHideAutoDD,AX229
Improvements,Hide,ShowHideAutoDD,AY229
Improvements,Hide,ShowHideAutoDD,AZ229
Improvements,Show,ShowHideAutoDD,BA229
Improvements,Unknown_Field_BG229,ShowHideAutoDD,BG229
Improvements,Hide,ShowHideAutoDD,AP230
Improvements,Show,ShowHideAutoDD,AQ230
Improvements,Hide,ShowHideAutoDD,AR230
Improvements,Hide,ShowHideAutoDD,AS230
Improvements,Hide,ShowHideAutoDD,AT230
Improvements,Hide,ShowHideAutoDD,AU230
Improvements,Hide,ShowHideAutoDD,AV230
Improvements,Hide,ShowHideAutoDD,AW230
Improvements,Show,ShowHideAutoDD,AX230
Improvements,Hide,ShowHideAutoDD,AY230
Improvements,Hide,ShowHideAutoDD,AZ230
Improvements,Show,ShowHideAutoDD,BA230
Improvements,Unknown_Field_BG230,ShowHideAutoDD,BG230
Improvements,Hide,ShowHideAutoDD,AP231
Improvements,Show,ShowHideAutoDD,AQ231
Improvements,Hide,ShowHideAutoDD,AR231
Improvements,Hide,ShowHideAutoDD,AS231
Improvements,Hide,ShowHideAutoDD,AT231
Improvements,Hide,ShowHideAutoDD,AU231
Improvements,Hide,ShowHideAutoDD,AV231
Improvements,Hide,ShowHideAutoDD,AW231
Improvements,Show,ShowHideAutoDD,AX231
Improvements,Hide,ShowHideAutoDD,AY231
Improvements,Hide,ShowHideAutoDD,AZ231
Improvements,Show,ShowHideAutoDD,BA231
Improvements,Unknown_Field_BG231,ShowHideAutoDD,BG231
Improvements,Hide,ShowHideAutoDD,AP232
Improvements,Show,ShowHideAutoDD,AQ232
Improvements,Hide,ShowHideAutoDD,AR232
Improvements,Unknown_Field_AS232,ShowHideAutoDD,AS232
Improvements,Hide,ShowHideAutoDD,AT232
Improvements,Hide,ShowHideAutoDD,AU232
Improvements,Hide,ShowHideAutoDD,AV232
Improvements,Hide,ShowHideAutoDD,AW232
Improvements,Show,ShowHideAutoDD,AX232
Improvements,Hide,ShowHideAutoDD,AY232
Improvements,Hide,ShowHideAutoDD,AZ232
Improvements,Show,ShowHideAutoDD,BA232
Improvements,Unknown_Field_BG232,ShowHideAutoDD,BG232
Improvements,Hide,ShowHideAutoDD,AP233
Improvements,Show,ShowHideAutoDD,AQ233
Improvements,Hide,ShowHideAutoDD,AR233
Improvements,Unknown_Field_AS233,ShowHideAutoDD,AS233
Improvements,Hide,ShowHideAutoDD,AT233
Improvements,Hide,ShowHideAutoDD,AU233
Improvements,Hide,ShowHideAutoDD,AV233
Improvements,Hide,ShowHideAutoDD,AW233
Improvements,Show,ShowHideAutoDD,AX233
Improvements,Hide,ShowHideAutoDD,AY233
Improvements,Hide,ShowHideAutoDD,AZ233
Improvements,Show,ShowHideAutoDD,BA233
Improvements,Unknown_Field_BG233,ShowHideAutoDD,BG233
Improvements,Hide,ShowHideAutoDD,AP234
Improvements,Show,ShowHideAutoDD,AQ234
Improvements,Hide,ShowHideAutoDD,AR234
Improvements,Unknown_Field_AS234,ShowHideAutoDD,AS234
Improvements,Hide,ShowHideAutoDD,AT234
Improvements,Hide,ShowHideAutoDD,AU234
Improvements,Hide,ShowHideAutoDD,AV234
Improvements,Hide,ShowHideAutoDD,AW234
Improvements,Show,ShowHideAutoDD,AX234
Improvements,Hide,ShowHideAutoDD,AY234
Improvements,Hide,ShowHideAutoDD,AZ234
Improvements,Hide,ShowHideAutoDD,BA234
Improvements,Unknown_Field_BG234,ShowHideAutoDD,BG234
Improvements,Unknown_Field_AP235,ShowHideAutoDD,AP235
Improvements,Hide,ShowHideAutoDD,AQ235
Improvements,Hide,ShowHideAutoDD,AR235
Improvements,Hide,ShowHideAutoDD,AS235
Improvements,Hide,ShowHideAutoDD,AT235
Improvements,Hide,ShowHideAutoDD,AU235
Improvements,Hide,ShowHideAutoDD,AV235
Improvements,Hide,ShowHideAutoDD,AW235
Improvements,Hide,ShowHideAutoDD,AX235
Improvements,Hide,ShowHideAutoDD,AY235
Improvements,Hide,ShowHideAutoDD,AZ235
Improvements,Hide,ShowHideAutoDD,BA235
Improvements,Unknown_Field_BG235,ShowHideAutoDD,BG235
Improvements,Hide,ShowHideAutoDD,AP236
Improvements,Hide,ShowHideAutoDD,AQ236
Improvements,Hide,ShowHideAutoDD,AR236
Improvements,Hide,ShowHideAutoDD,AS236
Improvements,Hide,ShowHideAutoDD,AT236
Improvements,Hide,ShowHideAutoDD,AU236
Improvements,Hide,ShowHideAutoDD,AV236
Improvements,Hide,ShowHideAutoDD,AW236
Improvements,Hide,ShowHideAutoDD,AX236
Improvements,Hide,ShowHideAutoDD,AY236
Improvements,Hide,ShowHideAutoDD,AZ236
Improvements,Unknown_Field_BA236,ShowHideAutoDD,BA236
Improvements,Unknown_Field_BG236,ShowHideAutoDD,BG236
Improvements,Hide,ShowHideAutoDD,AP237
Improvements,Hide,ShowHideAutoDD,AQ237
Improvements,Hide,ShowHideAutoDD,AR237
Improvements,Hide,ShowHideAutoDD,AS237
Improvements,Hide,ShowHideAutoDD,AT237
Improvements,Hide,ShowHideAutoDD,AU237
Improvements,Hide,ShowHideAutoDD,AV237
Improvements,Hide,ShowHideAutoDD,AW237
Improvements,Hide,ShowHideAutoDD,AX237
Improvements,Hide,ShowHideAutoDD,AY237
Improvements,Hide,ShowHideAutoDD,AZ237
Improvements,Hide,ShowHideAutoDD,BA237
Improvements,Unknown_Field_BG237,ShowHideAutoDD,BG237
Improvements,Hide,ShowHideAutoDD,AP238
Improvements,Hide,ShowHideAutoDD,AQ238
Improvements,Hide,ShowHideAutoDD,AR238
Improvements,Hide,ShowHideAutoDD,AS238
Improvements,Hide,ShowHideAutoDD,AT238
Improvements,Hide,ShowHideAutoDD,AU238
Improvements,Hide,ShowHideAutoDD,AV238
Improvements,Hide,ShowHideAutoDD,AW238
Improvements,Hide,ShowHideAutoDD,AX238
Improvements,Hide,ShowHideAutoDD,AY238
Improvements,Hide,ShowHideAutoDD,AZ238
Improvements,Hide,ShowHideAutoDD,BA238
Improvements,Hide,ShowHideAutoDD,BG238
Improvements,Hide,ShowHideAutoDD,AP239
Improvements,Hide,ShowHideAutoDD,AQ239
Improvements,Hide,ShowHideAutoDD,AR239
Improvements,Hide,ShowHideAutoDD,AS239
Improvements,Hide,ShowHideAutoDD,AT239
Improvements,Hide,ShowHideAutoDD,AU239
Improvements,Hide,ShowHideAutoDD,AV239
Improvements,Hide,ShowHideAutoDD,AW239
Improvements,Hide,ShowHideAutoDD,AX239
Improvements,Hide,ShowHideAutoDD,AY239
Improvements,Hide,ShowHideAutoDD,AZ239
Improvements,Hide,ShowHideAutoDD,BA239
Improvements,Unknown_Field_BG239,ShowHideAutoDD,BG239
Improvements,Hide,ShowHideAutoDD,AP240
Improvements,Hide,ShowHideAutoDD,AQ240
Improvements,Hide,ShowHideAutoDD,AR240
Improvements,Hide,ShowHideAutoDD,AS240
Improvements,Hide,ShowHideAutoDD,AT240
Improvements,Hide,ShowHideAutoDD,AU240
Improvements,Hide,ShowHideAutoDD,AV240
Improvements,Hide,ShowHideAutoDD,AW240
Improvements,Hide,ShowHideAutoDD,AX240
Improvements,Hide,ShowHideAutoDD,AY240
Improvements,Hide,ShowHideAutoDD,AZ240
Improvements,Hide,ShowHideAutoDD,BA240
Improvements,Unknown_Field_BG240,ShowHideAutoDD,BG240
Improvements,Hide,ShowHideAutoDD,AP241
Improvements,Hide,ShowHideAutoDD,AQ241
Improvements,Hide,ShowHideAutoDD,AR241
Improvements,Hide,ShowHideAutoDD,AS241
Improvements,Hide,ShowHideAutoDD,AT241
Improvements,Hide,ShowHideAutoDD,AU241
Improvements,Hide,ShowHideAutoDD,AV241
Improvements,Hide,ShowHideAutoDD,AW241
Improvements,Hide,ShowHideAutoDD,AX241
Improvements,Hide,ShowHideAutoDD,AY241
Improvements,Hide,ShowHideAutoDD,AZ241
Improvements,Hide,ShowHideAutoDD,BA241
Improvements,Unknown_Field_BG241,ShowHideAutoDD,BG241
Improvements,Unknown_Field_AP242,ShowHideAutoDD,AP242
Improvements,Unknown_Field_AQ242,ShowHideAutoDD,AQ242
Improvements,Unknown_Field_AR242,ShowHideAutoDD,AR242
Improvements,Hide,ShowHideAutoDD,AS242
Improvements,Hide,ShowHideAutoDD,AT242
Improvements,Hide,ShowHideAutoDD,AU242
Improvements,Hide,ShowHideAutoDD,AV242
Improvements,Hide,ShowHideAutoDD,AW242
Improvements,Unknown_Field_AX242,ShowHideAutoDD,AX242
Improvements,Hide,ShowHideAutoDD,AY242
Improvements,Hide,ShowHideAutoDD,AZ242
Improvements,Hide,ShowHideAutoDD,BA242
Improvements,Hide,ShowHideAutoDD,BG242
Improvements,Unknown_Field_AP243,ShowHideAutoDD,AP243
Improvements,Unknown_Field_AQ243,ShowHideAutoDD,AQ243
Improvements,Unknown_Field_AR243,ShowHideAutoDD,AR243
Improvements,Hide,ShowHideAutoDD,AS243
Improvements,Hide,ShowHideAutoDD,AT243
Improvements,Hide,ShowHideAutoDD,AU243
Improvements,Hide,ShowHideAutoDD,AV243
Improvements,Hide,ShowHideAutoDD,AW243
Improvements,Unknown_Field_AX243,ShowHideAutoDD,AX243
Improvements,Hide,ShowHideAutoDD,AY243
Improvements,Hide,ShowHideAutoDD,AZ243
Improvements,Hide,ShowHideAutoDD,BA243
Improvements,Unknown_Field_BG243,ShowHideAutoDD,BG243
Improvements,Unknown_Field_AP244,ShowHideAutoDD,AP244
Improvements,Unknown_Field_AQ244,ShowHideAutoDD,AQ244
Improvements,Unknown_Field_AR244,ShowHideAutoDD,AR244
Improvements,Hide,ShowHideAutoDD,AS244
Improvements,Unknown_Field_AT244,ShowHideAutoDD,AT244
Improvements,Hide,ShowHideAutoDD,AU244
Improvements,Hide,ShowHideAutoDD,AV244
Improvements,Hide,ShowHideAutoDD,AW244
Improvements,Unknown_Field_AX244,ShowHideAutoDD,AX244
Improvements,Hide,ShowHideAutoDD,AY244
Improvements,Hide,ShowHideAutoDD,AZ244
Improvements,Hide,ShowHideAutoDD,BA244
Improvements,Unknown_Field_BG244,ShowHideAutoDD,BG244
Improvements,Unknown_Field_AP245,ShowHideAutoDD,AP245
Improvements,Unknown_Field_AQ245,ShowHideAutoDD,AQ245
Improvements,Unknown_Field_AR245,ShowHideAutoDD,AR245
Improvements,Hide,ShowHideAutoDD,AS245
Improvements,Unknown_Field_AT245,ShowHideAutoDD,AT245
Improvements,Unknown_Field_AU245,ShowHideAutoDD,AU245
Improvements,Unknown_Field_AV245,ShowHideAutoDD,AV245
Improvements,Unknown_Field_AW245,ShowHideAutoDD,AW245
Improvements,Unknown_Field_AX245,ShowHideAutoDD,AX245
Improvements,Unknown_Field_AY245,ShowHideAutoDD,AY245
Improvements,Unknown_Field_AZ245,ShowHideAutoDD,AZ245
Improvements,Hide,ShowHideAutoDD,BA245
Improvements,Unknown_Field_BG245,ShowHideAutoDD,BG245
Improvements,Unknown_Field_AP246,ShowHideAutoDD,AP246
Improvements,Unknown_Field_AQ246,ShowHideAutoDD,AQ246
Improvements,Unknown_Field_AR246,ShowHideAutoDD,AR246
Improvements,Hide,ShowHideAutoDD,AS246
Improvements,Unknown_Field_AT246,ShowHideAutoDD,AT246
Improvements,Unknown_Field_AU246,ShowHideAutoDD,AU246
Improvements,Unknown_Field_AV246,ShowHideAutoDD,AV246
Improvements,Unknown_Field_AW246,ShowHideAutoDD,AW246
Improvements,Unknown_Field_AX246,ShowHideAutoDD,AX246
Improvements,Unknown_Field_AY246,ShowHideAutoDD,AY246
Improvements,Unknown_Field_AZ246,ShowHideAutoDD,AZ246
Improvements,Hide,ShowHideAutoDD,BA246
Improvements,Unknown_Field_BG246,ShowHideAutoDD,BG246
Improvements,Unknown_Field_AP247,ShowHideAutoDD,AP247
Improvements,Unknown_Field_AQ247,ShowHideAutoDD,AQ247
Improvements,Unknown_Field_AR247,ShowHideAutoDD,AR247
Improvements,Unknown_Field_AS247,ShowHideAutoDD,AS247
Improvements,Unknown_Field_AT247,ShowHideAutoDD,AT247
Improvements,Unknown_Field_AU247,ShowHideAutoDD,AU247
Improvements,Unknown_Field_AV247,ShowHideAutoDD,AV247
Improvements,Unknown_Field_AW247,ShowHideAutoDD,AW247
Improvements,Unknown_Field_AX247,ShowHideAutoDD,AX247
Improvements,Unknown_Field_AY247,ShowHideAutoDD,AY247
Improvements,Hide,ShowHideAutoDD,AZ247
Improvements,Hide,ShowHideAutoDD,BA247
Improvements,Hide,ShowHideAutoDD,BG247
Improvements,Unknown_Field_AP248,ShowHideAutoDD,AP248
Improvements,Unknown_Field_AQ248,ShowHideAutoDD,AQ248
Improvements,Unknown_Field_AR248,ShowHideAutoDD,AR248
Improvements,Unknown_Field_AS248,ShowHideAutoDD,AS248
Improvements,Unknown_Field_AT248,ShowHideAutoDD,AT248
Improvements,Unknown_Field_AU248,ShowHideAutoDD,AU248
Improvements,Unknown_Field_AV248,ShowHideAutoDD,AV248
Improvements,Unknown_Field_AW248,ShowHideAutoDD,AW248
Improvements,Unknown_Field_AX248,ShowHideAutoDD,AX248
Improvements,Unknown_Field_AY248,ShowHideAutoDD,AY248
Improvements,Hide,ShowHideAutoDD,AZ248
Improvements,Hide,ShowHideAutoDD,BA248
Improvements,Unknown_Field_BG248,ShowHideAutoDD,BG248
Improvements,Unknown_Field_AP249,ShowHideAutoDD,AP249
Improvements,Unknown_Field_AQ249,ShowHideAutoDD,AQ249
Improvements,Unknown_Field_AR249,ShowHideAutoDD,AR249
Improvements,Unknown_Field_AS249,ShowHideAutoDD,AS249
Improvements,Unknown_Field_AT249,ShowHideAutoDD,AT249
Improvements,Unknown_Field_AU249,ShowHideAutoDD,AU249
Improvements,Unknown_Field_AV249,ShowHideAutoDD,AV249
Improvements,Unknown_Field_AW249,ShowHideAutoDD,AW249
Improvements,Unknown_Field_AX249,ShowHideAutoDD,AX249
Improvements,Unknown_Field_AY249,ShowHideAutoDD,AY249
Improvements,Hide,ShowHideAutoDD,AZ249
Improvements,Hide,ShowHideAutoDD,BA249
Improvements,Unknown_Field_BG249,ShowHideAutoDD,BG249
Improvements,Unknown_Field_AP250,ShowHideAutoDD,AP250
Improvements,Unknown_Field_AQ250,ShowHideAutoDD,AQ250
Improvements,Unknown_Field_AR250,ShowHideAutoDD,AR250
Improvements,Unknown_Field_AS250,ShowHideAutoDD,AS250
Improvements,Unknown_Field_AT250,ShowHideAutoDD,AT250
Improvements,Unknown_Field_AU250,ShowHideAutoDD,AU250
Improvements,Unknown_Field_AV250,ShowHideAutoDD,AV250
Improvements,Unknown_Field_AW250,ShowHideAutoDD,AW250
Improvements,Unknown_Field_AX250,ShowHideAutoDD,AX250
Improvements,Unknown_Field_AY250,ShowHideAutoDD,AY250
Improvements,Hide,ShowHideAutoDD,AZ250
Improvements,Hide,ShowHideAutoDD,BA250
Improvements,Unknown_Field_BG250,ShowHideAutoDD,BG250
Improvements,Unknown_Field_AP251,ShowHideAutoDD,AP251
Improvements,Unknown_Field_AQ251,ShowHideAutoDD,AQ251
Improvements,Unknown_Field_AR251,ShowHideAutoDD,AR251
Improvements,Unknown_Field_AS251,ShowHideAutoDD,AS251
Improvements,Unknown_Field_AT251,ShowHideAutoDD,AT251
Improvements,Unknown_Field_AU251,ShowHideAutoDD,AU251
Improvements,Unknown_Field_AV251,ShowHideAutoDD,AV251
Improvements,Unknown_Field_AW251,ShowHideAutoDD,AW251
Improvements,Unknown_Field_AX251,ShowHideAutoDD,AX251
Improvements,Unknown_Field_AY251,ShowHideAutoDD,AY251
Improvements,Hide,ShowHideAutoDD,AZ251
Improvements,Hide,ShowHideAutoDD,BA251
Improvements,Unknown_Field_BG251,ShowHideAutoDD,BG251
Improvements,Unknown_Field_AP252,ShowHideAutoDD,AP252
Improvements,Unknown_Field_AQ252,ShowHideAutoDD,AQ252
Improvements,Unknown_Field_AR252,ShowHideAutoDD,AR252
Improvements,Unknown_Field_AS252,ShowHideAutoDD,AS252
Improvements,Unknown_Field_AT252,ShowHideAutoDD,AT252
Improvements,Unknown_Field_AU252,ShowHideAutoDD,AU252
Improvements,Unknown_Field_AV252,ShowHideAutoDD,AV252
Improvements,Unknown_Field_AW252,ShowHideAutoDD,AW252
Improvements,Unknown_Field_AX252,ShowHideAutoDD,AX252
Improvements,Unknown_Field_AY252,ShowHideAutoDD,AY252
Improvements,Hide,ShowHideAutoDD,AZ252
Improvements,Hide,ShowHideAutoDD,BA252
Improvements,Unknown_Field_BG252,ShowHideAutoDD,BG252
Improvements,Unknown_Field_AP253,ShowHideAutoDD,AP253
Improvements,Unknown_Field_AQ253,ShowHideAutoDD,AQ253
Improvements,Unknown_Field_AR253,ShowHideAutoDD,AR253
Improvements,Unknown_Field_AS253,ShowHideAutoDD,AS253
Improvements,Unknown_Field_AT253,ShowHideAutoDD,AT253
Improvements,Unknown_Field_AU253,ShowHideAutoDD,AU253
Improvements,Unknown_Field_AV253,ShowHideAutoDD,AV253
Improvements,Unknown_Field_AW253,ShowHideAutoDD,AW253
Improvements,Unknown_Field_AX253,ShowHideAutoDD,AX253
Improvements,Unknown_Field_AY253,ShowHideAutoDD,AY253
Improvements,Unknown_Field_AZ253,ShowHideAutoDD,AZ253
Improvements,Hide,ShowHideAutoDD,BA253
Improvements,Unknown_Field_BG253,ShowHideAutoDD,BG253
Improvements,Unknown_Field_AP254,ShowHideAutoDD,AP254
Improvements,Hide,ShowHideAutoDD,AQ254
Improvements,Hide,ShowHideAutoDD,AR254
Improvements,Hide,ShowHideAutoDD,AS254
Improvements,Hide,ShowHideAutoDD,AT254
Improvements,Hide,ShowHideAutoDD,AU254
Improvements,Hide,ShowHideAutoDD,AV254
Improvements,Hide,ShowHideAutoDD,AW254
Improvements,Hide,ShowHideAutoDD,AX254
Improvements,Hide,ShowHideAutoDD,AY254
Improvements,Hide,ShowHideAutoDD,AZ254
Improvements,Hide,ShowHideAutoDD,BA254
Improvements,Unknown_Field_BG254,ShowHideAutoDD,BG254
Improvements,Hide,ShowHideAutoDD,AP255
Improvements,Hide,ShowHideAutoDD,AQ255
Improvements,Hide,ShowHideAutoDD,AR255
Improvements,Hide,ShowHideAutoDD,AS255
Improvements,Hide,ShowHideAutoDD,AT255
Improvements,Hide,ShowHideAutoDD,AU255
Improvements,Hide,ShowHideAutoDD,AV255
Improvements,Hide,ShowHideAutoDD,AW255
Improvements,Hide,ShowHideAutoDD,AX255
Improvements,Hide,ShowHideAutoDD,AY255
Improvements,Hide,ShowHideAutoDD,AZ255
Improvements,Unknown_Field_BA255,ShowHideAutoDD,BA255
Improvements,Unknown_Field_BG255,ShowHideAutoDD,BG255
Improvements,Hide,ShowHideAutoDD,AP256
Improvements,Hide,ShowHideAutoDD,AQ256
Improvements,Hide,ShowHideAutoDD,AR256
Improvements,Hide,ShowHideAutoDD,AS256
Improvements,Hide,ShowHideAutoDD,AT256
Improvements,Hide,ShowHideAutoDD,AU256
Improvements,Hide,ShowHideAutoDD,AV256
Improvements,Hide,ShowHideAutoDD,AW256
Improvements,Hide,ShowHideAutoDD,AX256
Improvements,Hide,ShowHideAutoDD,AY256
Improvements,Hide,ShowHideAutoDD,AZ256
Improvements,Unknown_Field_BA256,ShowHideAutoDD,BA256
Improvements,Unknown_Field_BG256,ShowHideAutoDD,BG256
Improvements,Hide,ShowHideAutoDD,AP257
Improvements,Hide,ShowHideAutoDD,AQ257
Improvements,Hide,ShowHideAutoDD,AR257
Improvements,Hide,ShowHideAutoDD,AS257
Improvements,Hide,ShowHideAutoDD,AT257
Improvements,Hide,ShowHideAutoDD,AU257
Improvements,Hide,ShowHideAutoDD,AV257
Improvements,Hide,ShowHideAutoDD,AW257
Improvements,Hide,ShowHideAutoDD,AX257
Improvements,Hide,ShowHideAutoDD,AY257
Improvements,Hide,ShowHideAutoDD,AZ257
Improvements,Unknown_Field_BA257,ShowHideAutoDD,BA257
Improvements,Unknown_Field_BG257,ShowHideAutoDD,BG257
Improvements,Hide,ShowHideAutoDD,AP258
Improvements,Hide,ShowHideAutoDD,AQ258
Improvements,Hide,ShowHideAutoDD,AR258
Improvements,Hide,ShowHideAutoDD,AS258
Improvements,Hide,ShowHideAutoDD,AT258
Improvements,Hide,ShowHideAutoDD,AU258
Improvements,Hide,ShowHideAutoDD,AV258
Improvements,Hide,ShowHideAutoDD,AW258
Improvements,Hide,ShowHideAutoDD,AX258
Improvements,Hide,ShowHideAutoDD,AY258
Improvements,Hide,ShowHideAutoDD,AZ258
Improvements,Unknown_Field_BA258,ShowHideAutoDD,BA258
Improvements,Unknown_Field_BG258,ShowHideAutoDD,BG258
Improvements,Hide,ShowHideAutoDD,AP259
Improvements,Hide,ShowHideAutoDD,AQ259
Improvements,Hide,ShowHideAutoDD,AR259
Improvements,Hide,ShowHideAutoDD,AS259
Improvements,Hide,ShowHideAutoDD,AT259
Improvements,Hide,ShowHideAutoDD,AU259
Improvements,Hide,ShowHideAutoDD,AV259
Improvements,Hide,ShowHideAutoDD,AW259
Improvements,Hide,ShowHideAutoDD,AX259
Improvements,Hide,ShowHideAutoDD,AY259
Improvements,Hide,ShowHideAutoDD,AZ259
Improvements,Unknown_Field_BA259,ShowHideAutoDD,BA259
Improvements,Unknown_Field_BG259,ShowHideAutoDD,BG259
Improvements,Hide,ShowHideAutoDD,AP260
Improvements,Hide,ShowHideAutoDD,AQ260
Improvements,Hide,ShowHideAutoDD,AR260
Improvements,Hide,ShowHideAutoDD,AS260
Improvements,Hide,ShowHideAutoDD,AT260
Improvements,Hide,ShowHideAutoDD,AU260
Improvements,Hide,ShowHideAutoDD,AV260
Improvements,Hide,ShowHideAutoDD,AW260
Improvements,Hide,ShowHideAutoDD,AX260
Improvements,Hide,ShowHideAutoDD,AY260
Improvements,Hide,ShowHideAutoDD,AZ260
Improvements,Unknown_Field_BA260,ShowHideAutoDD,BA260
Improvements,Unknown_Field_BG260,ShowHideAutoDD,BG260
Improvements,Unknown_Field_AP261,ShowHideAutoDD,AP261
Improvements,Unknown_Field_AQ261,ShowHideAutoDD,AQ261
Improvements,Unknown_Field_AR261,ShowHideAutoDD,AR261
Improvements,Hide,ShowHideAutoDD,AS261
Improvements,Unknown_Field_AT261,ShowHideAutoDD,AT261
Improvements,Unknown_Field_AU261,ShowHideAutoDD,AU261
Improvements,Unknown_Field_AV261,ShowHideAutoDD,AV261
Improvements,Unknown_Field_AW261,ShowHideAutoDD,AW261
Improvements,Unknown_Field_AX261,ShowHideAutoDD,AX261
Improvements,Unknown_Field_AY261,ShowHideAutoDD,AY261
Improvements,Unknown_Field_AZ261,ShowHideAutoDD,AZ261
Improvements,Unknown_Field_BA261,ShowHideAutoDD,BA261
Improvements,Unknown_Field_BG261,ShowHideAutoDD,BG261
Improvements,Unknown_Field_AP262,ShowHideAutoDD,AP262
Improvements,Unknown_Field_AQ262,ShowHideAutoDD,AQ262
Improvements,Unknown_Field_AR262,ShowHideAutoDD,AR262
Improvements,Hide,ShowHideAutoDD,AS262
Improvements,Hide,ShowHideAutoDD,AT262
Improvements,Hide,ShowHideAutoDD,AU262
Improvements,Hide,ShowHideAutoDD,AV262
Improvements,Hide,ShowHideAutoDD,AW262
Improvements,Hide,ShowHideAutoDD,AX262
Improvements,Hide,ShowHideAutoDD,AY262
Improvements,Unknown_Field_AZ262,ShowHideAutoDD,AZ262
Improvements,Unknown_Field_BA262,ShowHideAutoDD,BA262
Improvements,Hide,ShowHideAutoDD,BG262
Improvements,Unknown_Field_AP263,ShowHideAutoDD,AP263
Improvements,Hide,ShowHideAutoDD,AQ263
Improvements,Hide,ShowHideAutoDD,AR263
Improvements,Hide,ShowHideAutoDD,AS263
Improvements,Hide,ShowHideAutoDD,AT263
Improvements,Hide,ShowHideAutoDD,AU263
Improvements,Hide,ShowHideAutoDD,AV263
Improvements,Hide,ShowHideAutoDD,AW263
Improvements,Hide,ShowHideAutoDD,AX263
Improvements,Show,ShowHideAutoDD,AY263
Improvements,Hide,ShowHideAutoDD,AZ263
Improvements,Hide,ShowHideAutoDD,BA263
Improvements,Hide,ShowHideAutoDD,BG263
Improvements,Hide,ShowHideAutoDD,AP264
Improvements,Hide,ShowHideAutoDD,AQ264
Improvements,Hide,ShowHideAutoDD,AR264
Improvements,Hide,ShowHideAutoDD,AS264
Improvements,Hide,ShowHideAutoDD,AT264
Improvements,Hide,ShowHideAutoDD,AU264
Improvements,Hide,ShowHideAutoDD,AV264
Improvements,Hide,ShowHideAutoDD,AW264
Improvements,Hide,ShowHideAutoDD,AX264
Improvements,Hide,ShowHideAutoDD,AY264
Improvements,Hide,ShowHideAutoDD,AZ264
Improvements,Hide,ShowHideAutoDD,BA264
Improvements,Hide,ShowHideAutoDD,BG264
Improvements,Hide,ShowHideAutoDD,AP265
Improvements,Hide,ShowHideAutoDD,AQ265
Improvements,Hide,ShowHideAutoDD,AR265
Improvements,Hide,ShowHideAutoDD,AS265
Improvements,Hide,ShowHideAutoDD,AT265
Improvements,Hide,ShowHideAutoDD,AU265
Improvements,Hide,ShowHideAutoDD,AV265
Improvements,Hide,ShowHideAutoDD,AW265
Improvements,Hide,ShowHideAutoDD,AX265
Improvements,Hide,ShowHideAutoDD,AY265
Improvements,Hide,ShowHideAutoDD,AZ265
Improvements,Hide,ShowHideAutoDD,BA265
Improvements,Show,ShowHideAutoDD,BG265
Improvements,Hide,ShowHideAutoDD,AP266
Improvements,Hide,ShowHideAutoDD,AQ266
Improvements,Hide,ShowHideAutoDD,AR266
Improvements,Hide,ShowHideAutoDD,AS266
Improvements,Hide,ShowHideAutoDD,AT266
Improvements,Hide,ShowHideAutoDD,AU266
Improvements,Hide,ShowHideAutoDD,AV266
Improvements,Hide,ShowHideAutoDD,AW266
Improvements,Hide,ShowHideAutoDD,AX266
Improvements,Hide,ShowHideAutoDD,AY266
Improvements,Hide,ShowHideAutoDD,AZ266
Improvements,Hide,ShowHideAutoDD,BA266
Improvements,Show,ShowHideAutoDD,BG266
Improvements,Hide,ShowHideAutoDD,AP267
Improvements,Hide,ShowHideAutoDD,AQ267
Improvements,Hide,ShowHideAutoDD,AR267
Improvements,Hide,ShowHideAutoDD,AS267
Improvements,Hide,ShowHideAutoDD,AT267
Improvements,Hide,ShowHideAutoDD,AU267
Improvements,Hide,ShowHideAutoDD,AV267
Improvements,Hide,ShowHideAutoDD,AW267
Improvements,Hide,ShowHideAutoDD,AX267
Improvements,Hide,ShowHideAutoDD,AY267
Improvements,Hide,ShowHideAutoDD,AZ267
Improvements,Hide,ShowHideAutoDD,BA267
Improvements,Show,ShowHideAutoDD,BG267
Improvements,Hide,ShowHideAutoDD,AP268
Improvements,Hide,ShowHideAutoDD,AQ268
Improvements,Hide,ShowHideAutoDD,AR268
Improvements,Hide,ShowHideAutoDD,AS268
Improvements,Hide,ShowHideAutoDD,AT268
Improvements,Hide,ShowHideAutoDD,AU268
Improvements,Hide,ShowHideAutoDD,AV268
Improvements,Hide,ShowHideAutoDD,AW268
Improvements,Hide,ShowHideAutoDD,AX268
Improvements,Hide,ShowHideAutoDD,AY268
Improvements,Hide,ShowHideAutoDD,AZ268
Improvements,Hide,ShowHideAutoDD,BA268
Improvements,Show,ShowHideAutoDD,BG268
Improvements,Hide,ShowHideAutoDD,AP269
Improvements,Hide,ShowHideAutoDD,AQ269
Improvements,Hide,ShowHideAutoDD,AR269
Improvements,Hide,ShowHideAutoDD,AS269
Improvements,Hide,ShowHideAutoDD,AT269
Improvements,Hide,ShowHideAutoDD,AU269
Improvements,Hide,ShowHideAutoDD,AV269
Improvements,Hide,ShowHideAutoDD,AW269
Improvements,Hide,ShowHideAutoDD,AX269
Improvements,Hide,ShowHideAutoDD,AY269
Improvements,Hide,ShowHideAutoDD,AZ269
Improvements,Hide,ShowHideAutoDD,BA269
Improvements,Show,ShowHideAutoDD,BG269
Improvements,Hide,ShowHideAutoDD,AP270
Improvements,Hide,ShowHideAutoDD,AQ270
Improvements,Hide,ShowHideAutoDD,AR270
Improvements,Hide,ShowHideAutoDD,AS270
Improvements,Hide,ShowHideAutoDD,AT270
Improvements,Hide,ShowHideAutoDD,AU270
Improvements,Hide,ShowHideAutoDD,AV270
Improvements,Hide,ShowHideAutoDD,AW270
Improvements,Hide,ShowHideAutoDD,AX270
Improvements,Hide,ShowHideAutoDD,AY270
Improvements,Hide,ShowHideAutoDD,AZ270
Improvements,Hide,ShowHideAutoDD,BA270
Improvements,Show,ShowHideAutoDD,BG270
Improvements,Hide,ShowHideAutoDD,AP271
Improvements,Hide,ShowHideAutoDD,AQ271
Improvements,Hide,ShowHideAutoDD,AR271
Improvements,Hide,ShowHideAutoDD,AS271
Improvements,Hide,ShowHideAutoDD,AT271
Improvements,Hide,ShowHideAutoDD,AU271
Improvements,Hide,ShowHideAutoDD,AV271
Improvements,Hide,ShowHideAutoDD,AW271
Improvements,Hide,ShowHideAutoDD,AX271
Improvements,Hide,ShowHideAutoDD,AY271
Improvements,Hide,ShowHideAutoDD,AZ271
Improvements,Hide,ShowHideAutoDD,BA271
Improvements,Show,ShowHideAutoDD,BG271
Improvements,Hide,ShowHideAutoDD,AP272
Improvements,Hide,ShowHideAutoDD,AQ272
Improvements,Hide,ShowHideAutoDD,AR272
Improvements,Hide,ShowHideAutoDD,AS272
Improvements,Hide,ShowHideAutoDD,AT272
Improvements,Hide,ShowHideAutoDD,AU272
Improvements,Hide,ShowHideAutoDD,AV272
Improvements,Hide,ShowHideAutoDD,AW272
Improvements,Hide,ShowHideAutoDD,AX272
Improvements,Hide,ShowHideAutoDD,AY272
Improvements,Hide,ShowHideAutoDD,AZ272
Improvements,Show,ShowHideAutoDD,BA272
Improvements,Unknown_Field_BG272,ShowHideAutoDD,BG272
Improvements,Hide,ShowHideAutoDD,AP273
Improvements,Hide,ShowHideAutoDD,AQ273
Improvements,Hide,ShowHideAutoDD,AR273
Improvements,Hide,ShowHideAutoDD,AS273
Improvements,Hide,ShowHideAutoDD,AT273
Improvements,Hide,ShowHideAutoDD,AU273
Improvements,Hide,ShowHideAutoDD,AV273
Improvements,Hide,ShowHideAutoDD,AW273
Improvements,Hide,ShowHideAutoDD,AX273
Improvements,Hide,ShowHideAutoDD,AY273
Improvements,Hide,ShowHideAutoDD,AZ273
Improvements,Show,ShowHideAutoDD,BA273
Improvements,Unknown_Field_BG273,ShowHideAutoDD,BG273
Improvements,Hide,ShowHideAutoDD,AP274
Improvements,Hide,ShowHideAutoDD,AQ274
Improvements,Hide,ShowHideAutoDD,AR274
Improvements,Hide,ShowHideAutoDD,AS274
Improvements,Hide,ShowHideAutoDD,AT274
Improvements,Hide,ShowHideAutoDD,AU274
Improvements,Hide,ShowHideAutoDD,AV274
Improvements,Hide,ShowHideAutoDD,AW274
Improvements,Hide,ShowHideAutoDD,AX274
Improvements,Hide,ShowHideAutoDD,AY274
Improvements,Hide,ShowHideAutoDD,AZ274
Improvements,Show,ShowHideAutoDD,BA274
Improvements,Hide,ShowHideAutoDD,BG274
Improvements,Hide,ShowHideAutoDD,AP275
Improvements,Hide,ShowHideAutoDD,AQ275
Improvements,Hide,ShowHideAutoDD,AR275
Improvements,Hide,ShowHideAutoDD,AS275
Improvements,Hide,ShowHideAutoDD,AT275
Improvements,Hide,ShowHideAutoDD,AU275
Improvements,Hide,ShowHideAutoDD,AV275
Improvements,Hide,ShowHideAutoDD,AW275
Improvements,Hide,ShowHideAutoDD,AX275
Improvements,Hide,ShowHideAutoDD,AY275
Improvements,Hide,ShowHideAutoDD,AZ275
Improvements,Hide,ShowHideAutoDD,BA275
Improvements,Unknown_Field_BG275,ShowHideAutoDD,BG275
Improvements,Hide,ShowHideAutoDD,AP276
Improvements,Hide,ShowHideAutoDD,AQ276
Improvements,Hide,ShowHideAutoDD,AR276
Improvements,Hide,ShowHideAutoDD,AS276
Improvements,Hide,ShowHideAutoDD,AT276
Improvements,Hide,ShowHideAutoDD,AU276
Improvements,Hide,ShowHideAutoDD,AV276
Improvements,Hide,ShowHideAutoDD,AW276
Improvements,Hide,ShowHideAutoDD,AX276
Improvements,Hide,ShowHideAutoDD,AY276
Improvements,Hide,ShowHideAutoDD,AZ276
Improvements,Hide,ShowHideAutoDD,BA276
Improvements,Hide,ShowHideAutoDD,BG276
Improvements,Hide,ShowHideAutoDD,AP277
Improvements,Hide,ShowHideAutoDD,AQ277
Improvements,Hide,ShowHideAutoDD,AR277
Improvements,Hide,ShowHideAutoDD,AS277
Improvements,Hide,ShowHideAutoDD,AT277
Improvements,Hide,ShowHideAutoDD,AU277
Improvements,Hide,ShowHideAutoDD,AV277
Improvements,Hide,ShowHideAutoDD,AW277
Improvements,Hide,ShowHideAutoDD,AX277
Improvements,Hide,ShowHideAutoDD,AY277
Improvements,Hide,ShowHideAutoDD,AZ277
Improvements,Hide,ShowHideAutoDD,BA277
Improvements,Hide,ShowHideAutoDD,BG277
Improvements,Hide,ShowHideAutoDD,AP278
Improvements,Hide,ShowHideAutoDD,AQ278
Improvements,Hide,ShowHideAutoDD,AR278
Improvements,Hide,ShowHideAutoDD,AS278
Improvements,Hide,ShowHideAutoDD,AT278
Improvements,Hide,ShowHideAutoDD,AU278
Improvements,Hide,ShowHideAutoDD,AV278
Improvements,Hide,ShowHideAutoDD,AW278
Improvements,Hide,ShowHideAutoDD,AX278
Improvements,Hide,ShowHideAutoDD,AY278
Improvements,Hide,ShowHideAutoDD,AZ278
Improvements,Hide,ShowHideAutoDD,BA278
Improvements,Hide,ShowHideAutoDD,BG278
Improvements,Hide,ShowHideAutoDD,AP279
Improvements,Hide,ShowHideAutoDD,AQ279
Improvements,Hide,ShowHideAutoDD,AR279
Improvements,Hide,ShowHideAutoDD,AS279
Improvements,Hide,ShowHideAutoDD,AT279
Improvements,Hide,ShowHideAutoDD,AU279
Improvements,Hide,ShowHideAutoDD,AV279
Improvements,Hide,ShowHideAutoDD,AW279
Improvements,Hide,ShowHideAutoDD,AX279
Improvements,Hide,ShowHideAutoDD,AY279
Improvements,Hide,ShowHideAutoDD,AZ279
Improvements,Hide,ShowHideAutoDD,BA279
Improvements,Hide,ShowHideAutoDD,BG279
Improvements,Hide,ShowHideAutoDD,AP280
Improvements,Hide,ShowHideAutoDD,AQ280
Improvements,Hide,ShowHideAutoDD,AR280
Improvements,Hide,ShowHideAutoDD,AS280
Improvements,Hide,ShowHideAutoDD,AT280
Improvements,Hide,ShowHideAutoDD,AU280
Improvements,Hide,ShowHideAutoDD,AV280
Improvements,Hide,ShowHideAutoDD,AW280
Improvements,Hide,ShowHideAutoDD,AX280
Improvements,Hide,ShowHideAutoDD,AY280
Improvements,Hide,ShowHideAutoDD,AZ280
Improvements,Hide,ShowHideAutoDD,BA280
Improvements,Show,ShowHideAutoDD,BG280
Improvements,Hide,ShowHideAutoDD,AP281
Improvements,Hide,ShowHideAutoDD,AQ281
Improvements,Hide,ShowHideAutoDD,AR281
Improvements,Hide,ShowHideAutoDD,AS281
Improvements,Hide,ShowHideAutoDD,AT281
Improvements,Hide,ShowHideAutoDD,AU281
Improvements,Hide,ShowHideAutoDD,AV281
Improvements,Hide,ShowHideAutoDD,AW281
Improvements,Hide,ShowHideAutoDD,AX281
Improvements,Hide,ShowHideAutoDD,AY281
Improvements,Hide,ShowHideAutoDD,AZ281
Improvements,Hide,ShowHideAutoDD,BA281
Improvements,Show,ShowHideAutoDD,BG281
Improvements,Hide,ShowHideAutoDD,AP282
Improvements,Hide,ShowHideAutoDD,AQ282
Improvements,Hide,ShowHideAutoDD,AR282
Improvements,Hide,ShowHideAutoDD,AS282
Improvements,Hide,ShowHideAutoDD,AT282
Improvements,Hide,ShowHideAutoDD,AU282
Improvements,Hide,ShowHideAutoDD,AV282
Improvements,Hide,ShowHideAutoDD,AW282
Improvements,Hide,ShowHideAutoDD,AX282
Improvements,Hide,ShowHideAutoDD,AY282
Improvements,Hide,ShowHideAutoDD,AZ282
Improvements,Hide,ShowHideAutoDD,BA282
Improvements,Show,ShowHideAutoDD,BG282
Improvements,Hide,ShowHideAutoDD,AP283
Improvements,Hide,ShowHideAutoDD,AQ283
Improvements,Hide,ShowHideAutoDD,AR283
Improvements,Hide,ShowHideAutoDD,AS283
Improvements,Hide,ShowHideAutoDD,AT283
Improvements,Hide,ShowHideAutoDD,AU283
Improvements,Hide,ShowHideAutoDD,AV283
Improvements,Hide,ShowHideAutoDD,AW283
Improvements,Hide,ShowHideAutoDD,AX283
Improvements,Hide,ShowHideAutoDD,AY283
Improvements,Hide,ShowHideAutoDD,AZ283
Improvements,Hide,ShowHideAutoDD,BA283
Improvements,Show,ShowHideAutoDD,BG283
Improvements,Hide,ShowHideAutoDD,AP284
Improvements,Hide,ShowHideAutoDD,AQ284
Improvements,Hide,ShowHideAutoDD,AR284
Improvements,Hide,ShowHideAutoDD,AS284
Improvements,Hide,ShowHideAutoDD,AT284
Improvements,Hide,ShowHideAutoDD,AU284
Improvements,Hide,ShowHideAutoDD,AV284
Improvements,Hide,ShowHideAutoDD,AW284
Improvements,Hide,ShowHideAutoDD,AX284
Improvements,Hide,ShowHideAutoDD,AY284
Improvements,Hide,ShowHideAutoDD,AZ284
Improvements,Hide,ShowHideAutoDD,BA284
Improvements,Show,ShowHideAutoDD,BG284
Improvements,Hide,ShowHideAutoDD,AP285
Improvements,Hide,ShowHideAutoDD,AQ285
Improvements,Hide,ShowHideAutoDD,AR285
Improvements,Hide,ShowHideAutoDD,AS285
Improvements,Hide,ShowHideAutoDD,AT285
Improvements,Hide,ShowHideAutoDD,AU285
Improvements,Hide,ShowHideAutoDD,AV285
Improvements,Hide,ShowHideAutoDD,AW285
Improvements,Hide,ShowHideAutoDD,AX285
Improvements,Hide,ShowHideAutoDD,AY285
Improvements,Hide,ShowHideAutoDD,AZ285
Improvements,Hide,ShowHideAutoDD,BA285
Improvements,Show,ShowHideAutoDD,BG285
Improvements,Hide,ShowHideAutoDD,AP286
Improvements,Hide,ShowHideAutoDD,AQ286
Improvements,Hide,ShowHideAutoDD,AR286
Improvements,Hide,ShowHideAutoDD,AS286
Improvements,Hide,ShowHideAutoDD,AT286
Improvements,Hide,ShowHideAutoDD,AU286
Improvements,Hide,ShowHideAutoDD,AV286
Improvements,Hide,ShowHideAutoDD,AW286
Improvements,Hide,ShowHideAutoDD,AX286
Improvements,Hide,ShowHideAutoDD,AY286
Improvements,Hide,ShowHideAutoDD,AZ286
Improvements,Hide,ShowHideAutoDD,BA286
Improvements,Show,ShowHideAutoDD,BG286
Improvements,Hide,ShowHideAutoDD,AP287
Improvements,Hide,ShowHideAutoDD,AQ287
Improvements,Hide,ShowHideAutoDD,AR287
Improvements,Hide,ShowHideAutoDD,AS287
Improvements,Hide,ShowHideAutoDD,AT287
Improvements,Hide,ShowHideAutoDD,AU287
Improvements,Hide,ShowHideAutoDD,AV287
Improvements,Hide,ShowHideAutoDD,AW287
Improvements,Hide,ShowHideAutoDD,AX287
Improvements,Hide,ShowHideAutoDD,AY287
Improvements,Hide,ShowHideAutoDD,AZ287
Improvements,Hide,ShowHideAutoDD,BA287
Improvements,Show,ShowHideAutoDD,BG287
Improvements,Hide,ShowHideAutoDD,AP288
Improvements,Hide,ShowHideAutoDD,AQ288
Improvements,Hide,ShowHideAutoDD,AR288
Improvements,Hide,ShowHideAutoDD,AS288
Improvements,Hide,ShowHideAutoDD,AT288
Improvements,Hide,ShowHideAutoDD,AU288
Improvements,Hide,ShowHideAutoDD,AV288
Improvements,Hide,ShowHideAutoDD,AW288
Improvements,Hide,ShowHideAutoDD,AX288
Improvements,Hide,ShowHideAutoDD,AY288
Improvements,Hide,ShowHideAutoDD,AZ288
Improvements,Hide,ShowHideAutoDD,BA288
Improvements,Show,ShowHideAutoDD,BG288
Improvements,Hide,ShowHideAutoDD,AP289
Improvements,Hide,ShowHideAutoDD,AQ289
Improvements,Hide,ShowHideAutoDD,AR289
Improvements,Hide,ShowHideAutoDD,AS289
Improvements,Hide,ShowHideAutoDD,AT289
Improvements,Hide,ShowHideAutoDD,AU289
Improvements,Hide,ShowHideAutoDD,AV289
Improvements,Hide,ShowHideAutoDD,AW289
Improvements,Hide,ShowHideAutoDD,AX289
Improvements,Hide,ShowHideAutoDD,AY289
Improvements,Hide,ShowHideAutoDD,AZ289
Improvements,Hide,ShowHideAutoDD,BA289
Improvements,Show,ShowHideAutoDD,BG289
Improvements,Hide,ShowHideAutoDD,AP290
Improvements,Hide,ShowHideAutoDD,AQ290
Improvements,Hide,ShowHideAutoDD,AR290
Improvements,Hide,ShowHideAutoDD,AS290
Improvements,Hide,ShowHideAutoDD,AT290
Improvements,Hide,ShowHideAutoDD,AU290
Improvements,Hide,ShowHideAutoDD,AV290
Improvements,Hide,ShowHideAutoDD,AW290
Improvements,Hide,ShowHideAutoDD,AX290
Improvements,Hide,ShowHideAutoDD,AY290
Improvements,Hide,ShowHideAutoDD,AZ290
Improvements,Hide,ShowHideAutoDD,BA290
Improvements,Show,ShowHideAutoDD,BG290
Improvements,Hide,ShowHideAutoDD,AP291
Improvements,Hide,ShowHideAutoDD,AQ291
Improvements,Hide,ShowHideAutoDD,AR291
Improvements,Hide,ShowHideAutoDD,AS291
Improvements,Hide,ShowHideAutoDD,AT291
Improvements,Hide,ShowHideAutoDD,AU291
Improvements,Hide,ShowHideAutoDD,AV291
Improvements,Hide,ShowHideAutoDD,AW291
Improvements,Hide,ShowHideAutoDD,AX291
Improvements,Hide,ShowHideAutoDD,AY291
Improvements,Hide,ShowHideAutoDD,AZ291
Improvements,Show,ShowHideAutoDD,BA291
Improvements,Unknown_Field_BG291,ShowHideAutoDD,BG291
Improvements,Hide,ShowHideAutoDD,AP292
Improvements,Auto,ShowHideAutoDD,AQ292
Improvements,Show,ShowHideAutoDD,AR292
Improvements,Show,ShowHideAutoDD,AS292
Improvements,Show,ShowHideAutoDD,AT292
Improvements,Show,ShowHideAutoDD,AU292
Improvements,Show,ShowHideAutoDD,AV292
Improvements,Show,ShowHideAutoDD,AW292
Improvements,Show,ShowHideAutoDD,AX292
Improvements,Show,ShowHideAutoDD,AY292
Improvements,Show,ShowHideAutoDD,AZ292
Improvements,Show,ShowHideAutoDD,BA292
Improvements,Show,ShowHideAutoDD,BG292
Improvements,Auto,ShowHideAutoDD,AP293
Improvements,Auto,ShowHideAutoDD,AQ293
Improvements,Show,ShowHideAutoDD,AR293
Improvements,Show,ShowHideAutoDD,AS293
Improvements,Show,ShowHideAutoDD,AT293
Improvements,Show,ShowHideAutoDD,AU293
Improvements,Show,ShowHideAutoDD,AV293
Improvements,Show,ShowHideAutoDD,AW293
Improvements,Show,ShowHideAutoDD,AX293
Improvements,Show,ShowHideAutoDD,AY293
Improvements,Show,ShowHideAutoDD,AZ293
Improvements,Show,ShowHideAutoDD,BA293
Improvements,Show,ShowHideAutoDD,BG293
Improvements,Auto,ShowHideAutoDD,AP294
Improvements,Auto,ShowHideAutoDD,AQ294
Improvements,Show,ShowHideAutoDD,AR294
Improvements,Show,ShowHideAutoDD,AS294
Improvements,Show,ShowHideAutoDD,AT294
Improvements,Show,ShowHideAutoDD,AU294
Improvements,Show,ShowHideAutoDD,AV294
Improvements,Show,ShowHideAutoDD,AW294
Improvements,Show,ShowHideAutoDD,AX294
Improvements,Show,ShowHideAutoDD,AY294
Improvements,Show,ShowHideAutoDD,AZ294
Improvements,Show,ShowHideAutoDD,BA294
Improvements,Show,ShowHideAutoDD,BG294
Improvements,Auto,ShowHideAutoDD,AP295
Improvements,Auto,ShowHideAutoDD,AQ295
Improvements,Auto,ShowHideAutoDD,AR295
Improvements,Auto,ShowHideAutoDD,AS295
Improvements,Auto,ShowHideAutoDD,AT295
Improvements,Auto,ShowHideAutoDD,AU295
Improvements,Auto,ShowHideAutoDD,AV295
Improvements,Auto,ShowHideAutoDD,AW295
Improvements,Auto,ShowHideAutoDD,AX295
Improvements,Auto,ShowHideAutoDD,AY295
Improvements,Auto,ShowHideAutoDD,AZ295
Improvements,Auto,ShowHideAutoDD,BA295
Improvements,Auto,ShowHideAutoDD,BG295
Improvements,Auto,ShowHideAutoDD,AP296
Improvements,Auto,ShowHideAutoDD,AQ296
Improvements,Auto,ShowHideAutoDD,AR296
Improvements,Auto,ShowHideAutoDD,AS296
Improvements,Auto,ShowHideAutoDD,AT296
Improvements,Auto,ShowHideAutoDD,AU296
Improvements,Auto,ShowHideAutoDD,AV296
Improvements,Auto,ShowHideAutoDD,AW296
Improvements,Auto,ShowHideAutoDD,AX296
Improvements,Auto,ShowHideAutoDD,AY296
Improvements,Auto,ShowHideAutoDD,AZ296
Improvements,Auto,ShowHideAutoDD,BA296
Improvements,Unknown_Field_BG296,ShowHideAutoDD,BG296
Improvements,Auto,ShowHideAutoDD,AP297
Improvements,Hide,ShowHideAutoDD,AQ297
Improvements,Hide,ShowHideAutoDD,AR297
Improvements,Hide,ShowHideAutoDD,AS297
Improvements,Hide,ShowHideAutoDD,AT297
Improvements,Hide,ShowHideAutoDD,AU297
Improvements,Hide,ShowHideAutoDD,AV297
Improvements,Hide,ShowHideAutoDD,AW297
Improvements,Hide,ShowHideAutoDD,AX297
Improvements,Hide,ShowHideAutoDD,AY297
Improvements,Hide,ShowHideAutoDD,AZ297
Improvements,Show,ShowHideAutoDD,BA297
Improvements,Hide,ShowHideAutoDD,BG297
Improvements,Hide,ShowHideAutoDD,AP298
Improvements,Hide,ShowHideAutoDD,AQ298
Improvements,Hide,ShowHideAutoDD,AR298
Improvements,Hide,ShowHideAutoDD,AS298
Improvements,Hide,ShowHideAutoDD,AT298
Improvements,Hide,ShowHideAutoDD,AU298
Improvements,Hide,ShowHideAutoDD,AV298
Improvements,Hide,ShowHideAutoDD,AW298
Improvements,Hide,ShowHideAutoDD,AX298
Improvements,Hide,ShowHideAutoDD,AY298
Improvements,Show,ShowHideAutoDD,AZ298
Improvements,Hide,ShowHideAutoDD,BA298
Improvements,Unknown_Field_BG298,ShowHideAutoDD,BG298
Improvements,Hide,ShowHideAutoDD,AP299
Improvements,Hide,ShowHideAutoDD,AQ299
Improvements,Hide,ShowHideAutoDD,AR299
Improvements,Hide,ShowHideAutoDD,AS299
Improvements,Hide,ShowHideAutoDD,AT299
Improvements,Hide,ShowHideAutoDD,AU299
Improvements,Hide,ShowHideAutoDD,AV299
Improvements,Hide,ShowHideAutoDD,AW299
Improvements,Hide,ShowHideAutoDD,AX299
Improvements,Hide,ShowHideAutoDD,AY299
Improvements,Show,ShowHideAutoDD,AZ299
Improvements,Hide,ShowHideAutoDD,BA299
Improvements,Hide,ShowHideAutoDD,BG299
Improvements,Hide,ShowHideAutoDD,AP300
Improvements,Hide,ShowHideAutoDD,AQ300
Improvements,Hide,ShowHideAutoDD,AR300
Improvements,Hide,ShowHideAutoDD,AS300
Improvements,Hide,ShowHideAutoDD,AT300
Improvements,Hide,ShowHideAutoDD,AU300
Improvements,Hide,ShowHideAutoDD,AV300
Improvements,Hide,ShowHideAutoDD,AW300
Improvements,Hide,ShowHideAutoDD,AX300
Improvements,Hide,ShowHideAutoDD,AY300
Improvements,Show,ShowHideAutoDD,AZ300
Improvements,Hide,ShowHideAutoDD,BA300
Improvements,Unknown_Field_BG300,ShowHideAutoDD,BG300
Improvements,Hide,ShowHideAutoDD,AP301
Improvements,Hide,ShowHideAutoDD,AQ301
Improvements,Hide,ShowHideAutoDD,AR301
Improvements,Hide,ShowHideAutoDD,AS301
Improvements,Hide,ShowHideAutoDD,AT301
Improvements,Hide,ShowHideAutoDD,AU301
Improvements,Hide,ShowHideAutoDD,AV301
Improvements,Hide,ShowHideAutoDD,AW301
Improvements,Hide,ShowHideAutoDD,AX301
Improvements,Hide,ShowHideAutoDD,AY301
Improvements,Show,ShowHideAutoDD,AZ301
Improvements,Hide,ShowHideAutoDD,BA301
Improvements,Hide,ShowHideAutoDD,BG301
Improvements,Hide,ShowHideAutoDD,AP302
Improvements,Hide,ShowHideAutoDD,AQ302
Improvements,Hide,ShowHideAutoDD,AR302
Improvements,Hide,ShowHideAutoDD,AS302
Improvements,Hide,ShowHideAutoDD,AT302
Improvements,Hide,ShowHideAutoDD,AU302
Improvements,Hide,ShowHideAutoDD,AV302
Improvements,Hide,ShowHideAutoDD,AW302
Improvements,Hide,ShowHideAutoDD,AX302
Improvements,Hide,ShowHideAutoDD,AY302
Improvements,Show,ShowHideAutoDD,AZ302
Improvements,Hide,ShowHideAutoDD,BA302
Improvements,Unknown_Field_BG302,ShowHideAutoDD,BG302
Improvements,Hide,ShowHideAutoDD,AP303
Improvements,Hide,ShowHideAutoDD,AQ303
Improvements,Hide,ShowHideAutoDD,AR303
Improvements,Hide,ShowHideAutoDD,AS303
Improvements,Hide,ShowHideAutoDD,AT303
Improvements,Hide,ShowHideAutoDD,AU303
Improvements,Hide,ShowHideAutoDD,AV303
Improvements,Hide,ShowHideAutoDD,AW303
Improvements,Hide,ShowHideAutoDD,AX303
Improvements,Hide,ShowHideAutoDD,AY303
Improvements,Show,ShowHideAutoDD,AZ303
Improvements,Hide,ShowHideAutoDD,BA303
Improvements,Unknown_Field_BG303,ShowHideAutoDD,BG303
Improvements,Hide,ShowHideAutoDD,AP304
Improvements,Unknown_Field_AQ304,ShowHideAutoDD,AQ304
Improvements,Unknown_Field_AR304,ShowHideAutoDD,AR304
Improvements,Hide,ShowHideAutoDD,AS304
Improvements,Unknown_Field_AT304,ShowHideAutoDD,AT304
Improvements,Unknown_Field_AU304,ShowHideAutoDD,AU304
Improvements,Unknown_Field_AV304,ShowHideAutoDD,AV304
Improvements,Unknown_Field_AW304,ShowHideAutoDD,AW304
Improvements,Unknown_Field_AX304,ShowHideAutoDD,AX304
Improvements,Unknown_Field_AY304,ShowHideAutoDD,AY304
Improvements,Unknown_Field_AZ304,ShowHideAutoDD,AZ304
Improvements,Auto,ShowHideAutoDD,BA304
Improvements,Unknown_Field_BG304,ShowHideAutoDD,BG304
Improvements,Hide,ShowHideAutoDD,AP305
Improvements,Unknown_Field_AQ305,ShowHideAutoDD,AQ305
Improvements,Unknown_Field_AR305,ShowHideAutoDD,AR305
Improvements,Hide,ShowHideAutoDD,AS305
Improvements,Unknown_Field_AT305,ShowHideAutoDD,AT305
Improvements,Unknown_Field_AU305,ShowHideAutoDD,AU305
Improvements,Unknown_Field_AV305,ShowHideAutoDD,AV305
Improvements,Unknown_Field_AW305,ShowHideAutoDD,AW305
Improvements,Unknown_Field_AX305,ShowHideAutoDD,AX305
Improvements,Unknown_Field_AY305,ShowHideAutoDD,AY305
Improvements,Auto,ShowHideAutoDD,AZ305
Improvements,Hide,ShowHideAutoDD,BA305
Improvements,Unknown_Field_BG305,ShowHideAutoDD,BG305
Improvements,Hide,ShowHideAutoDD,AP306
Improvements,Hide,ShowHideAutoDD,AQ306
Improvements,Hide,ShowHideAutoDD,AR306
Improvements,Hide,ShowHideAutoDD,AS306
Improvements,Hide,ShowHideAutoDD,AT306
Improvements,Hide,ShowHideAutoDD,AU306
Improvements,Hide,ShowHideAutoDD,AV306
Improvements,Unknown_Field_AW306,ShowHideAutoDD,AW306
Improvements,Unknown_Field_AX306,ShowHideAutoDD,AX306
Improvements,Unknown_Field_AY306,ShowHideAutoDD,AY306
Improvements,Auto,ShowHideAutoDD,AZ306
Improvements,Hide,ShowHideAutoDD,BA306
Improvements,Unknown_Field_BG306,ShowHideAutoDD,BG306
Improvements,Hide,ShowHideAutoDD,AP307
Improvements,Unknown_Field_AQ307,ShowHideAutoDD,AQ307
Improvements,Unknown_Field_AR307,ShowHideAutoDD,AR307
Improvements,Hide,ShowHideAutoDD,AS307
Improvements,Unknown_Field_AT307,ShowHideAutoDD,AT307
Improvements,Unknown_Field_AU307,ShowHideAutoDD,AU307
Improvements,Unknown_Field_AV307,ShowHideAutoDD,AV307
Improvements,Unknown_Field_AW307,ShowHideAutoDD,AW307
Improvements,Unknown_Field_AX307,ShowHideAutoDD,AX307
Improvements,Unknown_Field_AY307,ShowHideAutoDD,AY307
Improvements,Auto,ShowHideAutoDD,AZ307
Improvements,Hide,ShowHideAutoDD,BA307
Improvements,Unknown_Field_BG307,ShowHideAutoDD,BG307
Improvements,Hide,ShowHideAutoDD,AP308
Improvements,Hide,ShowHideAutoDD,AQ308
Improvements,Hide,ShowHideAutoDD,AR308
Improvements,Hide,ShowHideAutoDD,AS308
Improvements,Hide,ShowHideAutoDD,AT308
Improvements,Hide,ShowHideAutoDD,AU308
Improvements,Hide,ShowHideAutoDD,AV308
Improvements,Unknown_Field_AW308,ShowHideAutoDD,AW308
Improvements,Unknown_Field_AX308,ShowHideAutoDD,AX308
Improvements,Hide,ShowHideAutoDD,AY308
Improvements,Hide,ShowHideAutoDD,AZ308
Improvements,Hide,ShowHideAutoDD,BA308
Improvements,Unknown_Field_BG308,ShowHideAutoDD,BG308
Improvements,Hide,ShowHideAutoDD,AP309
Improvements,Unknown_Field_AQ309,ShowHideAutoDD,AQ309
Improvements,Unknown_Field_AR309,ShowHideAutoDD,AR309
Improvements,Hide,ShowHideAutoDD,AS309
Improvements,Unknown_Field_AT309,ShowHideAutoDD,AT309
Improvements,Unknown_Field_AU309,ShowHideAutoDD,AU309
Improvements,Unknown_Field_AV309,ShowHideAutoDD,AV309
Improvements,Unknown_Field_AW309,ShowHideAutoDD,AW309
Improvements,Hide,ShowHideAutoDD,AX309
Improvements,Unknown_Field_AY309,ShowHideAutoDD,AY309
Improvements,Auto,ShowHideAutoDD,AZ309
Improvements,Unknown_Field_BA309,ShowHideAutoDD,BA309
Improvements,Unknown_Field_BG309,ShowHideAutoDD,BG309
Improvements,Hide,ShowHideAutoDD,AP310
Improvements,Unknown_Field_AQ310,ShowHideAutoDD,AQ310
Improvements,Unknown_Field_AR310,ShowHideAutoDD,AR310
Improvements,Unknown_Field_AS310,ShowHideAutoDD,AS310
Improvements,Unknown_Field_AT310,ShowHideAutoDD,AT310
Improvements,Unknown_Field_AU310,ShowHideAutoDD,AU310
Improvements,Unknown_Field_AV310,ShowHideAutoDD,AV310
Improvements,Unknown_Field_AW310,ShowHideAutoDD,AW310
Improvements,Hide,ShowHideAutoDD,AX310
Improvements,Unknown_Field_AY310,ShowHideAutoDD,AY310
Improvements,Auto,ShowHideAutoDD,AZ310
Improvements,Unknown_Field_BA310,ShowHideAutoDD,BA310
Improvements,Hide,ShowHideAutoDD,BG310
Improvements,Hide,ShowHideAutoDD,AP311
Improvements,Auto,ShowHideAutoDD,AQ311
Improvements,Auto,ShowHideAutoDD,AR311
Improvements,Auto,ShowHideAutoDD,AS311
Improvements,Auto,ShowHideAutoDD,AT311
Improvements,Auto,ShowHideAutoDD,AU311
Improvements,Auto,ShowHideAutoDD,AV311
Improvements,Unknown_Field_AW311,ShowHideAutoDD,AW311
Improvements,Hide,ShowHideAutoDD,AX311
Improvements,Hide,ShowHideAutoDD,AY311
Improvements,Hide,ShowHideAutoDD,AZ311
Improvements,Hide,ShowHideAutoDD,BA311
Improvements,Hide,ShowHideAutoDD,BG311
Improvements,Auto,ShowHideAutoDD,AP312
Improvements,Hide,ShowHideAutoDD,AQ312
Improvements,Hide,ShowHideAutoDD,AR312
Improvements,Hide,ShowHideAutoDD,AS312
Improvements,Hide,ShowHideAutoDD,AT312
Improvements,Hide,ShowHideAutoDD,AU312
Improvements,Hide,ShowHideAutoDD,AV312
Improvements,Unknown_Field_AW312,ShowHideAutoDD,AW312
Improvements,Hide,ShowHideAutoDD,AX312
Improvements,Hide,ShowHideAutoDD,AY312
Improvements,Hide,ShowHideAutoDD,AZ312
Improvements,Hide,ShowHideAutoDD,BA312
Improvements,Hide,ShowHideAutoDD,BG312
Improvements,Hide,ShowHideAutoDD,AP313
Improvements,Hide,ShowHideAutoDD,AQ313
Improvements,Hide,ShowHideAutoDD,AR313
Improvements,Hide,ShowHideAutoDD,AS313
Improvements,Hide,ShowHideAutoDD,AT313
Improvements,Hide,ShowHideAutoDD,AU313
Improvements,Hide,ShowHideAutoDD,AV313
Improvements,Unknown_Field_AW313,ShowHideAutoDD,AW313
Improvements,Hide,ShowHideAutoDD,AX313
Improvements,Unknown_Field_AY313,ShowHideAutoDD,AY313
Improvements,Unknown_Field_AZ313,ShowHideAutoDD,AZ313
Improvements,Hide,ShowHideAutoDD,BA313
Improvements,Unknown_Field_BG313,ShowHideAutoDD,BG313
Improvements,Hide,ShowHideAutoDD,AP314
Improvements,Unknown_Field_AQ314,ShowHideAutoDD,AQ314
Improvements,Unknown_Field_AR314,ShowHideAutoDD,AR314
Improvements,Unknown_Field_AS314,ShowHideAutoDD,AS314
Improvements,Unknown_Field_AT314,ShowHideAutoDD,AT314
Improvements,Unknown_Field_AU314,ShowHideAutoDD,AU314
Improvements,Unknown_Field_AV314,ShowHideAutoDD,AV314
Improvements,Unknown_Field_AW314,ShowHideAutoDD,AW314
Improvements,Hide,ShowHideAutoDD,AX314
Improvements,Unknown_Field_AY314,ShowHideAutoDD,AY314
Improvements,Unknown_Field_AZ314,ShowHideAutoDD,AZ314
Improvements,Hide,ShowHideAutoDD,BA314
Improvements,Unknown_Field_BG314,ShowHideAutoDD,BG314
Improvements,Hide,ShowHideAutoDD,AP315
Improvements,Unknown_Field_AQ315,ShowHideAutoDD,AQ315
Improvements,Unknown_Field_AR315,ShowHideAutoDD,AR315
Improvements,Unknown_Field_AS315,ShowHideAutoDD,AS315
Improvements,Unknown_Field_AT315,ShowHideAutoDD,AT315
Improvements,Unknown_Field_AU315,ShowHideAutoDD,AU315
Improvements,Unknown_Field_AV315,ShowHideAutoDD,AV315
Improvements,Unknown_Field_AW315,ShowHideAutoDD,AW315
Improvements,Hide,ShowHideAutoDD,AX315
Improvements,Unknown_Field_AY315,ShowHideAutoDD,AY315
Improvements,Unknown_Field_AZ315,ShowHideAutoDD,AZ315
Improvements,Hide,ShowHideAutoDD,BA315
Improvements,Unknown_Field_BG315,ShowHideAutoDD,BG315
Improvements,Hide,ShowHideAutoDD,AP316
Improvements,Unknown_Field_AQ316,ShowHideAutoDD,AQ316
Improvements,Unknown_Field_AR316,ShowHideAutoDD,AR316
Improvements,Unknown_Field_AS316,ShowHideAutoDD,AS316
Improvements,Hide,ShowHideAutoDD,AT316
Improvements,Hide,ShowHideAutoDD,AU316
Improvements,Hide,ShowHideAutoDD,AV316
Improvements,Hide,ShowHideAutoDD,AW316
Improvements,Hide,ShowHideAutoDD,AX316
Improvements,Hide,ShowHideAutoDD,AY316
Improvements,Unknown_Field_AZ316,ShowHideAutoDD,AZ316
Improvements,Hide,ShowHideAutoDD,BA316
Improvements,Unknown_Field_BG316,ShowHideAutoDD,BG316
Improvements,Hide,ShowHideAutoDD,AP317
Improvements,Auto,ShowHideAutoDD,AQ317
Improvements,Show,ShowHideAutoDD,AR317
Improvements,Show,ShowHideAutoDD,AS317
Improvements,Show,ShowHideAutoDD,AT317
Improvements,Show,ShowHideAutoDD,AU317
Improvements,Show,ShowHideAutoDD,AV317
Improvements,Show,ShowHideAutoDD,AW317
Improvements,Show,ShowHideAutoDD,AX317
Improvements,Show,ShowHideAutoDD,AY317
Improvements,Show,ShowHideAutoDD,AZ317
Improvements,Show,ShowHideAutoDD,BA317
Improvements,Show,ShowHideAutoDD,BG317
Improvements,Auto,ShowHideAutoDD,AP318
Improvements,Auto,ShowHideAutoDD,AQ318
Improvements,Show,ShowHideAutoDD,AR318
Improvements,Show,ShowHideAutoDD,AS318
Improvements,Show,ShowHideAutoDD,AT318
Improvements,Show,ShowHideAutoDD,AU318
Improvements,Show,ShowHideAutoDD,AV318
Improvements,Show,ShowHideAutoDD,AW318
Improvements,Show,ShowHideAutoDD,AX318
Improvements,Show,ShowHideAutoDD,AY318
Improvements,Show,ShowHideAutoDD,AZ318
Improvements,Show,ShowHideAutoDD,BA318
Improvements,Show,ShowHideAutoDD,BG318
Improvements,Auto,ShowHideAutoDD,AP319
Improvements,Auto,ShowHideAutoDD,AQ319
Improvements,Auto,ShowHideAutoDD,AR319
Improvements,Auto,ShowHideAutoDD,AS319
Improvements,Auto,ShowHideAutoDD,AT319
Improvements,Auto,ShowHideAutoDD,AU319
Improvements,Auto,ShowHideAutoDD,AV319
Improvements,Auto,ShowHideAutoDD,AW319
Improvements,Auto,ShowHideAutoDD,AX319
Improvements,Auto,ShowHideAutoDD,AY319
Improvements,Auto,ShowHideAutoDD,AZ319
Improvements,Auto,ShowHideAutoDD,BA319
Improvements,Auto,ShowHideAutoDD,BG319
Improvements,Auto,ShowHideAutoDD,AP320
Improvements,Auto,ShowHideAutoDD,AQ320
Improvements,Auto,ShowHideAutoDD,AR320
Improvements,Auto,ShowHideAutoDD,AS320
Improvements,Auto,ShowHideAutoDD,AT320
Improvements,Auto,ShowHideAutoDD,AU320
Improvements,Auto,ShowHideAutoDD,AV320
Improvements,Auto,ShowHideAutoDD,AW320
Improvements,Auto,ShowHideAutoDD,AX320
Improvements,Auto,ShowHideAutoDD,AY320
Improvements,Auto,ShowHideAutoDD,AZ320
Improvements,Auto,ShowHideAutoDD,BA320
Improvements,Unknown_Field_BG320,ShowHideAutoDD,BG320
Improvements,Auto,ShowHideAutoDD,AP321
Improvements,Auto,ShowHideAutoDD,AQ321
Improvements,Auto,ShowHideAutoDD,AR321
Improvements,Auto,ShowHideAutoDD,AS321
Improvements,Auto,ShowHideAutoDD,AT321
Improvements,Auto,ShowHideAutoDD,AU321
Improvements,Auto,ShowHideAutoDD,AV321
Improvements,Auto,ShowHideAutoDD,AW321
Improvements,Auto,ShowHideAutoDD,AX321
Improvements,Auto,ShowHideAutoDD,AY321
Improvements,Auto,ShowHideAutoDD,AZ321
Improvements,Auto,ShowHideAutoDD,BA321
Improvements,Unknown_Field_BG321,ShowHideAutoDD,BG321
Improvements,Auto,ShowHideAutoDD,AP322
Improvements,Auto,ShowHideAutoDD,AQ322
Improvements,Auto,ShowHideAutoDD,AR322
Improvements,Auto,ShowHideAutoDD,AS322
Improvements,Auto,ShowHideAutoDD,AT322
Improvements,Auto,ShowHideAutoDD,AU322
Improvements,Auto,ShowHideAutoDD,AV322
Improvements,Auto,ShowHideAutoDD,AW322
Improvements,Auto,ShowHideAutoDD,AX322
Improvements,Auto,ShowHideAutoDD,AY322
Improvements,Auto,ShowHideAutoDD,AZ322
Improvements,Auto,ShowHideAutoDD,BA322
Improvements,Unknown_Field_BG322,ShowHideAutoDD,BG322
Improvements,Auto,ShowHideAutoDD,AP323
Improvements,Auto,ShowHideAutoDD,AQ323
Improvements,Auto,ShowHideAutoDD,AR323
Improvements,Auto,ShowHideAutoDD,AS323
Improvements,Auto,ShowHideAutoDD,AT323
Improvements,Auto,ShowHideAutoDD,AU323
Improvements,Auto,ShowHideAutoDD,AV323
Improvements,Auto,ShowHideAutoDD,AW323
Improvements,Auto,ShowHideAutoDD,AX323
Improvements,Auto,ShowHideAutoDD,AY323
Improvements,Auto,ShowHideAutoDD,AZ323
Improvements,Auto,ShowHideAutoDD,BA323
Improvements,Unknown_Field_BG323,ShowHideAutoDD,BG323
Improvements,Auto,ShowHideAutoDD,AP324
Improvements,Auto,ShowHideAutoDD,AQ324
Improvements,Auto,ShowHideAutoDD,AR324
Improvements,Auto,ShowHideAutoDD,AS324
Improvements,Auto,ShowHideAutoDD,AT324
Improvements,Auto,ShowHideAutoDD,AU324
Improvements,Auto,ShowHideAutoDD,AV324
Improvements,Auto,ShowHideAutoDD,AW324
Improvements,Auto,ShowHideAutoDD,AX324
Improvements,Auto,ShowHideAutoDD,AY324
Improvements,Auto,ShowHideAutoDD,AZ324
Improvements,Auto,ShowHideAutoDD,BA324
Improvements,Unknown_Field_BG324,ShowHideAutoDD,BG324
Improvements,Auto,ShowHideAutoDD,AP325
Improvements,Auto,ShowHideAutoDD,AQ325
Improvements,Auto,ShowHideAutoDD,AR325
Improvements,Auto,ShowHideAutoDD,AS325
Improvements,Hide,ShowHideAutoDD,AT325
Improvements,Hide,ShowHideAutoDD,AU325
Improvements,Hide,ShowHideAutoDD,AV325
Improvements,Hide,ShowHideAutoDD,AW325
Improvements,Hide,ShowHideAutoDD,AX325
Improvements,Hide,ShowHideAutoDD,AY325
Improvements,Auto,ShowHideAutoDD,AZ325
Improvements,Auto,ShowHideAutoDD,BA325
Improvements,Unknown_Field_BG325,ShowHideAutoDD,BG325
Improvements,Unknown_Field_AP326,ShowHideAutoDD,AP326
Improvements,Unknown_Field_AQ326,ShowHideAutoDD,AQ326
Improvements,Unknown_Field_AR326,ShowHideAutoDD,AR326
Improvements,Hide,ShowHideAutoDD,AS326
Improvements,Unknown_Field_AT326,ShowHideAutoDD,AT326
Improvements,Unknown_Field_AU326,ShowHideAutoDD,AU326
Improvements,Unknown_Field_AV326,ShowHideAutoDD,AV326
Improvements,Unknown_Field_AW326,ShowHideAutoDD,AW326
Improvements,Unknown_Field_AX326,ShowHideAutoDD,AX326
Improvements,Unknown_Field_AY326,ShowHideAutoDD,AY326
Improvements,Unknown_Field_AZ326,ShowHideAutoDD,AZ326
Improvements,Unknown_Field_BA326,ShowHideAutoDD,BA326
Improvements,Unknown_Field_BG326,ShowHideAutoDD,BG326
Improvements,Unknown_Field_AP327,ShowHideAutoDD,AP327
Improvements,Unknown_Field_AQ327,ShowHideAutoDD,AQ327
Improvements,Unknown_Field_AR327,ShowHideAutoDD,AR327
Improvements,Hide,ShowHideAutoDD,AS327
Improvements,Unknown_Field_AT327,ShowHideAutoDD,AT327
Improvements,Unknown_Field_AU327,ShowHideAutoDD,AU327
Improvements,Unknown_Field_AV327,ShowHideAutoDD,AV327
Improvements,Unknown_Field_AW327,ShowHideAutoDD,AW327
Improvements,Unknown_Field_AX327,ShowHideAutoDD,AX327
Improvements,Unknown_Field_AY327,ShowHideAutoDD,AY327
Improvements,Unknown_Field_AZ327,ShowHideAutoDD,AZ327
Improvements,Unknown_Field_BA327,ShowHideAutoDD,BA327
Improvements,Unknown_Field_BG327,ShowHideAutoDD,BG327
Improvements,Unknown_Field_AP328,ShowHideAutoDD,AP328
Improvements,Unknown_Field_AQ328,ShowHideAutoDD,AQ328
Improvements,Unknown_Field_AR328,ShowHideAutoDD,AR328
Improvements,Hide,ShowHideAutoDD,AS328
Improvements,Unknown_Field_AT328,ShowHideAutoDD,AT328
Improvements,Unknown_Field_AU328,ShowHideAutoDD,AU328
Improvements,Unknown_Field_AV328,ShowHideAutoDD,AV328
Improvements,Unknown_Field_AW328,ShowHideAutoDD,AW328
Improvements,Unknown_Field_AX328,ShowHideAutoDD,AX328
Improvements,Unknown_Field_AY328,ShowHideAutoDD,AY328
Improvements,Unknown_Field_AZ328,ShowHideAutoDD,AZ328
Improvements,Unknown_Field_BA328,ShowHideAutoDD,BA328
Improvements,Unknown_Field_BG328,ShowHideAutoDD,BG328
Improvements,Unknown_Field_AP329,ShowHideAutoDD,AP329
Improvements,Unknown_Field_AQ329,ShowHideAutoDD,AQ329
Improvements,Unknown_Field_AR329,ShowHideAutoDD,AR329
Improvements,Hide,ShowHideAutoDD,AS329
Improvements,Unknown_Field_AT329,ShowHideAutoDD,AT329
Improvements,Unknown_Field_AU329,ShowHideAutoDD,AU329
Improvements,Unknown_Field_AV329,ShowHideAutoDD,AV329
Improvements,Unknown_Field_AW329,ShowHideAutoDD,AW329
Improvements,Unknown_Field_AX329,ShowHideAutoDD,AX329
Improvements,Unknown_Field_AY329,ShowHideAutoDD,AY329
Improvements,Unknown_Field_AZ329,ShowHideAutoDD,AZ329
Improvements,Unknown_Field_BA329,ShowHideAutoDD,BA329
Improvements,Unknown_Field_BG329,ShowHideAutoDD,BG329
Improvements,Unknown_Field_AP330,ShowHideAutoDD,AP330
Improvements,Unknown_Field_AQ330,ShowHideAutoDD,AQ330
Improvements,Unknown_Field_AR330,ShowHideAutoDD,AR330
Improvements,Hide,ShowHideAutoDD,AS330
Improvements,Unknown_Field_AT330,ShowHideAutoDD,AT330
Improvements,Unknown_Field_AU330,ShowHideAutoDD,AU330
Improvements,Unknown_Field_AV330,ShowHideAutoDD,AV330
Improvements,Unknown_Field_AW330,ShowHideAutoDD,AW330
Improvements,Unknown_Field_AX330,ShowHideAutoDD,AX330
Improvements,Unknown_Field_AY330,ShowHideAutoDD,AY330
Improvements,Unknown_Field_AZ330,ShowHideAutoDD,AZ330
Improvements,Unknown_Field_BA330,ShowHideAutoDD,BA330
Improvements,Unknown_Field_BG330,ShowHideAutoDD,BG330
Improvements,Unknown_Field_AP331,ShowHideAutoDD,AP331
Improvements,Unknown_Field_AQ331,ShowHideAutoDD,AQ331
Improvements,Unknown_Field_AR331,ShowHideAutoDD,AR331
Improvements,Hide,ShowHideAutoDD,AS331
Improvements,Hide,ShowHideAutoDD,AT331
Improvements,Hide,ShowHideAutoDD,AU331
Improvements,Hide,ShowHideAutoDD,AV331
Improvements,Hide,ShowHideAutoDD,AW331
Improvements,Hide,ShowHideAutoDD,AX331
Improvements,Hide,ShowHideAutoDD,AY331
Improvements,Unknown_Field_AZ331,ShowHideAutoDD,AZ331
Improvements,Unknown_Field_BA331,ShowHideAutoDD,BA331
Improvements,Unknown_Field_BG331,ShowHideAutoDD,BG331
Improvements,Unknown_Field_AP332,ShowHideAutoDD,AP332
Improvements,Unknown_Field_AQ332,ShowHideAutoDD,AQ332
Improvements,Unknown_Field_AR332,ShowHideAutoDD,AR332
Improvements,Hide,ShowHideAutoDD,AS332
Improvements,Unknown_Field_AT332,ShowHideAutoDD,AT332
Improvements,Unknown_Field_AU332,ShowHideAutoDD,AU332
Improvements,Unknown_Field_AV332,ShowHideAutoDD,AV332
Improvements,Unknown_Field_AW332,ShowHideAutoDD,AW332
Improvements,Unknown_Field_AX332,ShowHideAutoDD,AX332
Improvements,Unknown_Field_AY332,ShowHideAutoDD,AY332
Improvements,Unknown_Field_AZ332,ShowHideAutoDD,AZ332
Improvements,Unknown_Field_BA332,ShowHideAutoDD,BA332
Improvements,Unknown_Field_BG332,ShowHideAutoDD,BG332
Improvements,Unknown_Field_AP333,ShowHideAutoDD,AP333
Improvements,Unknown_Field_AQ333,ShowHideAutoDD,AQ333
Improvements,Unknown_Field_AR333,ShowHideAutoDD,AR333
Improvements,Hide,ShowHideAutoDD,AS333
Improvements,Unknown_Field_AT333,ShowHideAutoDD,AT333
Improvements,Unknown_Field_AU333,ShowHideAutoDD,AU333
Improvements,Unknown_Field_AV333,ShowHideAutoDD,AV333
Improvements,Unknown_Field_AW333,ShowHideAutoDD,AW333
Improvements,Unknown_Field_AX333,ShowHideAutoDD,AX333
Improvements,Unknown_Field_AY333,ShowHideAutoDD,AY333
Improvements,Unknown_Field_AZ333,ShowHideAutoDD,AZ333
Improvements,Unknown_Field_BA333,ShowHideAutoDD,BA333
Improvements,Unknown_Field_BG333,ShowHideAutoDD,BG333
Improvements,Unknown_Field_AP334,ShowHideAutoDD,AP334
Improvements,Unknown_Field_AQ334,ShowHideAutoDD,AQ334
Improvements,Unknown_Field_AR334,ShowHideAutoDD,AR334
Improvements,Hide,ShowHideAutoDD,AS334
Improvements,Unknown_Field_AT334,ShowHideAutoDD,AT334
Improvements,Unknown_Field_AU334,ShowHideAutoDD,AU334
Improvements,Unknown_Field_AV334,ShowHideAutoDD,AV334
Improvements,Unknown_Field_AW334,ShowHideAutoDD,AW334
Improvements,Unknown_Field_AX334,ShowHideAutoDD,AX334
Improvements,Unknown_Field_AY334,ShowHideAutoDD,AY334
Improvements,Unknown_Field_AZ334,ShowHideAutoDD,AZ334
Improvements,Unknown_Field_BA334,ShowHideAutoDD,BA334
Improvements,Unknown_Field_BG334,ShowHideAutoDD,BG334
Improvements,Unknown_Field_AP335,ShowHideAutoDD,AP335
Improvements,Unknown_Field_AQ335,ShowHideAutoDD,AQ335
Improvements,Unknown_Field_AR335,ShowHideAutoDD,AR335
Improvements,Hide,ShowHideAutoDD,AS335
Improvements,Unknown_Field_AT335,ShowHideAutoDD,AT335
Improvements,Unknown_Field_AU335,ShowHideAutoDD,AU335
Improvements,Unknown_Field_AV335,ShowHideAutoDD,AV335
Improvements,Unknown_Field_AW335,ShowHideAutoDD,AW335
Improvements,Unknown_Field_AX335,ShowHideAutoDD,AX335
Improvements,Unknown_Field_AY335,ShowHideAutoDD,AY335
Improvements,Unknown_Field_AZ335,ShowHideAutoDD,AZ335
Improvements,Unknown_Field_BA335,ShowHideAutoDD,BA335
Improvements,Unknown_Field_BG335,ShowHideAutoDD,BG335
Improvements,Unknown_Field_AP336,ShowHideAutoDD,AP336
Improvements,Unknown_Field_AQ336,ShowHideAutoDD,AQ336
Improvements,Unknown_Field_AR336,ShowHideAutoDD,AR336
Improvements,Hide,ShowHideAutoDD,AS336
Improvements,Unknown_Field_AT336,ShowHideAutoDD,AT336
Improvements,Unknown_Field_AU336,ShowHideAutoDD,AU336
Improvements,Unknown_Field_AV336,ShowHideAutoDD,AV336
Improvements,Unknown_Field_AW336,ShowHideAutoDD,AW336
Improvements,Unknown_Field_AX336,ShowHideAutoDD,AX336
Improvements,Unknown_Field_AY336,ShowHideAutoDD,AY336
Improvements,Unknown_Field_AZ336,ShowHideAutoDD,AZ336
Improvements,Unknown_Field_BA336,ShowHideAutoDD,BA336
Improvements,Unknown_Field_BG336,ShowHideAutoDD,BG336
Improvements,Unknown_Field_AP337,ShowHideAutoDD,AP337
Improvements,Unknown_Field_AQ337,ShowHideAutoDD,AQ337
Improvements,Unknown_Field_AR337,ShowHideAutoDD,AR337
Improvements,Hide,ShowHideAutoDD,AS337
Improvements,Unknown_Field_AT337,ShowHideAutoDD,AT337
Improvements,Unknown_Field_AU337,ShowHideAutoDD,AU337
Improvements,Unknown_Field_AV337,ShowHideAutoDD,AV337
Improvements,Unknown_Field_AW337,ShowHideAutoDD,AW337
Improvements,Unknown_Field_AX337,ShowHideAutoDD,AX337
Improvements,Unknown_Field_AY337,ShowHideAutoDD,AY337
Improvements,Unknown_Field_AZ337,ShowHideAutoDD,AZ337
Improvements,Unknown_Field_BA337,ShowHideAutoDD,BA337
Improvements,Unknown_Field_BG337,ShowHideAutoDD,BG337
Improvements,Unknown_Field_AP338,ShowHideAutoDD,AP338
Improvements,Unknown_Field_AQ338,ShowHideAutoDD,AQ338
Improvements,Unknown_Field_AR338,ShowHideAutoDD,AR338
Improvements,Unknown_Field_AS338,ShowHideAutoDD,AS338
Improvements,Unknown_Field_AT338,ShowHideAutoDD,AT338
Improvements,Unknown_Field_AU338,ShowHideAutoDD,AU338
Improvements,Unknown_Field_AV338,ShowHideAutoDD,AV338
Improvements,Unknown_Field_AW338,ShowHideAutoDD,AW338
Improvements,Unknown_Field_AX338,ShowHideAutoDD,AX338
Improvements,Unknown_Field_AY338,ShowHideAutoDD,AY338
Improvements,Unknown_Field_AZ338,ShowHideAutoDD,AZ338
Improvements,Unknown_Field_BA338,ShowHideAutoDD,BA338
Improvements,Unknown_Field_BG338,ShowHideAutoDD,BG338
Improvements,Unknown_Field_AP339,ShowHideAutoDD,AP339
Improvements,Unknown_Field_AQ339,ShowHideAutoDD,AQ339
Improvements,Unknown_Field_AR339,ShowHideAutoDD,AR339
Improvements,Unknown_Field_AS339,ShowHideAutoDD,AS339
Improvements,Unknown_Field_AT339,ShowHideAutoDD,AT339
Improvements,Unknown_Field_AU339,ShowHideAutoDD,AU339
Improvements,Unknown_Field_AV339,ShowHideAutoDD,AV339
Improvements,Unknown_Field_AW339,ShowHideAutoDD,AW339
Improvements,Unknown_Field_AX339,ShowHideAutoDD,AX339
Improvements,Unknown_Field_AY339,ShowHideAutoDD,AY339
Improvements,Unknown_Field_AZ339,ShowHideAutoDD,AZ339
Improvements,Unknown_Field_BA339,ShowHideAutoDD,BA339
Improvements,Unknown_Field_BG339,ShowHideAutoDD,BG339
Improvements,Unknown_Field_AP340,ShowHideAutoDD,AP340
Improvements,Unknown_Field_AQ340,ShowHideAutoDD,AQ340
Improvements,Unknown_Field_AR340,ShowHideAutoDD,AR340
Improvements,Unknown_Field_AS340,ShowHideAutoDD,AS340
Improvements,Unknown_Field_AT340,ShowHideAutoDD,AT340
Improvements,Unknown_Field_AU340,ShowHideAutoDD,AU340
Improvements,Unknown_Field_AV340,ShowHideAutoDD,AV340
Improvements,Unknown_Field_AW340,ShowHideAutoDD,AW340
Improvements,Unknown_Field_AX340,ShowHideAutoDD,AX340
Improvements,Unknown_Field_AY340,ShowHideAutoDD,AY340
Improvements,Unknown_Field_AZ340,ShowHideAutoDD,AZ340
Improvements,Unknown_Field_BA340,ShowHideAutoDD,BA340
Improvements,Unknown_Field_BG340,ShowHideAutoDD,BG340
Improvements,Unknown_Field_AP341,ShowHideAutoDD,AP341
Improvements,Unknown_Field_AQ341,ShowHideAutoDD,AQ341
Improvements,Unknown_Field_AR341,ShowHideAutoDD,AR341
Improvements,Unknown_Field_AS341,ShowHideAutoDD,AS341
Improvements,Unknown_Field_AT341,ShowHideAutoDD,AT341
Improvements,Unknown_Field_AU341,ShowHideAutoDD,AU341
Improvements,Unknown_Field_AV341,ShowHideAutoDD,AV341
Improvements,Unknown_Field_AW341,ShowHideAutoDD,AW341
Improvements,Unknown_Field_AX341,ShowHideAutoDD,AX341
Improvements,Unknown_Field_AY341,ShowHideAutoDD,AY341
Improvements,Unknown_Field_AZ341,ShowHideAutoDD,AZ341
Improvements,Unknown_Field_BA341,ShowHideAutoDD,BA341
Improvements,Unknown_Field_BG341,ShowHideAutoDD,BG341
Improvements,Unknown_Field_AP342,ShowHideAutoDD,AP342
Improvements,Auto,ShowHideAutoDD,AQ342
Improvements,Show,ShowHideAutoDD,AR342
Improvements,Show,ShowHideAutoDD,AS342
Improvements,Show,ShowHideAutoDD,AT342
Improvements,Show,ShowHideAutoDD,AU342
Improvements,Show,ShowHideAutoDD,AV342
Improvements,Show,ShowHideAutoDD,AW342
Improvements,Show,ShowHideAutoDD,AX342
Improvements,Show,ShowHideAutoDD,AY342
Improvements,Show,ShowHideAutoDD,AZ342
Improvements,Show,ShowHideAutoDD,BA342
Improvements,Show,ShowHideAutoDD,BG342
Improvements,Auto,ShowHideAutoDD,AP343
Improvements,Auto,ShowHideAutoDD,AQ343
Improvements,Show,ShowHideAutoDD,AR343
Improvements,Show,ShowHideAutoDD,AS343
Improvements,Show,ShowHideAutoDD,AT343
Improvements,Show,ShowHideAutoDD,AU343
Improvements,Show,ShowHideAutoDD,AV343
Improvements,Show,ShowHideAutoDD,AW343
Improvements,Show,ShowHideAutoDD,AX343
Improvements,Show,ShowHideAutoDD,AY343
Improvements,Show,ShowHideAutoDD,AZ343
Improvements,Show,ShowHideAutoDD,BA343
Improvements,Show,ShowHideAutoDD,BG343
Improvements,Auto,ShowHideAutoDD,AP344
Improvements,Auto,ShowHideAutoDD,AQ344
Improvements,Auto,ShowHideAutoDD,AR344
Improvements,Auto,ShowHideAutoDD,AS344
Improvements,Auto,ShowHideAutoDD,AT344
Improvements,Auto,ShowHideAutoDD,AU344
Improvements,Auto,ShowHideAutoDD,AV344
Improvements,Auto,ShowHideAutoDD,AW344
Improvements,Auto,ShowHideAutoDD,AX344
Improvements,Auto,ShowHideAutoDD,AY344
Improvements,Auto,ShowHideAutoDD,AZ344
Improvements,Auto,ShowHideAutoDD,BA344
Improvements,Auto,ShowHideAutoDD,BG344
Improvements,Auto,ShowHideAutoDD,AP345
Improvements,Auto,ShowHideAutoDD,AQ345
Improvements,Auto,ShowHideAutoDD,AR345
Improvements,Auto,ShowHideAutoDD,AS345
Improvements,Auto,ShowHideAutoDD,AT345
Improvements,Auto,ShowHideAutoDD,AU345
Improvements,Auto,ShowHideAutoDD,AV345
Improvements,Auto,ShowHideAutoDD,AW345
Improvements,Auto,ShowHideAutoDD,AX345
Improvements,Auto,ShowHideAutoDD,AY345
Improvements,Auto,ShowHideAutoDD,AZ345
Improvements,Auto,ShowHideAutoDD,BA345
Improvements,Unknown_Field_BG345,ShowHideAutoDD,BG345
Improvements,Auto,ShowHideAutoDD,AP346
Improvements,Auto,ShowHideAutoDD,AQ346
Improvements,Auto,ShowHideAutoDD,AR346
Improvements,Auto,ShowHideAutoDD,AS346
Improvements,Auto,ShowHideAutoDD,AT346
Improvements,Auto,ShowHideAutoDD,AU346
Improvements,Auto,ShowHideAutoDD,AV346
Improvements,Auto,ShowHideAutoDD,AW346
Improvements,Auto,ShowHideAutoDD,AX346
Improvements,Auto,ShowHideAutoDD,AY346
Improvements,Auto,ShowHideAutoDD,AZ346
Improvements,Auto,ShowHideAutoDD,BA346
Improvements,Unknown_Field_BG346,ShowHideAutoDD,BG346
Improvements,Auto,ShowHideAutoDD,AP347
Improvements,Auto,ShowHideAutoDD,AQ347
Improvements,Auto,ShowHideAutoDD,AR347
Improvements,Auto,ShowHideAutoDD,AS347
Improvements,Auto,ShowHideAutoDD,AT347
Improvements,Auto,ShowHideAutoDD,AU347
Improvements,Auto,ShowHideAutoDD,AV347
Improvements,Auto,ShowHideAutoDD,AW347
Improvements,Auto,ShowHideAutoDD,AX347
Improvements,Auto,ShowHideAutoDD,AY347
Improvements,Auto,ShowHideAutoDD,AZ347
Improvements,Auto,ShowHideAutoDD,BA347
Improvements,Unknown_Field_BG347,ShowHideAutoDD,BG347
Improvements,Auto,ShowHideAutoDD,AP348
Improvements,Auto,ShowHideAutoDD,AQ348
Improvements,Auto,ShowHideAutoDD,AR348
Improvements,Auto,ShowHideAutoDD,AS348
Improvements,Auto,ShowHideAutoDD,AT348
Improvements,Auto,ShowHideAutoDD,AU348
Improvements,Auto,ShowHideAutoDD,AV348
Improvements,Auto,ShowHideAutoDD,AW348
Improvements,Auto,ShowHideAutoDD,AX348
Improvements,Auto,ShowHideAutoDD,AY348
Improvements,Auto,ShowHideAutoDD,AZ348
Improvements,Auto,ShowHideAutoDD,BA348
Improvements,Unknown_Field_BG348,ShowHideAutoDD,BG348
Improvements,Auto,ShowHideAutoDD,AP349
Improvements,Auto,ShowHideAutoDD,AQ349
Improvements,Auto,ShowHideAutoDD,AR349
Improvements,Auto,ShowHideAutoDD,AS349
Improvements,Auto,ShowHideAutoDD,AT349
Improvements,Auto,ShowHideAutoDD,AU349
Improvements,Auto,ShowHideAutoDD,AV349
Improvements,Auto,ShowHideAutoDD,AW349
Improvements,Auto,ShowHideAutoDD,AX349
Improvements,Auto,ShowHideAutoDD,AY349
Improvements,Auto,ShowHideAutoDD,AZ349
Improvements,Auto,ShowHideAutoDD,BA349
Improvements,Unknown_Field_BG349,ShowHideAutoDD,BG349
Improvements,Auto,ShowHideAutoDD,AP350
Improvements,Auto,ShowHideAutoDD,AQ350
Improvements,Auto,ShowHideAutoDD,AR350
Improvements,Auto,ShowHideAutoDD,AS350
Improvements,Auto,ShowHideAutoDD,AT350
Improvements,Auto,ShowHideAutoDD,AU350
Improvements,Auto,ShowHideAutoDD,AV350
Improvements,Auto,ShowHideAutoDD,AW350
Improvements,Auto,ShowHideAutoDD,AX350
Improvements,Auto,ShowHideAutoDD,AY350
Improvements,Auto,ShowHideAutoDD,AZ350
Improvements,Auto,ShowHideAutoDD,BA350
Improvements,Unknown_Field_BG350,ShowHideAutoDD,BG350
Improvements,Unknown_Field_AP351,ShowHideAutoDD,AP351
Improvements,Unknown_Field_AQ351,ShowHideAutoDD,AQ351
Improvements,Unknown_Field_AR351,ShowHideAutoDD,AR351
Improvements,Unknown_Field_AS351,ShowHideAutoDD,AS351
Improvements,Unknown_Field_AT351,ShowHideAutoDD,AT351
Improvements,Unknown_Field_AU351,ShowHideAutoDD,AU351
Improvements,Unknown_Field_AV351,ShowHideAutoDD,AV351
Improvements,Unknown_Field_AW351,ShowHideAutoDD,AW351
Improvements,Unknown_Field_AX351,ShowHideAutoDD,AX351
Improvements,Unknown_Field_AY351,ShowHideAutoDD,AY351
Improvements,Unknown_Field_AZ351,ShowHideAutoDD,AZ351
Improvements,Unknown_Field_BA351,ShowHideAutoDD,BA351
Improvements,Unknown_Field_BG351,ShowHideAutoDD,BG351
Improvements,Unknown_Field_AP352,ShowHideAutoDD,AP352
Improvements,Unknown_Field_AQ352,ShowHideAutoDD,AQ352
Improvements,Unknown_Field_AR352,ShowHideAutoDD,AR352
Improvements,Unknown_Field_AS352,ShowHideAutoDD,AS352
Improvements,Unknown_Field_AT352,ShowHideAutoDD,AT352
Improvements,Unknown_Field_AU352,ShowHideAutoDD,AU352
Improvements,Unknown_Field_AV352,ShowHideAutoDD,AV352
Improvements,Unknown_Field_AW352,ShowHideAutoDD,AW352
Improvements,Unknown_Field_AX352,ShowHideAutoDD,AX352
Improvements,Unknown_Field_AY352,ShowHideAutoDD,AY352
Improvements,Unknown_Field_AZ352,ShowHideAutoDD,AZ352
Improvements,Unknown_Field_BA352,ShowHideAutoDD,BA352
Improvements,Unknown_Field_BG352,ShowHideAutoDD,BG352
Improvements,Unknown_Field_AP353,ShowHideAutoDD,AP353
Improvements,Unknown_Field_AQ353,ShowHideAutoDD,AQ353
Improvements,Unknown_Field_AR353,ShowHideAutoDD,AR353
Improvements,Unknown_Field_AS353,ShowHideAutoDD,AS353
Improvements,Unknown_Field_AT353,ShowHideAutoDD,AT353
Improvements,Unknown_Field_AU353,ShowHideAutoDD,AU353
Improvements,Unknown_Field_AV353,ShowHideAutoDD,AV353
Improvements,Unknown_Field_AW353,ShowHideAutoDD,AW353
Improvements,Unknown_Field_AX353,ShowHideAutoDD,AX353
Improvements,Unknown_Field_AY353,ShowHideAutoDD,AY353
Improvements,Unknown_Field_AZ353,ShowHideAutoDD,AZ353
Improvements,Unknown_Field_BA353,ShowHideAutoDD,BA353
Improvements,Unknown_Field_BG353,ShowHideAutoDD,BG353
Improvements,Unknown_Field_AP354,ShowHideAutoDD,AP354
Improvements,Auto,ShowHideAutoDD,AQ354
Improvements,Auto,ShowHideAutoDD,AR354
Improvements,Auto,ShowHideAutoDD,AS354
Improvements,Auto,ShowHideAutoDD,AT354
Improvements,Auto,ShowHideAutoDD,AU354
Improvements,Auto,ShowHideAutoDD,AV354
Improvements,Auto,ShowHideAutoDD,AW354
Improvements,Auto,ShowHideAutoDD,AX354
Improvements,Auto,ShowHideAutoDD,AY354
Improvements,Auto,ShowHideAutoDD,AZ354
Improvements,Auto,ShowHideAutoDD,BA354
Improvements,Auto,ShowHideAutoDD,BG354
Improvements,Auto,ShowHideAutoDD,AP355
Improvements,Auto,ShowHideAutoDD,AQ355
Improvements,Auto,ShowHideAutoDD,AR355
Improvements,Auto,ShowHideAutoDD,AS355
Improvements,Auto,ShowHideAutoDD,AT355
Improvements,Auto,ShowHideAutoDD,AU355
Improvements,Auto,ShowHideAutoDD,AV355
Improvements,Auto,ShowHideAutoDD,AW355
Improvements,Auto,ShowHideAutoDD,AX355
Improvements,Auto,ShowHideAutoDD,AY355
Improvements,Auto,ShowHideAutoDD,AZ355
Improvements,Auto,ShowHideAutoDD,BA355
Improvements,Auto,ShowHideAutoDD,BG355
Improvements,Auto,ShowHideAutoDD,AP356
Improvements,Auto,ShowHideAutoDD,AQ356
Improvements,Auto,ShowHideAutoDD,AR356
Improvements,Auto,ShowHideAutoDD,AS356
Improvements,Auto,ShowHideAutoDD,AT356
Improvements,Auto,ShowHideAutoDD,AU356
Improvements,Auto,ShowHideAutoDD,AV356
Improvements,Auto,ShowHideAutoDD,AW356
Improvements,Auto,ShowHideAutoDD,AX356
Improvements,Auto,ShowHideAutoDD,AY356
Improvements,Auto,ShowHideAutoDD,AZ356
Improvements,Auto,ShowHideAutoDD,BA356
Improvements,Auto,ShowHideAutoDD,BG356
Improvements,Auto,ShowHideAutoDD,AP357
Improvements,Auto,ShowHideAutoDD,AQ357
Improvements,Auto,ShowHideAutoDD,AR357
Improvements,Auto,ShowHideAutoDD,AS357
Improvements,Auto,ShowHideAutoDD,AT357
Improvements,Auto,ShowHideAutoDD,AU357
Improvements,Auto,ShowHideAutoDD,AV357
Improvements,Auto,ShowHideAutoDD,AW357
Improvements,Auto,ShowHideAutoDD,AX357
Improvements,Auto,ShowHideAutoDD,AY357
Improvements,Auto,ShowHideAutoDD,AZ357
Improvements,Auto,ShowHideAutoDD,BA357
Improvements,Unknown_Field_BG357,ShowHideAutoDD,BG357
Improvements,Auto,ShowHideAutoDD,AP358
Improvements,Auto,ShowHideAutoDD,AQ358
Improvements,Auto,ShowHideAutoDD,AR358
Improvements,Auto,ShowHideAutoDD,AS358
Improvements,Auto,ShowHideAutoDD,AT358
Improvements,Auto,ShowHideAutoDD,AU358
Improvements,Auto,ShowHideAutoDD,AV358
Improvements,Auto,ShowHideAutoDD,AW358
Improvements,Auto,ShowHideAutoDD,AX358
Improvements,Auto,ShowHideAutoDD,AY358
Improvements,Auto,ShowHideAutoDD,AZ358
Improvements,Auto,ShowHideAutoDD,BA358
Improvements,Unknown_Field_BG358,ShowHideAutoDD,BG358
Improvements,Auto,ShowHideAutoDD,AP359
Improvements,Auto,ShowHideAutoDD,AQ359
Improvements,Auto,ShowHideAutoDD,AR359
Improvements,Auto,ShowHideAutoDD,AS359
Improvements,Auto,ShowHideAutoDD,AT359
Improvements,Auto,ShowHideAutoDD,AU359
Improvements,Auto,ShowHideAutoDD,AV359
Improvements,Auto,ShowHideAutoDD,AW359
Improvements,Auto,ShowHideAutoDD,AX359
Improvements,Auto,ShowHideAutoDD,AY359
Improvements,Auto,ShowHideAutoDD,AZ359
Improvements,Auto,ShowHideAutoDD,BA359
Improvements,Unknown_Field_BG359,ShowHideAutoDD,BG359
Improvements,Auto,ShowHideAutoDD,AP360
Improvements,Auto,ShowHideAutoDD,AQ360
Improvements,Auto,ShowHideAutoDD,AR360
Improvements,Auto,ShowHideAutoDD,AS360
Improvements,Auto,ShowHideAutoDD,AT360
Improvements,Auto,ShowHideAutoDD,AU360
Improvements,Auto,ShowHideAutoDD,AV360
Improvements,Auto,ShowHideAutoDD,AW360
Improvements,Auto,ShowHideAutoDD,AX360
Improvements,Auto,ShowHideAutoDD,AY360
Improvements,Auto,ShowHideAutoDD,AZ360
Improvements,Auto,ShowHideAutoDD,BA360
Improvements,Unknown_Field_BG360,ShowHideAutoDD,BG360
Improvements,Auto,ShowHideAutoDD,AP361
Improvements,Auto,ShowHideAutoDD,AQ361
Improvements,Auto,ShowHideAutoDD,AR361
Improvements,Auto,ShowHideAutoDD,AS361
Improvements,Auto,ShowHideAutoDD,AT361
Improvements,Auto,ShowHideAutoDD,AU361
Improvements,Auto,ShowHideAutoDD,AV361
Improvements,Auto,ShowHideAutoDD,AW361
Improvements,Auto,ShowHideAutoDD,AX361
Improvements,Auto,ShowHideAutoDD,AY361
Improvements,Auto,ShowHideAutoDD,AZ361
Improvements,Auto,ShowHideAutoDD,BA361
Improvements,Unknown_Field_BG361,ShowHideAutoDD,BG361
Improvements,Auto,ShowHideAutoDD,AP362
Improvements,Auto,ShowHideAutoDD,AQ362
Improvements,Auto,ShowHideAutoDD,AR362
Improvements,Auto,ShowHideAutoDD,AS362
Improvements,Auto,ShowHideAutoDD,AT362
Improvements,Auto,ShowHideAutoDD,AU362
Improvements,Auto,ShowHideAutoDD,AV362
Improvements,Auto,ShowHideAutoDD,AW362
Improvements,Auto,ShowHideAutoDD,AX362
Improvements,Hide,ShowHideAutoDD,AY362
Improvements,Hide,ShowHideAutoDD,AZ362
Improvements,Hide,ShowHideAutoDD,BA362
Improvements,Unknown_Field_BG362,ShowHideAutoDD,BG362
Improvements,Unknown_Field_AP363,ShowHideAutoDD,AP363
Improvements,Unknown_Field_AQ363,ShowHideAutoDD,AQ363
Improvements,Unknown_Field_AR363,ShowHideAutoDD,AR363
Improvements,Unknown_Field_AS363,ShowHideAutoDD,AS363
Improvements,Unknown_Field_AT363,ShowHideAutoDD,AT363
Improvements,Unknown_Field_AU363,ShowHideAutoDD,AU363
Improvements,Unknown_Field_AV363,ShowHideAutoDD,AV363
Improvements,Unknown_Field_AW363,ShowHideAutoDD,AW363
Improvements,Hide,ShowHideAutoDD,AX363
Improvements,Unknown_Field_AY363,ShowHideAutoDD,AY363
Improvements,Unknown_Field_AZ363,ShowHideAutoDD,AZ363
Improvements,Unknown_Field_BA363,ShowHideAutoDD,BA363
Improvements,Unknown_Field_BG363,ShowHideAutoDD,BG363
Improvements,Unknown_Field_AP364,ShowHideAutoDD,AP364
Improvements,Unknown_Field_AQ364,ShowHideAutoDD,AQ364
Improvements,Unknown_Field_AR364,ShowHideAutoDD,AR364
Improvements,Unknown_Field_AS364,ShowHideAutoDD,AS364
Improvements,Unknown_Field_AT364,ShowHideAutoDD,AT364
Improvements,Unknown_Field_AU364,ShowHideAutoDD,AU364
Improvements,Unknown_Field_AV364,ShowHideAutoDD,AV364
Improvements,Unknown_Field_AW364,ShowHideAutoDD,AW364
Improvements,Hide,ShowHideAutoDD,AX364
Improvements,Unknown_Field_AY364,ShowHideAutoDD,AY364
Improvements,Unknown_Field_AZ364,ShowHideAutoDD,AZ364
Improvements,Unknown_Field_BA364,ShowHideAutoDD,BA364
Improvements,Unknown_Field_BG364,ShowHideAutoDD,BG364
Improvements,Unknown_Field_AP365,ShowHideAutoDD,AP365
Improvements,Unknown_Field_AQ365,ShowHideAutoDD,AQ365
Improvements,Unknown_Field_AR365,ShowHideAutoDD,AR365
Improvements,Unknown_Field_AS365,ShowHideAutoDD,AS365
Improvements,Unknown_Field_AT365,ShowHideAutoDD,AT365
Improvements,Unknown_Field_AU365,ShowHideAutoDD,AU365
Improvements,Unknown_Field_AV365,ShowHideAutoDD,AV365
Improvements,Unknown_Field_AW365,ShowHideAutoDD,AW365
Improvements,Hide,ShowHideAutoDD,AX365
Improvements,Unknown_Field_AY365,ShowHideAutoDD,AY365
Improvements,Unknown_Field_AZ365,ShowHideAutoDD,AZ365
Improvements,Unknown_Field_BA365,ShowHideAutoDD,BA365
Improvements,Unknown_Field_BG365,ShowHideAutoDD,BG365
Improvements,Unknown_Field_AP366,ShowHideAutoDD,AP366
Improvements,Unknown_Field_AQ366,ShowHideAutoDD,AQ366
Improvements,Unknown_Field_AR366,ShowHideAutoDD,AR366
Improvements,Unknown_Field_AS366,ShowHideAutoDD,AS366
Improvements,Unknown_Field_AT366,ShowHideAutoDD,AT366
Improvements,Unknown_Field_AU366,ShowHideAutoDD,AU366
Improvements,Unknown_Field_AV366,ShowHideAutoDD,AV366
Improvements,Unknown_Field_AW366,ShowHideAutoDD,AW366
Improvements,Hide,ShowHideAutoDD,AX366
Improvements,Unknown_Field_AY366,ShowHideAutoDD,AY366
Improvements,Unknown_Field_AZ366,ShowHideAutoDD,AZ366
Improvements,Unknown_Field_BA366,ShowHideAutoDD,BA366
Improvements,Unknown_Field_BG366,ShowHideAutoDD,BG366
Improvements,Unknown_Field_AP367,ShowHideAutoDD,AP367
Improvements,Unknown_Field_AQ367,ShowHideAutoDD,AQ367
Improvements,Unknown_Field_AR367,ShowHideAutoDD,AR367
Improvements,Unknown_Field_AS367,ShowHideAutoDD,AS367
Improvements,Unknown_Field_AT367,ShowHideAutoDD,AT367
Improvements,Unknown_Field_AU367,ShowHideAutoDD,AU367
Improvements,Unknown_Field_AV367,ShowHideAutoDD,AV367
Improvements,Unknown_Field_AW367,ShowHideAutoDD,AW367
Improvements,Hide,ShowHideAutoDD,AX367
Improvements,Unknown_Field_AY367,ShowHideAutoDD,AY367
Improvements,Unknown_Field_AZ367,ShowHideAutoDD,AZ367
Improvements,Unknown_Field_BA367,ShowHideAutoDD,BA367
Improvements,Unknown_Field_BG367,ShowHideAutoDD,BG367
Improvements,Unknown_Field_AP368,ShowHideAutoDD,AP368
Improvements,Unknown_Field_AQ368,ShowHideAutoDD,AQ368
Improvements,Unknown_Field_AR368,ShowHideAutoDD,AR368
Improvements,Unknown_Field_AS368,ShowHideAutoDD,AS368
Improvements,Unknown_Field_AT368,ShowHideAutoDD,AT368
Improvements,Unknown_Field_AU368,ShowHideAutoDD,AU368
Improvements,Unknown_Field_AV368,ShowHideAutoDD,AV368
Improvements,Unknown_Field_AW368,ShowHideAutoDD,AW368
Improvements,Hide,ShowHideAutoDD,AX368
Improvements,Unknown_Field_AY368,ShowHideAutoDD,AY368
Improvements,Unknown_Field_AZ368,ShowHideAutoDD,AZ368
Improvements,Unknown_Field_BA368,ShowHideAutoDD,BA368
Improvements,Unknown_Field_BG368,ShowHideAutoDD,BG368
Improvements,Unknown_Field_AP369,ShowHideAutoDD,AP369
Improvements,Unknown_Field_AQ369,ShowHideAutoDD,AQ369
Improvements,Unknown_Field_AR369,ShowHideAutoDD,AR369
Improvements,Unknown_Field_AS369,ShowHideAutoDD,AS369
Improvements,Unknown_Field_AT369,ShowHideAutoDD,AT369
Improvements,Unknown_Field_AU369,ShowHideAutoDD,AU369
Improvements,Unknown_Field_AV369,ShowHideAutoDD,AV369
Improvements,Unknown_Field_AW369,ShowHideAutoDD,AW369
Improvements,Unknown_Field_AX369,ShowHideAutoDD,AX369
Improvements,Unknown_Field_AY369,ShowHideAutoDD,AY369
Improvements,Unknown_Field_AZ369,ShowHideAutoDD,AZ369
Improvements,Unknown_Field_BA369,ShowHideAutoDD,BA369
Improvements,Unknown_Field_BG369,ShowHideAutoDD,BG369
Improvements,Unknown_Field_AP370,ShowHideAutoDD,AP370
Improvements,Unknown_Field_AQ370,ShowHideAutoDD,AQ370
Improvements,Unknown_Field_AR370,ShowHideAutoDD,AR370
Improvements,Unknown_Field_AS370,ShowHideAutoDD,AS370
Improvements,Unknown_Field_AT370,ShowHideAutoDD,AT370
Improvements,Unknown_Field_AU370,ShowHideAutoDD,AU370
Improvements,Unknown_Field_AV370,ShowHideAutoDD,AV370
Improvements,Unknown_Field_AW370,ShowHideAutoDD,AW370
Improvements,Unknown_Field_AX370,ShowHideAutoDD,AX370
Improvements,Unknown_Field_AY370,ShowHideAutoDD,AY370
Improvements,Unknown_Field_AZ370,ShowHideAutoDD,AZ370
Improvements,Unknown_Field_BA370,ShowHideAutoDD,BA370
Improvements,Unknown_Field_BG370,ShowHideAutoDD,BG370
Improvements,Unknown_Field_AP371,ShowHideAutoDD,AP371
Improvements,Unknown_Field_AQ371,ShowHideAutoDD,AQ371
Improvements,Unknown_Field_AR371,ShowHideAutoDD,AR371
Improvements,Unknown_Field_AS371,ShowHideAutoDD,AS371
Improvements,Unknown_Field_AT371,ShowHideAutoDD,AT371
Improvements,Unknown_Field_AU371,ShowHideAutoDD,AU371
Improvements,Unknown_Field_AV371,ShowHideAutoDD,AV371
Improvements,Unknown_Field_AW371,ShowHideAutoDD,AW371
Improvements,Unknown_Field_AX371,ShowHideAutoDD,AX371
Improvements,Unknown_Field_AY371,ShowHideAutoDD,AY371
Improvements,Unknown_Field_AZ371,ShowHideAutoDD,AZ371
Improvements,Unknown_Field_BA371,ShowHideAutoDD,BA371
Improvements,Unknown_Field_BG371,ShowHideAutoDD,BG371
Improvements,Unknown_Field_AP372,ShowHideAutoDD,AP372
Improvements,Auto,ShowHideAutoDD,AQ372
Improvements,Auto,ShowHideAutoDD,AR372
Improvements,Auto,ShowHideAutoDD,AS372
Improvements,Auto,ShowHideAutoDD,AT372
Improvements,Auto,ShowHideAutoDD,AU372
Improvements,Auto,ShowHideAutoDD,AV372
Improvements,Auto,ShowHideAutoDD,AW372
Improvements,Auto,ShowHideAutoDD,AX372
Improvements,Auto,ShowHideAutoDD,AY372
Improvements,Auto,ShowHideAutoDD,AZ372
Improvements,Auto,ShowHideAutoDD,BA372
Improvements,Auto,ShowHideAutoDD,BG372
Improvements,Auto,ShowHideAutoDD,AP373
Improvements,Auto,ShowHideAutoDD,AQ373
Improvements,Auto,ShowHideAutoDD,AR373
Improvements,Auto,ShowHideAutoDD,AS373
Improvements,Auto,ShowHideAutoDD,AT373
Improvements,Auto,ShowHideAutoDD,AU373
Improvements,Auto,ShowHideAutoDD,AV373
Improvements,Auto,ShowHideAutoDD,AW373
Improvements,Auto,ShowHideAutoDD,AX373
Improvements,Auto,ShowHideAutoDD,AY373
Improvements,Auto,ShowHideAutoDD,AZ373
Improvements,Auto,ShowHideAutoDD,BA373
Improvements,Auto,ShowHideAutoDD,BG373
Improvements,Auto,ShowHideAutoDD,AP374
Improvements,Auto,ShowHideAutoDD,AQ374
Improvements,Auto,ShowHideAutoDD,AR374
Improvements,Auto,ShowHideAutoDD,AS374
Improvements,Auto,ShowHideAutoDD,AT374
Improvements,Auto,ShowHideAutoDD,AU374
Improvements,Auto,ShowHideAutoDD,AV374
Improvements,Auto,ShowHideAutoDD,AW374
Improvements,Auto,ShowHideAutoDD,AX374
Improvements,Auto,ShowHideAutoDD,AY374
Improvements,Auto,ShowHideAutoDD,AZ374
Improvements,Auto,ShowHideAutoDD,BA374
Improvements,Auto,ShowHideAutoDD,BG374
Improvements,Auto,ShowHideAutoDD,AP375
Improvements,Auto,ShowHideAutoDD,AQ375
Improvements,Auto,ShowHideAutoDD,AR375
Improvements,Auto,ShowHideAutoDD,AS375
Improvements,Auto,ShowHideAutoDD,AT375
Improvements,Auto,ShowHideAutoDD,AU375
Improvements,Auto,ShowHideAutoDD,AV375
Improvements,Auto,ShowHideAutoDD,AW375
Improvements,Auto,ShowHideAutoDD,AX375
Improvements,Auto,ShowHideAutoDD,AY375
Improvements,Auto,ShowHideAutoDD,AZ375
Improvements,Auto,ShowHideAutoDD,BA375
Improvements,Unknown_Field_BG375,ShowHideAutoDD,BG375
Improvements,Auto,ShowHideAutoDD,AP376
Improvements,Auto,ShowHideAutoDD,AQ376
Improvements,Auto,ShowHideAutoDD,AR376
Improvements,Auto,ShowHideAutoDD,AS376
Improvements,Auto,ShowHideAutoDD,AT376
Improvements,Auto,ShowHideAutoDD,AU376
Improvements,Auto,ShowHideAutoDD,AV376
Improvements,Auto,ShowHideAutoDD,AW376
Improvements,Auto,ShowHideAutoDD,AX376
Improvements,Auto,ShowHideAutoDD,AY376
Improvements,Auto,ShowHideAutoDD,AZ376
Improvements,Auto,ShowHideAutoDD,BA376
Improvements,Unknown_Field_BG376,ShowHideAutoDD,BG376
Improvements,Auto,ShowHideAutoDD,AP377
Improvements,Auto,ShowHideAutoDD,AQ377
Improvements,Auto,ShowHideAutoDD,AR377
Improvements,Auto,ShowHideAutoDD,AS377
Improvements,Auto,ShowHideAutoDD,AT377
Improvements,Auto,ShowHideAutoDD,AU377
Improvements,Auto,ShowHideAutoDD,AV377
Improvements,Auto,ShowHideAutoDD,AW377
Improvements,Auto,ShowHideAutoDD,AX377
Improvements,Auto,ShowHideAutoDD,AY377
Improvements,Auto,ShowHideAutoDD,AZ377
Improvements,Auto,ShowHideAutoDD,BA377
Improvements,Unknown_Field_BG377,ShowHideAutoDD,BG377
Improvements,Auto,ShowHideAutoDD,AP378
Improvements,Auto,ShowHideAutoDD,AQ378
Improvements,Auto,ShowHideAutoDD,AR378
Improvements,Auto,ShowHideAutoDD,AS378
Improvements,Auto,ShowHideAutoDD,AT378
Improvements,Auto,ShowHideAutoDD,AU378
Improvements,Auto,ShowHideAutoDD,AV378
Improvements,Auto,ShowHideAutoDD,AW378
Improvements,Auto,ShowHideAutoDD,AX378
Improvements,Auto,ShowHideAutoDD,AY378
Improvements,Auto,ShowHideAutoDD,AZ378
Improvements,Auto,ShowHideAutoDD,BA378
Improvements,Unknown_Field_BG378,ShowHideAutoDD,BG378
Improvements,Auto,ShowHideAutoDD,AP379
Improvements,Auto,ShowHideAutoDD,AQ379
Improvements,Auto,ShowHideAutoDD,AR379
Improvements,Auto,ShowHideAutoDD,AS379
Improvements,Auto,ShowHideAutoDD,AT379
Improvements,Auto,ShowHideAutoDD,AU379
Improvements,Auto,ShowHideAutoDD,AV379
Improvements,Auto,ShowHideAutoDD,AW379
Improvements,Auto,ShowHideAutoDD,AX379
Improvements,Auto,ShowHideAutoDD,AY379
Improvements,Auto,ShowHideAutoDD,AZ379
Improvements,Auto,ShowHideAutoDD,BA379
Improvements,Unknown_Field_BG379,ShowHideAutoDD,BG379
Improvements,Auto,ShowHideAutoDD,AP380
Improvements,Auto,ShowHideAutoDD,AQ380
Improvements,Auto,ShowHideAutoDD,AR380
Improvements,Auto,ShowHideAutoDD,AS380
Improvements,Auto,ShowHideAutoDD,AT380
Improvements,Auto,ShowHideAutoDD,AU380
Improvements,Auto,ShowHideAutoDD,AV380
Improvements,Auto,ShowHideAutoDD,AW380
Improvements,Auto,ShowHideAutoDD,AX380
Improvements,Auto,ShowHideAutoDD,AY380
Improvements,Auto,ShowHideAutoDD,AZ380
Improvements,Auto,ShowHideAutoDD,BA380
Improvements,Unknown_Field_BG380,ShowHideAutoDD,BG380
Improvements,Unknown_Field_AP381,ShowHideAutoDD,AP381
Improvements,Unknown_Field_AQ381,ShowHideAutoDD,AQ381
Improvements,Unknown_Field_AR381,ShowHideAutoDD,AR381
Improvements,Unknown_Field_AS381,ShowHideAutoDD,AS381
Improvements,Unknown_Field_AT381,ShowHideAutoDD,AT381
Improvements,Unknown_Field_AU381,ShowHideAutoDD,AU381
Improvements,Unknown_Field_AV381,ShowHideAutoDD,AV381
Improvements,Unknown_Field_AW381,ShowHideAutoDD,AW381
Improvements,Unknown_Field_AX381,ShowHideAutoDD,AX381
Improvements,Unknown_Field_AY381,ShowHideAutoDD,AY381
Improvements,Unknown_Field_AZ381,ShowHideAutoDD,AZ381
Improvements,Unknown_Field_BA381,ShowHideAutoDD,BA381
Improvements,Unknown_Field_BG381,ShowHideAutoDD,BG381
Improvements,Unknown_Field_AP382,ShowHideAutoDD,AP382
Improvements,Unknown_Field_AQ382,ShowHideAutoDD,AQ382
Improvements,Unknown_Field_AR382,ShowHideAutoDD,AR382
Improvements,Unknown_Field_AS382,ShowHideAutoDD,AS382
Improvements,Unknown_Field_AT382,ShowHideAutoDD,AT382
Improvements,Unknown_Field_AU382,ShowHideAutoDD,AU382
Improvements,Unknown_Field_AV382,ShowHideAutoDD,AV382
Improvements,Unknown_Field_AW382,ShowHideAutoDD,AW382
Improvements,Unknown_Field_AX382,ShowHideAutoDD,AX382
Improvements,Unknown_Field_AY382,ShowHideAutoDD,AY382
Improvements,Unknown_Field_AZ382,ShowHideAutoDD,AZ382
Improvements,Unknown_Field_BA382,ShowHideAutoDD,BA382
Improvements,Unknown_Field_BG382,ShowHideAutoDD,BG382
Improvements,Unknown_Field_AP383,ShowHideAutoDD,AP383
Improvements,Unknown_Field_AQ383,ShowHideAutoDD,AQ383
Improvements,Unknown_Field_AR383,ShowHideAutoDD,AR383
Improvements,Unknown_Field_AS383,ShowHideAutoDD,AS383
Improvements,Unknown_Field_AT383,ShowHideAutoDD,AT383
Improvements,Unknown_Field_AU383,ShowHideAutoDD,AU383
Improvements,Unknown_Field_AV383,ShowHideAutoDD,AV383
Improvements,Unknown_Field_AW383,ShowHideAutoDD,AW383
Improvements,Unknown_Field_AX383,ShowHideAutoDD,AX383
Improvements,Unknown_Field_AY383,ShowHideAutoDD,AY383
Improvements,Unknown_Field_AZ383,ShowHideAutoDD,AZ383
Improvements,Unknown_Field_BA383,ShowHideAutoDD,BA383
Improvements,Unknown_Field_BG383,ShowHideAutoDD,BG383
Improvements,Unknown_Field_AP384,ShowHideAutoDD,AP384
Improvements,Unknown_Field_AQ384,ShowHideAutoDD,AQ384
Improvements,Unknown_Field_AR384,ShowHideAutoDD,AR384
Improvements,Unknown_Field_AS384,ShowHideAutoDD,AS384
Improvements,Unknown_Field_AT384,ShowHideAutoDD,AT384
Improvements,Unknown_Field_AU384,ShowHideAutoDD,AU384
Improvements,Unknown_Field_AV384,ShowHideAutoDD,AV384
Improvements,Unknown_Field_AW384,ShowHideAutoDD,AW384
Improvements,Unknown_Field_AX384,ShowHideAutoDD,AX384
Improvements,Unknown_Field_AY384,ShowHideAutoDD,AY384
Improvements,Unknown_Field_AZ384,ShowHideAutoDD,AZ384
Improvements,Unknown_Field_BA384,ShowHideAutoDD,BA384
Improvements,Unknown_Field_BG384,ShowHideAutoDD,BG384
Improvements,Unknown_Field_AP385,ShowHideAutoDD,AP385
Improvements,Unknown_Field_AQ385,ShowHideAutoDD,AQ385
Improvements,Unknown_Field_AR385,ShowHideAutoDD,AR385
Improvements,Unknown_Field_AS385,ShowHideAutoDD,AS385
Improvements,Unknown_Field_AT385,ShowHideAutoDD,AT385
Improvements,Unknown_Field_AU385,ShowHideAutoDD,AU385
Improvements,Unknown_Field_AV385,ShowHideAutoDD,AV385
Improvements,Unknown_Field_AW385,ShowHideAutoDD,AW385
Improvements,Unknown_Field_AX385,ShowHideAutoDD,AX385
Improvements,Unknown_Field_AY385,ShowHideAutoDD,AY385
Improvements,Unknown_Field_AZ385,ShowHideAutoDD,AZ385
Improvements,Unknown_Field_BA385,ShowHideAutoDD,BA385
Improvements,Unknown_Field_BG385,ShowHideAutoDD,BG385
Improvements,Unknown_Field_AP386,ShowHideAutoDD,AP386
Improvements,Unknown_Field_AQ386,ShowHideAutoDD,AQ386
Improvements,Unknown_Field_AR386,ShowHideAutoDD,AR386
Improvements,Unknown_Field_AS386,ShowHideAutoDD,AS386
Improvements,Unknown_Field_AT386,ShowHideAutoDD,AT386
Improvements,Unknown_Field_AU386,ShowHideAutoDD,AU386
Improvements,Unknown_Field_AV386,ShowHideAutoDD,AV386
Improvements,Unknown_Field_AW386,ShowHideAutoDD,AW386
Improvements,Unknown_Field_AX386,ShowHideAutoDD,AX386
Improvements,Unknown_Field_AY386,ShowHideAutoDD,AY386
Improvements,Unknown_Field_AZ386,ShowHideAutoDD,AZ386
Improvements,Unknown_Field_BA386,ShowHideAutoDD,BA386
Improvements,Unknown_Field_BG386,ShowHideAutoDD,BG386
Improvements,Unknown_Field_AP387,ShowHideAutoDD,AP387
Improvements,Unknown_Field_AQ387,ShowHideAutoDD,AQ387
Improvements,Unknown_Field_AR387,ShowHideAutoDD,AR387
Improvements,Unknown_Field_AS387,ShowHideAutoDD,AS387
Improvements,Unknown_Field_AT387,ShowHideAutoDD,AT387
Improvements,Unknown_Field_AU387,ShowHideAutoDD,AU387
Improvements,Unknown_Field_AV387,ShowHideAutoDD,AV387
Improvements,Unknown_Field_AW387,ShowHideAutoDD,AW387
Improvements,Unknown_Field_AX387,ShowHideAutoDD,AX387
Improvements,Unknown_Field_AY387,ShowHideAutoDD,AY387
Improvements,Unknown_Field_AZ387,ShowHideAutoDD,AZ387
Improvements,Unknown_Field_BA387,ShowHideAutoDD,BA387
Improvements,Unknown_Field_BG387,ShowHideAutoDD,BG387
Improvements,Unknown_Field_AP388,ShowHideAutoDD,AP388
Improvements,Unknown_Field_AQ388,ShowHideAutoDD,AQ388
Improvements,Unknown_Field_AR388,ShowHideAutoDD,AR388
Improvements,Unknown_Field_AS388,ShowHideAutoDD,AS388
Improvements,Unknown_Field_AT388,ShowHideAutoDD,AT388
Improvements,Unknown_Field_AU388,ShowHideAutoDD,AU388
Improvements,Unknown_Field_AV388,ShowHideAutoDD,AV388
Improvements,Unknown_Field_AW388,ShowHideAutoDD,AW388
Improvements,Unknown_Field_AX388,ShowHideAutoDD,AX388
Improvements,Unknown_Field_AY388,ShowHideAutoDD,AY388
Improvements,Unknown_Field_AZ388,ShowHideAutoDD,AZ388
Improvements,Unknown_Field_BA388,ShowHideAutoDD,BA388
Improvements,Unknown_Field_BG388,ShowHideAutoDD,BG388
Improvements,Unknown_Field_AP389,ShowHideAutoDD,AP389
Improvements,Unknown_Field_AQ389,ShowHideAutoDD,AQ389
Improvements,Unknown_Field_AR389,ShowHideAutoDD,AR389
Improvements,Unknown_Field_AS389,ShowHideAutoDD,AS389
Improvements,Unknown_Field_AT389,ShowHideAutoDD,AT389
Improvements,Unknown_Field_AU389,ShowHideAutoDD,AU389
Improvements,Unknown_Field_AV389,ShowHideAutoDD,AV389
Improvements,Unknown_Field_AW389,ShowHideAutoDD,AW389
Improvements,Unknown_Field_AX389,ShowHideAutoDD,AX389
Improvements,Unknown_Field_AY389,ShowHideAutoDD,AY389
Improvements,Unknown_Field_AZ389,ShowHideAutoDD,AZ389
Improvements,Unknown_Field_BA389,ShowHideAutoDD,BA389
Improvements,Unknown_Field_BG389,ShowHideAutoDD,BG389
Improvements,Unknown_Field_AP390,ShowHideAutoDD,AP390
Improvements,Unknown_Field_AQ390,ShowHideAutoDD,AQ390
Improvements,Unknown_Field_AR390,ShowHideAutoDD,AR390
Improvements,Unknown_Field_AS390,ShowHideAutoDD,AS390
Improvements,Unknown_Field_AT390,ShowHideAutoDD,AT390
Improvements,Unknown_Field_AU390,ShowHideAutoDD,AU390
Improvements,Unknown_Field_AV390,ShowHideAutoDD,AV390
Improvements,Unknown_Field_AW390,ShowHideAutoDD,AW390
Improvements,Unknown_Field_AX390,ShowHideAutoDD,AX390
Improvements,Unknown_Field_AY390,ShowHideAutoDD,AY390
Improvements,Unknown_Field_AZ390,ShowHideAutoDD,AZ390
Improvements,Unknown_Field_BA390,ShowHideAutoDD,BA390
Improvements,Unknown_Field_BG390,ShowHideAutoDD,BG390
Improvements,Unknown_Field_AP391,ShowHideAutoDD,AP391
Improvements,Auto,ShowHideAutoDD,AQ391
Improvements,Auto,ShowHideAutoDD,AR391
Improvements,Auto,ShowHideAutoDD,AS391
Improvements,Auto,ShowHideAutoDD,AT391
Improvements,Auto,ShowHideAutoDD,AU391
Improvements,Auto,ShowHideAutoDD,AV391
Improvements,Auto,ShowHideAutoDD,AW391
Improvements,Auto,ShowHideAutoDD,AX391
Improvements,Auto,ShowHideAutoDD,AY391
Improvements,Auto,ShowHideAutoDD,AZ391
Improvements,Auto,ShowHideAutoDD,BA391
Improvements,Auto,ShowHideAutoDD,BG391
Improvements,Auto,ShowHideAutoDD,AP392
Improvements,Auto,ShowHideAutoDD,AQ392
Improvements,Auto,ShowHideAutoDD,AR392
Improvements,Auto,ShowHideAutoDD,AS392
Improvements,Auto,ShowHideAutoDD,AT392
Improvements,Auto,ShowHideAutoDD,AU392
Improvements,Auto,ShowHideAutoDD,AV392
Improvements,Auto,ShowHideAutoDD,AW392
Improvements,Auto,ShowHideAutoDD,AX392
Improvements,Auto,ShowHideAutoDD,AY392
Improvements,Auto,ShowHideAutoDD,AZ392
Improvements,Auto,ShowHideAutoDD,BA392
Improvements,Auto,ShowHideAutoDD,BG392
Improvements,Auto,ShowHideAutoDD,AP393
Improvements,Auto,ShowHideAutoDD,AQ393
Improvements,Auto,ShowHideAutoDD,AR393
Improvements,Auto,ShowHideAutoDD,AS393
Improvements,Auto,ShowHideAutoDD,AT393
Improvements,Auto,ShowHideAutoDD,AU393
Improvements,Auto,ShowHideAutoDD,AV393
Improvements,Auto,ShowHideAutoDD,AW393
Improvements,Auto,ShowHideAutoDD,AX393
Improvements,Auto,ShowHideAutoDD,AY393
Improvements,Auto,ShowHideAutoDD,AZ393
Improvements,Auto,ShowHideAutoDD,BA393
Improvements,Auto,ShowHideAutoDD,BG393
Improvements,Auto,ShowHideAutoDD,AP394
Improvements,Auto,ShowHideAutoDD,AQ394
Improvements,Auto,ShowHideAutoDD,AR394
Improvements,Auto,ShowHideAutoDD,AS394
Improvements,Auto,ShowHideAutoDD,AT394
Improvements,Auto,ShowHideAutoDD,AU394
Improvements,Auto,ShowHideAutoDD,AV394
Improvements,Auto,ShowHideAutoDD,AW394
Improvements,Auto,ShowHideAutoDD,AX394
Improvements,Auto,ShowHideAutoDD,AY394
Improvements,Auto,ShowHideAutoDD,AZ394
Improvements,Auto,ShowHideAutoDD,BA394
Improvements,Unknown_Field_BG394,ShowHideAutoDD,BG394
Improvements,Auto,ShowHideAutoDD,AP395
Improvements,Auto,ShowHideAutoDD,AQ395
Improvements,Auto,ShowHideAutoDD,AR395
Improvements,Auto,ShowHideAutoDD,AS395
Improvements,Auto,ShowHideAutoDD,AT395
Improvements,Auto,ShowHideAutoDD,AU395
Improvements,Auto,ShowHideAutoDD,AV395
Improvements,Auto,ShowHideAutoDD,AW395
Improvements,Auto,ShowHideAutoDD,AX395
Improvements,Auto,ShowHideAutoDD,AY395
Improvements,Auto,ShowHideAutoDD,AZ395
Improvements,Auto,ShowHideAutoDD,BA395
Improvements,Unknown_Field_BG395,ShowHideAutoDD,BG395
Improvements,Auto,ShowHideAutoDD,AP396
Improvements,Auto,ShowHideAutoDD,AQ396
Improvements,Auto,ShowHideAutoDD,AR396
Improvements,Auto,ShowHideAutoDD,AS396
Improvements,Auto,ShowHideAutoDD,AT396
Improvements,Auto,ShowHideAutoDD,AU396
Improvements,Auto,ShowHideAutoDD,AV396
Improvements,Auto,ShowHideAutoDD,AW396
Improvements,Auto,ShowHideAutoDD,AX396
Improvements,Auto,ShowHideAutoDD,AY396
Improvements,Auto,ShowHideAutoDD,AZ396
Improvements,Auto,ShowHideAutoDD,BA396
Improvements,Unknown_Field_BG396,ShowHideAutoDD,BG396
Improvements,Auto,ShowHideAutoDD,AP397
Improvements,Auto,ShowHideAutoDD,AQ397
Improvements,Auto,ShowHideAutoDD,AR397
Improvements,Auto,ShowHideAutoDD,AS397
Improvements,Auto,ShowHideAutoDD,AT397
Improvements,Auto,ShowHideAutoDD,AU397
Improvements,Auto,ShowHideAutoDD,AV397
Improvements,Auto,ShowHideAutoDD,AW397
Improvements,Auto,ShowHideAutoDD,AX397
Improvements,Auto,ShowHideAutoDD,AY397
Improvements,Auto,ShowHideAutoDD,AZ397
Improvements,Auto,ShowHideAutoDD,BA397
Improvements,Unknown_Field_BG397,ShowHideAutoDD,BG397
Improvements,Auto,ShowHideAutoDD,AP398
Improvements,Auto,ShowHideAutoDD,AQ398
Improvements,Auto,ShowHideAutoDD,AR398
Improvements,Auto,ShowHideAutoDD,AS398
Improvements,Auto,ShowHideAutoDD,AT398
Improvements,Auto,ShowHideAutoDD,AU398
Improvements,Auto,ShowHideAutoDD,AV398
Improvements,Auto,ShowHideAutoDD,AW398
Improvements,Auto,ShowHideAutoDD,AX398
Improvements,Auto,ShowHideAutoDD,AY398
Improvements,Auto,ShowHideAutoDD,AZ398
Improvements,Auto,ShowHideAutoDD,BA398
Improvements,Unknown_Field_BG398,ShowHideAutoDD,BG398
Improvements,Auto,ShowHideAutoDD,AP399
Improvements,Auto,ShowHideAutoDD,AQ399
Improvements,Auto,ShowHideAutoDD,AR399
Improvements,Auto,ShowHideAutoDD,AS399
Improvements,Auto,ShowHideAutoDD,AT399
Improvements,Auto,ShowHideAutoDD,AU399
Improvements,Auto,ShowHideAutoDD,AV399
Improvements,Auto,ShowHideAutoDD,AW399
Improvements,Auto,ShowHideAutoDD,AX399
Improvements,Auto,ShowHideAutoDD,AY399
Improvements,Auto,ShowHideAutoDD,AZ399
Improvements,Auto,ShowHideAutoDD,BA399
Improvements,Unknown_Field_BG399,ShowHideAutoDD,BG399
Improvements,Unknown_Field_AP400,ShowHideAutoDD,AP400
Improvements,Unknown_Field_AQ400,ShowHideAutoDD,AQ400
Improvements,Unknown_Field_AR400,ShowHideAutoDD,AR400
Improvements,Unknown_Field_AS400,ShowHideAutoDD,AS400
Improvements,Unknown_Field_AT400,ShowHideAutoDD,AT400
Improvements,Unknown_Field_AU400,ShowHideAutoDD,AU400
Improvements,Unknown_Field_AV400,ShowHideAutoDD,AV400
Improvements,Unknown_Field_AW400,ShowHideAutoDD,AW400
Improvements,Unknown_Field_AX400,ShowHideAutoDD,AX400
Improvements,Unknown_Field_AY400,ShowHideAutoDD,AY400
Improvements,Unknown_Field_AZ400,ShowHideAutoDD,AZ400
Improvements,Unknown_Field_BA400,ShowHideAutoDD,BA400
Improvements,Unknown_Field_BG400,ShowHideAutoDD,BG400
Improvements,Unknown_Field_AP401,ShowHideAutoDD,AP401
Improvements,Auto,ShowHideAutoDD,AQ401
Improvements,Auto,ShowHideAutoDD,AR401
Improvements,Auto,ShowHideAutoDD,AS401
Improvements,Auto,ShowHideAutoDD,AT401
Improvements,Auto,ShowHideAutoDD,AU401
Improvements,Auto,ShowHideAutoDD,AV401
Improvements,Auto,ShowHideAutoDD,AW401
Improvements,Auto,ShowHideAutoDD,AX401
Improvements,Auto,ShowHideAutoDD,AY401
Improvements,Auto,ShowHideAutoDD,AZ401
Improvements,Auto,ShowHideAutoDD,BA401
Improvements,Auto,ShowHideAutoDD,BG401
Improvements,Auto,ShowHideAutoDD,AP402
Improvements,Auto,ShowHideAutoDD,AQ402
Improvements,Auto,ShowHideAutoDD,AR402
Improvements,Auto,ShowHideAutoDD,AS402
Improvements,Auto,ShowHideAutoDD,AT402
Improvements,Auto,ShowHideAutoDD,AU402
Improvements,Auto,ShowHideAutoDD,AV402
Improvements,Auto,ShowHideAutoDD,AW402
Improvements,Auto,ShowHideAutoDD,AX402
Improvements,Auto,ShowHideAutoDD,AY402
Improvements,Auto,ShowHideAutoDD,AZ402
Improvements,Auto,ShowHideAutoDD,BA402
Improvements,Auto,ShowHideAutoDD,BG402
Improvements,Auto,ShowHideAutoDD,AP403
Improvements,Auto,ShowHideAutoDD,AQ403
Improvements,Auto,ShowHideAutoDD,AR403
Improvements,Auto,ShowHideAutoDD,AS403
Improvements,Auto,ShowHideAutoDD,AT403
Improvements,Auto,ShowHideAutoDD,AU403
Improvements,Auto,ShowHideAutoDD,AV403
Improvements,Auto,ShowHideAutoDD,AW403
Improvements,Auto,ShowHideAutoDD,AX403
Improvements,Auto,ShowHideAutoDD,AY403
Improvements,Auto,ShowHideAutoDD,AZ403
Improvements,Auto,ShowHideAutoDD,BA403
Improvements,Auto,ShowHideAutoDD,BG403
Improvements,Auto,ShowHideAutoDD,AP404
Improvements,Auto,ShowHideAutoDD,AQ404
Improvements,Auto,ShowHideAutoDD,AR404
Improvements,Auto,ShowHideAutoDD,AS404
Improvements,Auto,ShowHideAutoDD,AT404
Improvements,Auto,ShowHideAutoDD,AU404
Improvements,Auto,ShowHideAutoDD,AV404
Improvements,Auto,ShowHideAutoDD,AW404
Improvements,Auto,ShowHideAutoDD,AX404
Improvements,Auto,ShowHideAutoDD,AY404
Improvements,Auto,ShowHideAutoDD,AZ404
Improvements,Auto,ShowHideAutoDD,BA404
Improvements,Unknown_Field_BG404,ShowHideAutoDD,BG404
Improvements,Auto,ShowHideAutoDD,AP405
Improvements,Auto,ShowHideAutoDD,AQ405
Improvements,Auto,ShowHideAutoDD,AR405
Improvements,Auto,ShowHideAutoDD,AS405
Improvements,Auto,ShowHideAutoDD,AT405
Improvements,Auto,ShowHideAutoDD,AU405
Improvements,Auto,ShowHideAutoDD,AV405
Improvements,Auto,ShowHideAutoDD,AW405
Improvements,Auto,ShowHideAutoDD,AX405
Improvements,Auto,ShowHideAutoDD,AY405
Improvements,Auto,ShowHideAutoDD,AZ405
Improvements,Auto,ShowHideAutoDD,BA405
Improvements,Unknown_Field_BG405,ShowHideAutoDD,BG405
Improvements,Auto,ShowHideAutoDD,AP406
Improvements,Auto,ShowHideAutoDD,AQ406
Improvements,Auto,ShowHideAutoDD,AR406
Improvements,Auto,ShowHideAutoDD,AS406
Improvements,Auto,ShowHideAutoDD,AT406
Improvements,Auto,ShowHideAutoDD,AU406
Improvements,Auto,ShowHideAutoDD,AV406
Improvements,Auto,ShowHideAutoDD,AW406
Improvements,Auto,ShowHideAutoDD,AX406
Improvements,Auto,ShowHideAutoDD,AY406
Improvements,Auto,ShowHideAutoDD,AZ406
Improvements,Auto,ShowHideAutoDD,BA406
Improvements,Unknown_Field_BG406,ShowHideAutoDD,BG406
Improvements,Auto,ShowHideAutoDD,AP407
Improvements,Auto,ShowHideAutoDD,AQ407
Improvements,Auto,ShowHideAutoDD,AR407
Improvements,Auto,ShowHideAutoDD,AS407
Improvements,Auto,ShowHideAutoDD,AT407
Improvements,Auto,ShowHideAutoDD,AU407
Improvements,Auto,ShowHideAutoDD,AV407
Improvements,Auto,ShowHideAutoDD,AW407
Improvements,Auto,ShowHideAutoDD,AX407
Improvements,Auto,ShowHideAutoDD,AY407
Improvements,Auto,ShowHideAutoDD,AZ407
Improvements,Auto,ShowHideAutoDD,BA407
Improvements,Unknown_Field_BG407,ShowHideAutoDD,BG407
Improvements,Auto,ShowHideAutoDD,AP408
Improvements,Auto,ShowHideAutoDD,AQ408
Improvements,Auto,ShowHideAutoDD,AR408
Improvements,Auto,ShowHideAutoDD,AS408
Improvements,Auto,ShowHideAutoDD,AT408
Improvements,Auto,ShowHideAutoDD,AU408
Improvements,Auto,ShowHideAutoDD,AV408
Improvements,Auto,ShowHideAutoDD,AW408
Improvements,Auto,ShowHideAutoDD,AX408
Improvements,Auto,ShowHideAutoDD,AY408
Improvements,Auto,ShowHideAutoDD,AZ408
Improvements,Auto,ShowHideAutoDD,BA408
Improvements,Unknown_Field_BG408,ShowHideAutoDD,BG408
Improvements,Auto,ShowHideAutoDD,AP409
Improvements,Auto,ShowHideAutoDD,AQ409
Improvements,Auto,ShowHideAutoDD,AR409
Improvements,Auto,ShowHideAutoDD,AS409
Improvements,Auto,ShowHideAutoDD,AT409
Improvements,Auto,ShowHideAutoDD,AU409
Improvements,Auto,ShowHideAutoDD,AV409
Improvements,Auto,ShowHideAutoDD,AW409
Improvements,Auto,ShowHideAutoDD,AX409
Improvements,Auto,ShowHideAutoDD,AY409
Improvements,Auto,ShowHideAutoDD,AZ409
Improvements,Auto,ShowHideAutoDD,BA409
Improvements,Unknown_Field_BG409,ShowHideAutoDD,BG409
Improvements,Unknown_Field_AP410,ShowHideAutoDD,AP410
Improvements,Unknown_Field_AQ410,ShowHideAutoDD,AQ410
Improvements,Unknown_Field_AR410,ShowHideAutoDD,AR410
Improvements,Unknown_Field_AS410,ShowHideAutoDD,AS410
Improvements,Unknown_Field_AT410,ShowHideAutoDD,AT410
Improvements,Unknown_Field_AU410,ShowHideAutoDD,AU410
Improvements,Unknown_Field_AV410,ShowHideAutoDD,AV410
Improvements,Unknown_Field_AW410,ShowHideAutoDD,AW410
Improvements,Unknown_Field_AX410,ShowHideAutoDD,AX410
Improvements,Unknown_Field_AY410,ShowHideAutoDD,AY410
Improvements,Unknown_Field_AZ410,ShowHideAutoDD,AZ410
Improvements,Unknown_Field_BA410,ShowHideAutoDD,BA410
Improvements,Unknown_Field_BG410,ShowHideAutoDD,BG410
Improvements,Unknown_Field_AP411,ShowHideAutoDD,AP411
Improvements,Unknown_Field_AQ411,ShowHideAutoDD,AQ411
Improvements,Unknown_Field_AR411,ShowHideAutoDD,AR411
Improvements,Unknown_Field_AS411,ShowHideAutoDD,AS411
Improvements,Unknown_Field_AT411,ShowHideAutoDD,AT411
Improvements,Unknown_Field_AU411,ShowHideAutoDD,AU411
Improvements,Unknown_Field_AV411,ShowHideAutoDD,AV411
Improvements,Unknown_Field_AW411,ShowHideAutoDD,AW411
Improvements,Unknown_Field_AX411,ShowHideAutoDD,AX411
Improvements,Unknown_Field_AY411,ShowHideAutoDD,AY411
Improvements,Unknown_Field_AZ411,ShowHideAutoDD,AZ411
Improvements,Unknown_Field_BA411,ShowHideAutoDD,BA411
Improvements,Unknown_Field_BG411,ShowHideAutoDD,BG411
Improvements,Unknown_Field_AP412,ShowHideAutoDD,AP412
Improvements,Auto,ShowHideAutoDD,AQ412
Improvements,Auto,ShowHideAutoDD,AR412
Improvements,Auto,ShowHideAutoDD,AS412
Improvements,Auto,ShowHideAutoDD,AT412
Improvements,Auto,ShowHideAutoDD,AU412
Improvements,Auto,ShowHideAutoDD,AV412
Improvements,Auto,ShowHideAutoDD,AW412
Improvements,Auto,ShowHideAutoDD,AX412
Improvements,Auto,ShowHideAutoDD,AY412
Improvements,Auto,ShowHideAutoDD,AZ412
Improvements,Auto,ShowHideAutoDD,BA412
Improvements,Auto,ShowHideAutoDD,BG412
Improvements,Auto,ShowHideAutoDD,AP413
Improvements,Auto,ShowHideAutoDD,AQ413
Improvements,Auto,ShowHideAutoDD,AR413
Improvements,Auto,ShowHideAutoDD,AS413
Improvements,Auto,ShowHideAutoDD,AT413
Improvements,Auto,ShowHideAutoDD,AU413
Improvements,Auto,ShowHideAutoDD,AV413
Improvements,Auto,ShowHideAutoDD,AW413
Improvements,Auto,ShowHideAutoDD,AX413
Improvements,Auto,ShowHideAutoDD,AY413
Improvements,Auto,ShowHideAutoDD,AZ413
Improvements,Auto,ShowHideAutoDD,BA413
Improvements,Auto,ShowHideAutoDD,BG413
Improvements,Auto,ShowHideAutoDD,AP414
Improvements,Auto,ShowHideAutoDD,AQ414
Improvements,Auto,ShowHideAutoDD,AR414
Improvements,Auto,ShowHideAutoDD,AS414
Improvements,Auto,ShowHideAutoDD,AT414
Improvements,Auto,ShowHideAutoDD,AU414
Improvements,Auto,ShowHideAutoDD,AV414
Improvements,Auto,ShowHideAutoDD,AW414
Improvements,Auto,ShowHideAutoDD,AX414
Improvements,Auto,ShowHideAutoDD,AY414
Improvements,Auto,ShowHideAutoDD,AZ414
Improvements,Auto,ShowHideAutoDD,BA414
Improvements,Auto,ShowHideAutoDD,BG414
Improvements,Auto,ShowHideAutoDD,AP415
Improvements,Auto,ShowHideAutoDD,AQ415
Improvements,Auto,ShowHideAutoDD,AR415
Improvements,Auto,ShowHideAutoDD,AS415
Improvements,Auto,ShowHideAutoDD,AT415
Improvements,Auto,ShowHideAutoDD,AU415
Improvements,Auto,ShowHideAutoDD,AV415
Improvements,Auto,ShowHideAutoDD,AW415
Improvements,Auto,ShowHideAutoDD,AX415
Improvements,Auto,ShowHideAutoDD,AY415
Improvements,Auto,ShowHideAutoDD,AZ415
Improvements,Auto,ShowHideAutoDD,BA415
Improvements,Unknown_Field_BG415,ShowHideAutoDD,BG415
Improvements,Auto,ShowHideAutoDD,AP416
Improvements,Auto,ShowHideAutoDD,AQ416
Improvements,Auto,ShowHideAutoDD,AR416
Improvements,Auto,ShowHideAutoDD,AS416
Improvements,Auto,ShowHideAutoDD,AT416
Improvements,Auto,ShowHideAutoDD,AU416
Improvements,Auto,ShowHideAutoDD,AV416
Improvements,Auto,ShowHideAutoDD,AW416
Improvements,Auto,ShowHideAutoDD,AX416
Improvements,Auto,ShowHideAutoDD,AY416
Improvements,Auto,ShowHideAutoDD,AZ416
Improvements,Auto,ShowHideAutoDD,BA416
Improvements,Unknown_Field_BG416,ShowHideAutoDD,BG416
Improvements,Auto,ShowHideAutoDD,AP417
Improvements,Auto,ShowHideAutoDD,AQ417
Improvements,Auto,ShowHideAutoDD,AR417
Improvements,Auto,ShowHideAutoDD,AS417
Improvements,Auto,ShowHideAutoDD,AT417
Improvements,Auto,ShowHideAutoDD,AU417
Improvements,Auto,ShowHideAutoDD,AV417
Improvements,Auto,ShowHideAutoDD,AW417
Improvements,Auto,ShowHideAutoDD,AX417
Improvements,Auto,ShowHideAutoDD,AY417
Improvements,Auto,ShowHideAutoDD,AZ417
Improvements,Auto,ShowHideAutoDD,BA417
Improvements,Unknown_Field_BG417,ShowHideAutoDD,BG417
Improvements,Auto,ShowHideAutoDD,AP418
Improvements,Auto,ShowHideAutoDD,AQ418
Improvements,Auto,ShowHideAutoDD,AR418
Improvements,Auto,ShowHideAutoDD,AS418
Improvements,Auto,ShowHideAutoDD,AT418
Improvements,Auto,ShowHideAutoDD,AU418
Improvements,Auto,ShowHideAutoDD,AV418
Improvements,Auto,ShowHideAutoDD,AW418
Improvements,Auto,ShowHideAutoDD,AX418
Improvements,Auto,ShowHideAutoDD,AY418
Improvements,Auto,ShowHideAutoDD,AZ418
Improvements,Auto,ShowHideAutoDD,BA418
Improvements,Auto,ShowHideAutoDD,BG418
Improvements,Auto,ShowHideAutoDD,AP419
Improvements,Auto,ShowHideAutoDD,AQ419
Improvements,Auto,ShowHideAutoDD,AR419
Improvements,Auto,ShowHideAutoDD,AS419
Improvements,Auto,ShowHideAutoDD,AT419
Improvements,Auto,ShowHideAutoDD,AU419
Improvements,Auto,ShowHideAutoDD,AV419
Improvements,Auto,ShowHideAutoDD,AW419
Improvements,Auto,ShowHideAutoDD,AX419
Improvements,Auto,ShowHideAutoDD,AY419
Improvements,Auto,ShowHideAutoDD,AZ419
Improvements,Auto,ShowHideAutoDD,BA419
Improvements,Auto,ShowHideAutoDD,BG419
Improvements,Auto,ShowHideAutoDD,AP420
Improvements,Auto,ShowHideAutoDD,AQ420
Improvements,Auto,ShowHideAutoDD,AR420
Improvements,Auto,ShowHideAutoDD,AS420
Improvements,Auto,ShowHideAutoDD,AT420
Improvements,Auto,ShowHideAutoDD,AU420
Improvements,Auto,ShowHideAutoDD,AV420
Improvements,Auto,ShowHideAutoDD,AW420
Improvements,Auto,ShowHideAutoDD,AX420
Improvements,Auto,ShowHideAutoDD,AY420
Improvements,Auto,ShowHideAutoDD,AZ420
Improvements,Auto,ShowHideAutoDD,BA420
Improvements,Auto,ShowHideAutoDD,BG420
Improvements,Auto,ShowHideAutoDD,AP421
Improvements,Auto,ShowHideAutoDD,AQ421
Improvements,Auto,ShowHideAutoDD,AR421
Improvements,Auto,ShowHideAutoDD,AS421
Improvements,Auto,ShowHideAutoDD,AT421
Improvements,Auto,ShowHideAutoDD,AU421
Improvements,Auto,ShowHideAutoDD,AV421
Improvements,Auto,ShowHideAutoDD,AW421
Improvements,Auto,ShowHideAutoDD,AX421
Improvements,Auto,ShowHideAutoDD,AY421
Improvements,Auto,ShowHideAutoDD,AZ421
Improvements,Auto,ShowHideAutoDD,BA421
Improvements,Unknown_Field_BG421,ShowHideAutoDD,BG421
Improvements,Auto,ShowHideAutoDD,AP422
Improvements,Auto,ShowHideAutoDD,AQ422
Improvements,Auto,ShowHideAutoDD,AR422
Improvements,Auto,ShowHideAutoDD,AS422
Improvements,Auto,ShowHideAutoDD,AT422
Improvements,Auto,ShowHideAutoDD,AU422
Improvements,Auto,ShowHideAutoDD,AV422
Improvements,Auto,ShowHideAutoDD,AW422
Improvements,Auto,ShowHideAutoDD,AX422
Improvements,Auto,ShowHideAutoDD,AY422
Improvements,Auto,ShowHideAutoDD,AZ422
Improvements,Auto,ShowHideAutoDD,BA422
Improvements,Unknown_Field_BG422,ShowHideAutoDD,BG422
Improvements,Auto,ShowHideAutoDD,AP423
Improvements,Auto,ShowHideAutoDD,AQ423
Improvements,Auto,ShowHideAutoDD,AR423
Improvements,Auto,ShowHideAutoDD,AS423
Improvements,Auto,ShowHideAutoDD,AT423
Improvements,Auto,ShowHideAutoDD,AU423
Improvements,Auto,ShowHideAutoDD,AV423
Improvements,Auto,ShowHideAutoDD,AW423
Improvements,Auto,ShowHideAutoDD,AX423
Improvements,Auto,ShowHideAutoDD,AY423
Improvements,Auto,ShowHideAutoDD,AZ423
Improvements,Auto,ShowHideAutoDD,BA423
Improvements,Unknown_Field_BG423,ShowHideAutoDD,BG423
Improvements,Auto,ShowHideAutoDD,AP424
Improvements,Auto,ShowHideAutoDD,AQ424
Improvements,Auto,ShowHideAutoDD,AR424
Improvements,Auto,ShowHideAutoDD,AS424
Improvements,Auto,ShowHideAutoDD,AT424
Improvements,Auto,ShowHideAutoDD,AU424
Improvements,Auto,ShowHideAutoDD,AV424
Improvements,Auto,ShowHideAutoDD,AW424
Improvements,Auto,ShowHideAutoDD,AX424
Improvements,Auto,ShowHideAutoDD,AY424
Improvements,Auto,ShowHideAutoDD,AZ424
Improvements,Auto,ShowHideAutoDD,BA424
Improvements,Unknown_Field_BG424,ShowHideAutoDD,BG424
Improvements,Auto,ShowHideAutoDD,AP425
Improvements,Auto,ShowHideAutoDD,AQ425
Improvements,Auto,ShowHideAutoDD,AR425
Improvements,Auto,ShowHideAutoDD,AS425
Improvements,Auto,ShowHideAutoDD,AT425
Improvements,Auto,ShowHideAutoDD,AU425
Improvements,Auto,ShowHideAutoDD,AV425
Improvements,Auto,ShowHideAutoDD,AW425
Improvements,Auto,ShowHideAutoDD,AX425
Improvements,Auto,ShowHideAutoDD,AY425
Improvements,Auto,ShowHideAutoDD,AZ425
Improvements,Auto,ShowHideAutoDD,BA425
Improvements,Unknown_Field_BG425,ShowHideAutoDD,BG425
Improvements,Auto,ShowHideAutoDD,AP426
Improvements,Auto,ShowHideAutoDD,AQ426
Improvements,Auto,ShowHideAutoDD,AR426
Improvements,Auto,ShowHideAutoDD,AS426
Improvements,Auto,ShowHideAutoDD,AT426
Improvements,Auto,ShowHideAutoDD,AU426
Improvements,Auto,ShowHideAutoDD,AV426
Improvements,Auto,ShowHideAutoDD,AW426
Improvements,Auto,ShowHideAutoDD,AX426
Improvements,Auto,ShowHideAutoDD,AY426
Improvements,Auto,ShowHideAutoDD,AZ426
Improvements,Auto,ShowHideAutoDD,BA426
Improvements,Unknown_Field_BG426,ShowHideAutoDD,BG426
Improvements,Unknown_Field_AP427,ShowHideAutoDD,AP427
Improvements,Unknown_Field_AQ427,ShowHideAutoDD,AQ427
Improvements,Unknown_Field_AR427,ShowHideAutoDD,AR427
Improvements,Unknown_Field_AS427,ShowHideAutoDD,AS427
Improvements,Unknown_Field_AT427,ShowHideAutoDD,AT427
Improvements,Unknown_Field_AU427,ShowHideAutoDD,AU427
Improvements,Unknown_Field_AV427,ShowHideAutoDD,AV427
Improvements,Unknown_Field_AW427,ShowHideAutoDD,AW427
Improvements,Unknown_Field_AX427,ShowHideAutoDD,AX427
Improvements,Unknown_Field_AY427,ShowHideAutoDD,AY427
Improvements,Unknown_Field_AZ427,ShowHideAutoDD,AZ427
Improvements,Unknown_Field_BA427,ShowHideAutoDD,BA427
Improvements,Unknown_Field_BG427,ShowHideAutoDD,BG427
Improvements,Unknown_Field_AP428,ShowHideAutoDD,AP428
Improvements,Unknown_Field_AQ428,ShowHideAutoDD,AQ428
Improvements,Unknown_Field_AR428,ShowHideAutoDD,AR428
Improvements,Unknown_Field_AS428,ShowHideAutoDD,AS428
Improvements,Unknown_Field_AT428,ShowHideAutoDD,AT428
Improvements,Unknown_Field_AU428,ShowHideAutoDD,AU428
Improvements,Unknown_Field_AV428,ShowHideAutoDD,AV428
Improvements,Unknown_Field_AW428,ShowHideAutoDD,AW428
Improvements,Unknown_Field_AX428,ShowHideAutoDD,AX428
Improvements,Unknown_Field_AY428,ShowHideAutoDD,AY428
Improvements,Unknown_Field_AZ428,ShowHideAutoDD,AZ428
Improvements,Unknown_Field_BA428,ShowHideAutoDD,BA428
Improvements,Unknown_Field_BG428,ShowHideAutoDD,BG428
Improvements,Unknown_Field_AP429,ShowHideAutoDD,AP429
Improvements,Unknown_Field_AQ429,ShowHideAutoDD,AQ429
Improvements,Unknown_Field_AR429,ShowHideAutoDD,AR429
Improvements,Unknown_Field_AS429,ShowHideAutoDD,AS429
Improvements,Unknown_Field_AT429,ShowHideAutoDD,AT429
Improvements,Unknown_Field_AU429,ShowHideAutoDD,AU429
Improvements,Unknown_Field_AV429,ShowHideAutoDD,AV429
Improvements,Unknown_Field_AW429,ShowHideAutoDD,AW429
Improvements,Unknown_Field_AX429,ShowHideAutoDD,AX429
Improvements,Unknown_Field_AY429,ShowHideAutoDD,AY429
Improvements,Unknown_Field_AZ429,ShowHideAutoDD,AZ429
Improvements,Unknown_Field_BA429,ShowHideAutoDD,BA429
Improvements,Unknown_Field_BG429,ShowHideAutoDD,BG429
Improvements,Unknown_Field_AP430,ShowHideAutoDD,AP430
Improvements,Unknown_Field_AQ430,ShowHideAutoDD,AQ430
Improvements,Unknown_Field_AR430,ShowHideAutoDD,AR430
Improvements,Unknown_Field_AS430,ShowHideAutoDD,AS430
Improvements,Unknown_Field_AT430,ShowHideAutoDD,AT430
Improvements,Unknown_Field_AU430,ShowHideAutoDD,AU430
Improvements,Unknown_Field_AV430,ShowHideAutoDD,AV430
Improvements,Unknown_Field_AW430,ShowHideAutoDD,AW430
Improvements,Unknown_Field_AX430,ShowHideAutoDD,AX430
Improvements,Unknown_Field_AY430,ShowHideAutoDD,AY430
Improvements,Unknown_Field_AZ430,ShowHideAutoDD,AZ430
Improvements,Unknown_Field_BA430,ShowHideAutoDD,BA430
Improvements,Unknown_Field_BG430,ShowHideAutoDD,BG430
Improvements,Unknown_Field_AP431,ShowHideAutoDD,AP431
Improvements,Unknown_Field_AQ431,ShowHideAutoDD,AQ431
Improvements,Unknown_Field_AR431,ShowHideAutoDD,AR431
Improvements,Unknown_Field_AS431,ShowHideAutoDD,AS431
Improvements,Unknown_Field_AT431,ShowHideAutoDD,AT431
Improvements,Unknown_Field_AU431,ShowHideAutoDD,AU431
Improvements,Unknown_Field_AV431,ShowHideAutoDD,AV431
Improvements,Unknown_Field_AW431,ShowHideAutoDD,AW431
Improvements,Unknown_Field_AX431,ShowHideAutoDD,AX431
Improvements,Unknown_Field_AY431,ShowHideAutoDD,AY431
Improvements,Unknown_Field_AZ431,ShowHideAutoDD,AZ431
Improvements,Unknown_Field_BA431,ShowHideAutoDD,BA431
Improvements,Unknown_Field_BG431,ShowHideAutoDD,BG431
Improvements,Unknown_Field_AP432,ShowHideAutoDD,AP432
Improvements,Auto,ShowHideAutoDD,AQ432
Improvements,Auto,ShowHideAutoDD,AR432
Improvements,Auto,ShowHideAutoDD,AS432
Improvements,Auto,ShowHideAutoDD,AT432
Improvements,Auto,ShowHideAutoDD,AU432
Improvements,Auto,ShowHideAutoDD,AV432
Improvements,Auto,ShowHideAutoDD,AW432
Improvements,Auto,ShowHideAutoDD,AX432
Improvements,Auto,ShowHideAutoDD,AY432
Improvements,Auto,ShowHideAutoDD,AZ432
Improvements,Auto,ShowHideAutoDD,BA432
Improvements,Auto,ShowHideAutoDD,BG432
Improvements,Customize,"""Show,Hide""",CE440
Improvements,Show,"""Show,Hide""",CF440
Improvements,Show,"""Show,Hide""",CG440
Improvements,Show,"""Show,Hide""",CH440
Improvements,Show,"""Show,Hide""",CI440
Improvements,Show,"""Show,Hide""",CJ440
Improvements,Show,"""Show,Hide""",CK440
Improvements,Show,"""Show,Hide""",CL440
Improvements,Show,"""Show,Hide""",CM440
Improvements,Hide,"""Show,Hide""",CN440
Improvements,Hide,"""Show,Hide""",CO440
Improvements,Hide,"""Show,Hide""",CP440
Improvements,Hide,"""Show,Hide""",CQ440
Improvements,Hide,"""Show,Hide""",CR440
Improvements,Hide,"""Show,Hide""",CS440
Improvements,Show,$X$59:$X$189,CE443
Improvements,Building Name/ID,$X$59:$X$189,CF443
Improvements,Year Built,$X$59:$X$189,CG443
Improvements,Condition,$X$59:$X$189,CH443
Improvements,Number of Stories,$X$59:$X$189,CI443
Improvements,Gross Building Area,$X$59:$X$189,CJ443
Improvements,Rentable Area,$X$59:$X$189,CK443
Improvements,Number of Units,$X$59:$X$189,CL443
Improvements,Land to Building Ratio,$X$59:$X$189,CM443
Improvements,Building Name/ID,$X$59:$X$189,CN443
Improvements,Building Name/ID,$X$59:$X$189,CO443
Improvements,Building Name/ID,$X$59:$X$189,CP443
Improvements,Building Name/ID,$X$59:$X$189,CQ443
Improvements,Building Name/ID,$X$59:$X$189,CR443
Improvements,Building Name/ID,$X$59:$X$189,CS443
Improvements,Row Display,"""Show,Hide,Auto""",BZ445
Improvements,Auto,ShowHideAutoDD,CB445
Improvements,Auto,"""Show,Hide,Auto""",BZ446
Improvements,Auto,ShowHideAutoDD,CB446
Improvements,Auto,"""Show,Hide,Auto""",BZ447
Improvements,Auto,ShowHideAutoDD,CB447
Improvements,Auto,"""Show,Hide,Auto""",BZ448
Improvements,Auto,ShowHideAutoDD,CB448
Improvements,Auto,"""Show,Hide,Auto""",BZ449
Improvements,Auto,ShowHideAutoDD,CB449
Improvements,Auto,"""Show,Hide,Auto""",BZ450
Improvements,Auto,ShowHideAutoDD,CB450
Improvements,Auto,"""Show,Hide,Auto""",BZ451
Improvements,Auto,ShowHideAutoDD,CB451
Improvements,Unknown_Field_BZ452,"""Show,Hide,Auto""",BZ452
Improvements,Auto,ShowHideAutoDD,CB452
Improvements,Unknown_Field_BZ453,"""Show,Hide,Auto""",BZ453
Improvements,Auto,ShowHideAutoDD,CB453
Improvements,Unknown_Field_BZ454,"""Show,Hide,Auto""",BZ454
Improvements,Auto,ShowHideAutoDD,CB454
Improvements,Auto,"""Show,Hide""",BZ455
Improvements,Hide,ShowHideAutoDD,CB455
Improvements,Unknown_Field_DD468,ShowHideAutoDD,DD468
Improvements,Auto,ShowHideAutoDD,DE468
Improvements,Hide,ShowHideAutoDD,DF468
Improvements,Hide,ShowHideAutoDD,DG468
Improvements,Hide,ShowHideAutoDD,DH468
Improvements,Hide,ShowHideAutoDD,DI468
Improvements,Hide,ShowHideAutoDD,DJ468
Improvements,Hide,ShowHideAutoDD,DK468
Improvements,Hide,ShowHideAutoDD,DL468
Improvements,No. of Units,"""Square Feet, Square Meters""",DE474
Improvements,Unknown_Field_CW475,ShowHideAutoDD,CW475
Improvements,Auto,ShowHideAutoDD,CW476
Improvements,Auto,ShowHideAutoDD,CW477
Improvements,Auto,ShowHideAutoDD,CW478
Improvements,Auto,ShowHideAutoDD,CW479
Improvements,Auto,ShowHideAutoDD,CW480
Improvements,Auto,ShowHideAutoDD,CW481
Improvements,Auto,ShowHideAutoDD,CW482
Improvements,Auto,ShowHideAutoDD,CW483
Improvements,Auto,ShowHideAutoDD,CW484
Improvements,Auto,ShowHideAutoDD,CW485
Improvements,Auto,ShowHideAutoDD,CW486
Improvements,Auto,ShowHideAutoDD,CW487
Improvements,Auto,ShowHideAutoDD,CW488
Improvements,Auto,ShowHideAutoDD,CW489
Improvements,Unknown_Field_EG501,ShowHideAutoDD,EG501
Improvements,Auto,ShowHideAutoDD,EK501
Improvements,Multi-Family|Mobile/Manufactured Home Park,ShowHideAutoDD,DS509
Improvements,Auto,ShowHideAutoDD,DT509
Improvements,Auto,ShowHideAutoDD,DU509
Improvements,Auto,ShowHideAutoDD,DV509
Improvements,Auto,ShowHideAutoDD,DW509
Improvements,Auto,ShowHideAutoDD,DX509
Improvements,Auto,ShowHideAutoDD,DY509
Improvements,Show,ShowHideAutoDD,EE509
Improvements,Washer/Dryer In Unit,"""X""",EM509
Improvements,Auto,ShowHideAutoDD,DS510
Improvements,Auto,ShowHideAutoDD,DT510
Improvements,Auto,ShowHideAutoDD,DU510
Improvements,Auto,ShowHideAutoDD,DV510
Improvements,Auto,ShowHideAutoDD,DW510
Improvements,Auto,ShowHideAutoDD,DX510
Improvements,Auto,ShowHideAutoDD,DY510
Improvements,Show,ShowHideAutoDD,EE510
Improvements,Auto,ShowHideAutoDD,DS511
Improvements,Auto,ShowHideAutoDD,DT511
Improvements,Auto,ShowHideAutoDD,DU511
Improvements,Auto,ShowHideAutoDD,DV511
Improvements,Auto,ShowHideAutoDD,DW511
Improvements,Auto,ShowHideAutoDD,DX511
Improvements,Auto,ShowHideAutoDD,DY511
Improvements,Show,ShowHideAutoDD,EE511
Improvements,Dishwasher,"""X""",EM511
Improvements,Auto,ShowHideAutoDD,DS512
Improvements,Auto,ShowHideAutoDD,DT512
Improvements,Auto,ShowHideAutoDD,DU512
Improvements,Auto,ShowHideAutoDD,DV512
Improvements,Auto,ShowHideAutoDD,DW512
Improvements,Auto,ShowHideAutoDD,DX512
Improvements,Auto,ShowHideAutoDD,DY512
Improvements,Hide,ShowHideAutoDD,EE512
Improvements,Auto,ShowHideAutoDD,DS513
Improvements,Auto,ShowHideAutoDD,DT513
Improvements,Auto,ShowHideAutoDD,DU513
Improvements,Auto,ShowHideAutoDD,DV513
Improvements,Auto,ShowHideAutoDD,DW513
Improvements,Auto,ShowHideAutoDD,DX513
Improvements,Auto,ShowHideAutoDD,DY513
Improvements,Hide,ShowHideAutoDD,EE513
Improvements,Auto,ShowHideAutoDD,DS514
Improvements,Auto,ShowHideAutoDD,DT514
Improvements,Auto,ShowHideAutoDD,DU514
Improvements,Auto,ShowHideAutoDD,DV514
Improvements,Auto,ShowHideAutoDD,DW514
Improvements,Auto,ShowHideAutoDD,DX514
Improvements,Auto,ShowHideAutoDD,DY514
Improvements,Show,ShowHideAutoDD,EE514
Improvements,Stainless Steel Appliances,"""X""",EM514
Improvements,Auto,ShowHideAutoDD,DS515
Improvements,Auto,ShowHideAutoDD,DT515
Improvements,Auto,ShowHideAutoDD,DU515
Improvements,Auto,ShowHideAutoDD,DV515
Improvements,Auto,ShowHideAutoDD,DW515
Improvements,Auto,ShowHideAutoDD,DX515
Improvements,Auto,ShowHideAutoDD,DY515
Improvements,Show,ShowHideAutoDD,EE515
Improvements,Refrigerator,"""X""",EM515
Improvements,Auto,ShowHideAutoDD,DS516
Improvements,Auto,ShowHideAutoDD,DT516
Improvements,Auto,ShowHideAutoDD,DU516
Improvements,Auto,ShowHideAutoDD,DV516
Improvements,Auto,ShowHideAutoDD,DW516
Improvements,Auto,ShowHideAutoDD,DX516
Improvements,Auto,ShowHideAutoDD,DY516
Improvements,Show,ShowHideAutoDD,EE516
Improvements,Stove/Oven,"""X""",EM516
Improvements,Auto,ShowHideAutoDD,DS517
Improvements,Auto,ShowHideAutoDD,DT517
Improvements,Auto,ShowHideAutoDD,DU517
Improvements,Auto,ShowHideAutoDD,DV517
Improvements,Auto,ShowHideAutoDD,DW517
Improvements,Auto,ShowHideAutoDD,DX517
Improvements,Auto,ShowHideAutoDD,DY517
Improvements,Show,ShowHideAutoDD,EE517
Improvements,Microwave,"""X""",EM517
Improvements,Auto,ShowHideAutoDD,DS518
Improvements,Hide,ShowHideAutoDD,DT518
Improvements,Hide,ShowHideAutoDD,DU518
Improvements,Hide,ShowHideAutoDD,DV518
Improvements,Hide,ShowHideAutoDD,DW518
Improvements,Hide,ShowHideAutoDD,DX518
Improvements,Hide,ShowHideAutoDD,DY518
Improvements,Hide,ShowHideAutoDD,EE518
Improvements,Hide,ShowHideAutoDD,DS519
Improvements,Hide,ShowHideAutoDD,DT519
Improvements,Hide,ShowHideAutoDD,DU519
Improvements,Hide,ShowHideAutoDD,DV519
Improvements,Hide,ShowHideAutoDD,DW519
Improvements,Hide,ShowHideAutoDD,DX519
Improvements,Hide,ShowHideAutoDD,DY519
Improvements,Hide,ShowHideAutoDD,EE519
Improvements,Hide,ShowHideAutoDD,DS520
Improvements,Hide,ShowHideAutoDD,DT520
Improvements,Hide,ShowHideAutoDD,DU520
Improvements,Hide,ShowHideAutoDD,DV520
Improvements,Hide,ShowHideAutoDD,DW520
Improvements,Hide,ShowHideAutoDD,DX520
Improvements,Hide,ShowHideAutoDD,DY520
Improvements,Hide,ShowHideAutoDD,EE520
Improvements,Hide,ShowHideAutoDD,DS521
Improvements,Hide,ShowHideAutoDD,DT521
Improvements,Hide,ShowHideAutoDD,DU521
Improvements,Hide,ShowHideAutoDD,DV521
Improvements,Hide,ShowHideAutoDD,DW521
Improvements,Hide,ShowHideAutoDD,DX521
Improvements,Hide,ShowHideAutoDD,DY521
Improvements,Hide,ShowHideAutoDD,EE521
Improvements,Hide,ShowHideAutoDD,DS522
Improvements,Hide,ShowHideAutoDD,DT522
Improvements,Hide,ShowHideAutoDD,DU522
Improvements,Hide,ShowHideAutoDD,DV522
Improvements,Hide,ShowHideAutoDD,DW522
Improvements,Hide,ShowHideAutoDD,DX522
Improvements,Hide,ShowHideAutoDD,DY522
Improvements,Hide,ShowHideAutoDD,EE522
Improvements,Hide,ShowHideAutoDD,DS523
Improvements,Auto,ShowHideAutoDD,DT523
Improvements,Auto,ShowHideAutoDD,DU523
Improvements,Auto,ShowHideAutoDD,DV523
Improvements,Auto,ShowHideAutoDD,DW523
Improvements,Auto,ShowHideAutoDD,DX523
Improvements,Hide,ShowHideAutoDD,DY523
Improvements,Hide,ShowHideAutoDD,EE523
Improvements,Auto,ShowHideAutoDD,DS524
Improvements,Auto,ShowHideAutoDD,DT524
Improvements,Auto,ShowHideAutoDD,DU524
Improvements,Auto,ShowHideAutoDD,DV524
Improvements,Auto,ShowHideAutoDD,DW524
Improvements,Auto,ShowHideAutoDD,DX524
Improvements,Hide,ShowHideAutoDD,DY524
Improvements,Hide,ShowHideAutoDD,EE524
Improvements,Auto,ShowHideAutoDD,DS525
Improvements,Auto,ShowHideAutoDD,DT525
Improvements,Auto,ShowHideAutoDD,DU525
Improvements,Auto,ShowHideAutoDD,DV525
Improvements,Auto,ShowHideAutoDD,DW525
Improvements,Auto,ShowHideAutoDD,DX525
Improvements,Hide,ShowHideAutoDD,DY525
Improvements,Hide,ShowHideAutoDD,EE525
Improvements,Auto,ShowHideAutoDD,DS526
Improvements,Auto,ShowHideAutoDD,DT526
Improvements,Auto,ShowHideAutoDD,DU526
Improvements,Auto,ShowHideAutoDD,DV526
Improvements,Auto,ShowHideAutoDD,DW526
Improvements,Auto,ShowHideAutoDD,DX526
Improvements,Hide,ShowHideAutoDD,DY526
Improvements,Hide,ShowHideAutoDD,EE526
Improvements,Auto,ShowHideAutoDD,DS527
Improvements,Auto,ShowHideAutoDD,DT527
Improvements,Auto,ShowHideAutoDD,DU527
Improvements,Auto,ShowHideAutoDD,DV527
Improvements,Auto,ShowHideAutoDD,DW527
Improvements,Auto,ShowHideAutoDD,DX527
Improvements,Hide,ShowHideAutoDD,DY527
Improvements,Hide,ShowHideAutoDD,EE527
Improvements,Auto,ShowHideAutoDD,DS528
Improvements,Auto,ShowHideAutoDD,DT528
Improvements,Auto,ShowHideAutoDD,DU528
Improvements,Auto,ShowHideAutoDD,DV528
Improvements,Auto,ShowHideAutoDD,DW528
Improvements,Auto,ShowHideAutoDD,DX528
Improvements,Hide,ShowHideAutoDD,DY528
Improvements,Hide,ShowHideAutoDD,EE528
Improvements,Auto,ShowHideAutoDD,DS529
Improvements,Auto,ShowHideAutoDD,DT529
Improvements,Auto,ShowHideAutoDD,DU529
Improvements,Auto,ShowHideAutoDD,DV529
Improvements,Auto,ShowHideAutoDD,DW529
Improvements,Auto,ShowHideAutoDD,DX529
Improvements,Hide,ShowHideAutoDD,DY529
Improvements,Hide,ShowHideAutoDD,EE529
Improvements,Auto,ShowHideAutoDD,DS530
Improvements,Auto,ShowHideAutoDD,DT530
Improvements,Auto,ShowHideAutoDD,DU530
Improvements,Auto,ShowHideAutoDD,DV530
Improvements,Auto,ShowHideAutoDD,DW530
Improvements,Auto,ShowHideAutoDD,DX530
Improvements,Hide,ShowHideAutoDD,DY530
Improvements,Hide,ShowHideAutoDD,EE530
Improvements,Auto,ShowHideAutoDD,DS531
Improvements,Auto,ShowHideAutoDD,DT531
Improvements,Auto,ShowHideAutoDD,DU531
Improvements,Auto,ShowHideAutoDD,DV531
Improvements,Auto,ShowHideAutoDD,DW531
Improvements,Auto,ShowHideAutoDD,DX531
Improvements,Hide,ShowHideAutoDD,DY531
Improvements,Hide,ShowHideAutoDD,EE531
Improvements,Auto,ShowHideAutoDD,DS532
Improvements,Auto,ShowHideAutoDD,DT532
Improvements,Auto,ShowHideAutoDD,DU532
Improvements,Auto,ShowHideAutoDD,DV532
Improvements,Auto,ShowHideAutoDD,DW532
Improvements,Auto,ShowHideAutoDD,DX532
Improvements,Hide,ShowHideAutoDD,DY532
Improvements,Hide,ShowHideAutoDD,EE532
Improvements,Auto,ShowHideAutoDD,DS533
Improvements,Auto,ShowHideAutoDD,DT533
Improvements,Auto,ShowHideAutoDD,DU533
Improvements,Auto,ShowHideAutoDD,DV533
Improvements,Auto,ShowHideAutoDD,DW533
Improvements,Auto,ShowHideAutoDD,DX533
Improvements,Hide,ShowHideAutoDD,DY533
Improvements,Hide,ShowHideAutoDD,EE533
Improvements,Auto,ShowHideAutoDD,DS534
Improvements,Auto,ShowHideAutoDD,DT534
Improvements,Auto,ShowHideAutoDD,DU534
Improvements,Auto,ShowHideAutoDD,DV534
Improvements,Auto,ShowHideAutoDD,DW534
Improvements,Auto,ShowHideAutoDD,DX534
Improvements,Hide,ShowHideAutoDD,DY534
Improvements,Hide,ShowHideAutoDD,EE534
Improvements,Auto,ShowHideAutoDD,DS535
Improvements,Auto,ShowHideAutoDD,DT535
Improvements,Auto,ShowHideAutoDD,DU535
Improvements,Auto,ShowHideAutoDD,DV535
Improvements,Auto,ShowHideAutoDD,DW535
Improvements,Auto,ShowHideAutoDD,DX535
Improvements,Hide,ShowHideAutoDD,DY535
Improvements,Hide,ShowHideAutoDD,EE535
Improvements,Auto,ShowHideAutoDD,DS536
Improvements,Auto,ShowHideAutoDD,DT536
Improvements,Auto,ShowHideAutoDD,DU536
Improvements,Auto,ShowHideAutoDD,DV536
Improvements,Auto,ShowHideAutoDD,DW536
Improvements,Auto,ShowHideAutoDD,DX536
Improvements,Auto,ShowHideAutoDD,DY536
Improvements,Show,ShowHideAutoDD,EE536
Improvements,Auto,ShowHideAutoDD,DS537
Improvements,Auto,ShowHideAutoDD,DT537
Improvements,Auto,ShowHideAutoDD,DU537
Improvements,Auto,ShowHideAutoDD,DV537
Improvements,Auto,ShowHideAutoDD,DW537
Improvements,Auto,ShowHideAutoDD,DX537
Improvements,Auto,ShowHideAutoDD,DY537
Improvements,Show,ShowHideAutoDD,EE537
Improvements,Auto,ShowHideAutoDD,DS538
Improvements,Auto,ShowHideAutoDD,DT538
Improvements,Auto,ShowHideAutoDD,DU538
Improvements,Auto,ShowHideAutoDD,DV538
Improvements,Auto,ShowHideAutoDD,DW538
Improvements,Auto,ShowHideAutoDD,DX538
Improvements,Auto,ShowHideAutoDD,DY538
Improvements,Show,ShowHideAutoDD,EE538
Improvements,Auto,ShowHideAutoDD,DS539
Improvements,Auto,ShowHideAutoDD,DT539
Improvements,Auto,ShowHideAutoDD,DU539
Improvements,Auto,ShowHideAutoDD,DV539
Improvements,Auto,ShowHideAutoDD,DW539
Improvements,Auto,ShowHideAutoDD,DX539
Improvements,Auto,ShowHideAutoDD,DY539
Improvements,Show,ShowHideAutoDD,EE539
Improvements,Auto,ShowHideAutoDD,DS540
Improvements,Auto,ShowHideAutoDD,DT540
Improvements,Auto,ShowHideAutoDD,DU540
Improvements,Auto,ShowHideAutoDD,DV540
Improvements,Auto,ShowHideAutoDD,DW540
Improvements,Auto,ShowHideAutoDD,DX540
Improvements,Auto,ShowHideAutoDD,DY540
Improvements,Hide,ShowHideAutoDD,EE540
Improvements,Auto,ShowHideAutoDD,DS541
Improvements,Auto,ShowHideAutoDD,DT541
Improvements,Auto,ShowHideAutoDD,DU541
Improvements,Auto,ShowHideAutoDD,DV541
Improvements,Auto,ShowHideAutoDD,DW541
Improvements,Auto,ShowHideAutoDD,DX541
Improvements,Hide,ShowHideAutoDD,DY541
Improvements,Show,ShowHideAutoDD,EE541
Improvements,Auto,ShowHideAutoDD,DS542
Improvements,Auto,ShowHideAutoDD,DT542
Improvements,Auto,ShowHideAutoDD,DU542
Improvements,Auto,ShowHideAutoDD,DV542
Improvements,Auto,ShowHideAutoDD,DW542
Improvements,Auto,ShowHideAutoDD,DX542
Improvements,Auto,ShowHideAutoDD,DY542
Improvements,Hide,ShowHideAutoDD,EE542
Improvements,Auto,ShowHideAutoDD,DS543
Improvements,Auto,ShowHideAutoDD,DT543
Improvements,Auto,ShowHideAutoDD,DU543
Improvements,Auto,ShowHideAutoDD,DV543
Improvements,Auto,ShowHideAutoDD,DW543
Improvements,Auto,ShowHideAutoDD,DX543
Improvements,Hide,ShowHideAutoDD,DY543
Improvements,Hide,ShowHideAutoDD,EE543
Improvements,Auto,ShowHideAutoDD,DS544
Improvements,Auto,ShowHideAutoDD,DT544
Improvements,Auto,ShowHideAutoDD,DU544
Improvements,Auto,ShowHideAutoDD,DV544
Improvements,Auto,ShowHideAutoDD,DW544
Improvements,Auto,ShowHideAutoDD,DX544
Improvements,Auto,ShowHideAutoDD,DY544
Improvements,Hide,ShowHideAutoDD,EE544
Improvements,Auto,ShowHideAutoDD,DS545
Improvements,Auto,ShowHideAutoDD,DT545
Improvements,Auto,ShowHideAutoDD,DU545
Improvements,Auto,ShowHideAutoDD,DV545
Improvements,Auto,ShowHideAutoDD,DW545
Improvements,Auto,ShowHideAutoDD,DX545
Improvements,Auto,ShowHideAutoDD,DY545
Improvements,Hide,ShowHideAutoDD,EE545
Improvements,Auto,ShowHideAutoDD,DS546
Improvements,Auto,ShowHideAutoDD,DT546
Improvements,Auto,ShowHideAutoDD,DU546
Improvements,Auto,ShowHideAutoDD,DV546
Improvements,Auto,ShowHideAutoDD,DW546
Improvements,Auto,ShowHideAutoDD,DX546
Improvements,Auto,ShowHideAutoDD,DY546
Improvements,Show,ShowHideAutoDD,EE546
Improvements,Auto,ShowHideAutoDD,DS547
Improvements,Auto,ShowHideAutoDD,DT547
Improvements,Auto,ShowHideAutoDD,DU547
Improvements,Auto,ShowHideAutoDD,DV547
Improvements,Auto,ShowHideAutoDD,DW547
Improvements,Auto,ShowHideAutoDD,DX547
Improvements,Auto,ShowHideAutoDD,DY547
Improvements,Hide,ShowHideAutoDD,EE547
Improvements,Auto,ShowHideAutoDD,DS548
Improvements,Auto,ShowHideAutoDD,DT548
Improvements,Auto,ShowHideAutoDD,DU548
Improvements,Auto,ShowHideAutoDD,DV548
Improvements,Auto,ShowHideAutoDD,DW548
Improvements,Auto,ShowHideAutoDD,DX548
Improvements,Auto,ShowHideAutoDD,DY548
Improvements,Hide,ShowHideAutoDD,EE548
Improvements,Auto,ShowHideAutoDD,DS549
Improvements,Auto,ShowHideAutoDD,DT549
Improvements,Auto,ShowHideAutoDD,DU549
Improvements,Auto,ShowHideAutoDD,DV549
Improvements,Auto,ShowHideAutoDD,DW549
Improvements,Auto,ShowHideAutoDD,DX549
Improvements,Auto,ShowHideAutoDD,DY549
Improvements,Hide,ShowHideAutoDD,EE549
Improvements,At Subject,AmenityComparison,EK551
Improvements,Multi-Family|Mobile/Manufactured Home Park,ShowHideAutoDD,DS552
Improvements,Hide,ShowHideAutoDD,DT552
Improvements,Auto,ShowHideAutoDD,DU552
Improvements,Auto,ShowHideAutoDD,DV552
Improvements,Auto,ShowHideAutoDD,DW552
Improvements,Hide,ShowHideAutoDD,DX552
Improvements,Hide,ShowHideAutoDD,DY552
Improvements,Show,ShowHideAutoDD,EE552
Improvements,Hide,ShowHideAutoDD,DS553
Improvements,Hide,ShowHideAutoDD,DT553
Improvements,Auto,ShowHideAutoDD,DU553
Improvements,Auto,ShowHideAutoDD,DV553
Improvements,Auto,ShowHideAutoDD,DW553
Improvements,Hide,ShowHideAutoDD,DX553
Improvements,Hide,ShowHideAutoDD,DY553
Improvements,Show,ShowHideAutoDD,EE553
Improvements,Hide,ShowHideAutoDD,DS554
Improvements,Hide,ShowHideAutoDD,DT554
Improvements,Auto,ShowHideAutoDD,DU554
Improvements,Auto,ShowHideAutoDD,DV554
Improvements,Auto,ShowHideAutoDD,DW554
Improvements,Hide,ShowHideAutoDD,DX554
Improvements,Hide,ShowHideAutoDD,DY554
Improvements,Hide,ShowHideAutoDD,EE554
Improvements,Hide,ShowHideAutoDD,DS555
Improvements,Hide,ShowHideAutoDD,DT555
Improvements,Auto,ShowHideAutoDD,DU555
Improvements,Auto,ShowHideAutoDD,DV555
Improvements,Auto,ShowHideAutoDD,DW555
Improvements,Hide,ShowHideAutoDD,DX555
Improvements,Hide,ShowHideAutoDD,DY555
Improvements,Show,ShowHideAutoDD,EE555
Improvements,Hide,ShowHideAutoDD,DS556
Improvements,Hide,ShowHideAutoDD,DT556
Improvements,Auto,ShowHideAutoDD,DU556
Improvements,Auto,ShowHideAutoDD,DV556
Improvements,Auto,ShowHideAutoDD,DW556
Improvements,Hide,ShowHideAutoDD,DX556
Improvements,Hide,ShowHideAutoDD,DY556
Improvements,Hide,ShowHideAutoDD,EE556
Improvements,Hide,ShowHideAutoDD,DS557
Improvements,Hide,ShowHideAutoDD,DT557
Improvements,Auto,ShowHideAutoDD,DU557
Improvements,Auto,ShowHideAutoDD,DV557
Improvements,Auto,ShowHideAutoDD,DW557
Improvements,Hide,ShowHideAutoDD,DX557
Improvements,Hide,ShowHideAutoDD,DY557
Improvements,Show,ShowHideAutoDD,EE557
Improvements,Hide,ShowHideAutoDD,DS558
Improvements,Hide,ShowHideAutoDD,DT558
Improvements,Auto,ShowHideAutoDD,DU558
Improvements,Auto,ShowHideAutoDD,DV558
Improvements,Auto,ShowHideAutoDD,DW558
Improvements,Hide,ShowHideAutoDD,DX558
Improvements,Hide,ShowHideAutoDD,DY558
Improvements,Show,ShowHideAutoDD,EE558
Improvements,Hide,ShowHideAutoDD,DS559
Improvements,Show,ShowHideAutoDD,DT559
Improvements,Auto,ShowHideAutoDD,DU559
Improvements,Auto,ShowHideAutoDD,DV559
Improvements,Auto,ShowHideAutoDD,DW559
Improvements,Hide,ShowHideAutoDD,DX559
Improvements,Hide,ShowHideAutoDD,DY559
Improvements,Show,ShowHideAutoDD,EE559
Improvements,Show,ShowHideAutoDD,DS560
Improvements,Show,ShowHideAutoDD,DT560
Improvements,Auto,ShowHideAutoDD,DU560
Improvements,Auto,ShowHideAutoDD,DV560
Improvements,Auto,ShowHideAutoDD,DW560
Improvements,Hide,ShowHideAutoDD,DX560
Improvements,Hide,ShowHideAutoDD,DY560
Improvements,Hide,ShowHideAutoDD,EE560
Improvements,Show,ShowHideAutoDD,DS561
Improvements,Show,ShowHideAutoDD,DT561
Improvements,Auto,ShowHideAutoDD,DU561
Improvements,Auto,ShowHideAutoDD,DV561
Improvements,Auto,ShowHideAutoDD,DW561
Improvements,Hide,ShowHideAutoDD,DX561
Improvements,Hide,ShowHideAutoDD,DY561
Improvements,Hide,ShowHideAutoDD,EE561
Improvements,Show,ShowHideAutoDD,DS562
Improvements,Show,ShowHideAutoDD,DT562
Improvements,Auto,ShowHideAutoDD,DU562
Improvements,Auto,ShowHideAutoDD,DV562
Improvements,Auto,ShowHideAutoDD,DW562
Improvements,Hide,ShowHideAutoDD,DX562
Improvements,Hide,ShowHideAutoDD,DY562
Improvements,Hide,ShowHideAutoDD,EE562
Improvements,Show,ShowHideAutoDD,DS563
Improvements,Hide,ShowHideAutoDD,DT563
Improvements,Auto,ShowHideAutoDD,DU563
Improvements,Auto,ShowHideAutoDD,DV563
Improvements,Auto,ShowHideAutoDD,DW563
Improvements,Hide,ShowHideAutoDD,DX563
Improvements,Hide,ShowHideAutoDD,DY563
Improvements,Hide,ShowHideAutoDD,EE563
Improvements,Hide,ShowHideAutoDD,DS564
Improvements,Hide,ShowHideAutoDD,DT564
Improvements,Auto,ShowHideAutoDD,DU564
Improvements,Auto,ShowHideAutoDD,DV564
Improvements,Auto,ShowHideAutoDD,DW564
Improvements,Hide,ShowHideAutoDD,DX564
Improvements,Hide,ShowHideAutoDD,DY564
Improvements,Hide,ShowHideAutoDD,EE564
Improvements,Hide,ShowHideAutoDD,DS565
Improvements,Show,ShowHideAutoDD,DT565
Improvements,Auto,ShowHideAutoDD,DU565
Improvements,Auto,ShowHideAutoDD,DV565
Improvements,Auto,ShowHideAutoDD,DW565
Improvements,Hide,ShowHideAutoDD,DX565
Improvements,Hide,ShowHideAutoDD,DY565
Improvements,Hide,ShowHideAutoDD,EE565
Improvements,Show,ShowHideAutoDD,DS566
Improvements,Hide,ShowHideAutoDD,DT566
Improvements,Auto,ShowHideAutoDD,DU566
Improvements,Auto,ShowHideAutoDD,DV566
Improvements,Auto,ShowHideAutoDD,DW566
Improvements,Hide,ShowHideAutoDD,DX566
Improvements,Hide,ShowHideAutoDD,DY566
Improvements,Hide,ShowHideAutoDD,EE566
Improvements,Hide,ShowHideAutoDD,DS567
Improvements,Hide,ShowHideAutoDD,DT567
Improvements,Auto,ShowHideAutoDD,DU567
Improvements,Auto,ShowHideAutoDD,DV567
Improvements,Auto,ShowHideAutoDD,DW567
Improvements,Hide,ShowHideAutoDD,DX567
Improvements,Hide,ShowHideAutoDD,DY567
Improvements,Hide,ShowHideAutoDD,EE567
Improvements,Hide,ShowHideAutoDD,DS568
Improvements,Hide,ShowHideAutoDD,DT568
Improvements,Auto,ShowHideAutoDD,DU568
Improvements,Auto,ShowHideAutoDD,DV568
Improvements,Auto,ShowHideAutoDD,DW568
Improvements,Hide,ShowHideAutoDD,DX568
Improvements,Hide,ShowHideAutoDD,DY568
Improvements,Hide,ShowHideAutoDD,EE568
Improvements,Hide,ShowHideAutoDD,DS569
Improvements,Hide,ShowHideAutoDD,DT569
Improvements,Auto,ShowHideAutoDD,DU569
Improvements,Auto,ShowHideAutoDD,DV569
Improvements,Auto,ShowHideAutoDD,DW569
Improvements,Hide,ShowHideAutoDD,DX569
Improvements,Hide,ShowHideAutoDD,DY569
Improvements,Show,ShowHideAutoDD,EE569
Improvements,Hide,ShowHideAutoDD,DS570
Improvements,Show,ShowHideAutoDD,DT570
Improvements,Auto,ShowHideAutoDD,DU570
Improvements,Auto,ShowHideAutoDD,DV570
Improvements,Auto,ShowHideAutoDD,DW570
Improvements,Hide,ShowHideAutoDD,DX570
Improvements,Hide,ShowHideAutoDD,DY570
Improvements,Hide,ShowHideAutoDD,EE570
Improvements,Show,ShowHideAutoDD,DS571
Improvements,Hide,ShowHideAutoDD,DT571
Improvements,Auto,ShowHideAutoDD,DU571
Improvements,Auto,ShowHideAutoDD,DV571
Improvements,Auto,ShowHideAutoDD,DW571
Improvements,Hide,ShowHideAutoDD,DX571
Improvements,Hide,ShowHideAutoDD,DY571
Improvements,Show,ShowHideAutoDD,EE571
Improvements,Hide,ShowHideAutoDD,DS572
Improvements,Show,ShowHideAutoDD,DT572
Improvements,Auto,ShowHideAutoDD,DU572
Improvements,Auto,ShowHideAutoDD,DV572
Improvements,Auto,ShowHideAutoDD,DW572
Improvements,Hide,ShowHideAutoDD,DX572
Improvements,Hide,ShowHideAutoDD,DY572
Improvements,Show,ShowHideAutoDD,EE572
Improvements,Show,ShowHideAutoDD,DS573
Improvements,Show,ShowHideAutoDD,DT573
Improvements,Auto,ShowHideAutoDD,DU573
Improvements,Auto,ShowHideAutoDD,DV573
Improvements,Auto,ShowHideAutoDD,DW573
Improvements,Hide,ShowHideAutoDD,DX573
Improvements,Hide,ShowHideAutoDD,DY573
Improvements,Show,ShowHideAutoDD,EE573
Improvements,Show,ShowHideAutoDD,DS574
Improvements,Show,ShowHideAutoDD,DT574
Improvements,Auto,ShowHideAutoDD,DU574
Improvements,Auto,ShowHideAutoDD,DV574
Improvements,Auto,ShowHideAutoDD,DW574
Improvements,Hide,ShowHideAutoDD,DX574
Improvements,Hide,ShowHideAutoDD,DY574
Improvements,Hide,ShowHideAutoDD,EE574
Improvements,Show,ShowHideAutoDD,DS575
Improvements,Hide,ShowHideAutoDD,DT575
Improvements,Auto,ShowHideAutoDD,DU575
Improvements,Auto,ShowHideAutoDD,DV575
Improvements,Auto,ShowHideAutoDD,DW575
Improvements,Hide,ShowHideAutoDD,DX575
Improvements,Hide,ShowHideAutoDD,DY575
Improvements,Hide,ShowHideAutoDD,EE575
Improvements,Hide,ShowHideAutoDD,DS576
Improvements,Show,ShowHideAutoDD,DT576
Improvements,Auto,ShowHideAutoDD,DU576
Improvements,Auto,ShowHideAutoDD,DV576
Improvements,Auto,ShowHideAutoDD,DW576
Improvements,Hide,ShowHideAutoDD,DX576
Improvements,Hide,ShowHideAutoDD,DY576
Improvements,Hide,ShowHideAutoDD,EE576
Improvements,Show,ShowHideAutoDD,DS577
Improvements,Hide,ShowHideAutoDD,DT577
Improvements,Auto,ShowHideAutoDD,DU577
Improvements,Auto,ShowHideAutoDD,DV577
Improvements,Auto,ShowHideAutoDD,DW577
Improvements,Hide,ShowHideAutoDD,DX577
Improvements,Hide,ShowHideAutoDD,DY577
Improvements,Hide,ShowHideAutoDD,EE577
Improvements,Hide,ShowHideAutoDD,DS578
Improvements,Show,ShowHideAutoDD,DT578
Improvements,Auto,ShowHideAutoDD,DU578
Improvements,Auto,ShowHideAutoDD,DV578
Improvements,Auto,ShowHideAutoDD,DW578
Improvements,Hide,ShowHideAutoDD,DX578
Improvements,Hide,ShowHideAutoDD,DY578
Improvements,Show,ShowHideAutoDD,EE578
Improvements,Show,ShowHideAutoDD,DS579
Improvements,Hide,ShowHideAutoDD,DT579
Improvements,Auto,ShowHideAutoDD,DU579
Improvements,Auto,ShowHideAutoDD,DV579
Improvements,Auto,ShowHideAutoDD,DW579
Improvements,Hide,ShowHideAutoDD,DX579
Improvements,Hide,ShowHideAutoDD,DY579
Improvements,Hide,ShowHideAutoDD,EE579
Improvements,Hide,ShowHideAutoDD,DS580
Improvements,Show,ShowHideAutoDD,DT580
Improvements,Auto,ShowHideAutoDD,DU580
Improvements,Auto,ShowHideAutoDD,DV580
Improvements,Auto,ShowHideAutoDD,DW580
Improvements,Hide,ShowHideAutoDD,DX580
Improvements,Hide,ShowHideAutoDD,DY580
Improvements,Hide,ShowHideAutoDD,EE580
Improvements,Show,ShowHideAutoDD,DS581
Improvements,Show,ShowHideAutoDD,DT581
Improvements,Auto,ShowHideAutoDD,DU581
Improvements,Auto,ShowHideAutoDD,DV581
Improvements,Auto,ShowHideAutoDD,DW581
Improvements,Hide,ShowHideAutoDD,DX581
Improvements,Hide,ShowHideAutoDD,DY581
Improvements,Hide,ShowHideAutoDD,EE581
Improvements,Show,ShowHideAutoDD,DS582
Improvements,Hide,ShowHideAutoDD,DT582
Improvements,Auto,ShowHideAutoDD,DU582
Improvements,Auto,ShowHideAutoDD,DV582
Improvements,Auto,ShowHideAutoDD,DW582
Improvements,Hide,ShowHideAutoDD,DX582
Improvements,Hide,ShowHideAutoDD,DY582
Improvements,Show,ShowHideAutoDD,EE582
Improvements,Hide,ShowHideAutoDD,DS583
Improvements,Show,ShowHideAutoDD,DT583
Improvements,Auto,ShowHideAutoDD,DU583
Improvements,Auto,ShowHideAutoDD,DV583
Improvements,Auto,ShowHideAutoDD,DW583
Improvements,Hide,ShowHideAutoDD,DX583
Improvements,Hide,ShowHideAutoDD,DY583
Improvements,Hide,ShowHideAutoDD,EE583
Improvements,Show,ShowHideAutoDD,DS584
Improvements,Hide,ShowHideAutoDD,DT584
Improvements,Auto,ShowHideAutoDD,DU584
Improvements,Auto,ShowHideAutoDD,DV584
Improvements,Auto,ShowHideAutoDD,DW584
Improvements,Hide,ShowHideAutoDD,DX584
Improvements,Hide,ShowHideAutoDD,DY584
Improvements,Hide,ShowHideAutoDD,EE584
Improvements,Hide,ShowHideAutoDD,DS585
Improvements,Hide,ShowHideAutoDD,DT585
Improvements,Auto,ShowHideAutoDD,DU585
Improvements,Auto,ShowHideAutoDD,DV585
Improvements,Auto,ShowHideAutoDD,DW585
Improvements,Hide,ShowHideAutoDD,DX585
Improvements,Hide,ShowHideAutoDD,DY585
Improvements,Hide,ShowHideAutoDD,EE585
Improvements,Hide,ShowHideAutoDD,DS586
Improvements,Hide,ShowHideAutoDD,DT586
Improvements,Auto,ShowHideAutoDD,DU586
Improvements,Auto,ShowHideAutoDD,DV586
Improvements,Auto,ShowHideAutoDD,DW586
Improvements,Hide,ShowHideAutoDD,DX586
Improvements,Hide,ShowHideAutoDD,DY586
Improvements,Hide,ShowHideAutoDD,EE586
Improvements,Hide,ShowHideAutoDD,DS587
Improvements,Hide,ShowHideAutoDD,DT587
Improvements,Auto,ShowHideAutoDD,DU587
Improvements,Auto,ShowHideAutoDD,DV587
Improvements,Auto,ShowHideAutoDD,DW587
Improvements,Hide,ShowHideAutoDD,DX587
Improvements,Hide,ShowHideAutoDD,DY587
Improvements,Hide,ShowHideAutoDD,EE587
Improvements,Hide,ShowHideAutoDD,DS588
Improvements,Show,ShowHideAutoDD,DT588
Improvements,Auto,ShowHideAutoDD,DU588
Improvements,Auto,ShowHideAutoDD,DV588
Improvements,Auto,ShowHideAutoDD,DW588
Improvements,Hide,ShowHideAutoDD,DX588
Improvements,Hide,ShowHideAutoDD,DY588
Improvements,Hide,ShowHideAutoDD,EE588
Improvements,Show,ShowHideAutoDD,DS589
Improvements,Show,ShowHideAutoDD,DT589
Improvements,Auto,ShowHideAutoDD,DU589
Improvements,Auto,ShowHideAutoDD,DV589
Improvements,Auto,ShowHideAutoDD,DW589
Improvements,Hide,ShowHideAutoDD,DX589
Improvements,Hide,ShowHideAutoDD,DY589
Improvements,Hide,ShowHideAutoDD,EE589
Improvements,Show,ShowHideAutoDD,DS590
Improvements,Hide,ShowHideAutoDD,DT590
Improvements,Auto,ShowHideAutoDD,DU590
Improvements,Auto,ShowHideAutoDD,DV590
Improvements,Auto,ShowHideAutoDD,DW590
Improvements,Hide,ShowHideAutoDD,DX590
Improvements,Hide,ShowHideAutoDD,DY590
Improvements,Hide,ShowHideAutoDD,EE590
Improvements,Hide,ShowHideAutoDD,DS591
Improvements,Hide,ShowHideAutoDD,DT591
Improvements,Auto,ShowHideAutoDD,DU591
Improvements,Auto,ShowHideAutoDD,DV591
Improvements,Auto,ShowHideAutoDD,DW591
Improvements,Hide,ShowHideAutoDD,DX591
Improvements,Hide,ShowHideAutoDD,DY591
Improvements,Hide,ShowHideAutoDD,EE591
Improvements,Hide,ShowHideAutoDD,DS592
Improvements,Hide,ShowHideAutoDD,DT592
Improvements,Auto,ShowHideAutoDD,DU592
Improvements,Auto,ShowHideAutoDD,DV592
Improvements,Auto,ShowHideAutoDD,DW592
Improvements,Hide,ShowHideAutoDD,DX592
Improvements,Hide,ShowHideAutoDD,DY592
Improvements,Hide,ShowHideAutoDD,EE592
Improvements,Hide,ShowHideAutoDD,DS593
Improvements,Hide,ShowHideAutoDD,DT593
Improvements,Auto,ShowHideAutoDD,DU593
Improvements,Auto,ShowHideAutoDD,DV593
Improvements,Auto,ShowHideAutoDD,DW593
Improvements,Hide,ShowHideAutoDD,DX593
Improvements,Hide,ShowHideAutoDD,DY593
Improvements,Hide,ShowHideAutoDD,EE593
Improvements,Hide,ShowHideAutoDD,DS594
Improvements,Hide,ShowHideAutoDD,DT594
Improvements,Auto,ShowHideAutoDD,DU594
Improvements,Auto,ShowHideAutoDD,DV594
Improvements,Auto,ShowHideAutoDD,DW594
Improvements,Hide,ShowHideAutoDD,DX594
Improvements,Hide,ShowHideAutoDD,DY594
Improvements,Hide,ShowHideAutoDD,EE594
Improvements,Hide,ShowHideAutoDD,DS595
Improvements,Show,ShowHideAutoDD,DT595
Improvements,Auto,ShowHideAutoDD,DU595
Improvements,Auto,ShowHideAutoDD,DV595
Improvements,Auto,ShowHideAutoDD,DW595
Improvements,Hide,ShowHideAutoDD,DX595
Improvements,Hide,ShowHideAutoDD,DY595
Improvements,Hide,ShowHideAutoDD,EE595
Improvements,Show,ShowHideAutoDD,DS596
Improvements,Show,ShowHideAutoDD,DT596
Improvements,Auto,ShowHideAutoDD,DU596
Improvements,Auto,ShowHideAutoDD,DV596
Improvements,Auto,ShowHideAutoDD,DW596
Improvements,Hide,ShowHideAutoDD,DX596
Improvements,Hide,ShowHideAutoDD,DY596
Improvements,Hide,ShowHideAutoDD,EE596
Improvements,Show,ShowHideAutoDD,DS597
Improvements,Hide,ShowHideAutoDD,DT597
Improvements,Auto,ShowHideAutoDD,DU597
Improvements,Auto,ShowHideAutoDD,DV597
Improvements,Auto,ShowHideAutoDD,DW597
Improvements,Hide,ShowHideAutoDD,DX597
Improvements,Hide,ShowHideAutoDD,DY597
Improvements,Hide,ShowHideAutoDD,EE597
Improvements,Hide,ShowHideAutoDD,DS598
Improvements,Hide,ShowHideAutoDD,DT598
Improvements,Auto,ShowHideAutoDD,DU598
Improvements,Auto,ShowHideAutoDD,DV598
Improvements,Auto,ShowHideAutoDD,DW598
Improvements,Hide,ShowHideAutoDD,DX598
Improvements,Hide,ShowHideAutoDD,DY598
Improvements,Hide,ShowHideAutoDD,EE598
Improvements,Hide,ShowHideAutoDD,DS599
Improvements,Hide,ShowHideAutoDD,DT599
Improvements,Auto,ShowHideAutoDD,DU599
Improvements,Auto,ShowHideAutoDD,DV599
Improvements,Auto,ShowHideAutoDD,DW599
Improvements,Hide,ShowHideAutoDD,DX599
Improvements,Hide,ShowHideAutoDD,DY599
Improvements,Hide,ShowHideAutoDD,EE599
Improvements,Hide,ShowHideAutoDD,DS600
Improvements,Hide,ShowHideAutoDD,DT600
Improvements,Auto,ShowHideAutoDD,DU600
Improvements,Auto,ShowHideAutoDD,DV600
Improvements,Auto,ShowHideAutoDD,DW600
Improvements,Hide,ShowHideAutoDD,DX600
Improvements,Show,ShowHideAutoDD,DY600
Improvements,Show,ShowHideAutoDD,EE600
Improvements,Hide,ShowHideAutoDD,DS601
Improvements,Hide,ShowHideAutoDD,DT601
Improvements,Auto,ShowHideAutoDD,DU601
Improvements,Auto,ShowHideAutoDD,DV601
Improvements,Auto,ShowHideAutoDD,DW601
Improvements,Hide,ShowHideAutoDD,DX601
Improvements,Hide,ShowHideAutoDD,DY601
Improvements,Hide,ShowHideAutoDD,EE601
Improvements,Hide,ShowHideAutoDD,DS602
Improvements,Hide,ShowHideAutoDD,DT602
Improvements,Auto,ShowHideAutoDD,DU602
Improvements,Auto,ShowHideAutoDD,DV602
Improvements,Auto,ShowHideAutoDD,DW602
Improvements,Hide,ShowHideAutoDD,DX602
Improvements,Show,ShowHideAutoDD,DY602
Improvements,Hide,ShowHideAutoDD,EE602
Improvements,Hide,ShowHideAutoDD,DS603
Improvements,Hide,ShowHideAutoDD,DT603
Improvements,Auto,ShowHideAutoDD,DU603
Improvements,Auto,ShowHideAutoDD,DV603
Improvements,Auto,ShowHideAutoDD,DW603
Improvements,Hide,ShowHideAutoDD,DX603
Improvements,Show,ShowHideAutoDD,DY603
Improvements,Hide,ShowHideAutoDD,EE603
Improvements,Hide,ShowHideAutoDD,DS604
Improvements,Hide,ShowHideAutoDD,DT604
Improvements,Auto,ShowHideAutoDD,DU604
Improvements,Auto,ShowHideAutoDD,DV604
Improvements,Auto,ShowHideAutoDD,DW604
Improvements,Hide,ShowHideAutoDD,DX604
Improvements,Show,ShowHideAutoDD,DY604
Improvements,Hide,ShowHideAutoDD,EE604
Improvements,Hide,ShowHideAutoDD,DS605
Improvements,Hide,ShowHideAutoDD,DT605
Improvements,Auto,ShowHideAutoDD,DU605
Improvements,Auto,ShowHideAutoDD,DV605
Improvements,Auto,ShowHideAutoDD,DW605
Improvements,Hide,ShowHideAutoDD,DX605
Improvements,Show,ShowHideAutoDD,DY605
Improvements,Hide,ShowHideAutoDD,EE605
Improvements,Hide,ShowHideAutoDD,DS606
Improvements,Hide,ShowHideAutoDD,DT606
Improvements,Auto,ShowHideAutoDD,DU606
Improvements,Auto,ShowHideAutoDD,DV606
Improvements,Auto,ShowHideAutoDD,DW606
Improvements,Hide,ShowHideAutoDD,DX606
Improvements,Show,ShowHideAutoDD,DY606
Improvements,Hide,ShowHideAutoDD,EE606
Improvements,Hide,ShowHideAutoDD,DS607
Improvements,Hide,ShowHideAutoDD,DT607
Improvements,Auto,ShowHideAutoDD,DU607
Improvements,Auto,ShowHideAutoDD,DV607
Improvements,Auto,ShowHideAutoDD,DW607
Improvements,Hide,ShowHideAutoDD,DX607
Improvements,Show,ShowHideAutoDD,DY607
Improvements,Hide,ShowHideAutoDD,EE607
Improvements,Hide,ShowHideAutoDD,DS608
Improvements,Hide,ShowHideAutoDD,DT608
Improvements,Auto,ShowHideAutoDD,DU608
Improvements,Auto,ShowHideAutoDD,DV608
Improvements,Auto,ShowHideAutoDD,DW608
Improvements,Hide,ShowHideAutoDD,DX608
Improvements,Show,ShowHideAutoDD,DY608
Improvements,Show,ShowHideAutoDD,EE608
Improvements,Hide,ShowHideAutoDD,DS609
Improvements,Hide,ShowHideAutoDD,DT609
Improvements,Hide,ShowHideAutoDD,DU609
Improvements,Hide,ShowHideAutoDD,DV609
Improvements,Hide,ShowHideAutoDD,DW609
Improvements,Hide,ShowHideAutoDD,DX609
Improvements,Show,ShowHideAutoDD,DY609
Improvements,Hide,ShowHideAutoDD,EE609
Improvements,Hide,ShowHideAutoDD,DS610
Improvements,Hide,ShowHideAutoDD,DT610
Improvements,Hide,ShowHideAutoDD,DU610
Improvements,Hide,ShowHideAutoDD,DV610
Improvements,Hide,ShowHideAutoDD,DW610
Improvements,Hide,ShowHideAutoDD,DX610
Improvements,Show,ShowHideAutoDD,DY610
Improvements,Hide,ShowHideAutoDD,EE610
Improvements,Hide,ShowHideAutoDD,DS611
Improvements,Hide,ShowHideAutoDD,DT611
Improvements,Hide,ShowHideAutoDD,DU611
Improvements,Hide,ShowHideAutoDD,DV611
Improvements,Hide,ShowHideAutoDD,DW611
Improvements,Hide,ShowHideAutoDD,DX611
Improvements,Show,ShowHideAutoDD,DY611
Improvements,Hide,ShowHideAutoDD,EE611
Improvements,Hide,ShowHideAutoDD,DS612
Improvements,Hide,ShowHideAutoDD,DT612
Improvements,Hide,ShowHideAutoDD,DU612
Improvements,Hide,ShowHideAutoDD,DV612
Improvements,Hide,ShowHideAutoDD,DW612
Improvements,Hide,ShowHideAutoDD,DX612
Improvements,Show,ShowHideAutoDD,DY612
Improvements,Hide,ShowHideAutoDD,EE612
Improvements,Hide,ShowHideAutoDD,DS613
Improvements,Hide,ShowHideAutoDD,DT613
Improvements,Hide,ShowHideAutoDD,DU613
Improvements,Hide,ShowHideAutoDD,DV613
Improvements,Hide,ShowHideAutoDD,DW613
Improvements,Hide,ShowHideAutoDD,DX613
Improvements,Show,ShowHideAutoDD,DY613
Improvements,Hide,ShowHideAutoDD,EE613
Improvements,Hide,ShowHideAutoDD,DS614
Improvements,Hide,ShowHideAutoDD,DT614
Improvements,Hide,ShowHideAutoDD,DU614
Improvements,Hide,ShowHideAutoDD,DV614
Improvements,Hide,ShowHideAutoDD,DW614
Improvements,Hide,ShowHideAutoDD,DX614
Improvements,Show,ShowHideAutoDD,DY614
Improvements,Hide,ShowHideAutoDD,EE614
Improvements,Hide,ShowHideAutoDD,DS615
Improvements,Hide,ShowHideAutoDD,DT615
Improvements,Hide,ShowHideAutoDD,DU615
Improvements,Hide,ShowHideAutoDD,DV615
Improvements,Hide,ShowHideAutoDD,DW615
Improvements,Hide,ShowHideAutoDD,DX615
Improvements,Show,ShowHideAutoDD,DY615
Improvements,Hide,ShowHideAutoDD,EE615
Improvements,Hide,ShowHideAutoDD,DS616
Improvements,Hide,ShowHideAutoDD,DT616
Improvements,Hide,ShowHideAutoDD,DU616
Improvements,Hide,ShowHideAutoDD,DV616
Improvements,Hide,ShowHideAutoDD,DW616
Improvements,Hide,ShowHideAutoDD,DX616
Improvements,Show,ShowHideAutoDD,DY616
Improvements,Hide,ShowHideAutoDD,EE616
Improvements,Hide,ShowHideAutoDD,DS617
Improvements,Hide,ShowHideAutoDD,DT617
Improvements,Hide,ShowHideAutoDD,DU617
Improvements,Hide,ShowHideAutoDD,DV617
Improvements,Hide,ShowHideAutoDD,DW617
Improvements,Hide,ShowHideAutoDD,DX617
Improvements,Show,ShowHideAutoDD,DY617
Improvements,Hide,ShowHideAutoDD,EE617
Improvements,Hide,ShowHideAutoDD,DS618
Improvements,Hide,ShowHideAutoDD,DT618
Improvements,Hide,ShowHideAutoDD,DU618
Improvements,Hide,ShowHideAutoDD,DV618
Improvements,Hide,ShowHideAutoDD,DW618
Improvements,Hide,ShowHideAutoDD,DX618
Improvements,Show,ShowHideAutoDD,DY618
Improvements,Hide,ShowHideAutoDD,EE618
Improvements,Hide,ShowHideAutoDD,DS619
Improvements,Hide,ShowHideAutoDD,DT619
Improvements,Hide,ShowHideAutoDD,DU619
Improvements,Hide,ShowHideAutoDD,DV619
Improvements,Hide,ShowHideAutoDD,DW619
Improvements,Hide,ShowHideAutoDD,DX619
Improvements,Show,ShowHideAutoDD,DY619
Improvements,Hide,ShowHideAutoDD,EE619
Improvements,Hide,ShowHideAutoDD,DS620
Improvements,Hide,ShowHideAutoDD,DT620
Improvements,Hide,ShowHideAutoDD,DU620
Improvements,Hide,ShowHideAutoDD,DV620
Improvements,Hide,ShowHideAutoDD,DW620
Improvements,Hide,ShowHideAutoDD,DX620
Improvements,Show,ShowHideAutoDD,DY620
Improvements,Hide,ShowHideAutoDD,EE620
Improvements,Hide,ShowHideAutoDD,DS621
Improvements,Hide,ShowHideAutoDD,DT621
Improvements,Hide,ShowHideAutoDD,DU621
Improvements,Hide,ShowHideAutoDD,DV621
Improvements,Hide,ShowHideAutoDD,DW621
Improvements,Hide,ShowHideAutoDD,DX621
Improvements,Show,ShowHideAutoDD,DY621
Improvements,Hide,ShowHideAutoDD,EE621
Improvements,Hide,ShowHideAutoDD,DS622
Improvements,Hide,ShowHideAutoDD,DT622
Improvements,Hide,ShowHideAutoDD,DU622
Improvements,Hide,ShowHideAutoDD,DV622
Improvements,Hide,ShowHideAutoDD,DW622
Improvements,Hide,ShowHideAutoDD,DX622
Improvements,Show,ShowHideAutoDD,DY622
Improvements,Hide,ShowHideAutoDD,EE622
Improvements,Hide,ShowHideAutoDD,DS623
Improvements,Hide,ShowHideAutoDD,DT623
Improvements,Hide,ShowHideAutoDD,DU623
Improvements,Hide,ShowHideAutoDD,DV623
Improvements,Hide,ShowHideAutoDD,DW623
Improvements,Hide,ShowHideAutoDD,DX623
Improvements,Show,ShowHideAutoDD,DY623
Improvements,Hide,ShowHideAutoDD,EE623
Improvements,Hide,ShowHideAutoDD,DS624
Improvements,Hide,ShowHideAutoDD,DT624
Improvements,Hide,ShowHideAutoDD,DU624
Improvements,Hide,ShowHideAutoDD,DV624
Improvements,Hide,ShowHideAutoDD,DW624
Improvements,Hide,ShowHideAutoDD,DX624
Improvements,Show,ShowHideAutoDD,DY624
Improvements,Hide,ShowHideAutoDD,EE624
Improvements,Hide,ShowHideAutoDD,DS625
Improvements,Hide,ShowHideAutoDD,DT625
Improvements,Hide,ShowHideAutoDD,DU625
Improvements,Hide,ShowHideAutoDD,DV625
Improvements,Hide,ShowHideAutoDD,DW625
Improvements,Hide,ShowHideAutoDD,DX625
Improvements,Show,ShowHideAutoDD,DY625
Improvements,Hide,ShowHideAutoDD,EE625
Improvements,Hide,ShowHideAutoDD,DS626
Improvements,Hide,ShowHideAutoDD,DT626
Improvements,Hide,ShowHideAutoDD,DU626
Improvements,Hide,ShowHideAutoDD,DV626
Improvements,Hide,ShowHideAutoDD,DW626
Improvements,Hide,ShowHideAutoDD,DX626
Improvements,Show,ShowHideAutoDD,DY626
Improvements,Hide,ShowHideAutoDD,EE626
Improvements,Hide,ShowHideAutoDD,DS627
Improvements,Hide,ShowHideAutoDD,DT627
Improvements,Hide,ShowHideAutoDD,DU627
Improvements,Hide,ShowHideAutoDD,DV627
Improvements,Hide,ShowHideAutoDD,DW627
Improvements,Hide,ShowHideAutoDD,DX627
Improvements,Show,ShowHideAutoDD,DY627
Improvements,Hide,ShowHideAutoDD,EE627
Improvements,Hide,ShowHideAutoDD,DS628
Improvements,Hide,ShowHideAutoDD,DT628
Improvements,Hide,ShowHideAutoDD,DU628
Improvements,Hide,ShowHideAutoDD,DV628
Improvements,Hide,ShowHideAutoDD,DW628
Improvements,Hide,ShowHideAutoDD,DX628
Improvements,Show,ShowHideAutoDD,DY628
Improvements,Hide,ShowHideAutoDD,EE628
Improvements,Hide,ShowHideAutoDD,DS629
Improvements,Hide,ShowHideAutoDD,DT629
Improvements,Hide,ShowHideAutoDD,DU629
Improvements,Hide,ShowHideAutoDD,DV629
Improvements,Hide,ShowHideAutoDD,DW629
Improvements,Hide,ShowHideAutoDD,DX629
Improvements,Show,ShowHideAutoDD,DY629
Improvements,Hide,ShowHideAutoDD,EE629
Improvements,Hide,ShowHideAutoDD,DS630
Improvements,Hide,ShowHideAutoDD,DT630
Improvements,Hide,ShowHideAutoDD,DU630
Improvements,Hide,ShowHideAutoDD,DV630
Improvements,Hide,ShowHideAutoDD,DW630
Improvements,Hide,ShowHideAutoDD,DX630
Improvements,Show,ShowHideAutoDD,DY630
Improvements,Hide,ShowHideAutoDD,EE630
Improvements,Hide,ShowHideAutoDD,DS631
Improvements,Hide,ShowHideAutoDD,DT631
Improvements,Hide,ShowHideAutoDD,DU631
Improvements,Hide,ShowHideAutoDD,DV631
Improvements,Hide,ShowHideAutoDD,DW631
Improvements,Hide,ShowHideAutoDD,DX631
Improvements,Show,ShowHideAutoDD,DY631
Improvements,Hide,ShowHideAutoDD,EE631
Improvements,Hide,ShowHideAutoDD,DS632
Improvements,Hide,ShowHideAutoDD,DT632
Improvements,Hide,ShowHideAutoDD,DU632
Improvements,Hide,ShowHideAutoDD,DV632
Improvements,Hide,ShowHideAutoDD,DW632
Improvements,Hide,ShowHideAutoDD,DX632
Improvements,Show,ShowHideAutoDD,DY632
Improvements,Hide,ShowHideAutoDD,EE632
Improvements,Hide,ShowHideAutoDD,DS633
Improvements,Hide,ShowHideAutoDD,DT633
Improvements,Hide,ShowHideAutoDD,DU633
Improvements,Hide,ShowHideAutoDD,DV633
Improvements,Hide,ShowHideAutoDD,DW633
Improvements,Hide,ShowHideAutoDD,DX633
Improvements,Show,ShowHideAutoDD,DY633
Improvements,Hide,ShowHideAutoDD,EE633
Improvements,Hide,ShowHideAutoDD,DS634
Improvements,Hide,ShowHideAutoDD,DT634
Improvements,Hide,ShowHideAutoDD,DU634
Improvements,Hide,ShowHideAutoDD,DV634
Improvements,Hide,ShowHideAutoDD,DW634
Improvements,Hide,ShowHideAutoDD,DX634
Improvements,Show,ShowHideAutoDD,DY634
Improvements,Hide,ShowHideAutoDD,EE634
Improvements,Hide,ShowHideAutoDD,DS635
Improvements,Hide,ShowHideAutoDD,DT635
Improvements,Hide,ShowHideAutoDD,DU635
Improvements,Hide,ShowHideAutoDD,DV635
Improvements,Hide,ShowHideAutoDD,DW635
Improvements,Hide,ShowHideAutoDD,DX635
Improvements,Show,ShowHideAutoDD,DY635
Improvements,Hide,ShowHideAutoDD,EE635
Improvements,Hide,ShowHideAutoDD,DS636
Improvements,Hide,ShowHideAutoDD,DT636
Improvements,Hide,ShowHideAutoDD,DU636
Improvements,Hide,ShowHideAutoDD,DV636
Improvements,Hide,ShowHideAutoDD,DW636
Improvements,Hide,ShowHideAutoDD,DX636
Improvements,Show,ShowHideAutoDD,DY636
Improvements,Hide,ShowHideAutoDD,EE636
Improvements,Hide,ShowHideAutoDD,DS637
Improvements,Hide,ShowHideAutoDD,DT637
Improvements,Hide,ShowHideAutoDD,DU637
Improvements,Hide,ShowHideAutoDD,DV637
Improvements,Hide,ShowHideAutoDD,DW637
Improvements,Hide,ShowHideAutoDD,DX637
Improvements,Show,ShowHideAutoDD,DY637
Improvements,Hide,ShowHideAutoDD,EE637
Improvements,Hide,ShowHideAutoDD,DS638
Improvements,Hide,ShowHideAutoDD,DT638
Improvements,Hide,ShowHideAutoDD,DU638
Improvements,Hide,ShowHideAutoDD,DV638
Improvements,Hide,ShowHideAutoDD,DW638
Improvements,Hide,ShowHideAutoDD,DX638
Improvements,Show,ShowHideAutoDD,DY638
Improvements,Hide,ShowHideAutoDD,EE638
Improvements,Hide,ShowHideAutoDD,DS639
Improvements,Hide,ShowHideAutoDD,DT639
Improvements,Hide,ShowHideAutoDD,DU639
Improvements,Hide,ShowHideAutoDD,DV639
Improvements,Hide,ShowHideAutoDD,DW639
Improvements,Hide,ShowHideAutoDD,DX639
Improvements,Show,ShowHideAutoDD,DY639
Improvements,Hide,ShowHideAutoDD,EE639
Improvements,Hide,ShowHideAutoDD,DS640
Improvements,Hide,ShowHideAutoDD,DT640
Improvements,Hide,ShowHideAutoDD,DU640
Improvements,Hide,ShowHideAutoDD,DV640
Improvements,Hide,ShowHideAutoDD,DW640
Improvements,Hide,ShowHideAutoDD,DX640
Improvements,Show,ShowHideAutoDD,DY640
Improvements,Hide,ShowHideAutoDD,EE640
Improvements,Hide,ShowHideAutoDD,DS641
Improvements,Hide,ShowHideAutoDD,DT641
Improvements,Hide,ShowHideAutoDD,DU641
Improvements,Hide,ShowHideAutoDD,DV641
Improvements,Hide,ShowHideAutoDD,DW641
Improvements,Hide,ShowHideAutoDD,DX641
Improvements,Hide,ShowHideAutoDD,DY641
Improvements,Hide,ShowHideAutoDD,EE641
Improvements,Lobby Workstation/Business Center,"""X""",EI641
Improvements,Hide,ShowHideAutoDD,DS642
Improvements,Hide,ShowHideAutoDD,DT642
Improvements,Hide,ShowHideAutoDD,DU642
Improvements,Hide,ShowHideAutoDD,DV642
Improvements,Hide,ShowHideAutoDD,DW642
Improvements,Hide,ShowHideAutoDD,DX642
Improvements,Show,ShowHideAutoDD,DY642
Improvements,Hide,ShowHideAutoDD,EE642
Improvements,Hide,ShowHideAutoDD,DS643
Improvements,Hide,ShowHideAutoDD,DT643
Improvements,Hide,ShowHideAutoDD,DU643
Improvements,Hide,ShowHideAutoDD,DV643
Improvements,Hide,ShowHideAutoDD,DW643
Improvements,Hide,ShowHideAutoDD,DX643
Improvements,Show,ShowHideAutoDD,DY643
Improvements,Hide,ShowHideAutoDD,EE643
Improvements,Hide,ShowHideAutoDD,DS644
Improvements,Hide,ShowHideAutoDD,DT644
Improvements,Hide,ShowHideAutoDD,DU644
Improvements,Hide,ShowHideAutoDD,DV644
Improvements,Hide,ShowHideAutoDD,DW644
Improvements,Hide,ShowHideAutoDD,DX644
Improvements,Show,ShowHideAutoDD,DY644
Improvements,Hide,ShowHideAutoDD,EE644
Improvements,Hide,ShowHideAutoDD,DS645
Improvements,Hide,ShowHideAutoDD,DT645
Improvements,Hide,ShowHideAutoDD,DU645
Improvements,Hide,ShowHideAutoDD,DV645
Improvements,Hide,ShowHideAutoDD,DW645
Improvements,Hide,ShowHideAutoDD,DX645
Improvements,Show,ShowHideAutoDD,DY645
Improvements,Hide,ShowHideAutoDD,EE645
Improvements,Hide,ShowHideAutoDD,DS646
Improvements,Hide,ShowHideAutoDD,DT646
Improvements,Hide,ShowHideAutoDD,DU646
Improvements,Hide,ShowHideAutoDD,DV646
Improvements,Hide,ShowHideAutoDD,DW646
Improvements,Hide,ShowHideAutoDD,DX646
Improvements,Show,ShowHideAutoDD,DY646
Improvements,Hide,ShowHideAutoDD,EE646
Improvements,Hide,ShowHideAutoDD,DS647
Improvements,Hide,ShowHideAutoDD,DT647
Improvements,Hide,ShowHideAutoDD,DU647
Improvements,Hide,ShowHideAutoDD,DV647
Improvements,Hide,ShowHideAutoDD,DW647
Improvements,Hide,ShowHideAutoDD,DX647
Improvements,Show,ShowHideAutoDD,DY647
Improvements,Hide,ShowHideAutoDD,EE647
Improvements,Hide,ShowHideAutoDD,DS648
Improvements,Hide,ShowHideAutoDD,DT648
Improvements,Hide,ShowHideAutoDD,DU648
Improvements,Hide,ShowHideAutoDD,DV648
Improvements,Hide,ShowHideAutoDD,DW648
Improvements,Hide,ShowHideAutoDD,DX648
Improvements,Show,ShowHideAutoDD,DY648
Improvements,Hide,ShowHideAutoDD,EE648
Improvements,Hide,ShowHideAutoDD,DS649
Improvements,Hide,ShowHideAutoDD,DT649
Improvements,Hide,ShowHideAutoDD,DU649
Improvements,Hide,ShowHideAutoDD,DV649
Improvements,Hide,ShowHideAutoDD,DW649
Improvements,Hide,ShowHideAutoDD,DX649
Improvements,Show,ShowHideAutoDD,DY649
Improvements,Hide,ShowHideAutoDD,EE649
Improvements,Hide,ShowHideAutoDD,DS650
Improvements,Hide,ShowHideAutoDD,DT650
Improvements,Hide,ShowHideAutoDD,DU650
Improvements,Hide,ShowHideAutoDD,DV650
Improvements,Hide,ShowHideAutoDD,DW650
Improvements,Hide,ShowHideAutoDD,DX650
Improvements,Show,ShowHideAutoDD,DY650
Improvements,Hide,ShowHideAutoDD,EE650
Improvements,Hide,ShowHideAutoDD,DS651
Improvements,Hide,ShowHideAutoDD,DT651
Improvements,Hide,ShowHideAutoDD,DU651
Improvements,Hide,ShowHideAutoDD,DV651
Improvements,Hide,ShowHideAutoDD,DW651
Improvements,Hide,ShowHideAutoDD,DX651
Improvements,Show,ShowHideAutoDD,DY651
Improvements,Hide,ShowHideAutoDD,EE651
Improvements,Hide,ShowHideAutoDD,DS652
Improvements,Hide,ShowHideAutoDD,DT652
Improvements,Hide,ShowHideAutoDD,DU652
Improvements,Hide,ShowHideAutoDD,DV652
Improvements,Hide,ShowHideAutoDD,DW652
Improvements,Hide,ShowHideAutoDD,DX652
Improvements,Show,ShowHideAutoDD,DY652
Improvements,Hide,ShowHideAutoDD,EE652
Improvements,Hide,ShowHideAutoDD,DS653
Improvements,Hide,ShowHideAutoDD,DT653
Improvements,Hide,ShowHideAutoDD,DU653
Improvements,Hide,ShowHideAutoDD,DV653
Improvements,Hide,ShowHideAutoDD,DW653
Improvements,Hide,ShowHideAutoDD,DX653
Improvements,Show,ShowHideAutoDD,DY653
Improvements,Hide,ShowHideAutoDD,EE653
Improvements,Hide,ShowHideAutoDD,DS654
Improvements,Hide,ShowHideAutoDD,DT654
Improvements,Hide,ShowHideAutoDD,DU654
Improvements,Hide,ShowHideAutoDD,DV654
Improvements,Hide,ShowHideAutoDD,DW654
Improvements,Hide,ShowHideAutoDD,DX654
Improvements,Show,ShowHideAutoDD,DY654
Improvements,Hide,ShowHideAutoDD,EE654
Improvements,Hide,ShowHideAutoDD,DS655
Improvements,Hide,ShowHideAutoDD,DT655
Improvements,Hide,ShowHideAutoDD,DU655
Improvements,Hide,ShowHideAutoDD,DV655
Improvements,Hide,ShowHideAutoDD,DW655
Improvements,Hide,ShowHideAutoDD,DX655
Improvements,Show,ShowHideAutoDD,DY655
Improvements,Hide,ShowHideAutoDD,EE655
Improvements,Hide,ShowHideAutoDD,DS656
Improvements,Hide,ShowHideAutoDD,DT656
Improvements,Hide,ShowHideAutoDD,DU656
Improvements,Hide,ShowHideAutoDD,DV656
Improvements,Hide,ShowHideAutoDD,DW656
Improvements,Hide,ShowHideAutoDD,DX656
Improvements,Show,ShowHideAutoDD,DY656
Improvements,Hide,ShowHideAutoDD,EE656
Improvements,Hide,ShowHideAutoDD,DS657
Improvements,Hide,ShowHideAutoDD,DT657
Improvements,Hide,ShowHideAutoDD,DU657
Improvements,Hide,ShowHideAutoDD,DV657
Improvements,Hide,ShowHideAutoDD,DW657
Improvements,Hide,ShowHideAutoDD,DX657
Improvements,Show,ShowHideAutoDD,DY657
Improvements,Hide,ShowHideAutoDD,EE657
Improvements,Hide,ShowHideAutoDD,DS658
Improvements,Hide,ShowHideAutoDD,DT658
Improvements,Hide,ShowHideAutoDD,DU658
Improvements,Hide,ShowHideAutoDD,DV658
Improvements,Hide,ShowHideAutoDD,DW658
Improvements,Hide,ShowHideAutoDD,DX658
Improvements,Show,ShowHideAutoDD,DY658
Improvements,Hide,ShowHideAutoDD,EE658
Improvements,Hide,ShowHideAutoDD,DS659
Improvements,Hide,ShowHideAutoDD,DT659
Improvements,Hide,ShowHideAutoDD,DU659
Improvements,Hide,ShowHideAutoDD,DV659
Improvements,Hide,ShowHideAutoDD,DW659
Improvements,Hide,ShowHideAutoDD,DX659
Improvements,Show,ShowHideAutoDD,DY659
Improvements,Hide,ShowHideAutoDD,EE659
Improvements,Hide,ShowHideAutoDD,DS660
Improvements,Hide,ShowHideAutoDD,DT660
Improvements,Hide,ShowHideAutoDD,DU660
Improvements,Hide,ShowHideAutoDD,DV660
Improvements,Hide,ShowHideAutoDD,DW660
Improvements,Hide,ShowHideAutoDD,DX660
Improvements,Show,ShowHideAutoDD,DY660
Improvements,Hide,ShowHideAutoDD,EE660
Improvements,Hide,ShowHideAutoDD,DS661
Improvements,Hide,ShowHideAutoDD,DT661
Improvements,Hide,ShowHideAutoDD,DU661
Improvements,Hide,ShowHideAutoDD,DV661
Improvements,Hide,ShowHideAutoDD,DW661
Improvements,Hide,ShowHideAutoDD,DX661
Improvements,Show,ShowHideAutoDD,DY661
Improvements,Hide,ShowHideAutoDD,EE661
Improvements,Hide,ShowHideAutoDD,DS662
Improvements,Hide,ShowHideAutoDD,DT662
Improvements,Hide,ShowHideAutoDD,DU662
Improvements,Hide,ShowHideAutoDD,DV662
Improvements,Hide,ShowHideAutoDD,DW662
Improvements,Hide,ShowHideAutoDD,DX662
Improvements,Show,ShowHideAutoDD,DY662
Improvements,Hide,ShowHideAutoDD,EE662
Improvements,Hide,ShowHideAutoDD,DS663
Improvements,Hide,ShowHideAutoDD,DT663
Improvements,Hide,ShowHideAutoDD,DU663
Improvements,Hide,ShowHideAutoDD,DV663
Improvements,Hide,ShowHideAutoDD,DW663
Improvements,Hide,ShowHideAutoDD,DX663
Improvements,Show,ShowHideAutoDD,DY663
Improvements,Hide,ShowHideAutoDD,EE663
Improvements,Hide,ShowHideAutoDD,DS664
Improvements,Hide,ShowHideAutoDD,DT664
Improvements,Hide,ShowHideAutoDD,DU664
Improvements,Hide,ShowHideAutoDD,DV664
Improvements,Hide,ShowHideAutoDD,DW664
Improvements,Hide,ShowHideAutoDD,DX664
Improvements,Show,ShowHideAutoDD,DY664
Improvements,Hide,ShowHideAutoDD,EE664
Improvements,Hide,ShowHideAutoDD,DS665
Improvements,Hide,ShowHideAutoDD,DT665
Improvements,Hide,ShowHideAutoDD,DU665
Improvements,Hide,ShowHideAutoDD,DV665
Improvements,Hide,ShowHideAutoDD,DW665
Improvements,Hide,ShowHideAutoDD,DX665
Improvements,Show,ShowHideAutoDD,DY665
Improvements,Hide,ShowHideAutoDD,EE665
Improvements,Hide,ShowHideAutoDD,DS666
Improvements,Hide,ShowHideAutoDD,DT666
Improvements,Hide,ShowHideAutoDD,DU666
Improvements,Hide,ShowHideAutoDD,DV666
Improvements,Hide,ShowHideAutoDD,DW666
Improvements,Hide,ShowHideAutoDD,DX666
Improvements,Show,ShowHideAutoDD,DY666
Improvements,Hide,ShowHideAutoDD,EE666
Improvements,Hide,ShowHideAutoDD,DS667
Improvements,Hide,ShowHideAutoDD,DT667
Improvements,Hide,ShowHideAutoDD,DU667
Improvements,Hide,ShowHideAutoDD,DV667
Improvements,Hide,ShowHideAutoDD,DW667
Improvements,Hide,ShowHideAutoDD,DX667
Improvements,Show,ShowHideAutoDD,DY667
Improvements,Hide,ShowHideAutoDD,EE667
Improvements,Hide,ShowHideAutoDD,DS668
Improvements,Hide,ShowHideAutoDD,DT668
Improvements,Hide,ShowHideAutoDD,DU668
Improvements,Hide,ShowHideAutoDD,DV668
Improvements,Hide,ShowHideAutoDD,DW668
Improvements,Hide,ShowHideAutoDD,DX668
Improvements,Show,ShowHideAutoDD,DY668
Improvements,Hide,ShowHideAutoDD,EE668
Improvements,Hide,ShowHideAutoDD,DS669
Improvements,Hide,ShowHideAutoDD,DT669
Improvements,Hide,ShowHideAutoDD,DU669
Improvements,Hide,ShowHideAutoDD,DV669
Improvements,Hide,ShowHideAutoDD,DW669
Improvements,Hide,ShowHideAutoDD,DX669
Improvements,Show,ShowHideAutoDD,DY669
Improvements,Hide,ShowHideAutoDD,EE669
Improvements,Hide,ShowHideAutoDD,DS670
Improvements,Hide,ShowHideAutoDD,DT670
Improvements,Hide,ShowHideAutoDD,DU670
Improvements,Hide,ShowHideAutoDD,DV670
Improvements,Hide,ShowHideAutoDD,DW670
Improvements,Hide,ShowHideAutoDD,DX670
Improvements,Show,ShowHideAutoDD,DY670
Improvements,Hide,ShowHideAutoDD,EE670
Improvements,Hide,ShowHideAutoDD,DS671
Improvements,Hide,ShowHideAutoDD,DT671
Improvements,Hide,ShowHideAutoDD,DU671
Improvements,Hide,ShowHideAutoDD,DV671
Improvements,Hide,ShowHideAutoDD,DW671
Improvements,Hide,ShowHideAutoDD,DX671
Improvements,Show,ShowHideAutoDD,DY671
Improvements,Hide,ShowHideAutoDD,EE671
Improvements,Hide,ShowHideAutoDD,DS672
Improvements,Hide,ShowHideAutoDD,DT672
Improvements,Hide,ShowHideAutoDD,DU672
Improvements,Hide,ShowHideAutoDD,DV672
Improvements,Hide,ShowHideAutoDD,DW672
Improvements,Hide,ShowHideAutoDD,DX672
Improvements,Show,ShowHideAutoDD,DY672
Improvements,Hide,ShowHideAutoDD,EE672
Improvements,Hide,ShowHideAutoDD,DS673
Improvements,Hide,ShowHideAutoDD,DT673
Improvements,Hide,ShowHideAutoDD,DU673
Improvements,Hide,ShowHideAutoDD,DV673
Improvements,Hide,ShowHideAutoDD,DW673
Improvements,Hide,ShowHideAutoDD,DX673
Improvements,Show,ShowHideAutoDD,DY673
Improvements,Hide,ShowHideAutoDD,EE673
Improvements,Hide,ShowHideAutoDD,DS674
Improvements,Hide,ShowHideAutoDD,DT674
Improvements,Hide,ShowHideAutoDD,DU674
Improvements,Hide,ShowHideAutoDD,DV674
Improvements,Hide,ShowHideAutoDD,DW674
Improvements,Hide,ShowHideAutoDD,DX674
Improvements,Show,ShowHideAutoDD,DY674
Improvements,Hide,ShowHideAutoDD,EE674
Improvements,Hide,ShowHideAutoDD,DS675
Improvements,Hide,ShowHideAutoDD,DT675
Improvements,Hide,ShowHideAutoDD,DU675
Improvements,Hide,ShowHideAutoDD,DV675
Improvements,Hide,ShowHideAutoDD,DW675
Improvements,Hide,ShowHideAutoDD,DX675
Improvements,Show,ShowHideAutoDD,DY675
Improvements,Hide,ShowHideAutoDD,EE675
Improvements,Hide,ShowHideAutoDD,DS676
Improvements,Hide,ShowHideAutoDD,DT676
Improvements,Hide,ShowHideAutoDD,DU676
Improvements,Hide,ShowHideAutoDD,DV676
Improvements,Hide,ShowHideAutoDD,DW676
Improvements,Hide,ShowHideAutoDD,DX676
Improvements,Show,ShowHideAutoDD,DY676
Improvements,Hide,ShowHideAutoDD,EE676
Improvements,Hide,ShowHideAutoDD,DS677
Improvements,Hide,ShowHideAutoDD,DT677
Improvements,Hide,ShowHideAutoDD,DU677
Improvements,Hide,ShowHideAutoDD,DV677
Improvements,Hide,ShowHideAutoDD,DW677
Improvements,Hide,ShowHideAutoDD,DX677
Improvements,Show,ShowHideAutoDD,DY677
Improvements,Hide,ShowHideAutoDD,EE677
Improvements,Hide,ShowHideAutoDD,DS678
Improvements,Hide,ShowHideAutoDD,DT678
Improvements,Hide,ShowHideAutoDD,DU678
Improvements,Hide,ShowHideAutoDD,DV678
Improvements,Hide,ShowHideAutoDD,DW678
Improvements,Hide,ShowHideAutoDD,DX678
Improvements,Show,ShowHideAutoDD,DY678
Improvements,Hide,ShowHideAutoDD,EE678
Improvements,Hide,ShowHideAutoDD,DS679
Improvements,Hide,ShowHideAutoDD,DT679
Improvements,Hide,ShowHideAutoDD,DU679
Improvements,Hide,ShowHideAutoDD,DV679
Improvements,Hide,ShowHideAutoDD,DW679
Improvements,Hide,ShowHideAutoDD,DX679
Improvements,Show,ShowHideAutoDD,DY679
Improvements,Hide,ShowHideAutoDD,EE679
Improvements,Hide,ShowHideAutoDD,DS680
Improvements,Hide,ShowHideAutoDD,DT680
Improvements,Hide,ShowHideAutoDD,DU680
Improvements,Hide,ShowHideAutoDD,DV680
Improvements,Hide,ShowHideAutoDD,DW680
Improvements,Hide,ShowHideAutoDD,DX680
Improvements,Show,ShowHideAutoDD,DY680
Improvements,Hide,ShowHideAutoDD,EE680
Improvements,Hide,ShowHideAutoDD,DS681
Improvements,Hide,ShowHideAutoDD,DT681
Improvements,Hide,ShowHideAutoDD,DU681
Improvements,Hide,ShowHideAutoDD,DV681
Improvements,Hide,ShowHideAutoDD,DW681
Improvements,Hide,ShowHideAutoDD,DX681
Improvements,Hide,ShowHideAutoDD,DY681
Improvements,Hide,ShowHideAutoDD,EE681
Improvements,Hide,ShowHideAutoDD,DS682
Improvements,Hide,ShowHideAutoDD,DT682
Improvements,Hide,ShowHideAutoDD,DU682
Improvements,Hide,ShowHideAutoDD,DV682
Improvements,Hide,ShowHideAutoDD,DW682
Improvements,Hide,ShowHideAutoDD,DX682
Improvements,Hide,ShowHideAutoDD,DY682
Improvements,Hide,ShowHideAutoDD,EE682
Improvements,Hide,ShowHideAutoDD,DS683
Improvements,Hide,ShowHideAutoDD,DT683
Improvements,Hide,ShowHideAutoDD,DU683
Improvements,Hide,ShowHideAutoDD,DV683
Improvements,Hide,ShowHideAutoDD,DW683
Improvements,Hide,ShowHideAutoDD,DX683
Improvements,Hide,ShowHideAutoDD,DY683
Improvements,Hide,ShowHideAutoDD,EE683
Improvements,Hide,ShowHideAutoDD,DS684
Improvements,Hide,ShowHideAutoDD,DT684
Improvements,Hide,ShowHideAutoDD,DU684
Improvements,Hide,ShowHideAutoDD,DV684
Improvements,Hide,ShowHideAutoDD,DW684
Improvements,Hide,ShowHideAutoDD,DX684
Improvements,Show,ShowHideAutoDD,DY684
Improvements,Hide,ShowHideAutoDD,EE684
Improvements,Hide,ShowHideAutoDD,DS685
Improvements,Hide,ShowHideAutoDD,DT685
Improvements,Hide,ShowHideAutoDD,DU685
Improvements,Hide,ShowHideAutoDD,DV685
Improvements,Hide,ShowHideAutoDD,DW685
Improvements,Hide,ShowHideAutoDD,DX685
Improvements,Show,ShowHideAutoDD,DY685
Improvements,Hide,ShowHideAutoDD,EE685
Improvements,Hide,ShowHideAutoDD,DS686
Improvements,Hide,ShowHideAutoDD,DT686
Improvements,Hide,ShowHideAutoDD,DU686
Improvements,Hide,ShowHideAutoDD,DV686
Improvements,Hide,ShowHideAutoDD,DW686
Improvements,Hide,ShowHideAutoDD,DX686
Improvements,Show,ShowHideAutoDD,DY686
Improvements,Hide,ShowHideAutoDD,EE686
Improvements,Hide,ShowHideAutoDD,DS687
Improvements,Hide,ShowHideAutoDD,DT687
Improvements,Hide,ShowHideAutoDD,DU687
Improvements,Hide,ShowHideAutoDD,DV687
Improvements,Hide,ShowHideAutoDD,DW687
Improvements,Hide,ShowHideAutoDD,DX687
Improvements,Hide,ShowHideAutoDD,DY687
Improvements,Hide,ShowHideAutoDD,EE687
Improvements,Hide,ShowHideAutoDD,DS688
Improvements,Hide,ShowHideAutoDD,DT688
Improvements,Auto,ShowHideAutoDD,DU688
Improvements,Auto,ShowHideAutoDD,DV688
Improvements,Auto,ShowHideAutoDD,DW688
Improvements,Show,ShowHideAutoDD,DX688
Improvements,Hide,ShowHideAutoDD,DY688
Improvements,Hide,ShowHideAutoDD,EE688
Improvements,Hide,ShowHideAutoDD,DS689
Improvements,Hide,ShowHideAutoDD,DT689
Improvements,Auto,ShowHideAutoDD,DU689
Improvements,Auto,ShowHideAutoDD,DV689
Improvements,Auto,ShowHideAutoDD,DW689
Improvements,Show,ShowHideAutoDD,DX689
Improvements,Hide,ShowHideAutoDD,DY689
Improvements,Hide,ShowHideAutoDD,EE689
Improvements,Hide,ShowHideAutoDD,DS690
Improvements,Hide,ShowHideAutoDD,DT690
Improvements,Auto,ShowHideAutoDD,DU690
Improvements,Auto,ShowHideAutoDD,DV690
Improvements,Auto,ShowHideAutoDD,DW690
Improvements,Show,ShowHideAutoDD,DX690
Improvements,Hide,ShowHideAutoDD,DY690
Improvements,Hide,ShowHideAutoDD,EE690
Improvements,Hide,ShowHideAutoDD,DS691
Improvements,Show,ShowHideAutoDD,DT691
Improvements,Auto,ShowHideAutoDD,DU691
Improvements,Auto,ShowHideAutoDD,DV691
Improvements,Auto,ShowHideAutoDD,DW691
Improvements,Show,ShowHideAutoDD,DX691
Improvements,Hide,ShowHideAutoDD,DY691
Improvements,Hide,ShowHideAutoDD,EE691
Improvements,Show,ShowHideAutoDD,DS692
Improvements,Hide,ShowHideAutoDD,DT692
Improvements,Auto,ShowHideAutoDD,DU692
Improvements,Auto,ShowHideAutoDD,DV692
Improvements,Auto,ShowHideAutoDD,DW692
Improvements,Show,ShowHideAutoDD,DX692
Improvements,Hide,ShowHideAutoDD,DY692
Improvements,Hide,ShowHideAutoDD,EE692
Improvements,Hide,ShowHideAutoDD,DS693
Improvements,Hide,ShowHideAutoDD,DT693
Improvements,Auto,ShowHideAutoDD,DU693
Improvements,Auto,ShowHideAutoDD,DV693
Improvements,Auto,ShowHideAutoDD,DW693
Improvements,Show,ShowHideAutoDD,DX693
Improvements,Hide,ShowHideAutoDD,DY693
Improvements,Hide,ShowHideAutoDD,EE693
Improvements,Hide,ShowHideAutoDD,DS694
Improvements,Hide,ShowHideAutoDD,DT694
Improvements,Auto,ShowHideAutoDD,DU694
Improvements,Auto,ShowHideAutoDD,DV694
Improvements,Auto,ShowHideAutoDD,DW694
Improvements,Show,ShowHideAutoDD,DX694
Improvements,Hide,ShowHideAutoDD,DY694
Improvements,Hide,ShowHideAutoDD,EE694
Improvements,Hide,ShowHideAutoDD,DS695
Improvements,Hide,ShowHideAutoDD,DT695
Improvements,Auto,ShowHideAutoDD,DU695
Improvements,Auto,ShowHideAutoDD,DV695
Improvements,Auto,ShowHideAutoDD,DW695
Improvements,Show,ShowHideAutoDD,DX695
Improvements,Hide,ShowHideAutoDD,DY695
Improvements,Hide,ShowHideAutoDD,EE695
Improvements,Hide,ShowHideAutoDD,DS696
Improvements,Hide,ShowHideAutoDD,DT696
Improvements,Auto,ShowHideAutoDD,DU696
Improvements,Auto,ShowHideAutoDD,DV696
Improvements,Auto,ShowHideAutoDD,DW696
Improvements,Show,ShowHideAutoDD,DX696
Improvements,Hide,ShowHideAutoDD,DY696
Improvements,Hide,ShowHideAutoDD,EE696
Improvements,Hide,ShowHideAutoDD,DS697
Improvements,Hide,ShowHideAutoDD,DT697
Improvements,Auto,ShowHideAutoDD,DU697
Improvements,Auto,ShowHideAutoDD,DV697
Improvements,Auto,ShowHideAutoDD,DW697
Improvements,Show,ShowHideAutoDD,DX697
Improvements,Hide,ShowHideAutoDD,DY697
Improvements,Hide,ShowHideAutoDD,EE697
Improvements,Hide,ShowHideAutoDD,DS698
Improvements,Hide,ShowHideAutoDD,DT698
Improvements,Auto,ShowHideAutoDD,DU698
Improvements,Auto,ShowHideAutoDD,DV698
Improvements,Auto,ShowHideAutoDD,DW698
Improvements,Show,ShowHideAutoDD,DX698
Improvements,Hide,ShowHideAutoDD,DY698
Improvements,Hide,ShowHideAutoDD,EE698
Improvements,Hide,ShowHideAutoDD,DS699
Improvements,Hide,ShowHideAutoDD,DT699
Improvements,Auto,ShowHideAutoDD,DU699
Improvements,Auto,ShowHideAutoDD,DV699
Improvements,Auto,ShowHideAutoDD,DW699
Improvements,Hide,ShowHideAutoDD,DX699
Improvements,Hide,ShowHideAutoDD,DY699
Improvements,Hide,ShowHideAutoDD,EE699
Improvements,Hide,ShowHideAutoDD,DS700
Improvements,Hide,ShowHideAutoDD,DT700
Improvements,Auto,ShowHideAutoDD,DU700
Improvements,Auto,ShowHideAutoDD,DV700
Improvements,Auto,ShowHideAutoDD,DW700
Improvements,Hide,ShowHideAutoDD,DX700
Improvements,Hide,ShowHideAutoDD,DY700
Improvements,Hide,ShowHideAutoDD,EE700
Improvements,Hide,ShowHideAutoDD,DS701
Improvements,Hide,ShowHideAutoDD,DT701
Improvements,Auto,ShowHideAutoDD,DU701
Improvements,Auto,ShowHideAutoDD,DV701
Improvements,Auto,ShowHideAutoDD,DW701
Improvements,Hide,ShowHideAutoDD,DX701
Improvements,Hide,ShowHideAutoDD,DY701
Improvements,Hide,ShowHideAutoDD,EE701
Improvements,Hide,ShowHideAutoDD,DS702
Improvements,Hide,ShowHideAutoDD,DT702
Improvements,Auto,ShowHideAutoDD,DU702
Improvements,Auto,ShowHideAutoDD,DV702
Improvements,Auto,ShowHideAutoDD,DW702
Improvements,Hide,ShowHideAutoDD,DX702
Improvements,Hide,ShowHideAutoDD,DY702
Improvements,Hide,ShowHideAutoDD,EE702
Improvements,Hide,ShowHideAutoDD,DS703
Improvements,Hide,ShowHideAutoDD,DT703
Improvements,Auto,ShowHideAutoDD,DU703
Improvements,Auto,ShowHideAutoDD,DV703
Improvements,Auto,ShowHideAutoDD,DW703
Improvements,Hide,ShowHideAutoDD,DX703
Improvements,Hide,ShowHideAutoDD,DY703
Improvements,Hide,ShowHideAutoDD,EE703
Improvements,Hide,ShowHideAutoDD,DS704
Improvements,Hide,ShowHideAutoDD,DT704
Improvements,Auto,ShowHideAutoDD,DU704
Improvements,Auto,ShowHideAutoDD,DV704
Improvements,Auto,ShowHideAutoDD,DW704
Improvements,Hide,ShowHideAutoDD,DX704
Improvements,Hide,ShowHideAutoDD,DY704
Improvements,Show,ShowHideAutoDD,EE704
Improvements,Hide,ShowHideAutoDD,DS705
Improvements,Hide,ShowHideAutoDD,DT705
Improvements,Auto,ShowHideAutoDD,DU705
Improvements,Auto,ShowHideAutoDD,DV705
Improvements,Auto,ShowHideAutoDD,DW705
Improvements,Hide,ShowHideAutoDD,DX705
Improvements,Hide,ShowHideAutoDD,DY705
Improvements,Show,ShowHideAutoDD,EE705
Improvements,Hide,ShowHideAutoDD,DS706
Improvements,Hide,ShowHideAutoDD,DT706
Improvements,Auto,ShowHideAutoDD,DU706
Improvements,Auto,ShowHideAutoDD,DV706
Improvements,Auto,ShowHideAutoDD,DW706
Improvements,Hide,ShowHideAutoDD,DX706
Improvements,Hide,ShowHideAutoDD,DY706
Improvements,Show,ShowHideAutoDD,EE706
Improvements,Hide,ShowHideAutoDD,DS707
Improvements,Hide,ShowHideAutoDD,DT707
Improvements,Auto,ShowHideAutoDD,DU707
Improvements,Auto,ShowHideAutoDD,DV707
Improvements,Auto,ShowHideAutoDD,DW707
Improvements,Hide,ShowHideAutoDD,DX707
Improvements,Hide,ShowHideAutoDD,DY707
Improvements,Show,ShowHideAutoDD,EE707
Improvements,Hide,ShowHideAutoDD,DS708
Improvements,Hide,ShowHideAutoDD,DT708
Improvements,Auto,ShowHideAutoDD,DU708
Improvements,Auto,ShowHideAutoDD,DV708
Improvements,Auto,ShowHideAutoDD,DW708
Improvements,Hide,ShowHideAutoDD,DX708
Improvements,Hide,ShowHideAutoDD,DY708
Improvements,Hide,ShowHideAutoDD,EE708
Improvements,Hide,ShowHideAutoDD,DS709
Improvements,Hide,ShowHideAutoDD,DT709
Improvements,Auto,ShowHideAutoDD,DU709
Improvements,Auto,ShowHideAutoDD,DV709
Improvements,Auto,ShowHideAutoDD,DW709
Improvements,Hide,ShowHideAutoDD,DX709
Improvements,Hide,ShowHideAutoDD,DY709
Improvements,Hide,ShowHideAutoDD,EE709
Improvements,Hide,ShowHideAutoDD,DS710
Improvements,Hide,ShowHideAutoDD,DT710
Improvements,Auto,ShowHideAutoDD,DU710
Improvements,Auto,ShowHideAutoDD,DV710
Improvements,Auto,ShowHideAutoDD,DW710
Improvements,Hide,ShowHideAutoDD,DX710
Improvements,Hide,ShowHideAutoDD,DY710
Improvements,Show,ShowHideAutoDD,EE710
Improvements,Hide,ShowHideAutoDD,DS711
Improvements,Hide,ShowHideAutoDD,DT711
Improvements,Auto,ShowHideAutoDD,DU711
Improvements,Auto,ShowHideAutoDD,DV711
Improvements,Auto,ShowHideAutoDD,DW711
Improvements,Hide,ShowHideAutoDD,DX711
Improvements,Hide,ShowHideAutoDD,DY711
Improvements,Hide,ShowHideAutoDD,EE711
Improvements,Hide,ShowHideAutoDD,DS712
Improvements,Hide,ShowHideAutoDD,DT712
Improvements,Auto,ShowHideAutoDD,DU712
Improvements,Auto,ShowHideAutoDD,DV712
Improvements,Auto,ShowHideAutoDD,DW712
Improvements,Hide,ShowHideAutoDD,DX712
Improvements,Hide,ShowHideAutoDD,DY712
Improvements,Hide,ShowHideAutoDD,EE712
Improvements,Hide,ShowHideAutoDD,DS713
Improvements,Hide,ShowHideAutoDD,DT713
Improvements,Auto,ShowHideAutoDD,DU713
Improvements,Auto,ShowHideAutoDD,DV713
Improvements,Auto,ShowHideAutoDD,DW713
Improvements,Hide,ShowHideAutoDD,DX713
Improvements,Hide,ShowHideAutoDD,DY713
Improvements,Hide,ShowHideAutoDD,EE713
Improvements,Hide,ShowHideAutoDD,DS714
Improvements,Hide,ShowHideAutoDD,DT714
Improvements,Auto,ShowHideAutoDD,DU714
Improvements,Auto,ShowHideAutoDD,DV714
Improvements,Auto,ShowHideAutoDD,DW714
Improvements,Hide,ShowHideAutoDD,DX714
Improvements,Hide,ShowHideAutoDD,DY714
Improvements,Hide,ShowHideAutoDD,EE714
Improvements,Hide,ShowHideAutoDD,DS715
Improvements,Hide,ShowHideAutoDD,DT715
Improvements,Auto,ShowHideAutoDD,DU715
Improvements,Auto,ShowHideAutoDD,DV715
Improvements,Auto,ShowHideAutoDD,DW715
Improvements,Hide,ShowHideAutoDD,DX715
Improvements,Hide,ShowHideAutoDD,DY715
Improvements,Hide,ShowHideAutoDD,EE715
Improvements,Hide,ShowHideAutoDD,DS716
Improvements,Hide,ShowHideAutoDD,DT716
Improvements,Auto,ShowHideAutoDD,DU716
Improvements,Auto,ShowHideAutoDD,DV716
Improvements,Auto,ShowHideAutoDD,DW716
Improvements,Hide,ShowHideAutoDD,DX716
Improvements,Hide,ShowHideAutoDD,DY716
Improvements,Hide,ShowHideAutoDD,EE716
Improvements,Hide,ShowHideAutoDD,DS717
Improvements,Hide,ShowHideAutoDD,DT717
Improvements,Auto,ShowHideAutoDD,DU717
Improvements,Auto,ShowHideAutoDD,DV717
Improvements,Auto,ShowHideAutoDD,DW717
Improvements,Hide,ShowHideAutoDD,DX717
Improvements,Hide,ShowHideAutoDD,DY717
Improvements,Show,ShowHideAutoDD,EE717
Improvements,Hide,ShowHideAutoDD,DS718
Improvements,Hide,ShowHideAutoDD,DT718
Improvements,Auto,ShowHideAutoDD,DU718
Improvements,Auto,ShowHideAutoDD,DV718
Improvements,Auto,ShowHideAutoDD,DW718
Improvements,Hide,ShowHideAutoDD,DX718
Improvements,Hide,ShowHideAutoDD,DY718
Improvements,Show,ShowHideAutoDD,EE718
Improvements,Hide,ShowHideAutoDD,DS719
Improvements,Hide,ShowHideAutoDD,DT719
Improvements,Auto,ShowHideAutoDD,DU719
Improvements,Auto,ShowHideAutoDD,DV719
Improvements,Auto,ShowHideAutoDD,DW719
Improvements,Hide,ShowHideAutoDD,DX719
Improvements,Hide,ShowHideAutoDD,DY719
Improvements,Show,ShowHideAutoDD,EE719
Improvements,Hide,ShowHideAutoDD,DS720
Improvements,Hide,ShowHideAutoDD,DT720
Improvements,Auto,ShowHideAutoDD,DU720
Improvements,Auto,ShowHideAutoDD,DV720
Improvements,Auto,ShowHideAutoDD,DW720
Improvements,Hide,ShowHideAutoDD,DX720
Improvements,Hide,ShowHideAutoDD,DY720
Improvements,Hide,ShowHideAutoDD,EE720
Improvements,Hide,ShowHideAutoDD,DS721
Improvements,Hide,ShowHideAutoDD,DT721
Improvements,Auto,ShowHideAutoDD,DU721
Improvements,Auto,ShowHideAutoDD,DV721
Improvements,Auto,ShowHideAutoDD,DW721
Improvements,Hide,ShowHideAutoDD,DX721
Improvements,Hide,ShowHideAutoDD,DY721
Improvements,Hide,ShowHideAutoDD,EE721
Improvements,Hide,ShowHideAutoDD,DS722
Improvements,Hide,ShowHideAutoDD,DT722
Improvements,Auto,ShowHideAutoDD,DU722
Improvements,Auto,ShowHideAutoDD,DV722
Improvements,Auto,ShowHideAutoDD,DW722
Improvements,Hide,ShowHideAutoDD,DX722
Improvements,Hide,ShowHideAutoDD,DY722
Improvements,Hide,ShowHideAutoDD,EE722
Improvements,Hide,ShowHideAutoDD,DS723
Improvements,Hide,ShowHideAutoDD,DT723
Improvements,Auto,ShowHideAutoDD,DU723
Improvements,Auto,ShowHideAutoDD,DV723
Improvements,Auto,ShowHideAutoDD,DW723
Improvements,Hide,ShowHideAutoDD,DX723
Improvements,Hide,ShowHideAutoDD,DY723
Improvements,Hide,ShowHideAutoDD,EE723
Improvements,Hide,ShowHideAutoDD,DS724
Improvements,Hide,ShowHideAutoDD,DT724
Improvements,Auto,ShowHideAutoDD,DU724
Improvements,Auto,ShowHideAutoDD,DV724
Improvements,Auto,ShowHideAutoDD,DW724
Improvements,Hide,ShowHideAutoDD,DX724
Improvements,Hide,ShowHideAutoDD,DY724
Improvements,Hide,ShowHideAutoDD,EE724
Improvements,Hide,ShowHideAutoDD,DS725
Improvements,Hide,ShowHideAutoDD,DT725
Improvements,Auto,ShowHideAutoDD,DU725
Improvements,Auto,ShowHideAutoDD,DV725
Improvements,Auto,ShowHideAutoDD,DW725
Improvements,Hide,ShowHideAutoDD,DX725
Improvements,Hide,ShowHideAutoDD,DY725
Improvements,Hide,ShowHideAutoDD,EE725
Improvements,Hide,ShowHideAutoDD,DS726
Improvements,Hide,ShowHideAutoDD,DT726
Improvements,Auto,ShowHideAutoDD,DU726
Improvements,Auto,ShowHideAutoDD,DV726
Improvements,Auto,ShowHideAutoDD,DW726
Improvements,Hide,ShowHideAutoDD,DX726
Improvements,Hide,ShowHideAutoDD,DY726
Improvements,Hide,ShowHideAutoDD,EE726
Improvements,Hide,ShowHideAutoDD,DS727
Improvements,Hide,ShowHideAutoDD,DT727
Improvements,Auto,ShowHideAutoDD,DU727
Improvements,Auto,ShowHideAutoDD,DV727
Improvements,Auto,ShowHideAutoDD,DW727
Improvements,Hide,ShowHideAutoDD,DX727
Improvements,Hide,ShowHideAutoDD,DY727
Improvements,Hide,ShowHideAutoDD,EE727
Improvements,Hide,ShowHideAutoDD,DS728
Improvements,Hide,ShowHideAutoDD,DT728
Improvements,Auto,ShowHideAutoDD,DU728
Improvements,Auto,ShowHideAutoDD,DV728
Improvements,Auto,ShowHideAutoDD,DW728
Improvements,Hide,ShowHideAutoDD,DX728
Improvements,Hide,ShowHideAutoDD,DY728
Improvements,Hide,ShowHideAutoDD,EE728
Improvements,Hide,ShowHideAutoDD,DS729
Improvements,Hide,ShowHideAutoDD,DT729
Improvements,Auto,ShowHideAutoDD,DU729
Improvements,Auto,ShowHideAutoDD,DV729
Improvements,Auto,ShowHideAutoDD,DW729
Improvements,Hide,ShowHideAutoDD,DX729
Improvements,Hide,ShowHideAutoDD,DY729
Improvements,Hide,ShowHideAutoDD,EE729
Improvements,Hide,ShowHideAutoDD,DS730
Improvements,Hide,ShowHideAutoDD,DT730
Improvements,Auto,ShowHideAutoDD,DU730
Improvements,Auto,ShowHideAutoDD,DV730
Improvements,Auto,ShowHideAutoDD,DW730
Improvements,Hide,ShowHideAutoDD,DX730
Improvements,Hide,ShowHideAutoDD,DY730
Improvements,Hide,ShowHideAutoDD,EE730
Improvements,Hide,ShowHideAutoDD,DS731
Improvements,Hide,ShowHideAutoDD,DT731
Improvements,Auto,ShowHideAutoDD,DU731
Improvements,Auto,ShowHideAutoDD,DV731
Improvements,Auto,ShowHideAutoDD,DW731
Improvements,Hide,ShowHideAutoDD,DX731
Improvements,Hide,ShowHideAutoDD,DY731
Improvements,Hide,ShowHideAutoDD,EE731
Improvements,Hide,ShowHideAutoDD,DS732
Improvements,Show,ShowHideAutoDD,DT732
Improvements,Auto,ShowHideAutoDD,DU732
Improvements,Auto,ShowHideAutoDD,DV732
Improvements,Auto,ShowHideAutoDD,DW732
Improvements,Hide,ShowHideAutoDD,DX732
Improvements,Hide,ShowHideAutoDD,DY732
Improvements,Hide,ShowHideAutoDD,EE732
Improvements,City Water,"""X""",EI732
Improvements,Show,ShowHideAutoDD,DS733
Improvements,Show,ShowHideAutoDD,DT733
Improvements,Auto,ShowHideAutoDD,DU733
Improvements,Auto,ShowHideAutoDD,DV733
Improvements,Auto,ShowHideAutoDD,DW733
Improvements,Hide,ShowHideAutoDD,DX733
Improvements,Hide,ShowHideAutoDD,DY733
Improvements,Hide,ShowHideAutoDD,EE733
Improvements,City Sewer,"""X""",EI733
Improvements,Unknown_Field_FH744,ShowHideAutoDD,FH744
Improvements,Auto,ShowHideAutoDD,FI744
Improvements,Unknown_Field_ES770,ShowHideAutoDD,ES770
Improvements,Unknown_Field_GD801,ShowHideAutoDD,GD801
Improvements,Auto,ShowHideAutoDD,GD802
Improvements,Auto,ShowHideAutoDD,GD803
Improvements,Auto,ShowHideAutoDD,GD804
Improvements,Auto,ShowHideAutoDD,GD805
Improvements,Auto,ShowHideAutoDD,GD806
Improvements,Auto,ShowHideAutoDD,GD807
Improvements,Auto,ShowHideAutoDD,GD808
Improvements,Auto,ShowHideAutoDD,GD811
Improvements,MF Lease Up Source,"""Adjustment 1,Adjustment 2""",GH811
Improvements,Unknown_Field_GQ817,ShowHideAutoDD,GQ817
Improvements,Auto,ShowHideAutoDD,GQ818
Improvements,Auto,ShowHideAutoDD,GQ819
Improvements,Auto,ShowHideAutoDD,GQ820
Improvements,Auto,ShowHideAutoDD,GQ821
Improvements,Auto,ShowHideAutoDD,GQ822
Improvements,Auto,ShowHideAutoDD,GQ823
Improvements,Auto,ShowHideAutoDD,GQ824
Improvements,Auto,ShowHideAutoDD,GQ825
Improvements,Auto,ShowHideAutoDD,GQ826
Improvements,Unknown_Field_HS845,ShowHideAutoDD,HS845
Improvements,Auto,ShowHideAutoDD,HT845
Improvements,Auto,ShowHideAutoDD,HU845
Improvements,Auto,ShowHideAutoDD,HV845
Improvements,Auto,ShowHideAutoDD,HW845
Improvements,Unknown_Field_HP849,ShowHideAutoDD,HP849
Improvements,Auto,ShowHideAutoDD,HP850
Improvements,Auto,ShowHideAutoDD,HP851
Improvements,Auto,ShowHideAutoDD,HP852
Improvements,Auto,ShowHideAutoDD,HP853
Improvements,Auto,ShowHideAutoDD,HP854
Improvements,Auto,ShowHideAutoDD,HP855
Improvements,Auto,ShowHideAutoDD,HP856
Improvements,Auto,ShowHideAutoDD,HP857
Improvements,Auto,ShowHideAutoDD,HP858
Improvements,Auto,ShowHideAutoDD,HP859
Improvements,Auto,ShowHideAutoDD,HP860
Improvements,Auto,ShowHideAutoDD,HP861
Improvements,Auto,ShowHideAutoDD,HP862
Improvements,Auto,ShowHideAutoDD,HP863
Improvements,Auto,ShowHideAutoDD,HP864
Improvements,Auto,ShowHideAutoDD,HP865
Improvements,Auto,ShowHideAutoDD,HP866
Improvements,Auto,ShowHideAutoDD,HP867
Improvements,Auto,ShowHideAutoDD,HP868
Improvements,Auto,ShowHideAutoDD,HP869
Improvements,Auto,ShowHideAutoDD,HP870
Improvements,Auto,ShowHideAutoDD,HP871
Improvements,Auto,ShowHideAutoDD,HP872
Improvements,Auto,ShowHideAutoDD,HP873
Improvements,Auto,ShowHideAutoDD,HP874
Improvements,Auto,ShowHideAutoDD,HP875
Improvements,Auto,ShowHideAutoDD,HP876
Improvements,Auto,ShowHideAutoDD,HP877
Improvements,Auto,ShowHideAutoDD,HP878
Improvements,Auto,ShowHideAutoDD,HP879
Improvements,Auto,ShowHideAutoDD,HP880
Improvements,Auto,ShowHideAutoDD,HP881
Improvements,Auto,ShowHideAutoDD,HP882
Improvements,Auto,ShowHideAutoDD,HP883
Improvements,Auto,ShowHideAutoDD,HP884
Improvements,Auto,ShowHideAutoDD,HP885
Improvements,Auto,ShowHideAutoDD,HP886
Improvements,Auto,ShowHideAutoDD,HP887
Improvements,Auto,ShowHideAutoDD,HP888
Improvements,Auto,ShowHideAutoDD,HP889
Improvements,Auto,ShowHideAutoDD,HP890
Improvements,Auto,ShowHideAutoDD,HP891
Improvements,Auto,ShowHideAutoDD,HP892
Improvements,Auto,ShowHideAutoDD,HP893
Improvements,Auto,ShowHideAutoDD,HP894
Improvements,Auto,ShowHideAutoDD,HP895
Improvements,Auto,ShowHideAutoDD,HP896
Improvements,Auto,ShowHideAutoDD,HP897
Improvements,Auto,ShowHideAutoDD,HP898
Improvements,Auto,ShowHideAutoDD,HP899
Improvements,Auto,ShowHideAutoDD,HP900
Improvements,Auto,ShowHideAutoDD,HP901
Improvements,Auto,ShowHideAutoDD,HP902
Improvements,Auto,ShowHideAutoDD,HP903
Improvements,Auto,ShowHideAutoDD,HP904
Improvements,Auto,ShowHideAutoDD,HP905
Improvements,Auto,ShowHideAutoDD,HP906
Improvements,Auto,ShowHideAutoDD,HP907
Improvements,Auto,ShowHideAutoDD,HP908
Improvements,Auto,ShowHideAutoDD,HP909
Improvements,Auto,ShowHideAutoDD,HP910
Improvements,Auto,ShowHideAutoDD,HP911
Improvements,Auto,ShowHideAutoDD,HP912
Improvements,Auto,ShowHideAutoDD,HP913
Improvements,Auto,ShowHideAutoDD,HP914
Improvements,Auto,ShowHideAutoDD,HP915
Improvements,Auto,ShowHideAutoDD,HP916
Improvements,Auto,ShowHideAutoDD,HP917
Improvements,Auto,ShowHideAutoDD,HP918
Improvements,Auto,ShowHideAutoDD,HP919
Improvements,Auto,ShowHideAutoDD,HP920
Improvements,Auto,ShowHideAutoDD,HP921
Improvements,Auto,ShowHideAutoDD,HP922
Improvements,Auto,ShowHideAutoDD,HP923
Improvements,Auto,ShowHideAutoDD,HP924
Improvements,Auto,ShowHideAutoDD,HP925
Improvements,Auto,ShowHideAutoDD,HP926
Improvements,Auto,ShowHideAutoDD,HP927
Improvements,Auto,ShowHideAutoDD,HP928
Improvements,Auto,ShowHideAutoDD,HP929
Improvements,Auto,ShowHideAutoDD,HP930
Improvements,Auto,ShowHideAutoDD,HP931
Improvements,Auto,ShowHideAutoDD,HP932
Improvements,Auto,ShowHideAutoDD,HP933
Improvements,Auto,ShowHideAutoDD,HP934
Improvements,Auto,ShowHideAutoDD,HP935
Improvements,Auto,ShowHideAutoDD,HP936
Improvements,Auto,ShowHideAutoDD,HP937
Improvements,Auto,ShowHideAutoDD,HP938
Improvements,Auto,ShowHideAutoDD,HP939
Improvements,Auto,ShowHideAutoDD,HP940
Improvements,Auto,ShowHideAutoDD,HP941
Improvements,Auto,ShowHideAutoDD,HP942
Improvements,Auto,ShowHideAutoDD,HP943
Improvements,Auto,ShowHideAutoDD,HP944
Improvements,Auto,ShowHideAutoDD,HP945
Improvements,Auto,ShowHideAutoDD,HP946
Improvements,Auto,ShowHideAutoDD,HP947
Improvements,Auto,ShowHideAutoDD,HP948
Improvements,Auto,ShowHideAutoDD,HP949
Improvements,Auto,ShowHideAutoDD,HP950
Improvements,Auto,ShowHideAutoDD,HP951
Improvements,Auto,ShowHideAutoDD,HP952
Improvements,Auto,ShowHideAutoDD,HP953
Improvements,Auto,ShowHideAutoDD,HP954
Assessment,Choose Number of Parcels,"""1,2,3,4,5,6,7,8,9,10,11,12,13,14,15,16,17,18,19,20""",J9
Assessment,Show,"""Show,Hide,Auto""",K14
Assessment,Hide,"""Show,Hide,Auto""",L14
Assessment,Hide,"""Show,Hide,Auto""",M14
Assessment,Hide,"""Show,Hide,Auto""",N14
Assessment,Hide,"""Show,Hide,Auto""",O14
Assessment,Hide,"""Show,Hide,Auto""",P14
Assessment,Hide,"""Show,Hide,Auto""",Q14
Assessment,Hide,"""Show,Hide,Auto""",R14
Assessment,Hide,"""Show,Hide,Auto""",S14
Assessment,Hide,"""Show,Hide,Auto""",T14
Assessment,Hide,"""Show,Hide,Auto""",U14
Assessment,Hide,"""Show,Hide,Auto""",V14
Assessment,Hide,"""Show,Hide,Auto""",W14
Assessment,Hide,"""Show,Hide,Auto""",X14
Assessment,Hide,"""Show,Hide,Auto""",Y14
Assessment,Hide,"""Show,Hide,Auto""",Z14
Assessment,Hide,"""Show,Hide,Auto""",AA14
Assessment,Hide,"""Show,Hide,Auto""",AB14
Assessment,Hide,"""Show,Hide,Auto""",AC14
Assessment,Taxing Authority/Jurisdiction,"""Sum,Parcel 1,Concatenate,Unique Values""",H17
Assessment,Assessment Year(s),"""Sum,Parcel 1,Concatenate,Unique Values""",H18
Assessment,Tax ID,"""Sum,Parcel 1,Concatenate,Unique Values""",H19
Assessment,Land,"""Sum,Parcel 1,Concatenate,Unique Values""",H20
Assessment,Improvements,"""Sum,Parcel 1,Concatenate,Unique Values""",H21
Assessment,Other,"""Sum,Parcel 1,Concatenate,Unique Values""",H22
Assessment,Total Assessment,"""Sum,Parcel 1,Concatenate,Unique Values""",H23
Assessment,Per SF GBA,"""Sum,Parcel 1,Concatenate,Unique Values""",H24
Assessment,Tax Year(s),"""Sum,Parcel 1,Concatenate,Unique Values""",H27
Assessment,Tax Rate Code,"""Sum,Parcel 1,Concatenate,Unique Values""",H28
Assessment,Tax Rate,"""Sum,Parcel 1,Concatenate,Unique Values""",H32
Assessment,Tax Rate Per,"""Sum,Parcel 1,Concatenate,Unique Values""",H33
Assessment,Ad Valorem Taxes,"""Sum,Parcel 1,Concatenate,Unique Values""",H34
Assessment,Special Assessments,"""Sum,Parcel 1,Concatenate,Unique Values""",H35
Assessment,FF&E Taxes,"""Sum,Parcel 1,Concatenate,Unique Values""",H36
Assessment,Total Taxes,"""Sum,Parcel 1,Concatenate,Unique Values""",H37
Assessment,Taxes/SF GBA,"""Sum,Parcel 1,Concatenate,Unique Values""",H38
Assessment,Taxes/SF RA,"""Sum,Parcel 1,Concatenate,Unique Values""",H39
Assessment,Taxes/Unit,"""Sum,Parcel 1,Concatenate,Unique Values""",H40
Assessment,Taxes/Land SF,"""Sum,Parcel 1,Concatenate,Unique Values""",H41
Assessment,Taxes/Acre,"""Sum,Parcel 1,Concatenate,Unique Values""",H42
Assessment,Taxes/Land Unit,"""Sum,Parcel 1,Concatenate,Unique Values""",H43
Assessment,Taxes/M2 GBA,"""Sum,Parcel 1,Concatenate,Unique Values""",H44
Assessment,Taxes/M2 RA,"""Sum,Parcel 1,Concatenate,Unique Values""",H45
Assessment,Taxes/Land M2,"""Sum,Parcel 1,Concatenate,Unique Values""",H46
Assessment,Taxes/Hectares,"""Sum,Parcel 1,Concatenate,Unique Values""",H47
Assessment,Market Value,"""Sum,Parcel 1,Concatenate,Unique Values""",H48
Assessment,Equalization Ratio,"""Sum,Parcel 1,Concatenate,Unique Values""",H49
Assessment,Implied Value,"""Sum,Parcel 1,Concatenate,Unique Values""",H50
Assessment,Toggle Display,ShowHideAutoDD,AK66
Assessment,Show,ShowHideAutoDD,AK67
Assessment,Show,ShowHideAutoDD,AK68
Assessment,Show,ShowHideAutoDD,AK69
Assessment,Reassessment Cycle,ShowHideAutoDD,AK70
Assessment,Most Recent Reassessment,ShowHideAutoDD,AK71
Assessment,Next Reassessment,ShowHideAutoDD,AK72
Assessment,Sale Trigger Reassessment?,ShowHideAutoDD,AK73
Assessment,Show,ShowHideAutoDD,AK74
Assessment,Taxes Paid to Date?,ShowHideAutoDD,AK75
Assessment,Show,ShowHideAutoDD,AK76
Assessment,Auto,ShowHideAutoDD,AK77
Assessment,Tip: Change column width and row height to fit data (unprotect sheet first),ShowHideAutoDD,AZ84
Assessment,Show,ShowHideAutoDD,BA84
Assessment,Show,ShowHideAutoDD,BB84
Assessment,Auto,ShowHideAutoDD,BC84
Assessment,Show,ShowHideAutoDD,BD84
Assessment,Auto,ShowHideAutoDD,BE84
Assessment,Hide,ShowHideAutoDD,BF84
Assessment,Hide,ShowHideAutoDD,BG84
Assessment,Show,ShowHideAutoDD,BH84
Assessment,Show,ShowHideAutoDD,BI84
Assessment,Auto,ShowHideAutoDD,BJ84
Assessment,Auto,ShowHideAutoDD,BK84
Assessment,Auto,ShowHideAutoDD,BL84
Assessment,Hide,ShowHideAutoDD,BM84
Assessment,Hide,ShowHideAutoDD,BN84
Assessment,Customize,$F$17:$F$50,AY87
Assessment,Tax ID,$F$17:$F$50,AZ87
Assessment,Land,$F$17:$F$50,BA87
Assessment,Improvements,$F$17:$F$50,BB87
Assessment,Other,$F$17:$F$50,BC87
Assessment,Total Assessment,$F$17:$F$50,BD87
Assessment,Market Value,$F$17:$F$50,BE87
Assessment,County Rate,$F$17:$F$50,BF87
Assessment,Other Rate,$F$17:$F$50,BG87
Assessment,Tax Rate,$F$17:$F$50,BH87
Assessment,Tax Rate,$F$17:$F$50,BI87
Assessment,Tax Rate,$F$17:$F$50,BJ87
Assessment,FF&E Taxes,$F$17:$F$50,BK87
Assessment,Row Display,ShowHideAutoDD,AV89
Assessment,Auto,ShowHideAutoDD,AV90
Assessment,Auto,ShowHideAutoDD,AV91
Assessment,Auto,ShowHideAutoDD,AV92
Assessment,Auto,ShowHideAutoDD,AV93
Assessment,Auto,ShowHideAutoDD,AV94
Assessment,Auto,ShowHideAutoDD,AV95
Assessment,Auto,ShowHideAutoDD,AV96
Assessment,Auto,ShowHideAutoDD,AV97
Assessment,Auto,ShowHideAutoDD,AV98
Assessment,Auto,ShowHideAutoDD,AV99
Assessment,Auto,ShowHideAutoDD,AV100
Assessment,Auto,ShowHideAutoDD,AV101
Assessment,Auto,ShowHideAutoDD,AV102
Assessment,Auto,ShowHideAutoDD,AV103
Assessment,Auto,ShowHideAutoDD,AV104
Assessment,Auto,ShowHideAutoDD,AV105
Assessment,Auto,ShowHideAutoDD,AV106
Assessment,Auto,ShowHideAutoDD,AV107
Assessment,Auto,ShowHideAutoDD,AV108
Assessment,Auto,ShowHideAutoDD,AV109
Assessment,Unknown_Field_BV113,ShowHideAutoDD,BV113
Assessment,Auto,ShowHideAutoDD,BW113
Assessment,Auto,ShowHideAutoDD,BX113
Assessment,Auto,ShowHideAutoDD,BY113
Assessment,Auto,ShowHideAutoDD,BZ113
Assessment,Auto,ShowHideAutoDD,CA113
Assessment,Auto,ShowHideAutoDD,CB113
Assessment,Auto,ShowHideAutoDD,CC113
Assessment,Auto,ShowHideAutoDD,CD113
Assessment,Auto,ShowHideAutoDD,CE113
Assessment,Unknown_Field_BS117,ShowHideAutoDD,BS117
Assessment,Auto,ShowHideAutoDD,BS118
Assessment,Auto,ShowHideAutoDD,BS119
Assessment,Auto,ShowHideAutoDD,BS120
Assessment,Auto,ShowHideAutoDD,BS121
Assessment,Auto,ShowHideAutoDD,BS122
Assessment,Auto,ShowHideAutoDD,BS123
Assessment,Auto,ShowHideAutoDD,BS124
Assessment,Auto,ShowHideAutoDD,BS125
Assessment,Auto,ShowHideAutoDD,BS126
Assessment,Auto,ShowHideAutoDD,BS127
Assessment,Tip: Change column width and row height to fit data (unprotect sheet first),"""Show,Hide""",CO133
Assessment,Hide,"""Show,Hide""",CP133
Assessment,Hide,"""Show,Hide""",CQ133
Assessment,Hide,"""Show,Hide""",CR133
Assessment,Hide,"""Show,Hide""",CS133
Assessment,Show,"""Show,Hide""",CT133
Assessment,Hide,"""Show,Hide""",CU133
Assessment,Hide,"""Show,Hide""",CV133
Assessment,Hide,"""Show,Hide""",CW133
Assessment,Hide,"""Show,Hide""",CX133
Assessment,Hide,"""Show,Hide""",CY133
Assessment,Hide,"""Show,Hide""",CZ133
Assessment,Hide,"""Show,Hide""",DA133
Assessment,Hide,"""Show,Hide""",DB133
Assessment,Customize,$F$17:$F$50,CN136
Assessment,Tax ID,$F$17:$F$50,CO136
Assessment,Per SF GBA,$F$17:$F$50,CP136
Assessment,Per Acre,$F$17:$F$50,CQ136
Assessment,Total Assessment,$F$17:$F$50,CR136
Assessment,Equalization Ratio,$F$17:$F$50,CS136
Assessment,Row Display,"""Show,Hide""",CK138
Assessment,Row Display,"""Show,Hide""",CK139
Assessment,Row Display,"""Show,Hide""",CK140
Assessment,Row Display,"""Show,Hide""",CK141
Assessment,Row Display,"""Show,Hide""",CK142
Assessment,Row Display,"""Show,Hide""",CK143
Assessment,Unknown_Field_CK144,"""Show,Hide""",CK144
Assessment,Unknown_Field_CK145,"""Show,Hide""",CK145
Assessment,Unknown_Field_CK146,"""Show,Hide""",CK146
Assessment,Unknown_Field_CK147,"""Show,Hide""",CK147
Assessment,Unknown_Field_CK148,"""Show,Hide""",CK148
Assessment,Unknown_Field_CK149,"""Show,Hide""",CK149
Assessment,Unknown_Field_CK150,"""Show,Hide""",CK150
Assessment,Unknown_Field_CK151,"""Show,Hide""",CK151
Assessment,Unknown_Field_CK152,"""Show,Hide""",CK152
Assessment,Unknown_Field_CK153,"""Show,Hide""",CK153
Assessment,Unknown_Field_CK154,"""Show,Hide""",CK154
Assessment,Unknown_Field_CK155,"""Show,Hide""",CK155
Assessment,Unknown_Field_CK156,"""Show,Hide""",CK156
Assessment,Unknown_Field_CK157,"""Show,Hide,Auto""",CK157
Assessment,Auto,"""Show,Hide""",CK158
Assessment,Unknown_Field_DI174,ShowHideAutoDD,DI174
Assessment,Auto,ShowHideAutoDD,DJ174
Assessment,Auto,ShowHideAutoDD,DK174
Assessment,Auto,ShowHideAutoDD,DL174
Assessment,Auto,ShowHideAutoDD,DM174
Assessment,Auto,ShowHideAutoDD,DN174
Assessment,Auto,ShowHideAutoDD,DO174
Assessment,Auto,ShowHideAutoDD,DP174
Assessment,Auto,ShowHideAutoDD,DQ174
Assessment,Auto,ShowHideAutoDD,DR174
Assessment,Auto,ShowHideAutoDD,DS174
Assessment,Total Assessment,$F$17:$F$50,DL177
Assessment,Assessment Ratio,$F$17:$F$50,DM177
Assessment,Tax Rate,$F$17:$F$50,DN177
Assessment,Tax Rate,$F$17:$F$50,DO177
Assessment,Special Assessments,$F$17:$F$50,DP177
Assessment,FF&E Taxes,$F$17:$F$50,DQ177
Assessment,Franchise Tax,$F$17:$F$50,DR177
Assessment,Customize,ShowHideAutoDD,EF217
Assessment,Auto,ShowHideAutoDD,EG217
Assessment,Auto,ShowHideAutoDD,EH217
Assessment,Auto,ShowHideAutoDD,EI217
Assessment,Hide,ShowHideAutoDD,EJ217
Assessment,Show,ShowHideAutoDD,EK217
Assessment,Hide,ShowHideAutoDD,EL217
Assessment,Hide,ShowHideAutoDD,EM217
Assessment,Hide,ShowHideAutoDD,EN217
Assessment,Hide,ShowHideAutoDD,EO217
Assessment,Hide,ShowHideAutoDD,EP217
Assessment,Hide,ShowHideAutoDD,EQ217
Assessment,Hide,ShowHideAutoDD,ER217
Assessment,Hide,ShowHideAutoDD,ES217
Assessment,Hide,ShowHideAutoDD,ET217
Assessment,Hide,ShowHideAutoDD,EU217
Assessment,Hide,ShowHideAutoDD,EV217
Assessment,Hide,ShowHideAutoDD,EW217
Assessment,Unknown_Field_EX217,ShowHideAutoDD,EX217
Assessment,Unknown_Field_EY217,ShowHideAutoDD,EY217
Assessment,Unknown_Field_EZ217,ShowHideAutoDD,EZ217
Assessment,Unknown_Field_FA217,ShowHideAutoDD,FA217
Assessment,Unknown_Field_FB217,ShowHideAutoDD,FB217
Assessment,Unknown_Field_FC217,ShowHideAutoDD,FC217
Assessment,Unknown_Field_FD217,ShowHideAutoDD,FD217
Assessment,Unknown_Field_FE217,ShowHideAutoDD,FE217
Assessment,Unknown_Field_FF217,ShowHideAutoDD,FF217
Assessment,Unknown_Field_FG217,ShowHideAutoDD,FG217
Assessment,Auto,ShowHideAutoDD,FH217
Assessment,Auto,ShowHideAutoDD,FI217
Assessment,Customize,CompHeadersLease,EE218
Assessment,Property Name,CompHeadersLease,EF218
Assessment,Property Type,CompHeadersLease,EG218
Assessment,Tax ID,CompHeadersLease,EH218
Assessment,Year Built,CompHeadersLease,EI218
Assessment,GBA,CompHeadersLease,EJ218
Assessment,GBA,CompHeadersLease,EK218
Assessment,Land SF,CompHeadersLease,EL218
Assessment,Acres,CompHeadersLease,EM218
Assessment,Land Units,CompHeadersLease,EN218
Assessment,Assessment Year,CompHeadersLease,EO218
Assessment,Base Taxes,CompHeadersLease,EU218
Assessment,Total Assessment,CompHeadersLease,FA218
Assessment,Unknown_Field_EB232,ShowHideAutoDD,EB232
Assessment,Show,ShowHideAutoDD,EB233
Assessment,Show,ShowHideAutoDD,EB234
Assessment,Show,ShowHideAutoDD,EB235
Assessment,Auto,ShowHideAutoDD,EB236
Assessment,Auto,ShowHideAutoDD,EB237
Assessment,Is a second Tax Comp chart needed?,"""No, Yes""",DW239
Assessment,Customize,ShowHideAutoDD,EF243
Assessment,Auto,ShowHideAutoDD,EG243
Assessment,Show,ShowHideAutoDD,EH243
Assessment,Show,ShowHideAutoDD,EI243
Assessment,Hide,ShowHideAutoDD,EJ243
Assessment,Show,ShowHideAutoDD,EK243
Assessment,Hide,ShowHideAutoDD,EL243
Assessment,Hide,ShowHideAutoDD,EM243
Assessment,Hide,ShowHideAutoDD,EN243
Assessment,Show,ShowHideAutoDD,EO243
Assessment,Show,ShowHideAutoDD,EP243
Assessment,Show,ShowHideAutoDD,EQ243
Assessment,Show,ShowHideAutoDD,ER243
Assessment,Show,ShowHideAutoDD,ES243
Assessment,Show,ShowHideAutoDD,ET243
Assessment,Unknown_Field_EU243,ShowHideAutoDD,EU243
Assessment,Unknown_Field_EV243,ShowHideAutoDD,EV243
Assessment,Unknown_Field_EW243,ShowHideAutoDD,EW243
Assessment,Unknown_Field_EX243,ShowHideAutoDD,EX243
Assessment,Unknown_Field_EY243,ShowHideAutoDD,EY243
Assessment,Unknown_Field_EZ243,ShowHideAutoDD,EZ243
Assessment,Unknown_Field_FA243,ShowHideAutoDD,FA243
Assessment,Show,ShowHideAutoDD,FB243
Assessment,Show,ShowHideAutoDD,FC243
Assessment,Show,ShowHideAutoDD,FD243
Assessment,Show,ShowHideAutoDD,FE243
Assessment,Show,ShowHideAutoDD,FF243
Assessment,Show,ShowHideAutoDD,FG243
Assessment,Unknown_Field_FH243,ShowHideAutoDD,FH243
Assessment,Unknown_Field_FI243,ShowHideAutoDD,FI243
Assessment,Customize,CompHeadersLease,EE244
Assessment,Property Name,CompHeadersLease,EF244
Assessment,Property Type,CompHeadersLease,EG244
Assessment,Tax ID,CompHeadersLease,EH244
Assessment,Year Built,CompHeadersLease,EI244
Assessment,GBA,CompHeadersLease,EJ244
Assessment,GBA,CompHeadersLease,EK244
Assessment,Land SF,CompHeadersLease,EL244
Assessment,Acres,CompHeadersLease,EM244
Assessment,Land Units,CompHeadersLease,EN244
Assessment,Assessment Year,CompHeadersLease,EO244
Assessment,Base Taxes,CompHeadersLease,EU244
Assessment,Total Assessment,CompHeadersLease,FA244
Assessment,Unknown_Field_EB258,ShowHideAutoDD,EB258
Assessment,Show,ShowHideAutoDD,EB259
Assessment,Show,ShowHideAutoDD,EB260
Assessment,Show,ShowHideAutoDD,EB261
Assessment,Unknown_Field_GR323,ShowHideAutoDD,GR323
Assessment,Auto,ShowHideAutoDD,GR327
Assessment,Unknown_Field_HG336,ShowHideAutoDD,HG336
Assessment,Auto,ShowHideAutoDD,HH336
Assessment,Auto,ShowHideAutoDD,HI336
Assessment,Auto,ShowHideAutoDD,HJ336
Assessment,Auto,ShowHideAutoDD,HK336
Assessment,Auto,ShowHideAutoDD,HL336
Assessment,Auto,ShowHideAutoDD,HM336
Assessment,Unknown_Field_HD340,ShowHideAutoDD,HD340
Assessment,Auto,ShowHideAutoDD,HD341
Assessment,Auto,ShowHideAutoDD,HD342
Assessment,Auto,ShowHideAutoDD,HD343
Assessment,Auto,ShowHideAutoDD,HD344
Assessment,Auto,ShowHideAutoDD,HD345
Assessment,Auto,ShowHideAutoDD,HD346
Assessment,Auto,ShowHideAutoDD,HD347
Assessment,Auto,ShowHideAutoDD,HD348
Assessment,Auto,ShowHideAutoDD,HD349
Assessment,Auto,ShowHideAutoDD,HD350
Assessment,Unknown_Field_HT356,ShowHideAutoDD,HT356
Assessment,S1Header,ShowHideAutoDD,HQ360
Assessment,S1P1,ShowHideAutoDD,HQ361
Assessment,S1B1,ShowHideAutoDD,HQ362
Assessment,S1B2,ShowHideAutoDD,HQ363
Assessment,S1B3,ShowHideAutoDD,HQ364
Assessment,S1P2,ShowHideAutoDD,HQ365
Assessment,S1P3,ShowHideAutoDD,HQ366
Assessment,S1P4,ShowHideAutoDD,HQ367
Assessment,S1P5,ShowHideAutoDD,HQ368
Assessment,S1P6,ShowHideAutoDD,HQ369
Assessment,S2Header,ShowHideAutoDD,HQ370
Assessment,S2P1,ShowHideAutoDD,HQ371
Assessment,S2P2,ShowHideAutoDD,HQ372
Assessment,S2B1,ShowHideAutoDD,HQ373
Assessment,S2B2,ShowHideAutoDD,HQ374
Assessment,S2B3,ShowHideAutoDD,HQ375
Assessment,S2B4,ShowHideAutoDD,HQ376
Assessment,S2P3,ShowHideAutoDD,HQ377
Assessment,S3Header,ShowHideAutoDD,HQ378
Assessment,S3P1,ShowHideAutoDD,HQ379
Assessment,S3P2,ShowHideAutoDD,HQ380
Assessment,Auto,ShowHideAutoDD,HQ381
Land Grid,Subject Parcel(s),ParcelCountList,C12
Land Grid,Subject Parcel(s),ParcelCountList,B13
Land Grid,Subject Building(s),BuildingCountList,C13
Land Grid,Land Analysis Grid,CompHeadersLand,F23
Land Grid,Address,CompHeadersLand,F24
Land Grid,City,CompHeadersLand,F25
Land Grid,Hide Price Adj.,"""Price,Actual Price""",F27
Land Grid,Adjusted Price,List2,F31
Land Grid,Adjustments to,List1,C32
Land Grid,Property Rights,List5,G35
Land Grid,Financing,List4,G36
Land Grid,Conditions of Sale,List6,G37
Land Grid,Adjustment Format,"""All,Quantitative,Qualitative,% Adjustment,$ Adjustment""",C46
Land Grid,Characteristics Adjustments,CompHeadersLand,F47
Land Grid,Qualitative,"""Superior,Similar,Inferior""",I49
Land Grid,Qualitative,"""Superior,Similar,Inferior""",K49
Land Grid,Unknown_Field_M49,"""Superior,Similar,Inferior""",M49
Land Grid,Unknown_Field_O49,"""Superior,Similar,Inferior""",O49
Land Grid,Unknown_Field_Q49,"""Superior,Similar,Inferior""",Q49
Land Grid,Unknown_Field_S49,"""Superior,Similar,Inferior""",S49
Land Grid,Unknown_Field_U49,"""Superior,Similar,Inferior""",U49
Land Grid,Unknown_Field_W49,"""Superior,Similar,Inferior""",W49
Land Grid,Unknown_Field_Y49,"""Superior,Similar,Inferior""",Y49
Land Grid,Unknown_Field_AA49,"""Superior,Similar,Inferior""",AA49
Land Grid,$ Adjustment,CompHeadersLand,F51
Land Grid,Qualitative,"""Superior,Similar,Inferior""",I53
Land Grid,Qualitative,"""Superior,Similar,Inferior""",K53
Land Grid,Unknown_Field_M53,"""Superior,Similar,Inferior""",M53
Land Grid,Unknown_Field_O53,"""Superior,Similar,Inferior""",O53
Land Grid,Unknown_Field_Q53,"""Superior,Similar,Inferior""",Q53
Land Grid,Unknown_Field_S53,"""Superior,Similar,Inferior""",S53
Land Grid,Unknown_Field_U53,"""Superior,Similar,Inferior""",U53
Land Grid,Unknown_Field_W53,"""Superior,Similar,Inferior""",W53
Land Grid,Unknown_Field_Y53,"""Superior,Similar,Inferior""",Y53
Land Grid,Unknown_Field_AA53,"""Superior,Similar,Inferior""",AA53
Land Grid,$ Adjustment,CompHeadersLand,F55
Land Grid,Qualitative,"""Superior,Similar,Inferior""",I57
Land Grid,Qualitative,"""Superior,Similar,Inferior""",K57
Land Grid,Unknown_Field_M57,"""Superior,Similar,Inferior""",M57
Land Grid,Unknown_Field_O57,"""Superior,Similar,Inferior""",O57
Land Grid,Unknown_Field_Q57,"""Superior,Similar,Inferior""",Q57
Land Grid,Unknown_Field_S57,"""Superior,Similar,Inferior""",S57
Land Grid,Unknown_Field_U57,"""Superior,Similar,Inferior""",U57
Land Grid,Unknown_Field_W57,"""Superior,Similar,Inferior""",W57
Land Grid,Unknown_Field_Y57,"""Superior,Similar,Inferior""",Y57
Land Grid,Unknown_Field_AA57,"""Superior,Similar,Inferior""",AA57
Land Grid,$ Adjustment,CompHeadersLand,F59
Land Grid,Qualitative,"""Superior,Similar,Inferior""",I61
Land Grid,Qualitative,"""Superior,Similar,Inferior""",K61
Land Grid,Unknown_Field_M61,"""Superior,Similar,Inferior""",M61
Land Grid,Unknown_Field_O61,"""Superior,Similar,Inferior""",O61
Land Grid,Unknown_Field_Q61,"""Superior,Similar,Inferior""",Q61
Land Grid,Unknown_Field_S61,"""Superior,Similar,Inferior""",S61
Land Grid,Unknown_Field_U61,"""Superior,Similar,Inferior""",U61
Land Grid,Unknown_Field_W61,"""Superior,Similar,Inferior""",W61
Land Grid,Unknown_Field_Y61,"""Superior,Similar,Inferior""",Y61
Land Grid,Unknown_Field_AA61,"""Superior,Similar,Inferior""",AA61
Land Grid,$ Adjustment,CompHeadersLand,F63
Land Grid,Qualitative,"""Superior,Similar,Inferior""",I65
Land Grid,Qualitative,"""Superior,Similar,Inferior""",K65
Land Grid,Unknown_Field_M65,"""Superior,Similar,Inferior""",M65
Land Grid,Unknown_Field_O65,"""Superior,Similar,Inferior""",O65
Land Grid,Unknown_Field_Q65,"""Superior,Similar,Inferior""",Q65
Land Grid,Unknown_Field_S65,"""Superior,Similar,Inferior""",S65
Land Grid,Unknown_Field_U65,"""Superior,Similar,Inferior""",U65
Land Grid,Unknown_Field_W65,"""Superior,Similar,Inferior""",W65
Land Grid,Unknown_Field_Y65,"""Superior,Similar,Inferior""",Y65
Land Grid,Unknown_Field_AA65,"""Superior,Similar,Inferior""",AA65
Land Grid,$ Adjustment,CompHeadersLand,F67
Land Grid,Qualitative,"""Superior,Similar,Inferior""",I69
Land Grid,Qualitative,"""Superior,Similar,Inferior""",K69
Land Grid,Unknown_Field_M69,"""Superior,Similar,Inferior""",M69
Land Grid,Unknown_Field_O69,"""Superior,Similar,Inferior""",O69
Land Grid,Unknown_Field_Q69,"""Superior,Similar,Inferior""",Q69
Land Grid,Unknown_Field_S69,"""Superior,Similar,Inferior""",S69
Land Grid,Unknown_Field_U69,"""Superior,Similar,Inferior""",U69
Land Grid,Unknown_Field_W69,"""Superior,Similar,Inferior""",W69
Land Grid,Unknown_Field_Y69,"""Superior,Similar,Inferior""",Y69
Land Grid,Unknown_Field_AA69,"""Superior,Similar,Inferior""",AA69
Land Grid,Qualitative,"""Superior,Similar,Inferior""",I73
Land Grid,Qualitative,"""Superior,Similar,Inferior""",K73
Land Grid,Unknown_Field_M73,"""Superior,Similar,Inferior""",M73
Land Grid,Unknown_Field_O73,"""Superior,Similar,Inferior""",O73
Land Grid,Unknown_Field_Q73,"""Superior,Similar,Inferior""",Q73
Land Grid,Unknown_Field_S73,"""Superior,Similar,Inferior""",S73
Land Grid,Unknown_Field_U73,"""Superior,Similar,Inferior""",U73
Land Grid,Unknown_Field_W73,"""Superior,Similar,Inferior""",W73
Land Grid,Unknown_Field_Y73,"""Superior,Similar,Inferior""",Y73
Land Grid,Unknown_Field_AA73,"""Superior,Similar,Inferior""",AA73
Land Grid,Qualitative,"""Superior,Similar,Inferior""",I77
Land Grid,Qualitative,"""Superior,Similar,Inferior""",K77
Land Grid,Unknown_Field_M77,"""Superior,Similar,Inferior""",M77
Land Grid,Unknown_Field_O77,"""Superior,Similar,Inferior""",O77
Land Grid,Unknown_Field_Q77,"""Superior,Similar,Inferior""",Q77
Land Grid,Unknown_Field_S77,"""Superior,Similar,Inferior""",S77
Land Grid,Unknown_Field_U77,"""Superior,Similar,Inferior""",U77
Land Grid,Unknown_Field_W77,"""Superior,Similar,Inferior""",W77
Land Grid,Unknown_Field_Y77,"""Superior,Similar,Inferior""",Y77
Land Grid,Unknown_Field_AA77,"""Superior,Similar,Inferior""",AA77
Land Grid,Qualitative,"""Superior,Similar,Inferior""",I81
Land Grid,Qualitative,"""Superior,Similar,Inferior""",K81
Land Grid,Unknown_Field_M81,"""Superior,Similar,Inferior""",M81
Land Grid,Unknown_Field_O81,"""Superior,Similar,Inferior""",O81
Land Grid,Unknown_Field_Q81,"""Superior,Similar,Inferior""",Q81
Land Grid,Unknown_Field_S81,"""Superior,Similar,Inferior""",S81
Land Grid,Unknown_Field_U81,"""Superior,Similar,Inferior""",U81
Land Grid,Unknown_Field_W81,"""Superior,Similar,Inferior""",W81
Land Grid,Unknown_Field_Y81,"""Superior,Similar,Inferior""",Y81
Land Grid,Unknown_Field_AA81,"""Superior,Similar,Inferior""",AA81
Land Grid,Qualitative,"""Superior,Similar,Inferior""",I85
Land Grid,Qualitative,"""Superior,Similar,Inferior""",K85
Land Grid,Unknown_Field_M85,"""Superior,Similar,Inferior""",M85
Land Grid,Unknown_Field_O85,"""Superior,Similar,Inferior""",O85
Land Grid,Unknown_Field_Q85,"""Superior,Similar,Inferior""",Q85
Land Grid,Unknown_Field_S85,"""Superior,Similar,Inferior""",S85
Land Grid,Unknown_Field_U85,"""Superior,Similar,Inferior""",U85
Land Grid,Unknown_Field_W85,"""Superior,Similar,Inferior""",W85
Land Grid,Unknown_Field_Y85,"""Superior,Similar,Inferior""",Y85
Land Grid,Unknown_Field_AA85,"""Superior,Similar,Inferior""",AA85
Land Grid,Qualitative,"""Superior,Similar,Inferior""",I89
Land Grid,Qualitative,"""Superior,Similar,Inferior""",K89
Land Grid,Unknown_Field_M89,"""Superior,Similar,Inferior""",M89
Land Grid,Unknown_Field_O89,"""Superior,Similar,Inferior""",O89
Land Grid,Unknown_Field_Q89,"""Superior,Similar,Inferior""",Q89
Land Grid,Unknown_Field_S89,"""Superior,Similar,Inferior""",S89
Land Grid,Unknown_Field_U89,"""Superior,Similar,Inferior""",U89
Land Grid,Unknown_Field_W89,"""Superior,Similar,Inferior""",W89
Land Grid,Unknown_Field_Y89,"""Superior,Similar,Inferior""",Y89
Land Grid,Unknown_Field_AA89,"""Superior,Similar,Inferior""",AA89
Land Grid,Qualitative,"""Superior,Similar,Inferior""",I93
Land Grid,Qualitative,"""Superior,Similar,Inferior""",K93
Land Grid,Unknown_Field_M93,"""Superior,Similar,Inferior""",M93
Land Grid,Unknown_Field_O93,"""Superior,Similar,Inferior""",O93
Land Grid,Unknown_Field_Q93,"""Superior,Similar,Inferior""",Q93
Land Grid,Unknown_Field_S93,"""Superior,Similar,Inferior""",S93
Land Grid,Unknown_Field_U93,"""Superior,Similar,Inferior""",U93
Land Grid,Unknown_Field_W93,"""Superior,Similar,Inferior""",W93
Land Grid,Unknown_Field_Y93,"""Superior,Similar,Inferior""",Y93
Land Grid,Unknown_Field_AA93,"""Superior,Similar,Inferior""",AA93
Land Grid,Choose Premise,ScenariosPremises,G102
Land Grid,Unknown_Field_C114,"""Show,Hide""",C114
Land Grid,Unknown_Field_C115,"""Show,Hide""",C115
Land Grid,Unknown_Field_C116,"""Show,Hide""",C116
Land Grid,Unknown_Field_C118,"""Show,Hide""",C118
Land Grid,Unknown_Field_C119,"""Show,Hide""",C119
Land Grid,Unknown_Field_C120,"""Show,Hide""",C120
Land Grid,Unknown_Field_C121,"""Show,Hide""",C121
Land Grid,Unknown_Field_C122,"""Show,Hide""",C122
Land Grid,Unknown_Field_C123,"""Show,Hide""",C123
Land Grid,Unknown_Field_C124,"""Show,Hide""",C124
Land Grid,Unknown_Field_O127,"""-5,-4,-3,-2,-1,0""",O127
Land Grid,Land Grid Comparable Ranking Table,"""Unadjusted,Adjusted""",AR158
Land Grid,Tip: Change column width and row height to fit data (unprotect sheet first),"""Show,Hide""",BX464
Land Grid,Show,"""Show,Hide""",BY464
Land Grid,Show,"""Show,Hide""",BZ464
Land Grid,Hide,"""Show,Hide""",CA464
Land Grid,Show,"""Show,Hide""",CB464
Land Grid,Show,"""Show,Hide""",CC464
Land Grid,Hide,"""Show,Hide""",CD464
Land Grid,Hide,"""Show,Hide""",CE464
Land Grid,Hide,"""Show,Hide""",CF464
Land Grid,Hide,"""Show,Hide""",CG464
Land Grid,Hide,"""Show,Hide""",CH464
Land Grid,Hide,"""Show,Hide""",CI464
Land Grid,Hide,"""Show,Hide""",CJ464
Land Grid,Hide,"""Show,Hide""",CK464
Land Grid,Customize,"""1 Row, 2 Rows""",BU467
Land Grid,Comp,CompHeadersLand,BX467
Land Grid,Address,CompHeadersLand,BY467
Land Grid,Date,CompHeadersLand,BZ467
Land Grid,Land Units,CompHeadersLand,CA467
Land Grid,Acres,CompHeadersLand,CB467
Land Grid,Hide,CompHeadersLand,CK467
Land Grid,Address,CompHeadersLand,BX468
Land Grid,City,CompHeadersLand,BY468
Land Grid,Price,CompHeadersLand,BZ468
Land Grid,Price Per Land Unit,CompHeadersLand,CA468
Land Grid,Price Per Acre,CompHeadersLand,CB468
Land Grid,2 Rows,"""Show,Hide""",BU469
Land Grid,1st Row,"""Show,Hide""",BU491
Land Grid,Hide,"""Show,Hide""",BU492
Land Grid,1st Row,"""Show,Hide""",BU493
Land Grid,Hide,"""Show,Hide""",BU494
Land Grid,1st Row,"""Show,Hide""",BU495
Land Grid,Hide,"""Show,Hide""",BU496
Land Grid,1st Row,"""Show,Hide""",BU497
Land Grid,Hide,"""Show,Hide""",BU498
Land Grid,Step 3. Choose a default display for empty Database fields,"""NA,' ,'--,""",CS510
Land Grid,Land Comparable 1,CompHeadersLand,CQ522
Land Grid,ID,CompHeadersLand,CQ523
Land Grid,Address,CompHeadersLand,CQ524
Land Grid,City,CompHeadersLand,CQ525
Land Grid,State,CompHeadersLand,CQ526
Land Grid,Zip,CompHeadersLand,CQ527
Land Grid,County,CompHeadersLand,CQ528
Land Grid,Latitude,CompHeadersLand,CQ529
Land Grid,Longitude,CompHeadersLand,CQ530
Land Grid,Tax ID,CompHeadersLand,CQ531
Land Grid,Property Major Type,CompHeadersLand,CQ532
Land Grid,Transaction,CompHeadersLand,CQ540
Land Grid,Address,CompHeadersLand,CS540
Land Grid,Address,CompHeadersLand,CQ541
Land Grid,City,CompHeadersLand,CS541
Land Grid,City,CompHeadersLand,CQ542
Land Grid,State,CompHeadersLand,CS542
Land Grid,State,CompHeadersLand,CQ543
Land Grid,Zip,CompHeadersLand,CS543
Land Grid,Zip,CompHeadersLand,CQ544
Land Grid,Tax ID,CompHeadersLand,CS544
Land Grid,Tax ID,CompHeadersLand,CQ545
Land Grid,Grantor,CompHeadersLand,CS545
Land Grid,Grantor,CompHeadersLand,CQ546
Land Grid,Grantee,CompHeadersLand,CS546
Land Grid,Grantee,CompHeadersLand,CQ547
Land Grid,Legal Description,CompHeadersLand,CS547
Land Grid,Legal Description,"""Site,Land""",CQ549
Land Grid,Site,CompHeadersLand,CQ550
Land Grid,Acres,CompHeadersLand,CS550
Land Grid,Acres,CompHeadersLand,CQ551
Land Grid,Land SF,CompHeadersLand,CS551
Land Grid,Land SF,CompHeadersLand,CQ552
Land Grid,Road Frontage,CompHeadersLand,CS552
Land Grid,Road Frontage,CompHeadersLand,CQ553
Land Grid,Shape,CompHeadersLand,CS553
Land Grid,Shape,CompHeadersLand,CQ554
Land Grid,Utilities,CompHeadersLand,CS554
Land Grid,Improvements,CompHeadersLand,CQ557
Land Grid,GBA,CompHeadersLand,CS557
Land Grid,GBA,CompHeadersLand,CQ558
Land Grid,GLA,CompHeadersLand,CS558
Land Grid,GLA,CompHeadersLand,CQ559
Land Grid,No. of Stories,CompHeadersLand,CS559
Land Grid,No. of Stories,CompHeadersLand,CQ560
Land Grid,Year Built,"""Comments,Sale Comments""",CQ563
Land Grid,Unknown_Field_CQ619,"""Comments,Sale Comments""",CQ619
Land Grid,Unknown_Field_CQ675,"""Comments,Sale Comments""",CQ675
Land Grid,Unknown_Field_CQ731,"""Comments,Sale Comments""",CQ731
Land Grid,Unknown_Field_CQ787,"""Comments,Sale Comments""",CQ787
Land Grid,Unknown_Field_CQ843,"""Comments,Sale Comments""",CQ843
Land Grid,Unknown_Field_CQ899,"""Comments,Sale Comments""",CQ899
Land Grid,Unknown_Field_CQ955,"""Comments,Sale Comments""",CQ955
Land Grid,Unknown_Field_CQ1011,"""Comments,Sale Comments""",CQ1011
Land Grid,Unknown_Field_CQ1067,"""Comments,Sale Comments""",CQ1067
Land Valuation,Unknown_Field_G7,ShowHideAutoDD,G7
Land Valuation,Auto,ShowHideAutoDD,G8
Land Valuation,Auto,ShowHideAutoDD,G9
Land Valuation,Auto,ShowHideAutoDD,G10
Land Valuation,Auto,ShowHideAutoDD,G11
Land Valuation,Auto,ShowHideAutoDD,G12
Land Valuation,Auto,ShowHideAutoDD,G13
Land Valuation,Auto,ShowHideAutoDD,G14
Land Valuation,Auto,ShowHideAutoDD,G15
Land Valuation,Auto,ShowHideAutoDD,G16
Land Valuation,Auto,ShowHideAutoDD,G17
Land Valuation,Auto,ShowHideAutoDD,G18
Land Valuation,Auto,ShowHideAutoDD,G19
Land Valuation,Auto,ShowHideAutoDD,G20
Land Valuation,Auto,ShowHideAutoDD,G21
Land Valuation,VeryHidden,CompHeadersLand,AD29
Land Valuation,Address,CompHeadersLand,AG29
Land Valuation,Zoning,CompHeadersLand,AH29
Land Valuation,Zoning,CompHeadersLand,AI29
Land Valuation,Topography,CompHeadersLand,AJ29
Land Valuation,VeryHidden,CompHeadersLand,AE30
Land Valuation,Date,CompHeadersLand,AH30
Land Valuation,Date,CompHeadersLand,AI30
Land Valuation,Date,ShowHideAutoDD,AE34
Land Valuation,Show,ShowHideAutoDD,AI34
Land Valuation,Map Type,MapType,AR37
Land Valuation,Unknown_Field_Z78,ShowHideDD,Z78
Land Valuation,Label,MapMarkerLabel,AE85
Land Valuation,Size,MapMarkerSize,AG85
Land Valuation,normal,MapMarkerColor,AH85
Land Valuation,red,"""Yes,No""",AI85
Land Valuation,Label,MapMarkerLabel,AE86
Land Valuation,normal,MapMarkerSize,AG86
Land Valuation,normal,MapMarkerColor,AH86
Land Valuation,red,"""Yes,No""",AI86
Land Valuation,Label,MapMarkerLabel,AE87
Land Valuation,normal,MapMarkerSize,AG87
Land Valuation,normal,MapMarkerColor,AH87
Land Valuation,red,"""Yes,No""",AI87
Land Valuation,Label,MapMarkerLabel,AE88
Land Valuation,normal,MapMarkerSize,AG88
Land Valuation,normal,MapMarkerColor,AH88
Land Valuation,red,"""Yes,No""",AI88
Land Valuation,Label,MapMarkerLabel,AE89
Land Valuation,normal,MapMarkerSize,AG89
Land Valuation,normal,MapMarkerColor,AH89
Land Valuation,red,"""Yes,No""",AI89
Land Valuation,Label,MapMarkerLabel,AE90
Land Valuation,normal,MapMarkerSize,AG90
Land Valuation,normal,MapMarkerColor,AH90
Land Valuation,red,"""Yes,No""",AI90
Land Valuation,Unknown_Field_AE91,MapMarkerLabel,AE91
Land Valuation,normal,MapMarkerSize,AG91
Land Valuation,normal,MapMarkerColor,AH91
Land Valuation,blue,"""Yes,No""",AI91
Land Valuation,Unknown_Field_BG97,ShowHideAutoDD,BG97
Land Valuation,Unknown_Field_BB101,ShowHideAutoDD,BB101
Land Valuation,Auto,ShowHideAutoDD,BB102
Land Valuation,Auto,ShowHideAutoDD,BB103
Land Valuation,Auto,ShowHideAutoDD,BB104
Land Valuation,Auto,ShowHideAutoDD,BB105
Land Valuation,Auto,ShowHideAutoDD,BB106
Land Valuation,Auto,ShowHideAutoDD,BB107
Land Valuation,Auto,ShowHideAutoDD,BB108
Land Valuation,Auto,ShowHideAutoDD,BB109
Land Valuation,Auto,ShowHideAutoDD,BB110
Land Valuation,Auto,ShowHideAutoDD,BB111
Land Valuation,Auto,ShowHideAutoDD,BB112
Land Valuation,Auto,ShowHideAutoDD,BB113
Land Valuation,Auto,ShowHideAutoDD,BB114
Land Valuation,Auto,ShowHideAutoDD,BB115
Land Valuation,Auto,ShowHideAutoDD,BB116
Land Valuation,Auto,ShowHideAutoDD,BB117
Land Valuation,Auto,ShowHideAutoDD,BB118
Land Valuation,Auto,ShowHideAutoDD,BB119
Land Valuation,Auto,ShowHideAutoDD,BB120
Land Valuation,Unknown_Field_CD131,pvaPropertyTypeKeyDD,CD131
Land Valuation,Land|All,pvaUOC_DD,CD132
Land Valuation,Holding Tank Field,CompHeadersLand,BQ135
Land Valuation,Name,CompHeadersLand,BQ136
Land Valuation,All Property Types,ShowHideAutoDD,CA136
Land Valuation,All Property Types,ShowHideAutoDD,CA137
Land Valuation,Address,CompHeadersLand,BQ138
Land Valuation,All Property Types,ShowHideAutoDD,CA138
Land Valuation,County,CompHeadersLand,BQ139
Land Valuation,All Property Types,ShowHideAutoDD,CA139
Land Valuation,Date,CompHeadersLand,BQ141
Land Valuation,All Property Types,ShowHideAutoDD,CA141
Land Valuation,Price Adjustment,CompHeadersLand,BQ142
Land Valuation,Price,CompHeadersLand,BQ143
Land Valuation,All Property Types,ShowHideAutoDD,CA143
Land Valuation,Price,CompHeadersLand,BQ144
Land Valuation,Retail,ShowHideAutoDD,CA144
Land Valuation,Parking Spaces,CompHeadersLand,BQ145
Land Valuation,Retail,ShowHideAutoDD,CA145
Land Valuation,GBA,CompHeadersLand,BQ146
Land Valuation,MHC,ShowHideAutoDD,CA146
Land Valuation,MHC,ShowHideAutoDD,CA147
Land Valuation,Occupancy,CompHeadersLand,BQ148
Land Valuation,MHC,ShowHideAutoDD,CA148
Land Valuation,Acres,CompHeadersLand,BQ149
Land Valuation,MF,ShowHideAutoDD,CA149
Land Valuation,No. of Units,CompHeadersLand,BQ150
Land Valuation,MF,ShowHideAutoDD,CA150
Land Valuation,Occupancy,CompHeadersLand,BQ151
Land Valuation,Auto,ShowHideAutoDD,CA151
Land Valuation,Acres,CompHeadersLand,BQ152
Land Valuation,Auto,ShowHideAutoDD,CA152
Land Valuation,Land SF,CompHeadersLand,BQ153
Land Valuation,Auto,ShowHideAutoDD,CA153
Land Valuation,Buildable SF,CompHeadersLand,BQ154
Land Valuation,Auto,ShowHideAutoDD,CA154
Land Valuation,Land Units,CompHeadersLand,BQ155
Land Valuation,Auto,ShowHideAutoDD,CA155
Land Valuation,Topography,CompHeadersLand,BQ156
Land Valuation,Auto,ShowHideAutoDD,CA156
Land Valuation,Shape,CompHeadersLand,BQ157
Land Valuation,Auto,ShowHideAutoDD,CA157
Land Valuation,Flood Zone,CompHeadersLand,BQ158
Land Valuation,Auto,ShowHideAutoDD,CA158
Land Valuation,Hide,ShowHideAutoDD,CA159
Land Valuation,Auto,ShowHideAutoDD,CA160
Land Valuation,Auto,ShowHideAutoDD,CA161
Land Valuation,Transactional Adj,CompHeadersLand,BQ164
Land Valuation,Transactional Adj,CompHeadersLand,BQ166
Land Valuation,Unknown_Field_CE166,IntAppraisedRange,CE166
Land Valuation,Transactional Adj,CompHeadersLand,BQ168
Land Valuation,Transactional Adj,CompHeadersLand,BQ170
Land Valuation,Unknown_Field_CA174,ShowHideAutoDD,CA174
Land Valuation,Physical Adj,CompHeadersLand,BQ175
Land Valuation,Auto,ShowHideAutoDD,CA176
Land Valuation,Physical Adj,CompHeadersLand,BQ177
Land Valuation,Auto,ShowHideAutoDD,CA178
Land Valuation,Physical Adj,CompHeadersLand,BQ179
Land Valuation,Auto,ShowHideAutoDD,CA180
Land Valuation,Physical Adj,CompHeadersLand,BQ181
Land Valuation,Auto,ShowHideAutoDD,CA182
Land Valuation,Physical Adj,CompHeadersLand,BQ183
Land Valuation,Auto,ShowHideAutoDD,CA184
Land Valuation,Physical Adj,CompHeadersLand,BQ185
Land Valuation,Auto,ShowHideAutoDD,CA186
Land Valuation,Physical Adj,CompHeadersLand,BQ187
Land Valuation,Auto,ShowHideAutoDD,CA188
Land Valuation,Physical Adj,CompHeadersLand,BQ189
Land Valuation,Hide,ShowHideAutoDD,CA190
Land Valuation,Physical Adj,CompHeadersLand,BQ191
Land Valuation,Hide,ShowHideAutoDD,CA192
Land Valuation,Physical Adj,CompHeadersLand,BQ193
Land Valuation,Hide,ShowHideAutoDD,CA194
Land Valuation,Physical Adj,CompHeadersLand,BQ195
Land Valuation,Hide,ShowHideAutoDD,CA196
Land Valuation,Physical Adj,CompHeadersLand,BQ197
Land Valuation,Round to Nearest,pvaCompEmphasisDD2,CD221
Land Valuation,Unknown_Field_FJ281,ShowHideAutoDD,FJ281
Land Valuation,Auto,ShowHideAutoDD,FK281
Land Valuation,Unknown_Field_FG285,ShowHideAutoDD,FG285
Land Valuation,Auto,ShowHideAutoDD,FG286
Land Valuation,Auto,ShowHideAutoDD,FG287
Land Valuation,Auto,ShowHideAutoDD,FG288
Land Valuation,Auto,ShowHideAutoDD,FG289
Land Valuation,Auto,ShowHideAutoDD,FG290
Land Valuation,Auto,ShowHideAutoDD,FG291
Land Valuation,Auto,ShowHideAutoDD,FG292
Land Valuation,Auto,ShowHideAutoDD,FG293
Land Valuation,Unknown_Field_FT301,ShowHideAutoDD,FT301
Land Valuation,Auto,ShowHideAutoDD,FU301
Land Valuation,Unknown_Field_FQ305,ShowHideAutoDD,FQ305
Land Valuation,Auto,ShowHideAutoDD,FQ306
Land Valuation,Auto,ShowHideAutoDD,FQ307
Land Valuation,Auto,ShowHideAutoDD,FQ308
Land Valuation,Auto,ShowHideAutoDD,FQ309
Land Valuation,Auto,ShowHideAutoDD,FQ310
Land Comp Profiles,add dynamic show/hide spacer rows to maintain pic height constant,ShowHideAutoDD,I198
Land Comp Profiles,Auto,ShowHideDD,I199
Land Comp Profiles,Hide,ShowHideAutoDD,I200
Land Comp Profiles,Auto,ShowHideAutoDD,I201
Land Comp Profiles,Auto,ShowHideAutoDD,I202
Land Comp Profiles,Auto,ShowHideAutoDD,I203
Land Comp Profiles,Auto,ShowHideAutoDD,I204
Land Comp Profiles,Auto,ShowHideAutoDD,I205
Land Comp Profiles,Auto,ShowHideAutoDD,I206
Land Comp Profiles,Auto,ShowHideAutoDD,I207
Land Comp Profiles,Auto,ShowHideAutoDD,I208
Land Comp Profiles,Auto,ShowHideAutoDD,I209
Land Comp Profiles,Auto,ShowHideAutoDD,I210
Land Comp Profiles,Auto,ShowHideAutoDD,I211
Land Comp Profiles,Auto,ShowHideAutoDD,I212
Land Comp Profiles,Auto,ShowHideAutoDD,I213
Land Comp Profiles,Auto,ShowHideAutoDD,I214
Land Comp Profiles,Auto,ShowHideAutoDD,I220
Land Comp Profiles,Auto,ShowHideAutoDD,I221
Land Comp Profiles,Auto,ShowHideAutoDD,I222
Land Comp Profiles,Auto,ShowHideAutoDD,I223
Land Comp Profiles,Auto,ShowHideAutoDD,I224
Land Comp Profiles,Auto,ShowHideAutoDD,I225
Land Comp Profiles,Auto,ShowHideAutoDD,I226
Land Comp Profiles,Auto,ShowHideAutoDD,I227
Land Comp Profiles,Auto,ShowHideAutoDD,I228
Land Comp Profiles,Auto,ShowHideAutoDD,I229
Land Comp Profiles,Auto,ShowHideAutoDD,I230
Land Comp Profiles,Auto,ShowHideAutoDD,I231
Land Comp Profiles,VeryHidden,ShowHideAutoDD,I234
Land Comp Profiles,VeryHidden,ShowHideAutoDD,I237
Land Comp Profiles,VeryHidden,ShowHideAutoDD,I240
Land Comp Profiles,Hide,ShowHideAutoDD,I243
Land Comp Profiles,Hide,ShowHideAutoDD,I244
Land Comp Profiles,Hide,ShowHideAutoDD,I245
Land Comp Profiles,Hide,ShowHideAutoDD,I246
Land Comp Profiles,Hide,ShowHideAutoDD,I247
Land Comp Profiles,Hide,ShowHideAutoDD,I248
Land Comp Profiles,Hide,ShowHideAutoDD,I249
Land Comp Profiles,Hide,ShowHideAutoDD,I250
Land Comp Profiles,VeryHidden,ShowHideAutoDD,I259
Land Comp Profiles,VeryHidden,ShowHideAutoDD,I263
Land Comp Profiles,VeryHidden,ShowHideAutoDD,I264
Land Comp Profiles,VeryHidden,ShowHideAutoDD,I265
Land Comp Profiles,VeryHidden,ShowHideAutoDD,I266
Land Comp Profiles,VeryHidden,ShowHideAutoDD,I267
Land Comp Profiles,VeryHidden,ShowHideAutoDD,I268
Land Comp Profiles,VeryHidden,ShowHideAutoDD,I269
Land Comp Profiles,VeryHidden,ShowHideAutoDD,I270
Land Comp Profiles,VeryHidden,ShowHideAutoDD,I271
Land Comp Profiles,VeryHidden,ShowHideAutoDD,I272
Land Comp Profiles,VeryHidden,ShowHideAutoDD,I273
Land Comp Profiles,VeryHidden,ShowHideAutoDD,I274
Land Comp Profiles,VeryHidden,ShowHideAutoDD,I275
Land Comp Profiles,VeryHidden,ShowHideAutoDD,I276
Land Comp Profiles,VeryHidden,ShowHideAutoDD,I277
Land Comp Profiles,VeryHidden,ShowHideAutoDD,I278
Land Comp Profiles,VeryHidden,ShowHideAutoDD,I279
Land Comp Profiles,VeryHidden,ShowHideAutoDD,I280
Land Comp Profiles,VeryHidden,ShowHideAutoDD,I281
Land Comp Profiles,VeryHidden,ShowHideAutoDD,I282
Land Comp Profiles,VeryHidden,ShowHideAutoDD,I283
Land Comp Profiles,Hide,ShowHideAutoDD,I286
Land Comp Profiles,add dynamic show/hide spacer rows to maintain pic height constant,ShowHideAutoDD,I297
Land Comp Profiles,Auto,ShowHideDD,I298
Land Comp Profiles,Hide,ShowHideAutoDD,I299
Land Comp Profiles,Auto,ShowHideAutoDD,I300
Land Comp Profiles,Auto,ShowHideAutoDD,I301
Land Comp Profiles,Auto,ShowHideAutoDD,I302
Land Comp Profiles,Auto,ShowHideAutoDD,I303
Land Comp Profiles,Auto,ShowHideAutoDD,I304
Land Comp Profiles,Auto,ShowHideAutoDD,I305
Land Comp Profiles,Auto,ShowHideAutoDD,I306
Land Comp Profiles,Auto,ShowHideAutoDD,I307
Land Comp Profiles,Auto,ShowHideAutoDD,I308
Land Comp Profiles,Auto,ShowHideAutoDD,I309
Land Comp Profiles,Auto,ShowHideAutoDD,I310
Land Comp Profiles,Auto,ShowHideAutoDD,I311
Land Comp Profiles,Auto,ShowHideAutoDD,I312
Land Comp Profiles,Auto,ShowHideAutoDD,I313
Land Comp Profiles,Auto,ShowHideAutoDD,I319
Land Comp Profiles,Auto,ShowHideAutoDD,I320
Land Comp Profiles,Auto,ShowHideAutoDD,I321
Land Comp Profiles,Auto,ShowHideAutoDD,I322
Land Comp Profiles,Auto,ShowHideAutoDD,I323
Land Comp Profiles,Auto,ShowHideAutoDD,I324
Land Comp Profiles,Auto,ShowHideAutoDD,I325
Land Comp Profiles,Auto,ShowHideAutoDD,I326
Land Comp Profiles,Auto,ShowHideAutoDD,I327
Land Comp Profiles,Auto,ShowHideAutoDD,I328
Land Comp Profiles,Auto,ShowHideAutoDD,I329
Land Comp Profiles,Auto,ShowHideAutoDD,I330
Land Comp Profiles,VeryHidden,ShowHideAutoDD,I333
Land Comp Profiles,VeryHidden,ShowHideAutoDD,I336
Land Comp Profiles,VeryHidden,ShowHideAutoDD,I339
Land Comp Profiles,Hide,ShowHideAutoDD,I342
Land Comp Profiles,Hide,ShowHideAutoDD,I343
Land Comp Profiles,Hide,ShowHideAutoDD,I344
Land Comp Profiles,Hide,ShowHideAutoDD,I345
Land Comp Profiles,Hide,ShowHideAutoDD,I346
Land Comp Profiles,Hide,ShowHideAutoDD,I347
Land Comp Profiles,Hide,ShowHideAutoDD,I348
Land Comp Profiles,Hide,ShowHideAutoDD,I349
Land Comp Profiles,VeryHidden,ShowHideAutoDD,I358
Land Comp Profiles,VeryHidden,ShowHideAutoDD,I362
Land Comp Profiles,VeryHidden,ShowHideAutoDD,I363
Land Comp Profiles,VeryHidden,ShowHideAutoDD,I364
Land Comp Profiles,VeryHidden,ShowHideAutoDD,I365
Land Comp Profiles,VeryHidden,ShowHideAutoDD,I366
Land Comp Profiles,VeryHidden,ShowHideAutoDD,I367
Land Comp Profiles,VeryHidden,ShowHideAutoDD,I368
Land Comp Profiles,VeryHidden,ShowHideAutoDD,I369
Land Comp Profiles,VeryHidden,ShowHideAutoDD,I370
Land Comp Profiles,VeryHidden,ShowHideAutoDD,I371
Land Comp Profiles,VeryHidden,ShowHideAutoDD,I372
Land Comp Profiles,VeryHidden,ShowHideAutoDD,I373
Land Comp Profiles,VeryHidden,ShowHideAutoDD,I374
Land Comp Profiles,VeryHidden,ShowHideAutoDD,I375
Land Comp Profiles,VeryHidden,ShowHideAutoDD,I376
Land Comp Profiles,VeryHidden,ShowHideAutoDD,I377
Land Comp Profiles,VeryHidden,ShowHideAutoDD,I378
Land Comp Profiles,VeryHidden,ShowHideAutoDD,I379
Land Comp Profiles,VeryHidden,ShowHideAutoDD,I380
Land Comp Profiles,VeryHidden,ShowHideAutoDD,I381
Land Comp Profiles,VeryHidden,ShowHideAutoDD,I382
Land Comp Profiles,Hide,ShowHideAutoDD,I385
Land Comp Profiles,add dynamic show/hide spacer rows to maintain pic height constant,ShowHideAutoDD,I396
Land Comp Profiles,Auto,ShowHideDD,I397
Land Comp Profiles,Hide,ShowHideAutoDD,I398
Land Comp Profiles,Auto,ShowHideAutoDD,I399
Land Comp Profiles,Auto,ShowHideAutoDD,I400
Land Comp Profiles,Auto,ShowHideAutoDD,I401
Land Comp Profiles,Auto,ShowHideAutoDD,I402
Land Comp Profiles,Auto,ShowHideAutoDD,I403
Land Comp Profiles,Auto,ShowHideAutoDD,I404
Land Comp Profiles,Auto,ShowHideAutoDD,I405
Land Comp Profiles,Auto,ShowHideAutoDD,I406
Land Comp Profiles,Auto,ShowHideAutoDD,I407
Land Comp Profiles,Auto,ShowHideAutoDD,I408
Land Comp Profiles,Auto,ShowHideAutoDD,I409
Land Comp Profiles,Auto,ShowHideAutoDD,I410
Land Comp Profiles,Auto,ShowHideAutoDD,I411
Land Comp Profiles,Auto,ShowHideAutoDD,I412
Land Comp Profiles,Auto,ShowHideAutoDD,I418
Land Comp Profiles,Auto,ShowHideAutoDD,I419
Land Comp Profiles,Auto,ShowHideAutoDD,I420
Land Comp Profiles,Auto,ShowHideAutoDD,I421
Land Comp Profiles,Auto,ShowHideAutoDD,I422
Land Comp Profiles,Auto,ShowHideAutoDD,I423
Land Comp Profiles,Auto,ShowHideAutoDD,I424
Land Comp Profiles,Auto,ShowHideAutoDD,I425
Land Comp Profiles,Auto,ShowHideAutoDD,I426
Land Comp Profiles,Auto,ShowHideAutoDD,I427
Land Comp Profiles,Auto,ShowHideAutoDD,I428
Land Comp Profiles,Auto,ShowHideAutoDD,I429
Land Comp Profiles,VeryHidden,ShowHideAutoDD,I432
Land Comp Profiles,VeryHidden,ShowHideAutoDD,I435
Land Comp Profiles,VeryHidden,ShowHideAutoDD,I438
Land Comp Profiles,Hide,ShowHideAutoDD,I441
Land Comp Profiles,Hide,ShowHideAutoDD,I442
Land Comp Profiles,Hide,ShowHideAutoDD,I443
Land Comp Profiles,Hide,ShowHideAutoDD,I444
Land Comp Profiles,Hide,ShowHideAutoDD,I445
Land Comp Profiles,Hide,ShowHideAutoDD,I446
Land Comp Profiles,Hide,ShowHideAutoDD,I447
Land Comp Profiles,Hide,ShowHideAutoDD,I448
Land Comp Profiles,VeryHidden,ShowHideAutoDD,I457
Land Comp Profiles,VeryHidden,ShowHideAutoDD,I461
Land Comp Profiles,VeryHidden,ShowHideAutoDD,I462
Land Comp Profiles,VeryHidden,ShowHideAutoDD,I463
Land Comp Profiles,VeryHidden,ShowHideAutoDD,I464
Land Comp Profiles,VeryHidden,ShowHideAutoDD,I465
Land Comp Profiles,VeryHidden,ShowHideAutoDD,I466
Land Comp Profiles,VeryHidden,ShowHideAutoDD,I467
Land Comp Profiles,VeryHidden,ShowHideAutoDD,I468
Land Comp Profiles,VeryHidden,ShowHideAutoDD,I469
Land Comp Profiles,VeryHidden,ShowHideAutoDD,I470
Land Comp Profiles,VeryHidden,ShowHideAutoDD,I471
Land Comp Profiles,VeryHidden,ShowHideAutoDD,I472
Land Comp Profiles,VeryHidden,ShowHideAutoDD,I473
Land Comp Profiles,VeryHidden,ShowHideAutoDD,I474
Land Comp Profiles,VeryHidden,ShowHideAutoDD,I475
Land Comp Profiles,VeryHidden,ShowHideAutoDD,I476
Land Comp Profiles,VeryHidden,ShowHideAutoDD,I477
Land Comp Profiles,VeryHidden,ShowHideAutoDD,I478
Land Comp Profiles,VeryHidden,ShowHideAutoDD,I479
Land Comp Profiles,VeryHidden,ShowHideAutoDD,I480
Land Comp Profiles,VeryHidden,ShowHideAutoDD,I481
Land Comp Profiles,Hide,ShowHideAutoDD,I484
Land Comp Profiles,add dynamic show/hide spacer rows to maintain pic height constant,ShowHideAutoDD,I495
Land Comp Profiles,Auto,ShowHideDD,I496
Land Comp Profiles,Hide,ShowHideAutoDD,I497
Land Comp Profiles,Auto,ShowHideAutoDD,I498
Land Comp Profiles,Auto,ShowHideAutoDD,I499
Land Comp Profiles,Auto,ShowHideAutoDD,I500
Land Comp Profiles,Auto,ShowHideAutoDD,I501
Land Comp Profiles,Auto,ShowHideAutoDD,I502
Land Comp Profiles,Auto,ShowHideAutoDD,I503
Land Comp Profiles,Auto,ShowHideAutoDD,I504
Land Comp Profiles,Auto,ShowHideAutoDD,I505
Land Comp Profiles,Auto,ShowHideAutoDD,I506
Land Comp Profiles,Auto,ShowHideAutoDD,I507
Land Comp Profiles,Auto,ShowHideAutoDD,I508
Land Comp Profiles,Auto,ShowHideAutoDD,I509
Land Comp Profiles,Auto,ShowHideAutoDD,I510
Land Comp Profiles,Auto,ShowHideAutoDD,I511
Land Comp Profiles,Auto,ShowHideAutoDD,I517
Land Comp Profiles,Auto,ShowHideAutoDD,I518
Land Comp Profiles,Auto,ShowHideAutoDD,I519
Land Comp Profiles,Auto,ShowHideAutoDD,I520
Land Comp Profiles,Auto,ShowHideAutoDD,I521
Land Comp Profiles,Auto,ShowHideAutoDD,I522
Land Comp Profiles,Auto,ShowHideAutoDD,I523
Land Comp Profiles,Auto,ShowHideAutoDD,I524
Land Comp Profiles,Auto,ShowHideAutoDD,I525
Land Comp Profiles,Auto,ShowHideAutoDD,I526
Land Comp Profiles,Auto,ShowHideAutoDD,I527
Land Comp Profiles,Auto,ShowHideAutoDD,I528
Land Comp Profiles,VeryHidden,ShowHideAutoDD,I531
Land Comp Profiles,VeryHidden,ShowHideAutoDD,I534
Land Comp Profiles,VeryHidden,ShowHideAutoDD,I537
Land Comp Profiles,Hide,ShowHideAutoDD,I540
Land Comp Profiles,Hide,ShowHideAutoDD,I541
Land Comp Profiles,Hide,ShowHideAutoDD,I542
Land Comp Profiles,Hide,ShowHideAutoDD,I543
Land Comp Profiles,Hide,ShowHideAutoDD,I544
Land Comp Profiles,Hide,ShowHideAutoDD,I545
Land Comp Profiles,Hide,ShowHideAutoDD,I546
Land Comp Profiles,Hide,ShowHideAutoDD,I547
Land Comp Profiles,VeryHidden,ShowHideAutoDD,I556
Land Comp Profiles,VeryHidden,ShowHideAutoDD,I560
Land Comp Profiles,VeryHidden,ShowHideAutoDD,I561
Land Comp Profiles,VeryHidden,ShowHideAutoDD,I562
Land Comp Profiles,VeryHidden,ShowHideAutoDD,I563
Land Comp Profiles,VeryHidden,ShowHideAutoDD,I564
Land Comp Profiles,VeryHidden,ShowHideAutoDD,I565
Land Comp Profiles,VeryHidden,ShowHideAutoDD,I566
Land Comp Profiles,VeryHidden,ShowHideAutoDD,I567
Land Comp Profiles,VeryHidden,ShowHideAutoDD,I568
Land Comp Profiles,VeryHidden,ShowHideAutoDD,I569
Land Comp Profiles,VeryHidden,ShowHideAutoDD,I570
Land Comp Profiles,VeryHidden,ShowHideAutoDD,I571
Land Comp Profiles,VeryHidden,ShowHideAutoDD,I572
Land Comp Profiles,VeryHidden,ShowHideAutoDD,I573
Land Comp Profiles,VeryHidden,ShowHideAutoDD,I574
Land Comp Profiles,VeryHidden,ShowHideAutoDD,I575
Land Comp Profiles,VeryHidden,ShowHideAutoDD,I576
Land Comp Profiles,VeryHidden,ShowHideAutoDD,I577
Land Comp Profiles,VeryHidden,ShowHideAutoDD,I578
Land Comp Profiles,VeryHidden,ShowHideAutoDD,I579
Land Comp Profiles,VeryHidden,ShowHideAutoDD,I580
Land Comp Profiles,Hide,ShowHideAutoDD,I583
Land Comp Profiles,add dynamic show/hide spacer rows to maintain pic height constant,ShowHideAutoDD,I594
Land Comp Profiles,Auto,ShowHideDD,I595
Land Comp Profiles,Hide,ShowHideAutoDD,I596
Land Comp Profiles,Auto,ShowHideAutoDD,I597
Land Comp Profiles,Auto,ShowHideAutoDD,I598
Land Comp Profiles,Auto,ShowHideAutoDD,I599
Land Comp Profiles,Auto,ShowHideAutoDD,I600
Land Comp Profiles,Auto,ShowHideAutoDD,I601
Land Comp Profiles,Auto,ShowHideAutoDD,I602
Land Comp Profiles,Auto,ShowHideAutoDD,I603
Land Comp Profiles,Auto,ShowHideAutoDD,I604
Land Comp Profiles,Auto,ShowHideAutoDD,I605
Land Comp Profiles,Auto,ShowHideAutoDD,I606
Land Comp Profiles,Auto,ShowHideAutoDD,I607
Land Comp Profiles,Auto,ShowHideAutoDD,I608
Land Comp Profiles,Auto,ShowHideAutoDD,I609
Land Comp Profiles,Auto,ShowHideAutoDD,I610
Land Comp Profiles,Auto,ShowHideAutoDD,I616
Land Comp Profiles,Auto,ShowHideAutoDD,I617
Land Comp Profiles,Auto,ShowHideAutoDD,I618
Land Comp Profiles,Auto,ShowHideAutoDD,I619
Land Comp Profiles,Auto,ShowHideAutoDD,I620
Land Comp Profiles,Auto,ShowHideAutoDD,I621
Land Comp Profiles,Auto,ShowHideAutoDD,I622
Land Comp Profiles,Auto,ShowHideAutoDD,I623
Land Comp Profiles,Auto,ShowHideAutoDD,I624
Land Comp Profiles,Auto,ShowHideAutoDD,I625
Land Comp Profiles,Auto,ShowHideAutoDD,I626
Land Comp Profiles,Auto,ShowHideAutoDD,I627
Land Comp Profiles,VeryHidden,ShowHideAutoDD,I630
Land Comp Profiles,VeryHidden,ShowHideAutoDD,I633
Land Comp Profiles,VeryHidden,ShowHideAutoDD,I636
Land Comp Profiles,Hide,ShowHideAutoDD,I639
Land Comp Profiles,Hide,ShowHideAutoDD,I640
Land Comp Profiles,Hide,ShowHideAutoDD,I641
Land Comp Profiles,Hide,ShowHideAutoDD,I642
Land Comp Profiles,Hide,ShowHideAutoDD,I643
Land Comp Profiles,Hide,ShowHideAutoDD,I644
Land Comp Profiles,Hide,ShowHideAutoDD,I645
Land Comp Profiles,Hide,ShowHideAutoDD,I646
Land Comp Profiles,VeryHidden,ShowHideAutoDD,I655
Land Comp Profiles,VeryHidden,ShowHideAutoDD,I659
Land Comp Profiles,VeryHidden,ShowHideAutoDD,I660
Land Comp Profiles,VeryHidden,ShowHideAutoDD,I661
Land Comp Profiles,VeryHidden,ShowHideAutoDD,I662
Land Comp Profiles,VeryHidden,ShowHideAutoDD,I663
Land Comp Profiles,VeryHidden,ShowHideAutoDD,I664
Land Comp Profiles,VeryHidden,ShowHideAutoDD,I665
Land Comp Profiles,VeryHidden,ShowHideAutoDD,I666
Land Comp Profiles,VeryHidden,ShowHideAutoDD,I667
Land Comp Profiles,VeryHidden,ShowHideAutoDD,I668
Land Comp Profiles,VeryHidden,ShowHideAutoDD,I669
Land Comp Profiles,VeryHidden,ShowHideAutoDD,I670
Land Comp Profiles,VeryHidden,ShowHideAutoDD,I671
Land Comp Profiles,VeryHidden,ShowHideAutoDD,I672
Land Comp Profiles,VeryHidden,ShowHideAutoDD,I673
Land Comp Profiles,VeryHidden,ShowHideAutoDD,I674
Land Comp Profiles,VeryHidden,ShowHideAutoDD,I675
Land Comp Profiles,VeryHidden,ShowHideAutoDD,I676
Land Comp Profiles,VeryHidden,ShowHideAutoDD,I677
Land Comp Profiles,VeryHidden,ShowHideAutoDD,I678
Land Comp Profiles,VeryHidden,ShowHideAutoDD,I679
Land Comp Profiles,Hide,ShowHideAutoDD,I682
Land Comp Profiles,add dynamic show/hide spacer rows to maintain pic height constant,ShowHideAutoDD,I693
Land Comp Profiles,Auto,ShowHideDD,I694
Land Comp Profiles,Hide,ShowHideAutoDD,I695
Land Comp Profiles,Auto,ShowHideAutoDD,I696
Land Comp Profiles,Auto,ShowHideAutoDD,I697
Land Comp Profiles,Auto,ShowHideAutoDD,I698
Land Comp Profiles,Auto,ShowHideAutoDD,I699
Land Comp Profiles,Auto,ShowHideAutoDD,I700
Land Comp Profiles,Auto,ShowHideAutoDD,I701
Land Comp Profiles,Auto,ShowHideAutoDD,I702
Land Comp Profiles,Auto,ShowHideAutoDD,I703
Land Comp Profiles,Auto,ShowHideAutoDD,I704
Land Comp Profiles,Auto,ShowHideAutoDD,I705
Land Comp Profiles,Auto,ShowHideAutoDD,I706
Land Comp Profiles,Auto,ShowHideAutoDD,I707
Land Comp Profiles,Auto,ShowHideAutoDD,I708
Land Comp Profiles,Auto,ShowHideAutoDD,I709
Land Comp Profiles,Auto,ShowHideAutoDD,I715
Land Comp Profiles,Auto,ShowHideAutoDD,I716
Land Comp Profiles,Auto,ShowHideAutoDD,I717
Land Comp Profiles,Auto,ShowHideAutoDD,I718
Land Comp Profiles,Auto,ShowHideAutoDD,I719
Land Comp Profiles,Auto,ShowHideAutoDD,I720
Land Comp Profiles,Auto,ShowHideAutoDD,I721
Land Comp Profiles,Auto,ShowHideAutoDD,I722
Land Comp Profiles,Auto,ShowHideAutoDD,I723
Land Comp Profiles,Auto,ShowHideAutoDD,I724
Land Comp Profiles,Auto,ShowHideAutoDD,I725
Land Comp Profiles,Auto,ShowHideAutoDD,I726
Land Comp Profiles,VeryHidden,ShowHideAutoDD,I729
Land Comp Profiles,VeryHidden,ShowHideAutoDD,I732
Land Comp Profiles,VeryHidden,ShowHideAutoDD,I735
Land Comp Profiles,Hide,ShowHideAutoDD,I738
Land Comp Profiles,Hide,ShowHideAutoDD,I739
Land Comp Profiles,Hide,ShowHideAutoDD,I740
Land Comp Profiles,Hide,ShowHideAutoDD,I741
Land Comp Profiles,Hide,ShowHideAutoDD,I742
Land Comp Profiles,Hide,ShowHideAutoDD,I743
Land Comp Profiles,Hide,ShowHideAutoDD,I744
Land Comp Profiles,Hide,ShowHideAutoDD,I745
Land Comp Profiles,VeryHidden,ShowHideAutoDD,I754
Land Comp Profiles,VeryHidden,ShowHideAutoDD,I758
Land Comp Profiles,VeryHidden,ShowHideAutoDD,I759
Land Comp Profiles,VeryHidden,ShowHideAutoDD,I760
Land Comp Profiles,VeryHidden,ShowHideAutoDD,I761
Land Comp Profiles,VeryHidden,ShowHideAutoDD,I762
Land Comp Profiles,VeryHidden,ShowHideAutoDD,I763
Land Comp Profiles,VeryHidden,ShowHideAutoDD,I764
Land Comp Profiles,VeryHidden,ShowHideAutoDD,I765
Land Comp Profiles,VeryHidden,ShowHideAutoDD,I766
Land Comp Profiles,VeryHidden,ShowHideAutoDD,I767
Land Comp Profiles,VeryHidden,ShowHideAutoDD,I768
Land Comp Profiles,VeryHidden,ShowHideAutoDD,I769
Land Comp Profiles,VeryHidden,ShowHideAutoDD,I770
Land Comp Profiles,VeryHidden,ShowHideAutoDD,I771
Land Comp Profiles,VeryHidden,ShowHideAutoDD,I772
Land Comp Profiles,VeryHidden,ShowHideAutoDD,I773
Land Comp Profiles,VeryHidden,ShowHideAutoDD,I774
Land Comp Profiles,VeryHidden,ShowHideAutoDD,I775
Land Comp Profiles,VeryHidden,ShowHideAutoDD,I776
Land Comp Profiles,VeryHidden,ShowHideAutoDD,I777
Land Comp Profiles,VeryHidden,ShowHideAutoDD,I778
Land Comp Profiles,Hide,ShowHideAutoDD,I781
Cost Approach Setup,Do you need External Obsolescence Analysis,"""No,Yes""",G7
Cost Approach Setup,Do you have Cost Comparables?,"""No,Yes""",G8
Cost Approach Setup,Do your Cost Comps have Indirect/Soft Costs?,"""No,Yes""",G9
Cost Approach Setup,Do you have a Construction Budget?,"""No,Yes""",G10
Cost Approach Setup,Is it a Going Concern Value?,"""No,Yes""",G12
Sales Grid,Subject Parcel(s),ParcelCountList,C12
Sales Grid,Subject Building(s),BuildingCountList,C13
Sales Grid,Select comps to populate grid,CompNameList,I19
Sales Grid,3313 Camvic Ter,CompNameList,K19
Sales Grid,2955-2965 W McMicken Ave,CompNameList,M19
Sales Grid,2453 Red Coach Drive,CompNameList,O19
Sales Grid,4812 Lee Road,CompNameList,Q19
Sales Grid,Analysis Grid,CompHeaders,F23
Sales Grid,Address,CompHeaders,F24
Sales Grid,City,CompHeaders,F25
Sales Grid,Show Price Adjustment,"""Price,Actual Price""",F27
Sales Grid,Adjusted Price,List2,F31
Sales Grid,Adjustments to,List1,C32
Sales Grid,Property Rights,List5,G34
Sales Grid,Financing,List4,G35
Sales Grid,Conditions of Sale,List6,G36
Sales Grid,Adjustment Format,"""All,Quantitative,Qualitative,% Adjustment,$ Adjustment""",C45
Sales Grid,Characteristics Adjustments,CompHeaders,F46
Sales Grid,$ Adjustment,CompHeaders,F50
Sales Grid,$ Adjustment,CompHeaders,F54
Sales Grid,$ Adjustment,CompHeaders,F58
Sales Grid,Choose Premise,ScenariosPremises,G101
Sales Grid,Unknown_Field_C113,"""Show,Hide""",C113
Sales Grid,Unknown_Field_C114,"""Show,Hide""",C114
Sales Grid,Unknown_Field_C115,"""Show,Hide""",C115
Sales Grid,Unknown_Field_C116,"""Show,Hide""",C116
Sales Grid,Unknown_Field_C117,"""Show,Hide""",C117
Sales Grid,Unknown_Field_C118,"""Show,Hide""",C118
Sales Grid,Unknown_Field_C119,"""Show,Hide""",C119
Sales Grid,Unknown_Field_O122,"""-5,-4,-3,-2,-1,0""",O122
Sales Grid,Sale Grid Comparable Ranking Table,"""Unadjusted,Adjusted""",AQ155
Sales Grid,Tip: Change column width and row height to fit data (unprotect sheet first),"""Show,Hide""",CD462
Sales Grid,Show,"""Show,Hide""",CE462
Sales Grid,Show,"""Show,Hide""",CF462
Sales Grid,Show,"""Show,Hide""",CG462
Sales Grid,Show,"""Show,Hide""",CH462
Sales Grid,Hide,"""Show,Hide""",CI462
Sales Grid,Hide,"""Show,Hide""",CJ462
Sales Grid,Show,"""Show,Hide""",CK462
Sales Grid,Hide,"""Show,Hide""",CL462
Sales Grid,Hide,"""Show,Hide""",CM462
Sales Grid,Hide,"""Show,Hide""",CN462
Sales Grid,Hide,"""Show,Hide""",CO462
Sales Grid,Hide,"""Show,Hide""",CP462
Sales Grid,Hide,"""Show,Hide""",CQ462
Sales Grid,Hide,"""Show,Hide""",CR462
Sales Grid,Customize,"""1 Row, 2 Rows""",CA465
Sales Grid,Comp,CompHeaders,CD465
Sales Grid,Address,CompHeaders,CE465
Sales Grid,Grantor,CompHeaders,CF465
Sales Grid,Price,CompHeaders,CG465
Sales Grid,Price Per SF,CompHeaders,CH465
Sales Grid,Price Per RA,CompHeaders,CI465
Sales Grid,Price Per Unit,CompHeaders,CJ465
Sales Grid,Year Built,CompHeaders,CK465
Sales Grid,Condition,CompHeaders,CL465
Sales Grid,No. of Stories,CompHeaders,CM465
Sales Grid,PGI,CompHeaders,CN465
Sales Grid,EGIM,CompHeaders,CO465
Sales Grid,Net Operating Income Per SF,CompHeaders,CP465
Sales Grid,Net Operating Income Per SF,CompHeaders,CQ465
Sales Grid,Net Operating Income Per SF,CompHeaders,CR465
Sales Grid,Row Display,CompHeaders,CD466
Sales Grid,City,CompHeaders,CE466
Sales Grid,Grantee,CompHeaders,CF466
Sales Grid,Date,CompHeaders,CG466
Sales Grid,GBA,CompHeaders,CH466
Sales Grid,Rentable Area,CompHeaders,CI466
Sales Grid,No. of Units,CompHeaders,CJ466
Sales Grid,Construction,CompHeaders,CK466
Sales Grid,Parking Spaces,CompHeaders,CL466
Sales Grid,Building Class,CompHeaders,CM466
Sales Grid,Occupancy,CompHeaders,CN466
Sales Grid,Expense Ratio,CompHeaders,CO466
Sales Grid,Cap Rate,CompHeaders,CP466
Sales Grid,Cap Rate,CompHeaders,CQ466
Sales Grid,Row Display,"""Show,Hide""",CA467
Sales Grid,1st Row,"""Show,Hide""",CA489
Sales Grid,Hide,"""Show,Hide""",CA490
Sales Grid,1st Row,"""Show,Hide""",CA491
Sales Grid,Hide,"""Show,Hide""",CA492
Sales Grid,1st Row,"""Show,Hide""",CA493
Sales Grid,Hide,"""Show,Hide""",CA494
Sales Grid,1st Row,"""Show,Hide""",CA495
Sales Grid,Hide,"""Show,Hide""",CA496
Sales Grid,Customize,"""Show,Hide""",CY505
Sales Grid,Show,"""Show,Hide""",CZ505
Sales Grid,Hide,"""Show,Hide""",DA505
Sales Grid,Hide,"""Show,Hide""",DB505
Sales Grid,Hide,"""Show,Hide""",DC505
Sales Grid,Show,"""Show,Hide""",DD505
Sales Grid,Hide,"""Show,Hide""",DE505
Sales Grid,Hide,"""Show,Hide""",DF505
Sales Grid,Hide,"""Show,Hide""",DG505
Sales Grid,Show,"""Show,Hide""",DH505
Sales Grid,Hide,"""Show,Hide""",DI505
Sales Grid,Hide,"""Show,Hide""",DJ505
Sales Grid,Hide,"""Show,Hide""",DK505
Sales Grid,Show,"""Show,Hide""",DL505
Sales Grid,Hide,"""Show,Hide""",DM505
Sales Grid,Hide,"""Show,Hide""",DN505
Sales Grid,Hide,"""Show,Hide""",DO505
Sales Grid,Hide,"""Show,Hide""",DP505
Sales Grid,Hide,"""Show,Hide""",DQ505
Sales Grid,Hide,"""Show,Hide""",DR505
Sales Grid,Hide,"""Show,Hide""",DS505
Sales Grid,Hide,"""Show,Hide""",DT505
Sales Grid,Hide,"""Show,Hide""",DU505
Sales Grid,Hide,"""Show,Hide""",DV505
Sales Grid,Hide,"""Show,Hide""",DW505
Sales Grid,Hide,"""Show,Hide""",DX505
Sales Grid,Hide,"""Show,Hide""",DY505
Sales Grid,Hide,"""Show,Hide""",DZ505
Sales Grid,Hide,"""Show,Hide""",EA505
Sales Grid,Hide,"""Show,Hide""",EB505
Sales Grid,Hide,"""Show,Hide""",EC505
Sales Grid,Hide,"""Show,Hide""",ED505
Sales Grid,Hide,"""Show,Hide""",EE505
Sales Grid,Hide,"""Show,Hide""",EF505
Sales Grid,Hide,"""Show,Hide""",EG505
Sales Grid,Hide,"""Show,Hide""",EH505
Sales Grid,Hide,"""Show,Hide""",EI505
Sales Grid,Hide,"""Show,Hide""",EJ505
Sales Grid,Hide,"""Show,Hide""",EK505
Sales Grid,Hide,"""Show,Hide""",EL505
Sales Grid,Hide,"""Show,Hide""",EM505
Sales Grid,Hide,"""Show,Hide""",EN505
Sales Grid,Hide,"""Show,Hide""",EO505
Sales Grid,Hide,"""Show,Hide""",EP505
Sales Grid,Hide,"""Show,Hide""",EQ505
Sales Grid,Hide,"""Show,Hide""",ER505
Sales Grid,Hide,"""Show,Hide""",ES505
Sales Grid,Hide,"""Show,Hide""",ET505
Sales Grid,Hide,"""Show,Hide""",EU505
Sales Grid,Hide,"""Show,Hide""",EV505
Sales Grid,Toggle Display,"""Show,Hide""",CV508
Sales Grid,Show,CompHeaders,CX508
Sales Grid,Show,"""Show,Hide""",CV509
Sales Grid,Show,CompHeaders,CX509
Sales Grid,Show,"""Show,Hide""",CV510
Sales Grid,Hide,CompHeaders,CX510
Sales Grid,Hide,"""Show,Hide""",CV511
Sales Grid,Show,CompHeaders,CX511
Sales Grid,Show,"""Show,Hide""",CV512
Sales Grid,Show,CompHeaders,CX512
Sales Grid,Show,"""Show,Hide""",CV513
Sales Grid,Show,CompHeaders,CX513
Sales Grid,Show,"""Show,Hide""",CV514
Sales Grid,Show,CompHeaders,CX514
Sales Grid,Show,"""Show,Hide""",CV515
Sales Grid,Hide,"""Show,Hide""",CV516
Sales Grid,Hide,"""Show,Hide""",CV517
Sales Grid,Hide,"""Show,Hide""",CV518
Sales Grid,Hide,"""Show,Hide""",CV519
Sales Grid,Hide,"""Show,Hide""",CV520
Sales Grid,Hide,"""Show,Hide""",CV521
Sales Grid,Hide,"""Show,Hide""",CV522
Sales Grid,Hide,"""Show,Hide""",CV523
Sales Grid,Hide,"""Show,Hide""",CV524
Sales Grid,Hide,"""Show,Hide""",CV525
Sales Grid,Hide,"""Show,Hide""",CV526
Sales Grid,Hide,"""Show,Hide""",CV527
Sales Grid,Hide,"""Show,Hide""",CV528
Sales Grid,Hide,"""Show,Hide""",CV529
Sales Grid,Hide,"""Show,Hide""",CV530
Sales Grid,Hide,"""Show,Hide""",CV531
Sales Grid,Hide,"""Show,Hide""",CV532
Sales Grid,Hide,"""Show,Hide""",CV533
Sales Grid,Hide,"""Show,Hide""",CV534
Sales Grid,Hide,"""Show,Hide""",CV535
Sales Grid,Hide,"""Show,Hide""",CV536
Sales Grid,Hide,"""Show,Hide""",CV537
Sales Grid,Hide,"""Show,Hide""",CV538
Sales Grid,Hide,"""Show,Hide""",CV539
Sales Grid,Hide,"""Show,Hide""",CV540
Sales Grid,Hide,"""Show,Hide""",CV541
Sales Grid,Hide,"""Show,Hide""",CV542
Sales Grid,Hide,"""Show,Hide""",CV543
Sales Grid,Hide,"""Show,Hide""",CV544
Sales Grid,Hide,"""Show,Hide""",CV545
Sales Grid,Hide,"""Show,Hide""",CV546
Sales Grid,Hide,"""Show,Hide""",CV547
Sales Grid,Hide,"""Show,Hide""",CV548
Sales Grid,Hide,"""Show,Hide""",CV549
Sales Grid,Hide,"""Show,Hide""",CV550
Sales Grid,Hide,"""Show,Hide""",CV551
Sales Grid,Hide,"""Show,Hide""",CV552
Sales Grid,Hide,"""Show,Hide""",CV553
Sales Grid,Hide,"""Show,Hide""",CV554
Sales Grid,Hide,"""Show,Hide""",CV555
Sales Grid,Hide,"""Show,Hide""",CV556
Sales Grid,Hide,"""Show,Hide""",CV557
Sales Grid,Hide,"""Show,Hide""",CV558
Sales Grid,Unknown_Field_FF564,"""Show,Hide""",FF564
Sales Grid,Unknown_Field_FG564,"""Show,Hide""",FG564
Sales Grid,Unknown_Field_FH564,"""Show,Hide""",FH564
Sales Grid,Unknown_Field_FI564,"""Show,Hide""",FI564
Sales Grid,Unknown_Field_FJ564,"""Show,Hide""",FJ564
Sales Grid,Unknown_Field_FK564,"""Show,Hide""",FK564
Sales Grid,Unknown_Field_FL564,"""Show,Hide""",FL564
Sales Grid,Unknown_Field_FM564,"""Show,Hide""",FM564
Sales Grid,Unknown_Field_FN564,"""Show,Hide""",FN564
Sales Grid,Unknown_Field_FO564,"""Show,Hide""",FO564
Sales Grid,Toggle,"""Show,Hide""",FA569
Sales Grid,Show,"""Show,Hide""",FA570
Sales Grid,Show,"""Show,Hide""",FA571
Sales Grid,Show,"""Show,Hide""",FA572
Sales Grid,Show,"""Show,Hide""",FA573
Sales Grid,Show,"""Show,Hide""",FA574
Sales Grid,Show,"""Show,Hide""",FA575
Sales Grid,Show,"""Show,Hide""",FA576
Sales Grid,Show,"""Show,Hide""",FA577
Sales Grid,Show,"""Show,Hide""",FA578
Sales Grid,Show,"""Show,Hide""",FA579
Sales Grid,Show,"""Show,Hide""",FA580
Sales Grid,Show,"""Show,Hide""",FA581
Sales Grid,Show,"""Show,Hide""",FA582
Sales Grid,Show,"""Show,Hide""",FA583
Sales Grid,Show,"""Show,Hide""",FA584
Sales Grid,Show,"""Show,Hide""",FA585
Sales Grid,Show,"""Show,Hide""",FA586
Sales Grid,Show,"""Show,Hide""",FA587
Sales Grid,Show,"""Show,Hide""",FA588
Sales Grid,Show,"""Show,Hide""",FA589
Sales Grid,Show,"""Show,Hide""",FA590
Sales Grid,Show,"""Show,Hide""",FA591
Sales Grid,Show,"""Show,Hide""",FA592
Sales Grid,Show,"""Show,Hide""",FA593
Sales Grid,Show,"""Show,Hide""",FA594
Sales Grid,Show,"""Show,Hide""",FA595
Sales Grid,Show,"""Show,Hide""",FA596
Sales Grid,Show,"""Show,Hide""",FA597
Sales Grid,Show,"""Show,Hide""",FA598
Sales Grid,Show,"""Show,Hide""",FA599
Sales Grid,Show,"""Show,Hide""",FA600
Sales Grid,Show,"""Show,Hide""",FA601
Sales Grid,Hide,"""Show,Hide""",FA602
Sales Grid,Hide,"""Show,Hide""",FA603
Sales Grid,Hide,"""Show,Hide""",FA604
Sales Grid,Comparison to Subject,List21,FF605
Sales Grid,Similar,List21,FG605
Sales Grid,Similar,List21,FH605
Sales Grid,Similar,List21,FI605
Sales Grid,Similar,List21,FJ605
Sales Grid,Similar,List21,FK605
Sales Grid,Similar,List21,FL605
Sales Grid,Similar,List21,FM605
Sales Grid,Similar,List21,FN605
Sales Grid,Similar,List21,FO605
Sales Grid,Hide,"""Show,Hide""",FA608
Sales Grid,Show,"""Show,Hide""",FA609
Sales Grid,Show,"""Show,Hide""",FA610
Sales Grid,Show,"""Show,Hide""",FA611
Sales Grid,Show,"""Show,Hide""",FA612
Sales Grid,Show,"""Show,Hide""",FA613
Sales Grid,Show,"""Show,Hide""",FA614
Sales Grid,Show,"""Show,Hide""",FA615
Sales Grid,Show,"""Show,Hide""",FA616
Sales Grid,Show,"""Show,Hide""",FA617
Sales Grid,Show,"""Show,Hide""",FA618
Sales Grid,Show,"""Show,Hide""",FA619
Sales Grid,Show,"""Show,Hide""",FA620
Sales Grid,Show,"""Show,Hide""",FA621
Sales Grid,Show,"""Show,Hide""",FA622
Sales Grid,Show,"""Show,Hide""",FA623
Sales Grid,Show,"""Show,Hide""",FA624
Sales Grid,Show,"""Show,Hide""",FA625
Sales Grid,Show,"""Show,Hide""",FA626
Sales Grid,Show,"""Show,Hide""",FA627
Sales Grid,Show,"""Show,Hide""",FA628
Sales Grid,Show,"""Show,Hide""",FA629
Sales Grid,Show,"""Show,Hide""",FA630
Sales Grid,Show,"""Show,Hide""",FA631
Sales Grid,Show,"""Show,Hide""",FA632
Sales Grid,Show,"""Show,Hide""",FA633
Sales Grid,Show,"""Show,Hide""",FA634
Sales Grid,Show,"""Show,Hide""",FA635
Sales Grid,Hide,"""Show,Hide""",FA636
Sales Grid,Comparison to Subject,List21,FF637
Sales Grid,Similar,List21,FG637
Sales Grid,Similar,List21,FH637
Sales Grid,Similar,List21,FI637
Sales Grid,Similar,List21,FJ637
Sales Grid,Similar,List21,FK637
Sales Grid,Similar,List21,FL637
Sales Grid,Similar,List21,FM637
Sales Grid,Similar,List21,FN637
Sales Grid,Similar,List21,FO637
Sales Grid,Hide,"""Show,Hide""",FA638
Sales Grid,Hide,"""Show,Hide""",FA639
Sales Grid,Hide,"""Show,Hide""",FA640
Sales Grid,Hide,"""Show,Hide""",FA641
Sales Grid,Hide,"""Show,Hide""",FA642
Sales Grid,Hide,"""Show,Hide""",FA643
Sales Grid,Step 3. Choose a default display for empty Database fields,"""NA,' ,'--,""",FY654
Sales Grid,Comparable 1,CompHeaders,FW666
Sales Grid,ID,CompHeaders,FW667
Sales Grid,Address,CompHeaders,FW668
Sales Grid,City,CompHeaders,FW669
Sales Grid,State,CompHeaders,FW670
Sales Grid,Zip,CompHeaders,FW671
Sales Grid,County,CompHeaders,FW672
Sales Grid,Transaction,CompHeaders,FW684
Sales Grid,ID,CompHeaders,FY684
Sales Grid,ID,CompHeaders,FW685
Sales Grid,Address,CompHeaders,FY685
Sales Grid,Address,CompHeaders,FW686
Sales Grid,City,CompHeaders,FY686
Sales Grid,City,CompHeaders,FW687
Sales Grid,State,CompHeaders,FY687
Sales Grid,State,CompHeaders,FW688
Sales Grid,Tax ID,CompHeaders,FY688
Sales Grid,Tax ID,CompHeaders,FW689
Sales Grid,Grantor,CompHeaders,FY689
Sales Grid,Grantor,CompHeaders,FW690
Sales Grid,Grantee,CompHeaders,FY690
Sales Grid,Grantee,CompHeaders,FW691
Sales Grid,Legal Description,CompHeaders,FY691
Sales Grid,Legal Description,CompHeaders,FW692
Sales Grid,Book/Page or Reference Doc,CompHeaders,FY692
Sales Grid,Book/Page or Reference Doc,CompHeaders,FW693
Sales Grid,Sale Verification Source,"""Land, Site""",FW694
Sales Grid,Site,CompHeaders,FW695
Sales Grid,Acres,CompHeaders,FY695
Sales Grid,Acres,CompHeaders,FW696
Sales Grid,Land SF,CompHeaders,FY696
Sales Grid,Land SF,CompHeaders,FW697
Sales Grid,Road Frontage,CompHeaders,FY697
Sales Grid,Road Frontage,CompHeaders,FW698
Sales Grid,Shape,CompHeaders,FY698
Sales Grid,Shape,CompHeaders,FW699
Sales Grid,Utilities,CompHeaders,FY699
Sales Grid,Utilities,CompHeaders,FW700
Sales Grid,Corner,"""Improvements, Building, Improvements & Cash Flow, Improvements & Financial Data""",FW701
Sales Grid,Improvements & Financial Data,CompHeaders,FW702
Sales Grid,GBA,CompHeaders,FY702
Sales Grid,GBA,CompHeaders,FW703
Sales Grid,Rentable Area,CompHeaders,FY703
Sales Grid,Rentable Area,CompHeaders,FW704
Sales Grid,No. of Buildings,CompHeaders,FY704
Sales Grid,No. of Buildings,CompHeaders,FW705
Sales Grid,No. of Stories,CompHeaders,FY705
Sales Grid,No. of Stories,CompHeaders,FW706
Sales Grid,No. of Units,CompHeaders,FY706
Sales Grid,No. of Units,CompHeaders,FW707
Sales Grid,Year Built,CompHeaders,FY707
Sales Grid,Year Built,CompHeaders,FW708
Sales Grid,Renovations,CompHeaders,FY708
Sales Grid,Renovations,CompHeaders,FW709
Sales Grid,Condition,CompHeaders,FY709
Sales Grid,Office,CompHeaders,FW711
Sales Grid,No Of Office Units,CompHeaders,FW712
Sales Grid,Office GBA,CompHeaders,FY712
Sales Grid,Office GBA,CompHeaders,FW713
Sales Grid,Usable Area,CompHeaders,FY713
Sales Grid,Usable Area,CompHeaders,FW714
Sales Grid,Percent Office,CompHeaders,FY714
Sales Grid,Percent Office,CompHeaders,FW715
Sales Grid,Building Class,CompHeaders,FY715
Sales Grid,Retail / SC,CompHeaders,FW717
Sales Grid,Property Type,CompHeaders,FY717
Sales Grid,Property Type,CompHeaders,FW718
Sales Grid,No Of Retail Units,CompHeaders,FY718
Sales Grid,No Of Retail Units,CompHeaders,FW719
Sales Grid,Retail GBA,CompHeaders,FY719
Sales Grid,Retail GBA,CompHeaders,FW720
Sales Grid,GLA,CompHeaders,FY720
Sales Grid,Parking Ratio GBA,CompHeaders,FY721
Sales Grid,GLA,CompHeaders,FW722
Sales Grid,Percent Retail,CompHeaders,FY722
Sales Grid,Industrial / OW,CompHeaders,FW723
Sales Grid,No Of Industrial Units,CompHeaders,FY723
Sales Grid,No Of Industrial Units,CompHeaders,FW724
Sales Grid,Industrial GBA,CompHeaders,FY724
Sales Grid,Industrial GBA,CompHeaders,FW725
Sales Grid,Column Spacing,CompHeaders,FY725
Sales Grid,Column Spacing,CompHeaders,FW726
Sales Grid,No. of Truck Doors,CompHeaders,FY726
Sales Grid,No. of Truck Doors,CompHeaders,FW727
Sales Grid,Typical Bay Depth,CompHeaders,FY727
Sales Grid,Typical Bay Depth,CompHeaders,FW728
Sales Grid,Cooling,CompHeaders,FY728
Sales Grid,MF,CompHeaders,FW729
Sales Grid,Property Type,CompHeaders,FY729
Sales Grid,Property Type,CompHeaders,FW730
Sales Grid,Project Style,CompHeaders,FY730
Sales Grid,Project Style,CompHeaders,FW731
Sales Grid,Multifamily Project Amenities,CompHeaders,FW732
Sales Grid,SH,CompHeaders,FW733
Sales Grid,No. of Beds,CompHeaders,FY733
Sales Grid,No. of Beds,CompHeaders,FW734
Sales Grid,Medicaid Percentage,CompHeaders,FY734
Sales Grid,Medicaid Percentage,CompHeaders,FW735
Sales Grid,Medicare Percentage,CompHeaders,FY735
Sales Grid,Medicare Percentage,CompHeaders,FW736
Sales Grid,VA Percentage,CompHeaders,FY736
Sales Grid,VA Percentage,CompHeaders,FW737
Sales Grid,Private Pay Percentage,CompHeaders,FY737
Sales Grid,Private Pay Percentage,CompHeaders,FW738
Sales Grid,Other Percentage,CompHeaders,FY738
Sales Grid,L & H,CompHeaders,FW739
Sales Grid,No. of Rooms,CompHeaders,FY739
Sales Grid,No. of Rooms,CompHeaders,FW740
Sales Grid,ADR,CompHeaders,FY740
Sales Grid,ADR,CompHeaders,FW741
Sales Grid,Product Segment,CompHeaders,FY741
Sales Grid,No. of Rooms/BR/Bath,"""SF,Meters""",GC743
Sales Grid,Averages,"""Comments,Sale Comments""",FW756
Sales Grid,Averages,"""Comments,Sale Comments""",FW861
Sales Grid,Averages,"""Comments,Sale Comments""",FW966
Sales Grid,Averages,"""Comments,Sale Comments""",FW1071
Sales Grid,Averages,"""Comments,Sale Comments""",FW1176
Sales Grid,Averages,"""Comments,Sale Comments""",FW1281
Sales Grid,Averages,"""Comments,Sale Comments""",FW1386
Sales Grid,Averages,"""Comments,Sale Comments""",FW1491
Sales Grid,Averages,"""Comments,Sale Comments""",FW1596
Sales Grid,Averages,"""Comments,Sale Comments""",FW1701
Sales Approach,Unknown_Field_F7,ShowHideAutoDD,F7
Sales Approach,Auto,ShowHideAutoDD,F8
Sales Approach,Auto,ShowHideAutoDD,F9
Sales Approach,Auto,ShowHideAutoDD,F10
Sales Approach,Auto,ShowHideAutoDD,F11
Sales Approach,Auto,ShowHideAutoDD,F12
Sales Approach,Auto,ShowHideAutoDD,F13
Sales Approach,Auto,ShowHideAutoDD,F14
Sales Approach,Auto,ShowHideAutoDD,F15
Sales Approach,Auto,ShowHideAutoDD,F16
Sales Approach,Auto,ShowHideAutoDD,F17
Sales Approach,Auto,ShowHideAutoDD,F18
Sales Approach,Auto,ShowHideAutoDD,F19
Sales Approach,Auto,ShowHideAutoDD,F20
Sales Approach,Auto,ShowHideAutoDD,F21
Sales Approach,VeryHidden,CompHeaders,AC29
Sales Approach,Name,CompHeaders,AF29
Sales Approach,Year Built,CompHeaders,AG29
Sales Approach,Year Built,CompHeaders,AH29
Sales Approach,Year Built,CompHeaders,AI29
Sales Approach,Year Built,CompHeaders,AJ29
Sales Approach,TOS Weighted Avg. Lease Term,CompHeaders,AK29
Sales Approach,No. of Units,CompHeaders,AL29
Sales Approach,Price,CompHeaders,AM29
Sales Approach,PVA EBITDA,CompHeaders,AN29
Sales Approach,TOS Cap Rate,CompHeaders,AO29
Sales Approach,VeryHidden,CompHeaders,AC30
Sales Approach,Address,CompHeaders,AD30
Sales Approach,Date,CompHeaders,AF30
Sales Approach,Renovations,CompHeaders,AH30
Sales Approach,Renovations,CompHeaders,AI30
Sales Approach,PVA Hotel RevPAR,CompHeaders,AO30
Sales Approach,Date,ShowHideAutoDD,AD34
Sales Approach,Show,ShowHideAutoDD,AG34
Sales Approach,Auto,ShowHideAutoDD,AI34
Sales Approach,Auto,ShowHideAutoDD,AJ34
Sales Approach,Auto,ShowHideAutoDD,AK34
Sales Approach,Auto,ShowHideAutoDD,AM34
Sales Approach,Auto,ShowHideAutoDD,AO34
Sales Approach,Auto,"""TTM,Year 1,Deflated Stabilized Base Year,Deflated Stabilized As Is,Deflated Stabilized Year 1""",AM35
Sales Approach,Map Type,MapType,AV37
Sales Approach,Unknown_Field_Y78,ShowHideDD,Y78
Sales Approach,Label,MapMarkerLabel,AD85
Sales Approach,Size,MapMarkerSize,AF85
Sales Approach,normal,MapMarkerSize,AG85
Sales Approach,normal,MapMarkerColor,AH85
Sales Approach,red,MapMarkerColor,AI85
Sales Approach,red,"""Yes,No""",AJ85
Sales Approach,Label,MapMarkerLabel,AD86
Sales Approach,normal,MapMarkerSize,AF86
Sales Approach,normal,MapMarkerSize,AG86
Sales Approach,normal,MapMarkerColor,AH86
Sales Approach,red,MapMarkerColor,AI86
Sales Approach,red,"""Yes,No""",AJ86
Sales Approach,Label,MapMarkerLabel,AD87
Sales Approach,normal,MapMarkerSize,AF87
Sales Approach,normal,MapMarkerSize,AG87
Sales Approach,normal,MapMarkerColor,AH87
Sales Approach,red,MapMarkerColor,AI87
Sales Approach,red,"""Yes,No""",AJ87
Sales Approach,Label,MapMarkerLabel,AD88
Sales Approach,normal,MapMarkerSize,AF88
Sales Approach,normal,MapMarkerSize,AG88
Sales Approach,normal,MapMarkerColor,AH88
Sales Approach,red,MapMarkerColor,AI88
Sales Approach,red,"""Yes,No""",AJ88
Sales Approach,Label,MapMarkerLabel,AD89
Sales Approach,normal,MapMarkerSize,AF89
Sales Approach,normal,MapMarkerSize,AG89
Sales Approach,normal,MapMarkerColor,AH89
Sales Approach,red,MapMarkerColor,AI89
Sales Approach,red,"""Yes,No""",AJ89
Sales Approach,Label,MapMarkerLabel,AD90
Sales Approach,normal,MapMarkerSize,AF90
Sales Approach,normal,MapMarkerSize,AG90
Sales Approach,normal,MapMarkerColor,AH90
Sales Approach,red,MapMarkerColor,AI90
Sales Approach,red,"""Yes,No""",AJ90
Sales Approach,Unknown_Field_AD91,MapMarkerLabel,AD91
Sales Approach,normal,MapMarkerSize,AF91
Sales Approach,normal,MapMarkerSize,AG91
Sales Approach,normal,MapMarkerColor,AH91
Sales Approach,blue,MapMarkerColor,AI91
Sales Approach,blue,"""Yes,No""",AJ91
Sales Approach,Unknown_Field_BJ97,ShowHideAutoDD,BJ97
Sales Approach,Unknown_Field_BE101,ShowHideAutoDD,BE101
Sales Approach,Auto,ShowHideAutoDD,BE102
Sales Approach,Auto,ShowHideAutoDD,BE103
Sales Approach,Auto,ShowHideAutoDD,BE104
Sales Approach,Auto,ShowHideAutoDD,BE105
Sales Approach,Auto,ShowHideAutoDD,BE106
Sales Approach,Auto,ShowHideAutoDD,BE107
Sales Approach,Auto,ShowHideAutoDD,BE108
Sales Approach,Auto,ShowHideAutoDD,BE109
Sales Approach,Auto,ShowHideAutoDD,BE110
Sales Approach,Auto,ShowHideAutoDD,BE111
Sales Approach,Auto,ShowHideAutoDD,BE112
Sales Approach,Auto,ShowHideAutoDD,BE113
Sales Approach,Auto,ShowHideAutoDD,BE114
Sales Approach,Auto,ShowHideAutoDD,BE115
Sales Approach,Auto,ShowHideAutoDD,BE116
Sales Approach,Auto,ShowHideAutoDD,BE117
Sales Approach,Auto,ShowHideAutoDD,BE118
Sales Approach,Auto,ShowHideAutoDD,BE119
Sales Approach,Auto,ShowHideAutoDD,BE120
Sales Approach,Unknown_Field_FU136,ShowHideAutoDD,FU136
Sales Approach,Auto,ShowHideAutoDD,FV136
Sales Approach,Auto,ShowHideAutoDD,FW136
Sales Approach,Auto,ShowHideAutoDD,FX136
Sales Approach,Auto,ShowHideAutoDD,FY136
Sales Approach,Auto,ShowHideAutoDD,FZ136
Sales Approach,Auto,ShowHideAutoDD,GA136
Sales Approach,Auto,ShowHideAutoDD,GB136
Sales Approach,Auto,ShowHideAutoDD,GC136
Sales Approach,Auto,ShowHideAutoDD,GD136
Sales Approach,Auto,ShowHideAutoDD,GE136
Sales Approach,Auto,ShowHideAutoDD,GF136
Sales Approach,Auto,ShowHideAutoDD,GG136
Sales Approach,Auto,ShowHideAutoDD,GH136
Sales Approach,Auto,ShowHideAutoDD,GI136
Sales Approach,Auto,ShowHideAutoDD,GJ136
Sales Approach,Auto,ShowHideAutoDD,GK136
Sales Approach,Auto,ShowHideAutoDD,GL136
Sales Approach,Auto,ShowHideAutoDD,GM136
Sales Approach,Auto,ShowHideAutoDD,GN136
Sales Approach,Auto,ShowHideAutoDD,GO136
Sales Approach,Auto,ShowHideAutoDD,GP136
Sales Approach,Auto,ShowHideAutoDD,GQ136
Sales Approach,Auto,ShowHideAutoDD,GR136
Sales Approach,Auto,ShowHideAutoDD,GS136
Sales Approach,Auto,ShowHideAutoDD,GT136
Sales Approach,Auto,ShowHideAutoDD,GU136
Sales Approach,Auto,ShowHideAutoDD,GV136
Sales Approach,Auto,ShowHideAutoDD,GW136
Sales Approach,Auto,ShowHideAutoDD,GX136
Sales Approach,Auto,ShowHideAutoDD,GY136
Sales Approach,Auto,ShowHideAutoDD,GZ136
Sales Approach,Auto,ShowHideAutoDD,HA136
Sales Approach,Auto,ShowHideAutoDD,HB136
Sales Approach,Auto,ShowHideAutoDD,HC136
Sales Approach,Auto,ShowHideAutoDD,HD136
Sales Approach,Auto,ShowHideAutoDD,HE136
Sales Approach,Auto,ShowHideAutoDD,HF136
Sales Approach,Auto,ShowHideAutoDD,HG136
Sales Approach,Auto,ShowHideAutoDD,HH136
Sales Approach,Auto,ShowHideAutoDD,HI136
Sales Approach,Auto,ShowHideAutoDD,HJ136
Sales Approach,Auto,ShowHideAutoDD,HK136
Sales Approach,Auto,ShowHideAutoDD,HL136
Sales Approach,Auto,ShowHideAutoDD,HM136
Sales Approach,Auto,ShowHideAutoDD,HN136
Sales Approach,Auto,ShowHideAutoDD,HO136
Sales Approach,Auto,ShowHideAutoDD,HP136
Sales Approach,Auto,ShowHideAutoDD,HQ136
Sales Approach,Auto,ShowHideAutoDD,HR136
Sales Approach,Auto,ShowHideAutoDD,HS136
Sales Approach,Auto,ShowHideAutoDD,HT136
Sales Approach,Auto,ShowHideAutoDD,HU136
Sales Approach,Auto,ShowHideAutoDD,HV136
Sales Approach,Auto,ShowHideAutoDD,HW136
Sales Approach,Auto,ShowHideAutoDD,HX136
Sales Approach,Auto,ShowHideAutoDD,HY136
Sales Approach,Auto,ShowHideAutoDD,HZ136
Sales Approach,Auto,ShowHideAutoDD,IA136
Sales Approach,Auto,ShowHideAutoDD,IB136
Sales Approach,Auto,ShowHideAutoDD,IC136
Sales Approach,Auto,ShowHideAutoDD,ID136
Sales Approach,Auto,ShowHideAutoDD,IE136
Sales Approach,Auto,ShowHideAutoDD,IF136
Sales Approach,Auto,ShowHideAutoDD,IG136
Sales Approach,Auto,ShowHideAutoDD,IH136
Sales Approach,Auto,ShowHideAutoDD,II136
Sales Approach,Auto,ShowHideAutoDD,IJ136
Sales Approach,Auto,ShowHideAutoDD,IK136
Sales Approach,Auto,ShowHideAutoDD,IL136
Sales Approach,Auto,ShowHideAutoDD,IM136
Sales Approach,Auto,ShowHideAutoDD,IN136
Sales Approach,Auto,ShowHideAutoDD,IO136
Sales Approach,Auto,ShowHideAutoDD,IP136
Sales Approach,Auto,ShowHideAutoDD,IQ136
Sales Approach,Auto,ShowHideAutoDD,IR136
Sales Approach,Auto,ShowHideAutoDD,IS136
Sales Approach,Auto,ShowHideAutoDD,IT136
Sales Approach,Auto,ShowHideAutoDD,IU136
Sales Approach,Auto,ShowHideAutoDD,IV136
Sales Approach,Auto,ShowHideAutoDD,IW136
Sales Approach,Auto,ShowHideAutoDD,IX136
Sales Approach,Auto,ShowHideAutoDD,IY136
Sales Approach,Auto,ShowHideAutoDD,IZ136
Sales Approach,Auto,ShowHideAutoDD,JA136
Sales Approach,Auto,ShowHideAutoDD,JB136
Sales Approach,Auto,ShowHideAutoDD,JC136
Sales Approach,Auto,ShowHideAutoDD,JD136
Sales Approach,Auto,ShowHideAutoDD,JE136
Sales Approach,Auto,ShowHideAutoDD,JF136
Sales Approach,Auto,ShowHideAutoDD,JG136
Sales Approach,Auto,ShowHideAutoDD,JH136
Sales Approach,Auto,ShowHideAutoDD,JI136
Sales Approach,Auto,ShowHideAutoDD,JJ136
Sales Approach,Auto,ShowHideAutoDD,JK136
Sales Approach,Auto,ShowHideAutoDD,JL136
Sales Approach,Auto,ShowHideAutoDD,JM136
Sales Approach,Auto,ShowHideAutoDD,JN136
Sales Approach,Auto,ShowHideAutoDD,JO136
Sales Approach,Auto,ShowHideAutoDD,JP136
Sales Approach,Auto,ShowHideAutoDD,JQ136
Sales Approach,Auto,ShowHideAutoDD,JR136
Sales Approach,Auto,ShowHideAutoDD,JS136
Sales Approach,Auto,ShowHideAutoDD,JT136
Sales Approach,Auto,ShowHideAutoDD,JU136
Sales Approach,Auto,ShowHideAutoDD,JV136
Sales Approach,Auto,ShowHideAutoDD,JW136
Sales Approach,Auto,ShowHideAutoDD,JX136
Sales Approach,Auto,ShowHideAutoDD,JY136
Sales Approach,Auto,ShowHideAutoDD,JZ136
Sales Approach,Auto,ShowHideAutoDD,KA136
Sales Approach,Auto,ShowHideAutoDD,KB136
Sales Approach,Auto,ShowHideAutoDD,KC136
Sales Approach,Auto,ShowHideAutoDD,KD136
Sales Approach,Auto,ShowHideAutoDD,KE136
Sales Approach,Auto,ShowHideAutoDD,KF136
Sales Approach,Auto,ShowHideAutoDD,KG136
Sales Approach,Auto,ShowHideAutoDD,KH136
Sales Approach,Auto,ShowHideAutoDD,KI136
Sales Approach,Auto,ShowHideAutoDD,KJ136
Sales Approach,Auto,ShowHideAutoDD,KK136
Sales Approach,Auto,ShowHideAutoDD,KL136
Sales Approach,Auto,ShowHideAutoDD,KM136
Sales Approach,Auto,ShowHideAutoDD,KN136
Sales Approach,Auto,ShowHideAutoDD,KO136
Sales Approach,Auto,ShowHideAutoDD,KP136
Sales Approach,Auto,ShowHideAutoDD,KQ136
Sales Approach,Auto,ShowHideAutoDD,KR136
Sales Approach,Auto,ShowHideAutoDD,KS136
Sales Approach,Auto,ShowHideAutoDD,KT136
Sales Approach,Auto,ShowHideAutoDD,KU136
Sales Approach,Auto,ShowHideAutoDD,KV136
Sales Approach,Auto,ShowHideAutoDD,KW136
Sales Approach,Auto,ShowHideAutoDD,KX136
Sales Approach,Auto,ShowHideAutoDD,KY136
Sales Approach,Auto,ShowHideAutoDD,KZ136
Sales Approach,Auto,ShowHideAutoDD,LA136
Sales Approach,Auto,ShowHideAutoDD,LB136
Sales Approach,Auto,ShowHideAutoDD,LC136
Sales Approach,Auto,ShowHideAutoDD,LD136
Sales Approach,Auto,ShowHideAutoDD,LE136
Sales Approach,Auto,ShowHideAutoDD,LF136
Sales Approach,Auto,ShowHideAutoDD,LG136
Sales Approach,Auto,ShowHideAutoDD,LH136
Sales Approach,Auto,ShowHideAutoDD,LI136
Sales Approach,Auto,ShowHideAutoDD,LJ136
Sales Approach,Comparability to Subject,Comparability.Rating,LK139
Sales Approach,Comparability to Subject,Comparability.Rating,LK140
Sales Approach,Comparability to Subject,Comparability.Rating,LK141
Sales Approach,Comparability to Subject,Comparability.Rating,LK142
Sales Approach,Comparability to Subject,Comparability.Rating,LK143
Sales Approach,Comparability to Subject,Comparability.Rating,LK144
Sales Approach,Comparability to Subject,Comparability.Rating,NO163
Sales Approach,Comparability to Subject,Comparability.Rating,NO164
Sales Approach,Comparability to Subject,Comparability.Rating,NO165
Sales Approach,Comparability to Subject,Comparability.Rating,NO166
Sales Approach,Comparability to Subject,Comparability.Rating,NO167
Sales Approach,Comparability to Subject,Comparability.Rating,NO168
Sales Approach,Unknown_Field_OO188,pvaPropertyTypeKeyDD,OO188
Sales Approach,Grid Prop Type,"""downward,upward""",OU188
Sales Approach,Unknown_Field_OO189,pvaUOC_DD,OO189
Sales Approach,Holding Tank Field,CompHeaders,OB192
Sales Approach,Name,CompHeaders,OB193
Sales Approach,All Property Types,ShowHideAutoDD,OL193
Sales Approach,All Property Types,ShowHideAutoDD,OL194
Sales Approach,Address,CompHeaders,OB195
Sales Approach,All Property Types,ShowHideAutoDD,OL195
Sales Approach,County,CompHeaders,OB196
Sales Approach,All Property Types,ShowHideAutoDD,OL196
Sales Approach,Date,CompHeaders,OB198
Sales Approach,"All Property Types, except MF Affordable",ShowHideAutoDD,OL198
Sales Approach,Price Adjustment,CompHeaders,OB199
Sales Approach,Price,CompHeaders,OB200
Sales Approach,All Property Types,ShowHideAutoDD,OL200
Sales Approach,Price,CompHeaders,OB201
Sales Approach,Retail,ShowHideAutoDD,OL201
Sales Approach,Parking Spaces,CompHeaders,OB202
Sales Approach,Retail,ShowHideAutoDD,OL202
Sales Approach,GBA,CompHeaders,OB203
Sales Approach,MHC,ShowHideAutoDD,OL203
Sales Approach,MHC,ShowHideAutoDD,OL204
Sales Approach,TOS Occupancy Rate,CompHeaders,OB205
Sales Approach,MHC & SS,ShowHideAutoDD,OL205
Sales Approach,Acres,CompHeaders,OB206
Sales Approach,MHC,ShowHideAutoDD,OL206
Sales Approach,MHC Type,CompHeaders,OB207
Sales Approach,Pad Site Mix Single Wide,CompHeaders,OD207
Sales Approach,MHC,ShowHideAutoDD,OL207
Sales Approach,Pad Site Mix Single Wide,CompHeaders,OB208
Sales Approach,MF & SS,ShowHideAutoDD,OL208
Sales Approach,No. of Units,CompHeaders,OB209
Sales Approach,MF & Seniors & SS,ShowHideAutoDD,OL209
Sales Approach,TOS Occupancy Rate,CompHeaders,OB210
Sales Approach,Student Housing,ShowHideAutoDD,OL210
Sales Approach,Distance from Campus,CompHeaders,OB211
Sales Approach,MF Affordable,ShowHideAutoDD,OL211
Sales Approach,MF Affordable,ShowHideAutoDD,OL212
Sales Approach,Property Type,pvaMFAffordablePropertyTypeDD,OQ212
Sales Approach,Property Type,pvaMFAffordablePropertyTypeDD,OS212
Sales Approach,Property Type,pvaMFAffordablePropertyTypeDD,OU212
Sales Approach,Unknown_Field_OW212,pvaMFAffordablePropertyTypeDD,OW212
Sales Approach,Unknown_Field_OY212,pvaMFAffordablePropertyTypeDD,OY212
Sales Approach,Unknown_Field_PA212,pvaMFAffordablePropertyTypeDD,PA212
Sales Approach,Building Class,CompHeaders,OB213
Sales Approach,MF Affordable & SH & SS,ShowHideAutoDD,OL213
Sales Approach,Year Built,CompHeaders,OB214
Sales Approach,MF Affordable & SS,ShowHideAutoDD,OL214
Sales Approach,Renovations,CompHeaders,OB215
Sales Approach,MF Affordable,ShowHideAutoDD,OL215
Sales Approach,TOS Cap Rate,CompHeaders,OB216
Sales Approach,MF Affordable,ShowHideAutoDD,OL216
Sales Approach,Auto,"""Projection 1,Projection 2,Projection 3,Projection 4,Projection 5,Projection 6""",OM216
Sales Approach,TOS NOI,CompHeaders,OB217
Sales Approach,Auto,ShowHideAutoDD,OL217
Sales Approach,GBA,CompHeaders,OB218
Sales Approach,Seniors,ShowHideAutoDD,OL218
Sales Approach,Unit Count,CompHeaders,OB219
Sales Approach,Seniors,ShowHideAutoDD,OL219
Sales Approach,Seniors,ShowHideAutoDD,OL220
Sales Approach,Bed Count,CompHeaders,OB221
Sales Approach,Year Built,CompHeaders,OD221
Sales Approach,Seniors,ShowHideAutoDD,OL221
Sales Approach,Year Built,CompHeaders,OB222
Sales Approach,Seniors,ShowHideAutoDD,OL222
Sales Approach,EGI,CompHeaders,OB223
Sales Approach,Seniors,ShowHideAutoDD,OL223
Sales Approach,Total Expenses,CompHeaders,OB224
Sales Approach,Seniors & SS,ShowHideAutoDD,OL224
Sales Approach,Auto,"""Database,Price x Cap Rate""",OM224
Sales Approach,Seniors & SS,ShowHideAutoDD,OL225
Sales Approach,TOS NOI,CompHeaders,OB226
Sales Approach,Seniors & SS,ShowHideAutoDD,OL226
Sales Approach,TOS Cap Rate,CompHeaders,OB227
Sales Approach,Seniors,ShowHideAutoDD,OL227
Sales Approach,TOS EGIM,CompHeaders,OB228
Sales Approach,Seniors,ShowHideAutoDD,OL228
Sales Approach,Expense Ratio,CompHeaders,OB229
Sales Approach,Seniors,ShowHideAutoDD,OL229
Sales Approach,Auto,ShowHideAutoDD,OL230
Sales Approach,Auto,ShowHideAutoDD,OL231
Sales Approach,Transactional Adj,CompHeaders,OB234
Sales Approach,Transactional Adj,CompHeaders,OB236
Sales Approach,Unknown_Field_OP236,IntAppraisedRange,OP236
Sales Approach,Transactional Adj,CompHeaders,OB238
Sales Approach,Transactional Adj,CompHeaders,OB240
Sales Approach,SH Adj.,$OH$240:$OH$242,OL242
Sales Approach,Unknown_Field_OL244,ShowHideAutoDD,OL244
Sales Approach,Physical Adj,CompHeaders,OB245
Sales Approach,Auto,ShowHideAutoDD,OL246
Sales Approach,Physical Adj,CompHeaders,OB247
Sales Approach,Auto,ShowHideAutoDD,OL248
Sales Approach,Physical Adj,CompHeaders,OB249
Sales Approach,Auto,ShowHideAutoDD,OL250
Sales Approach,Physical Adj,CompHeaders,OB251
Sales Approach,Auto,ShowHideAutoDD,OL252
Sales Approach,Physical Adj,CompHeaders,OB253
Sales Approach,Auto,ShowHideAutoDD,OL254
Sales Approach,Physical Adj,CompHeaders,OB255
Sales Approach,Auto,ShowHideAutoDD,OL256
Sales Approach,Physical Adj,CompHeaders,OB257
Sales Approach,Auto,ShowHideAutoDD,OL258
Sales Approach,Physical Adj,CompHeaders,OB259
Sales Approach,Auto,ShowHideAutoDD,OL260
Sales Approach,Physical Adj,CompHeaders,OB261
Sales Approach,Auto,ShowHideAutoDD,OL262
Sales Approach,Physical Adj,CompHeaders,OB263
Sales Approach,Auto,ShowHideAutoDD,OL264
Sales Approach,Physical Adj,CompHeaders,OB265
Sales Approach,Auto,ShowHideAutoDD,OL266
Sales Approach,Physical Adj,CompHeaders,OB267
Sales Approach,Reliance Methodology,pvaCompEmphasisDD2,OO297
Sales Approach,Unknown_Field_QL326,ShowHideAutoDD,QL326
Sales Approach,Auto,ShowHideAutoDD,QM326
Sales Approach,Auto,ShowHideAutoDD,QN326
Sales Approach,Auto,ShowHideAutoDD,QO326
Sales Approach,Auto,ShowHideAutoDD,QP326
Sales Approach,Auto,ShowHideAutoDD,QQ326
Sales Approach,Unknown_Field_QH331,ShowHideAutoDD,QH331
Sales Approach,Auto,ShowHideAutoDD,QH332
Sales Approach,Auto,ShowHideAutoDD,QH333
Sales Approach,Auto,ShowHideAutoDD,QH334
Sales Approach,Auto,ShowHideAutoDD,QH335
Sales Approach,Auto,ShowHideAutoDD,QH336
Sales Approach,Auto,ShowHideAutoDD,QH337
Sales Approach,Auto,ShowHideAutoDD,QH338
Sales Approach,Auto,ShowHideAutoDD,QH339
Sales Approach,Auto,ShowHideAutoDD,QH340
Sales Approach,Auto,ShowHideAutoDD,QH341
Sales Approach,Auto,ShowHideAutoDD,QH342
Sales Approach,Auto,ShowHideAutoDD,QH343
Sales Approach,Auto,ShowHideAutoDD,QH344
Sales Approach,Auto,ShowHideAutoDD,QH345
Sales Approach,Auto,ShowHideAutoDD,QH346
Sales Approach,Auto,ShowHideAutoDD,QH347
Sales Approach,Auto,ShowHideAutoDD,QH348
Sales Approach,Auto,ShowHideAutoDD,QH349
Sales Approach,Auto,ShowHideAutoDD,QH350
Sales Approach,Auto,ShowHideAutoDD,QH351
Sales Approach,Auto,ShowHideAutoDD,QH352
Sales Approach,Auto,ShowHideAutoDD,QH353
Sales Approach,Auto,ShowHideAutoDD,QH354
Sales Approach,Auto,ShowHideAutoDD,QH355
Sales Approach,Auto,ShowHideAutoDD,QH356
Sales Approach,Auto,ShowHideAutoDD,QH357
Sales Approach,Auto,ShowHideAutoDD,QH358
Sales Approach,Auto,ShowHideAutoDD,QH359
Sales Approach,Auto,ShowHideAutoDD,QH360
Sales Approach,Auto,ShowHideAutoDD,QH361
Sales Approach,Auto,ShowHideAutoDD,QH362
Sales Approach,Auto,ShowHideAutoDD,QH363
Sales Approach,Auto,ShowHideAutoDD,QH364
Sales Approach,Auto,ShowHideAutoDD,QH365
Sales Approach,Auto,ShowHideAutoDD,QH366
Sales Approach,Auto,ShowHideAutoDD,QH367
Sales Approach,Auto,ShowHideAutoDD,QH368
Sales Approach,Auto,ShowHideAutoDD,QH369
Sales Approach,Auto,ShowHideAutoDD,QH370
Sales Approach,Auto,ShowHideAutoDD,QH371
Sales Approach,Auto,ShowHideAutoDD,QH372
Sales Approach,Auto,ShowHideAutoDD,QH373
Sales Approach,Auto,ShowHideAutoDD,QH374
Sales Approach,Auto,ShowHideAutoDD,QH375
Sales Approach,Auto,ShowHideAutoDD,QH376
Sales Approach,Auto,ShowHideAutoDD,QH377
Sales Approach,Auto,ShowHideAutoDD,QH378
Sales Approach,Apply Rent Growth?,"""Yes,No""",QX386
Sales Approach,Unknown_Field_QY389,"""Auto,Show,Hide""",QY389
Sales Approach,Auto,"""Auto,Show,Hide""",QZ389
Sales Approach,Auto,"""Auto,Show,Hide""",RA389
Sales Approach,Auto,"""Auto,Show,Hide""",RB389
Sales Approach,Auto,"""Auto,Show,Hide""",RC389
Sales Approach,Date of Peak Pricing?,"""Auto,Show,Hide""",QU393
Sales Approach,Cap Rate Spread,"""0,25,50,75,100""",RF393
Sales Approach,Auto,"""Auto,Show,Hide""",QU394
Sales Approach,Auto,"""Auto,Show,Hide""",QU395
Sales Approach,Auto,"""Auto,Show,Hide""",QU396
Sales Approach,Auto,"""Auto,Show,Hide""",QU397
Sales Approach,Auto,"""Auto,Show,Hide""",QU398
Sales Approach,Auto,"""Auto,Show,Hide""",QU399
Sales Approach,Auto,"""Auto,Show,Hide""",QU400
Sales Approach,Auto,"""Auto,Show,Hide""",QU401
Sales Approach,Auto,"""Auto,Show,Hide""",QU402
Sales Approach,Unknown_Field_RM407,"""Auto,Show,Hide""",RM407
Sales Approach,Auto,"""Auto,Show,Hide""",RN407
Sales Approach,Auto,"""Auto,Show,Hide""",RO407
Sales Approach,Auto,"""Auto,Show,Hide""",RP407
Sales Approach,Auto,"""Auto,Show,Hide""",RQ407
Sales Approach,Auto,"""Auto,Show,Hide""",RR407
Sales Approach,Unknown_Field_RI411,"""Auto,Show,Hide""",RI411
Sales Approach,Auto,"""Auto,Show,Hide""",RI412
Sales Approach,Auto,"""Auto,Show,Hide""",RI413
Sales Approach,Auto,"""Auto,Show,Hide""",RI414
Sales Approach,Auto,"""Auto,Show,Hide""",RI415
Sales Approach,Unknown_Field_RV431,ShowHideAutoDD,RV431
Sales Approach,Include EGIM Analysis?,"""Yes,No""",ST447
Sales Approach,Latitude,ShowHideAutoDD,TE451
Sales Approach,Hide,ShowHideAutoDD,TF451
Sales Approach,Hide,ShowHideAutoDD,TG451
Sales Approach,Auto,ShowHideAutoDD,TH451
Sales Approach,Auto,ShowHideAutoDD,TI451
Sales Approach,Auto,ShowHideAutoDD,TJ451
Sales Approach,Auto,ShowHideAutoDD,TK451
Sales Approach,Auto,ShowHideAutoDD,TL451
Sales Approach,Auto,ShowHideAutoDD,TM451
Sales Approach,Auto,ShowHideAutoDD,TN451
Sales Approach,Hide,ShowHideAutoDD,TO451
Sales Approach,Auto,LIST_OPS_Sources_Proforma,TM452
Sales Approach,Unknown_Field_SX468,ShowHideAutoDD,SX468
Sales Approach,Auto,ShowHideAutoDD,SX469
Sales Approach,Auto,ShowHideAutoDD,SX470
Sales Approach,Auto,ShowHideAutoDD,SX471
Sales Approach,Auto,ShowHideAutoDD,SX472
Sales Approach,Unknown_Field_TT472,"""0.1,0.5,.25""",TT472
Sales Approach,Enter custom sentence here.,$TB$478:$TB$480,TB481
Sales Approach,GRRM Interval,ShowHideAutoDD,UC512
Sales Approach,Auto,ShowHideAutoDD,UD512
Sales Approach,Auto,ShowHideAutoDD,UE512
Sales Approach,Auto,ShowHideAutoDD,UF512
Sales Approach,Auto,ShowHideAutoDD,UG512
Sales Approach,Auto,ShowHideAutoDD,UH512
Sales Approach,Auto,ShowHideAutoDD,UI512
Sales Approach,Auto,ShowHideAutoDD,UJ512
Sales Approach,Reconciled Value,$UC$509:$UK$509,TY548
Sales Approach,Projection 1,"""GRRM,GRRM_Deduction""",TY549
Sales Approach,Source,$UC$509:$UK$509,UQ557
Sales Approach,Include EGIM,"""Yes,No""",UY569
Sales Approach,Unknown_Field_UQ570,ShowHideAutoDD,UQ570
Sales Approach,Auto,ShowHideAutoDD,UQ571
Sales Approach,Show,ShowHideAutoDD,UQ572
Sales Approach,Show,ShowHideAutoDD,UQ573
Sales Approach,Show,ShowHideAutoDD,UQ574
Sales Approach,Auto,ShowHideAutoDD,UQ575
Sales Approach,Auto,ShowHideAutoDD,UQ576
Sales Approach,Auto,ShowHideAutoDD,UQ577
Sales Approach,Auto,LIST_AdjustmentstoValue,UT577
Sales Approach,Auto,ShowHideAutoDD,UQ578
Sales Approach,Auto,LIST_AdjustmentstoValue,UT578
Sales Approach,Auto,ShowHideAutoDD,UQ579
Sales Approach,Auto,LIST_AdjustmentstoValue,UT579
Sales Approach,Auto,ShowHideAutoDD,UQ580
Sales Approach,Auto,ShowHideAutoDD,UQ581
Sales Approach,Auto,ShowHideAutoDD,UQ582
Sales Approach,Auto,ShowHideAutoDD,UQ583
Sales Approach,Auto,ShowHideAutoDD,UQ584
Sales Approach,Auto,ShowHideAutoDD,UQ585
Sales Approach,Auto,ShowHideAutoDD,UQ587
Sales Approach,Auto,ShowHideAutoDD,UQ588
Sales Approach,Auto,ShowHideAutoDD,UQ589
Sales Approach,Auto,ShowHideAutoDD,UQ590
Sales Approach,Auto,LIST_AdjustmentstoValue,UT590
Sales Approach,Auto,ShowHideAutoDD,UQ591
Sales Approach,Auto,LIST_AdjustmentstoValue,UT591
Sales Approach,Auto,ShowHideAutoDD,UQ592
Sales Approach,Auto,LIST_AdjustmentstoValue,UT592
Sales Approach,Auto,ShowHideAutoDD,UQ593
Sales Approach,Auto,ShowHideAutoDD,UQ594
Sales Approach,Auto,ShowHideAutoDD,UQ595
Sales Approach,Auto,ShowHideAutoDD,UQ596
Sales Approach,Auto,ShowHideAutoDD,UQ597
Sales Approach,Auto,ShowHideAutoDD,UQ598
Sales Approach,Auto,ShowHideAutoDD,UQ600
Sales Approach,Auto,ShowHideAutoDD,UQ601
Sales Approach,Auto,ShowHideAutoDD,UQ602
Sales Approach,Auto,ShowHideAutoDD,UQ603
Sales Approach,Auto,ShowHideAutoDD,UQ604
Sales Approach,Auto,ShowHideAutoDD,UQ605
Sales Approach,Auto,ShowHideAutoDD,UQ606
Sales Approach,Auto,LIST_AdjustmentstoValue,UT606
Sales Approach,Auto,ShowHideAutoDD,UQ607
Sales Approach,Auto,LIST_AdjustmentstoValue,UT607
Sales Approach,Auto,ShowHideAutoDD,UQ608
Sales Approach,Auto,LIST_AdjustmentstoValue,UT608
Sales Approach,Auto,ShowHideAutoDD,UQ609
Sales Approach,Auto,LIST_AdjustmentstoValue,UT609
Sales Approach,Auto,ShowHideAutoDD,UQ610
Sales Approach,Auto,LIST_AdjustmentstoValue,UT610
Sales Approach,Auto,ShowHideAutoDD,UQ611
Sales Approach,Auto,LIST_AdjustmentstoValue,UT611
Sales Approach,Auto,ShowHideAutoDD,UQ612
Sales Approach,Auto,LIST_AdjustmentstoValue,UT612
Sales Approach,Auto,ShowHideAutoDD,UQ613
Sales Approach,Auto,ShowHideAutoDD,UQ614
Sale Comp Profiles,add dynamic show/hide spacer rows to maintain pic height constant,ShowHideAutoDD,I198
Sale Comp Profiles,Auto,ShowHideDD,I199
Sale Comp Profiles,Hide,ShowHideAutoDD,I200
Sale Comp Profiles,Auto,ShowHideAutoDD,I201
Sale Comp Profiles,Auto,ShowHideAutoDD,I202
Sale Comp Profiles,Auto,ShowHideAutoDD,I203
Sale Comp Profiles,Auto,ShowHideAutoDD,I204
Sale Comp Profiles,Auto,ShowHideAutoDD,I205
Sale Comp Profiles,Auto,ShowHideAutoDD,I206
Sale Comp Profiles,Auto,ShowHideAutoDD,I207
Sale Comp Profiles,Auto,ShowHideAutoDD,I208
Sale Comp Profiles,Auto,ShowHideAutoDD,I209
Sale Comp Profiles,Auto,ShowHideAutoDD,I210
Sale Comp Profiles,Auto,ShowHideAutoDD,I211
Sale Comp Profiles,Auto,ShowHideAutoDD,I212
Sale Comp Profiles,Auto,ShowHideAutoDD,I213
Sale Comp Profiles,Auto,ShowHideAutoDD,I214
Sale Comp Profiles,Auto,ShowHideAutoDD,I220
Sale Comp Profiles,Auto,ShowHideAutoDD,I221
Sale Comp Profiles,Auto,ShowHideAutoDD,I222
Sale Comp Profiles,Auto,ShowHideAutoDD,I223
Sale Comp Profiles,Auto,ShowHideAutoDD,I224
Sale Comp Profiles,Auto,ShowHideAutoDD,I225
Sale Comp Profiles,Auto,ShowHideAutoDD,I226
Sale Comp Profiles,Auto,ShowHideAutoDD,I227
Sale Comp Profiles,Auto,ShowHideAutoDD,I228
Sale Comp Profiles,Auto,ShowHideAutoDD,I229
Sale Comp Profiles,Auto,ShowHideAutoDD,I230
Sale Comp Profiles,Auto,ShowHideAutoDD,I231
Sale Comp Profiles,Auto,ShowHideAutoDD,I234
Sale Comp Profiles,Auto,ShowHideAutoDD,I237
Sale Comp Profiles,Auto,ShowHideAutoDD,I240
Sale Comp Profiles,Auto,ShowHideAutoDD,I243
Sale Comp Profiles,Auto,ShowHideAutoDD,I244
Sale Comp Profiles,Auto,ShowHideAutoDD,I245
Sale Comp Profiles,Auto,ShowHideAutoDD,I246
Sale Comp Profiles,Auto,ShowHideAutoDD,I247
Sale Comp Profiles,Auto,ShowHideAutoDD,I248
Sale Comp Profiles,Auto,ShowHideAutoDD,I249
Sale Comp Profiles,Auto,ShowHideAutoDD,I250
Sale Comp Profiles,Unknown_Field_I259,ShowHideAutoDD,I259
Sale Comp Profiles,Auto,ShowHideAutoDD,I263
Sale Comp Profiles,Auto,ShowHideAutoDD,I264
Sale Comp Profiles,Auto,ShowHideAutoDD,I265
Sale Comp Profiles,Auto,ShowHideAutoDD,I266
Sale Comp Profiles,Auto,ShowHideAutoDD,I267
Sale Comp Profiles,Auto,ShowHideAutoDD,I268
Sale Comp Profiles,Auto,ShowHideAutoDD,I269
Sale Comp Profiles,Auto,ShowHideAutoDD,I270
Sale Comp Profiles,Auto,ShowHideAutoDD,I271
Sale Comp Profiles,Auto,ShowHideAutoDD,I272
Sale Comp Profiles,Auto,ShowHideAutoDD,I273
Sale Comp Profiles,Auto,ShowHideAutoDD,I274
Sale Comp Profiles,Auto,ShowHideAutoDD,I275
Sale Comp Profiles,Auto,ShowHideAutoDD,I276
Sale Comp Profiles,Auto,ShowHideAutoDD,I277
Sale Comp Profiles,Auto,ShowHideAutoDD,I278
Sale Comp Profiles,Auto,ShowHideAutoDD,I279
Sale Comp Profiles,Auto,ShowHideAutoDD,I280
Sale Comp Profiles,Auto,ShowHideAutoDD,I281
Sale Comp Profiles,Auto,ShowHideAutoDD,I282
Sale Comp Profiles,Auto,ShowHideAutoDD,I283
Sale Comp Profiles,Auto,ShowHideAutoDD,I286
Sale Comp Profiles,add dynamic show/hide spacer rows to maintain pic height constant,ShowHideAutoDD,I297
Sale Comp Profiles,Auto,ShowHideDD,I298
Sale Comp Profiles,Hide,ShowHideAutoDD,I299
Sale Comp Profiles,Auto,ShowHideAutoDD,I300
Sale Comp Profiles,Auto,ShowHideAutoDD,I301
Sale Comp Profiles,Auto,ShowHideAutoDD,I302
Sale Comp Profiles,Auto,ShowHideAutoDD,I303
Sale Comp Profiles,Auto,ShowHideAutoDD,I304
Sale Comp Profiles,Auto,ShowHideAutoDD,I305
Sale Comp Profiles,Auto,ShowHideAutoDD,I306
Sale Comp Profiles,Auto,ShowHideAutoDD,I307
Sale Comp Profiles,Auto,ShowHideAutoDD,I308
Sale Comp Profiles,Auto,ShowHideAutoDD,I309
Sale Comp Profiles,Auto,ShowHideAutoDD,I310
Sale Comp Profiles,Auto,ShowHideAutoDD,I311
Sale Comp Profiles,Auto,ShowHideAutoDD,I312
Sale Comp Profiles,Auto,ShowHideAutoDD,I313
Sale Comp Profiles,Auto,ShowHideAutoDD,I319
Sale Comp Profiles,Auto,ShowHideAutoDD,I320
Sale Comp Profiles,Auto,ShowHideAutoDD,I321
Sale Comp Profiles,Auto,ShowHideAutoDD,I322
Sale Comp Profiles,Auto,ShowHideAutoDD,I323
Sale Comp Profiles,Auto,ShowHideAutoDD,I324
Sale Comp Profiles,Auto,ShowHideAutoDD,I325
Sale Comp Profiles,Auto,ShowHideAutoDD,I326
Sale Comp Profiles,Auto,ShowHideAutoDD,I327
Sale Comp Profiles,Auto,ShowHideAutoDD,I328
Sale Comp Profiles,Auto,ShowHideAutoDD,I329
Sale Comp Profiles,Auto,ShowHideAutoDD,I330
Sale Comp Profiles,Auto,ShowHideAutoDD,I333
Sale Comp Profiles,Auto,ShowHideAutoDD,I336
Sale Comp Profiles,Auto,ShowHideAutoDD,I339
Sale Comp Profiles,Auto,ShowHideAutoDD,I342
Sale Comp Profiles,Auto,ShowHideAutoDD,I343
Sale Comp Profiles,Auto,ShowHideAutoDD,I344
Sale Comp Profiles,Auto,ShowHideAutoDD,I345
Sale Comp Profiles,Auto,ShowHideAutoDD,I346
Sale Comp Profiles,Auto,ShowHideAutoDD,I347
Sale Comp Profiles,Auto,ShowHideAutoDD,I348
Sale Comp Profiles,Auto,ShowHideAutoDD,I349
Sale Comp Profiles,Unknown_Field_I358,ShowHideAutoDD,I358
Sale Comp Profiles,Auto,ShowHideAutoDD,I362
Sale Comp Profiles,Auto,ShowHideAutoDD,I363
Sale Comp Profiles,Auto,ShowHideAutoDD,I364
Sale Comp Profiles,Auto,ShowHideAutoDD,I365
Sale Comp Profiles,Auto,ShowHideAutoDD,I366
Sale Comp Profiles,Auto,ShowHideAutoDD,I367
Sale Comp Profiles,Auto,ShowHideAutoDD,I368
Sale Comp Profiles,Auto,ShowHideAutoDD,I369
Sale Comp Profiles,Auto,ShowHideAutoDD,I370
Sale Comp Profiles,Auto,ShowHideAutoDD,I371
Sale Comp Profiles,Auto,ShowHideAutoDD,I372
Sale Comp Profiles,Auto,ShowHideAutoDD,I373
Sale Comp Profiles,Auto,ShowHideAutoDD,I374
Sale Comp Profiles,Auto,ShowHideAutoDD,I375
Sale Comp Profiles,Auto,ShowHideAutoDD,I376
Sale Comp Profiles,Auto,ShowHideAutoDD,I377
Sale Comp Profiles,Auto,ShowHideAutoDD,I378
Sale Comp Profiles,Auto,ShowHideAutoDD,I379
Sale Comp Profiles,Auto,ShowHideAutoDD,I380
Sale Comp Profiles,Auto,ShowHideAutoDD,I381
Sale Comp Profiles,Auto,ShowHideAutoDD,I382
Sale Comp Profiles,Auto,ShowHideAutoDD,I385
Sale Comp Profiles,add dynamic show/hide spacer rows to maintain pic height constant,ShowHideAutoDD,I396
Sale Comp Profiles,Auto,ShowHideDD,I397
Sale Comp Profiles,Hide,ShowHideAutoDD,I398
Sale Comp Profiles,Auto,ShowHideAutoDD,I399
Sale Comp Profiles,Auto,ShowHideAutoDD,I400
Sale Comp Profiles,Auto,ShowHideAutoDD,I401
Sale Comp Profiles,Auto,ShowHideAutoDD,I402
Sale Comp Profiles,Auto,ShowHideAutoDD,I403
Sale Comp Profiles,Auto,ShowHideAutoDD,I404
Sale Comp Profiles,Auto,ShowHideAutoDD,I405
Sale Comp Profiles,Auto,ShowHideAutoDD,I406
Sale Comp Profiles,Auto,ShowHideAutoDD,I407
Sale Comp Profiles,Auto,ShowHideAutoDD,I408
Sale Comp Profiles,Auto,ShowHideAutoDD,I409
Sale Comp Profiles,Auto,ShowHideAutoDD,I410
Sale Comp Profiles,Auto,ShowHideAutoDD,I411
Sale Comp Profiles,Auto,ShowHideAutoDD,I412
Sale Comp Profiles,Auto,ShowHideAutoDD,I418
Sale Comp Profiles,Auto,ShowHideAutoDD,I419
Sale Comp Profiles,Auto,ShowHideAutoDD,I420
Sale Comp Profiles,Auto,ShowHideAutoDD,I421
Sale Comp Profiles,Auto,ShowHideAutoDD,I422
Sale Comp Profiles,Auto,ShowHideAutoDD,I423
Sale Comp Profiles,Auto,ShowHideAutoDD,I424
Sale Comp Profiles,Auto,ShowHideAutoDD,I425
Sale Comp Profiles,Auto,ShowHideAutoDD,I426
Sale Comp Profiles,Auto,ShowHideAutoDD,I427
Sale Comp Profiles,Auto,ShowHideAutoDD,I428
Sale Comp Profiles,Auto,ShowHideAutoDD,I429
Sale Comp Profiles,Auto,ShowHideAutoDD,I432
Sale Comp Profiles,Auto,ShowHideAutoDD,I435
Sale Comp Profiles,Auto,ShowHideAutoDD,I438
Sale Comp Profiles,Auto,ShowHideAutoDD,I441
Sale Comp Profiles,Auto,ShowHideAutoDD,I442
Sale Comp Profiles,Auto,ShowHideAutoDD,I443
Sale Comp Profiles,Auto,ShowHideAutoDD,I444
Sale Comp Profiles,Auto,ShowHideAutoDD,I445
Sale Comp Profiles,Auto,ShowHideAutoDD,I446
Sale Comp Profiles,Auto,ShowHideAutoDD,I447
Sale Comp Profiles,Auto,ShowHideAutoDD,I448
Sale Comp Profiles,Unknown_Field_I457,ShowHideAutoDD,I457
Sale Comp Profiles,Auto,ShowHideAutoDD,I461
Sale Comp Profiles,Auto,ShowHideAutoDD,I462
Sale Comp Profiles,Auto,ShowHideAutoDD,I463
Sale Comp Profiles,Auto,ShowHideAutoDD,I464
Sale Comp Profiles,Auto,ShowHideAutoDD,I465
Sale Comp Profiles,Auto,ShowHideAutoDD,I466
Sale Comp Profiles,Auto,ShowHideAutoDD,I467
Sale Comp Profiles,Auto,ShowHideAutoDD,I468
Sale Comp Profiles,Auto,ShowHideAutoDD,I469
Sale Comp Profiles,Auto,ShowHideAutoDD,I470
Sale Comp Profiles,Auto,ShowHideAutoDD,I471
Sale Comp Profiles,Auto,ShowHideAutoDD,I472
Sale Comp Profiles,Auto,ShowHideAutoDD,I473
Sale Comp Profiles,Auto,ShowHideAutoDD,I474
Sale Comp Profiles,Auto,ShowHideAutoDD,I475
Sale Comp Profiles,Auto,ShowHideAutoDD,I476
Sale Comp Profiles,Auto,ShowHideAutoDD,I477
Sale Comp Profiles,Auto,ShowHideAutoDD,I478
Sale Comp Profiles,Auto,ShowHideAutoDD,I479
Sale Comp Profiles,Auto,ShowHideAutoDD,I480
Sale Comp Profiles,Auto,ShowHideAutoDD,I481
Sale Comp Profiles,Auto,ShowHideAutoDD,I484
Sale Comp Profiles,add dynamic show/hide spacer rows to maintain pic height constant,ShowHideAutoDD,I495
Sale Comp Profiles,Auto,ShowHideDD,I496
Sale Comp Profiles,Hide,ShowHideAutoDD,I497
Sale Comp Profiles,Auto,ShowHideAutoDD,I498
Sale Comp Profiles,Auto,ShowHideAutoDD,I499
Sale Comp Profiles,Auto,ShowHideAutoDD,I500
Sale Comp Profiles,Auto,ShowHideAutoDD,I501
Sale Comp Profiles,Auto,ShowHideAutoDD,I502
Sale Comp Profiles,Auto,ShowHideAutoDD,I503
Sale Comp Profiles,Auto,ShowHideAutoDD,I504
Sale Comp Profiles,Auto,ShowHideAutoDD,I505
Sale Comp Profiles,Auto,ShowHideAutoDD,I506
Sale Comp Profiles,Auto,ShowHideAutoDD,I507
Sale Comp Profiles,Auto,ShowHideAutoDD,I508
Sale Comp Profiles,Auto,ShowHideAutoDD,I509
Sale Comp Profiles,Auto,ShowHideAutoDD,I510
Sale Comp Profiles,Auto,ShowHideAutoDD,I511
Sale Comp Profiles,Auto,ShowHideAutoDD,I517
Sale Comp Profiles,Auto,ShowHideAutoDD,I518
Sale Comp Profiles,Auto,ShowHideAutoDD,I519
Sale Comp Profiles,Auto,ShowHideAutoDD,I520
Sale Comp Profiles,Auto,ShowHideAutoDD,I521
Sale Comp Profiles,Auto,ShowHideAutoDD,I522
Sale Comp Profiles,Auto,ShowHideAutoDD,I523
Sale Comp Profiles,Auto,ShowHideAutoDD,I524
Sale Comp Profiles,Auto,ShowHideAutoDD,I525
Sale Comp Profiles,Auto,ShowHideAutoDD,I526
Sale Comp Profiles,Auto,ShowHideAutoDD,I527
Sale Comp Profiles,Auto,ShowHideAutoDD,I528
Sale Comp Profiles,Auto,ShowHideAutoDD,I531
Sale Comp Profiles,Auto,ShowHideAutoDD,I534
Sale Comp Profiles,Auto,ShowHideAutoDD,I537
Sale Comp Profiles,Auto,ShowHideAutoDD,I540
Sale Comp Profiles,Auto,ShowHideAutoDD,I541
Sale Comp Profiles,Auto,ShowHideAutoDD,I542
Sale Comp Profiles,Auto,ShowHideAutoDD,I543
Sale Comp Profiles,Auto,ShowHideAutoDD,I544
Sale Comp Profiles,Auto,ShowHideAutoDD,I545
Sale Comp Profiles,Auto,ShowHideAutoDD,I546
Sale Comp Profiles,Auto,ShowHideAutoDD,I547
Sale Comp Profiles,Unknown_Field_I556,ShowHideAutoDD,I556
Sale Comp Profiles,Auto,ShowHideAutoDD,I560
Sale Comp Profiles,Auto,ShowHideAutoDD,I561
Sale Comp Profiles,Auto,ShowHideAutoDD,I562
Sale Comp Profiles,Auto,ShowHideAutoDD,I563
Sale Comp Profiles,Auto,ShowHideAutoDD,I564
Sale Comp Profiles,Auto,ShowHideAutoDD,I565
Sale Comp Profiles,Auto,ShowHideAutoDD,I566
Sale Comp Profiles,Auto,ShowHideAutoDD,I567
Sale Comp Profiles,Auto,ShowHideAutoDD,I568
Sale Comp Profiles,Auto,ShowHideAutoDD,I569
Sale Comp Profiles,Auto,ShowHideAutoDD,I570
Sale Comp Profiles,Auto,ShowHideAutoDD,I571
Sale Comp Profiles,Auto,ShowHideAutoDD,I572
Sale Comp Profiles,Auto,ShowHideAutoDD,I573
Sale Comp Profiles,Auto,ShowHideAutoDD,I574
Sale Comp Profiles,Auto,ShowHideAutoDD,I575
Sale Comp Profiles,Auto,ShowHideAutoDD,I576
Sale Comp Profiles,Auto,ShowHideAutoDD,I577
Sale Comp Profiles,Auto,ShowHideAutoDD,I578
Sale Comp Profiles,Auto,ShowHideAutoDD,I579
Sale Comp Profiles,Auto,ShowHideAutoDD,I580
Sale Comp Profiles,Auto,ShowHideAutoDD,I583
Sale Comp Profiles,add dynamic show/hide spacer rows to maintain pic height constant,ShowHideAutoDD,I594
Sale Comp Profiles,Auto,ShowHideDD,I595
Sale Comp Profiles,Hide,ShowHideAutoDD,I596
Sale Comp Profiles,Auto,ShowHideAutoDD,I597
Sale Comp Profiles,Auto,ShowHideAutoDD,I598
Sale Comp Profiles,Auto,ShowHideAutoDD,I599
Sale Comp Profiles,Auto,ShowHideAutoDD,I600
Sale Comp Profiles,Auto,ShowHideAutoDD,I601
Sale Comp Profiles,Auto,ShowHideAutoDD,I602
Sale Comp Profiles,Auto,ShowHideAutoDD,I603
Sale Comp Profiles,Auto,ShowHideAutoDD,I604
Sale Comp Profiles,Auto,ShowHideAutoDD,I605
Sale Comp Profiles,Auto,ShowHideAutoDD,I606
Sale Comp Profiles,Auto,ShowHideAutoDD,I607
Sale Comp Profiles,Auto,ShowHideAutoDD,I608
Sale Comp Profiles,Auto,ShowHideAutoDD,I609
Sale Comp Profiles,Auto,ShowHideAutoDD,I610
Sale Comp Profiles,Auto,ShowHideAutoDD,I616
Sale Comp Profiles,Auto,ShowHideAutoDD,I617
Sale Comp Profiles,Auto,ShowHideAutoDD,I618
Sale Comp Profiles,Auto,ShowHideAutoDD,I619
Sale Comp Profiles,Auto,ShowHideAutoDD,I620
Sale Comp Profiles,Auto,ShowHideAutoDD,I621
Sale Comp Profiles,Auto,ShowHideAutoDD,I622
Sale Comp Profiles,Auto,ShowHideAutoDD,I623
Sale Comp Profiles,Auto,ShowHideAutoDD,I624
Sale Comp Profiles,Auto,ShowHideAutoDD,I625
Sale Comp Profiles,Auto,ShowHideAutoDD,I626
Sale Comp Profiles,Auto,ShowHideAutoDD,I627
Sale Comp Profiles,Auto,ShowHideAutoDD,I630
Sale Comp Profiles,Auto,ShowHideAutoDD,I633
Sale Comp Profiles,Auto,ShowHideAutoDD,I636
Sale Comp Profiles,Auto,ShowHideAutoDD,I639
Sale Comp Profiles,Auto,ShowHideAutoDD,I640
Sale Comp Profiles,Auto,ShowHideAutoDD,I641
Sale Comp Profiles,Auto,ShowHideAutoDD,I642
Sale Comp Profiles,Auto,ShowHideAutoDD,I643
Sale Comp Profiles,Auto,ShowHideAutoDD,I644
Sale Comp Profiles,Auto,ShowHideAutoDD,I645
Sale Comp Profiles,Auto,ShowHideAutoDD,I646
Sale Comp Profiles,Unknown_Field_I655,ShowHideAutoDD,I655
Sale Comp Profiles,Auto,ShowHideAutoDD,I659
Sale Comp Profiles,Auto,ShowHideAutoDD,I660
Sale Comp Profiles,Auto,ShowHideAutoDD,I661
Sale Comp Profiles,Auto,ShowHideAutoDD,I662
Sale Comp Profiles,Auto,ShowHideAutoDD,I663
Sale Comp Profiles,Auto,ShowHideAutoDD,I664
Sale Comp Profiles,Auto,ShowHideAutoDD,I665
Sale Comp Profiles,Auto,ShowHideAutoDD,I666
Sale Comp Profiles,Auto,ShowHideAutoDD,I667
Sale Comp Profiles,Auto,ShowHideAutoDD,I668
Sale Comp Profiles,Auto,ShowHideAutoDD,I669
Sale Comp Profiles,Auto,ShowHideAutoDD,I670
Sale Comp Profiles,Auto,ShowHideAutoDD,I671
Sale Comp Profiles,Auto,ShowHideAutoDD,I672
Sale Comp Profiles,Auto,ShowHideAutoDD,I673
Sale Comp Profiles,Auto,ShowHideAutoDD,I674
Sale Comp Profiles,Auto,ShowHideAutoDD,I675
Sale Comp Profiles,Auto,ShowHideAutoDD,I676
Sale Comp Profiles,Auto,ShowHideAutoDD,I677
Sale Comp Profiles,Auto,ShowHideAutoDD,I678
Sale Comp Profiles,Auto,ShowHideAutoDD,I679
Sale Comp Profiles,Auto,ShowHideAutoDD,I682
Sale Comp Profiles,add dynamic show/hide spacer rows to maintain pic height constant,ShowHideAutoDD,I693
Sale Comp Profiles,Auto,ShowHideDD,I694
Sale Comp Profiles,Hide,ShowHideAutoDD,I695
Sale Comp Profiles,Auto,ShowHideAutoDD,I696
Sale Comp Profiles,Auto,ShowHideAutoDD,I697
Sale Comp Profiles,Auto,ShowHideAutoDD,I698
Sale Comp Profiles,Auto,ShowHideAutoDD,I699
Sale Comp Profiles,Auto,ShowHideAutoDD,I700
Sale Comp Profiles,Auto,ShowHideAutoDD,I701
Sale Comp Profiles,Auto,ShowHideAutoDD,I702
Sale Comp Profiles,Auto,ShowHideAutoDD,I703
Sale Comp Profiles,Auto,ShowHideAutoDD,I704
Sale Comp Profiles,Auto,ShowHideAutoDD,I705
Sale Comp Profiles,Auto,ShowHideAutoDD,I706
Sale Comp Profiles,Auto,ShowHideAutoDD,I707
Sale Comp Profiles,Auto,ShowHideAutoDD,I708
Sale Comp Profiles,Auto,ShowHideAutoDD,I709
Sale Comp Profiles,Auto,ShowHideAutoDD,I715
Sale Comp Profiles,Auto,ShowHideAutoDD,I716
Sale Comp Profiles,Auto,ShowHideAutoDD,I717
Sale Comp Profiles,Auto,ShowHideAutoDD,I718
Sale Comp Profiles,Auto,ShowHideAutoDD,I719
Sale Comp Profiles,Auto,ShowHideAutoDD,I720
Sale Comp Profiles,Auto,ShowHideAutoDD,I721
Sale Comp Profiles,Auto,ShowHideAutoDD,I722
Sale Comp Profiles,Auto,ShowHideAutoDD,I723
Sale Comp Profiles,Auto,ShowHideAutoDD,I724
Sale Comp Profiles,Auto,ShowHideAutoDD,I725
Sale Comp Profiles,Auto,ShowHideAutoDD,I726
Sale Comp Profiles,Auto,ShowHideAutoDD,I729
Sale Comp Profiles,Auto,ShowHideAutoDD,I732
Sale Comp Profiles,Auto,ShowHideAutoDD,I735
Sale Comp Profiles,Auto,ShowHideAutoDD,I738
Sale Comp Profiles,Auto,ShowHideAutoDD,I739
Sale Comp Profiles,Auto,ShowHideAutoDD,I740
Sale Comp Profiles,Auto,ShowHideAutoDD,I741
Sale Comp Profiles,Auto,ShowHideAutoDD,I742
Sale Comp Profiles,Auto,ShowHideAutoDD,I743
Sale Comp Profiles,Auto,ShowHideAutoDD,I744
Sale Comp Profiles,Auto,ShowHideAutoDD,I745
Sale Comp Profiles,Unknown_Field_I754,ShowHideAutoDD,I754
Sale Comp Profiles,Auto,ShowHideAutoDD,I758
Sale Comp Profiles,Auto,ShowHideAutoDD,I759
Sale Comp Profiles,Auto,ShowHideAutoDD,I760
Sale Comp Profiles,Auto,ShowHideAutoDD,I761
Sale Comp Profiles,Auto,ShowHideAutoDD,I762
Sale Comp Profiles,Auto,ShowHideAutoDD,I763
Sale Comp Profiles,Auto,ShowHideAutoDD,I764
Sale Comp Profiles,Auto,ShowHideAutoDD,I765
Sale Comp Profiles,Auto,ShowHideAutoDD,I766
Sale Comp Profiles,Auto,ShowHideAutoDD,I767
Sale Comp Profiles,Auto,ShowHideAutoDD,I768
Sale Comp Profiles,Auto,ShowHideAutoDD,I769
Sale Comp Profiles,Auto,ShowHideAutoDD,I770
Sale Comp Profiles,Auto,ShowHideAutoDD,I771
Sale Comp Profiles,Auto,ShowHideAutoDD,I772
Sale Comp Profiles,Auto,ShowHideAutoDD,I773
Sale Comp Profiles,Auto,ShowHideAutoDD,I774
Sale Comp Profiles,Auto,ShowHideAutoDD,I775
Sale Comp Profiles,Auto,ShowHideAutoDD,I776
Sale Comp Profiles,Auto,ShowHideAutoDD,I777
Sale Comp Profiles,Auto,ShowHideAutoDD,I778
Sale Comp Profiles,Auto,ShowHideAutoDD,I781
Income Approach Setup,How does your market quote rental rates?,"""$/SF/Year,$/SF/Mo,$/AC/Mo""",H10
Income Approach Setup,Do you have a budget to spread?,"""Yes,No""",H11
Income Approach Setup,Do you need to present Lease Abstracts?,"""Yes,No""",H12
Income Approach Setup,Is the subject stabilized?,"""Yes,No""",H13
Income Approach Setup,How many projections are needed?,"""Yes,No""",H14
Income Approach Setup,Include Reserves in Operating Expense Ratio?,"""Yes,No""",H15
Income Approach Setup,"Do you need a Direct Cap, DCF, or both",$B$14:$B$17,H16
Income Approach Setup,Which DCF Software are you using?,pvaDcfSoftwareDD,H18
Income Approach Setup,Senior Housing: Show full COA for Hist. Input Dropdowns,"""Yes,No""",H19
Income Approach Setup,Conventional Multifamily: Show Expense Reimbursements in Other Revenue Section,"""Yes,No""",H20
Income Approach Setup,Keep only most recent P&L stmt per property,"""Yes,No""",H26
Income Approach Setup,Import financials in this year and newer than this year,"""2018,2019,2020,2021,2022,2023,2024,2025""",H27
Rent Roll Input,Select Headers,LIST_RentRoll_Headers,C5
Rent Roll Input,Select Headers,LIST_RentRoll_Headers,D5
Rent Roll Input,Select Headers,LIST_RentRoll_Headers,E5
Rent Roll Input,Select Headers,LIST_RentRoll_Headers,F5
Rent Roll Input,Select Headers,LIST_RentRoll_Headers,G5
Rent Roll Input,Select Headers,LIST_RentRoll_Headers,H5
Rent Roll Input,Unknown_Field_I5,LIST_RentRoll_Headers,I5
Rent Roll Input,Unknown_Field_J5,LIST_RentRoll_Headers,J5
Rent Roll Input,"NOTE: Care Type, Occupancy Status, Unit Type, Pad Type, Pad Ownership and Pad Occupancy use dropdowns in input based on header assigned",LIST_RentRoll_Headers,K5
Rent Roll Input,Unknown_Field_L5,LIST_RentRoll_Headers,L5
Rent Roll Input,Unknown_Field_M5,LIST_RentRoll_Headers,M5
Rent Roll Input,Unknown_Field_N5,LIST_RentRoll_Headers,N5
Rent Roll Input,Unknown_Field_O5,LIST_RentRoll_Headers,O5
Rent Roll Input,Unknown_Field_P5,LIST_RentRoll_Headers,P5
Rent Roll Input,Unknown_Field_Q5,LIST_RentRoll_Headers,Q5
Rent Roll Input,Unknown_Field_R5,LIST_RentRoll_Headers,R5
Rent Roll Input,Unknown_Field_S5,LIST_RentRoll_Headers,S5
Rent Roll Input,Unknown_Field_T5,LIST_RentRoll_Headers,T5
Rent Roll Input,Unknown_Field_U5,LIST_RentRoll_Headers,U5
Rent Roll Input,Unknown_Field_V5,LIST_RentRoll_Headers,V5
Rent Roll Input,Unknown_Field_W5,LIST_RentRoll_Headers,W5
Rent Roll Input,Unknown_Field_X5,LIST_RentRoll_Headers,X5
Rent Roll Input,Unknown_Field_Y5,LIST_RentRoll_Headers,Y5
Rent Roll Input,Unknown_Field_Z5,LIST_RentRoll_Headers,Z5
Rent Roll Input,Unknown_Field_AA5,LIST_RentRoll_Headers,AA5
Rent Roll Input,Unknown_Field_AB5,LIST_RentRoll_Headers,AB5
Rent Roll Input,Unknown_Field_AC5,LIST_RentRoll_Headers,AC5
Rent Roll Input,Unknown_Field_AD5,LIST_RentRoll_Headers,AD5
Rent Roll Input,Unknown_Field_AE5,LIST_RentRoll_Headers,AE5
Rent Roll Input,Unknown_Field_AF5,LIST_RentRoll_Headers,AF5
Rent Roll Input,Unknown_Field_AG5,LIST_RentRoll_Headers,AG5
Rent Roll Input,Unknown_Field_AH5,LIST_RentRoll_Headers,AH5
Rent Roll Input,Unknown_Field_AI5,LIST_RentRoll_Headers,AI5
Rent Roll Input,Unknown_Field_AJ5,LIST_RentRoll_Headers,AJ5
Rent Roll Input,Unknown_Field_AK5,LIST_RentRoll_Headers,AK5
Rent Roll Input,Unknown_Field_AL5,LIST_RentRoll_Headers,AL5
Rent Roll Input,Unknown_Field_AM5,LIST_RentRoll_Headers,AM5
Rent Roll Input,Unknown_Field_AN5,LIST_RentRoll_Headers,AN5
Rent Roll Input,Unknown_Field_AO5,LIST_RentRoll_Headers,AO5
Rent Roll Input,Unknown_Field_AP5,LIST_RentRoll_Headers,AP5
Rent Roll Input,Unknown_Field_AQ5,LIST_RentRoll_Headers,AQ5
Rent Roll Input,Unknown_Field_AR5,LIST_RentRoll_Headers,AR5
Rent Roll Input,Unknown_Field_AS5,LIST_RentRoll_Headers,AS5
Rent Roll Config,Unknown_Field_Y3,"""Yes,No""",Y3
Rent Roll Config,RR Bath,"""Yes,No""",AB3
Rent Roll Config,Unknown_Field_Y4,"""Yes,No""",Y4
Rent Roll Config,RR Renovated,"""Yes,No""",AB4
Rent Roll Config,Unknown_Field_Y5,"""Yes,No""",Y5
Rent Roll Config,Yes,"""Nearest,Up,Down""",AA5
Rent Roll Config,Yes,"""RR Type,abc,123""",Y6
Lease Grid,Subject Parcel(s),ParcelCountList,C12
Lease Grid,Subject Building(s),BuildingCountList,C13
Lease Grid,Unknown_Field_AA13,"""Street Map,Google Earth,Merge Map Size""",AA13
Lease Grid,Tenant,"""Date,Start Date""",F33
Lease Grid,Format Currency,"""Eff. Rent/SF, Eff. Rent/SF/Mo., Base Rent/SF, Base Rent/SF/Mo.""",F34
Lease Grid,MF Lease Survey Date,"""Unit Size (SF),Unit Size (M2)""",F40
Lease Grid,Go To MF Comparison Tables,"""Rent/Mo.,Rent/SF/Mo.,Market Rent/Mo.,Market Rent/SF.,Daily Rate/Unit""",F41
Lease Grid,Rent/Mo.,"""No. of Units,No. of Rooms,BR,Baths,No. of Beds""",F42
Lease Grid,Conditions of Lease,List20,I45
Lease Grid,Normal,List20,K45
Lease Grid,Normal,List20,M45
Lease Grid,Normal,List20,O45
Lease Grid,Normal,List20,Q45
Lease Grid,Normal,List20,S45
Lease Grid,Normal,List20,U45
Lease Grid,Normal,List20,W45
Lease Grid,Normal,List20,Y45
Lease Grid,Normal,List20,AA45
Lease Grid,Other,List21,I46
Lease Grid,Similar,List21,K46
Lease Grid,Similar,List21,M46
Lease Grid,Similar,List21,O46
Lease Grid,Similar,List21,Q46
Lease Grid,Similar,List21,S46
Lease Grid,Similar,List21,U46
Lease Grid,Similar,List21,W46
Lease Grid,Similar,List21,Y46
Lease Grid,Similar,List21,AA46
Lease Grid,Adjustment Format,"""All,Quantitative,Qualitative,% Adjustment,$ Adjustment""",C52
Lease Grid,Characteristics Adjustments,CompHeadersLease,F53
Lease Grid,$ Adjustment,CompHeadersLease,F57
Lease Grid,$ Adjustment,CompHeadersLease,F61
Lease Grid,$ Adjustment,CompHeadersLease,F65
Lease Grid,$ Adjustment,CompHeadersLease,F69
Lease Grid,Unknown_Field_O132,"""Yes, No""",O132
Lease Grid,Lease Grid Comparable Ranking Table,"""Unadjusted,Adjusted""",AR165
Lease Grid,Note,"""Show,Hide""",BY472
Lease Grid,Show,"""Show,Hide""",BZ472
Lease Grid,Show,"""Show,Hide""",CA472
Lease Grid,Show,"""Show,Hide""",CB472
Lease Grid,Show,"""Show,Hide""",CC472
Lease Grid,Show,"""Show,Hide""",CD472
Lease Grid,Show,"""Show,Hide""",CE472
Lease Grid,Show,"""Show,Hide""",CF472
Lease Grid,Show,"""Show,Hide""",CG472
Lease Grid,Hide,"""Show,Hide""",CH472
Lease Grid,Hide,"""Show,Hide""",CI472
Lease Grid,Hide,"""Show,Hide""",CJ472
Lease Grid,Hide,"""Show,Hide""",CK472
Lease Grid,Hide,"""Show,Hide""",CL472
Lease Grid,Hide,"""Show,Hide""",CM472
Lease Grid,Hide,"""Show,Hide""",CN472
Lease Grid,Lessee,"""Date,Start Date""",CB475
Lease Grid,Rows,"""Show,Hide,Auto""",BV476
Lease Grid,Auto,"""Show,Hide,Auto""",BV477
Lease Grid,Comparison,List21,CL477
Lease Grid,Auto,"""Show,Hide,Auto""",BV478
Lease Grid,Auto,"""Show,Hide,Auto""",BV479
Lease Grid,Auto,"""Show,Hide,Auto""",BV480
Lease Grid,Auto,"""Show,Hide,Auto""",BV481
Lease Grid,Auto,"""Show,Hide,Auto""",BV482
Lease Grid,Auto,"""Show,Hide,Auto""",BV483
Lease Grid,Auto,"""Show,Hide,Auto""",BV484
Lease Grid,Auto,"""Show,Hide,Auto""",BV485
Lease Grid,Auto,"""Show,Hide,Auto""",BV486
Lease Grid,Auto,"""Show,Hide,Auto""",BV487
Lease Grid,Auto,"""Show,Hide,Auto""",BV488
Lease Grid,Auto,"""Show,Hide,Auto""",BV489
Lease Grid,Auto,"""Show,Hide,Auto""",BV490
Lease Grid,Auto,"""Show,Hide,Auto""",BV491
Lease Grid,Auto,"""Show,Hide,Auto""",BV492
Lease Grid,Auto,"""Show,Hide,Auto""",BV493
Lease Grid,Auto,"""Show,Hide,Auto""",BV494
Lease Grid,Auto,"""Show,Hide,Auto""",BV495
Lease Grid,Auto,"""Show,Hide,Auto""",BV496
Lease Grid,Auto,"""Show,Hide,Auto""",BV497
Lease Grid,Auto,"""Show,Hide,Auto""",BV498
Lease Grid,Auto,"""Show,Hide,Auto""",BV499
Lease Grid,Auto,"""Show,Hide,Auto""",BV500
Lease Grid,Auto,"""Show,Hide,Auto""",BV501
Lease Grid,Auto,"""Show,Hide,Auto""",BV502
Lease Grid,Auto,"""Show,Hide,Auto""",BV503
Lease Grid,Auto,"""Show,Hide,Auto""",BV504
Lease Grid,Auto,"""Show,Hide,Auto""",BV505
Lease Grid,Auto,"""Show,Hide,Auto""",BV506
Lease Grid,Auto,"""Show,Hide,Auto""",BV507
Lease Grid,Auto,"""Show,Hide,Auto""",BV508
Lease Grid,Auto,"""Show,Hide,Auto""",BV509
Lease Grid,Auto,"""Show,Hide,Auto""",BV510
Lease Grid,Auto,"""Show,Hide,Auto""",BV511
Lease Grid,Auto,"""Show,Hide,Auto""",BV512
Lease Grid,Auto,"""Show,Hide,Auto""",BV513
Lease Grid,Auto,"""Show,Hide,Auto""",BV514
Lease Grid,Auto,"""Show,Hide,Auto""",BV515
Lease Grid,Auto,"""Show,Hide,Auto""",BV516
Lease Grid,Auto,"""Show,Hide,Auto""",BV517
Lease Grid,Auto,"""Show,Hide,Auto""",BV518
Lease Grid,Auto,"""Show,Hide,Auto""",BV519
Lease Grid,Auto,"""Show,Hide,Auto""",BV520
Lease Grid,Auto,"""Show,Hide,Auto""",BV521
Lease Grid,Auto,"""Show,Hide,Auto""",BV522
Lease Grid,Auto,"""Show,Hide,Auto""",BV523
Lease Grid,Auto,"""Show,Hide,Auto""",BV524
Lease Grid,Auto,"""Show,Hide,Auto""",BV525
Lease Grid,Auto,"""Show,Hide,Auto""",BV526
Lease Grid,Auto,"""Show,Hide,Auto""",BV527
Lease Grid,Auto,"""Show,Hide,Auto""",BV528
Lease Grid,Auto,"""Show,Hide,Auto""",BV529
Lease Grid,Auto,"""Show,Hide,Auto""",BV530
Lease Grid,Auto,"""Show,Hide,Auto""",BV531
Lease Grid,Auto,"""Show,Hide,Auto""",BV532
Lease Grid,Auto,"""Show,Hide,Auto""",BV533
Lease Grid,Auto,"""Show,Hide,Auto""",BV534
Lease Grid,Auto,"""Show,Hide,Auto""",BV535
Lease Grid,Auto,"""Show,Hide,Auto""",BV536
Lease Grid,Auto,"""Show,Hide,Auto""",BV537
Lease Grid,Auto,"""Show,Hide,Auto""",BV538
Lease Grid,Auto,"""Show,Hide,Auto""",BV539
Lease Grid,Auto,"""Show,Hide,Auto""",BV540
Lease Grid,Auto,"""Show,Hide,Auto""",BV541
Lease Grid,Auto,"""Show,Hide,Auto""",BV542
Lease Grid,Auto,"""Show,Hide,Auto""",BV543
Lease Grid,Auto,"""Show,Hide,Auto""",BV544
Lease Grid,Auto,"""Show,Hide,Auto""",BV545
Lease Grid,Auto,"""Show,Hide,Auto""",BV546
Lease Grid,Auto,"""Show,Hide,Auto""",BV547
Lease Grid,Auto,"""Show,Hide,Auto""",BV548
Lease Grid,Auto,"""Show,Hide,Auto""",BV549
Lease Grid,Auto,"""Show,Hide,Auto""",BV550
Lease Grid,Auto,"""Show,Hide,Auto""",BV551
Lease Grid,Auto,"""Show,Hide,Auto""",BV552
Lease Grid,Auto,"""Show,Hide,Auto""",BV553
Lease Grid,Auto,"""Show,Hide,Auto""",BV554
Lease Grid,Auto,"""Show,Hide,Auto""",BV555
Lease Grid,Auto,"""Show,Hide,Auto""",BV556
Lease Grid,Auto,"""Show,Hide,Auto""",BV557
Lease Grid,Auto,"""Show,Hide,Auto""",BV558
Lease Grid,Auto,"""Show,Hide,Auto""",BV559
Lease Grid,Auto,"""Show,Hide,Auto""",BV560
Lease Grid,Auto,"""Show,Hide,Auto""",BV561
Lease Grid,Auto,"""Show,Hide,Auto""",BV562
Lease Grid,Auto,"""Show,Hide,Auto""",BV563
Lease Grid,Auto,"""Show,Hide,Auto""",BV564
Lease Grid,Auto,"""Show,Hide,Auto""",BV565
Lease Grid,Auto,"""Show,Hide,Auto""",BV566
Lease Grid,Auto,"""Show,Hide,Auto""",BV567
Lease Grid,Auto,"""Show,Hide,Auto""",BV568
Lease Grid,Auto,"""Show,Hide,Auto""",BV569
Lease Grid,Auto,"""Show,Hide,Auto""",BV570
Lease Grid,Auto,"""Show,Hide,Auto""",BV571
Lease Grid,Auto,"""Show,Hide,Auto""",BV572
Lease Grid,Auto,"""Show,Hide,Auto""",BV573
Lease Grid,Auto,"""Show,Hide,Auto""",BV574
Lease Grid,Auto,"""Show,Hide,Auto""",BV575
Lease Grid,Auto,"""Show,Hide,Auto""",BV576
Lease Grid,Auto,"""Show,Hide,Auto""",BV577
Lease Grid,Auto,"""Show,Hide,Auto""",BV578
Lease Grid,Auto,"""Show,Hide,Auto""",BV579
Lease Grid,Auto,"""Show,Hide,Auto""",BV580
Lease Grid,Auto,"""Show,Hide,Auto""",BV581
Lease Grid,Auto,"""Show,Hide,Auto""",BV582
Lease Grid,Auto,"""Show,Hide,Auto""",BV583
Lease Grid,Auto,"""Show,Hide,Auto""",BV584
Lease Grid,Auto,"""Show,Hide,Auto""",BV585
Lease Grid,Auto,"""Show,Hide,Auto""",BV586
Lease Grid,Auto,"""Show,Hide,Auto""",BV587
Lease Grid,Auto,"""Show,Hide,Auto""",BV588
Lease Grid,Auto,"""Show,Hide,Auto""",BV589
Lease Grid,Auto,"""Show,Hide,Auto""",BV590
Lease Grid,Auto,"""Show,Hide,Auto""",BV591
Lease Grid,Auto,"""Show,Hide,Auto""",BV592
Lease Grid,Auto,"""Show,Hide,Auto""",BV593
Lease Grid,Auto,"""Show,Hide,Auto""",BV594
Lease Grid,Auto,"""Show,Hide,Auto""",BV595
Lease Grid,Auto,"""Show,Hide,Auto""",BV596
Lease Grid,Auto,"""Show,Hide,Auto""",BV597
Lease Grid,Auto,"""Show,Hide,Auto""",BV598
Lease Grid,Auto,"""Show,Hide,Auto""",BV599
Lease Grid,Auto,"""Show,Hide,Auto""",BV600
Lease Grid,Auto,"""Show,Hide,Auto""",BV601
Lease Grid,Auto,"""Show,Hide,Auto""",BV602
Lease Grid,Auto,"""Show,Hide,Auto""",BV603
Lease Grid,Auto,"""Show,Hide,Auto""",BV604
Lease Grid,Auto,"""Show,Hide,Auto""",BV605
Lease Grid,Auto,"""Show,Hide,Auto""",BV606
Lease Grid,Auto,"""Show,Hide,Auto""",BV607
Lease Grid,Auto,"""Show,Hide,Auto""",BV608
Lease Grid,Auto,"""Show,Hide,Auto""",BV609
Lease Grid,Auto,"""Show,Hide,Auto""",BV610
Lease Grid,Auto,"""Show,Hide,Auto""",BV611
Lease Grid,Auto,"""Show,Hide,Auto""",BV612
Lease Grid,Auto,"""Show,Hide,Auto""",BV613
Lease Grid,Auto,"""Show,Hide,Auto""",BV614
Lease Grid,Auto,"""Show,Hide,Auto""",BV615
Lease Grid,Auto,"""Show,Hide,Auto""",BV616
Lease Grid,Auto,"""Show,Hide,Auto""",BV617
Lease Grid,Auto,"""Show,Hide,Auto""",BV618
Lease Grid,Auto,"""Show,Hide,Auto""",BV619
Lease Grid,Auto,"""Show,Hide,Auto""",BV620
Lease Grid,Auto,"""Show,Hide,Auto""",BV621
Lease Grid,Auto,"""Show,Hide,Auto""",BV622
Lease Grid,Auto,"""Show,Hide,Auto""",BV623
Lease Grid,Auto,"""Show,Hide,Auto""",BV624
Lease Grid,Auto,"""Show,Hide,Auto""",BV625
Lease Grid,Auto,"""Show,Hide,Auto""",BV626
Lease Grid,Auto,"""Show,Hide,Auto""",BV627
Lease Grid,Auto,"""Show,Hide,Auto""",BV628
Lease Grid,Auto,"""Show,Hide,Auto""",BV629
Lease Grid,Auto,"""Show,Hide,Auto""",BV630
Lease Grid,Auto,"""Show,Hide,Auto""",BV631
Lease Grid,Auto,"""Show,Hide,Auto""",BV632
Lease Grid,Auto,"""Show,Hide,Auto""",BV633
Lease Grid,Auto,"""Show,Hide,Auto""",BV634
Lease Grid,Auto,"""Show,Hide,Auto""",BV635
Lease Grid,Toggle Columns,"""Show,Hide""",DN667
Lease Grid,Show,"""Show,Hide""",DO667
Lease Grid,Show,"""Show,Hide""",DP667
Lease Grid,Show,"""Show,Hide""",DQ667
Lease Grid,Show,"""Show,Hide""",DR667
Lease Grid,Show,"""Show,Hide""",DS667
Lease Grid,Show,"""Show,Hide""",DT667
Lease Grid,Show,"""Show,Hide""",DU667
Lease Grid,Show,"""Show,Hide""",DV667
Lease Grid,Show,"""Show,Hide""",DW667
Lease Grid,"Multifamily Tables: This section has 16 tables stacked vertically. Table 1 is an overview of the selected comps, Tables 2-16 detail rent by unit types.",CompHeadersLease,DM670
Lease Grid,Name,CompHeadersLease,DN670
Lease Grid,Property Type,CompHeadersLease,DO670
Lease Grid,No. of Units,CompHeadersLease,DP670
Lease Grid,Vacant Units,CompHeadersLease,DQ670
Lease Grid,Rentable Area,CompHeadersLease,DR670
Lease Grid,No. of Stories,CompHeadersLease,DS670
Lease Grid,No. of Buildings,CompHeadersLease,DT670
Lease Grid,No. of Bedrooms,CompHeadersLease,DU670
Lease Grid,No. of Bathrooms,CompHeadersLease,DV670
Lease Grid,Year Built,CompHeadersLease,DW670
Lease Grid,Select Metric,"""SF,M2""",DQ684
Lease Grid,Choose Comp Unit Type,Comp1UnitTypes,DI688
Lease Grid,Premium,Comp2UnitTypes,DI689
Lease Grid,Standard,Comp3UnitTypes,DI690
Lease Grid,Choose Comp Unit Type,Comp1UnitTypes,DI708
Lease Grid,Choose Comp Unit Type,Comp1UnitTypes,DI728
Lease Grid,Choose Comp Unit Type,Comp1UnitTypes,DI748
Lease Grid,Choose Comp Unit Type,Comp1UnitTypes,DI768
Lease Grid,Choose Comp Unit Type,Comp1UnitTypes,DI788
Lease Grid,Choose Comp Unit Type,Comp1UnitTypes,DI808
Lease Grid,Choose Comp Unit Type,Comp1UnitTypes,DI828
Lease Grid,Choose Comp Unit Type,Comp1UnitTypes,DI848
Lease Grid,Choose Comp Unit Type,Comp1UnitTypes,DI868
Lease Grid,Choose Comp Unit Type,Comp1UnitTypes,DI888
Lease Grid,Choose Comp Unit Type,Comp1UnitTypes,DI908
Lease Grid,Choose Comp Unit Type,Comp1UnitTypes,DI928
Lease Grid,Choose Comp Unit Type,Comp1UnitTypes,DI948
Lease Grid,Choose Comp Unit Type,Comp1UnitTypes,DI967
Lease Grid,Unknown_Field_EI985,"""Show,Hide""",EI985
Lease Grid,Unknown_Field_EJ985,"""Show,Hide""",EJ985
Lease Grid,Unknown_Field_EK985,"""Show,Hide""",EK985
Lease Grid,Unknown_Field_EL985,"""Show,Hide""",EL985
Lease Grid,Unknown_Field_EM985,"""Show,Hide""",EM985
Lease Grid,Unknown_Field_EN985,"""Show,Hide""",EN985
Lease Grid,Unknown_Field_EO985,"""Show,Hide""",EO985
Lease Grid,Unknown_Field_EP985,"""Show,Hide""",EP985
Lease Grid,Unknown_Field_EQ985,"""Show,Hide""",EQ985
Lease Grid,Unknown_Field_ER985,"""Show,Hide""",ER985
Lease Grid,Toggle Display,"""Show,Hide""",ED990
Lease Grid,Show,"""Show,Hide""",ED991
Lease Grid,Show,"""Show,Hide""",ED992
Lease Grid,Show,"""Show,Hide""",ED993
Lease Grid,Show,"""Show,Hide""",ED994
Lease Grid,Show,"""Show,Hide""",ED995
Lease Grid,Show,"""Show,Hide""",ED996
Lease Grid,Show,"""Show,Hide""",ED997
Lease Grid,Show,"""Show,Hide""",ED998
Lease Grid,Show,"""Show,Hide""",ED999
Lease Grid,Show,"""Show,Hide""",ED1000
Lease Grid,Show,"""Show,Hide""",ED1001
Lease Grid,Show,"""Show,Hide""",ED1002
Lease Grid,Show,"""Show,Hide""",ED1003
Lease Grid,Show,"""Show,Hide""",ED1004
Lease Grid,Show,"""Show,Hide""",ED1005
Lease Grid,Show,"""Show,Hide""",ED1006
Lease Grid,Show,"""Show,Hide""",ED1007
Lease Grid,Show,"""Show,Hide""",ED1008
Lease Grid,Show,"""Show,Hide""",ED1009
Lease Grid,Show,"""Show,Hide""",ED1010
Lease Grid,Show,"""Show,Hide""",ED1011
Lease Grid,Show,"""Show,Hide""",ED1012
Lease Grid,Show,"""Show,Hide""",ED1013
Lease Grid,Show,"""Show,Hide""",ED1014
Lease Grid,Show,"""Show,Hide""",ED1015
Lease Grid,Show,"""Show,Hide""",ED1016
Lease Grid,Show,"""Show,Hide""",ED1017
Lease Grid,Show,"""Show,Hide""",ED1018
Lease Grid,Show,"""Show,Hide""",ED1019
Lease Grid,Show,"""Show,Hide""",ED1020
Lease Grid,Show,"""Show,Hide""",ED1021
Lease Grid,Show,"""Show,Hide""",ED1022
Lease Grid,Hide,"""Show,Hide""",ED1023
Lease Grid,Hide,"""Show,Hide""",ED1024
Lease Grid,Hide,"""Show,Hide""",ED1025
Lease Grid,Comparison to Subject,List21,EI1026
Lease Grid,Similar,List21,EJ1026
Lease Grid,Similar,List21,EK1026
Lease Grid,Similar,List21,EL1026
Lease Grid,Similar,List21,EM1026
Lease Grid,Similar,List21,EN1026
Lease Grid,Similar,List21,EO1026
Lease Grid,Similar,List21,EP1026
Lease Grid,Similar,List21,EQ1026
Lease Grid,Similar,List21,ER1026
Lease Grid,Hide,"""Show,Hide""",ED1029
Lease Grid,Show,"""Show,Hide""",ED1030
Lease Grid,Show,"""Show,Hide""",ED1031
Lease Grid,Show,"""Show,Hide""",ED1032
Lease Grid,Show,"""Show,Hide""",ED1033
Lease Grid,Show,"""Show,Hide""",ED1034
Lease Grid,Show,"""Show,Hide""",ED1035
Lease Grid,Show,"""Show,Hide""",ED1036
Lease Grid,Show,"""Show,Hide""",ED1037
Lease Grid,Show,"""Show,Hide""",ED1038
Lease Grid,Show,"""Show,Hide""",ED1039
Lease Grid,Show,"""Show,Hide""",ED1040
Lease Grid,Show,"""Show,Hide""",ED1041
Lease Grid,Show,"""Show,Hide""",ED1042
Lease Grid,Show,"""Show,Hide""",ED1043
Lease Grid,Show,"""Show,Hide""",ED1044
Lease Grid,Show,"""Show,Hide""",ED1045
Lease Grid,Show,"""Show,Hide""",ED1046
Lease Grid,Show,"""Show,Hide""",ED1047
Lease Grid,Show,"""Show,Hide""",ED1048
Lease Grid,Show,"""Show,Hide""",ED1049
Lease Grid,Show,"""Show,Hide""",ED1050
Lease Grid,Show,"""Show,Hide""",ED1051
Lease Grid,Show,"""Show,Hide""",ED1052
Lease Grid,Show,"""Show,Hide""",ED1053
Lease Grid,Show,"""Show,Hide""",ED1054
Lease Grid,Show,"""Show,Hide""",ED1055
Lease Grid,Show,"""Show,Hide""",ED1056
Lease Grid,Hide,"""Show,Hide""",ED1057
Lease Grid,Comparison to Subject,List21,EI1058
Lease Grid,Similar,List21,EJ1058
Lease Grid,Similar,List21,EK1058
Lease Grid,Similar,List21,EL1058
Lease Grid,Similar,List21,EM1058
Lease Grid,Similar,List21,EN1058
Lease Grid,Similar,List21,EO1058
Lease Grid,Similar,List21,EP1058
Lease Grid,Similar,List21,EQ1058
Lease Grid,Similar,List21,ER1058
Lease Grid,Hide,"""Show,Hide""",ED1059
Lease Grid,Show,"""Show,Hide""",ED1060
Lease Grid,Show,"""Show,Hide""",ED1061
Lease Grid,Show,"""Show,Hide""",ED1062
Lease Grid,Show,"""Show,Hide""",ED1063
Lease Grid,Show,"""Show,Hide""",ED1064
Lease Grid,Show,"""Show,Hide""",ED1065
Lease Grid,Show,"""Show,Hide""",ED1066
Lease Grid,Show,"""Show,Hide""",ED1067
Lease Grid,Show,"""Show,Hide""",ED1068
Lease Grid,Show,"""Show,Hide""",ED1069
Lease Grid,Show,"""Show,Hide""",ED1070
Lease Grid,Comparison to Subject,List21,EI1070
Lease Grid,Similar,List21,EJ1070
Lease Grid,Similar,List21,EK1070
Lease Grid,Similar,List21,EL1070
Lease Grid,Similar,List21,EM1070
Lease Grid,Similar,List21,EN1070
Lease Grid,Similar,List21,EO1070
Lease Grid,Similar,List21,EP1070
Lease Grid,Similar,List21,EQ1070
Lease Grid,Similar,List21,ER1070
Lease Grid,Show,"""Show,Hide""",ED1071
Lease Grid,Hide,"""Show,Hide""",ED1072
Lease Grid,Hide,"""Show,Hide""",ED1073
Lease Grid,Hide,"""Show,Hide""",ED1074
Lease Grid,Hide,"""Show,Hide""",ED1075
Lease Grid,Step 4. Choose a default display for empty Database fields,"""NA,' ,'--,""",FI1093
Lease Grid,Navigate,CompHeadersLease,FD1107
Lease Grid,Address,CompHeadersLease,FD1108
Lease Grid,City,CompHeadersLease,FD1109
Lease Grid,State,CompHeadersLease,FD1110
Lease Grid,Zip,CompHeadersLease,FD1111
Lease Grid,County,CompHeadersLease,FD1112
Lease Grid,Latitude,CompHeadersLease,FD1113
Lease Grid,Longitude,CompHeadersLease,FD1114
Lease Grid,Tax ID,CompHeadersLease,FD1115
Lease Grid,Property Major Type,CompHeadersLease,FD1116
Lease Grid,Property Type,CompHeadersLease,FD1117
Lease Grid,Location,CompHeadersLease,FD1125
Lease Grid,ID,CompHeadersLease,FH1125
Lease Grid,ID,CompHeadersLease,FD1126
Lease Grid,Name,CompHeadersLease,FH1126
Lease Grid,Name,CompHeadersLease,FD1127
Lease Grid,Address,CompHeadersLease,FH1127
Lease Grid,Address,CompHeadersLease,FD1128
Lease Grid,City,CompHeadersLease,FH1128
Lease Grid,City,CompHeadersLease,FD1129
Lease Grid,State,CompHeadersLease,FH1129
Lease Grid,State,CompHeadersLease,FD1130
Lease Grid,Property Major Type,CompHeadersLease,FH1130
Lease Grid,Property Major Type,CompHeadersLease,FD1131
Lease Grid,Property Type,CompHeadersLease,FH1131
Lease Grid,Office,CompHeadersLease,FD1135
Lease Grid,No Of Office Units,CompHeadersLease,FD1136
Lease Grid,Office GBA,CompHeadersLease,FH1136
Lease Grid,Office GBA,CompHeadersLease,FD1137
Lease Grid,Usable Area,CompHeadersLease,FH1137
Lease Grid,Usable Area,CompHeadersLease,FD1138
Lease Grid,Percent Office,CompHeadersLease,FH1138
Lease Grid,Percent Office,CompHeadersLease,FD1139
Lease Grid,Building Class,CompHeadersLease,FH1139
Lease Grid,Retail / SC,CompHeadersLease,FD1141
Lease Grid,Property Type,CompHeadersLease,FH1141
Lease Grid,Property Type,CompHeadersLease,FD1142
Lease Grid,No Of Retail Units,CompHeadersLease,FH1142
Lease Grid,No Of Retail Units,CompHeadersLease,FD1143
Lease Grid,Retail GBA,CompHeadersLease,FH1143
Lease Grid,Retail GBA,CompHeadersLease,FD1144
Lease Grid,GLA,CompHeadersLease,FH1144
Lease Grid,Parking Ratio GBA,CompHeadersLease,FH1145
Lease Grid,GLA,CompHeadersLease,FD1146
Lease Grid,Percent Retail,CompHeadersLease,FH1146
Lease Grid,Industrial / OW,CompHeadersLease,FD1147
Lease Grid,No Of Industrial Units,CompHeadersLease,FH1147
Lease Grid,No Of Industrial Units,CompHeadersLease,FD1148
Lease Grid,Industrial GBA,CompHeadersLease,FH1148
Lease Grid,Industrial GBA,CompHeadersLease,FD1149
Lease Grid,Column Spacing,CompHeadersLease,FH1149
Lease Grid,Column Spacing,CompHeadersLease,FD1150
Lease Grid,No. of Truck Doors,CompHeadersLease,FH1150
Lease Grid,No. of Truck Doors,CompHeadersLease,FD1151
Lease Grid,Typical Bay Depth,CompHeadersLease,FH1151
Lease Grid,Typical Bay Depth,CompHeadersLease,FD1152
Lease Grid,Cooling,CompHeadersLease,FH1152
Lease Grid,MF,CompHeadersLease,FD1153
Lease Grid,Property Type,CompHeadersLease,FH1153
Lease Grid,Property Type,CompHeadersLease,FD1154
Lease Grid,Project Style,CompHeadersLease,FH1154
Lease Grid,Project Style,CompHeadersLease,FD1155
Lease Grid,Multifamily Project Amenities,CompHeadersLease,FD1156
Lease Grid,SH,CompHeadersLease,FD1157
Lease Grid,No. of Beds,CompHeadersLease,FH1157
Lease Grid,No. of Beds,CompHeadersLease,FD1158
Lease Grid,Medicaid Percentage,CompHeadersLease,FH1158
Lease Grid,Medicaid Percentage,CompHeadersLease,FD1159
Lease Grid,Medicare Percentage,CompHeadersLease,FH1159
Lease Grid,Medicare Percentage,CompHeadersLease,FD1160
Lease Grid,VA Percentage,CompHeadersLease,FH1160
Lease Grid,VA Percentage,CompHeadersLease,FD1161
Lease Grid,Private Pay Percentage,CompHeadersLease,FH1161
Lease Grid,Private Pay Percentage,CompHeadersLease,FD1162
Lease Grid,Other Percentage,CompHeadersLease,FH1162
Lease Grid,L & H,CompHeadersLease,FD1163
Lease Grid,No. of Rooms,CompHeadersLease,FH1163
Lease Grid,No. of Rooms,CompHeadersLease,FD1164
Lease Grid,ADR,CompHeadersLease,FH1164
Lease Grid,ADR,CompHeadersLease,FD1165
Lease Grid,Product Segment,CompHeadersLease,FH1165
Lease Grid,Type,"""Date,Start Date""",FL1167
Lease Grid,Unknown_Field_EZ1168,"""Auto,Show,Hide""",EZ1168
Lease Grid,Unknown_Field_EZ1169,"""Auto,Show,Hide""",EZ1169
Lease Grid,Unknown_Field_EZ1170,"""Auto,Show,Hide""",EZ1170
Lease Grid,Unknown_Field_EZ1171,"""Auto,Show,Hide""",EZ1171
Lease Grid,Unknown_Field_EZ1172,"""Auto,Show,Hide""",EZ1172
Lease Grid,Unknown_Field_EZ1173,"""Auto,Show,Hide""",EZ1173
Lease Grid,Unknown_Field_EZ1174,"""Auto,Show,Hide""",EZ1174
Lease Grid,Unknown_Field_EZ1175,"""Auto,Show,Hide""",EZ1175
Lease Grid,Unknown_Field_EZ1176,"""Auto,Show,Hide""",EZ1176
Lease Grid,Unknown_Field_EZ1177,"""Auto,Show,Hide""",EZ1177
Lease Grid,Unknown_Field_EZ1178,"""Auto,Show,Hide""",EZ1178
Lease Grid,Unknown_Field_EZ1179,"""Auto,Show,Hide""",EZ1179
Lease Grid,Unknown_Field_EZ1180,"""Auto,Show,Hide""",EZ1180
Lease Grid,Unknown_Field_EZ1181,"""Auto,Show,Hide""",EZ1181
Lease Grid,Unknown_Field_EZ1182,"""Auto,Show,Hide""",EZ1182
Lease Grid,Unknown_Field_EZ1183,"""Auto,Show,Hide""",EZ1183
Lease Grid,Unknown_Field_EZ1184,"""Auto,Show,Hide""",EZ1184
Lease Grid,Unknown_Field_EZ1185,"""Auto,Show,Hide""",EZ1185
Lease Grid,Unknown_Field_EZ1186,"""Auto,Show,Hide""",EZ1186
Lease Grid,Unknown_Field_EZ1187,"""Auto,Show,Hide""",EZ1187
Lease Grid,Unknown_Field_EZ1188,"""Auto,Show,Hide""",EZ1188
Lease Grid,Unknown_Field_EZ1189,"""Auto,Show,Hide""",EZ1189
Lease Grid,Unknown_Field_EZ1190,"""Auto,Show,Hide""",EZ1190
Lease Grid,Unknown_Field_EZ1191,"""Auto,Show,Hide""",EZ1191
Lease Grid,Unknown_Field_EZ1192,"""Auto,Show,Hide""",EZ1192
Lease Grid,Unknown_Field_EZ1193,"""Auto,Show,Hide""",EZ1193
Lease Grid,Unknown_Field_EZ1194,"""Auto,Show,Hide""",EZ1194
Lease Grid,Unknown_Field_EZ1195,"""Auto,Show,Hide""",EZ1195
Lease Grid,Unknown_Field_EZ1196,"""Auto,Show,Hide""",EZ1196
Lease Grid,Unknown_Field_EZ1197,"""Auto,Show,Hide""",EZ1197
Lease Grid,Unknown_Field_EZ1198,"""Auto,Show,Hide""",EZ1198
Lease Grid,Unknown_Field_EZ1199,"""Auto,Show,Hide""",EZ1199
Lease Grid,Rent/Month,"""SF,M2,SF/Mo.""",FP1201
Lease Grid,Unknown_Field_EZ1202,"""Auto,Show,Hide""",EZ1202
Lease Grid,Unknown_Field_EZ1203,"""Auto,Show,Hide""",EZ1203
Lease Grid,Unknown_Field_EZ1204,"""Auto,Show,Hide""",EZ1204
Lease Grid,Unknown_Field_EZ1205,"""Auto,Show,Hide""",EZ1205
Lease Grid,Unknown_Field_EZ1206,"""Auto,Show,Hide""",EZ1206
Lease Grid,Unknown_Field_EZ1207,"""Auto,Show,Hide""",EZ1207
Lease Grid,Unknown_Field_EZ1208,"""Auto,Show,Hide""",EZ1208
Lease Grid,Unknown_Field_EZ1209,"""Auto,Show,Hide""",EZ1209
Lease Grid,Unknown_Field_EZ1210,"""Auto,Show,Hide""",EZ1210
Lease Grid,Unknown_Field_EZ1211,"""Auto,Show,Hide""",EZ1211
Lease Grid,Unknown_Field_EZ1212,"""Auto,Show,Hide""",EZ1212
Lease Grid,Unknown_Field_EZ1213,"""Auto,Show,Hide""",EZ1213
Lease Grid,Unknown_Field_EZ1214,"""Auto,Show,Hide""",EZ1214
Lease Grid,Unknown_Field_EZ1215,"""Auto,Show,Hide""",EZ1215
Lease Grid,Unknown_Field_EZ1216,"""Auto,Show,Hide""",EZ1216
Lease Grid,Unknown_Field_EZ1217,"""Auto,Show,Hide""",EZ1217
Lease Grid,Unknown_Field_EZ1218,"""Auto,Show,Hide""",EZ1218
Lease Grid,Unknown_Field_FP1219,"""General Comments,Commercial Lease Comments,Multi-Family Comments,Individual Tenant Comments""",FP1219
Lease Grid,Unknown_Field_EZ1295,"""Auto,Show,Hide""",EZ1295
Lease Grid,Unknown_Field_EZ1296,"""Auto,Show,Hide""",EZ1296
Lease Grid,Unknown_Field_EZ1297,"""Auto,Show,Hide""",EZ1297
Lease Grid,Unknown_Field_EZ1298,"""Auto,Show,Hide""",EZ1298
Lease Grid,Unknown_Field_EZ1299,"""Auto,Show,Hide""",EZ1299
Lease Grid,Unknown_Field_EZ1300,"""Auto,Show,Hide""",EZ1300
Lease Grid,Unknown_Field_EZ1301,"""Auto,Show,Hide""",EZ1301
Lease Grid,Unknown_Field_EZ1302,"""Auto,Show,Hide""",EZ1302
Lease Grid,Unknown_Field_EZ1303,"""Auto,Show,Hide""",EZ1303
Lease Grid,Unknown_Field_EZ1304,"""Auto,Show,Hide""",EZ1304
Lease Grid,Unknown_Field_EZ1305,"""Auto,Show,Hide""",EZ1305
Lease Grid,Unknown_Field_EZ1306,"""Auto,Show,Hide""",EZ1306
Lease Grid,Unknown_Field_EZ1307,"""Auto,Show,Hide""",EZ1307
Lease Grid,Unknown_Field_EZ1308,"""Auto,Show,Hide""",EZ1308
Lease Grid,Unknown_Field_EZ1309,"""Auto,Show,Hide""",EZ1309
Lease Grid,Unknown_Field_EZ1310,"""Auto,Show,Hide""",EZ1310
Lease Grid,Unknown_Field_EZ1311,"""Auto,Show,Hide""",EZ1311
Lease Grid,Unknown_Field_EZ1312,"""Auto,Show,Hide""",EZ1312
Lease Grid,Unknown_Field_EZ1313,"""Auto,Show,Hide""",EZ1313
Lease Grid,Unknown_Field_EZ1314,"""Auto,Show,Hide""",EZ1314
Lease Grid,Unknown_Field_EZ1315,"""Auto,Show,Hide""",EZ1315
Lease Grid,Unknown_Field_EZ1316,"""Auto,Show,Hide""",EZ1316
Lease Grid,Unknown_Field_EZ1317,"""Auto,Show,Hide""",EZ1317
Lease Grid,Unknown_Field_EZ1318,"""Auto,Show,Hide""",EZ1318
Lease Grid,Unknown_Field_EZ1319,"""Auto,Show,Hide""",EZ1319
Lease Grid,Unknown_Field_EZ1320,"""Auto,Show,Hide""",EZ1320
Lease Grid,Unknown_Field_EZ1321,"""Auto,Show,Hide""",EZ1321
Lease Grid,Unknown_Field_EZ1322,"""Auto,Show,Hide""",EZ1322
Lease Grid,Unknown_Field_EZ1323,"""Auto,Show,Hide""",EZ1323
Lease Grid,Unknown_Field_EZ1324,"""Auto,Show,Hide""",EZ1324
Lease Grid,Unknown_Field_EZ1325,"""Auto,Show,Hide""",EZ1325
Lease Grid,Unknown_Field_EZ1326,"""Auto,Show,Hide""",EZ1326
Lease Grid,Rent/Month,"""SF,M2,SF/Mo.""",FP1328
Lease Grid,Unknown_Field_EZ1329,"""Auto,Show,Hide""",EZ1329
Lease Grid,Unknown_Field_EZ1330,"""Auto,Show,Hide""",EZ1330
Lease Grid,Unknown_Field_EZ1331,"""Auto,Show,Hide""",EZ1331
Lease Grid,Unknown_Field_EZ1332,"""Auto,Show,Hide""",EZ1332
Lease Grid,Unknown_Field_EZ1333,"""Auto,Show,Hide""",EZ1333
Lease Grid,Unknown_Field_EZ1334,"""Auto,Show,Hide""",EZ1334
Lease Grid,Unknown_Field_EZ1335,"""Auto,Show,Hide""",EZ1335
Lease Grid,Unknown_Field_EZ1336,"""Auto,Show,Hide""",EZ1336
Lease Grid,Unknown_Field_EZ1337,"""Auto,Show,Hide""",EZ1337
Lease Grid,Unknown_Field_EZ1338,"""Auto,Show,Hide""",EZ1338
Lease Grid,Unknown_Field_EZ1339,"""Auto,Show,Hide""",EZ1339
Lease Grid,Unknown_Field_EZ1340,"""Auto,Show,Hide""",EZ1340
Lease Grid,Unknown_Field_EZ1341,"""Auto,Show,Hide""",EZ1341
Lease Grid,Unknown_Field_EZ1342,"""Auto,Show,Hide""",EZ1342
Lease Grid,Unknown_Field_EZ1343,"""Auto,Show,Hide""",EZ1343
Lease Grid,Unknown_Field_EZ1344,"""Auto,Show,Hide""",EZ1344
Lease Grid,Unknown_Field_EZ1345,"""Auto,Show,Hide""",EZ1345
Lease Grid,Unknown_Field_FP1346,"""General Comments,Commercial Lease Comments,Multi-Family Comments,Individual Tenant Comments""",FP1346
Lease Grid,Unknown_Field_EZ1422,"""Auto,Show,Hide""",EZ1422
Lease Grid,Unknown_Field_EZ1423,"""Auto,Show,Hide""",EZ1423
Lease Grid,Unknown_Field_EZ1424,"""Auto,Show,Hide""",EZ1424
Lease Grid,Unknown_Field_EZ1425,"""Auto,Show,Hide""",EZ1425
Lease Grid,Unknown_Field_EZ1426,"""Auto,Show,Hide""",EZ1426
Lease Grid,Unknown_Field_EZ1427,"""Auto,Show,Hide""",EZ1427
Lease Grid,Unknown_Field_EZ1428,"""Auto,Show,Hide""",EZ1428
Lease Grid,Unknown_Field_EZ1429,"""Auto,Show,Hide""",EZ1429
Lease Grid,Unknown_Field_EZ1430,"""Auto,Show,Hide""",EZ1430
Lease Grid,Unknown_Field_EZ1431,"""Auto,Show,Hide""",EZ1431
Lease Grid,Unknown_Field_EZ1432,"""Auto,Show,Hide""",EZ1432
Lease Grid,Unknown_Field_EZ1433,"""Auto,Show,Hide""",EZ1433
Lease Grid,Unknown_Field_EZ1434,"""Auto,Show,Hide""",EZ1434
Lease Grid,Unknown_Field_EZ1435,"""Auto,Show,Hide""",EZ1435
Lease Grid,Unknown_Field_EZ1436,"""Auto,Show,Hide""",EZ1436
Lease Grid,Unknown_Field_EZ1437,"""Auto,Show,Hide""",EZ1437
Lease Grid,Unknown_Field_EZ1438,"""Auto,Show,Hide""",EZ1438
Lease Grid,Unknown_Field_EZ1439,"""Auto,Show,Hide""",EZ1439
Lease Grid,Unknown_Field_EZ1440,"""Auto,Show,Hide""",EZ1440
Lease Grid,Unknown_Field_EZ1441,"""Auto,Show,Hide""",EZ1441
Lease Grid,Unknown_Field_EZ1442,"""Auto,Show,Hide""",EZ1442
Lease Grid,Unknown_Field_EZ1443,"""Auto,Show,Hide""",EZ1443
Lease Grid,Unknown_Field_EZ1444,"""Auto,Show,Hide""",EZ1444
Lease Grid,Unknown_Field_EZ1445,"""Auto,Show,Hide""",EZ1445
Lease Grid,Unknown_Field_EZ1446,"""Auto,Show,Hide""",EZ1446
Lease Grid,Unknown_Field_EZ1447,"""Auto,Show,Hide""",EZ1447
Lease Grid,Unknown_Field_EZ1448,"""Auto,Show,Hide""",EZ1448
Lease Grid,Unknown_Field_EZ1449,"""Auto,Show,Hide""",EZ1449
Lease Grid,Unknown_Field_EZ1450,"""Auto,Show,Hide""",EZ1450
Lease Grid,Unknown_Field_EZ1451,"""Auto,Show,Hide""",EZ1451
Lease Grid,Unknown_Field_EZ1452,"""Auto,Show,Hide""",EZ1452
Lease Grid,Unknown_Field_EZ1453,"""Auto,Show,Hide""",EZ1453
Lease Grid,Rent/Month,"""SF,M2,SF/Mo.""",FP1455
Lease Grid,Unknown_Field_EZ1456,"""Auto,Show,Hide""",EZ1456
Lease Grid,Unknown_Field_EZ1457,"""Auto,Show,Hide""",EZ1457
Lease Grid,Unknown_Field_EZ1458,"""Auto,Show,Hide""",EZ1458
Lease Grid,Unknown_Field_EZ1459,"""Auto,Show,Hide""",EZ1459
Lease Grid,Unknown_Field_EZ1460,"""Auto,Show,Hide""",EZ1460
Lease Grid,Unknown_Field_EZ1461,"""Auto,Show,Hide""",EZ1461
Lease Grid,Unknown_Field_EZ1462,"""Auto,Show,Hide""",EZ1462
Lease Grid,Unknown_Field_EZ1463,"""Auto,Show,Hide""",EZ1463
Lease Grid,Unknown_Field_EZ1464,"""Auto,Show,Hide""",EZ1464
Lease Grid,Unknown_Field_EZ1465,"""Auto,Show,Hide""",EZ1465
Lease Grid,Unknown_Field_EZ1466,"""Auto,Show,Hide""",EZ1466
Lease Grid,Unknown_Field_EZ1467,"""Auto,Show,Hide""",EZ1467
Lease Grid,Unknown_Field_EZ1468,"""Auto,Show,Hide""",EZ1468
Lease Grid,Unknown_Field_EZ1469,"""Auto,Show,Hide""",EZ1469
Lease Grid,Unknown_Field_EZ1470,"""Auto,Show,Hide""",EZ1470
Lease Grid,Unknown_Field_EZ1471,"""Auto,Show,Hide""",EZ1471
Lease Grid,Unknown_Field_EZ1472,"""Auto,Show,Hide""",EZ1472
Lease Grid,Unknown_Field_FP1473,"""General Comments,Commercial Lease Comments,Multi-Family Comments,Individual Tenant Comments""",FP1473
Lease Grid,Unknown_Field_EZ1549,"""Auto,Show,Hide""",EZ1549
Lease Grid,Unknown_Field_EZ1550,"""Auto,Show,Hide""",EZ1550
Lease Grid,Unknown_Field_EZ1551,"""Auto,Show,Hide""",EZ1551
Lease Grid,Unknown_Field_EZ1552,"""Auto,Show,Hide""",EZ1552
Lease Grid,Unknown_Field_EZ1553,"""Auto,Show,Hide""",EZ1553
Lease Grid,Unknown_Field_EZ1554,"""Auto,Show,Hide""",EZ1554
Lease Grid,Unknown_Field_EZ1555,"""Auto,Show,Hide""",EZ1555
Lease Grid,Unknown_Field_EZ1556,"""Auto,Show,Hide""",EZ1556
Lease Grid,Unknown_Field_EZ1557,"""Auto,Show,Hide""",EZ1557
Lease Grid,Unknown_Field_EZ1558,"""Auto,Show,Hide""",EZ1558
Lease Grid,Unknown_Field_EZ1559,"""Auto,Show,Hide""",EZ1559
Lease Grid,Unknown_Field_EZ1560,"""Auto,Show,Hide""",EZ1560
Lease Grid,Unknown_Field_EZ1561,"""Auto,Show,Hide""",EZ1561
Lease Grid,Unknown_Field_EZ1562,"""Auto,Show,Hide""",EZ1562
Lease Grid,Unknown_Field_EZ1563,"""Auto,Show,Hide""",EZ1563
Lease Grid,Unknown_Field_EZ1564,"""Auto,Show,Hide""",EZ1564
Lease Grid,Unknown_Field_EZ1565,"""Auto,Show,Hide""",EZ1565
Lease Grid,Unknown_Field_EZ1566,"""Auto,Show,Hide""",EZ1566
Lease Grid,Unknown_Field_EZ1567,"""Auto,Show,Hide""",EZ1567
Lease Grid,Unknown_Field_EZ1568,"""Auto,Show,Hide""",EZ1568
Lease Grid,Unknown_Field_EZ1569,"""Auto,Show,Hide""",EZ1569
Lease Grid,Unknown_Field_EZ1570,"""Auto,Show,Hide""",EZ1570
Lease Grid,Unknown_Field_EZ1571,"""Auto,Show,Hide""",EZ1571
Lease Grid,Unknown_Field_EZ1572,"""Auto,Show,Hide""",EZ1572
Lease Grid,Unknown_Field_EZ1573,"""Auto,Show,Hide""",EZ1573
Lease Grid,Unknown_Field_EZ1574,"""Auto,Show,Hide""",EZ1574
Lease Grid,Unknown_Field_EZ1575,"""Auto,Show,Hide""",EZ1575
Lease Grid,Unknown_Field_EZ1576,"""Auto,Show,Hide""",EZ1576
Lease Grid,Unknown_Field_EZ1577,"""Auto,Show,Hide""",EZ1577
Lease Grid,Unknown_Field_EZ1578,"""Auto,Show,Hide""",EZ1578
Lease Grid,Unknown_Field_EZ1579,"""Auto,Show,Hide""",EZ1579
Lease Grid,Unknown_Field_EZ1580,"""Auto,Show,Hide""",EZ1580
Lease Grid,Rent/Month,"""SF,M2,SF/Mo.""",FP1582
Lease Grid,Unknown_Field_EZ1583,"""Auto,Show,Hide""",EZ1583
Lease Grid,Unknown_Field_EZ1584,"""Auto,Show,Hide""",EZ1584
Lease Grid,Unknown_Field_EZ1585,"""Auto,Show,Hide""",EZ1585
Lease Grid,Unknown_Field_EZ1586,"""Auto,Show,Hide""",EZ1586
Lease Grid,Unknown_Field_EZ1587,"""Auto,Show,Hide""",EZ1587
Lease Grid,Unknown_Field_EZ1588,"""Auto,Show,Hide""",EZ1588
Lease Grid,Unknown_Field_EZ1589,"""Auto,Show,Hide""",EZ1589
Lease Grid,Unknown_Field_EZ1590,"""Auto,Show,Hide""",EZ1590
Lease Grid,Unknown_Field_EZ1591,"""Auto,Show,Hide""",EZ1591
Lease Grid,Unknown_Field_EZ1592,"""Auto,Show,Hide""",EZ1592
Lease Grid,Unknown_Field_EZ1593,"""Auto,Show,Hide""",EZ1593
Lease Grid,Unknown_Field_EZ1594,"""Auto,Show,Hide""",EZ1594
Lease Grid,Unknown_Field_EZ1595,"""Auto,Show,Hide""",EZ1595
Lease Grid,Unknown_Field_EZ1596,"""Auto,Show,Hide""",EZ1596
Lease Grid,Unknown_Field_EZ1597,"""Auto,Show,Hide""",EZ1597
Lease Grid,Unknown_Field_EZ1598,"""Auto,Show,Hide""",EZ1598
Lease Grid,Unknown_Field_EZ1599,"""Auto,Show,Hide""",EZ1599
Lease Grid,Unknown_Field_FP1600,"""General Comments,Commercial Lease Comments,Multi-Family Comments,Individual Tenant Comments""",FP1600
Lease Grid,Unknown_Field_EZ1676,"""Auto,Show,Hide""",EZ1676
Lease Grid,Unknown_Field_EZ1677,"""Auto,Show,Hide""",EZ1677
Lease Grid,Unknown_Field_EZ1678,"""Auto,Show,Hide""",EZ1678
Lease Grid,Unknown_Field_EZ1679,"""Auto,Show,Hide""",EZ1679
Lease Grid,Unknown_Field_EZ1680,"""Auto,Show,Hide""",EZ1680
Lease Grid,Unknown_Field_EZ1681,"""Auto,Show,Hide""",EZ1681
Lease Grid,Unknown_Field_EZ1682,"""Auto,Show,Hide""",EZ1682
Lease Grid,Unknown_Field_EZ1683,"""Auto,Show,Hide""",EZ1683
Lease Grid,Unknown_Field_EZ1684,"""Auto,Show,Hide""",EZ1684
Lease Grid,Unknown_Field_EZ1685,"""Auto,Show,Hide""",EZ1685
Lease Grid,Unknown_Field_EZ1686,"""Auto,Show,Hide""",EZ1686
Lease Grid,Unknown_Field_EZ1687,"""Auto,Show,Hide""",EZ1687
Lease Grid,Unknown_Field_EZ1688,"""Auto,Show,Hide""",EZ1688
Lease Grid,Unknown_Field_EZ1689,"""Auto,Show,Hide""",EZ1689
Lease Grid,Unknown_Field_EZ1690,"""Auto,Show,Hide""",EZ1690
Lease Grid,Unknown_Field_EZ1691,"""Auto,Show,Hide""",EZ1691
Lease Grid,Unknown_Field_EZ1692,"""Auto,Show,Hide""",EZ1692
Lease Grid,Unknown_Field_EZ1693,"""Auto,Show,Hide""",EZ1693
Lease Grid,Unknown_Field_EZ1694,"""Auto,Show,Hide""",EZ1694
Lease Grid,Unknown_Field_EZ1695,"""Auto,Show,Hide""",EZ1695
Lease Grid,Unknown_Field_EZ1696,"""Auto,Show,Hide""",EZ1696
Lease Grid,Unknown_Field_EZ1697,"""Auto,Show,Hide""",EZ1697
Lease Grid,Unknown_Field_EZ1698,"""Auto,Show,Hide""",EZ1698
Lease Grid,Unknown_Field_EZ1699,"""Auto,Show,Hide""",EZ1699
Lease Grid,Unknown_Field_EZ1700,"""Auto,Show,Hide""",EZ1700
Lease Grid,Unknown_Field_EZ1701,"""Auto,Show,Hide""",EZ1701
Lease Grid,Unknown_Field_EZ1702,"""Auto,Show,Hide""",EZ1702
Lease Grid,Unknown_Field_EZ1703,"""Auto,Show,Hide""",EZ1703
Lease Grid,Unknown_Field_EZ1704,"""Auto,Show,Hide""",EZ1704
Lease Grid,Unknown_Field_EZ1705,"""Auto,Show,Hide""",EZ1705
Lease Grid,Unknown_Field_EZ1706,"""Auto,Show,Hide""",EZ1706
Lease Grid,Unknown_Field_EZ1707,"""Auto,Show,Hide""",EZ1707
Lease Grid,Rent/Month,"""SF,M2,SF/Mo.""",FP1709
Lease Grid,Unknown_Field_EZ1710,"""Auto,Show,Hide""",EZ1710
Lease Grid,Unknown_Field_EZ1711,"""Auto,Show,Hide""",EZ1711
Lease Grid,Unknown_Field_EZ1712,"""Auto,Show,Hide""",EZ1712
Lease Grid,Unknown_Field_EZ1713,"""Auto,Show,Hide""",EZ1713
Lease Grid,Unknown_Field_EZ1714,"""Auto,Show,Hide""",EZ1714
Lease Grid,Unknown_Field_EZ1715,"""Auto,Show,Hide""",EZ1715
Lease Grid,Unknown_Field_EZ1716,"""Auto,Show,Hide""",EZ1716
Lease Grid,Unknown_Field_EZ1717,"""Auto,Show,Hide""",EZ1717
Lease Grid,Unknown_Field_EZ1718,"""Auto,Show,Hide""",EZ1718
Lease Grid,Unknown_Field_EZ1719,"""Auto,Show,Hide""",EZ1719
Lease Grid,Unknown_Field_EZ1720,"""Auto,Show,Hide""",EZ1720
Lease Grid,Unknown_Field_EZ1721,"""Auto,Show,Hide""",EZ1721
Lease Grid,Unknown_Field_EZ1722,"""Auto,Show,Hide""",EZ1722
Lease Grid,Unknown_Field_EZ1723,"""Auto,Show,Hide""",EZ1723
Lease Grid,Unknown_Field_EZ1724,"""Auto,Show,Hide""",EZ1724
Lease Grid,Unknown_Field_EZ1725,"""Auto,Show,Hide""",EZ1725
Lease Grid,Unknown_Field_EZ1726,"""Auto,Show,Hide""",EZ1726
Lease Grid,Unknown_Field_FP1727,"""General Comments,Commercial Lease Comments,Multi-Family Comments,Individual Tenant Comments""",FP1727
Lease Grid,Unknown_Field_EZ1803,"""Auto,Show,Hide""",EZ1803
Lease Grid,Unknown_Field_EZ1804,"""Auto,Show,Hide""",EZ1804
Lease Grid,Unknown_Field_EZ1805,"""Auto,Show,Hide""",EZ1805
Lease Grid,Unknown_Field_EZ1806,"""Auto,Show,Hide""",EZ1806
Lease Grid,Unknown_Field_EZ1807,"""Auto,Show,Hide""",EZ1807
Lease Grid,Unknown_Field_EZ1808,"""Auto,Show,Hide""",EZ1808
Lease Grid,Unknown_Field_EZ1809,"""Auto,Show,Hide""",EZ1809
Lease Grid,Unknown_Field_EZ1810,"""Auto,Show,Hide""",EZ1810
Lease Grid,Unknown_Field_EZ1811,"""Auto,Show,Hide""",EZ1811
Lease Grid,Unknown_Field_EZ1812,"""Auto,Show,Hide""",EZ1812
Lease Grid,Unknown_Field_EZ1813,"""Auto,Show,Hide""",EZ1813
Lease Grid,Unknown_Field_EZ1814,"""Auto,Show,Hide""",EZ1814
Lease Grid,Unknown_Field_EZ1815,"""Auto,Show,Hide""",EZ1815
Lease Grid,Unknown_Field_EZ1816,"""Auto,Show,Hide""",EZ1816
Lease Grid,Unknown_Field_EZ1817,"""Auto,Show,Hide""",EZ1817
Lease Grid,Unknown_Field_EZ1818,"""Auto,Show,Hide""",EZ1818
Lease Grid,Unknown_Field_EZ1819,"""Auto,Show,Hide""",EZ1819
Lease Grid,Unknown_Field_EZ1820,"""Auto,Show,Hide""",EZ1820
Lease Grid,Unknown_Field_EZ1821,"""Auto,Show,Hide""",EZ1821
Lease Grid,Unknown_Field_EZ1822,"""Auto,Show,Hide""",EZ1822
Lease Grid,Unknown_Field_EZ1823,"""Auto,Show,Hide""",EZ1823
Lease Grid,Unknown_Field_EZ1824,"""Auto,Show,Hide""",EZ1824
Lease Grid,Unknown_Field_EZ1825,"""Auto,Show,Hide""",EZ1825
Lease Grid,Unknown_Field_EZ1826,"""Auto,Show,Hide""",EZ1826
Lease Grid,Unknown_Field_EZ1827,"""Auto,Show,Hide""",EZ1827
Lease Grid,Unknown_Field_EZ1828,"""Auto,Show,Hide""",EZ1828
Lease Grid,Unknown_Field_EZ1829,"""Auto,Show,Hide""",EZ1829
Lease Grid,Unknown_Field_EZ1830,"""Auto,Show,Hide""",EZ1830
Lease Grid,Unknown_Field_EZ1831,"""Auto,Show,Hide""",EZ1831
Lease Grid,Unknown_Field_EZ1832,"""Auto,Show,Hide""",EZ1832
Lease Grid,Unknown_Field_EZ1833,"""Auto,Show,Hide""",EZ1833
Lease Grid,Unknown_Field_EZ1834,"""Auto,Show,Hide""",EZ1834
Lease Grid,Rent/Month,"""SF,M2,SF/Mo.""",FP1836
Lease Grid,Unknown_Field_EZ1837,"""Auto,Show,Hide""",EZ1837
Lease Grid,Unknown_Field_EZ1838,"""Auto,Show,Hide""",EZ1838
Lease Grid,Unknown_Field_EZ1839,"""Auto,Show,Hide""",EZ1839
Lease Grid,Unknown_Field_EZ1840,"""Auto,Show,Hide""",EZ1840
Lease Grid,Unknown_Field_EZ1841,"""Auto,Show,Hide""",EZ1841
Lease Grid,Unknown_Field_EZ1842,"""Auto,Show,Hide""",EZ1842
Lease Grid,Unknown_Field_EZ1843,"""Auto,Show,Hide""",EZ1843
Lease Grid,Unknown_Field_EZ1844,"""Auto,Show,Hide""",EZ1844
Lease Grid,Unknown_Field_EZ1845,"""Auto,Show,Hide""",EZ1845
Lease Grid,Unknown_Field_EZ1846,"""Auto,Show,Hide""",EZ1846
Lease Grid,Unknown_Field_EZ1847,"""Auto,Show,Hide""",EZ1847
Lease Grid,Unknown_Field_EZ1848,"""Auto,Show,Hide""",EZ1848
Lease Grid,Unknown_Field_EZ1849,"""Auto,Show,Hide""",EZ1849
Lease Grid,Unknown_Field_EZ1850,"""Auto,Show,Hide""",EZ1850
Lease Grid,Unknown_Field_EZ1851,"""Auto,Show,Hide""",EZ1851
Lease Grid,Unknown_Field_EZ1852,"""Auto,Show,Hide""",EZ1852
Lease Grid,Unknown_Field_EZ1853,"""Auto,Show,Hide""",EZ1853
Lease Grid,Unknown_Field_FP1854,"""General Comments,Commercial Lease Comments,Multi-Family Comments,Individual Tenant Comments""",FP1854
Lease Grid,Unknown_Field_EZ1930,"""Auto,Show,Hide""",EZ1930
Lease Grid,Unknown_Field_EZ1931,"""Auto,Show,Hide""",EZ1931
Lease Grid,Unknown_Field_EZ1932,"""Auto,Show,Hide""",EZ1932
Lease Grid,Unknown_Field_EZ1933,"""Auto,Show,Hide""",EZ1933
Lease Grid,Unknown_Field_EZ1934,"""Auto,Show,Hide""",EZ1934
Lease Grid,Unknown_Field_EZ1935,"""Auto,Show,Hide""",EZ1935
Lease Grid,Unknown_Field_EZ1936,"""Auto,Show,Hide""",EZ1936
Lease Grid,Unknown_Field_EZ1937,"""Auto,Show,Hide""",EZ1937
Lease Grid,Unknown_Field_EZ1938,"""Auto,Show,Hide""",EZ1938
Lease Grid,Unknown_Field_EZ1939,"""Auto,Show,Hide""",EZ1939
Lease Grid,Unknown_Field_EZ1940,"""Auto,Show,Hide""",EZ1940
Lease Grid,Unknown_Field_EZ1941,"""Auto,Show,Hide""",EZ1941
Lease Grid,Unknown_Field_EZ1942,"""Auto,Show,Hide""",EZ1942
Lease Grid,Unknown_Field_EZ1943,"""Auto,Show,Hide""",EZ1943
Lease Grid,Unknown_Field_EZ1944,"""Auto,Show,Hide""",EZ1944
Lease Grid,Unknown_Field_EZ1945,"""Auto,Show,Hide""",EZ1945
Lease Grid,Unknown_Field_EZ1946,"""Auto,Show,Hide""",EZ1946
Lease Grid,Unknown_Field_EZ1947,"""Auto,Show,Hide""",EZ1947
Lease Grid,Unknown_Field_EZ1948,"""Auto,Show,Hide""",EZ1948
Lease Grid,Unknown_Field_EZ1949,"""Auto,Show,Hide""",EZ1949
Lease Grid,Unknown_Field_EZ1950,"""Auto,Show,Hide""",EZ1950
Lease Grid,Unknown_Field_EZ1951,"""Auto,Show,Hide""",EZ1951
Lease Grid,Unknown_Field_EZ1952,"""Auto,Show,Hide""",EZ1952
Lease Grid,Unknown_Field_EZ1953,"""Auto,Show,Hide""",EZ1953
Lease Grid,Unknown_Field_EZ1954,"""Auto,Show,Hide""",EZ1954
Lease Grid,Unknown_Field_EZ1955,"""Auto,Show,Hide""",EZ1955
Lease Grid,Unknown_Field_EZ1956,"""Auto,Show,Hide""",EZ1956
Lease Grid,Unknown_Field_EZ1957,"""Auto,Show,Hide""",EZ1957
Lease Grid,Unknown_Field_EZ1958,"""Auto,Show,Hide""",EZ1958
Lease Grid,Unknown_Field_EZ1959,"""Auto,Show,Hide""",EZ1959
Lease Grid,Unknown_Field_EZ1960,"""Auto,Show,Hide""",EZ1960
Lease Grid,Unknown_Field_EZ1961,"""Auto,Show,Hide""",EZ1961
Lease Grid,Rent/Month,"""SF,M2,SF/Mo.""",FP1963
Lease Grid,Unknown_Field_EZ1964,"""Auto,Show,Hide""",EZ1964
Lease Grid,Unknown_Field_EZ1965,"""Auto,Show,Hide""",EZ1965
Lease Grid,Unknown_Field_EZ1966,"""Auto,Show,Hide""",EZ1966
Lease Grid,Unknown_Field_EZ1967,"""Auto,Show,Hide""",EZ1967
Lease Grid,Unknown_Field_EZ1968,"""Auto,Show,Hide""",EZ1968
Lease Grid,Unknown_Field_EZ1969,"""Auto,Show,Hide""",EZ1969
Lease Grid,Unknown_Field_EZ1970,"""Auto,Show,Hide""",EZ1970
Lease Grid,Unknown_Field_EZ1971,"""Auto,Show,Hide""",EZ1971
Lease Grid,Unknown_Field_EZ1972,"""Auto,Show,Hide""",EZ1972
Lease Grid,Unknown_Field_EZ1973,"""Auto,Show,Hide""",EZ1973
Lease Grid,Unknown_Field_EZ1974,"""Auto,Show,Hide""",EZ1974
Lease Grid,Unknown_Field_EZ1975,"""Auto,Show,Hide""",EZ1975
Lease Grid,Unknown_Field_EZ1976,"""Auto,Show,Hide""",EZ1976
Lease Grid,Unknown_Field_EZ1977,"""Auto,Show,Hide""",EZ1977
Lease Grid,Unknown_Field_EZ1978,"""Auto,Show,Hide""",EZ1978
Lease Grid,Unknown_Field_EZ1979,"""Auto,Show,Hide""",EZ1979
Lease Grid,Unknown_Field_EZ1980,"""Auto,Show,Hide""",EZ1980
Lease Grid,Unknown_Field_FP1981,"""General Comments,Commercial Lease Comments,Multi-Family Comments,Individual Tenant Comments""",FP1981
Lease Grid,Unknown_Field_EZ2057,"""Auto,Show,Hide""",EZ2057
Lease Grid,Unknown_Field_EZ2058,"""Auto,Show,Hide""",EZ2058
Lease Grid,Unknown_Field_EZ2059,"""Auto,Show,Hide""",EZ2059
Lease Grid,Unknown_Field_EZ2060,"""Auto,Show,Hide""",EZ2060
Lease Grid,Unknown_Field_EZ2061,"""Auto,Show,Hide""",EZ2061
Lease Grid,Unknown_Field_EZ2062,"""Auto,Show,Hide""",EZ2062
Lease Grid,Unknown_Field_EZ2063,"""Auto,Show,Hide""",EZ2063
Lease Grid,Unknown_Field_EZ2064,"""Auto,Show,Hide""",EZ2064
Lease Grid,Unknown_Field_EZ2065,"""Auto,Show,Hide""",EZ2065
Lease Grid,Unknown_Field_EZ2066,"""Auto,Show,Hide""",EZ2066
Lease Grid,Unknown_Field_EZ2067,"""Auto,Show,Hide""",EZ2067
Lease Grid,Unknown_Field_EZ2068,"""Auto,Show,Hide""",EZ2068
Lease Grid,Unknown_Field_EZ2069,"""Auto,Show,Hide""",EZ2069
Lease Grid,Unknown_Field_EZ2070,"""Auto,Show,Hide""",EZ2070
Lease Grid,Unknown_Field_EZ2071,"""Auto,Show,Hide""",EZ2071
Lease Grid,Unknown_Field_EZ2072,"""Auto,Show,Hide""",EZ2072
Lease Grid,Unknown_Field_EZ2073,"""Auto,Show,Hide""",EZ2073
Lease Grid,Unknown_Field_EZ2074,"""Auto,Show,Hide""",EZ2074
Lease Grid,Unknown_Field_EZ2075,"""Auto,Show,Hide""",EZ2075
Lease Grid,Unknown_Field_EZ2076,"""Auto,Show,Hide""",EZ2076
Lease Grid,Unknown_Field_EZ2077,"""Auto,Show,Hide""",EZ2077
Lease Grid,Unknown_Field_EZ2078,"""Auto,Show,Hide""",EZ2078
Lease Grid,Unknown_Field_EZ2079,"""Auto,Show,Hide""",EZ2079
Lease Grid,Unknown_Field_EZ2080,"""Auto,Show,Hide""",EZ2080
Lease Grid,Unknown_Field_EZ2081,"""Auto,Show,Hide""",EZ2081
Lease Grid,Unknown_Field_EZ2082,"""Auto,Show,Hide""",EZ2082
Lease Grid,Unknown_Field_EZ2083,"""Auto,Show,Hide""",EZ2083
Lease Grid,Unknown_Field_EZ2084,"""Auto,Show,Hide""",EZ2084
Lease Grid,Unknown_Field_EZ2085,"""Auto,Show,Hide""",EZ2085
Lease Grid,Unknown_Field_EZ2086,"""Auto,Show,Hide""",EZ2086
Lease Grid,Unknown_Field_EZ2087,"""Auto,Show,Hide""",EZ2087
Lease Grid,Unknown_Field_EZ2088,"""Auto,Show,Hide""",EZ2088
Lease Grid,Rent/Month,"""SF,M2,SF/Mo.""",FP2090
Lease Grid,Unknown_Field_EZ2091,"""Auto,Show,Hide""",EZ2091
Lease Grid,Unknown_Field_EZ2092,"""Auto,Show,Hide""",EZ2092
Lease Grid,Unknown_Field_EZ2093,"""Auto,Show,Hide""",EZ2093
Lease Grid,Unknown_Field_EZ2094,"""Auto,Show,Hide""",EZ2094
Lease Grid,Unknown_Field_EZ2095,"""Auto,Show,Hide""",EZ2095
Lease Grid,Unknown_Field_EZ2096,"""Auto,Show,Hide""",EZ2096
Lease Grid,Unknown_Field_EZ2097,"""Auto,Show,Hide""",EZ2097
Lease Grid,Unknown_Field_EZ2098,"""Auto,Show,Hide""",EZ2098
Lease Grid,Unknown_Field_EZ2099,"""Auto,Show,Hide""",EZ2099
Lease Grid,Unknown_Field_EZ2100,"""Auto,Show,Hide""",EZ2100
Lease Grid,Unknown_Field_EZ2101,"""Auto,Show,Hide""",EZ2101
Lease Grid,Unknown_Field_EZ2102,"""Auto,Show,Hide""",EZ2102
Lease Grid,Unknown_Field_EZ2103,"""Auto,Show,Hide""",EZ2103
Lease Grid,Unknown_Field_EZ2104,"""Auto,Show,Hide""",EZ2104
Lease Grid,Unknown_Field_EZ2105,"""Auto,Show,Hide""",EZ2105
Lease Grid,Unknown_Field_EZ2106,"""Auto,Show,Hide""",EZ2106
Lease Grid,Unknown_Field_EZ2107,"""Auto,Show,Hide""",EZ2107
Lease Grid,Unknown_Field_FP2108,"""General Comments,Commercial Lease Comments,Multi-Family Comments,Individual Tenant Comments""",FP2108
Lease Grid,Unknown_Field_EZ2184,"""Auto,Show,Hide""",EZ2184
Lease Grid,Unknown_Field_EZ2185,"""Auto,Show,Hide""",EZ2185
Lease Grid,Unknown_Field_EZ2186,"""Auto,Show,Hide""",EZ2186
Lease Grid,Unknown_Field_EZ2187,"""Auto,Show,Hide""",EZ2187
Lease Grid,Unknown_Field_EZ2188,"""Auto,Show,Hide""",EZ2188
Lease Grid,Unknown_Field_EZ2189,"""Auto,Show,Hide""",EZ2189
Lease Grid,Unknown_Field_EZ2190,"""Auto,Show,Hide""",EZ2190
Lease Grid,Unknown_Field_EZ2191,"""Auto,Show,Hide""",EZ2191
Lease Grid,Unknown_Field_EZ2192,"""Auto,Show,Hide""",EZ2192
Lease Grid,Unknown_Field_EZ2193,"""Auto,Show,Hide""",EZ2193
Lease Grid,Unknown_Field_EZ2194,"""Auto,Show,Hide""",EZ2194
Lease Grid,Unknown_Field_EZ2195,"""Auto,Show,Hide""",EZ2195
Lease Grid,Unknown_Field_EZ2196,"""Auto,Show,Hide""",EZ2196
Lease Grid,Unknown_Field_EZ2197,"""Auto,Show,Hide""",EZ2197
Lease Grid,Unknown_Field_EZ2198,"""Auto,Show,Hide""",EZ2198
Lease Grid,Unknown_Field_EZ2199,"""Auto,Show,Hide""",EZ2199
Lease Grid,Unknown_Field_EZ2200,"""Auto,Show,Hide""",EZ2200
Lease Grid,Unknown_Field_EZ2201,"""Auto,Show,Hide""",EZ2201
Lease Grid,Unknown_Field_EZ2202,"""Auto,Show,Hide""",EZ2202
Lease Grid,Unknown_Field_EZ2203,"""Auto,Show,Hide""",EZ2203
Lease Grid,Unknown_Field_EZ2204,"""Auto,Show,Hide""",EZ2204
Lease Grid,Unknown_Field_EZ2205,"""Auto,Show,Hide""",EZ2205
Lease Grid,Unknown_Field_EZ2206,"""Auto,Show,Hide""",EZ2206
Lease Grid,Unknown_Field_EZ2207,"""Auto,Show,Hide""",EZ2207
Lease Grid,Unknown_Field_EZ2208,"""Auto,Show,Hide""",EZ2208
Lease Grid,Unknown_Field_EZ2209,"""Auto,Show,Hide""",EZ2209
Lease Grid,Unknown_Field_EZ2210,"""Auto,Show,Hide""",EZ2210
Lease Grid,Unknown_Field_EZ2211,"""Auto,Show,Hide""",EZ2211
Lease Grid,Unknown_Field_EZ2212,"""Auto,Show,Hide""",EZ2212
Lease Grid,Unknown_Field_EZ2213,"""Auto,Show,Hide""",EZ2213
Lease Grid,Unknown_Field_EZ2214,"""Auto,Show,Hide""",EZ2214
Lease Grid,Unknown_Field_EZ2215,"""Auto,Show,Hide""",EZ2215
Lease Grid,Rent/Month,"""SF,M2,SF/Mo.""",FP2217
Lease Grid,Unknown_Field_EZ2218,"""Auto,Show,Hide""",EZ2218
Lease Grid,Unknown_Field_EZ2219,"""Auto,Show,Hide""",EZ2219
Lease Grid,Unknown_Field_EZ2220,"""Auto,Show,Hide""",EZ2220
Lease Grid,Unknown_Field_EZ2221,"""Auto,Show,Hide""",EZ2221
Lease Grid,Unknown_Field_EZ2222,"""Auto,Show,Hide""",EZ2222
Lease Grid,Unknown_Field_EZ2223,"""Auto,Show,Hide""",EZ2223
Lease Grid,Unknown_Field_EZ2224,"""Auto,Show,Hide""",EZ2224
Lease Grid,Unknown_Field_EZ2225,"""Auto,Show,Hide""",EZ2225
Lease Grid,Unknown_Field_EZ2226,"""Auto,Show,Hide""",EZ2226
Lease Grid,Unknown_Field_EZ2227,"""Auto,Show,Hide""",EZ2227
Lease Grid,Unknown_Field_EZ2228,"""Auto,Show,Hide""",EZ2228
Lease Grid,Unknown_Field_EZ2229,"""Auto,Show,Hide""",EZ2229
Lease Grid,Unknown_Field_EZ2230,"""Auto,Show,Hide""",EZ2230
Lease Grid,Unknown_Field_EZ2231,"""Auto,Show,Hide""",EZ2231
Lease Grid,Unknown_Field_EZ2232,"""Auto,Show,Hide""",EZ2232
Lease Grid,Unknown_Field_EZ2233,"""Auto,Show,Hide""",EZ2233
Lease Grid,Unknown_Field_EZ2234,"""Auto,Show,Hide""",EZ2234
Lease Grid,Unknown_Field_FP2235,"""General Comments,Commercial Lease Comments,Multi-Family Comments,Individual Tenant Comments""",FP2235
Lease Grid,Unknown_Field_EZ2311,"""Auto,Show,Hide""",EZ2311
Lease Grid,Unknown_Field_EZ2312,"""Auto,Show,Hide""",EZ2312
Lease Grid,Unknown_Field_EZ2313,"""Auto,Show,Hide""",EZ2313
Lease Grid,Unknown_Field_EZ2314,"""Auto,Show,Hide""",EZ2314
Lease Grid,Unknown_Field_EZ2315,"""Auto,Show,Hide""",EZ2315
Lease Grid,Unknown_Field_EZ2316,"""Auto,Show,Hide""",EZ2316
Lease Grid,Unknown_Field_EZ2317,"""Auto,Show,Hide""",EZ2317
Lease Grid,Unknown_Field_EZ2318,"""Auto,Show,Hide""",EZ2318
Lease Grid,Unknown_Field_EZ2319,"""Auto,Show,Hide""",EZ2319
Lease Grid,Unknown_Field_EZ2320,"""Auto,Show,Hide""",EZ2320
Lease Grid,Unknown_Field_EZ2321,"""Auto,Show,Hide""",EZ2321
Lease Grid,Unknown_Field_EZ2322,"""Auto,Show,Hide""",EZ2322
Lease Grid,Unknown_Field_EZ2323,"""Auto,Show,Hide""",EZ2323
Lease Grid,Unknown_Field_EZ2324,"""Auto,Show,Hide""",EZ2324
Lease Grid,Unknown_Field_EZ2325,"""Auto,Show,Hide""",EZ2325
Lease Grid,Unknown_Field_EZ2326,"""Auto,Show,Hide""",EZ2326
Lease Grid,Unknown_Field_EZ2327,"""Auto,Show,Hide""",EZ2327
Lease Grid,Unknown_Field_EZ2328,"""Auto,Show,Hide""",EZ2328
Lease Grid,Unknown_Field_EZ2329,"""Auto,Show,Hide""",EZ2329
Lease Grid,Unknown_Field_EZ2330,"""Auto,Show,Hide""",EZ2330
Lease Grid,Unknown_Field_EZ2331,"""Auto,Show,Hide""",EZ2331
Lease Grid,Unknown_Field_EZ2332,"""Auto,Show,Hide""",EZ2332
Lease Grid,Unknown_Field_EZ2333,"""Auto,Show,Hide""",EZ2333
Lease Grid,Unknown_Field_EZ2334,"""Auto,Show,Hide""",EZ2334
Lease Grid,Unknown_Field_EZ2335,"""Auto,Show,Hide""",EZ2335
Lease Grid,Unknown_Field_EZ2336,"""Auto,Show,Hide""",EZ2336
Lease Grid,Unknown_Field_EZ2337,"""Auto,Show,Hide""",EZ2337
Lease Grid,Unknown_Field_EZ2338,"""Auto,Show,Hide""",EZ2338
Lease Grid,Unknown_Field_EZ2339,"""Auto,Show,Hide""",EZ2339
Lease Grid,Unknown_Field_EZ2340,"""Auto,Show,Hide""",EZ2340
Lease Grid,Unknown_Field_EZ2341,"""Auto,Show,Hide""",EZ2341
Lease Grid,Unknown_Field_EZ2342,"""Auto,Show,Hide""",EZ2342
Lease Grid,Rent/Month,"""SF,M2,SF/Mo.""",FP2344
Lease Grid,Unknown_Field_EZ2345,"""Auto,Show,Hide""",EZ2345
Lease Grid,Unknown_Field_EZ2346,"""Auto,Show,Hide""",EZ2346
Lease Grid,Unknown_Field_EZ2347,"""Auto,Show,Hide""",EZ2347
Lease Grid,Unknown_Field_EZ2348,"""Auto,Show,Hide""",EZ2348
Lease Grid,Unknown_Field_EZ2349,"""Auto,Show,Hide""",EZ2349
Lease Grid,Unknown_Field_EZ2350,"""Auto,Show,Hide""",EZ2350
Lease Grid,Unknown_Field_EZ2351,"""Auto,Show,Hide""",EZ2351
Lease Grid,Unknown_Field_EZ2352,"""Auto,Show,Hide""",EZ2352
Lease Grid,Unknown_Field_EZ2353,"""Auto,Show,Hide""",EZ2353
Lease Grid,Unknown_Field_EZ2354,"""Auto,Show,Hide""",EZ2354
Lease Grid,Unknown_Field_EZ2355,"""Auto,Show,Hide""",EZ2355
Lease Grid,Unknown_Field_EZ2356,"""Auto,Show,Hide""",EZ2356
Lease Grid,Unknown_Field_EZ2357,"""Auto,Show,Hide""",EZ2357
Lease Grid,Unknown_Field_EZ2358,"""Auto,Show,Hide""",EZ2358
Lease Grid,Unknown_Field_EZ2359,"""Auto,Show,Hide""",EZ2359
Lease Grid,Unknown_Field_EZ2360,"""Auto,Show,Hide""",EZ2360
Lease Grid,Unknown_Field_EZ2361,"""Auto,Show,Hide""",EZ2361
Lease Grid,Unknown_Field_FP2362,"""General Comments,Commercial Lease Comments,Multi-Family Comments,Individual Tenant Comments""",FP2362
Lease Grid,Unit Type,MultifamilyInventoryRowsShowHide,GJ2379
Lease Grid,Trash /Recycling,"""/Y,/N""",GH2431
Lease Grid,/Y,"""/Y,/N""",GK2431
Lease Grid,/Y,"""/Y,/N""",GN2431
Lease Grid,/Y,"""/Y,/N""",GQ2431
Lease Grid,/Y,"""/Y,/N""",GT2431
Market Rent,Unknown_Field_G5,ShowHideAutoDD,G5
Market Rent,Auto,ShowHideAutoDD,H5
Market Rent,Auto,ShowHideAutoDD,I5
Market Rent,Auto,ShowHideAutoDD,J5
Market Rent,Auto,ShowHideAutoDD,K5
Market Rent,Auto,ShowHideAutoDD,L5
Market Rent,Auto,ShowHideAutoDD,M5
Market Rent,Auto,ShowHideAutoDD,N5
Market Rent,Auto,ShowHideAutoDD,O5
Market Rent,Auto,ShowHideAutoDD,P5
Market Rent,Unknown_Field_C9,ShowHideAutoDD,C9
Market Rent,Auto,ShowHideAutoDD,C10
Market Rent,Auto,ShowHideAutoDD,C11
Market Rent,VeryHidden,CompHeadersLease,AI21
Market Rent,Name,CompHeadersLease,AL21
Market Rent,Name,CompHeadersLease,AM21
Market Rent,Comm [#] Lessee,CompHeadersLease,AN21
Market Rent,Comm [#] Lease Date,CompHeadersLease,AO21
Market Rent,Comm [#] Lease Date,CompHeadersLease,AP21
Market Rent,Comm [#] SF,CompHeadersLease,AQ21
Market Rent,No. of Units,CompHeadersLease,AR21
Market Rent,Unknown_Field_BG21,CompHeadersLease,BG21
Market Rent,MF Total Rent Per Month,CompHeadersLease,BH21
Market Rent,VeryHidden,CompHeadersLease,AI22
Market Rent,Address,CompHeadersLease,AJ22
Market Rent,Renovations,CompHeadersLease,AL22
Market Rent,Year Built,CompHeadersLease,AN22
Market Rent,Comm [#] Lease Term,CompHeadersLease,AP22
Market Rent,Comm [#] Lease Type,CompHeadersLease,AR22
Market Rent,Renovations,ShowHideAutoDD,AJ26
Market Rent,Show,ShowHideAutoDD,AN26
Market Rent,Map Type,MapType,BO29
Market Rent,Unknown_Field_AE71,ShowHideAutoDD,AE71
Market Rent,Auto,ShowHideDD,AE72
Market Rent,Hide,ShowHideDD,AE73
Market Rent,Label,MapMarkerLabel,AJ80
Market Rent,Size,MapMarkerSize,AL80
Market Rent,normal,MapMarkerColor,AM80
Market Rent,red,"""Yes,No""",AN80
Market Rent,Label,MapMarkerLabel,AJ81
Market Rent,normal,MapMarkerSize,AL81
Market Rent,normal,MapMarkerColor,AM81
Market Rent,red,"""Yes,No""",AN81
Market Rent,Label,MapMarkerLabel,AJ82
Market Rent,normal,MapMarkerSize,AL82
Market Rent,normal,MapMarkerColor,AM82
Market Rent,red,"""Yes,No""",AN82
Market Rent,Label,MapMarkerLabel,AJ83
Market Rent,normal,MapMarkerSize,AL83
Market Rent,normal,MapMarkerColor,AM83
Market Rent,red,"""Yes,No""",AN83
Market Rent,Label,MapMarkerLabel,AJ84
Market Rent,normal,MapMarkerSize,AL84
Market Rent,normal,MapMarkerColor,AM84
Market Rent,red,"""Yes,No""",AN84
Market Rent,Label,MapMarkerLabel,AJ85
Market Rent,normal,MapMarkerSize,AL85
Market Rent,normal,MapMarkerColor,AM85
Market Rent,red,"""Yes,No""",AN85
Market Rent,Unknown_Field_AJ86,MapMarkerLabel,AJ86
Market Rent,normal,MapMarkerSize,AL86
Market Rent,normal,MapMarkerColor,AM86
Market Rent,blue,"""Yes,No""",AN86
Market Rent,Unknown_Field_CC92,ShowHideAutoDD,CC92
Market Rent,Unknown_Field_BX96,ShowHideAutoDD,BX96
Market Rent,Auto,ShowHideAutoDD,BX97
Market Rent,Auto,ShowHideAutoDD,BX98
Market Rent,Auto,ShowHideAutoDD,BX99
Market Rent,Auto,ShowHideAutoDD,BX100
Market Rent,Auto,ShowHideAutoDD,BX101
Market Rent,Auto,ShowHideAutoDD,BX102
Market Rent,Auto,ShowHideAutoDD,BX103
Market Rent,Auto,ShowHideAutoDD,BX104
Market Rent,Auto,ShowHideAutoDD,BX105
Market Rent,Auto,ShowHideAutoDD,BX106
Market Rent,Auto,ShowHideAutoDD,BX107
Market Rent,Auto,ShowHideAutoDD,BX108
Market Rent,Auto,ShowHideAutoDD,BX109
Market Rent,Auto,ShowHideAutoDD,BX110
Market Rent,Auto,ShowHideAutoDD,BX111
Market Rent,Auto,ShowHideAutoDD,BX112
Market Rent,Auto,ShowHideAutoDD,BX113
Market Rent,Auto,ShowHideAutoDD,BX114
Market Rent,Auto,ShowHideAutoDD,BX115
Market Rent,VeryHidden,ShowHideAutoDD,CK121
Market Rent,Auto,ShowHideAutoDD,CM121
Market Rent,Auto,ShowHideAutoDD,CN121
Market Rent,Auto,ShowHideAutoDD,CO121
Market Rent,NC,pvaSH_LOC_DD,CL129
Market Rent,Unknown_Field_EK197,ShowHideAutoDD,EK197
Market Rent,Auto,ShowHideAutoDD,EK198
Market Rent,Auto,ShowHideAutoDD,EK199
Market Rent,Auto,ShowHideAutoDD,EK200
Market Rent,Auto,ShowHideAutoDD,EK201
Market Rent,Auto,ShowHideAutoDD,EK202
Market Rent,Auto,ShowHideAutoDD,EK203
Market Rent,Auto,ShowHideAutoDD,EK204
Market Rent,Auto,ShowHideAutoDD,EK205
Market Rent,Auto,ShowHideAutoDD,EK206
Market Rent,All,ShowHideAutoDD,EK217
Market Rent,AL,ShowHideAutoDD,EK218
Market Rent,MC,ShowHideAutoDD,EK219
Market Rent,All,ShowHideAutoDD,EK220
Market Rent,AA,ShowHideAutoDD,EK221
Market Rent,IL,ShowHideAutoDD,EK222
Market Rent,All,ShowHideAutoDD,EK223
Market Rent,All,ShowHideAutoDD,EK224
Market Rent,All,ShowHideAutoDD,EK225
Market Rent,All,ShowHideAutoDD,EK226
Market Rent,All,ShowHideAutoDD,EK227
Market Rent,Comparability to Subject,Comparability.Rating,PF253
Market Rent,Comparability to Subject,Comparability.Rating,PF254
Market Rent,Comparability to Subject,Comparability.Rating,PF255
Market Rent,Comparability to Subject,Comparability.Rating,PF256
Market Rent,Comparability to Subject,Comparability.Rating,PF257
Market Rent,Comparability to Subject,Comparability.Rating,PF258
Market Rent,Comparability to Subject,Comparability.Rating,RJ281
Market Rent,Comparability to Subject,Comparability.Rating,RJ282
Market Rent,Comparability to Subject,Comparability.Rating,RJ283
Market Rent,Comparability to Subject,Comparability.Rating,RJ284
Market Rent,Comparability to Subject,Comparability.Rating,RJ285
Market Rent,Comparability to Subject,Comparability.Rating,RJ286
Market Rent,Unknown_Field_RZ295,ShowHideAutoDD,RZ295
Market Rent,Auto,ShowHideAutoDD,SA295
Market Rent,Auto,ShowHideAutoDD,SB295
Market Rent,Auto,ShowHideAutoDD,SC295
Market Rent,Auto,ShowHideAutoDD,SD295
Market Rent,Auto,ShowHideAutoDD,SE295
Market Rent,Auto,ShowHideAutoDD,SF295
Market Rent,Auto,ShowHideAutoDD,SH295
Market Rent,Auto,ShowHideAutoDD,SI295
Market Rent,Auto,ShowHideAutoDD,SJ295
Market Rent,Auto,ShowHideAutoDD,SK295
Market Rent,Auto,ShowHideAutoDD,SL295
Market Rent,Auto,ShowHideAutoDD,SM295
Market Rent,Auto,ShowHideAutoDD,SN295
Market Rent,Auto,ShowHideAutoDD,SO295
Market Rent,Auto,ShowHideAutoDD,SP295
Market Rent,Auto,ShowHideAutoDD,SQ295
Market Rent,Auto,ShowHideAutoDD,SR295
Market Rent,VeryHidden,CompHeadersLease,RR298
Market Rent,No. of Units,CompHeadersLease,RS298
Market Rent,Unknown_Field_RQ312,ShowHideAutoDD,RQ312
Market Rent,Auto,ShowHideAutoDD,RQ313
Market Rent,Auto,ShowHideAutoDD,RQ314
Market Rent,Auto,ShowHideAutoDD,RQ315
Market Rent,DEPRECATED,pvaCompEmphasisDD2,SK321
Market Rent,Unknown_Field_TT354,pvaPropertyTypeKeyDD,TT354
Market Rent,Unknown_Field_TT355,pvaUOC_DD,TT355
Market Rent,Unknown_Field_TQ359,ShowHideAutoDD,TQ359
Market Rent,Auto,ShowHideAutoDD,TQ360
Market Rent,Auto,ShowHideAutoDD,TQ361
Market Rent,Hide,ShowHideAutoDD,TQ362
Market Rent,Auto,ShowHideAutoDD,TQ363
Market Rent,Lease Date,AppraisalDates,TU363
Market Rent,Auto,ShowHideAutoDD,TQ364
Market Rent,Auto,ShowHideAutoDD,TQ365
Market Rent,Retail,ShowHideAutoDD,TQ366
Market Rent,Retail,ShowHideAutoDD,TQ367
Market Rent,Comm [#] SF,CompHeadersLease,TG368
Market Rent,MHC,ShowHideAutoDD,TQ368
Market Rent,No. of Units,CompHeadersLease,TG369
Market Rent,MHC,ShowHideAutoDD,TQ369
Market Rent,MHC,ShowHideAutoDD,TQ370
Market Rent,Acres,CompHeadersLease,TG371
Market Rent,Year Built,CompHeadersLease,TI371
Market Rent,Seniors,ShowHideAutoDD,TQ371
Market Rent,Year Built,CompHeadersLease,TG372
Market Rent,Seniors,ShowHideAutoDD,TQ372
Market Rent,Self Storage,ShowHideAutoDD,TQ373
Market Rent,Seniors,ShowHideAutoDD,TQ375
Market Rent,Seniors,ShowHideAutoDD,TQ376
Market Rent,Seniors,ShowHideAutoDD,TQ377
Market Rent,Seniors,ShowHideAutoDD,TQ378
Market Rent,Seniors,ShowHideAutoDD,TQ379
Market Rent,Seniors,ShowHideAutoDD,TQ381
Market Rent,Seniors,ShowHideAutoDD,TQ382
Market Rent,Seniors,ShowHideAutoDD,TQ383
Market Rent,Seniors,ShowHideAutoDD,TQ384
Market Rent,Seniors,ShowHideAutoDD,TQ385
Market Rent,Seniors,ShowHideAutoDD,TQ387
Market Rent,Seniors,ShowHideAutoDD,TQ388
Market Rent,Seniors,ShowHideAutoDD,TQ389
Market Rent,Seniors,ShowHideAutoDD,TQ390
Market Rent,Seniors,ShowHideAutoDD,TQ391
Market Rent,Self Storage,ShowHideAutoDD,TQ393
Market Rent,Self Storage,ShowHideAutoDD,TQ394
Market Rent,Self Storage,ShowHideAutoDD,TQ395
Market Rent,Self Storage,ShowHideAutoDD,TQ396
Market Rent,Self Storage,ShowHideAutoDD,TQ397
Market Rent,Self Storage,ShowHideAutoDD,TQ398
Market Rent,Unknown_Field_TG399,CompHeadersLease,TG399
Market Rent,Self Storage,ShowHideAutoDD,TQ399
Market Rent,MF Rent Concessions,CompHeadersLease,TG400
Market Rent,Transactional Adj,CompHeadersLease,TG402
Market Rent,Auto,ShowHideAutoDD,TQ402
Market Rent,Transactional Adj,CompHeadersLease,TG404
Market Rent,Show,ShowHideAutoDD,TQ404
Market Rent,Show,ShowHideAutoDD,TQ406
Market Rent,Individual Adjs.,ShowHideAutoDD,TQ408
Market Rent,Auto,$TM$407:$TM$408,TQ410
Market Rent,Annual Adj.,ShowHideAutoDD,TQ412
Market Rent,Physical Adj,CompHeadersLease,TG413
Market Rent,Auto,ShowHideAutoDD,TQ414
Market Rent,Physical Adj,CompHeadersLease,TG415
Market Rent,Auto,ShowHideAutoDD,TQ416
Market Rent,Physical Adj,CompHeadersLease,TG417
Market Rent,Auto,ShowHideAutoDD,TQ418
Market Rent,Physical Adj,CompHeadersLease,TG419
Market Rent,Auto,ShowHideAutoDD,TQ420
Market Rent,Physical Adj,CompHeadersLease,TG421
Market Rent,Auto,ShowHideAutoDD,TQ422
Market Rent,Physical Adj,CompHeadersLease,TG423
Market Rent,Auto,ShowHideAutoDD,TQ424
Market Rent,Physical Adj,CompHeadersLease,TG425
Market Rent,Auto,ShowHideAutoDD,TQ426
Market Rent,Physical Adj,CompHeadersLease,TG427
Market Rent,Auto,ShowHideAutoDD,TQ428
Market Rent,Physical Adj,CompHeadersLease,TG429
Market Rent,Auto,ShowHideAutoDD,TQ430
Market Rent,Physical Adj,CompHeadersLease,TG431
Market Rent,Auto,ShowHideAutoDD,TQ432
Market Rent,Physical Adj,CompHeadersLease,TG433
Market Rent,Auto,ShowHideAutoDD,TQ434
Market Rent,Physical Adj,CompHeadersLease,TG435
Market Rent,Use this Round to Nearest?,"""yes,no""",TV457
Market Rent,Use this Round to Nearest?,pvaCompEmphasisDD2,TT459
Market Rent,Unknown_Field_VR490,ShowHideAutoDD,VR490
Market Rent,Auto,ShowHideAutoDD,VS490
Market Rent,Auto,ShowHideAutoDD,VT490
Market Rent,Auto,ShowHideAutoDD,VU490
Market Rent,Auto,ShowHideAutoDD,VV490
Market Rent,Auto,ShowHideAutoDD,VW490
Market Rent,Unknown_Field_VN495,ShowHideAutoDD,VN495
Market Rent,Auto,ShowHideAutoDD,VN496
Market Rent,Auto,ShowHideAutoDD,VN497
Market Rent,Auto,ShowHideAutoDD,VN498
Market Rent,Auto,ShowHideAutoDD,VN499
Market Rent,Auto,ShowHideAutoDD,VN500
Market Rent,Auto,ShowHideAutoDD,VN501
Market Rent,Auto,ShowHideAutoDD,VN502
Market Rent,Auto,ShowHideAutoDD,VN503
Market Rent,Auto,ShowHideAutoDD,VN504
Market Rent,Auto,ShowHideAutoDD,VN505
Market Rent,Auto,ShowHideAutoDD,VN506
Market Rent,Auto,ShowHideAutoDD,VN507
Market Rent,Auto,ShowHideAutoDD,VN508
Market Rent,Auto,ShowHideAutoDD,VN509
Market Rent,Auto,ShowHideAutoDD,VN510
Market Rent,Auto,ShowHideAutoDD,VN511
Market Rent,Auto,ShowHideAutoDD,VN512
Market Rent,Auto,ShowHideAutoDD,VN513
Market Rent,Auto,ShowHideAutoDD,VN514
Market Rent,Auto,ShowHideAutoDD,VN515
Market Rent,Auto,ShowHideAutoDD,VN516
Market Rent,Auto,ShowHideAutoDD,VN517
Market Rent,Auto,ShowHideAutoDD,VN519
MF Market Rent,Total Asking,ShowHideAutoDD,AP5
MF Market Rent,Hide,ShowHideAutoDD,AS5
MF Market Rent,Hide,ShowHideAutoDD,AT5
MF Market Rent,Auto,ShowHideAutoDD,AU5
MF Market Rent,Auto,ShowHideAutoDD,AV5
MF Market Rent,Hide,ShowHideAutoDD,AW5
MF Market Rent,Auto,ShowHideAutoDD,AY5
MF Market Rent,Unknown_Field_BF5,ShowHideAutoDD,BF5
MF Market Rent,Auto,ShowHideAutoDD,BG5
MF Market Rent,Hide,ShowHideAutoDD,BH5
MF Market Rent,Hide,ShowHideAutoDD,BI5
MF Market Rent,Hide,ShowHideAutoDD,BJ5
MF Market Rent,Auto,ShowHideAutoDD,BK5
MF Market Rent,Hide,ShowHideAutoDD,BL5
MF Market Rent,Hide,ShowHideAutoDD,BM5
MF Market Rent,Auto,ShowHideAutoDD,BN5
MF Market Rent,Auto,ShowHideAutoDD,BO5
MF Market Rent,Hide,ShowHideAutoDD,BP5
MF Market Rent,Auto,ShowHideAutoDD,BQ5
MF Market Rent,Auto,ShowHideAutoDD,BR5
MF Market Rent,Auto,ShowHideAutoDD,BS5
MF Market Rent,Auto,ShowHideAutoDD,BT5
MF Market Rent,Auto,ShowHideAutoDD,BV5
MF Market Rent,Unknown_Field_CC5,ShowHideAutoDD,CC5
MF Market Rent,Auto,ShowHideAutoDD,CD5
MF Market Rent,Auto,ShowHideAutoDD,CE5
MF Market Rent,Auto,ShowHideAutoDD,CF5
MF Market Rent,Hide,ShowHideAutoDD,CG5
MF Market Rent,Auto,ShowHideAutoDD,CH5
MF Market Rent,Hide,ShowHideAutoDD,CI5
MF Market Rent,Auto,ShowHideAutoDD,CJ5
MF Market Rent,Auto,ShowHideAutoDD,CK5
MF Market Rent,Auto,ShowHideAutoDD,CL5
MF Market Rent,Hide,ShowHideAutoDD,CM5
MF Market Rent,Hide,ShowHideAutoDD,CN5
MF Market Rent,Hide,ShowHideAutoDD,CO5
MF Market Rent,Hide,ShowHideAutoDD,CP5
MF Market Rent,Hide,ShowHideAutoDD,CQ5
MF Market Rent,Hide,ShowHideAutoDD,CR5
MF Market Rent,Hide,ShowHideAutoDD,CS5
MF Market Rent,Display,"""Unit Type,Unit Name,Both""",X6
MF Market Rent,Auto,"""Contract % of Mkt,Mkt % of Contract""",BV6
MF Market Rent,Hide,"""Contract % of Mkt,Mkt % of Contract""",CS6
MF Market Rent,Unknown_Field_DS333,ShowHideAutoDD,DS333
MF Market Rent,Auto,ShowHideAutoDD,DT333
MF Market Rent,Auto,ShowHideAutoDD,DU333
MF Market Rent,Auto,ShowHideAutoDD,DV333
MF Market Rent,Auto,ShowHideAutoDD,DW333
MF Market Rent,Auto,ShowHideAutoDD,DX333
MF Market Rent,Auto,ShowHideAutoDD,DY333
MF Market Rent,Unknown_Field_DP334,"""0 Days, 30 Days, 60 Days, 90 Days, 120 Days, 150 Days, 180 Days""",DP334
MF Market Rent,30 Days,"""Yes,No""",DP336
MF Market Rent,30 Days,ShowHideAutoDD,DP338
MF Market Rent,Auto,ShowHideAutoDD,DP339
MF Market Rent,Auto,ShowHideAutoDD,DP340
MF Market Rent,Auto,ShowHideAutoDD,DP341
MF Market Rent,Auto,ShowHideAutoDD,DP342
MF Market Rent,Auto,ShowHideAutoDD,DP343
MF Market Rent,Auto,ShowHideAutoDD,DP344
MF Market Rent,Auto,ShowHideAutoDD,DP345
MF Market Rent,Auto,ShowHideAutoDD,DP346
MF Market Rent,Auto,ShowHideAutoDD,DP347
MF Market Rent,Auto,ShowHideAutoDD,DP349
MF Market Rent,Auto,ShowHideAutoDD,DP350
MF Market Rent,Auto,ShowHideAutoDD,DP351
MF Market Rent,Auto,ShowHideAutoDD,DP352
MF Market Rent,Auto,ShowHideAutoDD,DP353
MF Market Rent,Auto,ShowHideAutoDD,DP354
MF Market Rent,Auto,ShowHideAutoDD,DP355
MF Market Rent,Auto,ShowHideAutoDD,DP356
MF Market Rent,Auto,ShowHideAutoDD,DP357
MF Market Rent,Auto,ShowHideAutoDD,DP358
MF Market Rent,Auto,ShowHideAutoDD,DP360
MF Market Rent,Auto,ShowHideAutoDD,DP361
MF Market Rent,Auto,ShowHideAutoDD,DP362
MF Market Rent,Auto,ShowHideAutoDD,DP363
MF Market Rent,Auto,ShowHideAutoDD,DP364
MF Market Rent,Auto,ShowHideAutoDD,DP365
MF Market Rent,Auto,ShowHideAutoDD,DP366
MF Market Rent,Auto,ShowHideAutoDD,DP367
MF Market Rent,Auto,ShowHideAutoDD,DP368
MF Market Rent,Auto,ShowHideAutoDD,DP369
MF Market Rent,Auto,ShowHideAutoDD,DP371
MF Market Rent,Auto,ShowHideAutoDD,DP372
MF Market Rent,Auto,ShowHideAutoDD,DP373
MF Market Rent,Auto,ShowHideAutoDD,DP374
MF Market Rent,Auto,ShowHideAutoDD,DP375
MF Market Rent,Auto,ShowHideAutoDD,DP376
MF Market Rent,Auto,ShowHideAutoDD,DP377
MF Market Rent,Auto,ShowHideAutoDD,DP378
MF Market Rent,Auto,ShowHideAutoDD,DP379
MF Market Rent,Auto,ShowHideAutoDD,DP380
MF Market Rent,Auto,ShowHideAutoDD,DP382
MF Market Rent,Auto,ShowHideAutoDD,DP383
MF Market Rent,Auto,ShowHideAutoDD,DP384
MF Market Rent,Auto,ShowHideAutoDD,DP385
MF Market Rent,Auto,ShowHideAutoDD,DP386
MF Market Rent,Auto,ShowHideAutoDD,DP387
MF Market Rent,Auto,ShowHideAutoDD,DP388
MF Market Rent,Auto,ShowHideAutoDD,DP389
MF Market Rent,Auto,ShowHideAutoDD,DP390
MF Market Rent,Auto,ShowHideAutoDD,DP391
MF Market Rent,Auto,ShowHideAutoDD,DP393
MF Market Rent,Auto,ShowHideAutoDD,DP394
MF Market Rent,Auto,ShowHideAutoDD,DP395
MF Market Rent,Auto,ShowHideAutoDD,DP396
MF Market Rent,Auto,ShowHideAutoDD,DP397
MF Market Rent,Auto,ShowHideAutoDD,DP398
MF Market Rent,Auto,ShowHideAutoDD,DP399
MF Market Rent,Auto,ShowHideAutoDD,DP400
MF Market Rent,Auto,ShowHideAutoDD,DP401
MF Market Rent,Auto,ShowHideAutoDD,DP402
MF Market Rent,Auto,ShowHideAutoDD,DP404
MF Market Rent,Auto,ShowHideAutoDD,DP405
MF Market Rent,Auto,ShowHideAutoDD,DP406
MF Market Rent,Auto,ShowHideAutoDD,DP407
MF Market Rent,Auto,ShowHideAutoDD,DP408
MF Market Rent,Auto,ShowHideAutoDD,DP409
MF Market Rent,Auto,ShowHideAutoDD,DP410
MF Market Rent,Auto,ShowHideAutoDD,DP411
MF Market Rent,Auto,ShowHideAutoDD,DP412
MF Market Rent,Auto,ShowHideAutoDD,DP413
MF Market Rent,Auto,ShowHideAutoDD,DP415
MF Market Rent,Auto,ShowHideAutoDD,DP416
MF Market Rent,Auto,ShowHideAutoDD,DP417
MF Market Rent,Auto,ShowHideAutoDD,DP418
MF Market Rent,Auto,ShowHideAutoDD,DP419
MF Market Rent,Auto,ShowHideAutoDD,DP420
MF Market Rent,Auto,ShowHideAutoDD,DP421
MF Market Rent,Auto,ShowHideAutoDD,DP422
MF Market Rent,Auto,ShowHideAutoDD,DP423
MF Market Rent,Auto,ShowHideAutoDD,DP424
MF Market Rent,Auto,ShowHideAutoDD,DP426
MF Market Rent,Auto,ShowHideAutoDD,DP427
MF Market Rent,Auto,ShowHideAutoDD,DP428
MF Market Rent,Auto,ShowHideAutoDD,DP429
MF Market Rent,Auto,ShowHideAutoDD,DP430
MF Market Rent,Auto,ShowHideAutoDD,DP431
MF Market Rent,Auto,ShowHideAutoDD,DP432
MF Market Rent,Auto,ShowHideAutoDD,DP433
MF Market Rent,Auto,ShowHideAutoDD,DP434
MF Market Rent,Auto,ShowHideAutoDD,DP435
MF Market Rent,Auto,ShowHideAutoDD,DP437
MF Market Rent,Auto,ShowHideAutoDD,DP438
MF Market Rent,Auto,ShowHideAutoDD,DP439
MF Market Rent,Auto,ShowHideAutoDD,DP440
MF Market Rent,Auto,ShowHideAutoDD,DP441
MF Market Rent,Auto,ShowHideAutoDD,DP442
MF Market Rent,Auto,ShowHideAutoDD,DP443
MF Market Rent,Auto,ShowHideAutoDD,DP444
MF Market Rent,Auto,ShowHideAutoDD,DP445
MF Market Rent,Auto,ShowHideAutoDD,DP446
MF Market Rent,Show Unit Types?,ShowHideAutoDD,EJ452
MF Market Rent,Auto,ShowHideAutoDD,EK452
MF Market Rent,Auto,ShowHideAutoDD,EL452
MF Market Rent,Auto,ShowHideAutoDD,EN452
MF Market Rent,Auto,ShowHideAutoDD,EO452
MF Market Rent,Auto,ShowHideAutoDD,EP452
MF Market Rent,Auto,ShowHideAutoDD,EQ452
MF Market Rent,Show Unit Types?,"""Yes,No""",EF453
MF Market Rent,Yes,ShowHideAutoDD,EF457
MF Market Rent,Auto,ShowHideAutoDD,EF458
MF Market Rent,Auto,ShowHideAutoDD,EF459
MF Market Rent,Auto,ShowHideAutoDD,EF460
MF Market Rent,Auto,ShowHideAutoDD,EF461
MF Market Rent,Auto,ShowHideAutoDD,EF462
MF Market Rent,Auto,ShowHideAutoDD,EF463
MF Market Rent,Auto,ShowHideAutoDD,EF464
MF Market Rent,Auto,ShowHideAutoDD,EF465
MF Market Rent,Auto,ShowHideAutoDD,EF466
MF Market Rent,Auto,ShowHideAutoDD,EF467
MF Market Rent,Auto,ShowHideAutoDD,EF468
MF Market Rent,Auto,ShowHideAutoDD,EF469
MF Market Rent,Auto,ShowHideAutoDD,EF470
MF Market Rent,Auto,ShowHideAutoDD,EF471
MF Market Rent,Auto,ShowHideAutoDD,EF472
MF Market Rent,Auto,ShowHideAutoDD,EF473
MF Market Rent,Auto,ShowHideAutoDD,EF474
MF Market Rent,Auto,ShowHideAutoDD,EF475
MF Market Rent,Auto,ShowHideAutoDD,EF476
MF Market Rent,Auto,ShowHideAutoDD,EF477
MF Market Rent,Auto,ShowHideAutoDD,EF478
MF Market Rent,Auto,ShowHideAutoDD,EF479
MF Market Rent,Auto,ShowHideAutoDD,EF480
MF Market Rent,Auto,ShowHideAutoDD,EF481
MF Market Rent,Auto,ShowHideAutoDD,EF482
MF Market Rent,Auto,ShowHideAutoDD,EF483
MF Market Rent,Auto,ShowHideAutoDD,EF484
MF Market Rent,Auto,ShowHideAutoDD,EF485
MF Market Rent,Auto,ShowHideAutoDD,EF486
MF Market Rent,Auto,ShowHideAutoDD,EF487
MF Market Rent,Auto,ShowHideAutoDD,EF488
MF Market Rent,Auto,ShowHideAutoDD,EF489
MF Market Rent,Auto,ShowHideAutoDD,EF490
MF Market Rent,Auto,ShowHideAutoDD,EF491
MF Market Rent,Auto,ShowHideAutoDD,EF492
MF Market Rent,Auto,ShowHideAutoDD,EF493
MF Market Rent,Auto,ShowHideAutoDD,EF494
MF Market Rent,Auto,ShowHideAutoDD,EF495
MF Market Rent,Auto,ShowHideAutoDD,EF496
MF Market Rent,Auto,ShowHideAutoDD,EF497
MF Market Rent,Auto,ShowHideAutoDD,EF498
MF Market Rent,Auto,ShowHideAutoDD,EF499
MF Market Rent,Auto,ShowHideAutoDD,EF500
MF Market Rent,Auto,ShowHideAutoDD,EF501
MF Market Rent,Auto,ShowHideAutoDD,EF502
MF Market Rent,Auto,ShowHideAutoDD,EF503
MF Market Rent,Auto,ShowHideAutoDD,EF504
MF Market Rent,Auto,ShowHideAutoDD,EF505
MF Market Rent,Auto,ShowHideAutoDD,EF506
MF Market Rent,Auto,ShowHideAutoDD,EF507
MF Market Rent,Auto,ShowHideAutoDD,EF508
MF Market Rent,Auto,ShowHideAutoDD,EF509
MF Market Rent,Auto,ShowHideAutoDD,EF510
MF Market Rent,Auto,ShowHideAutoDD,EF511
MF Market Rent,Auto,ShowHideAutoDD,EF512
MF Market Rent,Auto,ShowHideAutoDD,EF513
MF Market Rent,Auto,ShowHideAutoDD,EF514
MF Market Rent,Auto,ShowHideAutoDD,EF515
MF Market Rent,Auto,ShowHideAutoDD,EF516
MF Market Rent,Auto,ShowHideAutoDD,EF517
MF Market Rent,Auto,ShowHideAutoDD,EF518
MF Market Rent,Auto,ShowHideAutoDD,EF519
MF Market Rent,Auto,ShowHideAutoDD,EF520
MF Market Rent,Auto,ShowHideAutoDD,EF521
MF Market Rent,Auto,ShowHideAutoDD,EF522
MF Market Rent,Auto,ShowHideAutoDD,EF523
MF Market Rent,Auto,ShowHideAutoDD,EF524
MF Market Rent,Auto,ShowHideAutoDD,EF525
MF Market Rent,Auto,ShowHideAutoDD,EF526
MF Market Rent,Auto,ShowHideAutoDD,EF527
MF Market Rent,Auto,ShowHideAutoDD,EF528
MF Market Rent,Auto,ShowHideAutoDD,EF529
MF Market Rent,Auto,ShowHideAutoDD,EF530
MF Market Rent,Auto,ShowHideAutoDD,EF531
MF Market Rent,Auto,ShowHideAutoDD,EF532
MF Market Rent,Auto,ShowHideAutoDD,EF533
MF Market Rent,Auto,ShowHideAutoDD,EF534
MF Market Rent,Auto,ShowHideAutoDD,EF535
MF Market Rent,Auto,ShowHideAutoDD,EF536
MF Market Rent,Auto,ShowHideAutoDD,EF537
MF Market Rent,Auto,ShowHideAutoDD,EF538
MF Market Rent,Auto,ShowHideAutoDD,EF539
MF Market Rent,Auto,ShowHideAutoDD,EF540
MF Market Rent,Auto,ShowHideAutoDD,EF541
MF Market Rent,Auto,ShowHideAutoDD,EF542
MF Market Rent,Auto,ShowHideAutoDD,EF543
MF Market Rent,Auto,ShowHideAutoDD,EF544
MF Market Rent,Auto,ShowHideAutoDD,EF545
MF Market Rent,Auto,ShowHideAutoDD,EF546
MF Market Rent,Auto,ShowHideAutoDD,EF547
MF Market Rent,Auto,ShowHideAutoDD,EF548
MF Market Rent,Auto,ShowHideAutoDD,EF549
MF Market Rent,Auto,ShowHideAutoDD,EF550
MF Market Rent,Auto,ShowHideAutoDD,EF551
MF Market Rent,Auto,ShowHideAutoDD,EF552
MF Market Rent,Auto,ShowHideAutoDD,EF553
MF Market Rent,Auto,ShowHideAutoDD,EF554
MF Market Rent,Auto,ShowHideAutoDD,EF555
MF Market Rent,Auto,ShowHideAutoDD,EF556
MF Market Rent,Auto,ShowHideAutoDD,EF557
MF Market Rent,Auto,ShowHideAutoDD,EF558
MF Market Rent,Auto,ShowHideAutoDD,EF559
MF Market Rent,Auto,ShowHideAutoDD,EF560
MF Market Rent,Auto,ShowHideAutoDD,EF561
MF Market Rent,Auto,ShowHideAutoDD,EF562
MF Market Rent,Auto,ShowHideAutoDD,EF563
MF Market Rent,Auto,ShowHideAutoDD,EF564
MF Market Rent,Auto,ShowHideAutoDD,EF565
MF Market Rent,Auto,ShowHideAutoDD,EF566
MF Market Rent,Include N1 Description for Comps,"""Yes,No""",FZ582
MF Market Rent,No,"""Contract,Market""",GB582
MF Market Rent,Market,"""Yes,No""",GF582
Rent Comp Profiles,add dynamic show/hide spacer rows to maintain pic height constant,ShowHideAutoDD,I350
Rent Comp Profiles,Auto,ShowHideDD,I351
Rent Comp Profiles,Hide,ShowHideAutoDD,I352
Rent Comp Profiles,Auto,ShowHideAutoDD,I353
Rent Comp Profiles,Auto,ShowHideAutoDD,I354
Rent Comp Profiles,Auto,ShowHideAutoDD,I355
Rent Comp Profiles,Auto,ShowHideAutoDD,I356
Rent Comp Profiles,Auto,ShowHideAutoDD,I357
Rent Comp Profiles,Auto,ShowHideAutoDD,I358
Rent Comp Profiles,Auto,ShowHideAutoDD,I359
Rent Comp Profiles,Auto,ShowHideAutoDD,I360
Rent Comp Profiles,Auto,ShowHideAutoDD,I361
Rent Comp Profiles,Auto,ShowHideAutoDD,I362
Rent Comp Profiles,Auto,ShowHideAutoDD,I363
Rent Comp Profiles,Auto,ShowHideAutoDD,I364
Rent Comp Profiles,Auto,ShowHideAutoDD,I365
Rent Comp Profiles,Auto,ShowHideAutoDD,I366
Rent Comp Profiles,Auto,ShowHideAutoDD,I369
Rent Comp Profiles,Auto,ShowHideAutoDD,I370
Rent Comp Profiles,Auto,ShowHideAutoDD,I371
Rent Comp Profiles,Auto,ShowHideAutoDD,I372
Rent Comp Profiles,Auto,ShowHideAutoDD,I373
Rent Comp Profiles,Auto,ShowHideAutoDD,I374
Rent Comp Profiles,Auto,ShowHideAutoDD,I375
Rent Comp Profiles,Auto,ShowHideAutoDD,I376
Rent Comp Profiles,Auto,ShowHideAutoDD,I377
Rent Comp Profiles,Auto,ShowHideAutoDD,I378
Rent Comp Profiles,Auto,ShowHideAutoDD,I379
Rent Comp Profiles,Auto,ShowHideAutoDD,I380
Rent Comp Profiles,Auto,ShowHideAutoDD,I381
Rent Comp Profiles,Auto,ShowHideAutoDD,I384
Rent Comp Profiles,Auto,ShowHideAutoDD,I387
Rent Comp Profiles,Auto,ShowHideAutoDD,I390
Rent Comp Profiles,Unknown_Field_I421,ShowHideAutoDD,I421
Rent Comp Profiles,Unknown_Field_I445,ShowHideAutoDD,I445
Rent Comp Profiles,Unknown_Field_I489,ShowHideAutoDD,I489
Rent Comp Profiles,Unknown_Field_I501,ShowHideAutoDD,I501
Rent Comp Profiles,Auto,ShowHideAutoDD,I502
Rent Comp Profiles,Auto,ShowHideAutoDD,I503
Rent Comp Profiles,Auto,ShowHideAutoDD,I504
Rent Comp Profiles,Auto,ShowHideAutoDD,I505
Rent Comp Profiles,Auto,ShowHideAutoDD,I506
Rent Comp Profiles,Auto,ShowHideAutoDD,I507
Rent Comp Profiles,Auto,ShowHideAutoDD,I508
Rent Comp Profiles,Auto,ShowHideAutoDD,I509
Rent Comp Profiles,Auto,ShowHideAutoDD,I510
Rent Comp Profiles,Auto,ShowHideAutoDD,I511
Rent Comp Profiles,Auto,ShowHideAutoDD,I512
Rent Comp Profiles,Auto,ShowHideAutoDD,I513
Rent Comp Profiles,Auto,ShowHideAutoDD,I514
Rent Comp Profiles,Auto,ShowHideAutoDD,I517
Rent Comp Profiles,add dynamic show/hide spacer rows to maintain pic height constant,ShowHideAutoDD,I528
Rent Comp Profiles,Auto,ShowHideDD,I529
Rent Comp Profiles,Hide,ShowHideAutoDD,I530
Rent Comp Profiles,Auto,ShowHideAutoDD,I531
Rent Comp Profiles,Auto,ShowHideAutoDD,I532
Rent Comp Profiles,Auto,ShowHideAutoDD,I533
Rent Comp Profiles,Auto,ShowHideAutoDD,I534
Rent Comp Profiles,Auto,ShowHideAutoDD,I535
Rent Comp Profiles,Auto,ShowHideAutoDD,I536
Rent Comp Profiles,Auto,ShowHideAutoDD,I537
Rent Comp Profiles,Auto,ShowHideAutoDD,I538
Rent Comp Profiles,Auto,ShowHideAutoDD,I539
Rent Comp Profiles,Auto,ShowHideAutoDD,I540
Rent Comp Profiles,Auto,ShowHideAutoDD,I541
Rent Comp Profiles,Auto,ShowHideAutoDD,I542
Rent Comp Profiles,Auto,ShowHideAutoDD,I543
Rent Comp Profiles,Auto,ShowHideAutoDD,I544
Rent Comp Profiles,Auto,ShowHideAutoDD,I547
Rent Comp Profiles,Auto,ShowHideAutoDD,I548
Rent Comp Profiles,Auto,ShowHideAutoDD,I549
Rent Comp Profiles,Auto,ShowHideAutoDD,I550
Rent Comp Profiles,Auto,ShowHideAutoDD,I551
Rent Comp Profiles,Auto,ShowHideAutoDD,I552
Rent Comp Profiles,Auto,ShowHideAutoDD,I553
Rent Comp Profiles,Auto,ShowHideAutoDD,I554
Rent Comp Profiles,Auto,ShowHideAutoDD,I555
Rent Comp Profiles,Auto,ShowHideAutoDD,I556
Rent Comp Profiles,Auto,ShowHideAutoDD,I557
Rent Comp Profiles,Auto,ShowHideAutoDD,I558
Rent Comp Profiles,Auto,ShowHideAutoDD,I559
Rent Comp Profiles,Auto,ShowHideAutoDD,I562
Rent Comp Profiles,Auto,ShowHideAutoDD,I565
Rent Comp Profiles,Auto,ShowHideAutoDD,I568
Rent Comp Profiles,Unknown_Field_I599,ShowHideAutoDD,I599
Rent Comp Profiles,Unknown_Field_I623,ShowHideAutoDD,I623
Rent Comp Profiles,Unknown_Field_I667,ShowHideAutoDD,I667
Rent Comp Profiles,Unknown_Field_I679,ShowHideAutoDD,I679
Rent Comp Profiles,Auto,ShowHideAutoDD,I680
Rent Comp Profiles,Auto,ShowHideAutoDD,I681
Rent Comp Profiles,Auto,ShowHideAutoDD,I682
Rent Comp Profiles,Auto,ShowHideAutoDD,I683
Rent Comp Profiles,Auto,ShowHideAutoDD,I684
Rent Comp Profiles,Auto,ShowHideAutoDD,I685
Rent Comp Profiles,Auto,ShowHideAutoDD,I686
Rent Comp Profiles,Auto,ShowHideAutoDD,I687
Rent Comp Profiles,Auto,ShowHideAutoDD,I688
Rent Comp Profiles,Auto,ShowHideAutoDD,I689
Rent Comp Profiles,Auto,ShowHideAutoDD,I690
Rent Comp Profiles,Auto,ShowHideAutoDD,I691
Rent Comp Profiles,Auto,ShowHideAutoDD,I692
Rent Comp Profiles,Auto,ShowHideAutoDD,I695
Rent Comp Profiles,"Addit'l
Detail?","""Yes,No""",I697
Rent Comp Profiles,add dynamic show/hide spacer rows to maintain pic height constant,ShowHideAutoDD,I706
Rent Comp Profiles,Auto,ShowHideDD,I707
Rent Comp Profiles,Hide,ShowHideAutoDD,I708
Rent Comp Profiles,Auto,ShowHideAutoDD,I709
Rent Comp Profiles,Auto,ShowHideAutoDD,I710
Rent Comp Profiles,Auto,ShowHideAutoDD,I711
Rent Comp Profiles,Auto,ShowHideAutoDD,I712
Rent Comp Profiles,Auto,ShowHideAutoDD,I713
Rent Comp Profiles,Auto,ShowHideAutoDD,I714
Rent Comp Profiles,Auto,ShowHideAutoDD,I715
Rent Comp Profiles,Auto,ShowHideAutoDD,I716
Rent Comp Profiles,Auto,ShowHideAutoDD,I717
Rent Comp Profiles,Auto,ShowHideAutoDD,I718
Rent Comp Profiles,Auto,ShowHideAutoDD,I719
Rent Comp Profiles,Auto,ShowHideAutoDD,I720
Rent Comp Profiles,Auto,ShowHideAutoDD,I721
Rent Comp Profiles,Auto,ShowHideAutoDD,I722
Rent Comp Profiles,Auto,ShowHideAutoDD,I725
Rent Comp Profiles,Auto,ShowHideAutoDD,I726
Rent Comp Profiles,Auto,ShowHideAutoDD,I727
Rent Comp Profiles,Auto,ShowHideAutoDD,I728
Rent Comp Profiles,Auto,ShowHideAutoDD,I729
Rent Comp Profiles,Auto,ShowHideAutoDD,I730
Rent Comp Profiles,Auto,ShowHideAutoDD,I731
Rent Comp Profiles,Auto,ShowHideAutoDD,I732
Rent Comp Profiles,Auto,ShowHideAutoDD,I733
Rent Comp Profiles,Auto,ShowHideAutoDD,I734
Rent Comp Profiles,Auto,ShowHideAutoDD,I735
Rent Comp Profiles,Auto,ShowHideAutoDD,I736
Rent Comp Profiles,Auto,ShowHideAutoDD,I737
Rent Comp Profiles,Auto,ShowHideAutoDD,I740
Rent Comp Profiles,Auto,ShowHideAutoDD,I743
Rent Comp Profiles,Auto,ShowHideAutoDD,I746
Rent Comp Profiles,Unknown_Field_I777,ShowHideAutoDD,I777
Rent Comp Profiles,Unknown_Field_I801,ShowHideAutoDD,I801
Rent Comp Profiles,Unknown_Field_I845,ShowHideAutoDD,I845
Rent Comp Profiles,Unknown_Field_I857,ShowHideAutoDD,I857
Rent Comp Profiles,Auto,ShowHideAutoDD,I858
Rent Comp Profiles,Auto,ShowHideAutoDD,I859
Rent Comp Profiles,Auto,ShowHideAutoDD,I860
Rent Comp Profiles,Auto,ShowHideAutoDD,I861
Rent Comp Profiles,Auto,ShowHideAutoDD,I862
Rent Comp Profiles,Auto,ShowHideAutoDD,I863
Rent Comp Profiles,Auto,ShowHideAutoDD,I864
Rent Comp Profiles,Auto,ShowHideAutoDD,I865
Rent Comp Profiles,Auto,ShowHideAutoDD,I866
Rent Comp Profiles,Auto,ShowHideAutoDD,I867
Rent Comp Profiles,Auto,ShowHideAutoDD,I868
Rent Comp Profiles,Auto,ShowHideAutoDD,I869
Rent Comp Profiles,Auto,ShowHideAutoDD,I870
Rent Comp Profiles,Auto,ShowHideAutoDD,I873
Rent Comp Profiles,"Addit'l
Detail?","""Yes,No""",I875
Rent Comp Profiles,add dynamic show/hide spacer rows to maintain pic height constant,ShowHideAutoDD,I884
Rent Comp Profiles,Auto,ShowHideDD,I885
Rent Comp Profiles,Hide,ShowHideAutoDD,I886
Rent Comp Profiles,Auto,ShowHideAutoDD,I887
Rent Comp Profiles,Auto,ShowHideAutoDD,I888
Rent Comp Profiles,Auto,ShowHideAutoDD,I889
Rent Comp Profiles,Auto,ShowHideAutoDD,I890
Rent Comp Profiles,Auto,ShowHideAutoDD,I891
Rent Comp Profiles,Auto,ShowHideAutoDD,I892
Rent Comp Profiles,Auto,ShowHideAutoDD,I893
Rent Comp Profiles,Auto,ShowHideAutoDD,I894
Rent Comp Profiles,Auto,ShowHideAutoDD,I895
Rent Comp Profiles,Auto,ShowHideAutoDD,I896
Rent Comp Profiles,Auto,ShowHideAutoDD,I897
Rent Comp Profiles,Auto,ShowHideAutoDD,I898
Rent Comp Profiles,Auto,ShowHideAutoDD,I899
Rent Comp Profiles,Auto,ShowHideAutoDD,I900
Rent Comp Profiles,Auto,ShowHideAutoDD,I903
Rent Comp Profiles,Auto,ShowHideAutoDD,I904
Rent Comp Profiles,Auto,ShowHideAutoDD,I905
Rent Comp Profiles,Auto,ShowHideAutoDD,I906
Rent Comp Profiles,Auto,ShowHideAutoDD,I907
Rent Comp Profiles,Auto,ShowHideAutoDD,I908
Rent Comp Profiles,Auto,ShowHideAutoDD,I909
Rent Comp Profiles,Auto,ShowHideAutoDD,I910
Rent Comp Profiles,Auto,ShowHideAutoDD,I911
Rent Comp Profiles,Auto,ShowHideAutoDD,I912
Rent Comp Profiles,Auto,ShowHideAutoDD,I913
Rent Comp Profiles,Auto,ShowHideAutoDD,I914
Rent Comp Profiles,Auto,ShowHideAutoDD,I915
Rent Comp Profiles,Auto,ShowHideAutoDD,I918
Rent Comp Profiles,Auto,ShowHideAutoDD,I921
Rent Comp Profiles,Auto,ShowHideAutoDD,I924
Rent Comp Profiles,Unknown_Field_I955,ShowHideAutoDD,I955
Rent Comp Profiles,Unknown_Field_I979,ShowHideAutoDD,I979
Rent Comp Profiles,Unknown_Field_I1023,ShowHideAutoDD,I1023
Rent Comp Profiles,Unknown_Field_I1035,ShowHideAutoDD,I1035
Rent Comp Profiles,Auto,ShowHideAutoDD,I1036
Rent Comp Profiles,Auto,ShowHideAutoDD,I1037
Rent Comp Profiles,Auto,ShowHideAutoDD,I1038
Rent Comp Profiles,Auto,ShowHideAutoDD,I1039
Rent Comp Profiles,Auto,ShowHideAutoDD,I1040
Rent Comp Profiles,Auto,ShowHideAutoDD,I1041
Rent Comp Profiles,Auto,ShowHideAutoDD,I1042
Rent Comp Profiles,Auto,ShowHideAutoDD,I1043
Rent Comp Profiles,Auto,ShowHideAutoDD,I1044
Rent Comp Profiles,Auto,ShowHideAutoDD,I1045
Rent Comp Profiles,Auto,ShowHideAutoDD,I1046
Rent Comp Profiles,Auto,ShowHideAutoDD,I1047
Rent Comp Profiles,Auto,ShowHideAutoDD,I1048
Rent Comp Profiles,Auto,ShowHideAutoDD,I1051
Rent Comp Profiles,"Addit'l
Detail?","""Yes,No""",I1053
Rent Comp Profiles,add dynamic show/hide spacer rows to maintain pic height constant,ShowHideAutoDD,I1062
Rent Comp Profiles,Auto,ShowHideDD,I1063
Rent Comp Profiles,Hide,ShowHideAutoDD,I1064
Rent Comp Profiles,Auto,ShowHideAutoDD,I1065
Rent Comp Profiles,Auto,ShowHideAutoDD,I1066
Rent Comp Profiles,Auto,ShowHideAutoDD,I1067
Rent Comp Profiles,Auto,ShowHideAutoDD,I1068
Rent Comp Profiles,Auto,ShowHideAutoDD,I1069
Rent Comp Profiles,Auto,ShowHideAutoDD,I1070
Rent Comp Profiles,Auto,ShowHideAutoDD,I1071
Rent Comp Profiles,Auto,ShowHideAutoDD,I1072
Rent Comp Profiles,Auto,ShowHideAutoDD,I1073
Rent Comp Profiles,Auto,ShowHideAutoDD,I1074
Rent Comp Profiles,Auto,ShowHideAutoDD,I1075
Rent Comp Profiles,Auto,ShowHideAutoDD,I1076
Rent Comp Profiles,Auto,ShowHideAutoDD,I1077
Rent Comp Profiles,Auto,ShowHideAutoDD,I1078
Rent Comp Profiles,Auto,ShowHideAutoDD,I1081
Rent Comp Profiles,Auto,ShowHideAutoDD,I1082
Rent Comp Profiles,Auto,ShowHideAutoDD,I1083
Rent Comp Profiles,Auto,ShowHideAutoDD,I1084
Rent Comp Profiles,Auto,ShowHideAutoDD,I1085
Rent Comp Profiles,Auto,ShowHideAutoDD,I1086
Rent Comp Profiles,Auto,ShowHideAutoDD,I1087
Rent Comp Profiles,Auto,ShowHideAutoDD,I1088
Rent Comp Profiles,Auto,ShowHideAutoDD,I1089
Rent Comp Profiles,Auto,ShowHideAutoDD,I1090
Rent Comp Profiles,Auto,ShowHideAutoDD,I1091
Rent Comp Profiles,Auto,ShowHideAutoDD,I1092
Rent Comp Profiles,Auto,ShowHideAutoDD,I1093
Rent Comp Profiles,Auto,ShowHideAutoDD,I1096
Rent Comp Profiles,Auto,ShowHideAutoDD,I1099
Rent Comp Profiles,Auto,ShowHideAutoDD,I1102
Rent Comp Profiles,Unknown_Field_I1133,ShowHideAutoDD,I1133
Rent Comp Profiles,Unknown_Field_I1157,ShowHideAutoDD,I1157
Rent Comp Profiles,Unknown_Field_I1201,ShowHideAutoDD,I1201
Rent Comp Profiles,Unknown_Field_I1213,ShowHideAutoDD,I1213
Rent Comp Profiles,Auto,ShowHideAutoDD,I1214
Rent Comp Profiles,Auto,ShowHideAutoDD,I1215
Rent Comp Profiles,Auto,ShowHideAutoDD,I1216
Rent Comp Profiles,Auto,ShowHideAutoDD,I1217
Rent Comp Profiles,Auto,ShowHideAutoDD,I1218
Rent Comp Profiles,Auto,ShowHideAutoDD,I1219
Rent Comp Profiles,Auto,ShowHideAutoDD,I1220
Rent Comp Profiles,Auto,ShowHideAutoDD,I1221
Rent Comp Profiles,Auto,ShowHideAutoDD,I1222
Rent Comp Profiles,Auto,ShowHideAutoDD,I1223
Rent Comp Profiles,Auto,ShowHideAutoDD,I1224
Rent Comp Profiles,Auto,ShowHideAutoDD,I1225
Rent Comp Profiles,Auto,ShowHideAutoDD,I1226
Rent Comp Profiles,Auto,ShowHideAutoDD,I1229
Rent Comp Profiles,"Addit'l
Detail?","""Yes,No""",I1231
Rent Comp Profiles,add dynamic show/hide spacer rows to maintain pic height constant,ShowHideAutoDD,I1240
Rent Comp Profiles,Auto,ShowHideDD,I1241
Rent Comp Profiles,Hide,ShowHideAutoDD,I1242
Rent Comp Profiles,Auto,ShowHideAutoDD,I1243
Rent Comp Profiles,Auto,ShowHideAutoDD,I1244
Rent Comp Profiles,Auto,ShowHideAutoDD,I1245
Rent Comp Profiles,Auto,ShowHideAutoDD,I1246
Rent Comp Profiles,Auto,ShowHideAutoDD,I1247
Rent Comp Profiles,Auto,ShowHideAutoDD,I1248
Rent Comp Profiles,Auto,ShowHideAutoDD,I1249
Rent Comp Profiles,Auto,ShowHideAutoDD,I1250
Rent Comp Profiles,Auto,ShowHideAutoDD,I1251
Rent Comp Profiles,Auto,ShowHideAutoDD,I1252
Rent Comp Profiles,Auto,ShowHideAutoDD,I1253
Rent Comp Profiles,Auto,ShowHideAutoDD,I1254
Rent Comp Profiles,Auto,ShowHideAutoDD,I1255
Rent Comp Profiles,Auto,ShowHideAutoDD,I1256
Rent Comp Profiles,Auto,ShowHideAutoDD,I1259
Rent Comp Profiles,Auto,ShowHideAutoDD,I1260
Rent Comp Profiles,Auto,ShowHideAutoDD,I1261
Rent Comp Profiles,Auto,ShowHideAutoDD,I1262
Rent Comp Profiles,Auto,ShowHideAutoDD,I1263
Rent Comp Profiles,Auto,ShowHideAutoDD,I1264
Rent Comp Profiles,Auto,ShowHideAutoDD,I1265
Rent Comp Profiles,Auto,ShowHideAutoDD,I1266
Rent Comp Profiles,Auto,ShowHideAutoDD,I1267
Rent Comp Profiles,Auto,ShowHideAutoDD,I1268
Rent Comp Profiles,Auto,ShowHideAutoDD,I1269
Rent Comp Profiles,Auto,ShowHideAutoDD,I1270
Rent Comp Profiles,Auto,ShowHideAutoDD,I1271
Rent Comp Profiles,Auto,ShowHideAutoDD,I1274
Rent Comp Profiles,Auto,ShowHideAutoDD,I1277
Rent Comp Profiles,Auto,ShowHideAutoDD,I1280
Rent Comp Profiles,Unknown_Field_I1311,ShowHideAutoDD,I1311
Rent Comp Profiles,Unknown_Field_I1335,ShowHideAutoDD,I1335
Rent Comp Profiles,Unknown_Field_I1379,ShowHideAutoDD,I1379
Rent Comp Profiles,Unknown_Field_I1391,ShowHideAutoDD,I1391
Rent Comp Profiles,Auto,ShowHideAutoDD,I1392
Rent Comp Profiles,Auto,ShowHideAutoDD,I1393
Rent Comp Profiles,Auto,ShowHideAutoDD,I1394
Rent Comp Profiles,Auto,ShowHideAutoDD,I1395
Rent Comp Profiles,Auto,ShowHideAutoDD,I1396
Rent Comp Profiles,Auto,ShowHideAutoDD,I1397
Rent Comp Profiles,Auto,ShowHideAutoDD,I1398
Rent Comp Profiles,Auto,ShowHideAutoDD,I1399
Rent Comp Profiles,Auto,ShowHideAutoDD,I1400
Rent Comp Profiles,Auto,ShowHideAutoDD,I1401
Rent Comp Profiles,Auto,ShowHideAutoDD,I1402
Rent Comp Profiles,Auto,ShowHideAutoDD,I1403
Rent Comp Profiles,Auto,ShowHideAutoDD,I1404
Rent Comp Profiles,Auto,ShowHideAutoDD,I1407
Rent Comp Profiles,"Addit'l
Detail?","""Yes,No""",I1409
Capitalization and Multipliers,Source worksheet for Potential Gross Income,RentRollList,J11
Capitalization and Multipliers,Rent Roll,"""GBA,GLA,RA, GBA Meters, GLA Meters, RA Meters""",M11
Capitalization and Multipliers,Type of PGI,"""Contract & Market, Market""",J32
Capitalization and Multipliers,Method,List7,H40
Capitalization and Multipliers,Method,List7,H41
Capitalization and Multipliers,Method,List7,H42
Capitalization and Multipliers,Method,List7,H43
Capitalization and Multipliers,Method,List7,H44
Capitalization and Multipliers,Method,List7,H45
Capitalization and Multipliers,Unknown_Field_H46,List7,H46
Capitalization and Multipliers,Unknown_Field_H47,List7,H47
Capitalization and Multipliers,Unknown_Field_H48,List7,H48
Capitalization and Multipliers,Unknown_Field_H49,List7,H49
Capitalization and Multipliers,Unknown_Field_H50,List7,H50
Capitalization and Multipliers,Unknown_Field_H51,List7,H51
Capitalization and Multipliers,Unknown_Field_H52,List7,H52
Capitalization and Multipliers,Unknown_Field_H53,List7,H53
Capitalization and Multipliers,Unknown_Field_H54,List7,H54
Capitalization and Multipliers,Unknown_Field_H55,List7,H55
Capitalization and Multipliers,Unknown_Field_H56,List7,H56
Capitalization and Multipliers,Unknown_Field_H57,List7,H57
Capitalization and Multipliers,Unknown_Field_H58,List7,H58
Capitalization and Multipliers,Unknown_Field_H59,List7,H59
Capitalization and Multipliers,Unknown_Field_C61,"""Show,Hide""",C61
Capitalization and Multipliers,Unknown_Field_C62,"""Show,Hide""",C62
Capitalization and Multipliers,Unknown_Field_C63,"""Show,Hide""",C63
Capitalization and Multipliers,Unknown_Field_C64,"""Show,Hide""",C64
Capitalization and Multipliers,Unknown_Field_C68,"""Show,Hide""",C68
Capitalization and Multipliers,Unknown_Field_C69,"""Show,Hide""",C69
Capitalization and Multipliers,Annual,"""$/SF,$/Unit,$/M2,% EGI""",K71
Capitalization and Multipliers,Tax Expense,"""% of EGRI,% of EGI,$/SF,$/Unit,$/Year,$/M2""",H72
Capitalization and Multipliers,Reimbursed,"""Yes, No""",Q72
Capitalization and Multipliers,Insurance,"""% of EGRI,% of EGI,$/SF,$/Unit,$/Year,$/M2""",H73
Capitalization and Multipliers,Projected Taxes <> Asmnt. Tab Taxes,"""Yes, No""",Q73
Capitalization and Multipliers,On Site Management,"""% of EGRI,% of EGI,$/SF,$/Unit,$/Year,$/M2""",H74
Capitalization and Multipliers,No,"""Yes, No""",Q74
Capitalization and Multipliers,Management,"""% of EGRI,% of EGI,$/SF,$/Unit,$/Year,$/M2""",H75
Capitalization and Multipliers,No,"""Yes, No""",Q75
Capitalization and Multipliers,Advertising and Marketing,"""% of EGRI,% of EGI,$/SF,$/Unit,$/Year,$/M2""",H76
Capitalization and Multipliers,No,"""Yes, No""",Q76
Capitalization and Multipliers,Electric Expense,"""% of EGRI,% of EGI,$/SF,$/Unit,$/Year,$/M2""",H77
Capitalization and Multipliers,No,"""Yes, No""",Q77
Capitalization and Multipliers,Water Expense,"""% of EGRI,% of EGI,$/SF,$/Unit,$/Year,$/M2""",H78
Capitalization and Multipliers,No,"""Yes, No""",Q78
Capitalization and Multipliers,Sewer Expense,"""% of EGRI,% of EGI,$/SF,$/Unit,$/Year,$/M2""",H79
Capitalization and Multipliers,No,"""Yes, No""",Q79
Capitalization and Multipliers,Gas Expense,"""% of EGRI,% of EGI,$/SF,$/Unit,$/Year,$/M2""",H80
Capitalization and Multipliers,No,"""Yes, No""",Q80
Capitalization and Multipliers,Fuel Expense,"""% of EGRI,% of EGI,$/SF,$/Unit,$/Year,$/M2""",H81
Capitalization and Multipliers,No,"""Yes, No""",Q81
Capitalization and Multipliers,Trash Expense,"""% of EGRI,% of EGI,$/SF,$/Unit,$/Year,$/M2""",H82
Capitalization and Multipliers,No,"""Yes, No""",Q82
Capitalization and Multipliers,Total Utilities,"""% of EGRI,% of EGI,$/SF,$/Unit,$/Year,$/M2""",H83
Capitalization and Multipliers,No,"""Yes, No""",Q83
Capitalization and Multipliers,Building Repairs,"""% of EGRI,% of EGI,$/SF,$/Unit,$/Year,$/M2""",H84
Capitalization and Multipliers,No,"""Yes, No""",Q84
Capitalization and Multipliers,Other Repairs,"""% of EGRI,% of EGI,$/SF,$/Unit,$/Year,$/M2""",H85
Capitalization and Multipliers,No,"""Yes, No""",Q85
Capitalization and Multipliers,Repairs and Maintenance,"""% of EGRI,% of EGI,$/SF,$/Unit,$/Year,$/M2""",H86
Capitalization and Multipliers,No,"""Yes, No""",Q86
Capitalization and Multipliers,Painting and Decorating,"""% of EGRI,% of EGI,$/SF,$/Unit,$/Year,$/M2""",H87
Capitalization and Multipliers,No,"""Yes, No""",Q87
Capitalization and Multipliers,Roads and Grounds,"""% of EGRI,% of EGI,$/SF,$/Unit,$/Year,$/M2""",H88
Capitalization and Multipliers,No,"""Yes, No""",Q88
Capitalization and Multipliers,Cleaning and Janitorial,"""% of EGRI,% of EGI,$/SF,$/Unit,$/Year,$/M2""",H89
Capitalization and Multipliers,No,"""Yes, No""",Q89
Capitalization and Multipliers,CAM,"""% of EGRI,% of EGI,$/SF,$/Unit,$/Year,$/M2""",H90
Capitalization and Multipliers,No,"""Yes, No""",Q90
Capitalization and Multipliers,Manager and Leasing Salaries,"""% of EGRI,% of EGI,$/SF,$/Unit,$/Year,$/M2""",H91
Capitalization and Multipliers,No,"""Yes, No""",Q91
Capitalization and Multipliers,Maintenance Salaries,"""% of EGRI,% of EGI,$/SF,$/Unit,$/Year,$/M2""",H92
Capitalization and Multipliers,No,"""Yes, No""",Q92
Capitalization and Multipliers,Other Salaries,"""% of EGRI,% of EGI,$/SF,$/Unit,$/Year,$/M2""",H93
Capitalization and Multipliers,No,"""Yes, No""",Q93
Capitalization and Multipliers,Payroll Taxes and Health Benefits,"""% of EGRI,% of EGI,$/SF,$/Unit,$/Year,$/M2""",H94
Capitalization and Multipliers,No,"""Yes, No""",Q94
Capitalization and Multipliers,Payroll,"""% of EGRI,% of EGI,$/SF,$/Unit,$/Year,$/M2""",H95
Capitalization and Multipliers,No,"""Yes, No""",Q95
Capitalization and Multipliers,Security,"""% of EGRI,% of EGI,$/SF,$/Unit,$/Year,$/M2""",H96
Capitalization and Multipliers,No,"""Yes, No""",Q96
Capitalization and Multipliers,Professional Services,"""% of EGRI,% of EGI,$/SF,$/Unit,$/Year,$/M2""",H97
Capitalization and Multipliers,No,"""Yes, No""",Q97
Capitalization and Multipliers,General and Administrative,"""% of EGRI,% of EGI,$/SF,$/Unit,$/Year,$/M2""",H98
Capitalization and Multipliers,General and Administrative,"""Yes, No""",Q98
Capitalization and Multipliers,Non Revenue Units,"""% of EGRI,% of EGI,$/SF,$/Unit,$/Year,$/M2""",H99
Capitalization and Multipliers,No,"""Yes, No""",Q99
Capitalization and Multipliers,Other Expenses,"""% of EGRI,% of EGI,$/SF,$/Unit,$/Year,$/M2""",H100
Capitalization and Multipliers,No,"""Yes, No""",Q100
Capitalization and Multipliers,Reserves,"""% of EGRI,% of EGI,$/SF,$/Unit,$/Year,$/M2""",H101
Capitalization and Multipliers,No,"""Yes, No""",Q101
Capitalization and Multipliers,Leasing Commissions,"""% of EGRI,% of EGI,$/SF,$/Unit,$/Year,$/M2""",H102
Capitalization and Multipliers,No,"""Yes, No""",Q102
Capitalization and Multipliers,Tenant Improvements Expense,"""% of EGRI,% of EGI,$/SF,$/Unit,$/Year,$/M2""",H103
Capitalization and Multipliers,No,"""Yes, No""",Q103
Capitalization and Multipliers,Ground Rent Expense,"""% of EGRI,% of EGI,$/SF,$/Unit,$/Year,$/M2""",H104
Capitalization and Multipliers,No,"""Yes, No""",Q104
Capitalization and Multipliers,No,"""Yes, No""",Q105
Capitalization and Multipliers,No,"""Yes, No""",Q106
Capitalization and Multipliers,No,"""Yes, No""",Q107
Capitalization and Multipliers,No,"""Yes, No""",Q108
Capitalization and Multipliers,Need more rows?,"""Show,Hide""",C114
Capitalization and Multipliers,Unknown_Field_C115,"""Show,Hide""",C115
Capitalization and Multipliers,Unknown_Field_C116,"""Show,Hide""",C116
Capitalization and Multipliers,Unknown_Field_C117,"""Show,Hide""",C117
Capitalization and Multipliers,Unknown_Field_M118,"""-5,-4,-3,-2,-1,0""",M118
Capitalization and Multipliers,"Add ""Cents"" to written value?","""Yes, No""",K121
Capitalization and Multipliers,Unknown_Field_G151,"""Show: City,Show: City/State""",G151
Capitalization and Multipliers,Show: City/State,ShowHideAutoDD,J151
Capitalization and Multipliers,Auto,ShowHideAutoDD,K151
Capitalization and Multipliers,Auto,ShowHideAutoDD,L151
Capitalization and Multipliers,Auto,ShowHideAutoDD,M151
Capitalization and Multipliers,Auto,ShowHideAutoDD,N151
Capitalization and Multipliers,Auto,ShowHideAutoDD,O151
Capitalization and Multipliers,Show: City/State,CompHeaders,G152
Capitalization and Multipliers,City,CompHeaders,H152
Capitalization and Multipliers,Price,CompHeaders,I152
Capitalization and Multipliers,Date,CompHeaders,J152
Capitalization and Multipliers,Date,CompHeaders,K152
Capitalization and Multipliers,Year Built,CompHeaders,L152
Capitalization and Multipliers,TOS Occupancy Rate,CompHeaders,M152
Capitalization and Multipliers,TOS Occupancy Rate,CompHeaders,N152
Capitalization and Multipliers,TOS Cap Rate,CompHeaders,O152
Capitalization and Multipliers,Database Source,SalesGridList,G172
Capitalization and Multipliers,Investor Surveys,ShowHideAutoDD,C179
Capitalization and Multipliers,Auto,ShowHideAutoDD,C181
Capitalization and Multipliers,Auto,ShowHideAutoDD,C183
Capitalization and Multipliers,Auto,ShowHideAutoDD,C185
Capitalization and Multipliers,Auto,ShowHideAutoDD,C187
Capitalization and Multipliers,Auto,ShowHideAutoDD,C188
Capitalization and Multipliers,Unknown_Field_C200,ShowHideAutoDD,C200
Capitalization and Multipliers,Unknown_Field_G216,"""strong,stable,weakened,declining""",G216
Capitalization and Multipliers,"Based on our underwriting, a cap rate","""above,below,near""",G217
Capitalization and Multipliers,Comparable,CompHeaders,G295
Capitalization and Multipliers,City,CompHeaders,H295
Capitalization and Multipliers,Price,CompHeaders,I295
Capitalization and Multipliers,Date,CompHeaders,J295
Capitalization and Multipliers,Expense Ratio,CompHeaders,K295
Capitalization and Multipliers,Database Source,SalesGridList,G309
Capitalization and Multipliers,Rounded,"""-5,-4,-3,-2,-1,0""",J318
Capitalization and Multipliers,"Add ""Cents"" to written value?","""Yes, No""",H321
Capitalization and Multipliers,Comparable,CompHeaders,G325
Capitalization and Multipliers,City,CompHeaders,H325
Capitalization and Multipliers,Price,CompHeaders,I325
Capitalization and Multipliers,Date,CompHeaders,J325
Capitalization and Multipliers,Building Class,CompHeaders,K325
Capitalization and Multipliers,Database Source,SalesGridList,G339
Capitalization and Multipliers,Rounded,"""-5,-4,-3,-2,-1,0""",J348
Capitalization and Multipliers,"Add ""Cents"" to written value?","""Yes, No""",H351
Capitalization and Multipliers,Rounded,"""-5,-4,-3,-2,-1,0""",K358
Capitalization and Multipliers,Choose Premise,ScenariosPremises,G361
Capitalization and Multipliers,< Hand Enter,"""-5,-4,-3,-2,-1,0""",K372
Capitalization and Multipliers,Prop Type,pvaPropertyTypeKeyDD,AE379
Capitalization and Multipliers,Period End,LIST_InvestorSurveyYears,AE381
Capitalization and Multipliers,Period Start,LIST_InvestorSurveyYears,AE382
Capitalization and Multipliers,National,"""Auto,Show,Hide""",AG399
Capitalization and Multipliers,Auto,"""Auto,Show,Hide""",AH399
Capitalization and Multipliers,Auto,"""Auto,Show,Hide""",AI399
Capitalization and Multipliers,Auto,"""Auto,Show,Hide""",AJ399
Capitalization and Multipliers,Auto,"""Auto,Show,Hide""",AK399
Capitalization and Multipliers,Auto,"""Auto,Show,Hide""",AM399
Capitalization and Multipliers,Auto,"""Auto,Show,Hide""",AN399
Capitalization and Multipliers,Auto,"""Auto,Show,Hide""",AO399
Capitalization and Multipliers,Auto,"""Auto,Show,Hide""",AQ399
Capitalization and Multipliers,Auto,"""Auto,Show,Hide""",AR399
Capitalization and Multipliers,Auto,"""Auto,Show,Hide""",AS399
Capitalization and Multipliers,Subtype,$AF$404:$AS$404,AE426
Capitalization and Multipliers,Reason,pvaCapRatePremiumDescriptionDD,AE427
Capitalization and Multipliers,Subj. Compare,"""a below average,an average,an above average""",AE429
Capitalization and Multipliers,Reason,pvaCapRatePremiumDescriptionDD,AE435
Capitalization and Multipliers,Subj. Compare,"""a below average,an average,an above average""",AE437
Capitalization and Multipliers,Unknown_Field_BG444,$AF$404:$AS$404,BG444
Capitalization and Multipliers,Unknown_Field_BM444,$AF$404:$AS$404,BM444
Capitalization and Multipliers,Unknown_Field_BF446,"""Auto,Show,Hide""",BF446
Capitalization and Multipliers,Auto,"""Auto,Show,Hide""",BG446
Capitalization and Multipliers,Auto,"""Auto,Show,Hide""",BH446
Capitalization and Multipliers,Auto,"""Auto,Show,Hide""",BL446
Capitalization and Multipliers,Auto,"""Auto,Show,Hide""",BM446
Capitalization and Multipliers,Auto,"""Auto,Show,Hide""",BN446
Capitalization and Multipliers,Unknown_Field_CB478,"""Auto,Show,Hide""",CB478
Capitalization and Multipliers,Unknown_Field_CC478,"""Auto,Show,Hide""",CC478
Capitalization and Multipliers,Unknown_Field_CD478,"""Auto,Show,Hide""",CD478
Capitalization and Multipliers,Unknown_Field_CE478,"""Auto,Show,Hide""",CE478
Capitalization and Multipliers,Unknown_Field_CF478,"""Auto,Show,Hide""",CF478
Capitalization and Multipliers,Unknown_Field_CH478,"""Auto,Show,Hide""",CH478
Capitalization and Multipliers,Unknown_Field_CI478,"""Auto,Show,Hide""",CI478
Capitalization and Multipliers,Unknown_Field_CJ478,"""Auto,Show,Hide""",CJ478
Capitalization and Multipliers,Unknown_Field_CL478,"""Auto,Show,Hide""",CL478
Capitalization and Multipliers,Unknown_Field_CM478,"""Auto,Show,Hide""",CM478
Capitalization and Multipliers,Unknown_Field_CN478,"""Auto,Show,Hide""",CN478
Capitalization and Multipliers,Unknown_Field_CZ504,"""Auto,Show,Hide""",CZ504
Capitalization and Multipliers,Unknown_Field_DA504,"""Auto,Show,Hide""",DA504
Capitalization and Multipliers,Unknown_Field_DB504,"""Auto,Show,Hide""",DB504
Capitalization and Multipliers,Unknown_Field_DC504,"""Auto,Show,Hide""",DC504
Capitalization and Multipliers,Unknown_Field_DD504,"""Auto,Show,Hide""",DD504
Capitalization and Multipliers,Unknown_Field_DF504,"""Auto,Show,Hide""",DF504
Capitalization and Multipliers,Unknown_Field_DG504,"""Auto,Show,Hide""",DG504
Capitalization and Multipliers,Unknown_Field_DH504,"""Auto,Show,Hide""",DH504
Capitalization and Multipliers,Unknown_Field_DJ504,"""Auto,Show,Hide""",DJ504
Capitalization and Multipliers,Unknown_Field_DK504,"""Auto,Show,Hide""",DK504
Capitalization and Multipliers,Unknown_Field_DL504,"""Auto,Show,Hide""",DL504
Capitalization and Multipliers,Unknown_Field_DZ522,"""Auto,Show,Hide""",DZ522
Capitalization and Multipliers,Auto,"""Auto,Show,Hide""",EA522
Capitalization and Multipliers,Auto,"""Auto,Show,Hide""",EB522
Capitalization and Multipliers,Data Month Year,LIST_BankRates_PropType,DY523
Capitalization and Multipliers,Loan Term Min,"""Auto,Show,Hide""",DV526
Capitalization and Multipliers,Loan Term Max,"""Auto,Show,Hide""",DV527
Capitalization and Multipliers,Index Rate Min,"""Auto,Show,Hide""",DV528
Capitalization and Multipliers,Index Rate Max,"""Auto,Show,Hide""",DV529
Capitalization and Multipliers,Spread Min,"""Auto,Show,Hide""",DV530
Capitalization and Multipliers,Spread Max,"""Auto,Show,Hide""",DV531
Capitalization and Multipliers,Interest Rate Min,"""Auto,Show,Hide""",DV532
Capitalization and Multipliers,Interest Rate Max,"""Auto,Show,Hide""",DV533
Capitalization and Multipliers,LTV / LTC Min,"""Auto,Show,Hide""",DV534
Capitalization and Multipliers,LTV / LTC Max,"""Auto,Show,Hide""",DV535
Capitalization and Multipliers,Min Debt Yield Min,"""Auto,Show,Hide""",DV536
Capitalization and Multipliers,Min Debt Yield Max,"""Auto,Show,Hide""",DV537
Capitalization and Multipliers,DSCR Min,"""Auto,Show,Hide""",DV538
Capitalization and Multipliers,DSCR Max,"""Auto,Show,Hide""",DV539
Capitalization and Multipliers,Year|Quarter,"""Auto,Show,Hide""",DV540
Capitalization and Multipliers,Unknown_Field_EJ546,"""Auto,Show,Hide""",EJ546
Capitalization and Multipliers,Auto,"""Auto,Show,Hide""",EK546
Capitalization and Multipliers,Auto,"""Auto,Show,Hide""",EL546
Capitalization and Multipliers,Auto,"""Auto,Show,Hide""",EM546
Capitalization and Multipliers,Unknown_Field_EG550,"""Auto,Show,Hide""",EG550
Capitalization and Multipliers,Auto,"""Auto,Show,Hide""",EG551
Capitalization and Multipliers,Auto,"""Auto,Show,Hide""",EG552
Capitalization and Multipliers,Auto,"""Auto,Show,Hide""",EG553
Capitalization and Multipliers,Auto,"""Auto,Show,Hide""",EG554
Capitalization and Multipliers,Auto,"""Auto,Show,Hide""",EG555
Capitalization and Multipliers,Auto,"""Auto,Show,Hide""",EG556
Capitalization and Multipliers,Auto,"""Auto,Show,Hide""",EG557
Capitalization and Multipliers,Auto,"""Auto,Show,Hide""",EG558
Capitalization and Multipliers,Auto,"""Auto,Show,Hide""",EG559
Capitalization and Multipliers,Auto,"""Auto,Show,Hide""",EG560
Capitalization and Multipliers,Auto,"""Auto,Show,Hide""",EG561
Capitalization and Multipliers,Auto,"""Auto,Show,Hide""",EG562
Capitalization and Multipliers,Auto,"""Auto,Show,Hide""",EG563
Capitalization and Multipliers,Auto,"""Auto,Show,Hide""",EG564
Capitalization and Multipliers,Auto,"""Auto,Show,Hide""",EG565
Capitalization and Multipliers,Auto,"""Auto,Show,Hide""",EG566
Capitalization and Multipliers,Auto,"""Auto,Show,Hide""",EG567
Capitalization and Multipliers,Auto,"""Auto,Show,Hide""",EG568
Capitalization and Multipliers,Auto,"""Auto,Show,Hide""",EG569
Capitalization and Multipliers,Auto,"""Auto,Show,Hide""",EG570
Capitalization and Multipliers,Auto,"""Auto,Show,Hide""",EG571
Capitalization and Multipliers,Auto,"""Auto,Show,Hide""",EG572
Capitalization and Multipliers,Auto,"""Auto,Show,Hide""",EG573
Capitalization and Multipliers,Auto,"""Auto,Show,Hide""",EG574
Capitalization and Multipliers,Auto,"""Auto,Show,Hide""",EG575
Capitalization and Multipliers,Auto,"""Auto,Show,Hide""",EG576
Capitalization and Multipliers,Auto,"""Auto,Show,Hide""",EG577
Capitalization and Multipliers,Auto,"""Auto,Show,Hide""",EG578
Capitalization and Multipliers,Auto,"""Auto,Show,Hide""",EG579
Capitalization and Multipliers,Auto,"""Auto,Show,Hide""",EG580
Capitalization and Multipliers,Auto,"""Auto,Show,Hide""",EG581
Capitalization and Multipliers,Auto,"""Auto,Show,Hide""",EG582
Capitalization and Multipliers,Auto,"""Auto,Show,Hide""",EG583
Capitalization and Multipliers,Auto,"""Auto,Show,Hide""",EG584
Capitalization and Multipliers,Show,"""Auto,Show,Hide""",EG585
Investor Survey Input,VeryHidden,ShowHideAutoDD,F8
Investor Survey Input,Auto,ShowHideAutoDD,G8
Investor Survey Input,Auto,ShowHideAutoDD,I8
Investor Survey Input,Auto,ShowHideAutoDD,K8
Investor Survey Input,Auto,ShowHideAutoDD,M8
Investor Survey Input,Auto,ShowHideAutoDD,O8
Investor Survey Input,Auto,ShowHideAutoDD,P8
Investor Survey Input,Hide,ShowHideAutoDD,Q8
Investor Survey Input,Hide,ShowHideAutoDD,R8
Investor Survey Input,Hide,ShowHideAutoDD,S8
Investor Survey Input,Hide,ShowHideAutoDD,T8
Investor Survey Input,Hide,ShowHideAutoDD,U8
Investor Survey Input,Hide,ShowHideAutoDD,V8
Investor Survey Input,VeryHidden,ShowHideAutoDD,C12
Investor Survey Input,Auto,ShowHideAutoDD,C13
Investor Survey Input,Auto,ShowHideAutoDD,C14
Investor Survey Input,Auto,ShowHideAutoDD,C15
Investor Survey Input,Auto,ShowHideAutoDD,C16
Investor Survey Input,Auto,ShowHideAutoDD,C17
Investor Survey Input,Auto,ShowHideAutoDD,C18
Investor Survey Input,Auto,ShowHideAutoDD,C19
Investor Survey Input,Auto,ShowHideAutoDD,C20
Investor Survey Input,Auto,ShowHideAutoDD,C21
Investor Survey Input,Auto,ShowHideAutoDD,C22
Investor Survey Input,Auto,ShowHideAutoDD,C23
Investor Survey Input,Auto,ShowHideAutoDD,C24
Investor Survey Input,Property,LIST_MarketSurvey_PropTypes,G24
Investor Survey Input,Property,List57,I24
Investor Survey Input,Property,LIST_CBSA_ShortNameState,K24
Investor Survey Input,Submarket,LIST_MarketSurvey_SubMarkets,M24
Investor Survey Input,Auto,ShowHideAutoDD,C25
Investor Survey Input,Auto,ShowHideAutoDD,C26
Investor Survey Input,Auto,ShowHideAutoDD,C27
Investor Survey Input,As Is,LIST_MarketSurvey_Units,G27
Investor Survey Input,Auto,ShowHideAutoDD,C28
Investor Survey Input,As Stabilized,LIST_MarketSurvey_Units,G28
Investor Survey Input,Auto,ShowHideAutoDD,C29
Investor Survey Input,Auto,ShowHideAutoDD,C30
Investor Survey Input,Auto,ShowHideAutoDD,C31
Investor Survey Input,Auto,ShowHideAutoDD,C32
Investor Survey Input,Auto,ShowHideAutoDD,C33
Investor Survey Input,Auto,ShowHideAutoDD,C34
Investor Survey Input,Auto,ShowHideAutoDD,C35
Investor Survey Input,Auto,ShowHideAutoDD,C36
Investor Survey Input,Auto,ShowHideAutoDD,C37
Investor Survey Input,Auto,ShowHideAutoDD,C38
Investor Survey Input,Auto,ShowHideAutoDD,C39
Investor Survey Output,Prop Type,pvaPropertyTypeKeyDD,F10
Investor Survey Output,Period End,LIST_InvestorSurveyYears,F12
Investor Survey Output,Period Start,LIST_InvestorSurveyYears,F13
Investor Survey Output,Geographies,$K$8:$K$14,F14
Investor Survey Output,Unknown_Field_O22,"""Auto,Show,Hide""",O22
Investor Survey Output,Auto,"""Auto,Show,Hide""",O23
Investor Survey Output,Subtype,List_InvestorSurvey_SubTypes,S23
Investor Survey Output,Auto,"""Auto,Show,Hide""",O24
Investor Survey Output,Auto,"""Auto,Show,Hide""",O25
Investor Survey Output,Auto,"""Auto,Show,Hide""",O26
Investor Survey Output,Subj. Compare,"""a below average,an average,an above average""",S26
Investor Survey Output,Auto,"""Auto,Show,Hide""",O27
Investor Survey Output,Auto,"""Auto,Show,Hide""",O28
Investor Survey Output,Auto,"""Auto,Show,Hide""",O29
Investor Survey Output,Auto,"""Auto,Show,Hide""",O30
Investor Survey Output,Auto,"""Auto,Show,Hide""",O31
Investor Survey Output,Auto,"""Auto,Show,Hide""",O32
Investor Survey Output,Reason,pvaCapRatePremiumDescriptionDD,S32
Investor Survey Output,Auto,"""Auto,Show,Hide""",O33
Investor Survey Output,Auto,"""Auto,Show,Hide""",O34
Investor Survey Output,Subj. Compare,"""a below average,an average,an above average""",S34
Investor Survey Output,Auto,"""Auto,Show,Hide""",O35
Investor Survey Output,Unknown_Field_AJ52,"""Auto,Show,Hide""",AJ52
Investor Survey Output,Mid-Atlantic Region - All,"""Auto,Show,Hide""",AJ53
Investor Survey Output,Midwest Region - All,"""Auto,Show,Hide""",AJ54
Investor Survey Output,Pacific Region - All,"""Auto,Show,Hide""",AJ55
Investor Survey Output,South Region - All,"""Auto,Show,Hide""",AJ56
Investor Survey Output,Southeast Region - All,"""Auto,Show,Hide""",AJ57
Investor Survey Output,West Region - All,"""Auto,Show,Hide""",AJ58
Investor Survey Output,National - All,"""Auto,Show,Hide""",AJ59
Investor Survey Output,Auto,"""Auto,Show,Hide""",AJ60
Investor Survey Output,Auto,"""Auto,Show,Hide""",AJ61
Investor Survey Output,Auto,"""Auto,Show,Hide""",AJ62
Investor Survey Output,Auto,"""Auto,Show,Hide""",AJ63
Investor Survey Output,Auto,"""Auto,Show,Hide""",AJ64
Investor Survey Output,Auto,"""Auto,Show,Hide""",AJ65
Investor Survey Output,Auto,"""Auto,Show,Hide""",AJ66
Investor Survey Output,Auto,"""Auto,Show,Hide""",AJ67
Investor Survey Output,Auto,"""Auto,Show,Hide""",AJ68
Investor Survey Output,Auto,"""Auto,Show,Hide""",AJ69
Investor Survey Output,Auto,"""Auto,Show,Hide""",AJ70
Investor Survey Output,Auto,"""Auto,Show,Hide""",AJ71
Investor Survey Output,Auto,"""Auto,Show,Hide""",AJ72
Investor Survey Output,Auto,"""Auto,Show,Hide""",AJ73
Investor Survey Output,Auto,"""Auto,Show,Hide""",AJ74
Investor Survey Output,Auto,"""Auto,Show,Hide""",AJ75
Investor Survey Output,Auto,"""Auto,Show,Hide""",AJ76
Investor Survey Output,Auto,"""Auto,Show,Hide""",AJ77
Investor Survey Output,Auto,"""Auto,Show,Hide""",AJ78
Investor Survey Output,Auto,"""Auto,Show,Hide""",AJ79
Investor Survey Output,Auto,"""Auto,Show,Hide""",AJ80
Investor Survey Output,Auto,"""Auto,Show,Hide""",AJ81
Investor Survey Output,Auto,"""Auto,Show,Hide""",AJ82
Investor Survey Output,Auto,"""Auto,Show,Hide""",AJ83
Investor Survey Output,Auto,"""Auto,Show,Hide""",AJ84
Investor Survey Output,Auto,"""Auto,Show,Hide""",AJ85
Investor Survey Output,Auto,"""Auto,Show,Hide""",AJ86
Investor Survey Output,Auto,"""Auto,Show,Hide""",AJ87
Investor Survey Output,Auto,"""Auto,Show,Hide""",AJ88
Investor Survey Output,Auto,"""Auto,Show,Hide""",AJ89
Investor Survey Output,Auto,"""Auto,Show,Hide""",AJ90
Investor Survey Output,Avg,ShowHideAutoDD,BT101
Investor Survey Output,Auto,ShowHideAutoDD,BV101
Investor Survey Output,Auto,ShowHideAutoDD,BW101
Investor Survey Output,Unknown_Field_BI106,"""Auto,Show,Hide""",BI106
Investor Survey Output,Auto,"""Auto,Show,Hide""",BI107
Investor Survey Output,Auto,"""Auto,Show,Hide""",BI108
Investor Survey Output,Auto,"""Auto,Show,Hide""",BI109
Investor Survey Output,Auto,"""Auto,Show,Hide""",BI110
Investor Survey Output,Auto,"""Auto,Show,Hide""",BI111
Investor Survey Output,Auto,"""Auto,Show,Hide""",BI112
Investor Survey Output,Auto,"""Auto,Show,Hide""",BI113
Investor Survey Output,Auto,"""Auto,Show,Hide""",BI114
Investor Survey Output,Auto,"""Auto,Show,Hide""",BI115
Investor Survey Output,Auto,"""Auto,Show,Hide""",BI116
Investor Survey Output,Auto,"""Auto,Show,Hide""",BI117
Investor Survey Output,Auto,"""Auto,Show,Hide""",BI118
Investor Survey Output,Auto,"""Auto,Show,Hide""",BI119
Investor Survey Output,Auto,"""Auto,Show,Hide""",BI120
Investor Survey Output,Auto,"""Auto,Show,Hide""",BI121
Investor Survey Output,Auto,"""Auto,Show,Hide""",BI122
Investor Survey Output,Auto,"""Auto,Show,Hide""",BI123
Investor Survey Output,Auto,"""Auto,Show,Hide""",BI124
Investor Survey Output,Auto,"""Auto,Show,Hide""",BI125
Investor Survey Output,Auto,"""Auto,Show,Hide""",BI126
Investor Survey Output,Auto,"""Auto,Show,Hide""",BI127
Investor Survey Output,Auto,"""Auto,Show,Hide""",BI128
Investor Survey Output,Auto,"""Auto,Show,Hide""",BI129
Investor Survey Output,Auto,"""Auto,Show,Hide""",BI130
Investor Survey Output,Auto,"""Auto,Show,Hide""",BI131
Investor Survey Output,Auto,"""Auto,Show,Hide""",BI132
Investor Survey Output,Auto,"""Auto,Show,Hide""",BI133
Investor Survey Output,Auto,"""Auto,Show,Hide""",BI134
Investor Survey Output,Auto,"""Auto,Show,Hide""",BI135
Investor Survey Output,Auto,"""Auto,Show,Hide""",BI136
Investor Survey Output,Auto,"""Auto,Show,Hide""",BI137
Investor Survey Output,Auto,"""Auto,Show,Hide""",BI138
Investor Survey Output,Auto,"""Auto,Show,Hide""",BI139
Investor Survey Output,Auto,"""Auto,Show,Hide""",BI140
Investor Survey Output,Auto,"""Auto,Show,Hide""",BI141
Investor Survey Output,Auto,"""Auto,Show,Hide""",BI142
Investor Survey Output,Auto,"""Auto,Show,Hide""",BI143
Investor Survey Output,Auto,"""Auto,Show,Hide""",BI144
Investor Survey Output,Auto,ShowHideAutoDD,CM161
Investor Survey Output,Auto,ShowHideAutoDD,CN161
Investor Survey Output,Auto,ShowHideAutoDD,CO161
Investor Survey Output,Auto,ShowHideAutoDD,CP161
Investor Survey Output,Auto,ShowHideAutoDD,CQ161
Investor Survey Output,Auto,ShowHideAutoDD,CR161
Investor Survey Output,Auto,ShowHideAutoDD,CS161
Investor Survey Output,Auto,ShowHideAutoDD,CT161
Investor Survey Output,Auto,ShowHideAutoDD,CU161
Investor Survey Output,Auto,ShowHideAutoDD,CV161
Investor Survey Output,Unknown_Field_CH165,"""Auto,Show,Hide""",CH165
Investor Survey Output,Auto,"""Auto,Show,Hide""",CH166
Investor Survey Output,Auto,"""Auto,Show,Hide""",CH167
Investor Survey Output,Auto,"""Auto,Show,Hide""",CH168
Investor Survey Output,Auto,"""Auto,Show,Hide""",CH169
Investor Survey Output,Auto,"""Auto,Show,Hide""",CH170
Investor Survey Output,Auto,"""Auto,Show,Hide""",CH171
Investor Survey Output,Auto,"""Auto,Show,Hide""",CH172
Investor Survey Output,Auto,"""Auto,Show,Hide""",CH173
Investor Survey Output,Auto,"""Auto,Show,Hide""",CH174
Investor Survey Output,Auto,"""Auto,Show,Hide""",CH175
Investor Survey Output,Auto,"""Auto,Show,Hide""",CH176
Investor Survey Output,Auto,"""Auto,Show,Hide""",CH177
Investor Survey Output,Auto,"""Auto,Show,Hide""",CH178
Investor Survey Output,Auto,"""Auto,Show,Hide""",CH179
Investor Survey Output,Auto,"""Auto,Show,Hide""",CH180
Investor Survey Output,Auto,"""Auto,Show,Hide""",CH181
Investor Survey Output,Auto,"""Auto,Show,Hide""",CH182
Investor Survey Output,Auto,"""Auto,Show,Hide""",CH183
Investor Survey Output,Auto,"""Auto,Show,Hide""",CH184
Investor Survey Output,Auto,"""Auto,Show,Hide""",CH185
Investor Survey Output,Auto,"""Auto,Show,Hide""",CH186
Investor Survey Output,Auto,"""Auto,Show,Hide""",CH187
Investor Survey Output,Auto,"""Auto,Show,Hide""",CH188
Investor Survey Output,Auto,"""Auto,Show,Hide""",CH189
Investor Survey Output,Auto,"""Auto,Show,Hide""",CH190
Investor Survey Output,Auto,"""Auto,Show,Hide""",CH191
Investor Survey Output,Auto,"""Auto,Show,Hide""",CH192
Investor Survey Output,Auto,"""Auto,Show,Hide""",CH193
Investor Survey Output,Auto,"""Auto,Show,Hide""",CH194
Investor Survey Output,Auto,"""Auto,Show,Hide""",CH195
Investor Survey Output,Auto,"""Auto,Show,Hide""",CH196
Investor Survey Output,Auto,"""Auto,Show,Hide""",CH197
Investor Survey Output,Auto,"""Auto,Show,Hide""",CH198
Investor Survey Output,Auto,"""Auto,Show,Hide""",CH199
Investor Survey Output,Auto,"""Auto,Show,Hide""",CH200
Investor Survey Output,Auto,"""Auto,Show,Hide""",CH201
Investor Survey Output,Auto,"""Auto,Show,Hide""",CH202
Investor Survey Output,Auto,"""Auto,Show,Hide""",CH203
Investor Survey Output,Auto,"""Auto,Show,Hide""",CH204
Investor Survey Output,Auto,ShowHideAutoDD,DL219
Investor Survey Output,Auto,ShowHideAutoDD,DM219
Investor Survey Output,Auto,ShowHideAutoDD,DN219
Investor Survey Output,Auto,ShowHideAutoDD,DO219
Investor Survey Output,Auto,ShowHideAutoDD,DP219
Investor Survey Output,Auto,ShowHideAutoDD,DQ219
Investor Survey Output,Auto,ShowHideAutoDD,DR219
Investor Survey Output,Auto,ShowHideAutoDD,DS219
Investor Survey Output,Auto,ShowHideAutoDD,DT219
Investor Survey Output,Auto,ShowHideAutoDD,DU219
Investor Survey Output,Unknown_Field_DG223,"""Auto,Show,Hide""",DG223
Investor Survey Output,Auto,"""Auto,Show,Hide""",DG224
Investor Survey Output,Auto,"""Auto,Show,Hide""",DG225
Investor Survey Output,Auto,"""Auto,Show,Hide""",DG226
Investor Survey Output,Auto,"""Auto,Show,Hide""",DG227
Investor Survey Output,Auto,"""Auto,Show,Hide""",DG228
Investor Survey Output,Auto,"""Auto,Show,Hide""",DG229
Investor Survey Output,Auto,"""Auto,Show,Hide""",DG230
Investor Survey Output,Auto,"""Auto,Show,Hide""",DG231
Investor Survey Output,Auto,"""Auto,Show,Hide""",DG232
Investor Survey Output,Auto,"""Auto,Show,Hide""",DG233
Investor Survey Output,Auto,"""Auto,Show,Hide""",DG234
Investor Survey Output,Auto,"""Auto,Show,Hide""",DG235
Investor Survey Output,Auto,"""Auto,Show,Hide""",DG236
Investor Survey Output,Auto,"""Auto,Show,Hide""",DG237
Investor Survey Output,Auto,"""Auto,Show,Hide""",DG238
Investor Survey Output,Auto,"""Auto,Show,Hide""",DG239
Investor Survey Output,Auto,"""Auto,Show,Hide""",DG240
Investor Survey Output,Auto,"""Auto,Show,Hide""",DG241
Investor Survey Output,Auto,"""Auto,Show,Hide""",DG242
Investor Survey Output,Auto,"""Auto,Show,Hide""",DG243
Investor Survey Output,Auto,"""Auto,Show,Hide""",DG244
Investor Survey Output,Auto,"""Auto,Show,Hide""",DG245
Investor Survey Output,Auto,"""Auto,Show,Hide""",DG246
Investor Survey Output,Auto,"""Auto,Show,Hide""",DG247
Investor Survey Output,Auto,"""Auto,Show,Hide""",DG248
Investor Survey Output,Auto,"""Auto,Show,Hide""",DG249
Investor Survey Output,Auto,"""Auto,Show,Hide""",DG250
Investor Survey Output,Auto,"""Auto,Show,Hide""",DG251
Investor Survey Output,Auto,"""Auto,Show,Hide""",DG252
Investor Survey Output,Auto,"""Auto,Show,Hide""",DG253
Investor Survey Output,Auto,"""Auto,Show,Hide""",DG254
Investor Survey Output,Auto,"""Auto,Show,Hide""",DG255
Investor Survey Output,Auto,"""Auto,Show,Hide""",DG256
Investor Survey Output,Auto,"""Auto,Show,Hide""",DG257
Investor Survey Output,Auto,"""Auto,Show,Hide""",DG258
Investor Survey Output,Auto,"""Auto,Show,Hide""",DG259
Investor Survey Output,Auto,"""Auto,Show,Hide""",DG260
Investor Survey Output,Auto,"""Auto,Show,Hide""",DG261
Investor Survey Output,Auto,"""Auto,Show,Hide""",DG262
MF Lease Up,Unknown_Field_J5,ShowHideAutoDD,J5
MF Lease Up,Auto,ShowHideAutoDD,K5
MF Lease Up,Auto,ShowHideAutoDD,L5
MF Lease Up,Auto,ShowHideAutoDD,M5
MF Lease Up,Auto,ShowHideAutoDD,N5
MF Lease Up,Auto,ShowHideAutoDD,O5
MF Lease Up,Auto,ShowHideAutoDD,P5
MF Lease Up,Pro Forma Source,LIST_OPS_Sources_Proforma,S7
MF Lease Up,Projection 1,LIST_OPS_Sources_Proforma,S12
MF Lease Up,Unknown_Field_C17,ShowHideAutoDD,C17
MF Lease Up,Auto,ShowHideAutoDD,C18
MF Lease Up,Auto,ShowHideAutoDD,C19
MF Lease Up,Auto,ShowHideAutoDD,C20
MF Lease Up,Auto,ShowHideAutoDD,C21
MF Lease Up,Auto,ShowHideAutoDD,C22
MF Lease Up,Auto,ShowHideAutoDD,C23
MF Lease Up,Auto,ShowHideAutoDD,C24
MF Lease Up,Auto,ShowHideAutoDD,C25
MF Lease Up,Auto,ShowHideAutoDD,C26
MF Lease Up,Auto,ShowHideAutoDD,C27
MF Lease Up,Auto,ShowHideAutoDD,C28
MF Lease Up,Auto,ShowHideAutoDD,C29
MF Lease Up,Auto,ShowHideAutoDD,C30
MF Lease Up,Auto,ShowHideAutoDD,C31
MF Lease Up,Auto,ShowHideAutoDD,C32
MF Lease Up,Auto,ShowHideAutoDD,C33
MF Lease Up,Auto,ShowHideAutoDD,C34
MF Lease Up,Auto,ShowHideAutoDD,C35
MF Lease Up,Auto,ShowHideAutoDD,C36
MF Lease Up,Auto,ShowHideAutoDD,C37
MF Lease Up,Auto,ShowHideAutoDD,C38
MF Lease Up,Auto,ShowHideAutoDD,C39
MF Lease Up,Auto,ShowHideAutoDD,C40
MF Lease Up,Auto,ShowHideAutoDD,C41
MF Lease Up,Auto,ShowHideAutoDD,C42
MF Lease Up,Auto,ShowHideAutoDD,C43
MF Lease Up,Auto,ShowHideAutoDD,C44
MF Lease Up,Auto,ShowHideAutoDD,C45
MF Lease Up,Auto,ShowHideAutoDD,C46
MF Lease Up,Auto,ShowHideAutoDD,C47
MF Lease Up,Auto,ShowHideAutoDD,C48
MF Lease Up,Auto,ShowHideAutoDD,C49
MF Lease Up,Auto,ShowHideAutoDD,C50
MF Lease Up,Auto,ShowHideAutoDD,C51
MF Lease Up,Auto,ShowHideAutoDD,C52
MF Lease Up,Auto,ShowHideAutoDD,C53
MF Lease Up,Auto,ShowHideAutoDD,C54
MF Lease Up,Auto,ShowHideAutoDD,C55
MF Lease Up,Auto,ShowHideAutoDD,C56
MF Lease Up,Auto,ShowHideAutoDD,C57
MF Lease Up,Auto,ShowHideAutoDD,C58
MF Lease Up,Auto,ShowHideAutoDD,C59
MF Lease Up,Auto,ShowHideAutoDD,C60
MF Lease Up,Auto,ShowHideAutoDD,C61
MF Lease Up,Auto,ShowHideAutoDD,C62
MF Lease Up,Auto,ShowHideAutoDD,C63
MF Lease Up,Auto,ShowHideAutoDD,C64
MF Lease Up,Auto,ShowHideAutoDD,C65
MF Lease Up,Auto,ShowHideAutoDD,C66
MF Lease Up,Auto,ShowHideAutoDD,C67
MF Lease Up,Auto,ShowHideAutoDD,C68
MF Lease Up,Auto,ShowHideAutoDD,C69
MF Lease Up,Auto,ShowHideAutoDD,C70
MF Lease Up,Auto,ShowHideAutoDD,C71
MF Lease Up,Auto,ShowHideAutoDD,C72
MF Lease Up,Auto,ShowHideAutoDD,C73
MF Lease Up,Auto,ShowHideAutoDD,C74
MF Lease Up,Auto,ShowHideAutoDD,C75
MF Lease Up,Auto,ShowHideAutoDD,C76
MF Lease Up,Auto,ShowHideAutoDD,C78
MF Lease Up,Auto,ShowHideAutoDD,C79
MF Lease Up,Unknown_Field_AG92,ShowHideAutoDD,AG92
MF Lease Up,Auto,ShowHideAutoDD,AH92
MF Lease Up,Auto,ShowHideAutoDD,AI92
MF Lease Up,Auto,ShowHideAutoDD,AJ92
MF Lease Up,Auto,ShowHideAutoDD,AK92
MF Lease Up,Auto,ShowHideAutoDD,AL92
MF Lease Up,Auto,ShowHideAutoDD,AM92
MF Lease Up,Pro Forma Source,LIST_OPS_Sources_Proforma,AP94
MF Lease Up,Projection 2,LIST_OPS_Sources_Proforma,AP99
MF Lease Up,Unknown_Field_Z104,ShowHideAutoDD,Z104
MF Lease Up,Auto,ShowHideAutoDD,Z105
MF Lease Up,Auto,ShowHideAutoDD,Z106
MF Lease Up,Auto,ShowHideAutoDD,Z107
MF Lease Up,Auto,ShowHideAutoDD,Z108
MF Lease Up,Auto,ShowHideAutoDD,Z109
MF Lease Up,Auto,ShowHideAutoDD,Z110
MF Lease Up,Auto,ShowHideAutoDD,Z111
MF Lease Up,Auto,ShowHideAutoDD,Z112
MF Lease Up,Auto,ShowHideAutoDD,Z113
MF Lease Up,Auto,ShowHideAutoDD,Z114
MF Lease Up,Auto,ShowHideAutoDD,Z115
MF Lease Up,Auto,ShowHideAutoDD,Z116
MF Lease Up,Auto,ShowHideAutoDD,Z117
MF Lease Up,Auto,ShowHideAutoDD,Z118
MF Lease Up,Auto,ShowHideAutoDD,Z119
MF Lease Up,Auto,ShowHideAutoDD,Z120
MF Lease Up,Auto,ShowHideAutoDD,Z121
MF Lease Up,Auto,ShowHideAutoDD,Z122
MF Lease Up,Auto,ShowHideAutoDD,Z123
MF Lease Up,Auto,ShowHideAutoDD,Z124
MF Lease Up,Auto,ShowHideAutoDD,Z125
MF Lease Up,Auto,ShowHideAutoDD,Z126
MF Lease Up,Auto,ShowHideAutoDD,Z127
MF Lease Up,Auto,ShowHideAutoDD,Z128
MF Lease Up,Auto,ShowHideAutoDD,Z129
MF Lease Up,Auto,ShowHideAutoDD,Z130
MF Lease Up,Auto,ShowHideAutoDD,Z131
MF Lease Up,Auto,ShowHideAutoDD,Z132
MF Lease Up,Auto,ShowHideAutoDD,Z133
MF Lease Up,Auto,ShowHideAutoDD,Z134
MF Lease Up,Auto,ShowHideAutoDD,Z135
MF Lease Up,Auto,ShowHideAutoDD,Z136
MF Lease Up,Auto,ShowHideAutoDD,Z137
MF Lease Up,Auto,ShowHideAutoDD,Z138
MF Lease Up,Auto,ShowHideAutoDD,Z139
MF Lease Up,Auto,ShowHideAutoDD,Z140
MF Lease Up,Auto,ShowHideAutoDD,Z141
MF Lease Up,Auto,ShowHideAutoDD,Z142
MF Lease Up,Auto,ShowHideAutoDD,Z143
MF Lease Up,Auto,ShowHideAutoDD,Z144
MF Lease Up,Auto,ShowHideAutoDD,Z145
MF Lease Up,Auto,ShowHideAutoDD,Z146
MF Lease Up,Auto,ShowHideAutoDD,Z147
MF Lease Up,Auto,ShowHideAutoDD,Z148
MF Lease Up,Auto,ShowHideAutoDD,Z149
MF Lease Up,Auto,ShowHideAutoDD,Z150
MF Lease Up,Auto,ShowHideAutoDD,Z151
MF Lease Up,Auto,ShowHideAutoDD,Z152
MF Lease Up,Auto,ShowHideAutoDD,Z153
MF Lease Up,Auto,ShowHideAutoDD,Z154
MF Lease Up,Auto,ShowHideAutoDD,Z155
MF Lease Up,Auto,ShowHideAutoDD,Z156
MF Lease Up,Auto,ShowHideAutoDD,Z157
MF Lease Up,Auto,ShowHideAutoDD,Z158
MF Lease Up,Auto,ShowHideAutoDD,Z159
MF Lease Up,Auto,ShowHideAutoDD,Z160
MF Lease Up,Auto,ShowHideAutoDD,Z161
MF Lease Up,Auto,ShowHideAutoDD,Z162
MF Lease Up,Auto,ShowHideAutoDD,Z163
MF Lease Up,Auto,ShowHideAutoDD,Z165
MF Lease Up,Auto,ShowHideAutoDD,Z166
MF Lease Up,Unknown_Field_BJ195,ShowHideAutoDD,BJ195
MF Lease Up,Auto,ShowHideAutoDD,BK195
MF Lease Up,Auto,ShowHideAutoDD,BL195
MF Lease Up,Auto,ShowHideAutoDD,BM195
MF Lease Up,Auto,ShowHideAutoDD,BN195
MF Lease Up,Auto,ShowHideAutoDD,BO195
MF Lease Up,Auto,ShowHideAutoDD,BP195
MF Lease Up,Auto,ShowHideAutoDD,BQ195
MF Lease Up,Unknown_Field_BF199,ShowHideAutoDD,BF199
MF Lease Up,Auto,ShowHideAutoDD,BF200
MF Lease Up,Auto,ShowHideAutoDD,BF201
MF Lease Up,Auto,ShowHideAutoDD,BF202
MF Lease Up,Auto,ShowHideAutoDD,BF203
MF Lease Up,Auto,ShowHideAutoDD,BF204
MF Lease Up,Auto,ShowHideAutoDD,BF205
MF Lease Up,Auto,ShowHideAutoDD,BF206
MF Lease Up,Auto,ShowHideAutoDD,BF207
MF Lease Up,Auto,ShowHideAutoDD,BF208
MF Lease Up,Auto,ShowHideAutoDD,BF209
MF Lease Up,Auto,ShowHideAutoDD,BF210
MF Lease Up,Auto,ShowHideAutoDD,BF211
MF Lease Up,Auto,ShowHideAutoDD,BF212
MF Lease Up,Unknown_Field_CC231,ShowHideAutoDD,CC231
MF Lease Up,Auto,ShowHideAutoDD,CC232
MF Lease Up,Auto,ShowHideAutoDD,CC233
MF Lease Up,Auto,ShowHideAutoDD,CC234
MF Lease Up,Auto,ShowHideAutoDD,CC235
MF Lease Up,Auto,ShowHideAutoDD,CC236
MF Lease Up,Auto,ShowHideAutoDD,CC237
MF Lease Up,Auto,ShowHideAutoDD,CC238
MF Lease Up,Auto,ShowHideAutoDD,CC239
MF Lease Up,Auto,ShowHideAutoDD,CC240
MF Lease Up,Auto,ShowHideAutoDD,CC241
MF Lease Up,Auto,ShowHideAutoDD,CC242
MF Lease Up,Auto,ShowHideAutoDD,CC243
MF Lease Up,Auto,ShowHideAutoDD,CC244
MF Lease Up,Auto,ShowHideAutoDD,CC245
MF Lease Up,Auto,ShowHideAutoDD,CC246
MF Lease Up,Auto,ShowHideAutoDD,CC247
MF Lease Up,Auto,ShowHideAutoDD,CC248
MF Lease Up,Auto,ShowHideAutoDD,CC249
MF Lease Up,Auto,ShowHideAutoDD,CC250
MF Lease Up,Auto,ShowHideAutoDD,CC251
MF Lease Up,Auto,ShowHideAutoDD,CC252
MF Lease Up,Auto,ShowHideAutoDD,CC253
MF Lease Up,Auto,ShowHideAutoDD,CC254
MF Lease Up,Auto,ShowHideAutoDD,CC255
MF Lease Up,Unknown_Field_CP255,"""Stabilized Value,Value Add""",CP255
MF Lease Up,Unknown_Field_CS267,ShowHideAutoDD,CS267
MF Lease Up,Auto,ShowHideAutoDD,CS270
MF Lease Up,Auto,ShowHideAutoDD,CS273
MF Lease Up,Auto,ShowHideAutoDD,CS276
MF Lease Up,Unknown_Field_DY296,ShowHideAutoDD,DY296
MF Lease Up,Hide,ShowHideAutoDD,DZ296
MF Lease Up,Unknown_Field_EK307,ShowHideAutoDD,EK307
MF Lease Up,Hide,ShowHideAutoDD,EL307
MF Lease Up,Auto,ShowHideAutoDD,EM307
MF Lease Up,Auto,ShowHideAutoDD,EN307
MF Lease Up,Hide,ShowHideAutoDD,EO307
MF Lease Up,Auto,ShowHideAutoDD,EP307
MF Lease Up,Auto,ShowHideAutoDD,EQ307
MF Lease Up,Auto,ShowHideAutoDD,ER307
MF Lease Up,Auto,ShowHideAutoDD,ES307
MF Lease Up,Auto,ShowHideAutoDD,ET307
MF Lease Up,Unknown_Field_EG312,ShowHideAutoDD,EG312
MF Lease Up,Auto,ShowHideAutoDD,EG313
MF Lease Up,Auto,ShowHideAutoDD,EG314
MF Lease Up,Auto,ShowHideAutoDD,EG315
MF Lease Up,Auto,ShowHideAutoDD,EG316
MF Lease Up,Auto,ShowHideAutoDD,EG317
MF Lease Up,Auto,ShowHideAutoDD,EG318
MF Lease Up,Auto,ShowHideAutoDD,EG319
MF Lease Up,Auto,ShowHideAutoDD,EG320
MF Lease Up,Auto,ShowHideAutoDD,EG321
MF Lease Up,Auto,ShowHideAutoDD,EG324
MF Lease Up,Auto,ShowHideAutoDD,EG325
MF Lease Up,Auto,ShowHideAutoDD,EG326
MF Lease Up,Auto,ShowHideAutoDD,EG327
MF Lease Up,Auto,ShowHideAutoDD,EG328
MF Lease Up,Auto,ShowHideAutoDD,EG329
MF Lease Up,Auto,ShowHideAutoDD,EG330
MF Lease Up,Auto,ShowHideAutoDD,EG331
MF Lease Up,Auto,ShowHideAutoDD,EG332
MF Lease Up,Auto,ShowHideAutoDD,EG333
MF Lease Up,Auto,ShowHideAutoDD,EG336
MF Lease Up,Auto,ShowHideAutoDD,EG337
MF Lease Up,Auto,ShowHideAutoDD,EG338
MF Lease Up,Auto,ShowHideAutoDD,EG339
MF Lease Up,Auto,ShowHideAutoDD,EG340
MF Lease Up,Auto,ShowHideAutoDD,EG343
MF Lease Up,Auto,ShowHideAutoDD,EG344
MF Lease Up,Auto,ShowHideAutoDD,EG345
MF Lease Up,Auto,ShowHideAutoDD,EG346
MF Lease Up,Auto,ShowHideAutoDD,EG347
DirectCapConclusion,Unknown_Field_C7,ShowHideAutoDD,C7
DirectCapConclusion,"Stability of cash flow, risk of tax reassessment, above/below market rents",pvaPressureImpactDD,K7
DirectCapConclusion,Auto,ShowHideAutoDD,C8
DirectCapConclusion,"Community quality and condition, appeal relative to market competitors",pvaPressureImpactDD,K8
DirectCapConclusion,Auto,ShowHideAutoDD,C9
DirectCapConclusion,"Proximity to jobs hubs and support services, demographics & life cycle trends",pvaPressureImpactDD,K9
DirectCapConclusion,Auto,ShowHideAutoDD,C10
DirectCapConclusion,"Rental rate & occupancy trends, risk of new supply or regulatory issues",pvaPressureImpactDD,K10
DirectCapConclusion,Auto,ShowHideAutoDD,C11
DirectCapConclusion,Downside risk for casualty or upside potential for development or expansion,pvaPressureImpactDD,K11
DirectCapConclusion,Auto,ShowHideAutoDD,C12
DirectCapConclusion,Effective age considerations of subject property,pvaPressureImpactDD,K12
DirectCapConclusion,Auto,ShowHideAutoDD,C13
DirectCapConclusion,Current economic market trends,pvaPressureImpactDD,K13
DirectCapConclusion,Auto,ShowHideAutoDD,C14
DirectCapConclusion,Overall Cap Rate Pressure,pvaPressureImpactDD,K15
DirectCapConclusion,Unknown_Field_S21,ShowHideAutoDD,S21
DirectCapConclusion,Hide,ShowHideAutoDD,T21
DirectCapConclusion,Hide,ShowHideAutoDD,U21
DirectCapConclusion,Hide,ShowHideAutoDD,V21
DirectCapConclusion,Hide,ShowHideAutoDD,W21
DirectCapConclusion,Hide,ShowHideAutoDD,X21
DirectCapConclusion,Auto,ShowHideAutoDD,Y21
DirectCapConclusion,Hide,ShowHideAutoDD,Z21
DirectCapConclusion,Hide,ShowHideAutoDD,AA21
DirectCapConclusion,Auto,ShowHideAutoDD,AB21
DirectCapConclusion,Hide,ShowHideAutoDD,AC21
DirectCapConclusion,Hide,ShowHideAutoDD,AD21
DirectCapConclusion,Hide,ShowHideAutoDD,AE21
DirectCapConclusion,Hide,ShowHideAutoDD,AF21
DirectCapConclusion,Auto,ShowHideAutoDD,AG21
DirectCapConclusion,Hide,ShowHideAutoDD,AH21
DirectCapConclusion,Hide,ShowHideAutoDD,AI21
DirectCapConclusion,Hide,ShowHideAutoDD,AJ21
DirectCapConclusion,Hide,ShowHideAutoDD,AK21
DirectCapConclusion,Hide,ShowHideAutoDD,AL21
DirectCapConclusion,Unknown_Field_O24,ShowHideAutoDD,O24
DirectCapConclusion,Auto,ShowHideAutoDD,O25
DirectCapConclusion,Auto,ShowHideAutoDD,O26
DirectCapConclusion,Auto,ShowHideAutoDD,O27
DirectCapConclusion,Hotels,ShowHideAutoDD,O28
DirectCapConclusion,Hotels,ShowHideAutoDD,O29
DirectCapConclusion,Auto,ShowHideAutoDD,O30
DirectCapConclusion,Show,ShowHideAutoDD,O31
DirectCapConclusion,Auto,ShowHideAutoDD,O32
DirectCapConclusion,Auto,ShowHideAutoDD,O34
DirectCapConclusion,Auto,ShowHideAutoDD,O35
DirectCapConclusion,Auto,ShowHideAutoDD,O36
DirectCapConclusion,Auto,ShowHideAutoDD,O37
DirectCapConclusion,Auto,LIST_AdjustmentstoValue,R37
DirectCapConclusion,Auto,ShowHideAutoDD,O38
DirectCapConclusion,Auto,LIST_AdjustmentstoValue,R38
DirectCapConclusion,Auto,ShowHideAutoDD,O39
DirectCapConclusion,Auto,LIST_AdjustmentstoValue,R39
DirectCapConclusion,Auto,ShowHideAutoDD,O40
DirectCapConclusion,Auto,ShowHideAutoDD,O41
DirectCapConclusion,Auto,ShowHideAutoDD,O42
DirectCapConclusion,Auto,ShowHideAutoDD,O43
DirectCapConclusion,Auto,ShowHideAutoDD,O44
DirectCapConclusion,Auto,ShowHideAutoDD,O45
DirectCapConclusion,Auto,ShowHideAutoDD,O47
DirectCapConclusion,Auto,ShowHideAutoDD,O48
DirectCapConclusion,Auto,ShowHideAutoDD,O49
DirectCapConclusion,Auto,ShowHideAutoDD,O50
DirectCapConclusion,Auto,LIST_AdjustmentstoValue,R50
DirectCapConclusion,Auto,ShowHideAutoDD,O51
DirectCapConclusion,Auto,LIST_AdjustmentstoValue,R51
DirectCapConclusion,Auto,ShowHideAutoDD,O52
DirectCapConclusion,Auto,LIST_AdjustmentstoValue,R52
DirectCapConclusion,Auto,ShowHideAutoDD,O53
DirectCapConclusion,Auto,LIST_AdjustmentstoValue,R53
DirectCapConclusion,Auto,ShowHideAutoDD,O54
DirectCapConclusion,Auto,LIST_AdjustmentstoValue,R54
DirectCapConclusion,Auto,ShowHideAutoDD,O55
DirectCapConclusion,Auto,LIST_AdjustmentstoValue,R55
DirectCapConclusion,Auto,ShowHideAutoDD,O56
DirectCapConclusion,Auto,LIST_AdjustmentstoValue,R56
DirectCapConclusion,Auto,ShowHideAutoDD,O57
DirectCapConclusion,Auto,ShowHideAutoDD,O58
DirectCapConclusion,Hotels,ShowHideAutoDD,O59
DirectCapConclusion,***Seniors Housing/Affordable Only***,ShowHideAutoDD,BG67
DirectCapConclusion,Auto,ShowHideAutoDD,BH67
DirectCapConclusion,Auto,ShowHideAutoDD,BI67
DirectCapConclusion,Auto,ShowHideAutoDD,BJ67
DirectCapConclusion,Auto,ShowHideAutoDD,BK67
DirectCapConclusion,Auto,ShowHideAutoDD,BL67
DirectCapConclusion,Banded Rows,"""Compact,Detailed""",BC71
DirectCapConclusion,Detailed,"""Auto,Show,Hide""",BC73
DirectCapConclusion,Auto,"""Auto,Show,Hide""",BC74
DirectCapConclusion,Auto,"""Auto,Show,Hide""",BC75
DirectCapConclusion,Auto,"""Auto,Show,Hide""",BC76
DirectCapConclusion,Auto,"""Auto,Show,Hide""",BC77
DirectCapConclusion,Auto,"""Auto,Show,Hide""",BC78
DirectCapConclusion,Auto,"""Auto,Show,Hide""",BC79
DirectCapConclusion,Auto,"""Auto,Show,Hide""",BC80
DirectCapConclusion,Auto,"""Auto,Show,Hide""",BC81
DirectCapConclusion,Auto,"""Auto,Show,Hide""",BC82
DirectCapConclusion,Auto,"""Auto,Show,Hide""",BC83
DirectCapConclusion,Auto,"""Auto,Show,Hide""",BC86
DirectCapConclusion,Auto,"""Auto,Show,Hide""",BC87
DirectCapConclusion,Auto,"""Auto,Show,Hide""",BC88
DirectCapConclusion,Auto,"""Auto,Show,Hide""",BC89
DirectCapConclusion,Auto,"""Auto,Show,Hide""",BC90
DirectCapConclusion,Auto,"""Auto,Show,Hide""",BC91
DirectCapConclusion,Auto,"""Auto,Show,Hide""",BC92
DirectCapConclusion,Auto,"""Auto,Show,Hide""",BC93
DirectCapConclusion,Auto,"""Auto,Show,Hide""",BC94
DirectCapConclusion,Auto,"""Auto,Show,Hide""",BC95
DirectCapConclusion,Auto,"""Auto,Show,Hide""",BC96
DirectCapConclusion,Auto,"""Auto,Show,Hide""",BC97
DirectCapConclusion,Auto,"""Auto,Show,Hide""",BC98
DirectCapConclusion,Auto,"""Auto,Show,Hide""",BC99
DirectCapConclusion,Auto,"""Auto,Show,Hide""",BC100
DirectCapConclusion,Auto,"""Auto,Show,Hide""",BC101
DirectCapConclusion,Auto,"""Auto,Show,Hide""",BC102
DirectCapConclusion,Auto,"""Auto,Show,Hide""",BC103
DirectCapConclusion,Auto,"""Auto,Show,Hide""",BC104
DirectCapConclusion,Auto,"""Auto,Show,Hide""",BC105
DirectCapConclusion,Auto,"""Auto,Show,Hide""",BC106
DirectCapConclusion,Auto,"""Auto,Show,Hide""",BC107
DirectCapConclusion,Auto,"""Auto,Show,Hide""",BC108
DirectCapConclusion,Auto,"""Auto,Show,Hide""",BC109
DirectCapConclusion,Auto,"""Auto,Show,Hide""",BC110
DirectCapConclusion,Auto,"""Auto,Show,Hide""",BC111
DirectCapConclusion,Auto,"""Auto,Show,Hide""",BC112
DirectCapConclusion,Auto,"""Auto,Show,Hide""",BC113
DirectCapConclusion,Auto,"""Auto,Show,Hide""",BC114
DirectCapConclusion,Auto,"""Auto,Show,Hide""",BC115
DirectCapConclusion,Auto,"""Auto,Show,Hide""",BC117
DirectCapConclusion,Adjustments to Value,LIST_AdjustmentstoValue,BF122
DirectCapConclusion,Adjustments to Value,LIST_AdjustmentstoValue,BF123
DirectCapConclusion,Adjustments to Value,LIST_AdjustmentstoValue,BF124
DirectCapConclusion,Adjustments to Value,LIST_AdjustmentstoValue,BF125
DirectCapConclusion,Adjustments to Value,LIST_AdjustmentstoValue,BF126
DirectCapConclusion,Adjustments to Value,LIST_AdjustmentstoValue,BF127
DirectCapConclusion,Unknown_Field_BF128,LIST_AdjustmentstoValue,BF128
DirectCapConclusion,Unknown_Field_BC131,"""Auto,Show,Hide""",BC131
DirectCapConclusion,Reconcile to,"""Direct Capitalization, Discounted Cash Flow, Simple Average, Make Selection""",BT140
DirectCapConclusion,Reconcile to,ShowHideAutoDD,BU140
DirectCapConclusion,Auto,ShowHideAutoDD,BV140
DirectCapConclusion,Auto,ShowHideAutoDD,BW140
DirectCapConclusion,Auto,$AF$22:$AK$22,BU141
DirectCapConclusion,Projection 1,$AF$22:$AK$22,BV141
DirectCapConclusion,Projection 1,$AF$22:$AK$22,BW141
DirectCapConclusion,Reconcile to,ShowHideAutoDD,BQ144
DirectCapConclusion,Auto,ShowHideAutoDD,BQ145
DirectCapConclusion,Auto,ShowHideAutoDD,BQ146
DirectCapConclusion,Auto,ShowHideAutoDD,BQ148
DirectCapConclusion,Auto,ShowHideAutoDD,BQ149
DirectCapConclusion,Conclude to,ShowHideAutoDD,CE161
DirectCapConclusion,Auto,ShowHideAutoDD,CF161
DirectCapConclusion,Auto,ShowHideAutoDD,CG161
DirectCapConclusion,Auto,ShowHideAutoDD,CH161
DirectCapConclusion,Auto,ShowHideAutoDD,CI161
DirectCapConclusion,Auto,ShowHideAutoDD,CJ161
DirectCapConclusion,Unknown_Field_CA168,ShowHideAutoDD,CA168
DirectCapConclusion,Auto,ShowHideAutoDD,CA169
DirectCapConclusion,Auto,ShowHideAutoDD,CA170
DirectCapConclusion,Auto,ShowHideAutoDD,CA172
DirectCapConclusion,Auto,ShowHideAutoDD,CA173
DirectCapConclusion,Hide,ShowHideAutoDD,CA177
DirectCapConclusion,Unknown_Field_CN189,ShowHideAutoDD,CN189
DirectCapConclusion,Auto,ShowHideAutoDD,CN190
DirectCapConclusion,Auto,ShowHideAutoDD,CN191
DirectCapConclusion,Unknown_Field_DX266,ShowHideAutoDD,DX266
DirectCapConclusion,Auto,ShowHideAutoDD,DY266
DirectCapConclusion,Auto,ShowHideAutoDD,DZ266
DirectCapConclusion,Auto,ShowHideAutoDD,EA266
DirectCapConclusion,Auto,ShowHideAutoDD,EB266
DirectCapConclusion,Auto,ShowHideAutoDD,EC266
DirectCapConclusion,Auto,ShowHideAutoDD,ED266
DirectCapConclusion,Auto,ShowHideAutoDD,EE266
DirectCapConclusion,Auto,ShowHideAutoDD,EF266
DirectCapConclusion,Auto,ShowHideAutoDD,EG266
DirectCapConclusion,Auto,ShowHideAutoDD,EH266
DirectCapConclusion,Auto,ShowHideAutoDD,EI266
DirectCapConclusion,Auto,ShowHideAutoDD,EJ266
DirectCapConclusion,Auto,ShowHideAutoDD,EK266
DirectCapConclusion,Auto,ShowHideAutoDD,EL266
DirectCapConclusion,Auto,ShowHideAutoDD,EM266
DirectCapConclusion,Auto,ShowHideAutoDD,EN266
DirectCapConclusion,Auto,ShowHideAutoDD,EO266
DirectCapConclusion,Auto,ShowHideAutoDD,EP266
DirectCapConclusion,Auto,ShowHideAutoDD,EQ266
DirectCapConclusion,DCF Proj1 COA Line Items (comma-delimited),ShowHideAutoDD,DT269
DirectCapConclusion,Auto,ShowHideAutoDD,DT270
DirectCapConclusion,Total Expense Recoveries,ShowHideAutoDD,DT271
DirectCapConclusion,Utilities,ShowHideAutoDD,DT272
DirectCapConclusion,Auto,ShowHideAutoDD,DT273
DirectCapConclusion,Auto,ShowHideAutoDD,DT274
DirectCapConclusion,Auto,ShowHideAutoDD,DT275
