Tab Name,Cell Ref,Formula,Notes
File Info,A28,"=1/(Z_FileInfo_ShowHide<>""Hide"")",Backend UI Toggle
File Info,A193,"=1/((M190=""Show"")+(M190<>""Hide"")*(I196<>""""))",Backend UI Toggle
File Info,A239,"=1/((M236=""Show"")+(M236<>""Hide"")*(I242<>""""))",Backend UI Toggle
File Info,A276,"=1/((M273=""Show"")+(M273<>""Hide"")*(I279<>""""))",Backend UI Toggle
File Info,A322,"=1/((M319=""Show"")+(M319<>""Hide""))",Backend UI Toggle
File Info,A349,"=1/((M346=""Show"")+(M346<>""Hide"")*(I352<>""""))",Backend UI Toggle
File Info,A393,"=1/((M390=""Show"")+(M390<>""Hide"")*(I396<>""""))",Backend UI Toggle
File Info,A437,"=1/((M434=""Show"")+(M434<>""Hide"")*(I440<>""""))",Backend UI Toggle
File Info,T496,"=1/((T497=""Show"")+(T497<>""Hide"")*COUNTIF(T502:T505,""<>0"")*NOT(pvaIsJobMHC))",Backend UI Toggle
File Info,W496,"=1/((W497=""Show"")+(W497<>""Hide"")*COUNTIF(W502:W505,""<>N/A"")*NOT(pvaIsJobMHC))",Backend UI Toggle
File Info,P502,"=1/((TRIM(U502)<>"""")*(U502<>0))",Backend UI Toggle
File Info,P503,"=1/((TRIM(U503)<>"""")*(U503<>0))",Backend UI Toggle
File Info,P504,"=1/((TRIM(U504)<>"""")*(U504<>0))",Backend UI Toggle
File Info,P505,"=1/((TRIM(U505)<>"""")*(U505<>0))",Backend UI Toggle
Settings,B5,"=1/((B138=""Show"")+((B138<>""Hide"")))",Backend UI Toggle
Settings,B6,"=1/((B139=""Show"")+((B139<>""Hide"")))",Backend UI Toggle
Settings,B7,"=1/((B140=""Show"")+((B140<>""Hide"")))",Backend UI Toggle
Settings,B8,"=1/((B141=""Show"")+((B141<>""Hide"")))",Backend UI Toggle
Settings,B9,"=1/((B142=""Show"")+((B142<>""Hide"")))",Backend UI Toggle
Settings,B10,"=1/((B143=""Show"")+((B143<>""Hide"")))",Backend UI Toggle
Settings,B11,"=1/((B144=""Show"")+((B144<>""Hide"")))",Backend UI Toggle
Settings,B12,"=1/((B145=""Show"")+((B145<>""Hide"")))",Backend UI Toggle
Settings,B13,"=1/((B146=""Show"")+((B146<>""Hide"")))",Backend UI Toggle
Settings,B14,"=1/((B147=""Show"")+((B147<>""Hide"")))",Backend UI Toggle
Settings,B15,"=1/((B148=""Show"")+((B148<>""Hide"")))",Backend UI Toggle
Settings,B16,"=1/((B149=""Show"")+((B149<>""Hide"")))",Backend UI Toggle
Settings,B17,"=1/((B150=""Show"")+((B150<>""Hide"")))",Backend UI Toggle
Settings,B18,"=1/((B151=""Show"")+((B151<>""Hide"")))",Backend UI Toggle
Settings,B19,"=1/((B152=""Show"")+((B152<>""Hide"")))",Backend UI Toggle
Settings,B20,"=1/((B153=""Show"")+((B153<>""Hide"")))",Backend UI Toggle
Settings,B21,"=1/((B154=""Show"")+((B154<>""Hide"")))",Backend UI Toggle
Settings,B22,"=1/((B155=""Show"")+((B155<>""Hide"")))",Backend UI Toggle
Settings,B23,"=1/((B156=""Show"")+((B156<>""Hide"")))",Backend UI Toggle
Settings,B24,"=1/((B157=""Show"")+((B157<>""Hide"")))",Backend UI Toggle
Settings,B25,"=1/((B158=""Show"")+((B158<>""Hide"")))",Backend UI Toggle
Settings,B26,"=1/((B159=""Show"")+((B159<>""Hide"")))",Backend UI Toggle
Settings,B60,"=1/((B193=""Show"")+((B193<>""Hide"")))",Backend UI Toggle
Settings,B61,"=1/((B194=""Show"")+((B194<>""Hide"")))",Backend UI Toggle
Settings,B62,"=1/((B195=""Show"")+((B195<>""Hide"")))",Backend UI Toggle
Settings,B63,"=1/((B196=""Show"")+((B196<>""Hide"")))",Backend UI Toggle
Settings,B64,"=1/((B197=""Show"")+((B197<>""Hide"")))",Backend UI Toggle
Settings,B65,"=1/((B198=""Show"")+((B198<>""Hide"")))",Backend UI Toggle
Settings,B66,"=1/((B199=""Show"")+((B199<>""Hide"")))",Backend UI Toggle
Settings,B67,"=1/((B200=""Show"")+((B200<>""Hide"")))",Backend UI Toggle
Settings,B68,"=1/((B201=""Show"")+((B201<>""Hide"")))",Backend UI Toggle
Settings,B69,"=1/((B202=""Show"")+((B202<>""Hide"")))",Backend UI Toggle
Settings,B70,"=1/((B203=""Show"")+((B203<>""Hide"")))",Backend UI Toggle
Settings,B71,"=1/((B204=""Show"")+((B204<>""Hide"")))",Backend UI Toggle
Settings,B72,"=1/((B205=""Show"")+((B205<>""Hide"")))",Backend UI Toggle
Settings,B73,"=1/((B206=""Show"")+((B206<>""Hide"")))",Backend UI Toggle
Settings,B74,"=1/((B207=""Show"")+((B207<>""Hide"")))",Backend UI Toggle
Settings,B75,"=1/((B208=""Show"")+((B208<>""Hide"")))",Backend UI Toggle
Settings,B76,"=1/((B209=""Show"")+((B209<>""Hide"")))",Backend UI Toggle
Settings,B77,"=1/((B210=""Show"")+((B210<>""Hide"")))",Backend UI Toggle
Settings,B78,"=1/((B211=""Show"")+((B211<>""Hide"")))",Backend UI Toggle
Settings,B79,"=1/((B212=""Show"")+((B212<>""Hide"")))",Backend UI Toggle
Settings,B80,"=1/((B213=""Show"")+((B213<>""Hide"")))",Backend UI Toggle
Settings,B81,"=1/((B214=""Show"")+((B214<>""Hide"")))",Backend UI Toggle
Settings,B82,"=1/((B215=""Show"")+((B215<>""Hide"")))",Backend UI Toggle
Settings,B83,"=1/((B216=""Show"")+((B216<>""Hide"")))",Backend UI Toggle
Settings,B84,"=1/((B217=""Show"")+((B217<>""Hide"")))",Backend UI Toggle
Settings,B85,"=1/((B218=""Show"")+((B218<>""Hide"")))",Backend UI Toggle
Settings,B86,"=1/((B219=""Show"")+((B219<>""Hide"")))",Backend UI Toggle
Settings,B87,"=1/((B220=""Show"")+((B220<>""Hide"")))",Backend UI Toggle
Settings,B88,"=1/((B221=""Show"")+((B221<>""Hide"")))",Backend UI Toggle
Settings,B89,"=1/((B222=""Show"")+((B222<>""Hide"")))",Backend UI Toggle
Settings,B90,"=1/((B223=""Show"")+((B223<>""Hide"")))",Backend UI Toggle
Settings,B91,"=1/((B224=""Show"")+((B224<>""Hide"")))",Backend UI Toggle
"Dates, Premises",U80,"=1/((W80=""Show"")+(W80<>""Hide"")*(Y80<>0)*(Y80<>""""))",Backend UI Toggle
"Dates, Premises",U81,"=1/((W81=""Show"")+(W81<>""Hide"")*(Y81<>0)*(Y81<>""""))",Backend UI Toggle
"Dates, Premises",U82,"=1/((W82=""Show"")+(W82<>""Hide"")*(Y82<>0)*(Y82<>""""))",Backend UI Toggle
"Dates, Premises",U91,"=1/((W91=""Show"")+(W91<>""Hide"")*(Y91<>0)*(Y91<>""""))",Backend UI Toggle
"Dates, Premises",U92,"=1/((W92=""Show"")+(W92<>""Hide"")*(Y92<>0)*(Y92<>""""))",Backend UI Toggle
"Dates, Premises",U93,"=1/((W93=""Show"")+(W93<>""Hide"")*(Y93<>0)*(Y93<>""""))",Backend UI Toggle
"Contracts, History",AC90,"=1/((AC89=""Show"")+(AC89<>""Hide"")*(AC97<>"""")*(AC97<>0))",Backend UI Toggle
"Contracts, History",AD90,"=1/((AD89=""Show"")+(AD89<>""Hide"")*(AD97<>"""")*(AD97<>0))",Backend UI Toggle
"Contracts, History",AE90,"=1/((AE89=""Show"")+(AE89<>""Hide"")*(AE97<>"""")*(AE97<>0))",Backend UI Toggle
"Contracts, History",AF90,"=1/((AF89=""Show"")+(AF89<>""Hide"")*(AF97<>"""")*(AF97<>0))",Backend UI Toggle
"Contracts, History",AG90,"=1/((AG89=""Show"")+(AG89<>""Hide"")*(AG97<>"""")*(AG97<>0))",Backend UI Toggle
"Contracts, History",AC92,"=COUNTIF(SaleHistoryColumnsShowHide,""Show"")",Backend UI Toggle
"Contracts, History",X96,"=1/((Z96=""Show"")+(Z96<>""Hide"")*(AB96<>"""")*(AB96<>0))",Backend UI Toggle
"Contracts, History",X97,"=1/((Z97=""Show"")+(Z97<>""Hide"")*(AB97<>"""")*(AB97<>0))",Backend UI Toggle
"Contracts, History",X98,"=1/((Z98=""Show"")+(Z98<>""Hide"")*(AB98<>"""")*(AB98<>0))",Backend UI Toggle
"Contracts, History",X99,"=1/((Z99=""Show"")+(Z99<>""Hide"")*(AB99<>"""")*(AB99<>0))",Backend UI Toggle
"Contracts, History",X100,"=1/((Z100=""Show"")+(Z100<>""Hide"")*(AB100<>"""")*(AB100<>0))",Backend UI Toggle
"Contracts, History",X101,"=1/((Z101=""Show"")+(Z101<>""Hide"")*(AB101<>"""")*(AB101<>0))",Backend UI Toggle
"Contracts, History",X102,"=1/((Z102=""Show"")+(Z102<>""Hide"")*(AB102<>"""")*(AB102<>0))",Backend UI Toggle
"Contracts, History",X103,"=1/((Z103=""Show"")+(Z103<>""Hide"")*(AB103<>"""")*(AB103<>0))",Backend UI Toggle
"Contracts, History",X104,"=1/((Z104=""Show"")+(Z104<>""Hide"")*(AB104<>"""")*(AB104<>0))",Backend UI Toggle
"Contracts, History",X105,"=1/((Z105=""Show"")+(Z105<>""Hide"")*(AB105<>"""")*(AB105<>0))",Backend UI Toggle
"Contracts, History",X106,"=1/((Z106=""Show"")+(Z106<>""Hide"")*(AB106<>"""")*(AB106<>0))",Backend UI Toggle
"Contracts, History",X107,"=1/((Z107=""Show"")+(Z107<>""Hide"")*(AB107<>"""")*(AB107<>0)*(NOT('Market Rent'!$TK$364)))",Backend UI Toggle
"Contracts, History",X108,"=1/((Z108=""Show"")+(Z108<>""Hide"")*(AB108<>"""")*(AB108<>0))",Backend UI Toggle
"Contracts, History",X109,"=1/((Z109=""Show"")+(Z109<>""Hide"")*(AB109<>"""")*(AB109<>0))",Backend UI Toggle
"Contracts, History",X110,"=1/((Z110=""Show"")+(Z110<>""Hide"")*(AB110<>"""")*(AB110<>0))",Backend UI Toggle
"Contracts, History",X111,"=1/((Z111=""Show"")+(Z111<>""Hide"")*(AB111<>"""")*(AB111<>0))",Backend UI Toggle
"Contracts, History",X112,"=1/((Z112=""Show"")+(Z112<>""Hide"")*(AB112<>"""")*(AB112<>0))",Backend UI Toggle
"Contracts, History",X113,"=1/((Z113=""Show"")+(Z113<>""Hide"")*(AB113<>"""")*(AB113<>0))",Backend UI Toggle
"Contracts, History",AO122,"=1/((AO121=""Show"")+(AO121<>""Hide"")*(AO128<>"""")*(AO128<>0))",Backend UI Toggle
"Contracts, History",AP122,"=1/((AP121=""Show"")+(AP121<>""Hide"")*(AP128<>"""")*(AP128<>0))",Backend UI Toggle
"Contracts, History",AJ127,"=1/((AL127=""Show"")+(AL127<>""Hide"")*(AN127<>"""")*(AN127<>0))",Backend UI Toggle
"Contracts, History",AJ128,"=1/((AL128=""Show"")+(AL128<>""Hide"")*(AN128<>"""")*(AN128<>0))",Backend UI Toggle
"Contracts, History",AJ129,"=1/((AL129=""Show"")+(AL129<>""Hide"")*(AN129<>"""")*(AN129<>0))",Backend UI Toggle
"Contracts, History",AJ130,"=1/((AL130=""Show"")+(AL130<>""Hide"")*(AN130<>"""")*(AN130<>0))",Backend UI Toggle
"Contracts, History",AJ131,"=1/((AL131=""Show"")+(AL131<>""Hide"")*(AN131<>"""")*(AN131<>0))",Backend UI Toggle
"Contracts, History",AJ132,"=1/((AL132=""Show"")+(AL132<>""Hide"")*(AN132<>"""")*(AN132<>0))",Backend UI Toggle
"Contracts, History",AJ133,"=1/((AL133=""Show"")+(AL133<>""Hide"")*(AN133<>"""")*(AN133<>0))",Backend UI Toggle
"Contracts, History",AJ134,"=1/((AL134=""Show"")+(AL134<>""Hide"")*(AN134<>"""")*(AN134<>0))",Backend UI Toggle
"Contracts, History",AJ135,"=1/((AL135=""Show"")+(AL135<>""Hide"")*(AN135<>"""")*(AN135<>0))",Backend UI Toggle
"Contracts, History",AJ136,"=1/((AL136=""Show"")+(AL136<>""Hide"")*(AN136<>"""")*(AN136<>0))",Backend UI Toggle
"Contracts, History",AJ137,"=1/((AL137=""Show"")+(AL137<>""Hide"")*(AN137<>"""")*(AN137<>0))",Backend UI Toggle
"Contracts, History",AJ138,"=1/((AL138=""Show"")+(AL138<>""Hide"")*(AN138<>"""")*(AN138<>0)*(NOT('Market Rent'!$TK$364)))",Backend UI Toggle
Scope,N110,"=1/((P110=""Show"")+(P110<>""Hide""))",Backend UI Toggle
Scope,N111,"=1/((P111=""Show"")+(P111<>""Hide""))",Backend UI Toggle
Scope,N112,"=1/((P112=""Show"")+(P112<>""Hide""))",Backend UI Toggle
Scope,N113,"=1/((P113=""Show"")+(P113<>""Hide""))",Backend UI Toggle
Scope,N114,"=1/((P114=""Show"")+(P114<>""Hide""))",Backend UI Toggle
Scope,N115,"=1/((P115=""Show"")+(P115<>""Hide""))",Backend UI Toggle
Scope,N116,"=1/((P116=""Show"")+(P116<>""Hide""))",Backend UI Toggle
Scope,N117,"=1/((P117=""Show"")+(P117<>""Hide"")*(V116=""Yes""))",Backend UI Toggle
Scope,N118,"=1/((P118=""Show"")+(P118<>""Hide"")*(pvaIsJobMHC+pvaIsJobSeniors))",Backend UI Toggle
Scope,N119,"=1/((P119=""Show"")+(P119<>""Hide""))",Backend UI Toggle
Scope,AY196,"=1/((AY197=""Show"")+(AY197<>""Hide""))",Backend UI Toggle
Scope,BB196,"=1/(N1DBProvince=""IL"")",Backend UI Toggle
Scope,AT201,"=1/(((AU201=""Show""))+(AU201<>""Hide"")*(AY201<>""""))",Backend UI Toggle
Scope,AT202,"=1/(((AU202=""Show""))+(AU202<>""Hide"")*(AY202<>""""))",Backend UI Toggle
Scope,AT203,"=1/(((AU203=""Show""))+(AU203<>""Hide"")*(AY203<>""""))",Backend UI Toggle
Scope,AT204,"=1/(((AU204=""Show""))+(AU204<>""Hide"")*(AY204<>""""))",Backend UI Toggle
Scope,AT205,"=1/(((AU205=""Show""))+(AU205<>""Hide"")*(AY205<>""""))",Backend UI Toggle
Scope,AT206,"=1/(((AU206=""Show""))+(AU206<>""Hide"")*(AY206<>""""))",Backend UI Toggle
Scope,AT207,"=1/(((AU207=""Show""))+(AU207<>""Hide"")*(AY207<>""""))",Backend UI Toggle
Scope,AT208,"=1/(((AU208=""Show""))+(AU208<>""Hide"")*(AY208<>""""))",Backend UI Toggle
Scope,AT209,"=1/(((AU209=""Show""))+(AU209<>""Hide"")*(AY209<>""""))",Backend UI Toggle
Scope,AT210,"=1/(((AU210=""Show""))+(AU210<>""Hide"")*(AY210<>""""))",Backend UI Toggle
Scope,AT211,"=1/(((AU211=""Show""))+(AU211<>""Hide"")*(AY211<>""""))",Backend UI Toggle
Scope,AT212,"=1/(((AU212=""Show""))+(AU212<>""Hide"")*(AY212<>"""")*(FIND(""MAI"",AR212)))",Backend UI Toggle
Scope,AT213,"=1/(((AU213=""Show""))+(AU213<>""Hide"")*(AY213<>""""))",Backend UI Toggle
Scope,AT214,"=1/(((AU214=""Show""))+(AU214<>""Hide"")*(AY214<>"""")*(AY214<>0))",Backend UI Toggle
Scope,AT215,"=1/(((AU215=""Show""))+(AU215<>""Hide"")*(AY215<>"""")*(pvaIllinoisAMC_YN=""Yes""))",Backend UI Toggle
Scope,AT216,"=1/(((AU216=""Show""))+(AU216<>""Hide"")*(AY216<>"""")*(pvaIllinoisAMC_YN=""Yes""))",Backend UI Toggle
Scope,AT217,"=1/(((AU217=""Show""))+(AU217<>""Hide"")*(AY217<>""""))",Backend UI Toggle
Scope,AT218,"=1/(((AU218=""Show""))+(AU218<>""Hide"")*(AY218<>""""))",Backend UI Toggle
Site,AB5,=1/(N1NumberOfParcels>1),Backend UI Toggle
Site,AD5,"=1/((AD18=""Show"")+(AD18<>""Hide"")*(COLUMN()-COLUMN($AC5)<N1NumberOfParcels))",Backend UI Toggle
Site,AE5,"=1/((AE18=""Show"")+(AE18<>""Hide"")*(COLUMN()-COLUMN($AC5)<N1NumberOfParcels))",Backend UI Toggle
Site,AF5,"=1/((AF18=""Show"")+(AF18<>""Hide"")*(COLUMN()-COLUMN($AC5)<N1NumberOfParcels))",Backend UI Toggle
Site,AG5,"=1/((AG18=""Show"")+(AG18<>""Hide"")*(COLUMN()-COLUMN($AC5)<N1NumberOfParcels))",Backend UI Toggle
Site,AH5,"=1/((AH18=""Show"")+(AH18<>""Hide"")*(COLUMN()-COLUMN($AC5)<N1NumberOfParcels))",Backend UI Toggle
Site,AI5,"=1/((AI18=""Show"")+(AI18<>""Hide"")*(COLUMN()-COLUMN($AC5)<N1NumberOfParcels))",Backend UI Toggle
Site,AJ5,"=1/((AJ18=""Show"")+(AJ18<>""Hide"")*(COLUMN()-COLUMN($AC5)<N1NumberOfParcels))",Backend UI Toggle
Site,AK5,"=1/((AK18=""Show"")+(AK18<>""Hide"")*(COLUMN()-COLUMN($AC5)<N1NumberOfParcels))",Backend UI Toggle
Site,AL5,"=1/((AL18=""Show"")+(AL18<>""Hide"")*(COLUMN()-COLUMN($AC5)<N1NumberOfParcels))",Backend UI Toggle
Site,AM5,"=1/((AM18=""Show"")+(AM18<>""Hide"")*(COLUMN()-COLUMN($AC5)<N1NumberOfParcels))",Backend UI Toggle
Site,AN5,"=1/((AN18=""Show"")+(AN18<>""Hide"")*(COLUMN()-COLUMN($AC5)<N1NumberOfParcels))",Backend UI Toggle
Site,AO5,"=1/((AO18=""Show"")+(AO18<>""Hide"")*(COLUMN()-COLUMN($AC5)<N1NumberOfParcels))",Backend UI Toggle
Site,AP5,"=1/((AP18=""Show"")+(AP18<>""Hide"")*(COLUMN()-COLUMN($AC5)<N1NumberOfParcels))",Backend UI Toggle
Site,AQ5,"=1/((AQ18=""Show"")+(AQ18<>""Hide"")*(COLUMN()-COLUMN($AC5)<N1NumberOfParcels))",Backend UI Toggle
Site,AR5,"=1/((AR18=""Show"")+(AR18<>""Hide"")*(COLUMN()-COLUMN($AC5)<N1NumberOfParcels))",Backend UI Toggle
Site,AS5,"=1/((AS18=""Show"")+(AS18<>""Hide"")*(COLUMN()-COLUMN($AC5)<N1NumberOfParcels))",Backend UI Toggle
Site,AT5,"=1/((AT18=""Show"")+(AT18<>""Hide"")*(COLUMN()-COLUMN($AC5)<N1NumberOfParcels))",Backend UI Toggle
Site,AU5,"=1/((AU18=""Show"")+(AU18<>""Hide"")*(COLUMN()-COLUMN($AC5)<N1NumberOfParcels))",Backend UI Toggle
Site,AV5,"=1/((AV18=""Show"")+(AV18<>""Hide"")*(COLUMN()-COLUMN($AC5)<N1NumberOfParcels))",Backend UI Toggle
Site,S20,"=1/((R20=""Show"")+(R20<>""Hide""))",Backend UI Toggle
Site,S21,"=1/((R21=""Show"")+(R21<>""Hide""))",Backend UI Toggle
Site,S22,"=1/((R22=""Show"")+(R22<>""Hide""))",Backend UI Toggle
Site,S23,"=1/((R23=""Show"")+(R23<>""Hide""))",Backend UI Toggle
Site,S24,"=1/((R24=""Show"")+(R24<>""Hide"")*(N1ExistingOrProposed=""Proposed""))",Backend UI Toggle
Site,S25,"=1/((R25=""Show"")+(R25<>""Hide""))",Backend UI Toggle
Site,S26,"=1/((R26=""Show"")+(R26<>""Hide""))",Backend UI Toggle
Site,S27,"=1/((R27=""Show"")+(R27<>""Hide""))",Backend UI Toggle
Site,S28,"=1/((R28=""Show"")+(R28<>""Hide""))",Backend UI Toggle
Site,S29,"=1/((R29=""Show"")+(R29<>""Hide""))",Backend UI Toggle
Site,S30,"=1/((R30=""Show"")+(R30<>""Hide""))",Backend UI Toggle
Site,S31,"=1/((R31=""Show"")+(R31<>""Hide""))",Backend UI Toggle
Site,S32,"=1/((R32=""Show"")+(R32<>""Hide""))",Backend UI Toggle
Site,S33,"=1/((R33=""Show"")+(R33<>""Hide""))",Backend UI Toggle
Site,S34,"=1/((R34=""Show"")+(R34<>""Hide""))",Backend UI Toggle
Site,S35,"=1/((R35=""Show"")+(R35<>""Hide""))",Backend UI Toggle
Site,S36,"=1/((R36=""Show"")+(R36<>""Hide""))",Backend UI Toggle
Site,S37,"=1/((R37=""Show"")+(R37<>""Hide""))",Backend UI Toggle
Site,S38,"=1/((R38=""Show"")+(R38<>""Hide""))",Backend UI Toggle
Site,S39,"=1/((R39=""Show"")+(R39<>""Hide""))",Backend UI Toggle
Site,S40,"=1/((R40=""Show"")+(R40<>""Hide""))",Backend UI Toggle
Site,S41,"=1/((R41=""Show"")+(R41<>""Hide""))",Backend UI Toggle
Site,S42,"=1/((R42=""Show"")+(R42<>""Hide""))",Backend UI Toggle
Site,S43,"=1/((R43=""Show"")+(R43<>""Hide""))",Backend UI Toggle
Site,S44,"=1/((R44=""Show"")+(R44<>""Hide""))",Backend UI Toggle
Site,S45,"=1/((R45=""Show"")+(R45<>""Hide""))",Backend UI Toggle
Site,S46,"=1/((R46=""Show"")+(R46<>""Hide""))",Backend UI Toggle
Site,S47,"=1/((R47=""Show"")+(R47<>""Hide""))",Backend UI Toggle
Site,S48,"=1/((R48=""Show"")+(R48<>""Hide"")*(N1ExistingOrProposed=""Proposed""))",Backend UI Toggle
Site,S49,"=1/((R49=""Show"")+(R49<>""Hide"")*(N1ExistingOrProposed=""Proposed""))",Backend UI Toggle
Site,S50,"=1/((R50=""Show"")+(R50<>""Hide"")*(N1ExistingOrProposed=""Proposed""))",Backend UI Toggle
Site,S51,"=1/((R51=""Show"")+(R51<>""Hide"")*(N1ExistingOrProposed=""Proposed""))",Backend UI Toggle
Site,S52,"=1/((R52=""Show"")+(R52<>""Hide"")*(N1ExistingOrProposed=""Proposed""))",Backend UI Toggle
Site,S53,"=1/((R53=""Show"")+(R53<>""Hide""))",Backend UI Toggle
Site,S54,"=1/((R54=""Show"")+(R54<>""Hide""))",Backend UI Toggle
Site,S55,"=1/((R55=""Show"")+(R55<>""Hide""))",Backend UI Toggle
Site,S56,"=1/((R56=""Show"")+(R56<>""Hide""))",Backend UI Toggle
Site,S57,"=1/((R57=""Show"")+(R57<>""Hide""))",Backend UI Toggle
Site,S58,"=1/((R58=""Show"")+(R58<>""Hide""))",Backend UI Toggle
Site,S59,"=1/((R59=""Show"")+(R59<>""Hide""))",Backend UI Toggle
Site,S60,"=1/((R60=""Show"")+(R60<>""Hide""))",Backend UI Toggle
Site,S61,"=1/((R61=""Show"")+(R61<>""Hide""))",Backend UI Toggle
Site,S62,"=1/((R62=""Show"")+(R62<>""Hide""))",Backend UI Toggle
Site,S63,"=1/((R63=""Show"")+(R63<>""Hide""))",Backend UI Toggle
Site,S64,"=1/((R64=""Show"")+(R64<>""Hide""))",Backend UI Toggle
Site,S65,"=1/((R65=""Show"")+(R65<>""Hide""))",Backend UI Toggle
Site,S66,"=1/((R66=""Show"")+(R66<>""Hide""))",Backend UI Toggle
Site,S67,"=1/((R67=""Show"")+(R67<>""Hide""))",Backend UI Toggle
Site,S68,"=1/((R68=""Show"")+(R68<>""Hide""))",Backend UI Toggle
Site,S69,"=1/((R69=""Show"")+(R69<>""Hide""))",Backend UI Toggle
Site,S70,"=1/((R70=""Show"")+(R70<>""Hide""))",Backend UI Toggle
Site,S71,"=1/((R71=""Show"")+(R71<>""Hide""))",Backend UI Toggle
Site,S72,"=1/((R72=""Show"")+(R72<>""Hide""))",Backend UI Toggle
Site,S73,"=1/((R73=""Show"")+(R73<>""Hide""))",Backend UI Toggle
Site,S74,"=1/((R74=""Show"")+(R74<>""Hide""))",Backend UI Toggle
Site,S75,"=1/((R75=""Show"")+(R75<>""Hide""))",Backend UI Toggle
Site,S76,"=1/((R76=""Show"")+(R76<>""Hide""))",Backend UI Toggle
Site,S77,"=1/((R77=""Show"")+(R77<>""Hide""))",Backend UI Toggle
Site,S78,"=1/((R78=""Show"")+(R78<>""Hide""))",Backend UI Toggle
Site,S79,"=1/((R79=""Show"")+(R79<>""Hide""))",Backend UI Toggle
Site,S80,"=1/((R80=""Show"")+(R80<>""Hide""))",Backend UI Toggle
Site,S81,"=1/((R81=""Show"")+(R81<>""Hide""))",Backend UI Toggle
Site,S82,"=1/((R82=""Show"")+(R82<>""Hide""))",Backend UI Toggle
Site,S83,"=1/((R83=""Show"")+(R83<>""Hide""))",Backend UI Toggle
Site,S84,"=1/((R84=""Show"")+(R84<>""Hide""))",Backend UI Toggle
Site,S85,"=1/((R85=""Show"")+(R85<>""Hide""))",Backend UI Toggle
Site,S86,"=1/((R86=""Show"")+(R86<>""Hide""))",Backend UI Toggle
Site,S87,"=1/((R87=""Show"")+(R87<>""Hide""))",Backend UI Toggle
Site,S88,"=1/((R88=""Show"")+(R88<>""Hide""))",Backend UI Toggle
Site,S89,"=1/((R89=""Show"")+(R89<>""Hide""))",Backend UI Toggle
Site,S90,"=1/((R90=""Show"")+(R90<>""Hide""))",Backend UI Toggle
Site,S91,"=1/((R91=""Show"")+(R91<>""Hide""))",Backend UI Toggle
Site,S92,"=1/((R92=""Show"")+(R92<>""Hide""))",Backend UI Toggle
Site,S93,"=1/((R93=""Show"")+(R93<>""Hide""))",Backend UI Toggle
Site,S94,"=1/((R94=""Show"")+(R94<>""Hide""))",Backend UI Toggle
Site,S95,"=1/((R95=""Show"")+(R95<>""Hide""))",Backend UI Toggle
Site,S96,"=1/((R96=""Show"")+(R96<>""Hide""))",Backend UI Toggle
Site,S97,"=1/((R97=""Show"")+(R97<>""Hide""))",Backend UI Toggle
Site,S98,"=1/((R98=""Show"")+(R98<>""Hide""))",Backend UI Toggle
Site,S99,"=1/((R99=""Show"")+(R99<>""Hide""))",Backend UI Toggle
Site,S100,"=1/((R100=""Show"")+(R100<>""Hide""))",Backend UI Toggle
Site,S101,"=1/((R101=""Show"")+(R101<>""Hide""))",Backend UI Toggle
Site,S102,"=1/((R102=""Show"")+(R102<>""Hide""))",Backend UI Toggle
Site,S103,"=1/((R103=""Show"")+(R103<>""Hide""))",Backend UI Toggle
Site,S104,"=1/((R104=""Show"")+(R104<>""Hide""))",Backend UI Toggle
Site,S105,"=1/((R105=""Show"")+(R105<>""Hide""))",Backend UI Toggle
Site,S106,"=1/((R106=""Show"")+(R106<>""Hide""))",Backend UI Toggle
Site,S107,"=1/((R107=""Show"")+(R107<>""Hide""))",Backend UI Toggle
Site,S108,"=1/((R108=""Show"")+(R108<>""Hide""))",Backend UI Toggle
Site,S109,"=1/((R109=""Show"")+(R109<>""Hide""))",Backend UI Toggle
Site,S110,"=1/((R110=""Show"")+(R110<>""Hide""))",Backend UI Toggle
Site,S111,"=1/((R111=""Show"")+(R111<>""Hide""))",Backend UI Toggle
Site,S112,"=1/((R112=""Show"")+(R112<>""Hide""))",Backend UI Toggle
Site,S113,"=1/((R113=""Show"")+(R113<>""Hide""))",Backend UI Toggle
Site,S114,"=1/((R114=""Show"")+(R114<>""Hide""))",Backend UI Toggle
Site,S115,"=1/((R115=""Show"")+(R115<>""Hide""))",Backend UI Toggle
Site,S116,"=1/((R116=""Show"")+(R116<>""Hide""))",Backend UI Toggle
Site,S117,"=1/((R117=""Show"")+(R117<>""Hide""))",Backend UI Toggle
Site,S118,"=1/((R118=""Show"")+(R118<>""Hide""))",Backend UI Toggle
Site,S119,"=1/((R119=""Show"")+(R119<>""Hide""))",Backend UI Toggle
Site,S120,"=1/((R120=""Show"")+(R120<>""Hide""))",Backend UI Toggle
Site,S121,"=1/((R121=""Show"")+(R121<>""Hide""))",Backend UI Toggle
Site,S122,"=1/((R122=""Show"")+(R122<>""Hide""))",Backend UI Toggle
Site,S123,"=1/((R123=""Show"")+(R123<>""Hide""))",Backend UI Toggle
Site,S124,"=1/((R124=""Show"")+(R124<>""Hide""))",Backend UI Toggle
Site,S125,"=1/((R125=""Show"")+(R125<>""Hide""))",Backend UI Toggle
Site,S126,"=1/((R126=""Show"")+(R126<>""Hide""))",Backend UI Toggle
Site,S127,"=1/((R127=""Show"")+(R127<>""Hide""))",Backend UI Toggle
Site,S128,"=1/((R128=""Show"")+(R128<>""Hide""))",Backend UI Toggle
Site,S129,"=1/((R129=""Show"")+(R129<>""Hide""))",Backend UI Toggle
Site,S130,"=1/((R130=""Show"")+(R130<>""Hide""))",Backend UI Toggle
Site,S131,"=1/((R131=""Show"")+(R131<>""Hide""))",Backend UI Toggle
Site,S138,"=1/((R138=""Show"")+(R138<>""Hide"")*(N138<>""Hide""))",Backend UI Toggle
Site,S139,"=1/((R139=""Show"")+(R139<>""Hide"")*(N139<>""Hide""))",Backend UI Toggle
Site,S140,"=1/((R140=""Show"")+(R140<>""Hide"")*(N140<>""Hide""))",Backend UI Toggle
Site,S141,"=1/((R141=""Show"")+(R141<>""Hide"")*(N141<>""Hide""))",Backend UI Toggle
Site,S142,"=1/((R142=""Show"")+(R142<>""Hide"")*(N142<>""Hide""))",Backend UI Toggle
Site,S143,"=1/((R143=""Show"")+(R143<>""Hide"")*(N143<>""Hide""))",Backend UI Toggle
Site,S144,"=1/((R144=""Show"")+(R144<>""Hide"")*(N144<>""Hide""))",Backend UI Toggle
Site,S145,"=1/((R145=""Show"")+(R145<>""Hide"")*(N145<>""Hide""))",Backend UI Toggle
Site,S146,"=1/((R146=""Show"")+(R146<>""Hide"")*(N146<>""Hide""))",Backend UI Toggle
Site,BV153,"=1/((BV154=""Show"")+(BV154<>""Hide"")*(IFERROR(AD5,0)))",Backend UI Toggle
Site,BW153,"=1/((BW154=""Show"")+(BW154<>""Hide"")*(IFERROR(AE5,0)))",Backend UI Toggle
Site,BX153,"=1/((BX154=""Show"")+(BX154<>""Hide"")*(IFERROR(AF5,0)))",Backend UI Toggle
Site,BY153,"=1/((BY154=""Show"")+(BY154<>""Hide"")*(IFERROR(AG5,0)))",Backend UI Toggle
Site,BZ153,"=1/((BZ154=""Show"")+(BZ154<>""Hide"")*(IFERROR(AH5,0)))",Backend UI Toggle
Site,CA153,"=1/((CA154=""Show"")+(CA154<>""Hide"")*(IFERROR(AI5,0)))",Backend UI Toggle
Site,CB153,"=1/((CB154=""Show"")+(CB154<>""Hide"")*(IFERROR(AJ5,0)))",Backend UI Toggle
Site,CC153,"=1/((CC154=""Show"")+(CC154<>""Hide"")*(IFERROR(AK5,0)))",Backend UI Toggle
Site,CD153,"=1/((CD154=""Show"")+(CD154<>""Hide"")*(IFERROR(AL5,0)))",Backend UI Toggle
Site,CE153,"=1/((CE154=""Show"")+(CE154<>""Hide"")*(IFERROR(AM5,0)))",Backend UI Toggle
Site,CF153,"=1/((CF154=""Show"")+(CF154<>""Hide"")*(IFERROR(AN5,0)))",Backend UI Toggle
Site,CG153,"=1/((CG154=""Show"")+(CG154<>""Hide"")*(IFERROR(AO5,0)))",Backend UI Toggle
Site,CH153,"=1/((CH154=""Show"")+(CH154<>""Hide"")*(IFERROR(AP5,0)))",Backend UI Toggle
Site,CI153,"=1/((CI154=""Show"")+(CI154<>""Hide"")*(IFERROR(AQ5,0)))",Backend UI Toggle
Site,CJ153,"=1/((CJ154=""Show"")+(CJ154<>""Hide"")*(IFERROR(AR5,0)))",Backend UI Toggle
Site,CK153,"=1/((CK154=""Show"")+(CK154<>""Hide"")*(IFERROR(AS5,0)))",Backend UI Toggle
Site,CL153,"=1/((CL154=""Show"")+(CL154<>""Hide"")*(IFERROR(AT5,0)))",Backend UI Toggle
Site,CM153,"=1/((CM154=""Show"")+(CM154<>""Hide"")*(IFERROR(AU5,0)))",Backend UI Toggle
Site,CN153,"=1/((CN154=""Show"")+(CN154<>""Hide"")*(IFERROR(AV5,0)))",Backend UI Toggle
Site,CO153,"=1/((CO154=""Show"")+(CO154<>""Hide"")*(N1NumberOfParcels>1))",Backend UI Toggle
Site,BP159,"=1/((BR159=""Show"")+(BR159<>""Hide"")*(BU159<>"""")*(BU159<>0))",Backend UI Toggle
Site,BP160,"=1/((BR160=""Show"")+(BR160<>""Hide"")*(BU160<>"""")*(BU160<>0))",Backend UI Toggle
Site,BP161,"=1/((BR161=""Show"")+(BR161<>""Hide"")*(BU161<>"""")*(BU161<>0))",Backend UI Toggle
Site,BP162,"=1/((BR162=""Show"")+(BR162<>""Hide"")*(BU162<>"""")*(BU162<>0))",Backend UI Toggle
Site,BP163,"=1/((BR163=""Show"")+(BR163<>""Hide"")*(BU163<>"""")*(BU163<>0))",Backend UI Toggle
Site,BP164,"=1/((BR164=""Show"")+(BR164<>""Hide"")*(BU164<>"""")*(BU164<>0))",Backend UI Toggle
Site,BP165,"=1/((BR165=""Show"")+(BR165<>""Hide"")*(BU165<>"""")*(BU165<>0))",Backend UI Toggle
Site,BP166,"=1/((BR166=""Show"")+(BR166<>""Hide"")*(BU166<>"""")*(BU166<>0))",Backend UI Toggle
Site,BP167,"=1/((BR167=""Show"")+(BR167<>""Hide"")*(BU167<>"""")*(BU167<>0))",Backend UI Toggle
Site,BP168,"=1/((BR168=""Show"")+(BR168<>""Hide"")*(BU168<>"""")*(BU168<>0))",Backend UI Toggle
Site,BP169,"=1/((BR169=""Show"")+(BR169<>""Hide"")*(BU169<>"""")*(BU169<>0))",Backend UI Toggle
Site,BP170,"=1/((BR170=""Show"")+(BR170<>""Hide"")*(BU170<>"""")*(BU170<>0))",Backend UI Toggle
Site,BP171,"=1/((BR171=""Show"")+(BR171<>""Hide"")*(BU171<>"""")*(BU171<>0))",Backend UI Toggle
Site,BP172,"=1/((BR172=""Show"")+(BR172<>""Hide"")*(BU172<>"""")*(BU172<>0))",Backend UI Toggle
Site,BP173,"=1/((BR173=""Show"")+(BR173<>""Hide"")*(BU173<>"""")*(BU173<>0))",Backend UI Toggle
Site,BP174,"=1/((BR174=""Show"")+(BR174<>""Hide"")*(BU174<>"""")*(BU174<>0))",Backend UI Toggle
Site,BP175,"=1/((BR175=""Show"")+(BR175<>""Hide"")*(BU175<>"""")*(BU175<>0))",Backend UI Toggle
Site,BP176,"=1/((BR176=""Show"")+(BR176<>""Hide"")*(BU176<>"""")*(BU176<>0))",Backend UI Toggle
Site,BP177,"=1/((BR177=""Show"")+(BR177<>""Hide"")*(BU177<>"""")*(BU177<>0))",Backend UI Toggle
Site,BP178,"=1/((BR178=""Show"")+(BR178<>""Hide"")*(BU178<>"""")*(BU178<>0))",Backend UI Toggle
Site,BP179,"=1/((BR179=""Show"")+(BR179<>""Hide""))",Backend UI Toggle
Site,BP180,"=1/((BR180=""Show"")+(BR180<>""Hide""))",Backend UI Toggle
Site,BP181,"=1/((BR181=""Show"")+(BR181<>""Hide""))",Backend UI Toggle
Site,BP182,"=1/((BR182=""Show"")+(BR182<>""Hide"")*(BU182<>"""")*(BU182<>0))",Backend UI Toggle
Site,BP183,"=1/((BR183=""Show"")+(BR183<>""Hide"")*(BU183<>"""")*(BU183<>0))",Backend UI Toggle
Site,BP184,"=1/((BR184=""Show"")+(BR184<>""Hide"")*(BU184<>"""")*(BU184<>0))",Backend UI Toggle
Site,BP185,"=1/((BR185=""Show"")+(BR185<>""Hide"")*(BU185<>"""")*(BU185<>0))",Backend UI Toggle
Site,BP186,"=1/((BR186=""Show"")+(BR186<>""Hide"")*(BU186<>"""")*(BU186<>0))",Backend UI Toggle
Site,BP187,"=1/((BR187=""Show"")+(BR187<>""Hide"")*(BU187<>"""")*(BU187<>0))",Backend UI Toggle
Site,BP188,"=1/((BR188=""Show"")+(BR188<>""Hide"")*(BU188<>"""")*(BU188<>0))",Backend UI Toggle
Site,BP189,"=1/((BR189=""Show"")+(BR189<>""Hide"")*(BU189<>"""")*(BU189<>0))",Backend UI Toggle
Site,BP190,"=1/((BR190=""Show"")+(BR190<>""Hide"")*(BU190<>"""")*(BU190<>0))",Backend UI Toggle
Site,BP191,"=1/((BR191=""Show"")+(BR191<>""Hide"")*(BU191<>"""")*(BU191<>0))",Backend UI Toggle
Site,BP192,"=1/((BR192=""Show"")+(BR192<>""Hide"")*(BU192<>"""")*(BU192<>0))",Backend UI Toggle
Site,BP193,"=1/((BR193=""Show"")+(BR193<>""Hide"")*(BU193<>"""")*(BU193<>0))",Backend UI Toggle
Site,BP194,"=1/((BR194=""Show"")+(BR194<>""Hide"")*(BU194<>"""")*(BU194<>0))",Backend UI Toggle
Site,BP195,"=1/((BR195=""Show"")+(BR195<>""Hide"")*(BU195<>"""")*(BU195<>0))",Backend UI Toggle
Site,BP196,"=1/((BR196=""Show"")+(BR196<>""Hide"")*(BU196<>"""")*(BU196<>0))",Backend UI Toggle
Site,BP197,"=1/((BR197=""Show"")+(BR197<>""Hide""))",Backend UI Toggle
Site,BP198,"=1/((BR198=""Show"")+(BR198<>""Hide""))",Backend UI Toggle
Site,BP199,"=1/((BR199=""Show"")+(BR199<>""Hide""))",Backend UI Toggle
Site,BP200,"=1/((BR200=""Show"")+(BR200<>""Hide"")*(BU200<>"""")*(BU200<>0))",Backend UI Toggle
Site,BP201,"=1/((BR201=""Show"")+(BR201<>""Hide"")*(BU201<>"""")*(BU201<>0))",Backend UI Toggle
Site,BP202,"=1/((BR202=""Show"")+(BR202<>""Hide"")*(BU202<>"""")*(BU202<>0))",Backend UI Toggle
Site,BP203,"=1/((BR203=""Show"")+(BR203<>""Hide"")*(BU203<>"""")*(BU203<>0))",Backend UI Toggle
Site,BP204,"=1/((BR204=""Show"")+(BR204<>""Hide"")*(BU204<>"""")*(BU204<>0))",Backend UI Toggle
Site,BP205,"=1/((BR205=""Show"")+(BR205<>""Hide"")*(BU205<>"""")*(BU205<>0))",Backend UI Toggle
Site,BP206,"=1/((BR206=""Show"")+(BR206<>""Hide"")*(BU206<>"""")*(BU206<>0))",Backend UI Toggle
Site,BP207,"=1/((BR207=""Show"")+(BR207<>""Hide"")*(BU207<>"""")*(BU207<>0))",Backend UI Toggle
Site,BP208,"=1/((BR208=""Show"")+(BR208<>""Hide"")*(BU208<>"""")*(BU208<>0))",Backend UI Toggle
Site,BP209,"=1/((BR209=""Show"")+(BR209<>""Hide"")*(BU209<>"""")*(BU209<>0))",Backend UI Toggle
Site,BP210,"=1/((BR210=""Show"")+(BR210<>""Hide"")*(BU210<>"""")*(BU210<>0))",Backend UI Toggle
Site,BP211,"=1/((BR211=""Show"")+(BR211<>""Hide"")*(BU211<>"""")*(BU211<>0))",Backend UI Toggle
Site,BP212,"=1/((BR212=""Show"")+(BR212<>""Hide"")*(BU212<>"""")*(BU212<>0))",Backend UI Toggle
Site,BP213,"=1/((BR213=""Show"")+(BR213<>""Hide"")*(BU213<>"""")*(BU213<>0))",Backend UI Toggle
Site,BP214,"=1/((BR214=""Show"")+(BR214<>""Hide"")*(BU214<>"""")*(BU214<>0))",Backend UI Toggle
Site,BP215,"=1/((BR215=""Show"")+(BR215<>""Hide"")*(BU215<>"""")*(BU215<>0))",Backend UI Toggle
Site,BP216,"=1/((BR216=""Show"")+(BR216<>""Hide"")*(BU216<>"""")*(BU216<>0))",Backend UI Toggle
Site,BP217,"=1/((BR217=""Show"")+(BR217<>""Hide"")*(BU217<>"""")*(BU217<>0))",Backend UI Toggle
Site,BP218,"=1/((BR218=""Show"")+(BR218<>""Hide"")*(BU218<>"""")*(BU218<>0))",Backend UI Toggle
Site,BP219,"=1/((BR219=""Show"")+(BR219<>""Hide"")*(BU219<>"""")*(BU219<>0))",Backend UI Toggle
Site,BP220,"=1/((BR220=""Show"")+(BR220<>""Hide"")*(BU220<>"""")*(BU220<>0))",Backend UI Toggle
Site,BP221,"=1/((BR221=""Show"")+(BR221<>""Hide"")*(BU221<>"""")*(BU221<>0))",Backend UI Toggle
Site,BP222,"=1/((BR222=""Show"")+(BR222<>""Hide"")*(BU222<>"""")*(BU222<>0))",Backend UI Toggle
Site,BP223,"=1/((BR223=""Show"")+(BR223<>""Hide"")*(BU223<>"""")*(BU223<>0))",Backend UI Toggle
Site,BP224,"=1/((BR224=""Show"")+(BR224<>""Hide"")*(BU224<>"""")*(BU224<>0))",Backend UI Toggle
Site,BP225,"=1/((BR225=""Show"")+(BR225<>""Hide"")*(BU225<>"""")*(BU225<>0))",Backend UI Toggle
Site,BP226,"=1/((BR226=""Show"")+(BR226<>""Hide""))",Backend UI Toggle
Site,BP227,"=1/((BR227=""Show"")+(BR227<>""Hide""))",Backend UI Toggle
Site,BP228,"=1/((BR228=""Show"")+(BR228<>""Hide"")*(BU228<>"""")*(BU228<>0))",Backend UI Toggle
Site,BP229,"=1/((BR229=""Show"")+(BR229<>""Hide"")*(BU229<>"""")*(BU229<>0))",Backend UI Toggle
Site,BP230,"=1/((BR230=""Show"")+(BR230<>""Hide"")*(BU230<>"""")*(BU230<>0))",Backend UI Toggle
Site,BP231,"=1/((BR231=""Show"")+(BR231<>""Hide"")*(BU231<>"""")*(BU231<>0))",Backend UI Toggle
Site,BP232,"=1/((BR232=""Show"")+(BR232<>""Hide"")*(BU232<>"""")*(BU232<>0))",Backend UI Toggle
Site,BP233,"=1/((BR233=""Show"")+(BR233<>""Hide"")*(BU233<>"""")*(BU233<>0))",Backend UI Toggle
Site,BP234,"=1/((BR234=""Show"")+(BR234<>""Hide"")*(BU234<>""""))",Backend UI Toggle
Site,BP235,"=1/((BR235=""Show"")+(BR235<>""Hide"")*(BU235<>"""")*(BU235<>0))",Backend UI Toggle
Site,BP236,"=1/((BR236=""Show"")+(BR236<>""Hide"")*(BU236<>"""")*(BU236<>0))",Backend UI Toggle
Site,BP237,"=1/((BR237=""Show"")+(BR237<>""Hide"")*(BU237<>"""")*(BU237<>0))",Backend UI Toggle
Site,BP238,"=1/((BR238=""Show"")+(BR238<>""Hide"")*(BU238<>"""")*(BU238<>0))",Backend UI Toggle
Site,BP239,"=1/((BR239=""Show"")+(BR239<>""Hide"")*(BU239<>"""")*(BU239<>0))",Backend UI Toggle
Site,BP240,"=1/((BR240=""Show"")+(BR240<>""Hide"")*(BU240<>"""")*(BU240<>0))",Backend UI Toggle
Site,BP241,"=1/((BR241=""Show"")+(BR241<>""Hide"")*(BU241<>"""")*(BU241<>0))",Backend UI Toggle
Site,BP242,"=1/((BR242=""Show"")+(BR242<>""Hide"")*(BU242<>"""")*(BU242<>0))",Backend UI Toggle
Site,BP243,"=1/((BR243=""Show"")+(BR243<>""Hide"")*(BU243<>""""))",Backend UI Toggle
Site,BP244,"=1/((BR244=""Show"")+(BR244<>""Hide"")*(BU244<>"""")*(BU244<>0))",Backend UI Toggle
Site,BP245,"=1/((BR245=""Show"")+(BR245<>""Hide"")*(BN245<>""Hide""))",Backend UI Toggle
Site,BP246,"=1/((BR246=""Show"")+(BR246<>""Hide"")*(BN246<>""Hide""))",Backend UI Toggle
Site,BP247,"=1/((BR247=""Show"")+(BR247<>""Hide"")*(BN247<>""Hide""))",Backend UI Toggle
Site,BP248,"=1/((BR248=""Show"")+(BR248<>""Hide"")*(BU248<>"""")*(BU248<>0))",Backend UI Toggle
Site,BP249,"=1/((BR249=""Show"")+(BR249<>""Hide"")*(BU249<>"""")*(BU249<>0))",Backend UI Toggle
Site,BP250,"=1/((BR250=""Show"")+(BR250<>""Hide"")*(BU250<>"""")*(BU250<>0))",Backend UI Toggle
Site,BP251,"=1/((BR251=""Show"")+(BR251<>""Hide"")*(BU251<>"""")*(BU251<>0))",Backend UI Toggle
Site,BP252,"=1/((BR252=""Show"")+(BR252<>""Hide"")*(BU252<>"""")*(BU252<>0))",Backend UI Toggle
Site,BP253,"=1/((BR253=""Show"")+(BR253<>""Hide"")*(BU253<>"""")*(BU253<>0))",Backend UI Toggle
Site,BP254,"=1/((BR254=""Show"")+(BR254<>""Hide"")*(BU254<>"""")*(BU254<>0))",Backend UI Toggle
Site,BP255,"=1/((BR255=""Show"")+(BR255<>""Hide"")*(BU255<>"""")*(BU255<>0))",Backend UI Toggle
Site,BP256,"=1/((BR256=""Show"")+(BR256<>""Hide"")*(BU256<>"""")*(BU256<>0))",Backend UI Toggle
Site,BP257,"=1/((BR257=""Show"")+(BR257<>""Hide"")*(BU257<>"""")*(BU257<>0))",Backend UI Toggle
Site,BP258,"=1/((BR258=""Show"")+(BR258<>""Hide"")*(BU258<>"""")*(BU258<>0))",Backend UI Toggle
Site,BP259,"=1/((BR259=""Show"")+(BR259<>""Hide"")*(BU259<>"""")*(BU259<>0))",Backend UI Toggle
Site,BP260,"=1/((BR260=""Show"")+(BR260<>""Hide""))",Backend UI Toggle
Site,BP261,"=1/((BR261=""Show"")+(BR261<>""Hide""))",Backend UI Toggle
Site,BP262,"=1/((BR262=""Show"")+(BR262<>""Hide"")*(BU262<>"""")*(BU262<>0))",Backend UI Toggle
Site,BP263,"=1/((BR263=""Show"")+(BR263<>""Hide"")*(BU263<>"""")*(BU263<>0))",Backend UI Toggle
Site,BP264,"=1/((BR264=""Show"")+(BR264<>""Hide"")*(BU264<>"""")*(BU264<>0))",Backend UI Toggle
Site,BP265,"=1/((BR265=""Show"")+(BR265<>""Hide"")*(BU265<>"""")*(BU265<>0))",Backend UI Toggle
Site,BP266,"=1/((BR266=""Show"")+(BR266<>""Hide"")*(BN266<>""Hide""))",Backend UI Toggle
Site,BP267,"=1/((BR267=""Show"")+(BR267<>""Hide"")*(BU267<>"""")*(BU267<>0))",Backend UI Toggle
Site,BP268,"=1/((BR268=""Show"")+(BR268<>""Hide"")*(BU268<>"""")*(BU268<>0))",Backend UI Toggle
Site,BP269,"=1/((BR269=""Show"")+(BR269<>""Hide"")*(BU269<>"""")*(BU269<>0))",Backend UI Toggle
Site,BP270,"=1/((BR270=""Show"")+(BR270<>""Hide"")*(BU270<>"""")*(BU270<>0))",Backend UI Toggle
Site,BP271,"=1/((BR271=""Show"")+(BR271<>""Hide""))",Backend UI Toggle
Site,CZ297,"=1/((CZ299=""Show"")+(CZ299<>""Hide""))",Backend UI Toggle
Site,DA297,"=1/((DA299=""Show"")+(DA299<>""Hide""))",Backend UI Toggle
Site,DB297,"=1/((DB299=""Show"")+(DB299<>""Hide"")*DB323)",Backend UI Toggle
Site,DC297,"=1/((DC299=""Show"")+(DC299<>""Hide"")*DC323)",Backend UI Toggle
Site,DD297,"=1/((DD299=""Show"")+(DD299<>""Hide"")*DD323)",Backend UI Toggle
Site,DE297,"=1/((DE299=""Show"")+(DE299<>""Hide"")*DE323)",Backend UI Toggle
Site,DF297,"=1/((DF299=""Show"")+(DF299<>""Hide""))",Backend UI Toggle
Site,DG297,"=1/((DG299=""Show"")+(DG299<>""Hide""))",Backend UI Toggle
Site,DH297,"=1/((DH299=""Show"")+(DH299<>""Hide""))",Backend UI Toggle
Site,DI297,"=1/((DI299=""Show"")+(DI299<>""Hide""))",Backend UI Toggle
Site,DJ297,"=1/((DJ299=""Show"")+(DJ299<>""Hide""))",Backend UI Toggle
Site,DK297,"=1/((DK299=""Show"")+(DK299<>""Hide""))",Backend UI Toggle
Site,DL297,"=1/((DL299=""Show"")+(DL299<>""Hide""))",Backend UI Toggle
Site,DM297,"=1/((DM299=""Show"")+(DM299<>""Hide""))",Backend UI Toggle
Site,DN297,"=1/((DN299=""Show"")+(DN299<>""Hide""))",Backend UI Toggle
Site,DO297,"=1/((DO299=""Show"")+(DO299<>""Hide""))",Backend UI Toggle
Site,CU324,"=1/((CV324<>""Hide""))",Backend UI Toggle
Site,CU326,"=1/((CV326<>""Hide""))",Backend UI Toggle
Site,ED355,"=1/((EF355=""Show"")+(EF355<>""Hide""))",Backend UI Toggle
Site,ED356,"=1/((EF356=""Show"")+(EF356<>""Hide""))",Backend UI Toggle
Site,ED357,"=1/((EF357=""Show"")+(EF357<>""Hide""))",Backend UI Toggle
Site,ED358,"=1/((EF358=""Show"")+(EF358<>""Hide""))",Backend UI Toggle
Site,ED359,"=1/((EF359=""Show"")+(EF359<>""Hide""))",Backend UI Toggle
Site,ED360,"=1/((EF360=""Show"")+(EF360<>""Hide""))",Backend UI Toggle
Site,ED361,"=1/((EF361=""Show"")+(EF361<>""Hide""))",Backend UI Toggle
Site,ED362,"=1/((EF362=""Show"")+(EF362<>""Hide""))",Backend UI Toggle
Site,ED363,"=1/((EF363=""Show"")+(EF363<>""Hide""))",Backend UI Toggle
Site,ED364,"=1/((EF364=""Show"")+(EF364<>""Hide""))",Backend UI Toggle
Site,ED365,"=1/((EF365=""Show"")+(EF365<>""Hide""))",Backend UI Toggle
Site,ED366,"=1/((EF366=""Show"")+(EF366<>""Hide""))",Backend UI Toggle
Site,ED367,"=1/((EF367=""Show"")+(EF367<>""Hide""))",Backend UI Toggle
Site,ED368,"=1/((EF368=""Show"")+(EF368<>""Hide""))",Backend UI Toggle
Site,ED369,"=1/((EF369=""Show"")+(EF369<>""Hide""))",Backend UI Toggle
Site,ED370,"=1/((EF370=""Show"")+(EF370<>""Hide""))",Backend UI Toggle
Site,ED371,"=1/((EF371=""Show"")+(EF371<>""Hide"")*(EH371<>0))",Backend UI Toggle
Site,ED381,"=1/((EF381=""Show"")+(EF381<>""Hide""))",Backend UI Toggle
Site,ED382,"=1/((EF382=""Show"")+(EF382<>""Hide""))",Backend UI Toggle
Site,ED383,"=1/((EF383=""Show"")+(EF383<>""Hide""))",Backend UI Toggle
Site,ED384,"=1/((EF384=""Show"")+(EF384<>""Hide""))",Backend UI Toggle
Site,ED385,"=1/((EF385=""Show"")+(EF385<>""Hide""))",Backend UI Toggle
Site,ED386,"=1/((EF386=""Show"")+(EF386<>""Hide""))",Backend UI Toggle
Site,ED387,"=1/((EF387=""Show"")+(EF387<>""Hide""))",Backend UI Toggle
Site,ED388,"=1/((EF388=""Show"")+(EF388<>""Hide""))",Backend UI Toggle
Site,ED389,"=1/((EF389=""Show"")+(EF389<>""Hide"")*(EI389<>""""))",Backend UI Toggle
Site,ED390,"=1/((EF390=""Show"")+(EF390<>""Hide""))",Backend UI Toggle
Site,ED391,"=1/((EF391=""Show"")+(EF391<>""Hide""))",Backend UI Toggle
Site,ED392,"=1/((EF392=""Show"")+(EF392<>""Hide""))",Backend UI Toggle
Site,ED393,"=1/((EF393=""Show"")+(EF393<>""Hide""))",Backend UI Toggle
Site,ED394,"=1/((EF394=""Show"")+(EF394<>""Hide""))",Backend UI Toggle
Site,ED395,"=1/((EF395=""Show"")+(EF395<>""Hide"")*(EH395<>0))",Backend UI Toggle
Zoning,AB5,=1/($AA$12>=AB19),Backend UI Toggle
Zoning,AC5,=1/($AA$12>=AC19),Backend UI Toggle
Zoning,AD5,=1/($AA$12>=AD19),Backend UI Toggle
Zoning,AE5,=1/($AA$12>=AE19),Backend UI Toggle
Zoning,AF5,=1/($AA$12>=AF19),Backend UI Toggle
Zoning,AG5,=1/($AA$12>=AG19),Backend UI Toggle
Zoning,AH5,=1/($AA$12>=AH19),Backend UI Toggle
Zoning,AI5,=1/($AA$12>=AI19),Backend UI Toggle
Zoning,AJ5,=1/($AA$12>=AJ19),Backend UI Toggle
Zoning,S20,"=1/((R20=""Show"")+(R20<>""Hide""))",Backend UI Toggle
Zoning,S21,"=1/((R21=""Show"")+(R21<>""Hide""))",Backend UI Toggle
Zoning,S22,"=1/((R22=""Show"")+(R22<>""Hide""))",Backend UI Toggle
Zoning,S23,"=1/((R23=""Show"")+(R23<>""Hide""))",Backend UI Toggle
Zoning,S24,"=1/((R24=""Show"")+(R24<>""Hide""))",Backend UI Toggle
Zoning,S25,"=1/((R25=""Show"")+(R25<>""Hide""))",Backend UI Toggle
Zoning,S26,"=1/((R26=""Show"")+(R26<>""Hide""))",Backend UI Toggle
Zoning,S27,"=1/((R27=""Show"")+(R27<>""Hide""))",Backend UI Toggle
Zoning,S28,"=1/((R28=""Show"")+(R28<>""Hide""))",Backend UI Toggle
Zoning,S29,"=1/((R29=""Show"")+(R29<>""Hide""))",Backend UI Toggle
Zoning,S30,"=1/((R30=""Show"")+(R30<>""Hide""))",Backend UI Toggle
Zoning,S31,"=1/((R31=""Show"")+(R31<>""Hide""))",Backend UI Toggle
Zoning,S32,"=1/((R32=""Show"")+(R32<>""Hide""))",Backend UI Toggle
Zoning,S33,"=1/((R33=""Show"")+(R33<>""Hide""))",Backend UI Toggle
Zoning,S34,"=1/((R34=""Show"")+(R34<>""Hide""))",Backend UI Toggle
Zoning,S35,"=1/((R35=""Show"")+(R35<>""Hide""))",Backend UI Toggle
Zoning,S36,"=1/((R36=""Show"")+(R36<>""Hide""))",Backend UI Toggle
Zoning,S37,"=1/((R37=""Show"")+(R37<>""Hide""))",Backend UI Toggle
Zoning,S38,"=1/((R38=""Show"")+(R38<>""Hide""))",Backend UI Toggle
Zoning,S39,"=1/((R39=""Show"")+(R39<>""Hide""))",Backend UI Toggle
Zoning,S40,"=1/((R40=""Show"")+(R40<>""Hide""))",Backend UI Toggle
Zoning,S41,"=1/((R41=""Show"")+(R41<>""Hide""))",Backend UI Toggle
Zoning,S42,"=1/((R42=""Show"")+(R42<>""Hide""))",Backend UI Toggle
Zoning,S43,"=1/((R43=""Show"")+(R43<>""Hide""))",Backend UI Toggle
Zoning,BJ47,"=1/((BJ48=""Show"")+(BJ48<>""Hide"")*(BJ52<=N1NumberOfZoningRecords))",Backend UI Toggle
Zoning,BK47,"=1/((BK48=""Show"")+(BK48<>""Hide"")*(BK52<=N1NumberOfZoningRecords))",Backend UI Toggle
Zoning,BL47,"=1/((BL48=""Show"")+(BL48<>""Hide"")*(BL52<=N1NumberOfZoningRecords))",Backend UI Toggle
Zoning,BM47,"=1/((BM48=""Show"")+(BM48<>""Hide"")*(BM52<=N1NumberOfZoningRecords))",Backend UI Toggle
Zoning,BN47,"=1/((BN48=""Show"")+(BN48<>""Hide"")*(BN52<=N1NumberOfZoningRecords))",Backend UI Toggle
Zoning,BO47,"=1/((BO48=""Show"")+(BO48<>""Hide"")*(BO52<=N1NumberOfZoningRecords))",Backend UI Toggle
Zoning,BP47,"=1/((BP48=""Show"")+(BP48<>""Hide"")*(BP52<=N1NumberOfZoningRecords))",Backend UI Toggle
Zoning,BQ47,"=1/((BQ48=""Show"")+(BQ48<>""Hide"")*(BQ52<=N1NumberOfZoningRecords))",Backend UI Toggle
Zoning,BR47,"=1/((BR48=""Show"")+(BR48<>""Hide"")*(BR52<=N1NumberOfZoningRecords))",Backend UI Toggle
Zoning,BS47,"=1/((BS48=""Show"")+(BS48<>""Hide"")*(AND(pvaAgency<>"""",pvaAgency<>""None"")))",Backend UI Toggle
Zoning,BT47,"=1/((BT48=""Show"")+(BT48<>""Hide"")*(AND(pvaAgency<>"""",pvaAgency<>""None"")))",Backend UI Toggle
Zoning,BD52,"=1/((BF52=""Show"")+(BF52<>""Hide"")*(N1NumberOfZoningRecords<>1))",Backend UI Toggle
Zoning,BD53,"=1/((BF53=""Show"")+(BF53<>""Hide"")*(COUNTIFS(BI53:BR53,""?*"")>0))",Backend UI Toggle
Zoning,BD54,"=1/((BF54=""Show"")+(BF54<>""Hide"")*(COUNTIFS(BI54:BR54,""?*"")>0))",Backend UI Toggle
Zoning,BD55,"=1/((BF55=""Show"")+(BF55<>""Hide"")*(COUNTIFS(BI55:BR55,""?*"")>0))",Backend UI Toggle
Zoning,BD56,"=1/((BF56=""Show"")+(BF56<>""Hide"")*(COUNTIFS(BI56:BR56,""?*"")>0))",Backend UI Toggle
Zoning,BD57,"=1/((BF57=""Show"")+(BF57<>""Hide"")*(COUNTIFS(BI57:BR57,""?*"")>0))",Backend UI Toggle
Zoning,BD58,"=1/((BF58=""Show"")+(BF58<>""Hide"")*(COUNTIFS(BI58:BR58,""?*"")>0))",Backend UI Toggle
Zoning,BD59,"=1/((BF59=""Show"")+(BF59<>""Hide"")*(COUNTIFS(BI59:BR59,""?*"")>0))",Backend UI Toggle
Zoning,BD60,"=1/((BF60=""Show"")+(BF60<>""Hide"")*(COUNTIFS(BI60:BR60,""?*"")>0))",Backend UI Toggle
Zoning,BD61,"=1/((BF61=""Show"")+(BF61<>""Hide"")*(COUNTIFS(BI61:BR61,""?*"")>0))",Backend UI Toggle
Zoning,BD62,"=1/((BF62=""Show"")+(BF62<>""Hide"")*(COUNTIFS(BI62:BR62,""?*"")>0))",Backend UI Toggle
Zoning,BD63,"=1/((BF63=""Show"")+(BF63<>""Hide"")*(COUNTIFS(BI63:BR63,""?*"")>0))",Backend UI Toggle
Zoning,BD64,"=1/((BF64=""Show"")+(BF64<>""Hide"")*(COUNTIFS(BI64:BR64,""?*"")>0))",Backend UI Toggle
Zoning,BD65,"=1/((BF65=""Show"")+(BF65<>""Hide"")*(COUNTIFS(BI65:BR65,""?*"")>0))",Backend UI Toggle
Zoning,BD66,"=1/((BF66=""Show"")+(BF66<>""Hide"")*(COUNTIFS(BI66:BR66,""?*"")>0))",Backend UI Toggle
Zoning,BD67,"=1/((BF67=""Show"")+(BF67<>""Hide"")*(COUNTIFS(BI67:BR67,""?*"")>0))",Backend UI Toggle
Zoning,BD68,"=1/((BF68=""Show"")+(BF68<>""Hide"")*(COUNTIFS(BI68:BR68,""?*"")>0))",Backend UI Toggle
Zoning,BD69,"=1/((BF69=""Show"")+(BF69<>""Hide"")*(COUNTIFS(BI69:BR69,""?*"")>0))",Backend UI Toggle
Zoning,BD70,"=1/((BF70=""Show"")+(BF70<>""Hide"")*(COUNTIFS(BI70:BR70,""?*"")>0))",Backend UI Toggle
Zoning,BD71,"=1/((BF71=""Show"")+(BF71<>""Hide"")*(COUNTIFS(BI71:BR71,""?*"")>0))",Backend UI Toggle
Zoning,BD72,"=1/((BF72=""Show"")+(BF72<>""Hide"")*(COUNTIFS(BI72:BR72,""?*"")>0))",Backend UI Toggle
Zoning,BD73,"=1/((BF73=""Show"")+(BF73<>""Hide"")*(COUNTIFS(BI73:BR73,""?*"")>0))",Backend UI Toggle
Zoning,BD74,"=1/((BF74=""Show"")+(BF74<>""Hide"")*(COUNTIFS(BI74:BR74,""?*"")>0))",Backend UI Toggle
Zoning,BD75,"=1/((BF75=""Show"")+(BF75<>""Hide"")*(COUNTIFS(BI75:BR75,""?*"")>0))",Backend UI Toggle
Zoning,BZ85,"=1/(((CA85=""Show""))+(CA85<>""Hide"")*((CE85<>"""")+(LEFT(CD85,1)<>"" "")))",Backend UI Toggle
Zoning,BZ86,"=1/(((CA86=""Show""))+(CA86<>""Hide"")*((CE86<>"""")+(LEFT(CD86,1)<>"" "")))",Backend UI Toggle
Zoning,BZ87,"=1/(((CA87=""Show""))+(CA87<>""Hide"")*((CE87<>"""")+(LEFT(CD87,1)<>"" "")))",Backend UI Toggle
Zoning,BZ88,"=1/(((CA88=""Show""))+(CA88<>""Hide"")*((CE88<>"""")+(LEFT(CD88,1)<>"" "")))",Backend UI Toggle
Zoning,BZ89,"=1/(((CA89=""Show""))+(CA89<>""Hide"")*((CE89<>"""")+(LEFT(CD89,1)<>"" "")))",Backend UI Toggle
Zoning,BZ90,"=1/(((CA90=""Show""))+(CA90<>""Hide"")*((CE90<>"""")+(LEFT(CD90,1)<>"" "")))",Backend UI Toggle
Zoning,BZ91,"=1/(((CA91=""Show""))+(CA91<>""Hide"")*((CE91<>"""")+(LEFT(CD91,1)<>"" "")))",Backend UI Toggle
Zoning,BZ92,"=1/(((CA92=""Show""))+(CA92<>""Hide"")*((CE92<>"""")+(LEFT(CD92,1)<>"" "")))",Backend UI Toggle
Zoning,BZ93,"=1/(((CA93=""Show""))+(CA93<>""Hide"")*((CE93<>"""")+(LEFT(CD93,1)<>"" "")))",Backend UI Toggle
Zoning,BZ94,"=1/(((CA94=""Show""))+(CA94<>""Hide"")*((CE94<>"""")+(LEFT(CD94,1)<>"" "")))",Backend UI Toggle
Zoning,BZ95,"=1/(((CA95=""Show""))+(CA95<>""Hide"")*((CE95<>"""")+(LEFT(CD95,1)<>"" "")))",Backend UI Toggle
Zoning,BZ96,"=1/(((CA96=""Show""))+(CA96<>""Hide"")*((CE96<>"""")+(LEFT(CD96,1)<>"" "")))",Backend UI Toggle
Zoning,BZ97,"=1/(((CA97=""Show""))+(CA97<>""Hide"")*((CE97<>"""")+(LEFT(CD97,1)<>"" "")))",Backend UI Toggle
Zoning,BZ98,"=1/(((CA98=""Show""))+(CA98<>""Hide"")*((CE98<>"""")+(LEFT(CD98,1)<>"" "")))",Backend UI Toggle
Zoning,BZ99,"=1/(((CA99=""Show""))+(CA99<>""Hide"")*((CE99<>"""")+(LEFT(CD99,1)<>"" "")))",Backend UI Toggle
Zoning,BZ100,"=1/(((CA100=""Show""))+(CA100<>""Hide"")*((CE100<>"""")+(LEFT(CD100,1)<>"" "")))",Backend UI Toggle
Zoning,BZ101,"=1/(((CA101=""Show""))+(CA101<>""Hide"")*((CE101<>"""")+(LEFT(CD101,1)<>"" "")))",Backend UI Toggle
Zoning,BZ102,"=1/(((CA102=""Show""))+(CA102<>""Hide"")*((CE102<>"""")+(LEFT(CD102,1)<>"" "")))",Backend UI Toggle
Zoning,BZ103,"=1/(((CA103=""Show""))+(CA103<>""Hide"")*((CE103<>"""")+(LEFT(CD103,1)<>"" "")))",Backend UI Toggle
Zoning,BZ104,"=1/(((CA104=""Show""))+(CA104<>""Hide"")*((CE104<>"""")+(LEFT(CD104,1)<>"" "")))",Backend UI Toggle
Zoning,BZ105,"=1/(((CA105=""Show""))+(CA105<>""Hide"")*((CE105<>"""")+(LEFT(CD105,1)<>"" "")))",Backend UI Toggle
Zoning,BZ106,"=1/(((CA106=""Show""))+(CA106<>""Hide"")*((CE106<>"""")+(LEFT(CD106,1)<>"" "")))",Backend UI Toggle
Zoning,BZ107,"=1/(((CA107=""Show""))+(CA107<>""Hide"")*((CE107<>"""")+(LEFT(CD107,1)<>"" "")))",Backend UI Toggle
Zoning,BZ108,"=1/(((CA108=""Show""))+(CA108<>""Hide"")*((CE108<>"""")+(LEFT(CD108,1)<>"" "")))",Backend UI Toggle
Zoning,BZ109,"=1/(((CA109=""Show""))+(CA109<>""Hide"")*((CE109<>"""")+(LEFT(CD109,1)<>"" "")))",Backend UI Toggle
Zoning,BZ110,"=1/(((CA110=""Show""))+(CA110<>""Hide"")*((CE110<>"""")+(LEFT(CD110,1)<>"" "")))",Backend UI Toggle
Zoning,BZ111,"=1/(((CA111=""Show""))+(CA111<>""Hide"")*((CE111<>"""")+(LEFT(CD111,1)<>"" "")))",Backend UI Toggle
Zoning,BZ112,"=1/(((CA112=""Show""))+(CA112<>""Hide"")*((CE112<>"""")+(LEFT(CD112,1)<>"" "")))",Backend UI Toggle
Zoning,BZ113,"=1/(((CA113=""Show""))+(CA113<>""Hide"")*((CE113<>"""")+(LEFT(CD113,1)<>"" "")))",Backend UI Toggle
Zoning,BZ114,"=1/(((CA114=""Show""))+(CA114<>""Hide"")*((CE114<>"""")+(LEFT(CD114,1)<>"" "")))",Backend UI Toggle
Zoning,BZ115,"=1/(((CA115=""Show""))+(CA115<>""Hide"")*((CE115<>"""")+(LEFT(CD115,1)<>"" "")))",Backend UI Toggle
Zoning,BZ116,"=1/(((CA116=""Show""))+(CA116<>""Hide"")*((CE116<>"""")+(LEFT(CD116,1)<>"" "")))",Backend UI Toggle
Zoning,BZ117,"=1/(((CA117=""Show""))+(CA117<>""Hide"")*((CE117<>"""")+(LEFT(CD117,1)<>"" "")))",Backend UI Toggle
Zoning,BZ118,"=1/(((CA118=""Show""))+(CA118<>""Hide"")*((CE118<>"""")+(LEFT(CD118,1)<>"" "")))",Backend UI Toggle
Zoning,BZ119,"=1/(((CA119=""Show""))+(CA119<>""Hide"")*((CE119<>"""")+(LEFT(CD119,1)<>"" "")))",Backend UI Toggle
Zoning,BZ120,"=1/(((CA120=""Show""))+(CA120<>""Hide"")*((CE120<>"""")+(LEFT(CD120,1)<>"" "")))",Backend UI Toggle
Zoning,BZ121,"=1/(((CA121=""Show""))+(CA121<>""Hide"")*((CE121<>"""")+(LEFT(CD121,1)<>"" "")))",Backend UI Toggle
Zoning,BZ122,"=1/(((CA122=""Show""))+(CA122<>""Hide"")*((CE122<>"""")+(LEFT(CD122,1)<>"" "")))",Backend UI Toggle
Zoning,BZ123,"=1/(((CA123=""Show""))+(CA123<>""Hide"")*((CE123<>"""")+(LEFT(CD123,1)<>"" "")))",Backend UI Toggle
Zoning,BZ124,"=1/(((CA124=""Show""))+(CA124<>""Hide"")*((CE124<>"""")+(LEFT(CD124,1)<>"" "")))",Backend UI Toggle
Zoning,BZ125,"=1/(((CA125=""Show""))+(CA125<>""Hide"")*((CE125<>"""")+(LEFT(CD125,1)<>"" "")))",Backend UI Toggle
Zoning,BZ126,"=1/(((CA126=""Show""))+(CA126<>""Hide"")*((CE126<>"""")+(LEFT(CD126,1)<>"" "")))",Backend UI Toggle
Zoning,BZ127,"=1/(((CA127=""Show""))+(CA127<>""Hide"")*((CE127<>"""")+(LEFT(CD127,1)<>"" "")))",Backend UI Toggle
Zoning,BZ128,"=1/(((CA128=""Show""))+(CA128<>""Hide"")*((CE128<>"""")+(LEFT(CD128,1)<>"" "")))",Backend UI Toggle
Zoning,BZ129,"=1/(((CA129=""Show""))+(CA129<>""Hide"")*((CE129<>"""")+(LEFT(CD129,1)<>"" "")))",Backend UI Toggle
Zoning,BZ130,"=1/(((CA130=""Show""))+(CA130<>""Hide"")*((CE130<>"""")+(LEFT(CD130,1)<>"" "")))",Backend UI Toggle
Zoning,BZ131,"=1/(((CA131=""Show""))+(CA131<>""Hide"")*((CE131<>"""")+(LEFT(CD131,1)<>"" "")))",Backend UI Toggle
Zoning,BZ132,"=1/(((CA132=""Show""))+(CA132<>""Hide"")*((CE132<>"""")+(LEFT(CD132,1)<>"" "")))",Backend UI Toggle
Zoning,BZ133,"=1/(((CA133=""Show""))+(CA133<>""Hide"")*((CE133<>"""")+(LEFT(CD133,1)<>"" "")))",Backend UI Toggle
Zoning,BZ134,"=1/(((CA134=""Show""))+(CA134<>""Hide"")*((CE134<>"""")+(LEFT(CD134,1)<>"" "")))",Backend UI Toggle
Zoning,BZ135,"=1/(((CA135=""Show""))+(CA135<>""Hide"")*((CE135<>"""")+(LEFT(CD135,1)<>"" "")))",Backend UI Toggle
Zoning,BZ136,"=1/(((CA136=""Show""))+(CA136<>""Hide"")*((CE136<>"""")+(LEFT(CD136,1)<>"" "")))",Backend UI Toggle
Zoning,BZ137,"=1/(((CA137=""Show""))+(CA137<>""Hide"")*((CE137<>"""")+(LEFT(CD137,1)<>"" "")))",Backend UI Toggle
Zoning,CO147,"=1/((CO148=""Show"")+(CO148<>""Hide""))",Backend UI Toggle
Zoning,CP147,"=1/((CP148=""Show"")+(CP148<>""Hide""))",Backend UI Toggle
Zoning,CQ147,"=1/((CQ148=""Show"")+(CQ148<>""Hide""))",Backend UI Toggle
Zoning,CK151,"=1/(((CL151=""Show""))+(CL151<>""Hide""))",Backend UI Toggle
Zoning,CK152,"=1/(((CL152=""Show""))+(CL152<>""Hide""))",Backend UI Toggle
Zoning,CK153,"=1/(((CL153=""Show""))+(CL153<>""Hide""))",Backend UI Toggle
Zoning,CK154,"=1/(((CL154=""Show""))+(CL154<>""Hide""))",Backend UI Toggle
Zoning,CK155,"=1/(((CL155=""Show""))+(CL155<>""Hide""))",Backend UI Toggle
Zoning,CK156,"=1/(((CL156=""Show""))+(CL156<>""Hide""))",Backend UI Toggle
Zoning,CK157,"=1/(((CL157=""Show""))+(CL157<>""Hide""))",Backend UI Toggle
Zoning,CK158,"=1/(((CL158=""Show""))+(CL158<>""Hide""))",Backend UI Toggle
Zoning,CK159,"=1/(((CL159=""Show""))+(CL159<>""Hide""))",Backend UI Toggle
Zoning,CK160,"=1/(((CL160=""Show""))+(CL160<>""Hide""))",Backend UI Toggle
Zoning,CK161,"=1/(((CL161=""Show""))+(CL161<>""Hide""))",Backend UI Toggle
Zoning,CK162,"=1/(((CL162=""Show""))+(CL162<>""Hide""))",Backend UI Toggle
Zoning,CK163,"=1/(((CL163=""Show""))+(CL163<>""Hide""))",Backend UI Toggle
Zoning,CK164,"=1/(((CL164=""Show""))+(CL164<>""Hide""))",Backend UI Toggle
Zoning,CK165,"=1/(((CL165=""Show""))+(CL165<>""Hide""))",Backend UI Toggle
Zoning,CK166,"=1/(((CL166=""Show""))+(CL166<>""Hide""))",Backend UI Toggle
Zoning,CK167,"=1/(((CL167=""Show""))+(CL167<>""Hide""))",Backend UI Toggle
Zoning,CK168,"=1/(((CL168=""Show""))+(CL168<>""Hide"")*(SUMPRODUCT(--ISNUMBER(#REF!))>1))",Backend UI Toggle
Improvements,AA5,=1/(Improvements_NoOfBuildingsSummary>2),Backend UI Toggle
Improvements,AC5,"=1/((AC57=""Show"")+(AC57<>""Hide"")*(N1PropertyType<>""Mobile/Manufactured Home Park"")*(COLUMN()-COLUMN($AB5)<N1BuildingsTotalNo.ofBuildings))",Backend UI Toggle
Improvements,AD5,"=1/((AD57=""Show"")+(AD57<>""Hide"")*(N1PropertyType<>""Mobile/Manufactured Home Park"")*(COLUMN()-COLUMN($AB5)<N1BuildingsTotalNo.ofBuildings))",Backend UI Toggle
Improvements,AE5,"=1/((AE57=""Show"")+(AE57<>""Hide"")*(N1PropertyType<>""Mobile/Manufactured Home Park"")*(COLUMN()-COLUMN($AB5)<N1BuildingsTotalNo.ofBuildings))",Backend UI Toggle
Improvements,AF5,"=1/((AF57=""Show"")+(AF57<>""Hide"")*(N1PropertyType<>""Mobile/Manufactured Home Park"")*(COLUMN()-COLUMN($AB5)<N1BuildingsTotalNo.ofBuildings))",Backend UI Toggle
Improvements,AG5,"=1/((AG57=""Show"")+(AG57<>""Hide"")*(N1PropertyType<>""Mobile/Manufactured Home Park"")*(COLUMN()-COLUMN($AB5)<N1BuildingsTotalNo.ofBuildings))",Backend UI Toggle
Improvements,AH5,"=1/((AH57=""Show"")+(AH57<>""Hide"")*(N1PropertyType<>""Mobile/Manufactured Home Park"")*(COLUMN()-COLUMN($AB5)<N1BuildingsTotalNo.ofBuildings))",Backend UI Toggle
Improvements,AI5,"=1/((AI57=""Show"")+(AI57<>""Hide"")*(N1PropertyType<>""Mobile/Manufactured Home Park"")*(COLUMN()-COLUMN($AB5)<N1BuildingsTotalNo.ofBuildings))",Backend UI Toggle
Improvements,AJ5,"=1/((AJ57=""Show"")+(AJ57<>""Hide"")*(N1PropertyType<>""Mobile/Manufactured Home Park"")*(COLUMN()-COLUMN($AB5)<N1BuildingsTotalNo.ofBuildings))",Backend UI Toggle
Improvements,AK5,"=1/((AK57=""Show"")+(AK57<>""Hide"")*(N1PropertyType<>""Mobile/Manufactured Home Park"")*(COLUMN()-COLUMN($AB5)<N1BuildingsTotalNo.ofBuildings))",Backend UI Toggle
Improvements,S20,"=1/((R20=""Show"")+(R20<>""Hide""))",Backend UI Toggle
Improvements,S21,"=1/((R21=""Show"")+(R21<>""Hide""))",Backend UI Toggle
Improvements,S22,"=1/((R22=""Show"")+(R22<>""Hide""))",Backend UI Toggle
Improvements,S23,"=1/((R23=""Show"")+(R23<>""Hide""))",Backend UI Toggle
Improvements,S24,"=1/((R24=""Show"")+(R24<>""Hide""))",Backend UI Toggle
Improvements,S25,"=1/((R25=""Show"")+(R25<>""Hide""))",Backend UI Toggle
Improvements,S26,"=1/((R26=""Show"")+(R26<>""Hide""))",Backend UI Toggle
Improvements,S27,"=1/((R27=""Show"")+(R27<>""Hide""))",Backend UI Toggle
Improvements,S28,"=1/((R28=""Show"")+(R28<>""Hide""))",Backend UI Toggle
Improvements,S29,"=1/((R29=""Show"")+(R29<>""Hide""))",Backend UI Toggle
Improvements,S30,"=1/((R30=""Show"")+(R30<>""Hide""))",Backend UI Toggle
Improvements,S31,"=1/((R31=""Show"")+(R31<>""Hide""))",Backend UI Toggle
Improvements,S32,"=1/((R32=""Show"")+(R32<>""Hide""))",Backend UI Toggle
Improvements,S33,"=1/((R33=""Show"")+(R33<>""Hide""))",Backend UI Toggle
Improvements,S34,"=1/((R34=""Show"")+(R34<>""Hide""))",Backend UI Toggle
Improvements,S35,"=1/((R35=""Show"")+(R35<>""Hide""))",Backend UI Toggle
Improvements,S36,"=1/((R36=""Show"")+(R36<>""Hide""))",Backend UI Toggle
Improvements,S37,"=1/((R37=""Show"")+(R37<>""Hide""))",Backend UI Toggle
Improvements,S38,"=1/((R38=""Show"")+(R38<>""Hide""))",Backend UI Toggle
Improvements,S39,"=1/((R39=""Show"")+(R39<>""Hide""))",Backend UI Toggle
Improvements,S40,"=1/((R40=""Show"")+(R40<>""Hide""))",Backend UI Toggle
Improvements,S41,"=1/((R41=""Show"")+(R41<>""Hide""))",Backend UI Toggle
Improvements,S42,"=1/((R42=""Show"")+(R42<>""Hide""))",Backend UI Toggle
Improvements,S43,"=1/((R43=""Show"")+(R43<>""Hide""))",Backend UI Toggle
Improvements,S44,"=1/((R44=""Show"")+(R44<>""Hide""))",Backend UI Toggle
Improvements,S45,"=1/((R45=""Show"")+(R45<>""Hide""))",Backend UI Toggle
Improvements,S46,"=1/((R46=""Show"")+(R46<>""Hide""))",Backend UI Toggle
Improvements,S47,"=1/((R47=""Show"")+(R47<>""Hide""))",Backend UI Toggle
Improvements,S48,"=1/((R48=""Show"")+(R48<>""Hide""))",Backend UI Toggle
Improvements,S49,"=1/((R49=""Show"")+(R49<>""Hide""))",Backend UI Toggle
Improvements,S50,"=1/((R50=""Show"")+(R50<>""Hide""))",Backend UI Toggle
Improvements,S59,"=1/((R59=""Show"")+(R59<>""Hide""))",Backend UI Toggle
Improvements,S60,"=1/((R60=""Show"")+(R60<>""Hide""))",Backend UI Toggle
Improvements,S61,"=1/((R61=""Show"")+(R61<>""Hide""))",Backend UI Toggle
Improvements,S62,"=1/((R62=""Show"")+(R62<>""Hide""))",Backend UI Toggle
Improvements,S63,"=1/((R63=""Show"")+(R63<>""Hide""))",Backend UI Toggle
Improvements,S64,"=1/((R64=""Show"")+(R64<>""Hide""))",Backend UI Toggle
Improvements,S65,"=1/((R65=""Show"")+(R65<>""Hide""))",Backend UI Toggle
Improvements,S66,"=1/((R66=""Show"")+(R66<>""Hide""))",Backend UI Toggle
Improvements,S68,"=1/((R68=""Show"")+(R68<>""Hide""))",Backend UI Toggle
Improvements,S69,"=1/((R69=""Show"")+(R69<>""Hide""))",Backend UI Toggle
Improvements,S70,"=1/((R70=""Show"")+(R70<>""Hide""))",Backend UI Toggle
Improvements,S71,"=1/((R71=""Show"")+(R71<>""Hide""))",Backend UI Toggle
Improvements,S72,"=1/((R72=""Show"")+(R72<>""Hide""))",Backend UI Toggle
Improvements,S73,"=1/((R73=""Show"")+(R73<>""Hide""))",Backend UI Toggle
Improvements,S74,"=1/((R74=""Show"")+(R74<>""Hide""))",Backend UI Toggle
Improvements,S75,"=1/((R75=""Show"")+(R75<>""Hide""))",Backend UI Toggle
Improvements,S76,"=1/((R76=""Show"")+(R76<>""Hide""))",Backend UI Toggle
Improvements,S77,"=1/((R77=""Show"")+(R77<>""Hide""))",Backend UI Toggle
Improvements,S78,"=1/((R78=""Show"")+(R78<>""Hide""))",Backend UI Toggle
Improvements,S79,"=1/((R79=""Show"")+(R79<>""Hide""))",Backend UI Toggle
Improvements,S80,"=1/((R80=""Show"")+(R80<>""Hide""))",Backend UI Toggle
Improvements,S81,"=1/((R81=""Show"")+(R81<>""Hide""))",Backend UI Toggle
Improvements,S82,"=1/((R82=""Show"")+(R82<>""Hide""))",Backend UI Toggle
Improvements,S83,"=1/((R83=""Show"")+(R83<>""Hide""))",Backend UI Toggle
Improvements,S84,"=1/((R84=""Show"")+(R84<>""Hide""))",Backend UI Toggle
Improvements,S85,"=1/((R85=""Show"")+(R85<>""Hide""))",Backend UI Toggle
Improvements,S86,"=1/((R86=""Show"")+(R86<>""Hide""))",Backend UI Toggle
Improvements,S87,"=1/((R87=""Show"")+(R87<>""Hide""))",Backend UI Toggle
Improvements,S88,"=1/((R88=""Show"")+(R88<>""Hide""))",Backend UI Toggle
Improvements,S89,"=1/((R89=""Show"")+(R89<>""Hide""))",Backend UI Toggle
Improvements,S90,"=1/((R90=""Show"")+(R90<>""Hide""))",Backend UI Toggle
Improvements,S91,"=1/((R91=""Show"")+(R91<>""Hide""))",Backend UI Toggle
Improvements,S92,"=1/((R92=""Show"")+(R92<>""Hide""))",Backend UI Toggle
Improvements,S93,"=1/((R93=""Show"")+(R93<>""Hide""))",Backend UI Toggle
Improvements,S94,"=1/((R94=""Show"")+(R94<>""Hide""))",Backend UI Toggle
Improvements,S95,"=1/((R95=""Show"")+(R95<>""Hide""))",Backend UI Toggle
Improvements,S96,"=1/((R96=""Show"")+(R96<>""Hide""))",Backend UI Toggle
Improvements,S97,"=1/((R97=""Show"")+(R97<>""Hide""))",Backend UI Toggle
Improvements,S98,"=1/((R98=""Show"")+(R98<>""Hide""))",Backend UI Toggle
Improvements,S99,"=1/((R99=""Show"")+(R99<>""Hide""))",Backend UI Toggle
Improvements,S100,"=1/((R100=""Show"")+(R100<>""Hide""))",Backend UI Toggle
Improvements,S101,"=1/((R101=""Show"")+(R101<>""Hide""))",Backend UI Toggle
Improvements,S102,"=1/((R102=""Show"")+(R102<>""Hide""))",Backend UI Toggle
Improvements,S103,"=1/((R103=""Show"")+(R103<>""Hide""))",Backend UI Toggle
Improvements,S104,"=1/((R104=""Show"")+(R104<>""Hide""))",Backend UI Toggle
Improvements,S105,"=1/((R105=""Show"")+(R105<>""Hide""))",Backend UI Toggle
Improvements,S106,"=1/((R106=""Show"")+(R106<>""Hide""))",Backend UI Toggle
Improvements,S107,"=1/((R107=""Show"")+(R107<>""Hide""))",Backend UI Toggle
Improvements,S108,"=1/((R108=""Show"")+(R108<>""Hide""))",Backend UI Toggle
Improvements,S109,"=1/((R109=""Show"")+(R109<>""Hide""))",Backend UI Toggle
Improvements,S110,"=1/((R110=""Show"")+(R110<>""Hide""))",Backend UI Toggle
Improvements,S111,"=1/((R111=""Show"")+(R111<>""Hide""))",Backend UI Toggle
Improvements,S112,"=1/((R112=""Show"")+(R112<>""Hide""))",Backend UI Toggle
Improvements,S113,"=1/((R113=""Show"")+(R113<>""Hide""))",Backend UI Toggle
Improvements,S114,"=1/((R114=""Show"")+(R114<>""Hide""))",Backend UI Toggle
Improvements,S115,"=1/((R115=""Show"")+(R115<>""Hide""))",Backend UI Toggle
Improvements,S116,"=1/((R116=""Show"")+(R116<>""Hide""))",Backend UI Toggle
Improvements,S117,"=1/((R117=""Show"")+(R117<>""Hide""))",Backend UI Toggle
Improvements,S118,"=1/((R118=""Show"")+(R118<>""Hide""))",Backend UI Toggle
Improvements,S119,"=1/((R119=""Show"")+(R119<>""Hide""))",Backend UI Toggle
Improvements,S120,"=1/((R120=""Show"")+(R120<>""Hide""))",Backend UI Toggle
Improvements,S121,"=1/((R121=""Show"")+(R121<>""Hide""))",Backend UI Toggle
Improvements,S122,"=1/((R122=""Show"")+(R122<>""Hide""))",Backend UI Toggle
Improvements,S123,"=1/((R123=""Show"")+(R123<>""Hide""))",Backend UI Toggle
Improvements,S124,"=1/((R124=""Show"")+(R124<>""Hide""))",Backend UI Toggle
Improvements,S125,"=1/((R125=""Show"")+(R125<>""Hide""))",Backend UI Toggle
Improvements,S126,"=1/((R126=""Show"")+(R126<>""Hide""))",Backend UI Toggle
Improvements,S127,"=1/((R127=""Show"")+(R127<>""Hide""))",Backend UI Toggle
Improvements,S128,"=1/((R128=""Show"")+(R128<>""Hide""))",Backend UI Toggle
Improvements,S129,"=1/((R129=""Show"")+(R129<>""Hide""))",Backend UI Toggle
Improvements,S130,"=1/((R130=""Show"")+(R130<>""Hide""))",Backend UI Toggle
Improvements,S131,"=1/((R131=""Show"")+(R131<>""Hide""))",Backend UI Toggle
Improvements,S132,"=1/((R132=""Show"")+(R132<>""Hide""))",Backend UI Toggle
Improvements,S133,"=1/((R133=""Show"")+(R133<>""Hide""))",Backend UI Toggle
Improvements,S134,"=1/((R134=""Show"")+(R134<>""Hide""))",Backend UI Toggle
Improvements,AB138,"=IF(AND(Improvements_NoOfBuildingsSummary>1,Z_Improvements_Foundation_ShowHide<>""Show""),AB$58,"""")",Backend UI Toggle
Improvements,AC138,"=IF(AND(Improvements_NoOfBuildingsSummary>1,Z_Improvements_Foundation_ShowHide<>""Show""),AC$58,"""")",Backend UI Toggle
Improvements,AD138,"=IF(AND(Improvements_NoOfBuildingsSummary>1,Z_Improvements_Foundation_ShowHide<>""Show""),AD$58,"""")",Backend UI Toggle
Improvements,AE138,"=IF(AND(Improvements_NoOfBuildingsSummary>1,Z_Improvements_Foundation_ShowHide<>""Show""),AE$58,"""")",Backend UI Toggle
Improvements,AF138,"=IF(AND(Improvements_NoOfBuildingsSummary>1,Z_Improvements_Foundation_ShowHide<>""Show""),AF$58,"""")",Backend UI Toggle
Improvements,AG138,"=IF(AND(Improvements_NoOfBuildingsSummary>1,Z_Improvements_Foundation_ShowHide<>""Show""),AG$58,"""")",Backend UI Toggle
Improvements,AH138,"=IF(AND(Improvements_NoOfBuildingsSummary>1,Z_Improvements_Foundation_ShowHide<>""Show""),AH$58,"""")",Backend UI Toggle
Improvements,AI138,"=IF(AND(Improvements_NoOfBuildingsSummary>1,Z_Improvements_Foundation_ShowHide<>""Show""),AI$58,"""")",Backend UI Toggle
Improvements,AJ138,"=IF(AND(Improvements_NoOfBuildingsSummary>1,Z_Improvements_Foundation_ShowHide<>""Show""),AJ$58,"""")",Backend UI Toggle
Improvements,AK138,"=IF(AND(Improvements_NoOfBuildingsSummary>1,Z_Improvements_Foundation_ShowHide<>""Show""),AK$58,"""")",Backend UI Toggle
Improvements,S141,"=1/((R141=""Show"")+(R141<>""Hide""))",Backend UI Toggle
Improvements,S142,"=1/((R142=""Show"")+(R142<>""Hide""))",Backend UI Toggle
Improvements,S143,"=1/((R143=""Show"")+(R143<>""Hide""))",Backend UI Toggle
Improvements,S144,"=1/((R144=""Show"")+(R144<>""Hide""))",Backend UI Toggle
Improvements,S145,"=1/((R145=""Show"")+(R145<>""Hide""))",Backend UI Toggle
Improvements,S146,"=1/((R146=""Show"")+(R146<>""Hide""))",Backend UI Toggle
Improvements,S147,"=1/((R147=""Show"")+(R147<>""Hide""))",Backend UI Toggle
Improvements,S148,"=1/((R148=""Show"")+(R148<>""Hide""))",Backend UI Toggle
Improvements,S149,"=1/((R149=""Show"")+(R149<>""Hide""))",Backend UI Toggle
Improvements,S150,"=1/((R150=""Show"")+(R150<>""Hide""))",Backend UI Toggle
Improvements,S151,"=1/((R151=""Show"")+(R151<>""Hide""))",Backend UI Toggle
Improvements,S152,"=1/((R152=""Show"")+(R152<>""Hide""))",Backend UI Toggle
Improvements,S153,"=1/((R153=""Show"")+(R153<>""Hide""))",Backend UI Toggle
Improvements,S154,"=1/((R154=""Show"")+(R154<>""Hide""))",Backend UI Toggle
Improvements,S155,"=1/((R155=""Show"")+(R155<>""Hide""))",Backend UI Toggle
Improvements,S156,"=1/((R156=""Show"")+(R156<>""Hide""))",Backend UI Toggle
Improvements,S157,"=1/((R157=""Show"")+(R157<>""Hide""))",Backend UI Toggle
Improvements,S158,"=1/((R158=""Show"")+(R158<>""Hide""))",Backend UI Toggle
Improvements,AB162,"=IF(AND(Improvements_NoOfBuildingsSummary>1,Z_Improvements_Foundation_ShowHide<>""Show""),AB$58,"""")",Backend UI Toggle
Improvements,AC162,"=IF(AND(Improvements_NoOfBuildingsSummary>1,Z_Improvements_Foundation_ShowHide<>""Show""),AC$58,"""")",Backend UI Toggle
Improvements,AD162,"=IF(AND(Improvements_NoOfBuildingsSummary>1,Z_Improvements_Foundation_ShowHide<>""Show""),AD$58,"""")",Backend UI Toggle
Improvements,AE162,"=IF(AND(Improvements_NoOfBuildingsSummary>1,Z_Improvements_Foundation_ShowHide<>""Show""),AE$58,"""")",Backend UI Toggle
Improvements,AF162,"=IF(AND(Improvements_NoOfBuildingsSummary>1,Z_Improvements_Foundation_ShowHide<>""Show""),AF$58,"""")",Backend UI Toggle
Improvements,AG162,"=IF(AND(Improvements_NoOfBuildingsSummary>1,Z_Improvements_Foundation_ShowHide<>""Show""),AG$58,"""")",Backend UI Toggle
Improvements,AH162,"=IF(AND(Improvements_NoOfBuildingsSummary>1,Z_Improvements_Foundation_ShowHide<>""Show""),AH$58,"""")",Backend UI Toggle
Improvements,AI162,"=IF(AND(Improvements_NoOfBuildingsSummary>1,Z_Improvements_Foundation_ShowHide<>""Show""),AI$58,"""")",Backend UI Toggle
Improvements,AJ162,"=IF(AND(Improvements_NoOfBuildingsSummary>1,Z_Improvements_Foundation_ShowHide<>""Show""),AJ$58,"""")",Backend UI Toggle
Improvements,AK162,"=IF(AND(Improvements_NoOfBuildingsSummary>1,Z_Improvements_Foundation_ShowHide<>""Show""),AK$58,"""")",Backend UI Toggle
Improvements,S165,"=1/((R165=""Show"")+(R165<>""Hide""))",Backend UI Toggle
Improvements,S166,"=1/((R166=""Show"")+(R166<>""Hide""))",Backend UI Toggle
Improvements,S167,"=1/((R167=""Show"")+(R167<>""Hide""))",Backend UI Toggle
Improvements,S168,"=1/((R168=""Show"")+(R168<>""Hide""))",Backend UI Toggle
Improvements,S169,"=1/((R169=""Show"")+(R169<>""Hide""))",Backend UI Toggle
Improvements,S170,"=1/((R170=""Show"")+(R170<>""Hide""))",Backend UI Toggle
Improvements,S171,"=1/((R171=""Show"")+(R171<>""Hide""))",Backend UI Toggle
Improvements,S172,"=1/((R172=""Show"")+(R172<>""Hide""))",Backend UI Toggle
Improvements,AB176,"=IF(AND(Improvements_NoOfBuildingsSummary>1,Z_Improvements_Foundation_ShowHide<>""Show""),AB$58,"""")",Backend UI Toggle
Improvements,AC176,"=IF(AND(Improvements_NoOfBuildingsSummary>1,Z_Improvements_Foundation_ShowHide<>""Show""),AC$58,"""")",Backend UI Toggle
Improvements,AD176,"=IF(AND(Improvements_NoOfBuildingsSummary>1,Z_Improvements_Foundation_ShowHide<>""Show""),AD$58,"""")",Backend UI Toggle
Improvements,AE176,"=IF(AND(Improvements_NoOfBuildingsSummary>1,Z_Improvements_Foundation_ShowHide<>""Show""),AE$58,"""")",Backend UI Toggle
Improvements,AF176,"=IF(AND(Improvements_NoOfBuildingsSummary>1,Z_Improvements_Foundation_ShowHide<>""Show""),AF$58,"""")",Backend UI Toggle
Improvements,AG176,"=IF(AND(Improvements_NoOfBuildingsSummary>1,Z_Improvements_Foundation_ShowHide<>""Show""),AG$58,"""")",Backend UI Toggle
Improvements,AH176,"=IF(AND(Improvements_NoOfBuildingsSummary>1,Z_Improvements_Foundation_ShowHide<>""Show""),AH$58,"""")",Backend UI Toggle
Improvements,AI176,"=IF(AND(Improvements_NoOfBuildingsSummary>1,Z_Improvements_Foundation_ShowHide<>""Show""),AI$58,"""")",Backend UI Toggle
Improvements,AJ176,"=IF(AND(Improvements_NoOfBuildingsSummary>1,Z_Improvements_Foundation_ShowHide<>""Show""),AJ$58,"""")",Backend UI Toggle
Improvements,AK176,"=IF(AND(Improvements_NoOfBuildingsSummary>1,Z_Improvements_Foundation_ShowHide<>""Show""),AK$58,"""")",Backend UI Toggle
Improvements,S179,"=1/((R179=""Show"")+(R179<>""Hide""))",Backend UI Toggle
Improvements,S180,"=1/((R180=""Show"")+(R180<>""Hide""))",Backend UI Toggle
Improvements,S181,"=1/((R181=""Show"")+(R181<>""Hide""))",Backend UI Toggle
Improvements,S182,"=1/((R182=""Show"")+(R182<>""Hide""))",Backend UI Toggle
Improvements,S183,"=1/((R183=""Show"")+(R183<>""Hide""))",Backend UI Toggle
Improvements,S184,"=1/((R184=""Show"")+(R184<>""Hide""))",Backend UI Toggle
Improvements,S185,"=1/((R185=""Show"")+(R185<>""Hide""))",Backend UI Toggle
Improvements,S186,"=1/((R186=""Show"")+(R186<>""Hide""))",Backend UI Toggle
Improvements,S187,"=1/((R187=""Show"")+(R187<>""Hide""))",Backend UI Toggle
Improvements,S188,"=1/((R188=""Show"")+(R188<>""Hide""))",Backend UI Toggle
Improvements,S189,"=1/((R189=""Show"")+(R189<>""Hide""))",Backend UI Toggle
Improvements,AB193,"=IF(AND(Improvements_NoOfBuildingsSummary>1,Z_Improvements_Foundation_ShowHide<>""Show""),AB$58,"""")",Backend UI Toggle
Improvements,AC193,"=IF(AND(Improvements_NoOfBuildingsSummary>1,Z_Improvements_Foundation_ShowHide<>""Show""),AC$58,"""")",Backend UI Toggle
Improvements,AD193,"=IF(AND(Improvements_NoOfBuildingsSummary>1,Z_Improvements_Foundation_ShowHide<>""Show""),AD$58,"""")",Backend UI Toggle
Improvements,AE193,"=IF(AND(Improvements_NoOfBuildingsSummary>1,Z_Improvements_Foundation_ShowHide<>""Show""),AE$58,"""")",Backend UI Toggle
Improvements,AF193,"=IF(AND(Improvements_NoOfBuildingsSummary>1,Z_Improvements_Foundation_ShowHide<>""Show""),AF$58,"""")",Backend UI Toggle
Improvements,AG193,"=IF(AND(Improvements_NoOfBuildingsSummary>1,Z_Improvements_Foundation_ShowHide<>""Show""),AG$58,"""")",Backend UI Toggle
Improvements,AH193,"=IF(AND(Improvements_NoOfBuildingsSummary>1,Z_Improvements_Foundation_ShowHide<>""Show""),AH$58,"""")",Backend UI Toggle
Improvements,AI193,"=IF(AND(Improvements_NoOfBuildingsSummary>1,Z_Improvements_Foundation_ShowHide<>""Show""),AI$58,"""")",Backend UI Toggle
Improvements,AJ193,"=IF(AND(Improvements_NoOfBuildingsSummary>1,Z_Improvements_Foundation_ShowHide<>""Show""),AJ$58,"""")",Backend UI Toggle
Improvements,AK193,"=IF(AND(Improvements_NoOfBuildingsSummary>1,Z_Improvements_Foundation_ShowHide<>""Show""),AK$58,"""")",Backend UI Toggle
Improvements,S196,"=1/((R196=""Show"")+(R196<>""Hide""))",Backend UI Toggle
Improvements,S197,"=1/((R197=""Show"")+(R197<>""Hide""))",Backend UI Toggle
Improvements,S198,"=1/((R198=""Show"")+(R198<>""Hide""))",Backend UI Toggle
Improvements,S199,"=1/((R199=""Show"")+(R199<>""Hide""))",Backend UI Toggle
Improvements,S200,"=1/((R200=""Show"")+(R200<>""Hide""))",Backend UI Toggle
Improvements,S201,"=1/((R201=""Show"")+(R201<>""Hide""))",Backend UI Toggle
Improvements,S202,"=1/((R202=""Show"")+(R202<>""Hide""))",Backend UI Toggle
Improvements,S203,"=1/((R203=""Show"")+(R203<>""Hide""))",Backend UI Toggle
Improvements,S204,"=1/((R204=""Show"")+(R204<>""Hide""))",Backend UI Toggle
Improvements,S205,"=1/((R205=""Show"")+(R205<>""Hide""))",Backend UI Toggle
Improvements,S206,"=1/((R206=""Show"")+(R206<>""Hide""))",Backend UI Toggle
Improvements,S207,"=1/((R207=""Show"")+(R207<>""Hide""))",Backend UI Toggle
Improvements,BK217,"=1/((BK219=""Show"")+(BK219<>""Hide"")*(IFERROR(AC5,0)))",Backend UI Toggle
Improvements,BL217,"=1/((BL219=""Show"")+(BL219<>""Hide"")*(IFERROR(AD5,0)))",Backend UI Toggle
Improvements,BM217,"=1/((BM219=""Show"")+(BM219<>""Hide"")*(IFERROR(AE5,0)))",Backend UI Toggle
Improvements,BN217,"=1/((BN219=""Show"")+(BN219<>""Hide"")*(IFERROR(AF5,0)))",Backend UI Toggle
Improvements,BO217,"=1/((BO219=""Show"")+(BO219<>""Hide"")*(IFERROR(AG5,0)))",Backend UI Toggle
Improvements,BP217,"=1/((BP219=""Show"")+(BP219<>""Hide"")*(IFERROR(AH5,0)))",Backend UI Toggle
Improvements,BQ217,"=1/((BQ219=""Show"")+(BQ219<>""Hide"")*(IFERROR(AI5,0)))",Backend UI Toggle
Improvements,BR217,"=1/((BR219=""Show"")+(BR219<>""Hide"")*(IFERROR(AJ5,0)))",Backend UI Toggle
Improvements,BS217,"=1/((BS219=""Show"")+(BS219<>""Hide"")*(IFERROR(AK5,0)))",Backend UI Toggle
Improvements,BT217,"=1/((BT219=""Show"")+(BT219<>""Hide"")*(N1BuildingsTotalNo.ofBuildings>1))",Backend UI Toggle
Improvements,BE222,"=1/((BG222=""Show"")+(BG222<>""Hide"")*(BJ222<>"""")*(BJ222<>0))",Backend UI Toggle
Improvements,BE223,"=1/((BG223=""Show"")+(BG223<>""Hide"")*(BJ223<>"""")*(BJ223<>0))",Backend UI Toggle
Improvements,BE224,"=1/((BG224=""Show"")+(BG224<>""Hide"")*(BJ224<>"""")*(BJ224<>0))",Backend UI Toggle
Improvements,BE225,"=1/((BG225=""Show"")+(BG225<>""Hide"")*(BJ225<>"""")*(BJ225<>0))",Backend UI Toggle
Improvements,BE226,"=1/((BG226=""Show"")+(BG226<>""Hide"")*(BJ226<>"""")*(BJ226<>0))",Backend UI Toggle
Improvements,BE227,"=1/((BG227=""Show"")+(BG227<>""Hide"")*(BJ227<>"""")*(BJ227<>0))",Backend UI Toggle
Improvements,BE228,"=1/((BG228=""Show"")+(BG228<>""Hide"")*(BJ228<>"""")*(BJ228<>0))",Backend UI Toggle
Improvements,BE229,"=1/((BG229=""Show"")+(BG229<>""Hide"")*(BJ229<>"""")*(BJ229<>0))",Backend UI Toggle
Improvements,BE230,"=1/((BG230=""Show"")+(BG230<>""Hide"")*(BJ230<>"""")*(BJ230<>0))",Backend UI Toggle
Improvements,BE231,"=1/((BG231=""Show"")+(BG231<>""Hide"")*(BJ231<>"""")*(BJ231<>0))",Backend UI Toggle
Improvements,BE232,"=1/((BG232=""Show"")+(BG232<>""Hide"")*(BJ232<>"""")*(BJ232<>0))",Backend UI Toggle
Improvements,BE233,"=1/((BG233=""Show"")+(BG233<>""Hide"")*(BJ233<>"""")*(BJ233<>0))",Backend UI Toggle
Improvements,BE234,"=1/((BG234=""Show"")+(BG234<>""Hide"")*(BJ234<>"""")*(BJ234<>0))",Backend UI Toggle
Improvements,BE235,"=1/((BG235=""Show"")+(BG235<>""Hide"")*(BJ235<>"""")*(BJ235<>0))",Backend UI Toggle
Improvements,BE236,"=1/((BG236=""Show"")+(BG236<>""Hide"")*(BJ236<>"""")*(BJ236<>0))",Backend UI Toggle
Improvements,BE237,"=1/((BG237=""Show"")+(BG237<>""Hide"")*(BJ237<>"""")*(BJ237<>0))",Backend UI Toggle
Improvements,BE238,"=1/((BG238=""Show"")+(BG238<>""Hide"")*(BJ238<>"""")*(BJ238<>0))",Backend UI Toggle
Improvements,BE239,"=1/((BG239=""Show"")+(BG239<>""Hide"")*(BJ239<>"""")*(BJ239<>0))",Backend UI Toggle
Improvements,BE240,"=1/((BG240=""Show"")+(BG240<>""Hide"")*(BJ240<>"""")*(BJ240<>0))",Backend UI Toggle
Improvements,BE241,"=1/((BG241=""Show"")+(BG241<>""Hide"")*(BJ241<>"""")*(BJ241<>0))",Backend UI Toggle
Improvements,BE242,"=1/((BG242=""Show"")+(BG242<>""Hide"")*(BJ242<>"""")*(BJ242<>0))",Backend UI Toggle
Improvements,BE243,"=1/((BG243=""Show"")+(BG243<>""Hide"")*(BJ243<>"""")*(BJ243<>0))",Backend UI Toggle
Improvements,BE244,"=1/((BG244=""Show"")+(BG244<>""Hide"")*(BJ244<>"""")*(BJ244<>0))",Backend UI Toggle
Improvements,BE245,"=1/((BG245=""Show"")+(BG245<>""Hide"")*(BJ245<>"""")*(BJ245<>0))",Backend UI Toggle
Improvements,BE246,"=1/((BG246=""Show"")+(BG246<>""Hide"")*(BJ246<>"""")*(BJ246<>0))",Backend UI Toggle
Improvements,BE247,"=1/((BG247=""Show"")+(BG247<>""Hide"")*(BJ247<>"""")*(BJ247<>0))",Backend UI Toggle
Improvements,BE248,"=1/((BG248=""Show"")+(BG248<>""Hide"")*(BJ248<>"""")*(BJ248<>0))",Backend UI Toggle
Improvements,BE249,"=1/((BG249=""Show"")+(BG249<>""Hide"")*(BJ249<>"""")*(BJ249<>0))",Backend UI Toggle
Improvements,BE250,"=1/((BG250=""Show"")+(BG250<>""Hide"")*(BJ250<>"""")*(BJ250<>0))",Backend UI Toggle
Improvements,BE251,"=1/((BG251=""Show"")+(BG251<>""Hide"")*(BJ251<>"""")*(BJ251<>0))",Backend UI Toggle
Improvements,BE252,"=1/((BG252=""Show"")+(BG252<>""Hide"")*(BJ252<>"""")*(BJ252<>0))",Backend UI Toggle
Improvements,BE253,"=1/((BG253=""Show"")+(BG253<>""Hide"")*(BJ253<>"""")*(BJ253<>0))",Backend UI Toggle
Improvements,BE254,"=1/((BG254=""Show"")+(BG254<>""Hide"")*(BJ254<>"""")*(BJ254<>0))",Backend UI Toggle
Improvements,BE255,"=1/((BG255=""Show"")+(BG255<>""Hide"")*(BJ255<>"""")*(BJ255<>0))",Backend UI Toggle
Improvements,BE256,"=1/((BG256=""Show"")+(BG256<>""Hide"")*(BJ256<>"""")*(BJ256<>0))",Backend UI Toggle
Improvements,BE257,"=1/((BG257=""Show"")+(BG257<>""Hide"")*(BJ257<>"""")*(BJ257<>0))",Backend UI Toggle
Improvements,BE258,"=1/((BG258=""Show"")+(BG258<>""Hide"")*(BJ258<>"""")*(BJ258<>0))",Backend UI Toggle
Improvements,BE259,"=1/((BG259=""Show"")+(BG259<>""Hide"")*(BJ259<>"""")*(BJ259<>0))",Backend UI Toggle
Improvements,BE260,"=1/((BG260=""Show"")+(BG260<>""Hide"")*(BJ260<>"""")*(BJ260<>0))",Backend UI Toggle
Improvements,BE261,"=1/((BG261=""Show"")+(BG261<>""Hide"")*(BJ261<>"""")*(BJ261<>0))",Backend UI Toggle
Improvements,BE262,"=1/((BG262=""Show"")+(BG262<>""Hide"")*(BJ262<>"""")*(BJ262<>0))",Backend UI Toggle
Improvements,BE263,"=1/((BG263=""Show"")+(BG263<>""Hide"")*(BJ263<>"""")*(BJ263<>0))",Backend UI Toggle
Improvements,BE264,"=1/((BG264=""Show"")+(BG264<>""Hide"")*(BJ264<>"""")*(BJ264<>0))",Backend UI Toggle
Improvements,BE265,"=1/((BG265=""Show"")+(BG265<>""Hide"")*(BJ265<>"""")*(BJ265<>0))",Backend UI Toggle
Improvements,BE266,"=1/((BG266=""Show"")+(BG266<>""Hide"")*(BJ266<>"""")*(BJ266<>0))",Backend UI Toggle
Improvements,BE267,"=1/((BG267=""Show"")+(BG267<>""Hide"")*(BJ267<>"""")*(BJ267<>0))",Backend UI Toggle
Improvements,BE268,"=1/((BG268=""Show"")+(BG268<>""Hide"")*(BJ268<>"""")*(BJ268<>0))",Backend UI Toggle
Improvements,BE269,"=1/((BG269=""Show"")+(BG269<>""Hide"")*(BJ269<>"""")*(BJ269<>0))",Backend UI Toggle
Improvements,BE270,"=1/((BG270=""Show"")+(BG270<>""Hide"")*(BJ270<>"""")*(BJ270<>0))",Backend UI Toggle
Improvements,BE271,"=1/((BG271=""Show"")+(BG271<>""Hide"")*(BJ271<>"""")*(BJ271<>0))",Backend UI Toggle
Improvements,BE272,"=1/((BG272=""Show"")+(BG272<>""Hide"")*(BJ272<>"""")*(BJ272<>0))",Backend UI Toggle
Improvements,BE273,"=1/((BG273=""Show"")+(BG273<>""Hide"")*(BJ273<>"""")*(BJ273<>0))",Backend UI Toggle
Improvements,BE274,"=1/((BG274=""Show"")+(BG274<>""Hide"")*(BJ274<>"""")*(BJ274<>0))",Backend UI Toggle
Improvements,BE275,"=1/((BG275=""Show"")+(BG275<>""Hide"")*(BJ275<>"""")*(BJ275<>0))",Backend UI Toggle
Improvements,BE276,"=1/((BG276=""Show"")+(BG276<>""Hide"")*(BJ276<>"""")*(BJ276<>0))",Backend UI Toggle
Improvements,BE277,"=1/((BG277=""Show"")+(BG277<>""Hide"")*(BJ277<>"""")*(BJ277<>0))",Backend UI Toggle
Improvements,BE278,"=1/((BG278=""Show"")+(BG278<>""Hide"")*(BJ278<>"""")*(BJ278<>0))",Backend UI Toggle
Improvements,BE279,"=1/((BG279=""Show"")+(BG279<>""Hide"")*(BJ279<>"""")*(BJ279<>0))",Backend UI Toggle
Improvements,BE280,"=1/((BG280=""Show"")+(BG280<>""Hide"")*(BJ280<>"""")*(BJ280<>0))",Backend UI Toggle
Improvements,BE281,"=1/((BG281=""Show"")+(BG281<>""Hide"")*(BJ281<>"""")*(BJ281<>0))",Backend UI Toggle
Improvements,BE282,"=1/((BG282=""Show"")+(BG282<>""Hide"")*(BJ282<>"""")*(BJ282<>0))",Backend UI Toggle
Improvements,BE283,"=1/((BG283=""Show"")+(BG283<>""Hide"")*(BJ283<>"""")*(BJ283<>0))",Backend UI Toggle
Improvements,BE284,"=1/((BG284=""Show"")+(BG284<>""Hide"")*(BJ284<>"""")*(BJ284<>0))",Backend UI Toggle
Improvements,BE285,"=1/((BG285=""Show"")+(BG285<>""Hide"")*(BJ285<>"""")*(BJ285<>0))",Backend UI Toggle
Improvements,BE286,"=1/((BG286=""Show"")+(BG286<>""Hide"")*(BJ286<>"""")*(BJ286<>0))",Backend UI Toggle
Improvements,BE287,"=1/((BG287=""Show"")+(BG287<>""Hide"")*(BJ287<>"""")*(BJ287<>0))",Backend UI Toggle
Improvements,BE288,"=1/((BG288=""Show"")+(BG288<>""Hide"")*(BJ288<>"""")*(BJ288<>0))",Backend UI Toggle
Improvements,BE289,"=1/((BG289=""Show"")+(BG289<>""Hide"")*(BJ289<>"""")*(BJ289<>0))",Backend UI Toggle
Improvements,BE290,"=1/((BG290=""Show"")+(BG290<>""Hide"")*(BJ290<>"""")*(BJ290<>0))",Backend UI Toggle
Improvements,BE291,"=1/((BG291=""Show"")+(BG291<>""Hide"")*(BJ291<>"""")*(BJ291<>0))",Backend UI Toggle
Improvements,BE292,"=1/((BG292=""Show"")+(BG292<>""Hide""))",Backend UI Toggle
Improvements,BE293,"=1/((BG293=""Show"")+(BG293<>""Hide""))",Backend UI Toggle
Improvements,BE294,"=1/((BG294=""Show"")+(BG294<>""Hide""))",Backend UI Toggle
Improvements,BE295,"=1/((BG295=""Show"")+(BG295<>""Hide"")*(BJ295<>"""")*(BJ295<>0))",Backend UI Toggle
Improvements,BE296,"=1/((BG296=""Show"")+(BG296<>""Hide"")*(BJ296<>"""")*(BJ296<>0))",Backend UI Toggle
Improvements,BE297,"=1/((BG297=""Show"")+(BG297<>""Hide"")*(BJ297<>"""")*(BJ297<>0))",Backend UI Toggle
Improvements,BE298,"=1/((BG298=""Show"")+(BG298<>""Hide"")*(BJ298<>"""")*(BJ298<>0))",Backend UI Toggle
Improvements,BE299,"=1/((BG299=""Show"")+(BG299<>""Hide"")*(BJ299<>"""")*(BJ299<>0))",Backend UI Toggle
Improvements,BE300,"=1/((BG300=""Show"")+(BG300<>""Hide"")*(BJ300<>"""")*(BJ300<>0))",Backend UI Toggle
Improvements,BE301,"=1/((BG301=""Show"")+(BG301<>""Hide"")*(BJ301<>"""")*(BJ301<>0))",Backend UI Toggle
Improvements,BE302,"=1/((BG302=""Show"")+(BG302<>""Hide"")*(BJ302<>"""")*(BJ302<>0))",Backend UI Toggle
Improvements,BE303,"=1/((BG303=""Show"")+(BG303<>""Hide"")*(BJ303<>"""")*(BJ303<>0))",Backend UI Toggle
Improvements,BE304,"=1/((BG304=""Show"")+(BG304<>""Hide"")*(BJ304<>"""")*(BJ304<>0))",Backend UI Toggle
Improvements,BE305,"=1/((BG305=""Show"")+(BG305<>""Hide"")*(BJ305<>"""")*(BJ305<>0))",Backend UI Toggle
Improvements,BE306,"=1/((BG306=""Show"")+(BG306<>""Hide"")*(BJ306<>"""")*(BJ306<>0))",Backend UI Toggle
Improvements,BE307,"=1/((BG307=""Show"")+(BG307<>""Hide"")*(BJ307<>"""")*(BJ307<>0))",Backend UI Toggle
Improvements,BE308,"=1/((BG308=""Show"")+(BG308<>""Hide"")*(BJ308<>"""")*(BJ308<>0))",Backend UI Toggle
Improvements,BE309,"=1/((BG309=""Show"")+(BG309<>""Hide"")*(BJ309<>"""")*(BJ309<>0))",Backend UI Toggle
Improvements,BE310,"=1/((BG310=""Show"")+(BG310<>""Hide"")*(BJ310<>"""")*(BJ310<>0))",Backend UI Toggle
Improvements,BE311,"=1/((BG311=""Show"")+(BG311<>""Hide"")*(BJ311<>"""")*(BJ311<>0))",Backend UI Toggle
Improvements,BE312,"=1/((BG312=""Show"")+(BG312<>""Hide"")*(BJ312<>"""")*(BJ312<>0))",Backend UI Toggle
Improvements,BE313,"=1/((BG313=""Show"")+(BG313<>""Hide"")*(BJ313<>"""")*(BJ313<>0))",Backend UI Toggle
Improvements,BE314,"=1/((BG314=""Show"")+(BG314<>""Hide"")*(BJ314<>"""")*(BJ314<>0))",Backend UI Toggle
Improvements,BE315,"=1/((BG315=""Show"")+(BG315<>""Hide"")*(BJ315<>"""")*(BJ315<>0))",Backend UI Toggle
Improvements,BE316,"=1/((BG316=""Show"")+(BG316<>""Hide"")*(BJ316<>"""")*(BJ316<>0))",Backend UI Toggle
Improvements,BE317,"=1/((BG317=""Show"")+(BG317<>""Hide""))",Backend UI Toggle
Improvements,BE318,"=1/((BG318=""Show"")+(BG318<>""Hide""))",Backend UI Toggle
Improvements,BE319,"=1/((BG319=""Show"")+(BG319<>""Hide"")*(BJ319<>"""")*(BJ319<>0))",Backend UI Toggle
Improvements,BE320,"=1/((BG320=""Show"")+(BG320<>""Hide"")*(BJ320<>"""")*(BJ320<>0))",Backend UI Toggle
Improvements,BE321,"=1/((BG321=""Show"")+(BG321<>""Hide"")*(BJ321<>"""")*(BJ321<>0))",Backend UI Toggle
Improvements,BE322,"=1/((BG322=""Show"")+(BG322<>""Hide"")*(BJ322<>"""")*(BJ322<>0))",Backend UI Toggle
Improvements,BE323,"=1/((BG323=""Show"")+(BG323<>""Hide"")*(BJ323<>"""")*(BJ323<>0))",Backend UI Toggle
Improvements,BE324,"=1/((BG324=""Show"")+(BG324<>""Hide"")*(BJ324<>"""")*(BJ324<>0))",Backend UI Toggle
Improvements,BE325,"=1/((BG325=""Show"")+(BG325<>""Hide"")*(BJ325<>"""")*(BJ325<>0))",Backend UI Toggle
Improvements,BE326,"=1/((BG326=""Show"")+(BG326<>""Hide"")*(BJ326<>""""))",Backend UI Toggle
Improvements,BE327,"=1/((BG327=""Show"")+(BG327<>""Hide"")*(BJ327<>"""")*(BJ327<>0))",Backend UI Toggle
Improvements,BE328,"=1/((BG328=""Show"")+(BG328<>""Hide"")*(BJ328<>"""")*(BJ328<>0))",Backend UI Toggle
Improvements,BE329,"=1/((BG329=""Show"")+(BG329<>""Hide"")*(BJ329<>"""")*(BJ329<>0))",Backend UI Toggle
Improvements,BE330,"=1/((BG330=""Show"")+(BG330<>""Hide"")*(BJ330<>"""")*(BJ330<>0))",Backend UI Toggle
Improvements,BE331,"=1/((BG331=""Show"")+(BG331<>""Hide"")*(BJ331<>"""")*(BJ331<>0))",Backend UI Toggle
Improvements,BE332,"=1/((BG332=""Show"")+(BG332<>""Hide"")*(BJ332<>"""")*(BJ332<>0))",Backend UI Toggle
Improvements,BE333,"=1/((BG333=""Show"")+(BG333<>""Hide"")*(BJ333<>"""")*(BJ333<>0))",Backend UI Toggle
Improvements,BE334,"=1/((BG334=""Show"")+(BG334<>""Hide"")*(BJ334<>"""")*(BJ334<>0))",Backend UI Toggle
Improvements,BE335,"=1/((BG335=""Show"")+(BG335<>""Hide"")*(BJ335<>"""")*(BJ335<>0))",Backend UI Toggle
Improvements,BE336,"=1/((BG336=""Show"")+(BG336<>""Hide"")*(BJ336<>""""))",Backend UI Toggle
Improvements,BE337,"=1/((BG337=""Show"")+(BG337<>""Hide"")*(BJ337<>""""))",Backend UI Toggle
Improvements,BE338,"=1/((BG338=""Show"")+(BG338<>""Hide"")*(BJ338<>"""")*(BJ338<>0))",Backend UI Toggle
Improvements,BE339,"=1/((BG339=""Show"")+(BG339<>""Hide"")*(BJ339<>"""")*(BJ339<>0))",Backend UI Toggle
Improvements,BE340,"=1/((BG340=""Show"")+(BG340<>""Hide"")*(BJ340<>"""")*(BJ340<>0))",Backend UI Toggle
Improvements,BE341,"=1/((BG341=""Show"")+(BG341<>""Hide"")*(BJ341<>"""")*(BJ341<>0))",Backend UI Toggle
Improvements,BE342,"=1/((BG342=""Show"")+(BG342<>""Hide""))",Backend UI Toggle
Improvements,BE343,"=1/((BG343=""Show"")+(BG343<>""Hide""))",Backend UI Toggle
Improvements,BE344,"=1/((BG344=""Show"")+(BG344<>""Hide"")*(BJ344<>"""")*(BJ344<>0))",Backend UI Toggle
Improvements,BE345,"=1/((BG345=""Show"")+(BG345<>""Hide"")*(BJ345<>"""")*(BJ345<>0))",Backend UI Toggle
Improvements,BE346,"=1/((BG346=""Show"")+(BG346<>""Hide"")*(BJ346<>"""")*(BJ346<>0))",Backend UI Toggle
Improvements,BE347,"=1/((BG347=""Show"")+(BG347<>""Hide"")*(BJ347<>"""")*(BJ347<>0))",Backend UI Toggle
Improvements,BE348,"=1/((BG348=""Show"")+(BG348<>""Hide"")*(BJ348<>"""")*(BJ348<>0))",Backend UI Toggle
Improvements,BE349,"=1/((BG349=""Show"")+(BG349<>""Hide"")*(BJ349<>"""")*(BJ349<>0))",Backend UI Toggle
Improvements,BE350,"=1/((BG350=""Show"")+(BG350<>""Hide"")*(BJ350<>"""")*(BJ350<>0))",Backend UI Toggle
Improvements,BE351,"=1/((BG351=""Show"")+(BG351<>""Hide"")*(BJ351<>"""")*(BJ351<>0))",Backend UI Toggle
Improvements,BE352,"=1/((BG352=""Show"")+(BG352<>""Hide"")*(BJ352<>"""")*(BJ352<>0))",Backend UI Toggle
Improvements,BE353,"=1/((BG353=""Show"")+(BG353<>""Hide"")*(BJ353<>"""")*(BJ353<>0))",Backend UI Toggle
Improvements,BE354,"=1/((BG354=""Show"")+(BG354<>""Hide""))",Backend UI Toggle
Improvements,BE355,"=1/((BG355=""Show"")+(BG355<>""Hide""))",Backend UI Toggle
Improvements,BE356,"=1/((BG356=""Show"")+(BG356<>""Hide"")*(BJ356<>"""")*(BJ356<>0))",Backend UI Toggle
Improvements,BE357,"=1/((BG357=""Show"")+(BG357<>""Hide"")*(BJ357<>"""")*(BJ357<>0))",Backend UI Toggle
Improvements,BE358,"=1/((BG358=""Show"")+(BG358<>""Hide"")*(BJ358<>"""")*(BJ358<>0))",Backend UI Toggle
Improvements,BE359,"=1/((BG359=""Show"")+(BG359<>""Hide"")*(BJ359<>"""")*(BJ359<>0))",Backend UI Toggle
Improvements,BE360,"=1/((BG360=""Show"")+(BG360<>""Hide"")*(BJ360<>"""")*(BJ360<>0))",Backend UI Toggle
Improvements,BE361,"=1/((BG361=""Show"")+(BG361<>""Hide"")*(BJ361<>"""")*(BJ361<>0))",Backend UI Toggle
Improvements,BE362,"=1/((BG362=""Show"")+(BG362<>""Hide"")*(BJ362<>"""")*(BJ362<>0))",Backend UI Toggle
Improvements,BE363,"=1/((BG363=""Show"")+(BG363<>""Hide"")*(BJ363<>"""")*(BJ363<>0))",Backend UI Toggle
Improvements,BE364,"=1/((BG364=""Show"")+(BG364<>""Hide"")*(BJ364<>"""")*(BJ364<>0))",Backend UI Toggle
Improvements,BE365,"=1/((BG365=""Show"")+(BG365<>""Hide"")*(BJ365<>"""")*(BJ365<>0))",Backend UI Toggle
Improvements,BE366,"=1/((BG366=""Show"")+(BG366<>""Hide"")*(BJ366<>"""")*(BJ366<>0))",Backend UI Toggle
Improvements,BE367,"=1/((BG367=""Show"")+(BG367<>""Hide"")*(BJ367<>"""")*(BJ367<>0))",Backend UI Toggle
Improvements,BE368,"=1/((BG368=""Show"")+(BG368<>""Hide"")*(BJ368<>"""")*(BJ368<>0))",Backend UI Toggle
Improvements,BE369,"=1/((BG369=""Show"")+(BG369<>""Hide"")*(BJ369<>"""")*(BJ369<>0))",Backend UI Toggle
Improvements,BE370,"=1/((BG370=""Show"")+(BG370<>""Hide"")*(BJ370<>"""")*(BJ370<>0))",Backend UI Toggle
Improvements,BE371,"=1/((BG371=""Show"")+(BG371<>""Hide"")*(BJ371<>"""")*(BJ371<>0))",Backend UI Toggle
Improvements,BE372,"=1/((BG372=""Show"")+(BG372<>""Hide""))",Backend UI Toggle
Improvements,BE373,"=1/((BG373=""Show"")+(BG373<>""Hide""))",Backend UI Toggle
Improvements,BE374,"=1/((BG374=""Show"")+(BG374<>""Hide"")*(BJ374<>"""")*(BJ374<>0))",Backend UI Toggle
Improvements,BE375,"=1/((BG375=""Show"")+(BG375<>""Hide"")*(BJ375<>"""")*(BJ375<>0))",Backend UI Toggle
Improvements,BE376,"=1/((BG376=""Show"")+(BG376<>""Hide"")*(BJ376<>"""")*(BJ376<>0))",Backend UI Toggle
Improvements,BE377,"=1/((BG377=""Show"")+(BG377<>""Hide"")*(BJ377<>"""")*(BJ377<>0))",Backend UI Toggle
Improvements,BE378,"=1/((BG378=""Show"")+(BG378<>""Hide"")*(BJ378<>"""")*(BJ378<>0))",Backend UI Toggle
Improvements,BE379,"=1/((BG379=""Show"")+(BG379<>""Hide"")*(BJ379<>"""")*(BJ379<>0))",Backend UI Toggle
Improvements,BE380,"=1/((BG380=""Show"")+(BG380<>""Hide"")*(BJ380<>"""")*(BJ380<>0))",Backend UI Toggle
Improvements,BE381,"=1/((BG381=""Show"")+(BG381<>""Hide"")*(BJ381<>"""")*(BJ381<>0))",Backend UI Toggle
Improvements,BE382,"=1/((BG382=""Show"")+(BG382<>""Hide"")*(BJ382<>"""")*(BJ382<>0))",Backend UI Toggle
Improvements,BE383,"=1/((BG383=""Show"")+(BG383<>""Hide"")*(BJ383<>"""")*(BJ383<>0))",Backend UI Toggle
Improvements,BE384,"=1/((BG384=""Show"")+(BG384<>""Hide"")*(BJ384<>"""")*(BJ384<>0))",Backend UI Toggle
Improvements,BE385,"=1/((BG385=""Show"")+(BG385<>""Hide"")*(BJ385<>"""")*(BJ385<>0))",Backend UI Toggle
Improvements,BE386,"=1/((BG386=""Show"")+(BG386<>""Hide"")*(BJ386<>"""")*(BJ386<>0))",Backend UI Toggle
Improvements,BE387,"=1/((BG387=""Show"")+(BG387<>""Hide"")*(BJ387<>"""")*(BJ387<>0))",Backend UI Toggle
Improvements,BE388,"=1/((BG388=""Show"")+(BG388<>""Hide"")*(BJ388<>"""")*(BJ388<>0))",Backend UI Toggle
Improvements,BE389,"=1/((BG389=""Show"")+(BG389<>""Hide"")*(BJ389<>"""")*(BJ389<>0))",Backend UI Toggle
Improvements,BE390,"=1/((BG390=""Show"")+(BG390<>""Hide"")*(BJ390<>"""")*(BJ390<>0))",Backend UI Toggle
Improvements,BE391,"=1/((BG391=""Show"")+(BG391<>""Hide""))",Backend UI Toggle
Improvements,BE392,"=1/((BG392=""Show"")+(BG392<>""Hide""))",Backend UI Toggle
Improvements,BE393,"=1/((BG393=""Show"")+(BG393<>""Hide"")*(BJ393<>"""")*(BJ393<>0))",Backend UI Toggle
Improvements,BE394,"=1/((BG394=""Show"")+(BG394<>""Hide"")*(BJ394<>"""")*(BJ394<>0))",Backend UI Toggle
Improvements,BE395,"=1/((BG395=""Show"")+(BG395<>""Hide"")*(BJ395<>"""")*(BJ395<>0))",Backend UI Toggle
Improvements,BE396,"=1/((BG396=""Show"")+(BG396<>""Hide"")*(BJ396<>"""")*(BJ396<>0))",Backend UI Toggle
Improvements,BE397,"=1/((BG397=""Show"")+(BG397<>""Hide"")*(BJ397<>"""")*(BJ397<>0))",Backend UI Toggle
Improvements,BE398,"=1/((BG398=""Show"")+(BG398<>""Hide"")*(BJ398<>"""")*(BJ398<>0))",Backend UI Toggle
Improvements,BE399,"=1/((BG399=""Show"")+(BG399<>""Hide"")*(BJ399<>"""")*(BJ399<>0))",Backend UI Toggle
Improvements,BE400,"=1/((BG400=""Show"")+(BG400<>""Hide"")*(BJ400<>"""")*(BJ400<>0))",Backend UI Toggle
Improvements,BE401,"=1/((BG401=""Show"")+(BG401<>""Hide""))",Backend UI Toggle
Improvements,BE402,"=1/((BG402=""Show"")+(BG402<>""Hide""))",Backend UI Toggle
Improvements,BE403,"=1/((BG403=""Show"")+(BG403<>""Hide"")*(BJ403<>"""")*(BJ403<>0))",Backend UI Toggle
Improvements,BE404,"=1/((BG404=""Show"")+(BG404<>""Hide"")*(BJ404<>"""")*(BJ404<>0))",Backend UI Toggle
Improvements,BE405,"=1/((BG405=""Show"")+(BG405<>""Hide"")*(BJ405<>"""")*(BJ405<>0))",Backend UI Toggle
Improvements,BE406,"=1/((BG406=""Show"")+(BG406<>""Hide"")*(BJ406<>"""")*(BJ406<>0))",Backend UI Toggle
Improvements,BE407,"=1/((BG407=""Show"")+(BG407<>""Hide"")*(BJ407<>"""")*(BJ407<>0))",Backend UI Toggle
Improvements,BE408,"=1/((BG408=""Show"")+(BG408<>""Hide"")*(BJ408<>"""")*(BJ408<>0))",Backend UI Toggle
Improvements,BE409,"=1/((BG409=""Show"")+(BG409<>""Hide"")*(BJ409<>"""")*(BJ409<>0))",Backend UI Toggle
Improvements,BE410,"=1/((BG410=""Show"")+(BG410<>""Hide"")*(BJ410<>"""")*(BJ410<>0))",Backend UI Toggle
Improvements,BE411,"=1/((BG411=""Show"")+(BG411<>""Hide"")*(BJ411<>"""")*(BJ411<>0))",Backend UI Toggle
Improvements,BE412,"=1/((BG412=""Show"")+(BG412<>""Hide""))",Backend UI Toggle
Improvements,BE413,"=1/((BG413=""Show"")+(BG413<>""Hide""))",Backend UI Toggle
Improvements,BE414,"=1/((BG414=""Show"")+(BG414<>""Hide"")*(BJ414<>"""")*(BJ414<>0))",Backend UI Toggle
Improvements,BE415,"=1/((BG415=""Show"")+(BG415<>""Hide"")*(BJ415<>"""")*(BJ415<>0))",Backend UI Toggle
Improvements,BE416,"=1/((BG416=""Show"")+(BG416<>""Hide"")*(BJ416<>"""")*(BJ416<>0))",Backend UI Toggle
Improvements,BE417,"=1/((BG417=""Show"")+(BG417<>""Hide"")*(BJ417<>"""")*(BJ417<>0))",Backend UI Toggle
Improvements,BE418,"=1/((BG418=""Show"")+(BG418<>""Hide""))",Backend UI Toggle
Improvements,BE419,"=1/((BG419=""Show"")+(BG419<>""Hide""))",Backend UI Toggle
Improvements,BE420,"=1/((BG420=""Show"")+(BG420<>""Hide"")*(BJ420<>"""")*(BJ420<>0))",Backend UI Toggle
Improvements,BE421,"=1/((BG421=""Show"")+(BG421<>""Hide"")*(BJ421<>"""")*(BJ421<>0))",Backend UI Toggle
Improvements,BE422,"=1/((BG422=""Show"")+(BG422<>""Hide"")*(BJ422<>"""")*(BJ422<>0))",Backend UI Toggle
Improvements,BE423,"=1/((BG423=""Show"")+(BG423<>""Hide"")*(BJ423<>"""")*(BJ423<>0))",Backend UI Toggle
Improvements,BE424,"=1/((BG424=""Show"")+(BG424<>""Hide"")*(BJ424<>"""")*(BJ424<>0))",Backend UI Toggle
Improvements,BE425,"=1/((BG425=""Show"")+(BG425<>""Hide"")*(BJ425<>"""")*(BJ425<>0))",Backend UI Toggle
Improvements,BE426,"=1/((BG426=""Show"")+(BG426<>""Hide"")*(BJ426<>"""")*(BJ426<>0))",Backend UI Toggle
Improvements,BE427,"=1/((BG427=""Show"")+(BG427<>""Hide"")*(BJ427<>"""")*(BJ427<>0))",Backend UI Toggle
Improvements,BE428,"=1/((BG428=""Show"")+(BG428<>""Hide"")*(BJ428<>"""")*(BJ428<>0))",Backend UI Toggle
Improvements,BE429,"=1/((BG429=""Show"")+(BG429<>""Hide"")*(BJ429<>"""")*(BJ429<>0))",Backend UI Toggle
Improvements,BE430,"=1/((BG430=""Show"")+(BG430<>""Hide"")*(BJ430<>"""")*(BJ430<>0))",Backend UI Toggle
Improvements,BE431,"=1/((BG431=""Show"")+(BG431<>""Hide"")*(BJ431<>"""")*(BJ431<>0))",Backend UI Toggle
Improvements,BE432,"=1/((BG432=""Show"")+(BG432<>""Hide""))",Backend UI Toggle
Improvements,CF438,"=1/((CF440=""Show"")+(CF440<>""Hide""))",Backend UI Toggle
Improvements,CG438,"=1/((CG440=""Show"")+(CG440<>""Hide""))",Backend UI Toggle
Improvements,CH438,"=1/((CH440=""Show"")+(CH440<>""Hide""))",Backend UI Toggle
Improvements,CI438,"=1/((CI440=""Show"")+(CI440<>""Hide""))",Backend UI Toggle
Improvements,CJ438,"=1/((CJ440=""Show"")+(CJ440<>""Hide""))",Backend UI Toggle
Improvements,CK438,"=1/((CK440=""Show"")+(CK440<>""Hide""))",Backend UI Toggle
Improvements,CL438,"=1/((CL440=""Show"")+(CL440<>""Hide""))",Backend UI Toggle
Improvements,CM438,"=1/((CM440=""Show"")+(CM440<>""Hide""))",Backend UI Toggle
Improvements,CN438,"=1/((CN440=""Show"")+(CN440<>""Hide""))",Backend UI Toggle
Improvements,CO438,"=1/((CO440=""Show"")+(CO440<>""Hide""))",Backend UI Toggle
Improvements,CP438,"=1/((CP440=""Show"")+(CP440<>""Hide""))",Backend UI Toggle
Improvements,CQ438,"=1/((CQ440=""Show"")+(CQ440<>""Hide""))",Backend UI Toggle
Improvements,CR438,"=1/((CR440=""Show"")+(CR440<>""Hide""))",Backend UI Toggle
Improvements,CS438,"=1/((CS440=""Show"")+(CS440<>""Hide""))",Backend UI Toggle
Improvements,CA455,"=1/((CB455<>""Hide""))",Backend UI Toggle
Improvements,DD469,"=1/((DD468=""Show"")+(DD468<>""Hide""))",Backend UI Toggle
Improvements,DE469,"=1/((DE468=""Show"")+(DE468<>""Hide"")*(pvaPropertyTypeKey<>""Lodging & Hospitality|All""))",Backend UI Toggle
Improvements,DF469,"=1/((DF468=""Show"")+(DF468<>""Hide""))",Backend UI Toggle
Improvements,DG469,"=1/((DG468=""Show"")+(DG468<>""Hide"")*(pvaPropertyTypeKey<>""Lodging & Hospitality|All""))",Backend UI Toggle
Improvements,DH469,"=1/((DH468=""Show"")+(DH468<>""Hide"")*(pvaPropertyTypeKey<>""Lodging & Hospitality|All""))",Backend UI Toggle
Improvements,DI469,"=1/((DI468=""Show"")+(DI468<>""Hide"")*(pvaPropertyTypeKey<>""Lodging & Hospitality|All""))",Backend UI Toggle
Improvements,DJ469,"=1/((DJ468=""Show"")+(DJ468<>""Hide"")*(pvaPropertyTypeKey<>""Lodging & Hospitality|All""))",Backend UI Toggle
Improvements,DK469,"=1/((DK468=""Show"")+(DK468<>""Hide"")*(pvaPropertyTypeKey<>""Lodging & Hospitality|All""))",Backend UI Toggle
Improvements,DL469,"=1/((DL468=""Show"")+(DL468<>""Hide"")*(pvaPropertyTypeKey<>""Lodging & Hospitality|All""))",Backend UI Toggle
Improvements,CY475,"=1/((CW475=""Show"")+(CW475<>""Hide"")*(DC475<>""""))",Backend UI Toggle
Improvements,CY476,"=1/((CW476=""Show"")+(CW476<>""Hide"")*(DC476<>""""))",Backend UI Toggle
Improvements,CY477,"=1/((CW477=""Show"")+(CW477<>""Hide"")*(DC477<>""""))",Backend UI Toggle
Improvements,CY478,"=1/((CW478=""Show"")+(CW478<>""Hide"")*(DC478<>""""))",Backend UI Toggle
Improvements,CY479,"=1/((CW479=""Show"")+(CW479<>""Hide"")*(DC479<>""""))",Backend UI Toggle
Improvements,CY480,"=1/((CW480=""Show"")+(CW480<>""Hide"")*(DC480<>""""))",Backend UI Toggle
Improvements,CY481,"=1/((CW481=""Show"")+(CW481<>""Hide"")*(DC481<>""""))",Backend UI Toggle
Improvements,CY482,"=1/((CW482=""Show"")+(CW482<>""Hide"")*(DC482<>""""))",Backend UI Toggle
Improvements,CY483,"=1/((CW483=""Show"")+(CW483<>""Hide"")*(DC483<>""""))",Backend UI Toggle
Improvements,CY484,"=1/((CW484=""Show"")+(CW484<>""Hide"")*(DC484<>""""))",Backend UI Toggle
Improvements,CY485,"=1/((CW485=""Show"")+(CW485<>""Hide"")*(DC485<>""""))",Backend UI Toggle
Improvements,CY486,"=1/((CW486=""Show"")+(CW486<>""Hide"")*(DC486<>""""))",Backend UI Toggle
Improvements,CY487,"=1/((CW487=""Show"")+(CW487<>""Hide"")*(DC487<>""""))",Backend UI Toggle
Improvements,CY488,"=1/((CW488=""Show"")+(CW488<>""Hide"")*(DC488<>""""))",Backend UI Toggle
Improvements,CY489,"=1/((CW489=""Show"")+(CW489<>""Hide"")*(DC489<>""""))",Backend UI Toggle
Improvements,EG502,"=1/((EG501<>""Hide"")*(pvaPropertyTypeKey<>""Multi-Family|Mobile/Manufactured Home Park"")*(pvaPropertyTypeKey<>""Self-Storage|All""))",Backend UI Toggle
Improvements,EK502,"=1/((EK501=""Show"")+(EK501<>""Hide"")*(COUNTIFS(EK509:EK733,""<>Comments"",EK509:EK733,""?*"")>0))",Backend UI Toggle
Improvements,EC509,"=1/((EE509=""Show"")+(EE509<>""Hide"")*(EI509<>"""")*(N1PropertyMajorType=""Multi-Family""))",Backend UI Toggle
Improvements,EC510,"=1/((EE510=""Show"")+(EE510<>""Hide"")*(EI510<>"""")*(N1PropertyMajorType=""Multi-Family""))",Backend UI Toggle
Improvements,EC511,"=1/((EE511=""Show"")+(EE511<>""Hide"")*(EI511<>"""")*(N1PropertyMajorType=""Multi-Family""))",Backend UI Toggle
Improvements,EC512,"=1/((EE512=""Show"")+(EE512<>""Hide"")*(EI512<>"""")*(N1PropertyMajorType=""Multi-Family""))",Backend UI Toggle
Improvements,EC513,"=1/((EE513=""Show"")+(EE513<>""Hide"")*(EI513<>"""")*(N1PropertyMajorType=""Multi-Family""))",Backend UI Toggle
Improvements,EC514,"=1/((EE514=""Show"")+(EE514<>""Hide"")*(EI514<>"""")*(N1PropertyMajorType=""Multi-Family""))",Backend UI Toggle
Improvements,EC515,"=1/((EE515=""Show"")+(EE515<>""Hide"")*(EI515<>"""")*(N1PropertyMajorType=""Multi-Family""))",Backend UI Toggle
Improvements,EC516,"=1/((EE516=""Show"")+(EE516<>""Hide"")*(EI516<>"""")*(N1PropertyMajorType=""Multi-Family""))",Backend UI Toggle
Improvements,EC517,"=1/((EE517=""Show"")+(EE517<>""Hide"")*(EI517<>"""")*(N1PropertyMajorType=""Multi-Family""))",Backend UI Toggle
Improvements,EC518,"=1/((EE518=""Show"")+(EE518<>""Hide"")*(EI518<>"""")*(N1PropertyMajorType=""Multi-Family""))",Backend UI Toggle
Improvements,EC519,"=1/((EE519=""Show"")+(EE519<>""Hide"")*(EI519<>"""")*(N1PropertyMajorType=""Multi-Family""))",Backend UI Toggle
Improvements,EC520,"=1/((EE520=""Show"")+(EE520<>""Hide"")*(EI520<>"""")*(N1PropertyMajorType=""Multi-Family""))",Backend UI Toggle
Improvements,EC521,"=1/((EE521=""Show"")+(EE521<>""Hide"")*(EI521<>"""")*(N1PropertyMajorType=""Multi-Family""))",Backend UI Toggle
Improvements,EC522,"=1/((EE522=""Show"")+(EE522<>""Hide"")*(EI522<>"""")*(N1PropertyMajorType=""Multi-Family""))",Backend UI Toggle
Improvements,EC523,"=1/((EE523=""Show"")+(EE523<>""Hide"")*(EI523<>"""")*(N1PropertyMajorType=""Multi-Family""))",Backend UI Toggle
Improvements,EC524,"=1/((EE524=""Show"")+(EE524<>""Hide"")*(EI524<>"""")*(N1PropertyMajorType=""Multi-Family""))",Backend UI Toggle
Improvements,EC525,"=1/((EE525=""Show"")+(EE525<>""Hide"")*(EI525<>"""")*(N1PropertyMajorType=""Multi-Family""))",Backend UI Toggle
Improvements,EC526,"=1/((EE526=""Show"")+(EE526<>""Hide"")*(EI526<>"""")*(N1PropertyMajorType=""Multi-Family""))",Backend UI Toggle
Improvements,EC527,"=1/((EE527=""Show"")+(EE527<>""Hide"")*(EI527<>"""")*(N1PropertyMajorType=""Multi-Family""))",Backend UI Toggle
Improvements,EC528,"=1/((EE528=""Show"")+(EE528<>""Hide"")*(EI528<>"""")*(N1PropertyMajorType=""Multi-Family""))",Backend UI Toggle
Improvements,EC529,"=1/((EE529=""Show"")+(EE529<>""Hide"")*(EI529<>"""")*(N1PropertyMajorType=""Multi-Family""))",Backend UI Toggle
Improvements,EC530,"=1/((EE530=""Show"")+(EE530<>""Hide"")*(EI530<>"""")*(N1PropertyMajorType=""Multi-Family""))",Backend UI Toggle
Improvements,EC531,"=1/((EE531=""Show"")+(EE531<>""Hide"")*(EI531<>"""")*(N1PropertyMajorType=""Multi-Family""))",Backend UI Toggle
Improvements,EC532,"=1/((EE532=""Show"")+(EE532<>""Hide"")*(EI532<>"""")*(N1PropertyMajorType=""Multi-Family""))",Backend UI Toggle
Improvements,EC533,"=1/((EE533=""Show"")+(EE533<>""Hide"")*(EI533<>"""")*(N1PropertyMajorType=""Multi-Family""))",Backend UI Toggle
Improvements,EC534,"=1/((EE534=""Show"")+(EE534<>""Hide"")*(EI534<>"""")*(N1PropertyMajorType=""Multi-Family""))",Backend UI Toggle
Improvements,EC535,"=1/((EE535=""Show"")+(EE535<>""Hide"")*(EI535<>"""")*(N1PropertyMajorType=""Multi-Family""))",Backend UI Toggle
Improvements,EC536,"=1/((EE536=""Show"")+(EE536<>""Hide"")*(EI536<>"""")*(N1PropertyMajorType=""Multi-Family""))",Backend UI Toggle
Improvements,EC537,"=1/((EE537=""Show"")+(EE537<>""Hide"")*(EI537<>"""")*(N1PropertyMajorType=""Multi-Family""))",Backend UI Toggle
Improvements,EC538,"=1/((EE538=""Show"")+(EE538<>""Hide"")*(EI538<>"""")*(N1PropertyMajorType=""Multi-Family""))",Backend UI Toggle
Improvements,EC539,"=1/((EE539=""Show"")+(EE539<>""Hide"")*(EI539<>"""")*(N1PropertyMajorType=""Multi-Family""))",Backend UI Toggle
Improvements,EC540,"=1/((EE540=""Show"")+(EE540<>""Hide"")*(EI540<>"""")*(N1PropertyMajorType=""Multi-Family""))",Backend UI Toggle
Improvements,EC541,"=1/((EE541=""Show"")+(EE541<>""Hide"")*(EI541<>"""")*(N1PropertyMajorType=""Multi-Family""))",Backend UI Toggle
Improvements,EC542,"=1/((EE542=""Show"")+(EE542<>""Hide"")*(EI542<>"""")*(N1PropertyMajorType=""Multi-Family""))",Backend UI Toggle
Improvements,EC543,"=1/((EE543=""Show"")+(EE543<>""Hide"")*(EI543<>"""")*(N1PropertyMajorType=""Multi-Family""))",Backend UI Toggle
Improvements,EC544,"=1/((EE544=""Show"")+(EE544<>""Hide"")*(EI544<>"""")*(N1PropertyMajorType=""Multi-Family""))",Backend UI Toggle
Improvements,EC545,"=1/((EE545=""Show"")+(EE545<>""Hide"")*(EI545<>"""")*(N1PropertyMajorType=""Multi-Family""))",Backend UI Toggle
Improvements,EC546,"=1/((EE546=""Show"")+(EE546<>""Hide"")*(EI546<>"""")*(N1PropertyMajorType=""Multi-Family""))",Backend UI Toggle
Improvements,EC547,"=1/((EE547=""Show"")+(EE547<>""Hide"")*(EI547<>"""")*(N1PropertyMajorType=""Multi-Family""))",Backend UI Toggle
Improvements,EC548,"=1/((EE548=""Show"")+(EE548<>""Hide"")*(EI548<>"""")*(N1PropertyMajorType=""Multi-Family""))",Backend UI Toggle
Improvements,EC549,"=1/((EE549=""Show"")+(EE549<>""Hide"")*(EI549<>"""")*(N1PropertyMajorType=""Multi-Family""))",Backend UI Toggle
Improvements,EC552,"=1/((EE552=""Show"")+(EE552<>""Hide"")*(EI552<>""""))",Backend UI Toggle
Improvements,EC553,"=1/((EE553=""Show"")+(EE553<>""Hide"")*(EI553<>""""))",Backend UI Toggle
Improvements,EC554,"=1/((EE554=""Show"")+(EE554<>""Hide"")*(EI554<>""""))",Backend UI Toggle
Improvements,EC555,"=1/((EE555=""Show"")+(EE555<>""Hide"")*(EI555<>""""))",Backend UI Toggle
Improvements,EC556,"=1/((EE556=""Show"")+(EE556<>""Hide"")*(EI556<>""""))",Backend UI Toggle
Improvements,EC557,"=1/((EE557=""Show"")+(EE557<>""Hide"")*(EI557<>""""))",Backend UI Toggle
Improvements,EC558,"=1/((EE558=""Show"")+(EE558<>""Hide"")*(EI558<>""""))",Backend UI Toggle
Improvements,EC559,"=1/((EE559=""Show"")+(EE559<>""Hide"")*(EI559<>""""))",Backend UI Toggle
Improvements,EC560,"=1/((EE560=""Show"")+(EE560<>""Hide"")*(EI560<>""""))",Backend UI Toggle
Improvements,EC561,"=1/((EE561=""Show"")+(EE561<>""Hide"")*(EI561<>""""))",Backend UI Toggle
Improvements,EC562,"=1/((EE562=""Show"")+(EE562<>""Hide"")*(EI562<>""""))",Backend UI Toggle
Improvements,EC563,"=1/((EE563=""Show"")+(EE563<>""Hide"")*(EI563<>""""))",Backend UI Toggle
Improvements,EC564,"=1/((EE564=""Show"")+(EE564<>""Hide"")*(EI564<>""""))",Backend UI Toggle
Improvements,EC565,"=1/((EE565=""Show"")+(EE565<>""Hide"")*(EI565<>""""))",Backend UI Toggle
Improvements,EC566,"=1/((EE566=""Show"")+(EE566<>""Hide"")*(EI566<>""""))",Backend UI Toggle
Improvements,EC567,"=1/((EE567=""Show"")+(EE567<>""Hide"")*(EI567<>""""))",Backend UI Toggle
Improvements,EC568,"=1/((EE568=""Show"")+(EE568<>""Hide"")*(EI568<>""""))",Backend UI Toggle
Improvements,EC569,"=1/((EE569=""Show"")+(EE569<>""Hide"")*(EI569<>""""))",Backend UI Toggle
Improvements,EC570,"=1/((EE570=""Show"")+(EE570<>""Hide"")*(EI570<>""""))",Backend UI Toggle
Improvements,EC571,"=1/((EE571=""Show"")+(EE571<>""Hide"")*(EI571<>""""))",Backend UI Toggle
Improvements,EC572,"=1/((EE572=""Show"")+(EE572<>""Hide"")*(EI572<>""""))",Backend UI Toggle
Improvements,EC573,"=1/((EE573=""Show"")+(EE573<>""Hide"")*(EI573<>""""))",Backend UI Toggle
Improvements,EC574,"=1/((EE574=""Show"")+(EE574<>""Hide"")*(EI574<>""""))",Backend UI Toggle
Improvements,EC575,"=1/((EE575=""Show"")+(EE575<>""Hide"")*(EI575<>""""))",Backend UI Toggle
Improvements,EC576,"=1/((EE576=""Show"")+(EE576<>""Hide"")*(EI576<>""""))",Backend UI Toggle
Improvements,EC577,"=1/((EE577=""Show"")+(EE577<>""Hide"")*(EI577<>""""))",Backend UI Toggle
Improvements,EC578,"=1/((EE578=""Show"")+(EE578<>""Hide"")*(EI578<>""""))",Backend UI Toggle
Improvements,EC579,"=1/((EE579=""Show"")+(EE579<>""Hide"")*(EI579<>""""))",Backend UI Toggle
Improvements,EC580,"=1/((EE580=""Show"")+(EE580<>""Hide"")*(EI580<>""""))",Backend UI Toggle
Improvements,EC581,"=1/((EE581=""Show"")+(EE581<>""Hide"")*(EI581<>""""))",Backend UI Toggle
Improvements,EC582,"=1/((EE582=""Show"")+(EE582<>""Hide"")*(EI582<>""""))",Backend UI Toggle
Improvements,EC583,"=1/((EE583=""Show"")+(EE583<>""Hide"")*(EI583<>""""))",Backend UI Toggle
Improvements,EC584,"=1/((EE584=""Show"")+(EE584<>""Hide"")*(EI584<>""""))",Backend UI Toggle
Improvements,EC585,"=1/((EE585=""Show"")+(EE585<>""Hide"")*(EI585<>""""))",Backend UI Toggle
Improvements,EC586,"=1/((EE586=""Show"")+(EE586<>""Hide"")*(EI586<>""""))",Backend UI Toggle
Improvements,EC587,"=1/((EE587=""Show"")+(EE587<>""Hide"")*(EI587<>""""))",Backend UI Toggle
Improvements,EC588,"=1/((EE588=""Show"")+(EE588<>""Hide"")*(EI588<>""""))",Backend UI Toggle
Improvements,EC589,"=1/((EE589=""Show"")+(EE589<>""Hide"")*(EI589<>""""))",Backend UI Toggle
Improvements,EC590,"=1/((EE590=""Show"")+(EE590<>""Hide"")*(EI590<>""""))",Backend UI Toggle
Improvements,EC591,"=1/((EE591=""Show"")+(EE591<>""Hide"")*(EI591<>""""))",Backend UI Toggle
Improvements,EC592,"=1/((EE592=""Show"")+(EE592<>""Hide"")*(EI592<>""""))",Backend UI Toggle
Improvements,EC593,"=1/((EE593=""Show"")+(EE593<>""Hide"")*(EI593<>""""))",Backend UI Toggle
Improvements,EC594,"=1/((EE594=""Show"")+(EE594<>""Hide"")*(EI594<>""""))",Backend UI Toggle
Improvements,EC595,"=1/((EE595=""Show"")+(EE595<>""Hide"")*(EI595<>""""))",Backend UI Toggle
Improvements,EC596,"=1/((EE596=""Show"")+(EE596<>""Hide"")*(EI596<>""""))",Backend UI Toggle
Improvements,EC597,"=1/((EE597=""Show"")+(EE597<>""Hide"")*(EI597<>""""))",Backend UI Toggle
Improvements,EC598,"=1/((EE598=""Show"")+(EE598<>""Hide"")*(EI598<>""""))",Backend UI Toggle
Improvements,EC599,"=1/((EE599=""Show"")+(EE599<>""Hide"")*(EI599<>""""))",Backend UI Toggle
Improvements,EC600,"=1/((EE600=""Show"")+(EE600<>""Hide"")*(EI600<>""""))",Backend UI Toggle
Improvements,EC601,"=1/((EE601=""Show"")+(EE601<>""Hide"")*(EI601<>""""))",Backend UI Toggle
Improvements,EC602,"=1/((EE602=""Show"")+(EE602<>""Hide"")*(EI602<>""""))",Backend UI Toggle
Improvements,EC603,"=1/((EE603=""Show"")+(EE603<>""Hide"")*(EI603<>""""))",Backend UI Toggle
Improvements,EC604,"=1/((EE604=""Show"")+(EE604<>""Hide"")*(EI604<>""""))",Backend UI Toggle
Improvements,EC605,"=1/((EE605=""Show"")+(EE605<>""Hide"")*(EI605<>""""))",Backend UI Toggle
Improvements,EC606,"=1/((EE606=""Show"")+(EE606<>""Hide"")*(EI606<>""""))",Backend UI Toggle
Improvements,EC607,"=1/((EE607=""Show"")+(EE607<>""Hide"")*(EI607<>""""))",Backend UI Toggle
Improvements,EC608,"=1/((EE608=""Show"")+(EE608<>""Hide"")*(EI608<>""""))",Backend UI Toggle
Improvements,EC609,"=1/((EE609=""Show"")+(EE609<>""Hide"")*(EI609<>""""))",Backend UI Toggle
Improvements,EC610,"=1/((EE610=""Show"")+(EE610<>""Hide"")*(EI610<>""""))",Backend UI Toggle
Improvements,EC611,"=1/((EE611=""Show"")+(EE611<>""Hide"")*(EI611<>""""))",Backend UI Toggle
Improvements,EC612,"=1/((EE612=""Show"")+(EE612<>""Hide"")*(EI612<>""""))",Backend UI Toggle
Improvements,EC613,"=1/((EE613=""Show"")+(EE613<>""Hide"")*(EI613<>""""))",Backend UI Toggle
Improvements,EC614,"=1/((EE614=""Show"")+(EE614<>""Hide"")*(EI614<>""""))",Backend UI Toggle
Improvements,EC615,"=1/((EE615=""Show"")+(EE615<>""Hide"")*(EI615<>""""))",Backend UI Toggle
Improvements,EC616,"=1/((EE616=""Show"")+(EE616<>""Hide"")*(EI616<>""""))",Backend UI Toggle
Improvements,EC617,"=1/((EE617=""Show"")+(EE617<>""Hide"")*(EI617<>""""))",Backend UI Toggle
Improvements,EC618,"=1/((EE618=""Show"")+(EE618<>""Hide"")*(EI618<>""""))",Backend UI Toggle
Improvements,EC619,"=1/((EE619=""Show"")+(EE619<>""Hide"")*(EI619<>""""))",Backend UI Toggle
Improvements,EC620,"=1/((EE620=""Show"")+(EE620<>""Hide"")*(EI620<>""""))",Backend UI Toggle
Improvements,EC621,"=1/((EE621=""Show"")+(EE621<>""Hide"")*(EI621<>""""))",Backend UI Toggle
Improvements,EC622,"=1/((EE622=""Show"")+(EE622<>""Hide"")*(EI622<>""""))",Backend UI Toggle
Improvements,EC623,"=1/((EE623=""Show"")+(EE623<>""Hide"")*(EI623<>""""))",Backend UI Toggle
Improvements,EC624,"=1/((EE624=""Show"")+(EE624<>""Hide"")*(EI624<>""""))",Backend UI Toggle
Improvements,EC625,"=1/((EE625=""Show"")+(EE625<>""Hide"")*(EI625<>""""))",Backend UI Toggle
Improvements,EC626,"=1/((EE626=""Show"")+(EE626<>""Hide"")*(EI626<>""""))",Backend UI Toggle
Improvements,EC627,"=1/((EE627=""Show"")+(EE627<>""Hide"")*(EI627<>""""))",Backend UI Toggle
Improvements,EC628,"=1/((EE628=""Show"")+(EE628<>""Hide"")*(EI628<>""""))",Backend UI Toggle
Improvements,EC629,"=1/((EE629=""Show"")+(EE629<>""Hide"")*(EI629<>""""))",Backend UI Toggle
Improvements,EC630,"=1/((EE630=""Show"")+(EE630<>""Hide"")*(EI630<>""""))",Backend UI Toggle
Improvements,EC631,"=1/((EE631=""Show"")+(EE631<>""Hide"")*(EI631<>""""))",Backend UI Toggle
Improvements,EC632,"=1/((EE632=""Show"")+(EE632<>""Hide"")*(EI632<>""""))",Backend UI Toggle
Improvements,EC633,"=1/((EE633=""Show"")+(EE633<>""Hide"")*(EI633<>""""))",Backend UI Toggle
Improvements,EC634,"=1/((EE634=""Show"")+(EE634<>""Hide"")*(EI634<>""""))",Backend UI Toggle
Improvements,EC635,"=1/((EE635=""Show"")+(EE635<>""Hide"")*(EI635<>""""))",Backend UI Toggle
Improvements,EC636,"=1/((EE636=""Show"")+(EE636<>""Hide"")*(EI636<>""""))",Backend UI Toggle
Improvements,EC637,"=1/((EE637=""Show"")+(EE637<>""Hide"")*(EI637<>""""))",Backend UI Toggle
Improvements,EC638,"=1/((EE638=""Show"")+(EE638<>""Hide"")*(EI638<>""""))",Backend UI Toggle
Improvements,EC639,"=1/((EE639=""Show"")+(EE639<>""Hide"")*(EI639<>""""))",Backend UI Toggle
Improvements,EC640,"=1/((EE640=""Show"")+(EE640<>""Hide"")*(EI640<>""""))",Backend UI Toggle
Improvements,EC641,"=1/((EE641=""Show"")+(EE641<>""Hide"")*(EI641<>""""))",Backend UI Toggle
Improvements,EC642,"=1/((EE642=""Show"")+(EE642<>""Hide"")*(EI642<>""""))",Backend UI Toggle
Improvements,EC643,"=1/((EE643=""Show"")+(EE643<>""Hide"")*(EI643<>""""))",Backend UI Toggle
Improvements,EC644,"=1/((EE644=""Show"")+(EE644<>""Hide"")*(EI644<>""""))",Backend UI Toggle
Improvements,EC645,"=1/((EE645=""Show"")+(EE645<>""Hide"")*(EI645<>""""))",Backend UI Toggle
Improvements,EC646,"=1/((EE646=""Show"")+(EE646<>""Hide"")*(EI646<>""""))",Backend UI Toggle
Improvements,EC647,"=1/((EE647=""Show"")+(EE647<>""Hide"")*(EI647<>""""))",Backend UI Toggle
Improvements,EC648,"=1/((EE648=""Show"")+(EE648<>""Hide"")*(EI648<>""""))",Backend UI Toggle
Improvements,EC649,"=1/((EE649=""Show"")+(EE649<>""Hide"")*(EI649<>""""))",Backend UI Toggle
Improvements,EC650,"=1/((EE650=""Show"")+(EE650<>""Hide"")*(EI650<>""""))",Backend UI Toggle
Improvements,EC651,"=1/((EE651=""Show"")+(EE651<>""Hide"")*(EI651<>""""))",Backend UI Toggle
Improvements,EC652,"=1/((EE652=""Show"")+(EE652<>""Hide"")*(EI652<>""""))",Backend UI Toggle
Improvements,EC653,"=1/((EE653=""Show"")+(EE653<>""Hide"")*(EI653<>""""))",Backend UI Toggle
Improvements,EC654,"=1/((EE654=""Show"")+(EE654<>""Hide"")*(EI654<>""""))",Backend UI Toggle
Improvements,EC655,"=1/((EE655=""Show"")+(EE655<>""Hide"")*(EI655<>""""))",Backend UI Toggle
Improvements,EC656,"=1/((EE656=""Show"")+(EE656<>""Hide"")*(EI656<>""""))",Backend UI Toggle
Improvements,EC657,"=1/((EE657=""Show"")+(EE657<>""Hide"")*(EI657<>""""))",Backend UI Toggle
Improvements,EC658,"=1/((EE658=""Show"")+(EE658<>""Hide"")*(EI658<>""""))",Backend UI Toggle
Improvements,EC659,"=1/((EE659=""Show"")+(EE659<>""Hide"")*(EI659<>""""))",Backend UI Toggle
Improvements,EC660,"=1/((EE660=""Show"")+(EE660<>""Hide"")*(EI660<>""""))",Backend UI Toggle
Improvements,EC661,"=1/((EE661=""Show"")+(EE661<>""Hide"")*(EI661<>""""))",Backend UI Toggle
Improvements,EC662,"=1/((EE662=""Show"")+(EE662<>""Hide"")*(EI662<>""""))",Backend UI Toggle
Improvements,EC663,"=1/((EE663=""Show"")+(EE663<>""Hide"")*(EI663<>""""))",Backend UI Toggle
Improvements,EC664,"=1/((EE664=""Show"")+(EE664<>""Hide"")*(EI664<>""""))",Backend UI Toggle
Improvements,EC665,"=1/((EE665=""Show"")+(EE665<>""Hide"")*(EI665<>""""))",Backend UI Toggle
Improvements,EC666,"=1/((EE666=""Show"")+(EE666<>""Hide"")*(EI666<>""""))",Backend UI Toggle
Improvements,EC667,"=1/((EE667=""Show"")+(EE667<>""Hide"")*(EI667<>""""))",Backend UI Toggle
Improvements,EC668,"=1/((EE668=""Show"")+(EE668<>""Hide"")*(EI668<>""""))",Backend UI Toggle
Improvements,EC669,"=1/((EE669=""Show"")+(EE669<>""Hide"")*(EI669<>""""))",Backend UI Toggle
Improvements,EC670,"=1/((EE670=""Show"")+(EE670<>""Hide"")*(EI670<>""""))",Backend UI Toggle
Improvements,EC671,"=1/((EE671=""Show"")+(EE671<>""Hide"")*(EI671<>""""))",Backend UI Toggle
Improvements,EC672,"=1/((EE672=""Show"")+(EE672<>""Hide"")*(EI672<>""""))",Backend UI Toggle
Improvements,EC673,"=1/((EE673=""Show"")+(EE673<>""Hide"")*(EI673<>""""))",Backend UI Toggle
Improvements,EC674,"=1/((EE674=""Show"")+(EE674<>""Hide"")*(EI674<>""""))",Backend UI Toggle
Improvements,EC675,"=1/((EE675=""Show"")+(EE675<>""Hide"")*(EI675<>""""))",Backend UI Toggle
Improvements,EC676,"=1/((EE676=""Show"")+(EE676<>""Hide"")*(EI676<>""""))",Backend UI Toggle
Improvements,EC677,"=1/((EE677=""Show"")+(EE677<>""Hide"")*(EI677<>""""))",Backend UI Toggle
Improvements,EC678,"=1/((EE678=""Show"")+(EE678<>""Hide"")*(EI678<>""""))",Backend UI Toggle
Improvements,EC679,"=1/((EE679=""Show"")+(EE679<>""Hide"")*(EI679<>""""))",Backend UI Toggle
Improvements,EC680,"=1/((EE680=""Show"")+(EE680<>""Hide"")*(EI680<>""""))",Backend UI Toggle
Improvements,EC681,"=1/((EE681=""Show"")+(EE681<>""Hide"")*(EI681<>""""))",Backend UI Toggle
Improvements,EC682,"=1/((EE682=""Show"")+(EE682<>""Hide"")*(EI682<>""""))",Backend UI Toggle
Improvements,EC683,"=1/((EE683=""Show"")+(EE683<>""Hide"")*(EI683<>""""))",Backend UI Toggle
Improvements,EC684,"=1/((EE684=""Show"")+(EE684<>""Hide"")*(EI684<>""""))",Backend UI Toggle
Improvements,EC685,"=1/((EE685=""Show"")+(EE685<>""Hide"")*(EI685<>""""))",Backend UI Toggle
Improvements,EC686,"=1/((EE686=""Show"")+(EE686<>""Hide"")*(EI686<>""""))",Backend UI Toggle
Improvements,EC687,"=1/((EE687=""Show"")+(EE687<>""Hide"")*(EI687<>""""))",Backend UI Toggle
Improvements,EC688,"=1/((EE688=""Show"")+(EE688<>""Hide"")*(EI688<>""""))",Backend UI Toggle
Improvements,EC689,"=1/((EE689=""Show"")+(EE689<>""Hide"")*(EI689<>""""))",Backend UI Toggle
Improvements,EC690,"=1/((EE690=""Show"")+(EE690<>""Hide"")*(EI690<>""""))",Backend UI Toggle
Improvements,EC691,"=1/((EE691=""Show"")+(EE691<>""Hide"")*(EI691<>""""))",Backend UI Toggle
Improvements,EC692,"=1/((EE692=""Show"")+(EE692<>""Hide"")*(EI692<>""""))",Backend UI Toggle
Improvements,EC693,"=1/((EE693=""Show"")+(EE693<>""Hide"")*(EI693<>""""))",Backend UI Toggle
Improvements,EC694,"=1/((EE694=""Show"")+(EE694<>""Hide"")*(EI694<>""""))",Backend UI Toggle
Improvements,EC695,"=1/((EE695=""Show"")+(EE695<>""Hide"")*(EI695<>""""))",Backend UI Toggle
Improvements,EC696,"=1/((EE696=""Show"")+(EE696<>""Hide"")*(EI696<>""""))",Backend UI Toggle
Improvements,EC697,"=1/((EE697=""Show"")+(EE697<>""Hide"")*(EI697<>""""))",Backend UI Toggle
Improvements,EC698,"=1/((EE698=""Show"")+(EE698<>""Hide"")*(EI698<>""""))",Backend UI Toggle
Improvements,EC699,"=1/((EE699=""Show"")+(EE699<>""Hide"")*(EI699<>""""))",Backend UI Toggle
Improvements,EC700,"=1/((EE700=""Show"")+(EE700<>""Hide"")*(EI700<>""""))",Backend UI Toggle
Improvements,EC701,"=1/((EE701=""Show"")+(EE701<>""Hide"")*(EI701<>""""))",Backend UI Toggle
Improvements,EC702,"=1/((EE702=""Show"")+(EE702<>""Hide"")*(EI702<>""""))",Backend UI Toggle
Improvements,EC703,"=1/((EE703=""Show"")+(EE703<>""Hide"")*(EI703<>""""))",Backend UI Toggle
Improvements,EC704,"=1/((EE704=""Show"")+(EE704<>""Hide"")*(EI704<>""""))",Backend UI Toggle
Improvements,EC705,"=1/((EE705=""Show"")+(EE705<>""Hide"")*(EI705<>""""))",Backend UI Toggle
Improvements,EC706,"=1/((EE706=""Show"")+(EE706<>""Hide"")*(EI706<>""""))",Backend UI Toggle
Improvements,EC707,"=1/((EE707=""Show"")+(EE707<>""Hide"")*(EI707<>""""))",Backend UI Toggle
Improvements,EC708,"=1/((EE708=""Show"")+(EE708<>""Hide"")*(EI708<>""""))",Backend UI Toggle
Improvements,EC709,"=1/((EE709=""Show"")+(EE709<>""Hide"")*(EI709<>""""))",Backend UI Toggle
Improvements,EC710,"=1/((EE710=""Show"")+(EE710<>""Hide"")*(EI710<>""""))",Backend UI Toggle
Improvements,EC711,"=1/((EE711=""Show"")+(EE711<>""Hide"")*(EI711<>""""))",Backend UI Toggle
Improvements,EC712,"=1/((EE712=""Show"")+(EE712<>""Hide"")*(EI712<>""""))",Backend UI Toggle
Improvements,EC713,"=1/((EE713=""Show"")+(EE713<>""Hide"")*(EI713<>""""))",Backend UI Toggle
Improvements,EC714,"=1/((EE714=""Show"")+(EE714<>""Hide"")*(EI714<>""""))",Backend UI Toggle
Improvements,EC715,"=1/((EE715=""Show"")+(EE715<>""Hide"")*(EI715<>""""))",Backend UI Toggle
Improvements,EC716,"=1/((EE716=""Show"")+(EE716<>""Hide"")*(EI716<>""""))",Backend UI Toggle
Improvements,EC717,"=1/((EE717=""Show"")+(EE717<>""Hide"")*(EI717<>""""))",Backend UI Toggle
Improvements,EC718,"=1/((EE718=""Show"")+(EE718<>""Hide"")*(EI718<>""""))",Backend UI Toggle
Improvements,EC719,"=1/((EE719=""Show"")+(EE719<>""Hide"")*(EI719<>""""))",Backend UI Toggle
Improvements,EC720,"=1/((EE720=""Show"")+(EE720<>""Hide"")*(EI720<>""""))",Backend UI Toggle
Improvements,EC721,"=1/((EE721=""Show"")+(EE721<>""Hide"")*(EI721<>""""))",Backend UI Toggle
Improvements,EC722,"=1/((EE722=""Show"")+(EE722<>""Hide"")*(EI722<>""""))",Backend UI Toggle
Improvements,EC723,"=1/((EE723=""Show"")+(EE723<>""Hide"")*(EI723<>""""))",Backend UI Toggle
Improvements,EC724,"=1/((EE724=""Show"")+(EE724<>""Hide"")*(EI724<>""""))",Backend UI Toggle
Improvements,EC725,"=1/((EE725=""Show"")+(EE725<>""Hide"")*(EI725<>""""))",Backend UI Toggle
Improvements,EC726,"=1/((EE726=""Show"")+(EE726<>""Hide"")*(EI726<>""""))",Backend UI Toggle
Improvements,EC727,"=1/((EE727=""Show"")+(EE727<>""Hide"")*(EI727<>""""))",Backend UI Toggle
Improvements,EC728,"=1/((EE728=""Show"")+(EE728<>""Hide"")*(EI728<>""""))",Backend UI Toggle
Improvements,EC729,"=1/((EE729=""Show"")+(EE729<>""Hide"")*(EI729<>""""))",Backend UI Toggle
Improvements,EC730,"=1/((EE730=""Show"")+(EE730<>""Hide"")*(EI730<>""""))",Backend UI Toggle
Improvements,EC731,"=1/((EE731=""Show"")+(EE731<>""Hide"")*(EI731<>""""))",Backend UI Toggle
Improvements,EC732,"=1/((EE732=""Show"")+(EE732<>""Hide"")*(EI732<>""""))",Backend UI Toggle
Improvements,EC733,"=1/((EE733=""Show"")+(EE733<>""Hide"")*(EI733<>""""))",Backend UI Toggle
Improvements,EW745,"=1/((EW746=""Show"")+(EW746<>""Hide"")*EW770)",Backend UI Toggle
Improvements,EX745,"=1/((EX746=""Show"")+(EX746<>""Hide"")*EX770)",Backend UI Toggle
Improvements,EY745,"=1/((EY746=""Show"")+(EY746<>""Hide"")*EY770)",Backend UI Toggle
Improvements,EZ745,"=1/((EZ746=""Show"")+(EZ746<>""Hide"")*EZ770)",Backend UI Toggle
Improvements,FA745,"=1/((FA746=""Show"")+(FA746<>""Hide"")*FA770)",Backend UI Toggle
Improvements,FB745,"=1/((FB746=""Show"")+(FB746<>""Hide"")*FB770)",Backend UI Toggle
Improvements,FC745,"=1/((FC746=""Show"")+(FC746<>""Hide"")*FC770)",Backend UI Toggle
Improvements,FD745,"=1/((FD746=""Show"")+(FD746<>""Hide"")*FD770)",Backend UI Toggle
Improvements,FE745,"=1/((FE746=""Show"")+(FE746<>""Hide"")*FE770)",Backend UI Toggle
Improvements,FF745,"=1/((FF746=""Show"")+(FF746<>""Hide"")*FF770)",Backend UI Toggle
Improvements,FH745,"=1/(((FH744=""Show""))+(FH744<>""Hide"")*(pvaPropertyTypeKey=""Lodging & Hospitality|All""))",Backend UI Toggle
Improvements,FI745,"=1/(((FI744=""Show""))+(FI744<>""Hide"")*(pvaPropertyTypeKey=""Lodging & Hospitality|All""))",Backend UI Toggle
Improvements,ER751,"=1/(((ES751=""Show""))+(ES751<>""Hide"")*(EV751<>""""))",Backend UI Toggle
Improvements,ER752,"=1/(((ES752=""Show""))+(ES752<>""Hide"")*(EV752<>""""))",Backend UI Toggle
Improvements,ER753,"=1/(((ES753=""Show""))+(ES753<>""Hide"")*(EV753<>""""))",Backend UI Toggle
Improvements,ER754,"=1/(((ES754=""Show""))+(ES754<>""Hide"")*(EV754<>""""))",Backend UI Toggle
Improvements,ER755,"=1/(((ES755=""Show""))+(ES755<>""Hide"")*(EV755<>""""))",Backend UI Toggle
Improvements,ER756,"=1/(((ES756=""Show""))+(ES756<>""Hide"")*(EV756<>""""))",Backend UI Toggle
Improvements,ER757,"=1/(((ES757=""Show""))+(ES757<>""Hide"")*(EV757<>""""))",Backend UI Toggle
Improvements,ER758,"=1/(((ES758=""Show""))+(ES758<>""Hide"")*(EV758<>""""))",Backend UI Toggle
Improvements,ER759,"=1/(((ES759=""Show""))+(ES759<>""Hide"")*(EV759<>""""))",Backend UI Toggle
Improvements,ER760,"=1/(((ES760=""Show""))+(ES760<>""Hide"")*(EV760<>""""))",Backend UI Toggle
Improvements,ER761,"=1/(((ES761=""Show""))+(ES761<>""Hide"")*(EV761<>""""))",Backend UI Toggle
Improvements,ER762,"=1/(((ES762=""Show""))+(ES762<>""Hide"")*(EV762<>""""))",Backend UI Toggle
Improvements,ER763,"=1/(((ES763=""Show""))+(ES763<>""Hide"")*(EV763<>""""))",Backend UI Toggle
Improvements,ER764,"=1/(((ES764=""Show""))+(ES764<>""Hide"")*(EV764<>""""))",Backend UI Toggle
Improvements,ER765,"=1/(((ES765=""Show""))+(ES765<>""Hide"")*(EV765<>""""))",Backend UI Toggle
Improvements,ER766,"=1/(((ES766=""Show""))+(ES766<>""Hide"")*(EV766<>""""))",Backend UI Toggle
Improvements,ER767,"=1/(((ES767=""Show""))+(ES767<>""Hide"")*(EV767<>""""))",Backend UI Toggle
Improvements,ER768,"=1/(((ES768=""Show""))+(ES768<>""Hide"")*(EV768<>""""))",Backend UI Toggle
Improvements,ER769,"=1/(((ES769=""Show""))+(ES769<>""Hide"")*(EV769<>""""))",Backend UI Toggle
Improvements,ER771,"=1/(((ES771=""Show""))+(ES771<>""Hide"")*(FG771>0)*pvaIsJobHospitality)",Backend UI Toggle
Improvements,ER772,"=1/(((ES772=""Show""))+(ES772<>""Hide"")*(FG772>0)*pvaIsJobHospitality)",Backend UI Toggle
Improvements,ER773,=1/(pvaIsJobHospitality),Backend UI Toggle
Improvements,ER774,=1/(pvaIsJobHospitality),Backend UI Toggle
Improvements,FP778,"=1/((FP779=""Show"")+(FP779<>""Hide"")*FP793)",Backend UI Toggle
Improvements,FQ778,"=1/((FQ779=""Show"")+(FQ779<>""Hide"")*FQ793)",Backend UI Toggle
Improvements,FR778,"=1/((FR779=""Show"")+(FR779<>""Hide"")*FR793)",Backend UI Toggle
Improvements,FS778,"=1/((FS779=""Show"")+(FS779<>""Hide"")*FS793)",Backend UI Toggle
Improvements,FT778,"=1/((FT779=""Show"")+(FT779<>""Hide"")*FT793)",Backend UI Toggle
Improvements,FU778,"=1/((FU779=""Show"")+(FU779<>""Hide"")*FU793)",Backend UI Toggle
Improvements,FV778,"=1/((FV779=""Show"")+(FV779<>""Hide"")*FV793)",Backend UI Toggle
Improvements,FW778,"=1/((FW779=""Show"")+(FW779<>""Hide"")*FW793)",Backend UI Toggle
Improvements,FX778,"=1/((FX779=""Show"")+(FX779<>""Hide"")*FX793)",Backend UI Toggle
Improvements,FY778,"=1/((FY779=""Show"")+(FY779<>""Hide"")*FY793)",Backend UI Toggle
Improvements,FK786,"=1/(((FL786=""Show""))+(FL786<>""Hide"")*(FO786<>""""))",Backend UI Toggle
Improvements,FK787,"=1/(((FL787=""Show""))+(FL787<>""Hide"")*(FO787<>""""))",Backend UI Toggle
Improvements,FK788,"=1/(((FL788=""Show""))+(FL788<>""Hide"")*(FO788<>""""))",Backend UI Toggle
Improvements,FK789,"=1/(((FL789=""Show""))+(FL789<>""Hide"")*(FO789<>""""))",Backend UI Toggle
Improvements,FK790,"=1/(((FL790=""Show""))+(FL790<>""Hide"")*(FO790<>""""))",Backend UI Toggle
Improvements,FK791,"=1/(((FL791=""Show""))+(FL791<>""Hide"")*(FO791<>""""))",Backend UI Toggle
Improvements,FK792,"=1/(((FL792=""Show""))+(FL792<>""Hide"")*(FO792<>""""))",Backend UI Toggle
Improvements,GC801,"=1/(((GD801=""Show""))+(GD801<>""Hide"")*(COUNTIFS(GI801:GN801,""<>""&0)>0))",Backend UI Toggle
Improvements,GC802,"=1/(((GD802=""Show""))+(GD802<>""Hide"")*(COUNTIFS(GI802:GN802,""<>""&0)>0))",Backend UI Toggle
Improvements,GC803,"=1/(((GD803=""Show""))+(GD803<>""Hide"")*(COUNTIFS(GI803:GN803,""<>""&0)>0))",Backend UI Toggle
Improvements,GC804,"=1/(((GD804=""Show""))+(GD804<>""Hide"")*(COUNTIFS(GI804:GN804,""<>""&0)>0))",Backend UI Toggle
Improvements,GC805,"=1/(((GD805=""Show""))+(GD805<>""Hide"")*(GN805))",Backend UI Toggle
Improvements,GC806,"=1/(((GD806=""Show""))+(GD806<>""Hide"")*(GN806))",Backend UI Toggle
Improvements,GC807,"=1/(((GD807=""Show""))+(GD807<>""Hide"")*(GN807))",Backend UI Toggle
Improvements,GC811,"=1/(((GD811=""Show""))+(GD811<>""Hide"")*((pvaPropertyTypeKey=""Multi-Family|Affordable"")+(pvaPropertyTypeKey=""Multi-Family|All"")))",Backend UI Toggle
Improvements,GP817,"=1/(((GQ817=""Show""))+(GQ817<>""Hide"")*(GW817))",Backend UI Toggle
Improvements,GP818,"=1/(((GQ818=""Show""))+(GQ818<>""Hide"")*(GW818))",Backend UI Toggle
Improvements,GP819,"=1/(((GQ819=""Show""))+(GQ819<>""Hide"")*(GW819))",Backend UI Toggle
Improvements,GP820,"=1/(((GQ820=""Show""))+(GQ820<>""Hide"")*(GW820))",Backend UI Toggle
Improvements,GP821,"=1/(((GQ821=""Show""))+(GQ821<>""Hide"")*(GW821))",Backend UI Toggle
Improvements,GP822,"=1/(((GQ822=""Show""))+(GQ822<>""Hide"")*(GW822))",Backend UI Toggle
Improvements,GP823,"=1/(((GQ823=""Show""))+(GQ823<>""Hide"")*(GW823))",Backend UI Toggle
Improvements,GP824,"=1/(((GQ824=""Show""))+(GQ824<>""Hide"")*(GW824))",Backend UI Toggle
Improvements,GP825,"=1/(((GQ825=""Show""))+(GQ825<>""Hide"")*(GW825))",Backend UI Toggle
Improvements,HS844,"=1/((HS845=""Show"")+(HS845<>""Hide""))",Backend UI Toggle
Improvements,HT844,"=1/((HT845=""Show"")+(HT845<>""Hide""))",Backend UI Toggle
Improvements,HU844,"=1/((HU845=""Show"")+(HU845<>""Hide""))",Backend UI Toggle
Improvements,HV844,"=1/((HV845=""Show"")+(HV845<>""Hide""))",Backend UI Toggle
Improvements,HW844,"=1/((HW845=""Show"")+(HW845<>""Hide""))",Backend UI Toggle
Improvements,HO849,"=1/((HP849=""Show"")+((HP849<>""Hide"")*(HS849<>"""")))",Backend UI Toggle
Improvements,HO850,"=1/((HP850=""Show"")+((HP850<>""Hide"")*(HS850<>"""")))",Backend UI Toggle
Improvements,HO851,"=1/((HP851=""Show"")+((HP851<>""Hide"")*(HS851<>"""")))",Backend UI Toggle
Improvements,HO852,"=1/((HP852=""Show"")+((HP852<>""Hide"")*(HS852<>"""")))",Backend UI Toggle
Improvements,HO853,"=1/((HP853=""Show"")+((HP853<>""Hide"")*(HS853<>"""")))",Backend UI Toggle
Improvements,HO854,"=1/((HP854=""Show"")+((HP854<>""Hide"")*(HS854<>"""")))",Backend UI Toggle
Improvements,HO855,"=1/((HP855=""Show"")+((HP855<>""Hide"")*(HS855<>"""")))",Backend UI Toggle
Improvements,HO856,"=1/((HP856=""Show"")+((HP856<>""Hide"")*(HS856<>"""")))",Backend UI Toggle
Improvements,HO857,"=1/((HP857=""Show"")+((HP857<>""Hide"")*(HS857<>"""")))",Backend UI Toggle
Improvements,HO858,"=1/((HP858=""Show"")+((HP858<>""Hide"")*(HS858<>"""")))",Backend UI Toggle
Improvements,HO859,"=1/((HP859=""Show"")+((HP859<>""Hide"")*(HS859<>"""")))",Backend UI Toggle
Improvements,HO860,"=1/((HP860=""Show"")+((HP860<>""Hide"")*(HS860<>"""")))",Backend UI Toggle
Improvements,HO861,"=1/((HP861=""Show"")+((HP861<>""Hide"")*(HS861<>"""")))",Backend UI Toggle
Improvements,HO862,"=1/((HP862=""Show"")+((HP862<>""Hide"")*(HS862<>"""")))",Backend UI Toggle
Improvements,HO863,"=1/((HP863=""Show"")+((HP863<>""Hide"")*(HS863<>"""")))",Backend UI Toggle
Improvements,HO864,"=1/(((HP864=""Show""))+(HP864<>""Hide""))",Backend UI Toggle
Improvements,HO865,"=1/((HP865=""Show"")+((HP865<>""Hide"")*(HO866)))",Backend UI Toggle
Improvements,HO866,"=1/((HP866=""Show"")+((HP866<>""Hide"")*(COUNTIFS(HO867:HO873,"">0"")>0)))",Backend UI Toggle
Improvements,HO867,"=1/((HP867=""Show"")+((HP867<>""Hide"")*(HS867<>"""")))",Backend UI Toggle
Improvements,HO868,"=1/((HP868=""Show"")+((HP868<>""Hide"")*(HS868<>"""")))",Backend UI Toggle
Improvements,HO869,"=1/((HP869=""Show"")+((HP869<>""Hide"")*(HS869<>"""")))",Backend UI Toggle
Improvements,HO870,"=1/((HP870=""Show"")+((HP870<>""Hide"")*(HS870<>"""")))",Backend UI Toggle
Improvements,HO871,"=1/((HP871=""Show"")+((HP871<>""Hide"")*(HS871<>"""")))",Backend UI Toggle
Improvements,HO872,"=1/((HP872=""Show"")+((HP872<>""Hide"")*(HS872<>"""")))",Backend UI Toggle
Improvements,HO873,"=1/((HP873=""Show"")+((HP873<>""Hide"")*((HT873>0)+(HU873>0))))",Backend UI Toggle
Improvements,HO874,"=1/((HP874=""Show"")+((HP874<>""Hide"")*(HO875)))",Backend UI Toggle
Improvements,HO875,"=1/((HP875=""Show"")+((HP875<>""Hide"")*(COUNTIFS(HO876:HO882,"">0"")>0)))",Backend UI Toggle
Improvements,HO876,"=1/((HP876=""Show"")+((HP876<>""Hide"")*(HS876<>"""")))",Backend UI Toggle
Improvements,HO877,"=1/((HP877=""Show"")+((HP877<>""Hide"")*(HS877<>"""")))",Backend UI Toggle
Improvements,HO878,"=1/((HP878=""Show"")+((HP878<>""Hide"")*(HS878<>"""")))",Backend UI Toggle
Improvements,HO879,"=1/((HP879=""Show"")+((HP879<>""Hide"")*(HS879<>"""")))",Backend UI Toggle
Improvements,HO880,"=1/((HP880=""Show"")+((HP880<>""Hide"")*(HS880<>"""")))",Backend UI Toggle
Improvements,HO881,"=1/((HP881=""Show"")+((HP881<>""Hide"")*(HS881<>"""")))",Backend UI Toggle
Improvements,HO882,"=1/((HP882=""Show"")+((HP882<>""Hide"")*(HT882>0)))",Backend UI Toggle
Improvements,HO883,"=1/((HP883=""Show"")+((HP883<>""Hide"")*(HO884)))",Backend UI Toggle
Improvements,HO884,"=1/((HP884=""Show"")+((HP884<>""Hide"")*(COUNTIFS(HO885:HO885,"">0"")>0)))",Backend UI Toggle
Improvements,HO885,"=1/((HP885=""Show"")+((HP885<>""Hide"")*(HS885<>"""")))",Backend UI Toggle
Improvements,HO886,"=1/((HP886=""Show"")+((HP886<>""Hide"")*(HO887)))",Backend UI Toggle
Improvements,HO887,"=1/((HP887=""Show"")+((HP887<>""Hide"")*(COUNTIFS(HO888:HO892,"">0"")>0)))",Backend UI Toggle
Improvements,HO888,"=1/((HP888=""Show"")+((HP888<>""Hide"")*(HS888<>"""")))",Backend UI Toggle
Improvements,HO889,"=1/((HP889=""Show"")+((HP889<>""Hide"")*(HS889<>"""")))",Backend UI Toggle
Improvements,HO890,"=1/((HP890=""Show"")+((HP890<>""Hide"")*(HS890<>"""")))",Backend UI Toggle
Improvements,HO891,"=1/((HP891=""Show"")+((HP891<>""Hide"")*(HS891<>"""")))",Backend UI Toggle
Improvements,HO892,"=1/((HP892=""Show"")+((HP892<>""Hide"")*(HS892<>"""")))",Backend UI Toggle
Improvements,HO893,"=1/((HP893=""Show"")+((HP893<>""Hide"")*(HO894)))",Backend UI Toggle
Improvements,HO894,"=1/((HP894=""Show"")+((HP894<>""Hide"")*(COUNTIFS(HO895:HO954,"">0"")>0)))",Backend UI Toggle
Improvements,HO895,"=1/((HP895=""Show"")+((HP895<>""Hide"")*((HS895<>"""")+(HV895<>""""))))",Backend UI Toggle
Improvements,HO896,"=1/((HP896=""Show"")+((HP896<>""Hide"")*((HS896<>"""")+(HV896<>""""))))",Backend UI Toggle
Improvements,HO897,"=1/((HP897=""Show"")+((HP897<>""Hide"")*((HS897<>"""")+(HV897<>""""))))",Backend UI Toggle
Improvements,HO898,"=1/((HP898=""Show"")+((HP898<>""Hide"")*((HS898<>"""")+(HV898<>""""))))",Backend UI Toggle
Improvements,HO899,"=1/((HP899=""Show"")+((HP899<>""Hide"")*((HS899<>"""")+(HV899<>""""))))",Backend UI Toggle
Improvements,HO900,"=1/((HP900=""Show"")+((HP900<>""Hide"")*((HS900<>"""")+(HV900<>""""))))",Backend UI Toggle
Improvements,HO901,"=1/((HP901=""Show"")+((HP901<>""Hide"")*((HS901<>"""")+(HV901<>""""))))",Backend UI Toggle
Improvements,HO902,"=1/((HP902=""Show"")+((HP902<>""Hide"")*((HS902<>"""")+(HV902<>""""))))",Backend UI Toggle
Improvements,HO903,"=1/((HP903=""Show"")+((HP903<>""Hide"")*((HS903<>"""")+(HV903<>""""))))",Backend UI Toggle
Improvements,HO904,"=1/((HP904=""Show"")+((HP904<>""Hide"")*((HS904<>"""")+(HV904<>""""))))",Backend UI Toggle
Improvements,HO905,"=1/((HP905=""Show"")+((HP905<>""Hide"")*((HS905<>"""")+(HV905<>""""))))",Backend UI Toggle
Improvements,HO906,"=1/((HP906=""Show"")+((HP906<>""Hide"")*((HS906<>"""")+(HV906<>""""))))",Backend UI Toggle
Improvements,HO907,"=1/((HP907=""Show"")+((HP907<>""Hide"")*((HS907<>"""")+(HV907<>""""))))",Backend UI Toggle
Improvements,HO908,"=1/((HP908=""Show"")+((HP908<>""Hide"")*((HS908<>"""")+(HV908<>""""))))",Backend UI Toggle
Improvements,HO909,"=1/((HP909=""Show"")+((HP909<>""Hide"")*((HS909<>"""")+(HV909<>""""))))",Backend UI Toggle
Improvements,HO910,"=1/((HP910=""Show"")+((HP910<>""Hide"")*((HS910<>"""")+(HV910<>""""))))",Backend UI Toggle
Improvements,HO911,"=1/((HP911=""Show"")+((HP911<>""Hide"")*((HS911<>"""")+(HV911<>""""))))",Backend UI Toggle
Improvements,HO912,"=1/((HP912=""Show"")+((HP912<>""Hide"")*((HS912<>"""")+(HV912<>""""))))",Backend UI Toggle
Improvements,HO913,"=1/((HP913=""Show"")+((HP913<>""Hide"")*((HS913<>"""")+(HV913<>""""))))",Backend UI Toggle
Improvements,HO914,"=1/((HP914=""Show"")+((HP914<>""Hide"")*((HS914<>"""")+(HV914<>""""))))",Backend UI Toggle
Improvements,HO915,"=1/((HP915=""Show"")+((HP915<>""Hide"")*((HS915<>"""")+(HV915<>""""))))",Backend UI Toggle
Improvements,HO916,"=1/((HP916=""Show"")+((HP916<>""Hide"")*((HS916<>"""")+(HV916<>""""))))",Backend UI Toggle
Improvements,HO917,"=1/((HP917=""Show"")+((HP917<>""Hide"")*((HS917<>"""")+(HV917<>""""))))",Backend UI Toggle
Improvements,HO918,"=1/((HP918=""Show"")+((HP918<>""Hide"")*((HS918<>"""")+(HV918<>""""))))",Backend UI Toggle
Improvements,HO919,"=1/((HP919=""Show"")+((HP919<>""Hide"")*((HS919<>"""")+(HV919<>""""))))",Backend UI Toggle
Improvements,HO920,"=1/((HP920=""Show"")+((HP920<>""Hide"")*((HS920<>"""")+(HV920<>""""))))",Backend UI Toggle
Improvements,HO921,"=1/((HP921=""Show"")+((HP921<>""Hide"")*((HS921<>"""")+(HV921<>""""))))",Backend UI Toggle
Improvements,HO922,"=1/((HP922=""Show"")+((HP922<>""Hide"")*((HS922<>"""")+(HV922<>""""))))",Backend UI Toggle
Improvements,HO923,"=1/((HP923=""Show"")+((HP923<>""Hide"")*((HS923<>"""")+(HV923<>""""))))",Backend UI Toggle
Improvements,HO924,"=1/((HP924=""Show"")+((HP924<>""Hide"")*((HS924<>"""")+(HV924<>""""))))",Backend UI Toggle
Improvements,HO925,"=1/((HP925=""Show"")+((HP925<>""Hide"")*((HS925<>"""")+(HV925<>""""))))",Backend UI Toggle
Improvements,HO926,"=1/((HP926=""Show"")+((HP926<>""Hide"")*((HS926<>"""")+(HV926<>""""))))",Backend UI Toggle
Improvements,HO927,"=1/((HP927=""Show"")+((HP927<>""Hide"")*((HS927<>"""")+(HV927<>""""))))",Backend UI Toggle
Improvements,HO928,"=1/((HP928=""Show"")+((HP928<>""Hide"")*((HS928<>"""")+(HV928<>""""))))",Backend UI Toggle
Improvements,HO929,"=1/((HP929=""Show"")+((HP929<>""Hide"")*((HS929<>"""")+(HV929<>""""))))",Backend UI Toggle
Improvements,HO930,"=1/((HP930=""Show"")+((HP930<>""Hide"")*((HS930<>"""")+(HV930<>""""))))",Backend UI Toggle
Improvements,HO931,"=1/((HP931=""Show"")+((HP931<>""Hide"")*((HS931<>"""")+(HV931<>""""))))",Backend UI Toggle
Improvements,HO932,"=1/((HP932=""Show"")+((HP932<>""Hide"")*((HS932<>"""")+(HV932<>""""))))",Backend UI Toggle
Improvements,HO933,"=1/((HP933=""Show"")+((HP933<>""Hide"")*((HS933<>"""")+(HV933<>""""))))",Backend UI Toggle
Improvements,HO934,"=1/((HP934=""Show"")+((HP934<>""Hide"")*((HS934<>"""")+(HV934<>""""))))",Backend UI Toggle
Improvements,HO935,"=1/((HP935=""Show"")+((HP935<>""Hide"")*((HS935<>"""")+(HV935<>""""))))",Backend UI Toggle
Improvements,HO936,"=1/((HP936=""Show"")+((HP936<>""Hide"")*((HS936<>"""")+(HV936<>""""))))",Backend UI Toggle
Improvements,HO937,"=1/((HP937=""Show"")+((HP937<>""Hide"")*((HS937<>"""")+(HV937<>""""))))",Backend UI Toggle
Improvements,HO938,"=1/((HP938=""Show"")+((HP938<>""Hide"")*((HS938<>"""")+(HV938<>""""))))",Backend UI Toggle
Improvements,HO939,"=1/((HP939=""Show"")+((HP939<>""Hide"")*((HS939<>"""")+(HV939<>""""))))",Backend UI Toggle
Improvements,HO940,"=1/((HP940=""Show"")+((HP940<>""Hide"")*((HS940<>"""")+(HV940<>""""))))",Backend UI Toggle
Improvements,HO941,"=1/((HP941=""Show"")+((HP941<>""Hide"")*((HS941<>"""")+(HV941<>""""))))",Backend UI Toggle
Improvements,HO942,"=1/((HP942=""Show"")+((HP942<>""Hide"")*((HS942<>"""")+(HV942<>""""))))",Backend UI Toggle
Improvements,HO943,"=1/((HP943=""Show"")+((HP943<>""Hide"")*((HS943<>"""")+(HV943<>""""))))",Backend UI Toggle
Improvements,HO944,"=1/((HP944=""Show"")+((HP944<>""Hide"")*((HS944<>"""")+(HV944<>""""))))",Backend UI Toggle
Improvements,HO945,"=1/((HP945=""Show"")+((HP945<>""Hide"")*((HS945<>"""")+(HV945<>""""))))",Backend UI Toggle
Improvements,HO946,"=1/((HP946=""Show"")+((HP946<>""Hide"")*((HS946<>"""")+(HV946<>""""))))",Backend UI Toggle
Improvements,HO947,"=1/((HP947=""Show"")+((HP947<>""Hide"")*((HS947<>"""")+(HV947<>""""))))",Backend UI Toggle
Improvements,HO948,"=1/((HP948=""Show"")+((HP948<>""Hide"")*((HS948<>"""")+(HV948<>""""))))",Backend UI Toggle
Improvements,HO949,"=1/((HP949=""Show"")+((HP949<>""Hide"")*((HS949<>"""")+(HV949<>""""))))",Backend UI Toggle
Improvements,HO950,"=1/((HP950=""Show"")+((HP950<>""Hide"")*((HS950<>"""")+(HV950<>""""))))",Backend UI Toggle
Improvements,HO951,"=1/((HP951=""Show"")+((HP951<>""Hide"")*((HS951<>"""")+(HV951<>""""))))",Backend UI Toggle
Improvements,HO952,"=1/((HP952=""Show"")+((HP952<>""Hide"")*((HS952<>"""")+(HV952<>""""))))",Backend UI Toggle
Improvements,HO953,"=1/((HP953=""Show"")+((HP953<>""Hide"")*((HS953<>"""")+(HV953<>""""))))",Backend UI Toggle
Improvements,HO954,"=1/((HP954=""Show"")+((HP954<>""Hide"")*((HS954<>"""")+(HV954<>""""))))",Backend UI Toggle
Assessment,I2,=1/(Assessment_NoOfParcelsInput>1),Backend UI Toggle
Assessment,K2,"=1/(Assessment_NoOfParcelsInput>=VALUE(SUBSTITUTE(K16,""Parcel "","""")))",Backend UI Toggle
Assessment,L2,"=1/(Assessment_NoOfParcelsInput>=VALUE(SUBSTITUTE(L16,""Parcel "","""")))",Backend UI Toggle
Assessment,M2,"=1/(Assessment_NoOfParcelsInput>=VALUE(SUBSTITUTE(M16,""Parcel "","""")))",Backend UI Toggle
Assessment,N2,"=1/(Assessment_NoOfParcelsInput>=VALUE(SUBSTITUTE(N16,""Parcel "","""")))",Backend UI Toggle
Assessment,O2,"=1/(Assessment_NoOfParcelsInput>=VALUE(SUBSTITUTE(O16,""Parcel "","""")))",Backend UI Toggle
Assessment,P2,"=1/(Assessment_NoOfParcelsInput>=VALUE(SUBSTITUTE(P16,""Parcel "","""")))",Backend UI Toggle
Assessment,Q2,"=1/(Assessment_NoOfParcelsInput>=VALUE(SUBSTITUTE(Q16,""Parcel "","""")))",Backend UI Toggle
Assessment,R2,"=1/(Assessment_NoOfParcelsInput>=VALUE(SUBSTITUTE(R16,""Parcel "","""")))",Backend UI Toggle
Assessment,S2,"=1/(Assessment_NoOfParcelsInput>=VALUE(SUBSTITUTE(S16,""Parcel "","""")))",Backend UI Toggle
Assessment,T2,"=1/(Assessment_NoOfParcelsInput>=VALUE(SUBSTITUTE(T16,""Parcel "","""")))",Backend UI Toggle
Assessment,U2,"=1/(Assessment_NoOfParcelsInput>=VALUE(SUBSTITUTE(U16,""Parcel "","""")))",Backend UI Toggle
Assessment,V2,"=1/(Assessment_NoOfParcelsInput>=VALUE(SUBSTITUTE(V16,""Parcel "","""")))",Backend UI Toggle
Assessment,W2,"=1/(Assessment_NoOfParcelsInput>=VALUE(SUBSTITUTE(W16,""Parcel "","""")))",Backend UI Toggle
Assessment,X2,"=1/(Assessment_NoOfParcelsInput>=VALUE(SUBSTITUTE(X16,""Parcel "","""")))",Backend UI Toggle
Assessment,Y2,"=1/(Assessment_NoOfParcelsInput>=VALUE(SUBSTITUTE(Y16,""Parcel "","""")))",Backend UI Toggle
Assessment,Z2,"=1/(Assessment_NoOfParcelsInput>=VALUE(SUBSTITUTE(Z16,""Parcel "","""")))",Backend UI Toggle
Assessment,AA2,"=1/(Assessment_NoOfParcelsInput>=VALUE(SUBSTITUTE(AA16,""Parcel "","""")))",Backend UI Toggle
Assessment,AB2,"=1/(Assessment_NoOfParcelsInput>=VALUE(SUBSTITUTE(AB16,""Parcel "","""")))",Backend UI Toggle
Assessment,AC2,"=1/(Assessment_NoOfParcelsInput>=VALUE(SUBSTITUTE(AC16,""Parcel "","""")))",Backend UI Toggle
Assessment,AI66,"=1/((AK66=""Show"")+(AK66<>""Hide"")*(AN66<>0))",Backend UI Toggle
Assessment,AI67,"=1/((AK67=""Show"")+(AK67<>""Hide"")*(AN67<>0))",Backend UI Toggle
Assessment,AI68,"=1/((AK68=""Show"")+(AK68<>""Hide"")*(AN68<>0))",Backend UI Toggle
Assessment,AI69,"=1/((AK69=""Show"")+(AK69<>""Hide"")*(AN69<>0))",Backend UI Toggle
Assessment,AI70,"=1/((AK70=""Show"")+(AK70<>""Hide"")*(AN70<>0))",Backend UI Toggle
Assessment,AI71,"=1/((AK71=""Show"")+(AK71<>""Hide"")*(AN71<>0))",Backend UI Toggle
Assessment,AI72,"=1/((AK72=""Show"")+(AK72<>""Hide"")*(AN72<>0))",Backend UI Toggle
Assessment,AI73,"=1/((AK73=""Show"")+(AK73<>""Hide"")*(AN73<>0))",Backend UI Toggle
Assessment,AI74,"=1/((AK74=""Show"")+(AK74<>""Hide"")*(AN74<>0))",Backend UI Toggle
Assessment,AI75,"=1/((AK75=""Show"")+(AK75<>""Hide"")*(AN75<>0))",Backend UI Toggle
Assessment,AI76,"=1/((AK76=""Show"")+(AK76<>""Hide"")*(AN76<>0))",Backend UI Toggle
Assessment,AI77,"=1/((AK77=""Show"")+(AK77<>""Hide"")*(AN77<>0))",Backend UI Toggle
Assessment,AZ82,"=1/((AZ84=""Show"")+(AZ84<>""Hide"")*(SUM(AZ88:AZ107)>0))",Backend UI Toggle
Assessment,BA82,"=1/((BA84=""Show"")+(BA84<>""Hide"")*(SUM(BA88:BA107)>0))",Backend UI Toggle
Assessment,BB82,"=1/((BB84=""Show"")+(BB84<>""Hide"")*(SUM(BB88:BB107)>0))",Backend UI Toggle
Assessment,BC82,"=1/((BC84=""Show"")+(BC84<>""Hide"")*(SUM(BC88:BC107)>0))",Backend UI Toggle
Assessment,BD82,"=1/((BD84=""Show"")+(BD84<>""Hide"")*(SUM(BD88:BD107)>0))",Backend UI Toggle
Assessment,BE82,"=1/((BE84=""Show"")+(BE84<>""Hide"")*(SUM(BE88:BE107)>0))",Backend UI Toggle
Assessment,BF82,"=1/((BF84=""Show"")+(BF84<>""Hide"")*(SUM(BF88:BF107)>0))",Backend UI Toggle
Assessment,BG82,"=1/((BG84=""Show"")+(BG84<>""Hide"")*(SUM(BG88:BG107)>0))",Backend UI Toggle
Assessment,BH82,"=1/((BH84=""Show"")+(BH84<>""Hide"")*(SUM(BH88:BH107)>0))",Backend UI Toggle
Assessment,BI82,"=1/((BI84=""Show"")+(BI84<>""Hide"")*(SUM(BI88:BI107)>0))",Backend UI Toggle
Assessment,BJ82,"=1/((BJ84=""Show"")+(BJ84<>""Hide"")*(SUM(BJ88:BJ107)>0))",Backend UI Toggle
Assessment,BK82,"=1/((BK84=""Show"")+(BK84<>""Hide"")*(NOT(ISERROR(BI82))+NOT(ISERROR(BJ82))))",Backend UI Toggle
Assessment,BL82,"=1/((BL84=""Show"")+(BL84<>""Hide"")*(SUM(BL88:BL107)>0))",Backend UI Toggle
Assessment,BM82,"=1/((BM84=""Show"")+(BM84<>""Hide"")*(SUM(BM88:BM107)>0))",Backend UI Toggle
Assessment,BN82,"=1/((BN84=""Show"")+(BN84<>""Hide"")*(SUM(BN88:BN107)>0))",Backend UI Toggle
Assessment,AU89,"=1/((AV89=""Show"")+(AV89<>""Hide"")*(Assessment_NoOfParcelsInput>=VALUE(SUBSTITUTE(AW89,""Parcel "",""""))))",Backend UI Toggle
Assessment,AU90,"=1/((AV90=""Show"")+(AV90<>""Hide"")*(Assessment_NoOfParcelsInput>=VALUE(SUBSTITUTE(AW90,""Parcel "",""""))))",Backend UI Toggle
Assessment,AU91,"=1/((AV91=""Show"")+(AV91<>""Hide"")*(Assessment_NoOfParcelsInput>=VALUE(SUBSTITUTE(AW91,""Parcel "",""""))))",Backend UI Toggle
Assessment,AU92,"=1/((AV92=""Show"")+(AV92<>""Hide"")*(Assessment_NoOfParcelsInput>=VALUE(SUBSTITUTE(AW92,""Parcel "",""""))))",Backend UI Toggle
Assessment,AU93,"=1/((AV93=""Show"")+(AV93<>""Hide"")*(Assessment_NoOfParcelsInput>=VALUE(SUBSTITUTE(AW93,""Parcel "",""""))))",Backend UI Toggle
Assessment,AU94,"=1/((AV94=""Show"")+(AV94<>""Hide"")*(Assessment_NoOfParcelsInput>=VALUE(SUBSTITUTE(AW94,""Parcel "",""""))))",Backend UI Toggle
Assessment,AU95,"=1/((AV95=""Show"")+(AV95<>""Hide"")*(Assessment_NoOfParcelsInput>=VALUE(SUBSTITUTE(AW95,""Parcel "",""""))))",Backend UI Toggle
Assessment,AU96,"=1/((AV96=""Show"")+(AV96<>""Hide"")*(Assessment_NoOfParcelsInput>=VALUE(SUBSTITUTE(AW96,""Parcel "",""""))))",Backend UI Toggle
Assessment,AU97,"=1/((AV97=""Show"")+(AV97<>""Hide"")*(Assessment_NoOfParcelsInput>=VALUE(SUBSTITUTE(AW97,""Parcel "",""""))))",Backend UI Toggle
Assessment,AU98,"=1/((AV98=""Show"")+(AV98<>""Hide"")*(Assessment_NoOfParcelsInput>=VALUE(SUBSTITUTE(AW98,""Parcel "",""""))))",Backend UI Toggle
Assessment,AU99,"=1/((AV99=""Show"")+(AV99<>""Hide"")*(Assessment_NoOfParcelsInput>=VALUE(SUBSTITUTE(AW99,""Parcel "",""""))))",Backend UI Toggle
Assessment,AU100,"=1/((AV100=""Show"")+(AV100<>""Hide"")*(Assessment_NoOfParcelsInput>=VALUE(SUBSTITUTE(AW100,""Parcel "",""""))))",Backend UI Toggle
Assessment,AU101,"=1/((AV101=""Show"")+(AV101<>""Hide"")*(Assessment_NoOfParcelsInput>=VALUE(SUBSTITUTE(AW101,""Parcel "",""""))))",Backend UI Toggle
Assessment,AU102,"=1/((AV102=""Show"")+(AV102<>""Hide"")*(Assessment_NoOfParcelsInput>=VALUE(SUBSTITUTE(AW102,""Parcel "",""""))))",Backend UI Toggle
Assessment,AU103,"=1/((AV103=""Show"")+(AV103<>""Hide"")*(Assessment_NoOfParcelsInput>=VALUE(SUBSTITUTE(AW103,""Parcel "",""""))))",Backend UI Toggle
Assessment,AU104,"=1/((AV104=""Show"")+(AV104<>""Hide"")*(Assessment_NoOfParcelsInput>=VALUE(SUBSTITUTE(AW104,""Parcel "",""""))))",Backend UI Toggle
Assessment,AU105,"=1/((AV105=""Show"")+(AV105<>""Hide"")*(Assessment_NoOfParcelsInput>=VALUE(SUBSTITUTE(AW105,""Parcel "",""""))))",Backend UI Toggle
Assessment,AU106,"=1/((AV106=""Show"")+(AV106<>""Hide"")*(Assessment_NoOfParcelsInput>=VALUE(SUBSTITUTE(AW106,""Parcel "",""""))))",Backend UI Toggle
Assessment,AU107,"=1/((AV107=""Show"")+(AV107<>""Hide"")*(Assessment_NoOfParcelsInput>=VALUE(SUBSTITUTE(AW107,""Parcel "",""""))))",Backend UI Toggle
Assessment,AU109,"=1/((AV109=""Show"")+(AV109<>""Hide"")*(AZ109>0))",Backend UI Toggle
Assessment,BV111,"=1/((BV113=""Show"")+(BV113<>""Hide"")*(BV115<>""""))",Backend UI Toggle
Assessment,BW111,"=1/((BW113=""Show"")+(BW113<>""Hide"")*(BW115<>""""))",Backend UI Toggle
Assessment,BX111,"=1/((BX113=""Show"")+(BX113<>""Hide"")*(BX115<>""""))",Backend UI Toggle
Assessment,BY111,"=1/((BY113=""Show"")+(BY113<>""Hide"")*(BY115<>"""")*('Market Rent'!$TK$364))",Backend UI Toggle
Assessment,BZ111,"=1/((BZ113=""Show"")+(BZ113<>""Hide"")*(BZ115<>"""")*('Market Rent'!$TK$364))",Backend UI Toggle
Assessment,CA111,"=1/((CA113=""Show"")+(CA113<>""Hide"")*(CA115<>"""")*('Market Rent'!$TK$364))",Backend UI Toggle
Assessment,CB111,"=1/((CB113=""Show"")+(CB113<>""Hide"")*(CB115<>"""")*('Market Rent'!$TK$364))",Backend UI Toggle
Assessment,CC111,"=1/((CC113=""Show"")+(CC113<>""Hide"")*(CC115<>"""")*('Market Rent'!$TK$364))",Backend UI Toggle
Assessment,CD111,"=1/((CD113=""Show"")+(CD113<>""Hide"")*(CD115<>"""")*('Market Rent'!$TK$364))",Backend UI Toggle
Assessment,CE111,"=1/((CE113=""Show"")+(CE113<>""Hide"")*(CE115<>"""")*('Market Rent'!$TK$364))",Backend UI Toggle
Assessment,AU117,"=1/((AV117=""Show"")+(AV117<>""Hide"")*(CF117>0))",Backend UI Toggle
Assessment,BQ117,"=1/((BS117=""Show"")+(BS117<>""Hide"")*(BU117<>""""))",Backend UI Toggle
Assessment,BQ118,"=1/((BS118=""Show"")+(BS118<>""Hide"")*(BU118<>""""))",Backend UI Toggle
Assessment,BQ119,"=1/((BS119=""Show"")+(BS119<>""Hide"")*(BU119<>""""))",Backend UI Toggle
Assessment,BQ120,"=1/((BS120=""Show"")+(BS120<>""Hide"")*(BU120<>""""))",Backend UI Toggle
Assessment,BQ121,"=1/((BS121=""Show"")+(BS121<>""Hide"")*(BU121<>""""))",Backend UI Toggle
Assessment,BQ122,"=1/((BS122=""Show"")+(BS122<>""Hide"")*(BU122<>""""))",Backend UI Toggle
Assessment,BQ123,"=1/((BS123=""Show"")+(BS123<>""Hide"")*(BU123<>""""))",Backend UI Toggle
Assessment,BQ124,"=1/((BS124=""Show"")+(BS124<>""Hide"")*(BU124<>""""))",Backend UI Toggle
Assessment,BQ125,"=1/((BS125=""Show"")+(BS125<>""Hide"")*(BU125<>""""))",Backend UI Toggle
Assessment,AU126,"=1/((AV126=""Show"")+(AV126<>""Hide"")*(CF126>0))",Backend UI Toggle
Assessment,BQ126,"=1/((BS126=""Show"")+(BS126<>""Hide"")*(BU126<>""""))",Backend UI Toggle
Assessment,BQ127,"=1/((BS127=""Show"")+(BS127<>""Hide"")*(BU127<>""""))",Backend UI Toggle
Assessment,AU128,"=1/((AV128=""Show"")+(AV128<>""Hide"")*(#REF!>0))",Backend UI Toggle
Assessment,CO131,"=1/((CO133=""Show"")+(CO133<>""Hide"")*(SUM(CO137:CO156)>0))",Backend UI Toggle
Assessment,CP131,"=1/((CP133=""Show"")+(CP133<>""Hide"")*(SUM(CP137:CP156)>0))",Backend UI Toggle
Assessment,CQ131,"=1/((CQ133=""Show"")+(CQ133<>""Hide"")*(SUM(CQ137:CQ156)>0))",Backend UI Toggle
Assessment,CR131,"=1/((CR133=""Show"")+(CR133<>""Hide"")*(SUM(CR137:CR156)>0))",Backend UI Toggle
Assessment,CS131,"=1/((CS133=""Show"")+(CS133<>""Hide"")*(SUM(CS137:CS156)>0))",Backend UI Toggle
Assessment,CT131,"=1/((CT133=""Show"")+(CT133<>""Hide"")*(SUM(CT137:CT156)>0))",Backend UI Toggle
Assessment,CU131,"=1/((CU133=""Show"")+(CU133<>""Hide"")*(SUM(CU137:CU156)>0))",Backend UI Toggle
Assessment,CV131,"=1/((CV133=""Show"")+(CV133<>""Hide"")*(SUM(CV137:CV156)>0))",Backend UI Toggle
Assessment,CW131,"=1/((CW133=""Show"")+(CW133<>""Hide"")*(SUM(CW137:CW156)>0))",Backend UI Toggle
Assessment,CX131,"=1/((CX133=""Show"")+(CX133<>""Hide"")*(SUM(CX137:CX156)>0))",Backend UI Toggle
Assessment,CY131,"=1/((CY133=""Show"")+(CY133<>""Hide"")*(SUM(CY137:CY156)>0))",Backend UI Toggle
Assessment,CZ131,"=1/((CZ133=""Show"")+(CZ133<>""Hide"")*(SUM(CZ137:CZ156)>0))",Backend UI Toggle
Assessment,DA131,"=1/((DA133=""Show"")+(DA133<>""Hide"")*(SUM(DA137:DA156)>0))",Backend UI Toggle
Assessment,DB131,"=1/((DB133=""Show"")+(DB133<>""Hide"")*(SUM(DB137:DB156)>0))",Backend UI Toggle
Assessment,CJ158,"=1/((CK158=""Show"")+(CK158<>""Hide"")*(CO158>0))",Backend UI Toggle
Assessment,DI172,"=1/((DI174=""Show"")+(DI174<>""Hide"")*SUM(DI178:DI182))",Backend UI Toggle
Assessment,DJ172,"=1/((DJ174=""Show"")+(DJ174<>""Hide"")*SUM(DJ178:DJ182))",Backend UI Toggle
Assessment,DK172,"=1/((DK174=""Show"")+(DK174<>""Hide"")*SUM(DK178:DK182))",Backend UI Toggle
Assessment,DL172,"=1/((DL174=""Show"")+(DL174<>""Hide"")*SUM(DL178:DL182)*(NOT('Market Rent'!$TK$364)))",Backend UI Toggle
Assessment,DM172,"=1/((DM174=""Show"")+(DM174<>""Hide"")*SUM(DM178:DM182))",Backend UI Toggle
Assessment,DO172,"=1/((DO174=""Show"")+(DO174<>""Hide"")*SUM(DO178:DO182))",Backend UI Toggle
Assessment,DP172,"=1/((DP174=""Show"")+(DP174<>""Hide"")*SUM(DP178:DP182)*(NOT('Market Rent'!$TK$364)))",Backend UI Toggle
Assessment,DQ172,"=1/((DQ174=""Show"")+(DQ174<>""Hide"")*SUM(DQ178:DQ182)*(NOT('Market Rent'!$TK$364)))",Backend UI Toggle
Assessment,DR172,"=1/((DR174=""Show"")+(DR174<>""Hide"")*SUM(DR178:DR182))",Backend UI Toggle
Assessment,DS172,"=1/((DS174=""Show"")+(DS174<>""Hide"")*SUM(DS178:DS182))",Backend UI Toggle
Assessment,EF215,"=1/((EF217=""Show"")+(EF217<>""Hide"")*SUMIF(EF221:EF231,""<>0"")*(pvaPropertyTypeKey<>""Multi-Family|Mobile/Manufactured Home Park""))",Backend UI Toggle
Assessment,EG215,"=1/((EG217=""Show"")+(EG217<>""Hide"")*(SUMPRODUCT(--(LEN(EG221:EG231)>0),--(EG221:EG231<>0))))",Backend UI Toggle
Assessment,EH215,"=1/((EH217=""Show"")+(EH217<>""Hide"")*(SUMPRODUCT(--(LEN(EH221:EH231)>0),--(EH221:EH231<>0))))",Backend UI Toggle
Assessment,EI215,"=1/((EI217=""Show"")+(EI217<>""Hide"")*(SUMPRODUCT(--(LEN(EI221:EI231)>0),--(EI221:EI231<>0))))",Backend UI Toggle
Assessment,EJ215,"=1/((EJ217=""Show"")+(EJ217<>""Hide"")*(SUMPRODUCT(--(LEN(EJ221:EJ231)>0),--(EJ221:EJ231<>0))))",Backend UI Toggle
Assessment,EK215,"=1/((EK217=""Show"")+(EK217<>""Hide"")*(SUMPRODUCT(--(LEN(EK221:EK231)>0),--(EK221:EK231<>0))))",Backend UI Toggle
Assessment,EL215,"=1/((EL217=""Show"")+(EL217<>""Hide"")*(SUMPRODUCT(--(LEN(EL221:EL231)>0),--(EL221:EL231<>0))))",Backend UI Toggle
Assessment,EM215,"=1/((EM217=""Show"")+(EM217<>""Hide"")*(SUMPRODUCT(--(LEN(EM221:EM231)>0),--(EM221:EM231<>0))))",Backend UI Toggle
Assessment,EN215,"=1/((EN217=""Show"")+(EN217<>""Hide"")*(SUMPRODUCT(--(LEN(EN221:EN231)>0),--(EN221:EN231<>0))))",Backend UI Toggle
Assessment,EP215,"=1/((EP217=""Show"")+(EP217<>""Hide"")*(SUMPRODUCT(--(LEN(EP221:EP231)>0),--(EP221:EP231<>0))))",Backend UI Toggle
Assessment,EQ215,"=1/((EQ217=""Show"")+(EQ217<>""Hide"")*(SUMPRODUCT(--(LEN(EQ221:EQ231)>0),--(EQ221:EQ231<>0))))",Backend UI Toggle
Assessment,ER215,"=1/((ER217=""Show"")+(ER217<>""Hide"")*(SUMPRODUCT(--(LEN(ER221:ER231)>0),--(ER221:ER231<>0))))",Backend UI Toggle
Assessment,ES215,"=1/((ES217=""Show"")+(ES217<>""Hide"")*(SUMPRODUCT(--(LEN(ES221:ES231)>0),--(ES221:ES231<>0))))",Backend UI Toggle
Assessment,ET215,"=1/((ET217=""Show"")+(ET217<>""Hide"")*(SUMPRODUCT(--(LEN(ET221:ET231)>0),--(ET221:ET231<>0))))",Backend UI Toggle
Assessment,EU215,"=1/((EU217=""Show"")+(EU217<>""Hide"")*(SUMPRODUCT(--(LEN(EU221:EU231)>0),--(EU221:EU231<>0))))",Backend UI Toggle
Assessment,EV215,"=1/((EV217=""Show"")+(EV217<>""Hide"")*(SUMPRODUCT(--(LEN(EV221:EV231)>0),--(EV221:EV231<>0))))",Backend UI Toggle
Assessment,EW215,"=1/((EW217=""Show"")+(EW217<>""Hide"")*(SUMPRODUCT(--(LEN(EW221:EW231)>0),--(EW221:EW231<>0))))",Backend UI Toggle
Assessment,EX215,"=1/((EX217=""Show"")+(EX217<>""Hide"")*(SUMPRODUCT(--(LEN(EX221:EX231)>0),--(EX221:EX231<>0))))",Backend UI Toggle
Assessment,EY215,"=1/((EY217=""Show"")+(EY217<>""Hide"")*(SUMPRODUCT(--(LEN(EY221:EY231)>0),--(EY221:EY231<>0))))",Backend UI Toggle
Assessment,EZ215,"=1/((EZ217=""Show"")+(EZ217<>""Hide"")*(SUMPRODUCT(--(LEN(EZ221:EZ231)>0),--(EZ221:EZ231<>0))))",Backend UI Toggle
Assessment,FB215,"=1/((FB217=""Show"")+(FB217<>""Hide"")*(SUMPRODUCT(--(LEN(FB221:FB231)>0),--(FB221:FB231<>0))))",Backend UI Toggle
Assessment,FD215,"=1/((FD217=""Show"")+(FD217<>""Hide"")*(SUMPRODUCT(--(LEN(FD221:FD231)>0),--(FD221:FD231<>0))))",Backend UI Toggle
Assessment,FE215,"=1/((FE217=""Show"")+(FE217<>""Hide"")*(SUMPRODUCT(--(LEN(FE221:FE231)>0),--(FE221:FE231<>0))))",Backend UI Toggle
Assessment,FF215,"=1/((FF217=""Show"")+(FF217<>""Hide"")*(SUMPRODUCT(--(LEN(FF221:FF231)>0),--(FF221:FF231<>0))))",Backend UI Toggle
Assessment,FI215,"=1/((FI217=""Show"")+(FI217<>""Hide"")*(SUMIF(FI221:FI231,""<>0"")))",Backend UI Toggle
Assessment,EA222,"=1/(EE222<>"""")",Backend UI Toggle
Assessment,EA223,"=1/(EE223<>"""")",Backend UI Toggle
Assessment,EA224,"=1/(EE224<>"""")",Backend UI Toggle
Assessment,EA225,"=1/(EE225<>"""")",Backend UI Toggle
Assessment,EA226,"=1/(EE226<>"""")",Backend UI Toggle
Assessment,EA227,"=1/(EE227<>"""")",Backend UI Toggle
Assessment,EA228,"=1/(EE228<>"""")",Backend UI Toggle
Assessment,EA229,"=1/(EE229<>"""")",Backend UI Toggle
Assessment,EA230,"=1/(EE230<>"""")",Backend UI Toggle
Assessment,EA231,"=1/(EE231<>"""")",Backend UI Toggle
Assessment,EA232,"=1/((EB232=""Show"")+(EB232<>""Hide""))",Backend UI Toggle
Assessment,EA233,"=1/((EB233=""Show"")+(EB233<>""Hide""))",Backend UI Toggle
Assessment,EA234,"=1/((EB234=""Show"")+(EB234<>""Hide""))",Backend UI Toggle
Assessment,EA235,"=1/((EB235=""Show"")+(EB235<>""Hide"")*(pvaPropertyTypeKey=""Multi-Family|Mobile/Manufactured Home Park""))",Backend UI Toggle
Assessment,EA236,"=1/((EB236=""Show"")+(EB236<>""Hide"")*(ProForma!DW602)*(pvaPropertyTypeKey=""Multi-Family|Mobile/Manufactured Home Park""))",Backend UI Toggle
Assessment,EA237,"=1/((EB237=""Show"")+(EB237<>""Hide""))",Backend UI Toggle
Assessment,EF241,"=1/((EF243=""Show"")+(EF243<>""Hide"")*(SUMIF(EF247:EF257,""<>0"")))",Backend UI Toggle
Assessment,EG241,"=1/((EG243=""Show"")+(EG243<>""Hide"")*(SUMPRODUCT(--(LEN(EG247:EG257)>0),--(EG247:EG257<>0))))",Backend UI Toggle
Assessment,EH241,"=1/((EH243=""Show"")+(EH243<>""Hide"")*(SUMPRODUCT(--(LEN(EH247:EH257)>0),--(EH247:EH257<>0))))",Backend UI Toggle
Assessment,EI241,"=1/((EI243=""Show"")+(EI243<>""Hide"")*(SUMPRODUCT(--(LEN(EI247:EI257)>0),--(EI247:EI257<>0))))",Backend UI Toggle
Assessment,EJ241,"=1/((EJ243=""Show"")+(EJ243<>""Hide"")*(SUMPRODUCT(--(LEN(EJ247:EJ257)>0),--(EJ247:EJ257<>0))))",Backend UI Toggle
Assessment,EK241,"=1/((EK243=""Show"")+(EK243<>""Hide"")*(SUMPRODUCT(--(LEN(EK247:EK257)>0),--(EK247:EK257<>0))))",Backend UI Toggle
Assessment,EL241,"=1/((EL243=""Show"")+(EL243<>""Hide"")*(SUMPRODUCT(--(LEN(EL247:EL257)>0),--(EL247:EL257<>0))))",Backend UI Toggle
Assessment,EM241,"=1/((EM243=""Show"")+(EM243<>""Hide"")*(SUMPRODUCT(--(LEN(EM247:EM257)>0),--(EM247:EM257<>0))))",Backend UI Toggle
Assessment,EN241,"=1/((EN243=""Show"")+(EN243<>""Hide"")*(SUMPRODUCT(--(LEN(EN247:EN257)>0),--(EN247:EN257<>0))))",Backend UI Toggle
Assessment,EO241,"=1/((EO243=""Show"")+(EO243<>""Hide"")*(SUMPRODUCT(--(LEN(EO247:EO257)>0),--(EO247:EO257<>0))))",Backend UI Toggle
Assessment,EP241,"=1/((EP243=""Show"")+(EP243<>""Hide"")*(SUMPRODUCT(--(LEN(EP247:EP257)>0),--(EP247:EP257<>0))))",Backend UI Toggle
Assessment,EQ241,"=1/((EQ243=""Show"")+(EQ243<>""Hide"")*(SUMPRODUCT(--(LEN(EQ247:EQ257)>0),--(EQ247:EQ257<>0))))",Backend UI Toggle
Assessment,ER241,"=1/((ER243=""Show"")+(ER243<>""Hide"")*(SUMPRODUCT(--(LEN(ER247:ER257)>0),--(ER247:ER257<>0))))",Backend UI Toggle
Assessment,ES241,"=1/((ES243=""Show"")+(ES243<>""Hide"")*(SUMPRODUCT(--(LEN(ES247:ES257)>0),--(ES247:ES257<>0))))",Backend UI Toggle
Assessment,ET241,"=1/((ET243=""Show"")+(ET243<>""Hide"")*(SUMPRODUCT(--(LEN(ET247:ET257)>0),--(ET247:ET257<>0))))",Backend UI Toggle
Assessment,EU241,"=1/((EU243=""Show"")+(EU243<>""Hide"")*(SUMPRODUCT(--(LEN(EU247:EU257)>0),--(EU247:EU257<>0))))",Backend UI Toggle
Assessment,EV241,"=1/((EV243=""Show"")+(EV243<>""Hide"")*(SUMPRODUCT(--(LEN(EV247:EV257)>0),--(EV247:EV257<>0))))",Backend UI Toggle
Assessment,EW241,"=1/((EW243=""Show"")+(EW243<>""Hide"")*(SUMPRODUCT(--(LEN(EW247:EW257)>0),--(EW247:EW257<>0))))",Backend UI Toggle
Assessment,EX241,"=1/((EX243=""Show"")+(EX243<>""Hide"")*(SUMPRODUCT(--(LEN(EX247:EX257)>0),--(EX247:EX257<>0))))",Backend UI Toggle
Assessment,EY241,"=1/((EY243=""Show"")+(EY243<>""Hide"")*(SUMPRODUCT(--(LEN(EY247:EY257)>0),--(EY247:EY257<>0))))",Backend UI Toggle
Assessment,EZ241,"=1/((EZ243=""Show"")+(EZ243<>""Hide"")*(SUMPRODUCT(--(LEN(EZ247:EZ257)>0),--(EZ247:EZ257<>0))))",Backend UI Toggle
Assessment,FA241,"=1/((FA243=""Show"")+(FA243<>""Hide"")*(SUMPRODUCT(--(LEN(FA247:FA257)>0),--(FA247:FA257<>0))))",Backend UI Toggle
Assessment,FB241,"=1/((FB243=""Show"")+(FB243<>""Hide"")*(SUMPRODUCT(--(LEN(FB247:FB257)>0),--(FB247:FB257<>0))))",Backend UI Toggle
Assessment,FC241,"=1/((FC243=""Show"")+(FC243<>""Hide"")*(SUMPRODUCT(--(LEN(FC247:FC257)>0),--(FC247:FC257<>0))))",Backend UI Toggle
Assessment,FD241,"=1/((FD243=""Show"")+(FD243<>""Hide"")*(SUMPRODUCT(--(LEN(FD247:FD257)>0),--(FD247:FD257<>0))))",Backend UI Toggle
Assessment,FE241,"=1/((FE243=""Show"")+(FE243<>""Hide"")*(SUMPRODUCT(--(LEN(FE247:FE257)>0),--(FE247:FE257<>0))))",Backend UI Toggle
Assessment,FF241,"=1/((FF243=""Show"")+(FF243<>""Hide"")*(SUMPRODUCT(--(LEN(FF247:FF257)>0),--(FF247:FF257<>0))))",Backend UI Toggle
Assessment,FI241,"=1/((FI243=""Show"")+(FI243<>""Hide"")*(SUMIF(FI247:FI257,""<>0"")))",Backend UI Toggle
Assessment,EA248,"=1/(EE248<>"""")",Backend UI Toggle
Assessment,EA249,"=1/(EE249<>"""")",Backend UI Toggle
Assessment,EA250,"=1/(EE250<>"""")",Backend UI Toggle
Assessment,EA251,"=1/(EE251<>"""")",Backend UI Toggle
Assessment,EA252,"=1/(EE252<>"""")",Backend UI Toggle
Assessment,EA253,"=1/(EE253<>"""")",Backend UI Toggle
Assessment,EA254,"=1/(EE254<>"""")",Backend UI Toggle
Assessment,EA255,"=1/(EE255<>"""")",Backend UI Toggle
Assessment,EA256,"=1/(EE256<>"""")",Backend UI Toggle
Assessment,EA257,"=1/(EE257<>"""")",Backend UI Toggle
Assessment,EA258,"=1/((EB258=""Show"")+(EB258<>""Hide""))",Backend UI Toggle
Assessment,EA259,"=1/((EB259=""Show"")+(EB259<>""Hide""))",Backend UI Toggle
Assessment,EA260,"=1/((EB260=""Show"")+(EB260<>""Hide""))",Backend UI Toggle
Assessment,EA261,"=1/((EB261=""Show"")+(EB261<>""Hide""))",Backend UI Toggle
Assessment,FX274,=1/($FS$277=FALSE),Backend UI Toggle
Assessment,GJ274,"=1/(SUM(GJ279,GJ290,GJ301,GJ312)*(pvaPropertyTypeKey=""Senior Housing|All"")*(N1DBProvince=""TX""))",Backend UI Toggle
Assessment,GP327,"=1/((GR327=""Show"")+(GR327<>""Hide"")*(ISNUMBER(SEARCH(""Mobile"",pvaPropertyTypeKey))))",Backend UI Toggle
Assessment,HG335,"=1/((HG336=""Show"")+(HG336<>""Hide""))",Backend UI Toggle
Assessment,HH335,"=1/((HH336=""Show"")+((HH336<>""Hide"")*(HH350<>"""")))",Backend UI Toggle
Assessment,HI335,"=1/((HI336=""Show"")+((HI336<>""Hide"")*(HI350<>"""")))",Backend UI Toggle
Assessment,HJ335,"=1/((HJ336=""Show"")+((HJ336<>""Hide"")*(HJ350<>"""")))",Backend UI Toggle
Assessment,HK335,"=1/((HK336=""Show"")+((HK336<>""Hide"")*(HK350<>"""")))",Backend UI Toggle
Assessment,HL335,"=1/((HL336=""Show"")+((HL336<>""Hide"")*(HL350<>"""")))",Backend UI Toggle
Assessment,HM335,"=1/((HM336=""Show"")+((HM336<>""Hide"")*(HM350<>"""")))",Backend UI Toggle
Assessment,HC340,"=1/(((HD340=""Show""))+(HD340<>""Hide""))",Backend UI Toggle
Assessment,HC341,"=1/(((HD341=""Show""))+(HD341<>""Hide""))",Backend UI Toggle
Assessment,HC342,"=1/(((HD342=""Show""))+(HD342<>""Hide""))",Backend UI Toggle
Assessment,HC343,"=1/(((HD343=""Show""))+(HD343<>""Hide""))",Backend UI Toggle
Assessment,HC344,"=1/(((HD344=""Show""))+(HD344<>""Hide""))",Backend UI Toggle
Assessment,HC345,"=1/(((HD345=""Show""))+(HD345<>""Hide""))",Backend UI Toggle
Assessment,HC346,"=1/(((HD346=""Show""))+(HD346<>""Hide""))",Backend UI Toggle
Assessment,HC347,"=1/(((HD347=""Show""))+(HD347<>""Hide""))",Backend UI Toggle
Assessment,HC348,"=1/(((HD348=""Show""))+(HD348<>""Hide""))",Backend UI Toggle
Assessment,HC349,"=1/(((HD349=""Show""))+((HD349<>""Hide"")*(SUM(HH349:HM349)>0)))",Backend UI Toggle
Assessment,HC350,"=1/(((HD350=""Show""))+(HD350<>""Hide""))",Backend UI Toggle
Assessment,HT355,"=1/((HT356=""Show"")+(HT356<>""Hide""))",Backend UI Toggle
Assessment,HP360,"=1/(((HQ360=""Show""))+(HQ360<>""Hide"")*(HT360<>""""))",Backend UI Toggle
Assessment,HP361,"=1/(((HQ361=""Show""))+(HQ361<>""Hide"")*(HT361<>""""))",Backend UI Toggle
Assessment,HP362,"=1/(((HQ362=""Show""))+(HQ362<>""Hide"")*(HT362<>""""))",Backend UI Toggle
Assessment,HP363,"=1/(((HQ363=""Show""))+(HQ363<>""Hide"")*(HT363<>""""))",Backend UI Toggle
Assessment,HP364,"=1/(((HQ364=""Show""))+(HQ364<>""Hide"")*(HT364<>""""))",Backend UI Toggle
Assessment,HP365,"=1/(((HQ365=""Show""))+(HQ365<>""Hide"")*(HT365<>""""))",Backend UI Toggle
Assessment,HP366,"=1/(((HQ366=""Show""))+(HQ366<>""Hide"")*(HT366<>""""))",Backend UI Toggle
Assessment,HP367,"=1/(((HQ367=""Show""))+(HQ367<>""Hide"")*(HT367<>""""))",Backend UI Toggle
Assessment,HP368,"=1/(((HQ368=""Show""))+(HQ368<>""Hide"")*(HT368<>""""))",Backend UI Toggle
Assessment,HP369,"=1/(((HQ369=""Show""))+(HQ369<>""Hide"")*(HT369<>""""))",Backend UI Toggle
Assessment,HP370,"=1/(((HQ370=""Show""))+(HQ370<>""Hide"")*(HT370<>""""))",Backend UI Toggle
Assessment,HP371,"=1/(((HQ371=""Show""))+(HQ371<>""Hide"")*(HT371<>""""))",Backend UI Toggle
Assessment,HP372,"=1/(((HQ372=""Show""))+(HQ372<>""Hide"")*(HT372<>""""))",Backend UI Toggle
Assessment,HP373,"=1/(((HQ373=""Show""))+(HQ373<>""Hide"")*(HT373<>""""))",Backend UI Toggle
Assessment,HP374,"=1/(((HQ374=""Show""))+(HQ374<>""Hide"")*(HT374<>""""))",Backend UI Toggle
Assessment,HP375,"=1/(((HQ375=""Show""))+(HQ375<>""Hide"")*(HT375<>""""))",Backend UI Toggle
Assessment,HP376,"=1/(((HQ376=""Show""))+(HQ376<>""Hide"")*(HT376<>""""))",Backend UI Toggle
Assessment,HP377,"=1/(((HQ377=""Show""))+(HQ377<>""Hide"")*(HT377<>""""))",Backend UI Toggle
Assessment,HP378,"=1/(((HQ378=""Show""))+(HQ378<>""Hide"")*(HT378<>""""))",Backend UI Toggle
Assessment,HP379,"=1/(((HQ379=""Show""))+(HQ379<>""Hide"")*(HT379<>""""))",Backend UI Toggle
Assessment,HP380,"=1/(((HQ380=""Show""))+(HQ380<>""Hide"")*(HT380<>""""))",Backend UI Toggle
Assessment,HP381,"=1/(((HQ381=""Show""))+(HQ381<>""Hide"")*(HT381<>""""))",Backend UI Toggle
Land Valuation,F7,"=1/((G7=""Show"")+(G7<>""Hide"")*(LEN(K7)>1)*D7)",Backend UI Toggle
Land Valuation,F8,"=1/((G8=""Show"")+(G8<>""Hide"")*(LEN(K8)>1)*D8)",Backend UI Toggle
Land Valuation,F9,"=1/((G9=""Show"")+(G9<>""Hide"")*(LEN(K9)>1)*D9)",Backend UI Toggle
Land Valuation,F10,"=1/((G10=""Show"")+(G10<>""Hide"")*(LEN(K10)>1)*D10)",Backend UI Toggle
Land Valuation,F11,"=1/((G11=""Show"")+(G11<>""Hide"")*(LEN(K11)>1)*D11)",Backend UI Toggle
Land Valuation,F12,"=1/((G12=""Show"")+(G12<>""Hide"")*(LEN(K12)>1)*D12)",Backend UI Toggle
Land Valuation,F13,"=1/((G13=""Show"")+(G13<>""Hide"")*(LEN(K13)>1)*D13)",Backend UI Toggle
Land Valuation,F14,"=1/((G14=""Show"")+(G14<>""Hide"")*(LEN(K14)>1)*D14)",Backend UI Toggle
Land Valuation,F15,"=1/((G15=""Show"")+(G15<>""Hide"")*(LEN(K15)>1)*D15)",Backend UI Toggle
Land Valuation,F16,"=1/((G16=""Show"")+(G16<>""Hide"")*(LEN(K16)>1)*D16)",Backend UI Toggle
Land Valuation,F17,"=1/((G17=""Show"")+(G17<>""Hide"")*(LEN(K17)>1)*D17)",Backend UI Toggle
Land Valuation,F18,"=1/((G18=""Show"")+(G18<>""Hide"")*(LEN(K18)>1)*D18)",Backend UI Toggle
Land Valuation,F19,"=1/((G19=""Show"")+(G19<>""Hide"")*(LEN(K19)>1)*D19)",Backend UI Toggle
Land Valuation,F20,"=1/((G20=""Show"")+(G20<>""Hide"")*(LEN(K20)>1)*D20)",Backend UI Toggle
Land Valuation,F21,"=1/((G21=""Show"")+(G21<>""Hide"")*(LEN(K21)>1)*D21)",Backend UI Toggle
Land Valuation,AE33,"=1/((AE34=""Show"")+(AE34<>""Hide"")*SUM(AE60:AE77))",Backend UI Toggle
Land Valuation,AI33,"=1/((AI34=""Show"")+(AI34<>""Hide""))",Backend UI Toggle
Land Valuation,Y78,"=1/(Z78<>""Hide"")",Backend UI Toggle
Land Valuation,BG96,"=1/((BG97=""Show"")+(BG97<>""Hide"")*(pvaPropertyTypeKey<>""Healthcare|All""))",Backend UI Toggle
Land Valuation,BA101,"=1/((BB101=""Show"")+(BB101<>""Hide"")*(BE101<>"""")*(BE101<>0)*AY101)",Backend UI Toggle
Land Valuation,BA102,"=1/((BB102=""Show"")+(BB102<>""Hide"")*(BE102<>"""")*(BE102<>0)*AY102)",Backend UI Toggle
Land Valuation,BA103,"=1/((BB103=""Show"")+(BB103<>""Hide"")*(BE103<>"""")*(BE103<>0)*AY103)",Backend UI Toggle
Land Valuation,BA104,"=1/((BB104=""Show"")+(BB104<>""Hide"")*(BE104<>"""")*(BE104<>0)*AY104)",Backend UI Toggle
Land Valuation,BA105,"=1/((BB105=""Show"")+(BB105<>""Hide"")*(BE105<>"""")*(BE105<>0)*AY105)",Backend UI Toggle
Land Valuation,BA106,"=1/((BB106=""Show"")+(BB106<>""Hide"")*(BE106<>"""")*(BE106<>0)*AY106)",Backend UI Toggle
Land Valuation,BA107,"=1/((BB107=""Show"")+(BB107<>""Hide"")*(BE107<>"""")*(BE107<>0)*AY107)",Backend UI Toggle
Land Valuation,BA108,"=1/((BB108=""Show"")+(BB108<>""Hide"")*(BE108<>"""")*(BE108<>0)*AY108)",Backend UI Toggle
Land Valuation,BA109,"=1/((BB109=""Show"")+(BB109<>""Hide"")*(BE109<>"""")*(BE109<>0)*AY109)",Backend UI Toggle
Land Valuation,BA110,"=1/((BB110=""Show"")+(BB110<>""Hide"")*(BE110<>"""")*(BE110<>0)*AY110)",Backend UI Toggle
Land Valuation,BA111,"=1/((BB111=""Show"")+(BB111<>""Hide"")*(BE111<>"""")*(BE111<>0)*AY111)",Backend UI Toggle
Land Valuation,BA112,"=1/((BB112=""Show"")+(BB112<>""Hide"")*(BE112<>"""")*(BE112<>0)*AY112)",Backend UI Toggle
Land Valuation,BA113,"=1/((BB113=""Show"")+(BB113<>""Hide"")*(BE113<>"""")*(BE113<>0)*AY113)",Backend UI Toggle
Land Valuation,BA114,"=1/((BB114=""Show"")+(BB114<>""Hide"")*(BE114<>"""")*(BE114<>0)*AY114)",Backend UI Toggle
Land Valuation,BA115,"=1/((BB115=""Show"")+(BB115<>""Hide"")*(BE115<>"""")*(BE115<>0)*AY115)",Backend UI Toggle
Land Valuation,BA116,"=1/((BB116=""Show"")+(BB116<>""Hide"")*(BE116<>"""")*(BE116<>0)*AY116)",Backend UI Toggle
Land Valuation,BA117,"=1/((BB117=""Show"")+(BB117<>""Hide"")*(BE117<>"""")*(BE117<>0)*AY117)",Backend UI Toggle
Land Valuation,BA118,"=1/((BB118=""Show"")+(BB118<>""Hide"")*(BE118<>"""")*(BE118<>0)*AY118)",Backend UI Toggle
Land Valuation,BA119,"=1/((BB119=""Show"")+(BB119<>""Hide"")*(BE119<>"""")*(BE119<>0)*AY119)",Backend UI Toggle
Land Valuation,BA120,"=1/((BB120=""Show"")+(BB120<>""Hide"")*(BE120<>"""")*(BE120<>0)*AY120)",Backend UI Toggle
Land Valuation,BZ136,"=1/((CA136=""Show"")+(CA136<>""Hide""))",Backend UI Toggle
Land Valuation,BZ137,"=1/((CA137=""Show"")+(CA137<>""Hide""))",Backend UI Toggle
Land Valuation,BZ138,"=1/((CA138=""Show"")+(CA138<>""Hide""))",Backend UI Toggle
Land Valuation,BZ139,"=1/((CA139=""Show"")+(CA139<>""Hide""))",Backend UI Toggle
Land Valuation,BZ141,"=1/((CA141=""Show"")+(CA141<>""Hide"")*SUM(CF141:CQ141))",Backend UI Toggle
Land Valuation,BZ143,"=1/((CA143=""Show"")+(CA143<>""Hide"")*(CD143<>""""))",Backend UI Toggle
Land Valuation,BZ144,"=1/((CA144=""Show"")+(CA144<>""Hide"")*(pvaGridPropertyTypeKey=""Retail-Commercial|All"")*(CD144<>""""))",Backend UI Toggle
Land Valuation,BZ145,"=1/((CA145=""Show"")+(CA145<>""Hide"")*(pvaGridPropertyTypeKey=""Retail-Commercial|All"")*(CD145<>""""))",Backend UI Toggle
Land Valuation,BZ146,"=1/((CA146=""Show"")+(CA146<>""Hide"")*(pvaGridPropertyTypeKey=""Multi-Family|Mobile/Manufactured Home Park"")*(CD146<>""""))",Backend UI Toggle
Land Valuation,BZ147,"=1/((CA147=""Show"")+(CA147<>""Hide"")*(pvaGridPropertyTypeKey=""Multi-Family|Mobile/Manufactured Home Park"")*(CD147<>""""))",Backend UI Toggle
Land Valuation,BZ148,"=1/((CA148=""Show"")+(CA148<>""Hide"")*(pvaGridPropertyTypeKey=""Multi-Family|Mobile/Manufactured Home Park"")*(CD148<>""""))",Backend UI Toggle
Land Valuation,BZ149,"=1/((CA149=""Show"")+(CA149<>""Hide"")*(pvaGridPropertyTypeKey=""Multi-Family|All"")*(CD149<>""""))",Backend UI Toggle
Land Valuation,BZ150,"=1/((CA150=""Show"")+(CA150<>""Hide"")*(pvaGridPropertyTypeKey=""Multi-Family|All"")*(CD150<>""""))",Backend UI Toggle
Land Valuation,BZ174,"=1/((CA174=""Show"")+(CA174<>""Hide"")*(CD174<>0)*(CD174<>"""")*BP175)",Backend UI Toggle
Land Valuation,BZ176,"=1/((CA176=""Show"")+(CA176<>""Hide"")*(CD176<>0)*(CD176<>"""")*BP177)",Backend UI Toggle
Land Valuation,BZ178,"=1/((CA178=""Show"")+(CA178<>""Hide"")*(CD178<>0)*(CD178<>"""")*BP179)",Backend UI Toggle
Land Valuation,BZ180,"=1/((CA180=""Show"")+(CA180<>""Hide"")*(CD180<>0)*(CD180<>"""")*BP181)",Backend UI Toggle
Land Valuation,BZ182,"=1/((CA182=""Show"")+(CA182<>""Hide"")*(CD182<>0)*(CD182<>"""")*BP183)",Backend UI Toggle
Land Valuation,BZ184,"=1/((CA184=""Show"")+(CA184<>""Hide"")*(CD184<>0)*(CD184<>"""")*BP185)",Backend UI Toggle
Land Valuation,BZ186,"=1/((CA186=""Show"")+(CA186<>""Hide"")*(CD186<>0)*(CD186<>"""")*BP187)",Backend UI Toggle
Land Valuation,BZ188,"=1/((CA188=""Show"")+(CA188<>""Hide"")*(CD188<>0)*(CD188<>"""")*BP189)",Backend UI Toggle
Land Valuation,BZ190,"=1/((CA190=""Show"")+(CA190<>""Hide"")*(CD190<>0)*(CD190<>"""")*BP191)",Backend UI Toggle
Land Valuation,BZ192,"=1/((CA192=""Show"")+(CA192<>""Hide"")*(CD192<>0)*(CD192<>"""")*BP193)",Backend UI Toggle
Land Valuation,BZ194,"=1/((CA194=""Show"")+(CA194<>""Hide"")*(CD194<>0)*(CD194<>"""")*BP195)",Backend UI Toggle
Land Valuation,BZ196,"=1/((CA196=""Show"")+(CA196<>""Hide"")*(CD196<>0)*(CD196<>"""")*BP197)",Backend UI Toggle
Land Valuation,FJ280,"=1/((FJ281=""Show"")+(FJ281<>""Hide""))",Backend UI Toggle
Land Valuation,FK280,"=1/((FK281=""Show"")+(FK281<>""Hide""))",Backend UI Toggle
Land Valuation,FF285,"=1/(((FG285=""Show""))+(FG285<>""Hide""))",Backend UI Toggle
Land Valuation,FF286,"=1/(((FG286=""Show""))+(FG286<>""Hide""))",Backend UI Toggle
Land Valuation,FF287,"=1/(((FG287=""Show""))+(FG287<>""Hide""))",Backend UI Toggle
Land Valuation,FF288,"=1/(((FG288=""Show""))+(FG288<>""Hide""))",Backend UI Toggle
Land Valuation,FF289,"=1/(((FG289=""Show""))+(FG289<>""Hide""))",Backend UI Toggle
Land Valuation,FF290,"=1/(((FG290=""Show""))+(FG290<>""Hide""))",Backend UI Toggle
Land Valuation,FF291,"=1/(((FG291=""Show""))+(FG291<>""Hide""))",Backend UI Toggle
Land Valuation,FF292,"=1/(((FG292=""Show""))+(FG292<>""Hide""))",Backend UI Toggle
Land Valuation,FF293,"=1/(((FG293=""Show""))+(FG293<>""Hide""))",Backend UI Toggle
Land Valuation,FT300,"=1/((FT301=""Show"")+(FT301<>""Hide""))",Backend UI Toggle
Land Valuation,FU300,"=1/((FU301=""Show"")+(FU301<>""Hide""))",Backend UI Toggle
Land Valuation,FP305,"=1/(((FQ305=""Show""))+(FQ305<>""Hide""))",Backend UI Toggle
Land Valuation,FP306,"=1/(((FQ306=""Show""))+(FQ306<>""Hide""))",Backend UI Toggle
Land Valuation,FP307,"=1/(((FQ307=""Show""))+(FQ307<>""Hide""))",Backend UI Toggle
Land Valuation,FP308,"=1/(((FQ308=""Show""))+(FQ308<>""Hide""))",Backend UI Toggle
Land Valuation,FP309,"=1/(((FQ309=""Show""))+(FQ309<>""Hide""))",Backend UI Toggle
Land Valuation,FP310,"=1/(((FQ310=""Show""))+(FQ310<>""Hide""))",Backend UI Toggle
Land Comp Profiles,H198,"=1/((I198=""Show"")+(I198<>""Hide"")*LEN(N198)*(N198<>""N/A"")*(N198<>""NAV""))",Backend UI Toggle
Land Comp Profiles,H199,"=1/(I199<>""Hide"")",Backend UI Toggle
Land Comp Profiles,H200,"=1/((I200=""Show"")+(I200<>""Hide"")*LEN(N200)*(N200<>""N/A"")*(N200<>""NAV""))",Backend UI Toggle
Land Comp Profiles,H201,"=1/((I201=""Show"")+(I201<>""Hide"")*LEN(N201)*(N201<>""N/A"")*(N201<>""NAV""))",Backend UI Toggle
Land Comp Profiles,H202,"=1/((I202=""Show"")+(I202<>""Hide"")*LEN(N202)*(N202<>""N/A"")*(N202<>""NAV""))",Backend UI Toggle
Land Comp Profiles,H203,"=1/((I203=""Show"")+(I203<>""Hide"")*LEN(N203)*(N203<>""N/A"")*(N203<>""NAV""))",Backend UI Toggle
Land Comp Profiles,H204,"=1/((I204=""Show"")+(I204<>""Hide"")*LEN(N204)*(N204<>""N/A"")*(N204<>""NAV""))",Backend UI Toggle
Land Comp Profiles,H205,"=1/((I205=""Show"")+(I205<>""Hide"")*LEN(N205)*(N205<>""N/A"")*(N205<>""NAV""))",Backend UI Toggle
Land Comp Profiles,H206,"=1/((I206=""Show"")+(I206<>""Hide"")*LEN(N206)*(N206<>""N/A"")*(N206<>""NAV""))",Backend UI Toggle
Land Comp Profiles,H207,"=1/((I207=""Show"")+(I207<>""Hide"")*LEN(N207)*(N207<>""N/A"")*(N207<>""NAV""))",Backend UI Toggle
Land Comp Profiles,H208,"=1/((I208=""Show"")+(I208<>""Hide"")*LEN(N208)*(N208<>""N/A"")*(N208<>""NAV""))",Backend UI Toggle
Land Comp Profiles,H209,"=1/((I209=""Show"")+(I209<>""Hide"")*LEN(N209)*(N209<>""N/A"")*(N209<>""NAV""))",Backend UI Toggle
Land Comp Profiles,H210,"=1/((I210=""Show"")+(I210<>""Hide"")*LEN(N210)*(N210<>""N/A"")*(N210<>""NAV""))",Backend UI Toggle
Land Comp Profiles,H211,"=1/((I211=""Show"")+(I211<>""Hide"")*LEN(N211)*(N211<>""N/A"")*(N211<>""NAV""))",Backend UI Toggle
Land Comp Profiles,H212,"=1/((I212=""Show"")+(I212<>""Hide"")*LEN(N212)*(N212<>""N/A"")*(N212<>""NAV""))",Backend UI Toggle
Land Comp Profiles,H213,"=1/((I213=""Show"")+(I213<>""Hide"")*LEN(N213)*(N213<>""N/A"")*(N213<>""NAV""))",Backend UI Toggle
Land Comp Profiles,H214,"=1/((I214=""Show"")+(I214<>""Hide"")*LEN(N214)*(N214<>""N/A"")*(N214<>""NAV""))",Backend UI Toggle
Land Comp Profiles,H220,"=1/((I220=""Show"")+(I220<>""Hide"")*(LEN(N220)*(N220<>""N/A"")*(N220<>""NAV"")+LEN(T220)*(T220<>""N/A"")*(T220<>""NAV"")))",Backend UI Toggle
Land Comp Profiles,H221,"=1/((I221=""Show"")+(I221<>""Hide"")*(LEN(N221)*(N221<>""N/A"")*(N221<>""NAV"")+LEN(T221)*(T221<>""N/A"")*(T221<>""NAV"")))",Backend UI Toggle
Land Comp Profiles,H222,"=1/((I222=""Show"")+(I222<>""Hide"")*(LEN(N222)*(N222<>""N/A"")*(N222<>""NAV"")+LEN(T222)*(T222<>""N/A"")*(T222<>""NAV"")))",Backend UI Toggle
Land Comp Profiles,H223,"=1/((I223=""Show"")+(I223<>""Hide"")*(LEN(N223)*(N223<>""N/A"")*(N223<>""NAV"")+LEN(T223)*(T223<>""N/A"")*(T223<>""NAV"")))",Backend UI Toggle
Land Comp Profiles,H224,"=1/((I224=""Show"")+(I224<>""Hide"")*(LEN(N224)*(N224<>""N/A"")*(N224<>""NAV"")+LEN(T224)*(T224<>""N/A"")*(T224<>""NAV"")))",Backend UI Toggle
Land Comp Profiles,H225,"=1/((I225=""Show"")+(I225<>""Hide"")*(LEN(N225)*(N225<>""N/A"")*(N225<>""NAV"")+LEN(T225)*(T225<>""N/A"")*(T225<>""NAV"")))",Backend UI Toggle
Land Comp Profiles,H226,"=1/((I226=""Show"")+(I226<>""Hide"")*(LEN(N226)*(N226<>""N/A"")*(N226<>""NAV"")+LEN(T226)*(T226<>""N/A"")*(T226<>""NAV"")))",Backend UI Toggle
Land Comp Profiles,H227,"=1/((I227=""Show"")+(I227<>""Hide"")*(LEN(N227)*(N227<>""N/A"")*(N227<>""NAV"")+LEN(T227)*(T227<>""N/A"")*(T227<>""NAV"")))",Backend UI Toggle
Land Comp Profiles,H228,"=1/((I228=""Show"")+(I228<>""Hide"")*(LEN(N228)*(N228<>""N/A"")*(N228<>""NAV"")+LEN(T228)*(T228<>""N/A"")*(T228<>""NAV"")))",Backend UI Toggle
Land Comp Profiles,H229,"=1/((I229=""Show"")+(I229<>""Hide"")*(LEN(N229)*(N229<>""N/A"")*(N229<>""NAV"")+LEN(T229)*(T229<>""N/A"")*(T229<>""NAV"")))",Backend UI Toggle
Land Comp Profiles,H230,"=1/((I230=""Show"")+(I230<>""Hide"")*(LEN(N230)*(N230<>""N/A"")*(N230<>""NAV"")+LEN(T230)*(T230<>""N/A"")*(T230<>""NAV"")))",Backend UI Toggle
Land Comp Profiles,H231,"=1/((I231=""Show"")+(I231<>""Hide"")*(LEN(N231)*(N231<>""N/A"")*(N231<>""NAV"")+LEN(T231)*(T231<>""N/A"")*(T231<>""NAV"")))",Backend UI Toggle
Land Comp Profiles,H243,"=1/((I243=""Show"")+(I243<>""Hide"")*(LEN(N243)*(N243<>""N/A"")*(N243<>""NAV"")+LEN(T243)*(T243<>""N/A"")*(T243<>""NAV"")))",Backend UI Toggle
Land Comp Profiles,H244,"=1/((I244=""Show"")+(I244<>""Hide"")*(LEN(N244)*(N244<>""N/A"")*(N244<>""NAV"")+LEN(T244)*(T244<>""N/A"")*(T244<>""NAV"")))",Backend UI Toggle
Land Comp Profiles,H245,"=1/((I245=""Show"")+(I245<>""Hide"")*(LEN(N245)*(N245<>""N/A"")*(N245<>""NAV"")+LEN(T245)*(T245<>""N/A"")*(T245<>""NAV"")))",Backend UI Toggle
Land Comp Profiles,H246,"=1/((I246=""Show"")+(I246<>""Hide"")*(LEN(N246)*(N246<>""N/A"")*(N246<>""NAV"")+LEN(T246)*(T246<>""N/A"")*(T246<>""NAV"")))",Backend UI Toggle
Land Comp Profiles,H247,"=1/((I247=""Show"")+(I247<>""Hide"")*(LEN(N247)*(N247<>""N/A"")*(N247<>""NAV"")+LEN(T247)*(T247<>""N/A"")*(T247<>""NAV"")))",Backend UI Toggle
Land Comp Profiles,H248,"=1/((I248=""Show"")+(I248<>""Hide"")*(LEN(N248)*(N248<>""N/A"")*(N248<>""NAV"")+LEN(T248)*(T248<>""N/A"")*(T248<>""NAV"")))",Backend UI Toggle
Land Comp Profiles,H249,"=1/((I249=""Show"")+(I249<>""Hide"")*(LEN(N249)*(N249<>""N/A"")*(N249<>""NAV"")+LEN(T249)*(T249<>""N/A"")*(T249<>""NAV"")))",Backend UI Toggle
Land Comp Profiles,H250,"=1/((I250=""Show"")+(I250<>""Hide"")*(LEN(N250)*(N250<>""N/A"")*(N250<>""NAV"")+LEN(T250)*(T250<>""N/A"")*(T250<>""NAV"")))",Backend UI Toggle
Land Comp Profiles,H286,"=1/((I286=""Show"")+(I286<>""Hide"")*(LEN(L286)*(L286<>""N/A"")))",Backend UI Toggle
Land Comp Profiles,H297,"=1/((I297=""Show"")+(I297<>""Hide"")*LEN(N297)*(N297<>""N/A"")*(N297<>""NAV""))",Backend UI Toggle
Land Comp Profiles,H298,"=1/(I298<>""Hide"")",Backend UI Toggle
Land Comp Profiles,H299,"=1/((I299=""Show"")+(I299<>""Hide"")*LEN(N299)*(N299<>""N/A"")*(N299<>""NAV""))",Backend UI Toggle
Land Comp Profiles,H300,"=1/((I300=""Show"")+(I300<>""Hide"")*LEN(N300)*(N300<>""N/A"")*(N300<>""NAV""))",Backend UI Toggle
Land Comp Profiles,H301,"=1/((I301=""Show"")+(I301<>""Hide"")*LEN(N301)*(N301<>""N/A"")*(N301<>""NAV""))",Backend UI Toggle
Land Comp Profiles,H302,"=1/((I302=""Show"")+(I302<>""Hide"")*LEN(N302)*(N302<>""N/A"")*(N302<>""NAV""))",Backend UI Toggle
Land Comp Profiles,H303,"=1/((I303=""Show"")+(I303<>""Hide"")*LEN(N303)*(N303<>""N/A"")*(N303<>""NAV""))",Backend UI Toggle
Land Comp Profiles,H304,"=1/((I304=""Show"")+(I304<>""Hide"")*LEN(N304)*(N304<>""N/A"")*(N304<>""NAV""))",Backend UI Toggle
Land Comp Profiles,H305,"=1/((I305=""Show"")+(I305<>""Hide"")*LEN(N305)*(N305<>""N/A"")*(N305<>""NAV""))",Backend UI Toggle
Land Comp Profiles,H306,"=1/((I306=""Show"")+(I306<>""Hide"")*LEN(N306)*(N306<>""N/A"")*(N306<>""NAV""))",Backend UI Toggle
Land Comp Profiles,H307,"=1/((I307=""Show"")+(I307<>""Hide"")*LEN(N307)*(N307<>""N/A"")*(N307<>""NAV""))",Backend UI Toggle
Land Comp Profiles,H308,"=1/((I308=""Show"")+(I308<>""Hide"")*LEN(N308)*(N308<>""N/A"")*(N308<>""NAV""))",Backend UI Toggle
Land Comp Profiles,H309,"=1/((I309=""Show"")+(I309<>""Hide"")*LEN(N309)*(N309<>""N/A"")*(N309<>""NAV""))",Backend UI Toggle
Land Comp Profiles,H310,"=1/((I310=""Show"")+(I310<>""Hide"")*LEN(N310)*(N310<>""N/A"")*(N310<>""NAV""))",Backend UI Toggle
Land Comp Profiles,H311,"=1/((I311=""Show"")+(I311<>""Hide"")*LEN(N311)*(N311<>""N/A"")*(N311<>""NAV""))",Backend UI Toggle
Land Comp Profiles,H312,"=1/((I312=""Show"")+(I312<>""Hide"")*LEN(N312)*(N312<>""N/A"")*(N312<>""NAV""))",Backend UI Toggle
Land Comp Profiles,H313,"=1/((I313=""Show"")+(I313<>""Hide"")*LEN(N313)*(N313<>""N/A"")*(N313<>""NAV""))",Backend UI Toggle
Land Comp Profiles,H319,"=1/((I319=""Show"")+(I319<>""Hide"")*(LEN(N319)*(N319<>""N/A"")*(N319<>""NAV"")+LEN(T319)*(T319<>""N/A"")*(T319<>""NAV"")))",Backend UI Toggle
Land Comp Profiles,H320,"=1/((I320=""Show"")+(I320<>""Hide"")*(LEN(N320)*(N320<>""N/A"")*(N320<>""NAV"")+LEN(T320)*(T320<>""N/A"")*(T320<>""NAV"")))",Backend UI Toggle
Land Comp Profiles,H321,"=1/((I321=""Show"")+(I321<>""Hide"")*(LEN(N321)*(N321<>""N/A"")*(N321<>""NAV"")+LEN(T321)*(T321<>""N/A"")*(T321<>""NAV"")))",Backend UI Toggle
Land Comp Profiles,H322,"=1/((I322=""Show"")+(I322<>""Hide"")*(LEN(N322)*(N322<>""N/A"")*(N322<>""NAV"")+LEN(T322)*(T322<>""N/A"")*(T322<>""NAV"")))",Backend UI Toggle
Land Comp Profiles,H323,"=1/((I323=""Show"")+(I323<>""Hide"")*(LEN(N323)*(N323<>""N/A"")*(N323<>""NAV"")+LEN(T323)*(T323<>""N/A"")*(T323<>""NAV"")))",Backend UI Toggle
Land Comp Profiles,H324,"=1/((I324=""Show"")+(I324<>""Hide"")*(LEN(N324)*(N324<>""N/A"")*(N324<>""NAV"")+LEN(T324)*(T324<>""N/A"")*(T324<>""NAV"")))",Backend UI Toggle
Land Comp Profiles,H325,"=1/((I325=""Show"")+(I325<>""Hide"")*(LEN(N325)*(N325<>""N/A"")*(N325<>""NAV"")+LEN(T325)*(T325<>""N/A"")*(T325<>""NAV"")))",Backend UI Toggle
Land Comp Profiles,H326,"=1/((I326=""Show"")+(I326<>""Hide"")*(LEN(N326)*(N326<>""N/A"")*(N326<>""NAV"")+LEN(T326)*(T326<>""N/A"")*(T326<>""NAV"")))",Backend UI Toggle
Land Comp Profiles,H327,"=1/((I327=""Show"")+(I327<>""Hide"")*(LEN(N327)*(N327<>""N/A"")*(N327<>""NAV"")+LEN(T327)*(T327<>""N/A"")*(T327<>""NAV"")))",Backend UI Toggle
Land Comp Profiles,H328,"=1/((I328=""Show"")+(I328<>""Hide"")*(LEN(N328)*(N328<>""N/A"")*(N328<>""NAV"")+LEN(T328)*(T328<>""N/A"")*(T328<>""NAV"")))",Backend UI Toggle
Land Comp Profiles,H329,"=1/((I329=""Show"")+(I329<>""Hide"")*(LEN(N329)*(N329<>""N/A"")*(N329<>""NAV"")+LEN(T329)*(T329<>""N/A"")*(T329<>""NAV"")))",Backend UI Toggle
Land Comp Profiles,H330,"=1/((I330=""Show"")+(I330<>""Hide"")*(LEN(N330)*(N330<>""N/A"")*(N330<>""NAV"")+LEN(T330)*(T330<>""N/A"")*(T330<>""NAV"")))",Backend UI Toggle
Land Comp Profiles,H342,"=1/((I342=""Show"")+(I342<>""Hide"")*(LEN(N342)*(N342<>""N/A"")*(N342<>""NAV"")+LEN(T342)*(T342<>""N/A"")*(T342<>""NAV"")))",Backend UI Toggle
Land Comp Profiles,H343,"=1/((I343=""Show"")+(I343<>""Hide"")*(LEN(N343)*(N343<>""N/A"")*(N343<>""NAV"")+LEN(T343)*(T343<>""N/A"")*(T343<>""NAV"")))",Backend UI Toggle
Land Comp Profiles,H344,"=1/((I344=""Show"")+(I344<>""Hide"")*(LEN(N344)*(N344<>""N/A"")*(N344<>""NAV"")+LEN(T344)*(T344<>""N/A"")*(T344<>""NAV"")))",Backend UI Toggle
Land Comp Profiles,H345,"=1/((I345=""Show"")+(I345<>""Hide"")*(LEN(N345)*(N345<>""N/A"")*(N345<>""NAV"")+LEN(T345)*(T345<>""N/A"")*(T345<>""NAV"")))",Backend UI Toggle
Land Comp Profiles,H346,"=1/((I346=""Show"")+(I346<>""Hide"")*(LEN(N346)*(N346<>""N/A"")*(N346<>""NAV"")+LEN(T346)*(T346<>""N/A"")*(T346<>""NAV"")))",Backend UI Toggle
Land Comp Profiles,H347,"=1/((I347=""Show"")+(I347<>""Hide"")*(LEN(N347)*(N347<>""N/A"")*(N347<>""NAV"")+LEN(T347)*(T347<>""N/A"")*(T347<>""NAV"")))",Backend UI Toggle
Land Comp Profiles,H348,"=1/((I348=""Show"")+(I348<>""Hide"")*(LEN(N348)*(N348<>""N/A"")*(N348<>""NAV"")+LEN(T348)*(T348<>""N/A"")*(T348<>""NAV"")))",Backend UI Toggle
Land Comp Profiles,H349,"=1/((I349=""Show"")+(I349<>""Hide"")*(LEN(N349)*(N349<>""N/A"")*(N349<>""NAV"")+LEN(T349)*(T349<>""N/A"")*(T349<>""NAV"")))",Backend UI Toggle
Land Comp Profiles,H385,"=1/((I385=""Show"")+(I385<>""Hide"")*(LEN(L385)*(L385<>""N/A"")))",Backend UI Toggle
Land Comp Profiles,H396,"=1/((I396=""Show"")+(I396<>""Hide"")*LEN(N396)*(N396<>""N/A"")*(N396<>""NAV""))",Backend UI Toggle
Land Comp Profiles,H397,"=1/(I397<>""Hide"")",Backend UI Toggle
Land Comp Profiles,H398,"=1/((I398=""Show"")+(I398<>""Hide"")*LEN(N398)*(N398<>""N/A"")*(N398<>""NAV""))",Backend UI Toggle
Land Comp Profiles,H399,"=1/((I399=""Show"")+(I399<>""Hide"")*LEN(N399)*(N399<>""N/A"")*(N399<>""NAV""))",Backend UI Toggle
Land Comp Profiles,H400,"=1/((I400=""Show"")+(I400<>""Hide"")*LEN(N400)*(N400<>""N/A"")*(N400<>""NAV""))",Backend UI Toggle
Land Comp Profiles,H401,"=1/((I401=""Show"")+(I401<>""Hide"")*LEN(N401)*(N401<>""N/A"")*(N401<>""NAV""))",Backend UI Toggle
Land Comp Profiles,H402,"=1/((I402=""Show"")+(I402<>""Hide"")*LEN(N402)*(N402<>""N/A"")*(N402<>""NAV""))",Backend UI Toggle
Land Comp Profiles,H403,"=1/((I403=""Show"")+(I403<>""Hide"")*LEN(N403)*(N403<>""N/A"")*(N403<>""NAV""))",Backend UI Toggle
Land Comp Profiles,H404,"=1/((I404=""Show"")+(I404<>""Hide"")*LEN(N404)*(N404<>""N/A"")*(N404<>""NAV""))",Backend UI Toggle
Land Comp Profiles,H405,"=1/((I405=""Show"")+(I405<>""Hide"")*LEN(N405)*(N405<>""N/A"")*(N405<>""NAV""))",Backend UI Toggle
Land Comp Profiles,H406,"=1/((I406=""Show"")+(I406<>""Hide"")*LEN(N406)*(N406<>""N/A"")*(N406<>""NAV""))",Backend UI Toggle
Land Comp Profiles,H407,"=1/((I407=""Show"")+(I407<>""Hide"")*LEN(N407)*(N407<>""N/A"")*(N407<>""NAV""))",Backend UI Toggle
Land Comp Profiles,H408,"=1/((I408=""Show"")+(I408<>""Hide"")*LEN(N408)*(N408<>""N/A"")*(N408<>""NAV""))",Backend UI Toggle
Land Comp Profiles,H409,"=1/((I409=""Show"")+(I409<>""Hide"")*LEN(N409)*(N409<>""N/A"")*(N409<>""NAV""))",Backend UI Toggle
Land Comp Profiles,H410,"=1/((I410=""Show"")+(I410<>""Hide"")*LEN(N410)*(N410<>""N/A"")*(N410<>""NAV""))",Backend UI Toggle
Land Comp Profiles,H411,"=1/((I411=""Show"")+(I411<>""Hide"")*LEN(N411)*(N411<>""N/A"")*(N411<>""NAV""))",Backend UI Toggle
Land Comp Profiles,H412,"=1/((I412=""Show"")+(I412<>""Hide"")*LEN(N412)*(N412<>""N/A"")*(N412<>""NAV""))",Backend UI Toggle
Land Comp Profiles,H418,"=1/((I418=""Show"")+(I418<>""Hide"")*(LEN(N418)*(N418<>""N/A"")*(N418<>""NAV"")+LEN(T418)*(T418<>""N/A"")*(T418<>""NAV"")))",Backend UI Toggle
Land Comp Profiles,H419,"=1/((I419=""Show"")+(I419<>""Hide"")*(LEN(N419)*(N419<>""N/A"")*(N419<>""NAV"")+LEN(T419)*(T419<>""N/A"")*(T419<>""NAV"")))",Backend UI Toggle
Land Comp Profiles,H420,"=1/((I420=""Show"")+(I420<>""Hide"")*(LEN(N420)*(N420<>""N/A"")*(N420<>""NAV"")+LEN(T420)*(T420<>""N/A"")*(T420<>""NAV"")))",Backend UI Toggle
Land Comp Profiles,H421,"=1/((I421=""Show"")+(I421<>""Hide"")*(LEN(N421)*(N421<>""N/A"")*(N421<>""NAV"")+LEN(T421)*(T421<>""N/A"")*(T421<>""NAV"")))",Backend UI Toggle
Land Comp Profiles,H422,"=1/((I422=""Show"")+(I422<>""Hide"")*(LEN(N422)*(N422<>""N/A"")*(N422<>""NAV"")+LEN(T422)*(T422<>""N/A"")*(T422<>""NAV"")))",Backend UI Toggle
Land Comp Profiles,H423,"=1/((I423=""Show"")+(I423<>""Hide"")*(LEN(N423)*(N423<>""N/A"")*(N423<>""NAV"")+LEN(T423)*(T423<>""N/A"")*(T423<>""NAV"")))",Backend UI Toggle
Land Comp Profiles,H424,"=1/((I424=""Show"")+(I424<>""Hide"")*(LEN(N424)*(N424<>""N/A"")*(N424<>""NAV"")+LEN(T424)*(T424<>""N/A"")*(T424<>""NAV"")))",Backend UI Toggle
Land Comp Profiles,H425,"=1/((I425=""Show"")+(I425<>""Hide"")*(LEN(N425)*(N425<>""N/A"")*(N425<>""NAV"")+LEN(T425)*(T425<>""N/A"")*(T425<>""NAV"")))",Backend UI Toggle
Land Comp Profiles,H426,"=1/((I426=""Show"")+(I426<>""Hide"")*(LEN(N426)*(N426<>""N/A"")*(N426<>""NAV"")+LEN(T426)*(T426<>""N/A"")*(T426<>""NAV"")))",Backend UI Toggle
Land Comp Profiles,H427,"=1/((I427=""Show"")+(I427<>""Hide"")*(LEN(N427)*(N427<>""N/A"")*(N427<>""NAV"")+LEN(T427)*(T427<>""N/A"")*(T427<>""NAV"")))",Backend UI Toggle
Land Comp Profiles,H428,"=1/((I428=""Show"")+(I428<>""Hide"")*(LEN(N428)*(N428<>""N/A"")*(N428<>""NAV"")+LEN(T428)*(T428<>""N/A"")*(T428<>""NAV"")))",Backend UI Toggle
Land Comp Profiles,H429,"=1/((I429=""Show"")+(I429<>""Hide"")*(LEN(N429)*(N429<>""N/A"")*(N429<>""NAV"")+LEN(T429)*(T429<>""N/A"")*(T429<>""NAV"")))",Backend UI Toggle
Land Comp Profiles,H441,"=1/((I441=""Show"")+(I441<>""Hide"")*(LEN(N441)*(N441<>""N/A"")*(N441<>""NAV"")+LEN(T441)*(T441<>""N/A"")*(T441<>""NAV"")))",Backend UI Toggle
Land Comp Profiles,H442,"=1/((I442=""Show"")+(I442<>""Hide"")*(LEN(N442)*(N442<>""N/A"")*(N442<>""NAV"")+LEN(T442)*(T442<>""N/A"")*(T442<>""NAV"")))",Backend UI Toggle
Land Comp Profiles,H443,"=1/((I443=""Show"")+(I443<>""Hide"")*(LEN(N443)*(N443<>""N/A"")*(N443<>""NAV"")+LEN(T443)*(T443<>""N/A"")*(T443<>""NAV"")))",Backend UI Toggle
Land Comp Profiles,H444,"=1/((I444=""Show"")+(I444<>""Hide"")*(LEN(N444)*(N444<>""N/A"")*(N444<>""NAV"")+LEN(T444)*(T444<>""N/A"")*(T444<>""NAV"")))",Backend UI Toggle
Land Comp Profiles,H445,"=1/((I445=""Show"")+(I445<>""Hide"")*(LEN(N445)*(N445<>""N/A"")*(N445<>""NAV"")+LEN(T445)*(T445<>""N/A"")*(T445<>""NAV"")))",Backend UI Toggle
Land Comp Profiles,H446,"=1/((I446=""Show"")+(I446<>""Hide"")*(LEN(N446)*(N446<>""N/A"")*(N446<>""NAV"")+LEN(T446)*(T446<>""N/A"")*(T446<>""NAV"")))",Backend UI Toggle
Land Comp Profiles,H447,"=1/((I447=""Show"")+(I447<>""Hide"")*(LEN(N447)*(N447<>""N/A"")*(N447<>""NAV"")+LEN(T447)*(T447<>""N/A"")*(T447<>""NAV"")))",Backend UI Toggle
Land Comp Profiles,H448,"=1/((I448=""Show"")+(I448<>""Hide"")*(LEN(N448)*(N448<>""N/A"")*(N448<>""NAV"")+LEN(T448)*(T448<>""N/A"")*(T448<>""NAV"")))",Backend UI Toggle
Land Comp Profiles,H484,"=1/((I484=""Show"")+(I484<>""Hide"")*(LEN(L484)*(L484<>""N/A"")))",Backend UI Toggle
Land Comp Profiles,H495,"=1/((I495=""Show"")+(I495<>""Hide"")*LEN(N495)*(N495<>""N/A"")*(N495<>""NAV""))",Backend UI Toggle
Land Comp Profiles,H496,"=1/(I496<>""Hide"")",Backend UI Toggle
Land Comp Profiles,H497,"=1/((I497=""Show"")+(I497<>""Hide"")*LEN(N497)*(N497<>""N/A"")*(N497<>""NAV""))",Backend UI Toggle
Land Comp Profiles,H498,"=1/((I498=""Show"")+(I498<>""Hide"")*LEN(N498)*(N498<>""N/A"")*(N498<>""NAV""))",Backend UI Toggle
Land Comp Profiles,H499,"=1/((I499=""Show"")+(I499<>""Hide"")*LEN(N499)*(N499<>""N/A"")*(N499<>""NAV""))",Backend UI Toggle
Land Comp Profiles,H500,"=1/((I500=""Show"")+(I500<>""Hide"")*LEN(N500)*(N500<>""N/A"")*(N500<>""NAV""))",Backend UI Toggle
Land Comp Profiles,H501,"=1/((I501=""Show"")+(I501<>""Hide"")*LEN(N501)*(N501<>""N/A"")*(N501<>""NAV""))",Backend UI Toggle
Land Comp Profiles,H502,"=1/((I502=""Show"")+(I502<>""Hide"")*LEN(N502)*(N502<>""N/A"")*(N502<>""NAV""))",Backend UI Toggle
Land Comp Profiles,H503,"=1/((I503=""Show"")+(I503<>""Hide"")*LEN(N503)*(N503<>""N/A"")*(N503<>""NAV""))",Backend UI Toggle
Land Comp Profiles,H504,"=1/((I504=""Show"")+(I504<>""Hide"")*LEN(N504)*(N504<>""N/A"")*(N504<>""NAV""))",Backend UI Toggle
Land Comp Profiles,H505,"=1/((I505=""Show"")+(I505<>""Hide"")*LEN(N505)*(N505<>""N/A"")*(N505<>""NAV""))",Backend UI Toggle
Land Comp Profiles,H506,"=1/((I506=""Show"")+(I506<>""Hide"")*LEN(N506)*(N506<>""N/A"")*(N506<>""NAV""))",Backend UI Toggle
Land Comp Profiles,H507,"=1/((I507=""Show"")+(I507<>""Hide"")*LEN(N507)*(N507<>""N/A"")*(N507<>""NAV""))",Backend UI Toggle
Land Comp Profiles,H508,"=1/((I508=""Show"")+(I508<>""Hide"")*LEN(N508)*(N508<>""N/A"")*(N508<>""NAV""))",Backend UI Toggle
Land Comp Profiles,H509,"=1/((I509=""Show"")+(I509<>""Hide"")*LEN(N509)*(N509<>""N/A"")*(N509<>""NAV""))",Backend UI Toggle
Land Comp Profiles,H510,"=1/((I510=""Show"")+(I510<>""Hide"")*LEN(N510)*(N510<>""N/A"")*(N510<>""NAV""))",Backend UI Toggle
Land Comp Profiles,H511,"=1/((I511=""Show"")+(I511<>""Hide"")*LEN(N511)*(N511<>""N/A"")*(N511<>""NAV""))",Backend UI Toggle
Land Comp Profiles,H517,"=1/((I517=""Show"")+(I517<>""Hide"")*(LEN(N517)*(N517<>""N/A"")*(N517<>""NAV"")+LEN(T517)*(T517<>""N/A"")*(T517<>""NAV"")))",Backend UI Toggle
Land Comp Profiles,H518,"=1/((I518=""Show"")+(I518<>""Hide"")*(LEN(N518)*(N518<>""N/A"")*(N518<>""NAV"")+LEN(T518)*(T518<>""N/A"")*(T518<>""NAV"")))",Backend UI Toggle
Land Comp Profiles,H519,"=1/((I519=""Show"")+(I519<>""Hide"")*(LEN(N519)*(N519<>""N/A"")*(N519<>""NAV"")+LEN(T519)*(T519<>""N/A"")*(T519<>""NAV"")))",Backend UI Toggle
Land Comp Profiles,H520,"=1/((I520=""Show"")+(I520<>""Hide"")*(LEN(N520)*(N520<>""N/A"")*(N520<>""NAV"")+LEN(T520)*(T520<>""N/A"")*(T520<>""NAV"")))",Backend UI Toggle
Land Comp Profiles,H521,"=1/((I521=""Show"")+(I521<>""Hide"")*(LEN(N521)*(N521<>""N/A"")*(N521<>""NAV"")+LEN(T521)*(T521<>""N/A"")*(T521<>""NAV"")))",Backend UI Toggle
Land Comp Profiles,H522,"=1/((I522=""Show"")+(I522<>""Hide"")*(LEN(N522)*(N522<>""N/A"")*(N522<>""NAV"")+LEN(T522)*(T522<>""N/A"")*(T522<>""NAV"")))",Backend UI Toggle
Land Comp Profiles,H523,"=1/((I523=""Show"")+(I523<>""Hide"")*(LEN(N523)*(N523<>""N/A"")*(N523<>""NAV"")+LEN(T523)*(T523<>""N/A"")*(T523<>""NAV"")))",Backend UI Toggle
Land Comp Profiles,H524,"=1/((I524=""Show"")+(I524<>""Hide"")*(LEN(N524)*(N524<>""N/A"")*(N524<>""NAV"")+LEN(T524)*(T524<>""N/A"")*(T524<>""NAV"")))",Backend UI Toggle
Land Comp Profiles,H525,"=1/((I525=""Show"")+(I525<>""Hide"")*(LEN(N525)*(N525<>""N/A"")*(N525<>""NAV"")+LEN(T525)*(T525<>""N/A"")*(T525<>""NAV"")))",Backend UI Toggle
Land Comp Profiles,H526,"=1/((I526=""Show"")+(I526<>""Hide"")*(LEN(N526)*(N526<>""N/A"")*(N526<>""NAV"")+LEN(T526)*(T526<>""N/A"")*(T526<>""NAV"")))",Backend UI Toggle
Land Comp Profiles,H527,"=1/((I527=""Show"")+(I527<>""Hide"")*(LEN(N527)*(N527<>""N/A"")*(N527<>""NAV"")+LEN(T527)*(T527<>""N/A"")*(T527<>""NAV"")))",Backend UI Toggle
Land Comp Profiles,H528,"=1/((I528=""Show"")+(I528<>""Hide"")*(LEN(N528)*(N528<>""N/A"")*(N528<>""NAV"")+LEN(T528)*(T528<>""N/A"")*(T528<>""NAV"")))",Backend UI Toggle
Land Comp Profiles,H540,"=1/((I540=""Show"")+(I540<>""Hide"")*(LEN(N540)*(N540<>""N/A"")*(N540<>""NAV"")+LEN(T540)*(T540<>""N/A"")*(T540<>""NAV"")))",Backend UI Toggle
Land Comp Profiles,H541,"=1/((I541=""Show"")+(I541<>""Hide"")*(LEN(N541)*(N541<>""N/A"")*(N541<>""NAV"")+LEN(T541)*(T541<>""N/A"")*(T541<>""NAV"")))",Backend UI Toggle
Land Comp Profiles,H542,"=1/((I542=""Show"")+(I542<>""Hide"")*(LEN(N542)*(N542<>""N/A"")*(N542<>""NAV"")+LEN(T542)*(T542<>""N/A"")*(T542<>""NAV"")))",Backend UI Toggle
Land Comp Profiles,H543,"=1/((I543=""Show"")+(I543<>""Hide"")*(LEN(N543)*(N543<>""N/A"")*(N543<>""NAV"")+LEN(T543)*(T543<>""N/A"")*(T543<>""NAV"")))",Backend UI Toggle
Land Comp Profiles,H544,"=1/((I544=""Show"")+(I544<>""Hide"")*(LEN(N544)*(N544<>""N/A"")*(N544<>""NAV"")+LEN(T544)*(T544<>""N/A"")*(T544<>""NAV"")))",Backend UI Toggle
Land Comp Profiles,H545,"=1/((I545=""Show"")+(I545<>""Hide"")*(LEN(N545)*(N545<>""N/A"")*(N545<>""NAV"")+LEN(T545)*(T545<>""N/A"")*(T545<>""NAV"")))",Backend UI Toggle
Land Comp Profiles,H546,"=1/((I546=""Show"")+(I546<>""Hide"")*(LEN(N546)*(N546<>""N/A"")*(N546<>""NAV"")+LEN(T546)*(T546<>""N/A"")*(T546<>""NAV"")))",Backend UI Toggle
Land Comp Profiles,H547,"=1/((I547=""Show"")+(I547<>""Hide"")*(LEN(N547)*(N547<>""N/A"")*(N547<>""NAV"")+LEN(T547)*(T547<>""N/A"")*(T547<>""NAV"")))",Backend UI Toggle
Land Comp Profiles,H583,"=1/((I583=""Show"")+(I583<>""Hide"")*(LEN(L583)*(L583<>""N/A"")))",Backend UI Toggle
Land Comp Profiles,H594,"=1/((I594=""Show"")+(I594<>""Hide"")*LEN(N594)*(N594<>""N/A"")*(N594<>""NAV""))",Backend UI Toggle
Land Comp Profiles,H595,"=1/(I595<>""Hide"")",Backend UI Toggle
Land Comp Profiles,H596,"=1/((I596=""Show"")+(I596<>""Hide"")*LEN(N596)*(N596<>""N/A"")*(N596<>""NAV""))",Backend UI Toggle
Land Comp Profiles,H597,"=1/((I597=""Show"")+(I597<>""Hide"")*LEN(N597)*(N597<>""N/A"")*(N597<>""NAV""))",Backend UI Toggle
Land Comp Profiles,H598,"=1/((I598=""Show"")+(I598<>""Hide"")*LEN(N598)*(N598<>""N/A"")*(N598<>""NAV""))",Backend UI Toggle
Land Comp Profiles,H599,"=1/((I599=""Show"")+(I599<>""Hide"")*LEN(N599)*(N599<>""N/A"")*(N599<>""NAV""))",Backend UI Toggle
Land Comp Profiles,H600,"=1/((I600=""Show"")+(I600<>""Hide"")*LEN(N600)*(N600<>""N/A"")*(N600<>""NAV""))",Backend UI Toggle
Land Comp Profiles,H601,"=1/((I601=""Show"")+(I601<>""Hide"")*LEN(N601)*(N601<>""N/A"")*(N601<>""NAV""))",Backend UI Toggle
Land Comp Profiles,H602,"=1/((I602=""Show"")+(I602<>""Hide"")*LEN(N602)*(N602<>""N/A"")*(N602<>""NAV""))",Backend UI Toggle
Land Comp Profiles,H603,"=1/((I603=""Show"")+(I603<>""Hide"")*LEN(N603)*(N603<>""N/A"")*(N603<>""NAV""))",Backend UI Toggle
Land Comp Profiles,H604,"=1/((I604=""Show"")+(I604<>""Hide"")*LEN(N604)*(N604<>""N/A"")*(N604<>""NAV""))",Backend UI Toggle
Land Comp Profiles,H605,"=1/((I605=""Show"")+(I605<>""Hide"")*LEN(N605)*(N605<>""N/A"")*(N605<>""NAV""))",Backend UI Toggle
Land Comp Profiles,H606,"=1/((I606=""Show"")+(I606<>""Hide"")*LEN(N606)*(N606<>""N/A"")*(N606<>""NAV""))",Backend UI Toggle
Land Comp Profiles,H607,"=1/((I607=""Show"")+(I607<>""Hide"")*LEN(N607)*(N607<>""N/A"")*(N607<>""NAV""))",Backend UI Toggle
Land Comp Profiles,H608,"=1/((I608=""Show"")+(I608<>""Hide"")*LEN(N608)*(N608<>""N/A"")*(N608<>""NAV""))",Backend UI Toggle
Land Comp Profiles,H609,"=1/((I609=""Show"")+(I609<>""Hide"")*LEN(N609)*(N609<>""N/A"")*(N609<>""NAV""))",Backend UI Toggle
Land Comp Profiles,H610,"=1/((I610=""Show"")+(I610<>""Hide"")*LEN(N610)*(N610<>""N/A"")*(N610<>""NAV""))",Backend UI Toggle
Land Comp Profiles,H616,"=1/((I616=""Show"")+(I616<>""Hide"")*(LEN(N616)*(N616<>""N/A"")*(N616<>""NAV"")+LEN(T616)*(T616<>""N/A"")*(T616<>""NAV"")))",Backend UI Toggle
Land Comp Profiles,H617,"=1/((I617=""Show"")+(I617<>""Hide"")*(LEN(N617)*(N617<>""N/A"")*(N617<>""NAV"")+LEN(T617)*(T617<>""N/A"")*(T617<>""NAV"")))",Backend UI Toggle
Land Comp Profiles,H618,"=1/((I618=""Show"")+(I618<>""Hide"")*(LEN(N618)*(N618<>""N/A"")*(N618<>""NAV"")+LEN(T618)*(T618<>""N/A"")*(T618<>""NAV"")))",Backend UI Toggle
Land Comp Profiles,H619,"=1/((I619=""Show"")+(I619<>""Hide"")*(LEN(N619)*(N619<>""N/A"")*(N619<>""NAV"")+LEN(T619)*(T619<>""N/A"")*(T619<>""NAV"")))",Backend UI Toggle
Land Comp Profiles,H620,"=1/((I620=""Show"")+(I620<>""Hide"")*(LEN(N620)*(N620<>""N/A"")*(N620<>""NAV"")+LEN(T620)*(T620<>""N/A"")*(T620<>""NAV"")))",Backend UI Toggle
Land Comp Profiles,H621,"=1/((I621=""Show"")+(I621<>""Hide"")*(LEN(N621)*(N621<>""N/A"")*(N621<>""NAV"")+LEN(T621)*(T621<>""N/A"")*(T621<>""NAV"")))",Backend UI Toggle
Land Comp Profiles,H622,"=1/((I622=""Show"")+(I622<>""Hide"")*(LEN(N622)*(N622<>""N/A"")*(N622<>""NAV"")+LEN(T622)*(T622<>""N/A"")*(T622<>""NAV"")))",Backend UI Toggle
Land Comp Profiles,H623,"=1/((I623=""Show"")+(I623<>""Hide"")*(LEN(N623)*(N623<>""N/A"")*(N623<>""NAV"")+LEN(T623)*(T623<>""N/A"")*(T623<>""NAV"")))",Backend UI Toggle
Land Comp Profiles,H624,"=1/((I624=""Show"")+(I624<>""Hide"")*(LEN(N624)*(N624<>""N/A"")*(N624<>""NAV"")+LEN(T624)*(T624<>""N/A"")*(T624<>""NAV"")))",Backend UI Toggle
Land Comp Profiles,H625,"=1/((I625=""Show"")+(I625<>""Hide"")*(LEN(N625)*(N625<>""N/A"")*(N625<>""NAV"")+LEN(T625)*(T625<>""N/A"")*(T625<>""NAV"")))",Backend UI Toggle
Land Comp Profiles,H626,"=1/((I626=""Show"")+(I626<>""Hide"")*(LEN(N626)*(N626<>""N/A"")*(N626<>""NAV"")+LEN(T626)*(T626<>""N/A"")*(T626<>""NAV"")))",Backend UI Toggle
Land Comp Profiles,H627,"=1/((I627=""Show"")+(I627<>""Hide"")*(LEN(N627)*(N627<>""N/A"")*(N627<>""NAV"")+LEN(T627)*(T627<>""N/A"")*(T627<>""NAV"")))",Backend UI Toggle
Land Comp Profiles,H639,"=1/((I639=""Show"")+(I639<>""Hide"")*(LEN(N639)*(N639<>""N/A"")*(N639<>""NAV"")+LEN(T639)*(T639<>""N/A"")*(T639<>""NAV"")))",Backend UI Toggle
Land Comp Profiles,H640,"=1/((I640=""Show"")+(I640<>""Hide"")*(LEN(N640)*(N640<>""N/A"")*(N640<>""NAV"")+LEN(T640)*(T640<>""N/A"")*(T640<>""NAV"")))",Backend UI Toggle
Land Comp Profiles,H641,"=1/((I641=""Show"")+(I641<>""Hide"")*(LEN(N641)*(N641<>""N/A"")*(N641<>""NAV"")+LEN(T641)*(T641<>""N/A"")*(T641<>""NAV"")))",Backend UI Toggle
Land Comp Profiles,H642,"=1/((I642=""Show"")+(I642<>""Hide"")*(LEN(N642)*(N642<>""N/A"")*(N642<>""NAV"")+LEN(T642)*(T642<>""N/A"")*(T642<>""NAV"")))",Backend UI Toggle
Land Comp Profiles,H643,"=1/((I643=""Show"")+(I643<>""Hide"")*(LEN(N643)*(N643<>""N/A"")*(N643<>""NAV"")+LEN(T643)*(T643<>""N/A"")*(T643<>""NAV"")))",Backend UI Toggle
Land Comp Profiles,H644,"=1/((I644=""Show"")+(I644<>""Hide"")*(LEN(N644)*(N644<>""N/A"")*(N644<>""NAV"")+LEN(T644)*(T644<>""N/A"")*(T644<>""NAV"")))",Backend UI Toggle
Land Comp Profiles,H645,"=1/((I645=""Show"")+(I645<>""Hide"")*(LEN(N645)*(N645<>""N/A"")*(N645<>""NAV"")+LEN(T645)*(T645<>""N/A"")*(T645<>""NAV"")))",Backend UI Toggle
Land Comp Profiles,H646,"=1/((I646=""Show"")+(I646<>""Hide"")*(LEN(N646)*(N646<>""N/A"")*(N646<>""NAV"")+LEN(T646)*(T646<>""N/A"")*(T646<>""NAV"")))",Backend UI Toggle
Land Comp Profiles,H682,"=1/((I682=""Show"")+(I682<>""Hide"")*(LEN(L682)*(L682<>""N/A"")))",Backend UI Toggle
Land Comp Profiles,H693,"=1/((I693=""Show"")+(I693<>""Hide"")*LEN(N693)*(N693<>""N/A"")*(N693<>""NAV""))",Backend UI Toggle
Land Comp Profiles,H694,"=1/(I694<>""Hide"")",Backend UI Toggle
Land Comp Profiles,H695,"=1/((I695=""Show"")+(I695<>""Hide"")*LEN(N695)*(N695<>""N/A"")*(N695<>""NAV""))",Backend UI Toggle
Land Comp Profiles,H696,"=1/((I696=""Show"")+(I696<>""Hide"")*LEN(N696)*(N696<>""N/A"")*(N696<>""NAV""))",Backend UI Toggle
Land Comp Profiles,H697,"=1/((I697=""Show"")+(I697<>""Hide"")*LEN(N697)*(N697<>""N/A"")*(N697<>""NAV""))",Backend UI Toggle
Land Comp Profiles,H698,"=1/((I698=""Show"")+(I698<>""Hide"")*LEN(N698)*(N698<>""N/A"")*(N698<>""NAV""))",Backend UI Toggle
Land Comp Profiles,H699,"=1/((I699=""Show"")+(I699<>""Hide"")*LEN(N699)*(N699<>""N/A"")*(N699<>""NAV""))",Backend UI Toggle
Land Comp Profiles,H700,"=1/((I700=""Show"")+(I700<>""Hide"")*LEN(N700)*(N700<>""N/A"")*(N700<>""NAV""))",Backend UI Toggle
Land Comp Profiles,H701,"=1/((I701=""Show"")+(I701<>""Hide"")*LEN(N701)*(N701<>""N/A"")*(N701<>""NAV""))",Backend UI Toggle
Land Comp Profiles,H702,"=1/((I702=""Show"")+(I702<>""Hide"")*LEN(N702)*(N702<>""N/A"")*(N702<>""NAV""))",Backend UI Toggle
Land Comp Profiles,H703,"=1/((I703=""Show"")+(I703<>""Hide"")*LEN(N703)*(N703<>""N/A"")*(N703<>""NAV""))",Backend UI Toggle
Land Comp Profiles,H704,"=1/((I704=""Show"")+(I704<>""Hide"")*LEN(N704)*(N704<>""N/A"")*(N704<>""NAV""))",Backend UI Toggle
Land Comp Profiles,H705,"=1/((I705=""Show"")+(I705<>""Hide"")*LEN(N705)*(N705<>""N/A"")*(N705<>""NAV""))",Backend UI Toggle
Land Comp Profiles,H706,"=1/((I706=""Show"")+(I706<>""Hide"")*LEN(N706)*(N706<>""N/A"")*(N706<>""NAV""))",Backend UI Toggle
Land Comp Profiles,H707,"=1/((I707=""Show"")+(I707<>""Hide"")*LEN(N707)*(N707<>""N/A"")*(N707<>""NAV""))",Backend UI Toggle
Land Comp Profiles,H708,"=1/((I708=""Show"")+(I708<>""Hide"")*LEN(N708)*(N708<>""N/A"")*(N708<>""NAV""))",Backend UI Toggle
Land Comp Profiles,H709,"=1/((I709=""Show"")+(I709<>""Hide"")*LEN(N709)*(N709<>""N/A"")*(N709<>""NAV""))",Backend UI Toggle
Land Comp Profiles,H715,"=1/((I715=""Show"")+(I715<>""Hide"")*(LEN(N715)*(N715<>""N/A"")*(N715<>""NAV"")+LEN(T715)*(T715<>""N/A"")*(T715<>""NAV"")))",Backend UI Toggle
Land Comp Profiles,H716,"=1/((I716=""Show"")+(I716<>""Hide"")*(LEN(N716)*(N716<>""N/A"")*(N716<>""NAV"")+LEN(T716)*(T716<>""N/A"")*(T716<>""NAV"")))",Backend UI Toggle
Land Comp Profiles,H717,"=1/((I717=""Show"")+(I717<>""Hide"")*(LEN(N717)*(N717<>""N/A"")*(N717<>""NAV"")+LEN(T717)*(T717<>""N/A"")*(T717<>""NAV"")))",Backend UI Toggle
Land Comp Profiles,H718,"=1/((I718=""Show"")+(I718<>""Hide"")*(LEN(N718)*(N718<>""N/A"")*(N718<>""NAV"")+LEN(T718)*(T718<>""N/A"")*(T718<>""NAV"")))",Backend UI Toggle
Land Comp Profiles,H719,"=1/((I719=""Show"")+(I719<>""Hide"")*(LEN(N719)*(N719<>""N/A"")*(N719<>""NAV"")+LEN(T719)*(T719<>""N/A"")*(T719<>""NAV"")))",Backend UI Toggle
Land Comp Profiles,H720,"=1/((I720=""Show"")+(I720<>""Hide"")*(LEN(N720)*(N720<>""N/A"")*(N720<>""NAV"")+LEN(T720)*(T720<>""N/A"")*(T720<>""NAV"")))",Backend UI Toggle
Land Comp Profiles,H721,"=1/((I721=""Show"")+(I721<>""Hide"")*(LEN(N721)*(N721<>""N/A"")*(N721<>""NAV"")+LEN(T721)*(T721<>""N/A"")*(T721<>""NAV"")))",Backend UI Toggle
Land Comp Profiles,H722,"=1/((I722=""Show"")+(I722<>""Hide"")*(LEN(N722)*(N722<>""N/A"")*(N722<>""NAV"")+LEN(T722)*(T722<>""N/A"")*(T722<>""NAV"")))",Backend UI Toggle
Land Comp Profiles,H723,"=1/((I723=""Show"")+(I723<>""Hide"")*(LEN(N723)*(N723<>""N/A"")*(N723<>""NAV"")+LEN(T723)*(T723<>""N/A"")*(T723<>""NAV"")))",Backend UI Toggle
Land Comp Profiles,H724,"=1/((I724=""Show"")+(I724<>""Hide"")*(LEN(N724)*(N724<>""N/A"")*(N724<>""NAV"")+LEN(T724)*(T724<>""N/A"")*(T724<>""NAV"")))",Backend UI Toggle
Land Comp Profiles,H725,"=1/((I725=""Show"")+(I725<>""Hide"")*(LEN(N725)*(N725<>""N/A"")*(N725<>""NAV"")+LEN(T725)*(T725<>""N/A"")*(T725<>""NAV"")))",Backend UI Toggle
Land Comp Profiles,H726,"=1/((I726=""Show"")+(I726<>""Hide"")*(LEN(N726)*(N726<>""N/A"")*(N726<>""NAV"")+LEN(T726)*(T726<>""N/A"")*(T726<>""NAV"")))",Backend UI Toggle
Land Comp Profiles,H738,"=1/((I738=""Show"")+(I738<>""Hide"")*(LEN(N738)*(N738<>""N/A"")*(N738<>""NAV"")+LEN(T738)*(T738<>""N/A"")*(T738<>""NAV"")))",Backend UI Toggle
Land Comp Profiles,H739,"=1/((I739=""Show"")+(I739<>""Hide"")*(LEN(N739)*(N739<>""N/A"")*(N739<>""NAV"")+LEN(T739)*(T739<>""N/A"")*(T739<>""NAV"")))",Backend UI Toggle
Land Comp Profiles,H740,"=1/((I740=""Show"")+(I740<>""Hide"")*(LEN(N740)*(N740<>""N/A"")*(N740<>""NAV"")+LEN(T740)*(T740<>""N/A"")*(T740<>""NAV"")))",Backend UI Toggle
Land Comp Profiles,H741,"=1/((I741=""Show"")+(I741<>""Hide"")*(LEN(N741)*(N741<>""N/A"")*(N741<>""NAV"")+LEN(T741)*(T741<>""N/A"")*(T741<>""NAV"")))",Backend UI Toggle
Land Comp Profiles,H742,"=1/((I742=""Show"")+(I742<>""Hide"")*(LEN(N742)*(N742<>""N/A"")*(N742<>""NAV"")+LEN(T742)*(T742<>""N/A"")*(T742<>""NAV"")))",Backend UI Toggle
Land Comp Profiles,H743,"=1/((I743=""Show"")+(I743<>""Hide"")*(LEN(N743)*(N743<>""N/A"")*(N743<>""NAV"")+LEN(T743)*(T743<>""N/A"")*(T743<>""NAV"")))",Backend UI Toggle
Land Comp Profiles,H744,"=1/((I744=""Show"")+(I744<>""Hide"")*(LEN(N744)*(N744<>""N/A"")*(N744<>""NAV"")+LEN(T744)*(T744<>""N/A"")*(T744<>""NAV"")))",Backend UI Toggle
Land Comp Profiles,H745,"=1/((I745=""Show"")+(I745<>""Hide"")*(LEN(N745)*(N745<>""N/A"")*(N745<>""NAV"")+LEN(T745)*(T745<>""N/A"")*(T745<>""NAV"")))",Backend UI Toggle
Land Comp Profiles,H781,"=1/((I781=""Show"")+(I781<>""Hide"")*(LEN(L781)*(L781<>""N/A"")))",Backend UI Toggle
Cost Approach Setup,B6,"=1/((F6<>"""")*(pvaPropertyTypeKey<>""Senior Housing|All""))",Backend UI Toggle
Cost Approach Setup,B7,"=1/((F7<>"""")*(pvaPropertyTypeKey<>""Senior Housing|All""))",Backend UI Toggle
Cost Approach Setup,B8,"=1/((F8<>"""")*(pvaPropertyTypeKey<>""Senior Housing|All""))",Backend UI Toggle
Cost Approach Setup,B9,"=1/((F9<>"""")*(pvaPropertyTypeKey<>""Senior Housing|All""))",Backend UI Toggle
Cost Approach Setup,B10,"=1/((F10<>"""")*(pvaPropertyTypeKey<>""Senior Housing|All""))",Backend UI Toggle
Cost Approach Setup,B11,"=1/((F11<>"""")*(pvaPropertyTypeKey<>""Senior Housing|All""))",Backend UI Toggle
Cost Approach Setup,B12,"=1/((F12<>"""")*(pvaPropertyTypeKey<>""Senior Housing|All""))",Backend UI Toggle
Cost Approach Setup,B13,"=1/(pvaPropertyTypeKey=""Senior Housing|All"")",Backend UI Toggle
Cost Approach Setup,B14,"=1/(pvaPropertyTypeKey=""Senior Housing|All"")",Backend UI Toggle
Sales Grid,FW710,"=IF(SalesGrid_ShowHideCompSections<>0,SalesGrid_ShowHideCompSections,"""")&"" Property Type Characteristics""",Backend UI Toggle
Sales Grid,FT711,"=IFERROR(IF(OR(SalesGrid_ShowHideCompSections=""Office"",N1PropertyType=""Office/Warehouse""),""Show"",""Hide""),""Hide"")",Backend UI Toggle
Sales Grid,FT712,"=IFERROR(IF(OR(SalesGrid_ShowHideCompSections=""Office"",N1PropertyType=""Office/Warehouse""),""Show"",""Hide""),""Hide"")",Backend UI Toggle
Sales Grid,FT713,"=IFERROR(IF(OR(SalesGrid_ShowHideCompSections=""Office"",N1PropertyType=""Office/Warehouse""),""Show"",""Hide""),""Hide"")",Backend UI Toggle
Sales Grid,FT714,"=IFERROR(IF(OR(SalesGrid_ShowHideCompSections=""Office"",N1PropertyType=""Office/Warehouse""),""Show"",""Hide""),""Hide"")",Backend UI Toggle
Sales Grid,FT715,"=IFERROR(IF(OR(SalesGrid_ShowHideCompSections=""Office"",N1PropertyType=""Office/Warehouse""),""Show"",""Hide""),""Hide"")",Backend UI Toggle
Sales Grid,FT716,"=IFERROR(IF(OR(SalesGrid_ShowHideCompSections=""Office"",N1PropertyType=""Office/Warehouse""),""Show"",""Hide""),""Hide"")",Backend UI Toggle
Sales Grid,FT717,"=IFERROR(IF(OR(SalesGrid_ShowHideCompSections=""Retail-Commercial"",SalesGrid_ShowHideCompSections=""Shopping Center""),""Show"",""Hide""),""Hide"")",Backend UI Toggle
Sales Grid,FT718,"=IFERROR(IF(OR(SalesGrid_ShowHideCompSections=""Retail-Commercial"",SalesGrid_ShowHideCompSections=""Shopping Center""),""Show"",""Hide""),""Hide"")",Backend UI Toggle
Sales Grid,FT719,"=IFERROR(IF(OR(SalesGrid_ShowHideCompSections=""Retail-Commercial"",SalesGrid_ShowHideCompSections=""Shopping Center""),""Show"",""Hide""),""Hide"")",Backend UI Toggle
Sales Grid,FT720,"=IFERROR(IF(OR(SalesGrid_ShowHideCompSections=""Retail-Commercial"",SalesGrid_ShowHideCompSections=""Shopping Center""),""Show"",""Hide""),""Hide"")",Backend UI Toggle
Sales Grid,FT721,"=IFERROR(IF(OR(SalesGrid_ShowHideCompSections=""Retail-Commercial"",SalesGrid_ShowHideCompSections=""Shopping Center""),""Show"",""Hide""),""Hide"")",Backend UI Toggle
Sales Grid,FT722,"=IFERROR(IF(OR(SalesGrid_ShowHideCompSections=""Retail-Commercial"",SalesGrid_ShowHideCompSections=""Shopping Center""),""Show"",""Hide""),""Hide"")",Backend UI Toggle
Sales Grid,FT723,"=IF(OR(SalesGrid_ShowHideCompSections=""Industrial"",N1PropertyType=""Office/Warehouse""),""Show"",""Hide"")",Backend UI Toggle
Sales Grid,FT724,"=IF(OR(SalesGrid_ShowHideCompSections=""Industrial"",N1PropertyType=""Office/Warehouse""),""Show"",""Hide"")",Backend UI Toggle
Sales Grid,FT725,"=IF(OR(SalesGrid_ShowHideCompSections=""Industrial"",N1PropertyType=""Office/Warehouse""),""Show"",""Hide"")",Backend UI Toggle
Sales Grid,FT726,"=IF(OR(SalesGrid_ShowHideCompSections=""Industrial"",N1PropertyType=""Office/Warehouse""),""Show"",""Hide"")",Backend UI Toggle
Sales Grid,FT727,"=IF(OR(SalesGrid_ShowHideCompSections=""Industrial"",N1PropertyType=""Office/Warehouse""),""Show"",""Hide"")",Backend UI Toggle
Sales Grid,FT728,"=IF(OR(SalesGrid_ShowHideCompSections=""Industrial"",N1PropertyType=""Office/Warehouse""),""Show"",""Hide"")",Backend UI Toggle
Sales Grid,FT729,"=IF(SalesGrid_ShowHideCompSections=""Multi-Family"",""Show"",""Hide"")",Backend UI Toggle
Sales Grid,FT730,"=IF(SalesGrid_ShowHideCompSections=""Multi-Family"",""Show"",""Hide"")",Backend UI Toggle
Sales Grid,FT731,"=IF(SalesGrid_ShowHideCompSections=""Multi-Family"",""Show"",""Hide"")",Backend UI Toggle
Sales Grid,FT732,"=IF(SalesGrid_ShowHideCompSections=""Multi-Family"",""Show"",""Hide"")",Backend UI Toggle
Sales Grid,FT733,"=IF(SalesGrid_ShowHideCompSections=""Senior Housing"",""Show"",""Hide"")",Backend UI Toggle
Sales Grid,FT734,"=IF(SalesGrid_ShowHideCompSections=""Senior Housing"",""Show"",""Hide"")",Backend UI Toggle
Sales Grid,FT735,"=IF(SalesGrid_ShowHideCompSections=""Senior Housing"",""Show"",""Hide"")",Backend UI Toggle
Sales Grid,FT736,"=IF(SalesGrid_ShowHideCompSections=""Senior Housing"",""Show"",""Hide"")",Backend UI Toggle
Sales Grid,FT737,"=IF(SalesGrid_ShowHideCompSections=""Senior Housing"",""Show"",""Hide"")",Backend UI Toggle
Sales Grid,FT738,"=IF(SalesGrid_ShowHideCompSections=""Senior Housing"",""Show"",""Hide"")",Backend UI Toggle
Sales Grid,FT739,"=IF(SalesGrid_ShowHideCompSections=""Lodging & Hospitality"",""Show"",""Hide"")",Backend UI Toggle
Sales Grid,FT740,"=IF(SalesGrid_ShowHideCompSections=""Lodging & Hospitality"",""Show"",""Hide"")",Backend UI Toggle
Sales Grid,FT741,"=IF(SalesGrid_ShowHideCompSections=""Lodging & Hospitality"",""Show"",""Hide"")",Backend UI Toggle
Sales Grid,FT742,"=IFERROR(IF(OR(SalesGrid_ShowHideCompSections=""Multi-Family"",SalesGrid_ShowHideCompSections=""Senior Housing"",SalesGrid_ShowHideCompSections=""Lodging & Hospitality""),""Show"",""Hide""),""Hide"")",Backend UI Toggle
Sales Grid,FT743,"=IFERROR(IF(OR(SalesGrid_ShowHideCompSections=""Multi-Family"",SalesGrid_ShowHideCompSections=""Senior Housing"",SalesGrid_ShowHideCompSections=""Lodging & Hospitality""),""Show"",""Hide""),""Hide"")",Backend UI Toggle
Sales Grid,FT816,"=IFERROR(IF(OR(SalesGrid_ShowHideCompSections=""Office"",N1PropertyType=""Office/Warehouse""),""Show"",""Hide""),""Hide"")",Backend UI Toggle
Sales Grid,FT817,"=IFERROR(IF(OR(SalesGrid_ShowHideCompSections=""Office"",N1PropertyType=""Office/Warehouse""),""Show"",""Hide""),""Hide"")",Backend UI Toggle
Sales Grid,FT818,"=IFERROR(IF(OR(SalesGrid_ShowHideCompSections=""Office"",N1PropertyType=""Office/Warehouse""),""Show"",""Hide""),""Hide"")",Backend UI Toggle
Sales Grid,FT819,"=IFERROR(IF(OR(SalesGrid_ShowHideCompSections=""Office"",N1PropertyType=""Office/Warehouse""),""Show"",""Hide""),""Hide"")",Backend UI Toggle
Sales Grid,FT820,"=IFERROR(IF(OR(SalesGrid_ShowHideCompSections=""Office"",N1PropertyType=""Office/Warehouse""),""Show"",""Hide""),""Hide"")",Backend UI Toggle
Sales Grid,FT821,"=IFERROR(IF(OR(SalesGrid_ShowHideCompSections=""Office"",N1PropertyType=""Office/Warehouse""),""Show"",""Hide""),""Hide"")",Backend UI Toggle
Sales Grid,FT822,"=IFERROR(IF(OR(SalesGrid_ShowHideCompSections=""Retail-Commercial"",SalesGrid_ShowHideCompSections=""Shopping Center""),""Show"",""Hide""),""Hide"")",Backend UI Toggle
Sales Grid,FT823,"=IFERROR(IF(OR(SalesGrid_ShowHideCompSections=""Retail-Commercial"",SalesGrid_ShowHideCompSections=""Shopping Center""),""Show"",""Hide""),""Hide"")",Backend UI Toggle
Sales Grid,FT824,"=IFERROR(IF(OR(SalesGrid_ShowHideCompSections=""Retail-Commercial"",SalesGrid_ShowHideCompSections=""Shopping Center""),""Show"",""Hide""),""Hide"")",Backend UI Toggle
Sales Grid,FT825,"=IFERROR(IF(OR(SalesGrid_ShowHideCompSections=""Retail-Commercial"",SalesGrid_ShowHideCompSections=""Shopping Center""),""Show"",""Hide""),""Hide"")",Backend UI Toggle
Sales Grid,FT826,"=IFERROR(IF(OR(SalesGrid_ShowHideCompSections=""Retail-Commercial"",SalesGrid_ShowHideCompSections=""Shopping Center""),""Show"",""Hide""),""Hide"")",Backend UI Toggle
Sales Grid,FT827,"=IFERROR(IF(OR(SalesGrid_ShowHideCompSections=""Retail-Commercial"",SalesGrid_ShowHideCompSections=""Shopping Center""),""Show"",""Hide""),""Hide"")",Backend UI Toggle
Sales Grid,FT828,"=IF(OR(SalesGrid_ShowHideCompSections=""Industrial"",N1PropertyType=""Office/Warehouse""),""Show"",""Hide"")",Backend UI Toggle
Sales Grid,FT829,"=IF(OR(SalesGrid_ShowHideCompSections=""Industrial"",N1PropertyType=""Office/Warehouse""),""Show"",""Hide"")",Backend UI Toggle
Sales Grid,FT830,"=IF(OR(SalesGrid_ShowHideCompSections=""Industrial"",N1PropertyType=""Office/Warehouse""),""Show"",""Hide"")",Backend UI Toggle
Sales Grid,FT831,"=IF(OR(SalesGrid_ShowHideCompSections=""Industrial"",N1PropertyType=""Office/Warehouse""),""Show"",""Hide"")",Backend UI Toggle
Sales Grid,FT832,"=IF(OR(SalesGrid_ShowHideCompSections=""Industrial"",N1PropertyType=""Office/Warehouse""),""Show"",""Hide"")",Backend UI Toggle
Sales Grid,FT833,"=IF(OR(SalesGrid_ShowHideCompSections=""Industrial"",N1PropertyType=""Office/Warehouse""),""Show"",""Hide"")",Backend UI Toggle
Sales Grid,FT834,"=IF(SalesGrid_ShowHideCompSections=""Multi-Family"",""Show"",""Hide"")",Backend UI Toggle
Sales Grid,FT835,"=IF(SalesGrid_ShowHideCompSections=""Multi-Family"",""Show"",""Hide"")",Backend UI Toggle
Sales Grid,FT836,"=IF(SalesGrid_ShowHideCompSections=""Multi-Family"",""Show"",""Hide"")",Backend UI Toggle
Sales Grid,FT837,"=IF(SalesGrid_ShowHideCompSections=""Multi-Family"",""Show"",""Hide"")",Backend UI Toggle
Sales Grid,FT838,"=IF(SalesGrid_ShowHideCompSections=""Senior Housing"",""Show"",""Hide"")",Backend UI Toggle
Sales Grid,FT839,"=IF(SalesGrid_ShowHideCompSections=""Senior Housing"",""Show"",""Hide"")",Backend UI Toggle
Sales Grid,FT840,"=IF(SalesGrid_ShowHideCompSections=""Senior Housing"",""Show"",""Hide"")",Backend UI Toggle
Sales Grid,FT841,"=IF(SalesGrid_ShowHideCompSections=""Senior Housing"",""Show"",""Hide"")",Backend UI Toggle
Sales Grid,FT842,"=IF(SalesGrid_ShowHideCompSections=""Senior Housing"",""Show"",""Hide"")",Backend UI Toggle
Sales Grid,FT843,"=IF(SalesGrid_ShowHideCompSections=""Senior Housing"",""Show"",""Hide"")",Backend UI Toggle
Sales Grid,FT844,"=IF(SalesGrid_ShowHideCompSections=""Lodging & Hospitality"",""Show"",""Hide"")",Backend UI Toggle
Sales Grid,FT845,"=IF(SalesGrid_ShowHideCompSections=""Lodging & Hospitality"",""Show"",""Hide"")",Backend UI Toggle
Sales Grid,FT846,"=IF(SalesGrid_ShowHideCompSections=""Lodging & Hospitality"",""Show"",""Hide"")",Backend UI Toggle
Sales Grid,FT921,"=IFERROR(IF(OR(SalesGrid_ShowHideCompSections=""Office"",N1PropertyType=""Office/Warehouse""),""Show"",""Hide""),""Hide"")",Backend UI Toggle
Sales Grid,FT922,"=IFERROR(IF(OR(SalesGrid_ShowHideCompSections=""Office"",N1PropertyType=""Office/Warehouse""),""Show"",""Hide""),""Hide"")",Backend UI Toggle
Sales Grid,FT923,"=IFERROR(IF(OR(SalesGrid_ShowHideCompSections=""Office"",N1PropertyType=""Office/Warehouse""),""Show"",""Hide""),""Hide"")",Backend UI Toggle
Sales Grid,FT924,"=IFERROR(IF(OR(SalesGrid_ShowHideCompSections=""Office"",N1PropertyType=""Office/Warehouse""),""Show"",""Hide""),""Hide"")",Backend UI Toggle
Sales Grid,FT925,"=IFERROR(IF(OR(SalesGrid_ShowHideCompSections=""Office"",N1PropertyType=""Office/Warehouse""),""Show"",""Hide""),""Hide"")",Backend UI Toggle
Sales Grid,FT926,"=IFERROR(IF(OR(SalesGrid_ShowHideCompSections=""Office"",N1PropertyType=""Office/Warehouse""),""Show"",""Hide""),""Hide"")",Backend UI Toggle
Sales Grid,FT927,"=IFERROR(IF(OR(SalesGrid_ShowHideCompSections=""Retail-Commercial"",SalesGrid_ShowHideCompSections=""Shopping Center""),""Show"",""Hide""),""Hide"")",Backend UI Toggle
Sales Grid,FT928,"=IFERROR(IF(OR(SalesGrid_ShowHideCompSections=""Retail-Commercial"",SalesGrid_ShowHideCompSections=""Shopping Center""),""Show"",""Hide""),""Hide"")",Backend UI Toggle
Sales Grid,FT929,"=IFERROR(IF(OR(SalesGrid_ShowHideCompSections=""Retail-Commercial"",SalesGrid_ShowHideCompSections=""Shopping Center""),""Show"",""Hide""),""Hide"")",Backend UI Toggle
Sales Grid,FT930,"=IFERROR(IF(OR(SalesGrid_ShowHideCompSections=""Retail-Commercial"",SalesGrid_ShowHideCompSections=""Shopping Center""),""Show"",""Hide""),""Hide"")",Backend UI Toggle
Sales Grid,FT931,"=IFERROR(IF(OR(SalesGrid_ShowHideCompSections=""Retail-Commercial"",SalesGrid_ShowHideCompSections=""Shopping Center""),""Show"",""Hide""),""Hide"")",Backend UI Toggle
Sales Grid,FT932,"=IFERROR(IF(OR(SalesGrid_ShowHideCompSections=""Retail-Commercial"",SalesGrid_ShowHideCompSections=""Shopping Center""),""Show"",""Hide""),""Hide"")",Backend UI Toggle
Sales Grid,FT933,"=IF(OR(SalesGrid_ShowHideCompSections=""Industrial"",N1PropertyType=""Office/Warehouse""),""Show"",""Hide"")",Backend UI Toggle
Sales Grid,FT934,"=IF(OR(SalesGrid_ShowHideCompSections=""Industrial"",N1PropertyType=""Office/Warehouse""),""Show"",""Hide"")",Backend UI Toggle
Sales Grid,FT935,"=IF(OR(SalesGrid_ShowHideCompSections=""Industrial"",N1PropertyType=""Office/Warehouse""),""Show"",""Hide"")",Backend UI Toggle
Sales Grid,FT936,"=IF(OR(SalesGrid_ShowHideCompSections=""Industrial"",N1PropertyType=""Office/Warehouse""),""Show"",""Hide"")",Backend UI Toggle
Sales Grid,FT937,"=IF(OR(SalesGrid_ShowHideCompSections=""Industrial"",N1PropertyType=""Office/Warehouse""),""Show"",""Hide"")",Backend UI Toggle
Sales Grid,FT938,"=IF(OR(SalesGrid_ShowHideCompSections=""Industrial"",N1PropertyType=""Office/Warehouse""),""Show"",""Hide"")",Backend UI Toggle
Sales Grid,FT939,"=IF(SalesGrid_ShowHideCompSections=""Multi-Family"",""Show"",""Hide"")",Backend UI Toggle
Sales Grid,FT940,"=IF(SalesGrid_ShowHideCompSections=""Multi-Family"",""Show"",""Hide"")",Backend UI Toggle
Sales Grid,FT941,"=IF(SalesGrid_ShowHideCompSections=""Multi-Family"",""Show"",""Hide"")",Backend UI Toggle
Sales Grid,FT942,"=IF(SalesGrid_ShowHideCompSections=""Multi-Family"",""Show"",""Hide"")",Backend UI Toggle
Sales Grid,FT943,"=IF(SalesGrid_ShowHideCompSections=""Senior Housing"",""Show"",""Hide"")",Backend UI Toggle
Sales Grid,FT944,"=IF(SalesGrid_ShowHideCompSections=""Senior Housing"",""Show"",""Hide"")",Backend UI Toggle
Sales Grid,FT945,"=IF(SalesGrid_ShowHideCompSections=""Senior Housing"",""Show"",""Hide"")",Backend UI Toggle
Sales Grid,FT946,"=IF(SalesGrid_ShowHideCompSections=""Senior Housing"",""Show"",""Hide"")",Backend UI Toggle
Sales Grid,FT947,"=IF(SalesGrid_ShowHideCompSections=""Senior Housing"",""Show"",""Hide"")",Backend UI Toggle
Sales Grid,FT948,"=IF(SalesGrid_ShowHideCompSections=""Senior Housing"",""Show"",""Hide"")",Backend UI Toggle
Sales Grid,FT949,"=IF(SalesGrid_ShowHideCompSections=""Lodging & Hospitality"",""Show"",""Hide"")",Backend UI Toggle
Sales Grid,FT950,"=IF(SalesGrid_ShowHideCompSections=""Lodging & Hospitality"",""Show"",""Hide"")",Backend UI Toggle
Sales Grid,FT951,"=IF(SalesGrid_ShowHideCompSections=""Lodging & Hospitality"",""Show"",""Hide"")",Backend UI Toggle
Sales Grid,FT1026,"=IFERROR(IF(OR(SalesGrid_ShowHideCompSections=""Office"",N1PropertyType=""Office/Warehouse""),""Show"",""Hide""),""Hide"")",Backend UI Toggle
Sales Grid,FT1027,"=IFERROR(IF(OR(SalesGrid_ShowHideCompSections=""Office"",N1PropertyType=""Office/Warehouse""),""Show"",""Hide""),""Hide"")",Backend UI Toggle
Sales Grid,FT1028,"=IFERROR(IF(OR(SalesGrid_ShowHideCompSections=""Office"",N1PropertyType=""Office/Warehouse""),""Show"",""Hide""),""Hide"")",Backend UI Toggle
Sales Grid,FT1029,"=IFERROR(IF(OR(SalesGrid_ShowHideCompSections=""Office"",N1PropertyType=""Office/Warehouse""),""Show"",""Hide""),""Hide"")",Backend UI Toggle
Sales Grid,FT1030,"=IFERROR(IF(OR(SalesGrid_ShowHideCompSections=""Office"",N1PropertyType=""Office/Warehouse""),""Show"",""Hide""),""Hide"")",Backend UI Toggle
Sales Grid,FT1031,"=IFERROR(IF(OR(SalesGrid_ShowHideCompSections=""Office"",N1PropertyType=""Office/Warehouse""),""Show"",""Hide""),""Hide"")",Backend UI Toggle
Sales Grid,FT1032,"=IFERROR(IF(OR(SalesGrid_ShowHideCompSections=""Retail-Commercial"",SalesGrid_ShowHideCompSections=""Shopping Center""),""Show"",""Hide""),""Hide"")",Backend UI Toggle
Sales Grid,FT1033,"=IFERROR(IF(OR(SalesGrid_ShowHideCompSections=""Retail-Commercial"",SalesGrid_ShowHideCompSections=""Shopping Center""),""Show"",""Hide""),""Hide"")",Backend UI Toggle
Sales Grid,FT1034,"=IFERROR(IF(OR(SalesGrid_ShowHideCompSections=""Retail-Commercial"",SalesGrid_ShowHideCompSections=""Shopping Center""),""Show"",""Hide""),""Hide"")",Backend UI Toggle
Sales Grid,FT1035,"=IFERROR(IF(OR(SalesGrid_ShowHideCompSections=""Retail-Commercial"",SalesGrid_ShowHideCompSections=""Shopping Center""),""Show"",""Hide""),""Hide"")",Backend UI Toggle
Sales Grid,FT1036,"=IFERROR(IF(OR(SalesGrid_ShowHideCompSections=""Retail-Commercial"",SalesGrid_ShowHideCompSections=""Shopping Center""),""Show"",""Hide""),""Hide"")",Backend UI Toggle
Sales Grid,FT1037,"=IFERROR(IF(OR(SalesGrid_ShowHideCompSections=""Retail-Commercial"",SalesGrid_ShowHideCompSections=""Shopping Center""),""Show"",""Hide""),""Hide"")",Backend UI Toggle
Sales Grid,FT1038,"=IF(OR(SalesGrid_ShowHideCompSections=""Industrial"",N1PropertyType=""Office/Warehouse""),""Show"",""Hide"")",Backend UI Toggle
Sales Grid,FT1039,"=IF(OR(SalesGrid_ShowHideCompSections=""Industrial"",N1PropertyType=""Office/Warehouse""),""Show"",""Hide"")",Backend UI Toggle
Sales Grid,FT1040,"=IF(OR(SalesGrid_ShowHideCompSections=""Industrial"",N1PropertyType=""Office/Warehouse""),""Show"",""Hide"")",Backend UI Toggle
Sales Grid,FT1041,"=IF(OR(SalesGrid_ShowHideCompSections=""Industrial"",N1PropertyType=""Office/Warehouse""),""Show"",""Hide"")",Backend UI Toggle
Sales Grid,FT1042,"=IF(OR(SalesGrid_ShowHideCompSections=""Industrial"",N1PropertyType=""Office/Warehouse""),""Show"",""Hide"")",Backend UI Toggle
Sales Grid,FT1043,"=IF(OR(SalesGrid_ShowHideCompSections=""Industrial"",N1PropertyType=""Office/Warehouse""),""Show"",""Hide"")",Backend UI Toggle
Sales Grid,FT1044,"=IF(SalesGrid_ShowHideCompSections=""Multi-Family"",""Show"",""Hide"")",Backend UI Toggle
Sales Grid,FT1045,"=IF(SalesGrid_ShowHideCompSections=""Multi-Family"",""Show"",""Hide"")",Backend UI Toggle
Sales Grid,FT1046,"=IF(SalesGrid_ShowHideCompSections=""Multi-Family"",""Show"",""Hide"")",Backend UI Toggle
Sales Grid,FT1047,"=IF(SalesGrid_ShowHideCompSections=""Multi-Family"",""Show"",""Hide"")",Backend UI Toggle
Sales Grid,FT1048,"=IF(SalesGrid_ShowHideCompSections=""Senior Housing"",""Show"",""Hide"")",Backend UI Toggle
Sales Grid,FT1049,"=IF(SalesGrid_ShowHideCompSections=""Senior Housing"",""Show"",""Hide"")",Backend UI Toggle
Sales Grid,FT1050,"=IF(SalesGrid_ShowHideCompSections=""Senior Housing"",""Show"",""Hide"")",Backend UI Toggle
Sales Grid,FT1051,"=IF(SalesGrid_ShowHideCompSections=""Senior Housing"",""Show"",""Hide"")",Backend UI Toggle
Sales Grid,FT1052,"=IF(SalesGrid_ShowHideCompSections=""Senior Housing"",""Show"",""Hide"")",Backend UI Toggle
Sales Grid,FT1053,"=IF(SalesGrid_ShowHideCompSections=""Senior Housing"",""Show"",""Hide"")",Backend UI Toggle
Sales Grid,FT1054,"=IF(SalesGrid_ShowHideCompSections=""Lodging & Hospitality"",""Show"",""Hide"")",Backend UI Toggle
Sales Grid,FT1055,"=IF(SalesGrid_ShowHideCompSections=""Lodging & Hospitality"",""Show"",""Hide"")",Backend UI Toggle
Sales Grid,FT1056,"=IF(SalesGrid_ShowHideCompSections=""Lodging & Hospitality"",""Show"",""Hide"")",Backend UI Toggle
Sales Grid,FT1131,"=IFERROR(IF(OR(SalesGrid_ShowHideCompSections=""Office"",N1PropertyType=""Office/Warehouse""),""Show"",""Hide""),""Hide"")",Backend UI Toggle
Sales Grid,FT1132,"=IFERROR(IF(OR(SalesGrid_ShowHideCompSections=""Office"",N1PropertyType=""Office/Warehouse""),""Show"",""Hide""),""Hide"")",Backend UI Toggle
Sales Grid,FT1133,"=IFERROR(IF(OR(SalesGrid_ShowHideCompSections=""Office"",N1PropertyType=""Office/Warehouse""),""Show"",""Hide""),""Hide"")",Backend UI Toggle
Sales Grid,FT1134,"=IFERROR(IF(OR(SalesGrid_ShowHideCompSections=""Office"",N1PropertyType=""Office/Warehouse""),""Show"",""Hide""),""Hide"")",Backend UI Toggle
Sales Grid,FT1135,"=IFERROR(IF(OR(SalesGrid_ShowHideCompSections=""Office"",N1PropertyType=""Office/Warehouse""),""Show"",""Hide""),""Hide"")",Backend UI Toggle
Sales Grid,FT1136,"=IFERROR(IF(OR(SalesGrid_ShowHideCompSections=""Office"",N1PropertyType=""Office/Warehouse""),""Show"",""Hide""),""Hide"")",Backend UI Toggle
Sales Grid,FT1137,"=IFERROR(IF(OR(SalesGrid_ShowHideCompSections=""Retail-Commercial"",SalesGrid_ShowHideCompSections=""Shopping Center""),""Show"",""Hide""),""Hide"")",Backend UI Toggle
Sales Grid,FT1138,"=IFERROR(IF(OR(SalesGrid_ShowHideCompSections=""Retail-Commercial"",SalesGrid_ShowHideCompSections=""Shopping Center""),""Show"",""Hide""),""Hide"")",Backend UI Toggle
Sales Grid,FT1139,"=IFERROR(IF(OR(SalesGrid_ShowHideCompSections=""Retail-Commercial"",SalesGrid_ShowHideCompSections=""Shopping Center""),""Show"",""Hide""),""Hide"")",Backend UI Toggle
Sales Grid,FT1140,"=IFERROR(IF(OR(SalesGrid_ShowHideCompSections=""Retail-Commercial"",SalesGrid_ShowHideCompSections=""Shopping Center""),""Show"",""Hide""),""Hide"")",Backend UI Toggle
Sales Grid,FT1141,"=IFERROR(IF(OR(SalesGrid_ShowHideCompSections=""Retail-Commercial"",SalesGrid_ShowHideCompSections=""Shopping Center""),""Show"",""Hide""),""Hide"")",Backend UI Toggle
Sales Grid,FT1142,"=IFERROR(IF(OR(SalesGrid_ShowHideCompSections=""Retail-Commercial"",SalesGrid_ShowHideCompSections=""Shopping Center""),""Show"",""Hide""),""Hide"")",Backend UI Toggle
Sales Grid,FT1143,"=IF(OR(SalesGrid_ShowHideCompSections=""Industrial"",N1PropertyType=""Office/Warehouse""),""Show"",""Hide"")",Backend UI Toggle
Sales Grid,FT1144,"=IF(OR(SalesGrid_ShowHideCompSections=""Industrial"",N1PropertyType=""Office/Warehouse""),""Show"",""Hide"")",Backend UI Toggle
Sales Grid,FT1145,"=IF(OR(SalesGrid_ShowHideCompSections=""Industrial"",N1PropertyType=""Office/Warehouse""),""Show"",""Hide"")",Backend UI Toggle
Sales Grid,FT1146,"=IF(OR(SalesGrid_ShowHideCompSections=""Industrial"",N1PropertyType=""Office/Warehouse""),""Show"",""Hide"")",Backend UI Toggle
Sales Grid,FT1147,"=IF(OR(SalesGrid_ShowHideCompSections=""Industrial"",N1PropertyType=""Office/Warehouse""),""Show"",""Hide"")",Backend UI Toggle
Sales Grid,FT1148,"=IF(OR(SalesGrid_ShowHideCompSections=""Industrial"",N1PropertyType=""Office/Warehouse""),""Show"",""Hide"")",Backend UI Toggle
Sales Grid,FT1149,"=IF(SalesGrid_ShowHideCompSections=""Multi-Family"",""Show"",""Hide"")",Backend UI Toggle
Sales Grid,FT1150,"=IF(SalesGrid_ShowHideCompSections=""Multi-Family"",""Show"",""Hide"")",Backend UI Toggle
Sales Grid,FT1151,"=IF(SalesGrid_ShowHideCompSections=""Multi-Family"",""Show"",""Hide"")",Backend UI Toggle
Sales Grid,FT1152,"=IF(SalesGrid_ShowHideCompSections=""Multi-Family"",""Show"",""Hide"")",Backend UI Toggle
Sales Grid,FT1153,"=IF(SalesGrid_ShowHideCompSections=""Senior Housing"",""Show"",""Hide"")",Backend UI Toggle
Sales Grid,FT1154,"=IF(SalesGrid_ShowHideCompSections=""Senior Housing"",""Show"",""Hide"")",Backend UI Toggle
Sales Grid,FT1155,"=IF(SalesGrid_ShowHideCompSections=""Senior Housing"",""Show"",""Hide"")",Backend UI Toggle
Sales Grid,FT1156,"=IF(SalesGrid_ShowHideCompSections=""Senior Housing"",""Show"",""Hide"")",Backend UI Toggle
Sales Grid,FT1157,"=IF(SalesGrid_ShowHideCompSections=""Senior Housing"",""Show"",""Hide"")",Backend UI Toggle
Sales Grid,FT1158,"=IF(SalesGrid_ShowHideCompSections=""Senior Housing"",""Show"",""Hide"")",Backend UI Toggle
Sales Grid,FT1159,"=IF(SalesGrid_ShowHideCompSections=""Lodging & Hospitality"",""Show"",""Hide"")",Backend UI Toggle
Sales Grid,FT1160,"=IF(SalesGrid_ShowHideCompSections=""Lodging & Hospitality"",""Show"",""Hide"")",Backend UI Toggle
Sales Grid,FT1161,"=IF(SalesGrid_ShowHideCompSections=""Lodging & Hospitality"",""Show"",""Hide"")",Backend UI Toggle
Sales Grid,FT1236,"=IFERROR(IF(OR(SalesGrid_ShowHideCompSections=""Office"",N1PropertyType=""Office/Warehouse""),""Show"",""Hide""),""Hide"")",Backend UI Toggle
Sales Grid,FT1237,"=IFERROR(IF(OR(SalesGrid_ShowHideCompSections=""Office"",N1PropertyType=""Office/Warehouse""),""Show"",""Hide""),""Hide"")",Backend UI Toggle
Sales Grid,FT1238,"=IFERROR(IF(OR(SalesGrid_ShowHideCompSections=""Office"",N1PropertyType=""Office/Warehouse""),""Show"",""Hide""),""Hide"")",Backend UI Toggle
Sales Grid,FT1239,"=IFERROR(IF(OR(SalesGrid_ShowHideCompSections=""Office"",N1PropertyType=""Office/Warehouse""),""Show"",""Hide""),""Hide"")",Backend UI Toggle
Sales Grid,FT1240,"=IFERROR(IF(OR(SalesGrid_ShowHideCompSections=""Office"",N1PropertyType=""Office/Warehouse""),""Show"",""Hide""),""Hide"")",Backend UI Toggle
Sales Grid,FT1241,"=IFERROR(IF(OR(SalesGrid_ShowHideCompSections=""Office"",N1PropertyType=""Office/Warehouse""),""Show"",""Hide""),""Hide"")",Backend UI Toggle
Sales Grid,FT1242,"=IFERROR(IF(OR(SalesGrid_ShowHideCompSections=""Retail-Commercial"",SalesGrid_ShowHideCompSections=""Shopping Center""),""Show"",""Hide""),""Hide"")",Backend UI Toggle
Sales Grid,FT1243,"=IFERROR(IF(OR(SalesGrid_ShowHideCompSections=""Retail-Commercial"",SalesGrid_ShowHideCompSections=""Shopping Center""),""Show"",""Hide""),""Hide"")",Backend UI Toggle
Sales Grid,FT1244,"=IFERROR(IF(OR(SalesGrid_ShowHideCompSections=""Retail-Commercial"",SalesGrid_ShowHideCompSections=""Shopping Center""),""Show"",""Hide""),""Hide"")",Backend UI Toggle
Sales Grid,FT1245,"=IFERROR(IF(OR(SalesGrid_ShowHideCompSections=""Retail-Commercial"",SalesGrid_ShowHideCompSections=""Shopping Center""),""Show"",""Hide""),""Hide"")",Backend UI Toggle
Sales Grid,FT1246,"=IFERROR(IF(OR(SalesGrid_ShowHideCompSections=""Retail-Commercial"",SalesGrid_ShowHideCompSections=""Shopping Center""),""Show"",""Hide""),""Hide"")",Backend UI Toggle
Sales Grid,FT1247,"=IFERROR(IF(OR(SalesGrid_ShowHideCompSections=""Retail-Commercial"",SalesGrid_ShowHideCompSections=""Shopping Center""),""Show"",""Hide""),""Hide"")",Backend UI Toggle
Sales Grid,FT1248,"=IF(OR(SalesGrid_ShowHideCompSections=""Industrial"",N1PropertyType=""Office/Warehouse""),""Show"",""Hide"")",Backend UI Toggle
Sales Grid,FT1249,"=IF(OR(SalesGrid_ShowHideCompSections=""Industrial"",N1PropertyType=""Office/Warehouse""),""Show"",""Hide"")",Backend UI Toggle
Sales Grid,FT1250,"=IF(OR(SalesGrid_ShowHideCompSections=""Industrial"",N1PropertyType=""Office/Warehouse""),""Show"",""Hide"")",Backend UI Toggle
Sales Grid,FT1251,"=IF(OR(SalesGrid_ShowHideCompSections=""Industrial"",N1PropertyType=""Office/Warehouse""),""Show"",""Hide"")",Backend UI Toggle
Sales Grid,FT1252,"=IF(OR(SalesGrid_ShowHideCompSections=""Industrial"",N1PropertyType=""Office/Warehouse""),""Show"",""Hide"")",Backend UI Toggle
Sales Grid,FT1253,"=IF(OR(SalesGrid_ShowHideCompSections=""Industrial"",N1PropertyType=""Office/Warehouse""),""Show"",""Hide"")",Backend UI Toggle
Sales Grid,FT1254,"=IF(SalesGrid_ShowHideCompSections=""Multi-Family"",""Show"",""Hide"")",Backend UI Toggle
Sales Grid,FT1255,"=IF(SalesGrid_ShowHideCompSections=""Multi-Family"",""Show"",""Hide"")",Backend UI Toggle
Sales Grid,FT1256,"=IF(SalesGrid_ShowHideCompSections=""Multi-Family"",""Show"",""Hide"")",Backend UI Toggle
Sales Grid,FT1257,"=IF(SalesGrid_ShowHideCompSections=""Multi-Family"",""Show"",""Hide"")",Backend UI Toggle
Sales Grid,FT1258,"=IF(SalesGrid_ShowHideCompSections=""Senior Housing"",""Show"",""Hide"")",Backend UI Toggle
Sales Grid,FT1259,"=IF(SalesGrid_ShowHideCompSections=""Senior Housing"",""Show"",""Hide"")",Backend UI Toggle
Sales Grid,FT1260,"=IF(SalesGrid_ShowHideCompSections=""Senior Housing"",""Show"",""Hide"")",Backend UI Toggle
Sales Grid,FT1261,"=IF(SalesGrid_ShowHideCompSections=""Senior Housing"",""Show"",""Hide"")",Backend UI Toggle
Sales Grid,FT1262,"=IF(SalesGrid_ShowHideCompSections=""Senior Housing"",""Show"",""Hide"")",Backend UI Toggle
Sales Grid,FT1263,"=IF(SalesGrid_ShowHideCompSections=""Senior Housing"",""Show"",""Hide"")",Backend UI Toggle
Sales Grid,FT1264,"=IF(SalesGrid_ShowHideCompSections=""Lodging & Hospitality"",""Show"",""Hide"")",Backend UI Toggle
Sales Grid,FT1265,"=IF(SalesGrid_ShowHideCompSections=""Lodging & Hospitality"",""Show"",""Hide"")",Backend UI Toggle
Sales Grid,FT1266,"=IF(SalesGrid_ShowHideCompSections=""Lodging & Hospitality"",""Show"",""Hide"")",Backend UI Toggle
Sales Grid,FT1341,"=IFERROR(IF(OR(SalesGrid_ShowHideCompSections=""Office"",N1PropertyType=""Office/Warehouse""),""Show"",""Hide""),""Hide"")",Backend UI Toggle
Sales Grid,FT1342,"=IFERROR(IF(OR(SalesGrid_ShowHideCompSections=""Office"",N1PropertyType=""Office/Warehouse""),""Show"",""Hide""),""Hide"")",Backend UI Toggle
Sales Grid,FT1343,"=IFERROR(IF(OR(SalesGrid_ShowHideCompSections=""Office"",N1PropertyType=""Office/Warehouse""),""Show"",""Hide""),""Hide"")",Backend UI Toggle
Sales Grid,FT1344,"=IFERROR(IF(OR(SalesGrid_ShowHideCompSections=""Office"",N1PropertyType=""Office/Warehouse""),""Show"",""Hide""),""Hide"")",Backend UI Toggle
Sales Grid,FT1345,"=IFERROR(IF(OR(SalesGrid_ShowHideCompSections=""Office"",N1PropertyType=""Office/Warehouse""),""Show"",""Hide""),""Hide"")",Backend UI Toggle
Sales Grid,FT1346,"=IFERROR(IF(OR(SalesGrid_ShowHideCompSections=""Office"",N1PropertyType=""Office/Warehouse""),""Show"",""Hide""),""Hide"")",Backend UI Toggle
Sales Grid,FT1347,"=IFERROR(IF(OR(SalesGrid_ShowHideCompSections=""Retail-Commercial"",SalesGrid_ShowHideCompSections=""Shopping Center""),""Show"",""Hide""),""Hide"")",Backend UI Toggle
Sales Grid,FT1348,"=IFERROR(IF(OR(SalesGrid_ShowHideCompSections=""Retail-Commercial"",SalesGrid_ShowHideCompSections=""Shopping Center""),""Show"",""Hide""),""Hide"")",Backend UI Toggle
Sales Grid,FT1349,"=IFERROR(IF(OR(SalesGrid_ShowHideCompSections=""Retail-Commercial"",SalesGrid_ShowHideCompSections=""Shopping Center""),""Show"",""Hide""),""Hide"")",Backend UI Toggle
Sales Grid,FT1350,"=IFERROR(IF(OR(SalesGrid_ShowHideCompSections=""Retail-Commercial"",SalesGrid_ShowHideCompSections=""Shopping Center""),""Show"",""Hide""),""Hide"")",Backend UI Toggle
Sales Grid,FT1351,"=IFERROR(IF(OR(SalesGrid_ShowHideCompSections=""Retail-Commercial"",SalesGrid_ShowHideCompSections=""Shopping Center""),""Show"",""Hide""),""Hide"")",Backend UI Toggle
Sales Grid,FT1352,"=IFERROR(IF(OR(SalesGrid_ShowHideCompSections=""Retail-Commercial"",SalesGrid_ShowHideCompSections=""Shopping Center""),""Show"",""Hide""),""Hide"")",Backend UI Toggle
Sales Grid,FT1353,"=IF(OR(SalesGrid_ShowHideCompSections=""Industrial"",N1PropertyType=""Office/Warehouse""),""Show"",""Hide"")",Backend UI Toggle
Sales Grid,FT1354,"=IF(OR(SalesGrid_ShowHideCompSections=""Industrial"",N1PropertyType=""Office/Warehouse""),""Show"",""Hide"")",Backend UI Toggle
Sales Grid,FT1355,"=IF(OR(SalesGrid_ShowHideCompSections=""Industrial"",N1PropertyType=""Office/Warehouse""),""Show"",""Hide"")",Backend UI Toggle
Sales Grid,FT1356,"=IF(OR(SalesGrid_ShowHideCompSections=""Industrial"",N1PropertyType=""Office/Warehouse""),""Show"",""Hide"")",Backend UI Toggle
Sales Grid,FT1357,"=IF(OR(SalesGrid_ShowHideCompSections=""Industrial"",N1PropertyType=""Office/Warehouse""),""Show"",""Hide"")",Backend UI Toggle
Sales Grid,FT1358,"=IF(OR(SalesGrid_ShowHideCompSections=""Industrial"",N1PropertyType=""Office/Warehouse""),""Show"",""Hide"")",Backend UI Toggle
Sales Grid,FT1359,"=IF(SalesGrid_ShowHideCompSections=""Multi-Family"",""Show"",""Hide"")",Backend UI Toggle
Sales Grid,FT1360,"=IF(SalesGrid_ShowHideCompSections=""Multi-Family"",""Show"",""Hide"")",Backend UI Toggle
Sales Grid,FT1361,"=IF(SalesGrid_ShowHideCompSections=""Multi-Family"",""Show"",""Hide"")",Backend UI Toggle
Sales Grid,FT1362,"=IF(SalesGrid_ShowHideCompSections=""Multi-Family"",""Show"",""Hide"")",Backend UI Toggle
Sales Grid,FT1363,"=IF(SalesGrid_ShowHideCompSections=""Senior Housing"",""Show"",""Hide"")",Backend UI Toggle
Sales Grid,FT1364,"=IF(SalesGrid_ShowHideCompSections=""Senior Housing"",""Show"",""Hide"")",Backend UI Toggle
Sales Grid,FT1365,"=IF(SalesGrid_ShowHideCompSections=""Senior Housing"",""Show"",""Hide"")",Backend UI Toggle
Sales Grid,FT1366,"=IF(SalesGrid_ShowHideCompSections=""Senior Housing"",""Show"",""Hide"")",Backend UI Toggle
Sales Grid,FT1367,"=IF(SalesGrid_ShowHideCompSections=""Senior Housing"",""Show"",""Hide"")",Backend UI Toggle
Sales Grid,FT1368,"=IF(SalesGrid_ShowHideCompSections=""Senior Housing"",""Show"",""Hide"")",Backend UI Toggle
Sales Grid,FT1369,"=IF(SalesGrid_ShowHideCompSections=""Lodging & Hospitality"",""Show"",""Hide"")",Backend UI Toggle
Sales Grid,FT1370,"=IF(SalesGrid_ShowHideCompSections=""Lodging & Hospitality"",""Show"",""Hide"")",Backend UI Toggle
Sales Grid,FT1371,"=IF(SalesGrid_ShowHideCompSections=""Lodging & Hospitality"",""Show"",""Hide"")",Backend UI Toggle
Sales Grid,FT1446,"=IFERROR(IF(OR(SalesGrid_ShowHideCompSections=""Office"",N1PropertyType=""Office/Warehouse""),""Show"",""Hide""),""Hide"")",Backend UI Toggle
Sales Grid,FT1447,"=IFERROR(IF(OR(SalesGrid_ShowHideCompSections=""Office"",N1PropertyType=""Office/Warehouse""),""Show"",""Hide""),""Hide"")",Backend UI Toggle
Sales Grid,FT1448,"=IFERROR(IF(OR(SalesGrid_ShowHideCompSections=""Office"",N1PropertyType=""Office/Warehouse""),""Show"",""Hide""),""Hide"")",Backend UI Toggle
Sales Grid,FT1449,"=IFERROR(IF(OR(SalesGrid_ShowHideCompSections=""Office"",N1PropertyType=""Office/Warehouse""),""Show"",""Hide""),""Hide"")",Backend UI Toggle
Sales Grid,FT1450,"=IFERROR(IF(OR(SalesGrid_ShowHideCompSections=""Office"",N1PropertyType=""Office/Warehouse""),""Show"",""Hide""),""Hide"")",Backend UI Toggle
Sales Grid,FT1451,"=IFERROR(IF(OR(SalesGrid_ShowHideCompSections=""Office"",N1PropertyType=""Office/Warehouse""),""Show"",""Hide""),""Hide"")",Backend UI Toggle
Sales Grid,FT1452,"=IFERROR(IF(OR(SalesGrid_ShowHideCompSections=""Retail-Commercial"",SalesGrid_ShowHideCompSections=""Shopping Center""),""Show"",""Hide""),""Hide"")",Backend UI Toggle
Sales Grid,FT1453,"=IFERROR(IF(OR(SalesGrid_ShowHideCompSections=""Retail-Commercial"",SalesGrid_ShowHideCompSections=""Shopping Center""),""Show"",""Hide""),""Hide"")",Backend UI Toggle
Sales Grid,FT1454,"=IFERROR(IF(OR(SalesGrid_ShowHideCompSections=""Retail-Commercial"",SalesGrid_ShowHideCompSections=""Shopping Center""),""Show"",""Hide""),""Hide"")",Backend UI Toggle
Sales Grid,FT1455,"=IFERROR(IF(OR(SalesGrid_ShowHideCompSections=""Retail-Commercial"",SalesGrid_ShowHideCompSections=""Shopping Center""),""Show"",""Hide""),""Hide"")",Backend UI Toggle
Sales Grid,FT1456,"=IFERROR(IF(OR(SalesGrid_ShowHideCompSections=""Retail-Commercial"",SalesGrid_ShowHideCompSections=""Shopping Center""),""Show"",""Hide""),""Hide"")",Backend UI Toggle
Sales Grid,FT1457,"=IFERROR(IF(OR(SalesGrid_ShowHideCompSections=""Retail-Commercial"",SalesGrid_ShowHideCompSections=""Shopping Center""),""Show"",""Hide""),""Hide"")",Backend UI Toggle
Sales Grid,FT1458,"=IF(OR(SalesGrid_ShowHideCompSections=""Industrial"",N1PropertyType=""Office/Warehouse""),""Show"",""Hide"")",Backend UI Toggle
Sales Grid,FT1459,"=IF(OR(SalesGrid_ShowHideCompSections=""Industrial"",N1PropertyType=""Office/Warehouse""),""Show"",""Hide"")",Backend UI Toggle
Sales Grid,FT1460,"=IF(OR(SalesGrid_ShowHideCompSections=""Industrial"",N1PropertyType=""Office/Warehouse""),""Show"",""Hide"")",Backend UI Toggle
Sales Grid,FT1461,"=IF(OR(SalesGrid_ShowHideCompSections=""Industrial"",N1PropertyType=""Office/Warehouse""),""Show"",""Hide"")",Backend UI Toggle
Sales Grid,FT1462,"=IF(OR(SalesGrid_ShowHideCompSections=""Industrial"",N1PropertyType=""Office/Warehouse""),""Show"",""Hide"")",Backend UI Toggle
Sales Grid,FT1463,"=IF(OR(SalesGrid_ShowHideCompSections=""Industrial"",N1PropertyType=""Office/Warehouse""),""Show"",""Hide"")",Backend UI Toggle
Sales Grid,FT1464,"=IF(SalesGrid_ShowHideCompSections=""Multi-Family"",""Show"",""Hide"")",Backend UI Toggle
Sales Grid,FT1465,"=IF(SalesGrid_ShowHideCompSections=""Multi-Family"",""Show"",""Hide"")",Backend UI Toggle
Sales Grid,FT1466,"=IF(SalesGrid_ShowHideCompSections=""Multi-Family"",""Show"",""Hide"")",Backend UI Toggle
Sales Grid,FT1467,"=IF(SalesGrid_ShowHideCompSections=""Multi-Family"",""Show"",""Hide"")",Backend UI Toggle
Sales Grid,FT1468,"=IF(SalesGrid_ShowHideCompSections=""Senior Housing"",""Show"",""Hide"")",Backend UI Toggle
Sales Grid,FT1469,"=IF(SalesGrid_ShowHideCompSections=""Senior Housing"",""Show"",""Hide"")",Backend UI Toggle
Sales Grid,FT1470,"=IF(SalesGrid_ShowHideCompSections=""Senior Housing"",""Show"",""Hide"")",Backend UI Toggle
Sales Grid,FT1471,"=IF(SalesGrid_ShowHideCompSections=""Senior Housing"",""Show"",""Hide"")",Backend UI Toggle
Sales Grid,FT1472,"=IF(SalesGrid_ShowHideCompSections=""Senior Housing"",""Show"",""Hide"")",Backend UI Toggle
Sales Grid,FT1473,"=IF(SalesGrid_ShowHideCompSections=""Senior Housing"",""Show"",""Hide"")",Backend UI Toggle
Sales Grid,FT1474,"=IF(SalesGrid_ShowHideCompSections=""Lodging & Hospitality"",""Show"",""Hide"")",Backend UI Toggle
Sales Grid,FT1475,"=IF(SalesGrid_ShowHideCompSections=""Lodging & Hospitality"",""Show"",""Hide"")",Backend UI Toggle
Sales Grid,FT1476,"=IF(SalesGrid_ShowHideCompSections=""Lodging & Hospitality"",""Show"",""Hide"")",Backend UI Toggle
Sales Grid,FT1551,"=IFERROR(IF(OR(SalesGrid_ShowHideCompSections=""Office"",N1PropertyType=""Office/Warehouse""),""Show"",""Hide""),""Hide"")",Backend UI Toggle
Sales Grid,FT1552,"=IFERROR(IF(OR(SalesGrid_ShowHideCompSections=""Office"",N1PropertyType=""Office/Warehouse""),""Show"",""Hide""),""Hide"")",Backend UI Toggle
Sales Grid,FT1553,"=IFERROR(IF(OR(SalesGrid_ShowHideCompSections=""Office"",N1PropertyType=""Office/Warehouse""),""Show"",""Hide""),""Hide"")",Backend UI Toggle
Sales Grid,FT1554,"=IFERROR(IF(OR(SalesGrid_ShowHideCompSections=""Office"",N1PropertyType=""Office/Warehouse""),""Show"",""Hide""),""Hide"")",Backend UI Toggle
Sales Grid,FT1555,"=IFERROR(IF(OR(SalesGrid_ShowHideCompSections=""Office"",N1PropertyType=""Office/Warehouse""),""Show"",""Hide""),""Hide"")",Backend UI Toggle
Sales Grid,FT1556,"=IFERROR(IF(OR(SalesGrid_ShowHideCompSections=""Office"",N1PropertyType=""Office/Warehouse""),""Show"",""Hide""),""Hide"")",Backend UI Toggle
Sales Grid,FT1557,"=IFERROR(IF(OR(SalesGrid_ShowHideCompSections=""Retail-Commercial"",SalesGrid_ShowHideCompSections=""Shopping Center""),""Show"",""Hide""),""Hide"")",Backend UI Toggle
Sales Grid,FT1558,"=IFERROR(IF(OR(SalesGrid_ShowHideCompSections=""Retail-Commercial"",SalesGrid_ShowHideCompSections=""Shopping Center""),""Show"",""Hide""),""Hide"")",Backend UI Toggle
Sales Grid,FT1559,"=IFERROR(IF(OR(SalesGrid_ShowHideCompSections=""Retail-Commercial"",SalesGrid_ShowHideCompSections=""Shopping Center""),""Show"",""Hide""),""Hide"")",Backend UI Toggle
Sales Grid,FT1560,"=IFERROR(IF(OR(SalesGrid_ShowHideCompSections=""Retail-Commercial"",SalesGrid_ShowHideCompSections=""Shopping Center""),""Show"",""Hide""),""Hide"")",Backend UI Toggle
Sales Grid,FT1561,"=IFERROR(IF(OR(SalesGrid_ShowHideCompSections=""Retail-Commercial"",SalesGrid_ShowHideCompSections=""Shopping Center""),""Show"",""Hide""),""Hide"")",Backend UI Toggle
Sales Grid,FT1562,"=IFERROR(IF(OR(SalesGrid_ShowHideCompSections=""Retail-Commercial"",SalesGrid_ShowHideCompSections=""Shopping Center""),""Show"",""Hide""),""Hide"")",Backend UI Toggle
Sales Grid,FT1563,"=IF(OR(SalesGrid_ShowHideCompSections=""Industrial"",N1PropertyType=""Office/Warehouse""),""Show"",""Hide"")",Backend UI Toggle
Sales Grid,FT1564,"=IF(OR(SalesGrid_ShowHideCompSections=""Industrial"",N1PropertyType=""Office/Warehouse""),""Show"",""Hide"")",Backend UI Toggle
Sales Grid,FT1565,"=IF(OR(SalesGrid_ShowHideCompSections=""Industrial"",N1PropertyType=""Office/Warehouse""),""Show"",""Hide"")",Backend UI Toggle
Sales Grid,FT1566,"=IF(OR(SalesGrid_ShowHideCompSections=""Industrial"",N1PropertyType=""Office/Warehouse""),""Show"",""Hide"")",Backend UI Toggle
Sales Grid,FT1567,"=IF(OR(SalesGrid_ShowHideCompSections=""Industrial"",N1PropertyType=""Office/Warehouse""),""Show"",""Hide"")",Backend UI Toggle
Sales Grid,FT1568,"=IF(OR(SalesGrid_ShowHideCompSections=""Industrial"",N1PropertyType=""Office/Warehouse""),""Show"",""Hide"")",Backend UI Toggle
Sales Grid,FT1569,"=IF(SalesGrid_ShowHideCompSections=""Multi-Family"",""Show"",""Hide"")",Backend UI Toggle
Sales Grid,FT1570,"=IF(SalesGrid_ShowHideCompSections=""Multi-Family"",""Show"",""Hide"")",Backend UI Toggle
Sales Grid,FT1571,"=IF(SalesGrid_ShowHideCompSections=""Multi-Family"",""Show"",""Hide"")",Backend UI Toggle
Sales Grid,FT1572,"=IF(SalesGrid_ShowHideCompSections=""Multi-Family"",""Show"",""Hide"")",Backend UI Toggle
Sales Grid,FT1573,"=IF(SalesGrid_ShowHideCompSections=""Senior Housing"",""Show"",""Hide"")",Backend UI Toggle
Sales Grid,FT1574,"=IF(SalesGrid_ShowHideCompSections=""Senior Housing"",""Show"",""Hide"")",Backend UI Toggle
Sales Grid,FT1575,"=IF(SalesGrid_ShowHideCompSections=""Senior Housing"",""Show"",""Hide"")",Backend UI Toggle
Sales Grid,FT1576,"=IF(SalesGrid_ShowHideCompSections=""Senior Housing"",""Show"",""Hide"")",Backend UI Toggle
Sales Grid,FT1577,"=IF(SalesGrid_ShowHideCompSections=""Senior Housing"",""Show"",""Hide"")",Backend UI Toggle
Sales Grid,FT1578,"=IF(SalesGrid_ShowHideCompSections=""Senior Housing"",""Show"",""Hide"")",Backend UI Toggle
Sales Grid,FT1579,"=IF(SalesGrid_ShowHideCompSections=""Lodging & Hospitality"",""Show"",""Hide"")",Backend UI Toggle
Sales Grid,FT1580,"=IF(SalesGrid_ShowHideCompSections=""Lodging & Hospitality"",""Show"",""Hide"")",Backend UI Toggle
Sales Grid,FT1581,"=IF(SalesGrid_ShowHideCompSections=""Lodging & Hospitality"",""Show"",""Hide"")",Backend UI Toggle
Sales Grid,FT1656,"=IFERROR(IF(SalesGrid_ShowHideCompSections=""Office"",""Show"",""Hide""),""Hide"")",Backend UI Toggle
Sales Grid,FT1657,"=IFERROR(IF(SalesGrid_ShowHideCompSections=""Office"",""Show"",""Hide""),""Hide"")",Backend UI Toggle
Sales Grid,FT1658,"=IFERROR(IF(SalesGrid_ShowHideCompSections=""Office"",""Show"",""Hide""),""Hide"")",Backend UI Toggle
Sales Grid,FT1659,"=IFERROR(IF(SalesGrid_ShowHideCompSections=""Office"",""Show"",""Hide""),""Hide"")",Backend UI Toggle
Sales Grid,FT1660,"=IFERROR(IF(SalesGrid_ShowHideCompSections=""Office"",""Show"",""Hide""),""Hide"")",Backend UI Toggle
Sales Grid,FT1661,"=IFERROR(IF(SalesGrid_ShowHideCompSections=""Office"",""Show"",""Hide""),""Hide"")",Backend UI Toggle
Sales Grid,FT1662,"=IFERROR(IF(OR(SalesGrid_ShowHideCompSections=""Retail-Commercial"",SalesGrid_ShowHideCompSections=""Shopping Center""),""Show"",""Hide""),""Hide"")",Backend UI Toggle
Sales Grid,FT1663,"=IFERROR(IF(OR(SalesGrid_ShowHideCompSections=""Retail-Commercial"",SalesGrid_ShowHideCompSections=""Shopping Center""),""Show"",""Hide""),""Hide"")",Backend UI Toggle
Sales Grid,FT1664,"=IFERROR(IF(OR(SalesGrid_ShowHideCompSections=""Retail-Commercial"",SalesGrid_ShowHideCompSections=""Shopping Center""),""Show"",""Hide""),""Hide"")",Backend UI Toggle
Sales Grid,FT1665,"=IFERROR(IF(OR(SalesGrid_ShowHideCompSections=""Retail-Commercial"",SalesGrid_ShowHideCompSections=""Shopping Center""),""Show"",""Hide""),""Hide"")",Backend UI Toggle
Sales Grid,FT1666,"=IFERROR(IF(OR(SalesGrid_ShowHideCompSections=""Retail-Commercial"",SalesGrid_ShowHideCompSections=""Shopping Center""),""Show"",""Hide""),""Hide"")",Backend UI Toggle
Sales Grid,FT1667,"=IFERROR(IF(OR(SalesGrid_ShowHideCompSections=""Retail-Commercial"",SalesGrid_ShowHideCompSections=""Shopping Center""),""Show"",""Hide""),""Hide"")",Backend UI Toggle
Sales Grid,FT1668,"=IF(OR(SalesGrid_ShowHideCompSections=""Industrial"",N1PropertyType=""Office/Warehouse""),""Show"",""Hide"")",Backend UI Toggle
Sales Grid,FT1669,"=IF(OR(SalesGrid_ShowHideCompSections=""Industrial"",N1PropertyType=""Office/Warehouse""),""Show"",""Hide"")",Backend UI Toggle
Sales Grid,FT1670,"=IF(OR(SalesGrid_ShowHideCompSections=""Industrial"",N1PropertyType=""Office/Warehouse""),""Show"",""Hide"")",Backend UI Toggle
Sales Grid,FT1671,"=IF(OR(SalesGrid_ShowHideCompSections=""Industrial"",N1PropertyType=""Office/Warehouse""),""Show"",""Hide"")",Backend UI Toggle
Sales Grid,FT1672,"=IF(OR(SalesGrid_ShowHideCompSections=""Industrial"",N1PropertyType=""Office/Warehouse""),""Show"",""Hide"")",Backend UI Toggle
Sales Grid,FT1673,"=IF(OR(SalesGrid_ShowHideCompSections=""Industrial"",N1PropertyType=""Office/Warehouse""),""Show"",""Hide"")",Backend UI Toggle
Sales Grid,FT1674,"=IF(SalesGrid_ShowHideCompSections=""Multi-Family"",""Show"",""Hide"")",Backend UI Toggle
Sales Grid,FT1675,"=IF(SalesGrid_ShowHideCompSections=""Multi-Family"",""Show"",""Hide"")",Backend UI Toggle
Sales Grid,FT1676,"=IF(SalesGrid_ShowHideCompSections=""Multi-Family"",""Show"",""Hide"")",Backend UI Toggle
Sales Grid,FT1677,"=IF(SalesGrid_ShowHideCompSections=""Multi-Family"",""Show"",""Hide"")",Backend UI Toggle
Sales Grid,FT1678,"=IF(SalesGrid_ShowHideCompSections=""Senior Housing"",""Show"",""Hide"")",Backend UI Toggle
Sales Grid,FT1679,"=IF(SalesGrid_ShowHideCompSections=""Senior Housing"",""Show"",""Hide"")",Backend UI Toggle
Sales Grid,FT1680,"=IF(SalesGrid_ShowHideCompSections=""Senior Housing"",""Show"",""Hide"")",Backend UI Toggle
Sales Grid,FT1681,"=IF(SalesGrid_ShowHideCompSections=""Senior Housing"",""Show"",""Hide"")",Backend UI Toggle
Sales Grid,FT1682,"=IF(SalesGrid_ShowHideCompSections=""Senior Housing"",""Show"",""Hide"")",Backend UI Toggle
Sales Grid,FT1683,"=IF(SalesGrid_ShowHideCompSections=""Senior Housing"",""Show"",""Hide"")",Backend UI Toggle
Sales Grid,FT1684,"=IF(SalesGrid_ShowHideCompSections=""Lodging & Hospitality"",""Show"",""Hide"")",Backend UI Toggle
Sales Grid,FT1685,"=IF(SalesGrid_ShowHideCompSections=""Lodging & Hospitality"",""Show"",""Hide"")",Backend UI Toggle
Sales Grid,FT1686,"=IF(SalesGrid_ShowHideCompSections=""Lodging & Hospitality"",""Show"",""Hide"")",Backend UI Toggle
Sales Approach,E7,"=1/((F7=""Show"")+(F7<>""Hide"")*(LEN(J7)>1))",Backend UI Toggle
Sales Approach,E8,"=1/((F8=""Show"")+(F8<>""Hide"")*(LEN(J8)>1))",Backend UI Toggle
Sales Approach,E9,"=1/((F9=""Show"")+(F9<>""Hide"")*(LEN(J9)>1))",Backend UI Toggle
Sales Approach,E10,"=1/((F10=""Show"")+(F10<>""Hide"")*(LEN(J10)>1))",Backend UI Toggle
Sales Approach,E11,"=1/((F11=""Show"")+(F11<>""Hide"")*(LEN(J11)>1))",Backend UI Toggle
Sales Approach,E12,"=1/((F12=""Show"")+(F12<>""Hide"")*(LEN(J12)>1))",Backend UI Toggle
Sales Approach,E13,"=1/((F13=""Show"")+(F13<>""Hide"")*(LEN(J13)>1))",Backend UI Toggle
Sales Approach,E14,"=1/((F14=""Show"")+(F14<>""Hide"")*(LEN(J14)>1))",Backend UI Toggle
Sales Approach,E15,"=1/((F15=""Show"")+(F15<>""Hide"")*(LEN(J15)>1))",Backend UI Toggle
Sales Approach,E16,"=1/((F16=""Show"")+(F16<>""Hide"")*(LEN(J16)>1))",Backend UI Toggle
Sales Approach,E17,"=1/((F17=""Show"")+(F17<>""Hide"")*(LEN(J17)>1))",Backend UI Toggle
Sales Approach,E18,"=1/((F18=""Show"")+(F18<>""Hide"")*(LEN(J18)>1))",Backend UI Toggle
Sales Approach,E19,"=1/((F19=""Show"")+(F19<>""Hide"")*(LEN(J19)>1))",Backend UI Toggle
Sales Approach,E20,"=1/((F20=""Show"")+(F20<>""Hide"")*(LEN(J20)>1))",Backend UI Toggle
Sales Approach,E21,"=1/((F21=""Show"")+(F21<>""Hide"")*(LEN(J21)>1))",Backend UI Toggle
Sales Approach,AD33,"=1/((AD34=""Show"")+(AD34<>""Hide"")*SUM(AD60:AD77))",Backend UI Toggle
Sales Approach,AF33,"=1/((AF34=""Show"")+(AF34<>""Hide"")*(pvaPropertyTypeKey<>""Lodging & Hospitality|All""))",Backend UI Toggle
Sales Approach,AG33,"=1/((AG34=""Show"")+(AG34<>""Hide"")*(pvaPropertyTypeKey=""Lodging & Hospitality|All""))",Backend UI Toggle
Sales Approach,AH33,"=1/((AH34=""Show"")+(AH34<>""Hide"")*(pvaPropertyTypeKey<>""Lodging & Hospitality|All""))",Backend UI Toggle
Sales Approach,AI33,"=1/((AI34=""Show"")+(AI34<>""Hide"")*(pvaPropertyTypeKey=""Lodging & Hospitality|All""))",Backend UI Toggle
Sales Approach,AJ33,"=1/((AJ34=""Show"")+(AJ34<>""Hide"")*(NOT($OF$197))*SUM(AJ60:AJ77))",Backend UI Toggle
Sales Approach,AK33,"=1/((AK34=""Show"")+(AK34<>""Hide"")*(pvaPropertyTypeKey=""Self-Storage|All""))",Backend UI Toggle
Sales Approach,AM33,"=1/((AM34=""Show"")+(AM34<>""Hide"")*(pvaPropertyTypeKey=""Lodging & Hospitality|All""))",Backend UI Toggle
Sales Approach,AN33,"=1/((AN34=""Show"")+(AN34<>""Hide"")*(pvaPropertyTypeKey<>""Lodging & Hospitality|All""))",Backend UI Toggle
Sales Approach,AO33,"=1/((AO34=""Show"")+(AO34<>""Hide"")*(pvaPropertyTypeKey=""Lodging & Hospitality|All""))",Backend UI Toggle
Sales Approach,X78,"=1/(Y78<>""Hide"")",Backend UI Toggle
Sales Approach,BJ96,"=1/((BJ97=""Show"")+(BJ97<>""Hide"")*(pvaPropertyTypeKey<>""Healthcare|All""))",Backend UI Toggle
Sales Approach,BD101,"=1/((BE101=""Show"")+(BE101<>""Hide"")*(BH101<>"""")*(BH101<>0)*(IFERROR(IF(pvaPropertyTypeKey=""Lodging & Hospitality|All"",NOT(ISERROR(INDEX($OK$234:$OK$267,MATCH(BA101,$NY$234:$NY$267,0)))),TRUE),TRUE)))",Backend UI Toggle
Sales Approach,BD102,"=1/((BE102=""Show"")+(BE102<>""Hide"")*(BH102<>"""")*(BH102<>0)*(IFERROR(IF(pvaPropertyTypeKey=""Lodging & Hospitality|All"",NOT(ISERROR(INDEX($OK$234:$OK$267,MATCH(BA102,$NY$234:$NY$267,0)))),TRUE),TRUE)))",Backend UI Toggle
Sales Approach,BD103,"=1/((BE103=""Show"")+(BE103<>""Hide"")*(BH103<>"""")*(BH103<>0)*(IFERROR(IF(pvaPropertyTypeKey=""Lodging & Hospitality|All"",NOT(ISERROR(INDEX($OK$234:$OK$267,MATCH(BA103,$NY$234:$NY$267,0)))),TRUE),TRUE)))",Backend UI Toggle
Sales Approach,BD104,"=1/((BE104=""Show"")+(BE104<>""Hide"")*(BH104<>"""")*(BH104<>0)*(IFERROR(IF(pvaPropertyTypeKey=""Lodging & Hospitality|All"",NOT(ISERROR(INDEX($OK$234:$OK$267,MATCH(BA104,$NY$234:$NY$267,0)))),TRUE),TRUE)))",Backend UI Toggle
Sales Approach,BD105,"=1/((BE105=""Show"")+(BE105<>""Hide"")*(BH105<>"""")*(BH105<>0)*(IFERROR(IF(pvaPropertyTypeKey=""Lodging & Hospitality|All"",NOT(ISERROR(INDEX($OK$234:$OK$267,MATCH(BA105,$NY$234:$NY$267,0)))),TRUE),TRUE)))",Backend UI Toggle
Sales Approach,BD106,"=1/((BE106=""Show"")+(BE106<>""Hide"")*(BH106<>"""")*(BH106<>0)*(IFERROR(IF(pvaPropertyTypeKey=""Lodging & Hospitality|All"",NOT(ISERROR(INDEX($OK$234:$OK$267,MATCH(BA106,$NY$234:$NY$267,0)))),TRUE),TRUE)))",Backend UI Toggle
Sales Approach,BD107,"=1/((BE107=""Show"")+(BE107<>""Hide"")*(BH107<>"""")*(BH107<>0)*(IFERROR(IF(pvaPropertyTypeKey=""Lodging & Hospitality|All"",NOT(ISERROR(INDEX($OK$234:$OK$267,MATCH(BA107,$NY$234:$NY$267,0)))),TRUE),TRUE)))",Backend UI Toggle
Sales Approach,BD108,"=1/((BE108=""Show"")+(BE108<>""Hide"")*(BH108<>"""")*(BH108<>0)*(IFERROR(IF(pvaPropertyTypeKey=""Lodging & Hospitality|All"",NOT(ISERROR(INDEX($OK$234:$OK$267,MATCH(BA108,$NY$234:$NY$267,0)))),TRUE),TRUE)))",Backend UI Toggle
Sales Approach,BD109,"=1/((BE109=""Show"")+(BE109<>""Hide"")*(BH109<>"""")*(BH109<>0)*(IFERROR(IF(pvaPropertyTypeKey=""Lodging & Hospitality|All"",NOT(ISERROR(INDEX($OK$234:$OK$267,MATCH(BA109,$NY$234:$NY$267,0)))),TRUE),TRUE)))",Backend UI Toggle
Sales Approach,BD110,"=1/((BE110=""Show"")+(BE110<>""Hide"")*(BH110<>"""")*(BH110<>0)*(IFERROR(IF(pvaPropertyTypeKey=""Lodging & Hospitality|All"",NOT(ISERROR(INDEX($OK$234:$OK$267,MATCH(BA110,$NY$234:$NY$267,0)))),TRUE),TRUE)))",Backend UI Toggle
Sales Approach,BD111,"=1/((BE111=""Show"")+(BE111<>""Hide"")*(BH111<>"""")*(BH111<>0)*(IFERROR(IF(pvaPropertyTypeKey=""Lodging & Hospitality|All"",NOT(ISERROR(INDEX($OK$234:$OK$267,MATCH(BA111,$NY$234:$NY$267,0)))),TRUE),TRUE)))",Backend UI Toggle
Sales Approach,BD112,"=1/((BE112=""Show"")+(BE112<>""Hide"")*(BH112<>"""")*(BH112<>0)*(IFERROR(IF(pvaPropertyTypeKey=""Lodging & Hospitality|All"",NOT(ISERROR(INDEX($OK$234:$OK$267,MATCH(BA112,$NY$234:$NY$267,0)))),TRUE),TRUE)))",Backend UI Toggle
Sales Approach,BD113,"=1/((BE113=""Show"")+(BE113<>""Hide"")*(BH113<>"""")*(BH113<>0)*(IFERROR(IF(pvaPropertyTypeKey=""Lodging & Hospitality|All"",NOT(ISERROR(INDEX($OK$234:$OK$267,MATCH(BA113,$NY$234:$NY$267,0)))),TRUE),TRUE)))",Backend UI Toggle
Sales Approach,BD114,"=1/((BE114=""Show"")+(BE114<>""Hide"")*(BH114<>"""")*(BH114<>0)*(IFERROR(IF(pvaPropertyTypeKey=""Lodging & Hospitality|All"",NOT(ISERROR(INDEX($OK$234:$OK$267,MATCH(BA114,$NY$234:$NY$267,0)))),TRUE),TRUE)))",Backend UI Toggle
Sales Approach,BD115,"=1/((BE115=""Show"")+(BE115<>""Hide"")*(BH115<>"""")*(BH115<>0)*(IFERROR(IF(pvaPropertyTypeKey=""Lodging & Hospitality|All"",NOT(ISERROR(INDEX($OK$234:$OK$267,MATCH(BA115,$NY$234:$NY$267,0)))),TRUE),TRUE)))",Backend UI Toggle
Sales Approach,BD116,"=1/((BE116=""Show"")+(BE116<>""Hide"")*(BH116<>"""")*(BH116<>0)*(IFERROR(IF(pvaPropertyTypeKey=""Lodging & Hospitality|All"",NOT(ISERROR(INDEX($OK$234:$OK$267,MATCH(BA116,$NY$234:$NY$267,0)))),TRUE),TRUE)))",Backend UI Toggle
Sales Approach,BD117,"=1/((BE117=""Show"")+(BE117<>""Hide"")*(BH117<>"""")*(BH117<>0)*(IFERROR(IF(pvaPropertyTypeKey=""Lodging & Hospitality|All"",NOT(ISERROR(INDEX($OK$234:$OK$267,MATCH(BA117,$NY$234:$NY$267,0)))),TRUE),TRUE)))",Backend UI Toggle
Sales Approach,BD118,"=1/((BE118=""Show"")+(BE118<>""Hide"")*(BH118<>"""")*(BH118<>0)*(IFERROR(IF(pvaPropertyTypeKey=""Lodging & Hospitality|All"",NOT(ISERROR(INDEX($OK$234:$OK$267,MATCH(BA118,$NY$234:$NY$267,0)))),TRUE),TRUE)))",Backend UI Toggle
Sales Approach,BD119,"=1/((BE119=""Show"")+(BE119<>""Hide"")*(BH119<>"""")*(BH119<>0)*(IFERROR(IF(pvaPropertyTypeKey=""Lodging & Hospitality|All"",NOT(ISERROR(INDEX($OK$234:$OK$267,MATCH(BA119,$NY$234:$NY$267,0)))),TRUE),TRUE)))",Backend UI Toggle
Sales Approach,BD120,"=1/((BE120=""Show"")+(BE120<>""Hide"")*(BH120<>"""")*(BH120<>0)*(IFERROR(IF(pvaPropertyTypeKey=""Lodging & Hospitality|All"",NOT(ISERROR(INDEX($OK$234:$OK$267,MATCH(BA120,$NY$234:$NY$267,0)))),TRUE),TRUE)))",Backend UI Toggle
Sales Approach,LM134,=1/($OF$198),Backend UI Toggle
Sales Approach,BM139,"=1/((BR139<>"""")*(LEN(BR139)<>0))",Backend UI Toggle
Sales Approach,BM140,"=1/((BR140<>"""")*(LEN(BR140)<>0))",Backend UI Toggle
Sales Approach,BM141,"=1/((BR141<>"""")*(LEN(BR141)<>0))",Backend UI Toggle
Sales Approach,BM142,"=1/((BR142<>"""")*(LEN(BR142)<>0))",Backend UI Toggle
Sales Approach,BM143,"=1/((BR143<>"""")*(LEN(BR143)<>0))",Backend UI Toggle
Sales Approach,BM144,"=1/((BR144<>"""")*(LEN(BR144)<>0))",Backend UI Toggle
Sales Approach,LY163,"=1/((MD163<>"""")*(LEN(MD163)<>0))",Backend UI Toggle
Sales Approach,LY164,"=1/((MD164<>"""")*(LEN(MD164)<>0))",Backend UI Toggle
Sales Approach,LY165,"=1/((MD165<>"""")*(LEN(MD165)<>0))",Backend UI Toggle
Sales Approach,LY166,"=1/((MD166<>"""")*(LEN(MD166)<>0))",Backend UI Toggle
Sales Approach,LY167,"=1/((MD167<>"""")*(LEN(MD167)<>0))",Backend UI Toggle
Sales Approach,LY168,"=1/((MD168<>"""")*(LEN(MD168)<>0))",Backend UI Toggle
Sales Approach,OK193,"=1/((OL193=""Show"")+(OL193<>""Hide""))",Backend UI Toggle
Sales Approach,OK194,"=1/((OL194=""Show"")+(OL194<>""Hide""))",Backend UI Toggle
Sales Approach,OK195,"=1/((OL195=""Show"")+(OL195<>""Hide""))",Backend UI Toggle
Sales Approach,OK196,"=1/((OL196=""Show"")+(OL196<>""Hide""))",Backend UI Toggle
Sales Approach,OK198,"=1/((OL198=""Show"")+(OL198<>""Hide"")*SUM(OQ198:PB198)*(pvaPropertyTypeKey<>""Multi-Family|Affordable""))",Backend UI Toggle
Sales Approach,OK200,"=1/((OL200=""Show"")+(OL200<>""Hide"")*(OO200<>""""))",Backend UI Toggle
Sales Approach,OK201,"=1/((OL201=""Show"")+(OL201<>""Hide"")*(pvaGridPropertyTypeKey=""Retail-Commercial|All"")*(OO201<>""""))",Backend UI Toggle
Sales Approach,OK202,"=1/((OL202=""Show"")+(OL202<>""Hide"")*(pvaGridPropertyTypeKey=""Retail-Commercial|All"")*(OO202<>""""))",Backend UI Toggle
Sales Approach,OK203,"=1/((OL203=""Show"")+(OL203<>""Hide"")*($OF$198)*(OO203<>""""))",Backend UI Toggle
Sales Approach,OK204,"=1/((OL204=""Show"")+(OL204<>""Hide"")*($OF$198)*(OO204<>""""))",Backend UI Toggle
Sales Approach,OK205,"=1/((OL205=""Show"")+(OL205<>""Hide"")*(OR($OF$198,$OF$199))*(OO205<>""""))",Backend UI Toggle
Sales Approach,OK206,"=1/((OL206=""Show"")+(OL206<>""Hide"")*($OF$198)*(OO206<>""""))",Backend UI Toggle
Sales Approach,OK207,"=1/((OL207=""Show"")+(OL207<>""Hide"")*($OF$198)*(OO207<>""""))",Backend UI Toggle
Sales Approach,OK208,"=1/((OL208=""Show"")+(OL208<>""Hide"")*(OR($OF$197,$OF$199))*(OO208<>""""))",Backend UI Toggle
Sales Approach,OK209,"=1/((OL209=""Show"")+(OL209<>""Hide"")*(OR(AND($OF$197,NOT($OF$198)),pvaGridPropertyTypeKey=""Senior Housing|All"",$OF$199))*(OO209<>""""))",Backend UI Toggle
Sales Approach,OK210,"=1/((OL210=""Show"")+(OL210<>""Hide"")*(pvaGridPropertyTypeKey=""Multi-Family|Student-Oriented Housing"")*(OO210<>""""))",Backend UI Toggle
Sales Approach,OK211,"=1/((OL211=""Show"")+(OL211<>""Hide"")*(pvaGridPropertyTypeKey=""Multi-Family|Affordable"")*(OO211<>""""))",Backend UI Toggle
Sales Approach,OK212,"=1/((OL212=""Show"")+(OL212<>""Hide"")*(pvaGridPropertyTypeKey=""Multi-Family|Affordable"")*(OO212<>""""))",Backend UI Toggle
Sales Approach,OK213,"=1/((OL213=""Show"")+(OL213<>""Hide"")*OR(pvaGridPropertyTypeKey=""Multi-Family|Affordable"",pvaGridPropertyTypeKey=""Senior Housing|All"",$OF$199)*(OO213<>""""))",Backend UI Toggle
Sales Approach,OK214,"=1/((OL214=""Show"")+(OL214<>""Hide"")*(OR(pvaGridPropertyTypeKey=""Multi-Family|Affordable"",$OF$199))*(OO214<>""""))",Backend UI Toggle
Sales Approach,OK215,"=1/((OL215=""Show"")+(OL215<>""Hide"")*(pvaGridPropertyTypeKey=""Multi-Family|Affordable"")*(OO215<>""""))",Backend UI Toggle
Sales Approach,OK216,"=1/((OL216=""Show"")+(OL216<>""Hide"")*(pvaGridPropertyTypeKey=""Multi-Family|Affordable"")*(OO216<>""""))",Backend UI Toggle
Sales Approach,OK217,"=1/((OL217=""Show"")+(OL217<>""Hide"")*(OO217<>""""))",Backend UI Toggle
Sales Approach,OK218,"=1/((OL218=""Show"")+(OL218<>""Hide"")*(pvaGridPropertyTypeKey=""Senior Housing|All"")*(OO218<>""""))",Backend UI Toggle
Sales Approach,OK219,"=1/((OL219=""Show"")+(OL219<>""Hide"")*(pvaGridPropertyTypeKey=""Senior Housing|All"")*(pvaSH_HasNC)*(OO219<>""""))",Backend UI Toggle
Sales Approach,OK220,"=1/((OL220=""Show"")+(OL220<>""Hide"")*(pvaGridPropertyTypeKey=""Senior Housing|All"")*(OO220<>""""))",Backend UI Toggle
Sales Approach,OK221,"=1/((OL221=""Show"")+(OL221<>""Hide"")*(pvaGridPropertyTypeKey=""Senior Housing|All"")*(OO221<>""""))",Backend UI Toggle
Sales Approach,OK222,"=1/((OL222=""Show"")+(OL222<>""Hide"")*(pvaGridPropertyTypeKey=""Senior Housing|All"")*(OO222<>""""))",Backend UI Toggle
Sales Approach,OK223,"=1/((OL223=""Show"")+(OL223<>""Hide"")*(pvaGridPropertyTypeKey=""Senior Housing|All"")*(OO223<>""""))",Backend UI Toggle
Sales Approach,OK224,"=1/((OL224=""Show"")+(OL224<>""Hide"")*(OR($OF$199,pvaGridPropertyTypeKey=""Senior Housing|All""))*(OO224<>""""))",Backend UI Toggle
Sales Approach,OK225,"=1/((OL225=""Show"")+(OL225<>""Hide"")*(OR($OF$199,pvaGridPropertyTypeKey=""Senior Housing|All""))*(OO225<>""""))",Backend UI Toggle
Sales Approach,OK226,"=1/((OL226=""Show"")+(OL226<>""Hide"")*(OR($OF$199,pvaGridPropertyTypeKey=""Senior Housing|All""))*(OO226<>""""))",Backend UI Toggle
Sales Approach,OK227,"=1/((OL227=""Show"")+(OL227<>""Hide"")*(pvaGridPropertyTypeKey=""Senior Housing|All"")*(OO227<>""""))",Backend UI Toggle
Sales Approach,OK228,"=1/((OL228=""Show"")+(OL228<>""Hide"")*(pvaGridPropertyTypeKey=""Senior Housing|All"")*(OO228<>""""))",Backend UI Toggle
Sales Approach,OK229,"=1/((OL229=""Show"")+(OL229<>""Hide"")*(pvaGridPropertyTypeKey=""Senior Housing|All"")*(OO229<>""""))",Backend UI Toggle
Sales Approach,OK230,"=1/((OL230=""Show"")+(OL230<>""Hide"")*(OO230<>""""))",Backend UI Toggle
Sales Approach,OK231,"=1/((OL231=""Show"")+(OL231<>""Hide"")*(OO231<>""""))",Backend UI Toggle
Sales Approach,OK244,"=1/((OL244=""Show"")+(OL244<>""Hide"")*(OO244<>"""")*(OO244<>0)*OA245)",Backend UI Toggle
Sales Approach,OK246,"=1/((OL246=""Show"")+(OL246<>""Hide"")*(OO246<>"""")*(OO246<>0)*OA247)",Backend UI Toggle
Sales Approach,OK248,"=1/((OL248=""Show"")+(OL248<>""Hide"")*(OO248<>"""")*(OO248<>0)*OA249)",Backend UI Toggle
Sales Approach,OK250,"=1/((OL250=""Show"")+(OL250<>""Hide"")*(OO250<>"""")*(OO250<>0)*OA251)",Backend UI Toggle
Sales Approach,OK252,"=1/((OL252=""Show"")+(OL252<>""Hide"")*(OO252<>"""")*(OO252<>0)*OA253)",Backend UI Toggle
Sales Approach,OK254,"=1/((OL254=""Show"")+(OL254<>""Hide"")*(OO254<>"""")*(OO254<>0)*OA255)",Backend UI Toggle
Sales Approach,OK256,"=1/((OL256=""Show"")+(OL256<>""Hide"")*(OO256<>"""")*(OO256<>0)*OA257)",Backend UI Toggle
Sales Approach,OK258,"=1/((OL258=""Show"")+(OL258<>""Hide"")*(OO258<>"""")*(OO258<>0)*OA259)",Backend UI Toggle
Sales Approach,OK260,"=1/((OL260=""Show"")+(OL260<>""Hide"")*(OO260<>"""")*(OO260<>0)*OA261)",Backend UI Toggle
Sales Approach,OK262,"=1/((OL262=""Show"")+(OL262<>""Hide"")*(OO262<>"""")*(OO262<>0)*OA263)",Backend UI Toggle
Sales Approach,OK264,"=1/((OL264=""Show"")+(OL264<>""Hide"")*(OO264<>"""")*(OO264<>0)*OA265)",Backend UI Toggle
Sales Approach,OK266,"=1/((OL266=""Show"")+(OL266<>""Hide"")*(OO266<>"""")*(OO266<>0)*OA267)",Backend UI Toggle
Sales Approach,QL325,"=1/((QL326=""Show"")+(QL326<>""Hide"")*(QL319<>0))",Backend UI Toggle
Sales Approach,QM325,"=1/((QM326=""Show"")+(QM326<>""Hide"")*(QM319<>0))",Backend UI Toggle
Sales Approach,QN325,"=1/((QN326=""Show"")+(QN326<>""Hide"")*(QN319<>0))",Backend UI Toggle
Sales Approach,QO325,"=1/((QO326=""Show"")+(QO326<>""Hide"")*(QO319<>0))",Backend UI Toggle
Sales Approach,QP325,"=1/((QP326=""Show"")+(QP326<>""Hide"")*(QP319<>0))",Backend UI Toggle
Sales Approach,QQ325,"=1/((QQ326=""Show"")+(QQ326<>""Hide"")*(QQ319<>0))",Backend UI Toggle
Sales Approach,QG331,"=1/(((QH331=""Show""))+(QH331<>""Hide"")*(QK331<>0)*(QK331<>""""))",Backend UI Toggle
Sales Approach,QG332,"=1/(((QH332=""Show""))+(QH332<>""Hide"")*(QK332<>0)*(QK332<>""""))",Backend UI Toggle
Sales Approach,QG333,"=1/(((QH333=""Show""))+(QH333<>""Hide"")*(QK333<>0)*(QK333<>""""))",Backend UI Toggle
Sales Approach,QG334,"=1/(((QH334=""Show""))+(QH334<>""Hide"")*(QK334<>0)*(QK334<>""""))",Backend UI Toggle
Sales Approach,QG335,"=1/(((QH335=""Show""))+(QH335<>""Hide"")*(QK335<>0)*(QK335<>""""))",Backend UI Toggle
Sales Approach,QG336,"=1/(((QH336=""Show""))+(QH336<>""Hide"")*(QK336<>0)*(QK336<>""""))",Backend UI Toggle
Sales Approach,QG337,"=1/(((QH337=""Show""))+(QH337<>""Hide"")*(QK337<>0)*(QK337<>""""))",Backend UI Toggle
Sales Approach,QG338,"=1/(((QH338=""Show""))+(QH338<>""Hide"")*(QK338<>0)*(QK338<>""""))",Backend UI Toggle
Sales Approach,QG339,"=1/(((QH339=""Show""))+(QH339<>""Hide"")*(QK339<>0)*(QK339<>""""))",Backend UI Toggle
Sales Approach,QG340,"=1/(((QH340=""Show""))+(QH340<>""Hide"")*(QK340<>0)*(QK340<>""""))",Backend UI Toggle
Sales Approach,QG341,"=1/(((QH341=""Show""))+(QH341<>""Hide"")*(QK341<>0)*(QK341<>""""))",Backend UI Toggle
Sales Approach,QG342,"=1/(((QH342=""Show""))+(QH342<>""Hide"")*(QK342<>0)*(QK342<>""""))",Backend UI Toggle
Sales Approach,QG343,"=1/(((QH343=""Show""))+(QH343<>""Hide"")*(QK343<>0)*(QK343<>""""))",Backend UI Toggle
Sales Approach,QG344,"=1/(((QH344=""Show""))+(QH344<>""Hide"")*(QK344<>0)*(QK344<>""""))",Backend UI Toggle
Sales Approach,QG345,"=1/(((QH345=""Show""))+(QH345<>""Hide"")*(QK345<>0)*(QK345<>""""))",Backend UI Toggle
Sales Approach,QG346,"=1/(((QH346=""Show""))+(QH346<>""Hide"")*(QK346<>0)*(QK346<>""""))",Backend UI Toggle
Sales Approach,QG347,"=1/(((QH347=""Show""))+(QH347<>""Hide"")*(QK347<>0)*(QK347<>""""))",Backend UI Toggle
Sales Approach,QG348,"=1/(((QH348=""Show""))+(QH348<>""Hide"")*(QK348<>0)*(QK348<>""""))",Backend UI Toggle
Sales Approach,QG349,"=1/(((QH349=""Show""))+(QH349<>""Hide"")*(QK349<>0)*(QK349<>""""))",Backend UI Toggle
Sales Approach,QG350,"=1/(((QH350=""Show""))+(QH350<>""Hide"")*(QK350<>0)*(QK350<>""""))",Backend UI Toggle
Sales Approach,QG351,"=1/(((QH351=""Show""))+(QH351<>""Hide"")*(QK351<>0)*(QK351<>""""))",Backend UI Toggle
Sales Approach,QG352,"=1/(((QH352=""Show""))+(QH352<>""Hide"")*(QK352<>0)*(QK352<>""""))",Backend UI Toggle
Sales Approach,QG353,"=1/(((QH353=""Show""))+(QH353<>""Hide"")*(QK353<>0)*(QK353<>""""))",Backend UI Toggle
Sales Approach,QG354,"=1/(((QH354=""Show""))+(QH354<>""Hide"")*(QK354<>0)*(QK354<>""""))",Backend UI Toggle
Sales Approach,QG355,"=1/(((QH355=""Show""))+(QH355<>""Hide"")*(QK355<>0)*(QK355<>""""))",Backend UI Toggle
Sales Approach,QG356,"=1/(((QH356=""Show""))+(QH356<>""Hide"")*(QK356<>0)*(QK356<>""""))",Backend UI Toggle
Sales Approach,QG357,"=1/(((QH357=""Show""))+(QH357<>""Hide"")*(QK357<>0)*(QK357<>""""))",Backend UI Toggle
Sales Approach,QG358,"=1/(((QH358=""Show""))+(QH358<>""Hide"")*(QK358<>0)*(QK358<>""""))",Backend UI Toggle
Sales Approach,QG359,"=1/(((QH359=""Show""))+(QH359<>""Hide"")*(QK359<>0)*(QK359<>""""))",Backend UI Toggle
Sales Approach,QG360,"=1/(((QH360=""Show""))+(QH360<>""Hide"")*(QK360<>0)*(QK360<>""""))",Backend UI Toggle
Sales Approach,QG361,"=1/(((QH361=""Show""))+(QH361<>""Hide"")*(QK361<>0)*(QK361<>""""))",Backend UI Toggle
Sales Approach,QG362,"=1/(((QH362=""Show""))+(QH362<>""Hide"")*(QK362<>0)*(QK362<>""""))",Backend UI Toggle
Sales Approach,QG363,"=1/(((QH363=""Show""))+(QH363<>""Hide"")*(QK363<>0)*(QK363<>""""))",Backend UI Toggle
Sales Approach,QG364,"=1/(((QH364=""Show""))+(QH364<>""Hide"")*(QK364<>0)*(QK364<>""""))",Backend UI Toggle
Sales Approach,QG365,"=1/(((QH365=""Show""))+(QH365<>""Hide"")*(QK365<>0)*(QK365<>""""))",Backend UI Toggle
Sales Approach,QG366,"=1/(((QH366=""Show""))+(QH366<>""Hide"")*(QK366<>0)*(QK366<>""""))",Backend UI Toggle
Sales Approach,QG367,"=1/(((QH367=""Show""))+(QH367<>""Hide"")*(QK367<>0)*(QK367<>""""))",Backend UI Toggle
Sales Approach,QG368,"=1/(((QH368=""Show""))+(QH368<>""Hide"")*(QK368<>0)*(QK368<>""""))",Backend UI Toggle
Sales Approach,QG369,"=1/(((QH369=""Show""))+(QH369<>""Hide"")*(QK369<>0)*(QK369<>""""))",Backend UI Toggle
Sales Approach,QG370,"=1/(((QH370=""Show""))+(QH370<>""Hide"")*(QK370<>0)*(QK370<>""""))",Backend UI Toggle
Sales Approach,QG371,"=1/(((QH371=""Show""))+(QH371<>""Hide"")*(QK371<>0)*(QK371<>""""))",Backend UI Toggle
Sales Approach,QG372,"=1/(((QH372=""Show""))+(QH372<>""Hide"")*(QK372<>0)*(QK372<>""""))",Backend UI Toggle
Sales Approach,QG373,"=1/(((QH373=""Show""))+(QH373<>""Hide"")*(QK373<>0)*(QK373<>""""))",Backend UI Toggle
Sales Approach,QG374,"=1/(((QH374=""Show""))+(QH374<>""Hide"")*(QK374<>0)*(QK374<>""""))",Backend UI Toggle
Sales Approach,QG375,"=1/(((QH375=""Show""))+(QH375<>""Hide"")*(QK375<>0)*(QK375<>""""))",Backend UI Toggle
Sales Approach,QG376,"=1/(((QH376=""Show""))+(QH376<>""Hide""))",Backend UI Toggle
Sales Approach,QG377,"=1/(((QH377=""Show""))+(QH377<>""Hide""))",Backend UI Toggle
Sales Approach,QY388,"=1/((QY389=""Show"")+(QY389<>""Hide""))",Backend UI Toggle
Sales Approach,QZ388,"=1/((QZ389=""Show"")+(QZ389<>""Hide""))",Backend UI Toggle
Sales Approach,RA388,"=1/((RA389=""Show"")+(RA389<>""Hide""))",Backend UI Toggle
Sales Approach,RB388,"=1/((RB389=""Show"")+(RB389<>""Hide""))",Backend UI Toggle
Sales Approach,RC388,"=1/((RC389=""Show"")+(RC389<>""Hide""))",Backend UI Toggle
Sales Approach,QT393,"=1/((QU393=""Show"")+(QU393<>""Hide""))",Backend UI Toggle
Sales Approach,QT394,"=1/((QU394=""Show"")+(QU394<>""Hide""))",Backend UI Toggle
Sales Approach,QT395,"=1/((QU395=""Show"")+(QU395<>""Hide""))",Backend UI Toggle
Sales Approach,QT396,"=1/((QU396=""Show"")+(QU396<>""Hide""))",Backend UI Toggle
Sales Approach,QT397,"=1/((QU397=""Show"")+(QU397<>""Hide""))",Backend UI Toggle
Sales Approach,QT398,"=1/((QU398=""Show"")+(QU398<>""Hide""))",Backend UI Toggle
Sales Approach,QT399,"=1/((QU399=""Show"")+(QU399<>""Hide""))",Backend UI Toggle
Sales Approach,QT400,"=1/((QU400=""Show"")+(QU400<>""Hide""))",Backend UI Toggle
Sales Approach,QT401,"=1/((QU401=""Show"")+(QU401<>""Hide""))",Backend UI Toggle
Sales Approach,QT402,"=1/((QU402=""Show"")+(QU402<>""Hide""))",Backend UI Toggle
Sales Approach,RM406,"=1/((RM407=""Show"")+(RM407<>""Hide"")*(QL319<>0))",Backend UI Toggle
Sales Approach,RN406,"=1/((RN407=""Show"")+(RN407<>""Hide"")*(QM319<>0))",Backend UI Toggle
Sales Approach,RO406,"=1/((RO407=""Show"")+(RO407<>""Hide"")*(QN319<>0))",Backend UI Toggle
Sales Approach,RP406,"=1/((RP407=""Show"")+(RP407<>""Hide"")*(QO319<>0))",Backend UI Toggle
Sales Approach,RQ406,"=1/((RQ407=""Show"")+(RQ407<>""Hide"")*(QP319<>0))",Backend UI Toggle
Sales Approach,RR406,"=1/((RR407=""Show"")+(RR407<>""Hide"")*(QQ319<>0))",Backend UI Toggle
Sales Approach,RH411,"=1/((RI411=""Show"")+(RI411<>""Hide""))",Backend UI Toggle
Sales Approach,RH412,"=1/((RI412=""Show"")+(RI412<>""Hide""))",Backend UI Toggle
Sales Approach,RH413,"=1/((RI413=""Show"")+(RI413<>""Hide""))",Backend UI Toggle
Sales Approach,RH414,"=1/((RI414=""Show"")+(RI414<>""Hide""))",Backend UI Toggle
Sales Approach,RH415,"=1/((RI415=""Show"")+(RI415<>""Hide""))",Backend UI Toggle
Sales Approach,RU431,"=1/((RV431=""Show"")+(RV431<>""Hide""))",Backend UI Toggle
Sales Approach,TE450,"=1/((TE451=""Show"")+(TE451<>""Hide""))",Backend UI Toggle
Sales Approach,TF450,"=1/((TF451=""Show"")+(TF451<>""Hide""))",Backend UI Toggle
Sales Approach,TG450,"=1/((TG451=""Show"")+(TG451<>""Hide"")*(pvaPropertyTypeKey=""Lodging & Hospitality|All""))",Backend UI Toggle
Sales Approach,TH450,"=1/((TH451=""Show"")+(TH451<>""Hide"")*(pvaPropertyTypeKey=""Lodging & Hospitality|All""))",Backend UI Toggle
Sales Approach,TI450,"=1/((TI451=""Show"")+(TI451<>""Hide"")*(pvaPropertyTypeKey=""Lodging & Hospitality|All""))",Backend UI Toggle
Sales Approach,TJ450,"=1/((TJ451=""Show"")+(TJ451<>""Hide"")*(pvaPropertyTypeKey=""Lodging & Hospitality|All""))",Backend UI Toggle
Sales Approach,TK450,"=1/((TK451=""Show"")+(TK451<>""Hide"")*(pvaPropertyTypeKey=""Lodging & Hospitality|All""))",Backend UI Toggle
Sales Approach,TL450,"=1/((TL451=""Show"")+(TL451<>""Hide"")*(pvaPropertyTypeKey=""Lodging & Hospitality|All""))",Backend UI Toggle
Sales Approach,TM450,"=1/((TM451=""Show"")+(TM451<>""Hide"")*(pvaPropertyTypeKey<>""Lodging & Hospitality|All""))",Backend UI Toggle
Sales Approach,TN450,"=1/((TN451=""Show"")+(TN451<>""Hide""))",Backend UI Toggle
Sales Approach,TO450,"=1/((TO451=""Show"")+(TO451<>""Hide""))",Backend UI Toggle
Sales Approach,SW468,"=1/((SX468=""Show"")+(SX468<>""Hide"")*(pvaPropertyTypeKey<>""Lodging & Hospitality|All""))",Backend UI Toggle
Sales Approach,SW469,"=1/((SX469=""Show"")+(SX469<>""Hide"")*(pvaPropertyTypeKey=""Lodging & Hospitality|All""))",Backend UI Toggle
Sales Approach,SW470,"=1/((SX470=""Show"")+(SX470<>""Hide"")*(pvaPropertyTypeKey=""Lodging & Hospitality|All""))",Backend UI Toggle
Sales Approach,SW471,"=1/((SX471=""Show"")+(SX471<>""Hide"")*(pvaPropertyTypeKey=""Lodging & Hospitality|All""))",Backend UI Toggle
Sales Approach,SW472,"=1/((SX472=""Show"")+(SX472<>""Hide"")*TP472)",Backend UI Toggle
Sales Approach,UC511,"=1/((UC512=""Show"")+(UC512<>""Hide"")*UC519)",Backend UI Toggle
Sales Approach,UD511,"=1/((UD512=""Show"")+(UD512<>""Hide"")*UD519)",Backend UI Toggle
Sales Approach,UE511,"=1/((UE512=""Show"")+(UE512<>""Hide"")*UE519)",Backend UI Toggle
Sales Approach,UF511,"=1/((UF512=""Show"")+(UF512<>""Hide"")*UF519)",Backend UI Toggle
Sales Approach,UG511,"=1/((UG512=""Show"")+(UG512<>""Hide"")*UG519)",Backend UI Toggle
Sales Approach,UH511,"=1/((UH512=""Show"")+(UH512<>""Hide"")*UH519)",Backend UI Toggle
Sales Approach,UI511,"=1/((UI512=""Show"")+(UI512<>""Hide"")*UI519)",Backend UI Toggle
Sales Approach,UJ511,"=1/((UJ512=""Show"")+(UJ512<>""Hide"")*UJ519)",Backend UI Toggle
Sales Approach,UC529,"=1/((UC530=""Show"")+(UC530<>""Hide"")*UC536)",Backend UI Toggle
Sales Approach,UD529,"=1/((UD530=""Show"")+(UD530<>""Hide"")*UD536)",Backend UI Toggle
Sales Approach,UE529,"=1/((UE530=""Show"")+(UE530<>""Hide"")*UE536)",Backend UI Toggle
Sales Approach,UF529,"=1/((UF530=""Show"")+(UF530<>""Hide"")*UF536)",Backend UI Toggle
Sales Approach,UG529,"=1/((UG530=""Show"")+(UG530<>""Hide"")*UG536)",Backend UI Toggle
Sales Approach,UH529,"=1/((UH530=""Show"")+(UH530<>""Hide"")*UH536)",Backend UI Toggle
Sales Approach,UI529,"=1/((UI530=""Show"")+(UI530<>""Hide"")*UI536)",Backend UI Toggle
Sales Approach,UJ529,"=1/((UJ530=""Show"")+(UJ530<>""Hide"")*UJ536)",Backend UI Toggle
Sales Approach,UP552,"=1/(IF(pvaSalesApproach_EGIMDD=""Yes"",1,0))",Backend UI Toggle
Sales Approach,UP553,"=1/(IF(pvaSalesApproach_EGIMDD=""Yes"",1,0))",Backend UI Toggle
Sales Approach,UP554,"=1/(IF(pvaSalesApproach_EGIMDD=""Yes"",1,0))",Backend UI Toggle
Sales Approach,UP555,"=1/(IF(pvaSalesApproach_EGIMDD=""Yes"",1,0))",Backend UI Toggle
Sales Approach,UP556,"=1/(IF(pvaSalesApproach_EGIMDD=""Yes"",1,0))",Backend UI Toggle
Sales Approach,UP557,"=1/(IF(pvaSalesApproach_EGIMDD=""Yes"",1,0))",Backend UI Toggle
Sales Approach,UP558,"=1/(IF(pvaSalesApproach_EGIMDD=""Yes"",1,0))",Backend UI Toggle
Sales Approach,UP559,"=1/(IF(pvaSalesApproach_EGIMDD=""Yes"",1,0))",Backend UI Toggle
Sales Approach,UP560,"=1/(IF(pvaSalesApproach_EGIMDD=""Yes"",1,0))",Backend UI Toggle
Sales Approach,UP561,"=1/(IF(pvaSalesApproach_EGIMDD=""Yes"",1,0))",Backend UI Toggle
Sales Approach,UP562,"=1/(IF(pvaSalesApproach_EGIMDD=""Yes"",1,0))",Backend UI Toggle
Sales Approach,UP570,"=1/((UQ570=""Show"")+(UQ570<>""Hide"")*UU570)",Backend UI Toggle
Sales Approach,UP571,"=1/((UQ571=""Show"")+(UQ571<>""Hide"")*UU571)",Backend UI Toggle
Sales Approach,UP572,"=1/((UQ572=""Show"")+(UQ572<>""Hide"")*UU572)",Backend UI Toggle
Sales Approach,UP573,"=1/((UQ573=""Show"")+(UQ573<>""Hide"")*(UU573)*(UP570))",Backend UI Toggle
Sales Approach,UP574,"=1/((UQ574=""Show"")+(UQ574<>""Hide"")*(UU574)*($UO$568))",Backend UI Toggle
Sales Approach,UP575,"=1/((UQ575=""Show"")+(UQ575<>""Hide"")*(UU575)*(UP570)*(pvaPropertyTypeKey<>""Lodging & Hospitality|All""))",Backend UI Toggle
Sales Approach,UP576,"=1/((UQ576=""Show"")+(UQ576<>""Hide"")*(COUNTIFS(UT577:UT583,""<>"")>0)*(UP570)*(pvaPropertyTypeKey<>""Lodging & Hospitality|All""))",Backend UI Toggle
Sales Approach,UP577,"=1/((UQ577=""Show"")+(UQ577<>""Hide"")*(UT577<>"""")*(UP570)*(pvaPropertyTypeKey<>""Lodging & Hospitality|All""))",Backend UI Toggle
Sales Approach,UP578,"=1/((UQ578=""Show"")+(UQ578<>""Hide"")*(UT578<>"""")*(UP$570)*(pvaPropertyTypeKey<>""Lodging & Hospitality|All""))",Backend UI Toggle
Sales Approach,UP579,"=1/((UQ579=""Show"")+(UQ579<>""Hide"")*(UT579<>"""")*(UP$570)*(pvaPropertyTypeKey<>""Lodging & Hospitality|All""))",Backend UI Toggle
Sales Approach,UP580,"=1/((UQ580=""Show"")+(UQ580<>""Hide"")*(UT580<>"""")*(UP$570))",Backend UI Toggle
Sales Approach,UP581,"=1/((UQ581=""Show"")+(UQ581<>""Hide"")*(UT581<>"""")*(UP$570))",Backend UI Toggle
Sales Approach,UP582,"=1/((UQ582=""Show"")+(UQ582<>""Hide"")*(UT582<>"""")*(UP$570))",Backend UI Toggle
Sales Approach,UP583,"=1/((UQ583=""Show"")+(UQ583<>""Hide"")*(UT583<>"""")*(UP$570))",Backend UI Toggle
Sales Approach,UP584,"=1/((UQ584=""Show"")+(UQ584<>""Hide"")*(UU584)*(N1AsStabilizedValueDate))",Backend UI Toggle
Sales Approach,UP585,"=1/((UQ585=""Show"")+(UQ585<>""Hide"")*(UU585)*(N1AsStabilizedValueDate))",Backend UI Toggle
Sales Approach,UP587,"=1/((UQ587=""Show"")+(UQ587<>""Hide"")*UU587*NOT(UU587=UU570))",Backend UI Toggle
Sales Approach,UP588,"=1/((UQ588=""Show"")+(UQ588<>""Hide"")*(UP587))",Backend UI Toggle
Sales Approach,UP589,"=1/((UQ589=""Show"")+(UQ589<>""Hide"")*(COUNTIFS(UT590:UT596,""<>"")>0)*(UP587))",Backend UI Toggle
Sales Approach,UP590,"=1/((UQ590=""Show"")+(UQ590<>""Hide"")*(UT590<>"""")*(UP587))",Backend UI Toggle
Sales Approach,UP591,"=1/((UQ591=""Show"")+(UQ591<>""Hide"")*(UT591<>"""")*(UP587))",Backend UI Toggle
Sales Approach,UP592,"=1/((UQ592=""Show"")+(UQ592<>""Hide"")*(UT592<>"""")*(UP587))",Backend UI Toggle
Sales Approach,UP593,"=1/((UQ593=""Show"")+(UQ593<>""Hide"")*(UT593<>"""")*(UP587))",Backend UI Toggle
Sales Approach,UP594,"=1/((UQ594=""Show"")+(UQ594<>""Hide"")*(UT594<>"""")*(UP587))",Backend UI Toggle
Sales Approach,UP595,"=1/((UQ595=""Show"")+(UQ595<>""Hide"")*(UT595<>"""")*(UP587))",Backend UI Toggle
Sales Approach,UP596,"=1/((UQ596=""Show"")+(UQ596<>""Hide"")*(UT596<>"""")*(UP587))",Backend UI Toggle
Sales Approach,UP597,"=1/((UQ597=""Show"")+(UQ597<>""Hide"")*(N1AsCompleteValueDate))",Backend UI Toggle
Sales Approach,UP598,"=1/((UQ598=""Show"")+(UQ598<>""Hide"")*(N1AsCompleteValueDate))",Backend UI Toggle
Sales Approach,UP600,"=1/((UQ600=""Show"")+(UQ600<>""Hide"")*UU600*NOT(UU600=UU570))",Backend UI Toggle
Sales Approach,UP601,"=1/((UQ601=""Show"")+(UQ601<>""Hide"")*(UP600)*(pvaPropertyTypeKey=""Senior Housing|All""))",Backend UI Toggle
Sales Approach,UP602,"=1/((UQ602=""Show"")+(UQ602<>""Hide"")*(UP600)*(pvaPropertyTypeKey=""Senior Housing|All""))",Backend UI Toggle
Sales Approach,UP603,"=1/((UQ603=""Show"")+(UQ603<>""Hide"")*(UP600)*(pvaPropertyTypeKey=""Senior Housing|All""))",Backend UI Toggle
Sales Approach,UP604,"=1/((UQ604=""Show"")+(UQ604<>""Hide"")*(UP600)*(pvaPropertyTypeKey<>""Senior Housing|All""))",Backend UI Toggle
Sales Approach,UP605,"=1/((UQ605=""Show"")+(UQ605<>""Hide"")*(COUNTIFS(UT606:UT612,""<>"")>0)*(UP600))",Backend UI Toggle
Sales Approach,UP606,"=1/((UQ606=""Show"")+(UQ606<>""Hide"")*(UT606<>"""")*(UP600))",Backend UI Toggle
Sales Approach,UP607,"=1/((UQ607=""Show"")+(UQ607<>""Hide"")*(UT607<>"""")*(UP600))",Backend UI Toggle
Sales Approach,UP608,"=1/((UQ608=""Show"")+(UQ608<>""Hide"")*(UT608<>"""")*(UP600))",Backend UI Toggle
Sales Approach,UP609,"=1/((UQ609=""Show"")+(UQ609<>""Hide"")*(UT609<>"""")*(UP600))",Backend UI Toggle
Sales Approach,UP610,"=1/((UQ610=""Show"")+(UQ610<>""Hide"")*(UT610<>"""")*(UP600))",Backend UI Toggle
Sales Approach,UP611,"=1/((UQ611=""Show"")+(UQ611<>""Hide"")*(UT611<>"""")*(UP600))",Backend UI Toggle
Sales Approach,UP612,"=1/((UQ612=""Show"")+(UQ612<>""Hide"")*(UT612<>"""")*(UP600))",Backend UI Toggle
Sales Approach,UP613,"=1/((UQ613=""Show"")+(UQ613<>""Hide"")*(N1AsIsValueDate))",Backend UI Toggle
Sales Approach,UP614,"=1/((UQ614=""Show"")+(UQ614<>""Hide"")*(N1AsIsValueDate))",Backend UI Toggle
Sale Comp Profiles,H198,"=1/((I198=""Show"")+(I198<>""Hide"")*LEN(N198)*(N198<>""N/A"")*(N198<>""NAV""))",Backend UI Toggle
Sale Comp Profiles,H199,"=1/(I199<>""Hide"")",Backend UI Toggle
Sale Comp Profiles,H200,"=1/((I200=""Show"")+(I200<>""Hide"")*LEN(N200)*(N200<>""N/A"")*(N200<>""NAV""))",Backend UI Toggle
Sale Comp Profiles,H201,"=1/((I201=""Show"")+(I201<>""Hide"")*LEN(N201)*(N201<>""N/A"")*(N201<>""NAV""))",Backend UI Toggle
Sale Comp Profiles,H202,"=1/((I202=""Show"")+(I202<>""Hide"")*LEN(N202)*(N202<>""N/A"")*(N202<>""NAV""))",Backend UI Toggle
Sale Comp Profiles,H203,"=1/((I203=""Show"")+(I203<>""Hide"")*LEN(N203)*(N203<>""N/A"")*(N203<>""NAV""))",Backend UI Toggle
Sale Comp Profiles,H204,"=1/((I204=""Show"")+(I204<>""Hide"")*LEN(N204)*(N204<>""N/A"")*(N204<>""NAV""))",Backend UI Toggle
Sale Comp Profiles,H205,"=1/((I205=""Show"")+(I205<>""Hide"")*LEN(N205)*(N205<>""N/A"")*(N205<>""NAV""))",Backend UI Toggle
Sale Comp Profiles,H206,"=1/((I206=""Show"")+(I206<>""Hide"")*LEN(N206)*(N206<>""N/A"")*(N206<>""NAV""))",Backend UI Toggle
Sale Comp Profiles,H207,"=1/((I207=""Show"")+(I207<>""Hide"")*LEN(N207)*(N207<>""N/A"")*(N207<>""NAV""))",Backend UI Toggle
Sale Comp Profiles,H208,"=1/((I208=""Show"")+(I208<>""Hide"")*LEN(N208)*(N208<>""N/A"")*(N208<>""NAV""))",Backend UI Toggle
Sale Comp Profiles,H209,"=1/((I209=""Show"")+(I209<>""Hide"")*LEN(N209)*(N209<>""N/A"")*(N209<>""NAV""))",Backend UI Toggle
Sale Comp Profiles,H210,"=1/((I210=""Show"")+(I210<>""Hide"")*LEN(N210)*(N210<>""N/A"")*(N210<>""NAV"")*(N210<>""None""))",Backend UI Toggle
Sale Comp Profiles,H211,"=1/((I211=""Show"")+(I211<>""Hide"")*LEN(N211)*(N211<>""N/A"")*(N211<>""NAV""))",Backend UI Toggle
Sale Comp Profiles,H212,"=1/((I212=""Show"")+(I212<>""Hide"")*LEN(N212)*(N212<>""N/A"")*(N212<>""NAV""))",Backend UI Toggle
Sale Comp Profiles,H213,"=1/((I213=""Show"")+(I213<>""Hide"")*LEN(N213)*(N213<>""N/A"")*(N213<>""NAV""))",Backend UI Toggle
Sale Comp Profiles,H214,"=1/((I214=""Show"")+(I214<>""Hide"")*LEN(N214)*(N214<>""N/A"")*(N214<>""NAV""))",Backend UI Toggle
Sale Comp Profiles,H220,"=1/((I220=""Show"")+(I220<>""Hide"")*(LEN(N220)*(N220<>""N/A"")*(N220<>""NAV"")+LEN(T220)*(T220<>""N/A"")*(T220<>""NAV"")))",Backend UI Toggle
Sale Comp Profiles,H221,"=1/((I221=""Show"")+(I221<>""Hide"")*(LEN(N221)*(N221<>""N/A"")*(N221<>""NAV"")+LEN(T221)*(T221<>""N/A"")*(T221<>""NAV"")))",Backend UI Toggle
Sale Comp Profiles,H222,"=1/((I222=""Show"")+(I222<>""Hide"")*(LEN(N222)*(N222<>""N/A"")*(N222<>""NAV"")+LEN(T222)*(T222<>""N/A"")*(T222<>""NAV"")))",Backend UI Toggle
Sale Comp Profiles,H223,"=1/((I223=""Show"")+(I223<>""Hide"")*(LEN(N223)*(N223<>""N/A"")*(N223<>""NAV"")+LEN(T223)*(T223<>""N/A"")*(T223<>""NAV"")))",Backend UI Toggle
Sale Comp Profiles,H224,"=1/((I224=""Show"")+(I224<>""Hide"")*(LEN(N224)*(N224<>""N/A"")*(N224<>""NAV"")+LEN(T224)*(T224<>""N/A"")*(T224<>""NAV"")))",Backend UI Toggle
Sale Comp Profiles,H225,"=1/((I225=""Show"")+(I225<>""Hide"")*(LEN(N225)*(N225<>""N/A"")*(N225<>""NAV"")+LEN(T225)*(T225<>""N/A"")*(T225<>""NAV"")))",Backend UI Toggle
Sale Comp Profiles,H226,"=1/((I226=""Show"")+(I226<>""Hide"")*(LEN(N226)*(N226<>""N/A"")*(N226<>""NAV"")+LEN(T226)*(T226<>""N/A"")*(T226<>""NAV"")))",Backend UI Toggle
Sale Comp Profiles,H227,"=1/((I227=""Show"")+(I227<>""Hide"")*(LEN(N227)*(N227<>""N/A"")*(N227<>""NAV"")+LEN(T227)*(T227<>""N/A"")*(T227<>""NAV"")))",Backend UI Toggle
Sale Comp Profiles,H228,"=1/((I228=""Show"")+(I228<>""Hide"")*(LEN(N228)*(N228<>""N/A"")*(N228<>""NAV"")+LEN(T228)*(T228<>""N/A"")*(T228<>""NAV"")))",Backend UI Toggle
Sale Comp Profiles,H229,"=1/((I229=""Show"")+(I229<>""Hide"")*(LEN(N229)*(N229<>""N/A"")*(N229<>""NAV"")+LEN(T229)*(T229<>""N/A"")*(T229<>""NAV"")))",Backend UI Toggle
Sale Comp Profiles,H230,"=1/((I230=""Show"")+(I230<>""Hide"")*(LEN(N230)*(N230<>""N/A"")*(N230<>""NAV"")+LEN(T230)*(T230<>""N/A"")*(T230<>""NAV"")))",Backend UI Toggle
Sale Comp Profiles,H231,"=1/((I231=""Show"")+(I231<>""Hide"")*(LEN(N231)*(N231<>""N/A"")*(N231<>""NAV"")+LEN(T231)*(T231<>""N/A"")*(T231<>""NAV"")))",Backend UI Toggle
Sale Comp Profiles,H234,"=1/((I234=""Show"")+(I234<>""Hide"")*((N1PropertyMajorType=""Multi-Family"")+(pvaPropertyTypeKey=""Senior Housing|All""))*LEN(L234)*(L234<>""N/A"")*(L234<>""NAV""))",Backend UI Toggle
Sale Comp Profiles,H237,"=1/((I237=""Show"")+(I237<>""Hide"")*(pvaPropertyTypeKey=""Multi-Family|All"")*LEN(L237)*(L237<>""N/A"")*(L237<>""NAV""))",Backend UI Toggle
Sale Comp Profiles,H240,"=1/((I240=""Show"")+(I240<>""Hide"")*(N1PropertyMajorType<>""Multi-Family"")*(N1PropertyMajorType<>""Senior Housing"")*LEN(L240)*(L240<>""N/A"")*(L240<>""NAV""))",Backend UI Toggle
Sale Comp Profiles,H243,"=1/((I243=""Show"")+(I243<>""Hide"")*(LEN(N243)*(N243<>""N/A"")*(N243<>""NAV"")*ISERROR(FIND(""$0"",N243))+LEN(T243)*(T243<>""N/A"")*(T243<>""NAV"")*ISERROR(FIND(""$0"",T243))))",Backend UI Toggle
Sale Comp Profiles,H244,"=1/((I244=""Show"")+(I244<>""Hide"")*(LEN(N244)*(N244<>""N/A"")*(N244<>""NAV"")*ISERROR(FIND(""$0"",N244))+LEN(T244)*(T244<>""N/A"")*(T244<>""NAV"")*ISERROR(FIND(""$0"",T244))))",Backend UI Toggle
Sale Comp Profiles,H245,"=1/((I245=""Show"")+(I245<>""Hide"")*(LEN(N245)*(N245<>""N/A"")*(N245<>""NAV"")*ISERROR(FIND(""$0"",N245))+LEN(T245)*(T245<>""N/A"")*(T245<>""NAV"")*ISERROR(FIND(""$0"",T245))))",Backend UI Toggle
Sale Comp Profiles,H246,"=1/((I246=""Show"")+(I246<>""Hide"")*(LEN(N246)*(N246<>""N/A"")*(N246<>""NAV"")*ISERROR(FIND(""$0"",N246))+LEN(T246)*(T246<>""N/A"")*(T246<>""NAV"")*ISERROR(FIND(""$0"",T246))))",Backend UI Toggle
Sale Comp Profiles,H247,"=1/((I247=""Show"")+(I247<>""Hide"")*(LEN(N247)*(N247<>""N/A"")*(N247<>""NAV"")*ISERROR(FIND(""$0"",N247))+LEN(T247)*(T247<>""N/A"")*(T247<>""NAV"")*ISERROR(FIND(""$0"",T247))))",Backend UI Toggle
Sale Comp Profiles,H248,"=1/((I248=""Show"")+(I248<>""Hide"")*(LEN(N248)*(N248<>""N/A"")*(N248<>""NAV"")*ISERROR(FIND(""$0"",N248))+LEN(T248)*(T248<>""N/A"")*(T248<>""NAV"")*ISERROR(FIND(""$0"",T248))))",Backend UI Toggle
Sale Comp Profiles,H249,"=1/((I249=""Show"")+(I249<>""Hide"")*(LEN(N249)*(N249<>""N/A"")*(N249<>""NAV"")*ISERROR(FIND(""$0"",N249))+LEN(T249)*(T249<>""N/A"")*(T249<>""NAV"")*ISERROR(FIND(""$0"",T249))))",Backend UI Toggle
Sale Comp Profiles,H250,"=1/((I250=""Show"")+(I250<>""Hide"")*(LEN(N250)*(N250<>""N/A"")*(N250<>""NAV"")*ISERROR(FIND(""$0"",N250))+LEN(T250)*(T250<>""N/A"")*(T250<>""NAV"")*ISERROR(FIND(""$0"",T250))))",Backend UI Toggle
Sale Comp Profiles,H254,"=1/((pvaPropertyTypeKey=""Senior Housing|All"")*SUM(M254:V254))",Backend UI Toggle
Sale Comp Profiles,H255,"=1/((pvaPropertyTypeKey=""Senior Housing|All"")*SUM(M255:V255))",Backend UI Toggle
Sale Comp Profiles,H256,"=1/((pvaPropertyTypeKey=""Senior Housing|All"")*SUM(M256:V256))",Backend UI Toggle
Sale Comp Profiles,H257,"=1/((pvaPropertyTypeKey=""Senior Housing|All"")*SUM(M257:V257))",Backend UI Toggle
Sale Comp Profiles,H258,"=1/((pvaPropertyTypeKey=""Senior Housing|All"")*SUM(M258:V258))",Backend UI Toggle
Sale Comp Profiles,H263,"=1/((I263=""Show"")+(I263<>""Hide"")*(N1PropertyMajorType=""Multi-Family"")*(LEN(L263)*(L263<>""N/A"")*(L263<>""NAV"")))",Backend UI Toggle
Sale Comp Profiles,H264,"=1/((I264=""Show"")+(I264<>""Hide"")*(N1PropertyMajorType=""Multi-Family"")*(LEN(L264)*(L264<>""N/A"")*(L264<>""NAV"")))",Backend UI Toggle
Sale Comp Profiles,H265,"=1/((I265=""Show"")+(I265<>""Hide"")*(N1PropertyMajorType=""Multi-Family"")*(LEN(L265)*(L265<>""N/A"")*(L265<>""NAV"")))",Backend UI Toggle
Sale Comp Profiles,H266,"=1/((I266=""Show"")+(I266<>""Hide"")*(N1PropertyMajorType=""Multi-Family"")*(LEN(L266)*(L266<>""N/A"")*(L266<>""NAV"")))",Backend UI Toggle
Sale Comp Profiles,H267,"=1/((I267=""Show"")+(I267<>""Hide"")*(N1PropertyMajorType=""Multi-Family"")*(LEN(L267)*(L267<>""N/A"")*(L267<>""NAV"")))",Backend UI Toggle
Sale Comp Profiles,H268,"=1/((I268=""Show"")+(I268<>""Hide"")*(N1PropertyMajorType=""Multi-Family"")*(LEN(L268)*(L268<>""N/A"")*(L268<>""NAV"")))",Backend UI Toggle
Sale Comp Profiles,H269,"=1/((I269=""Show"")+(I269<>""Hide"")*(N1PropertyMajorType=""Multi-Family"")*(LEN(L269)*(L269<>""N/A"")*(L269<>""NAV"")))",Backend UI Toggle
Sale Comp Profiles,H270,"=1/((I270=""Show"")+(I270<>""Hide"")*(N1PropertyMajorType=""Multi-Family"")*(LEN(L270)*(L270<>""N/A"")*(L270<>""NAV"")))",Backend UI Toggle
Sale Comp Profiles,H271,"=1/((I271=""Show"")+(I271<>""Hide"")*(N1PropertyMajorType=""Multi-Family"")*(LEN(L271)*(L271<>""N/A"")*(L271<>""NAV"")))",Backend UI Toggle
Sale Comp Profiles,H272,"=1/((I272=""Show"")+(I272<>""Hide"")*(N1PropertyMajorType=""Multi-Family"")*(LEN(L272)*(L272<>""N/A"")*(L272<>""NAV"")))",Backend UI Toggle
Sale Comp Profiles,H273,"=1/((I273=""Show"")+(I273<>""Hide"")*(N1PropertyMajorType=""Multi-Family"")*(LEN(L273)*(L273<>""N/A"")*(L273<>""NAV"")))",Backend UI Toggle
Sale Comp Profiles,H274,"=1/((I274=""Show"")+(I274<>""Hide"")*(N1PropertyMajorType=""Multi-Family"")*(LEN(L274)*(L274<>""N/A"")*(L274<>""NAV"")))",Backend UI Toggle
Sale Comp Profiles,H275,"=1/((I275=""Show"")+(I275<>""Hide"")*(N1PropertyMajorType=""Multi-Family"")*(LEN(L275)*(L275<>""N/A"")*(L275<>""NAV"")))",Backend UI Toggle
Sale Comp Profiles,H276,"=1/((I276=""Show"")+(I276<>""Hide"")*(N1PropertyMajorType=""Multi-Family"")*(LEN(L276)*(L276<>""N/A"")*(L276<>""NAV"")))",Backend UI Toggle
Sale Comp Profiles,H277,"=1/((I277=""Show"")+(I277<>""Hide"")*(N1PropertyMajorType=""Multi-Family"")*(LEN(L277)*(L277<>""N/A"")*(L277<>""NAV"")))",Backend UI Toggle
Sale Comp Profiles,H278,"=1/((I278=""Show"")+(I278<>""Hide"")*(N1PropertyMajorType=""Multi-Family"")*(LEN(L278)*(L278<>""N/A"")*(L278<>""NAV"")))",Backend UI Toggle
Sale Comp Profiles,H279,"=1/((I279=""Show"")+(I279<>""Hide"")*(N1PropertyMajorType=""Multi-Family"")*(LEN(L279)*(L279<>""N/A"")*(L279<>""NAV"")))",Backend UI Toggle
Sale Comp Profiles,H280,"=1/((I280=""Show"")+(I280<>""Hide"")*(N1PropertyMajorType=""Multi-Family"")*(LEN(L280)*(L280<>""N/A"")*(L280<>""NAV"")))",Backend UI Toggle
Sale Comp Profiles,H281,"=1/((I281=""Show"")+(I281<>""Hide"")*(N1PropertyMajorType=""Multi-Family"")*(LEN(L281)*(L281<>""N/A"")*(L281<>""NAV"")))",Backend UI Toggle
Sale Comp Profiles,H282,"=1/((I282=""Show"")+(I282<>""Hide"")*(N1PropertyMajorType=""Multi-Family"")*(LEN(L282)*(L282<>""N/A"")*(L282<>""NAV"")))",Backend UI Toggle
Sale Comp Profiles,H286,"=1/((I286=""Show"")+(I286<>""Hide"")*(LEN(L286)*(L286<>""N/A"")*(L286<>""NAV"")))",Backend UI Toggle
Sale Comp Profiles,H297,"=1/((I297=""Show"")+(I297<>""Hide"")*LEN(N297)*(N297<>""N/A"")*(N297<>""NAV""))",Backend UI Toggle
Sale Comp Profiles,H298,"=1/(I298<>""Hide"")",Backend UI Toggle
Sale Comp Profiles,H299,"=1/((I299=""Show"")+(I299<>""Hide"")*LEN(N299)*(N299<>""N/A"")*(N299<>""NAV""))",Backend UI Toggle
Sale Comp Profiles,H300,"=1/((I300=""Show"")+(I300<>""Hide"")*LEN(N300)*(N300<>""N/A"")*(N300<>""NAV""))",Backend UI Toggle
Sale Comp Profiles,H301,"=1/((I301=""Show"")+(I301<>""Hide"")*LEN(N301)*(N301<>""N/A"")*(N301<>""NAV""))",Backend UI Toggle
Sale Comp Profiles,H302,"=1/((I302=""Show"")+(I302<>""Hide"")*LEN(N302)*(N302<>""N/A"")*(N302<>""NAV""))",Backend UI Toggle
Sale Comp Profiles,H303,"=1/((I303=""Show"")+(I303<>""Hide"")*LEN(N303)*(N303<>""N/A"")*(N303<>""NAV""))",Backend UI Toggle
Sale Comp Profiles,H304,"=1/((I304=""Show"")+(I304<>""Hide"")*LEN(N304)*(N304<>""N/A"")*(N304<>""NAV""))",Backend UI Toggle
Sale Comp Profiles,H305,"=1/((I305=""Show"")+(I305<>""Hide"")*LEN(N305)*(N305<>""N/A"")*(N305<>""NAV""))",Backend UI Toggle
Sale Comp Profiles,H306,"=1/((I306=""Show"")+(I306<>""Hide"")*LEN(N306)*(N306<>""N/A"")*(N306<>""NAV""))",Backend UI Toggle
Sale Comp Profiles,H307,"=1/((I307=""Show"")+(I307<>""Hide"")*LEN(N307)*(N307<>""N/A"")*(N307<>""NAV""))",Backend UI Toggle
Sale Comp Profiles,H308,"=1/((I308=""Show"")+(I308<>""Hide"")*LEN(N308)*(N308<>""N/A"")*(N308<>""NAV""))",Backend UI Toggle
Sale Comp Profiles,H309,"=1/((I309=""Show"")+(I309<>""Hide"")*LEN(N309)*(N309<>""N/A"")*(N309<>""NAV"")*(N309<>""None""))",Backend UI Toggle
Sale Comp Profiles,H310,"=1/((I310=""Show"")+(I310<>""Hide"")*LEN(N310)*(N310<>""N/A"")*(N310<>""NAV""))",Backend UI Toggle
Sale Comp Profiles,H311,"=1/((I311=""Show"")+(I311<>""Hide"")*LEN(N311)*(N311<>""N/A"")*(N311<>""NAV""))",Backend UI Toggle
Sale Comp Profiles,H312,"=1/((I312=""Show"")+(I312<>""Hide"")*LEN(N312)*(N312<>""N/A"")*(N312<>""NAV""))",Backend UI Toggle
Sale Comp Profiles,H313,"=1/((I313=""Show"")+(I313<>""Hide"")*LEN(N313)*(N313<>""N/A"")*(N313<>""NAV""))",Backend UI Toggle
Sale Comp Profiles,H319,"=1/((I319=""Show"")+(I319<>""Hide"")*(LEN(N319)*(N319<>""N/A"")*(N319<>""NAV"")+LEN(T319)*(T319<>""N/A"")*(T319<>""NAV"")))",Backend UI Toggle
Sale Comp Profiles,H320,"=1/((I320=""Show"")+(I320<>""Hide"")*(LEN(N320)*(N320<>""N/A"")*(N320<>""NAV"")+LEN(T320)*(T320<>""N/A"")*(T320<>""NAV"")))",Backend UI Toggle
Sale Comp Profiles,H321,"=1/((I321=""Show"")+(I321<>""Hide"")*(LEN(N321)*(N321<>""N/A"")*(N321<>""NAV"")+LEN(T321)*(T321<>""N/A"")*(T321<>""NAV"")))",Backend UI Toggle
Sale Comp Profiles,H322,"=1/((I322=""Show"")+(I322<>""Hide"")*(LEN(N322)*(N322<>""N/A"")*(N322<>""NAV"")+LEN(T322)*(T322<>""N/A"")*(T322<>""NAV"")))",Backend UI Toggle
Sale Comp Profiles,H323,"=1/((I323=""Show"")+(I323<>""Hide"")*(LEN(N323)*(N323<>""N/A"")*(N323<>""NAV"")+LEN(T323)*(T323<>""N/A"")*(T323<>""NAV"")))",Backend UI Toggle
Sale Comp Profiles,H324,"=1/((I324=""Show"")+(I324<>""Hide"")*(LEN(N324)*(N324<>""N/A"")*(N324<>""NAV"")+LEN(T324)*(T324<>""N/A"")*(T324<>""NAV"")))",Backend UI Toggle
Sale Comp Profiles,H325,"=1/((I325=""Show"")+(I325<>""Hide"")*(LEN(N325)*(N325<>""N/A"")*(N325<>""NAV"")+LEN(T325)*(T325<>""N/A"")*(T325<>""NAV"")))",Backend UI Toggle
Sale Comp Profiles,H326,"=1/((I326=""Show"")+(I326<>""Hide"")*(LEN(N326)*(N326<>""N/A"")*(N326<>""NAV"")+LEN(T326)*(T326<>""N/A"")*(T326<>""NAV"")))",Backend UI Toggle
Sale Comp Profiles,H327,"=1/((I327=""Show"")+(I327<>""Hide"")*(LEN(N327)*(N327<>""N/A"")*(N327<>""NAV"")+LEN(T327)*(T327<>""N/A"")*(T327<>""NAV"")))",Backend UI Toggle
Sale Comp Profiles,H328,"=1/((I328=""Show"")+(I328<>""Hide"")*(LEN(N328)*(N328<>""N/A"")*(N328<>""NAV"")+LEN(T328)*(T328<>""N/A"")*(T328<>""NAV"")))",Backend UI Toggle
Sale Comp Profiles,H329,"=1/((I329=""Show"")+(I329<>""Hide"")*(LEN(N329)*(N329<>""N/A"")*(N329<>""NAV"")+LEN(T329)*(T329<>""N/A"")*(T329<>""NAV"")))",Backend UI Toggle
Sale Comp Profiles,H330,"=1/((I330=""Show"")+(I330<>""Hide"")*(LEN(N330)*(N330<>""N/A"")*(N330<>""NAV"")+LEN(T330)*(T330<>""N/A"")*(T330<>""NAV"")))",Backend UI Toggle
Sale Comp Profiles,H333,"=1/((I333=""Show"")+(I333<>""Hide"")*((N1PropertyMajorType=""Multi-Family"")+(pvaPropertyTypeKey=""Senior Housing|All""))*LEN(L333)*(L333<>""N/A"")*(L333<>""NAV""))",Backend UI Toggle
Sale Comp Profiles,H336,"=1/((I336=""Show"")+(I336<>""Hide"")*(pvaPropertyTypeKey=""Multi-Family|All"")*LEN(L336)*(L336<>""N/A"")*(L336<>""NAV""))",Backend UI Toggle
Sale Comp Profiles,H339,"=1/((I339=""Show"")+(I339<>""Hide"")*(N1PropertyMajorType<>""Multi-Family"")*(N1PropertyMajorType<>""Senior Housing"")*LEN(L339)*(L339<>""N/A"")*(L339<>""NAV""))",Backend UI Toggle
Sale Comp Profiles,H342,"=1/((I342=""Show"")+(I342<>""Hide"")*(LEN(N342)*(N342<>""N/A"")*(N342<>""NAV"")*ISERROR(FIND(""$0"",N342))+LEN(T342)*(T342<>""N/A"")*(T342<>""NAV"")*ISERROR(FIND(""$0"",T342))))",Backend UI Toggle
Sale Comp Profiles,H343,"=1/((I343=""Show"")+(I343<>""Hide"")*(LEN(N343)*(N343<>""N/A"")*(N343<>""NAV"")*ISERROR(FIND(""$0"",N343))+LEN(T343)*(T343<>""N/A"")*(T343<>""NAV"")*ISERROR(FIND(""$0"",T343))))",Backend UI Toggle
Sale Comp Profiles,H344,"=1/((I344=""Show"")+(I344<>""Hide"")*(LEN(N344)*(N344<>""N/A"")*(N344<>""NAV"")*ISERROR(FIND(""$0"",N344))+LEN(T344)*(T344<>""N/A"")*(T344<>""NAV"")*ISERROR(FIND(""$0"",T344))))",Backend UI Toggle
Sale Comp Profiles,H345,"=1/((I345=""Show"")+(I345<>""Hide"")*(LEN(N345)*(N345<>""N/A"")*(N345<>""NAV"")*ISERROR(FIND(""$0"",N345))+LEN(T345)*(T345<>""N/A"")*(T345<>""NAV"")*ISERROR(FIND(""$0"",T345))))",Backend UI Toggle
Sale Comp Profiles,H346,"=1/((I346=""Show"")+(I346<>""Hide"")*(LEN(N346)*(N346<>""N/A"")*(N346<>""NAV"")*ISERROR(FIND(""$0"",N346))+LEN(T346)*(T346<>""N/A"")*(T346<>""NAV"")*ISERROR(FIND(""$0"",T346))))",Backend UI Toggle
Sale Comp Profiles,H347,"=1/((I347=""Show"")+(I347<>""Hide"")*(LEN(N347)*(N347<>""N/A"")*(N347<>""NAV"")*ISERROR(FIND(""$0"",N347))+LEN(T347)*(T347<>""N/A"")*(T347<>""NAV"")*ISERROR(FIND(""$0"",T347))))",Backend UI Toggle
Sale Comp Profiles,H348,"=1/((I348=""Show"")+(I348<>""Hide"")*(LEN(N348)*(N348<>""N/A"")*(N348<>""NAV"")*ISERROR(FIND(""$0"",N348))+LEN(T348)*(T348<>""N/A"")*(T348<>""NAV"")*ISERROR(FIND(""$0"",T348))))",Backend UI Toggle
Sale Comp Profiles,H349,"=1/((I349=""Show"")+(I349<>""Hide"")*(LEN(N349)*(N349<>""N/A"")*(N349<>""NAV"")*ISERROR(FIND(""$0"",N349))+LEN(T349)*(T349<>""N/A"")*(T349<>""NAV"")*ISERROR(FIND(""$0"",T349))))",Backend UI Toggle
Sale Comp Profiles,H353,"=1/((pvaPropertyTypeKey=""Senior Housing|All"")*SUM(M353:V353))",Backend UI Toggle
Sale Comp Profiles,H354,"=1/((pvaPropertyTypeKey=""Senior Housing|All"")*SUM(M354:V354))",Backend UI Toggle
Sale Comp Profiles,H355,"=1/((pvaPropertyTypeKey=""Senior Housing|All"")*SUM(M355:V355))",Backend UI Toggle
Sale Comp Profiles,H356,"=1/((pvaPropertyTypeKey=""Senior Housing|All"")*SUM(M356:V356))",Backend UI Toggle
Sale Comp Profiles,H357,"=1/((pvaPropertyTypeKey=""Senior Housing|All"")*SUM(M357:V357))",Backend UI Toggle
Sale Comp Profiles,H362,"=1/((I362=""Show"")+(I362<>""Hide"")*(N1PropertyMajorType=""Multi-Family"")*(LEN(L362)*(L362<>""N/A"")*(L362<>""NAV"")))",Backend UI Toggle
Sale Comp Profiles,H363,"=1/((I363=""Show"")+(I363<>""Hide"")*(N1PropertyMajorType=""Multi-Family"")*(LEN(L363)*(L363<>""N/A"")*(L363<>""NAV"")))",Backend UI Toggle
Sale Comp Profiles,H364,"=1/((I364=""Show"")+(I364<>""Hide"")*(N1PropertyMajorType=""Multi-Family"")*(LEN(L364)*(L364<>""N/A"")*(L364<>""NAV"")))",Backend UI Toggle
Sale Comp Profiles,H365,"=1/((I365=""Show"")+(I365<>""Hide"")*(N1PropertyMajorType=""Multi-Family"")*(LEN(L365)*(L365<>""N/A"")*(L365<>""NAV"")))",Backend UI Toggle
Sale Comp Profiles,H366,"=1/((I366=""Show"")+(I366<>""Hide"")*(N1PropertyMajorType=""Multi-Family"")*(LEN(L366)*(L366<>""N/A"")*(L366<>""NAV"")))",Backend UI Toggle
Sale Comp Profiles,H367,"=1/((I367=""Show"")+(I367<>""Hide"")*(N1PropertyMajorType=""Multi-Family"")*(LEN(L367)*(L367<>""N/A"")*(L367<>""NAV"")))",Backend UI Toggle
Sale Comp Profiles,H368,"=1/((I368=""Show"")+(I368<>""Hide"")*(N1PropertyMajorType=""Multi-Family"")*(LEN(L368)*(L368<>""N/A"")*(L368<>""NAV"")))",Backend UI Toggle
Sale Comp Profiles,H369,"=1/((I369=""Show"")+(I369<>""Hide"")*(N1PropertyMajorType=""Multi-Family"")*(LEN(L369)*(L369<>""N/A"")*(L369<>""NAV"")))",Backend UI Toggle
Sale Comp Profiles,H370,"=1/((I370=""Show"")+(I370<>""Hide"")*(N1PropertyMajorType=""Multi-Family"")*(LEN(L370)*(L370<>""N/A"")*(L370<>""NAV"")))",Backend UI Toggle
Sale Comp Profiles,H371,"=1/((I371=""Show"")+(I371<>""Hide"")*(N1PropertyMajorType=""Multi-Family"")*(LEN(L371)*(L371<>""N/A"")*(L371<>""NAV"")))",Backend UI Toggle
Sale Comp Profiles,H372,"=1/((I372=""Show"")+(I372<>""Hide"")*(N1PropertyMajorType=""Multi-Family"")*(LEN(L372)*(L372<>""N/A"")*(L372<>""NAV"")))",Backend UI Toggle
Sale Comp Profiles,H373,"=1/((I373=""Show"")+(I373<>""Hide"")*(N1PropertyMajorType=""Multi-Family"")*(LEN(L373)*(L373<>""N/A"")*(L373<>""NAV"")))",Backend UI Toggle
Sale Comp Profiles,H374,"=1/((I374=""Show"")+(I374<>""Hide"")*(N1PropertyMajorType=""Multi-Family"")*(LEN(L374)*(L374<>""N/A"")*(L374<>""NAV"")))",Backend UI Toggle
Sale Comp Profiles,H375,"=1/((I375=""Show"")+(I375<>""Hide"")*(N1PropertyMajorType=""Multi-Family"")*(LEN(L375)*(L375<>""N/A"")*(L375<>""NAV"")))",Backend UI Toggle
Sale Comp Profiles,H376,"=1/((I376=""Show"")+(I376<>""Hide"")*(N1PropertyMajorType=""Multi-Family"")*(LEN(L376)*(L376<>""N/A"")*(L376<>""NAV"")))",Backend UI Toggle
Sale Comp Profiles,H377,"=1/((I377=""Show"")+(I377<>""Hide"")*(N1PropertyMajorType=""Multi-Family"")*(LEN(L377)*(L377<>""N/A"")*(L377<>""NAV"")))",Backend UI Toggle
Sale Comp Profiles,H378,"=1/((I378=""Show"")+(I378<>""Hide"")*(N1PropertyMajorType=""Multi-Family"")*(LEN(L378)*(L378<>""N/A"")*(L378<>""NAV"")))",Backend UI Toggle
Sale Comp Profiles,H379,"=1/((I379=""Show"")+(I379<>""Hide"")*(N1PropertyMajorType=""Multi-Family"")*(LEN(L379)*(L379<>""N/A"")*(L379<>""NAV"")))",Backend UI Toggle
Sale Comp Profiles,H380,"=1/((I380=""Show"")+(I380<>""Hide"")*(N1PropertyMajorType=""Multi-Family"")*(LEN(L380)*(L380<>""N/A"")*(L380<>""NAV"")))",Backend UI Toggle
Sale Comp Profiles,H381,"=1/((I381=""Show"")+(I381<>""Hide"")*(N1PropertyMajorType=""Multi-Family"")*(LEN(L381)*(L381<>""N/A"")*(L381<>""NAV"")))",Backend UI Toggle
Sale Comp Profiles,H385,"=1/((I385=""Show"")+(I385<>""Hide"")*(LEN(L385)*(L385<>""N/A"")*(L385<>""NAV"")))",Backend UI Toggle
Sale Comp Profiles,H396,"=1/((I396=""Show"")+(I396<>""Hide"")*LEN(N396)*(N396<>""N/A"")*(N396<>""NAV""))",Backend UI Toggle
Sale Comp Profiles,H397,"=1/(I397<>""Hide"")",Backend UI Toggle
Sale Comp Profiles,H398,"=1/((I398=""Show"")+(I398<>""Hide"")*LEN(N398)*(N398<>""N/A"")*(N398<>""NAV""))",Backend UI Toggle
Sale Comp Profiles,H399,"=1/((I399=""Show"")+(I399<>""Hide"")*LEN(N399)*(N399<>""N/A"")*(N399<>""NAV""))",Backend UI Toggle
Sale Comp Profiles,H400,"=1/((I400=""Show"")+(I400<>""Hide"")*LEN(N400)*(N400<>""N/A"")*(N400<>""NAV""))",Backend UI Toggle
Sale Comp Profiles,H401,"=1/((I401=""Show"")+(I401<>""Hide"")*LEN(N401)*(N401<>""N/A"")*(N401<>""NAV""))",Backend UI Toggle
Sale Comp Profiles,H402,"=1/((I402=""Show"")+(I402<>""Hide"")*LEN(N402)*(N402<>""N/A"")*(N402<>""NAV""))",Backend UI Toggle
Sale Comp Profiles,H403,"=1/((I403=""Show"")+(I403<>""Hide"")*LEN(N403)*(N403<>""N/A"")*(N403<>""NAV""))",Backend UI Toggle
Sale Comp Profiles,H404,"=1/((I404=""Show"")+(I404<>""Hide"")*LEN(N404)*(N404<>""N/A"")*(N404<>""NAV""))",Backend UI Toggle
Sale Comp Profiles,H405,"=1/((I405=""Show"")+(I405<>""Hide"")*LEN(N405)*(N405<>""N/A"")*(N405<>""NAV""))",Backend UI Toggle
Sale Comp Profiles,H406,"=1/((I406=""Show"")+(I406<>""Hide"")*LEN(N406)*(N406<>""N/A"")*(N406<>""NAV""))",Backend UI Toggle
Sale Comp Profiles,H407,"=1/((I407=""Show"")+(I407<>""Hide"")*LEN(N407)*(N407<>""N/A"")*(N407<>""NAV""))",Backend UI Toggle
Sale Comp Profiles,H408,"=1/((I408=""Show"")+(I408<>""Hide"")*LEN(N408)*(N408<>""N/A"")*(N408<>""NAV"")*(N408<>""None""))",Backend UI Toggle
Sale Comp Profiles,H409,"=1/((I409=""Show"")+(I409<>""Hide"")*LEN(N409)*(N409<>""N/A"")*(N409<>""NAV""))",Backend UI Toggle
Sale Comp Profiles,H410,"=1/((I410=""Show"")+(I410<>""Hide"")*LEN(N410)*(N410<>""N/A"")*(N410<>""NAV""))",Backend UI Toggle
Sale Comp Profiles,H411,"=1/((I411=""Show"")+(I411<>""Hide"")*LEN(N411)*(N411<>""N/A"")*(N411<>""NAV""))",Backend UI Toggle
Sale Comp Profiles,H412,"=1/((I412=""Show"")+(I412<>""Hide"")*LEN(N412)*(N412<>""N/A"")*(N412<>""NAV""))",Backend UI Toggle
Sale Comp Profiles,H418,"=1/((I418=""Show"")+(I418<>""Hide"")*(LEN(N418)*(N418<>""N/A"")*(N418<>""NAV"")+LEN(T418)*(T418<>""N/A"")*(T418<>""NAV"")))",Backend UI Toggle
Sale Comp Profiles,H419,"=1/((I419=""Show"")+(I419<>""Hide"")*(LEN(N419)*(N419<>""N/A"")*(N419<>""NAV"")+LEN(T419)*(T419<>""N/A"")*(T419<>""NAV"")))",Backend UI Toggle
Sale Comp Profiles,H420,"=1/((I420=""Show"")+(I420<>""Hide"")*(LEN(N420)*(N420<>""N/A"")*(N420<>""NAV"")+LEN(T420)*(T420<>""N/A"")*(T420<>""NAV"")))",Backend UI Toggle
Sale Comp Profiles,H421,"=1/((I421=""Show"")+(I421<>""Hide"")*(LEN(N421)*(N421<>""N/A"")*(N421<>""NAV"")+LEN(T421)*(T421<>""N/A"")*(T421<>""NAV"")))",Backend UI Toggle
Sale Comp Profiles,H422,"=1/((I422=""Show"")+(I422<>""Hide"")*(LEN(N422)*(N422<>""N/A"")*(N422<>""NAV"")+LEN(T422)*(T422<>""N/A"")*(T422<>""NAV"")))",Backend UI Toggle
Sale Comp Profiles,H423,"=1/((I423=""Show"")+(I423<>""Hide"")*(LEN(N423)*(N423<>""N/A"")*(N423<>""NAV"")+LEN(T423)*(T423<>""N/A"")*(T423<>""NAV"")))",Backend UI Toggle
Sale Comp Profiles,H424,"=1/((I424=""Show"")+(I424<>""Hide"")*(LEN(N424)*(N424<>""N/A"")*(N424<>""NAV"")+LEN(T424)*(T424<>""N/A"")*(T424<>""NAV"")))",Backend UI Toggle
Sale Comp Profiles,H425,"=1/((I425=""Show"")+(I425<>""Hide"")*(LEN(N425)*(N425<>""N/A"")*(N425<>""NAV"")+LEN(T425)*(T425<>""N/A"")*(T425<>""NAV"")))",Backend UI Toggle
Sale Comp Profiles,H426,"=1/((I426=""Show"")+(I426<>""Hide"")*(LEN(N426)*(N426<>""N/A"")*(N426<>""NAV"")+LEN(T426)*(T426<>""N/A"")*(T426<>""NAV"")))",Backend UI Toggle
Sale Comp Profiles,H427,"=1/((I427=""Show"")+(I427<>""Hide"")*(LEN(N427)*(N427<>""N/A"")*(N427<>""NAV"")+LEN(T427)*(T427<>""N/A"")*(T427<>""NAV"")))",Backend UI Toggle
Sale Comp Profiles,H428,"=1/((I428=""Show"")+(I428<>""Hide"")*(LEN(N428)*(N428<>""N/A"")*(N428<>""NAV"")+LEN(T428)*(T428<>""N/A"")*(T428<>""NAV"")))",Backend UI Toggle
Sale Comp Profiles,H429,"=1/((I429=""Show"")+(I429<>""Hide"")*(LEN(N429)*(N429<>""N/A"")*(N429<>""NAV"")+LEN(T429)*(T429<>""N/A"")*(T429<>""NAV"")))",Backend UI Toggle
Sale Comp Profiles,H432,"=1/((I432=""Show"")+(I432<>""Hide"")*((N1PropertyMajorType=""Multi-Family"")+(pvaPropertyTypeKey=""Senior Housing|All""))*LEN(L432)*(L432<>""N/A"")*(L432<>""NAV""))",Backend UI Toggle
Sale Comp Profiles,H435,"=1/((I435=""Show"")+(I435<>""Hide"")*(pvaPropertyTypeKey=""Multi-Family|All"")*LEN(L435)*(L435<>""N/A"")*(L435<>""NAV""))",Backend UI Toggle
Sale Comp Profiles,H438,"=1/((I438=""Show"")+(I438<>""Hide"")*(N1PropertyMajorType<>""Multi-Family"")*(N1PropertyMajorType<>""Senior Housing"")*LEN(L438)*(L438<>""N/A"")*(L438<>""NAV""))",Backend UI Toggle
Sale Comp Profiles,H441,"=1/((I441=""Show"")+(I441<>""Hide"")*(LEN(N441)*(N441<>""N/A"")*(N441<>""NAV"")*ISERROR(FIND(""$0"",N441))+LEN(T441)*(T441<>""N/A"")*(T441<>""NAV"")*ISERROR(FIND(""$0"",T441))))",Backend UI Toggle
Sale Comp Profiles,H442,"=1/((I442=""Show"")+(I442<>""Hide"")*(LEN(N442)*(N442<>""N/A"")*(N442<>""NAV"")*ISERROR(FIND(""$0"",N442))+LEN(T442)*(T442<>""N/A"")*(T442<>""NAV"")*ISERROR(FIND(""$0"",T442))))",Backend UI Toggle
Sale Comp Profiles,H443,"=1/((I443=""Show"")+(I443<>""Hide"")*(LEN(N443)*(N443<>""N/A"")*(N443<>""NAV"")*ISERROR(FIND(""$0"",N443))+LEN(T443)*(T443<>""N/A"")*(T443<>""NAV"")*ISERROR(FIND(""$0"",T443))))",Backend UI Toggle
Sale Comp Profiles,H444,"=1/((I444=""Show"")+(I444<>""Hide"")*(LEN(N444)*(N444<>""N/A"")*(N444<>""NAV"")*ISERROR(FIND(""$0"",N444))+LEN(T444)*(T444<>""N/A"")*(T444<>""NAV"")*ISERROR(FIND(""$0"",T444))))",Backend UI Toggle
Sale Comp Profiles,H445,"=1/((I445=""Show"")+(I445<>""Hide"")*(LEN(N445)*(N445<>""N/A"")*(N445<>""NAV"")*ISERROR(FIND(""$0"",N445))+LEN(T445)*(T445<>""N/A"")*(T445<>""NAV"")*ISERROR(FIND(""$0"",T445))))",Backend UI Toggle
Sale Comp Profiles,H446,"=1/((I446=""Show"")+(I446<>""Hide"")*(LEN(N446)*(N446<>""N/A"")*(N446<>""NAV"")*ISERROR(FIND(""$0"",N446))+LEN(T446)*(T446<>""N/A"")*(T446<>""NAV"")*ISERROR(FIND(""$0"",T446))))",Backend UI Toggle
Sale Comp Profiles,H447,"=1/((I447=""Show"")+(I447<>""Hide"")*(LEN(N447)*(N447<>""N/A"")*(N447<>""NAV"")*ISERROR(FIND(""$0"",N447))+LEN(T447)*(T447<>""N/A"")*(T447<>""NAV"")*ISERROR(FIND(""$0"",T447))))",Backend UI Toggle
Sale Comp Profiles,H448,"=1/((I448=""Show"")+(I448<>""Hide"")*(LEN(N448)*(N448<>""N/A"")*(N448<>""NAV"")*ISERROR(FIND(""$0"",N448))+LEN(T448)*(T448<>""N/A"")*(T448<>""NAV"")*ISERROR(FIND(""$0"",T448))))",Backend UI Toggle
Sale Comp Profiles,H452,"=1/((pvaPropertyTypeKey=""Senior Housing|All"")*SUM(M452:V452))",Backend UI Toggle
Sale Comp Profiles,H453,"=1/((pvaPropertyTypeKey=""Senior Housing|All"")*SUM(M453:V453))",Backend UI Toggle
Sale Comp Profiles,H454,"=1/((pvaPropertyTypeKey=""Senior Housing|All"")*SUM(M454:V454))",Backend UI Toggle
Sale Comp Profiles,H455,"=1/((pvaPropertyTypeKey=""Senior Housing|All"")*SUM(M455:V455))",Backend UI Toggle
Sale Comp Profiles,H456,"=1/((pvaPropertyTypeKey=""Senior Housing|All"")*SUM(M456:V456))",Backend UI Toggle
Sale Comp Profiles,H461,"=1/((I461=""Show"")+(I461<>""Hide"")*(N1PropertyMajorType=""Multi-Family"")*(LEN(L461)*(L461<>""N/A"")*(L461<>""NAV"")))",Backend UI Toggle
Sale Comp Profiles,H462,"=1/((I462=""Show"")+(I462<>""Hide"")*(N1PropertyMajorType=""Multi-Family"")*(LEN(L462)*(L462<>""N/A"")*(L462<>""NAV"")))",Backend UI Toggle
Sale Comp Profiles,H463,"=1/((I463=""Show"")+(I463<>""Hide"")*(N1PropertyMajorType=""Multi-Family"")*(LEN(L463)*(L463<>""N/A"")*(L463<>""NAV"")))",Backend UI Toggle
Sale Comp Profiles,H464,"=1/((I464=""Show"")+(I464<>""Hide"")*(N1PropertyMajorType=""Multi-Family"")*(LEN(L464)*(L464<>""N/A"")*(L464<>""NAV"")))",Backend UI Toggle
Sale Comp Profiles,H465,"=1/((I465=""Show"")+(I465<>""Hide"")*(N1PropertyMajorType=""Multi-Family"")*(LEN(L465)*(L465<>""N/A"")*(L465<>""NAV"")))",Backend UI Toggle
Sale Comp Profiles,H466,"=1/((I466=""Show"")+(I466<>""Hide"")*(N1PropertyMajorType=""Multi-Family"")*(LEN(L466)*(L466<>""N/A"")*(L466<>""NAV"")))",Backend UI Toggle
Sale Comp Profiles,H467,"=1/((I467=""Show"")+(I467<>""Hide"")*(N1PropertyMajorType=""Multi-Family"")*(LEN(L467)*(L467<>""N/A"")*(L467<>""NAV"")))",Backend UI Toggle
Sale Comp Profiles,H468,"=1/((I468=""Show"")+(I468<>""Hide"")*(N1PropertyMajorType=""Multi-Family"")*(LEN(L468)*(L468<>""N/A"")*(L468<>""NAV"")))",Backend UI Toggle
Sale Comp Profiles,H469,"=1/((I469=""Show"")+(I469<>""Hide"")*(N1PropertyMajorType=""Multi-Family"")*(LEN(L469)*(L469<>""N/A"")*(L469<>""NAV"")))",Backend UI Toggle
Sale Comp Profiles,H470,"=1/((I470=""Show"")+(I470<>""Hide"")*(N1PropertyMajorType=""Multi-Family"")*(LEN(L470)*(L470<>""N/A"")*(L470<>""NAV"")))",Backend UI Toggle
Sale Comp Profiles,H471,"=1/((I471=""Show"")+(I471<>""Hide"")*(N1PropertyMajorType=""Multi-Family"")*(LEN(L471)*(L471<>""N/A"")*(L471<>""NAV"")))",Backend UI Toggle
Sale Comp Profiles,H472,"=1/((I472=""Show"")+(I472<>""Hide"")*(N1PropertyMajorType=""Multi-Family"")*(LEN(L472)*(L472<>""N/A"")*(L472<>""NAV"")))",Backend UI Toggle
Sale Comp Profiles,H473,"=1/((I473=""Show"")+(I473<>""Hide"")*(N1PropertyMajorType=""Multi-Family"")*(LEN(L473)*(L473<>""N/A"")*(L473<>""NAV"")))",Backend UI Toggle
Sale Comp Profiles,H474,"=1/((I474=""Show"")+(I474<>""Hide"")*(N1PropertyMajorType=""Multi-Family"")*(LEN(L474)*(L474<>""N/A"")*(L474<>""NAV"")))",Backend UI Toggle
Sale Comp Profiles,H475,"=1/((I475=""Show"")+(I475<>""Hide"")*(N1PropertyMajorType=""Multi-Family"")*(LEN(L475)*(L475<>""N/A"")*(L475<>""NAV"")))",Backend UI Toggle
Sale Comp Profiles,H476,"=1/((I476=""Show"")+(I476<>""Hide"")*(N1PropertyMajorType=""Multi-Family"")*(LEN(L476)*(L476<>""N/A"")*(L476<>""NAV"")))",Backend UI Toggle
Sale Comp Profiles,H477,"=1/((I477=""Show"")+(I477<>""Hide"")*(N1PropertyMajorType=""Multi-Family"")*(LEN(L477)*(L477<>""N/A"")*(L477<>""NAV"")))",Backend UI Toggle
Sale Comp Profiles,H478,"=1/((I478=""Show"")+(I478<>""Hide"")*(N1PropertyMajorType=""Multi-Family"")*(LEN(L478)*(L478<>""N/A"")*(L478<>""NAV"")))",Backend UI Toggle
Sale Comp Profiles,H479,"=1/((I479=""Show"")+(I479<>""Hide"")*(N1PropertyMajorType=""Multi-Family"")*(LEN(L479)*(L479<>""N/A"")*(L479<>""NAV"")))",Backend UI Toggle
Sale Comp Profiles,H480,"=1/((I480=""Show"")+(I480<>""Hide"")*(N1PropertyMajorType=""Multi-Family"")*(LEN(L480)*(L480<>""N/A"")*(L480<>""NAV"")))",Backend UI Toggle
Sale Comp Profiles,H484,"=1/((I484=""Show"")+(I484<>""Hide"")*(LEN(L484)*(L484<>""N/A"")*(L484<>""NAV"")))",Backend UI Toggle
Sale Comp Profiles,H495,"=1/((I495=""Show"")+(I495<>""Hide"")*LEN(N495)*(N495<>""N/A"")*(N495<>""NAV""))",Backend UI Toggle
Sale Comp Profiles,H496,"=1/(I496<>""Hide"")",Backend UI Toggle
Sale Comp Profiles,H497,"=1/((I497=""Show"")+(I497<>""Hide"")*LEN(N497)*(N497<>""N/A"")*(N497<>""NAV""))",Backend UI Toggle
Sale Comp Profiles,H498,"=1/((I498=""Show"")+(I498<>""Hide"")*LEN(N498)*(N498<>""N/A"")*(N498<>""NAV""))",Backend UI Toggle
Sale Comp Profiles,H499,"=1/((I499=""Show"")+(I499<>""Hide"")*LEN(N499)*(N499<>""N/A"")*(N499<>""NAV""))",Backend UI Toggle
Sale Comp Profiles,H500,"=1/((I500=""Show"")+(I500<>""Hide"")*LEN(N500)*(N500<>""N/A"")*(N500<>""NAV""))",Backend UI Toggle
Sale Comp Profiles,H501,"=1/((I501=""Show"")+(I501<>""Hide"")*LEN(N501)*(N501<>""N/A"")*(N501<>""NAV""))",Backend UI Toggle
Sale Comp Profiles,H502,"=1/((I502=""Show"")+(I502<>""Hide"")*LEN(N502)*(N502<>""N/A"")*(N502<>""NAV""))",Backend UI Toggle
Sale Comp Profiles,H503,"=1/((I503=""Show"")+(I503<>""Hide"")*LEN(N503)*(N503<>""N/A"")*(N503<>""NAV""))",Backend UI Toggle
Sale Comp Profiles,H504,"=1/((I504=""Show"")+(I504<>""Hide"")*LEN(N504)*(N504<>""N/A"")*(N504<>""NAV""))",Backend UI Toggle
Sale Comp Profiles,H505,"=1/((I505=""Show"")+(I505<>""Hide"")*LEN(N505)*(N505<>""N/A"")*(N505<>""NAV""))",Backend UI Toggle
Sale Comp Profiles,H506,"=1/((I506=""Show"")+(I506<>""Hide"")*LEN(N506)*(N506<>""N/A"")*(N506<>""NAV""))",Backend UI Toggle
Sale Comp Profiles,H507,"=1/((I507=""Show"")+(I507<>""Hide"")*LEN(N507)*(N507<>""N/A"")*(N507<>""NAV"")*(N507<>""None""))",Backend UI Toggle
Sale Comp Profiles,H508,"=1/((I508=""Show"")+(I508<>""Hide"")*LEN(N508)*(N508<>""N/A"")*(N508<>""NAV""))",Backend UI Toggle
Sale Comp Profiles,H509,"=1/((I509=""Show"")+(I509<>""Hide"")*LEN(N509)*(N509<>""N/A"")*(N509<>""NAV""))",Backend UI Toggle
Sale Comp Profiles,H510,"=1/((I510=""Show"")+(I510<>""Hide"")*LEN(N510)*(N510<>""N/A"")*(N510<>""NAV""))",Backend UI Toggle
Sale Comp Profiles,H511,"=1/((I511=""Show"")+(I511<>""Hide"")*LEN(N511)*(N511<>""N/A"")*(N511<>""NAV""))",Backend UI Toggle
Sale Comp Profiles,H517,"=1/((I517=""Show"")+(I517<>""Hide"")*(LEN(N517)*(N517<>""N/A"")*(N517<>""NAV"")+LEN(T517)*(T517<>""N/A"")*(T517<>""NAV"")))",Backend UI Toggle
Sale Comp Profiles,H518,"=1/((I518=""Show"")+(I518<>""Hide"")*(LEN(N518)*(N518<>""N/A"")*(N518<>""NAV"")+LEN(T518)*(T518<>""N/A"")*(T518<>""NAV"")))",Backend UI Toggle
Sale Comp Profiles,H519,"=1/((I519=""Show"")+(I519<>""Hide"")*(LEN(N519)*(N519<>""N/A"")*(N519<>""NAV"")+LEN(T519)*(T519<>""N/A"")*(T519<>""NAV"")))",Backend UI Toggle
Sale Comp Profiles,H520,"=1/((I520=""Show"")+(I520<>""Hide"")*(LEN(N520)*(N520<>""N/A"")*(N520<>""NAV"")+LEN(T520)*(T520<>""N/A"")*(T520<>""NAV"")))",Backend UI Toggle
Sale Comp Profiles,H521,"=1/((I521=""Show"")+(I521<>""Hide"")*(LEN(N521)*(N521<>""N/A"")*(N521<>""NAV"")+LEN(T521)*(T521<>""N/A"")*(T521<>""NAV"")))",Backend UI Toggle
Sale Comp Profiles,H522,"=1/((I522=""Show"")+(I522<>""Hide"")*(LEN(N522)*(N522<>""N/A"")*(N522<>""NAV"")+LEN(T522)*(T522<>""N/A"")*(T522<>""NAV"")))",Backend UI Toggle
Sale Comp Profiles,H523,"=1/((I523=""Show"")+(I523<>""Hide"")*(LEN(N523)*(N523<>""N/A"")*(N523<>""NAV"")+LEN(T523)*(T523<>""N/A"")*(T523<>""NAV"")))",Backend UI Toggle
Sale Comp Profiles,H524,"=1/((I524=""Show"")+(I524<>""Hide"")*(LEN(N524)*(N524<>""N/A"")*(N524<>""NAV"")+LEN(T524)*(T524<>""N/A"")*(T524<>""NAV"")))",Backend UI Toggle
Sale Comp Profiles,H525,"=1/((I525=""Show"")+(I525<>""Hide"")*(LEN(N525)*(N525<>""N/A"")*(N525<>""NAV"")+LEN(T525)*(T525<>""N/A"")*(T525<>""NAV"")))",Backend UI Toggle
Sale Comp Profiles,H526,"=1/((I526=""Show"")+(I526<>""Hide"")*(LEN(N526)*(N526<>""N/A"")*(N526<>""NAV"")+LEN(T526)*(T526<>""N/A"")*(T526<>""NAV"")))",Backend UI Toggle
Sale Comp Profiles,H527,"=1/((I527=""Show"")+(I527<>""Hide"")*(LEN(N527)*(N527<>""N/A"")*(N527<>""NAV"")+LEN(T527)*(T527<>""N/A"")*(T527<>""NAV"")))",Backend UI Toggle
Sale Comp Profiles,H528,"=1/((I528=""Show"")+(I528<>""Hide"")*(LEN(N528)*(N528<>""N/A"")*(N528<>""NAV"")+LEN(T528)*(T528<>""N/A"")*(T528<>""NAV"")))",Backend UI Toggle
Sale Comp Profiles,H531,"=1/((I531=""Show"")+(I531<>""Hide"")*((N1PropertyMajorType=""Multi-Family"")+(pvaPropertyTypeKey=""Senior Housing|All""))*LEN(L531)*(L531<>""N/A"")*(L531<>""NAV""))",Backend UI Toggle
Sale Comp Profiles,H534,"=1/((I534=""Show"")+(I534<>""Hide"")*(pvaPropertyTypeKey=""Multi-Family|All"")*LEN(L534)*(L534<>""N/A"")*(L534<>""NAV""))",Backend UI Toggle
Sale Comp Profiles,H537,"=1/((I537=""Show"")+(I537<>""Hide"")*(N1PropertyMajorType<>""Multi-Family"")*(N1PropertyMajorType<>""Senior Housing"")*LEN(L537)*(L537<>""N/A"")*(L537<>""NAV""))",Backend UI Toggle
Sale Comp Profiles,H540,"=1/((I540=""Show"")+(I540<>""Hide"")*(LEN(N540)*(N540<>""N/A"")*(N540<>""NAV"")*ISERROR(FIND(""$0"",N540))+LEN(T540)*(T540<>""N/A"")*(T540<>""NAV"")*ISERROR(FIND(""$0"",T540))))",Backend UI Toggle
Sale Comp Profiles,H541,"=1/((I541=""Show"")+(I541<>""Hide"")*(LEN(N541)*(N541<>""N/A"")*(N541<>""NAV"")*ISERROR(FIND(""$0"",N541))+LEN(T541)*(T541<>""N/A"")*(T541<>""NAV"")*ISERROR(FIND(""$0"",T541))))",Backend UI Toggle
Sale Comp Profiles,H542,"=1/((I542=""Show"")+(I542<>""Hide"")*(LEN(N542)*(N542<>""N/A"")*(N542<>""NAV"")*ISERROR(FIND(""$0"",N542))+LEN(T542)*(T542<>""N/A"")*(T542<>""NAV"")*ISERROR(FIND(""$0"",T542))))",Backend UI Toggle
Sale Comp Profiles,H543,"=1/((I543=""Show"")+(I543<>""Hide"")*(LEN(N543)*(N543<>""N/A"")*(N543<>""NAV"")*ISERROR(FIND(""$0"",N543))+LEN(T543)*(T543<>""N/A"")*(T543<>""NAV"")*ISERROR(FIND(""$0"",T543))))",Backend UI Toggle
Sale Comp Profiles,H544,"=1/((I544=""Show"")+(I544<>""Hide"")*(LEN(N544)*(N544<>""N/A"")*(N544<>""NAV"")*ISERROR(FIND(""$0"",N544))+LEN(T544)*(T544<>""N/A"")*(T544<>""NAV"")*ISERROR(FIND(""$0"",T544))))",Backend UI Toggle
Sale Comp Profiles,H545,"=1/((I545=""Show"")+(I545<>""Hide"")*(LEN(N545)*(N545<>""N/A"")*(N545<>""NAV"")*ISERROR(FIND(""$0"",N545))+LEN(T545)*(T545<>""N/A"")*(T545<>""NAV"")*ISERROR(FIND(""$0"",T545))))",Backend UI Toggle
Sale Comp Profiles,H546,"=1/((I546=""Show"")+(I546<>""Hide"")*(LEN(N546)*(N546<>""N/A"")*(N546<>""NAV"")*ISERROR(FIND(""$0"",N546))+LEN(T546)*(T546<>""N/A"")*(T546<>""NAV"")*ISERROR(FIND(""$0"",T546))))",Backend UI Toggle
Sale Comp Profiles,H547,"=1/((I547=""Show"")+(I547<>""Hide"")*(LEN(N547)*(N547<>""N/A"")*(N547<>""NAV"")*ISERROR(FIND(""$0"",N547))+LEN(T547)*(T547<>""N/A"")*(T547<>""NAV"")*ISERROR(FIND(""$0"",T547))))",Backend UI Toggle
Sale Comp Profiles,H551,"=1/((pvaPropertyTypeKey=""Senior Housing|All"")*SUM(M551:V551))",Backend UI Toggle
Sale Comp Profiles,H552,"=1/((pvaPropertyTypeKey=""Senior Housing|All"")*SUM(M552:V552))",Backend UI Toggle
Sale Comp Profiles,H553,"=1/((pvaPropertyTypeKey=""Senior Housing|All"")*SUM(M553:V553))",Backend UI Toggle
Sale Comp Profiles,H554,"=1/((pvaPropertyTypeKey=""Senior Housing|All"")*SUM(M554:V554))",Backend UI Toggle
Sale Comp Profiles,H555,"=1/((pvaPropertyTypeKey=""Senior Housing|All"")*SUM(M555:V555))",Backend UI Toggle
Sale Comp Profiles,H560,"=1/((I560=""Show"")+(I560<>""Hide"")*(N1PropertyMajorType=""Multi-Family"")*(LEN(L560)*(L560<>""N/A"")*(L560<>""NAV"")))",Backend UI Toggle
Sale Comp Profiles,H561,"=1/((I561=""Show"")+(I561<>""Hide"")*(N1PropertyMajorType=""Multi-Family"")*(LEN(L561)*(L561<>""N/A"")*(L561<>""NAV"")))",Backend UI Toggle
Sale Comp Profiles,H562,"=1/((I562=""Show"")+(I562<>""Hide"")*(N1PropertyMajorType=""Multi-Family"")*(LEN(L562)*(L562<>""N/A"")*(L562<>""NAV"")))",Backend UI Toggle
Sale Comp Profiles,H563,"=1/((I563=""Show"")+(I563<>""Hide"")*(N1PropertyMajorType=""Multi-Family"")*(LEN(L563)*(L563<>""N/A"")*(L563<>""NAV"")))",Backend UI Toggle
Sale Comp Profiles,H564,"=1/((I564=""Show"")+(I564<>""Hide"")*(N1PropertyMajorType=""Multi-Family"")*(LEN(L564)*(L564<>""N/A"")*(L564<>""NAV"")))",Backend UI Toggle
Sale Comp Profiles,H565,"=1/((I565=""Show"")+(I565<>""Hide"")*(N1PropertyMajorType=""Multi-Family"")*(LEN(L565)*(L565<>""N/A"")*(L565<>""NAV"")))",Backend UI Toggle
Sale Comp Profiles,H566,"=1/((I566=""Show"")+(I566<>""Hide"")*(N1PropertyMajorType=""Multi-Family"")*(LEN(L566)*(L566<>""N/A"")*(L566<>""NAV"")))",Backend UI Toggle
Sale Comp Profiles,H567,"=1/((I567=""Show"")+(I567<>""Hide"")*(N1PropertyMajorType=""Multi-Family"")*(LEN(L567)*(L567<>""N/A"")*(L567<>""NAV"")))",Backend UI Toggle
Sale Comp Profiles,H568,"=1/((I568=""Show"")+(I568<>""Hide"")*(N1PropertyMajorType=""Multi-Family"")*(LEN(L568)*(L568<>""N/A"")*(L568<>""NAV"")))",Backend UI Toggle
Sale Comp Profiles,H569,"=1/((I569=""Show"")+(I569<>""Hide"")*(N1PropertyMajorType=""Multi-Family"")*(LEN(L569)*(L569<>""N/A"")*(L569<>""NAV"")))",Backend UI Toggle
Sale Comp Profiles,H570,"=1/((I570=""Show"")+(I570<>""Hide"")*(N1PropertyMajorType=""Multi-Family"")*(LEN(L570)*(L570<>""N/A"")*(L570<>""NAV"")))",Backend UI Toggle
Sale Comp Profiles,H571,"=1/((I571=""Show"")+(I571<>""Hide"")*(N1PropertyMajorType=""Multi-Family"")*(LEN(L571)*(L571<>""N/A"")*(L571<>""NAV"")))",Backend UI Toggle
Sale Comp Profiles,H572,"=1/((I572=""Show"")+(I572<>""Hide"")*(N1PropertyMajorType=""Multi-Family"")*(LEN(L572)*(L572<>""N/A"")*(L572<>""NAV"")))",Backend UI Toggle
Sale Comp Profiles,H573,"=1/((I573=""Show"")+(I573<>""Hide"")*(N1PropertyMajorType=""Multi-Family"")*(LEN(L573)*(L573<>""N/A"")*(L573<>""NAV"")))",Backend UI Toggle
Sale Comp Profiles,H574,"=1/((I574=""Show"")+(I574<>""Hide"")*(N1PropertyMajorType=""Multi-Family"")*(LEN(L574)*(L574<>""N/A"")*(L574<>""NAV"")))",Backend UI Toggle
Sale Comp Profiles,H575,"=1/((I575=""Show"")+(I575<>""Hide"")*(N1PropertyMajorType=""Multi-Family"")*(LEN(L575)*(L575<>""N/A"")*(L575<>""NAV"")))",Backend UI Toggle
Sale Comp Profiles,H576,"=1/((I576=""Show"")+(I576<>""Hide"")*(N1PropertyMajorType=""Multi-Family"")*(LEN(L576)*(L576<>""N/A"")*(L576<>""NAV"")))",Backend UI Toggle
Sale Comp Profiles,H577,"=1/((I577=""Show"")+(I577<>""Hide"")*(N1PropertyMajorType=""Multi-Family"")*(LEN(L577)*(L577<>""N/A"")*(L577<>""NAV"")))",Backend UI Toggle
Sale Comp Profiles,H578,"=1/((I578=""Show"")+(I578<>""Hide"")*(N1PropertyMajorType=""Multi-Family"")*(LEN(L578)*(L578<>""N/A"")*(L578<>""NAV"")))",Backend UI Toggle
Sale Comp Profiles,H579,"=1/((I579=""Show"")+(I579<>""Hide"")*(N1PropertyMajorType=""Multi-Family"")*(LEN(L579)*(L579<>""N/A"")*(L579<>""NAV"")))",Backend UI Toggle
Sale Comp Profiles,H583,"=1/((I583=""Show"")+(I583<>""Hide"")*(LEN(L583)*(L583<>""N/A"")*(L583<>""NAV"")))",Backend UI Toggle
Sale Comp Profiles,H594,"=1/((I594=""Show"")+(I594<>""Hide"")*LEN(N594)*(N594<>""N/A"")*(N594<>""NAV""))",Backend UI Toggle
Sale Comp Profiles,H595,"=1/(I595<>""Hide"")",Backend UI Toggle
Sale Comp Profiles,H596,"=1/((I596=""Show"")+(I596<>""Hide"")*LEN(N596)*(N596<>""N/A"")*(N596<>""NAV""))",Backend UI Toggle
Sale Comp Profiles,H597,"=1/((I597=""Show"")+(I597<>""Hide"")*LEN(N597)*(N597<>""N/A"")*(N597<>""NAV""))",Backend UI Toggle
Sale Comp Profiles,H598,"=1/((I598=""Show"")+(I598<>""Hide"")*LEN(N598)*(N598<>""N/A"")*(N598<>""NAV""))",Backend UI Toggle
Sale Comp Profiles,H599,"=1/((I599=""Show"")+(I599<>""Hide"")*LEN(N599)*(N599<>""N/A"")*(N599<>""NAV""))",Backend UI Toggle
Sale Comp Profiles,H600,"=1/((I600=""Show"")+(I600<>""Hide"")*LEN(N600)*(N600<>""N/A"")*(N600<>""NAV""))",Backend UI Toggle
Sale Comp Profiles,H601,"=1/((I601=""Show"")+(I601<>""Hide"")*LEN(N601)*(N601<>""N/A"")*(N601<>""NAV""))",Backend UI Toggle
Sale Comp Profiles,H602,"=1/((I602=""Show"")+(I602<>""Hide"")*LEN(N602)*(N602<>""N/A"")*(N602<>""NAV""))",Backend UI Toggle
Sale Comp Profiles,H603,"=1/((I603=""Show"")+(I603<>""Hide"")*LEN(N603)*(N603<>""N/A"")*(N603<>""NAV""))",Backend UI Toggle
Sale Comp Profiles,H604,"=1/((I604=""Show"")+(I604<>""Hide"")*LEN(N604)*(N604<>""N/A"")*(N604<>""NAV""))",Backend UI Toggle
Sale Comp Profiles,H605,"=1/((I605=""Show"")+(I605<>""Hide"")*LEN(N605)*(N605<>""N/A"")*(N605<>""NAV""))",Backend UI Toggle
Sale Comp Profiles,H606,"=1/((I606=""Show"")+(I606<>""Hide"")*LEN(N606)*(N606<>""N/A"")*(N606<>""NAV"")*(N606<>""None""))",Backend UI Toggle
Sale Comp Profiles,H607,"=1/((I607=""Show"")+(I607<>""Hide"")*LEN(N607)*(N607<>""N/A"")*(N607<>""NAV""))",Backend UI Toggle
Sale Comp Profiles,H608,"=1/((I608=""Show"")+(I608<>""Hide"")*LEN(N608)*(N608<>""N/A"")*(N608<>""NAV""))",Backend UI Toggle
Sale Comp Profiles,H609,"=1/((I609=""Show"")+(I609<>""Hide"")*LEN(N609)*(N609<>""N/A"")*(N609<>""NAV""))",Backend UI Toggle
Sale Comp Profiles,H610,"=1/((I610=""Show"")+(I610<>""Hide"")*LEN(N610)*(N610<>""N/A"")*(N610<>""NAV""))",Backend UI Toggle
Sale Comp Profiles,H616,"=1/((I616=""Show"")+(I616<>""Hide"")*(LEN(N616)*(N616<>""N/A"")*(N616<>""NAV"")+LEN(T616)*(T616<>""N/A"")*(T616<>""NAV"")))",Backend UI Toggle
Sale Comp Profiles,H617,"=1/((I617=""Show"")+(I617<>""Hide"")*(LEN(N617)*(N617<>""N/A"")*(N617<>""NAV"")+LEN(T617)*(T617<>""N/A"")*(T617<>""NAV"")))",Backend UI Toggle
Sale Comp Profiles,H618,"=1/((I618=""Show"")+(I618<>""Hide"")*(LEN(N618)*(N618<>""N/A"")*(N618<>""NAV"")+LEN(T618)*(T618<>""N/A"")*(T618<>""NAV"")))",Backend UI Toggle
Sale Comp Profiles,H619,"=1/((I619=""Show"")+(I619<>""Hide"")*(LEN(N619)*(N619<>""N/A"")*(N619<>""NAV"")+LEN(T619)*(T619<>""N/A"")*(T619<>""NAV"")))",Backend UI Toggle
Sale Comp Profiles,H620,"=1/((I620=""Show"")+(I620<>""Hide"")*(LEN(N620)*(N620<>""N/A"")*(N620<>""NAV"")+LEN(T620)*(T620<>""N/A"")*(T620<>""NAV"")))",Backend UI Toggle
Sale Comp Profiles,H621,"=1/((I621=""Show"")+(I621<>""Hide"")*(LEN(N621)*(N621<>""N/A"")*(N621<>""NAV"")+LEN(T621)*(T621<>""N/A"")*(T621<>""NAV"")))",Backend UI Toggle
Sale Comp Profiles,H622,"=1/((I622=""Show"")+(I622<>""Hide"")*(LEN(N622)*(N622<>""N/A"")*(N622<>""NAV"")+LEN(T622)*(T622<>""N/A"")*(T622<>""NAV"")))",Backend UI Toggle
Sale Comp Profiles,H623,"=1/((I623=""Show"")+(I623<>""Hide"")*(LEN(N623)*(N623<>""N/A"")*(N623<>""NAV"")+LEN(T623)*(T623<>""N/A"")*(T623<>""NAV"")))",Backend UI Toggle
Sale Comp Profiles,H624,"=1/((I624=""Show"")+(I624<>""Hide"")*(LEN(N624)*(N624<>""N/A"")*(N624<>""NAV"")+LEN(T624)*(T624<>""N/A"")*(T624<>""NAV"")))",Backend UI Toggle
Sale Comp Profiles,H625,"=1/((I625=""Show"")+(I625<>""Hide"")*(LEN(N625)*(N625<>""N/A"")*(N625<>""NAV"")+LEN(T625)*(T625<>""N/A"")*(T625<>""NAV"")))",Backend UI Toggle
Sale Comp Profiles,H626,"=1/((I626=""Show"")+(I626<>""Hide"")*(LEN(N626)*(N626<>""N/A"")*(N626<>""NAV"")+LEN(T626)*(T626<>""N/A"")*(T626<>""NAV"")))",Backend UI Toggle
Sale Comp Profiles,H627,"=1/((I627=""Show"")+(I627<>""Hide"")*(LEN(N627)*(N627<>""N/A"")*(N627<>""NAV"")+LEN(T627)*(T627<>""N/A"")*(T627<>""NAV"")))",Backend UI Toggle
Sale Comp Profiles,H630,"=1/((I630=""Show"")+(I630<>""Hide"")*((N1PropertyMajorType=""Multi-Family"")+(pvaPropertyTypeKey=""Senior Housing|All""))*LEN(L630)*(L630<>""N/A"")*(L630<>""NAV""))",Backend UI Toggle
Sale Comp Profiles,H633,"=1/((I633=""Show"")+(I633<>""Hide"")*(pvaPropertyTypeKey=""Multi-Family|All"")*LEN(L633)*(L633<>""N/A"")*(L633<>""NAV""))",Backend UI Toggle
Sale Comp Profiles,H636,"=1/((I636=""Show"")+(I636<>""Hide"")*(N1PropertyMajorType<>""Multi-Family"")*(N1PropertyMajorType<>""Senior Housing"")*LEN(L636)*(L636<>""N/A"")*(L636<>""NAV""))",Backend UI Toggle
Sale Comp Profiles,H639,"=1/((I639=""Show"")+(I639<>""Hide"")*(LEN(N639)*(N639<>""N/A"")*(N639<>""NAV"")*ISERROR(FIND(""$0"",N639))+LEN(T639)*(T639<>""N/A"")*(T639<>""NAV"")*ISERROR(FIND(""$0"",T639))))",Backend UI Toggle
Sale Comp Profiles,H640,"=1/((I640=""Show"")+(I640<>""Hide"")*(LEN(N640)*(N640<>""N/A"")*(N640<>""NAV"")*ISERROR(FIND(""$0"",N640))+LEN(T640)*(T640<>""N/A"")*(T640<>""NAV"")*ISERROR(FIND(""$0"",T640))))",Backend UI Toggle
Sale Comp Profiles,H641,"=1/((I641=""Show"")+(I641<>""Hide"")*(LEN(N641)*(N641<>""N/A"")*(N641<>""NAV"")*ISERROR(FIND(""$0"",N641))+LEN(T641)*(T641<>""N/A"")*(T641<>""NAV"")*ISERROR(FIND(""$0"",T641))))",Backend UI Toggle
Sale Comp Profiles,H642,"=1/((I642=""Show"")+(I642<>""Hide"")*(LEN(N642)*(N642<>""N/A"")*(N642<>""NAV"")*ISERROR(FIND(""$0"",N642))+LEN(T642)*(T642<>""N/A"")*(T642<>""NAV"")*ISERROR(FIND(""$0"",T642))))",Backend UI Toggle
Sale Comp Profiles,H643,"=1/((I643=""Show"")+(I643<>""Hide"")*(LEN(N643)*(N643<>""N/A"")*(N643<>""NAV"")*ISERROR(FIND(""$0"",N643))+LEN(T643)*(T643<>""N/A"")*(T643<>""NAV"")*ISERROR(FIND(""$0"",T643))))",Backend UI Toggle
Sale Comp Profiles,H644,"=1/((I644=""Show"")+(I644<>""Hide"")*(LEN(N644)*(N644<>""N/A"")*(N644<>""NAV"")*ISERROR(FIND(""$0"",N644))+LEN(T644)*(T644<>""N/A"")*(T644<>""NAV"")*ISERROR(FIND(""$0"",T644))))",Backend UI Toggle
Sale Comp Profiles,H645,"=1/((I645=""Show"")+(I645<>""Hide"")*(LEN(N645)*(N645<>""N/A"")*(N645<>""NAV"")*ISERROR(FIND(""$0"",N645))+LEN(T645)*(T645<>""N/A"")*(T645<>""NAV"")*ISERROR(FIND(""$0"",T645))))",Backend UI Toggle
Sale Comp Profiles,H646,"=1/((I646=""Show"")+(I646<>""Hide"")*(LEN(N646)*(N646<>""N/A"")*(N646<>""NAV"")*ISERROR(FIND(""$0"",N646))+LEN(T646)*(T646<>""N/A"")*(T646<>""NAV"")*ISERROR(FIND(""$0"",T646))))",Backend UI Toggle
Sale Comp Profiles,H650,"=1/((pvaPropertyTypeKey=""Senior Housing|All"")*SUM(M650:V650))",Backend UI Toggle
Sale Comp Profiles,H651,"=1/((pvaPropertyTypeKey=""Senior Housing|All"")*SUM(M651:V651))",Backend UI Toggle
Sale Comp Profiles,H652,"=1/((pvaPropertyTypeKey=""Senior Housing|All"")*SUM(M652:V652))",Backend UI Toggle
Sale Comp Profiles,H653,"=1/((pvaPropertyTypeKey=""Senior Housing|All"")*SUM(M653:V653))",Backend UI Toggle
Sale Comp Profiles,H654,"=1/((pvaPropertyTypeKey=""Senior Housing|All"")*SUM(M654:V654))",Backend UI Toggle
Sale Comp Profiles,H659,"=1/((I659=""Show"")+(I659<>""Hide"")*(N1PropertyMajorType=""Multi-Family"")*(LEN(L659)*(L659<>""N/A"")*(L659<>""NAV"")))",Backend UI Toggle
Sale Comp Profiles,H660,"=1/((I660=""Show"")+(I660<>""Hide"")*(N1PropertyMajorType=""Multi-Family"")*(LEN(L660)*(L660<>""N/A"")*(L660<>""NAV"")))",Backend UI Toggle
Sale Comp Profiles,H661,"=1/((I661=""Show"")+(I661<>""Hide"")*(N1PropertyMajorType=""Multi-Family"")*(LEN(L661)*(L661<>""N/A"")*(L661<>""NAV"")))",Backend UI Toggle
Sale Comp Profiles,H662,"=1/((I662=""Show"")+(I662<>""Hide"")*(N1PropertyMajorType=""Multi-Family"")*(LEN(L662)*(L662<>""N/A"")*(L662<>""NAV"")))",Backend UI Toggle
Sale Comp Profiles,H663,"=1/((I663=""Show"")+(I663<>""Hide"")*(N1PropertyMajorType=""Multi-Family"")*(LEN(L663)*(L663<>""N/A"")*(L663<>""NAV"")))",Backend UI Toggle
Sale Comp Profiles,H664,"=1/((I664=""Show"")+(I664<>""Hide"")*(N1PropertyMajorType=""Multi-Family"")*(LEN(L664)*(L664<>""N/A"")*(L664<>""NAV"")))",Backend UI Toggle
Sale Comp Profiles,H665,"=1/((I665=""Show"")+(I665<>""Hide"")*(N1PropertyMajorType=""Multi-Family"")*(LEN(L665)*(L665<>""N/A"")*(L665<>""NAV"")))",Backend UI Toggle
Sale Comp Profiles,H666,"=1/((I666=""Show"")+(I666<>""Hide"")*(N1PropertyMajorType=""Multi-Family"")*(LEN(L666)*(L666<>""N/A"")*(L666<>""NAV"")))",Backend UI Toggle
Sale Comp Profiles,H667,"=1/((I667=""Show"")+(I667<>""Hide"")*(N1PropertyMajorType=""Multi-Family"")*(LEN(L667)*(L667<>""N/A"")*(L667<>""NAV"")))",Backend UI Toggle
Sale Comp Profiles,H668,"=1/((I668=""Show"")+(I668<>""Hide"")*(N1PropertyMajorType=""Multi-Family"")*(LEN(L668)*(L668<>""N/A"")*(L668<>""NAV"")))",Backend UI Toggle
Sale Comp Profiles,H669,"=1/((I669=""Show"")+(I669<>""Hide"")*(N1PropertyMajorType=""Multi-Family"")*(LEN(L669)*(L669<>""N/A"")*(L669<>""NAV"")))",Backend UI Toggle
Sale Comp Profiles,H670,"=1/((I670=""Show"")+(I670<>""Hide"")*(N1PropertyMajorType=""Multi-Family"")*(LEN(L670)*(L670<>""N/A"")*(L670<>""NAV"")))",Backend UI Toggle
Sale Comp Profiles,H671,"=1/((I671=""Show"")+(I671<>""Hide"")*(N1PropertyMajorType=""Multi-Family"")*(LEN(L671)*(L671<>""N/A"")*(L671<>""NAV"")))",Backend UI Toggle
Sale Comp Profiles,H672,"=1/((I672=""Show"")+(I672<>""Hide"")*(N1PropertyMajorType=""Multi-Family"")*(LEN(L672)*(L672<>""N/A"")*(L672<>""NAV"")))",Backend UI Toggle
Sale Comp Profiles,H673,"=1/((I673=""Show"")+(I673<>""Hide"")*(N1PropertyMajorType=""Multi-Family"")*(LEN(L673)*(L673<>""N/A"")*(L673<>""NAV"")))",Backend UI Toggle
Sale Comp Profiles,H674,"=1/((I674=""Show"")+(I674<>""Hide"")*(N1PropertyMajorType=""Multi-Family"")*(LEN(L674)*(L674<>""N/A"")*(L674<>""NAV"")))",Backend UI Toggle
Sale Comp Profiles,H675,"=1/((I675=""Show"")+(I675<>""Hide"")*(N1PropertyMajorType=""Multi-Family"")*(LEN(L675)*(L675<>""N/A"")*(L675<>""NAV"")))",Backend UI Toggle
Sale Comp Profiles,H676,"=1/((I676=""Show"")+(I676<>""Hide"")*(N1PropertyMajorType=""Multi-Family"")*(LEN(L676)*(L676<>""N/A"")*(L676<>""NAV"")))",Backend UI Toggle
Sale Comp Profiles,H677,"=1/((I677=""Show"")+(I677<>""Hide"")*(N1PropertyMajorType=""Multi-Family"")*(LEN(L677)*(L677<>""N/A"")*(L677<>""NAV"")))",Backend UI Toggle
Sale Comp Profiles,H678,"=1/((I678=""Show"")+(I678<>""Hide"")*(N1PropertyMajorType=""Multi-Family"")*(LEN(L678)*(L678<>""N/A"")*(L678<>""NAV"")))",Backend UI Toggle
Sale Comp Profiles,H682,"=1/((I682=""Show"")+(I682<>""Hide"")*(LEN(L682)*(L682<>""N/A"")*(L682<>""NAV"")))",Backend UI Toggle
Sale Comp Profiles,H693,"=1/((I693=""Show"")+(I693<>""Hide"")*LEN(N693)*(N693<>""N/A"")*(N693<>""NAV""))",Backend UI Toggle
Sale Comp Profiles,H694,"=1/(I694<>""Hide"")",Backend UI Toggle
Sale Comp Profiles,H695,"=1/((I695=""Show"")+(I695<>""Hide"")*LEN(N695)*(N695<>""N/A"")*(N695<>""NAV""))",Backend UI Toggle
Sale Comp Profiles,H696,"=1/((I696=""Show"")+(I696<>""Hide"")*LEN(N696)*(N696<>""N/A"")*(N696<>""NAV""))",Backend UI Toggle
Sale Comp Profiles,H697,"=1/((I697=""Show"")+(I697<>""Hide"")*LEN(N697)*(N697<>""N/A"")*(N697<>""NAV""))",Backend UI Toggle
Sale Comp Profiles,H698,"=1/((I698=""Show"")+(I698<>""Hide"")*LEN(N698)*(N698<>""N/A"")*(N698<>""NAV""))",Backend UI Toggle
Sale Comp Profiles,H699,"=1/((I699=""Show"")+(I699<>""Hide"")*LEN(N699)*(N699<>""N/A"")*(N699<>""NAV""))",Backend UI Toggle
Sale Comp Profiles,H700,"=1/((I700=""Show"")+(I700<>""Hide"")*LEN(N700)*(N700<>""N/A"")*(N700<>""NAV""))",Backend UI Toggle
Sale Comp Profiles,H701,"=1/((I701=""Show"")+(I701<>""Hide"")*LEN(N701)*(N701<>""N/A"")*(N701<>""NAV""))",Backend UI Toggle
Sale Comp Profiles,H702,"=1/((I702=""Show"")+(I702<>""Hide"")*LEN(N702)*(N702<>""N/A"")*(N702<>""NAV""))",Backend UI Toggle
Sale Comp Profiles,H703,"=1/((I703=""Show"")+(I703<>""Hide"")*LEN(N703)*(N703<>""N/A"")*(N703<>""NAV""))",Backend UI Toggle
Sale Comp Profiles,H704,"=1/((I704=""Show"")+(I704<>""Hide"")*LEN(N704)*(N704<>""N/A"")*(N704<>""NAV""))",Backend UI Toggle
Sale Comp Profiles,H705,"=1/((I705=""Show"")+(I705<>""Hide"")*LEN(N705)*(N705<>""N/A"")*(N705<>""NAV"")*(N705<>""None""))",Backend UI Toggle
Sale Comp Profiles,H706,"=1/((I706=""Show"")+(I706<>""Hide"")*LEN(N706)*(N706<>""N/A"")*(N706<>""NAV""))",Backend UI Toggle
Sale Comp Profiles,H707,"=1/((I707=""Show"")+(I707<>""Hide"")*LEN(N707)*(N707<>""N/A"")*(N707<>""NAV""))",Backend UI Toggle
Sale Comp Profiles,H708,"=1/((I708=""Show"")+(I708<>""Hide"")*LEN(N708)*(N708<>""N/A"")*(N708<>""NAV""))",Backend UI Toggle
Sale Comp Profiles,H709,"=1/((I709=""Show"")+(I709<>""Hide"")*LEN(N709)*(N709<>""N/A"")*(N709<>""NAV""))",Backend UI Toggle
Sale Comp Profiles,H715,"=1/((I715=""Show"")+(I715<>""Hide"")*(LEN(N715)*(N715<>""N/A"")*(N715<>""NAV"")+LEN(T715)*(T715<>""N/A"")*(T715<>""NAV"")))",Backend UI Toggle
Sale Comp Profiles,H716,"=1/((I716=""Show"")+(I716<>""Hide"")*(LEN(N716)*(N716<>""N/A"")*(N716<>""NAV"")+LEN(T716)*(T716<>""N/A"")*(T716<>""NAV"")))",Backend UI Toggle
Sale Comp Profiles,H717,"=1/((I717=""Show"")+(I717<>""Hide"")*(LEN(N717)*(N717<>""N/A"")*(N717<>""NAV"")+LEN(T717)*(T717<>""N/A"")*(T717<>""NAV"")))",Backend UI Toggle
Sale Comp Profiles,H718,"=1/((I718=""Show"")+(I718<>""Hide"")*(LEN(N718)*(N718<>""N/A"")*(N718<>""NAV"")+LEN(T718)*(T718<>""N/A"")*(T718<>""NAV"")))",Backend UI Toggle
Sale Comp Profiles,H719,"=1/((I719=""Show"")+(I719<>""Hide"")*(LEN(N719)*(N719<>""N/A"")*(N719<>""NAV"")+LEN(T719)*(T719<>""N/A"")*(T719<>""NAV"")))",Backend UI Toggle
Sale Comp Profiles,H720,"=1/((I720=""Show"")+(I720<>""Hide"")*(LEN(N720)*(N720<>""N/A"")*(N720<>""NAV"")+LEN(T720)*(T720<>""N/A"")*(T720<>""NAV"")))",Backend UI Toggle
Sale Comp Profiles,H721,"=1/((I721=""Show"")+(I721<>""Hide"")*(LEN(N721)*(N721<>""N/A"")*(N721<>""NAV"")+LEN(T721)*(T721<>""N/A"")*(T721<>""NAV"")))",Backend UI Toggle
Sale Comp Profiles,H722,"=1/((I722=""Show"")+(I722<>""Hide"")*(LEN(N722)*(N722<>""N/A"")*(N722<>""NAV"")+LEN(T722)*(T722<>""N/A"")*(T722<>""NAV"")))",Backend UI Toggle
Sale Comp Profiles,H723,"=1/((I723=""Show"")+(I723<>""Hide"")*(LEN(N723)*(N723<>""N/A"")*(N723<>""NAV"")+LEN(T723)*(T723<>""N/A"")*(T723<>""NAV"")))",Backend UI Toggle
Sale Comp Profiles,H724,"=1/((I724=""Show"")+(I724<>""Hide"")*(LEN(N724)*(N724<>""N/A"")*(N724<>""NAV"")+LEN(T724)*(T724<>""N/A"")*(T724<>""NAV"")))",Backend UI Toggle
Sale Comp Profiles,H725,"=1/((I725=""Show"")+(I725<>""Hide"")*(LEN(N725)*(N725<>""N/A"")*(N725<>""NAV"")+LEN(T725)*(T725<>""N/A"")*(T725<>""NAV"")))",Backend UI Toggle
Sale Comp Profiles,H726,"=1/((I726=""Show"")+(I726<>""Hide"")*(LEN(N726)*(N726<>""N/A"")*(N726<>""NAV"")+LEN(T726)*(T726<>""N/A"")*(T726<>""NAV"")))",Backend UI Toggle
Sale Comp Profiles,H729,"=1/((I729=""Show"")+(I729<>""Hide"")*((N1PropertyMajorType=""Multi-Family"")+(pvaPropertyTypeKey=""Senior Housing|All""))*LEN(L729)*(L729<>""N/A"")*(L729<>""NAV""))",Backend UI Toggle
Sale Comp Profiles,H732,"=1/((I732=""Show"")+(I732<>""Hide"")*(pvaPropertyTypeKey=""Multi-Family|All"")*LEN(L732)*(L732<>""N/A"")*(L732<>""NAV""))",Backend UI Toggle
Sale Comp Profiles,H735,"=1/((I735=""Show"")+(I735<>""Hide"")*(N1PropertyMajorType<>""Multi-Family"")*(N1PropertyMajorType<>""Senior Housing"")*LEN(L735)*(L735<>""N/A"")*(L735<>""NAV""))",Backend UI Toggle
Sale Comp Profiles,H738,"=1/((I738=""Show"")+(I738<>""Hide"")*(LEN(N738)*(N738<>""N/A"")*(N738<>""NAV"")*ISERROR(FIND(""$0"",N738))+LEN(T738)*(T738<>""N/A"")*(T738<>""NAV"")*ISERROR(FIND(""$0"",T738))))",Backend UI Toggle
Sale Comp Profiles,H739,"=1/((I739=""Show"")+(I739<>""Hide"")*(LEN(N739)*(N739<>""N/A"")*(N739<>""NAV"")*ISERROR(FIND(""$0"",N739))+LEN(T739)*(T739<>""N/A"")*(T739<>""NAV"")*ISERROR(FIND(""$0"",T739))))",Backend UI Toggle
Sale Comp Profiles,H740,"=1/((I740=""Show"")+(I740<>""Hide"")*(LEN(N740)*(N740<>""N/A"")*(N740<>""NAV"")*ISERROR(FIND(""$0"",N740))+LEN(T740)*(T740<>""N/A"")*(T740<>""NAV"")*ISERROR(FIND(""$0"",T740))))",Backend UI Toggle
Sale Comp Profiles,H741,"=1/((I741=""Show"")+(I741<>""Hide"")*(LEN(N741)*(N741<>""N/A"")*(N741<>""NAV"")*ISERROR(FIND(""$0"",N741))+LEN(T741)*(T741<>""N/A"")*(T741<>""NAV"")*ISERROR(FIND(""$0"",T741))))",Backend UI Toggle
Sale Comp Profiles,H742,"=1/((I742=""Show"")+(I742<>""Hide"")*(LEN(N742)*(N742<>""N/A"")*(N742<>""NAV"")*ISERROR(FIND(""$0"",N742))+LEN(T742)*(T742<>""N/A"")*(T742<>""NAV"")*ISERROR(FIND(""$0"",T742))))",Backend UI Toggle
Sale Comp Profiles,H743,"=1/((I743=""Show"")+(I743<>""Hide"")*(LEN(N743)*(N743<>""N/A"")*(N743<>""NAV"")*ISERROR(FIND(""$0"",N743))+LEN(T743)*(T743<>""N/A"")*(T743<>""NAV"")*ISERROR(FIND(""$0"",T743))))",Backend UI Toggle
Sale Comp Profiles,H744,"=1/((I744=""Show"")+(I744<>""Hide"")*(LEN(N744)*(N744<>""N/A"")*(N744<>""NAV"")*ISERROR(FIND(""$0"",N744))+LEN(T744)*(T744<>""N/A"")*(T744<>""NAV"")*ISERROR(FIND(""$0"",T744))))",Backend UI Toggle
Sale Comp Profiles,H745,"=1/((I745=""Show"")+(I745<>""Hide"")*(LEN(N745)*(N745<>""N/A"")*(N745<>""NAV"")*ISERROR(FIND(""$0"",N745))+LEN(T745)*(T745<>""N/A"")*(T745<>""NAV"")*ISERROR(FIND(""$0"",T745))))",Backend UI Toggle
Sale Comp Profiles,H749,"=1/((pvaPropertyTypeKey=""Senior Housing|All"")*SUM(M749:V749))",Backend UI Toggle
Sale Comp Profiles,H750,"=1/((pvaPropertyTypeKey=""Senior Housing|All"")*SUM(M750:V750))",Backend UI Toggle
Sale Comp Profiles,H751,"=1/((pvaPropertyTypeKey=""Senior Housing|All"")*SUM(M751:V751))",Backend UI Toggle
Sale Comp Profiles,H752,"=1/((pvaPropertyTypeKey=""Senior Housing|All"")*SUM(M752:V752))",Backend UI Toggle
Sale Comp Profiles,H753,"=1/((pvaPropertyTypeKey=""Senior Housing|All"")*SUM(M753:V753))",Backend UI Toggle
Sale Comp Profiles,H758,"=1/((I758=""Show"")+(I758<>""Hide"")*(N1PropertyMajorType=""Multi-Family"")*(LEN(L758)*(L758<>""N/A"")*(L758<>""NAV"")))",Backend UI Toggle
Sale Comp Profiles,H759,"=1/((I759=""Show"")+(I759<>""Hide"")*(N1PropertyMajorType=""Multi-Family"")*(LEN(L759)*(L759<>""N/A"")*(L759<>""NAV"")))",Backend UI Toggle
Sale Comp Profiles,H760,"=1/((I760=""Show"")+(I760<>""Hide"")*(N1PropertyMajorType=""Multi-Family"")*(LEN(L760)*(L760<>""N/A"")*(L760<>""NAV"")))",Backend UI Toggle
Sale Comp Profiles,H761,"=1/((I761=""Show"")+(I761<>""Hide"")*(N1PropertyMajorType=""Multi-Family"")*(LEN(L761)*(L761<>""N/A"")*(L761<>""NAV"")))",Backend UI Toggle
Sale Comp Profiles,H762,"=1/((I762=""Show"")+(I762<>""Hide"")*(N1PropertyMajorType=""Multi-Family"")*(LEN(L762)*(L762<>""N/A"")*(L762<>""NAV"")))",Backend UI Toggle
Sale Comp Profiles,H763,"=1/((I763=""Show"")+(I763<>""Hide"")*(N1PropertyMajorType=""Multi-Family"")*(LEN(L763)*(L763<>""N/A"")*(L763<>""NAV"")))",Backend UI Toggle
Sale Comp Profiles,H764,"=1/((I764=""Show"")+(I764<>""Hide"")*(N1PropertyMajorType=""Multi-Family"")*(LEN(L764)*(L764<>""N/A"")*(L764<>""NAV"")))",Backend UI Toggle
Sale Comp Profiles,H765,"=1/((I765=""Show"")+(I765<>""Hide"")*(N1PropertyMajorType=""Multi-Family"")*(LEN(L765)*(L765<>""N/A"")*(L765<>""NAV"")))",Backend UI Toggle
Sale Comp Profiles,H766,"=1/((I766=""Show"")+(I766<>""Hide"")*(N1PropertyMajorType=""Multi-Family"")*(LEN(L766)*(L766<>""N/A"")*(L766<>""NAV"")))",Backend UI Toggle
Sale Comp Profiles,H767,"=1/((I767=""Show"")+(I767<>""Hide"")*(N1PropertyMajorType=""Multi-Family"")*(LEN(L767)*(L767<>""N/A"")*(L767<>""NAV"")))",Backend UI Toggle
Sale Comp Profiles,H768,"=1/((I768=""Show"")+(I768<>""Hide"")*(N1PropertyMajorType=""Multi-Family"")*(LEN(L768)*(L768<>""N/A"")*(L768<>""NAV"")))",Backend UI Toggle
Sale Comp Profiles,H769,"=1/((I769=""Show"")+(I769<>""Hide"")*(N1PropertyMajorType=""Multi-Family"")*(LEN(L769)*(L769<>""N/A"")*(L769<>""NAV"")))",Backend UI Toggle
Sale Comp Profiles,H770,"=1/((I770=""Show"")+(I770<>""Hide"")*(N1PropertyMajorType=""Multi-Family"")*(LEN(L770)*(L770<>""N/A"")*(L770<>""NAV"")))",Backend UI Toggle
Sale Comp Profiles,H771,"=1/((I771=""Show"")+(I771<>""Hide"")*(N1PropertyMajorType=""Multi-Family"")*(LEN(L771)*(L771<>""N/A"")*(L771<>""NAV"")))",Backend UI Toggle
Sale Comp Profiles,H772,"=1/((I772=""Show"")+(I772<>""Hide"")*(N1PropertyMajorType=""Multi-Family"")*(LEN(L772)*(L772<>""N/A"")*(L772<>""NAV"")))",Backend UI Toggle
Sale Comp Profiles,H773,"=1/((I773=""Show"")+(I773<>""Hide"")*(N1PropertyMajorType=""Multi-Family"")*(LEN(L773)*(L773<>""N/A"")*(L773<>""NAV"")))",Backend UI Toggle
Sale Comp Profiles,H774,"=1/((I774=""Show"")+(I774<>""Hide"")*(N1PropertyMajorType=""Multi-Family"")*(LEN(L774)*(L774<>""N/A"")*(L774<>""NAV"")))",Backend UI Toggle
Sale Comp Profiles,H775,"=1/((I775=""Show"")+(I775<>""Hide"")*(N1PropertyMajorType=""Multi-Family"")*(LEN(L775)*(L775<>""N/A"")*(L775<>""NAV"")))",Backend UI Toggle
Sale Comp Profiles,H776,"=1/((I776=""Show"")+(I776<>""Hide"")*(N1PropertyMajorType=""Multi-Family"")*(LEN(L776)*(L776<>""N/A"")*(L776<>""NAV"")))",Backend UI Toggle
Sale Comp Profiles,H777,"=1/((I777=""Show"")+(I777<>""Hide"")*(N1PropertyMajorType=""Multi-Family"")*(LEN(L777)*(L777<>""N/A"")*(L777<>""NAV"")))",Backend UI Toggle
Sale Comp Profiles,H781,"=1/((I781=""Show"")+(I781<>""Hide"")*(LEN(L781)*(L781<>""N/A"")*(L781<>""NAV"")))",Backend UI Toggle
Rent Roll Config,R10,"=1/((MATCH(R15,InputRentRoll_MappedHeaders,0))*($Y$3=""Yes""))",Backend UI Toggle
Rent Roll Config,S10,"=1/((MATCH(S15,InputRentRoll_MappedHeaders,0))*($AB$3=""Yes""))",Backend UI Toggle
Rent Roll Config,T10,"=1/(($Y$3<>""Yes"")+(COUNTA($T$16:$T$115)>0))",Backend UI Toggle
Rent Roll Config,U10,"=1/(($AB$3<>""Yes"")+(COUNTA($U$16:$U$115)>0))",Backend UI Toggle
Rent Roll Config,X10,"=1/($Y$5<>""No"")",Backend UI Toggle
Rent Roll Config,AD10,"=1/((MATCH(AU15,InputRentRoll_MappedHeaders,0))*($AB$4=""Yes""))",Backend UI Toggle
Rent Roll Config,AF10,"=1/(pvaPropertyTypeKey=""Multi-Family|Affordable"")",Backend UI Toggle
Rent Roll Config,AG10,"=1/(pvaPropertyTypeKey=""Multi-Family|Affordable"")",Backend UI Toggle
Rent Roll Config,AH10,"=1/(pvaPropertyTypeKey=""Multi-Family|Affordable"")",Backend UI Toggle
Rent Roll Config,AI10,"=1/(pvaPropertyTypeKey=""Multi-Family|Affordable"")",Backend UI Toggle
Rent Roll Config,AJ10,"=1/((pvaPropertyTypeKey=""Multi-Family|Affordable"")*(ISERROR(MATCH(AJ15,InputRentRoll_MappedHeaders,0))))",Backend UI Toggle
Rent Roll Config,AK10,"=1/((pvaPropertyTypeKey=""Multi-Family|Affordable"")*(ISERROR(MATCH(AK15,InputRentRoll_MappedHeaders,0))))",Backend UI Toggle
Rent Roll Config,AY10,"=1/(pvaPropertyTypeKey=""Multi-Family|Affordable"")",Backend UI Toggle
Rent Roll Config,AZ10,"=1/(pvaPropertyTypeKey=""Multi-Family|Affordable"")",Backend UI Toggle
Rent Roll Config,M16,"=1/(N16<>"""")",Backend UI Toggle
Rent Roll Config,M17,"=1/(N17<>"""")",Backend UI Toggle
Rent Roll Config,M18,"=1/(N18<>"""")",Backend UI Toggle
Rent Roll Config,M19,"=1/(N19<>"""")",Backend UI Toggle
Rent Roll Config,M20,"=1/(N20<>"""")",Backend UI Toggle
Rent Roll Config,M21,"=1/(N21<>"""")",Backend UI Toggle
Rent Roll Config,M22,"=1/(N22<>"""")",Backend UI Toggle
Rent Roll Config,M23,"=1/(N23<>"""")",Backend UI Toggle
Rent Roll Config,M24,"=1/(N24<>"""")",Backend UI Toggle
Rent Roll Config,M25,"=1/(N25<>"""")",Backend UI Toggle
Rent Roll Config,M26,"=1/(N26<>"""")",Backend UI Toggle
Rent Roll Config,M27,"=1/(N27<>"""")",Backend UI Toggle
Rent Roll Config,M28,"=1/(N28<>"""")",Backend UI Toggle
Rent Roll Config,M29,"=1/(N29<>"""")",Backend UI Toggle
Rent Roll Config,M30,"=1/(N30<>"""")",Backend UI Toggle
Rent Roll Config,M31,"=1/(N31<>"""")",Backend UI Toggle
Rent Roll Config,M32,"=1/(N32<>"""")",Backend UI Toggle
Rent Roll Config,M33,"=1/(N33<>"""")",Backend UI Toggle
Rent Roll Config,M34,"=1/(N34<>"""")",Backend UI Toggle
Rent Roll Config,M35,"=1/(N35<>"""")",Backend UI Toggle
Rent Roll Config,M36,"=1/(N36<>"""")",Backend UI Toggle
Rent Roll Config,M37,"=1/(N37<>"""")",Backend UI Toggle
Rent Roll Config,M38,"=1/(N38<>"""")",Backend UI Toggle
Rent Roll Config,M39,"=1/(N39<>"""")",Backend UI Toggle
Rent Roll Config,M40,"=1/(N40<>"""")",Backend UI Toggle
Rent Roll Config,M41,"=1/(N41<>"""")",Backend UI Toggle
Rent Roll Config,M42,"=1/(N42<>"""")",Backend UI Toggle
Rent Roll Config,M43,"=1/(N43<>"""")",Backend UI Toggle
Rent Roll Config,M44,"=1/(N44<>"""")",Backend UI Toggle
Rent Roll Config,M45,"=1/(N45<>"""")",Backend UI Toggle
Rent Roll Config,M46,"=1/(N46<>"""")",Backend UI Toggle
Rent Roll Config,M47,"=1/(N47<>"""")",Backend UI Toggle
Rent Roll Config,M48,"=1/(N48<>"""")",Backend UI Toggle
Rent Roll Config,M49,"=1/(N49<>"""")",Backend UI Toggle
Rent Roll Config,M50,"=1/(N50<>"""")",Backend UI Toggle
Rent Roll Config,M51,"=1/(N51<>"""")",Backend UI Toggle
Rent Roll Config,M52,"=1/(N52<>"""")",Backend UI Toggle
Rent Roll Config,M53,"=1/(N53<>"""")",Backend UI Toggle
Rent Roll Config,M54,"=1/(N54<>"""")",Backend UI Toggle
Rent Roll Config,M55,"=1/(N55<>"""")",Backend UI Toggle
Rent Roll Config,M56,"=1/(N56<>"""")",Backend UI Toggle
Rent Roll Config,M57,"=1/(N57<>"""")",Backend UI Toggle
Rent Roll Config,M58,"=1/(N58<>"""")",Backend UI Toggle
Rent Roll Config,M59,"=1/(N59<>"""")",Backend UI Toggle
Rent Roll Config,M60,"=1/(N60<>"""")",Backend UI Toggle
Rent Roll Config,M61,"=1/(N61<>"""")",Backend UI Toggle
Rent Roll Config,M62,"=1/(N62<>"""")",Backend UI Toggle
Rent Roll Config,M63,"=1/(N63<>"""")",Backend UI Toggle
Rent Roll Config,M64,"=1/(N64<>"""")",Backend UI Toggle
Rent Roll Config,M65,"=1/(N65<>"""")",Backend UI Toggle
Rent Roll Config,M66,"=1/(N66<>"""")",Backend UI Toggle
Rent Roll Config,M67,"=1/(N67<>"""")",Backend UI Toggle
Rent Roll Config,M68,"=1/(N68<>"""")",Backend UI Toggle
Rent Roll Config,M69,"=1/(N69<>"""")",Backend UI Toggle
Rent Roll Config,M70,"=1/(N70<>"""")",Backend UI Toggle
Rent Roll Config,M71,"=1/(N71<>"""")",Backend UI Toggle
Rent Roll Config,M72,"=1/(N72<>"""")",Backend UI Toggle
Rent Roll Config,M73,"=1/(N73<>"""")",Backend UI Toggle
Rent Roll Config,M74,"=1/(N74<>"""")",Backend UI Toggle
Rent Roll Config,M75,"=1/(N75<>"""")",Backend UI Toggle
Rent Roll Config,M76,"=1/(N76<>"""")",Backend UI Toggle
Rent Roll Config,M77,"=1/(N77<>"""")",Backend UI Toggle
Rent Roll Config,M78,"=1/(N78<>"""")",Backend UI Toggle
Rent Roll Config,M79,"=1/(N79<>"""")",Backend UI Toggle
Rent Roll Config,M80,"=1/(N80<>"""")",Backend UI Toggle
Rent Roll Config,M81,"=1/(N81<>"""")",Backend UI Toggle
Rent Roll Config,M82,"=1/(N82<>"""")",Backend UI Toggle
Rent Roll Config,M83,"=1/(N83<>"""")",Backend UI Toggle
Rent Roll Config,M84,"=1/(N84<>"""")",Backend UI Toggle
Rent Roll Config,M85,"=1/(N85<>"""")",Backend UI Toggle
Rent Roll Config,M86,"=1/(N86<>"""")",Backend UI Toggle
Rent Roll Config,M87,"=1/(N87<>"""")",Backend UI Toggle
Rent Roll Config,M88,"=1/(N88<>"""")",Backend UI Toggle
Rent Roll Config,M89,"=1/(N89<>"""")",Backend UI Toggle
Rent Roll Config,M90,"=1/(N90<>"""")",Backend UI Toggle
Rent Roll Config,M91,"=1/(N91<>"""")",Backend UI Toggle
Rent Roll Config,M92,"=1/(N92<>"""")",Backend UI Toggle
Rent Roll Config,M93,"=1/(N93<>"""")",Backend UI Toggle
Rent Roll Config,M94,"=1/(N94<>"""")",Backend UI Toggle
Rent Roll Config,M95,"=1/(N95<>"""")",Backend UI Toggle
Rent Roll Config,M96,"=1/(N96<>"""")",Backend UI Toggle
Rent Roll Config,M97,"=1/(N97<>"""")",Backend UI Toggle
Rent Roll Config,M98,"=1/(N98<>"""")",Backend UI Toggle
Rent Roll Config,M99,"=1/(N99<>"""")",Backend UI Toggle
Rent Roll Config,M100,"=1/(N100<>"""")",Backend UI Toggle
Rent Roll Config,M101,"=1/(N101<>"""")",Backend UI Toggle
Rent Roll Config,M102,"=1/(N102<>"""")",Backend UI Toggle
Rent Roll Config,M103,"=1/(N103<>"""")",Backend UI Toggle
Rent Roll Config,M104,"=1/(N104<>"""")",Backend UI Toggle
Rent Roll Config,M105,"=1/(N105<>"""")",Backend UI Toggle
Rent Roll Config,M106,"=1/(N106<>"""")",Backend UI Toggle
Rent Roll Config,M107,"=1/(N107<>"""")",Backend UI Toggle
Rent Roll Config,M108,"=1/(N108<>"""")",Backend UI Toggle
Rent Roll Config,M109,"=1/(N109<>"""")",Backend UI Toggle
Rent Roll Config,M110,"=1/(N110<>"""")",Backend UI Toggle
Rent Roll Config,M111,"=1/(N111<>"""")",Backend UI Toggle
Rent Roll Config,M112,"=1/(N112<>"""")",Backend UI Toggle
Rent Roll Config,M113,"=1/(N113<>"""")",Backend UI Toggle
Rent Roll Config,M114,"=1/(N114<>"""")",Backend UI Toggle
Rent Roll Config,M115,"=1/(N115<>"""")",Backend UI Toggle
Rent Roll Config,M121,"=1/(N121<>"""")",Backend UI Toggle
Rent Roll Config,M122,"=1/(N122<>"""")",Backend UI Toggle
Rent Roll Config,M123,"=1/(N123<>"""")",Backend UI Toggle
Rent Roll Config,M124,"=1/(N124<>"""")",Backend UI Toggle
Rent Roll Config,M125,"=1/(N125<>"""")",Backend UI Toggle
Rent Roll Config,M126,"=1/(N126<>"""")",Backend UI Toggle
Rent Roll Config,M127,"=1/(N127<>"""")",Backend UI Toggle
Rent Roll Config,M128,"=1/(N128<>"""")",Backend UI Toggle
Rent Roll Config,M129,"=1/(N129<>"""")",Backend UI Toggle
Rent Roll Config,M130,"=1/(N130<>"""")",Backend UI Toggle
Lease Grid,FD1134,"=IF(LeaseGrid_ShowHideSections<>0,LeaseGrid_ShowHideSections,"""")&"" Property Type Characteristics""",Backend UI Toggle
Lease Grid,EZ1135,"=IFERROR(IF(OR(SalesGrid_ShowHideCompSections=""Office"",N1PropertyType=""Office/Warehouse""),""Show"",""Hide""),""Hide"")",Backend UI Toggle
Lease Grid,EZ1136,"=IFERROR(IF(OR(SalesGrid_ShowHideCompSections=""Office"",N1PropertyType=""Office/Warehouse""),""Show"",""Hide""),""Hide"")",Backend UI Toggle
Lease Grid,EZ1137,"=IFERROR(IF(OR(SalesGrid_ShowHideCompSections=""Office"",N1PropertyType=""Office/Warehouse""),""Show"",""Hide""),""Hide"")",Backend UI Toggle
Lease Grid,EZ1138,"=IFERROR(IF(OR(SalesGrid_ShowHideCompSections=""Office"",N1PropertyType=""Office/Warehouse""),""Show"",""Hide""),""Hide"")",Backend UI Toggle
Lease Grid,EZ1139,"=IFERROR(IF(OR(SalesGrid_ShowHideCompSections=""Office"",N1PropertyType=""Office/Warehouse""),""Show"",""Hide""),""Hide"")",Backend UI Toggle
Lease Grid,EZ1140,"=IFERROR(IF(OR(SalesGrid_ShowHideCompSections=""Office"",N1PropertyType=""Office/Warehouse""),""Show"",""Hide""),""Hide"")",Backend UI Toggle
Lease Grid,EZ1141,"=IFERROR(IF(OR(SalesGrid_ShowHideCompSections=""Retail-Commercial"",SalesGrid_ShowHideCompSections=""Shopping Center""),""Show"",""Hide""),""Hide"")",Backend UI Toggle
Lease Grid,EZ1142,"=IFERROR(IF(OR(SalesGrid_ShowHideCompSections=""Retail-Commercial"",SalesGrid_ShowHideCompSections=""Shopping Center""),""Show"",""Hide""),""Hide"")",Backend UI Toggle
Lease Grid,EZ1143,"=IFERROR(IF(OR(SalesGrid_ShowHideCompSections=""Retail-Commercial"",SalesGrid_ShowHideCompSections=""Shopping Center""),""Show"",""Hide""),""Hide"")",Backend UI Toggle
Lease Grid,EZ1144,"=IFERROR(IF(OR(SalesGrid_ShowHideCompSections=""Retail-Commercial"",SalesGrid_ShowHideCompSections=""Shopping Center""),""Show"",""Hide""),""Hide"")",Backend UI Toggle
Lease Grid,EZ1145,"=IFERROR(IF(OR(SalesGrid_ShowHideCompSections=""Retail-Commercial"",SalesGrid_ShowHideCompSections=""Shopping Center""),""Show"",""Hide""),""Hide"")",Backend UI Toggle
Lease Grid,EZ1146,"=IFERROR(IF(OR(SalesGrid_ShowHideCompSections=""Retail-Commercial"",SalesGrid_ShowHideCompSections=""Shopping Center""),""Show"",""Hide""),""Hide"")",Backend UI Toggle
Lease Grid,EZ1147,"=IF(OR(SalesGrid_ShowHideCompSections=""Industrial"",N1PropertyType=""Office/Warehouse""),""Show"",""Hide"")",Backend UI Toggle
Lease Grid,EZ1148,"=IF(OR(SalesGrid_ShowHideCompSections=""Industrial"",N1PropertyType=""Office/Warehouse""),""Show"",""Hide"")",Backend UI Toggle
Lease Grid,EZ1149,"=IF(OR(SalesGrid_ShowHideCompSections=""Industrial"",N1PropertyType=""Office/Warehouse""),""Show"",""Hide"")",Backend UI Toggle
Lease Grid,EZ1150,"=IF(OR(SalesGrid_ShowHideCompSections=""Industrial"",N1PropertyType=""Office/Warehouse""),""Show"",""Hide"")",Backend UI Toggle
Lease Grid,EZ1151,"=IF(OR(SalesGrid_ShowHideCompSections=""Industrial"",N1PropertyType=""Office/Warehouse""),""Show"",""Hide"")",Backend UI Toggle
Lease Grid,EZ1152,"=IF(OR(SalesGrid_ShowHideCompSections=""Industrial"",N1PropertyType=""Office/Warehouse""),""Show"",""Hide"")",Backend UI Toggle
Lease Grid,EZ1153,"=IF(SalesGrid_ShowHideCompSections=""Multi-Family"",""Show"",""Hide"")",Backend UI Toggle
Lease Grid,EZ1154,"=IF(SalesGrid_ShowHideCompSections=""Multi-Family"",""Show"",""Hide"")",Backend UI Toggle
Lease Grid,EZ1155,"=IF(SalesGrid_ShowHideCompSections=""Multi-Family"",""Show"",""Hide"")",Backend UI Toggle
Lease Grid,EZ1156,"=IF(SalesGrid_ShowHideCompSections=""Multi-Family"",""Show"",""Hide"")",Backend UI Toggle
Lease Grid,EZ1157,"=IF(SalesGrid_ShowHideCompSections=""Senior Housing"",""Show"",""Hide"")",Backend UI Toggle
Lease Grid,EZ1158,"=IF(SalesGrid_ShowHideCompSections=""Senior Housing"",""Show"",""Hide"")",Backend UI Toggle
Lease Grid,EZ1159,"=IF(SalesGrid_ShowHideCompSections=""Senior Housing"",""Show"",""Hide"")",Backend UI Toggle
Lease Grid,EZ1160,"=IF(SalesGrid_ShowHideCompSections=""Senior Housing"",""Show"",""Hide"")",Backend UI Toggle
Lease Grid,EZ1161,"=IF(SalesGrid_ShowHideCompSections=""Senior Housing"",""Show"",""Hide"")",Backend UI Toggle
Lease Grid,EZ1162,"=IF(SalesGrid_ShowHideCompSections=""Senior Housing"",""Show"",""Hide"")",Backend UI Toggle
Lease Grid,EZ1163,"=IF(SalesGrid_ShowHideCompSections=""Lodging & Hospitality"",""Show"",""Hide"")",Backend UI Toggle
Lease Grid,EZ1164,"=IF(SalesGrid_ShowHideCompSections=""Lodging & Hospitality"",""Show"",""Hide"")",Backend UI Toggle
Lease Grid,EZ1165,"=IF(SalesGrid_ShowHideCompSections=""Lodging & Hospitality"",""Show"",""Hide"")",Backend UI Toggle
Lease Grid,FD1261,"=IF(LeaseGrid_ShowHideSections<>0,LeaseGrid_ShowHideSections,"""")&"" Property Type Characteristics""",Backend UI Toggle
Lease Grid,EZ1262,"=IFERROR(IF(OR(SalesGrid_ShowHideCompSections=""Office"",N1PropertyType=""Office/Warehouse""),""Show"",""Hide""),""Hide"")",Backend UI Toggle
Lease Grid,EZ1263,"=IFERROR(IF(OR(SalesGrid_ShowHideCompSections=""Office"",N1PropertyType=""Office/Warehouse""),""Show"",""Hide""),""Hide"")",Backend UI Toggle
Lease Grid,EZ1264,"=IFERROR(IF(OR(SalesGrid_ShowHideCompSections=""Office"",N1PropertyType=""Office/Warehouse""),""Show"",""Hide""),""Hide"")",Backend UI Toggle
Lease Grid,EZ1265,"=IFERROR(IF(OR(SalesGrid_ShowHideCompSections=""Office"",N1PropertyType=""Office/Warehouse""),""Show"",""Hide""),""Hide"")",Backend UI Toggle
Lease Grid,EZ1266,"=IFERROR(IF(OR(SalesGrid_ShowHideCompSections=""Office"",N1PropertyType=""Office/Warehouse""),""Show"",""Hide""),""Hide"")",Backend UI Toggle
Lease Grid,EZ1267,"=IFERROR(IF(OR(SalesGrid_ShowHideCompSections=""Office"",N1PropertyType=""Office/Warehouse""),""Show"",""Hide""),""Hide"")",Backend UI Toggle
Lease Grid,EZ1268,"=IFERROR(IF(OR(SalesGrid_ShowHideCompSections=""Retail-Commercial"",SalesGrid_ShowHideCompSections=""Shopping Center""),""Show"",""Hide""),""Hide"")",Backend UI Toggle
Lease Grid,EZ1269,"=IFERROR(IF(OR(SalesGrid_ShowHideCompSections=""Retail-Commercial"",SalesGrid_ShowHideCompSections=""Shopping Center""),""Show"",""Hide""),""Hide"")",Backend UI Toggle
Lease Grid,EZ1270,"=IFERROR(IF(OR(SalesGrid_ShowHideCompSections=""Retail-Commercial"",SalesGrid_ShowHideCompSections=""Shopping Center""),""Show"",""Hide""),""Hide"")",Backend UI Toggle
Lease Grid,EZ1271,"=IFERROR(IF(OR(SalesGrid_ShowHideCompSections=""Retail-Commercial"",SalesGrid_ShowHideCompSections=""Shopping Center""),""Show"",""Hide""),""Hide"")",Backend UI Toggle
Lease Grid,EZ1272,"=IFERROR(IF(OR(SalesGrid_ShowHideCompSections=""Retail-Commercial"",SalesGrid_ShowHideCompSections=""Shopping Center""),""Show"",""Hide""),""Hide"")",Backend UI Toggle
Lease Grid,EZ1273,"=IFERROR(IF(OR(SalesGrid_ShowHideCompSections=""Retail-Commercial"",SalesGrid_ShowHideCompSections=""Shopping Center""),""Show"",""Hide""),""Hide"")",Backend UI Toggle
Lease Grid,EZ1274,"=IF(OR(SalesGrid_ShowHideCompSections=""Industrial"",N1PropertyType=""Office/Warehouse""),""Show"",""Hide"")",Backend UI Toggle
Lease Grid,EZ1275,"=IF(OR(SalesGrid_ShowHideCompSections=""Industrial"",N1PropertyType=""Office/Warehouse""),""Show"",""Hide"")",Backend UI Toggle
Lease Grid,EZ1276,"=IF(OR(SalesGrid_ShowHideCompSections=""Industrial"",N1PropertyType=""Office/Warehouse""),""Show"",""Hide"")",Backend UI Toggle
Lease Grid,EZ1277,"=IF(OR(SalesGrid_ShowHideCompSections=""Industrial"",N1PropertyType=""Office/Warehouse""),""Show"",""Hide"")",Backend UI Toggle
Lease Grid,EZ1278,"=IF(OR(SalesGrid_ShowHideCompSections=""Industrial"",N1PropertyType=""Office/Warehouse""),""Show"",""Hide"")",Backend UI Toggle
Lease Grid,EZ1279,"=IF(OR(SalesGrid_ShowHideCompSections=""Industrial"",N1PropertyType=""Office/Warehouse""),""Show"",""Hide"")",Backend UI Toggle
Lease Grid,EZ1280,"=IF(SalesGrid_ShowHideCompSections=""Multi-Family"",""Show"",""Hide"")",Backend UI Toggle
Lease Grid,EZ1281,"=IF(SalesGrid_ShowHideCompSections=""Multi-Family"",""Show"",""Hide"")",Backend UI Toggle
Lease Grid,EZ1282,"=IF(SalesGrid_ShowHideCompSections=""Multi-Family"",""Show"",""Hide"")",Backend UI Toggle
Lease Grid,EZ1283,"=IF(SalesGrid_ShowHideCompSections=""Multi-Family"",""Show"",""Hide"")",Backend UI Toggle
Lease Grid,EZ1284,"=IF(SalesGrid_ShowHideCompSections=""Senior Housing"",""Show"",""Hide"")",Backend UI Toggle
Lease Grid,EZ1285,"=IF(SalesGrid_ShowHideCompSections=""Senior Housing"",""Show"",""Hide"")",Backend UI Toggle
Lease Grid,EZ1286,"=IF(SalesGrid_ShowHideCompSections=""Senior Housing"",""Show"",""Hide"")",Backend UI Toggle
Lease Grid,EZ1287,"=IF(SalesGrid_ShowHideCompSections=""Senior Housing"",""Show"",""Hide"")",Backend UI Toggle
Lease Grid,EZ1288,"=IF(SalesGrid_ShowHideCompSections=""Senior Housing"",""Show"",""Hide"")",Backend UI Toggle
Lease Grid,EZ1289,"=IF(SalesGrid_ShowHideCompSections=""Senior Housing"",""Show"",""Hide"")",Backend UI Toggle
Lease Grid,EZ1290,"=IF(SalesGrid_ShowHideCompSections=""Lodging & Hospitality"",""Show"",""Hide"")",Backend UI Toggle
Lease Grid,EZ1291,"=IF(SalesGrid_ShowHideCompSections=""Lodging & Hospitality"",""Show"",""Hide"")",Backend UI Toggle
Lease Grid,EZ1292,"=IF(SalesGrid_ShowHideCompSections=""Lodging & Hospitality"",""Show"",""Hide"")",Backend UI Toggle
Lease Grid,FD1388,"=IF(LeaseGrid_ShowHideSections<>0,LeaseGrid_ShowHideSections,"""")&"" Property Type Characteristics""",Backend UI Toggle
Lease Grid,EZ1389,"=IFERROR(IF(OR(SalesGrid_ShowHideCompSections=""Office"",N1PropertyType=""Office/Warehouse""),""Show"",""Hide""),""Hide"")",Backend UI Toggle
Lease Grid,EZ1390,"=IFERROR(IF(OR(SalesGrid_ShowHideCompSections=""Office"",N1PropertyType=""Office/Warehouse""),""Show"",""Hide""),""Hide"")",Backend UI Toggle
Lease Grid,EZ1391,"=IFERROR(IF(OR(SalesGrid_ShowHideCompSections=""Office"",N1PropertyType=""Office/Warehouse""),""Show"",""Hide""),""Hide"")",Backend UI Toggle
Lease Grid,EZ1392,"=IFERROR(IF(OR(SalesGrid_ShowHideCompSections=""Office"",N1PropertyType=""Office/Warehouse""),""Show"",""Hide""),""Hide"")",Backend UI Toggle
Lease Grid,EZ1393,"=IFERROR(IF(OR(SalesGrid_ShowHideCompSections=""Office"",N1PropertyType=""Office/Warehouse""),""Show"",""Hide""),""Hide"")",Backend UI Toggle
Lease Grid,EZ1394,"=IFERROR(IF(OR(SalesGrid_ShowHideCompSections=""Office"",N1PropertyType=""Office/Warehouse""),""Show"",""Hide""),""Hide"")",Backend UI Toggle
Lease Grid,EZ1395,"=IFERROR(IF(OR(SalesGrid_ShowHideCompSections=""Retail-Commercial"",SalesGrid_ShowHideCompSections=""Shopping Center""),""Show"",""Hide""),""Hide"")",Backend UI Toggle
Lease Grid,EZ1396,"=IFERROR(IF(OR(SalesGrid_ShowHideCompSections=""Retail-Commercial"",SalesGrid_ShowHideCompSections=""Shopping Center""),""Show"",""Hide""),""Hide"")",Backend UI Toggle
Lease Grid,EZ1397,"=IFERROR(IF(OR(SalesGrid_ShowHideCompSections=""Retail-Commercial"",SalesGrid_ShowHideCompSections=""Shopping Center""),""Show"",""Hide""),""Hide"")",Backend UI Toggle
Lease Grid,EZ1398,"=IFERROR(IF(OR(SalesGrid_ShowHideCompSections=""Retail-Commercial"",SalesGrid_ShowHideCompSections=""Shopping Center""),""Show"",""Hide""),""Hide"")",Backend UI Toggle
Lease Grid,EZ1399,"=IFERROR(IF(OR(SalesGrid_ShowHideCompSections=""Retail-Commercial"",SalesGrid_ShowHideCompSections=""Shopping Center""),""Show"",""Hide""),""Hide"")",Backend UI Toggle
Lease Grid,EZ1400,"=IFERROR(IF(OR(SalesGrid_ShowHideCompSections=""Retail-Commercial"",SalesGrid_ShowHideCompSections=""Shopping Center""),""Show"",""Hide""),""Hide"")",Backend UI Toggle
Lease Grid,EZ1401,"=IF(OR(SalesGrid_ShowHideCompSections=""Industrial"",N1PropertyType=""Office/Warehouse""),""Show"",""Hide"")",Backend UI Toggle
Lease Grid,EZ1402,"=IF(OR(SalesGrid_ShowHideCompSections=""Industrial"",N1PropertyType=""Office/Warehouse""),""Show"",""Hide"")",Backend UI Toggle
Lease Grid,EZ1403,"=IF(OR(SalesGrid_ShowHideCompSections=""Industrial"",N1PropertyType=""Office/Warehouse""),""Show"",""Hide"")",Backend UI Toggle
Lease Grid,EZ1404,"=IF(OR(SalesGrid_ShowHideCompSections=""Industrial"",N1PropertyType=""Office/Warehouse""),""Show"",""Hide"")",Backend UI Toggle
Lease Grid,EZ1405,"=IF(OR(SalesGrid_ShowHideCompSections=""Industrial"",N1PropertyType=""Office/Warehouse""),""Show"",""Hide"")",Backend UI Toggle
Lease Grid,EZ1406,"=IF(OR(SalesGrid_ShowHideCompSections=""Industrial"",N1PropertyType=""Office/Warehouse""),""Show"",""Hide"")",Backend UI Toggle
Lease Grid,EZ1407,"=IF(SalesGrid_ShowHideCompSections=""Multi-Family"",""Show"",""Hide"")",Backend UI Toggle
Lease Grid,EZ1408,"=IF(SalesGrid_ShowHideCompSections=""Multi-Family"",""Show"",""Hide"")",Backend UI Toggle
Lease Grid,EZ1409,"=IF(SalesGrid_ShowHideCompSections=""Multi-Family"",""Show"",""Hide"")",Backend UI Toggle
Lease Grid,EZ1410,"=IF(SalesGrid_ShowHideCompSections=""Multi-Family"",""Show"",""Hide"")",Backend UI Toggle
Lease Grid,EZ1411,"=IF(SalesGrid_ShowHideCompSections=""Senior Housing"",""Show"",""Hide"")",Backend UI Toggle
Lease Grid,EZ1412,"=IF(SalesGrid_ShowHideCompSections=""Senior Housing"",""Show"",""Hide"")",Backend UI Toggle
Lease Grid,EZ1413,"=IF(SalesGrid_ShowHideCompSections=""Senior Housing"",""Show"",""Hide"")",Backend UI Toggle
Lease Grid,EZ1414,"=IF(SalesGrid_ShowHideCompSections=""Senior Housing"",""Show"",""Hide"")",Backend UI Toggle
Lease Grid,EZ1415,"=IF(SalesGrid_ShowHideCompSections=""Senior Housing"",""Show"",""Hide"")",Backend UI Toggle
Lease Grid,EZ1416,"=IF(SalesGrid_ShowHideCompSections=""Senior Housing"",""Show"",""Hide"")",Backend UI Toggle
Lease Grid,EZ1417,"=IF(SalesGrid_ShowHideCompSections=""Lodging & Hospitality"",""Show"",""Hide"")",Backend UI Toggle
Lease Grid,EZ1418,"=IF(SalesGrid_ShowHideCompSections=""Lodging & Hospitality"",""Show"",""Hide"")",Backend UI Toggle
Lease Grid,EZ1419,"=IF(SalesGrid_ShowHideCompSections=""Lodging & Hospitality"",""Show"",""Hide"")",Backend UI Toggle
Lease Grid,FD1515,"=IF(LeaseGrid_ShowHideSections<>0,LeaseGrid_ShowHideSections,"""")&"" Property Type Characteristics""",Backend UI Toggle
Lease Grid,EZ1516,"=IFERROR(IF(OR(SalesGrid_ShowHideCompSections=""Office"",N1PropertyType=""Office/Warehouse""),""Show"",""Hide""),""Hide"")",Backend UI Toggle
Lease Grid,EZ1517,"=IFERROR(IF(OR(SalesGrid_ShowHideCompSections=""Office"",N1PropertyType=""Office/Warehouse""),""Show"",""Hide""),""Hide"")",Backend UI Toggle
Lease Grid,EZ1518,"=IFERROR(IF(OR(SalesGrid_ShowHideCompSections=""Office"",N1PropertyType=""Office/Warehouse""),""Show"",""Hide""),""Hide"")",Backend UI Toggle
Lease Grid,EZ1519,"=IFERROR(IF(OR(SalesGrid_ShowHideCompSections=""Office"",N1PropertyType=""Office/Warehouse""),""Show"",""Hide""),""Hide"")",Backend UI Toggle
Lease Grid,EZ1520,"=IFERROR(IF(OR(SalesGrid_ShowHideCompSections=""Office"",N1PropertyType=""Office/Warehouse""),""Show"",""Hide""),""Hide"")",Backend UI Toggle
Lease Grid,EZ1521,"=IFERROR(IF(OR(SalesGrid_ShowHideCompSections=""Office"",N1PropertyType=""Office/Warehouse""),""Show"",""Hide""),""Hide"")",Backend UI Toggle
Lease Grid,EZ1522,"=IFERROR(IF(OR(SalesGrid_ShowHideCompSections=""Retail-Commercial"",SalesGrid_ShowHideCompSections=""Shopping Center""),""Show"",""Hide""),""Hide"")",Backend UI Toggle
Lease Grid,EZ1523,"=IFERROR(IF(OR(SalesGrid_ShowHideCompSections=""Retail-Commercial"",SalesGrid_ShowHideCompSections=""Shopping Center""),""Show"",""Hide""),""Hide"")",Backend UI Toggle
Lease Grid,EZ1524,"=IFERROR(IF(OR(SalesGrid_ShowHideCompSections=""Retail-Commercial"",SalesGrid_ShowHideCompSections=""Shopping Center""),""Show"",""Hide""),""Hide"")",Backend UI Toggle
Lease Grid,EZ1525,"=IFERROR(IF(OR(SalesGrid_ShowHideCompSections=""Retail-Commercial"",SalesGrid_ShowHideCompSections=""Shopping Center""),""Show"",""Hide""),""Hide"")",Backend UI Toggle
Lease Grid,EZ1526,"=IFERROR(IF(OR(SalesGrid_ShowHideCompSections=""Retail-Commercial"",SalesGrid_ShowHideCompSections=""Shopping Center""),""Show"",""Hide""),""Hide"")",Backend UI Toggle
Lease Grid,EZ1527,"=IFERROR(IF(OR(SalesGrid_ShowHideCompSections=""Retail-Commercial"",SalesGrid_ShowHideCompSections=""Shopping Center""),""Show"",""Hide""),""Hide"")",Backend UI Toggle
Lease Grid,EZ1528,"=IF(OR(SalesGrid_ShowHideCompSections=""Industrial"",N1PropertyType=""Office/Warehouse""),""Show"",""Hide"")",Backend UI Toggle
Lease Grid,EZ1529,"=IF(OR(SalesGrid_ShowHideCompSections=""Industrial"",N1PropertyType=""Office/Warehouse""),""Show"",""Hide"")",Backend UI Toggle
Lease Grid,EZ1530,"=IF(OR(SalesGrid_ShowHideCompSections=""Industrial"",N1PropertyType=""Office/Warehouse""),""Show"",""Hide"")",Backend UI Toggle
Lease Grid,EZ1531,"=IF(OR(SalesGrid_ShowHideCompSections=""Industrial"",N1PropertyType=""Office/Warehouse""),""Show"",""Hide"")",Backend UI Toggle
Lease Grid,EZ1532,"=IF(OR(SalesGrid_ShowHideCompSections=""Industrial"",N1PropertyType=""Office/Warehouse""),""Show"",""Hide"")",Backend UI Toggle
Lease Grid,EZ1533,"=IF(OR(SalesGrid_ShowHideCompSections=""Industrial"",N1PropertyType=""Office/Warehouse""),""Show"",""Hide"")",Backend UI Toggle
Lease Grid,EZ1534,"=IF(SalesGrid_ShowHideCompSections=""Multi-Family"",""Show"",""Hide"")",Backend UI Toggle
Lease Grid,EZ1535,"=IF(SalesGrid_ShowHideCompSections=""Multi-Family"",""Show"",""Hide"")",Backend UI Toggle
Lease Grid,EZ1536,"=IF(SalesGrid_ShowHideCompSections=""Multi-Family"",""Show"",""Hide"")",Backend UI Toggle
Lease Grid,EZ1537,"=IF(SalesGrid_ShowHideCompSections=""Multi-Family"",""Show"",""Hide"")",Backend UI Toggle
Lease Grid,EZ1538,"=IF(SalesGrid_ShowHideCompSections=""Senior Housing"",""Show"",""Hide"")",Backend UI Toggle
Lease Grid,EZ1539,"=IF(SalesGrid_ShowHideCompSections=""Senior Housing"",""Show"",""Hide"")",Backend UI Toggle
Lease Grid,EZ1540,"=IF(SalesGrid_ShowHideCompSections=""Senior Housing"",""Show"",""Hide"")",Backend UI Toggle
Lease Grid,EZ1541,"=IF(SalesGrid_ShowHideCompSections=""Senior Housing"",""Show"",""Hide"")",Backend UI Toggle
Lease Grid,EZ1542,"=IF(SalesGrid_ShowHideCompSections=""Senior Housing"",""Show"",""Hide"")",Backend UI Toggle
Lease Grid,EZ1543,"=IF(SalesGrid_ShowHideCompSections=""Senior Housing"",""Show"",""Hide"")",Backend UI Toggle
Lease Grid,EZ1544,"=IF(SalesGrid_ShowHideCompSections=""Lodging & Hospitality"",""Show"",""Hide"")",Backend UI Toggle
Lease Grid,EZ1545,"=IF(SalesGrid_ShowHideCompSections=""Lodging & Hospitality"",""Show"",""Hide"")",Backend UI Toggle
Lease Grid,EZ1546,"=IF(SalesGrid_ShowHideCompSections=""Lodging & Hospitality"",""Show"",""Hide"")",Backend UI Toggle
Lease Grid,FD1642,"=IF(LeaseGrid_ShowHideSections<>0,LeaseGrid_ShowHideSections,"""")&"" Property Type Characteristics""",Backend UI Toggle
Lease Grid,EZ1643,"=IFERROR(IF(OR(SalesGrid_ShowHideCompSections=""Office"",N1PropertyType=""Office/Warehouse""),""Show"",""Hide""),""Hide"")",Backend UI Toggle
Lease Grid,EZ1644,"=IFERROR(IF(OR(SalesGrid_ShowHideCompSections=""Office"",N1PropertyType=""Office/Warehouse""),""Show"",""Hide""),""Hide"")",Backend UI Toggle
Lease Grid,EZ1645,"=IFERROR(IF(OR(SalesGrid_ShowHideCompSections=""Office"",N1PropertyType=""Office/Warehouse""),""Show"",""Hide""),""Hide"")",Backend UI Toggle
Lease Grid,EZ1646,"=IFERROR(IF(OR(SalesGrid_ShowHideCompSections=""Office"",N1PropertyType=""Office/Warehouse""),""Show"",""Hide""),""Hide"")",Backend UI Toggle
Lease Grid,EZ1647,"=IFERROR(IF(OR(SalesGrid_ShowHideCompSections=""Office"",N1PropertyType=""Office/Warehouse""),""Show"",""Hide""),""Hide"")",Backend UI Toggle
Lease Grid,EZ1648,"=IFERROR(IF(OR(SalesGrid_ShowHideCompSections=""Office"",N1PropertyType=""Office/Warehouse""),""Show"",""Hide""),""Hide"")",Backend UI Toggle
Lease Grid,EZ1649,"=IFERROR(IF(OR(SalesGrid_ShowHideCompSections=""Retail-Commercial"",SalesGrid_ShowHideCompSections=""Shopping Center""),""Show"",""Hide""),""Hide"")",Backend UI Toggle
Lease Grid,EZ1650,"=IFERROR(IF(OR(SalesGrid_ShowHideCompSections=""Retail-Commercial"",SalesGrid_ShowHideCompSections=""Shopping Center""),""Show"",""Hide""),""Hide"")",Backend UI Toggle
Lease Grid,EZ1651,"=IFERROR(IF(OR(SalesGrid_ShowHideCompSections=""Retail-Commercial"",SalesGrid_ShowHideCompSections=""Shopping Center""),""Show"",""Hide""),""Hide"")",Backend UI Toggle
Lease Grid,EZ1652,"=IFERROR(IF(OR(SalesGrid_ShowHideCompSections=""Retail-Commercial"",SalesGrid_ShowHideCompSections=""Shopping Center""),""Show"",""Hide""),""Hide"")",Backend UI Toggle
Lease Grid,EZ1653,"=IFERROR(IF(OR(SalesGrid_ShowHideCompSections=""Retail-Commercial"",SalesGrid_ShowHideCompSections=""Shopping Center""),""Show"",""Hide""),""Hide"")",Backend UI Toggle
Lease Grid,EZ1654,"=IFERROR(IF(OR(SalesGrid_ShowHideCompSections=""Retail-Commercial"",SalesGrid_ShowHideCompSections=""Shopping Center""),""Show"",""Hide""),""Hide"")",Backend UI Toggle
Lease Grid,EZ1655,"=IF(OR(SalesGrid_ShowHideCompSections=""Industrial"",N1PropertyType=""Office/Warehouse""),""Show"",""Hide"")",Backend UI Toggle
Lease Grid,EZ1656,"=IF(OR(SalesGrid_ShowHideCompSections=""Industrial"",N1PropertyType=""Office/Warehouse""),""Show"",""Hide"")",Backend UI Toggle
Lease Grid,EZ1657,"=IF(OR(SalesGrid_ShowHideCompSections=""Industrial"",N1PropertyType=""Office/Warehouse""),""Show"",""Hide"")",Backend UI Toggle
Lease Grid,EZ1658,"=IF(OR(SalesGrid_ShowHideCompSections=""Industrial"",N1PropertyType=""Office/Warehouse""),""Show"",""Hide"")",Backend UI Toggle
Lease Grid,EZ1659,"=IF(OR(SalesGrid_ShowHideCompSections=""Industrial"",N1PropertyType=""Office/Warehouse""),""Show"",""Hide"")",Backend UI Toggle
Lease Grid,EZ1660,"=IF(OR(SalesGrid_ShowHideCompSections=""Industrial"",N1PropertyType=""Office/Warehouse""),""Show"",""Hide"")",Backend UI Toggle
Lease Grid,EZ1661,"=IF(SalesGrid_ShowHideCompSections=""Multi-Family"",""Show"",""Hide"")",Backend UI Toggle
Lease Grid,EZ1662,"=IF(SalesGrid_ShowHideCompSections=""Multi-Family"",""Show"",""Hide"")",Backend UI Toggle
Lease Grid,EZ1663,"=IF(SalesGrid_ShowHideCompSections=""Multi-Family"",""Show"",""Hide"")",Backend UI Toggle
Lease Grid,EZ1664,"=IF(SalesGrid_ShowHideCompSections=""Multi-Family"",""Show"",""Hide"")",Backend UI Toggle
Lease Grid,EZ1665,"=IF(SalesGrid_ShowHideCompSections=""Senior Housing"",""Show"",""Hide"")",Backend UI Toggle
Lease Grid,EZ1666,"=IF(SalesGrid_ShowHideCompSections=""Senior Housing"",""Show"",""Hide"")",Backend UI Toggle
Lease Grid,EZ1667,"=IF(SalesGrid_ShowHideCompSections=""Senior Housing"",""Show"",""Hide"")",Backend UI Toggle
Lease Grid,EZ1668,"=IF(SalesGrid_ShowHideCompSections=""Senior Housing"",""Show"",""Hide"")",Backend UI Toggle
Lease Grid,EZ1669,"=IF(SalesGrid_ShowHideCompSections=""Senior Housing"",""Show"",""Hide"")",Backend UI Toggle
Lease Grid,EZ1670,"=IF(SalesGrid_ShowHideCompSections=""Senior Housing"",""Show"",""Hide"")",Backend UI Toggle
Lease Grid,EZ1671,"=IF(SalesGrid_ShowHideCompSections=""Lodging & Hospitality"",""Show"",""Hide"")",Backend UI Toggle
Lease Grid,EZ1672,"=IF(SalesGrid_ShowHideCompSections=""Lodging & Hospitality"",""Show"",""Hide"")",Backend UI Toggle
Lease Grid,EZ1673,"=IF(SalesGrid_ShowHideCompSections=""Lodging & Hospitality"",""Show"",""Hide"")",Backend UI Toggle
Lease Grid,FD1769,"=IF(LeaseGrid_ShowHideSections<>0,LeaseGrid_ShowHideSections,"""")&"" Property Type Characteristics""",Backend UI Toggle
Lease Grid,EZ1770,"=IFERROR(IF(OR(SalesGrid_ShowHideCompSections=""Office"",N1PropertyType=""Office/Warehouse""),""Show"",""Hide""),""Hide"")",Backend UI Toggle
Lease Grid,EZ1771,"=IFERROR(IF(OR(SalesGrid_ShowHideCompSections=""Office"",N1PropertyType=""Office/Warehouse""),""Show"",""Hide""),""Hide"")",Backend UI Toggle
Lease Grid,EZ1772,"=IFERROR(IF(OR(SalesGrid_ShowHideCompSections=""Office"",N1PropertyType=""Office/Warehouse""),""Show"",""Hide""),""Hide"")",Backend UI Toggle
Lease Grid,EZ1773,"=IFERROR(IF(OR(SalesGrid_ShowHideCompSections=""Office"",N1PropertyType=""Office/Warehouse""),""Show"",""Hide""),""Hide"")",Backend UI Toggle
Lease Grid,EZ1774,"=IFERROR(IF(OR(SalesGrid_ShowHideCompSections=""Office"",N1PropertyType=""Office/Warehouse""),""Show"",""Hide""),""Hide"")",Backend UI Toggle
Lease Grid,EZ1775,"=IFERROR(IF(OR(SalesGrid_ShowHideCompSections=""Office"",N1PropertyType=""Office/Warehouse""),""Show"",""Hide""),""Hide"")",Backend UI Toggle
Lease Grid,EZ1776,"=IFERROR(IF(OR(SalesGrid_ShowHideCompSections=""Retail-Commercial"",SalesGrid_ShowHideCompSections=""Shopping Center""),""Show"",""Hide""),""Hide"")",Backend UI Toggle
Lease Grid,EZ1777,"=IFERROR(IF(OR(SalesGrid_ShowHideCompSections=""Retail-Commercial"",SalesGrid_ShowHideCompSections=""Shopping Center""),""Show"",""Hide""),""Hide"")",Backend UI Toggle
Lease Grid,EZ1778,"=IFERROR(IF(OR(SalesGrid_ShowHideCompSections=""Retail-Commercial"",SalesGrid_ShowHideCompSections=""Shopping Center""),""Show"",""Hide""),""Hide"")",Backend UI Toggle
Lease Grid,EZ1779,"=IFERROR(IF(OR(SalesGrid_ShowHideCompSections=""Retail-Commercial"",SalesGrid_ShowHideCompSections=""Shopping Center""),""Show"",""Hide""),""Hide"")",Backend UI Toggle
Lease Grid,EZ1780,"=IFERROR(IF(OR(SalesGrid_ShowHideCompSections=""Retail-Commercial"",SalesGrid_ShowHideCompSections=""Shopping Center""),""Show"",""Hide""),""Hide"")",Backend UI Toggle
Lease Grid,EZ1781,"=IFERROR(IF(OR(SalesGrid_ShowHideCompSections=""Retail-Commercial"",SalesGrid_ShowHideCompSections=""Shopping Center""),""Show"",""Hide""),""Hide"")",Backend UI Toggle
Lease Grid,EZ1782,"=IF(OR(SalesGrid_ShowHideCompSections=""Industrial"",N1PropertyType=""Office/Warehouse""),""Show"",""Hide"")",Backend UI Toggle
Lease Grid,EZ1783,"=IF(OR(SalesGrid_ShowHideCompSections=""Industrial"",N1PropertyType=""Office/Warehouse""),""Show"",""Hide"")",Backend UI Toggle
Lease Grid,EZ1784,"=IF(OR(SalesGrid_ShowHideCompSections=""Industrial"",N1PropertyType=""Office/Warehouse""),""Show"",""Hide"")",Backend UI Toggle
Lease Grid,EZ1785,"=IF(OR(SalesGrid_ShowHideCompSections=""Industrial"",N1PropertyType=""Office/Warehouse""),""Show"",""Hide"")",Backend UI Toggle
Lease Grid,EZ1786,"=IF(OR(SalesGrid_ShowHideCompSections=""Industrial"",N1PropertyType=""Office/Warehouse""),""Show"",""Hide"")",Backend UI Toggle
Lease Grid,EZ1787,"=IF(OR(SalesGrid_ShowHideCompSections=""Industrial"",N1PropertyType=""Office/Warehouse""),""Show"",""Hide"")",Backend UI Toggle
Lease Grid,EZ1788,"=IF(SalesGrid_ShowHideCompSections=""Multi-Family"",""Show"",""Hide"")",Backend UI Toggle
Lease Grid,EZ1789,"=IF(SalesGrid_ShowHideCompSections=""Multi-Family"",""Show"",""Hide"")",Backend UI Toggle
Lease Grid,EZ1790,"=IF(SalesGrid_ShowHideCompSections=""Multi-Family"",""Show"",""Hide"")",Backend UI Toggle
Lease Grid,EZ1791,"=IF(SalesGrid_ShowHideCompSections=""Multi-Family"",""Show"",""Hide"")",Backend UI Toggle
Lease Grid,EZ1792,"=IF(SalesGrid_ShowHideCompSections=""Senior Housing"",""Show"",""Hide"")",Backend UI Toggle
Lease Grid,EZ1793,"=IF(SalesGrid_ShowHideCompSections=""Senior Housing"",""Show"",""Hide"")",Backend UI Toggle
Lease Grid,EZ1794,"=IF(SalesGrid_ShowHideCompSections=""Senior Housing"",""Show"",""Hide"")",Backend UI Toggle
Lease Grid,EZ1795,"=IF(SalesGrid_ShowHideCompSections=""Senior Housing"",""Show"",""Hide"")",Backend UI Toggle
Lease Grid,EZ1796,"=IF(SalesGrid_ShowHideCompSections=""Senior Housing"",""Show"",""Hide"")",Backend UI Toggle
Lease Grid,EZ1797,"=IF(SalesGrid_ShowHideCompSections=""Senior Housing"",""Show"",""Hide"")",Backend UI Toggle
Lease Grid,EZ1798,"=IF(SalesGrid_ShowHideCompSections=""Lodging & Hospitality"",""Show"",""Hide"")",Backend UI Toggle
Lease Grid,EZ1799,"=IF(SalesGrid_ShowHideCompSections=""Lodging & Hospitality"",""Show"",""Hide"")",Backend UI Toggle
Lease Grid,EZ1800,"=IF(SalesGrid_ShowHideCompSections=""Lodging & Hospitality"",""Show"",""Hide"")",Backend UI Toggle
Lease Grid,FD1896,"=IF(LeaseGrid_ShowHideSections<>0,LeaseGrid_ShowHideSections,"""")&"" Property Type Characteristics""",Backend UI Toggle
Lease Grid,EZ1897,"=IFERROR(IF(OR(SalesGrid_ShowHideCompSections=""Office"",N1PropertyType=""Office/Warehouse""),""Show"",""Hide""),""Hide"")",Backend UI Toggle
Lease Grid,EZ1898,"=IFERROR(IF(OR(SalesGrid_ShowHideCompSections=""Office"",N1PropertyType=""Office/Warehouse""),""Show"",""Hide""),""Hide"")",Backend UI Toggle
Lease Grid,EZ1899,"=IFERROR(IF(OR(SalesGrid_ShowHideCompSections=""Office"",N1PropertyType=""Office/Warehouse""),""Show"",""Hide""),""Hide"")",Backend UI Toggle
Lease Grid,EZ1900,"=IFERROR(IF(OR(SalesGrid_ShowHideCompSections=""Office"",N1PropertyType=""Office/Warehouse""),""Show"",""Hide""),""Hide"")",Backend UI Toggle
Lease Grid,EZ1901,"=IFERROR(IF(OR(SalesGrid_ShowHideCompSections=""Office"",N1PropertyType=""Office/Warehouse""),""Show"",""Hide""),""Hide"")",Backend UI Toggle
Lease Grid,EZ1902,"=IFERROR(IF(OR(SalesGrid_ShowHideCompSections=""Office"",N1PropertyType=""Office/Warehouse""),""Show"",""Hide""),""Hide"")",Backend UI Toggle
Lease Grid,EZ1903,"=IFERROR(IF(OR(SalesGrid_ShowHideCompSections=""Retail-Commercial"",SalesGrid_ShowHideCompSections=""Shopping Center""),""Show"",""Hide""),""Hide"")",Backend UI Toggle
Lease Grid,EZ1904,"=IFERROR(IF(OR(SalesGrid_ShowHideCompSections=""Retail-Commercial"",SalesGrid_ShowHideCompSections=""Shopping Center""),""Show"",""Hide""),""Hide"")",Backend UI Toggle
Lease Grid,EZ1905,"=IFERROR(IF(OR(SalesGrid_ShowHideCompSections=""Retail-Commercial"",SalesGrid_ShowHideCompSections=""Shopping Center""),""Show"",""Hide""),""Hide"")",Backend UI Toggle
Lease Grid,EZ1906,"=IFERROR(IF(OR(SalesGrid_ShowHideCompSections=""Retail-Commercial"",SalesGrid_ShowHideCompSections=""Shopping Center""),""Show"",""Hide""),""Hide"")",Backend UI Toggle
Lease Grid,EZ1907,"=IFERROR(IF(OR(SalesGrid_ShowHideCompSections=""Retail-Commercial"",SalesGrid_ShowHideCompSections=""Shopping Center""),""Show"",""Hide""),""Hide"")",Backend UI Toggle
Lease Grid,EZ1908,"=IFERROR(IF(OR(SalesGrid_ShowHideCompSections=""Retail-Commercial"",SalesGrid_ShowHideCompSections=""Shopping Center""),""Show"",""Hide""),""Hide"")",Backend UI Toggle
Lease Grid,EZ1909,"=IF(OR(SalesGrid_ShowHideCompSections=""Industrial"",N1PropertyType=""Office/Warehouse""),""Show"",""Hide"")",Backend UI Toggle
Lease Grid,EZ1910,"=IF(OR(SalesGrid_ShowHideCompSections=""Industrial"",N1PropertyType=""Office/Warehouse""),""Show"",""Hide"")",Backend UI Toggle
Lease Grid,EZ1911,"=IF(OR(SalesGrid_ShowHideCompSections=""Industrial"",N1PropertyType=""Office/Warehouse""),""Show"",""Hide"")",Backend UI Toggle
Lease Grid,EZ1912,"=IF(OR(SalesGrid_ShowHideCompSections=""Industrial"",N1PropertyType=""Office/Warehouse""),""Show"",""Hide"")",Backend UI Toggle
Lease Grid,EZ1913,"=IF(OR(SalesGrid_ShowHideCompSections=""Industrial"",N1PropertyType=""Office/Warehouse""),""Show"",""Hide"")",Backend UI Toggle
Lease Grid,EZ1914,"=IF(OR(SalesGrid_ShowHideCompSections=""Industrial"",N1PropertyType=""Office/Warehouse""),""Show"",""Hide"")",Backend UI Toggle
Lease Grid,EZ1915,"=IF(SalesGrid_ShowHideCompSections=""Multi-Family"",""Show"",""Hide"")",Backend UI Toggle
Lease Grid,EZ1916,"=IF(SalesGrid_ShowHideCompSections=""Multi-Family"",""Show"",""Hide"")",Backend UI Toggle
Lease Grid,EZ1917,"=IF(SalesGrid_ShowHideCompSections=""Multi-Family"",""Show"",""Hide"")",Backend UI Toggle
Lease Grid,EZ1918,"=IF(SalesGrid_ShowHideCompSections=""Multi-Family"",""Show"",""Hide"")",Backend UI Toggle
Lease Grid,EZ1919,"=IF(SalesGrid_ShowHideCompSections=""Senior Housing"",""Show"",""Hide"")",Backend UI Toggle
Lease Grid,EZ1920,"=IF(SalesGrid_ShowHideCompSections=""Senior Housing"",""Show"",""Hide"")",Backend UI Toggle
Lease Grid,EZ1921,"=IF(SalesGrid_ShowHideCompSections=""Senior Housing"",""Show"",""Hide"")",Backend UI Toggle
Lease Grid,EZ1922,"=IF(SalesGrid_ShowHideCompSections=""Senior Housing"",""Show"",""Hide"")",Backend UI Toggle
Lease Grid,EZ1923,"=IF(SalesGrid_ShowHideCompSections=""Senior Housing"",""Show"",""Hide"")",Backend UI Toggle
Lease Grid,EZ1924,"=IF(SalesGrid_ShowHideCompSections=""Senior Housing"",""Show"",""Hide"")",Backend UI Toggle
Lease Grid,EZ1925,"=IF(SalesGrid_ShowHideCompSections=""Lodging & Hospitality"",""Show"",""Hide"")",Backend UI Toggle
Lease Grid,EZ1926,"=IF(SalesGrid_ShowHideCompSections=""Lodging & Hospitality"",""Show"",""Hide"")",Backend UI Toggle
Lease Grid,EZ1927,"=IF(SalesGrid_ShowHideCompSections=""Lodging & Hospitality"",""Show"",""Hide"")",Backend UI Toggle
Lease Grid,FD2023,"=IF(LeaseGrid_ShowHideSections<>0,LeaseGrid_ShowHideSections,"""")&"" Property Type Characteristics""",Backend UI Toggle
Lease Grid,EZ2024,"=IFERROR(IF(OR(SalesGrid_ShowHideCompSections=""Office"",N1PropertyType=""Office/Warehouse""),""Show"",""Hide""),""Hide"")",Backend UI Toggle
Lease Grid,EZ2025,"=IFERROR(IF(OR(SalesGrid_ShowHideCompSections=""Office"",N1PropertyType=""Office/Warehouse""),""Show"",""Hide""),""Hide"")",Backend UI Toggle
Lease Grid,EZ2026,"=IFERROR(IF(OR(SalesGrid_ShowHideCompSections=""Office"",N1PropertyType=""Office/Warehouse""),""Show"",""Hide""),""Hide"")",Backend UI Toggle
Lease Grid,EZ2027,"=IFERROR(IF(OR(SalesGrid_ShowHideCompSections=""Office"",N1PropertyType=""Office/Warehouse""),""Show"",""Hide""),""Hide"")",Backend UI Toggle
Lease Grid,EZ2028,"=IFERROR(IF(OR(SalesGrid_ShowHideCompSections=""Office"",N1PropertyType=""Office/Warehouse""),""Show"",""Hide""),""Hide"")",Backend UI Toggle
Lease Grid,EZ2029,"=IFERROR(IF(OR(SalesGrid_ShowHideCompSections=""Office"",N1PropertyType=""Office/Warehouse""),""Show"",""Hide""),""Hide"")",Backend UI Toggle
Lease Grid,EZ2030,"=IFERROR(IF(OR(SalesGrid_ShowHideCompSections=""Retail-Commercial"",SalesGrid_ShowHideCompSections=""Shopping Center""),""Show"",""Hide""),""Hide"")",Backend UI Toggle
Lease Grid,EZ2031,"=IFERROR(IF(OR(SalesGrid_ShowHideCompSections=""Retail-Commercial"",SalesGrid_ShowHideCompSections=""Shopping Center""),""Show"",""Hide""),""Hide"")",Backend UI Toggle
Lease Grid,EZ2032,"=IFERROR(IF(OR(SalesGrid_ShowHideCompSections=""Retail-Commercial"",SalesGrid_ShowHideCompSections=""Shopping Center""),""Show"",""Hide""),""Hide"")",Backend UI Toggle
Lease Grid,EZ2033,"=IFERROR(IF(OR(SalesGrid_ShowHideCompSections=""Retail-Commercial"",SalesGrid_ShowHideCompSections=""Shopping Center""),""Show"",""Hide""),""Hide"")",Backend UI Toggle
Lease Grid,EZ2034,"=IFERROR(IF(OR(SalesGrid_ShowHideCompSections=""Retail-Commercial"",SalesGrid_ShowHideCompSections=""Shopping Center""),""Show"",""Hide""),""Hide"")",Backend UI Toggle
Lease Grid,EZ2035,"=IFERROR(IF(OR(SalesGrid_ShowHideCompSections=""Retail-Commercial"",SalesGrid_ShowHideCompSections=""Shopping Center""),""Show"",""Hide""),""Hide"")",Backend UI Toggle
Lease Grid,EZ2036,"=IF(OR(SalesGrid_ShowHideCompSections=""Industrial"",N1PropertyType=""Office/Warehouse""),""Show"",""Hide"")",Backend UI Toggle
Lease Grid,EZ2037,"=IF(OR(SalesGrid_ShowHideCompSections=""Industrial"",N1PropertyType=""Office/Warehouse""),""Show"",""Hide"")",Backend UI Toggle
Lease Grid,EZ2038,"=IF(OR(SalesGrid_ShowHideCompSections=""Industrial"",N1PropertyType=""Office/Warehouse""),""Show"",""Hide"")",Backend UI Toggle
Lease Grid,EZ2039,"=IF(OR(SalesGrid_ShowHideCompSections=""Industrial"",N1PropertyType=""Office/Warehouse""),""Show"",""Hide"")",Backend UI Toggle
Lease Grid,EZ2040,"=IF(OR(SalesGrid_ShowHideCompSections=""Industrial"",N1PropertyType=""Office/Warehouse""),""Show"",""Hide"")",Backend UI Toggle
Lease Grid,EZ2041,"=IF(OR(SalesGrid_ShowHideCompSections=""Industrial"",N1PropertyType=""Office/Warehouse""),""Show"",""Hide"")",Backend UI Toggle
Lease Grid,EZ2042,"=IF(SalesGrid_ShowHideCompSections=""Multi-Family"",""Show"",""Hide"")",Backend UI Toggle
Lease Grid,EZ2043,"=IF(SalesGrid_ShowHideCompSections=""Multi-Family"",""Show"",""Hide"")",Backend UI Toggle
Lease Grid,EZ2044,"=IF(SalesGrid_ShowHideCompSections=""Multi-Family"",""Show"",""Hide"")",Backend UI Toggle
Lease Grid,EZ2045,"=IF(SalesGrid_ShowHideCompSections=""Multi-Family"",""Show"",""Hide"")",Backend UI Toggle
Lease Grid,EZ2046,"=IF(SalesGrid_ShowHideCompSections=""Senior Housing"",""Show"",""Hide"")",Backend UI Toggle
Lease Grid,EZ2047,"=IF(SalesGrid_ShowHideCompSections=""Senior Housing"",""Show"",""Hide"")",Backend UI Toggle
Lease Grid,EZ2048,"=IF(SalesGrid_ShowHideCompSections=""Senior Housing"",""Show"",""Hide"")",Backend UI Toggle
Lease Grid,EZ2049,"=IF(SalesGrid_ShowHideCompSections=""Senior Housing"",""Show"",""Hide"")",Backend UI Toggle
Lease Grid,EZ2050,"=IF(SalesGrid_ShowHideCompSections=""Senior Housing"",""Show"",""Hide"")",Backend UI Toggle
Lease Grid,EZ2051,"=IF(SalesGrid_ShowHideCompSections=""Senior Housing"",""Show"",""Hide"")",Backend UI Toggle
Lease Grid,EZ2052,"=IF(SalesGrid_ShowHideCompSections=""Lodging & Hospitality"",""Show"",""Hide"")",Backend UI Toggle
Lease Grid,EZ2053,"=IF(SalesGrid_ShowHideCompSections=""Lodging & Hospitality"",""Show"",""Hide"")",Backend UI Toggle
Lease Grid,EZ2054,"=IF(SalesGrid_ShowHideCompSections=""Lodging & Hospitality"",""Show"",""Hide"")",Backend UI Toggle
Lease Grid,FD2150,"=IF(LeaseGrid_ShowHideSections<>0,LeaseGrid_ShowHideSections,"""")&"" Property Type Characteristics""",Backend UI Toggle
Lease Grid,EZ2151,"=IFERROR(IF(OR(SalesGrid_ShowHideCompSections=""Office"",N1PropertyType=""Office/Warehouse""),""Show"",""Hide""),""Hide"")",Backend UI Toggle
Lease Grid,EZ2152,"=IFERROR(IF(OR(SalesGrid_ShowHideCompSections=""Office"",N1PropertyType=""Office/Warehouse""),""Show"",""Hide""),""Hide"")",Backend UI Toggle
Lease Grid,EZ2153,"=IFERROR(IF(OR(SalesGrid_ShowHideCompSections=""Office"",N1PropertyType=""Office/Warehouse""),""Show"",""Hide""),""Hide"")",Backend UI Toggle
Lease Grid,EZ2154,"=IFERROR(IF(OR(SalesGrid_ShowHideCompSections=""Office"",N1PropertyType=""Office/Warehouse""),""Show"",""Hide""),""Hide"")",Backend UI Toggle
Lease Grid,EZ2155,"=IFERROR(IF(OR(SalesGrid_ShowHideCompSections=""Office"",N1PropertyType=""Office/Warehouse""),""Show"",""Hide""),""Hide"")",Backend UI Toggle
Lease Grid,EZ2156,"=IFERROR(IF(OR(SalesGrid_ShowHideCompSections=""Office"",N1PropertyType=""Office/Warehouse""),""Show"",""Hide""),""Hide"")",Backend UI Toggle
Lease Grid,EZ2157,"=IFERROR(IF(OR(SalesGrid_ShowHideCompSections=""Retail-Commercial"",SalesGrid_ShowHideCompSections=""Shopping Center""),""Show"",""Hide""),""Hide"")",Backend UI Toggle
Lease Grid,EZ2158,"=IFERROR(IF(OR(SalesGrid_ShowHideCompSections=""Retail-Commercial"",SalesGrid_ShowHideCompSections=""Shopping Center""),""Show"",""Hide""),""Hide"")",Backend UI Toggle
Lease Grid,EZ2159,"=IFERROR(IF(OR(SalesGrid_ShowHideCompSections=""Retail-Commercial"",SalesGrid_ShowHideCompSections=""Shopping Center""),""Show"",""Hide""),""Hide"")",Backend UI Toggle
Lease Grid,EZ2160,"=IFERROR(IF(OR(SalesGrid_ShowHideCompSections=""Retail-Commercial"",SalesGrid_ShowHideCompSections=""Shopping Center""),""Show"",""Hide""),""Hide"")",Backend UI Toggle
Lease Grid,EZ2161,"=IFERROR(IF(OR(SalesGrid_ShowHideCompSections=""Retail-Commercial"",SalesGrid_ShowHideCompSections=""Shopping Center""),""Show"",""Hide""),""Hide"")",Backend UI Toggle
Lease Grid,EZ2162,"=IFERROR(IF(OR(SalesGrid_ShowHideCompSections=""Retail-Commercial"",SalesGrid_ShowHideCompSections=""Shopping Center""),""Show"",""Hide""),""Hide"")",Backend UI Toggle
Lease Grid,EZ2163,"=IF(OR(SalesGrid_ShowHideCompSections=""Industrial"",N1PropertyType=""Office/Warehouse""),""Show"",""Hide"")",Backend UI Toggle
Lease Grid,EZ2164,"=IF(OR(SalesGrid_ShowHideCompSections=""Industrial"",N1PropertyType=""Office/Warehouse""),""Show"",""Hide"")",Backend UI Toggle
Lease Grid,EZ2165,"=IF(OR(SalesGrid_ShowHideCompSections=""Industrial"",N1PropertyType=""Office/Warehouse""),""Show"",""Hide"")",Backend UI Toggle
Lease Grid,EZ2166,"=IF(OR(SalesGrid_ShowHideCompSections=""Industrial"",N1PropertyType=""Office/Warehouse""),""Show"",""Hide"")",Backend UI Toggle
Lease Grid,EZ2167,"=IF(OR(SalesGrid_ShowHideCompSections=""Industrial"",N1PropertyType=""Office/Warehouse""),""Show"",""Hide"")",Backend UI Toggle
Lease Grid,EZ2168,"=IF(OR(SalesGrid_ShowHideCompSections=""Industrial"",N1PropertyType=""Office/Warehouse""),""Show"",""Hide"")",Backend UI Toggle
Lease Grid,EZ2169,"=IF(SalesGrid_ShowHideCompSections=""Multi-Family"",""Show"",""Hide"")",Backend UI Toggle
Lease Grid,EZ2170,"=IF(SalesGrid_ShowHideCompSections=""Multi-Family"",""Show"",""Hide"")",Backend UI Toggle
Lease Grid,EZ2171,"=IF(SalesGrid_ShowHideCompSections=""Multi-Family"",""Show"",""Hide"")",Backend UI Toggle
Lease Grid,EZ2172,"=IF(SalesGrid_ShowHideCompSections=""Multi-Family"",""Show"",""Hide"")",Backend UI Toggle
Lease Grid,EZ2173,"=IF(SalesGrid_ShowHideCompSections=""Senior Housing"",""Show"",""Hide"")",Backend UI Toggle
Lease Grid,EZ2174,"=IF(SalesGrid_ShowHideCompSections=""Senior Housing"",""Show"",""Hide"")",Backend UI Toggle
Lease Grid,EZ2175,"=IF(SalesGrid_ShowHideCompSections=""Senior Housing"",""Show"",""Hide"")",Backend UI Toggle
Lease Grid,EZ2176,"=IF(SalesGrid_ShowHideCompSections=""Senior Housing"",""Show"",""Hide"")",Backend UI Toggle
Lease Grid,EZ2177,"=IF(SalesGrid_ShowHideCompSections=""Senior Housing"",""Show"",""Hide"")",Backend UI Toggle
Lease Grid,EZ2178,"=IF(SalesGrid_ShowHideCompSections=""Senior Housing"",""Show"",""Hide"")",Backend UI Toggle
Lease Grid,EZ2179,"=IF(SalesGrid_ShowHideCompSections=""Lodging & Hospitality"",""Show"",""Hide"")",Backend UI Toggle
Lease Grid,EZ2180,"=IF(SalesGrid_ShowHideCompSections=""Lodging & Hospitality"",""Show"",""Hide"")",Backend UI Toggle
Lease Grid,EZ2181,"=IF(SalesGrid_ShowHideCompSections=""Lodging & Hospitality"",""Show"",""Hide"")",Backend UI Toggle
Lease Grid,FD2277,"=IF(LeaseGrid_ShowHideSections<>0,LeaseGrid_ShowHideSections,"""")&"" Property Type Characteristics""",Backend UI Toggle
Lease Grid,EZ2278,"=IFERROR(IF(OR(SalesGrid_ShowHideCompSections=""Office"",N1PropertyType=""Office/Warehouse""),""Show"",""Hide""),""Hide"")",Backend UI Toggle
Lease Grid,EZ2279,"=IFERROR(IF(OR(SalesGrid_ShowHideCompSections=""Office"",N1PropertyType=""Office/Warehouse""),""Show"",""Hide""),""Hide"")",Backend UI Toggle
Lease Grid,EZ2280,"=IFERROR(IF(OR(SalesGrid_ShowHideCompSections=""Office"",N1PropertyType=""Office/Warehouse""),""Show"",""Hide""),""Hide"")",Backend UI Toggle
Lease Grid,EZ2281,"=IFERROR(IF(OR(SalesGrid_ShowHideCompSections=""Office"",N1PropertyType=""Office/Warehouse""),""Show"",""Hide""),""Hide"")",Backend UI Toggle
Lease Grid,EZ2282,"=IFERROR(IF(OR(SalesGrid_ShowHideCompSections=""Office"",N1PropertyType=""Office/Warehouse""),""Show"",""Hide""),""Hide"")",Backend UI Toggle
Lease Grid,EZ2283,"=IFERROR(IF(OR(SalesGrid_ShowHideCompSections=""Office"",N1PropertyType=""Office/Warehouse""),""Show"",""Hide""),""Hide"")",Backend UI Toggle
Lease Grid,EZ2284,"=IFERROR(IF(OR(SalesGrid_ShowHideCompSections=""Retail-Commercial"",SalesGrid_ShowHideCompSections=""Shopping Center""),""Show"",""Hide""),""Hide"")",Backend UI Toggle
Lease Grid,EZ2285,"=IFERROR(IF(OR(SalesGrid_ShowHideCompSections=""Retail-Commercial"",SalesGrid_ShowHideCompSections=""Shopping Center""),""Show"",""Hide""),""Hide"")",Backend UI Toggle
Lease Grid,EZ2286,"=IFERROR(IF(OR(SalesGrid_ShowHideCompSections=""Retail-Commercial"",SalesGrid_ShowHideCompSections=""Shopping Center""),""Show"",""Hide""),""Hide"")",Backend UI Toggle
Lease Grid,EZ2287,"=IFERROR(IF(OR(SalesGrid_ShowHideCompSections=""Retail-Commercial"",SalesGrid_ShowHideCompSections=""Shopping Center""),""Show"",""Hide""),""Hide"")",Backend UI Toggle
Lease Grid,EZ2288,"=IFERROR(IF(OR(SalesGrid_ShowHideCompSections=""Retail-Commercial"",SalesGrid_ShowHideCompSections=""Shopping Center""),""Show"",""Hide""),""Hide"")",Backend UI Toggle
Lease Grid,EZ2289,"=IFERROR(IF(OR(SalesGrid_ShowHideCompSections=""Retail-Commercial"",SalesGrid_ShowHideCompSections=""Shopping Center""),""Show"",""Hide""),""Hide"")",Backend UI Toggle
Lease Grid,EZ2290,"=IF(OR(SalesGrid_ShowHideCompSections=""Industrial"",N1PropertyType=""Office/Warehouse""),""Show"",""Hide"")",Backend UI Toggle
Lease Grid,EZ2291,"=IF(OR(SalesGrid_ShowHideCompSections=""Industrial"",N1PropertyType=""Office/Warehouse""),""Show"",""Hide"")",Backend UI Toggle
Lease Grid,EZ2292,"=IF(OR(SalesGrid_ShowHideCompSections=""Industrial"",N1PropertyType=""Office/Warehouse""),""Show"",""Hide"")",Backend UI Toggle
Lease Grid,EZ2293,"=IF(OR(SalesGrid_ShowHideCompSections=""Industrial"",N1PropertyType=""Office/Warehouse""),""Show"",""Hide"")",Backend UI Toggle
Lease Grid,EZ2294,"=IF(OR(SalesGrid_ShowHideCompSections=""Industrial"",N1PropertyType=""Office/Warehouse""),""Show"",""Hide"")",Backend UI Toggle
Lease Grid,EZ2295,"=IF(OR(SalesGrid_ShowHideCompSections=""Industrial"",N1PropertyType=""Office/Warehouse""),""Show"",""Hide"")",Backend UI Toggle
Lease Grid,EZ2296,"=IF(SalesGrid_ShowHideCompSections=""Multi-Family"",""Show"",""Hide"")",Backend UI Toggle
Lease Grid,EZ2297,"=IF(SalesGrid_ShowHideCompSections=""Multi-Family"",""Show"",""Hide"")",Backend UI Toggle
Lease Grid,EZ2298,"=IF(SalesGrid_ShowHideCompSections=""Multi-Family"",""Show"",""Hide"")",Backend UI Toggle
Lease Grid,EZ2299,"=IF(SalesGrid_ShowHideCompSections=""Multi-Family"",""Show"",""Hide"")",Backend UI Toggle
Lease Grid,EZ2300,"=IF(SalesGrid_ShowHideCompSections=""Senior Housing"",""Show"",""Hide"")",Backend UI Toggle
Lease Grid,EZ2301,"=IF(SalesGrid_ShowHideCompSections=""Senior Housing"",""Show"",""Hide"")",Backend UI Toggle
Lease Grid,EZ2302,"=IF(SalesGrid_ShowHideCompSections=""Senior Housing"",""Show"",""Hide"")",Backend UI Toggle
Lease Grid,EZ2303,"=IF(SalesGrid_ShowHideCompSections=""Senior Housing"",""Show"",""Hide"")",Backend UI Toggle
Lease Grid,EZ2304,"=IF(SalesGrid_ShowHideCompSections=""Senior Housing"",""Show"",""Hide"")",Backend UI Toggle
Lease Grid,EZ2305,"=IF(SalesGrid_ShowHideCompSections=""Senior Housing"",""Show"",""Hide"")",Backend UI Toggle
Lease Grid,EZ2306,"=IF(SalesGrid_ShowHideCompSections=""Lodging & Hospitality"",""Show"",""Hide"")",Backend UI Toggle
Lease Grid,EZ2307,"=IF(SalesGrid_ShowHideCompSections=""Lodging & Hospitality"",""Show"",""Hide"")",Backend UI Toggle
Lease Grid,EZ2308,"=IF(SalesGrid_ShowHideCompSections=""Lodging & Hospitality"",""Show"",""Hide"")",Backend UI Toggle
Market Rent,G4,"=1/((G5=""Show"")+(G5<>""Hide"")*$TK$363)",Backend UI Toggle
Market Rent,H4,"=1/((H5=""Show"")+(H5<>""Hide"")*$TK$363)",Backend UI Toggle
Market Rent,I4,"=1/((I5=""Show"")+(I5<>""Hide"")*$TK$363)",Backend UI Toggle
Market Rent,J4,"=1/((J5=""Show"")+(J5<>""Hide"")*$TK$363)",Backend UI Toggle
Market Rent,K4,"=1/((K5=""Show"")+(K5<>""Hide"")*$TK$363)",Backend UI Toggle
Market Rent,L4,"=1/((L5=""Show"")+(L5<>""Hide"")*$TK$363*NOT($TK$364))",Backend UI Toggle
Market Rent,M4,"=1/((M5=""Show"")+(M5<>""Hide"")*$TK$363*NOT($TK$364))",Backend UI Toggle
Market Rent,N4,"=1/((N5=""Show"")+(N5<>""Hide"")*$TK$363*NOT($TK$364))",Backend UI Toggle
Market Rent,O4,"=1/((O5=""Show"")+(O5<>""Hide"")*$TK$363*NOT($TK$364))",Backend UI Toggle
Market Rent,P4,"=1/((P5=""Show"")+(P5<>""Hide"")*$TK$363*NOT($TK$364))",Backend UI Toggle
Market Rent,B9,"=1/(C9<>""Hide"")",Backend UI Toggle
Market Rent,B10,"=1/(C10<>""Hide"")",Backend UI Toggle
Market Rent,B11,"=1/(C11<>""Hide"")",Backend UI Toggle
Market Rent,AJ25,"=1/((AJ26=""Show"")+(AJ26<>""Hide""))",Backend UI Toggle
Market Rent,AM25,"=1/((AM26=""Show"")+(AM26<>""Hide"")*$TK$367)",Backend UI Toggle
Market Rent,AN25,"=1/((AN26=""Show"")+(AN26<>""Hide"")*$TK$367)",Backend UI Toggle
Market Rent,AO25,"=1/((AO26=""Show"")+(AO26<>""Hide"")*$TK$367)",Backend UI Toggle
Market Rent,AP25,"=1/((AP26=""Show"")+(AP26<>""Hide"")*$TK$367)",Backend UI Toggle
Market Rent,AQ25,"=1/((AQ26=""Show"")+(AQ26<>""Hide"")*($TK$366))",Backend UI Toggle
Market Rent,AR25,"=1/((AR26=""Show"")+(AR26<>""Hide"")*($TK$363+$TK$365+$TK$366))",Backend UI Toggle
Market Rent,AS25,"=1/((AS26=""Show"")+(AS26<>""Hide"")*($TK$363)*NOT($TK$364))",Backend UI Toggle
Market Rent,AU25,"=1/((AU26=""Show"")+(AU26<>""Hide"")*$TK$365)",Backend UI Toggle
Market Rent,AW25,=1/(G4*($TK$364)),Backend UI Toggle
Market Rent,AX25,=1/(H4*($TK$364)),Backend UI Toggle
Market Rent,AY25,=1/(I4*($TK$364)),Backend UI Toggle
Market Rent,AZ25,=1/(J4*($TK$364)),Backend UI Toggle
Market Rent,BA25,=1/(K4*($TK$364)),Backend UI Toggle
Market Rent,BB25,=1/(L4*($TK$364)),Backend UI Toggle
Market Rent,BC25,=1/(M4*($TK$364)),Backend UI Toggle
Market Rent,BD25,=1/(N4*($TK$364)),Backend UI Toggle
Market Rent,BE25,=1/(O4*($TK$364)),Backend UI Toggle
Market Rent,BF25,=1/(P4*($TK$364)),Backend UI Toggle
Market Rent,BG25,"=1/((BG26=""Show"")+(BG26<>""Hide"")*($TK$364))",Backend UI Toggle
Market Rent,AD71,"=1/((AE71=""Show"")+(AE71<>""Hide"")*($TK$363)*(NOT($TK$364)))",Backend UI Toggle
Market Rent,AD72,"=1/(AE72<>""Hide"")",Backend UI Toggle
Market Rent,AD73,"=1/(AE73<>""Hide"")",Backend UI Toggle
Market Rent,CC91,"=1/((CC92=""Show"")+(CC92<>""Hide"")*(pvaPropertyTypeKey<>""Senior Housing|All"")*(pvaPropertyTypeKey<>""Healthcare|All""))",Backend UI Toggle
Market Rent,BW96,"=1/((BX96=""Show"")+(BX96<>""Hide"")*(CA96<>"""")*(CA96<>0))",Backend UI Toggle
Market Rent,BW97,"=1/((BX97=""Show"")+(BX97<>""Hide"")*(CA97<>"""")*(CA97<>0))",Backend UI Toggle
Market Rent,BW98,"=1/((BX98=""Show"")+(BX98<>""Hide"")*(CA98<>"""")*(CA98<>0))",Backend UI Toggle
Market Rent,BW99,"=1/((BX99=""Show"")+(BX99<>""Hide"")*(CA99<>"""")*(CA99<>0))",Backend UI Toggle
Market Rent,BW100,"=1/((BX100=""Show"")+(BX100<>""Hide"")*(CA100<>"""")*(CA100<>0))",Backend UI Toggle
Market Rent,BW101,"=1/((BX101=""Show"")+(BX101<>""Hide"")*(CA101<>"""")*(CA101<>0))",Backend UI Toggle
Market Rent,BW102,"=1/((BX102=""Show"")+(BX102<>""Hide"")*(CA102<>"""")*(CA102<>0))",Backend UI Toggle
Market Rent,BW103,"=1/((BX103=""Show"")+(BX103<>""Hide"")*(CA103<>"""")*(CA103<>0))",Backend UI Toggle
Market Rent,BW104,"=1/((BX104=""Show"")+(BX104<>""Hide"")*(CA104<>"""")*(CA104<>0))",Backend UI Toggle
Market Rent,BW105,"=1/((BX105=""Show"")+(BX105<>""Hide"")*(CA105<>"""")*(CA105<>0))",Backend UI Toggle
Market Rent,BW106,"=1/((BX106=""Show"")+(BX106<>""Hide"")*(CA106<>"""")*(CA106<>0))",Backend UI Toggle
Market Rent,BW107,"=1/((BX107=""Show"")+(BX107<>""Hide"")*(CA107<>"""")*(CA107<>0))",Backend UI Toggle
Market Rent,BW108,"=1/((BX108=""Show"")+(BX108<>""Hide"")*(CA108<>"""")*(CA108<>0))",Backend UI Toggle
Market Rent,BW109,"=1/((BX109=""Show"")+(BX109<>""Hide"")*(CA109<>"""")*(CA109<>0))",Backend UI Toggle
Market Rent,BW110,"=1/((BX110=""Show"")+(BX110<>""Hide"")*(CA110<>"""")*(CA110<>0))",Backend UI Toggle
Market Rent,BW111,"=1/((BX111=""Show"")+(BX111<>""Hide"")*(CA111<>"""")*(CA111<>0))",Backend UI Toggle
Market Rent,BW112,"=1/((BX112=""Show"")+(BX112<>""Hide"")*(CA112<>"""")*(CA112<>0))",Backend UI Toggle
Market Rent,BW113,"=1/((BX113=""Show"")+(BX113<>""Hide"")*(CA113<>"""")*(CA113<>0))",Backend UI Toggle
Market Rent,BW114,"=1/((BX114=""Show"")+(BX114<>""Hide"")*(CA114<>"""")*(CA114<>0))",Backend UI Toggle
Market Rent,BW115,"=1/((BX115=""Show"")+(BX115<>""Hide"")*(CA115<>"""")*(CA115<>0))",Backend UI Toggle
Market Rent,CK120,"=1/((CK121=""Show"")+(CK121<>""Hide""))",Backend UI Toggle
Market Rent,CM120,"=1/((CM121=""Show"")+(CM121<>""Hide"")*SUM(CM125:CM129))",Backend UI Toggle
Market Rent,CN120,"=1/((CN121=""Show"")+(CN121<>""Hide"")*SUM(CN125:CN129))",Backend UI Toggle
Market Rent,CO120,"=1/((CO121=""Show"")+(CO121<>""Hide"")*SUM(CO125:CO129))",Backend UI Toggle
Market Rent,CG125,=1/(LEN(CL125)*pvaSH_HasAA),Backend UI Toggle
Market Rent,CG126,=1/(LEN(CL126)*pvaSH_HasIL),Backend UI Toggle
Market Rent,CG127,=1/(LEN(CL127)*pvaSH_HasAL),Backend UI Toggle
Market Rent,CG128,=1/(LEN(CL128)*pvaSH_HasMC),Backend UI Toggle
Market Rent,CG129,=1/(LEN(CL129)*pvaSH_HasNC),Backend UI Toggle
Market Rent,CS138,=1/(LEN(CX138)>1),Backend UI Toggle
Market Rent,CS139,=1/(LEN(CX139)>1),Backend UI Toggle
Market Rent,CS140,=1/(LEN(CX140)>1),Backend UI Toggle
Market Rent,CS141,=1/(LEN(CX141)>1),Backend UI Toggle
Market Rent,CS142,=1/(LEN(CX142)>1),Backend UI Toggle
Market Rent,CS143,=1/(LEN(CX143)>1),Backend UI Toggle
Market Rent,EQ191,=1/($TK$365),Backend UI Toggle
Market Rent,EJ197,"=1/((EK197=""Show"")+(EK197<>""Hide"")*MATCH(EN197,$AW$49:$BB$49,0)*NOT($TK$365)*(pvaPropertyTypeKey<>""Healthcare|All""))",Backend UI Toggle
Market Rent,EJ198,"=1/((EK198=""Show"")+(EK198<>""Hide"")*MATCH(EN198,$AW$49:$BB$49,0)*NOT($TK$365)*(pvaPropertyTypeKey<>""Healthcare|All""))",Backend UI Toggle
Market Rent,EJ199,"=1/((EK199=""Show"")+(EK199<>""Hide"")*MATCH(EN199,$AW$49:$BB$49,0)*NOT($TK$365)*(pvaPropertyTypeKey<>""Healthcare|All""))",Backend UI Toggle
Market Rent,EJ200,"=1/((EK200=""Show"")+(EK200<>""Hide"")*MATCH(EN200,$AW$49:$BB$49,0)*NOT($TK$365)*(pvaPropertyTypeKey<>""Healthcare|All""))",Backend UI Toggle
Market Rent,EJ201,"=1/((EK201=""Show"")+(EK201<>""Hide"")*MATCH(EN201,$AW$49:$BB$49,0)*NOT($TK$365)*(pvaPropertyTypeKey<>""Healthcare|All""))",Backend UI Toggle
Market Rent,EJ202,"=1/((EK202=""Show"")+(EK202<>""Hide"")*MATCH(EN202,$AW$49:$BB$49,0)*NOT($TK$365)*(pvaPropertyTypeKey<>""Healthcare|All""))",Backend UI Toggle
Market Rent,EJ203,"=1/((EK203=""Show"")+(EK203<>""Hide"")*MATCH(EN203,$AW$49:$BB$49,0)*NOT($TK$365)*(pvaPropertyTypeKey<>""Healthcare|All""))",Backend UI Toggle
Market Rent,EJ204,"=1/((EK204=""Show"")+(EK204<>""Hide"")*MATCH(EN204,$AW$49:$BB$49,0)*NOT($TK$365)*(pvaPropertyTypeKey<>""Healthcare|All""))",Backend UI Toggle
Market Rent,EJ205,"=1/((EK205=""Show"")+(EK205<>""Hide"")*MATCH(EN205,$AW$49:$BB$49,0)*NOT($TK$365)*(pvaPropertyTypeKey<>""Healthcare|All""))",Backend UI Toggle
Market Rent,EJ206,"=1/((EK206=""Show"")+(EK206<>""Hide"")*MATCH(EN206,$AW$49:$BB$49,0)*NOT($TK$365)*(pvaPropertyTypeKey<>""Healthcare|All""))",Backend UI Toggle
Market Rent,EJ212,=1/($TK$365),Backend UI Toggle
Market Rent,EJ213,=1/($TK$365),Backend UI Toggle
Market Rent,EJ214,=1/($TK$365),Backend UI Toggle
Market Rent,EJ215,=1/($TK$365),Backend UI Toggle
Market Rent,EJ216,=1/($TK$365),Backend UI Toggle
Market Rent,EJ228,=1/($TK$365),Backend UI Toggle
Market Rent,EJ229,=1/($TK$365),Backend UI Toggle
Market Rent,EJ230,=1/($TK$365),Backend UI Toggle
Market Rent,EJ231,=1/($TK$365),Backend UI Toggle
Market Rent,EJ232,=1/($TK$365),Backend UI Toggle
Market Rent,EJ233,=1/($TK$365),Backend UI Toggle
Market Rent,FH253,"=1/((FM253<>"""")*(LEN(FM253)<>0))",Backend UI Toggle
Market Rent,FH254,"=1/((FM254<>"""")*(LEN(FM254)<>0))",Backend UI Toggle
Market Rent,FH255,"=1/((FM255<>"""")*(LEN(FM255)<>0))",Backend UI Toggle
Market Rent,FH256,"=1/((FM256<>"""")*(LEN(FM256)<>0))",Backend UI Toggle
Market Rent,FH257,"=1/((FM257<>"""")*(LEN(FM257)<>0))",Backend UI Toggle
Market Rent,FH258,"=1/((FM258<>"""")*(LEN(FM258)<>0))",Backend UI Toggle
Market Rent,PT281,"=1/((PY281<>"""")*(LEN(PY281)<>0))",Backend UI Toggle
Market Rent,PT282,"=1/((PY282<>"""")*(LEN(PY282)<>0))",Backend UI Toggle
Market Rent,PT283,"=1/((PY283<>"""")*(LEN(PY283)<>0))",Backend UI Toggle
Market Rent,PT284,"=1/((PY284<>"""")*(LEN(PY284)<>0))",Backend UI Toggle
Market Rent,PT285,"=1/((PY285<>"""")*(LEN(PY285)<>0))",Backend UI Toggle
Market Rent,PT286,"=1/((PY286<>"""")*(LEN(PY286)<>0))",Backend UI Toggle
Market Rent,RZ294,=1/($TK$364),Backend UI Toggle
Market Rent,SB294,=1/($TK$365*pvaSH_HasAA),Backend UI Toggle
Market Rent,SC294,=1/($TK$365*pvaSH_HasIL),Backend UI Toggle
Market Rent,SD294,=1/($TK$365*pvaSH_HasAL),Backend UI Toggle
Market Rent,SE294,=1/($TK$365*pvaSH_HasMC),Backend UI Toggle
Market Rent,SH294,"=1/((SH295=""Show"")+(SH295<>""Hide"")*NOT($TK$365))",Backend UI Toggle
Market Rent,SI294,"=1/((SI295=""Show"")+(SI295<>""Hide"")*NOT($TK$365)*NOT($TK$364))",Backend UI Toggle
Market Rent,SJ294,"=1/((SJ295=""Show"")+(SJ295<>""Hide"")*($TK$363+$TK$365))",Backend UI Toggle
Market Rent,SK294,"=1/((SK295=""Show"")+(SK295<>""Hide"")*($TK$363+$TK$365))",Backend UI Toggle
Market Rent,SL294,"=1/((SL295=""Show"")+(SL295<>""Hide"")*($TK$363+$TK$365))",Backend UI Toggle
Market Rent,SM294,"=1/((SM295=""Show"")+(SM295<>""Hide"")*($TK$363)*NOT($TK$364)*(pvaPropertyTypeKey<>""Multi-Family|Affordable""))",Backend UI Toggle
Market Rent,SN294,"=1/((SN295=""Show"")+(SN295<>""Hide"")*($TK$364)*NOT($TK$365))",Backend UI Toggle
Market Rent,SO294,"=1/((SO295=""Show"")+(SO295<>""Hide"")*($TK$364)*NOT($TK$364))",Backend UI Toggle
Market Rent,SP294,"=1/((SP295=""Show"")+(SP295<>""Hide"")*($TK$363)*NOT($TK$364)*(pvaPropertyTypeKey<>""Multi-Family|Affordable"")*(SP298<>""""))",Backend UI Toggle
Market Rent,SQ294,"=1/((SQ295=""Show"")+(SQ295<>""Hide"")*(NOT($TK$364)))",Backend UI Toggle
Market Rent,SR294,"=1/((SR295=""Show"")+(SR295<>""Hide"")*($TK$364))",Backend UI Toggle
Market Rent,SU294,"=1/((SK321=""Comp Reliance"")*($TK$364))",Backend UI Toggle
Market Rent,RT300,=1/(RT299*($TK$364+$TK$365+$TK$363)),Backend UI Toggle
Market Rent,RT302,=1/(RT301*($TK$364+$TK$365+$TK$363)),Backend UI Toggle
Market Rent,RT304,=1/(RT303*($TK$364+$TK$365+$TK$363)),Backend UI Toggle
Market Rent,RT306,=1/(RT305*($TK$364+$TK$365+$TK$363)),Backend UI Toggle
Market Rent,RT308,=1/(RT307*($TK$364+$TK$365+$TK$363)),Backend UI Toggle
Market Rent,RT310,=1/(RT309*($TK$364+$TK$365+$TK$363)),Backend UI Toggle
Market Rent,RT312,"=1/((RQ312=""Show"")+(RQ312<>""Hide"")*($TK$364))",Backend UI Toggle
Market Rent,RT313,"=1/((RQ313=""Show"")+(RQ313<>""Hide"")*($TK$364))",Backend UI Toggle
Market Rent,RT314,"=1/((RQ314=""Show"")+(RQ314<>""Hide"")*($TK$364))",Backend UI Toggle
Market Rent,RT315,"=1/((RQ315=""Show"")+(RQ315<>""Hide"")*($TK$364))",Backend UI Toggle
Market Rent,RT320,=1/(($TK$364)),Backend UI Toggle
Market Rent,RT321,=1/(($TK$364)),Backend UI Toggle
Market Rent,RT322,=1/(($TK$364)),Backend UI Toggle
Market Rent,RT323,=1/(($TK$364)),Backend UI Toggle
Market Rent,RT324,=1/(($TK$364)),Backend UI Toggle
Market Rent,RT325,=1/(($TK$364)),Backend UI Toggle
Market Rent,RT326,=1/(($TK$364)),Backend UI Toggle
Market Rent,RT327,=1/(($TK$364)),Backend UI Toggle
Market Rent,RT328,=1/(($TK$364)),Backend UI Toggle
Market Rent,RT329,=1/(($TK$364)),Backend UI Toggle
Market Rent,RT330,=1/(($TK$364)),Backend UI Toggle
Market Rent,RT331,=1/(($TK$364)),Backend UI Toggle
Market Rent,RT332,=1/(($TK$364)),Backend UI Toggle
Market Rent,RT333,=1/(($TK$364)),Backend UI Toggle
Market Rent,RT334,=1/(($TK$364)),Backend UI Toggle
Market Rent,TP359,"=1/((TQ359=""Show"")+(TQ359<>""Hide""))",Backend UI Toggle
Market Rent,TP360,"=1/((TQ360=""Show"")+(TQ360<>""Hide""))",Backend UI Toggle
Market Rent,TP361,"=1/((TQ361=""Show"")+(TQ361<>""Hide""))",Backend UI Toggle
Market Rent,TP362,"=1/((TQ362=""Show"")+(TQ362<>""Hide"")*(pvaGridPropertyTypeKey<>""Senior Housing|All""))",Backend UI Toggle
Market Rent,TP363,"=1/((TQ363=""Show"")+(TQ363<>""Hide"")*(pvaGridPropertyTypeKey<>""Senior Housing|All""))",Backend UI Toggle
Market Rent,TP364,"=1/((TQ364=""Show"")+(TQ364<>""Hide"")*(pvaGridPropertyTypeKey<>""Senior Housing|All""))",Backend UI Toggle
Market Rent,TP365,"=1/((TQ365=""Show"")+(TQ365<>""Hide""))",Backend UI Toggle
Market Rent,TP366,"=1/((TQ366=""Show"")+(TQ366<>""Hide"")*(pvaGridPropertyTypeKey=""Retail-Commercial|All""))",Backend UI Toggle
Market Rent,TP367,"=1/((TQ367=""Show"")+(TQ367<>""Hide"")*(pvaGridPropertyTypeKey=""Retail-Commercial|All""))",Backend UI Toggle
Market Rent,TP368,"=1/((TQ368=""Show"")+(TQ368<>""Hide"")*SUM(TV368:UG368))",Backend UI Toggle
Market Rent,TP369,"=1/((TQ369=""Show"")+(TQ369<>""Hide"")*SUM(TV369:UG369))",Backend UI Toggle
Market Rent,TP370,"=1/((TQ370=""Show"")+(TQ370<>""Hide"")*SUM(TV370:UG370))",Backend UI Toggle
Market Rent,TP371,"=1/((TQ371=""Show"")+(TQ371<>""Hide"")*(pvaGridPropertyTypeKey=""Senior Housing|All"")*(COLUMNS(TU371:UG371)-COUNTIF(TU371:UG371,""<>–"")-COUNTIF(TU371:UG371,""?*"")))",Backend UI Toggle
Market Rent,TP372,"=1/((TQ372=""Show"")+(TQ372<>""Hide"")*(pvaGridPropertyTypeKey=""Senior Housing|All"")*(COLUMNS(TU372:UG372)-COUNTIF(TU372:UG372,""<>–"")-COUNTIF(TU372:UG372,""?*"")))",Backend UI Toggle
Market Rent,TP373,"=1/((TQ373=""Show"")+(TQ373<>""Hide"")*(pvaGridPropertyTypeKey=""Self-Storage|All""))",Backend UI Toggle
Market Rent,TP375,"=1/((TQ375=""Show"")+(TQ375<>""Hide"")*SUM(TV375:UG375))",Backend UI Toggle
Market Rent,TP376,"=1/((TQ376=""Show"")+(TQ376<>""Hide"")*SUM(TV376:UG376))",Backend UI Toggle
Market Rent,TP377,"=1/((TQ377=""Show"")+(TQ377<>""Hide"")*SUM(TV377:UG377))",Backend UI Toggle
Market Rent,TP378,"=1/((TQ378=""Show"")+(TQ378<>""Hide"")*SUM(TV378:UG378))",Backend UI Toggle
Market Rent,TP379,"=1/((TQ379=""Show"")+(TQ379<>""Hide"")*SUM(TV379:UG379))",Backend UI Toggle
Market Rent,TP381,"=1/((TQ381=""Show"")+(TQ381<>""Hide"")*COUNTIF(TU381:UG381,""?*""))",Backend UI Toggle
Market Rent,TP382,"=1/((TQ382=""Show"")+(TQ382<>""Hide"")*COUNTIF(TU382:UG382,""?*""))",Backend UI Toggle
Market Rent,TP383,"=1/((TQ383=""Show"")+(TQ383<>""Hide"")*COUNTIF(TU383:UG383,""?*""))",Backend UI Toggle
Market Rent,TP384,"=1/((TQ384=""Show"")+(TQ384<>""Hide"")*COUNTIF(TU384:UG384,""?*""))",Backend UI Toggle
Market Rent,TP385,"=1/((TQ385=""Show"")+(TQ385<>""Hide"")*COUNTIF(TU385:UG385,""?*""))",Backend UI Toggle
Market Rent,TP387,"=1/((TQ387=""Show"")+(TQ387<>""Hide"")*COUNTIF(TU387:UG387,""?*""))",Backend UI Toggle
Market Rent,TP388,"=1/((TQ388=""Show"")+(TQ388<>""Hide"")*COUNTIF(TU388:UG388,""?*""))",Backend UI Toggle
Market Rent,TP389,"=1/((TQ389=""Show"")+(TQ389<>""Hide"")*COUNTIF(TU389:UG389,""?*""))",Backend UI Toggle
Market Rent,TP390,"=1/((TQ390=""Show"")+(TQ390<>""Hide"")*COUNTIF(TU390:UG390,""?*""))",Backend UI Toggle
Market Rent,TP391,"=1/((TQ391=""Show"")+(TQ391<>""Hide"")*COUNTIF(TU391:UG391,""?*""))",Backend UI Toggle
Market Rent,TP392,"=1/(pvaGridPropertyTypeKey=""Self-Storage|All"")",Backend UI Toggle
Market Rent,TP393,"=1/((TQ393=""Show"")+(TQ393<>""Hide"")*(pvaGridPropertyTypeKey=""Self-Storage|All""))",Backend UI Toggle
Market Rent,TP394,"=1/((TQ394=""Show"")+(TQ394<>""Hide"")*(pvaGridPropertyTypeKey=""Self-Storage|All""))",Backend UI Toggle
Market Rent,TP395,"=1/((TQ395=""Show"")+(TQ395<>""Hide"")*(pvaGridPropertyTypeKey=""Self-Storage|All""))",Backend UI Toggle
Market Rent,TP396,"=1/((TQ396=""Show"")+(TQ396<>""Hide"")*(pvaGridPropertyTypeKey=""Self-Storage|All""))",Backend UI Toggle
Market Rent,TP397,"=1/((TQ397=""Show"")+(TQ397<>""Hide"")*(pvaGridPropertyTypeKey=""Self-Storage|All""))",Backend UI Toggle
Market Rent,TP398,"=1/((TQ398=""Show"")+(TQ398<>""Hide"")*(pvaGridPropertyTypeKey=""Self-Storage|All""))",Backend UI Toggle
Market Rent,TP399,"=1/((TQ399=""Show"")+(TQ399<>""Hide"")*(pvaGridPropertyTypeKey=""Self-Storage|All"")*COUNTIF(TU399:UG399,""?*""))",Backend UI Toggle
Market Rent,TP402,"=1/((TQ402=""Show"")+(TQ402<>""Hide"")*LEN(TT402)>1)",Backend UI Toggle
Market Rent,TP404,"=1/((TQ404=""Show"")+(TQ404<>""Hide"")*LEN(TT404)>1)",Backend UI Toggle
Market Rent,TP406,"=1/((TQ406=""Show"")+(TQ406<>""Hide"")*LEN(TT406)>1)",Backend UI Toggle
Market Rent,TP408,"=1/((TQ408=""Show"")+(TQ408<>""Hide"")*LEN(TT408)>1)",Backend UI Toggle
Market Rent,TP412,"=1/((TQ412=""Show"")+(TQ412<>""Hide"")*(TT412<>"""")*(TT412<>0)*TF413)",Backend UI Toggle
Market Rent,TP414,"=1/((TQ414=""Show"")+(TQ414<>""Hide"")*(TT414<>"""")*(TT414<>0)*TF415)",Backend UI Toggle
Market Rent,TP416,"=1/((TQ416=""Show"")+(TQ416<>""Hide"")*(TT416<>"""")*(TT416<>0)*TF417)",Backend UI Toggle
Market Rent,TP418,"=1/((TQ418=""Show"")+(TQ418<>""Hide"")*(TT418<>"""")*(TT418<>0)*TF419)",Backend UI Toggle
Market Rent,TP420,"=1/((TQ420=""Show"")+(TQ420<>""Hide"")*(TT420<>"""")*(TT420<>0)*TF421)",Backend UI Toggle
Market Rent,TP422,"=1/((TQ422=""Show"")+(TQ422<>""Hide"")*(TT422<>"""")*(TT422<>0)*TF423)",Backend UI Toggle
Market Rent,TP424,"=1/((TQ424=""Show"")+(TQ424<>""Hide"")*(TT424<>"""")*(TT424<>0)*TF425)",Backend UI Toggle
Market Rent,TP426,"=1/((TQ426=""Show"")+(TQ426<>""Hide"")*(TT426<>"""")*(TT426<>0)*TF427)",Backend UI Toggle
Market Rent,TP428,"=1/((TQ428=""Show"")+(TQ428<>""Hide"")*(TT428<>"""")*(TT428<>0)*TF429)",Backend UI Toggle
Market Rent,TP430,"=1/((TQ430=""Show"")+(TQ430<>""Hide"")*(TT430<>"""")*(TT430<>0)*TF431)",Backend UI Toggle
Market Rent,TP432,"=1/((TQ432=""Show"")+(TQ432<>""Hide"")*(TT432<>"""")*(TT432<>0)*TF433)",Backend UI Toggle
Market Rent,TP434,"=1/((TQ434=""Show"")+(TQ434<>""Hide"")*(TT434<>"""")*(TT434<>0)*TF435)",Backend UI Toggle
Market Rent,VR489,"=1/((VR490=""Show"")+(VR490<>""Hide"")*(VR483<>0))",Backend UI Toggle
Market Rent,VS489,"=1/((VS490=""Show"")+(VS490<>""Hide"")*(VS483<>0))",Backend UI Toggle
Market Rent,VT489,"=1/((VT490=""Show"")+(VT490<>""Hide"")*(VT483<>0))",Backend UI Toggle
Market Rent,VU489,"=1/((VU490=""Show"")+(VU490<>""Hide"")*(VU483<>0))",Backend UI Toggle
Market Rent,VV489,"=1/((VV490=""Show"")+(VV490<>""Hide"")*(VV483<>0))",Backend UI Toggle
Market Rent,VW489,"=1/((VW490=""Show"")+(VW490<>""Hide"")*(VW483<>0))",Backend UI Toggle
Market Rent,VM495,"=1/(((VN495=""Show""))+(VN495<>""Hide"")*(VQ495<>0)*(VQ495<>""""))",Backend UI Toggle
Market Rent,VM496,"=1/(((VN496=""Show""))+(VN496<>""Hide"")*(VQ496<>0)*(VQ496<>""""))",Backend UI Toggle
Market Rent,VM497,"=1/(((VN497=""Show""))+(VN497<>""Hide"")*(VQ497<>0)*(VQ497<>""""))",Backend UI Toggle
Market Rent,VM498,"=1/(((VN498=""Show""))+(VN498<>""Hide"")*(VQ498<>0)*(VQ498<>""""))",Backend UI Toggle
Market Rent,VM499,"=1/(((VN499=""Show""))+(VN499<>""Hide"")*(VQ499<>0)*(VQ499<>""""))",Backend UI Toggle
Market Rent,VM500,"=1/(((VN500=""Show""))+(VN500<>""Hide"")*(VQ500<>0)*(VQ500<>""""))",Backend UI Toggle
Market Rent,VM501,"=1/(((VN501=""Show""))+(VN501<>""Hide"")*(VQ501<>0)*(VQ501<>""""))",Backend UI Toggle
Market Rent,VM502,"=1/(((VN502=""Show""))+(VN502<>""Hide"")*(VQ502<>0)*(VQ502<>""""))",Backend UI Toggle
Market Rent,VM503,"=1/(((VN503=""Show""))+(VN503<>""Hide"")*(VQ503<>0)*(VQ503<>""""))",Backend UI Toggle
Market Rent,VM504,"=1/(((VN504=""Show""))+(VN504<>""Hide"")*(VQ504<>0)*(VQ504<>""""))",Backend UI Toggle
Market Rent,VM505,"=1/(((VN505=""Show""))+(VN505<>""Hide"")*(VQ505<>0)*(VQ505<>""""))",Backend UI Toggle
Market Rent,VM506,"=1/(((VN506=""Show""))+(VN506<>""Hide"")*(VQ506<>0)*(VQ506<>""""))",Backend UI Toggle
Market Rent,VM507,"=1/(((VN507=""Show""))+(VN507<>""Hide"")*(VQ507<>0)*(VQ507<>""""))",Backend UI Toggle
Market Rent,VM508,"=1/(((VN508=""Show""))+(VN508<>""Hide"")*(VQ508<>0)*(VQ508<>""""))",Backend UI Toggle
Market Rent,VM509,"=1/(((VN509=""Show""))+(VN509<>""Hide"")*(VQ509<>0)*(VQ509<>""""))",Backend UI Toggle
Market Rent,VM510,"=1/(((VN510=""Show""))+(VN510<>""Hide"")*(VQ510<>0)*(VQ510<>""""))",Backend UI Toggle
Market Rent,VM511,"=1/(((VN511=""Show""))+(VN511<>""Hide"")*(VQ511<>0)*(VQ511<>""""))",Backend UI Toggle
Market Rent,VM512,"=1/(((VN512=""Show""))+(VN512<>""Hide"")*(VQ512<>0)*(VQ512<>""""))",Backend UI Toggle
Market Rent,VM513,"=1/(((VN513=""Show""))+(VN513<>""Hide"")*(VQ513<>0)*(VQ513<>""""))",Backend UI Toggle
Market Rent,VM514,"=1/(((VN514=""Show""))+(VN514<>""Hide"")*(VQ514<>0)*(VQ514<>""""))",Backend UI Toggle
Market Rent,VM515,"=1/(((VN515=""Show""))+(VN515<>""Hide"")*(VQ515<>0)*(VQ515<>""""))",Backend UI Toggle
Market Rent,VM516,"=1/(((VN516=""Show""))+(VN516<>""Hide""))",Backend UI Toggle
Market Rent,VM517,"=1/(((VN517=""Show""))+(VN517<>""Hide""))",Backend UI Toggle
MF Market Rent,AP4,"=1/((AP5=""Show"")+(AP5<>""Hide""))",Backend UI Toggle
MF Market Rent,AS4,"=1/((AS5=""Show"")+((AS5<>""Hide"")*(N1ExistingOrProposed<>""Proposed"")))",Backend UI Toggle
MF Market Rent,AT4,"=1/((AT5=""Show"")+((AT5<>""Hide"")*(N1ExistingOrProposed<>""Proposed"")))",Backend UI Toggle
MF Market Rent,AU4,"=1/((AU5=""Show"")+((AU5<>""Hide"")*(N1ExistingOrProposed<>""Proposed"")))",Backend UI Toggle
MF Market Rent,AV4,"=1/((AV5=""Show"")+((AV5<>""Hide"")*(N1ExistingOrProposed<>""Proposed"")))",Backend UI Toggle
MF Market Rent,AW4,"=1/((AW5=""Show"")+((AW5<>""Hide"")*(N1ExistingOrProposed<>""Proposed"")))",Backend UI Toggle
MF Market Rent,AX4,"=1/((AX5=""Show"")+((AX5<>""Hide"")*(N1ExistingOrProposed<>""Proposed"")))",Backend UI Toggle
MF Market Rent,AY4,"=1/((AY5=""Show"")+((AY5<>""Hide"")*(N1ExistingOrProposed<>""Proposed"")))",Backend UI Toggle
MF Market Rent,BF4,"=1/((BF5=""Show"")+(BF5<>""Hide""))",Backend UI Toggle
MF Market Rent,BG4,"=1/((BG5=""Show"")+(BG5<>""Hide""))",Backend UI Toggle
MF Market Rent,BH4,"=1/((BH5=""Show"")+((BH5<>""Hide"")*(N1ExistingOrProposed<>""Proposed"")))",Backend UI Toggle
MF Market Rent,BI4,"=1/((BI5=""Show"")+((BI5<>""Hide"")*(N1ExistingOrProposed<>""Proposed"")))",Backend UI Toggle
MF Market Rent,BJ4,"=1/((BJ5=""Show"")+(BJ5<>""Hide""))",Backend UI Toggle
MF Market Rent,BK4,"=1/((BK5=""Show"")+(BK5<>""Hide""))",Backend UI Toggle
MF Market Rent,BL4,"=1/((BL5=""Show"")+(BL5<>""Hide""))",Backend UI Toggle
MF Market Rent,BP4,"=1/((BP5=""Show"")+(BP5<>""Hide""))",Backend UI Toggle
MF Market Rent,BQ4,"=1/((BQ5=""Show"")+(BQ5<>""Hide""))",Backend UI Toggle
MF Market Rent,BR4,"=1/((BR5=""Show"")+(BR5<>""Hide""))",Backend UI Toggle
MF Market Rent,BS4,"=1/((BS5=""Show"")+(BS5<>""Hide""))",Backend UI Toggle
MF Market Rent,BV4,"=1/((BV5=""Show"")+(BV5<>""Hide""))",Backend UI Toggle
MF Market Rent,CC4,"=1/((CC5=""Show"")+(CC5<>""Hide""))",Backend UI Toggle
MF Market Rent,CD4,"=1/((CD5=""Show"")+(CD5<>""Hide""))",Backend UI Toggle
MF Market Rent,CE4,"=1/((CE5=""Show"")+((CE5<>""Hide"")*(N1ExistingOrProposed<>""Proposed"")))",Backend UI Toggle
MF Market Rent,CF4,"=1/((CF5=""Show"")+((CF5<>""Hide"")*(N1ExistingOrProposed<>""Proposed"")))",Backend UI Toggle
MF Market Rent,CG4,"=1/((CG5=""Show"")+(CG5<>""Hide""))",Backend UI Toggle
MF Market Rent,CH4,"=1/((CH5=""Show"")+(CH5<>""Hide""))",Backend UI Toggle
MF Market Rent,CI4,"=1/((CI5=""Show"")+(CI5<>""Hide""))",Backend UI Toggle
MF Market Rent,CM4,"=1/((CM5=""Show"")+(CM5<>""Hide""))",Backend UI Toggle
MF Market Rent,CN4,"=1/((CN5=""Show"")+(CN5<>""Hide""))",Backend UI Toggle
MF Market Rent,CO4,"=1/((CO5=""Show"")+(CO5<>""Hide""))",Backend UI Toggle
MF Market Rent,CP4,"=1/((CP5=""Show"")+(CP5<>""Hide""))",Backend UI Toggle
MF Market Rent,CR4,"=1/((CR5=""Show"")+((CR5<>""Hide"")*(N1ExistingOrProposed<>""Proposed"")))",Backend UI Toggle
MF Market Rent,CS4,"=1/((CS5=""Show"")+((CS5<>""Hide"")*(N1ExistingOrProposed<>""Proposed"")))",Backend UI Toggle
MF Market Rent,T11,"=1/(X11<>"""")",Backend UI Toggle
MF Market Rent,T12,"=1/(X12<>"""")",Backend UI Toggle
MF Market Rent,T13,"=1/(X13<>"""")",Backend UI Toggle
MF Market Rent,T14,"=1/(X14<>"""")",Backend UI Toggle
MF Market Rent,T15,"=1/(X15<>"""")",Backend UI Toggle
MF Market Rent,T16,"=1/(X16<>"""")",Backend UI Toggle
MF Market Rent,T17,"=1/(X17<>"""")",Backend UI Toggle
MF Market Rent,T18,"=1/(X18<>"""")",Backend UI Toggle
MF Market Rent,T19,"=1/(X19<>"""")",Backend UI Toggle
MF Market Rent,T20,"=1/(X20<>"""")",Backend UI Toggle
MF Market Rent,T21,"=1/(X21<>"""")",Backend UI Toggle
MF Market Rent,T22,"=1/(X22<>"""")",Backend UI Toggle
MF Market Rent,T23,"=1/(X23<>"""")",Backend UI Toggle
MF Market Rent,T24,"=1/(X24<>"""")",Backend UI Toggle
MF Market Rent,T25,"=1/(X25<>"""")",Backend UI Toggle
MF Market Rent,T26,"=1/(X26<>"""")",Backend UI Toggle
MF Market Rent,T27,"=1/(X27<>"""")",Backend UI Toggle
MF Market Rent,T28,"=1/(X28<>"""")",Backend UI Toggle
MF Market Rent,T29,"=1/(X29<>"""")",Backend UI Toggle
MF Market Rent,T30,"=1/(X30<>"""")",Backend UI Toggle
MF Market Rent,T31,"=1/(X31<>"""")",Backend UI Toggle
MF Market Rent,T32,"=1/(X32<>"""")",Backend UI Toggle
MF Market Rent,T33,"=1/(X33<>"""")",Backend UI Toggle
MF Market Rent,T34,"=1/(X34<>"""")",Backend UI Toggle
MF Market Rent,T35,"=1/(X35<>"""")",Backend UI Toggle
MF Market Rent,T36,"=1/(X36<>"""")",Backend UI Toggle
MF Market Rent,T37,"=1/(X37<>"""")",Backend UI Toggle
MF Market Rent,T38,"=1/(X38<>"""")",Backend UI Toggle
MF Market Rent,T39,"=1/(X39<>"""")",Backend UI Toggle
MF Market Rent,T40,"=1/(X40<>"""")",Backend UI Toggle
MF Market Rent,T41,"=1/(X41<>"""")",Backend UI Toggle
MF Market Rent,T42,"=1/(X42<>"""")",Backend UI Toggle
MF Market Rent,T43,"=1/(X43<>"""")",Backend UI Toggle
MF Market Rent,T44,"=1/(X44<>"""")",Backend UI Toggle
MF Market Rent,T45,"=1/(X45<>"""")",Backend UI Toggle
MF Market Rent,T46,"=1/(X46<>"""")",Backend UI Toggle
MF Market Rent,T47,"=1/(X47<>"""")",Backend UI Toggle
MF Market Rent,T48,"=1/(X48<>"""")",Backend UI Toggle
MF Market Rent,T49,"=1/(X49<>"""")",Backend UI Toggle
MF Market Rent,T50,"=1/(X50<>"""")",Backend UI Toggle
MF Market Rent,T51,"=1/(X51<>"""")",Backend UI Toggle
MF Market Rent,T52,"=1/(X52<>"""")",Backend UI Toggle
MF Market Rent,T53,"=1/(X53<>"""")",Backend UI Toggle
MF Market Rent,T54,"=1/(X54<>"""")",Backend UI Toggle
MF Market Rent,T55,"=1/(X55<>"""")",Backend UI Toggle
MF Market Rent,T56,"=1/(X56<>"""")",Backend UI Toggle
MF Market Rent,T57,"=1/(X57<>"""")",Backend UI Toggle
MF Market Rent,T58,"=1/(X58<>"""")",Backend UI Toggle
MF Market Rent,T59,"=1/(X59<>"""")",Backend UI Toggle
MF Market Rent,T60,"=1/(X60<>"""")",Backend UI Toggle
MF Market Rent,T61,"=1/(X61<>"""")",Backend UI Toggle
MF Market Rent,T62,"=1/(X62<>"""")",Backend UI Toggle
MF Market Rent,T63,"=1/(X63<>"""")",Backend UI Toggle
MF Market Rent,T64,"=1/(X64<>"""")",Backend UI Toggle
MF Market Rent,T65,"=1/(X65<>"""")",Backend UI Toggle
MF Market Rent,T66,"=1/(X66<>"""")",Backend UI Toggle
MF Market Rent,T67,"=1/(X67<>"""")",Backend UI Toggle
MF Market Rent,T68,"=1/(X68<>"""")",Backend UI Toggle
MF Market Rent,T69,"=1/(X69<>"""")",Backend UI Toggle
MF Market Rent,T70,"=1/(X70<>"""")",Backend UI Toggle
MF Market Rent,T71,"=1/(X71<>"""")",Backend UI Toggle
MF Market Rent,T72,"=1/(X72<>"""")",Backend UI Toggle
MF Market Rent,T73,"=1/(X73<>"""")",Backend UI Toggle
MF Market Rent,T74,"=1/(X74<>"""")",Backend UI Toggle
MF Market Rent,T75,"=1/(X75<>"""")",Backend UI Toggle
MF Market Rent,T76,"=1/(X76<>"""")",Backend UI Toggle
MF Market Rent,T77,"=1/(X77<>"""")",Backend UI Toggle
MF Market Rent,T78,"=1/(X78<>"""")",Backend UI Toggle
MF Market Rent,T79,"=1/(X79<>"""")",Backend UI Toggle
MF Market Rent,T80,"=1/(X80<>"""")",Backend UI Toggle
MF Market Rent,T81,"=1/(X81<>"""")",Backend UI Toggle
MF Market Rent,T82,"=1/(X82<>"""")",Backend UI Toggle
MF Market Rent,T83,"=1/(X83<>"""")",Backend UI Toggle
MF Market Rent,T84,"=1/(X84<>"""")",Backend UI Toggle
MF Market Rent,T85,"=1/(X85<>"""")",Backend UI Toggle
MF Market Rent,T86,"=1/(X86<>"""")",Backend UI Toggle
MF Market Rent,T87,"=1/(X87<>"""")",Backend UI Toggle
MF Market Rent,T88,"=1/(X88<>"""")",Backend UI Toggle
MF Market Rent,T89,"=1/(X89<>"""")",Backend UI Toggle
MF Market Rent,T90,"=1/(X90<>"""")",Backend UI Toggle
MF Market Rent,T91,"=1/(X91<>"""")",Backend UI Toggle
MF Market Rent,T92,"=1/(X92<>"""")",Backend UI Toggle
MF Market Rent,T93,"=1/(X93<>"""")",Backend UI Toggle
MF Market Rent,T94,"=1/(X94<>"""")",Backend UI Toggle
MF Market Rent,T95,"=1/(X95<>"""")",Backend UI Toggle
MF Market Rent,T96,"=1/(X96<>"""")",Backend UI Toggle
MF Market Rent,T97,"=1/(X97<>"""")",Backend UI Toggle
MF Market Rent,T98,"=1/(X98<>"""")",Backend UI Toggle
MF Market Rent,T99,"=1/(X99<>"""")",Backend UI Toggle
MF Market Rent,T100,"=1/(X100<>"""")",Backend UI Toggle
MF Market Rent,T101,"=1/(X101<>"""")",Backend UI Toggle
MF Market Rent,T102,"=1/(X102<>"""")",Backend UI Toggle
MF Market Rent,T103,"=1/(X103<>"""")",Backend UI Toggle
MF Market Rent,T104,"=1/(X104<>"""")",Backend UI Toggle
MF Market Rent,T105,"=1/(X105<>"""")",Backend UI Toggle
MF Market Rent,T106,"=1/(X106<>"""")",Backend UI Toggle
MF Market Rent,T107,"=1/(X107<>"""")",Backend UI Toggle
MF Market Rent,T108,"=1/(X108<>"""")",Backend UI Toggle
MF Market Rent,T109,"=1/(X109<>"""")",Backend UI Toggle
MF Market Rent,T110,"=1/(X110<>"""")",Backend UI Toggle
MF Market Rent,T111,"=1/(X111<>"""")",Backend UI Toggle
MF Market Rent,T112,"=1/(X112<>"""")",Backend UI Toggle
MF Market Rent,T113,"=1/(X113<>"""")",Backend UI Toggle
MF Market Rent,T114,"=1/(X114<>"""")",Backend UI Toggle
MF Market Rent,T115,"=1/(X115<>"""")",Backend UI Toggle
MF Market Rent,T116,"=1/(X116<>"""")",Backend UI Toggle
MF Market Rent,T117,"=1/(X117<>"""")",Backend UI Toggle
MF Market Rent,T118,"=1/(X118<>"""")",Backend UI Toggle
MF Market Rent,T119,"=1/(X119<>"""")",Backend UI Toggle
MF Market Rent,T120,"=1/(X120<>"""")",Backend UI Toggle
MF Market Rent,T121,"=1/(X121<>"""")",Backend UI Toggle
MF Market Rent,T122,"=1/(X122<>"""")",Backend UI Toggle
MF Market Rent,T123,"=1/(X123<>"""")",Backend UI Toggle
MF Market Rent,T124,"=1/(X124<>"""")",Backend UI Toggle
MF Market Rent,T125,"=1/(X125<>"""")",Backend UI Toggle
MF Market Rent,T126,"=1/(X126<>"""")",Backend UI Toggle
MF Market Rent,T127,"=1/(X127<>"""")",Backend UI Toggle
MF Market Rent,T128,"=1/(X128<>"""")",Backend UI Toggle
MF Market Rent,T129,"=1/(X129<>"""")",Backend UI Toggle
MF Market Rent,T130,"=1/(X130<>"""")",Backend UI Toggle
MF Market Rent,T131,"=1/(X131<>"""")",Backend UI Toggle
MF Market Rent,T132,"=1/(X132<>"""")",Backend UI Toggle
MF Market Rent,T133,"=1/(X133<>"""")",Backend UI Toggle
MF Market Rent,T134,"=1/(X134<>"""")",Backend UI Toggle
MF Market Rent,T135,"=1/(X135<>"""")",Backend UI Toggle
MF Market Rent,T136,"=1/(X136<>"""")",Backend UI Toggle
MF Market Rent,T137,"=1/(X137<>"""")",Backend UI Toggle
MF Market Rent,T138,"=1/(X138<>"""")",Backend UI Toggle
MF Market Rent,T139,"=1/(X139<>"""")",Backend UI Toggle
MF Market Rent,T140,"=1/(X140<>"""")",Backend UI Toggle
MF Market Rent,T141,"=1/(X141<>"""")",Backend UI Toggle
MF Market Rent,T142,"=1/(X142<>"""")",Backend UI Toggle
MF Market Rent,T143,"=1/(X143<>"""")",Backend UI Toggle
MF Market Rent,T144,"=1/(X144<>"""")",Backend UI Toggle
MF Market Rent,T145,"=1/(X145<>"""")",Backend UI Toggle
MF Market Rent,T146,"=1/(X146<>"""")",Backend UI Toggle
MF Market Rent,T147,"=1/(X147<>"""")",Backend UI Toggle
MF Market Rent,T148,"=1/(X148<>"""")",Backend UI Toggle
MF Market Rent,T149,"=1/(X149<>"""")",Backend UI Toggle
MF Market Rent,T150,"=1/(X150<>"""")",Backend UI Toggle
MF Market Rent,T151,"=1/(X151<>"""")",Backend UI Toggle
MF Market Rent,T152,"=1/(X152<>"""")",Backend UI Toggle
MF Market Rent,T153,"=1/(X153<>"""")",Backend UI Toggle
MF Market Rent,T154,"=1/(X154<>"""")",Backend UI Toggle
MF Market Rent,T155,"=1/(X155<>"""")",Backend UI Toggle
MF Market Rent,T156,"=1/(X156<>"""")",Backend UI Toggle
MF Market Rent,T157,"=1/(X157<>"""")",Backend UI Toggle
MF Market Rent,T158,"=1/(X158<>"""")",Backend UI Toggle
MF Market Rent,T159,"=1/(X159<>"""")",Backend UI Toggle
MF Market Rent,T160,"=1/(X160<>"""")",Backend UI Toggle
MF Market Rent,T161,"=1/(X161<>"""")",Backend UI Toggle
MF Market Rent,T162,"=1/(X162<>"""")",Backend UI Toggle
MF Market Rent,T163,"=1/(X163<>"""")",Backend UI Toggle
MF Market Rent,T164,"=1/(X164<>"""")",Backend UI Toggle
MF Market Rent,T165,"=1/(X165<>"""")",Backend UI Toggle
MF Market Rent,T166,"=1/(X166<>"""")",Backend UI Toggle
MF Market Rent,T167,"=1/(X167<>"""")",Backend UI Toggle
MF Market Rent,T168,"=1/(X168<>"""")",Backend UI Toggle
MF Market Rent,T169,"=1/(X169<>"""")",Backend UI Toggle
MF Market Rent,T170,"=1/(X170<>"""")",Backend UI Toggle
MF Market Rent,T171,"=1/(X171<>"""")",Backend UI Toggle
MF Market Rent,T172,"=1/(X172<>"""")",Backend UI Toggle
MF Market Rent,T173,"=1/(X173<>"""")",Backend UI Toggle
MF Market Rent,T174,"=1/(X174<>"""")",Backend UI Toggle
MF Market Rent,T175,"=1/(X175<>"""")",Backend UI Toggle
MF Market Rent,T176,"=1/(X176<>"""")",Backend UI Toggle
MF Market Rent,T177,"=1/(X177<>"""")",Backend UI Toggle
MF Market Rent,T178,"=1/(X178<>"""")",Backend UI Toggle
MF Market Rent,T179,"=1/(X179<>"""")",Backend UI Toggle
MF Market Rent,T180,"=1/(X180<>"""")",Backend UI Toggle
MF Market Rent,T181,"=1/(X181<>"""")",Backend UI Toggle
MF Market Rent,T182,"=1/(X182<>"""")",Backend UI Toggle
MF Market Rent,T183,"=1/(X183<>"""")",Backend UI Toggle
MF Market Rent,T184,"=1/(X184<>"""")",Backend UI Toggle
MF Market Rent,T185,"=1/(X185<>"""")",Backend UI Toggle
MF Market Rent,T186,"=1/(X186<>"""")",Backend UI Toggle
MF Market Rent,T187,"=1/(X187<>"""")",Backend UI Toggle
MF Market Rent,T188,"=1/(X188<>"""")",Backend UI Toggle
MF Market Rent,T189,"=1/(X189<>"""")",Backend UI Toggle
MF Market Rent,T190,"=1/(X190<>"""")",Backend UI Toggle
MF Market Rent,T191,"=1/(X191<>"""")",Backend UI Toggle
MF Market Rent,T192,"=1/(X192<>"""")",Backend UI Toggle
MF Market Rent,T193,"=1/(X193<>"""")",Backend UI Toggle
MF Market Rent,T194,"=1/(X194<>"""")",Backend UI Toggle
MF Market Rent,T195,"=1/(X195<>"""")",Backend UI Toggle
MF Market Rent,T196,"=1/(X196<>"""")",Backend UI Toggle
MF Market Rent,T197,"=1/(X197<>"""")",Backend UI Toggle
MF Market Rent,T198,"=1/(X198<>"""")",Backend UI Toggle
MF Market Rent,T199,"=1/(X199<>"""")",Backend UI Toggle
MF Market Rent,T200,"=1/(X200<>"""")",Backend UI Toggle
MF Market Rent,T201,"=1/(X201<>"""")",Backend UI Toggle
MF Market Rent,T202,"=1/(X202<>"""")",Backend UI Toggle
MF Market Rent,T203,"=1/(X203<>"""")",Backend UI Toggle
MF Market Rent,T204,"=1/(X204<>"""")",Backend UI Toggle
MF Market Rent,T205,"=1/(X205<>"""")",Backend UI Toggle
MF Market Rent,T206,"=1/(X206<>"""")",Backend UI Toggle
MF Market Rent,T207,"=1/(X207<>"""")",Backend UI Toggle
MF Market Rent,T208,"=1/(X208<>"""")",Backend UI Toggle
MF Market Rent,T209,"=1/(X209<>"""")",Backend UI Toggle
MF Market Rent,T210,"=1/(X210<>"""")",Backend UI Toggle
MF Market Rent,T211,"=1/(X211<>"""")",Backend UI Toggle
MF Market Rent,T212,"=1/(X212<>"""")",Backend UI Toggle
MF Market Rent,T213,"=1/(X213<>"""")",Backend UI Toggle
MF Market Rent,T214,"=1/(X214<>"""")",Backend UI Toggle
MF Market Rent,T215,"=1/(X215<>"""")",Backend UI Toggle
MF Market Rent,T216,"=1/(X216<>"""")",Backend UI Toggle
MF Market Rent,T217,"=1/(X217<>"""")",Backend UI Toggle
MF Market Rent,T218,"=1/(X218<>"""")",Backend UI Toggle
MF Market Rent,T219,"=1/(X219<>"""")",Backend UI Toggle
MF Market Rent,T220,"=1/(X220<>"""")",Backend UI Toggle
MF Market Rent,T221,"=1/(X221<>"""")",Backend UI Toggle
MF Market Rent,T222,"=1/(X222<>"""")",Backend UI Toggle
MF Market Rent,T223,"=1/(X223<>"""")",Backend UI Toggle
MF Market Rent,T224,"=1/(X224<>"""")",Backend UI Toggle
MF Market Rent,T225,"=1/(X225<>"""")",Backend UI Toggle
MF Market Rent,T226,"=1/(X226<>"""")",Backend UI Toggle
MF Market Rent,T227,"=1/(X227<>"""")",Backend UI Toggle
MF Market Rent,T228,"=1/(X228<>"""")",Backend UI Toggle
MF Market Rent,T229,"=1/(X229<>"""")",Backend UI Toggle
MF Market Rent,T230,"=1/(X230<>"""")",Backend UI Toggle
MF Market Rent,T231,"=1/(X231<>"""")",Backend UI Toggle
MF Market Rent,T232,"=1/(X232<>"""")",Backend UI Toggle
MF Market Rent,T233,"=1/(X233<>"""")",Backend UI Toggle
MF Market Rent,T234,"=1/(X234<>"""")",Backend UI Toggle
MF Market Rent,T235,"=1/(X235<>"""")",Backend UI Toggle
MF Market Rent,T236,"=1/(X236<>"""")",Backend UI Toggle
MF Market Rent,T237,"=1/(X237<>"""")",Backend UI Toggle
MF Market Rent,T238,"=1/(X238<>"""")",Backend UI Toggle
MF Market Rent,T239,"=1/(X239<>"""")",Backend UI Toggle
MF Market Rent,T240,"=1/(X240<>"""")",Backend UI Toggle
MF Market Rent,T241,"=1/(X241<>"""")",Backend UI Toggle
MF Market Rent,T242,"=1/(X242<>"""")",Backend UI Toggle
MF Market Rent,T243,"=1/(X243<>"""")",Backend UI Toggle
MF Market Rent,T244,"=1/(X244<>"""")",Backend UI Toggle
MF Market Rent,T245,"=1/(X245<>"""")",Backend UI Toggle
MF Market Rent,T246,"=1/(X246<>"""")",Backend UI Toggle
MF Market Rent,T247,"=1/(X247<>"""")",Backend UI Toggle
MF Market Rent,T248,"=1/(X248<>"""")",Backend UI Toggle
MF Market Rent,T249,"=1/(X249<>"""")",Backend UI Toggle
MF Market Rent,T250,"=1/(X250<>"""")",Backend UI Toggle
MF Market Rent,T251,"=1/(X251<>"""")",Backend UI Toggle
MF Market Rent,T252,"=1/(X252<>"""")",Backend UI Toggle
MF Market Rent,T253,"=1/(X253<>"""")",Backend UI Toggle
MF Market Rent,T254,"=1/(X254<>"""")",Backend UI Toggle
MF Market Rent,T255,"=1/(X255<>"""")",Backend UI Toggle
MF Market Rent,T256,"=1/(X256<>"""")",Backend UI Toggle
MF Market Rent,T257,"=1/(X257<>"""")",Backend UI Toggle
MF Market Rent,T258,"=1/(X258<>"""")",Backend UI Toggle
MF Market Rent,T259,"=1/(X259<>"""")",Backend UI Toggle
MF Market Rent,T260,"=1/(X260<>"""")",Backend UI Toggle
MF Market Rent,T261,"=1/(X261<>"""")",Backend UI Toggle
MF Market Rent,T262,"=1/(X262<>"""")",Backend UI Toggle
MF Market Rent,T263,"=1/(X263<>"""")",Backend UI Toggle
MF Market Rent,T264,"=1/(X264<>"""")",Backend UI Toggle
MF Market Rent,T265,"=1/(X265<>"""")",Backend UI Toggle
MF Market Rent,T266,"=1/(X266<>"""")",Backend UI Toggle
MF Market Rent,T267,"=1/(X267<>"""")",Backend UI Toggle
MF Market Rent,T268,"=1/(X268<>"""")",Backend UI Toggle
MF Market Rent,T269,"=1/(X269<>"""")",Backend UI Toggle
MF Market Rent,T270,"=1/(X270<>"""")",Backend UI Toggle
MF Market Rent,T271,"=1/(X271<>"""")",Backend UI Toggle
MF Market Rent,T272,"=1/(X272<>"""")",Backend UI Toggle
MF Market Rent,T273,"=1/(X273<>"""")",Backend UI Toggle
MF Market Rent,T274,"=1/(X274<>"""")",Backend UI Toggle
MF Market Rent,T275,"=1/(X275<>"""")",Backend UI Toggle
MF Market Rent,T276,"=1/(X276<>"""")",Backend UI Toggle
MF Market Rent,T277,"=1/(X277<>"""")",Backend UI Toggle
MF Market Rent,T278,"=1/(X278<>"""")",Backend UI Toggle
MF Market Rent,T279,"=1/(X279<>"""")",Backend UI Toggle
MF Market Rent,T280,"=1/(X280<>"""")",Backend UI Toggle
MF Market Rent,T281,"=1/(X281<>"""")",Backend UI Toggle
MF Market Rent,T282,"=1/(X282<>"""")",Backend UI Toggle
MF Market Rent,T283,"=1/(X283<>"""")",Backend UI Toggle
MF Market Rent,T284,"=1/(X284<>"""")",Backend UI Toggle
MF Market Rent,T285,"=1/(X285<>"""")",Backend UI Toggle
MF Market Rent,T286,"=1/(X286<>"""")",Backend UI Toggle
MF Market Rent,T287,"=1/(X287<>"""")",Backend UI Toggle
MF Market Rent,T288,"=1/(X288<>"""")",Backend UI Toggle
MF Market Rent,T289,"=1/(X289<>"""")",Backend UI Toggle
MF Market Rent,T290,"=1/(X290<>"""")",Backend UI Toggle
MF Market Rent,T291,"=1/(X291<>"""")",Backend UI Toggle
MF Market Rent,T292,"=1/(X292<>"""")",Backend UI Toggle
MF Market Rent,T293,"=1/(X293<>"""")",Backend UI Toggle
MF Market Rent,T294,"=1/(X294<>"""")",Backend UI Toggle
MF Market Rent,T295,"=1/(X295<>"""")",Backend UI Toggle
MF Market Rent,T296,"=1/(X296<>"""")",Backend UI Toggle
MF Market Rent,T297,"=1/(X297<>"""")",Backend UI Toggle
MF Market Rent,T298,"=1/(X298<>"""")",Backend UI Toggle
MF Market Rent,T299,"=1/(X299<>"""")",Backend UI Toggle
MF Market Rent,T300,"=1/(X300<>"""")",Backend UI Toggle
MF Market Rent,T301,"=1/(X301<>"""")",Backend UI Toggle
MF Market Rent,T302,"=1/(X302<>"""")",Backend UI Toggle
MF Market Rent,T303,"=1/(X303<>"""")",Backend UI Toggle
MF Market Rent,T304,"=1/(X304<>"""")",Backend UI Toggle
MF Market Rent,T305,"=1/(X305<>"""")",Backend UI Toggle
MF Market Rent,T306,"=1/(X306<>"""")",Backend UI Toggle
MF Market Rent,T307,"=1/(X307<>"""")",Backend UI Toggle
MF Market Rent,T308,"=1/(X308<>"""")",Backend UI Toggle
MF Market Rent,T309,"=1/(X309<>"""")",Backend UI Toggle
MF Market Rent,T310,"=1/(X310<>"""")",Backend UI Toggle
MF Market Rent,T311,"=1/(X311<>"""")",Backend UI Toggle
MF Market Rent,T312,"=1/(X312<>"""")",Backend UI Toggle
MF Market Rent,T313,"=1/(X313<>"""")",Backend UI Toggle
MF Market Rent,T314,"=1/(X314<>"""")",Backend UI Toggle
MF Market Rent,T315,"=1/(X315<>"""")",Backend UI Toggle
MF Market Rent,T316,"=1/(X316<>"""")",Backend UI Toggle
MF Market Rent,T317,"=1/(X317<>"""")",Backend UI Toggle
MF Market Rent,T318,"=1/(X318<>"""")",Backend UI Toggle
MF Market Rent,T319,"=1/(X319<>"""")",Backend UI Toggle
MF Market Rent,T320,"=1/(X320<>"""")",Backend UI Toggle
MF Market Rent,DS332,"=1/((DS333=""Show"")+(DS333<>""Hide""))",Backend UI Toggle
MF Market Rent,DT332,"=1/((DT333=""Show"")+(DT333<>""Hide""))",Backend UI Toggle
MF Market Rent,DU332,"=1/((DU333=""Show"")+(DU333<>""Hide""))",Backend UI Toggle
MF Market Rent,DV332,"=1/((DV333=""Show"")+(DV333<>""Hide""))",Backend UI Toggle
MF Market Rent,DW332,"=1/((DW333=""Show"")+(DW333<>""Hide""))",Backend UI Toggle
MF Market Rent,DX332,"=1/((DX333=""Show"")+((DX333<>""Hide"")*(N1ExistingOrProposed<>""Proposed"")))",Backend UI Toggle
MF Market Rent,DY332,"=1/((DY333=""Show"")+((DY333<>""Hide"")*(N1ExistingOrProposed<>""Proposed"")))",Backend UI Toggle
MF Market Rent,DO338,"=1/((DP338=""Show"")+(DP338<>""Hide"")*(DS338<>""""))",Backend UI Toggle
MF Market Rent,DO339,"=1/((DP339=""Show"")+(DP339<>""Hide"")*(DS339<>""""))",Backend UI Toggle
MF Market Rent,DO340,"=1/((DP340=""Show"")+(DP340<>""Hide"")*(DS340<>""""))",Backend UI Toggle
MF Market Rent,DO341,"=1/((DP341=""Show"")+(DP341<>""Hide"")*(DS341<>""""))",Backend UI Toggle
MF Market Rent,DO342,"=1/((DP342=""Show"")+(DP342<>""Hide"")*(DS342<>""""))",Backend UI Toggle
MF Market Rent,DO343,"=1/((DP343=""Show"")+(DP343<>""Hide"")*(DS343<>""""))",Backend UI Toggle
MF Market Rent,DO344,"=1/((DP344=""Show"")+(DP344<>""Hide"")*(DS344<>""""))",Backend UI Toggle
MF Market Rent,DO345,"=1/((DP345=""Show"")+(DP345<>""Hide"")*(DS345<>""""))",Backend UI Toggle
MF Market Rent,DO346,"=1/((DP346=""Show"")+(DP346<>""Hide"")*(DS346<>""""))",Backend UI Toggle
MF Market Rent,DO347,"=1/((DP347=""Show"")+(DP347<>""Hide"")*(DS347<>""""))",Backend UI Toggle
MF Market Rent,DO349,"=1/((DP349=""Show"")+(DP349<>""Hide"")*(DS349<>""""))",Backend UI Toggle
MF Market Rent,DO350,"=1/((DP350=""Show"")+(DP350<>""Hide"")*(DS350<>""""))",Backend UI Toggle
MF Market Rent,DO351,"=1/((DP351=""Show"")+(DP351<>""Hide"")*(DS351<>""""))",Backend UI Toggle
MF Market Rent,DO352,"=1/((DP352=""Show"")+(DP352<>""Hide"")*(DS352<>""""))",Backend UI Toggle
MF Market Rent,DO353,"=1/((DP353=""Show"")+(DP353<>""Hide"")*(DS353<>""""))",Backend UI Toggle
MF Market Rent,DO354,"=1/((DP354=""Show"")+(DP354<>""Hide"")*(DS354<>""""))",Backend UI Toggle
MF Market Rent,DO355,"=1/((DP355=""Show"")+(DP355<>""Hide"")*(DS355<>""""))",Backend UI Toggle
MF Market Rent,DO356,"=1/((DP356=""Show"")+(DP356<>""Hide"")*(DS356<>""""))",Backend UI Toggle
MF Market Rent,DO357,"=1/((DP357=""Show"")+(DP357<>""Hide"")*(DS357<>""""))",Backend UI Toggle
MF Market Rent,DO358,"=1/((DP358=""Show"")+(DP358<>""Hide"")*(DS358<>""""))",Backend UI Toggle
MF Market Rent,DO360,"=1/((DP360=""Show"")+(DP360<>""Hide"")*(DS360<>""""))",Backend UI Toggle
MF Market Rent,DO361,"=1/((DP361=""Show"")+(DP361<>""Hide"")*(DS361<>""""))",Backend UI Toggle
MF Market Rent,DO362,"=1/((DP362=""Show"")+(DP362<>""Hide"")*(DS362<>""""))",Backend UI Toggle
MF Market Rent,DO363,"=1/((DP363=""Show"")+(DP363<>""Hide"")*(DS363<>""""))",Backend UI Toggle
MF Market Rent,DO364,"=1/((DP364=""Show"")+(DP364<>""Hide"")*(DS364<>""""))",Backend UI Toggle
MF Market Rent,DO365,"=1/((DP365=""Show"")+(DP365<>""Hide"")*(DS365<>""""))",Backend UI Toggle
MF Market Rent,DO366,"=1/((DP366=""Show"")+(DP366<>""Hide"")*(DS366<>""""))",Backend UI Toggle
MF Market Rent,DO367,"=1/((DP367=""Show"")+(DP367<>""Hide"")*(DS367<>""""))",Backend UI Toggle
MF Market Rent,DO368,"=1/((DP368=""Show"")+(DP368<>""Hide"")*(DS368<>""""))",Backend UI Toggle
MF Market Rent,DO369,"=1/((DP369=""Show"")+(DP369<>""Hide"")*(DS369<>""""))",Backend UI Toggle
MF Market Rent,DO371,"=1/((DP371=""Show"")+(DP371<>""Hide"")*(DS371<>""""))",Backend UI Toggle
MF Market Rent,DO372,"=1/((DP372=""Show"")+(DP372<>""Hide"")*(DS372<>""""))",Backend UI Toggle
MF Market Rent,DO373,"=1/((DP373=""Show"")+(DP373<>""Hide"")*(DS373<>""""))",Backend UI Toggle
MF Market Rent,DO374,"=1/((DP374=""Show"")+(DP374<>""Hide"")*(DS374<>""""))",Backend UI Toggle
MF Market Rent,DO375,"=1/((DP375=""Show"")+(DP375<>""Hide"")*(DS375<>""""))",Backend UI Toggle
MF Market Rent,DO376,"=1/((DP376=""Show"")+(DP376<>""Hide"")*(DS376<>""""))",Backend UI Toggle
MF Market Rent,DO377,"=1/((DP377=""Show"")+(DP377<>""Hide"")*(DS377<>""""))",Backend UI Toggle
MF Market Rent,DO378,"=1/((DP378=""Show"")+(DP378<>""Hide"")*(DS378<>""""))",Backend UI Toggle
MF Market Rent,DO379,"=1/((DP379=""Show"")+(DP379<>""Hide"")*(DS379<>""""))",Backend UI Toggle
MF Market Rent,DO380,"=1/((DP380=""Show"")+(DP380<>""Hide"")*(DS380<>""""))",Backend UI Toggle
MF Market Rent,DO382,"=1/((DP382=""Show"")+(DP382<>""Hide"")*(DS382<>""""))",Backend UI Toggle
MF Market Rent,DO383,"=1/((DP383=""Show"")+(DP383<>""Hide"")*(DS383<>""""))",Backend UI Toggle
MF Market Rent,DO384,"=1/((DP384=""Show"")+(DP384<>""Hide"")*(DS384<>""""))",Backend UI Toggle
MF Market Rent,DO385,"=1/((DP385=""Show"")+(DP385<>""Hide"")*(DS385<>""""))",Backend UI Toggle
MF Market Rent,DO386,"=1/((DP386=""Show"")+(DP386<>""Hide"")*(DS386<>""""))",Backend UI Toggle
MF Market Rent,DO387,"=1/((DP387=""Show"")+(DP387<>""Hide"")*(DS387<>""""))",Backend UI Toggle
MF Market Rent,DO388,"=1/((DP388=""Show"")+(DP388<>""Hide"")*(DS388<>""""))",Backend UI Toggle
MF Market Rent,DO389,"=1/((DP389=""Show"")+(DP389<>""Hide"")*(DS389<>""""))",Backend UI Toggle
MF Market Rent,DO390,"=1/((DP390=""Show"")+(DP390<>""Hide"")*(DS390<>""""))",Backend UI Toggle
MF Market Rent,DO391,"=1/((DP391=""Show"")+(DP391<>""Hide"")*(DS391<>""""))",Backend UI Toggle
MF Market Rent,DO393,"=1/((DP393=""Show"")+(DP393<>""Hide"")*(DS393<>""""))",Backend UI Toggle
MF Market Rent,DO394,"=1/((DP394=""Show"")+(DP394<>""Hide"")*(DS394<>""""))",Backend UI Toggle
MF Market Rent,DO395,"=1/((DP395=""Show"")+(DP395<>""Hide"")*(DS395<>""""))",Backend UI Toggle
MF Market Rent,DO396,"=1/((DP396=""Show"")+(DP396<>""Hide"")*(DS396<>""""))",Backend UI Toggle
MF Market Rent,DO397,"=1/((DP397=""Show"")+(DP397<>""Hide"")*(DS397<>""""))",Backend UI Toggle
MF Market Rent,DO398,"=1/((DP398=""Show"")+(DP398<>""Hide"")*(DS398<>""""))",Backend UI Toggle
MF Market Rent,DO399,"=1/((DP399=""Show"")+(DP399<>""Hide"")*(DS399<>""""))",Backend UI Toggle
MF Market Rent,DO400,"=1/((DP400=""Show"")+(DP400<>""Hide"")*(DS400<>""""))",Backend UI Toggle
MF Market Rent,DO401,"=1/((DP401=""Show"")+(DP401<>""Hide"")*(DS401<>""""))",Backend UI Toggle
MF Market Rent,DO402,"=1/((DP402=""Show"")+(DP402<>""Hide"")*(DS402<>""""))",Backend UI Toggle
MF Market Rent,DO404,"=1/((DP404=""Show"")+(DP404<>""Hide"")*(DS404<>""""))",Backend UI Toggle
MF Market Rent,DO405,"=1/((DP405=""Show"")+(DP405<>""Hide"")*(DS405<>""""))",Backend UI Toggle
MF Market Rent,DO406,"=1/((DP406=""Show"")+(DP406<>""Hide"")*(DS406<>""""))",Backend UI Toggle
MF Market Rent,DO407,"=1/((DP407=""Show"")+(DP407<>""Hide"")*(DS407<>""""))",Backend UI Toggle
MF Market Rent,DO408,"=1/((DP408=""Show"")+(DP408<>""Hide"")*(DS408<>""""))",Backend UI Toggle
MF Market Rent,DO409,"=1/((DP409=""Show"")+(DP409<>""Hide"")*(DS409<>""""))",Backend UI Toggle
MF Market Rent,DO410,"=1/((DP410=""Show"")+(DP410<>""Hide"")*(DS410<>""""))",Backend UI Toggle
MF Market Rent,DO411,"=1/((DP411=""Show"")+(DP411<>""Hide"")*(DS411<>""""))",Backend UI Toggle
MF Market Rent,DO412,"=1/((DP412=""Show"")+(DP412<>""Hide"")*(DS412<>""""))",Backend UI Toggle
MF Market Rent,DO413,"=1/((DP413=""Show"")+(DP413<>""Hide"")*(DS413<>""""))",Backend UI Toggle
MF Market Rent,DO415,"=1/((DP415=""Show"")+(DP415<>""Hide"")*(DS415<>""""))",Backend UI Toggle
MF Market Rent,DO416,"=1/((DP416=""Show"")+(DP416<>""Hide"")*(DS416<>""""))",Backend UI Toggle
MF Market Rent,DO417,"=1/((DP417=""Show"")+(DP417<>""Hide"")*(DS417<>""""))",Backend UI Toggle
MF Market Rent,DO418,"=1/((DP418=""Show"")+(DP418<>""Hide"")*(DS418<>""""))",Backend UI Toggle
MF Market Rent,DO419,"=1/((DP419=""Show"")+(DP419<>""Hide"")*(DS419<>""""))",Backend UI Toggle
MF Market Rent,DO420,"=1/((DP420=""Show"")+(DP420<>""Hide"")*(DS420<>""""))",Backend UI Toggle
MF Market Rent,DO421,"=1/((DP421=""Show"")+(DP421<>""Hide"")*(DS421<>""""))",Backend UI Toggle
MF Market Rent,DO422,"=1/((DP422=""Show"")+(DP422<>""Hide"")*(DS422<>""""))",Backend UI Toggle
MF Market Rent,DO423,"=1/((DP423=""Show"")+(DP423<>""Hide"")*(DS423<>""""))",Backend UI Toggle
MF Market Rent,DO424,"=1/((DP424=""Show"")+(DP424<>""Hide"")*(DS424<>""""))",Backend UI Toggle
MF Market Rent,DO426,"=1/((DP426=""Show"")+(DP426<>""Hide"")*(DS426<>""""))",Backend UI Toggle
MF Market Rent,DO427,"=1/((DP427=""Show"")+(DP427<>""Hide"")*(DS427<>""""))",Backend UI Toggle
MF Market Rent,DO428,"=1/((DP428=""Show"")+(DP428<>""Hide"")*(DS428<>""""))",Backend UI Toggle
MF Market Rent,DO429,"=1/((DP429=""Show"")+(DP429<>""Hide"")*(DS429<>""""))",Backend UI Toggle
MF Market Rent,DO430,"=1/((DP430=""Show"")+(DP430<>""Hide"")*(DS430<>""""))",Backend UI Toggle
MF Market Rent,DO431,"=1/((DP431=""Show"")+(DP431<>""Hide"")*(DS431<>""""))",Backend UI Toggle
MF Market Rent,DO432,"=1/((DP432=""Show"")+(DP432<>""Hide"")*(DS432<>""""))",Backend UI Toggle
MF Market Rent,DO433,"=1/((DP433=""Show"")+(DP433<>""Hide"")*(DS433<>""""))",Backend UI Toggle
MF Market Rent,DO434,"=1/((DP434=""Show"")+(DP434<>""Hide"")*(DS434<>""""))",Backend UI Toggle
MF Market Rent,DO435,"=1/((DP435=""Show"")+(DP435<>""Hide"")*(DS435<>""""))",Backend UI Toggle
MF Market Rent,DO437,"=1/((DP437=""Show"")+(DP437<>""Hide"")*(DS437<>""""))",Backend UI Toggle
MF Market Rent,DO438,"=1/((DP438=""Show"")+(DP438<>""Hide"")*(DS438<>""""))",Backend UI Toggle
MF Market Rent,DO439,"=1/((DP439=""Show"")+(DP439<>""Hide"")*(DS439<>""""))",Backend UI Toggle
MF Market Rent,DO440,"=1/((DP440=""Show"")+(DP440<>""Hide"")*(DS440<>""""))",Backend UI Toggle
MF Market Rent,DO441,"=1/((DP441=""Show"")+(DP441<>""Hide"")*(DS441<>""""))",Backend UI Toggle
MF Market Rent,DO442,"=1/((DP442=""Show"")+(DP442<>""Hide"")*(DS442<>""""))",Backend UI Toggle
MF Market Rent,DO443,"=1/((DP443=""Show"")+(DP443<>""Hide"")*(DS443<>""""))",Backend UI Toggle
MF Market Rent,DO444,"=1/((DP444=""Show"")+(DP444<>""Hide"")*(DS444<>""""))",Backend UI Toggle
MF Market Rent,DO445,"=1/((DP445=""Show"")+(DP445<>""Hide"")*(DS445<>""""))",Backend UI Toggle
MF Market Rent,DO446,"=1/((DP446=""Show"")+(DP446<>""Hide"")*(DS446<>""""))",Backend UI Toggle
MF Market Rent,EJ451,"=1/((EJ452=""Show"")+((EJ452<>""Hide"")*(N1ExistingOrProposed<>""Proposed"")))",Backend UI Toggle
MF Market Rent,EK451,"=1/((EK452=""Show"")+((EK452<>""Hide"")*(N1ExistingOrProposed<>""Proposed"")))",Backend UI Toggle
MF Market Rent,EL451,"=1/((EL452=""Show"")+((EL452<>""Hide"")*(N1ExistingOrProposed<>""Proposed"")))",Backend UI Toggle
MF Market Rent,EM451,"=1/((EM452=""Show"")+((EM452<>""Hide"")*(N1ExistingOrProposed<>""Proposed"")))",Backend UI Toggle
MF Market Rent,EN451,"=1/((EN452=""Show"")+(EN452<>""Hide""))",Backend UI Toggle
MF Market Rent,EO451,"=1/((EO452=""Show"")+(EO452<>""Hide""))",Backend UI Toggle
MF Market Rent,EP451,"=1/((EP452=""Show"")+(EP452<>""Hide""))",Backend UI Toggle
MF Market Rent,EQ451,"=1/((EQ452=""Show"")+((EQ452<>""Hide"")*(N1ExistingOrProposed<>""Proposed"")))",Backend UI Toggle
MF Market Rent,EE457,"=1/((EF457=""Show"")+(EF457<>""Hide"")*(EI457<>""""))",Backend UI Toggle
MF Market Rent,EE458,"=1/((EF458=""Show"")+(EF458<>""Hide"")*(EI458<>"""")*($ED$453))",Backend UI Toggle
MF Market Rent,EE459,"=1/((EF459=""Show"")+(EF459<>""Hide"")*(EI459<>"""")*($ED$453))",Backend UI Toggle
MF Market Rent,EE460,"=1/((EF460=""Show"")+(EF460<>""Hide"")*(EI460<>"""")*($ED$453))",Backend UI Toggle
MF Market Rent,EE461,"=1/((EF461=""Show"")+(EF461<>""Hide"")*(EI461<>"""")*($ED$453))",Backend UI Toggle
MF Market Rent,EE462,"=1/((EF462=""Show"")+(EF462<>""Hide"")*(EI462<>"""")*($ED$453))",Backend UI Toggle
MF Market Rent,EE463,"=1/((EF463=""Show"")+(EF463<>""Hide"")*(EI463<>"""")*($ED$453))",Backend UI Toggle
MF Market Rent,EE464,"=1/((EF464=""Show"")+(EF464<>""Hide"")*(EI464<>"""")*($ED$453))",Backend UI Toggle
MF Market Rent,EE465,"=1/((EF465=""Show"")+(EF465<>""Hide"")*(EI465<>"""")*($ED$453))",Backend UI Toggle
MF Market Rent,EE466,"=1/((EF466=""Show"")+(EF466<>""Hide"")*(EI466<>"""")*($ED$453))",Backend UI Toggle
MF Market Rent,EE467,"=1/((EF467=""Show"")+(EF467<>""Hide"")*(EI467<>"""")*($ED$453))",Backend UI Toggle
MF Market Rent,EE468,"=1/((EF468=""Show"")+(EF468<>""Hide"")*(EI468<>""""))",Backend UI Toggle
MF Market Rent,EE469,"=1/((EF469=""Show"")+(EF469<>""Hide"")*(EI469<>"""")*($ED$453))",Backend UI Toggle
MF Market Rent,EE470,"=1/((EF470=""Show"")+(EF470<>""Hide"")*(EI470<>"""")*($ED$453))",Backend UI Toggle
MF Market Rent,EE471,"=1/((EF471=""Show"")+(EF471<>""Hide"")*(EI471<>"""")*($ED$453))",Backend UI Toggle
MF Market Rent,EE472,"=1/((EF472=""Show"")+(EF472<>""Hide"")*(EI472<>"""")*($ED$453))",Backend UI Toggle
MF Market Rent,EE473,"=1/((EF473=""Show"")+(EF473<>""Hide"")*(EI473<>"""")*($ED$453))",Backend UI Toggle
MF Market Rent,EE474,"=1/((EF474=""Show"")+(EF474<>""Hide"")*(EI474<>"""")*($ED$453))",Backend UI Toggle
MF Market Rent,EE475,"=1/((EF475=""Show"")+(EF475<>""Hide"")*(EI475<>"""")*($ED$453))",Backend UI Toggle
MF Market Rent,EE476,"=1/((EF476=""Show"")+(EF476<>""Hide"")*(EI476<>"""")*($ED$453))",Backend UI Toggle
MF Market Rent,EE477,"=1/((EF477=""Show"")+(EF477<>""Hide"")*(EI477<>"""")*($ED$453))",Backend UI Toggle
MF Market Rent,EE478,"=1/((EF478=""Show"")+(EF478<>""Hide"")*(EI478<>"""")*($ED$453))",Backend UI Toggle
MF Market Rent,EE479,"=1/((EF479=""Show"")+(EF479<>""Hide"")*(EI479<>""""))",Backend UI Toggle
MF Market Rent,EE480,"=1/((EF480=""Show"")+(EF480<>""Hide"")*(EI480<>"""")*($ED$453))",Backend UI Toggle
MF Market Rent,EE481,"=1/((EF481=""Show"")+(EF481<>""Hide"")*(EI481<>"""")*($ED$453))",Backend UI Toggle
MF Market Rent,EE482,"=1/((EF482=""Show"")+(EF482<>""Hide"")*(EI482<>"""")*($ED$453))",Backend UI Toggle
MF Market Rent,EE483,"=1/((EF483=""Show"")+(EF483<>""Hide"")*(EI483<>"""")*($ED$453))",Backend UI Toggle
MF Market Rent,EE484,"=1/((EF484=""Show"")+(EF484<>""Hide"")*(EI484<>"""")*($ED$453))",Backend UI Toggle
MF Market Rent,EE485,"=1/((EF485=""Show"")+(EF485<>""Hide"")*(EI485<>"""")*($ED$453))",Backend UI Toggle
MF Market Rent,EE486,"=1/((EF486=""Show"")+(EF486<>""Hide"")*(EI486<>"""")*($ED$453))",Backend UI Toggle
MF Market Rent,EE487,"=1/((EF487=""Show"")+(EF487<>""Hide"")*(EI487<>"""")*($ED$453))",Backend UI Toggle
MF Market Rent,EE488,"=1/((EF488=""Show"")+(EF488<>""Hide"")*(EI488<>"""")*($ED$453))",Backend UI Toggle
MF Market Rent,EE489,"=1/((EF489=""Show"")+(EF489<>""Hide"")*(EI489<>"""")*($ED$453))",Backend UI Toggle
MF Market Rent,EE490,"=1/((EF490=""Show"")+(EF490<>""Hide"")*(EI490<>""""))",Backend UI Toggle
MF Market Rent,EE491,"=1/((EF491=""Show"")+(EF491<>""Hide"")*(EI491<>"""")*($ED$453))",Backend UI Toggle
MF Market Rent,EE492,"=1/((EF492=""Show"")+(EF492<>""Hide"")*(EI492<>"""")*($ED$453))",Backend UI Toggle
MF Market Rent,EE493,"=1/((EF493=""Show"")+(EF493<>""Hide"")*(EI493<>"""")*($ED$453))",Backend UI Toggle
MF Market Rent,EE494,"=1/((EF494=""Show"")+(EF494<>""Hide"")*(EI494<>"""")*($ED$453))",Backend UI Toggle
MF Market Rent,EE495,"=1/((EF495=""Show"")+(EF495<>""Hide"")*(EI495<>"""")*($ED$453))",Backend UI Toggle
MF Market Rent,EE496,"=1/((EF496=""Show"")+(EF496<>""Hide"")*(EI496<>"""")*($ED$453))",Backend UI Toggle
MF Market Rent,EE497,"=1/((EF497=""Show"")+(EF497<>""Hide"")*(EI497<>"""")*($ED$453))",Backend UI Toggle
MF Market Rent,EE498,"=1/((EF498=""Show"")+(EF498<>""Hide"")*(EI498<>"""")*($ED$453))",Backend UI Toggle
MF Market Rent,EE499,"=1/((EF499=""Show"")+(EF499<>""Hide"")*(EI499<>"""")*($ED$453))",Backend UI Toggle
MF Market Rent,EE500,"=1/((EF500=""Show"")+(EF500<>""Hide"")*(EI500<>"""")*($ED$453))",Backend UI Toggle
MF Market Rent,EE501,"=1/((EF501=""Show"")+(EF501<>""Hide"")*(EI501<>""""))",Backend UI Toggle
MF Market Rent,EE502,"=1/((EF502=""Show"")+(EF502<>""Hide"")*(EI502<>"""")*($ED$453))",Backend UI Toggle
MF Market Rent,EE503,"=1/((EF503=""Show"")+(EF503<>""Hide"")*(EI503<>"""")*($ED$453))",Backend UI Toggle
MF Market Rent,EE504,"=1/((EF504=""Show"")+(EF504<>""Hide"")*(EI504<>"""")*($ED$453))",Backend UI Toggle
MF Market Rent,EE505,"=1/((EF505=""Show"")+(EF505<>""Hide"")*(EI505<>"""")*($ED$453))",Backend UI Toggle
MF Market Rent,EE506,"=1/((EF506=""Show"")+(EF506<>""Hide"")*(EI506<>"""")*($ED$453))",Backend UI Toggle
MF Market Rent,EE507,"=1/((EF507=""Show"")+(EF507<>""Hide"")*(EI507<>"""")*($ED$453))",Backend UI Toggle
MF Market Rent,EE508,"=1/((EF508=""Show"")+(EF508<>""Hide"")*(EI508<>"""")*($ED$453))",Backend UI Toggle
MF Market Rent,EE509,"=1/((EF509=""Show"")+(EF509<>""Hide"")*(EI509<>"""")*($ED$453))",Backend UI Toggle
MF Market Rent,EE510,"=1/((EF510=""Show"")+(EF510<>""Hide"")*(EI510<>"""")*($ED$453))",Backend UI Toggle
MF Market Rent,EE511,"=1/((EF511=""Show"")+(EF511<>""Hide"")*(EI511<>"""")*($ED$453))",Backend UI Toggle
MF Market Rent,EE512,"=1/((EF512=""Show"")+(EF512<>""Hide"")*(EI512<>""""))",Backend UI Toggle
MF Market Rent,EE513,"=1/((EF513=""Show"")+(EF513<>""Hide"")*(EI513<>"""")*($ED$453))",Backend UI Toggle
MF Market Rent,EE514,"=1/((EF514=""Show"")+(EF514<>""Hide"")*(EI514<>"""")*($ED$453))",Backend UI Toggle
MF Market Rent,EE515,"=1/((EF515=""Show"")+(EF515<>""Hide"")*(EI515<>"""")*($ED$453))",Backend UI Toggle
MF Market Rent,EE516,"=1/((EF516=""Show"")+(EF516<>""Hide"")*(EI516<>"""")*($ED$453))",Backend UI Toggle
MF Market Rent,EE517,"=1/((EF517=""Show"")+(EF517<>""Hide"")*(EI517<>"""")*($ED$453))",Backend UI Toggle
MF Market Rent,EE518,"=1/((EF518=""Show"")+(EF518<>""Hide"")*(EI518<>"""")*($ED$453))",Backend UI Toggle
MF Market Rent,EE519,"=1/((EF519=""Show"")+(EF519<>""Hide"")*(EI519<>"""")*($ED$453))",Backend UI Toggle
MF Market Rent,EE520,"=1/((EF520=""Show"")+(EF520<>""Hide"")*(EI520<>"""")*($ED$453))",Backend UI Toggle
MF Market Rent,EE521,"=1/((EF521=""Show"")+(EF521<>""Hide"")*(EI521<>"""")*($ED$453))",Backend UI Toggle
MF Market Rent,EE522,"=1/((EF522=""Show"")+(EF522<>""Hide"")*(EI522<>"""")*($ED$453))",Backend UI Toggle
MF Market Rent,EE523,"=1/((EF523=""Show"")+(EF523<>""Hide"")*(EI523<>""""))",Backend UI Toggle
MF Market Rent,EE524,"=1/((EF524=""Show"")+(EF524<>""Hide"")*(EI524<>"""")*($ED$453))",Backend UI Toggle
MF Market Rent,EE525,"=1/((EF525=""Show"")+(EF525<>""Hide"")*(EI525<>"""")*($ED$453))",Backend UI Toggle
MF Market Rent,EE526,"=1/((EF526=""Show"")+(EF526<>""Hide"")*(EI526<>"""")*($ED$453))",Backend UI Toggle
MF Market Rent,EE527,"=1/((EF527=""Show"")+(EF527<>""Hide"")*(EI527<>"""")*($ED$453))",Backend UI Toggle
MF Market Rent,EE528,"=1/((EF528=""Show"")+(EF528<>""Hide"")*(EI528<>"""")*($ED$453))",Backend UI Toggle
MF Market Rent,EE529,"=1/((EF529=""Show"")+(EF529<>""Hide"")*(EI529<>"""")*($ED$453))",Backend UI Toggle
MF Market Rent,EE530,"=1/((EF530=""Show"")+(EF530<>""Hide"")*(EI530<>"""")*($ED$453))",Backend UI Toggle
MF Market Rent,EE531,"=1/((EF531=""Show"")+(EF531<>""Hide"")*(EI531<>"""")*($ED$453))",Backend UI Toggle
MF Market Rent,EE532,"=1/((EF532=""Show"")+(EF532<>""Hide"")*(EI532<>"""")*($ED$453))",Backend UI Toggle
MF Market Rent,EE533,"=1/((EF533=""Show"")+(EF533<>""Hide"")*(EI533<>"""")*($ED$453))",Backend UI Toggle
MF Market Rent,EE534,"=1/((EF534=""Show"")+(EF534<>""Hide"")*(EI534<>""""))",Backend UI Toggle
MF Market Rent,EE535,"=1/((EF535=""Show"")+(EF535<>""Hide"")*(EI535<>"""")*($ED$453))",Backend UI Toggle
MF Market Rent,EE536,"=1/((EF536=""Show"")+(EF536<>""Hide"")*(EI536<>"""")*($ED$453))",Backend UI Toggle
MF Market Rent,EE537,"=1/((EF537=""Show"")+(EF537<>""Hide"")*(EI537<>"""")*($ED$453))",Backend UI Toggle
MF Market Rent,EE538,"=1/((EF538=""Show"")+(EF538<>""Hide"")*(EI538<>"""")*($ED$453))",Backend UI Toggle
MF Market Rent,EE539,"=1/((EF539=""Show"")+(EF539<>""Hide"")*(EI539<>"""")*($ED$453))",Backend UI Toggle
MF Market Rent,EE540,"=1/((EF540=""Show"")+(EF540<>""Hide"")*(EI540<>"""")*($ED$453))",Backend UI Toggle
MF Market Rent,EE541,"=1/((EF541=""Show"")+(EF541<>""Hide"")*(EI541<>"""")*($ED$453))",Backend UI Toggle
MF Market Rent,EE542,"=1/((EF542=""Show"")+(EF542<>""Hide"")*(EI542<>"""")*($ED$453))",Backend UI Toggle
MF Market Rent,EE543,"=1/((EF543=""Show"")+(EF543<>""Hide"")*(EI543<>"""")*($ED$453))",Backend UI Toggle
MF Market Rent,EE544,"=1/((EF544=""Show"")+(EF544<>""Hide"")*(EI544<>"""")*($ED$453))",Backend UI Toggle
MF Market Rent,EE545,"=1/((EF545=""Show"")+(EF545<>""Hide"")*(EI545<>""""))",Backend UI Toggle
MF Market Rent,EE546,"=1/((EF546=""Show"")+(EF546<>""Hide"")*(EI546<>"""")*($ED$453))",Backend UI Toggle
MF Market Rent,EE547,"=1/((EF547=""Show"")+(EF547<>""Hide"")*(EI547<>"""")*($ED$453))",Backend UI Toggle
MF Market Rent,EE548,"=1/((EF548=""Show"")+(EF548<>""Hide"")*(EI548<>"""")*($ED$453))",Backend UI Toggle
MF Market Rent,EE549,"=1/((EF549=""Show"")+(EF549<>""Hide"")*(EI549<>"""")*($ED$453))",Backend UI Toggle
MF Market Rent,EE550,"=1/((EF550=""Show"")+(EF550<>""Hide"")*(EI550<>"""")*($ED$453))",Backend UI Toggle
MF Market Rent,EE551,"=1/((EF551=""Show"")+(EF551<>""Hide"")*(EI551<>"""")*($ED$453))",Backend UI Toggle
MF Market Rent,EE552,"=1/((EF552=""Show"")+(EF552<>""Hide"")*(EI552<>"""")*($ED$453))",Backend UI Toggle
MF Market Rent,EE553,"=1/((EF553=""Show"")+(EF553<>""Hide"")*(EI553<>"""")*($ED$453))",Backend UI Toggle
MF Market Rent,EE554,"=1/((EF554=""Show"")+(EF554<>""Hide"")*(EI554<>"""")*($ED$453))",Backend UI Toggle
MF Market Rent,EE555,"=1/((EF555=""Show"")+(EF555<>""Hide"")*(EI555<>"""")*($ED$453))",Backend UI Toggle
MF Market Rent,EE556,"=1/((EF556=""Show"")+(EF556<>""Hide"")*(EI556<>""""))",Backend UI Toggle
MF Market Rent,EE557,"=1/((EF557=""Show"")+(EF557<>""Hide"")*(EI557<>"""")*($ED$453))",Backend UI Toggle
MF Market Rent,EE558,"=1/((EF558=""Show"")+(EF558<>""Hide"")*(EI558<>"""")*($ED$453))",Backend UI Toggle
MF Market Rent,EE559,"=1/((EF559=""Show"")+(EF559<>""Hide"")*(EI559<>"""")*($ED$453))",Backend UI Toggle
MF Market Rent,EE560,"=1/((EF560=""Show"")+(EF560<>""Hide"")*(EI560<>"""")*($ED$453))",Backend UI Toggle
MF Market Rent,EE561,"=1/((EF561=""Show"")+(EF561<>""Hide"")*(EI561<>"""")*($ED$453))",Backend UI Toggle
MF Market Rent,EE562,"=1/((EF562=""Show"")+(EF562<>""Hide"")*(EI562<>"""")*($ED$453))",Backend UI Toggle
MF Market Rent,EE563,"=1/((EF563=""Show"")+(EF563<>""Hide"")*(EI563<>"""")*($ED$453))",Backend UI Toggle
MF Market Rent,EE564,"=1/((EF564=""Show"")+(EF564<>""Hide"")*(EI564<>"""")*($ED$453))",Backend UI Toggle
MF Market Rent,EE565,"=1/((EF565=""Show"")+(EF565<>""Hide"")*(EI565<>"""")*($ED$453))",Backend UI Toggle
MF Market Rent,EE566,"=1/((EF566=""Show"")+(EF566<>""Hide"")*(EI566<>"""")*($ED$453))",Backend UI Toggle
MF Market Rent,FT595,"=1/(FY595<>"""")",Backend UI Toggle
MF Market Rent,FT596,"=1/(FY596<>"""")",Backend UI Toggle
MF Market Rent,FT597,"=1/(FY597<>"""")",Backend UI Toggle
MF Market Rent,FT598,"=1/(FY598<>"""")",Backend UI Toggle
MF Market Rent,FT599,"=1/(FY599<>"""")",Backend UI Toggle
MF Market Rent,FT600,"=1/(FY600<>"""")",Backend UI Toggle
MF Market Rent,FT601,"=1/(FY601<>"""")",Backend UI Toggle
MF Market Rent,FT602,"=1/(FY602<>"""")",Backend UI Toggle
MF Market Rent,FT603,"=1/(FY603<>"""")",Backend UI Toggle
MF Market Rent,FT604,"=1/(FY604<>"""")",Backend UI Toggle
MF Market Rent,FT605,"=1/(FY605<>"""")",Backend UI Toggle
MF Market Rent,FT606,"=1/(FY606<>"""")",Backend UI Toggle
MF Market Rent,FT607,"=1/(FY607<>"""")",Backend UI Toggle
MF Market Rent,FT608,"=1/(FY608<>"""")",Backend UI Toggle
MF Market Rent,FT609,"=1/(FY609<>"""")",Backend UI Toggle
MF Market Rent,FT610,"=1/(FY610<>"""")",Backend UI Toggle
MF Market Rent,FT611,"=1/(FY611<>"""")",Backend UI Toggle
MF Market Rent,FT612,"=1/(FY612<>"""")",Backend UI Toggle
MF Market Rent,FT613,"=1/(FY613<>"""")",Backend UI Toggle
MF Market Rent,FT614,"=1/(FY614<>"""")",Backend UI Toggle
MF Market Rent,FT615,"=1/(FY615<>"""")",Backend UI Toggle
MF Market Rent,FT616,"=1/(FY616<>"""")",Backend UI Toggle
MF Market Rent,FT617,"=1/(FY617<>"""")",Backend UI Toggle
MF Market Rent,FT618,"=1/(FY618<>"""")",Backend UI Toggle
MF Market Rent,FT619,"=1/(FY619<>"""")",Backend UI Toggle
MF Market Rent,FT620,"=1/(FY620<>"""")",Backend UI Toggle
MF Market Rent,FT621,"=1/(FY621<>"""")",Backend UI Toggle
MF Market Rent,FT622,"=1/(FY622<>"""")",Backend UI Toggle
MF Market Rent,FT623,"=1/(FY623<>"""")",Backend UI Toggle
MF Market Rent,FT624,"=1/(FY624<>"""")",Backend UI Toggle
MF Market Rent,FT625,"=1/(FY625<>"""")",Backend UI Toggle
MF Market Rent,FT626,"=1/(FY626<>"""")",Backend UI Toggle
MF Market Rent,FT627,"=1/(FY627<>"""")",Backend UI Toggle
MF Market Rent,FT628,"=1/(FY628<>"""")",Backend UI Toggle
MF Market Rent,FT629,"=1/(FY629<>"""")",Backend UI Toggle
MF Market Rent,FT630,"=1/(FY630<>"""")",Backend UI Toggle
MF Market Rent,FT631,"=1/(FY631<>"""")",Backend UI Toggle
MF Market Rent,FT632,"=1/(FY632<>"""")",Backend UI Toggle
MF Market Rent,FT633,"=1/(FY633<>"""")",Backend UI Toggle
MF Market Rent,FT634,"=1/(FY634<>"""")",Backend UI Toggle
MF Market Rent,FT635,"=1/(FY635<>"""")",Backend UI Toggle
MF Market Rent,FT636,"=1/(FY636<>"""")",Backend UI Toggle
MF Market Rent,FT637,"=1/(FY637<>"""")",Backend UI Toggle
MF Market Rent,FT638,"=1/(FY638<>"""")",Backend UI Toggle
MF Market Rent,FT639,"=1/(FY639<>"""")",Backend UI Toggle
MF Market Rent,FT640,"=1/(FY640<>"""")",Backend UI Toggle
MF Market Rent,FT641,"=1/(FY641<>"""")",Backend UI Toggle
MF Market Rent,FT642,"=1/(FY642<>"""")",Backend UI Toggle
MF Market Rent,FT643,"=1/(FY643<>"""")",Backend UI Toggle
MF Market Rent,FT644,"=1/(FY644<>"""")",Backend UI Toggle
MF Market Rent,FT645,"=1/(FY645<>"""")",Backend UI Toggle
MF Market Rent,FT646,"=1/(FY646<>"""")",Backend UI Toggle
MF Market Rent,FT647,"=1/(FY647<>"""")",Backend UI Toggle
MF Market Rent,FT648,"=1/(FY648<>"""")",Backend UI Toggle
MF Market Rent,FT649,"=1/(FY649<>"""")",Backend UI Toggle
MF Market Rent,FT650,"=1/(FY650<>"""")",Backend UI Toggle
MF Market Rent,FT651,"=1/(FY651<>"""")",Backend UI Toggle
MF Market Rent,FT652,"=1/(FY652<>"""")",Backend UI Toggle
MF Market Rent,FT653,"=1/(FY653<>"""")",Backend UI Toggle
MF Market Rent,FT654,"=1/(FY654<>"""")",Backend UI Toggle
MF Market Rent,FT655,"=1/(FY655<>"""")",Backend UI Toggle
MF Market Rent,FT656,"=1/(FY656<>"""")",Backend UI Toggle
MF Market Rent,FT657,"=1/(FY657<>"""")",Backend UI Toggle
MF Market Rent,FT658,"=1/(FY658<>"""")",Backend UI Toggle
MF Market Rent,FT659,"=1/(FY659<>"""")",Backend UI Toggle
MF Market Rent,FT660,"=1/(FY660<>"""")",Backend UI Toggle
MF Market Rent,FT661,"=1/(FY661<>"""")",Backend UI Toggle
MF Market Rent,FT662,"=1/(FY662<>"""")",Backend UI Toggle
MF Market Rent,FT663,"=1/(FY663<>"""")",Backend UI Toggle
MF Market Rent,FT664,"=1/(FY664<>"""")",Backend UI Toggle
MF Market Rent,FT665,"=1/(FY665<>"""")",Backend UI Toggle
MF Market Rent,FT666,"=1/(FY666<>"""")",Backend UI Toggle
MF Market Rent,FT667,"=1/(FY667<>"""")",Backend UI Toggle
MF Market Rent,FT668,"=1/(FY668<>"""")",Backend UI Toggle
MF Market Rent,FT669,"=1/(FY669<>"""")",Backend UI Toggle
MF Market Rent,FT670,"=1/(FY670<>"""")",Backend UI Toggle
MF Market Rent,FT671,"=1/(FY671<>"""")",Backend UI Toggle
MF Market Rent,FT672,"=1/(FY672<>"""")",Backend UI Toggle
MF Market Rent,FT673,"=1/(FY673<>"""")",Backend UI Toggle
MF Market Rent,FT674,"=1/(FY674<>"""")",Backend UI Toggle
MF Market Rent,FT675,"=1/(FY675<>"""")",Backend UI Toggle
MF Market Rent,FT676,"=1/(FY676<>"""")",Backend UI Toggle
MF Market Rent,FT677,"=1/(FY677<>"""")",Backend UI Toggle
MF Market Rent,FT678,"=1/(FY678<>"""")",Backend UI Toggle
MF Market Rent,FT679,"=1/(FY679<>"""")",Backend UI Toggle
MF Market Rent,FT680,"=1/(FY680<>"""")",Backend UI Toggle
MF Market Rent,FT681,"=1/(FY681<>"""")",Backend UI Toggle
MF Market Rent,FT682,"=1/(FY682<>"""")",Backend UI Toggle
MF Market Rent,FT683,"=1/(FY683<>"""")",Backend UI Toggle
MF Market Rent,FT684,"=1/(FY684<>"""")",Backend UI Toggle
MF Market Rent,FT685,"=1/(FY685<>"""")",Backend UI Toggle
MF Market Rent,FT686,"=1/(FY686<>"""")",Backend UI Toggle
MF Market Rent,FT687,"=1/(FY687<>"""")",Backend UI Toggle
MF Market Rent,FT688,"=1/(FY688<>"""")",Backend UI Toggle
MF Market Rent,FT689,"=1/(FY689<>"""")",Backend UI Toggle
MF Market Rent,FT690,"=1/(FY690<>"""")",Backend UI Toggle
MF Market Rent,FT691,"=1/(FY691<>"""")",Backend UI Toggle
MF Market Rent,FT692,"=1/(FY692<>"""")",Backend UI Toggle
MF Market Rent,FT693,"=1/(FY693<>"""")",Backend UI Toggle
MF Market Rent,FT694,"=1/(FY694<>"""")",Backend UI Toggle
MF Market Rent,FT695,"=1/(FY695<>"""")",Backend UI Toggle
MF Market Rent,FT696,"=1/(FY696<>"""")",Backend UI Toggle
MF Market Rent,FT697,"=1/(FY697<>"""")",Backend UI Toggle
MF Market Rent,FT698,"=1/(FY698<>"""")",Backend UI Toggle
MF Market Rent,FT699,"=1/(FY699<>"""")",Backend UI Toggle
MF Market Rent,FT700,"=1/(FY700<>"""")",Backend UI Toggle
MF Market Rent,FT701,"=1/(FY701<>"""")",Backend UI Toggle
MF Market Rent,FT702,"=1/(FY702<>"""")",Backend UI Toggle
MF Market Rent,FT703,"=1/(FY703<>"""")",Backend UI Toggle
MF Market Rent,FT704,"=1/(FY704<>"""")",Backend UI Toggle
MF Market Rent,FT705,"=1/(FY705<>"""")",Backend UI Toggle
MF Market Rent,FT706,"=1/(FY706<>"""")",Backend UI Toggle
MF Market Rent,FT707,"=1/(FY707<>"""")",Backend UI Toggle
MF Market Rent,FT708,"=1/(FY708<>"""")",Backend UI Toggle
MF Market Rent,FT709,"=1/(FY709<>"""")",Backend UI Toggle
MF Market Rent,FT710,"=1/(FY710<>"""")",Backend UI Toggle
MF Market Rent,FT711,"=1/(FY711<>"""")",Backend UI Toggle
MF Market Rent,FT712,"=1/(FY712<>"""")",Backend UI Toggle
MF Market Rent,FT713,"=1/(FY713<>"""")",Backend UI Toggle
MF Market Rent,FT714,"=1/(FY714<>"""")",Backend UI Toggle
MF Market Rent,FT715,"=1/(FY715<>"""")",Backend UI Toggle
MF Market Rent,FT716,"=1/(FY716<>"""")",Backend UI Toggle
MF Market Rent,FT717,"=1/(FY717<>"""")",Backend UI Toggle
MF Market Rent,FT718,"=1/(FY718<>"""")",Backend UI Toggle
MF Market Rent,FT719,"=1/(FY719<>"""")",Backend UI Toggle
MF Market Rent,FT720,"=1/(FY720<>"""")",Backend UI Toggle
MF Market Rent,FT721,"=1/(FY721<>"""")",Backend UI Toggle
MF Market Rent,FT722,"=1/(FY722<>"""")",Backend UI Toggle
MF Market Rent,FT723,"=1/(FY723<>"""")",Backend UI Toggle
MF Market Rent,FT724,"=1/(FY724<>"""")",Backend UI Toggle
MF Market Rent,FT725,"=1/(FY725<>"""")",Backend UI Toggle
MF Market Rent,FT726,"=1/(FY726<>"""")",Backend UI Toggle
MF Market Rent,FT727,"=1/(FY727<>"""")",Backend UI Toggle
MF Market Rent,FT728,"=1/(FY728<>"""")",Backend UI Toggle
MF Market Rent,FT729,"=1/(FY729<>"""")",Backend UI Toggle
MF Market Rent,FT730,"=1/(FY730<>"""")",Backend UI Toggle
MF Market Rent,FT731,"=1/(FY731<>"""")",Backend UI Toggle
MF Market Rent,FT732,"=1/(FY732<>"""")",Backend UI Toggle
MF Market Rent,FT733,"=1/(FY733<>"""")",Backend UI Toggle
MF Market Rent,FT734,"=1/(FY734<>"""")",Backend UI Toggle
MF Market Rent,FT735,"=1/(FY735<>"""")",Backend UI Toggle
MF Market Rent,FT736,"=1/(FY736<>"""")",Backend UI Toggle
MF Market Rent,FT737,"=1/(FY737<>"""")",Backend UI Toggle
MF Market Rent,FT738,"=1/(FY738<>"""")",Backend UI Toggle
MF Market Rent,FT739,"=1/(FY739<>"""")",Backend UI Toggle
MF Market Rent,FT740,"=1/(FY740<>"""")",Backend UI Toggle
MF Market Rent,FT741,"=1/(FY741<>"""")",Backend UI Toggle
MF Market Rent,FT742,"=1/(FY742<>"""")",Backend UI Toggle
MF Market Rent,FT743,"=1/(FY743<>"""")",Backend UI Toggle
MF Market Rent,FT744,"=1/(FY744<>"""")",Backend UI Toggle
MF Market Rent,FT745,"=1/(FY745<>"""")",Backend UI Toggle
MF Market Rent,FT746,"=1/(FY746<>"""")",Backend UI Toggle
MF Market Rent,FT747,"=1/(FY747<>"""")",Backend UI Toggle
MF Market Rent,FT748,"=1/(FY748<>"""")",Backend UI Toggle
MF Market Rent,FT749,"=1/(FY749<>"""")",Backend UI Toggle
MF Market Rent,FT750,"=1/(FY750<>"""")",Backend UI Toggle
MF Market Rent,FT751,"=1/(FY751<>"""")",Backend UI Toggle
MF Market Rent,FT752,"=1/(FY752<>"""")",Backend UI Toggle
MF Market Rent,FT753,"=1/(FY753<>"""")",Backend UI Toggle
MF Market Rent,FT754,"=1/(FY754<>"""")",Backend UI Toggle
MF Market Rent,FT755,"=1/(FY755<>"""")",Backend UI Toggle
MF Market Rent,FT756,"=1/(FY756<>"""")",Backend UI Toggle
MF Market Rent,FT757,"=1/(FY757<>"""")",Backend UI Toggle
MF Market Rent,FT758,"=1/(FY758<>"""")",Backend UI Toggle
MF Market Rent,FT759,"=1/(FY759<>"""")",Backend UI Toggle
MF Market Rent,FT760,"=1/(FY760<>"""")",Backend UI Toggle
MF Market Rent,FT761,"=1/(FY761<>"""")",Backend UI Toggle
MF Market Rent,FT762,"=1/(FY762<>"""")",Backend UI Toggle
MF Market Rent,FT763,"=1/(FY763<>"""")",Backend UI Toggle
MF Market Rent,FT764,"=1/(FY764<>"""")",Backend UI Toggle
MF Market Rent,FT765,"=1/(FY765<>"""")",Backend UI Toggle
MF Market Rent,FT766,"=1/(FY766<>"""")",Backend UI Toggle
MF Market Rent,FT767,"=1/(FY767<>"""")",Backend UI Toggle
MF Market Rent,FT768,"=1/(FY768<>"""")",Backend UI Toggle
MF Market Rent,FT769,"=1/(FY769<>"""")",Backend UI Toggle
MF Market Rent,FT770,"=1/(FY770<>"""")",Backend UI Toggle
MF Market Rent,FT771,"=1/(FY771<>"""")",Backend UI Toggle
MF Market Rent,FT772,"=1/(FY772<>"""")",Backend UI Toggle
MF Market Rent,FT773,"=1/(FY773<>"""")",Backend UI Toggle
MF Market Rent,FT774,"=1/(FY774<>"""")",Backend UI Toggle
MF Market Rent,FT775,"=1/(FY775<>"""")",Backend UI Toggle
MF Market Rent,FT776,"=1/(FY776<>"""")",Backend UI Toggle
MF Market Rent,FT777,"=1/(FY777<>"""")",Backend UI Toggle
MF Market Rent,FT778,"=1/(FY778<>"""")",Backend UI Toggle
MF Market Rent,FT779,"=1/(FY779<>"""")",Backend UI Toggle
MF Market Rent,FT780,"=1/(FY780<>"""")",Backend UI Toggle
MF Market Rent,FT781,"=1/(FY781<>"""")",Backend UI Toggle
MF Market Rent,FT782,"=1/(FY782<>"""")",Backend UI Toggle
MF Market Rent,FT783,"=1/(FY783<>"""")",Backend UI Toggle
MF Market Rent,FT784,"=1/(FY784<>"""")",Backend UI Toggle
MF Market Rent,FT785,"=1/(FY785<>"""")",Backend UI Toggle
MF Market Rent,FT786,"=1/(FY786<>"""")",Backend UI Toggle
MF Market Rent,FT787,"=1/(FY787<>"""")",Backend UI Toggle
MF Market Rent,FT788,"=1/(FY788<>"""")",Backend UI Toggle
MF Market Rent,FT789,"=1/(FY789<>"""")",Backend UI Toggle
MF Market Rent,FT790,"=1/(FY790<>"""")",Backend UI Toggle
MF Market Rent,FT791,"=1/(FY791<>"""")",Backend UI Toggle
MF Market Rent,FT792,"=1/(FY792<>"""")",Backend UI Toggle
MF Market Rent,FT793,"=1/(FY793<>"""")",Backend UI Toggle
MF Market Rent,FT794,"=1/(FY794<>"""")",Backend UI Toggle
MF Market Rent,FT795,"=1/(FY795<>"""")",Backend UI Toggle
MF Market Rent,FT796,"=1/(FY796<>"""")",Backend UI Toggle
MF Market Rent,FT797,"=1/(FY797<>"""")",Backend UI Toggle
MF Market Rent,FT798,"=1/(FY798<>"""")",Backend UI Toggle
MF Market Rent,FT799,"=1/(FY799<>"""")",Backend UI Toggle
MF Market Rent,FT800,"=1/(FY800<>"""")",Backend UI Toggle
MF Market Rent,FT801,"=1/(FY801<>"""")",Backend UI Toggle
MF Market Rent,FT802,"=1/(FY802<>"""")",Backend UI Toggle
MF Market Rent,FT803,"=1/(FY803<>"""")",Backend UI Toggle
MF Market Rent,FT804,"=1/(FY804<>"""")",Backend UI Toggle
MF Market Rent,FT805,"=1/(FY805<>"""")",Backend UI Toggle
MF Market Rent,FT806,"=1/(FY806<>"""")",Backend UI Toggle
MF Market Rent,FT807,"=1/(FY807<>"""")",Backend UI Toggle
MF Market Rent,FT808,"=1/(FY808<>"""")",Backend UI Toggle
MF Market Rent,FT809,"=1/(FY809<>"""")",Backend UI Toggle
MF Market Rent,FT810,"=1/(FY810<>"""")",Backend UI Toggle
MF Market Rent,FT811,"=1/(FY811<>"""")",Backend UI Toggle
MF Market Rent,FT812,"=1/(FY812<>"""")",Backend UI Toggle
MF Market Rent,FT813,"=1/(FY813<>"""")",Backend UI Toggle
MF Market Rent,FT814,"=1/(FY814<>"""")",Backend UI Toggle
MF Market Rent,FT815,"=1/(FY815<>"""")",Backend UI Toggle
MF Market Rent,FT816,"=1/(FY816<>"""")",Backend UI Toggle
MF Market Rent,FT817,"=1/(FY817<>"""")",Backend UI Toggle
MF Market Rent,FT818,"=1/(FY818<>"""")",Backend UI Toggle
MF Market Rent,FT819,"=1/(FY819<>"""")",Backend UI Toggle
MF Market Rent,FT820,"=1/(FY820<>"""")",Backend UI Toggle
MF Market Rent,FT821,"=1/(FY821<>"""")",Backend UI Toggle
MF Market Rent,FT822,"=1/(FY822<>"""")",Backend UI Toggle
MF Market Rent,FT823,"=1/(FY823<>"""")",Backend UI Toggle
MF Market Rent,FT824,"=1/(FY824<>"""")",Backend UI Toggle
MF Market Rent,FT825,"=1/(FY825<>"""")",Backend UI Toggle
MF Market Rent,FT826,"=1/(FY826<>"""")",Backend UI Toggle
MF Market Rent,FT827,"=1/(FY827<>"""")",Backend UI Toggle
MF Market Rent,FT828,"=1/(FY828<>"""")",Backend UI Toggle
MF Market Rent,FT829,"=1/(FY829<>"""")",Backend UI Toggle
MF Market Rent,FT830,"=1/(FY830<>"""")",Backend UI Toggle
MF Market Rent,FT831,"=1/(FY831<>"""")",Backend UI Toggle
MF Market Rent,FT832,"=1/(FY832<>"""")",Backend UI Toggle
MF Market Rent,FT833,"=1/(FY833<>"""")",Backend UI Toggle
MF Market Rent,FT834,"=1/(FY834<>"""")",Backend UI Toggle
MF Market Rent,FT835,"=1/(($GF$582<>""No""))",Backend UI Toggle
MF Market Rent,FT836,"=1/(($GF$582<>""No""))",Backend UI Toggle
MF Market Rent,FT838,"=1/(FY838<>"""")",Backend UI Toggle
MF Market Rent,FT839,"=1/((FY839<>"""")+(FZ839<>"""")+((GA839<>"""")*(GA839>0)))",Backend UI Toggle
MF Market Rent,FT840,"=1/((FY840<>"""")+(FZ840<>"""")+((GA840<>"""")*(GA840>0)))",Backend UI Toggle
MF Market Rent,FT841,"=1/((FY841<>"""")+(FZ841<>"""")+((GA841<>"""")*(GA841>0)))",Backend UI Toggle
MF Market Rent,FT842,"=1/((FY842<>"""")+(FZ842<>"""")+((GA842<>"""")*(GA842>0)))",Backend UI Toggle
MF Market Rent,FT843,"=1/((FY843<>"""")+(FZ843<>"""")+((GA843<>"""")*(GA843>0)))",Backend UI Toggle
MF Market Rent,FT844,"=1/((FY844<>"""")+(FZ844<>"""")+((GA844<>"""")*(GA844>0)))",Backend UI Toggle
MF Market Rent,FT845,"=1/((FY845<>"""")+(FZ845<>"""")+((GA845<>"""")*(GA845>0)))",Backend UI Toggle
MF Market Rent,FT846,"=1/((FY846<>"""")+(FZ846<>"""")+((GA846<>"""")*(GA846>0)))",Backend UI Toggle
MF Market Rent,FT847,"=1/((FY847<>"""")+(FZ847<>"""")+((GA847<>"""")*(GA847>0)))",Backend UI Toggle
MF Market Rent,FT848,"=1/((FY848<>"""")+(FZ848<>"""")+((GA848<>"""")*(GA848>0)))",Backend UI Toggle
MF Market Rent,FT849,"=1/((FY849<>"""")+(FZ849<>"""")+((GA849<>"""")*(GA849>0)))",Backend UI Toggle
MF Market Rent,FT850,"=1/((FY850<>"""")+(FZ850<>"""")+((GA850<>"""")*(GA850>0)))",Backend UI Toggle
MF Market Rent,FT851,"=1/((FY851<>"""")+(FZ851<>"""")+((GA851<>"""")*(GA851>0)))",Backend UI Toggle
MF Market Rent,FT852,"=1/((FY852<>"""")+(FZ852<>"""")+((GA852<>"""")*(GA852>0)))",Backend UI Toggle
MF Market Rent,FT853,"=1/((FY853<>"""")+(FZ853<>"""")+((GA853<>"""")*(GA853>0)))",Backend UI Toggle
MF Market Rent,FT854,"=1/((FY854<>"""")+(FZ854<>"""")+((GA854<>"""")*(GA854>0)))",Backend UI Toggle
MF Market Rent,FT855,"=1/((FY855<>"""")+(FZ855<>"""")+((GA855<>"""")*(GA855>0)))",Backend UI Toggle
MF Market Rent,FT856,"=1/((FY856<>"""")+(FZ856<>"""")+((GA856<>"""")*(GA856>0)))",Backend UI Toggle
MF Market Rent,FT857,"=1/((FY857<>"""")+(FZ857<>"""")+((GA857<>"""")*(GA857>0)))",Backend UI Toggle
MF Market Rent,FT858,"=1/((FY858<>"""")+(FZ858<>"""")+((GA858<>"""")*(GA858>0)))",Backend UI Toggle
MF Market Rent,FT859,"=1/((FY859<>"""")+(FZ859<>"""")+((GA859<>"""")*(GA859>0)))",Backend UI Toggle
MF Market Rent,FT860,"=1/((FY860<>"""")+(FZ860<>"""")+((GA860<>"""")*(GA860>0)))",Backend UI Toggle
MF Market Rent,FT861,"=1/((FY861<>"""")+(FZ861<>"""")+((GA861<>"""")*(GA861>0)))",Backend UI Toggle
MF Market Rent,FT862,"=1/((FY862<>"""")+(FZ862<>"""")+((GA862<>"""")*(GA862>0)))",Backend UI Toggle
MF Market Rent,FT863,"=1/((FY863<>"""")+(FZ863<>"""")+((GA863<>"""")*(GA863>0)))",Backend UI Toggle
MF Market Rent,FT864,"=1/((FY864<>"""")+(FZ864<>"""")+((GA864<>"""")*(GA864>0)))",Backend UI Toggle
MF Market Rent,FT865,"=1/((FY865<>"""")+(FZ865<>"""")+((GA865<>"""")*(GA865>0)))",Backend UI Toggle
MF Market Rent,FT866,"=1/((FY866<>"""")+(FZ866<>"""")+((GA866<>"""")*(GA866>0)))",Backend UI Toggle
MF Market Rent,FT867,"=1/((FY867<>"""")+(FZ867<>"""")+((GA867<>"""")*(GA867>0)))",Backend UI Toggle
MF Market Rent,FT868,"=1/((FY868<>"""")+(FZ868<>"""")+((GA868<>"""")*(GA868>0)))",Backend UI Toggle
MF Market Rent,FT884,"=1/(FY884<>"""")",Backend UI Toggle
MF Market Rent,FT885,"=1/(FY885<>"""")",Backend UI Toggle
MF Market Rent,FT886,"=1/(FY886<>"""")",Backend UI Toggle
MF Market Rent,FT887,"=1/(FY887<>"""")",Backend UI Toggle
MF Market Rent,FT888,"=1/(FY888<>"""")",Backend UI Toggle
MF Market Rent,FT889,"=1/(FY889<>"""")",Backend UI Toggle
MF Market Rent,FT890,"=1/(FY890<>"""")",Backend UI Toggle
MF Market Rent,FT891,"=1/(FY891<>"""")",Backend UI Toggle
MF Market Rent,FT892,"=1/(FY892<>"""")",Backend UI Toggle
MF Market Rent,FT893,"=1/(FY893<>"""")",Backend UI Toggle
MF Market Rent,FT894,"=1/(FY894<>"""")",Backend UI Toggle
MF Market Rent,FT895,"=1/(FY895<>"""")",Backend UI Toggle
MF Market Rent,FT896,"=1/(FY896<>"""")",Backend UI Toggle
MF Market Rent,FT897,"=1/(FY897<>"""")",Backend UI Toggle
MF Market Rent,FT898,"=1/(FY898<>"""")",Backend UI Toggle
MF Market Rent,FT899,"=1/(FY899<>"""")",Backend UI Toggle
MF Market Rent,FT900,"=1/(FY900<>"""")",Backend UI Toggle
MF Market Rent,FT901,"=1/(FY901<>"""")",Backend UI Toggle
MF Market Rent,FT902,"=1/(FY902<>"""")",Backend UI Toggle
MF Market Rent,FT903,"=1/(FY903<>"""")",Backend UI Toggle
MF Market Rent,FT904,"=1/(FY904<>"""")",Backend UI Toggle
MF Market Rent,FT905,"=1/(FY905<>"""")",Backend UI Toggle
MF Market Rent,FT906,"=1/(FY906<>"""")",Backend UI Toggle
MF Market Rent,FT907,"=1/(FY907<>"""")",Backend UI Toggle
MF Market Rent,FT908,"=1/(FY908<>"""")",Backend UI Toggle
MF Market Rent,FT909,"=1/(FY909<>"""")",Backend UI Toggle
MF Market Rent,FT910,"=1/(FY910<>"""")",Backend UI Toggle
MF Market Rent,FT911,"=1/(FY911<>"""")",Backend UI Toggle
MF Market Rent,FT912,"=1/(FY912<>"""")",Backend UI Toggle
MF Market Rent,FT913,"=1/(FY913<>"""")",Backend UI Toggle
MF Market Rent,FT914,"=1/(FY914<>"""")",Backend UI Toggle
MF Market Rent,FT915,"=1/(FY915<>"""")",Backend UI Toggle
MF Market Rent,FT916,"=1/(FY916<>"""")",Backend UI Toggle
MF Market Rent,FT917,"=1/(FY917<>"""")",Backend UI Toggle
MF Market Rent,FT918,"=1/(FY918<>"""")",Backend UI Toggle
MF Market Rent,FT919,"=1/(FY919<>"""")",Backend UI Toggle
MF Market Rent,FT920,"=1/(FY920<>"""")",Backend UI Toggle
MF Market Rent,FT921,"=1/(FY921<>"""")",Backend UI Toggle
MF Market Rent,FT922,"=1/(FY922<>"""")",Backend UI Toggle
MF Market Rent,FT923,"=1/(FY923<>"""")",Backend UI Toggle
MF Market Rent,FT924,"=1/(FY924<>"""")",Backend UI Toggle
MF Market Rent,FT925,"=1/(FY925<>"""")",Backend UI Toggle
MF Market Rent,FT926,"=1/(FY926<>"""")",Backend UI Toggle
MF Market Rent,FT927,"=1/(FY927<>"""")",Backend UI Toggle
MF Market Rent,FT928,"=1/(FY928<>"""")",Backend UI Toggle
MF Market Rent,FT929,"=1/(FY929<>"""")",Backend UI Toggle
MF Market Rent,FT930,"=1/(FY930<>"""")",Backend UI Toggle
MF Market Rent,FT931,"=1/(FY931<>"""")",Backend UI Toggle
MF Market Rent,FT932,"=1/(FY932<>"""")",Backend UI Toggle
MF Market Rent,FT933,"=1/(FY933<>"""")",Backend UI Toggle
MF Market Rent,FT934,"=1/(FY934<>"""")",Backend UI Toggle
MF Market Rent,FT935,"=1/(FY935<>"""")",Backend UI Toggle
MF Market Rent,FT936,"=1/(FY936<>"""")",Backend UI Toggle
MF Market Rent,FT937,"=1/(FY937<>"""")",Backend UI Toggle
MF Market Rent,FT938,"=1/(FY938<>"""")",Backend UI Toggle
MF Market Rent,FT939,"=1/(FY939<>"""")",Backend UI Toggle
MF Market Rent,FT940,"=1/(FY940<>"""")",Backend UI Toggle
MF Market Rent,FT941,"=1/(FY941<>"""")",Backend UI Toggle
MF Market Rent,FT942,"=1/(FY942<>"""")",Backend UI Toggle
MF Market Rent,FT943,"=1/(FY943<>"""")",Backend UI Toggle
MF Market Rent,FT944,"=1/(FY944<>"""")",Backend UI Toggle
MF Market Rent,FT945,"=1/(FY945<>"""")",Backend UI Toggle
MF Market Rent,FT946,"=1/(FY946<>"""")",Backend UI Toggle
MF Market Rent,FT947,"=1/(FY947<>"""")",Backend UI Toggle
MF Market Rent,FT948,"=1/(FY948<>"""")",Backend UI Toggle
MF Market Rent,FT949,"=1/(FY949<>"""")",Backend UI Toggle
MF Market Rent,FT950,"=1/(FY950<>"""")",Backend UI Toggle
MF Market Rent,FT951,"=1/(FY951<>"""")",Backend UI Toggle
MF Market Rent,FT952,"=1/(FY952<>"""")",Backend UI Toggle
MF Market Rent,FT953,"=1/(FY953<>"""")",Backend UI Toggle
MF Market Rent,FT954,"=1/(FY954<>"""")",Backend UI Toggle
MF Market Rent,FT955,"=1/(FY955<>"""")",Backend UI Toggle
MF Market Rent,FT956,"=1/(FY956<>"""")",Backend UI Toggle
MF Market Rent,FT957,"=1/(FY957<>"""")",Backend UI Toggle
MF Market Rent,FT958,"=1/(FY958<>"""")",Backend UI Toggle
MF Market Rent,FT959,"=1/(FY959<>"""")",Backend UI Toggle
MF Market Rent,FT960,"=1/(FY960<>"""")",Backend UI Toggle
MF Market Rent,FT961,"=1/(FY961<>"""")",Backend UI Toggle
MF Market Rent,FT962,"=1/(FY962<>"""")",Backend UI Toggle
MF Market Rent,FT963,"=1/(FY963<>"""")",Backend UI Toggle
MF Market Rent,FT964,"=1/(FY964<>"""")",Backend UI Toggle
MF Market Rent,FT965,"=1/(FY965<>"""")",Backend UI Toggle
MF Market Rent,FT966,"=1/(FY966<>"""")",Backend UI Toggle
MF Market Rent,FT967,"=1/(FY967<>"""")",Backend UI Toggle
MF Market Rent,FT968,"=1/(FY968<>"""")",Backend UI Toggle
MF Market Rent,FT969,"=1/(FY969<>"""")",Backend UI Toggle
MF Market Rent,FT970,"=1/(FY970<>"""")",Backend UI Toggle
MF Market Rent,FT971,"=1/(FY971<>"""")",Backend UI Toggle
MF Market Rent,FT972,"=1/(FY972<>"""")",Backend UI Toggle
MF Market Rent,FT973,"=1/(FY973<>"""")",Backend UI Toggle
MF Market Rent,FT974,"=1/(FY974<>"""")",Backend UI Toggle
MF Market Rent,FT975,"=1/(FY975<>"""")",Backend UI Toggle
MF Market Rent,FT976,"=1/(FY976<>"""")",Backend UI Toggle
MF Market Rent,FT977,"=1/(FY977<>"""")",Backend UI Toggle
MF Market Rent,FT978,"=1/(FY978<>"""")",Backend UI Toggle
MF Market Rent,FT979,"=1/(FY979<>"""")",Backend UI Toggle
MF Market Rent,FT980,"=1/(FY980<>"""")",Backend UI Toggle
MF Market Rent,FT981,"=1/(FY981<>"""")",Backend UI Toggle
MF Market Rent,FT982,"=1/(FY982<>"""")",Backend UI Toggle
MF Market Rent,FT983,"=1/(FY983<>"""")",Backend UI Toggle
MF Market Rent,FT984,"=1/(FY984<>"""")",Backend UI Toggle
MF Market Rent,FT985,"=1/(FY985<>"""")",Backend UI Toggle
MF Market Rent,FT986,"=1/(FY986<>"""")",Backend UI Toggle
MF Market Rent,FT987,"=1/(FY987<>"""")",Backend UI Toggle
MF Market Rent,FT988,"=1/(FY988<>"""")",Backend UI Toggle
MF Market Rent,FT989,"=1/(FY989<>"""")",Backend UI Toggle
MF Market Rent,FT990,"=1/(FY990<>"""")",Backend UI Toggle
MF Market Rent,FT991,"=1/(FY991<>"""")",Backend UI Toggle
MF Market Rent,FT992,"=1/(FY992<>"""")",Backend UI Toggle
MF Market Rent,FT993,"=1/(FY993<>"""")",Backend UI Toggle
MF Market Rent,FT994,"=1/(FY994<>"""")",Backend UI Toggle
MF Market Rent,FT995,"=1/(FY995<>"""")",Backend UI Toggle
MF Market Rent,FT996,"=1/(FY996<>"""")",Backend UI Toggle
MF Market Rent,FT997,"=1/(FY997<>"""")",Backend UI Toggle
MF Market Rent,FT998,"=1/(FY998<>"""")",Backend UI Toggle
MF Market Rent,FT999,"=1/(FY999<>"""")",Backend UI Toggle
MF Market Rent,FT1000,"=1/(FY1000<>"""")",Backend UI Toggle
MF Market Rent,FT1001,"=1/(FY1001<>"""")",Backend UI Toggle
MF Market Rent,FT1002,"=1/(FY1002<>"""")",Backend UI Toggle
MF Market Rent,FT1003,"=1/(FY1003<>"""")",Backend UI Toggle
MF Market Rent,FT1004,"=1/(FY1004<>"""")",Backend UI Toggle
MF Market Rent,FT1005,"=1/(FY1005<>"""")",Backend UI Toggle
MF Market Rent,FT1006,"=1/(FY1006<>"""")",Backend UI Toggle
MF Market Rent,FT1007,"=1/(FY1007<>"""")",Backend UI Toggle
MF Market Rent,FT1008,"=1/(FY1008<>"""")",Backend UI Toggle
MF Market Rent,FT1009,"=1/(FY1009<>"""")",Backend UI Toggle
MF Market Rent,FT1010,"=1/(FY1010<>"""")",Backend UI Toggle
MF Market Rent,FT1011,"=1/(FY1011<>"""")",Backend UI Toggle
MF Market Rent,FT1012,"=1/(FY1012<>"""")",Backend UI Toggle
MF Market Rent,FT1013,"=1/(FY1013<>"""")",Backend UI Toggle
MF Market Rent,FT1014,"=1/(FY1014<>"""")",Backend UI Toggle
MF Market Rent,FT1015,"=1/(FY1015<>"""")",Backend UI Toggle
MF Market Rent,FT1016,"=1/(FY1016<>"""")",Backend UI Toggle
MF Market Rent,FT1017,"=1/(FY1017<>"""")",Backend UI Toggle
MF Market Rent,FT1018,"=1/(FY1018<>"""")",Backend UI Toggle
MF Market Rent,FT1019,"=1/(FY1019<>"""")",Backend UI Toggle
MF Market Rent,FT1020,"=1/(FY1020<>"""")",Backend UI Toggle
MF Market Rent,FT1021,"=1/(FY1021<>"""")",Backend UI Toggle
MF Market Rent,FT1022,"=1/(FY1022<>"""")",Backend UI Toggle
MF Market Rent,FT1023,"=1/(FY1023<>"""")",Backend UI Toggle
MF Market Rent,FT1024,"=1/(FY1024<>"""")",Backend UI Toggle
MF Market Rent,FT1025,"=1/(FY1025<>"""")",Backend UI Toggle
MF Market Rent,FT1026,"=1/(FY1026<>"""")",Backend UI Toggle
MF Market Rent,FT1027,"=1/(FY1027<>"""")",Backend UI Toggle
MF Market Rent,FT1028,"=1/(FY1028<>"""")",Backend UI Toggle
MF Market Rent,FT1029,"=1/(FY1029<>"""")",Backend UI Toggle
MF Market Rent,FT1030,"=1/(FY1030<>"""")",Backend UI Toggle
MF Market Rent,FT1031,"=1/(FY1031<>"""")",Backend UI Toggle
MF Market Rent,FT1032,"=1/(FY1032<>"""")",Backend UI Toggle
MF Market Rent,FT1033,"=1/(FY1033<>"""")",Backend UI Toggle
MF Market Rent,FT1034,"=1/(FY1034<>"""")",Backend UI Toggle
MF Market Rent,FT1035,"=1/(FY1035<>"""")",Backend UI Toggle
MF Market Rent,FT1036,"=1/(FY1036<>"""")",Backend UI Toggle
MF Market Rent,FT1037,"=1/(FY1037<>"""")",Backend UI Toggle
MF Market Rent,FT1038,"=1/(FY1038<>"""")",Backend UI Toggle
MF Market Rent,FT1039,"=1/(FY1039<>"""")",Backend UI Toggle
MF Market Rent,FT1040,"=1/(FY1040<>"""")",Backend UI Toggle
MF Market Rent,FT1041,"=1/(FY1041<>"""")",Backend UI Toggle
MF Market Rent,FT1042,"=1/(FY1042<>"""")",Backend UI Toggle
MF Market Rent,FT1043,"=1/(FY1043<>"""")",Backend UI Toggle
MF Market Rent,FT1044,"=1/(FY1044<>"""")",Backend UI Toggle
MF Market Rent,FT1045,"=1/(FY1045<>"""")",Backend UI Toggle
MF Market Rent,FT1046,"=1/(FY1046<>"""")",Backend UI Toggle
MF Market Rent,FT1047,"=1/(FY1047<>"""")",Backend UI Toggle
MF Market Rent,FT1048,"=1/(FY1048<>"""")",Backend UI Toggle
MF Market Rent,FT1049,"=1/(FY1049<>"""")",Backend UI Toggle
MF Market Rent,FT1050,"=1/(FY1050<>"""")",Backend UI Toggle
MF Market Rent,FT1051,"=1/(FY1051<>"""")",Backend UI Toggle
MF Market Rent,FT1052,"=1/(FY1052<>"""")",Backend UI Toggle
MF Market Rent,FT1053,"=1/(FY1053<>"""")",Backend UI Toggle
MF Market Rent,FT1054,"=1/(FY1054<>"""")",Backend UI Toggle
MF Market Rent,FT1055,"=1/(FY1055<>"""")",Backend UI Toggle
MF Market Rent,FT1056,"=1/(FY1056<>"""")",Backend UI Toggle
MF Market Rent,FT1057,"=1/(FY1057<>"""")",Backend UI Toggle
MF Market Rent,FT1058,"=1/(FY1058<>"""")",Backend UI Toggle
MF Market Rent,FT1059,"=1/(FY1059<>"""")",Backend UI Toggle
MF Market Rent,FT1060,"=1/(FY1060<>"""")",Backend UI Toggle
MF Market Rent,FT1061,"=1/(FY1061<>"""")",Backend UI Toggle
MF Market Rent,FT1062,"=1/(FY1062<>"""")",Backend UI Toggle
MF Market Rent,FT1063,"=1/(FY1063<>"""")",Backend UI Toggle
MF Market Rent,FT1064,"=1/(FY1064<>"""")",Backend UI Toggle
MF Market Rent,FT1065,"=1/(FY1065<>"""")",Backend UI Toggle
MF Market Rent,FT1066,"=1/(FY1066<>"""")",Backend UI Toggle
MF Market Rent,FT1067,"=1/(FY1067<>"""")",Backend UI Toggle
MF Market Rent,FT1068,"=1/(FY1068<>"""")",Backend UI Toggle
MF Market Rent,FT1069,"=1/(FY1069<>"""")",Backend UI Toggle
MF Market Rent,FT1070,"=1/(FY1070<>"""")",Backend UI Toggle
MF Market Rent,FT1071,"=1/(FY1071<>"""")",Backend UI Toggle
MF Market Rent,FT1072,"=1/(FY1072<>"""")",Backend UI Toggle
MF Market Rent,FT1073,"=1/(FY1073<>"""")",Backend UI Toggle
MF Market Rent,FT1074,"=1/(FY1074<>"""")",Backend UI Toggle
MF Market Rent,FT1075,"=1/(FY1075<>"""")",Backend UI Toggle
MF Market Rent,FT1076,"=1/(FY1076<>"""")",Backend UI Toggle
MF Market Rent,FT1077,"=1/(FY1077<>"""")",Backend UI Toggle
MF Market Rent,FT1078,"=1/(FY1078<>"""")",Backend UI Toggle
MF Market Rent,FT1079,"=1/(FY1079<>"""")",Backend UI Toggle
MF Market Rent,FT1080,"=1/(FY1080<>"""")",Backend UI Toggle
MF Market Rent,FT1081,"=1/(FY1081<>"""")",Backend UI Toggle
MF Market Rent,FT1082,"=1/(FY1082<>"""")",Backend UI Toggle
MF Market Rent,FT1083,"=1/(FY1083<>"""")",Backend UI Toggle
MF Market Rent,FT1084,"=1/(FY1084<>"""")",Backend UI Toggle
MF Market Rent,FT1085,"=1/(FY1085<>"""")",Backend UI Toggle
MF Market Rent,FT1086,"=1/(FY1086<>"""")",Backend UI Toggle
MF Market Rent,FT1087,"=1/(FY1087<>"""")",Backend UI Toggle
MF Market Rent,FT1088,"=1/(FY1088<>"""")",Backend UI Toggle
MF Market Rent,FT1089,"=1/(FY1089<>"""")",Backend UI Toggle
MF Market Rent,FT1090,"=1/(FY1090<>"""")",Backend UI Toggle
MF Market Rent,FT1091,"=1/(FY1091<>"""")",Backend UI Toggle
MF Market Rent,FT1092,"=1/(FY1092<>"""")",Backend UI Toggle
MF Market Rent,FT1093,"=1/(FY1093<>"""")",Backend UI Toggle
MF Market Rent,FT1094,"=1/(FY1094<>"""")",Backend UI Toggle
MF Market Rent,FT1095,"=1/(FY1095<>"""")",Backend UI Toggle
MF Market Rent,FT1096,"=1/(FY1096<>"""")",Backend UI Toggle
MF Market Rent,FT1097,"=1/(FY1097<>"""")",Backend UI Toggle
MF Market Rent,FT1098,"=1/(FY1098<>"""")",Backend UI Toggle
MF Market Rent,FT1099,"=1/(FY1099<>"""")",Backend UI Toggle
MF Market Rent,FT1100,"=1/(FY1100<>"""")",Backend UI Toggle
MF Market Rent,FT1101,"=1/(FY1101<>"""")",Backend UI Toggle
MF Market Rent,FT1102,"=1/(FY1102<>"""")",Backend UI Toggle
MF Market Rent,FT1103,"=1/(FY1103<>"""")",Backend UI Toggle
MF Market Rent,FT1104,"=1/(FY1104<>"""")",Backend UI Toggle
MF Market Rent,FT1105,"=1/(FY1105<>"""")",Backend UI Toggle
MF Market Rent,FT1106,"=1/(FY1106<>"""")",Backend UI Toggle
MF Market Rent,FT1107,"=1/(FY1107<>"""")",Backend UI Toggle
MF Market Rent,FT1108,"=1/(FY1108<>"""")",Backend UI Toggle
MF Market Rent,FT1109,"=1/(FY1109<>"""")",Backend UI Toggle
MF Market Rent,FT1110,"=1/(FY1110<>"""")",Backend UI Toggle
MF Market Rent,FT1111,"=1/(FY1111<>"""")",Backend UI Toggle
MF Market Rent,FT1112,"=1/(FY1112<>"""")",Backend UI Toggle
MF Market Rent,FT1113,"=1/(FY1113<>"""")",Backend UI Toggle
MF Market Rent,FT1114,"=1/(FY1114<>"""")",Backend UI Toggle
MF Market Rent,FT1115,"=1/(FY1115<>"""")",Backend UI Toggle
MF Market Rent,FT1116,"=1/(FY1116<>"""")",Backend UI Toggle
MF Market Rent,FT1117,"=1/(FY1117<>"""")",Backend UI Toggle
MF Market Rent,FT1118,"=1/(FY1118<>"""")",Backend UI Toggle
MF Market Rent,FT1119,"=1/(FY1119<>"""")",Backend UI Toggle
MF Market Rent,FT1120,"=1/(FY1120<>"""")",Backend UI Toggle
MF Market Rent,FT1121,"=1/(FY1121<>"""")",Backend UI Toggle
MF Market Rent,FT1122,"=1/(FY1122<>"""")",Backend UI Toggle
MF Market Rent,FT1123,"=1/(FY1123<>"""")",Backend UI Toggle
MF Market Rent,FT1124,"=1/(($GF$582<>""No""))",Backend UI Toggle
MF Market Rent,FT1125,"=1/(($GF$582<>""No""))",Backend UI Toggle
MF Market Rent,FT1127,"=1/(FY1127<>"""")",Backend UI Toggle
MF Market Rent,FT1128,"=1/((FY1128<>"""")+(FZ1128<>"""")+((GA1128<>"""")*(GA1128>0)))",Backend UI Toggle
MF Market Rent,FT1129,"=1/((FY1129<>"""")+(FZ1129<>"""")+((GA1129<>"""")*(GA1129>0)))",Backend UI Toggle
MF Market Rent,FT1130,"=1/((FY1130<>"""")+(FZ1130<>"""")+((GA1130<>"""")*(GA1130>0)))",Backend UI Toggle
MF Market Rent,FT1131,"=1/((FY1131<>"""")+(FZ1131<>"""")+((GA1131<>"""")*(GA1131>0)))",Backend UI Toggle
MF Market Rent,FT1132,"=1/((FY1132<>"""")+(FZ1132<>"""")+((GA1132<>"""")*(GA1132>0)))",Backend UI Toggle
MF Market Rent,FT1133,"=1/((FY1133<>"""")+(FZ1133<>"""")+((GA1133<>"""")*(GA1133>0)))",Backend UI Toggle
MF Market Rent,FT1134,"=1/((FY1134<>"""")+(FZ1134<>"""")+((GA1134<>"""")*(GA1134>0)))",Backend UI Toggle
MF Market Rent,FT1135,"=1/((FY1135<>"""")+(FZ1135<>"""")+((GA1135<>"""")*(GA1135>0)))",Backend UI Toggle
MF Market Rent,FT1136,"=1/((FY1136<>"""")+(FZ1136<>"""")+((GA1136<>"""")*(GA1136>0)))",Backend UI Toggle
MF Market Rent,FT1137,"=1/((FY1137<>"""")+(FZ1137<>"""")+((GA1137<>"""")*(GA1137>0)))",Backend UI Toggle
MF Market Rent,FT1138,"=1/((FY1138<>"""")+(FZ1138<>"""")+((GA1138<>"""")*(GA1138>0)))",Backend UI Toggle
MF Market Rent,FT1139,"=1/((FY1139<>"""")+(FZ1139<>"""")+((GA1139<>"""")*(GA1139>0)))",Backend UI Toggle
MF Market Rent,FT1140,"=1/((FY1140<>"""")+(FZ1140<>"""")+((GA1140<>"""")*(GA1140>0)))",Backend UI Toggle
MF Market Rent,FT1141,"=1/((FY1141<>"""")+(FZ1141<>"""")+((GA1141<>"""")*(GA1141>0)))",Backend UI Toggle
MF Market Rent,FT1142,"=1/((FY1142<>"""")+(FZ1142<>"""")+((GA1142<>"""")*(GA1142>0)))",Backend UI Toggle
MF Market Rent,FT1143,"=1/((FY1143<>"""")+(FZ1143<>"""")+((GA1143<>"""")*(GA1143>0)))",Backend UI Toggle
MF Market Rent,FT1144,"=1/((FY1144<>"""")+(FZ1144<>"""")+((GA1144<>"""")*(GA1144>0)))",Backend UI Toggle
MF Market Rent,FT1145,"=1/((FY1145<>"""")+(FZ1145<>"""")+((GA1145<>"""")*(GA1145>0)))",Backend UI Toggle
MF Market Rent,FT1146,"=1/((FY1146<>"""")+(FZ1146<>"""")+((GA1146<>"""")*(GA1146>0)))",Backend UI Toggle
MF Market Rent,FT1147,"=1/((FY1147<>"""")+(FZ1147<>"""")+((GA1147<>"""")*(GA1147>0)))",Backend UI Toggle
MF Market Rent,FT1148,"=1/((FY1148<>"""")+(FZ1148<>"""")+((GA1148<>"""")*(GA1148>0)))",Backend UI Toggle
MF Market Rent,FT1149,"=1/((FY1149<>"""")+(FZ1149<>"""")+((GA1149<>"""")*(GA1149>0)))",Backend UI Toggle
MF Market Rent,FT1150,"=1/((FY1150<>"""")+(FZ1150<>"""")+((GA1150<>"""")*(GA1150>0)))",Backend UI Toggle
MF Market Rent,FT1151,"=1/((FY1151<>"""")+(FZ1151<>"""")+((GA1151<>"""")*(GA1151>0)))",Backend UI Toggle
MF Market Rent,FT1152,"=1/((FY1152<>"""")+(FZ1152<>"""")+((GA1152<>"""")*(GA1152>0)))",Backend UI Toggle
MF Market Rent,FT1153,"=1/((FY1153<>"""")+(FZ1153<>"""")+((GA1153<>"""")*(GA1153>0)))",Backend UI Toggle
MF Market Rent,FT1154,"=1/((FY1154<>"""")+(FZ1154<>"""")+((GA1154<>"""")*(GA1154>0)))",Backend UI Toggle
MF Market Rent,FT1155,"=1/((FY1155<>"""")+(FZ1155<>"""")+((GA1155<>"""")*(GA1155>0)))",Backend UI Toggle
MF Market Rent,FT1156,"=1/((FY1156<>"""")+(FZ1156<>"""")+((GA1156<>"""")*(GA1156>0)))",Backend UI Toggle
MF Market Rent,FT1157,"=1/((FY1157<>"""")+(FZ1157<>"""")+((GA1157<>"""")*(GA1157>0)))",Backend UI Toggle
MF Market Rent,FT1173,"=1/(FY1173<>"""")",Backend UI Toggle
MF Market Rent,FT1174,"=1/(FY1174<>"""")",Backend UI Toggle
MF Market Rent,FT1175,"=1/(FY1175<>"""")",Backend UI Toggle
MF Market Rent,FT1176,"=1/(FY1176<>"""")",Backend UI Toggle
MF Market Rent,FT1177,"=1/(FY1177<>"""")",Backend UI Toggle
MF Market Rent,FT1178,"=1/(FY1178<>"""")",Backend UI Toggle
MF Market Rent,FT1179,"=1/(FY1179<>"""")",Backend UI Toggle
MF Market Rent,FT1180,"=1/(FY1180<>"""")",Backend UI Toggle
MF Market Rent,FT1181,"=1/(FY1181<>"""")",Backend UI Toggle
MF Market Rent,FT1182,"=1/(FY1182<>"""")",Backend UI Toggle
MF Market Rent,FT1183,"=1/(FY1183<>"""")",Backend UI Toggle
MF Market Rent,FT1184,"=1/(FY1184<>"""")",Backend UI Toggle
MF Market Rent,FT1185,"=1/(FY1185<>"""")",Backend UI Toggle
MF Market Rent,FT1186,"=1/(FY1186<>"""")",Backend UI Toggle
MF Market Rent,FT1187,"=1/(FY1187<>"""")",Backend UI Toggle
MF Market Rent,FT1188,"=1/(FY1188<>"""")",Backend UI Toggle
MF Market Rent,FT1189,"=1/(FY1189<>"""")",Backend UI Toggle
MF Market Rent,FT1190,"=1/(FY1190<>"""")",Backend UI Toggle
MF Market Rent,FT1191,"=1/(FY1191<>"""")",Backend UI Toggle
MF Market Rent,FT1192,"=1/(FY1192<>"""")",Backend UI Toggle
MF Market Rent,FT1193,"=1/(FY1193<>"""")",Backend UI Toggle
MF Market Rent,FT1194,"=1/(FY1194<>"""")",Backend UI Toggle
MF Market Rent,FT1195,"=1/(FY1195<>"""")",Backend UI Toggle
MF Market Rent,FT1196,"=1/(FY1196<>"""")",Backend UI Toggle
MF Market Rent,FT1197,"=1/(FY1197<>"""")",Backend UI Toggle
MF Market Rent,FT1198,"=1/(FY1198<>"""")",Backend UI Toggle
MF Market Rent,FT1199,"=1/(FY1199<>"""")",Backend UI Toggle
MF Market Rent,FT1200,"=1/(FY1200<>"""")",Backend UI Toggle
MF Market Rent,FT1201,"=1/(FY1201<>"""")",Backend UI Toggle
MF Market Rent,FT1202,"=1/(FY1202<>"""")",Backend UI Toggle
MF Market Rent,FT1203,"=1/(FY1203<>"""")",Backend UI Toggle
MF Market Rent,FT1204,"=1/(FY1204<>"""")",Backend UI Toggle
MF Market Rent,FT1205,"=1/(FY1205<>"""")",Backend UI Toggle
MF Market Rent,FT1206,"=1/(FY1206<>"""")",Backend UI Toggle
MF Market Rent,FT1207,"=1/(FY1207<>"""")",Backend UI Toggle
MF Market Rent,FT1208,"=1/(FY1208<>"""")",Backend UI Toggle
MF Market Rent,FT1209,"=1/(FY1209<>"""")",Backend UI Toggle
MF Market Rent,FT1210,"=1/(FY1210<>"""")",Backend UI Toggle
MF Market Rent,FT1211,"=1/(FY1211<>"""")",Backend UI Toggle
MF Market Rent,FT1212,"=1/(FY1212<>"""")",Backend UI Toggle
MF Market Rent,FT1213,"=1/(FY1213<>"""")",Backend UI Toggle
MF Market Rent,FT1214,"=1/(FY1214<>"""")",Backend UI Toggle
MF Market Rent,FT1215,"=1/(FY1215<>"""")",Backend UI Toggle
MF Market Rent,FT1216,"=1/(FY1216<>"""")",Backend UI Toggle
MF Market Rent,FT1217,"=1/(FY1217<>"""")",Backend UI Toggle
MF Market Rent,FT1218,"=1/(FY1218<>"""")",Backend UI Toggle
MF Market Rent,FT1219,"=1/(FY1219<>"""")",Backend UI Toggle
MF Market Rent,FT1220,"=1/(FY1220<>"""")",Backend UI Toggle
MF Market Rent,FT1221,"=1/(FY1221<>"""")",Backend UI Toggle
MF Market Rent,FT1222,"=1/(FY1222<>"""")",Backend UI Toggle
MF Market Rent,FT1223,"=1/(FY1223<>"""")",Backend UI Toggle
MF Market Rent,FT1224,"=1/(FY1224<>"""")",Backend UI Toggle
MF Market Rent,FT1225,"=1/(FY1225<>"""")",Backend UI Toggle
MF Market Rent,FT1226,"=1/(FY1226<>"""")",Backend UI Toggle
MF Market Rent,FT1227,"=1/(FY1227<>"""")",Backend UI Toggle
MF Market Rent,FT1228,"=1/(FY1228<>"""")",Backend UI Toggle
MF Market Rent,FT1229,"=1/(FY1229<>"""")",Backend UI Toggle
MF Market Rent,FT1230,"=1/(FY1230<>"""")",Backend UI Toggle
MF Market Rent,FT1231,"=1/(FY1231<>"""")",Backend UI Toggle
MF Market Rent,FT1232,"=1/(FY1232<>"""")",Backend UI Toggle
MF Market Rent,FT1233,"=1/(FY1233<>"""")",Backend UI Toggle
MF Market Rent,FT1234,"=1/(FY1234<>"""")",Backend UI Toggle
MF Market Rent,FT1235,"=1/(FY1235<>"""")",Backend UI Toggle
MF Market Rent,FT1236,"=1/(FY1236<>"""")",Backend UI Toggle
MF Market Rent,FT1237,"=1/(FY1237<>"""")",Backend UI Toggle
MF Market Rent,FT1238,"=1/(FY1238<>"""")",Backend UI Toggle
MF Market Rent,FT1239,"=1/(FY1239<>"""")",Backend UI Toggle
MF Market Rent,FT1240,"=1/(FY1240<>"""")",Backend UI Toggle
MF Market Rent,FT1241,"=1/(FY1241<>"""")",Backend UI Toggle
MF Market Rent,FT1242,"=1/(FY1242<>"""")",Backend UI Toggle
MF Market Rent,FT1243,"=1/(FY1243<>"""")",Backend UI Toggle
MF Market Rent,FT1244,"=1/(FY1244<>"""")",Backend UI Toggle
MF Market Rent,FT1245,"=1/(FY1245<>"""")",Backend UI Toggle
MF Market Rent,FT1246,"=1/(FY1246<>"""")",Backend UI Toggle
MF Market Rent,FT1247,"=1/(FY1247<>"""")",Backend UI Toggle
MF Market Rent,FT1248,"=1/(FY1248<>"""")",Backend UI Toggle
MF Market Rent,FT1249,"=1/(FY1249<>"""")",Backend UI Toggle
MF Market Rent,FT1250,"=1/(FY1250<>"""")",Backend UI Toggle
MF Market Rent,FT1251,"=1/(FY1251<>"""")",Backend UI Toggle
MF Market Rent,FT1252,"=1/(FY1252<>"""")",Backend UI Toggle
MF Market Rent,FT1253,"=1/(FY1253<>"""")",Backend UI Toggle
MF Market Rent,FT1254,"=1/(FY1254<>"""")",Backend UI Toggle
MF Market Rent,FT1255,"=1/(FY1255<>"""")",Backend UI Toggle
MF Market Rent,FT1256,"=1/(FY1256<>"""")",Backend UI Toggle
MF Market Rent,FT1257,"=1/(FY1257<>"""")",Backend UI Toggle
MF Market Rent,FT1258,"=1/(FY1258<>"""")",Backend UI Toggle
MF Market Rent,FT1259,"=1/(FY1259<>"""")",Backend UI Toggle
MF Market Rent,FT1260,"=1/(FY1260<>"""")",Backend UI Toggle
MF Market Rent,FT1261,"=1/(FY1261<>"""")",Backend UI Toggle
MF Market Rent,FT1262,"=1/(FY1262<>"""")",Backend UI Toggle
MF Market Rent,FT1263,"=1/(FY1263<>"""")",Backend UI Toggle
MF Market Rent,FT1264,"=1/(FY1264<>"""")",Backend UI Toggle
MF Market Rent,FT1265,"=1/(FY1265<>"""")",Backend UI Toggle
MF Market Rent,FT1266,"=1/(FY1266<>"""")",Backend UI Toggle
MF Market Rent,FT1267,"=1/(FY1267<>"""")",Backend UI Toggle
MF Market Rent,FT1268,"=1/(FY1268<>"""")",Backend UI Toggle
MF Market Rent,FT1269,"=1/(FY1269<>"""")",Backend UI Toggle
MF Market Rent,FT1270,"=1/(FY1270<>"""")",Backend UI Toggle
MF Market Rent,FT1271,"=1/(FY1271<>"""")",Backend UI Toggle
MF Market Rent,FT1272,"=1/(FY1272<>"""")",Backend UI Toggle
MF Market Rent,FT1273,"=1/(FY1273<>"""")",Backend UI Toggle
MF Market Rent,FT1274,"=1/(FY1274<>"""")",Backend UI Toggle
MF Market Rent,FT1275,"=1/(FY1275<>"""")",Backend UI Toggle
MF Market Rent,FT1276,"=1/(FY1276<>"""")",Backend UI Toggle
MF Market Rent,FT1277,"=1/(FY1277<>"""")",Backend UI Toggle
MF Market Rent,FT1278,"=1/(FY1278<>"""")",Backend UI Toggle
MF Market Rent,FT1279,"=1/(FY1279<>"""")",Backend UI Toggle
MF Market Rent,FT1280,"=1/(FY1280<>"""")",Backend UI Toggle
MF Market Rent,FT1281,"=1/(FY1281<>"""")",Backend UI Toggle
MF Market Rent,FT1282,"=1/(FY1282<>"""")",Backend UI Toggle
MF Market Rent,FT1283,"=1/(FY1283<>"""")",Backend UI Toggle
MF Market Rent,FT1284,"=1/(FY1284<>"""")",Backend UI Toggle
MF Market Rent,FT1285,"=1/(FY1285<>"""")",Backend UI Toggle
MF Market Rent,FT1286,"=1/(FY1286<>"""")",Backend UI Toggle
MF Market Rent,FT1287,"=1/(FY1287<>"""")",Backend UI Toggle
MF Market Rent,FT1288,"=1/(FY1288<>"""")",Backend UI Toggle
MF Market Rent,FT1289,"=1/(FY1289<>"""")",Backend UI Toggle
MF Market Rent,FT1290,"=1/(FY1290<>"""")",Backend UI Toggle
MF Market Rent,FT1291,"=1/(FY1291<>"""")",Backend UI Toggle
MF Market Rent,FT1292,"=1/(FY1292<>"""")",Backend UI Toggle
MF Market Rent,FT1293,"=1/(FY1293<>"""")",Backend UI Toggle
MF Market Rent,FT1294,"=1/(FY1294<>"""")",Backend UI Toggle
MF Market Rent,FT1295,"=1/(FY1295<>"""")",Backend UI Toggle
MF Market Rent,FT1296,"=1/(FY1296<>"""")",Backend UI Toggle
MF Market Rent,FT1297,"=1/(FY1297<>"""")",Backend UI Toggle
MF Market Rent,FT1298,"=1/(FY1298<>"""")",Backend UI Toggle
MF Market Rent,FT1299,"=1/(FY1299<>"""")",Backend UI Toggle
MF Market Rent,FT1300,"=1/(FY1300<>"""")",Backend UI Toggle
MF Market Rent,FT1301,"=1/(FY1301<>"""")",Backend UI Toggle
MF Market Rent,FT1302,"=1/(FY1302<>"""")",Backend UI Toggle
MF Market Rent,FT1303,"=1/(FY1303<>"""")",Backend UI Toggle
MF Market Rent,FT1304,"=1/(FY1304<>"""")",Backend UI Toggle
MF Market Rent,FT1305,"=1/(FY1305<>"""")",Backend UI Toggle
MF Market Rent,FT1306,"=1/(FY1306<>"""")",Backend UI Toggle
MF Market Rent,FT1307,"=1/(FY1307<>"""")",Backend UI Toggle
MF Market Rent,FT1308,"=1/(FY1308<>"""")",Backend UI Toggle
MF Market Rent,FT1309,"=1/(FY1309<>"""")",Backend UI Toggle
MF Market Rent,FT1310,"=1/(FY1310<>"""")",Backend UI Toggle
MF Market Rent,FT1311,"=1/(FY1311<>"""")",Backend UI Toggle
MF Market Rent,FT1312,"=1/(FY1312<>"""")",Backend UI Toggle
MF Market Rent,FT1313,"=1/(FY1313<>"""")",Backend UI Toggle
MF Market Rent,FT1314,"=1/(FY1314<>"""")",Backend UI Toggle
MF Market Rent,FT1315,"=1/(FY1315<>"""")",Backend UI Toggle
MF Market Rent,FT1316,"=1/(FY1316<>"""")",Backend UI Toggle
MF Market Rent,FT1317,"=1/(FY1317<>"""")",Backend UI Toggle
MF Market Rent,FT1318,"=1/(FY1318<>"""")",Backend UI Toggle
MF Market Rent,FT1319,"=1/(FY1319<>"""")",Backend UI Toggle
MF Market Rent,FT1320,"=1/(FY1320<>"""")",Backend UI Toggle
MF Market Rent,FT1321,"=1/(FY1321<>"""")",Backend UI Toggle
MF Market Rent,FT1322,"=1/(FY1322<>"""")",Backend UI Toggle
MF Market Rent,FT1323,"=1/(FY1323<>"""")",Backend UI Toggle
MF Market Rent,FT1324,"=1/(FY1324<>"""")",Backend UI Toggle
MF Market Rent,FT1325,"=1/(FY1325<>"""")",Backend UI Toggle
MF Market Rent,FT1326,"=1/(FY1326<>"""")",Backend UI Toggle
MF Market Rent,FT1327,"=1/(FY1327<>"""")",Backend UI Toggle
MF Market Rent,FT1328,"=1/(FY1328<>"""")",Backend UI Toggle
MF Market Rent,FT1329,"=1/(FY1329<>"""")",Backend UI Toggle
MF Market Rent,FT1330,"=1/(FY1330<>"""")",Backend UI Toggle
MF Market Rent,FT1331,"=1/(FY1331<>"""")",Backend UI Toggle
MF Market Rent,FT1332,"=1/(FY1332<>"""")",Backend UI Toggle
MF Market Rent,FT1333,"=1/(FY1333<>"""")",Backend UI Toggle
MF Market Rent,FT1334,"=1/(FY1334<>"""")",Backend UI Toggle
MF Market Rent,FT1335,"=1/(FY1335<>"""")",Backend UI Toggle
MF Market Rent,FT1336,"=1/(FY1336<>"""")",Backend UI Toggle
MF Market Rent,FT1337,"=1/(FY1337<>"""")",Backend UI Toggle
MF Market Rent,FT1338,"=1/(FY1338<>"""")",Backend UI Toggle
MF Market Rent,FT1339,"=1/(FY1339<>"""")",Backend UI Toggle
MF Market Rent,FT1340,"=1/(FY1340<>"""")",Backend UI Toggle
MF Market Rent,FT1341,"=1/(FY1341<>"""")",Backend UI Toggle
MF Market Rent,FT1342,"=1/(FY1342<>"""")",Backend UI Toggle
MF Market Rent,FT1343,"=1/(FY1343<>"""")",Backend UI Toggle
MF Market Rent,FT1344,"=1/(FY1344<>"""")",Backend UI Toggle
MF Market Rent,FT1345,"=1/(FY1345<>"""")",Backend UI Toggle
MF Market Rent,FT1346,"=1/(FY1346<>"""")",Backend UI Toggle
MF Market Rent,FT1347,"=1/(FY1347<>"""")",Backend UI Toggle
MF Market Rent,FT1348,"=1/(FY1348<>"""")",Backend UI Toggle
MF Market Rent,FT1349,"=1/(FY1349<>"""")",Backend UI Toggle
MF Market Rent,FT1350,"=1/(FY1350<>"""")",Backend UI Toggle
MF Market Rent,FT1351,"=1/(FY1351<>"""")",Backend UI Toggle
MF Market Rent,FT1352,"=1/(FY1352<>"""")",Backend UI Toggle
MF Market Rent,FT1353,"=1/(FY1353<>"""")",Backend UI Toggle
MF Market Rent,FT1354,"=1/(FY1354<>"""")",Backend UI Toggle
MF Market Rent,FT1355,"=1/(FY1355<>"""")",Backend UI Toggle
MF Market Rent,FT1356,"=1/(FY1356<>"""")",Backend UI Toggle
MF Market Rent,FT1357,"=1/(FY1357<>"""")",Backend UI Toggle
MF Market Rent,FT1358,"=1/(FY1358<>"""")",Backend UI Toggle
MF Market Rent,FT1359,"=1/(FY1359<>"""")",Backend UI Toggle
MF Market Rent,FT1360,"=1/(FY1360<>"""")",Backend UI Toggle
MF Market Rent,FT1361,"=1/(FY1361<>"""")",Backend UI Toggle
MF Market Rent,FT1362,"=1/(FY1362<>"""")",Backend UI Toggle
MF Market Rent,FT1363,"=1/(FY1363<>"""")",Backend UI Toggle
MF Market Rent,FT1364,"=1/(FY1364<>"""")",Backend UI Toggle
MF Market Rent,FT1365,"=1/(FY1365<>"""")",Backend UI Toggle
MF Market Rent,FT1366,"=1/(FY1366<>"""")",Backend UI Toggle
MF Market Rent,FT1367,"=1/(FY1367<>"""")",Backend UI Toggle
MF Market Rent,FT1368,"=1/(FY1368<>"""")",Backend UI Toggle
MF Market Rent,FT1369,"=1/(FY1369<>"""")",Backend UI Toggle
MF Market Rent,FT1370,"=1/(FY1370<>"""")",Backend UI Toggle
MF Market Rent,FT1371,"=1/(FY1371<>"""")",Backend UI Toggle
MF Market Rent,FT1372,"=1/(FY1372<>"""")",Backend UI Toggle
MF Market Rent,FT1373,"=1/(FY1373<>"""")",Backend UI Toggle
MF Market Rent,FT1374,"=1/(FY1374<>"""")",Backend UI Toggle
MF Market Rent,FT1375,"=1/(FY1375<>"""")",Backend UI Toggle
MF Market Rent,FT1376,"=1/(FY1376<>"""")",Backend UI Toggle
MF Market Rent,FT1377,"=1/(FY1377<>"""")",Backend UI Toggle
MF Market Rent,FT1378,"=1/(FY1378<>"""")",Backend UI Toggle
MF Market Rent,FT1379,"=1/(FY1379<>"""")",Backend UI Toggle
MF Market Rent,FT1380,"=1/(FY1380<>"""")",Backend UI Toggle
MF Market Rent,FT1381,"=1/(FY1381<>"""")",Backend UI Toggle
MF Market Rent,FT1382,"=1/(FY1382<>"""")",Backend UI Toggle
MF Market Rent,FT1383,"=1/(FY1383<>"""")",Backend UI Toggle
MF Market Rent,FT1384,"=1/(FY1384<>"""")",Backend UI Toggle
MF Market Rent,FT1385,"=1/(FY1385<>"""")",Backend UI Toggle
MF Market Rent,FT1386,"=1/(FY1386<>"""")",Backend UI Toggle
MF Market Rent,FT1387,"=1/(FY1387<>"""")",Backend UI Toggle
MF Market Rent,FT1388,"=1/(FY1388<>"""")",Backend UI Toggle
MF Market Rent,FT1389,"=1/(FY1389<>"""")",Backend UI Toggle
MF Market Rent,FT1390,"=1/(FY1390<>"""")",Backend UI Toggle
MF Market Rent,FT1391,"=1/(FY1391<>"""")",Backend UI Toggle
MF Market Rent,FT1392,"=1/(FY1392<>"""")",Backend UI Toggle
MF Market Rent,FT1393,"=1/(FY1393<>"""")",Backend UI Toggle
MF Market Rent,FT1394,"=1/(FY1394<>"""")",Backend UI Toggle
MF Market Rent,FT1395,"=1/(FY1395<>"""")",Backend UI Toggle
MF Market Rent,FT1396,"=1/(FY1396<>"""")",Backend UI Toggle
MF Market Rent,FT1397,"=1/(FY1397<>"""")",Backend UI Toggle
MF Market Rent,FT1398,"=1/(FY1398<>"""")",Backend UI Toggle
MF Market Rent,FT1399,"=1/(FY1399<>"""")",Backend UI Toggle
MF Market Rent,FT1400,"=1/(FY1400<>"""")",Backend UI Toggle
MF Market Rent,FT1401,"=1/(FY1401<>"""")",Backend UI Toggle
MF Market Rent,FT1402,"=1/(FY1402<>"""")",Backend UI Toggle
MF Market Rent,FT1403,"=1/(FY1403<>"""")",Backend UI Toggle
MF Market Rent,FT1404,"=1/(FY1404<>"""")",Backend UI Toggle
MF Market Rent,FT1405,"=1/(FY1405<>"""")",Backend UI Toggle
MF Market Rent,FT1406,"=1/(FY1406<>"""")",Backend UI Toggle
MF Market Rent,FT1407,"=1/(FY1407<>"""")",Backend UI Toggle
MF Market Rent,FT1408,"=1/(FY1408<>"""")",Backend UI Toggle
MF Market Rent,FT1409,"=1/(FY1409<>"""")",Backend UI Toggle
MF Market Rent,FT1410,"=1/(FY1410<>"""")",Backend UI Toggle
MF Market Rent,FT1411,"=1/(FY1411<>"""")",Backend UI Toggle
MF Market Rent,FT1412,"=1/(FY1412<>"""")",Backend UI Toggle
MF Market Rent,FT1413,"=1/(($GF$582<>""No""))",Backend UI Toggle
MF Market Rent,FT1414,"=1/(($GF$582<>""No""))",Backend UI Toggle
MF Market Rent,FT1416,"=1/(FY1416<>"""")",Backend UI Toggle
MF Market Rent,FT1417,"=1/((FY1417<>"""")+(FZ1417<>"""")+((GA1417<>"""")*(GA1417>0)))",Backend UI Toggle
MF Market Rent,FT1418,"=1/((FY1418<>"""")+(FZ1418<>"""")+((GA1418<>"""")*(GA1418>0)))",Backend UI Toggle
MF Market Rent,FT1419,"=1/((FY1419<>"""")+(FZ1419<>"""")+((GA1419<>"""")*(GA1419>0)))",Backend UI Toggle
MF Market Rent,FT1420,"=1/((FY1420<>"""")+(FZ1420<>"""")+((GA1420<>"""")*(GA1420>0)))",Backend UI Toggle
MF Market Rent,FT1421,"=1/((FY1421<>"""")+(FZ1421<>"""")+((GA1421<>"""")*(GA1421>0)))",Backend UI Toggle
MF Market Rent,FT1422,"=1/((FY1422<>"""")+(FZ1422<>"""")+((GA1422<>"""")*(GA1422>0)))",Backend UI Toggle
MF Market Rent,FT1423,"=1/((FY1423<>"""")+(FZ1423<>"""")+((GA1423<>"""")*(GA1423>0)))",Backend UI Toggle
MF Market Rent,FT1424,"=1/((FY1424<>"""")+(FZ1424<>"""")+((GA1424<>"""")*(GA1424>0)))",Backend UI Toggle
MF Market Rent,FT1425,"=1/((FY1425<>"""")+(FZ1425<>"""")+((GA1425<>"""")*(GA1425>0)))",Backend UI Toggle
MF Market Rent,FT1426,"=1/((FY1426<>"""")+(FZ1426<>"""")+((GA1426<>"""")*(GA1426>0)))",Backend UI Toggle
MF Market Rent,FT1427,"=1/((FY1427<>"""")+(FZ1427<>"""")+((GA1427<>"""")*(GA1427>0)))",Backend UI Toggle
MF Market Rent,FT1428,"=1/((FY1428<>"""")+(FZ1428<>"""")+((GA1428<>"""")*(GA1428>0)))",Backend UI Toggle
MF Market Rent,FT1429,"=1/((FY1429<>"""")+(FZ1429<>"""")+((GA1429<>"""")*(GA1429>0)))",Backend UI Toggle
MF Market Rent,FT1430,"=1/((FY1430<>"""")+(FZ1430<>"""")+((GA1430<>"""")*(GA1430>0)))",Backend UI Toggle
MF Market Rent,FT1431,"=1/((FY1431<>"""")+(FZ1431<>"""")+((GA1431<>"""")*(GA1431>0)))",Backend UI Toggle
MF Market Rent,FT1432,"=1/((FY1432<>"""")+(FZ1432<>"""")+((GA1432<>"""")*(GA1432>0)))",Backend UI Toggle
MF Market Rent,FT1433,"=1/((FY1433<>"""")+(FZ1433<>"""")+((GA1433<>"""")*(GA1433>0)))",Backend UI Toggle
MF Market Rent,FT1434,"=1/((FY1434<>"""")+(FZ1434<>"""")+((GA1434<>"""")*(GA1434>0)))",Backend UI Toggle
MF Market Rent,FT1435,"=1/((FY1435<>"""")+(FZ1435<>"""")+((GA1435<>"""")*(GA1435>0)))",Backend UI Toggle
MF Market Rent,FT1436,"=1/((FY1436<>"""")+(FZ1436<>"""")+((GA1436<>"""")*(GA1436>0)))",Backend UI Toggle
MF Market Rent,FT1437,"=1/((FY1437<>"""")+(FZ1437<>"""")+((GA1437<>"""")*(GA1437>0)))",Backend UI Toggle
MF Market Rent,FT1438,"=1/((FY1438<>"""")+(FZ1438<>"""")+((GA1438<>"""")*(GA1438>0)))",Backend UI Toggle
MF Market Rent,FT1439,"=1/((FY1439<>"""")+(FZ1439<>"""")+((GA1439<>"""")*(GA1439>0)))",Backend UI Toggle
MF Market Rent,FT1440,"=1/((FY1440<>"""")+(FZ1440<>"""")+((GA1440<>"""")*(GA1440>0)))",Backend UI Toggle
MF Market Rent,FT1441,"=1/((FY1441<>"""")+(FZ1441<>"""")+((GA1441<>"""")*(GA1441>0)))",Backend UI Toggle
MF Market Rent,FT1442,"=1/((FY1442<>"""")+(FZ1442<>"""")+((GA1442<>"""")*(GA1442>0)))",Backend UI Toggle
MF Market Rent,FT1443,"=1/((FY1443<>"""")+(FZ1443<>"""")+((GA1443<>"""")*(GA1443>0)))",Backend UI Toggle
MF Market Rent,FT1444,"=1/((FY1444<>"""")+(FZ1444<>"""")+((GA1444<>"""")*(GA1444>0)))",Backend UI Toggle
MF Market Rent,FT1445,"=1/((FY1445<>"""")+(FZ1445<>"""")+((GA1445<>"""")*(GA1445>0)))",Backend UI Toggle
MF Market Rent,FT1446,"=1/((FY1446<>"""")+(FZ1446<>"""")+((GA1446<>"""")*(GA1446>0)))",Backend UI Toggle
MF Market Rent,FT1462,"=1/(FY1462<>"""")",Backend UI Toggle
MF Market Rent,FT1463,"=1/(FY1463<>"""")",Backend UI Toggle
MF Market Rent,FT1464,"=1/(FY1464<>"""")",Backend UI Toggle
MF Market Rent,FT1465,"=1/(FY1465<>"""")",Backend UI Toggle
MF Market Rent,FT1466,"=1/(FY1466<>"""")",Backend UI Toggle
MF Market Rent,FT1467,"=1/(FY1467<>"""")",Backend UI Toggle
MF Market Rent,FT1468,"=1/(FY1468<>"""")",Backend UI Toggle
MF Market Rent,FT1469,"=1/(FY1469<>"""")",Backend UI Toggle
MF Market Rent,FT1470,"=1/(FY1470<>"""")",Backend UI Toggle
MF Market Rent,FT1471,"=1/(FY1471<>"""")",Backend UI Toggle
MF Market Rent,FT1472,"=1/(FY1472<>"""")",Backend UI Toggle
MF Market Rent,FT1473,"=1/(FY1473<>"""")",Backend UI Toggle
MF Market Rent,FT1474,"=1/(FY1474<>"""")",Backend UI Toggle
MF Market Rent,FT1475,"=1/(FY1475<>"""")",Backend UI Toggle
MF Market Rent,FT1476,"=1/(FY1476<>"""")",Backend UI Toggle
MF Market Rent,FT1477,"=1/(FY1477<>"""")",Backend UI Toggle
MF Market Rent,FT1478,"=1/(FY1478<>"""")",Backend UI Toggle
MF Market Rent,FT1479,"=1/(FY1479<>"""")",Backend UI Toggle
MF Market Rent,FT1480,"=1/(FY1480<>"""")",Backend UI Toggle
MF Market Rent,FT1481,"=1/(FY1481<>"""")",Backend UI Toggle
MF Market Rent,FT1482,"=1/(FY1482<>"""")",Backend UI Toggle
MF Market Rent,FT1483,"=1/(FY1483<>"""")",Backend UI Toggle
MF Market Rent,FT1484,"=1/(FY1484<>"""")",Backend UI Toggle
MF Market Rent,FT1485,"=1/(FY1485<>"""")",Backend UI Toggle
MF Market Rent,FT1486,"=1/(FY1486<>"""")",Backend UI Toggle
MF Market Rent,FT1487,"=1/(FY1487<>"""")",Backend UI Toggle
MF Market Rent,FT1488,"=1/(FY1488<>"""")",Backend UI Toggle
MF Market Rent,FT1489,"=1/(FY1489<>"""")",Backend UI Toggle
MF Market Rent,FT1490,"=1/(FY1490<>"""")",Backend UI Toggle
MF Market Rent,FT1491,"=1/(FY1491<>"""")",Backend UI Toggle
MF Market Rent,FT1492,"=1/(FY1492<>"""")",Backend UI Toggle
MF Market Rent,FT1493,"=1/(FY1493<>"""")",Backend UI Toggle
MF Market Rent,FT1494,"=1/(FY1494<>"""")",Backend UI Toggle
MF Market Rent,FT1495,"=1/(FY1495<>"""")",Backend UI Toggle
MF Market Rent,FT1496,"=1/(FY1496<>"""")",Backend UI Toggle
MF Market Rent,FT1497,"=1/(FY1497<>"""")",Backend UI Toggle
MF Market Rent,FT1498,"=1/(FY1498<>"""")",Backend UI Toggle
MF Market Rent,FT1499,"=1/(FY1499<>"""")",Backend UI Toggle
MF Market Rent,FT1500,"=1/(FY1500<>"""")",Backend UI Toggle
MF Market Rent,FT1501,"=1/(FY1501<>"""")",Backend UI Toggle
MF Market Rent,FT1502,"=1/(FY1502<>"""")",Backend UI Toggle
MF Market Rent,FT1503,"=1/(FY1503<>"""")",Backend UI Toggle
MF Market Rent,FT1504,"=1/(FY1504<>"""")",Backend UI Toggle
MF Market Rent,FT1505,"=1/(FY1505<>"""")",Backend UI Toggle
MF Market Rent,FT1506,"=1/(FY1506<>"""")",Backend UI Toggle
MF Market Rent,FT1507,"=1/(FY1507<>"""")",Backend UI Toggle
MF Market Rent,FT1508,"=1/(FY1508<>"""")",Backend UI Toggle
MF Market Rent,FT1509,"=1/(FY1509<>"""")",Backend UI Toggle
MF Market Rent,FT1510,"=1/(FY1510<>"""")",Backend UI Toggle
MF Market Rent,FT1511,"=1/(FY1511<>"""")",Backend UI Toggle
MF Market Rent,FT1512,"=1/(FY1512<>"""")",Backend UI Toggle
MF Market Rent,FT1513,"=1/(FY1513<>"""")",Backend UI Toggle
MF Market Rent,FT1514,"=1/(FY1514<>"""")",Backend UI Toggle
MF Market Rent,FT1515,"=1/(FY1515<>"""")",Backend UI Toggle
MF Market Rent,FT1516,"=1/(FY1516<>"""")",Backend UI Toggle
MF Market Rent,FT1517,"=1/(FY1517<>"""")",Backend UI Toggle
MF Market Rent,FT1518,"=1/(FY1518<>"""")",Backend UI Toggle
MF Market Rent,FT1519,"=1/(FY1519<>"""")",Backend UI Toggle
MF Market Rent,FT1520,"=1/(FY1520<>"""")",Backend UI Toggle
MF Market Rent,FT1521,"=1/(FY1521<>"""")",Backend UI Toggle
MF Market Rent,FT1522,"=1/(FY1522<>"""")",Backend UI Toggle
MF Market Rent,FT1523,"=1/(FY1523<>"""")",Backend UI Toggle
MF Market Rent,FT1524,"=1/(FY1524<>"""")",Backend UI Toggle
MF Market Rent,FT1525,"=1/(FY1525<>"""")",Backend UI Toggle
MF Market Rent,FT1526,"=1/(FY1526<>"""")",Backend UI Toggle
MF Market Rent,FT1527,"=1/(FY1527<>"""")",Backend UI Toggle
MF Market Rent,FT1528,"=1/(FY1528<>"""")",Backend UI Toggle
MF Market Rent,FT1529,"=1/(FY1529<>"""")",Backend UI Toggle
MF Market Rent,FT1530,"=1/(FY1530<>"""")",Backend UI Toggle
MF Market Rent,FT1531,"=1/(FY1531<>"""")",Backend UI Toggle
MF Market Rent,FT1532,"=1/(FY1532<>"""")",Backend UI Toggle
MF Market Rent,FT1533,"=1/(FY1533<>"""")",Backend UI Toggle
MF Market Rent,FT1534,"=1/(FY1534<>"""")",Backend UI Toggle
MF Market Rent,FT1535,"=1/(FY1535<>"""")",Backend UI Toggle
MF Market Rent,FT1536,"=1/(FY1536<>"""")",Backend UI Toggle
MF Market Rent,FT1537,"=1/(FY1537<>"""")",Backend UI Toggle
MF Market Rent,FT1538,"=1/(FY1538<>"""")",Backend UI Toggle
MF Market Rent,FT1539,"=1/(FY1539<>"""")",Backend UI Toggle
MF Market Rent,FT1540,"=1/(FY1540<>"""")",Backend UI Toggle
MF Market Rent,FT1541,"=1/(FY1541<>"""")",Backend UI Toggle
MF Market Rent,FT1542,"=1/(FY1542<>"""")",Backend UI Toggle
MF Market Rent,FT1543,"=1/(FY1543<>"""")",Backend UI Toggle
MF Market Rent,FT1544,"=1/(FY1544<>"""")",Backend UI Toggle
MF Market Rent,FT1545,"=1/(FY1545<>"""")",Backend UI Toggle
MF Market Rent,FT1546,"=1/(FY1546<>"""")",Backend UI Toggle
MF Market Rent,FT1547,"=1/(FY1547<>"""")",Backend UI Toggle
MF Market Rent,FT1548,"=1/(FY1548<>"""")",Backend UI Toggle
MF Market Rent,FT1549,"=1/(FY1549<>"""")",Backend UI Toggle
MF Market Rent,FT1550,"=1/(FY1550<>"""")",Backend UI Toggle
MF Market Rent,FT1551,"=1/(FY1551<>"""")",Backend UI Toggle
MF Market Rent,FT1552,"=1/(FY1552<>"""")",Backend UI Toggle
MF Market Rent,FT1553,"=1/(FY1553<>"""")",Backend UI Toggle
MF Market Rent,FT1554,"=1/(FY1554<>"""")",Backend UI Toggle
MF Market Rent,FT1555,"=1/(FY1555<>"""")",Backend UI Toggle
MF Market Rent,FT1556,"=1/(FY1556<>"""")",Backend UI Toggle
MF Market Rent,FT1557,"=1/(FY1557<>"""")",Backend UI Toggle
MF Market Rent,FT1558,"=1/(FY1558<>"""")",Backend UI Toggle
MF Market Rent,FT1559,"=1/(FY1559<>"""")",Backend UI Toggle
MF Market Rent,FT1560,"=1/(FY1560<>"""")",Backend UI Toggle
MF Market Rent,FT1561,"=1/(FY1561<>"""")",Backend UI Toggle
MF Market Rent,FT1562,"=1/(FY1562<>"""")",Backend UI Toggle
MF Market Rent,FT1563,"=1/(FY1563<>"""")",Backend UI Toggle
MF Market Rent,FT1564,"=1/(FY1564<>"""")",Backend UI Toggle
MF Market Rent,FT1565,"=1/(FY1565<>"""")",Backend UI Toggle
MF Market Rent,FT1566,"=1/(FY1566<>"""")",Backend UI Toggle
MF Market Rent,FT1567,"=1/(FY1567<>"""")",Backend UI Toggle
MF Market Rent,FT1568,"=1/(FY1568<>"""")",Backend UI Toggle
MF Market Rent,FT1569,"=1/(FY1569<>"""")",Backend UI Toggle
MF Market Rent,FT1570,"=1/(FY1570<>"""")",Backend UI Toggle
MF Market Rent,FT1571,"=1/(FY1571<>"""")",Backend UI Toggle
MF Market Rent,FT1572,"=1/(FY1572<>"""")",Backend UI Toggle
MF Market Rent,FT1573,"=1/(FY1573<>"""")",Backend UI Toggle
MF Market Rent,FT1574,"=1/(FY1574<>"""")",Backend UI Toggle
MF Market Rent,FT1575,"=1/(FY1575<>"""")",Backend UI Toggle
MF Market Rent,FT1576,"=1/(FY1576<>"""")",Backend UI Toggle
MF Market Rent,FT1577,"=1/(FY1577<>"""")",Backend UI Toggle
MF Market Rent,FT1578,"=1/(FY1578<>"""")",Backend UI Toggle
MF Market Rent,FT1579,"=1/(FY1579<>"""")",Backend UI Toggle
MF Market Rent,FT1580,"=1/(FY1580<>"""")",Backend UI Toggle
MF Market Rent,FT1581,"=1/(FY1581<>"""")",Backend UI Toggle
MF Market Rent,FT1582,"=1/(FY1582<>"""")",Backend UI Toggle
MF Market Rent,FT1583,"=1/(FY1583<>"""")",Backend UI Toggle
MF Market Rent,FT1584,"=1/(FY1584<>"""")",Backend UI Toggle
MF Market Rent,FT1585,"=1/(FY1585<>"""")",Backend UI Toggle
MF Market Rent,FT1586,"=1/(FY1586<>"""")",Backend UI Toggle
MF Market Rent,FT1587,"=1/(FY1587<>"""")",Backend UI Toggle
MF Market Rent,FT1588,"=1/(FY1588<>"""")",Backend UI Toggle
MF Market Rent,FT1589,"=1/(FY1589<>"""")",Backend UI Toggle
MF Market Rent,FT1590,"=1/(FY1590<>"""")",Backend UI Toggle
MF Market Rent,FT1591,"=1/(FY1591<>"""")",Backend UI Toggle
MF Market Rent,FT1592,"=1/(FY1592<>"""")",Backend UI Toggle
MF Market Rent,FT1593,"=1/(FY1593<>"""")",Backend UI Toggle
MF Market Rent,FT1594,"=1/(FY1594<>"""")",Backend UI Toggle
MF Market Rent,FT1595,"=1/(FY1595<>"""")",Backend UI Toggle
MF Market Rent,FT1596,"=1/(FY1596<>"""")",Backend UI Toggle
MF Market Rent,FT1597,"=1/(FY1597<>"""")",Backend UI Toggle
MF Market Rent,FT1598,"=1/(FY1598<>"""")",Backend UI Toggle
MF Market Rent,FT1599,"=1/(FY1599<>"""")",Backend UI Toggle
MF Market Rent,FT1600,"=1/(FY1600<>"""")",Backend UI Toggle
MF Market Rent,FT1601,"=1/(FY1601<>"""")",Backend UI Toggle
MF Market Rent,FT1602,"=1/(FY1602<>"""")",Backend UI Toggle
MF Market Rent,FT1603,"=1/(FY1603<>"""")",Backend UI Toggle
MF Market Rent,FT1604,"=1/(FY1604<>"""")",Backend UI Toggle
MF Market Rent,FT1605,"=1/(FY1605<>"""")",Backend UI Toggle
MF Market Rent,FT1606,"=1/(FY1606<>"""")",Backend UI Toggle
MF Market Rent,FT1607,"=1/(FY1607<>"""")",Backend UI Toggle
MF Market Rent,FT1608,"=1/(FY1608<>"""")",Backend UI Toggle
MF Market Rent,FT1609,"=1/(FY1609<>"""")",Backend UI Toggle
MF Market Rent,FT1610,"=1/(FY1610<>"""")",Backend UI Toggle
MF Market Rent,FT1611,"=1/(FY1611<>"""")",Backend UI Toggle
MF Market Rent,FT1612,"=1/(FY1612<>"""")",Backend UI Toggle
MF Market Rent,FT1613,"=1/(FY1613<>"""")",Backend UI Toggle
MF Market Rent,FT1614,"=1/(FY1614<>"""")",Backend UI Toggle
MF Market Rent,FT1615,"=1/(FY1615<>"""")",Backend UI Toggle
MF Market Rent,FT1616,"=1/(FY1616<>"""")",Backend UI Toggle
MF Market Rent,FT1617,"=1/(FY1617<>"""")",Backend UI Toggle
MF Market Rent,FT1618,"=1/(FY1618<>"""")",Backend UI Toggle
MF Market Rent,FT1619,"=1/(FY1619<>"""")",Backend UI Toggle
MF Market Rent,FT1620,"=1/(FY1620<>"""")",Backend UI Toggle
MF Market Rent,FT1621,"=1/(FY1621<>"""")",Backend UI Toggle
MF Market Rent,FT1622,"=1/(FY1622<>"""")",Backend UI Toggle
MF Market Rent,FT1623,"=1/(FY1623<>"""")",Backend UI Toggle
MF Market Rent,FT1624,"=1/(FY1624<>"""")",Backend UI Toggle
MF Market Rent,FT1625,"=1/(FY1625<>"""")",Backend UI Toggle
MF Market Rent,FT1626,"=1/(FY1626<>"""")",Backend UI Toggle
MF Market Rent,FT1627,"=1/(FY1627<>"""")",Backend UI Toggle
MF Market Rent,FT1628,"=1/(FY1628<>"""")",Backend UI Toggle
MF Market Rent,FT1629,"=1/(FY1629<>"""")",Backend UI Toggle
MF Market Rent,FT1630,"=1/(FY1630<>"""")",Backend UI Toggle
MF Market Rent,FT1631,"=1/(FY1631<>"""")",Backend UI Toggle
MF Market Rent,FT1632,"=1/(FY1632<>"""")",Backend UI Toggle
MF Market Rent,FT1633,"=1/(FY1633<>"""")",Backend UI Toggle
MF Market Rent,FT1634,"=1/(FY1634<>"""")",Backend UI Toggle
MF Market Rent,FT1635,"=1/(FY1635<>"""")",Backend UI Toggle
MF Market Rent,FT1636,"=1/(FY1636<>"""")",Backend UI Toggle
MF Market Rent,FT1637,"=1/(FY1637<>"""")",Backend UI Toggle
MF Market Rent,FT1638,"=1/(FY1638<>"""")",Backend UI Toggle
MF Market Rent,FT1639,"=1/(FY1639<>"""")",Backend UI Toggle
MF Market Rent,FT1640,"=1/(FY1640<>"""")",Backend UI Toggle
MF Market Rent,FT1641,"=1/(FY1641<>"""")",Backend UI Toggle
MF Market Rent,FT1642,"=1/(FY1642<>"""")",Backend UI Toggle
MF Market Rent,FT1643,"=1/(FY1643<>"""")",Backend UI Toggle
MF Market Rent,FT1644,"=1/(FY1644<>"""")",Backend UI Toggle
MF Market Rent,FT1645,"=1/(FY1645<>"""")",Backend UI Toggle
MF Market Rent,FT1646,"=1/(FY1646<>"""")",Backend UI Toggle
MF Market Rent,FT1647,"=1/(FY1647<>"""")",Backend UI Toggle
MF Market Rent,FT1648,"=1/(FY1648<>"""")",Backend UI Toggle
MF Market Rent,FT1649,"=1/(FY1649<>"""")",Backend UI Toggle
MF Market Rent,FT1650,"=1/(FY1650<>"""")",Backend UI Toggle
MF Market Rent,FT1651,"=1/(FY1651<>"""")",Backend UI Toggle
MF Market Rent,FT1652,"=1/(FY1652<>"""")",Backend UI Toggle
MF Market Rent,FT1653,"=1/(FY1653<>"""")",Backend UI Toggle
MF Market Rent,FT1654,"=1/(FY1654<>"""")",Backend UI Toggle
MF Market Rent,FT1655,"=1/(FY1655<>"""")",Backend UI Toggle
MF Market Rent,FT1656,"=1/(FY1656<>"""")",Backend UI Toggle
MF Market Rent,FT1657,"=1/(FY1657<>"""")",Backend UI Toggle
MF Market Rent,FT1658,"=1/(FY1658<>"""")",Backend UI Toggle
MF Market Rent,FT1659,"=1/(FY1659<>"""")",Backend UI Toggle
MF Market Rent,FT1660,"=1/(FY1660<>"""")",Backend UI Toggle
MF Market Rent,FT1661,"=1/(FY1661<>"""")",Backend UI Toggle
MF Market Rent,FT1662,"=1/(FY1662<>"""")",Backend UI Toggle
MF Market Rent,FT1663,"=1/(FY1663<>"""")",Backend UI Toggle
MF Market Rent,FT1664,"=1/(FY1664<>"""")",Backend UI Toggle
MF Market Rent,FT1665,"=1/(FY1665<>"""")",Backend UI Toggle
MF Market Rent,FT1666,"=1/(FY1666<>"""")",Backend UI Toggle
MF Market Rent,FT1667,"=1/(FY1667<>"""")",Backend UI Toggle
MF Market Rent,FT1668,"=1/(FY1668<>"""")",Backend UI Toggle
MF Market Rent,FT1669,"=1/(FY1669<>"""")",Backend UI Toggle
MF Market Rent,FT1670,"=1/(FY1670<>"""")",Backend UI Toggle
MF Market Rent,FT1671,"=1/(FY1671<>"""")",Backend UI Toggle
MF Market Rent,FT1672,"=1/(FY1672<>"""")",Backend UI Toggle
MF Market Rent,FT1673,"=1/(FY1673<>"""")",Backend UI Toggle
MF Market Rent,FT1674,"=1/(FY1674<>"""")",Backend UI Toggle
MF Market Rent,FT1675,"=1/(FY1675<>"""")",Backend UI Toggle
MF Market Rent,FT1676,"=1/(FY1676<>"""")",Backend UI Toggle
MF Market Rent,FT1677,"=1/(FY1677<>"""")",Backend UI Toggle
MF Market Rent,FT1678,"=1/(FY1678<>"""")",Backend UI Toggle
MF Market Rent,FT1679,"=1/(FY1679<>"""")",Backend UI Toggle
MF Market Rent,FT1680,"=1/(FY1680<>"""")",Backend UI Toggle
MF Market Rent,FT1681,"=1/(FY1681<>"""")",Backend UI Toggle
MF Market Rent,FT1682,"=1/(FY1682<>"""")",Backend UI Toggle
MF Market Rent,FT1683,"=1/(FY1683<>"""")",Backend UI Toggle
MF Market Rent,FT1684,"=1/(FY1684<>"""")",Backend UI Toggle
MF Market Rent,FT1685,"=1/(FY1685<>"""")",Backend UI Toggle
MF Market Rent,FT1686,"=1/(FY1686<>"""")",Backend UI Toggle
MF Market Rent,FT1687,"=1/(FY1687<>"""")",Backend UI Toggle
MF Market Rent,FT1688,"=1/(FY1688<>"""")",Backend UI Toggle
MF Market Rent,FT1689,"=1/(FY1689<>"""")",Backend UI Toggle
MF Market Rent,FT1690,"=1/(FY1690<>"""")",Backend UI Toggle
MF Market Rent,FT1691,"=1/(FY1691<>"""")",Backend UI Toggle
MF Market Rent,FT1692,"=1/(FY1692<>"""")",Backend UI Toggle
MF Market Rent,FT1693,"=1/(FY1693<>"""")",Backend UI Toggle
MF Market Rent,FT1694,"=1/(FY1694<>"""")",Backend UI Toggle
MF Market Rent,FT1695,"=1/(FY1695<>"""")",Backend UI Toggle
MF Market Rent,FT1696,"=1/(FY1696<>"""")",Backend UI Toggle
MF Market Rent,FT1697,"=1/(FY1697<>"""")",Backend UI Toggle
MF Market Rent,FT1698,"=1/(FY1698<>"""")",Backend UI Toggle
MF Market Rent,FT1699,"=1/(FY1699<>"""")",Backend UI Toggle
MF Market Rent,FT1700,"=1/(FY1700<>"""")",Backend UI Toggle
MF Market Rent,FT1701,"=1/(FY1701<>"""")",Backend UI Toggle
MF Market Rent,FT1702,"=1/(($GF$582<>""No""))",Backend UI Toggle
MF Market Rent,FT1703,"=1/(($GF$582<>""No""))",Backend UI Toggle
MF Market Rent,FT1705,"=1/(FY1705<>"""")",Backend UI Toggle
MF Market Rent,FT1706,"=1/((FY1706<>"""")+(FZ1706<>"""")+((GA1706<>"""")*(GA1706>0)))",Backend UI Toggle
MF Market Rent,FT1707,"=1/((FY1707<>"""")+(FZ1707<>"""")+((GA1707<>"""")*(GA1707>0)))",Backend UI Toggle
MF Market Rent,FT1708,"=1/((FY1708<>"""")+(FZ1708<>"""")+((GA1708<>"""")*(GA1708>0)))",Backend UI Toggle
MF Market Rent,FT1709,"=1/((FY1709<>"""")+(FZ1709<>"""")+((GA1709<>"""")*(GA1709>0)))",Backend UI Toggle
MF Market Rent,FT1710,"=1/((FY1710<>"""")+(FZ1710<>"""")+((GA1710<>"""")*(GA1710>0)))",Backend UI Toggle
MF Market Rent,FT1711,"=1/((FY1711<>"""")+(FZ1711<>"""")+((GA1711<>"""")*(GA1711>0)))",Backend UI Toggle
MF Market Rent,FT1712,"=1/((FY1712<>"""")+(FZ1712<>"""")+((GA1712<>"""")*(GA1712>0)))",Backend UI Toggle
MF Market Rent,FT1713,"=1/((FY1713<>"""")+(FZ1713<>"""")+((GA1713<>"""")*(GA1713>0)))",Backend UI Toggle
MF Market Rent,FT1714,"=1/((FY1714<>"""")+(FZ1714<>"""")+((GA1714<>"""")*(GA1714>0)))",Backend UI Toggle
MF Market Rent,FT1715,"=1/((FY1715<>"""")+(FZ1715<>"""")+((GA1715<>"""")*(GA1715>0)))",Backend UI Toggle
MF Market Rent,FT1716,"=1/((FY1716<>"""")+(FZ1716<>"""")+((GA1716<>"""")*(GA1716>0)))",Backend UI Toggle
MF Market Rent,FT1717,"=1/((FY1717<>"""")+(FZ1717<>"""")+((GA1717<>"""")*(GA1717>0)))",Backend UI Toggle
MF Market Rent,FT1718,"=1/((FY1718<>"""")+(FZ1718<>"""")+((GA1718<>"""")*(GA1718>0)))",Backend UI Toggle
MF Market Rent,FT1719,"=1/((FY1719<>"""")+(FZ1719<>"""")+((GA1719<>"""")*(GA1719>0)))",Backend UI Toggle
MF Market Rent,FT1720,"=1/((FY1720<>"""")+(FZ1720<>"""")+((GA1720<>"""")*(GA1720>0)))",Backend UI Toggle
MF Market Rent,FT1721,"=1/((FY1721<>"""")+(FZ1721<>"""")+((GA1721<>"""")*(GA1721>0)))",Backend UI Toggle
MF Market Rent,FT1722,"=1/((FY1722<>"""")+(FZ1722<>"""")+((GA1722<>"""")*(GA1722>0)))",Backend UI Toggle
MF Market Rent,FT1723,"=1/((FY1723<>"""")+(FZ1723<>"""")+((GA1723<>"""")*(GA1723>0)))",Backend UI Toggle
MF Market Rent,FT1724,"=1/((FY1724<>"""")+(FZ1724<>"""")+((GA1724<>"""")*(GA1724>0)))",Backend UI Toggle
MF Market Rent,FT1725,"=1/((FY1725<>"""")+(FZ1725<>"""")+((GA1725<>"""")*(GA1725>0)))",Backend UI Toggle
MF Market Rent,FT1726,"=1/((FY1726<>"""")+(FZ1726<>"""")+((GA1726<>"""")*(GA1726>0)))",Backend UI Toggle
MF Market Rent,FT1727,"=1/((FY1727<>"""")+(FZ1727<>"""")+((GA1727<>"""")*(GA1727>0)))",Backend UI Toggle
MF Market Rent,FT1728,"=1/((FY1728<>"""")+(FZ1728<>"""")+((GA1728<>"""")*(GA1728>0)))",Backend UI Toggle
MF Market Rent,FT1729,"=1/((FY1729<>"""")+(FZ1729<>"""")+((GA1729<>"""")*(GA1729>0)))",Backend UI Toggle
MF Market Rent,FT1730,"=1/((FY1730<>"""")+(FZ1730<>"""")+((GA1730<>"""")*(GA1730>0)))",Backend UI Toggle
MF Market Rent,FT1731,"=1/((FY1731<>"""")+(FZ1731<>"""")+((GA1731<>"""")*(GA1731>0)))",Backend UI Toggle
MF Market Rent,FT1732,"=1/((FY1732<>"""")+(FZ1732<>"""")+((GA1732<>"""")*(GA1732>0)))",Backend UI Toggle
MF Market Rent,FT1733,"=1/((FY1733<>"""")+(FZ1733<>"""")+((GA1733<>"""")*(GA1733>0)))",Backend UI Toggle
MF Market Rent,FT1734,"=1/((FY1734<>"""")+(FZ1734<>"""")+((GA1734<>"""")*(GA1734>0)))",Backend UI Toggle
MF Market Rent,FT1735,"=1/((FY1735<>"""")+(FZ1735<>"""")+((GA1735<>"""")*(GA1735>0)))",Backend UI Toggle
MF Market Rent,FT1751,"=1/(FY1751<>"""")",Backend UI Toggle
MF Market Rent,FT1752,"=1/(FY1752<>"""")",Backend UI Toggle
MF Market Rent,FT1753,"=1/(FY1753<>"""")",Backend UI Toggle
MF Market Rent,FT1754,"=1/(FY1754<>"""")",Backend UI Toggle
MF Market Rent,FT1755,"=1/(FY1755<>"""")",Backend UI Toggle
MF Market Rent,FT1756,"=1/(FY1756<>"""")",Backend UI Toggle
MF Market Rent,FT1757,"=1/(FY1757<>"""")",Backend UI Toggle
MF Market Rent,FT1758,"=1/(FY1758<>"""")",Backend UI Toggle
MF Market Rent,FT1759,"=1/(FY1759<>"""")",Backend UI Toggle
MF Market Rent,FT1760,"=1/(FY1760<>"""")",Backend UI Toggle
MF Market Rent,FT1761,"=1/(FY1761<>"""")",Backend UI Toggle
MF Market Rent,FT1762,"=1/(FY1762<>"""")",Backend UI Toggle
MF Market Rent,FT1763,"=1/(FY1763<>"""")",Backend UI Toggle
MF Market Rent,FT1764,"=1/(FY1764<>"""")",Backend UI Toggle
MF Market Rent,FT1765,"=1/(FY1765<>"""")",Backend UI Toggle
MF Market Rent,FT1766,"=1/(FY1766<>"""")",Backend UI Toggle
MF Market Rent,FT1767,"=1/(FY1767<>"""")",Backend UI Toggle
MF Market Rent,FT1768,"=1/(FY1768<>"""")",Backend UI Toggle
MF Market Rent,FT1769,"=1/(FY1769<>"""")",Backend UI Toggle
MF Market Rent,FT1770,"=1/(FY1770<>"""")",Backend UI Toggle
MF Market Rent,FT1771,"=1/(FY1771<>"""")",Backend UI Toggle
MF Market Rent,FT1772,"=1/(FY1772<>"""")",Backend UI Toggle
MF Market Rent,FT1773,"=1/(FY1773<>"""")",Backend UI Toggle
MF Market Rent,FT1774,"=1/(FY1774<>"""")",Backend UI Toggle
MF Market Rent,FT1775,"=1/(FY1775<>"""")",Backend UI Toggle
MF Market Rent,FT1776,"=1/(FY1776<>"""")",Backend UI Toggle
MF Market Rent,FT1777,"=1/(FY1777<>"""")",Backend UI Toggle
MF Market Rent,FT1778,"=1/(FY1778<>"""")",Backend UI Toggle
MF Market Rent,FT1779,"=1/(FY1779<>"""")",Backend UI Toggle
MF Market Rent,FT1780,"=1/(FY1780<>"""")",Backend UI Toggle
MF Market Rent,FT1781,"=1/(FY1781<>"""")",Backend UI Toggle
MF Market Rent,FT1782,"=1/(FY1782<>"""")",Backend UI Toggle
MF Market Rent,FT1783,"=1/(FY1783<>"""")",Backend UI Toggle
MF Market Rent,FT1784,"=1/(FY1784<>"""")",Backend UI Toggle
MF Market Rent,FT1785,"=1/(FY1785<>"""")",Backend UI Toggle
MF Market Rent,FT1786,"=1/(FY1786<>"""")",Backend UI Toggle
MF Market Rent,FT1787,"=1/(FY1787<>"""")",Backend UI Toggle
MF Market Rent,FT1788,"=1/(FY1788<>"""")",Backend UI Toggle
MF Market Rent,FT1789,"=1/(FY1789<>"""")",Backend UI Toggle
MF Market Rent,FT1790,"=1/(FY1790<>"""")",Backend UI Toggle
MF Market Rent,FT1791,"=1/(FY1791<>"""")",Backend UI Toggle
MF Market Rent,FT1792,"=1/(FY1792<>"""")",Backend UI Toggle
MF Market Rent,FT1793,"=1/(FY1793<>"""")",Backend UI Toggle
MF Market Rent,FT1794,"=1/(FY1794<>"""")",Backend UI Toggle
MF Market Rent,FT1795,"=1/(FY1795<>"""")",Backend UI Toggle
MF Market Rent,FT1796,"=1/(FY1796<>"""")",Backend UI Toggle
MF Market Rent,FT1797,"=1/(FY1797<>"""")",Backend UI Toggle
MF Market Rent,FT1798,"=1/(FY1798<>"""")",Backend UI Toggle
MF Market Rent,FT1799,"=1/(FY1799<>"""")",Backend UI Toggle
MF Market Rent,FT1800,"=1/(FY1800<>"""")",Backend UI Toggle
MF Market Rent,FT1801,"=1/(FY1801<>"""")",Backend UI Toggle
MF Market Rent,FT1802,"=1/(FY1802<>"""")",Backend UI Toggle
MF Market Rent,FT1803,"=1/(FY1803<>"""")",Backend UI Toggle
MF Market Rent,FT1804,"=1/(FY1804<>"""")",Backend UI Toggle
MF Market Rent,FT1805,"=1/(FY1805<>"""")",Backend UI Toggle
MF Market Rent,FT1806,"=1/(FY1806<>"""")",Backend UI Toggle
MF Market Rent,FT1807,"=1/(FY1807<>"""")",Backend UI Toggle
MF Market Rent,FT1808,"=1/(FY1808<>"""")",Backend UI Toggle
MF Market Rent,FT1809,"=1/(FY1809<>"""")",Backend UI Toggle
MF Market Rent,FT1810,"=1/(FY1810<>"""")",Backend UI Toggle
MF Market Rent,FT1811,"=1/(FY1811<>"""")",Backend UI Toggle
MF Market Rent,FT1812,"=1/(FY1812<>"""")",Backend UI Toggle
MF Market Rent,FT1813,"=1/(FY1813<>"""")",Backend UI Toggle
MF Market Rent,FT1814,"=1/(FY1814<>"""")",Backend UI Toggle
MF Market Rent,FT1815,"=1/(FY1815<>"""")",Backend UI Toggle
MF Market Rent,FT1816,"=1/(FY1816<>"""")",Backend UI Toggle
MF Market Rent,FT1817,"=1/(FY1817<>"""")",Backend UI Toggle
MF Market Rent,FT1818,"=1/(FY1818<>"""")",Backend UI Toggle
MF Market Rent,FT1819,"=1/(FY1819<>"""")",Backend UI Toggle
MF Market Rent,FT1820,"=1/(FY1820<>"""")",Backend UI Toggle
MF Market Rent,FT1821,"=1/(FY1821<>"""")",Backend UI Toggle
MF Market Rent,FT1822,"=1/(FY1822<>"""")",Backend UI Toggle
MF Market Rent,FT1823,"=1/(FY1823<>"""")",Backend UI Toggle
MF Market Rent,FT1824,"=1/(FY1824<>"""")",Backend UI Toggle
MF Market Rent,FT1825,"=1/(FY1825<>"""")",Backend UI Toggle
MF Market Rent,FT1826,"=1/(FY1826<>"""")",Backend UI Toggle
MF Market Rent,FT1827,"=1/(FY1827<>"""")",Backend UI Toggle
MF Market Rent,FT1828,"=1/(FY1828<>"""")",Backend UI Toggle
MF Market Rent,FT1829,"=1/(FY1829<>"""")",Backend UI Toggle
MF Market Rent,FT1830,"=1/(FY1830<>"""")",Backend UI Toggle
MF Market Rent,FT1831,"=1/(FY1831<>"""")",Backend UI Toggle
MF Market Rent,FT1832,"=1/(FY1832<>"""")",Backend UI Toggle
MF Market Rent,FT1833,"=1/(FY1833<>"""")",Backend UI Toggle
MF Market Rent,FT1834,"=1/(FY1834<>"""")",Backend UI Toggle
MF Market Rent,FT1835,"=1/(FY1835<>"""")",Backend UI Toggle
MF Market Rent,FT1836,"=1/(FY1836<>"""")",Backend UI Toggle
MF Market Rent,FT1837,"=1/(FY1837<>"""")",Backend UI Toggle
MF Market Rent,FT1838,"=1/(FY1838<>"""")",Backend UI Toggle
MF Market Rent,FT1839,"=1/(FY1839<>"""")",Backend UI Toggle
MF Market Rent,FT1840,"=1/(FY1840<>"""")",Backend UI Toggle
MF Market Rent,FT1841,"=1/(FY1841<>"""")",Backend UI Toggle
MF Market Rent,FT1842,"=1/(FY1842<>"""")",Backend UI Toggle
MF Market Rent,FT1843,"=1/(FY1843<>"""")",Backend UI Toggle
MF Market Rent,FT1844,"=1/(FY1844<>"""")",Backend UI Toggle
MF Market Rent,FT1845,"=1/(FY1845<>"""")",Backend UI Toggle
MF Market Rent,FT1846,"=1/(FY1846<>"""")",Backend UI Toggle
MF Market Rent,FT1847,"=1/(FY1847<>"""")",Backend UI Toggle
MF Market Rent,FT1848,"=1/(FY1848<>"""")",Backend UI Toggle
MF Market Rent,FT1849,"=1/(FY1849<>"""")",Backend UI Toggle
MF Market Rent,FT1850,"=1/(FY1850<>"""")",Backend UI Toggle
MF Market Rent,FT1851,"=1/(FY1851<>"""")",Backend UI Toggle
MF Market Rent,FT1852,"=1/(FY1852<>"""")",Backend UI Toggle
MF Market Rent,FT1853,"=1/(FY1853<>"""")",Backend UI Toggle
MF Market Rent,FT1854,"=1/(FY1854<>"""")",Backend UI Toggle
MF Market Rent,FT1855,"=1/(FY1855<>"""")",Backend UI Toggle
MF Market Rent,FT1856,"=1/(FY1856<>"""")",Backend UI Toggle
MF Market Rent,FT1857,"=1/(FY1857<>"""")",Backend UI Toggle
MF Market Rent,FT1858,"=1/(FY1858<>"""")",Backend UI Toggle
MF Market Rent,FT1859,"=1/(FY1859<>"""")",Backend UI Toggle
MF Market Rent,FT1860,"=1/(FY1860<>"""")",Backend UI Toggle
MF Market Rent,FT1861,"=1/(FY1861<>"""")",Backend UI Toggle
MF Market Rent,FT1862,"=1/(FY1862<>"""")",Backend UI Toggle
MF Market Rent,FT1863,"=1/(FY1863<>"""")",Backend UI Toggle
MF Market Rent,FT1864,"=1/(FY1864<>"""")",Backend UI Toggle
MF Market Rent,FT1865,"=1/(FY1865<>"""")",Backend UI Toggle
MF Market Rent,FT1866,"=1/(FY1866<>"""")",Backend UI Toggle
MF Market Rent,FT1867,"=1/(FY1867<>"""")",Backend UI Toggle
MF Market Rent,FT1868,"=1/(FY1868<>"""")",Backend UI Toggle
MF Market Rent,FT1869,"=1/(FY1869<>"""")",Backend UI Toggle
MF Market Rent,FT1870,"=1/(FY1870<>"""")",Backend UI Toggle
MF Market Rent,FT1871,"=1/(FY1871<>"""")",Backend UI Toggle
MF Market Rent,FT1872,"=1/(FY1872<>"""")",Backend UI Toggle
MF Market Rent,FT1873,"=1/(FY1873<>"""")",Backend UI Toggle
MF Market Rent,FT1874,"=1/(FY1874<>"""")",Backend UI Toggle
MF Market Rent,FT1875,"=1/(FY1875<>"""")",Backend UI Toggle
MF Market Rent,FT1876,"=1/(FY1876<>"""")",Backend UI Toggle
MF Market Rent,FT1877,"=1/(FY1877<>"""")",Backend UI Toggle
MF Market Rent,FT1878,"=1/(FY1878<>"""")",Backend UI Toggle
MF Market Rent,FT1879,"=1/(FY1879<>"""")",Backend UI Toggle
MF Market Rent,FT1880,"=1/(FY1880<>"""")",Backend UI Toggle
MF Market Rent,FT1881,"=1/(FY1881<>"""")",Backend UI Toggle
MF Market Rent,FT1882,"=1/(FY1882<>"""")",Backend UI Toggle
MF Market Rent,FT1883,"=1/(FY1883<>"""")",Backend UI Toggle
MF Market Rent,FT1884,"=1/(FY1884<>"""")",Backend UI Toggle
MF Market Rent,FT1885,"=1/(FY1885<>"""")",Backend UI Toggle
MF Market Rent,FT1886,"=1/(FY1886<>"""")",Backend UI Toggle
MF Market Rent,FT1887,"=1/(FY1887<>"""")",Backend UI Toggle
MF Market Rent,FT1888,"=1/(FY1888<>"""")",Backend UI Toggle
MF Market Rent,FT1889,"=1/(FY1889<>"""")",Backend UI Toggle
MF Market Rent,FT1890,"=1/(FY1890<>"""")",Backend UI Toggle
MF Market Rent,FT1891,"=1/(FY1891<>"""")",Backend UI Toggle
MF Market Rent,FT1892,"=1/(FY1892<>"""")",Backend UI Toggle
MF Market Rent,FT1893,"=1/(FY1893<>"""")",Backend UI Toggle
MF Market Rent,FT1894,"=1/(FY1894<>"""")",Backend UI Toggle
MF Market Rent,FT1895,"=1/(FY1895<>"""")",Backend UI Toggle
MF Market Rent,FT1896,"=1/(FY1896<>"""")",Backend UI Toggle
MF Market Rent,FT1897,"=1/(FY1897<>"""")",Backend UI Toggle
MF Market Rent,FT1898,"=1/(FY1898<>"""")",Backend UI Toggle
MF Market Rent,FT1899,"=1/(FY1899<>"""")",Backend UI Toggle
MF Market Rent,FT1900,"=1/(FY1900<>"""")",Backend UI Toggle
MF Market Rent,FT1901,"=1/(FY1901<>"""")",Backend UI Toggle
MF Market Rent,FT1902,"=1/(FY1902<>"""")",Backend UI Toggle
MF Market Rent,FT1903,"=1/(FY1903<>"""")",Backend UI Toggle
MF Market Rent,FT1904,"=1/(FY1904<>"""")",Backend UI Toggle
MF Market Rent,FT1905,"=1/(FY1905<>"""")",Backend UI Toggle
MF Market Rent,FT1906,"=1/(FY1906<>"""")",Backend UI Toggle
MF Market Rent,FT1907,"=1/(FY1907<>"""")",Backend UI Toggle
MF Market Rent,FT1908,"=1/(FY1908<>"""")",Backend UI Toggle
MF Market Rent,FT1909,"=1/(FY1909<>"""")",Backend UI Toggle
MF Market Rent,FT1910,"=1/(FY1910<>"""")",Backend UI Toggle
MF Market Rent,FT1911,"=1/(FY1911<>"""")",Backend UI Toggle
MF Market Rent,FT1912,"=1/(FY1912<>"""")",Backend UI Toggle
MF Market Rent,FT1913,"=1/(FY1913<>"""")",Backend UI Toggle
MF Market Rent,FT1914,"=1/(FY1914<>"""")",Backend UI Toggle
MF Market Rent,FT1915,"=1/(FY1915<>"""")",Backend UI Toggle
MF Market Rent,FT1916,"=1/(FY1916<>"""")",Backend UI Toggle
MF Market Rent,FT1917,"=1/(FY1917<>"""")",Backend UI Toggle
MF Market Rent,FT1918,"=1/(FY1918<>"""")",Backend UI Toggle
MF Market Rent,FT1919,"=1/(FY1919<>"""")",Backend UI Toggle
MF Market Rent,FT1920,"=1/(FY1920<>"""")",Backend UI Toggle
MF Market Rent,FT1921,"=1/(FY1921<>"""")",Backend UI Toggle
MF Market Rent,FT1922,"=1/(FY1922<>"""")",Backend UI Toggle
MF Market Rent,FT1923,"=1/(FY1923<>"""")",Backend UI Toggle
MF Market Rent,FT1924,"=1/(FY1924<>"""")",Backend UI Toggle
MF Market Rent,FT1925,"=1/(FY1925<>"""")",Backend UI Toggle
MF Market Rent,FT1926,"=1/(FY1926<>"""")",Backend UI Toggle
MF Market Rent,FT1927,"=1/(FY1927<>"""")",Backend UI Toggle
MF Market Rent,FT1928,"=1/(FY1928<>"""")",Backend UI Toggle
MF Market Rent,FT1929,"=1/(FY1929<>"""")",Backend UI Toggle
MF Market Rent,FT1930,"=1/(FY1930<>"""")",Backend UI Toggle
MF Market Rent,FT1931,"=1/(FY1931<>"""")",Backend UI Toggle
MF Market Rent,FT1932,"=1/(FY1932<>"""")",Backend UI Toggle
MF Market Rent,FT1933,"=1/(FY1933<>"""")",Backend UI Toggle
MF Market Rent,FT1934,"=1/(FY1934<>"""")",Backend UI Toggle
MF Market Rent,FT1935,"=1/(FY1935<>"""")",Backend UI Toggle
MF Market Rent,FT1936,"=1/(FY1936<>"""")",Backend UI Toggle
MF Market Rent,FT1937,"=1/(FY1937<>"""")",Backend UI Toggle
MF Market Rent,FT1938,"=1/(FY1938<>"""")",Backend UI Toggle
MF Market Rent,FT1939,"=1/(FY1939<>"""")",Backend UI Toggle
MF Market Rent,FT1940,"=1/(FY1940<>"""")",Backend UI Toggle
MF Market Rent,FT1941,"=1/(FY1941<>"""")",Backend UI Toggle
MF Market Rent,FT1942,"=1/(FY1942<>"""")",Backend UI Toggle
MF Market Rent,FT1943,"=1/(FY1943<>"""")",Backend UI Toggle
MF Market Rent,FT1944,"=1/(FY1944<>"""")",Backend UI Toggle
MF Market Rent,FT1945,"=1/(FY1945<>"""")",Backend UI Toggle
MF Market Rent,FT1946,"=1/(FY1946<>"""")",Backend UI Toggle
MF Market Rent,FT1947,"=1/(FY1947<>"""")",Backend UI Toggle
MF Market Rent,FT1948,"=1/(FY1948<>"""")",Backend UI Toggle
MF Market Rent,FT1949,"=1/(FY1949<>"""")",Backend UI Toggle
MF Market Rent,FT1950,"=1/(FY1950<>"""")",Backend UI Toggle
MF Market Rent,FT1951,"=1/(FY1951<>"""")",Backend UI Toggle
MF Market Rent,FT1952,"=1/(FY1952<>"""")",Backend UI Toggle
MF Market Rent,FT1953,"=1/(FY1953<>"""")",Backend UI Toggle
MF Market Rent,FT1954,"=1/(FY1954<>"""")",Backend UI Toggle
MF Market Rent,FT1955,"=1/(FY1955<>"""")",Backend UI Toggle
MF Market Rent,FT1956,"=1/(FY1956<>"""")",Backend UI Toggle
MF Market Rent,FT1957,"=1/(FY1957<>"""")",Backend UI Toggle
MF Market Rent,FT1958,"=1/(FY1958<>"""")",Backend UI Toggle
MF Market Rent,FT1959,"=1/(FY1959<>"""")",Backend UI Toggle
MF Market Rent,FT1960,"=1/(FY1960<>"""")",Backend UI Toggle
MF Market Rent,FT1961,"=1/(FY1961<>"""")",Backend UI Toggle
MF Market Rent,FT1962,"=1/(FY1962<>"""")",Backend UI Toggle
MF Market Rent,FT1963,"=1/(FY1963<>"""")",Backend UI Toggle
MF Market Rent,FT1964,"=1/(FY1964<>"""")",Backend UI Toggle
MF Market Rent,FT1965,"=1/(FY1965<>"""")",Backend UI Toggle
MF Market Rent,FT1966,"=1/(FY1966<>"""")",Backend UI Toggle
MF Market Rent,FT1967,"=1/(FY1967<>"""")",Backend UI Toggle
MF Market Rent,FT1968,"=1/(FY1968<>"""")",Backend UI Toggle
MF Market Rent,FT1969,"=1/(FY1969<>"""")",Backend UI Toggle
MF Market Rent,FT1970,"=1/(FY1970<>"""")",Backend UI Toggle
MF Market Rent,FT1971,"=1/(FY1971<>"""")",Backend UI Toggle
MF Market Rent,FT1972,"=1/(FY1972<>"""")",Backend UI Toggle
MF Market Rent,FT1973,"=1/(FY1973<>"""")",Backend UI Toggle
MF Market Rent,FT1974,"=1/(FY1974<>"""")",Backend UI Toggle
MF Market Rent,FT1975,"=1/(FY1975<>"""")",Backend UI Toggle
MF Market Rent,FT1976,"=1/(FY1976<>"""")",Backend UI Toggle
MF Market Rent,FT1977,"=1/(FY1977<>"""")",Backend UI Toggle
MF Market Rent,FT1978,"=1/(FY1978<>"""")",Backend UI Toggle
MF Market Rent,FT1979,"=1/(FY1979<>"""")",Backend UI Toggle
MF Market Rent,FT1980,"=1/(FY1980<>"""")",Backend UI Toggle
MF Market Rent,FT1981,"=1/(FY1981<>"""")",Backend UI Toggle
MF Market Rent,FT1982,"=1/(FY1982<>"""")",Backend UI Toggle
MF Market Rent,FT1983,"=1/(FY1983<>"""")",Backend UI Toggle
MF Market Rent,FT1984,"=1/(FY1984<>"""")",Backend UI Toggle
MF Market Rent,FT1985,"=1/(FY1985<>"""")",Backend UI Toggle
MF Market Rent,FT1986,"=1/(FY1986<>"""")",Backend UI Toggle
MF Market Rent,FT1987,"=1/(FY1987<>"""")",Backend UI Toggle
MF Market Rent,FT1988,"=1/(FY1988<>"""")",Backend UI Toggle
MF Market Rent,FT1989,"=1/(FY1989<>"""")",Backend UI Toggle
MF Market Rent,FT1990,"=1/(FY1990<>"""")",Backend UI Toggle
MF Market Rent,FT1991,"=1/(($GF$582<>""No""))",Backend UI Toggle
MF Market Rent,FT1992,"=1/(($GF$582<>""No""))",Backend UI Toggle
MF Market Rent,FT1994,"=1/(FY1994<>"""")",Backend UI Toggle
MF Market Rent,FT1995,"=1/((FY1995<>"""")+(FZ1995<>"""")+((GA1995<>"""")*(GA1995>0)))",Backend UI Toggle
MF Market Rent,FT1996,"=1/((FY1996<>"""")+(FZ1996<>"""")+((GA1996<>"""")*(GA1996>0)))",Backend UI Toggle
MF Market Rent,FT1997,"=1/((FY1997<>"""")+(FZ1997<>"""")+((GA1997<>"""")*(GA1997>0)))",Backend UI Toggle
MF Market Rent,FT1998,"=1/((FY1998<>"""")+(FZ1998<>"""")+((GA1998<>"""")*(GA1998>0)))",Backend UI Toggle
MF Market Rent,FT1999,"=1/((FY1999<>"""")+(FZ1999<>"""")+((GA1999<>"""")*(GA1999>0)))",Backend UI Toggle
MF Market Rent,FT2000,"=1/((FY2000<>"""")+(FZ2000<>"""")+((GA2000<>"""")*(GA2000>0)))",Backend UI Toggle
MF Market Rent,FT2001,"=1/((FY2001<>"""")+(FZ2001<>"""")+((GA2001<>"""")*(GA2001>0)))",Backend UI Toggle
MF Market Rent,FT2002,"=1/((FY2002<>"""")+(FZ2002<>"""")+((GA2002<>"""")*(GA2002>0)))",Backend UI Toggle
MF Market Rent,FT2003,"=1/((FY2003<>"""")+(FZ2003<>"""")+((GA2003<>"""")*(GA2003>0)))",Backend UI Toggle
MF Market Rent,FT2004,"=1/((FY2004<>"""")+(FZ2004<>"""")+((GA2004<>"""")*(GA2004>0)))",Backend UI Toggle
MF Market Rent,FT2005,"=1/((FY2005<>"""")+(FZ2005<>"""")+((GA2005<>"""")*(GA2005>0)))",Backend UI Toggle
MF Market Rent,FT2006,"=1/((FY2006<>"""")+(FZ2006<>"""")+((GA2006<>"""")*(GA2006>0)))",Backend UI Toggle
MF Market Rent,FT2007,"=1/((FY2007<>"""")+(FZ2007<>"""")+((GA2007<>"""")*(GA2007>0)))",Backend UI Toggle
MF Market Rent,FT2008,"=1/((FY2008<>"""")+(FZ2008<>"""")+((GA2008<>"""")*(GA2008>0)))",Backend UI Toggle
MF Market Rent,FT2009,"=1/((FY2009<>"""")+(FZ2009<>"""")+((GA2009<>"""")*(GA2009>0)))",Backend UI Toggle
MF Market Rent,FT2010,"=1/((FY2010<>"""")+(FZ2010<>"""")+((GA2010<>"""")*(GA2010>0)))",Backend UI Toggle
MF Market Rent,FT2011,"=1/((FY2011<>"""")+(FZ2011<>"""")+((GA2011<>"""")*(GA2011>0)))",Backend UI Toggle
MF Market Rent,FT2012,"=1/((FY2012<>"""")+(FZ2012<>"""")+((GA2012<>"""")*(GA2012>0)))",Backend UI Toggle
MF Market Rent,FT2013,"=1/((FY2013<>"""")+(FZ2013<>"""")+((GA2013<>"""")*(GA2013>0)))",Backend UI Toggle
MF Market Rent,FT2014,"=1/((FY2014<>"""")+(FZ2014<>"""")+((GA2014<>"""")*(GA2014>0)))",Backend UI Toggle
MF Market Rent,FT2015,"=1/((FY2015<>"""")+(FZ2015<>"""")+((GA2015<>"""")*(GA2015>0)))",Backend UI Toggle
MF Market Rent,FT2016,"=1/((FY2016<>"""")+(FZ2016<>"""")+((GA2016<>"""")*(GA2016>0)))",Backend UI Toggle
MF Market Rent,FT2017,"=1/((FY2017<>"""")+(FZ2017<>"""")+((GA2017<>"""")*(GA2017>0)))",Backend UI Toggle
MF Market Rent,FT2018,"=1/((FY2018<>"""")+(FZ2018<>"""")+((GA2018<>"""")*(GA2018>0)))",Backend UI Toggle
MF Market Rent,FT2019,"=1/((FY2019<>"""")+(FZ2019<>"""")+((GA2019<>"""")*(GA2019>0)))",Backend UI Toggle
MF Market Rent,FT2020,"=1/((FY2020<>"""")+(FZ2020<>"""")+((GA2020<>"""")*(GA2020>0)))",Backend UI Toggle
MF Market Rent,FT2021,"=1/((FY2021<>"""")+(FZ2021<>"""")+((GA2021<>"""")*(GA2021>0)))",Backend UI Toggle
MF Market Rent,FT2022,"=1/((FY2022<>"""")+(FZ2022<>"""")+((GA2022<>"""")*(GA2022>0)))",Backend UI Toggle
MF Market Rent,FT2023,"=1/((FY2023<>"""")+(FZ2023<>"""")+((GA2023<>"""")*(GA2023>0)))",Backend UI Toggle
MF Market Rent,FT2024,"=1/((FY2024<>"""")+(FZ2024<>"""")+((GA2024<>"""")*(GA2024>0)))",Backend UI Toggle
MF Market Rent,FT2040,"=1/(FY2040<>"""")",Backend UI Toggle
MF Market Rent,FT2041,"=1/(FY2041<>"""")",Backend UI Toggle
MF Market Rent,FT2042,"=1/(FY2042<>"""")",Backend UI Toggle
MF Market Rent,FT2043,"=1/(FY2043<>"""")",Backend UI Toggle
MF Market Rent,FT2044,"=1/(FY2044<>"""")",Backend UI Toggle
MF Market Rent,FT2045,"=1/(FY2045<>"""")",Backend UI Toggle
MF Market Rent,FT2046,"=1/(FY2046<>"""")",Backend UI Toggle
MF Market Rent,FT2047,"=1/(FY2047<>"""")",Backend UI Toggle
MF Market Rent,FT2048,"=1/(FY2048<>"""")",Backend UI Toggle
MF Market Rent,FT2049,"=1/(FY2049<>"""")",Backend UI Toggle
MF Market Rent,FT2050,"=1/(FY2050<>"""")",Backend UI Toggle
MF Market Rent,FT2051,"=1/(FY2051<>"""")",Backend UI Toggle
MF Market Rent,FT2052,"=1/(FY2052<>"""")",Backend UI Toggle
MF Market Rent,FT2053,"=1/(FY2053<>"""")",Backend UI Toggle
MF Market Rent,FT2054,"=1/(FY2054<>"""")",Backend UI Toggle
MF Market Rent,FT2055,"=1/(FY2055<>"""")",Backend UI Toggle
MF Market Rent,FT2056,"=1/(FY2056<>"""")",Backend UI Toggle
MF Market Rent,FT2057,"=1/(FY2057<>"""")",Backend UI Toggle
MF Market Rent,FT2058,"=1/(FY2058<>"""")",Backend UI Toggle
MF Market Rent,FT2059,"=1/(FY2059<>"""")",Backend UI Toggle
MF Market Rent,FT2060,"=1/(FY2060<>"""")",Backend UI Toggle
MF Market Rent,FT2061,"=1/(FY2061<>"""")",Backend UI Toggle
MF Market Rent,FT2062,"=1/(FY2062<>"""")",Backend UI Toggle
MF Market Rent,FT2063,"=1/(FY2063<>"""")",Backend UI Toggle
MF Market Rent,FT2064,"=1/(FY2064<>"""")",Backend UI Toggle
MF Market Rent,FT2065,"=1/(FY2065<>"""")",Backend UI Toggle
MF Market Rent,FT2066,"=1/(FY2066<>"""")",Backend UI Toggle
MF Market Rent,FT2067,"=1/(FY2067<>"""")",Backend UI Toggle
MF Market Rent,FT2068,"=1/(FY2068<>"""")",Backend UI Toggle
MF Market Rent,FT2069,"=1/(FY2069<>"""")",Backend UI Toggle
MF Market Rent,FT2070,"=1/(FY2070<>"""")",Backend UI Toggle
MF Market Rent,FT2071,"=1/(FY2071<>"""")",Backend UI Toggle
MF Market Rent,FT2072,"=1/(FY2072<>"""")",Backend UI Toggle
MF Market Rent,FT2073,"=1/(FY2073<>"""")",Backend UI Toggle
MF Market Rent,FT2074,"=1/(FY2074<>"""")",Backend UI Toggle
MF Market Rent,FT2075,"=1/(FY2075<>"""")",Backend UI Toggle
MF Market Rent,FT2076,"=1/(FY2076<>"""")",Backend UI Toggle
MF Market Rent,FT2077,"=1/(FY2077<>"""")",Backend UI Toggle
MF Market Rent,FT2078,"=1/(FY2078<>"""")",Backend UI Toggle
MF Market Rent,FT2079,"=1/(FY2079<>"""")",Backend UI Toggle
MF Market Rent,FT2080,"=1/(FY2080<>"""")",Backend UI Toggle
MF Market Rent,FT2081,"=1/(FY2081<>"""")",Backend UI Toggle
MF Market Rent,FT2082,"=1/(FY2082<>"""")",Backend UI Toggle
MF Market Rent,FT2083,"=1/(FY2083<>"""")",Backend UI Toggle
MF Market Rent,FT2084,"=1/(FY2084<>"""")",Backend UI Toggle
MF Market Rent,FT2085,"=1/(FY2085<>"""")",Backend UI Toggle
MF Market Rent,FT2086,"=1/(FY2086<>"""")",Backend UI Toggle
MF Market Rent,FT2087,"=1/(FY2087<>"""")",Backend UI Toggle
MF Market Rent,FT2088,"=1/(FY2088<>"""")",Backend UI Toggle
MF Market Rent,FT2089,"=1/(FY2089<>"""")",Backend UI Toggle
MF Market Rent,FT2090,"=1/(FY2090<>"""")",Backend UI Toggle
MF Market Rent,FT2091,"=1/(FY2091<>"""")",Backend UI Toggle
MF Market Rent,FT2092,"=1/(FY2092<>"""")",Backend UI Toggle
MF Market Rent,FT2093,"=1/(FY2093<>"""")",Backend UI Toggle
MF Market Rent,FT2094,"=1/(FY2094<>"""")",Backend UI Toggle
MF Market Rent,FT2095,"=1/(FY2095<>"""")",Backend UI Toggle
MF Market Rent,FT2096,"=1/(FY2096<>"""")",Backend UI Toggle
MF Market Rent,FT2097,"=1/(FY2097<>"""")",Backend UI Toggle
MF Market Rent,FT2098,"=1/(FY2098<>"""")",Backend UI Toggle
MF Market Rent,FT2099,"=1/(FY2099<>"""")",Backend UI Toggle
MF Market Rent,FT2100,"=1/(FY2100<>"""")",Backend UI Toggle
MF Market Rent,FT2101,"=1/(FY2101<>"""")",Backend UI Toggle
MF Market Rent,FT2102,"=1/(FY2102<>"""")",Backend UI Toggle
MF Market Rent,FT2103,"=1/(FY2103<>"""")",Backend UI Toggle
MF Market Rent,FT2104,"=1/(FY2104<>"""")",Backend UI Toggle
MF Market Rent,FT2105,"=1/(FY2105<>"""")",Backend UI Toggle
MF Market Rent,FT2106,"=1/(FY2106<>"""")",Backend UI Toggle
MF Market Rent,FT2107,"=1/(FY2107<>"""")",Backend UI Toggle
MF Market Rent,FT2108,"=1/(FY2108<>"""")",Backend UI Toggle
MF Market Rent,FT2109,"=1/(FY2109<>"""")",Backend UI Toggle
MF Market Rent,FT2110,"=1/(FY2110<>"""")",Backend UI Toggle
MF Market Rent,FT2111,"=1/(FY2111<>"""")",Backend UI Toggle
MF Market Rent,FT2112,"=1/(FY2112<>"""")",Backend UI Toggle
MF Market Rent,FT2113,"=1/(FY2113<>"""")",Backend UI Toggle
MF Market Rent,FT2114,"=1/(FY2114<>"""")",Backend UI Toggle
MF Market Rent,FT2115,"=1/(FY2115<>"""")",Backend UI Toggle
MF Market Rent,FT2116,"=1/(FY2116<>"""")",Backend UI Toggle
MF Market Rent,FT2117,"=1/(FY2117<>"""")",Backend UI Toggle
MF Market Rent,FT2118,"=1/(FY2118<>"""")",Backend UI Toggle
MF Market Rent,FT2119,"=1/(FY2119<>"""")",Backend UI Toggle
MF Market Rent,FT2120,"=1/(FY2120<>"""")",Backend UI Toggle
MF Market Rent,FT2121,"=1/(FY2121<>"""")",Backend UI Toggle
MF Market Rent,FT2122,"=1/(FY2122<>"""")",Backend UI Toggle
MF Market Rent,FT2123,"=1/(FY2123<>"""")",Backend UI Toggle
MF Market Rent,FT2124,"=1/(FY2124<>"""")",Backend UI Toggle
MF Market Rent,FT2125,"=1/(FY2125<>"""")",Backend UI Toggle
MF Market Rent,FT2126,"=1/(FY2126<>"""")",Backend UI Toggle
MF Market Rent,FT2127,"=1/(FY2127<>"""")",Backend UI Toggle
MF Market Rent,FT2128,"=1/(FY2128<>"""")",Backend UI Toggle
MF Market Rent,FT2129,"=1/(FY2129<>"""")",Backend UI Toggle
MF Market Rent,FT2130,"=1/(FY2130<>"""")",Backend UI Toggle
MF Market Rent,FT2131,"=1/(FY2131<>"""")",Backend UI Toggle
MF Market Rent,FT2132,"=1/(FY2132<>"""")",Backend UI Toggle
MF Market Rent,FT2133,"=1/(FY2133<>"""")",Backend UI Toggle
MF Market Rent,FT2134,"=1/(FY2134<>"""")",Backend UI Toggle
MF Market Rent,FT2135,"=1/(FY2135<>"""")",Backend UI Toggle
MF Market Rent,FT2136,"=1/(FY2136<>"""")",Backend UI Toggle
MF Market Rent,FT2137,"=1/(FY2137<>"""")",Backend UI Toggle
MF Market Rent,FT2138,"=1/(FY2138<>"""")",Backend UI Toggle
MF Market Rent,FT2139,"=1/(FY2139<>"""")",Backend UI Toggle
MF Market Rent,FT2140,"=1/(FY2140<>"""")",Backend UI Toggle
MF Market Rent,FT2141,"=1/(FY2141<>"""")",Backend UI Toggle
MF Market Rent,FT2142,"=1/(FY2142<>"""")",Backend UI Toggle
MF Market Rent,FT2143,"=1/(FY2143<>"""")",Backend UI Toggle
MF Market Rent,FT2144,"=1/(FY2144<>"""")",Backend UI Toggle
MF Market Rent,FT2145,"=1/(FY2145<>"""")",Backend UI Toggle
MF Market Rent,FT2146,"=1/(FY2146<>"""")",Backend UI Toggle
MF Market Rent,FT2147,"=1/(FY2147<>"""")",Backend UI Toggle
MF Market Rent,FT2148,"=1/(FY2148<>"""")",Backend UI Toggle
MF Market Rent,FT2149,"=1/(FY2149<>"""")",Backend UI Toggle
MF Market Rent,FT2150,"=1/(FY2150<>"""")",Backend UI Toggle
MF Market Rent,FT2151,"=1/(FY2151<>"""")",Backend UI Toggle
MF Market Rent,FT2152,"=1/(FY2152<>"""")",Backend UI Toggle
MF Market Rent,FT2153,"=1/(FY2153<>"""")",Backend UI Toggle
MF Market Rent,FT2154,"=1/(FY2154<>"""")",Backend UI Toggle
MF Market Rent,FT2155,"=1/(FY2155<>"""")",Backend UI Toggle
MF Market Rent,FT2156,"=1/(FY2156<>"""")",Backend UI Toggle
MF Market Rent,FT2157,"=1/(FY2157<>"""")",Backend UI Toggle
MF Market Rent,FT2158,"=1/(FY2158<>"""")",Backend UI Toggle
MF Market Rent,FT2159,"=1/(FY2159<>"""")",Backend UI Toggle
MF Market Rent,FT2160,"=1/(FY2160<>"""")",Backend UI Toggle
MF Market Rent,FT2161,"=1/(FY2161<>"""")",Backend UI Toggle
MF Market Rent,FT2162,"=1/(FY2162<>"""")",Backend UI Toggle
MF Market Rent,FT2163,"=1/(FY2163<>"""")",Backend UI Toggle
MF Market Rent,FT2164,"=1/(FY2164<>"""")",Backend UI Toggle
MF Market Rent,FT2165,"=1/(FY2165<>"""")",Backend UI Toggle
MF Market Rent,FT2166,"=1/(FY2166<>"""")",Backend UI Toggle
MF Market Rent,FT2167,"=1/(FY2167<>"""")",Backend UI Toggle
MF Market Rent,FT2168,"=1/(FY2168<>"""")",Backend UI Toggle
MF Market Rent,FT2169,"=1/(FY2169<>"""")",Backend UI Toggle
MF Market Rent,FT2170,"=1/(FY2170<>"""")",Backend UI Toggle
MF Market Rent,FT2171,"=1/(FY2171<>"""")",Backend UI Toggle
MF Market Rent,FT2172,"=1/(FY2172<>"""")",Backend UI Toggle
MF Market Rent,FT2173,"=1/(FY2173<>"""")",Backend UI Toggle
MF Market Rent,FT2174,"=1/(FY2174<>"""")",Backend UI Toggle
MF Market Rent,FT2175,"=1/(FY2175<>"""")",Backend UI Toggle
MF Market Rent,FT2176,"=1/(FY2176<>"""")",Backend UI Toggle
MF Market Rent,FT2177,"=1/(FY2177<>"""")",Backend UI Toggle
MF Market Rent,FT2178,"=1/(FY2178<>"""")",Backend UI Toggle
MF Market Rent,FT2179,"=1/(FY2179<>"""")",Backend UI Toggle
MF Market Rent,FT2180,"=1/(FY2180<>"""")",Backend UI Toggle
MF Market Rent,FT2181,"=1/(FY2181<>"""")",Backend UI Toggle
MF Market Rent,FT2182,"=1/(FY2182<>"""")",Backend UI Toggle
MF Market Rent,FT2183,"=1/(FY2183<>"""")",Backend UI Toggle
MF Market Rent,FT2184,"=1/(FY2184<>"""")",Backend UI Toggle
MF Market Rent,FT2185,"=1/(FY2185<>"""")",Backend UI Toggle
MF Market Rent,FT2186,"=1/(FY2186<>"""")",Backend UI Toggle
MF Market Rent,FT2187,"=1/(FY2187<>"""")",Backend UI Toggle
MF Market Rent,FT2188,"=1/(FY2188<>"""")",Backend UI Toggle
MF Market Rent,FT2189,"=1/(FY2189<>"""")",Backend UI Toggle
MF Market Rent,FT2190,"=1/(FY2190<>"""")",Backend UI Toggle
MF Market Rent,FT2191,"=1/(FY2191<>"""")",Backend UI Toggle
MF Market Rent,FT2192,"=1/(FY2192<>"""")",Backend UI Toggle
MF Market Rent,FT2193,"=1/(FY2193<>"""")",Backend UI Toggle
MF Market Rent,FT2194,"=1/(FY2194<>"""")",Backend UI Toggle
MF Market Rent,FT2195,"=1/(FY2195<>"""")",Backend UI Toggle
MF Market Rent,FT2196,"=1/(FY2196<>"""")",Backend UI Toggle
MF Market Rent,FT2197,"=1/(FY2197<>"""")",Backend UI Toggle
MF Market Rent,FT2198,"=1/(FY2198<>"""")",Backend UI Toggle
MF Market Rent,FT2199,"=1/(FY2199<>"""")",Backend UI Toggle
MF Market Rent,FT2200,"=1/(FY2200<>"""")",Backend UI Toggle
MF Market Rent,FT2201,"=1/(FY2201<>"""")",Backend UI Toggle
MF Market Rent,FT2202,"=1/(FY2202<>"""")",Backend UI Toggle
MF Market Rent,FT2203,"=1/(FY2203<>"""")",Backend UI Toggle
MF Market Rent,FT2204,"=1/(FY2204<>"""")",Backend UI Toggle
MF Market Rent,FT2205,"=1/(FY2205<>"""")",Backend UI Toggle
MF Market Rent,FT2206,"=1/(FY2206<>"""")",Backend UI Toggle
MF Market Rent,FT2207,"=1/(FY2207<>"""")",Backend UI Toggle
MF Market Rent,FT2208,"=1/(FY2208<>"""")",Backend UI Toggle
MF Market Rent,FT2209,"=1/(FY2209<>"""")",Backend UI Toggle
MF Market Rent,FT2210,"=1/(FY2210<>"""")",Backend UI Toggle
MF Market Rent,FT2211,"=1/(FY2211<>"""")",Backend UI Toggle
MF Market Rent,FT2212,"=1/(FY2212<>"""")",Backend UI Toggle
MF Market Rent,FT2213,"=1/(FY2213<>"""")",Backend UI Toggle
MF Market Rent,FT2214,"=1/(FY2214<>"""")",Backend UI Toggle
MF Market Rent,FT2215,"=1/(FY2215<>"""")",Backend UI Toggle
MF Market Rent,FT2216,"=1/(FY2216<>"""")",Backend UI Toggle
MF Market Rent,FT2217,"=1/(FY2217<>"""")",Backend UI Toggle
MF Market Rent,FT2218,"=1/(FY2218<>"""")",Backend UI Toggle
MF Market Rent,FT2219,"=1/(FY2219<>"""")",Backend UI Toggle
MF Market Rent,FT2220,"=1/(FY2220<>"""")",Backend UI Toggle
MF Market Rent,FT2221,"=1/(FY2221<>"""")",Backend UI Toggle
MF Market Rent,FT2222,"=1/(FY2222<>"""")",Backend UI Toggle
MF Market Rent,FT2223,"=1/(FY2223<>"""")",Backend UI Toggle
MF Market Rent,FT2224,"=1/(FY2224<>"""")",Backend UI Toggle
MF Market Rent,FT2225,"=1/(FY2225<>"""")",Backend UI Toggle
MF Market Rent,FT2226,"=1/(FY2226<>"""")",Backend UI Toggle
MF Market Rent,FT2227,"=1/(FY2227<>"""")",Backend UI Toggle
MF Market Rent,FT2228,"=1/(FY2228<>"""")",Backend UI Toggle
MF Market Rent,FT2229,"=1/(FY2229<>"""")",Backend UI Toggle
MF Market Rent,FT2230,"=1/(FY2230<>"""")",Backend UI Toggle
MF Market Rent,FT2231,"=1/(FY2231<>"""")",Backend UI Toggle
MF Market Rent,FT2232,"=1/(FY2232<>"""")",Backend UI Toggle
MF Market Rent,FT2233,"=1/(FY2233<>"""")",Backend UI Toggle
MF Market Rent,FT2234,"=1/(FY2234<>"""")",Backend UI Toggle
MF Market Rent,FT2235,"=1/(FY2235<>"""")",Backend UI Toggle
MF Market Rent,FT2236,"=1/(FY2236<>"""")",Backend UI Toggle
MF Market Rent,FT2237,"=1/(FY2237<>"""")",Backend UI Toggle
MF Market Rent,FT2238,"=1/(FY2238<>"""")",Backend UI Toggle
MF Market Rent,FT2239,"=1/(FY2239<>"""")",Backend UI Toggle
MF Market Rent,FT2240,"=1/(FY2240<>"""")",Backend UI Toggle
MF Market Rent,FT2241,"=1/(FY2241<>"""")",Backend UI Toggle
MF Market Rent,FT2242,"=1/(FY2242<>"""")",Backend UI Toggle
MF Market Rent,FT2243,"=1/(FY2243<>"""")",Backend UI Toggle
MF Market Rent,FT2244,"=1/(FY2244<>"""")",Backend UI Toggle
MF Market Rent,FT2245,"=1/(FY2245<>"""")",Backend UI Toggle
MF Market Rent,FT2246,"=1/(FY2246<>"""")",Backend UI Toggle
MF Market Rent,FT2247,"=1/(FY2247<>"""")",Backend UI Toggle
MF Market Rent,FT2248,"=1/(FY2248<>"""")",Backend UI Toggle
MF Market Rent,FT2249,"=1/(FY2249<>"""")",Backend UI Toggle
MF Market Rent,FT2250,"=1/(FY2250<>"""")",Backend UI Toggle
MF Market Rent,FT2251,"=1/(FY2251<>"""")",Backend UI Toggle
MF Market Rent,FT2252,"=1/(FY2252<>"""")",Backend UI Toggle
MF Market Rent,FT2253,"=1/(FY2253<>"""")",Backend UI Toggle
MF Market Rent,FT2254,"=1/(FY2254<>"""")",Backend UI Toggle
MF Market Rent,FT2255,"=1/(FY2255<>"""")",Backend UI Toggle
MF Market Rent,FT2256,"=1/(FY2256<>"""")",Backend UI Toggle
MF Market Rent,FT2257,"=1/(FY2257<>"""")",Backend UI Toggle
MF Market Rent,FT2258,"=1/(FY2258<>"""")",Backend UI Toggle
MF Market Rent,FT2259,"=1/(FY2259<>"""")",Backend UI Toggle
MF Market Rent,FT2260,"=1/(FY2260<>"""")",Backend UI Toggle
MF Market Rent,FT2261,"=1/(FY2261<>"""")",Backend UI Toggle
MF Market Rent,FT2262,"=1/(FY2262<>"""")",Backend UI Toggle
MF Market Rent,FT2263,"=1/(FY2263<>"""")",Backend UI Toggle
MF Market Rent,FT2264,"=1/(FY2264<>"""")",Backend UI Toggle
MF Market Rent,FT2265,"=1/(FY2265<>"""")",Backend UI Toggle
MF Market Rent,FT2266,"=1/(FY2266<>"""")",Backend UI Toggle
MF Market Rent,FT2267,"=1/(FY2267<>"""")",Backend UI Toggle
MF Market Rent,FT2268,"=1/(FY2268<>"""")",Backend UI Toggle
MF Market Rent,FT2269,"=1/(FY2269<>"""")",Backend UI Toggle
MF Market Rent,FT2270,"=1/(FY2270<>"""")",Backend UI Toggle
MF Market Rent,FT2271,"=1/(FY2271<>"""")",Backend UI Toggle
MF Market Rent,FT2272,"=1/(FY2272<>"""")",Backend UI Toggle
MF Market Rent,FT2273,"=1/(FY2273<>"""")",Backend UI Toggle
MF Market Rent,FT2274,"=1/(FY2274<>"""")",Backend UI Toggle
MF Market Rent,FT2275,"=1/(FY2275<>"""")",Backend UI Toggle
MF Market Rent,FT2276,"=1/(FY2276<>"""")",Backend UI Toggle
MF Market Rent,FT2277,"=1/(FY2277<>"""")",Backend UI Toggle
MF Market Rent,FT2278,"=1/(FY2278<>"""")",Backend UI Toggle
MF Market Rent,FT2279,"=1/(FY2279<>"""")",Backend UI Toggle
MF Market Rent,FT2280,"=1/(($GF$582<>""No""))",Backend UI Toggle
MF Market Rent,FT2281,"=1/(($GF$582<>""No""))",Backend UI Toggle
MF Market Rent,FT2283,"=1/(FY2283<>"""")",Backend UI Toggle
MF Market Rent,FT2284,"=1/((FY2284<>"""")+(FZ2284<>"""")+((GA2284<>"""")*(GA2284>0)))",Backend UI Toggle
MF Market Rent,FT2285,"=1/((FY2285<>"""")+(FZ2285<>"""")+((GA2285<>"""")*(GA2285>0)))",Backend UI Toggle
MF Market Rent,FT2286,"=1/((FY2286<>"""")+(FZ2286<>"""")+((GA2286<>"""")*(GA2286>0)))",Backend UI Toggle
MF Market Rent,FT2287,"=1/((FY2287<>"""")+(FZ2287<>"""")+((GA2287<>"""")*(GA2287>0)))",Backend UI Toggle
MF Market Rent,FT2288,"=1/((FY2288<>"""")+(FZ2288<>"""")+((GA2288<>"""")*(GA2288>0)))",Backend UI Toggle
MF Market Rent,FT2289,"=1/((FY2289<>"""")+(FZ2289<>"""")+((GA2289<>"""")*(GA2289>0)))",Backend UI Toggle
MF Market Rent,FT2290,"=1/((FY2290<>"""")+(FZ2290<>"""")+((GA2290<>"""")*(GA2290>0)))",Backend UI Toggle
MF Market Rent,FT2291,"=1/((FY2291<>"""")+(FZ2291<>"""")+((GA2291<>"""")*(GA2291>0)))",Backend UI Toggle
MF Market Rent,FT2292,"=1/((FY2292<>"""")+(FZ2292<>"""")+((GA2292<>"""")*(GA2292>0)))",Backend UI Toggle
MF Market Rent,FT2293,"=1/((FY2293<>"""")+(FZ2293<>"""")+((GA2293<>"""")*(GA2293>0)))",Backend UI Toggle
MF Market Rent,FT2294,"=1/((FY2294<>"""")+(FZ2294<>"""")+((GA2294<>"""")*(GA2294>0)))",Backend UI Toggle
MF Market Rent,FT2295,"=1/((FY2295<>"""")+(FZ2295<>"""")+((GA2295<>"""")*(GA2295>0)))",Backend UI Toggle
MF Market Rent,FT2296,"=1/((FY2296<>"""")+(FZ2296<>"""")+((GA2296<>"""")*(GA2296>0)))",Backend UI Toggle
MF Market Rent,FT2297,"=1/((FY2297<>"""")+(FZ2297<>"""")+((GA2297<>"""")*(GA2297>0)))",Backend UI Toggle
MF Market Rent,FT2298,"=1/((FY2298<>"""")+(FZ2298<>"""")+((GA2298<>"""")*(GA2298>0)))",Backend UI Toggle
MF Market Rent,FT2299,"=1/((FY2299<>"""")+(FZ2299<>"""")+((GA2299<>"""")*(GA2299>0)))",Backend UI Toggle
MF Market Rent,FT2300,"=1/((FY2300<>"""")+(FZ2300<>"""")+((GA2300<>"""")*(GA2300>0)))",Backend UI Toggle
MF Market Rent,FT2301,"=1/((FY2301<>"""")+(FZ2301<>"""")+((GA2301<>"""")*(GA2301>0)))",Backend UI Toggle
MF Market Rent,FT2302,"=1/((FY2302<>"""")+(FZ2302<>"""")+((GA2302<>"""")*(GA2302>0)))",Backend UI Toggle
MF Market Rent,FT2303,"=1/((FY2303<>"""")+(FZ2303<>"""")+((GA2303<>"""")*(GA2303>0)))",Backend UI Toggle
MF Market Rent,FT2304,"=1/((FY2304<>"""")+(FZ2304<>"""")+((GA2304<>"""")*(GA2304>0)))",Backend UI Toggle
MF Market Rent,FT2305,"=1/((FY2305<>"""")+(FZ2305<>"""")+((GA2305<>"""")*(GA2305>0)))",Backend UI Toggle
MF Market Rent,FT2306,"=1/((FY2306<>"""")+(FZ2306<>"""")+((GA2306<>"""")*(GA2306>0)))",Backend UI Toggle
MF Market Rent,FT2307,"=1/((FY2307<>"""")+(FZ2307<>"""")+((GA2307<>"""")*(GA2307>0)))",Backend UI Toggle
MF Market Rent,FT2308,"=1/((FY2308<>"""")+(FZ2308<>"""")+((GA2308<>"""")*(GA2308>0)))",Backend UI Toggle
MF Market Rent,FT2309,"=1/((FY2309<>"""")+(FZ2309<>"""")+((GA2309<>"""")*(GA2309>0)))",Backend UI Toggle
MF Market Rent,FT2310,"=1/((FY2310<>"""")+(FZ2310<>"""")+((GA2310<>"""")*(GA2310>0)))",Backend UI Toggle
MF Market Rent,FT2311,"=1/((FY2311<>"""")+(FZ2311<>"""")+((GA2311<>"""")*(GA2311>0)))",Backend UI Toggle
MF Market Rent,FT2312,"=1/((FY2312<>"""")+(FZ2312<>"""")+((GA2312<>"""")*(GA2312>0)))",Backend UI Toggle
MF Market Rent,FT2313,"=1/((FY2313<>"""")+(FZ2313<>"""")+((GA2313<>"""")*(GA2313>0)))",Backend UI Toggle
MF Market Rent,FT2329,"=1/(FY2329<>"""")",Backend UI Toggle
MF Market Rent,FT2330,"=1/(FY2330<>"""")",Backend UI Toggle
MF Market Rent,FT2331,"=1/(FY2331<>"""")",Backend UI Toggle
MF Market Rent,FT2332,"=1/(FY2332<>"""")",Backend UI Toggle
MF Market Rent,FT2333,"=1/(FY2333<>"""")",Backend UI Toggle
MF Market Rent,FT2334,"=1/(FY2334<>"""")",Backend UI Toggle
MF Market Rent,FT2335,"=1/(FY2335<>"""")",Backend UI Toggle
MF Market Rent,FT2336,"=1/(FY2336<>"""")",Backend UI Toggle
MF Market Rent,FT2337,"=1/(FY2337<>"""")",Backend UI Toggle
MF Market Rent,FT2338,"=1/(FY2338<>"""")",Backend UI Toggle
MF Market Rent,FT2339,"=1/(FY2339<>"""")",Backend UI Toggle
MF Market Rent,FT2340,"=1/(FY2340<>"""")",Backend UI Toggle
MF Market Rent,FT2341,"=1/(FY2341<>"""")",Backend UI Toggle
MF Market Rent,FT2342,"=1/(FY2342<>"""")",Backend UI Toggle
MF Market Rent,FT2343,"=1/(FY2343<>"""")",Backend UI Toggle
MF Market Rent,FT2344,"=1/(FY2344<>"""")",Backend UI Toggle
MF Market Rent,FT2345,"=1/(FY2345<>"""")",Backend UI Toggle
MF Market Rent,FT2346,"=1/(FY2346<>"""")",Backend UI Toggle
MF Market Rent,FT2347,"=1/(FY2347<>"""")",Backend UI Toggle
MF Market Rent,FT2348,"=1/(FY2348<>"""")",Backend UI Toggle
MF Market Rent,FT2349,"=1/(FY2349<>"""")",Backend UI Toggle
MF Market Rent,FT2350,"=1/(FY2350<>"""")",Backend UI Toggle
MF Market Rent,FT2351,"=1/(FY2351<>"""")",Backend UI Toggle
MF Market Rent,FT2352,"=1/(FY2352<>"""")",Backend UI Toggle
MF Market Rent,FT2353,"=1/(FY2353<>"""")",Backend UI Toggle
MF Market Rent,FT2354,"=1/(FY2354<>"""")",Backend UI Toggle
MF Market Rent,FT2355,"=1/(FY2355<>"""")",Backend UI Toggle
MF Market Rent,FT2356,"=1/(FY2356<>"""")",Backend UI Toggle
MF Market Rent,FT2357,"=1/(FY2357<>"""")",Backend UI Toggle
MF Market Rent,FT2358,"=1/(FY2358<>"""")",Backend UI Toggle
MF Market Rent,FT2359,"=1/(FY2359<>"""")",Backend UI Toggle
MF Market Rent,FT2360,"=1/(FY2360<>"""")",Backend UI Toggle
MF Market Rent,FT2361,"=1/(FY2361<>"""")",Backend UI Toggle
MF Market Rent,FT2362,"=1/(FY2362<>"""")",Backend UI Toggle
MF Market Rent,FT2363,"=1/(FY2363<>"""")",Backend UI Toggle
MF Market Rent,FT2364,"=1/(FY2364<>"""")",Backend UI Toggle
MF Market Rent,FT2365,"=1/(FY2365<>"""")",Backend UI Toggle
MF Market Rent,FT2366,"=1/(FY2366<>"""")",Backend UI Toggle
MF Market Rent,FT2367,"=1/(FY2367<>"""")",Backend UI Toggle
MF Market Rent,FT2368,"=1/(FY2368<>"""")",Backend UI Toggle
MF Market Rent,FT2369,"=1/(FY2369<>"""")",Backend UI Toggle
MF Market Rent,FT2370,"=1/(FY2370<>"""")",Backend UI Toggle
MF Market Rent,FT2371,"=1/(FY2371<>"""")",Backend UI Toggle
MF Market Rent,FT2372,"=1/(FY2372<>"""")",Backend UI Toggle
MF Market Rent,FT2373,"=1/(FY2373<>"""")",Backend UI Toggle
MF Market Rent,FT2374,"=1/(FY2374<>"""")",Backend UI Toggle
MF Market Rent,FT2375,"=1/(FY2375<>"""")",Backend UI Toggle
MF Market Rent,FT2376,"=1/(FY2376<>"""")",Backend UI Toggle
MF Market Rent,FT2377,"=1/(FY2377<>"""")",Backend UI Toggle
MF Market Rent,FT2378,"=1/(FY2378<>"""")",Backend UI Toggle
MF Market Rent,FT2379,"=1/(FY2379<>"""")",Backend UI Toggle
MF Market Rent,FT2380,"=1/(FY2380<>"""")",Backend UI Toggle
MF Market Rent,FT2381,"=1/(FY2381<>"""")",Backend UI Toggle
MF Market Rent,FT2382,"=1/(FY2382<>"""")",Backend UI Toggle
MF Market Rent,FT2383,"=1/(FY2383<>"""")",Backend UI Toggle
MF Market Rent,FT2384,"=1/(FY2384<>"""")",Backend UI Toggle
MF Market Rent,FT2385,"=1/(FY2385<>"""")",Backend UI Toggle
MF Market Rent,FT2386,"=1/(FY2386<>"""")",Backend UI Toggle
MF Market Rent,FT2387,"=1/(FY2387<>"""")",Backend UI Toggle
MF Market Rent,FT2388,"=1/(FY2388<>"""")",Backend UI Toggle
MF Market Rent,FT2389,"=1/(FY2389<>"""")",Backend UI Toggle
MF Market Rent,FT2390,"=1/(FY2390<>"""")",Backend UI Toggle
MF Market Rent,FT2391,"=1/(FY2391<>"""")",Backend UI Toggle
MF Market Rent,FT2392,"=1/(FY2392<>"""")",Backend UI Toggle
MF Market Rent,FT2393,"=1/(FY2393<>"""")",Backend UI Toggle
MF Market Rent,FT2394,"=1/(FY2394<>"""")",Backend UI Toggle
MF Market Rent,FT2395,"=1/(FY2395<>"""")",Backend UI Toggle
MF Market Rent,FT2396,"=1/(FY2396<>"""")",Backend UI Toggle
MF Market Rent,FT2397,"=1/(FY2397<>"""")",Backend UI Toggle
MF Market Rent,FT2398,"=1/(FY2398<>"""")",Backend UI Toggle
MF Market Rent,FT2399,"=1/(FY2399<>"""")",Backend UI Toggle
MF Market Rent,FT2400,"=1/(FY2400<>"""")",Backend UI Toggle
MF Market Rent,FT2401,"=1/(FY2401<>"""")",Backend UI Toggle
MF Market Rent,FT2402,"=1/(FY2402<>"""")",Backend UI Toggle
MF Market Rent,FT2403,"=1/(FY2403<>"""")",Backend UI Toggle
MF Market Rent,FT2404,"=1/(FY2404<>"""")",Backend UI Toggle
MF Market Rent,FT2405,"=1/(FY2405<>"""")",Backend UI Toggle
MF Market Rent,FT2406,"=1/(FY2406<>"""")",Backend UI Toggle
MF Market Rent,FT2407,"=1/(FY2407<>"""")",Backend UI Toggle
MF Market Rent,FT2408,"=1/(FY2408<>"""")",Backend UI Toggle
MF Market Rent,FT2409,"=1/(FY2409<>"""")",Backend UI Toggle
MF Market Rent,FT2410,"=1/(FY2410<>"""")",Backend UI Toggle
MF Market Rent,FT2411,"=1/(FY2411<>"""")",Backend UI Toggle
MF Market Rent,FT2412,"=1/(FY2412<>"""")",Backend UI Toggle
MF Market Rent,FT2413,"=1/(FY2413<>"""")",Backend UI Toggle
MF Market Rent,FT2414,"=1/(FY2414<>"""")",Backend UI Toggle
MF Market Rent,FT2415,"=1/(FY2415<>"""")",Backend UI Toggle
MF Market Rent,FT2416,"=1/(FY2416<>"""")",Backend UI Toggle
MF Market Rent,FT2417,"=1/(FY2417<>"""")",Backend UI Toggle
MF Market Rent,FT2418,"=1/(FY2418<>"""")",Backend UI Toggle
MF Market Rent,FT2419,"=1/(FY2419<>"""")",Backend UI Toggle
MF Market Rent,FT2420,"=1/(FY2420<>"""")",Backend UI Toggle
MF Market Rent,FT2421,"=1/(FY2421<>"""")",Backend UI Toggle
MF Market Rent,FT2422,"=1/(FY2422<>"""")",Backend UI Toggle
MF Market Rent,FT2423,"=1/(FY2423<>"""")",Backend UI Toggle
MF Market Rent,FT2424,"=1/(FY2424<>"""")",Backend UI Toggle
MF Market Rent,FT2425,"=1/(FY2425<>"""")",Backend UI Toggle
MF Market Rent,FT2426,"=1/(FY2426<>"""")",Backend UI Toggle
MF Market Rent,FT2427,"=1/(FY2427<>"""")",Backend UI Toggle
MF Market Rent,FT2428,"=1/(FY2428<>"""")",Backend UI Toggle
MF Market Rent,FT2429,"=1/(FY2429<>"""")",Backend UI Toggle
MF Market Rent,FT2430,"=1/(FY2430<>"""")",Backend UI Toggle
MF Market Rent,FT2431,"=1/(FY2431<>"""")",Backend UI Toggle
MF Market Rent,FT2432,"=1/(FY2432<>"""")",Backend UI Toggle
MF Market Rent,FT2433,"=1/(FY2433<>"""")",Backend UI Toggle
MF Market Rent,FT2434,"=1/(FY2434<>"""")",Backend UI Toggle
MF Market Rent,FT2435,"=1/(FY2435<>"""")",Backend UI Toggle
MF Market Rent,FT2436,"=1/(FY2436<>"""")",Backend UI Toggle
MF Market Rent,FT2437,"=1/(FY2437<>"""")",Backend UI Toggle
MF Market Rent,FT2438,"=1/(FY2438<>"""")",Backend UI Toggle
MF Market Rent,FT2439,"=1/(FY2439<>"""")",Backend UI Toggle
MF Market Rent,FT2440,"=1/(FY2440<>"""")",Backend UI Toggle
MF Market Rent,FT2441,"=1/(FY2441<>"""")",Backend UI Toggle
MF Market Rent,FT2442,"=1/(FY2442<>"""")",Backend UI Toggle
MF Market Rent,FT2443,"=1/(FY2443<>"""")",Backend UI Toggle
MF Market Rent,FT2444,"=1/(FY2444<>"""")",Backend UI Toggle
MF Market Rent,FT2445,"=1/(FY2445<>"""")",Backend UI Toggle
MF Market Rent,FT2446,"=1/(FY2446<>"""")",Backend UI Toggle
MF Market Rent,FT2447,"=1/(FY2447<>"""")",Backend UI Toggle
MF Market Rent,FT2448,"=1/(FY2448<>"""")",Backend UI Toggle
MF Market Rent,FT2449,"=1/(FY2449<>"""")",Backend UI Toggle
MF Market Rent,FT2450,"=1/(FY2450<>"""")",Backend UI Toggle
MF Market Rent,FT2451,"=1/(FY2451<>"""")",Backend UI Toggle
MF Market Rent,FT2452,"=1/(FY2452<>"""")",Backend UI Toggle
MF Market Rent,FT2453,"=1/(FY2453<>"""")",Backend UI Toggle
MF Market Rent,FT2454,"=1/(FY2454<>"""")",Backend UI Toggle
MF Market Rent,FT2455,"=1/(FY2455<>"""")",Backend UI Toggle
MF Market Rent,FT2456,"=1/(FY2456<>"""")",Backend UI Toggle
MF Market Rent,FT2457,"=1/(FY2457<>"""")",Backend UI Toggle
MF Market Rent,FT2458,"=1/(FY2458<>"""")",Backend UI Toggle
MF Market Rent,FT2459,"=1/(FY2459<>"""")",Backend UI Toggle
MF Market Rent,FT2460,"=1/(FY2460<>"""")",Backend UI Toggle
MF Market Rent,FT2461,"=1/(FY2461<>"""")",Backend UI Toggle
MF Market Rent,FT2462,"=1/(FY2462<>"""")",Backend UI Toggle
MF Market Rent,FT2463,"=1/(FY2463<>"""")",Backend UI Toggle
MF Market Rent,FT2464,"=1/(FY2464<>"""")",Backend UI Toggle
MF Market Rent,FT2465,"=1/(FY2465<>"""")",Backend UI Toggle
MF Market Rent,FT2466,"=1/(FY2466<>"""")",Backend UI Toggle
MF Market Rent,FT2467,"=1/(FY2467<>"""")",Backend UI Toggle
MF Market Rent,FT2468,"=1/(FY2468<>"""")",Backend UI Toggle
MF Market Rent,FT2469,"=1/(FY2469<>"""")",Backend UI Toggle
MF Market Rent,FT2470,"=1/(FY2470<>"""")",Backend UI Toggle
MF Market Rent,FT2471,"=1/(FY2471<>"""")",Backend UI Toggle
MF Market Rent,FT2472,"=1/(FY2472<>"""")",Backend UI Toggle
MF Market Rent,FT2473,"=1/(FY2473<>"""")",Backend UI Toggle
MF Market Rent,FT2474,"=1/(FY2474<>"""")",Backend UI Toggle
MF Market Rent,FT2475,"=1/(FY2475<>"""")",Backend UI Toggle
MF Market Rent,FT2476,"=1/(FY2476<>"""")",Backend UI Toggle
MF Market Rent,FT2477,"=1/(FY2477<>"""")",Backend UI Toggle
MF Market Rent,FT2478,"=1/(FY2478<>"""")",Backend UI Toggle
MF Market Rent,FT2479,"=1/(FY2479<>"""")",Backend UI Toggle
MF Market Rent,FT2480,"=1/(FY2480<>"""")",Backend UI Toggle
MF Market Rent,FT2481,"=1/(FY2481<>"""")",Backend UI Toggle
MF Market Rent,FT2482,"=1/(FY2482<>"""")",Backend UI Toggle
MF Market Rent,FT2483,"=1/(FY2483<>"""")",Backend UI Toggle
MF Market Rent,FT2484,"=1/(FY2484<>"""")",Backend UI Toggle
MF Market Rent,FT2485,"=1/(FY2485<>"""")",Backend UI Toggle
MF Market Rent,FT2486,"=1/(FY2486<>"""")",Backend UI Toggle
MF Market Rent,FT2487,"=1/(FY2487<>"""")",Backend UI Toggle
MF Market Rent,FT2488,"=1/(FY2488<>"""")",Backend UI Toggle
MF Market Rent,FT2489,"=1/(FY2489<>"""")",Backend UI Toggle
MF Market Rent,FT2490,"=1/(FY2490<>"""")",Backend UI Toggle
MF Market Rent,FT2491,"=1/(FY2491<>"""")",Backend UI Toggle
MF Market Rent,FT2492,"=1/(FY2492<>"""")",Backend UI Toggle
MF Market Rent,FT2493,"=1/(FY2493<>"""")",Backend UI Toggle
MF Market Rent,FT2494,"=1/(FY2494<>"""")",Backend UI Toggle
MF Market Rent,FT2495,"=1/(FY2495<>"""")",Backend UI Toggle
MF Market Rent,FT2496,"=1/(FY2496<>"""")",Backend UI Toggle
MF Market Rent,FT2497,"=1/(FY2497<>"""")",Backend UI Toggle
MF Market Rent,FT2498,"=1/(FY2498<>"""")",Backend UI Toggle
MF Market Rent,FT2499,"=1/(FY2499<>"""")",Backend UI Toggle
MF Market Rent,FT2500,"=1/(FY2500<>"""")",Backend UI Toggle
MF Market Rent,FT2501,"=1/(FY2501<>"""")",Backend UI Toggle
MF Market Rent,FT2502,"=1/(FY2502<>"""")",Backend UI Toggle
MF Market Rent,FT2503,"=1/(FY2503<>"""")",Backend UI Toggle
MF Market Rent,FT2504,"=1/(FY2504<>"""")",Backend UI Toggle
MF Market Rent,FT2505,"=1/(FY2505<>"""")",Backend UI Toggle
MF Market Rent,FT2506,"=1/(FY2506<>"""")",Backend UI Toggle
MF Market Rent,FT2507,"=1/(FY2507<>"""")",Backend UI Toggle
MF Market Rent,FT2508,"=1/(FY2508<>"""")",Backend UI Toggle
MF Market Rent,FT2509,"=1/(FY2509<>"""")",Backend UI Toggle
MF Market Rent,FT2510,"=1/(FY2510<>"""")",Backend UI Toggle
MF Market Rent,FT2511,"=1/(FY2511<>"""")",Backend UI Toggle
MF Market Rent,FT2512,"=1/(FY2512<>"""")",Backend UI Toggle
MF Market Rent,FT2513,"=1/(FY2513<>"""")",Backend UI Toggle
MF Market Rent,FT2514,"=1/(FY2514<>"""")",Backend UI Toggle
MF Market Rent,FT2515,"=1/(FY2515<>"""")",Backend UI Toggle
MF Market Rent,FT2516,"=1/(FY2516<>"""")",Backend UI Toggle
MF Market Rent,FT2517,"=1/(FY2517<>"""")",Backend UI Toggle
MF Market Rent,FT2518,"=1/(FY2518<>"""")",Backend UI Toggle
MF Market Rent,FT2519,"=1/(FY2519<>"""")",Backend UI Toggle
MF Market Rent,FT2520,"=1/(FY2520<>"""")",Backend UI Toggle
MF Market Rent,FT2521,"=1/(FY2521<>"""")",Backend UI Toggle
MF Market Rent,FT2522,"=1/(FY2522<>"""")",Backend UI Toggle
MF Market Rent,FT2523,"=1/(FY2523<>"""")",Backend UI Toggle
MF Market Rent,FT2524,"=1/(FY2524<>"""")",Backend UI Toggle
MF Market Rent,FT2525,"=1/(FY2525<>"""")",Backend UI Toggle
MF Market Rent,FT2526,"=1/(FY2526<>"""")",Backend UI Toggle
MF Market Rent,FT2527,"=1/(FY2527<>"""")",Backend UI Toggle
MF Market Rent,FT2528,"=1/(FY2528<>"""")",Backend UI Toggle
MF Market Rent,FT2529,"=1/(FY2529<>"""")",Backend UI Toggle
MF Market Rent,FT2530,"=1/(FY2530<>"""")",Backend UI Toggle
MF Market Rent,FT2531,"=1/(FY2531<>"""")",Backend UI Toggle
MF Market Rent,FT2532,"=1/(FY2532<>"""")",Backend UI Toggle
MF Market Rent,FT2533,"=1/(FY2533<>"""")",Backend UI Toggle
MF Market Rent,FT2534,"=1/(FY2534<>"""")",Backend UI Toggle
MF Market Rent,FT2535,"=1/(FY2535<>"""")",Backend UI Toggle
MF Market Rent,FT2536,"=1/(FY2536<>"""")",Backend UI Toggle
MF Market Rent,FT2537,"=1/(FY2537<>"""")",Backend UI Toggle
MF Market Rent,FT2538,"=1/(FY2538<>"""")",Backend UI Toggle
MF Market Rent,FT2539,"=1/(FY2539<>"""")",Backend UI Toggle
MF Market Rent,FT2540,"=1/(FY2540<>"""")",Backend UI Toggle
MF Market Rent,FT2541,"=1/(FY2541<>"""")",Backend UI Toggle
MF Market Rent,FT2542,"=1/(FY2542<>"""")",Backend UI Toggle
MF Market Rent,FT2543,"=1/(FY2543<>"""")",Backend UI Toggle
MF Market Rent,FT2544,"=1/(FY2544<>"""")",Backend UI Toggle
MF Market Rent,FT2545,"=1/(FY2545<>"""")",Backend UI Toggle
MF Market Rent,FT2546,"=1/(FY2546<>"""")",Backend UI Toggle
MF Market Rent,FT2547,"=1/(FY2547<>"""")",Backend UI Toggle
MF Market Rent,FT2548,"=1/(FY2548<>"""")",Backend UI Toggle
MF Market Rent,FT2549,"=1/(FY2549<>"""")",Backend UI Toggle
MF Market Rent,FT2550,"=1/(FY2550<>"""")",Backend UI Toggle
MF Market Rent,FT2551,"=1/(FY2551<>"""")",Backend UI Toggle
MF Market Rent,FT2552,"=1/(FY2552<>"""")",Backend UI Toggle
MF Market Rent,FT2553,"=1/(FY2553<>"""")",Backend UI Toggle
MF Market Rent,FT2554,"=1/(FY2554<>"""")",Backend UI Toggle
MF Market Rent,FT2555,"=1/(FY2555<>"""")",Backend UI Toggle
MF Market Rent,FT2556,"=1/(FY2556<>"""")",Backend UI Toggle
MF Market Rent,FT2557,"=1/(FY2557<>"""")",Backend UI Toggle
MF Market Rent,FT2558,"=1/(FY2558<>"""")",Backend UI Toggle
MF Market Rent,FT2559,"=1/(FY2559<>"""")",Backend UI Toggle
MF Market Rent,FT2560,"=1/(FY2560<>"""")",Backend UI Toggle
MF Market Rent,FT2561,"=1/(FY2561<>"""")",Backend UI Toggle
MF Market Rent,FT2562,"=1/(FY2562<>"""")",Backend UI Toggle
MF Market Rent,FT2563,"=1/(FY2563<>"""")",Backend UI Toggle
MF Market Rent,FT2564,"=1/(FY2564<>"""")",Backend UI Toggle
MF Market Rent,FT2565,"=1/(FY2565<>"""")",Backend UI Toggle
MF Market Rent,FT2566,"=1/(FY2566<>"""")",Backend UI Toggle
MF Market Rent,FT2567,"=1/(FY2567<>"""")",Backend UI Toggle
MF Market Rent,FT2568,"=1/(FY2568<>"""")",Backend UI Toggle
MF Market Rent,FT2569,"=1/(($GF$582<>""No""))",Backend UI Toggle
MF Market Rent,FT2570,"=1/(($GF$582<>""No""))",Backend UI Toggle
MF Market Rent,FT2572,"=1/(FY2572<>"""")",Backend UI Toggle
MF Market Rent,FT2573,"=1/((FY2573<>"""")+(FZ2573<>"""")+((GA2573<>"""")*(GA2573>0)))",Backend UI Toggle
MF Market Rent,FT2574,"=1/((FY2574<>"""")+(FZ2574<>"""")+((GA2574<>"""")*(GA2574>0)))",Backend UI Toggle
MF Market Rent,FT2575,"=1/((FY2575<>"""")+(FZ2575<>"""")+((GA2575<>"""")*(GA2575>0)))",Backend UI Toggle
MF Market Rent,FT2576,"=1/((FY2576<>"""")+(FZ2576<>"""")+((GA2576<>"""")*(GA2576>0)))",Backend UI Toggle
MF Market Rent,FT2577,"=1/((FY2577<>"""")+(FZ2577<>"""")+((GA2577<>"""")*(GA2577>0)))",Backend UI Toggle
MF Market Rent,FT2578,"=1/((FY2578<>"""")+(FZ2578<>"""")+((GA2578<>"""")*(GA2578>0)))",Backend UI Toggle
MF Market Rent,FT2579,"=1/((FY2579<>"""")+(FZ2579<>"""")+((GA2579<>"""")*(GA2579>0)))",Backend UI Toggle
MF Market Rent,FT2580,"=1/((FY2580<>"""")+(FZ2580<>"""")+((GA2580<>"""")*(GA2580>0)))",Backend UI Toggle
MF Market Rent,FT2581,"=1/((FY2581<>"""")+(FZ2581<>"""")+((GA2581<>"""")*(GA2581>0)))",Backend UI Toggle
MF Market Rent,FT2582,"=1/((FY2582<>"""")+(FZ2582<>"""")+((GA2582<>"""")*(GA2582>0)))",Backend UI Toggle
MF Market Rent,FT2583,"=1/((FY2583<>"""")+(FZ2583<>"""")+((GA2583<>"""")*(GA2583>0)))",Backend UI Toggle
MF Market Rent,FT2584,"=1/((FY2584<>"""")+(FZ2584<>"""")+((GA2584<>"""")*(GA2584>0)))",Backend UI Toggle
MF Market Rent,FT2585,"=1/((FY2585<>"""")+(FZ2585<>"""")+((GA2585<>"""")*(GA2585>0)))",Backend UI Toggle
MF Market Rent,FT2586,"=1/((FY2586<>"""")+(FZ2586<>"""")+((GA2586<>"""")*(GA2586>0)))",Backend UI Toggle
MF Market Rent,FT2587,"=1/((FY2587<>"""")+(FZ2587<>"""")+((GA2587<>"""")*(GA2587>0)))",Backend UI Toggle
MF Market Rent,FT2588,"=1/((FY2588<>"""")+(FZ2588<>"""")+((GA2588<>"""")*(GA2588>0)))",Backend UI Toggle
MF Market Rent,FT2589,"=1/((FY2589<>"""")+(FZ2589<>"""")+((GA2589<>"""")*(GA2589>0)))",Backend UI Toggle
MF Market Rent,FT2590,"=1/((FY2590<>"""")+(FZ2590<>"""")+((GA2590<>"""")*(GA2590>0)))",Backend UI Toggle
MF Market Rent,FT2591,"=1/((FY2591<>"""")+(FZ2591<>"""")+((GA2591<>"""")*(GA2591>0)))",Backend UI Toggle
MF Market Rent,FT2592,"=1/((FY2592<>"""")+(FZ2592<>"""")+((GA2592<>"""")*(GA2592>0)))",Backend UI Toggle
MF Market Rent,FT2593,"=1/((FY2593<>"""")+(FZ2593<>"""")+((GA2593<>"""")*(GA2593>0)))",Backend UI Toggle
MF Market Rent,FT2594,"=1/((FY2594<>"""")+(FZ2594<>"""")+((GA2594<>"""")*(GA2594>0)))",Backend UI Toggle
MF Market Rent,FT2595,"=1/((FY2595<>"""")+(FZ2595<>"""")+((GA2595<>"""")*(GA2595>0)))",Backend UI Toggle
MF Market Rent,FT2596,"=1/((FY2596<>"""")+(FZ2596<>"""")+((GA2596<>"""")*(GA2596>0)))",Backend UI Toggle
MF Market Rent,FT2597,"=1/((FY2597<>"""")+(FZ2597<>"""")+((GA2597<>"""")*(GA2597>0)))",Backend UI Toggle
MF Market Rent,FT2598,"=1/((FY2598<>"""")+(FZ2598<>"""")+((GA2598<>"""")*(GA2598>0)))",Backend UI Toggle
MF Market Rent,FT2599,"=1/((FY2599<>"""")+(FZ2599<>"""")+((GA2599<>"""")*(GA2599>0)))",Backend UI Toggle
MF Market Rent,FT2600,"=1/((FY2600<>"""")+(FZ2600<>"""")+((GA2600<>"""")*(GA2600>0)))",Backend UI Toggle
MF Market Rent,FT2601,"=1/((FY2601<>"""")+(FZ2601<>"""")+((GA2601<>"""")*(GA2601>0)))",Backend UI Toggle
MF Market Rent,FT2602,"=1/((FY2602<>"""")+(FZ2602<>"""")+((GA2602<>"""")*(GA2602>0)))",Backend UI Toggle
MF Market Rent,FT2618,"=1/(FY2618<>"""")",Backend UI Toggle
MF Market Rent,FT2619,"=1/(FY2619<>"""")",Backend UI Toggle
MF Market Rent,FT2620,"=1/(FY2620<>"""")",Backend UI Toggle
MF Market Rent,FT2621,"=1/(FY2621<>"""")",Backend UI Toggle
MF Market Rent,FT2622,"=1/(FY2622<>"""")",Backend UI Toggle
MF Market Rent,FT2623,"=1/(FY2623<>"""")",Backend UI Toggle
MF Market Rent,FT2624,"=1/(FY2624<>"""")",Backend UI Toggle
MF Market Rent,FT2625,"=1/(FY2625<>"""")",Backend UI Toggle
MF Market Rent,FT2626,"=1/(FY2626<>"""")",Backend UI Toggle
MF Market Rent,FT2627,"=1/(FY2627<>"""")",Backend UI Toggle
MF Market Rent,FT2628,"=1/(FY2628<>"""")",Backend UI Toggle
MF Market Rent,FT2629,"=1/(FY2629<>"""")",Backend UI Toggle
MF Market Rent,FT2630,"=1/(FY2630<>"""")",Backend UI Toggle
MF Market Rent,FT2631,"=1/(FY2631<>"""")",Backend UI Toggle
MF Market Rent,FT2632,"=1/(FY2632<>"""")",Backend UI Toggle
MF Market Rent,FT2633,"=1/(FY2633<>"""")",Backend UI Toggle
MF Market Rent,FT2634,"=1/(FY2634<>"""")",Backend UI Toggle
MF Market Rent,FT2635,"=1/(FY2635<>"""")",Backend UI Toggle
MF Market Rent,FT2636,"=1/(FY2636<>"""")",Backend UI Toggle
MF Market Rent,FT2637,"=1/(FY2637<>"""")",Backend UI Toggle
MF Market Rent,FT2638,"=1/(FY2638<>"""")",Backend UI Toggle
MF Market Rent,FT2639,"=1/(FY2639<>"""")",Backend UI Toggle
MF Market Rent,FT2640,"=1/(FY2640<>"""")",Backend UI Toggle
MF Market Rent,FT2641,"=1/(FY2641<>"""")",Backend UI Toggle
MF Market Rent,FT2642,"=1/(FY2642<>"""")",Backend UI Toggle
MF Market Rent,FT2643,"=1/(FY2643<>"""")",Backend UI Toggle
MF Market Rent,FT2644,"=1/(FY2644<>"""")",Backend UI Toggle
MF Market Rent,FT2645,"=1/(FY2645<>"""")",Backend UI Toggle
MF Market Rent,FT2646,"=1/(FY2646<>"""")",Backend UI Toggle
MF Market Rent,FT2647,"=1/(FY2647<>"""")",Backend UI Toggle
MF Market Rent,FT2648,"=1/(FY2648<>"""")",Backend UI Toggle
MF Market Rent,FT2649,"=1/(FY2649<>"""")",Backend UI Toggle
MF Market Rent,FT2650,"=1/(FY2650<>"""")",Backend UI Toggle
MF Market Rent,FT2651,"=1/(FY2651<>"""")",Backend UI Toggle
MF Market Rent,FT2652,"=1/(FY2652<>"""")",Backend UI Toggle
MF Market Rent,FT2653,"=1/(FY2653<>"""")",Backend UI Toggle
MF Market Rent,FT2654,"=1/(FY2654<>"""")",Backend UI Toggle
MF Market Rent,FT2655,"=1/(FY2655<>"""")",Backend UI Toggle
MF Market Rent,FT2656,"=1/(FY2656<>"""")",Backend UI Toggle
MF Market Rent,FT2657,"=1/(FY2657<>"""")",Backend UI Toggle
MF Market Rent,FT2658,"=1/(FY2658<>"""")",Backend UI Toggle
MF Market Rent,FT2659,"=1/(FY2659<>"""")",Backend UI Toggle
MF Market Rent,FT2660,"=1/(FY2660<>"""")",Backend UI Toggle
MF Market Rent,FT2661,"=1/(FY2661<>"""")",Backend UI Toggle
MF Market Rent,FT2662,"=1/(FY2662<>"""")",Backend UI Toggle
MF Market Rent,FT2663,"=1/(FY2663<>"""")",Backend UI Toggle
MF Market Rent,FT2664,"=1/(FY2664<>"""")",Backend UI Toggle
MF Market Rent,FT2665,"=1/(FY2665<>"""")",Backend UI Toggle
MF Market Rent,FT2666,"=1/(FY2666<>"""")",Backend UI Toggle
MF Market Rent,FT2667,"=1/(FY2667<>"""")",Backend UI Toggle
MF Market Rent,FT2668,"=1/(FY2668<>"""")",Backend UI Toggle
MF Market Rent,FT2669,"=1/(FY2669<>"""")",Backend UI Toggle
MF Market Rent,FT2670,"=1/(FY2670<>"""")",Backend UI Toggle
MF Market Rent,FT2671,"=1/(FY2671<>"""")",Backend UI Toggle
MF Market Rent,FT2672,"=1/(FY2672<>"""")",Backend UI Toggle
MF Market Rent,FT2673,"=1/(FY2673<>"""")",Backend UI Toggle
MF Market Rent,FT2674,"=1/(FY2674<>"""")",Backend UI Toggle
MF Market Rent,FT2675,"=1/(FY2675<>"""")",Backend UI Toggle
MF Market Rent,FT2676,"=1/(FY2676<>"""")",Backend UI Toggle
MF Market Rent,FT2677,"=1/(FY2677<>"""")",Backend UI Toggle
MF Market Rent,FT2678,"=1/(FY2678<>"""")",Backend UI Toggle
MF Market Rent,FT2679,"=1/(FY2679<>"""")",Backend UI Toggle
MF Market Rent,FT2680,"=1/(FY2680<>"""")",Backend UI Toggle
MF Market Rent,FT2681,"=1/(FY2681<>"""")",Backend UI Toggle
MF Market Rent,FT2682,"=1/(FY2682<>"""")",Backend UI Toggle
MF Market Rent,FT2683,"=1/(FY2683<>"""")",Backend UI Toggle
MF Market Rent,FT2684,"=1/(FY2684<>"""")",Backend UI Toggle
MF Market Rent,FT2685,"=1/(FY2685<>"""")",Backend UI Toggle
MF Market Rent,FT2686,"=1/(FY2686<>"""")",Backend UI Toggle
MF Market Rent,FT2687,"=1/(FY2687<>"""")",Backend UI Toggle
MF Market Rent,FT2688,"=1/(FY2688<>"""")",Backend UI Toggle
MF Market Rent,FT2689,"=1/(FY2689<>"""")",Backend UI Toggle
MF Market Rent,FT2690,"=1/(FY2690<>"""")",Backend UI Toggle
MF Market Rent,FT2691,"=1/(FY2691<>"""")",Backend UI Toggle
MF Market Rent,FT2692,"=1/(FY2692<>"""")",Backend UI Toggle
MF Market Rent,FT2693,"=1/(FY2693<>"""")",Backend UI Toggle
MF Market Rent,FT2694,"=1/(FY2694<>"""")",Backend UI Toggle
MF Market Rent,FT2695,"=1/(FY2695<>"""")",Backend UI Toggle
MF Market Rent,FT2696,"=1/(FY2696<>"""")",Backend UI Toggle
MF Market Rent,FT2697,"=1/(FY2697<>"""")",Backend UI Toggle
MF Market Rent,FT2698,"=1/(FY2698<>"""")",Backend UI Toggle
MF Market Rent,FT2699,"=1/(FY2699<>"""")",Backend UI Toggle
MF Market Rent,FT2700,"=1/(FY2700<>"""")",Backend UI Toggle
MF Market Rent,FT2701,"=1/(FY2701<>"""")",Backend UI Toggle
MF Market Rent,FT2702,"=1/(FY2702<>"""")",Backend UI Toggle
MF Market Rent,FT2703,"=1/(FY2703<>"""")",Backend UI Toggle
MF Market Rent,FT2704,"=1/(FY2704<>"""")",Backend UI Toggle
MF Market Rent,FT2705,"=1/(FY2705<>"""")",Backend UI Toggle
MF Market Rent,FT2706,"=1/(FY2706<>"""")",Backend UI Toggle
MF Market Rent,FT2707,"=1/(FY2707<>"""")",Backend UI Toggle
MF Market Rent,FT2708,"=1/(FY2708<>"""")",Backend UI Toggle
MF Market Rent,FT2709,"=1/(FY2709<>"""")",Backend UI Toggle
MF Market Rent,FT2710,"=1/(FY2710<>"""")",Backend UI Toggle
MF Market Rent,FT2711,"=1/(FY2711<>"""")",Backend UI Toggle
MF Market Rent,FT2712,"=1/(FY2712<>"""")",Backend UI Toggle
MF Market Rent,FT2713,"=1/(FY2713<>"""")",Backend UI Toggle
MF Market Rent,FT2714,"=1/(FY2714<>"""")",Backend UI Toggle
MF Market Rent,FT2715,"=1/(FY2715<>"""")",Backend UI Toggle
MF Market Rent,FT2716,"=1/(FY2716<>"""")",Backend UI Toggle
MF Market Rent,FT2717,"=1/(FY2717<>"""")",Backend UI Toggle
MF Market Rent,FT2718,"=1/(FY2718<>"""")",Backend UI Toggle
MF Market Rent,FT2719,"=1/(FY2719<>"""")",Backend UI Toggle
MF Market Rent,FT2720,"=1/(FY2720<>"""")",Backend UI Toggle
MF Market Rent,FT2721,"=1/(FY2721<>"""")",Backend UI Toggle
MF Market Rent,FT2722,"=1/(FY2722<>"""")",Backend UI Toggle
MF Market Rent,FT2723,"=1/(FY2723<>"""")",Backend UI Toggle
MF Market Rent,FT2724,"=1/(FY2724<>"""")",Backend UI Toggle
MF Market Rent,FT2725,"=1/(FY2725<>"""")",Backend UI Toggle
MF Market Rent,FT2726,"=1/(FY2726<>"""")",Backend UI Toggle
MF Market Rent,FT2727,"=1/(FY2727<>"""")",Backend UI Toggle
MF Market Rent,FT2728,"=1/(FY2728<>"""")",Backend UI Toggle
MF Market Rent,FT2729,"=1/(FY2729<>"""")",Backend UI Toggle
MF Market Rent,FT2730,"=1/(FY2730<>"""")",Backend UI Toggle
MF Market Rent,FT2731,"=1/(FY2731<>"""")",Backend UI Toggle
MF Market Rent,FT2732,"=1/(FY2732<>"""")",Backend UI Toggle
MF Market Rent,FT2733,"=1/(FY2733<>"""")",Backend UI Toggle
MF Market Rent,FT2734,"=1/(FY2734<>"""")",Backend UI Toggle
MF Market Rent,FT2735,"=1/(FY2735<>"""")",Backend UI Toggle
MF Market Rent,FT2736,"=1/(FY2736<>"""")",Backend UI Toggle
MF Market Rent,FT2737,"=1/(FY2737<>"""")",Backend UI Toggle
MF Market Rent,FT2738,"=1/(FY2738<>"""")",Backend UI Toggle
MF Market Rent,FT2739,"=1/(FY2739<>"""")",Backend UI Toggle
MF Market Rent,FT2740,"=1/(FY2740<>"""")",Backend UI Toggle
MF Market Rent,FT2741,"=1/(FY2741<>"""")",Backend UI Toggle
MF Market Rent,FT2742,"=1/(FY2742<>"""")",Backend UI Toggle
MF Market Rent,FT2743,"=1/(FY2743<>"""")",Backend UI Toggle
MF Market Rent,FT2744,"=1/(FY2744<>"""")",Backend UI Toggle
MF Market Rent,FT2745,"=1/(FY2745<>"""")",Backend UI Toggle
MF Market Rent,FT2746,"=1/(FY2746<>"""")",Backend UI Toggle
MF Market Rent,FT2747,"=1/(FY2747<>"""")",Backend UI Toggle
MF Market Rent,FT2748,"=1/(FY2748<>"""")",Backend UI Toggle
MF Market Rent,FT2749,"=1/(FY2749<>"""")",Backend UI Toggle
MF Market Rent,FT2750,"=1/(FY2750<>"""")",Backend UI Toggle
MF Market Rent,FT2751,"=1/(FY2751<>"""")",Backend UI Toggle
MF Market Rent,FT2752,"=1/(FY2752<>"""")",Backend UI Toggle
MF Market Rent,FT2753,"=1/(FY2753<>"""")",Backend UI Toggle
MF Market Rent,FT2754,"=1/(FY2754<>"""")",Backend UI Toggle
MF Market Rent,FT2755,"=1/(FY2755<>"""")",Backend UI Toggle
MF Market Rent,FT2756,"=1/(FY2756<>"""")",Backend UI Toggle
MF Market Rent,FT2757,"=1/(FY2757<>"""")",Backend UI Toggle
MF Market Rent,FT2758,"=1/(FY2758<>"""")",Backend UI Toggle
MF Market Rent,FT2759,"=1/(FY2759<>"""")",Backend UI Toggle
MF Market Rent,FT2760,"=1/(FY2760<>"""")",Backend UI Toggle
MF Market Rent,FT2761,"=1/(FY2761<>"""")",Backend UI Toggle
MF Market Rent,FT2762,"=1/(FY2762<>"""")",Backend UI Toggle
MF Market Rent,FT2763,"=1/(FY2763<>"""")",Backend UI Toggle
MF Market Rent,FT2764,"=1/(FY2764<>"""")",Backend UI Toggle
MF Market Rent,FT2765,"=1/(FY2765<>"""")",Backend UI Toggle
MF Market Rent,FT2766,"=1/(FY2766<>"""")",Backend UI Toggle
MF Market Rent,FT2767,"=1/(FY2767<>"""")",Backend UI Toggle
MF Market Rent,FT2768,"=1/(FY2768<>"""")",Backend UI Toggle
MF Market Rent,FT2769,"=1/(FY2769<>"""")",Backend UI Toggle
MF Market Rent,FT2770,"=1/(FY2770<>"""")",Backend UI Toggle
MF Market Rent,FT2771,"=1/(FY2771<>"""")",Backend UI Toggle
MF Market Rent,FT2772,"=1/(FY2772<>"""")",Backend UI Toggle
MF Market Rent,FT2773,"=1/(FY2773<>"""")",Backend UI Toggle
MF Market Rent,FT2774,"=1/(FY2774<>"""")",Backend UI Toggle
MF Market Rent,FT2775,"=1/(FY2775<>"""")",Backend UI Toggle
MF Market Rent,FT2776,"=1/(FY2776<>"""")",Backend UI Toggle
MF Market Rent,FT2777,"=1/(FY2777<>"""")",Backend UI Toggle
MF Market Rent,FT2778,"=1/(FY2778<>"""")",Backend UI Toggle
MF Market Rent,FT2779,"=1/(FY2779<>"""")",Backend UI Toggle
MF Market Rent,FT2780,"=1/(FY2780<>"""")",Backend UI Toggle
MF Market Rent,FT2781,"=1/(FY2781<>"""")",Backend UI Toggle
MF Market Rent,FT2782,"=1/(FY2782<>"""")",Backend UI Toggle
MF Market Rent,FT2783,"=1/(FY2783<>"""")",Backend UI Toggle
MF Market Rent,FT2784,"=1/(FY2784<>"""")",Backend UI Toggle
MF Market Rent,FT2785,"=1/(FY2785<>"""")",Backend UI Toggle
MF Market Rent,FT2786,"=1/(FY2786<>"""")",Backend UI Toggle
MF Market Rent,FT2787,"=1/(FY2787<>"""")",Backend UI Toggle
MF Market Rent,FT2788,"=1/(FY2788<>"""")",Backend UI Toggle
MF Market Rent,FT2789,"=1/(FY2789<>"""")",Backend UI Toggle
MF Market Rent,FT2790,"=1/(FY2790<>"""")",Backend UI Toggle
MF Market Rent,FT2791,"=1/(FY2791<>"""")",Backend UI Toggle
MF Market Rent,FT2792,"=1/(FY2792<>"""")",Backend UI Toggle
MF Market Rent,FT2793,"=1/(FY2793<>"""")",Backend UI Toggle
MF Market Rent,FT2794,"=1/(FY2794<>"""")",Backend UI Toggle
MF Market Rent,FT2795,"=1/(FY2795<>"""")",Backend UI Toggle
MF Market Rent,FT2796,"=1/(FY2796<>"""")",Backend UI Toggle
MF Market Rent,FT2797,"=1/(FY2797<>"""")",Backend UI Toggle
MF Market Rent,FT2798,"=1/(FY2798<>"""")",Backend UI Toggle
MF Market Rent,FT2799,"=1/(FY2799<>"""")",Backend UI Toggle
MF Market Rent,FT2800,"=1/(FY2800<>"""")",Backend UI Toggle
MF Market Rent,FT2801,"=1/(FY2801<>"""")",Backend UI Toggle
MF Market Rent,FT2802,"=1/(FY2802<>"""")",Backend UI Toggle
MF Market Rent,FT2803,"=1/(FY2803<>"""")",Backend UI Toggle
MF Market Rent,FT2804,"=1/(FY2804<>"""")",Backend UI Toggle
MF Market Rent,FT2805,"=1/(FY2805<>"""")",Backend UI Toggle
MF Market Rent,FT2806,"=1/(FY2806<>"""")",Backend UI Toggle
MF Market Rent,FT2807,"=1/(FY2807<>"""")",Backend UI Toggle
MF Market Rent,FT2808,"=1/(FY2808<>"""")",Backend UI Toggle
MF Market Rent,FT2809,"=1/(FY2809<>"""")",Backend UI Toggle
MF Market Rent,FT2810,"=1/(FY2810<>"""")",Backend UI Toggle
MF Market Rent,FT2811,"=1/(FY2811<>"""")",Backend UI Toggle
MF Market Rent,FT2812,"=1/(FY2812<>"""")",Backend UI Toggle
MF Market Rent,FT2813,"=1/(FY2813<>"""")",Backend UI Toggle
MF Market Rent,FT2814,"=1/(FY2814<>"""")",Backend UI Toggle
MF Market Rent,FT2815,"=1/(FY2815<>"""")",Backend UI Toggle
MF Market Rent,FT2816,"=1/(FY2816<>"""")",Backend UI Toggle
MF Market Rent,FT2817,"=1/(FY2817<>"""")",Backend UI Toggle
MF Market Rent,FT2818,"=1/(FY2818<>"""")",Backend UI Toggle
MF Market Rent,FT2819,"=1/(FY2819<>"""")",Backend UI Toggle
MF Market Rent,FT2820,"=1/(FY2820<>"""")",Backend UI Toggle
MF Market Rent,FT2821,"=1/(FY2821<>"""")",Backend UI Toggle
MF Market Rent,FT2822,"=1/(FY2822<>"""")",Backend UI Toggle
MF Market Rent,FT2823,"=1/(FY2823<>"""")",Backend UI Toggle
MF Market Rent,FT2824,"=1/(FY2824<>"""")",Backend UI Toggle
MF Market Rent,FT2825,"=1/(FY2825<>"""")",Backend UI Toggle
MF Market Rent,FT2826,"=1/(FY2826<>"""")",Backend UI Toggle
MF Market Rent,FT2827,"=1/(FY2827<>"""")",Backend UI Toggle
MF Market Rent,FT2828,"=1/(FY2828<>"""")",Backend UI Toggle
MF Market Rent,FT2829,"=1/(FY2829<>"""")",Backend UI Toggle
MF Market Rent,FT2830,"=1/(FY2830<>"""")",Backend UI Toggle
MF Market Rent,FT2831,"=1/(FY2831<>"""")",Backend UI Toggle
MF Market Rent,FT2832,"=1/(FY2832<>"""")",Backend UI Toggle
MF Market Rent,FT2833,"=1/(FY2833<>"""")",Backend UI Toggle
MF Market Rent,FT2834,"=1/(FY2834<>"""")",Backend UI Toggle
MF Market Rent,FT2835,"=1/(FY2835<>"""")",Backend UI Toggle
MF Market Rent,FT2836,"=1/(FY2836<>"""")",Backend UI Toggle
MF Market Rent,FT2837,"=1/(FY2837<>"""")",Backend UI Toggle
MF Market Rent,FT2838,"=1/(FY2838<>"""")",Backend UI Toggle
MF Market Rent,FT2839,"=1/(FY2839<>"""")",Backend UI Toggle
MF Market Rent,FT2840,"=1/(FY2840<>"""")",Backend UI Toggle
MF Market Rent,FT2841,"=1/(FY2841<>"""")",Backend UI Toggle
MF Market Rent,FT2842,"=1/(FY2842<>"""")",Backend UI Toggle
MF Market Rent,FT2843,"=1/(FY2843<>"""")",Backend UI Toggle
MF Market Rent,FT2844,"=1/(FY2844<>"""")",Backend UI Toggle
MF Market Rent,FT2845,"=1/(FY2845<>"""")",Backend UI Toggle
MF Market Rent,FT2846,"=1/(FY2846<>"""")",Backend UI Toggle
MF Market Rent,FT2847,"=1/(FY2847<>"""")",Backend UI Toggle
MF Market Rent,FT2848,"=1/(FY2848<>"""")",Backend UI Toggle
MF Market Rent,FT2849,"=1/(FY2849<>"""")",Backend UI Toggle
MF Market Rent,FT2850,"=1/(FY2850<>"""")",Backend UI Toggle
MF Market Rent,FT2851,"=1/(FY2851<>"""")",Backend UI Toggle
MF Market Rent,FT2852,"=1/(FY2852<>"""")",Backend UI Toggle
MF Market Rent,FT2853,"=1/(FY2853<>"""")",Backend UI Toggle
MF Market Rent,FT2854,"=1/(FY2854<>"""")",Backend UI Toggle
MF Market Rent,FT2855,"=1/(FY2855<>"""")",Backend UI Toggle
MF Market Rent,FT2856,"=1/(FY2856<>"""")",Backend UI Toggle
MF Market Rent,FT2857,"=1/(FY2857<>"""")",Backend UI Toggle
MF Market Rent,FT2858,"=1/(($GF$582<>""No""))",Backend UI Toggle
MF Market Rent,FT2859,"=1/(($GF$582<>""No""))",Backend UI Toggle
MF Market Rent,FT2861,"=1/(FY2861<>"""")",Backend UI Toggle
MF Market Rent,FT2862,"=1/((FY2862<>"""")+(FZ2862<>"""")+((GA2862<>"""")*(GA2862>0)))",Backend UI Toggle
MF Market Rent,FT2863,"=1/((FY2863<>"""")+(FZ2863<>"""")+((GA2863<>"""")*(GA2863>0)))",Backend UI Toggle
MF Market Rent,FT2864,"=1/((FY2864<>"""")+(FZ2864<>"""")+((GA2864<>"""")*(GA2864>0)))",Backend UI Toggle
MF Market Rent,FT2865,"=1/((FY2865<>"""")+(FZ2865<>"""")+((GA2865<>"""")*(GA2865>0)))",Backend UI Toggle
MF Market Rent,FT2866,"=1/((FY2866<>"""")+(FZ2866<>"""")+((GA2866<>"""")*(GA2866>0)))",Backend UI Toggle
MF Market Rent,FT2867,"=1/((FY2867<>"""")+(FZ2867<>"""")+((GA2867<>"""")*(GA2867>0)))",Backend UI Toggle
MF Market Rent,FT2868,"=1/((FY2868<>"""")+(FZ2868<>"""")+((GA2868<>"""")*(GA2868>0)))",Backend UI Toggle
MF Market Rent,FT2869,"=1/((FY2869<>"""")+(FZ2869<>"""")+((GA2869<>"""")*(GA2869>0)))",Backend UI Toggle
MF Market Rent,FT2870,"=1/((FY2870<>"""")+(FZ2870<>"""")+((GA2870<>"""")*(GA2870>0)))",Backend UI Toggle
MF Market Rent,FT2871,"=1/((FY2871<>"""")+(FZ2871<>"""")+((GA2871<>"""")*(GA2871>0)))",Backend UI Toggle
MF Market Rent,FT2872,"=1/((FY2872<>"""")+(FZ2872<>"""")+((GA2872<>"""")*(GA2872>0)))",Backend UI Toggle
MF Market Rent,FT2873,"=1/((FY2873<>"""")+(FZ2873<>"""")+((GA2873<>"""")*(GA2873>0)))",Backend UI Toggle
MF Market Rent,FT2874,"=1/((FY2874<>"""")+(FZ2874<>"""")+((GA2874<>"""")*(GA2874>0)))",Backend UI Toggle
MF Market Rent,FT2875,"=1/((FY2875<>"""")+(FZ2875<>"""")+((GA2875<>"""")*(GA2875>0)))",Backend UI Toggle
MF Market Rent,FT2876,"=1/((FY2876<>"""")+(FZ2876<>"""")+((GA2876<>"""")*(GA2876>0)))",Backend UI Toggle
MF Market Rent,FT2877,"=1/((FY2877<>"""")+(FZ2877<>"""")+((GA2877<>"""")*(GA2877>0)))",Backend UI Toggle
MF Market Rent,FT2878,"=1/((FY2878<>"""")+(FZ2878<>"""")+((GA2878<>"""")*(GA2878>0)))",Backend UI Toggle
MF Market Rent,FT2879,"=1/((FY2879<>"""")+(FZ2879<>"""")+((GA2879<>"""")*(GA2879>0)))",Backend UI Toggle
MF Market Rent,FT2880,"=1/((FY2880<>"""")+(FZ2880<>"""")+((GA2880<>"""")*(GA2880>0)))",Backend UI Toggle
MF Market Rent,FT2881,"=1/((FY2881<>"""")+(FZ2881<>"""")+((GA2881<>"""")*(GA2881>0)))",Backend UI Toggle
MF Market Rent,FT2882,"=1/((FY2882<>"""")+(FZ2882<>"""")+((GA2882<>"""")*(GA2882>0)))",Backend UI Toggle
MF Market Rent,FT2883,"=1/((FY2883<>"""")+(FZ2883<>"""")+((GA2883<>"""")*(GA2883>0)))",Backend UI Toggle
MF Market Rent,FT2884,"=1/((FY2884<>"""")+(FZ2884<>"""")+((GA2884<>"""")*(GA2884>0)))",Backend UI Toggle
MF Market Rent,FT2885,"=1/((FY2885<>"""")+(FZ2885<>"""")+((GA2885<>"""")*(GA2885>0)))",Backend UI Toggle
MF Market Rent,FT2886,"=1/((FY2886<>"""")+(FZ2886<>"""")+((GA2886<>"""")*(GA2886>0)))",Backend UI Toggle
MF Market Rent,FT2887,"=1/((FY2887<>"""")+(FZ2887<>"""")+((GA2887<>"""")*(GA2887>0)))",Backend UI Toggle
MF Market Rent,FT2888,"=1/((FY2888<>"""")+(FZ2888<>"""")+((GA2888<>"""")*(GA2888>0)))",Backend UI Toggle
MF Market Rent,FT2889,"=1/((FY2889<>"""")+(FZ2889<>"""")+((GA2889<>"""")*(GA2889>0)))",Backend UI Toggle
MF Market Rent,FT2890,"=1/((FY2890<>"""")+(FZ2890<>"""")+((GA2890<>"""")*(GA2890>0)))",Backend UI Toggle
MF Market Rent,FT2891,"=1/((FY2891<>"""")+(FZ2891<>"""")+((GA2891<>"""")*(GA2891>0)))",Backend UI Toggle
MF Market Rent,FT2907,"=1/(FY2907<>"""")",Backend UI Toggle
MF Market Rent,FT2908,"=1/(FY2908<>"""")",Backend UI Toggle
MF Market Rent,FT2909,"=1/(FY2909<>"""")",Backend UI Toggle
MF Market Rent,FT2910,"=1/(FY2910<>"""")",Backend UI Toggle
MF Market Rent,FT2911,"=1/(FY2911<>"""")",Backend UI Toggle
MF Market Rent,FT2912,"=1/(FY2912<>"""")",Backend UI Toggle
MF Market Rent,FT2913,"=1/(FY2913<>"""")",Backend UI Toggle
MF Market Rent,FT2914,"=1/(FY2914<>"""")",Backend UI Toggle
MF Market Rent,FT2915,"=1/(FY2915<>"""")",Backend UI Toggle
MF Market Rent,FT2916,"=1/(FY2916<>"""")",Backend UI Toggle
MF Market Rent,FT2917,"=1/(FY2917<>"""")",Backend UI Toggle
MF Market Rent,FT2918,"=1/(FY2918<>"""")",Backend UI Toggle
MF Market Rent,FT2919,"=1/(FY2919<>"""")",Backend UI Toggle
MF Market Rent,FT2920,"=1/(FY2920<>"""")",Backend UI Toggle
MF Market Rent,FT2921,"=1/(FY2921<>"""")",Backend UI Toggle
MF Market Rent,FT2922,"=1/(FY2922<>"""")",Backend UI Toggle
MF Market Rent,FT2923,"=1/(FY2923<>"""")",Backend UI Toggle
MF Market Rent,FT2924,"=1/(FY2924<>"""")",Backend UI Toggle
MF Market Rent,FT2925,"=1/(FY2925<>"""")",Backend UI Toggle
MF Market Rent,FT2926,"=1/(FY2926<>"""")",Backend UI Toggle
MF Market Rent,FT2927,"=1/(FY2927<>"""")",Backend UI Toggle
MF Market Rent,FT2928,"=1/(FY2928<>"""")",Backend UI Toggle
MF Market Rent,FT2929,"=1/(FY2929<>"""")",Backend UI Toggle
MF Market Rent,FT2930,"=1/(FY2930<>"""")",Backend UI Toggle
MF Market Rent,FT2931,"=1/(FY2931<>"""")",Backend UI Toggle
MF Market Rent,FT2932,"=1/(FY2932<>"""")",Backend UI Toggle
MF Market Rent,FT2933,"=1/(FY2933<>"""")",Backend UI Toggle
MF Market Rent,FT2934,"=1/(FY2934<>"""")",Backend UI Toggle
MF Market Rent,FT2935,"=1/(FY2935<>"""")",Backend UI Toggle
MF Market Rent,FT2936,"=1/(FY2936<>"""")",Backend UI Toggle
MF Market Rent,FT2937,"=1/(FY2937<>"""")",Backend UI Toggle
MF Market Rent,FT2938,"=1/(FY2938<>"""")",Backend UI Toggle
MF Market Rent,FT2939,"=1/(FY2939<>"""")",Backend UI Toggle
MF Market Rent,FT2940,"=1/(FY2940<>"""")",Backend UI Toggle
MF Market Rent,FT2941,"=1/(FY2941<>"""")",Backend UI Toggle
MF Market Rent,FT2942,"=1/(FY2942<>"""")",Backend UI Toggle
MF Market Rent,FT2943,"=1/(FY2943<>"""")",Backend UI Toggle
MF Market Rent,FT2944,"=1/(FY2944<>"""")",Backend UI Toggle
MF Market Rent,FT2945,"=1/(FY2945<>"""")",Backend UI Toggle
MF Market Rent,FT2946,"=1/(FY2946<>"""")",Backend UI Toggle
MF Market Rent,FT2947,"=1/(FY2947<>"""")",Backend UI Toggle
MF Market Rent,FT2948,"=1/(FY2948<>"""")",Backend UI Toggle
MF Market Rent,FT2949,"=1/(FY2949<>"""")",Backend UI Toggle
MF Market Rent,FT2950,"=1/(FY2950<>"""")",Backend UI Toggle
MF Market Rent,FT2951,"=1/(FY2951<>"""")",Backend UI Toggle
MF Market Rent,FT2952,"=1/(FY2952<>"""")",Backend UI Toggle
MF Market Rent,FT2953,"=1/(FY2953<>"""")",Backend UI Toggle
MF Market Rent,FT2954,"=1/(FY2954<>"""")",Backend UI Toggle
MF Market Rent,FT2955,"=1/(FY2955<>"""")",Backend UI Toggle
MF Market Rent,FT2956,"=1/(FY2956<>"""")",Backend UI Toggle
MF Market Rent,FT2957,"=1/(FY2957<>"""")",Backend UI Toggle
MF Market Rent,FT2958,"=1/(FY2958<>"""")",Backend UI Toggle
MF Market Rent,FT2959,"=1/(FY2959<>"""")",Backend UI Toggle
MF Market Rent,FT2960,"=1/(FY2960<>"""")",Backend UI Toggle
MF Market Rent,FT2961,"=1/(FY2961<>"""")",Backend UI Toggle
MF Market Rent,FT2962,"=1/(FY2962<>"""")",Backend UI Toggle
MF Market Rent,FT2963,"=1/(FY2963<>"""")",Backend UI Toggle
MF Market Rent,FT2964,"=1/(FY2964<>"""")",Backend UI Toggle
MF Market Rent,FT2965,"=1/(FY2965<>"""")",Backend UI Toggle
MF Market Rent,FT2966,"=1/(FY2966<>"""")",Backend UI Toggle
MF Market Rent,FT2967,"=1/(FY2967<>"""")",Backend UI Toggle
MF Market Rent,FT2968,"=1/(FY2968<>"""")",Backend UI Toggle
MF Market Rent,FT2969,"=1/(FY2969<>"""")",Backend UI Toggle
MF Market Rent,FT2970,"=1/(FY2970<>"""")",Backend UI Toggle
MF Market Rent,FT2971,"=1/(FY2971<>"""")",Backend UI Toggle
MF Market Rent,FT2972,"=1/(FY2972<>"""")",Backend UI Toggle
MF Market Rent,FT2973,"=1/(FY2973<>"""")",Backend UI Toggle
MF Market Rent,FT2974,"=1/(FY2974<>"""")",Backend UI Toggle
MF Market Rent,FT2975,"=1/(FY2975<>"""")",Backend UI Toggle
MF Market Rent,FT2976,"=1/(FY2976<>"""")",Backend UI Toggle
MF Market Rent,FT2977,"=1/(FY2977<>"""")",Backend UI Toggle
MF Market Rent,FT2978,"=1/(FY2978<>"""")",Backend UI Toggle
MF Market Rent,FT2979,"=1/(FY2979<>"""")",Backend UI Toggle
MF Market Rent,FT2980,"=1/(FY2980<>"""")",Backend UI Toggle
MF Market Rent,FT2981,"=1/(FY2981<>"""")",Backend UI Toggle
MF Market Rent,FT2982,"=1/(FY2982<>"""")",Backend UI Toggle
MF Market Rent,FT2983,"=1/(FY2983<>"""")",Backend UI Toggle
MF Market Rent,FT2984,"=1/(FY2984<>"""")",Backend UI Toggle
MF Market Rent,FT2985,"=1/(FY2985<>"""")",Backend UI Toggle
MF Market Rent,FT2986,"=1/(FY2986<>"""")",Backend UI Toggle
MF Market Rent,FT2987,"=1/(FY2987<>"""")",Backend UI Toggle
MF Market Rent,FT2988,"=1/(FY2988<>"""")",Backend UI Toggle
MF Market Rent,FT2989,"=1/(FY2989<>"""")",Backend UI Toggle
MF Market Rent,FT2990,"=1/(FY2990<>"""")",Backend UI Toggle
MF Market Rent,FT2991,"=1/(FY2991<>"""")",Backend UI Toggle
MF Market Rent,FT2992,"=1/(FY2992<>"""")",Backend UI Toggle
MF Market Rent,FT2993,"=1/(FY2993<>"""")",Backend UI Toggle
MF Market Rent,FT2994,"=1/(FY2994<>"""")",Backend UI Toggle
MF Market Rent,FT2995,"=1/(FY2995<>"""")",Backend UI Toggle
MF Market Rent,FT2996,"=1/(FY2996<>"""")",Backend UI Toggle
MF Market Rent,FT2997,"=1/(FY2997<>"""")",Backend UI Toggle
MF Market Rent,FT2998,"=1/(FY2998<>"""")",Backend UI Toggle
MF Market Rent,FT2999,"=1/(FY2999<>"""")",Backend UI Toggle
MF Market Rent,FT3000,"=1/(FY3000<>"""")",Backend UI Toggle
MF Market Rent,FT3001,"=1/(FY3001<>"""")",Backend UI Toggle
MF Market Rent,FT3002,"=1/(FY3002<>"""")",Backend UI Toggle
MF Market Rent,FT3003,"=1/(FY3003<>"""")",Backend UI Toggle
MF Market Rent,FT3004,"=1/(FY3004<>"""")",Backend UI Toggle
MF Market Rent,FT3005,"=1/(FY3005<>"""")",Backend UI Toggle
MF Market Rent,FT3006,"=1/(FY3006<>"""")",Backend UI Toggle
MF Market Rent,FT3007,"=1/(FY3007<>"""")",Backend UI Toggle
MF Market Rent,FT3008,"=1/(FY3008<>"""")",Backend UI Toggle
MF Market Rent,FT3009,"=1/(FY3009<>"""")",Backend UI Toggle
MF Market Rent,FT3010,"=1/(FY3010<>"""")",Backend UI Toggle
MF Market Rent,FT3011,"=1/(FY3011<>"""")",Backend UI Toggle
MF Market Rent,FT3012,"=1/(FY3012<>"""")",Backend UI Toggle
MF Market Rent,FT3013,"=1/(FY3013<>"""")",Backend UI Toggle
MF Market Rent,FT3014,"=1/(FY3014<>"""")",Backend UI Toggle
MF Market Rent,FT3015,"=1/(FY3015<>"""")",Backend UI Toggle
MF Market Rent,FT3016,"=1/(FY3016<>"""")",Backend UI Toggle
MF Market Rent,FT3017,"=1/(FY3017<>"""")",Backend UI Toggle
MF Market Rent,FT3018,"=1/(FY3018<>"""")",Backend UI Toggle
MF Market Rent,FT3019,"=1/(FY3019<>"""")",Backend UI Toggle
MF Market Rent,FT3020,"=1/(FY3020<>"""")",Backend UI Toggle
MF Market Rent,FT3021,"=1/(FY3021<>"""")",Backend UI Toggle
MF Market Rent,FT3022,"=1/(FY3022<>"""")",Backend UI Toggle
MF Market Rent,FT3023,"=1/(FY3023<>"""")",Backend UI Toggle
MF Market Rent,FT3024,"=1/(FY3024<>"""")",Backend UI Toggle
MF Market Rent,FT3025,"=1/(FY3025<>"""")",Backend UI Toggle
MF Market Rent,FT3026,"=1/(FY3026<>"""")",Backend UI Toggle
MF Market Rent,FT3027,"=1/(FY3027<>"""")",Backend UI Toggle
MF Market Rent,FT3028,"=1/(FY3028<>"""")",Backend UI Toggle
MF Market Rent,FT3029,"=1/(FY3029<>"""")",Backend UI Toggle
MF Market Rent,FT3030,"=1/(FY3030<>"""")",Backend UI Toggle
MF Market Rent,FT3031,"=1/(FY3031<>"""")",Backend UI Toggle
MF Market Rent,FT3032,"=1/(FY3032<>"""")",Backend UI Toggle
MF Market Rent,FT3033,"=1/(FY3033<>"""")",Backend UI Toggle
MF Market Rent,FT3034,"=1/(FY3034<>"""")",Backend UI Toggle
MF Market Rent,FT3035,"=1/(FY3035<>"""")",Backend UI Toggle
MF Market Rent,FT3036,"=1/(FY3036<>"""")",Backend UI Toggle
MF Market Rent,FT3037,"=1/(FY3037<>"""")",Backend UI Toggle
MF Market Rent,FT3038,"=1/(FY3038<>"""")",Backend UI Toggle
MF Market Rent,FT3039,"=1/(FY3039<>"""")",Backend UI Toggle
MF Market Rent,FT3040,"=1/(FY3040<>"""")",Backend UI Toggle
MF Market Rent,FT3041,"=1/(FY3041<>"""")",Backend UI Toggle
MF Market Rent,FT3042,"=1/(FY3042<>"""")",Backend UI Toggle
MF Market Rent,FT3043,"=1/(FY3043<>"""")",Backend UI Toggle
MF Market Rent,FT3044,"=1/(FY3044<>"""")",Backend UI Toggle
MF Market Rent,FT3045,"=1/(FY3045<>"""")",Backend UI Toggle
MF Market Rent,FT3046,"=1/(FY3046<>"""")",Backend UI Toggle
MF Market Rent,FT3047,"=1/(FY3047<>"""")",Backend UI Toggle
MF Market Rent,FT3048,"=1/(FY3048<>"""")",Backend UI Toggle
MF Market Rent,FT3049,"=1/(FY3049<>"""")",Backend UI Toggle
MF Market Rent,FT3050,"=1/(FY3050<>"""")",Backend UI Toggle
MF Market Rent,FT3051,"=1/(FY3051<>"""")",Backend UI Toggle
MF Market Rent,FT3052,"=1/(FY3052<>"""")",Backend UI Toggle
MF Market Rent,FT3053,"=1/(FY3053<>"""")",Backend UI Toggle
MF Market Rent,FT3054,"=1/(FY3054<>"""")",Backend UI Toggle
MF Market Rent,FT3055,"=1/(FY3055<>"""")",Backend UI Toggle
MF Market Rent,FT3056,"=1/(FY3056<>"""")",Backend UI Toggle
MF Market Rent,FT3057,"=1/(FY3057<>"""")",Backend UI Toggle
MF Market Rent,FT3058,"=1/(FY3058<>"""")",Backend UI Toggle
MF Market Rent,FT3059,"=1/(FY3059<>"""")",Backend UI Toggle
MF Market Rent,FT3060,"=1/(FY3060<>"""")",Backend UI Toggle
MF Market Rent,FT3061,"=1/(FY3061<>"""")",Backend UI Toggle
MF Market Rent,FT3062,"=1/(FY3062<>"""")",Backend UI Toggle
MF Market Rent,FT3063,"=1/(FY3063<>"""")",Backend UI Toggle
MF Market Rent,FT3064,"=1/(FY3064<>"""")",Backend UI Toggle
MF Market Rent,FT3065,"=1/(FY3065<>"""")",Backend UI Toggle
MF Market Rent,FT3066,"=1/(FY3066<>"""")",Backend UI Toggle
MF Market Rent,FT3067,"=1/(FY3067<>"""")",Backend UI Toggle
MF Market Rent,FT3068,"=1/(FY3068<>"""")",Backend UI Toggle
MF Market Rent,FT3069,"=1/(FY3069<>"""")",Backend UI Toggle
MF Market Rent,FT3070,"=1/(FY3070<>"""")",Backend UI Toggle
MF Market Rent,FT3071,"=1/(FY3071<>"""")",Backend UI Toggle
MF Market Rent,FT3072,"=1/(FY3072<>"""")",Backend UI Toggle
MF Market Rent,FT3073,"=1/(FY3073<>"""")",Backend UI Toggle
MF Market Rent,FT3074,"=1/(FY3074<>"""")",Backend UI Toggle
MF Market Rent,FT3075,"=1/(FY3075<>"""")",Backend UI Toggle
MF Market Rent,FT3076,"=1/(FY3076<>"""")",Backend UI Toggle
MF Market Rent,FT3077,"=1/(FY3077<>"""")",Backend UI Toggle
MF Market Rent,FT3078,"=1/(FY3078<>"""")",Backend UI Toggle
MF Market Rent,FT3079,"=1/(FY3079<>"""")",Backend UI Toggle
MF Market Rent,FT3080,"=1/(FY3080<>"""")",Backend UI Toggle
MF Market Rent,FT3081,"=1/(FY3081<>"""")",Backend UI Toggle
MF Market Rent,FT3082,"=1/(FY3082<>"""")",Backend UI Toggle
MF Market Rent,FT3083,"=1/(FY3083<>"""")",Backend UI Toggle
MF Market Rent,FT3084,"=1/(FY3084<>"""")",Backend UI Toggle
MF Market Rent,FT3085,"=1/(FY3085<>"""")",Backend UI Toggle
MF Market Rent,FT3086,"=1/(FY3086<>"""")",Backend UI Toggle
MF Market Rent,FT3087,"=1/(FY3087<>"""")",Backend UI Toggle
MF Market Rent,FT3088,"=1/(FY3088<>"""")",Backend UI Toggle
MF Market Rent,FT3089,"=1/(FY3089<>"""")",Backend UI Toggle
MF Market Rent,FT3090,"=1/(FY3090<>"""")",Backend UI Toggle
MF Market Rent,FT3091,"=1/(FY3091<>"""")",Backend UI Toggle
MF Market Rent,FT3092,"=1/(FY3092<>"""")",Backend UI Toggle
MF Market Rent,FT3093,"=1/(FY3093<>"""")",Backend UI Toggle
MF Market Rent,FT3094,"=1/(FY3094<>"""")",Backend UI Toggle
MF Market Rent,FT3095,"=1/(FY3095<>"""")",Backend UI Toggle
MF Market Rent,FT3096,"=1/(FY3096<>"""")",Backend UI Toggle
MF Market Rent,FT3097,"=1/(FY3097<>"""")",Backend UI Toggle
MF Market Rent,FT3098,"=1/(FY3098<>"""")",Backend UI Toggle
MF Market Rent,FT3099,"=1/(FY3099<>"""")",Backend UI Toggle
MF Market Rent,FT3100,"=1/(FY3100<>"""")",Backend UI Toggle
MF Market Rent,FT3101,"=1/(FY3101<>"""")",Backend UI Toggle
MF Market Rent,FT3102,"=1/(FY3102<>"""")",Backend UI Toggle
MF Market Rent,FT3103,"=1/(FY3103<>"""")",Backend UI Toggle
MF Market Rent,FT3104,"=1/(FY3104<>"""")",Backend UI Toggle
MF Market Rent,FT3105,"=1/(FY3105<>"""")",Backend UI Toggle
MF Market Rent,FT3106,"=1/(FY3106<>"""")",Backend UI Toggle
MF Market Rent,FT3107,"=1/(FY3107<>"""")",Backend UI Toggle
MF Market Rent,FT3108,"=1/(FY3108<>"""")",Backend UI Toggle
MF Market Rent,FT3109,"=1/(FY3109<>"""")",Backend UI Toggle
MF Market Rent,FT3110,"=1/(FY3110<>"""")",Backend UI Toggle
MF Market Rent,FT3111,"=1/(FY3111<>"""")",Backend UI Toggle
MF Market Rent,FT3112,"=1/(FY3112<>"""")",Backend UI Toggle
MF Market Rent,FT3113,"=1/(FY3113<>"""")",Backend UI Toggle
MF Market Rent,FT3114,"=1/(FY3114<>"""")",Backend UI Toggle
MF Market Rent,FT3115,"=1/(FY3115<>"""")",Backend UI Toggle
MF Market Rent,FT3116,"=1/(FY3116<>"""")",Backend UI Toggle
MF Market Rent,FT3117,"=1/(FY3117<>"""")",Backend UI Toggle
MF Market Rent,FT3118,"=1/(FY3118<>"""")",Backend UI Toggle
MF Market Rent,FT3119,"=1/(FY3119<>"""")",Backend UI Toggle
MF Market Rent,FT3120,"=1/(FY3120<>"""")",Backend UI Toggle
MF Market Rent,FT3121,"=1/(FY3121<>"""")",Backend UI Toggle
MF Market Rent,FT3122,"=1/(FY3122<>"""")",Backend UI Toggle
MF Market Rent,FT3123,"=1/(FY3123<>"""")",Backend UI Toggle
MF Market Rent,FT3124,"=1/(FY3124<>"""")",Backend UI Toggle
MF Market Rent,FT3125,"=1/(FY3125<>"""")",Backend UI Toggle
MF Market Rent,FT3126,"=1/(FY3126<>"""")",Backend UI Toggle
MF Market Rent,FT3127,"=1/(FY3127<>"""")",Backend UI Toggle
MF Market Rent,FT3128,"=1/(FY3128<>"""")",Backend UI Toggle
MF Market Rent,FT3129,"=1/(FY3129<>"""")",Backend UI Toggle
MF Market Rent,FT3130,"=1/(FY3130<>"""")",Backend UI Toggle
MF Market Rent,FT3131,"=1/(FY3131<>"""")",Backend UI Toggle
MF Market Rent,FT3132,"=1/(FY3132<>"""")",Backend UI Toggle
MF Market Rent,FT3133,"=1/(FY3133<>"""")",Backend UI Toggle
MF Market Rent,FT3134,"=1/(FY3134<>"""")",Backend UI Toggle
MF Market Rent,FT3135,"=1/(FY3135<>"""")",Backend UI Toggle
MF Market Rent,FT3136,"=1/(FY3136<>"""")",Backend UI Toggle
MF Market Rent,FT3137,"=1/(FY3137<>"""")",Backend UI Toggle
MF Market Rent,FT3138,"=1/(FY3138<>"""")",Backend UI Toggle
MF Market Rent,FT3139,"=1/(FY3139<>"""")",Backend UI Toggle
MF Market Rent,FT3140,"=1/(FY3140<>"""")",Backend UI Toggle
MF Market Rent,FT3141,"=1/(FY3141<>"""")",Backend UI Toggle
MF Market Rent,FT3142,"=1/(FY3142<>"""")",Backend UI Toggle
MF Market Rent,FT3143,"=1/(FY3143<>"""")",Backend UI Toggle
MF Market Rent,FT3144,"=1/(FY3144<>"""")",Backend UI Toggle
MF Market Rent,FT3145,"=1/(FY3145<>"""")",Backend UI Toggle
MF Market Rent,FT3146,"=1/(FY3146<>"""")",Backend UI Toggle
MF Market Rent,FT3147,"=1/(($GF$582<>""No""))",Backend UI Toggle
MF Market Rent,FT3148,"=1/(($GF$582<>""No""))",Backend UI Toggle
MF Market Rent,FT3150,"=1/(FY3150<>"""")",Backend UI Toggle
MF Market Rent,FT3151,"=1/((FY3151<>"""")+(FZ3151<>"""")+((GA3151<>"""")*(GA3151>0)))",Backend UI Toggle
MF Market Rent,FT3152,"=1/((FY3152<>"""")+(FZ3152<>"""")+((GA3152<>"""")*(GA3152>0)))",Backend UI Toggle
MF Market Rent,FT3153,"=1/((FY3153<>"""")+(FZ3153<>"""")+((GA3153<>"""")*(GA3153>0)))",Backend UI Toggle
MF Market Rent,FT3154,"=1/((FY3154<>"""")+(FZ3154<>"""")+((GA3154<>"""")*(GA3154>0)))",Backend UI Toggle
MF Market Rent,FT3155,"=1/((FY3155<>"""")+(FZ3155<>"""")+((GA3155<>"""")*(GA3155>0)))",Backend UI Toggle
MF Market Rent,FT3156,"=1/((FY3156<>"""")+(FZ3156<>"""")+((GA3156<>"""")*(GA3156>0)))",Backend UI Toggle
MF Market Rent,FT3157,"=1/((FY3157<>"""")+(FZ3157<>"""")+((GA3157<>"""")*(GA3157>0)))",Backend UI Toggle
MF Market Rent,FT3158,"=1/((FY3158<>"""")+(FZ3158<>"""")+((GA3158<>"""")*(GA3158>0)))",Backend UI Toggle
MF Market Rent,FT3159,"=1/((FY3159<>"""")+(FZ3159<>"""")+((GA3159<>"""")*(GA3159>0)))",Backend UI Toggle
MF Market Rent,FT3160,"=1/((FY3160<>"""")+(FZ3160<>"""")+((GA3160<>"""")*(GA3160>0)))",Backend UI Toggle
MF Market Rent,FT3161,"=1/((FY3161<>"""")+(FZ3161<>"""")+((GA3161<>"""")*(GA3161>0)))",Backend UI Toggle
MF Market Rent,FT3162,"=1/((FY3162<>"""")+(FZ3162<>"""")+((GA3162<>"""")*(GA3162>0)))",Backend UI Toggle
MF Market Rent,FT3163,"=1/((FY3163<>"""")+(FZ3163<>"""")+((GA3163<>"""")*(GA3163>0)))",Backend UI Toggle
MF Market Rent,FT3164,"=1/((FY3164<>"""")+(FZ3164<>"""")+((GA3164<>"""")*(GA3164>0)))",Backend UI Toggle
MF Market Rent,FT3165,"=1/((FY3165<>"""")+(FZ3165<>"""")+((GA3165<>"""")*(GA3165>0)))",Backend UI Toggle
MF Market Rent,FT3166,"=1/((FY3166<>"""")+(FZ3166<>"""")+((GA3166<>"""")*(GA3166>0)))",Backend UI Toggle
MF Market Rent,FT3167,"=1/((FY3167<>"""")+(FZ3167<>"""")+((GA3167<>"""")*(GA3167>0)))",Backend UI Toggle
MF Market Rent,FT3168,"=1/((FY3168<>"""")+(FZ3168<>"""")+((GA3168<>"""")*(GA3168>0)))",Backend UI Toggle
MF Market Rent,FT3169,"=1/((FY3169<>"""")+(FZ3169<>"""")+((GA3169<>"""")*(GA3169>0)))",Backend UI Toggle
MF Market Rent,FT3170,"=1/((FY3170<>"""")+(FZ3170<>"""")+((GA3170<>"""")*(GA3170>0)))",Backend UI Toggle
MF Market Rent,FT3171,"=1/((FY3171<>"""")+(FZ3171<>"""")+((GA3171<>"""")*(GA3171>0)))",Backend UI Toggle
MF Market Rent,FT3172,"=1/((FY3172<>"""")+(FZ3172<>"""")+((GA3172<>"""")*(GA3172>0)))",Backend UI Toggle
MF Market Rent,FT3173,"=1/((FY3173<>"""")+(FZ3173<>"""")+((GA3173<>"""")*(GA3173>0)))",Backend UI Toggle
MF Market Rent,FT3174,"=1/((FY3174<>"""")+(FZ3174<>"""")+((GA3174<>"""")*(GA3174>0)))",Backend UI Toggle
MF Market Rent,FT3175,"=1/((FY3175<>"""")+(FZ3175<>"""")+((GA3175<>"""")*(GA3175>0)))",Backend UI Toggle
MF Market Rent,FT3176,"=1/((FY3176<>"""")+(FZ3176<>"""")+((GA3176<>"""")*(GA3176>0)))",Backend UI Toggle
MF Market Rent,FT3177,"=1/((FY3177<>"""")+(FZ3177<>"""")+((GA3177<>"""")*(GA3177>0)))",Backend UI Toggle
MF Market Rent,FT3178,"=1/((FY3178<>"""")+(FZ3178<>"""")+((GA3178<>"""")*(GA3178>0)))",Backend UI Toggle
MF Market Rent,FT3179,"=1/((FY3179<>"""")+(FZ3179<>"""")+((GA3179<>"""")*(GA3179>0)))",Backend UI Toggle
MF Market Rent,FT3180,"=1/((FY3180<>"""")+(FZ3180<>"""")+((GA3180<>"""")*(GA3180>0)))",Backend UI Toggle
MF Market Rent,FT3196,"=1/(FY3196<>"""")",Backend UI Toggle
MF Market Rent,FT3197,"=1/(FY3197<>"""")",Backend UI Toggle
MF Market Rent,FT3198,"=1/(FY3198<>"""")",Backend UI Toggle
MF Market Rent,FT3199,"=1/(FY3199<>"""")",Backend UI Toggle
MF Market Rent,FT3200,"=1/(FY3200<>"""")",Backend UI Toggle
MF Market Rent,FT3201,"=1/(FY3201<>"""")",Backend UI Toggle
MF Market Rent,FT3202,"=1/(FY3202<>"""")",Backend UI Toggle
MF Market Rent,FT3203,"=1/(FY3203<>"""")",Backend UI Toggle
MF Market Rent,FT3204,"=1/(FY3204<>"""")",Backend UI Toggle
MF Market Rent,FT3205,"=1/(FY3205<>"""")",Backend UI Toggle
MF Market Rent,FT3206,"=1/(FY3206<>"""")",Backend UI Toggle
MF Market Rent,FT3207,"=1/(FY3207<>"""")",Backend UI Toggle
MF Market Rent,FT3208,"=1/(FY3208<>"""")",Backend UI Toggle
MF Market Rent,FT3209,"=1/(FY3209<>"""")",Backend UI Toggle
MF Market Rent,FT3210,"=1/(FY3210<>"""")",Backend UI Toggle
MF Market Rent,FT3211,"=1/(FY3211<>"""")",Backend UI Toggle
MF Market Rent,FT3212,"=1/(FY3212<>"""")",Backend UI Toggle
MF Market Rent,FT3213,"=1/(FY3213<>"""")",Backend UI Toggle
MF Market Rent,FT3214,"=1/(FY3214<>"""")",Backend UI Toggle
MF Market Rent,FT3215,"=1/(FY3215<>"""")",Backend UI Toggle
MF Market Rent,FT3216,"=1/(FY3216<>"""")",Backend UI Toggle
MF Market Rent,FT3217,"=1/(FY3217<>"""")",Backend UI Toggle
MF Market Rent,FT3218,"=1/(FY3218<>"""")",Backend UI Toggle
MF Market Rent,FT3219,"=1/(FY3219<>"""")",Backend UI Toggle
MF Market Rent,FT3220,"=1/(FY3220<>"""")",Backend UI Toggle
MF Market Rent,FT3221,"=1/(FY3221<>"""")",Backend UI Toggle
MF Market Rent,FT3222,"=1/(FY3222<>"""")",Backend UI Toggle
MF Market Rent,FT3223,"=1/(FY3223<>"""")",Backend UI Toggle
MF Market Rent,FT3224,"=1/(FY3224<>"""")",Backend UI Toggle
MF Market Rent,FT3225,"=1/(FY3225<>"""")",Backend UI Toggle
MF Market Rent,FT3226,"=1/(FY3226<>"""")",Backend UI Toggle
MF Market Rent,FT3227,"=1/(FY3227<>"""")",Backend UI Toggle
MF Market Rent,FT3228,"=1/(FY3228<>"""")",Backend UI Toggle
MF Market Rent,FT3229,"=1/(FY3229<>"""")",Backend UI Toggle
MF Market Rent,FT3230,"=1/(FY3230<>"""")",Backend UI Toggle
MF Market Rent,FT3231,"=1/(FY3231<>"""")",Backend UI Toggle
MF Market Rent,FT3232,"=1/(FY3232<>"""")",Backend UI Toggle
MF Market Rent,FT3233,"=1/(FY3233<>"""")",Backend UI Toggle
MF Market Rent,FT3234,"=1/(FY3234<>"""")",Backend UI Toggle
MF Market Rent,FT3235,"=1/(FY3235<>"""")",Backend UI Toggle
MF Market Rent,FT3236,"=1/(FY3236<>"""")",Backend UI Toggle
MF Market Rent,FT3237,"=1/(FY3237<>"""")",Backend UI Toggle
MF Market Rent,FT3238,"=1/(FY3238<>"""")",Backend UI Toggle
MF Market Rent,FT3239,"=1/(FY3239<>"""")",Backend UI Toggle
MF Market Rent,FT3240,"=1/(FY3240<>"""")",Backend UI Toggle
MF Market Rent,FT3241,"=1/(FY3241<>"""")",Backend UI Toggle
MF Market Rent,FT3242,"=1/(FY3242<>"""")",Backend UI Toggle
MF Market Rent,FT3243,"=1/(FY3243<>"""")",Backend UI Toggle
MF Market Rent,FT3244,"=1/(FY3244<>"""")",Backend UI Toggle
MF Market Rent,FT3245,"=1/(FY3245<>"""")",Backend UI Toggle
MF Market Rent,FT3246,"=1/(FY3246<>"""")",Backend UI Toggle
MF Market Rent,FT3247,"=1/(FY3247<>"""")",Backend UI Toggle
MF Market Rent,FT3248,"=1/(FY3248<>"""")",Backend UI Toggle
MF Market Rent,FT3249,"=1/(FY3249<>"""")",Backend UI Toggle
MF Market Rent,FT3250,"=1/(FY3250<>"""")",Backend UI Toggle
MF Market Rent,FT3251,"=1/(FY3251<>"""")",Backend UI Toggle
MF Market Rent,FT3252,"=1/(FY3252<>"""")",Backend UI Toggle
MF Market Rent,FT3253,"=1/(FY3253<>"""")",Backend UI Toggle
MF Market Rent,FT3254,"=1/(FY3254<>"""")",Backend UI Toggle
MF Market Rent,FT3255,"=1/(FY3255<>"""")",Backend UI Toggle
MF Market Rent,FT3256,"=1/(FY3256<>"""")",Backend UI Toggle
MF Market Rent,FT3257,"=1/(FY3257<>"""")",Backend UI Toggle
MF Market Rent,FT3258,"=1/(FY3258<>"""")",Backend UI Toggle
MF Market Rent,FT3259,"=1/(FY3259<>"""")",Backend UI Toggle
MF Market Rent,FT3260,"=1/(FY3260<>"""")",Backend UI Toggle
MF Market Rent,FT3261,"=1/(FY3261<>"""")",Backend UI Toggle
MF Market Rent,FT3262,"=1/(FY3262<>"""")",Backend UI Toggle
MF Market Rent,FT3263,"=1/(FY3263<>"""")",Backend UI Toggle
MF Market Rent,FT3264,"=1/(FY3264<>"""")",Backend UI Toggle
MF Market Rent,FT3265,"=1/(FY3265<>"""")",Backend UI Toggle
MF Market Rent,FT3266,"=1/(FY3266<>"""")",Backend UI Toggle
MF Market Rent,FT3267,"=1/(FY3267<>"""")",Backend UI Toggle
MF Market Rent,FT3268,"=1/(FY3268<>"""")",Backend UI Toggle
MF Market Rent,FT3269,"=1/(FY3269<>"""")",Backend UI Toggle
MF Market Rent,FT3270,"=1/(FY3270<>"""")",Backend UI Toggle
MF Market Rent,FT3271,"=1/(FY3271<>"""")",Backend UI Toggle
MF Market Rent,FT3272,"=1/(FY3272<>"""")",Backend UI Toggle
MF Market Rent,FT3273,"=1/(FY3273<>"""")",Backend UI Toggle
MF Market Rent,FT3274,"=1/(FY3274<>"""")",Backend UI Toggle
MF Market Rent,FT3275,"=1/(FY3275<>"""")",Backend UI Toggle
MF Market Rent,FT3276,"=1/(FY3276<>"""")",Backend UI Toggle
MF Market Rent,FT3277,"=1/(FY3277<>"""")",Backend UI Toggle
MF Market Rent,FT3278,"=1/(FY3278<>"""")",Backend UI Toggle
MF Market Rent,FT3279,"=1/(FY3279<>"""")",Backend UI Toggle
MF Market Rent,FT3280,"=1/(FY3280<>"""")",Backend UI Toggle
MF Market Rent,FT3281,"=1/(FY3281<>"""")",Backend UI Toggle
MF Market Rent,FT3282,"=1/(FY3282<>"""")",Backend UI Toggle
MF Market Rent,FT3283,"=1/(FY3283<>"""")",Backend UI Toggle
MF Market Rent,FT3284,"=1/(FY3284<>"""")",Backend UI Toggle
MF Market Rent,FT3285,"=1/(FY3285<>"""")",Backend UI Toggle
MF Market Rent,FT3286,"=1/(FY3286<>"""")",Backend UI Toggle
MF Market Rent,FT3287,"=1/(FY3287<>"""")",Backend UI Toggle
MF Market Rent,FT3288,"=1/(FY3288<>"""")",Backend UI Toggle
MF Market Rent,FT3289,"=1/(FY3289<>"""")",Backend UI Toggle
MF Market Rent,FT3290,"=1/(FY3290<>"""")",Backend UI Toggle
MF Market Rent,FT3291,"=1/(FY3291<>"""")",Backend UI Toggle
MF Market Rent,FT3292,"=1/(FY3292<>"""")",Backend UI Toggle
MF Market Rent,FT3293,"=1/(FY3293<>"""")",Backend UI Toggle
MF Market Rent,FT3294,"=1/(FY3294<>"""")",Backend UI Toggle
MF Market Rent,FT3295,"=1/(FY3295<>"""")",Backend UI Toggle
MF Market Rent,FT3296,"=1/(FY3296<>"""")",Backend UI Toggle
MF Market Rent,FT3297,"=1/(FY3297<>"""")",Backend UI Toggle
MF Market Rent,FT3298,"=1/(FY3298<>"""")",Backend UI Toggle
MF Market Rent,FT3299,"=1/(FY3299<>"""")",Backend UI Toggle
MF Market Rent,FT3300,"=1/(FY3300<>"""")",Backend UI Toggle
MF Market Rent,FT3301,"=1/(FY3301<>"""")",Backend UI Toggle
MF Market Rent,FT3302,"=1/(FY3302<>"""")",Backend UI Toggle
MF Market Rent,FT3303,"=1/(FY3303<>"""")",Backend UI Toggle
MF Market Rent,FT3304,"=1/(FY3304<>"""")",Backend UI Toggle
MF Market Rent,FT3305,"=1/(FY3305<>"""")",Backend UI Toggle
MF Market Rent,FT3306,"=1/(FY3306<>"""")",Backend UI Toggle
MF Market Rent,FT3307,"=1/(FY3307<>"""")",Backend UI Toggle
MF Market Rent,FT3308,"=1/(FY3308<>"""")",Backend UI Toggle
MF Market Rent,FT3309,"=1/(FY3309<>"""")",Backend UI Toggle
MF Market Rent,FT3310,"=1/(FY3310<>"""")",Backend UI Toggle
MF Market Rent,FT3311,"=1/(FY3311<>"""")",Backend UI Toggle
MF Market Rent,FT3312,"=1/(FY3312<>"""")",Backend UI Toggle
MF Market Rent,FT3313,"=1/(FY3313<>"""")",Backend UI Toggle
MF Market Rent,FT3314,"=1/(FY3314<>"""")",Backend UI Toggle
MF Market Rent,FT3315,"=1/(FY3315<>"""")",Backend UI Toggle
MF Market Rent,FT3316,"=1/(FY3316<>"""")",Backend UI Toggle
MF Market Rent,FT3317,"=1/(FY3317<>"""")",Backend UI Toggle
MF Market Rent,FT3318,"=1/(FY3318<>"""")",Backend UI Toggle
MF Market Rent,FT3319,"=1/(FY3319<>"""")",Backend UI Toggle
MF Market Rent,FT3320,"=1/(FY3320<>"""")",Backend UI Toggle
MF Market Rent,FT3321,"=1/(FY3321<>"""")",Backend UI Toggle
MF Market Rent,FT3322,"=1/(FY3322<>"""")",Backend UI Toggle
MF Market Rent,FT3323,"=1/(FY3323<>"""")",Backend UI Toggle
MF Market Rent,FT3324,"=1/(FY3324<>"""")",Backend UI Toggle
MF Market Rent,FT3325,"=1/(FY3325<>"""")",Backend UI Toggle
MF Market Rent,FT3326,"=1/(FY3326<>"""")",Backend UI Toggle
MF Market Rent,FT3327,"=1/(FY3327<>"""")",Backend UI Toggle
MF Market Rent,FT3328,"=1/(FY3328<>"""")",Backend UI Toggle
MF Market Rent,FT3329,"=1/(FY3329<>"""")",Backend UI Toggle
MF Market Rent,FT3330,"=1/(FY3330<>"""")",Backend UI Toggle
MF Market Rent,FT3331,"=1/(FY3331<>"""")",Backend UI Toggle
MF Market Rent,FT3332,"=1/(FY3332<>"""")",Backend UI Toggle
MF Market Rent,FT3333,"=1/(FY3333<>"""")",Backend UI Toggle
MF Market Rent,FT3334,"=1/(FY3334<>"""")",Backend UI Toggle
MF Market Rent,FT3335,"=1/(FY3335<>"""")",Backend UI Toggle
MF Market Rent,FT3336,"=1/(FY3336<>"""")",Backend UI Toggle
MF Market Rent,FT3337,"=1/(FY3337<>"""")",Backend UI Toggle
MF Market Rent,FT3338,"=1/(FY3338<>"""")",Backend UI Toggle
MF Market Rent,FT3339,"=1/(FY3339<>"""")",Backend UI Toggle
MF Market Rent,FT3340,"=1/(FY3340<>"""")",Backend UI Toggle
MF Market Rent,FT3341,"=1/(FY3341<>"""")",Backend UI Toggle
MF Market Rent,FT3342,"=1/(FY3342<>"""")",Backend UI Toggle
MF Market Rent,FT3343,"=1/(FY3343<>"""")",Backend UI Toggle
MF Market Rent,FT3344,"=1/(FY3344<>"""")",Backend UI Toggle
MF Market Rent,FT3345,"=1/(FY3345<>"""")",Backend UI Toggle
MF Market Rent,FT3346,"=1/(FY3346<>"""")",Backend UI Toggle
MF Market Rent,FT3347,"=1/(FY3347<>"""")",Backend UI Toggle
MF Market Rent,FT3348,"=1/(FY3348<>"""")",Backend UI Toggle
MF Market Rent,FT3349,"=1/(FY3349<>"""")",Backend UI Toggle
MF Market Rent,FT3350,"=1/(FY3350<>"""")",Backend UI Toggle
MF Market Rent,FT3351,"=1/(FY3351<>"""")",Backend UI Toggle
MF Market Rent,FT3352,"=1/(FY3352<>"""")",Backend UI Toggle
MF Market Rent,FT3353,"=1/(FY3353<>"""")",Backend UI Toggle
MF Market Rent,FT3354,"=1/(FY3354<>"""")",Backend UI Toggle
MF Market Rent,FT3355,"=1/(FY3355<>"""")",Backend UI Toggle
MF Market Rent,FT3356,"=1/(FY3356<>"""")",Backend UI Toggle
MF Market Rent,FT3357,"=1/(FY3357<>"""")",Backend UI Toggle
MF Market Rent,FT3358,"=1/(FY3358<>"""")",Backend UI Toggle
MF Market Rent,FT3359,"=1/(FY3359<>"""")",Backend UI Toggle
MF Market Rent,FT3360,"=1/(FY3360<>"""")",Backend UI Toggle
MF Market Rent,FT3361,"=1/(FY3361<>"""")",Backend UI Toggle
MF Market Rent,FT3362,"=1/(FY3362<>"""")",Backend UI Toggle
MF Market Rent,FT3363,"=1/(FY3363<>"""")",Backend UI Toggle
MF Market Rent,FT3364,"=1/(FY3364<>"""")",Backend UI Toggle
MF Market Rent,FT3365,"=1/(FY3365<>"""")",Backend UI Toggle
MF Market Rent,FT3366,"=1/(FY3366<>"""")",Backend UI Toggle
MF Market Rent,FT3367,"=1/(FY3367<>"""")",Backend UI Toggle
MF Market Rent,FT3368,"=1/(FY3368<>"""")",Backend UI Toggle
MF Market Rent,FT3369,"=1/(FY3369<>"""")",Backend UI Toggle
MF Market Rent,FT3370,"=1/(FY3370<>"""")",Backend UI Toggle
MF Market Rent,FT3371,"=1/(FY3371<>"""")",Backend UI Toggle
MF Market Rent,FT3372,"=1/(FY3372<>"""")",Backend UI Toggle
MF Market Rent,FT3373,"=1/(FY3373<>"""")",Backend UI Toggle
MF Market Rent,FT3374,"=1/(FY3374<>"""")",Backend UI Toggle
MF Market Rent,FT3375,"=1/(FY3375<>"""")",Backend UI Toggle
MF Market Rent,FT3376,"=1/(FY3376<>"""")",Backend UI Toggle
MF Market Rent,FT3377,"=1/(FY3377<>"""")",Backend UI Toggle
MF Market Rent,FT3378,"=1/(FY3378<>"""")",Backend UI Toggle
MF Market Rent,FT3379,"=1/(FY3379<>"""")",Backend UI Toggle
MF Market Rent,FT3380,"=1/(FY3380<>"""")",Backend UI Toggle
MF Market Rent,FT3381,"=1/(FY3381<>"""")",Backend UI Toggle
MF Market Rent,FT3382,"=1/(FY3382<>"""")",Backend UI Toggle
MF Market Rent,FT3383,"=1/(FY3383<>"""")",Backend UI Toggle
MF Market Rent,FT3384,"=1/(FY3384<>"""")",Backend UI Toggle
MF Market Rent,FT3385,"=1/(FY3385<>"""")",Backend UI Toggle
MF Market Rent,FT3386,"=1/(FY3386<>"""")",Backend UI Toggle
MF Market Rent,FT3387,"=1/(FY3387<>"""")",Backend UI Toggle
MF Market Rent,FT3388,"=1/(FY3388<>"""")",Backend UI Toggle
MF Market Rent,FT3389,"=1/(FY3389<>"""")",Backend UI Toggle
MF Market Rent,FT3390,"=1/(FY3390<>"""")",Backend UI Toggle
MF Market Rent,FT3391,"=1/(FY3391<>"""")",Backend UI Toggle
MF Market Rent,FT3392,"=1/(FY3392<>"""")",Backend UI Toggle
MF Market Rent,FT3393,"=1/(FY3393<>"""")",Backend UI Toggle
MF Market Rent,FT3394,"=1/(FY3394<>"""")",Backend UI Toggle
MF Market Rent,FT3395,"=1/(FY3395<>"""")",Backend UI Toggle
MF Market Rent,FT3396,"=1/(FY3396<>"""")",Backend UI Toggle
MF Market Rent,FT3397,"=1/(FY3397<>"""")",Backend UI Toggle
MF Market Rent,FT3398,"=1/(FY3398<>"""")",Backend UI Toggle
MF Market Rent,FT3399,"=1/(FY3399<>"""")",Backend UI Toggle
MF Market Rent,FT3400,"=1/(FY3400<>"""")",Backend UI Toggle
MF Market Rent,FT3401,"=1/(FY3401<>"""")",Backend UI Toggle
MF Market Rent,FT3402,"=1/(FY3402<>"""")",Backend UI Toggle
MF Market Rent,FT3403,"=1/(FY3403<>"""")",Backend UI Toggle
MF Market Rent,FT3404,"=1/(FY3404<>"""")",Backend UI Toggle
MF Market Rent,FT3405,"=1/(FY3405<>"""")",Backend UI Toggle
MF Market Rent,FT3406,"=1/(FY3406<>"""")",Backend UI Toggle
MF Market Rent,FT3407,"=1/(FY3407<>"""")",Backend UI Toggle
MF Market Rent,FT3408,"=1/(FY3408<>"""")",Backend UI Toggle
MF Market Rent,FT3409,"=1/(FY3409<>"""")",Backend UI Toggle
MF Market Rent,FT3410,"=1/(FY3410<>"""")",Backend UI Toggle
MF Market Rent,FT3411,"=1/(FY3411<>"""")",Backend UI Toggle
MF Market Rent,FT3412,"=1/(FY3412<>"""")",Backend UI Toggle
MF Market Rent,FT3413,"=1/(FY3413<>"""")",Backend UI Toggle
MF Market Rent,FT3414,"=1/(FY3414<>"""")",Backend UI Toggle
MF Market Rent,FT3415,"=1/(FY3415<>"""")",Backend UI Toggle
MF Market Rent,FT3416,"=1/(FY3416<>"""")",Backend UI Toggle
MF Market Rent,FT3417,"=1/(FY3417<>"""")",Backend UI Toggle
MF Market Rent,FT3418,"=1/(FY3418<>"""")",Backend UI Toggle
MF Market Rent,FT3419,"=1/(FY3419<>"""")",Backend UI Toggle
MF Market Rent,FT3420,"=1/(FY3420<>"""")",Backend UI Toggle
MF Market Rent,FT3421,"=1/(FY3421<>"""")",Backend UI Toggle
MF Market Rent,FT3422,"=1/(FY3422<>"""")",Backend UI Toggle
MF Market Rent,FT3423,"=1/(FY3423<>"""")",Backend UI Toggle
MF Market Rent,FT3424,"=1/(FY3424<>"""")",Backend UI Toggle
MF Market Rent,FT3425,"=1/(FY3425<>"""")",Backend UI Toggle
MF Market Rent,FT3426,"=1/(FY3426<>"""")",Backend UI Toggle
MF Market Rent,FT3427,"=1/(FY3427<>"""")",Backend UI Toggle
MF Market Rent,FT3428,"=1/(FY3428<>"""")",Backend UI Toggle
MF Market Rent,FT3429,"=1/(FY3429<>"""")",Backend UI Toggle
MF Market Rent,FT3430,"=1/(FY3430<>"""")",Backend UI Toggle
MF Market Rent,FT3431,"=1/(FY3431<>"""")",Backend UI Toggle
MF Market Rent,FT3432,"=1/(FY3432<>"""")",Backend UI Toggle
MF Market Rent,FT3433,"=1/(FY3433<>"""")",Backend UI Toggle
MF Market Rent,FT3434,"=1/(FY3434<>"""")",Backend UI Toggle
MF Market Rent,FT3435,"=1/(FY3435<>"""")",Backend UI Toggle
MF Market Rent,FT3436,"=1/(($GF$582<>""No""))",Backend UI Toggle
MF Market Rent,FT3437,"=1/(($GF$582<>""No""))",Backend UI Toggle
MF Market Rent,FT3439,"=1/(FY3439<>"""")",Backend UI Toggle
MF Market Rent,FT3440,"=1/((FY3440<>"""")+(FZ3440<>"""")+((GA3440<>"""")*(GA3440>0)))",Backend UI Toggle
MF Market Rent,FT3441,"=1/((FY3441<>"""")+(FZ3441<>"""")+((GA3441<>"""")*(GA3441>0)))",Backend UI Toggle
MF Market Rent,FT3442,"=1/((FY3442<>"""")+(FZ3442<>"""")+((GA3442<>"""")*(GA3442>0)))",Backend UI Toggle
MF Market Rent,FT3443,"=1/((FY3443<>"""")+(FZ3443<>"""")+((GA3443<>"""")*(GA3443>0)))",Backend UI Toggle
MF Market Rent,FT3444,"=1/((FY3444<>"""")+(FZ3444<>"""")+((GA3444<>"""")*(GA3444>0)))",Backend UI Toggle
MF Market Rent,FT3445,"=1/((FY3445<>"""")+(FZ3445<>"""")+((GA3445<>"""")*(GA3445>0)))",Backend UI Toggle
MF Market Rent,FT3446,"=1/((FY3446<>"""")+(FZ3446<>"""")+((GA3446<>"""")*(GA3446>0)))",Backend UI Toggle
MF Market Rent,FT3447,"=1/((FY3447<>"""")+(FZ3447<>"""")+((GA3447<>"""")*(GA3447>0)))",Backend UI Toggle
MF Market Rent,FT3448,"=1/((FY3448<>"""")+(FZ3448<>"""")+((GA3448<>"""")*(GA3448>0)))",Backend UI Toggle
MF Market Rent,FT3449,"=1/((FY3449<>"""")+(FZ3449<>"""")+((GA3449<>"""")*(GA3449>0)))",Backend UI Toggle
MF Market Rent,FT3450,"=1/((FY3450<>"""")+(FZ3450<>"""")+((GA3450<>"""")*(GA3450>0)))",Backend UI Toggle
MF Market Rent,FT3451,"=1/((FY3451<>"""")+(FZ3451<>"""")+((GA3451<>"""")*(GA3451>0)))",Backend UI Toggle
MF Market Rent,FT3452,"=1/((FY3452<>"""")+(FZ3452<>"""")+((GA3452<>"""")*(GA3452>0)))",Backend UI Toggle
MF Market Rent,FT3453,"=1/((FY3453<>"""")+(FZ3453<>"""")+((GA3453<>"""")*(GA3453>0)))",Backend UI Toggle
MF Market Rent,FT3454,"=1/((FY3454<>"""")+(FZ3454<>"""")+((GA3454<>"""")*(GA3454>0)))",Backend UI Toggle
MF Market Rent,FT3455,"=1/((FY3455<>"""")+(FZ3455<>"""")+((GA3455<>"""")*(GA3455>0)))",Backend UI Toggle
MF Market Rent,FT3456,"=1/((FY3456<>"""")+(FZ3456<>"""")+((GA3456<>"""")*(GA3456>0)))",Backend UI Toggle
MF Market Rent,FT3457,"=1/((FY3457<>"""")+(FZ3457<>"""")+((GA3457<>"""")*(GA3457>0)))",Backend UI Toggle
MF Market Rent,FT3458,"=1/((FY3458<>"""")+(FZ3458<>"""")+((GA3458<>"""")*(GA3458>0)))",Backend UI Toggle
MF Market Rent,FT3459,"=1/((FY3459<>"""")+(FZ3459<>"""")+((GA3459<>"""")*(GA3459>0)))",Backend UI Toggle
MF Market Rent,FT3460,"=1/((FY3460<>"""")+(FZ3460<>"""")+((GA3460<>"""")*(GA3460>0)))",Backend UI Toggle
MF Market Rent,FT3461,"=1/((FY3461<>"""")+(FZ3461<>"""")+((GA3461<>"""")*(GA3461>0)))",Backend UI Toggle
MF Market Rent,FT3462,"=1/((FY3462<>"""")+(FZ3462<>"""")+((GA3462<>"""")*(GA3462>0)))",Backend UI Toggle
MF Market Rent,FT3463,"=1/((FY3463<>"""")+(FZ3463<>"""")+((GA3463<>"""")*(GA3463>0)))",Backend UI Toggle
MF Market Rent,FT3464,"=1/((FY3464<>"""")+(FZ3464<>"""")+((GA3464<>"""")*(GA3464>0)))",Backend UI Toggle
MF Market Rent,FT3465,"=1/((FY3465<>"""")+(FZ3465<>"""")+((GA3465<>"""")*(GA3465>0)))",Backend UI Toggle
MF Market Rent,FT3466,"=1/((FY3466<>"""")+(FZ3466<>"""")+((GA3466<>"""")*(GA3466>0)))",Backend UI Toggle
MF Market Rent,FT3467,"=1/((FY3467<>"""")+(FZ3467<>"""")+((GA3467<>"""")*(GA3467>0)))",Backend UI Toggle
MF Market Rent,FT3468,"=1/((FY3468<>"""")+(FZ3468<>"""")+((GA3468<>"""")*(GA3468>0)))",Backend UI Toggle
MF Market Rent,FT3469,"=1/((FY3469<>"""")+(FZ3469<>"""")+((GA3469<>"""")*(GA3469>0)))",Backend UI Toggle
Rent Comp Profiles,H350,"=1/((I350=""Show"")+(I350<>""Hide"")*LEN(N350)*(N350<>""N/A"")*(N350<>""NAV""))",Backend UI Toggle
Rent Comp Profiles,H351,"=1/(I351<>""Hide"")",Backend UI Toggle
Rent Comp Profiles,H352,"=1/((I352=""Show"")+(I352<>""Hide"")*LEN(N352)*(N352<>""N/A"")*(N352<>""NAV""))",Backend UI Toggle
Rent Comp Profiles,H353,"=1/((I353=""Show"")+(I353<>""Hide"")*LEN(N353)*(N353<>""N/A"")*(N353<>""NAV""))",Backend UI Toggle
Rent Comp Profiles,H354,"=1/((I354=""Show"")+(I354<>""Hide"")*LEN(N354)*(N354<>""N/A"")*(N354<>""NAV""))",Backend UI Toggle
Rent Comp Profiles,H355,"=1/((I355=""Show"")+(I355<>""Hide"")*LEN(N355)*(N355<>""N/A"")*(N355<>""NAV""))",Backend UI Toggle
Rent Comp Profiles,H356,"=1/((I356=""Show"")+(I356<>""Hide"")*LEN(N356)*(N356<>""N/A"")*(N356<>""NAV""))",Backend UI Toggle
Rent Comp Profiles,H357,"=1/((I357=""Show"")+(I357<>""Hide"")*LEN(N357)*(N357<>""N/A"")*(N357<>""NAV""))",Backend UI Toggle
Rent Comp Profiles,H358,"=1/((I358=""Show"")+(I358<>""Hide"")*LEN(N358)*(N358<>""N/A"")*(N358<>""NAV""))",Backend UI Toggle
Rent Comp Profiles,H359,"=1/((I359=""Show"")+(I359<>""Hide"")*LEN(N359)*(N359<>""N/A"")*(N359<>""NAV""))",Backend UI Toggle
Rent Comp Profiles,H360,"=1/((I360=""Show"")+(I360<>""Hide"")*LEN(N360)*(N360<>""N/A"")*(N360<>""NAV""))",Backend UI Toggle
Rent Comp Profiles,H361,"=1/((I361=""Show"")+(I361<>""Hide"")*LEN(N361)*(N361<>""N/A"")*(N361<>""NAV""))",Backend UI Toggle
Rent Comp Profiles,H362,"=1/((I362=""Show"")+(I362<>""Hide"")*LEN(N362)*(N362<>""N/A"")*(N362<>""NAV""))",Backend UI Toggle
Rent Comp Profiles,H363,"=1/((I363=""Show"")+(I363<>""Hide"")*LEN(N363)*(N363<>""N/A"")*(N363<>""NAV""))",Backend UI Toggle
Rent Comp Profiles,H364,"=1/((I364=""Show"")+(I364<>""Hide"")*LEN(N364)*(N364<>""N/A"")*(N364<>""NAV""))",Backend UI Toggle
Rent Comp Profiles,H365,"=1/((I365=""Show"")+(I365<>""Hide"")*LEN(N365)*(N365<>""N/A"")*(N365<>""NAV""))",Backend UI Toggle
Rent Comp Profiles,H366,"=1/((I366=""Show"")+(I366<>""Hide"")*LEN(N366)*(N366<>""N/A"")*(N366<>""NAV""))",Backend UI Toggle
Rent Comp Profiles,H369,"=1/((I369=""Show"")+(I369<>""Hide"")*(LEN(N369)*(N369<>""N/A"")*(N369<>""NAV"")+LEN(T369)*(T369<>""N/A"")*(T369<>""NAV"")))",Backend UI Toggle
Rent Comp Profiles,H370,"=1/((I370=""Show"")+(I370<>""Hide"")*(LEN(N370)*(N370<>""N/A"")*(N370<>""NAV"")+LEN(T370)*(T370<>""N/A"")*(T370<>""NAV"")))",Backend UI Toggle
Rent Comp Profiles,H371,"=1/((I371=""Show"")+(I371<>""Hide"")*(LEN(N371)*(N371<>""N/A"")*(N371<>""NAV"")+LEN(T371)*(T371<>""N/A"")*(T371<>""NAV"")))",Backend UI Toggle
Rent Comp Profiles,H372,"=1/((I372=""Show"")+(I372<>""Hide"")*(LEN(N372)*(N372<>""N/A"")*(N372<>""NAV"")+LEN(T372)*(T372<>""N/A"")*(T372<>""NAV"")))",Backend UI Toggle
Rent Comp Profiles,H373,"=1/((I373=""Show"")+(I373<>""Hide"")*(LEN(N373)*(N373<>""N/A"")*(N373<>""NAV"")+LEN(T373)*(T373<>""N/A"")*(T373<>""NAV"")))",Backend UI Toggle
Rent Comp Profiles,H374,"=1/((I374=""Show"")+(I374<>""Hide"")*(LEN(N374)*(N374<>""N/A"")*(N374<>""NAV"")+LEN(T374)*(T374<>""N/A"")*(T374<>""NAV"")))",Backend UI Toggle
Rent Comp Profiles,H375,"=1/((I375=""Show"")+(I375<>""Hide"")*(LEN(N375)*(N375<>""N/A"")*(N375<>""NAV"")+LEN(T375)*(T375<>""N/A"")*(T375<>""NAV"")))",Backend UI Toggle
Rent Comp Profiles,H376,"=1/((I376=""Show"")+(I376<>""Hide"")*(LEN(N376)*(N376<>""N/A"")*(N376<>""NAV"")+LEN(T376)*(T376<>""N/A"")*(T376<>""NAV"")))",Backend UI Toggle
Rent Comp Profiles,H377,"=1/((I377=""Show"")+(I377<>""Hide"")*(LEN(N377)*(N377<>""N/A"")*(N377<>""NAV"")+LEN(T377)*(T377<>""N/A"")*(T377<>""NAV"")))",Backend UI Toggle
Rent Comp Profiles,H378,"=1/((I378=""Show"")+(I378<>""Hide"")*(LEN(N378)*(N378<>""N/A"")*(N378<>""NAV"")+LEN(T378)*(T378<>""N/A"")*(T378<>""NAV"")))",Backend UI Toggle
Rent Comp Profiles,H379,"=1/((I379=""Show"")+(I379<>""Hide"")*(LEN(N379)*(N379<>""N/A"")*(N379<>""NAV"")+LEN(T379)*(T379<>""N/A"")*(T379<>""NAV"")))",Backend UI Toggle
Rent Comp Profiles,H380,"=1/((I380=""Show"")+(I380<>""Hide"")*(LEN(N380)*(N380<>""N/A"")*(N380<>""NAV"")+LEN(T380)*(T380<>""N/A"")*(T380<>""NAV"")))",Backend UI Toggle
Rent Comp Profiles,H381,"=1/((I381=""Show"")+(I381<>""Hide"")*(LEN(N381)*(N381<>""N/A"")*(N381<>""NAV"")+LEN(T381)*(T381<>""N/A"")*(T381<>""NAV"")))",Backend UI Toggle
Rent Comp Profiles,H384,"=1/((I384=""Show"")+(I384<>""Hide"")*(LEN(L384)*(L384<>""N/A"")*(L384<>""NAV"")*(pvaPropertyTypeKey<>""Senior Housing|All"")))",Backend UI Toggle
Rent Comp Profiles,H387,"=1/((I387=""Show"")+(I387<>""Hide"")*(LEN(L387)*(L387<>""N/A"")*(L387<>""NAV"")*(pvaPropertyTypeKey<>""Senior Housing|All"")))",Backend UI Toggle
Rent Comp Profiles,H390,"=1/((I390=""Show"")+(I390<>""Hide"")*(LEN(L390)*(L390<>""N/A"")*(L390<>""NAV"")*(pvaPropertyTypeKey<>""Senior Housing|All"")))",Backend UI Toggle
Rent Comp Profiles,H393,"=1/((I393=""Show"")+(I393<>""Hide"")*(pvaPropertyTypeKey=""Self-Storage|All"")*(LEN(N393)*(N393<>""N/A"")*(N393<>""NAV"")+LEN(T393)*(T393<>""N/A"")*(T393<>""NAV"")))",Backend UI Toggle
Rent Comp Profiles,H394,"=1/((I394=""Show"")+(I394<>""Hide"")*(pvaPropertyTypeKey=""Self-Storage|All"")*(LEN(N394)*(N394<>""N/A"")*(N394<>""NAV"")+LEN(T394)*(T394<>""N/A"")*(T394<>""NAV"")))",Backend UI Toggle
Rent Comp Profiles,H395,"=1/((I395=""Show"")+(I395<>""Hide"")*(pvaPropertyTypeKey=""Self-Storage|All"")*(LEN(N395)*(N395<>""N/A"")*(N395<>""NAV"")+LEN(T395)*(T395<>""N/A"")*(T395<>""NAV"")))",Backend UI Toggle
Rent Comp Profiles,H399,"=1/((pvaPropertyTypeKey=""Self-Storage|All"")*(SUM(N399:V399)>0))",Backend UI Toggle
Rent Comp Profiles,H400,"=1/((pvaPropertyTypeKey=""Self-Storage|All"")*(SUM(N400:V400)>0))",Backend UI Toggle
Rent Comp Profiles,H402,"=1/((pvaPropertyTypeKey=""Self-Storage|All"")*(SUM(N402:V402)>0))",Backend UI Toggle
Rent Comp Profiles,H403,"=1/((pvaPropertyTypeKey=""Self-Storage|All"")*(SUM(N403:V403)>0))",Backend UI Toggle
Rent Comp Profiles,H405,"=1/((pvaPropertyTypeKey=""Self-Storage|All"")*(SUM(N405:V405)>0))",Backend UI Toggle
Rent Comp Profiles,H406,"=1/((pvaPropertyTypeKey=""Self-Storage|All"")*(SUM(N406:V406)>0))",Backend UI Toggle
Rent Comp Profiles,H408,"=1/((pvaPropertyTypeKey=""Self-Storage|All"")*(SUM(N408:V408)>0))",Backend UI Toggle
Rent Comp Profiles,H409,"=1/((pvaPropertyTypeKey=""Self-Storage|All"")*(SUM(N409:V409)>0))",Backend UI Toggle
Rent Comp Profiles,H411,"=1/((pvaPropertyTypeKey=""Self-Storage|All"")*(SUM(N411:V411)>0))",Backend UI Toggle
Rent Comp Profiles,H412,"=1/((pvaPropertyTypeKey=""Self-Storage|All"")*(SUM(N412:V412)>0))",Backend UI Toggle
Rent Comp Profiles,H416,"=1/((pvaPropertyTypeKey=""Senior Housing|All"")*SUM(M416:V416))",Backend UI Toggle
Rent Comp Profiles,H417,"=1/((pvaPropertyTypeKey=""Senior Housing|All"")*SUM(M417:V417))",Backend UI Toggle
Rent Comp Profiles,H418,"=1/((pvaPropertyTypeKey=""Senior Housing|All"")*SUM(M418:V418))",Backend UI Toggle
Rent Comp Profiles,H419,"=1/((pvaPropertyTypeKey=""Senior Housing|All"")*SUM(M419:V419))",Backend UI Toggle
Rent Comp Profiles,H420,"=1/((pvaPropertyTypeKey=""Senior Housing|All"")*SUM(M420:V420))",Backend UI Toggle
Rent Comp Profiles,H425,"=1/((I425=""Show"")+(I425<>""Hide"")*(LEN(L425)*(L425<>""N/A"")*(L425<>""NAV"")*(pvaPropertyTypeKey<>""Senior Housing|All"")))",Backend UI Toggle
Rent Comp Profiles,H426,"=1/((I426=""Show"")+(I426<>""Hide"")*(LEN(L426)*(L426<>""N/A"")*(L426<>""NAV"")*(pvaPropertyTypeKey<>""Senior Housing|All"")))",Backend UI Toggle
Rent Comp Profiles,H427,"=1/((I427=""Show"")+(I427<>""Hide"")*(LEN(L427)*(L427<>""N/A"")*(L427<>""NAV"")*(pvaPropertyTypeKey<>""Senior Housing|All"")))",Backend UI Toggle
Rent Comp Profiles,H428,"=1/((I428=""Show"")+(I428<>""Hide"")*(LEN(L428)*(L428<>""N/A"")*(L428<>""NAV"")*(pvaPropertyTypeKey<>""Senior Housing|All"")))",Backend UI Toggle
Rent Comp Profiles,H429,"=1/((I429=""Show"")+(I429<>""Hide"")*(LEN(L429)*(L429<>""N/A"")*(L429<>""NAV"")*(pvaPropertyTypeKey<>""Senior Housing|All"")))",Backend UI Toggle
Rent Comp Profiles,H430,"=1/((I430=""Show"")+(I430<>""Hide"")*(LEN(L430)*(L430<>""N/A"")*(L430<>""NAV"")*(pvaPropertyTypeKey<>""Senior Housing|All"")))",Backend UI Toggle
Rent Comp Profiles,H431,"=1/((I431=""Show"")+(I431<>""Hide"")*(LEN(L431)*(L431<>""N/A"")*(L431<>""NAV"")*(pvaPropertyTypeKey<>""Senior Housing|All"")))",Backend UI Toggle
Rent Comp Profiles,H432,"=1/((I432=""Show"")+(I432<>""Hide"")*(LEN(L432)*(L432<>""N/A"")*(L432<>""NAV"")*(pvaPropertyTypeKey<>""Senior Housing|All"")))",Backend UI Toggle
Rent Comp Profiles,H433,"=1/((I433=""Show"")+(I433<>""Hide"")*(LEN(L433)*(L433<>""N/A"")*(L433<>""NAV"")*(pvaPropertyTypeKey<>""Senior Housing|All"")))",Backend UI Toggle
Rent Comp Profiles,H434,"=1/((I434=""Show"")+(I434<>""Hide"")*(LEN(L434)*(L434<>""N/A"")*(L434<>""NAV"")*(pvaPropertyTypeKey<>""Senior Housing|All"")))",Backend UI Toggle
Rent Comp Profiles,H435,"=1/((I435=""Show"")+(I435<>""Hide"")*(LEN(L435)*(L435<>""N/A"")*(L435<>""NAV"")*(pvaPropertyTypeKey<>""Senior Housing|All"")))",Backend UI Toggle
Rent Comp Profiles,H436,"=1/((I436=""Show"")+(I436<>""Hide"")*(LEN(L436)*(L436<>""N/A"")*(L436<>""NAV"")*(pvaPropertyTypeKey<>""Senior Housing|All"")))",Backend UI Toggle
Rent Comp Profiles,H437,"=1/((I437=""Show"")+(I437<>""Hide"")*(LEN(L437)*(L437<>""N/A"")*(L437<>""NAV"")*(pvaPropertyTypeKey<>""Senior Housing|All"")))",Backend UI Toggle
Rent Comp Profiles,H438,"=1/((I438=""Show"")+(I438<>""Hide"")*(LEN(L438)*(L438<>""N/A"")*(L438<>""NAV"")*(pvaPropertyTypeKey<>""Senior Housing|All"")))",Backend UI Toggle
Rent Comp Profiles,H439,"=1/((I439=""Show"")+(I439<>""Hide"")*(LEN(L439)*(L439<>""N/A"")*(L439<>""NAV"")*(pvaPropertyTypeKey<>""Senior Housing|All"")))",Backend UI Toggle
Rent Comp Profiles,H440,"=1/((I440=""Show"")+(I440<>""Hide"")*(LEN(L440)*(L440<>""N/A"")*(L440<>""NAV"")*(pvaPropertyTypeKey<>""Senior Housing|All"")))",Backend UI Toggle
Rent Comp Profiles,H441,"=1/((I441=""Show"")+(I441<>""Hide"")*(LEN(L441)*(L441<>""N/A"")*(L441<>""NAV"")*(pvaPropertyTypeKey<>""Senior Housing|All"")))",Backend UI Toggle
Rent Comp Profiles,H442,"=1/((I442=""Show"")+(I442<>""Hide"")*(LEN(L442)*(L442<>""N/A"")*(L442<>""NAV"")*(pvaPropertyTypeKey<>""Senior Housing|All"")))",Backend UI Toggle
Rent Comp Profiles,H443,"=1/((I443=""Show"")+(I443<>""Hide"")*(LEN(L443)*(L443<>""N/A"")*(L443<>""NAV"")*(pvaPropertyTypeKey<>""Senior Housing|All"")))",Backend UI Toggle
Rent Comp Profiles,H444,"=1/((I444=""Show"")+(I444<>""Hide"")*(LEN(L444)*(L444<>""N/A"")*(L444<>""NAV"")*(pvaPropertyTypeKey<>""Senior Housing|All"")))",Backend UI Toggle
Rent Comp Profiles,H449,"=1/(Y449*(pvaPropertyTypeKey=""Senior Housing|All""))",Backend UI Toggle
Rent Comp Profiles,H450,"=1/(Y450*(pvaPropertyTypeKey=""Senior Housing|All""))",Backend UI Toggle
Rent Comp Profiles,H451,"=1/(Y451*(pvaPropertyTypeKey=""Senior Housing|All""))",Backend UI Toggle
Rent Comp Profiles,H452,"=1/(Y452*(pvaPropertyTypeKey=""Senior Housing|All""))",Backend UI Toggle
Rent Comp Profiles,H453,"=1/(Y453*(pvaPropertyTypeKey=""Senior Housing|All""))",Backend UI Toggle
Rent Comp Profiles,H454,"=1/(Y454*(pvaPropertyTypeKey=""Senior Housing|All""))",Backend UI Toggle
Rent Comp Profiles,H455,"=1/(Y455*(pvaPropertyTypeKey=""Senior Housing|All""))",Backend UI Toggle
Rent Comp Profiles,H456,"=1/(Y456*(pvaPropertyTypeKey=""Senior Housing|All""))",Backend UI Toggle
Rent Comp Profiles,H457,"=1/(Y457*(pvaPropertyTypeKey=""Senior Housing|All""))",Backend UI Toggle
Rent Comp Profiles,H458,"=1/(Y458*(pvaPropertyTypeKey=""Senior Housing|All""))",Backend UI Toggle
Rent Comp Profiles,H459,"=1/(Y459*(pvaPropertyTypeKey=""Senior Housing|All""))",Backend UI Toggle
Rent Comp Profiles,H460,"=1/(Y460*(pvaPropertyTypeKey=""Senior Housing|All""))",Backend UI Toggle
Rent Comp Profiles,H461,"=1/(Y461*(pvaPropertyTypeKey=""Senior Housing|All""))",Backend UI Toggle
Rent Comp Profiles,H462,"=1/(Y462*(pvaPropertyTypeKey=""Senior Housing|All""))",Backend UI Toggle
Rent Comp Profiles,H463,"=1/(Y463*(pvaPropertyTypeKey=""Senior Housing|All""))",Backend UI Toggle
Rent Comp Profiles,H464,"=1/(Y464*(pvaPropertyTypeKey=""Senior Housing|All""))",Backend UI Toggle
Rent Comp Profiles,H465,"=1/(Y465*(pvaPropertyTypeKey=""Senior Housing|All""))",Backend UI Toggle
Rent Comp Profiles,H466,"=1/(Y466*(pvaPropertyTypeKey=""Senior Housing|All""))",Backend UI Toggle
Rent Comp Profiles,H467,"=1/(Y467*(pvaPropertyTypeKey=""Senior Housing|All""))",Backend UI Toggle
Rent Comp Profiles,H468,"=1/(Y468*(pvaPropertyTypeKey=""Senior Housing|All""))",Backend UI Toggle
Rent Comp Profiles,H469,"=1/(Y469*(pvaPropertyTypeKey=""Senior Housing|All""))",Backend UI Toggle
Rent Comp Profiles,H470,"=1/(Y470*(pvaPropertyTypeKey=""Senior Housing|All""))",Backend UI Toggle
Rent Comp Profiles,H471,"=1/(Y471*(pvaPropertyTypeKey=""Senior Housing|All""))",Backend UI Toggle
Rent Comp Profiles,H472,"=1/(Y472*(pvaPropertyTypeKey=""Senior Housing|All""))",Backend UI Toggle
Rent Comp Profiles,H473,"=1/(Y473*(pvaPropertyTypeKey=""Senior Housing|All""))",Backend UI Toggle
Rent Comp Profiles,H474,"=1/(Y474*(pvaPropertyTypeKey=""Senior Housing|All""))",Backend UI Toggle
Rent Comp Profiles,H475,"=1/(Y475*(pvaPropertyTypeKey=""Senior Housing|All""))",Backend UI Toggle
Rent Comp Profiles,H476,"=1/(Y476*(pvaPropertyTypeKey=""Senior Housing|All""))",Backend UI Toggle
Rent Comp Profiles,H477,"=1/(Y477*(pvaPropertyTypeKey=""Senior Housing|All""))",Backend UI Toggle
Rent Comp Profiles,H478,"=1/(Y478*(pvaPropertyTypeKey=""Senior Housing|All""))",Backend UI Toggle
Rent Comp Profiles,H479,"=1/(Y479*(pvaPropertyTypeKey=""Senior Housing|All""))",Backend UI Toggle
Rent Comp Profiles,H480,"=1/(Y480*(pvaPropertyTypeKey=""Senior Housing|All""))",Backend UI Toggle
Rent Comp Profiles,H481,"=1/(Y481*(pvaPropertyTypeKey=""Senior Housing|All""))",Backend UI Toggle
Rent Comp Profiles,H482,"=1/(Y482*(pvaPropertyTypeKey=""Senior Housing|All""))",Backend UI Toggle
Rent Comp Profiles,H483,"=1/(Y483*(pvaPropertyTypeKey=""Senior Housing|All""))",Backend UI Toggle
Rent Comp Profiles,H484,"=1/(Y484*(pvaPropertyTypeKey=""Senior Housing|All""))",Backend UI Toggle
Rent Comp Profiles,H485,"=1/(Y485*(pvaPropertyTypeKey=""Senior Housing|All""))",Backend UI Toggle
Rent Comp Profiles,H486,"=1/(Y486*(pvaPropertyTypeKey=""Senior Housing|All""))",Backend UI Toggle
Rent Comp Profiles,H487,"=1/(Y487*(pvaPropertyTypeKey=""Senior Housing|All""))",Backend UI Toggle
Rent Comp Profiles,H488,"=1/(Y488*(pvaPropertyTypeKey=""Senior Housing|All""))",Backend UI Toggle
Rent Comp Profiles,H500,"=1/(I519=""Yes"")",Backend UI Toggle
Rent Comp Profiles,H501,"=1/(H500*(I501<>""Hide""))",Backend UI Toggle
Rent Comp Profiles,H502,"=1/(H501*(I502<>""Hide""))",Backend UI Toggle
Rent Comp Profiles,H503,"=1/(H502*(I503<>""Hide""))",Backend UI Toggle
Rent Comp Profiles,H504,"=1/(H503*(I504<>""Hide""))",Backend UI Toggle
Rent Comp Profiles,H505,"=1/(H504*(I505<>""Hide""))",Backend UI Toggle
Rent Comp Profiles,H506,"=1/(H505*(I506<>""Hide""))",Backend UI Toggle
Rent Comp Profiles,H507,"=1/(H506*(I507<>""Hide""))",Backend UI Toggle
Rent Comp Profiles,H508,"=1/(H507*(I508<>""Hide""))",Backend UI Toggle
Rent Comp Profiles,H509,"=1/(H508*(I509<>""Hide""))",Backend UI Toggle
Rent Comp Profiles,H510,"=1/(H509*(I510<>""Hide""))",Backend UI Toggle
Rent Comp Profiles,H511,"=1/(H510*(I511<>""Hide""))",Backend UI Toggle
Rent Comp Profiles,H512,"=1/(H511*(I512<>""Hide""))",Backend UI Toggle
Rent Comp Profiles,H513,"=1/(H512*(I513<>""Hide""))",Backend UI Toggle
Rent Comp Profiles,H514,"=1/(H513*(I514<>""Hide""))",Backend UI Toggle
Rent Comp Profiles,H517,"=1/((I517=""Show"")+(I517<>""Hide"")*(LEN(L517)*(L517<>""N/A"")*(L517<>""NAV"")))",Backend UI Toggle
Rent Comp Profiles,H528,"=1/((I528=""Show"")+(I528<>""Hide"")*LEN(N528)*(N528<>""N/A"")*(N528<>""NAV""))",Backend UI Toggle
Rent Comp Profiles,H529,"=1/(I529<>""Hide"")",Backend UI Toggle
Rent Comp Profiles,H530,"=1/((I530=""Show"")+(I530<>""Hide"")*LEN(N530)*(N530<>""N/A"")*(N530<>""NAV""))",Backend UI Toggle
Rent Comp Profiles,H531,"=1/((I531=""Show"")+(I531<>""Hide"")*LEN(N531)*(N531<>""N/A"")*(N531<>""NAV""))",Backend UI Toggle
Rent Comp Profiles,H532,"=1/((I532=""Show"")+(I532<>""Hide"")*LEN(N532)*(N532<>""N/A"")*(N532<>""NAV""))",Backend UI Toggle
Rent Comp Profiles,H533,"=1/((I533=""Show"")+(I533<>""Hide"")*LEN(N533)*(N533<>""N/A"")*(N533<>""NAV""))",Backend UI Toggle
Rent Comp Profiles,H534,"=1/((I534=""Show"")+(I534<>""Hide"")*LEN(N534)*(N534<>""N/A"")*(N534<>""NAV""))",Backend UI Toggle
Rent Comp Profiles,H535,"=1/((I535=""Show"")+(I535<>""Hide"")*LEN(N535)*(N535<>""N/A"")*(N535<>""NAV""))",Backend UI Toggle
Rent Comp Profiles,H536,"=1/((I536=""Show"")+(I536<>""Hide"")*LEN(N536)*(N536<>""N/A"")*(N536<>""NAV""))",Backend UI Toggle
Rent Comp Profiles,H537,"=1/((I537=""Show"")+(I537<>""Hide"")*LEN(N537)*(N537<>""N/A"")*(N537<>""NAV""))",Backend UI Toggle
Rent Comp Profiles,H538,"=1/((I538=""Show"")+(I538<>""Hide"")*LEN(N538)*(N538<>""N/A"")*(N538<>""NAV""))",Backend UI Toggle
Rent Comp Profiles,H539,"=1/((I539=""Show"")+(I539<>""Hide"")*LEN(N539)*(N539<>""N/A"")*(N539<>""NAV""))",Backend UI Toggle
Rent Comp Profiles,H540,"=1/((I540=""Show"")+(I540<>""Hide"")*LEN(N540)*(N540<>""N/A"")*(N540<>""NAV""))",Backend UI Toggle
Rent Comp Profiles,H541,"=1/((I541=""Show"")+(I541<>""Hide"")*LEN(N541)*(N541<>""N/A"")*(N541<>""NAV""))",Backend UI Toggle
Rent Comp Profiles,H542,"=1/((I542=""Show"")+(I542<>""Hide"")*LEN(N542)*(N542<>""N/A"")*(N542<>""NAV""))",Backend UI Toggle
Rent Comp Profiles,H543,"=1/((I543=""Show"")+(I543<>""Hide"")*LEN(N543)*(N543<>""N/A"")*(N543<>""NAV""))",Backend UI Toggle
Rent Comp Profiles,H544,"=1/((I544=""Show"")+(I544<>""Hide"")*LEN(N544)*(N544<>""N/A"")*(N544<>""NAV""))",Backend UI Toggle
Rent Comp Profiles,H547,"=1/((I547=""Show"")+(I547<>""Hide"")*(LEN(N547)*(N547<>""N/A"")*(N547<>""NAV"")+LEN(T547)*(T547<>""N/A"")*(T547<>""NAV"")))",Backend UI Toggle
Rent Comp Profiles,H548,"=1/((I548=""Show"")+(I548<>""Hide"")*(LEN(N548)*(N548<>""N/A"")*(N548<>""NAV"")+LEN(T548)*(T548<>""N/A"")*(T548<>""NAV"")))",Backend UI Toggle
Rent Comp Profiles,H549,"=1/((I549=""Show"")+(I549<>""Hide"")*(LEN(N549)*(N549<>""N/A"")*(N549<>""NAV"")+LEN(T549)*(T549<>""N/A"")*(T549<>""NAV"")))",Backend UI Toggle
Rent Comp Profiles,H550,"=1/((I550=""Show"")+(I550<>""Hide"")*(LEN(N550)*(N550<>""N/A"")*(N550<>""NAV"")+LEN(T550)*(T550<>""N/A"")*(T550<>""NAV"")))",Backend UI Toggle
Rent Comp Profiles,H551,"=1/((I551=""Show"")+(I551<>""Hide"")*(LEN(N551)*(N551<>""N/A"")*(N551<>""NAV"")+LEN(T551)*(T551<>""N/A"")*(T551<>""NAV"")))",Backend UI Toggle
Rent Comp Profiles,H552,"=1/((I552=""Show"")+(I552<>""Hide"")*(LEN(N552)*(N552<>""N/A"")*(N552<>""NAV"")+LEN(T552)*(T552<>""N/A"")*(T552<>""NAV"")))",Backend UI Toggle
Rent Comp Profiles,H553,"=1/((I553=""Show"")+(I553<>""Hide"")*(LEN(N553)*(N553<>""N/A"")*(N553<>""NAV"")+LEN(T553)*(T553<>""N/A"")*(T553<>""NAV"")))",Backend UI Toggle
Rent Comp Profiles,H554,"=1/((I554=""Show"")+(I554<>""Hide"")*(LEN(N554)*(N554<>""N/A"")*(N554<>""NAV"")+LEN(T554)*(T554<>""N/A"")*(T554<>""NAV"")))",Backend UI Toggle
Rent Comp Profiles,H555,"=1/((I555=""Show"")+(I555<>""Hide"")*(LEN(N555)*(N555<>""N/A"")*(N555<>""NAV"")+LEN(T555)*(T555<>""N/A"")*(T555<>""NAV"")))",Backend UI Toggle
Rent Comp Profiles,H556,"=1/((I556=""Show"")+(I556<>""Hide"")*(LEN(N556)*(N556<>""N/A"")*(N556<>""NAV"")+LEN(T556)*(T556<>""N/A"")*(T556<>""NAV"")))",Backend UI Toggle
Rent Comp Profiles,H557,"=1/((I557=""Show"")+(I557<>""Hide"")*(LEN(N557)*(N557<>""N/A"")*(N557<>""NAV"")+LEN(T557)*(T557<>""N/A"")*(T557<>""NAV"")))",Backend UI Toggle
Rent Comp Profiles,H558,"=1/((I558=""Show"")+(I558<>""Hide"")*(LEN(N558)*(N558<>""N/A"")*(N558<>""NAV"")+LEN(T558)*(T558<>""N/A"")*(T558<>""NAV"")))",Backend UI Toggle
Rent Comp Profiles,H559,"=1/((I559=""Show"")+(I559<>""Hide"")*(LEN(N559)*(N559<>""N/A"")*(N559<>""NAV"")+LEN(T559)*(T559<>""N/A"")*(T559<>""NAV"")))",Backend UI Toggle
Rent Comp Profiles,H562,"=1/((I562=""Show"")+(I562<>""Hide"")*(LEN(L562)*(L562<>""N/A"")*(L562<>""NAV"")*(pvaPropertyTypeKey<>""Senior Housing|All"")))",Backend UI Toggle
Rent Comp Profiles,H565,"=1/((I565=""Show"")+(I565<>""Hide"")*(LEN(L565)*(L565<>""N/A"")*(L565<>""NAV"")*(pvaPropertyTypeKey<>""Senior Housing|All"")))",Backend UI Toggle
Rent Comp Profiles,H568,"=1/((I568=""Show"")+(I568<>""Hide"")*(LEN(L568)*(L568<>""N/A"")*(L568<>""NAV"")*(pvaPropertyTypeKey<>""Senior Housing|All"")))",Backend UI Toggle
Rent Comp Profiles,H571,"=1/((I571=""Show"")+(I571<>""Hide"")*(pvaPropertyTypeKey=""Self-Storage|All"")*(LEN(N571)*(N571<>""N/A"")*(N571<>""NAV"")+LEN(T571)*(T571<>""N/A"")*(T571<>""NAV"")))",Backend UI Toggle
Rent Comp Profiles,H572,"=1/((I572=""Show"")+(I572<>""Hide"")*(pvaPropertyTypeKey=""Self-Storage|All"")*(LEN(N572)*(N572<>""N/A"")*(N572<>""NAV"")+LEN(T572)*(T572<>""N/A"")*(T572<>""NAV"")))",Backend UI Toggle
Rent Comp Profiles,H573,"=1/((I573=""Show"")+(I573<>""Hide"")*(pvaPropertyTypeKey=""Self-Storage|All"")*(LEN(N573)*(N573<>""N/A"")*(N573<>""NAV"")+LEN(T573)*(T573<>""N/A"")*(T573<>""NAV"")))",Backend UI Toggle
Rent Comp Profiles,H577,"=1/((pvaPropertyTypeKey=""Self-Storage|All"")*(SUM(N577:V577)>0))",Backend UI Toggle
Rent Comp Profiles,H578,"=1/((pvaPropertyTypeKey=""Self-Storage|All"")*(SUM(N578:V578)>0))",Backend UI Toggle
Rent Comp Profiles,H580,"=1/((pvaPropertyTypeKey=""Self-Storage|All"")*(SUM(N580:V580)>0))",Backend UI Toggle
Rent Comp Profiles,H581,"=1/((pvaPropertyTypeKey=""Self-Storage|All"")*(SUM(N581:V581)>0))",Backend UI Toggle
Rent Comp Profiles,H583,"=1/((pvaPropertyTypeKey=""Self-Storage|All"")*(SUM(N583:V583)>0))",Backend UI Toggle
Rent Comp Profiles,H584,"=1/((pvaPropertyTypeKey=""Self-Storage|All"")*(SUM(N584:V584)>0))",Backend UI Toggle
Rent Comp Profiles,H586,"=1/((pvaPropertyTypeKey=""Self-Storage|All"")*(SUM(N586:V586)>0))",Backend UI Toggle
Rent Comp Profiles,H587,"=1/((pvaPropertyTypeKey=""Self-Storage|All"")*(SUM(N587:V587)>0))",Backend UI Toggle
Rent Comp Profiles,H589,"=1/((pvaPropertyTypeKey=""Self-Storage|All"")*(SUM(N589:V589)>0))",Backend UI Toggle
Rent Comp Profiles,H590,"=1/((pvaPropertyTypeKey=""Self-Storage|All"")*(SUM(N590:V590)>0))",Backend UI Toggle
Rent Comp Profiles,H594,"=1/((pvaPropertyTypeKey=""Senior Housing|All"")*SUM(M594:V594))",Backend UI Toggle
Rent Comp Profiles,H595,"=1/((pvaPropertyTypeKey=""Senior Housing|All"")*SUM(M595:V595))",Backend UI Toggle
Rent Comp Profiles,H596,"=1/((pvaPropertyTypeKey=""Senior Housing|All"")*SUM(M596:V596))",Backend UI Toggle
Rent Comp Profiles,H597,"=1/((pvaPropertyTypeKey=""Senior Housing|All"")*SUM(M597:V597))",Backend UI Toggle
Rent Comp Profiles,H598,"=1/((pvaPropertyTypeKey=""Senior Housing|All"")*SUM(M598:V598))",Backend UI Toggle
Rent Comp Profiles,H603,"=1/((I603=""Show"")+(I603<>""Hide"")*(LEN(L603)*(L603<>""N/A"")*(L603<>""NAV"")*(pvaPropertyTypeKey<>""Senior Housing|All"")))",Backend UI Toggle
Rent Comp Profiles,H604,"=1/((I604=""Show"")+(I604<>""Hide"")*(LEN(L604)*(L604<>""N/A"")*(L604<>""NAV"")*(pvaPropertyTypeKey<>""Senior Housing|All"")))",Backend UI Toggle
Rent Comp Profiles,H605,"=1/((I605=""Show"")+(I605<>""Hide"")*(LEN(L605)*(L605<>""N/A"")*(L605<>""NAV"")*(pvaPropertyTypeKey<>""Senior Housing|All"")))",Backend UI Toggle
Rent Comp Profiles,H606,"=1/((I606=""Show"")+(I606<>""Hide"")*(LEN(L606)*(L606<>""N/A"")*(L606<>""NAV"")*(pvaPropertyTypeKey<>""Senior Housing|All"")))",Backend UI Toggle
Rent Comp Profiles,H607,"=1/((I607=""Show"")+(I607<>""Hide"")*(LEN(L607)*(L607<>""N/A"")*(L607<>""NAV"")*(pvaPropertyTypeKey<>""Senior Housing|All"")))",Backend UI Toggle
Rent Comp Profiles,H608,"=1/((I608=""Show"")+(I608<>""Hide"")*(LEN(L608)*(L608<>""N/A"")*(L608<>""NAV"")*(pvaPropertyTypeKey<>""Senior Housing|All"")))",Backend UI Toggle
Rent Comp Profiles,H609,"=1/((I609=""Show"")+(I609<>""Hide"")*(LEN(L609)*(L609<>""N/A"")*(L609<>""NAV"")*(pvaPropertyTypeKey<>""Senior Housing|All"")))",Backend UI Toggle
Rent Comp Profiles,H610,"=1/((I610=""Show"")+(I610<>""Hide"")*(LEN(L610)*(L610<>""N/A"")*(L610<>""NAV"")*(pvaPropertyTypeKey<>""Senior Housing|All"")))",Backend UI Toggle
Rent Comp Profiles,H611,"=1/((I611=""Show"")+(I611<>""Hide"")*(LEN(L611)*(L611<>""N/A"")*(L611<>""NAV"")*(pvaPropertyTypeKey<>""Senior Housing|All"")))",Backend UI Toggle
Rent Comp Profiles,H612,"=1/((I612=""Show"")+(I612<>""Hide"")*(LEN(L612)*(L612<>""N/A"")*(L612<>""NAV"")*(pvaPropertyTypeKey<>""Senior Housing|All"")))",Backend UI Toggle
Rent Comp Profiles,H613,"=1/((I613=""Show"")+(I613<>""Hide"")*(LEN(L613)*(L613<>""N/A"")*(L613<>""NAV"")*(pvaPropertyTypeKey<>""Senior Housing|All"")))",Backend UI Toggle
Rent Comp Profiles,H614,"=1/((I614=""Show"")+(I614<>""Hide"")*(LEN(L614)*(L614<>""N/A"")*(L614<>""NAV"")*(pvaPropertyTypeKey<>""Senior Housing|All"")))",Backend UI Toggle
Rent Comp Profiles,H615,"=1/((I615=""Show"")+(I615<>""Hide"")*(LEN(L615)*(L615<>""N/A"")*(L615<>""NAV"")*(pvaPropertyTypeKey<>""Senior Housing|All"")))",Backend UI Toggle
Rent Comp Profiles,H616,"=1/((I616=""Show"")+(I616<>""Hide"")*(LEN(L616)*(L616<>""N/A"")*(L616<>""NAV"")*(pvaPropertyTypeKey<>""Senior Housing|All"")))",Backend UI Toggle
Rent Comp Profiles,H617,"=1/((I617=""Show"")+(I617<>""Hide"")*(LEN(L617)*(L617<>""N/A"")*(L617<>""NAV"")*(pvaPropertyTypeKey<>""Senior Housing|All"")))",Backend UI Toggle
Rent Comp Profiles,H618,"=1/((I618=""Show"")+(I618<>""Hide"")*(LEN(L618)*(L618<>""N/A"")*(L618<>""NAV"")*(pvaPropertyTypeKey<>""Senior Housing|All"")))",Backend UI Toggle
Rent Comp Profiles,H619,"=1/((I619=""Show"")+(I619<>""Hide"")*(LEN(L619)*(L619<>""N/A"")*(L619<>""NAV"")*(pvaPropertyTypeKey<>""Senior Housing|All"")))",Backend UI Toggle
Rent Comp Profiles,H620,"=1/((I620=""Show"")+(I620<>""Hide"")*(LEN(L620)*(L620<>""N/A"")*(L620<>""NAV"")*(pvaPropertyTypeKey<>""Senior Housing|All"")))",Backend UI Toggle
Rent Comp Profiles,H621,"=1/((I621=""Show"")+(I621<>""Hide"")*(LEN(L621)*(L621<>""N/A"")*(L621<>""NAV"")*(pvaPropertyTypeKey<>""Senior Housing|All"")))",Backend UI Toggle
Rent Comp Profiles,H622,"=1/((I622=""Show"")+(I622<>""Hide"")*(LEN(L622)*(L622<>""N/A"")*(L622<>""NAV"")*(pvaPropertyTypeKey<>""Senior Housing|All"")))",Backend UI Toggle
Rent Comp Profiles,H627,"=1/(Y627*(pvaPropertyTypeKey=""Senior Housing|All""))",Backend UI Toggle
Rent Comp Profiles,H628,"=1/(Y628*(pvaPropertyTypeKey=""Senior Housing|All""))",Backend UI Toggle
Rent Comp Profiles,H629,"=1/(Y629*(pvaPropertyTypeKey=""Senior Housing|All""))",Backend UI Toggle
Rent Comp Profiles,H630,"=1/(Y630*(pvaPropertyTypeKey=""Senior Housing|All""))",Backend UI Toggle
Rent Comp Profiles,H631,"=1/(Y631*(pvaPropertyTypeKey=""Senior Housing|All""))",Backend UI Toggle
Rent Comp Profiles,H632,"=1/(Y632*(pvaPropertyTypeKey=""Senior Housing|All""))",Backend UI Toggle
Rent Comp Profiles,H633,"=1/(Y633*(pvaPropertyTypeKey=""Senior Housing|All""))",Backend UI Toggle
Rent Comp Profiles,H634,"=1/(Y634*(pvaPropertyTypeKey=""Senior Housing|All""))",Backend UI Toggle
Rent Comp Profiles,H635,"=1/(Y635*(pvaPropertyTypeKey=""Senior Housing|All""))",Backend UI Toggle
Rent Comp Profiles,H636,"=1/(Y636*(pvaPropertyTypeKey=""Senior Housing|All""))",Backend UI Toggle
Rent Comp Profiles,H637,"=1/(Y637*(pvaPropertyTypeKey=""Senior Housing|All""))",Backend UI Toggle
Rent Comp Profiles,H638,"=1/(Y638*(pvaPropertyTypeKey=""Senior Housing|All""))",Backend UI Toggle
Rent Comp Profiles,H639,"=1/(Y639*(pvaPropertyTypeKey=""Senior Housing|All""))",Backend UI Toggle
Rent Comp Profiles,H640,"=1/(Y640*(pvaPropertyTypeKey=""Senior Housing|All""))",Backend UI Toggle
Rent Comp Profiles,H641,"=1/(Y641*(pvaPropertyTypeKey=""Senior Housing|All""))",Backend UI Toggle
Rent Comp Profiles,H642,"=1/(Y642*(pvaPropertyTypeKey=""Senior Housing|All""))",Backend UI Toggle
Rent Comp Profiles,H643,"=1/(Y643*(pvaPropertyTypeKey=""Senior Housing|All""))",Backend UI Toggle
Rent Comp Profiles,H644,"=1/(Y644*(pvaPropertyTypeKey=""Senior Housing|All""))",Backend UI Toggle
Rent Comp Profiles,H645,"=1/(Y645*(pvaPropertyTypeKey=""Senior Housing|All""))",Backend UI Toggle
Rent Comp Profiles,H646,"=1/(Y646*(pvaPropertyTypeKey=""Senior Housing|All""))",Backend UI Toggle
Rent Comp Profiles,H647,"=1/(Y647*(pvaPropertyTypeKey=""Senior Housing|All""))",Backend UI Toggle
Rent Comp Profiles,H648,"=1/(Y648*(pvaPropertyTypeKey=""Senior Housing|All""))",Backend UI Toggle
Rent Comp Profiles,H649,"=1/(Y649*(pvaPropertyTypeKey=""Senior Housing|All""))",Backend UI Toggle
Rent Comp Profiles,H650,"=1/(Y650*(pvaPropertyTypeKey=""Senior Housing|All""))",Backend UI Toggle
Rent Comp Profiles,H651,"=1/(Y651*(pvaPropertyTypeKey=""Senior Housing|All""))",Backend UI Toggle
Rent Comp Profiles,H652,"=1/(Y652*(pvaPropertyTypeKey=""Senior Housing|All""))",Backend UI Toggle
Rent Comp Profiles,H653,"=1/(Y653*(pvaPropertyTypeKey=""Senior Housing|All""))",Backend UI Toggle
Rent Comp Profiles,H654,"=1/(Y654*(pvaPropertyTypeKey=""Senior Housing|All""))",Backend UI Toggle
Rent Comp Profiles,H655,"=1/(Y655*(pvaPropertyTypeKey=""Senior Housing|All""))",Backend UI Toggle
Rent Comp Profiles,H656,"=1/(Y656*(pvaPropertyTypeKey=""Senior Housing|All""))",Backend UI Toggle
Rent Comp Profiles,H657,"=1/(Y657*(pvaPropertyTypeKey=""Senior Housing|All""))",Backend UI Toggle
Rent Comp Profiles,H658,"=1/(Y658*(pvaPropertyTypeKey=""Senior Housing|All""))",Backend UI Toggle
Rent Comp Profiles,H659,"=1/(Y659*(pvaPropertyTypeKey=""Senior Housing|All""))",Backend UI Toggle
Rent Comp Profiles,H660,"=1/(Y660*(pvaPropertyTypeKey=""Senior Housing|All""))",Backend UI Toggle
Rent Comp Profiles,H661,"=1/(Y661*(pvaPropertyTypeKey=""Senior Housing|All""))",Backend UI Toggle
Rent Comp Profiles,H662,"=1/(Y662*(pvaPropertyTypeKey=""Senior Housing|All""))",Backend UI Toggle
Rent Comp Profiles,H663,"=1/(Y663*(pvaPropertyTypeKey=""Senior Housing|All""))",Backend UI Toggle
Rent Comp Profiles,H664,"=1/(Y664*(pvaPropertyTypeKey=""Senior Housing|All""))",Backend UI Toggle
Rent Comp Profiles,H665,"=1/(Y665*(pvaPropertyTypeKey=""Senior Housing|All""))",Backend UI Toggle
Rent Comp Profiles,H666,"=1/(Y666*(pvaPropertyTypeKey=""Senior Housing|All""))",Backend UI Toggle
Rent Comp Profiles,H678,"=1/((pvaPropertyTypeKey=""Lodging & Hospitality|All"")*(I697=""Yes""))",Backend UI Toggle
Rent Comp Profiles,H679,"=1/(H678*(I679<>""Hide""))",Backend UI Toggle
Rent Comp Profiles,H680,"=1/(H679*(I680<>""Hide""))",Backend UI Toggle
Rent Comp Profiles,H681,"=1/(H680*(I681<>""Hide""))",Backend UI Toggle
Rent Comp Profiles,H682,"=1/(H681*(I682<>""Hide""))",Backend UI Toggle
Rent Comp Profiles,H683,"=1/(H682*(I683<>""Hide""))",Backend UI Toggle
Rent Comp Profiles,H684,"=1/(H683*(I684<>""Hide""))",Backend UI Toggle
Rent Comp Profiles,H685,"=1/(H684*(I685<>""Hide""))",Backend UI Toggle
Rent Comp Profiles,H686,"=1/(H685*(I686<>""Hide""))",Backend UI Toggle
Rent Comp Profiles,H687,"=1/(H686*(I687<>""Hide""))",Backend UI Toggle
Rent Comp Profiles,H688,"=1/(H687*(I688<>""Hide""))",Backend UI Toggle
Rent Comp Profiles,H689,"=1/(H688*(I689<>""Hide""))",Backend UI Toggle
Rent Comp Profiles,H690,"=1/(H689*(I690<>""Hide""))",Backend UI Toggle
Rent Comp Profiles,H691,"=1/(H690*(I691<>""Hide""))",Backend UI Toggle
Rent Comp Profiles,H692,"=1/(H691*(I692<>""Hide""))",Backend UI Toggle
Rent Comp Profiles,H695,"=1/((I695=""Show"")+(I695<>""Hide"")*(LEN(L695)*(L695<>""N/A"")*(L695<>""NAV"")))",Backend UI Toggle
Rent Comp Profiles,H706,"=1/((I706=""Show"")+(I706<>""Hide"")*LEN(N706)*(N706<>""N/A"")*(N706<>""NAV""))",Backend UI Toggle
Rent Comp Profiles,H707,"=1/(I707<>""Hide"")",Backend UI Toggle
Rent Comp Profiles,H708,"=1/((I708=""Show"")+(I708<>""Hide"")*LEN(N708)*(N708<>""N/A"")*(N708<>""NAV""))",Backend UI Toggle
Rent Comp Profiles,H709,"=1/((I709=""Show"")+(I709<>""Hide"")*LEN(N709)*(N709<>""N/A"")*(N709<>""NAV""))",Backend UI Toggle
Rent Comp Profiles,H710,"=1/((I710=""Show"")+(I710<>""Hide"")*LEN(N710)*(N710<>""N/A"")*(N710<>""NAV""))",Backend UI Toggle
Rent Comp Profiles,H711,"=1/((I711=""Show"")+(I711<>""Hide"")*LEN(N711)*(N711<>""N/A"")*(N711<>""NAV""))",Backend UI Toggle
Rent Comp Profiles,H712,"=1/((I712=""Show"")+(I712<>""Hide"")*LEN(N712)*(N712<>""N/A"")*(N712<>""NAV""))",Backend UI Toggle
Rent Comp Profiles,H713,"=1/((I713=""Show"")+(I713<>""Hide"")*LEN(N713)*(N713<>""N/A"")*(N713<>""NAV""))",Backend UI Toggle
Rent Comp Profiles,H714,"=1/((I714=""Show"")+(I714<>""Hide"")*LEN(N714)*(N714<>""N/A"")*(N714<>""NAV""))",Backend UI Toggle
Rent Comp Profiles,H715,"=1/((I715=""Show"")+(I715<>""Hide"")*LEN(N715)*(N715<>""N/A"")*(N715<>""NAV""))",Backend UI Toggle
Rent Comp Profiles,H716,"=1/((I716=""Show"")+(I716<>""Hide"")*LEN(N716)*(N716<>""N/A"")*(N716<>""NAV""))",Backend UI Toggle
Rent Comp Profiles,H717,"=1/((I717=""Show"")+(I717<>""Hide"")*LEN(N717)*(N717<>""N/A"")*(N717<>""NAV""))",Backend UI Toggle
Rent Comp Profiles,H718,"=1/((I718=""Show"")+(I718<>""Hide"")*LEN(N718)*(N718<>""N/A"")*(N718<>""NAV""))",Backend UI Toggle
Rent Comp Profiles,H719,"=1/((I719=""Show"")+(I719<>""Hide"")*LEN(N719)*(N719<>""N/A"")*(N719<>""NAV""))",Backend UI Toggle
Rent Comp Profiles,H720,"=1/((I720=""Show"")+(I720<>""Hide"")*LEN(N720)*(N720<>""N/A"")*(N720<>""NAV""))",Backend UI Toggle
Rent Comp Profiles,H721,"=1/((I721=""Show"")+(I721<>""Hide"")*LEN(N721)*(N721<>""N/A"")*(N721<>""NAV""))",Backend UI Toggle
Rent Comp Profiles,H722,"=1/((I722=""Show"")+(I722<>""Hide"")*LEN(N722)*(N722<>""N/A"")*(N722<>""NAV""))",Backend UI Toggle
Rent Comp Profiles,H725,"=1/((I725=""Show"")+(I725<>""Hide"")*(LEN(N725)*(N725<>""N/A"")*(N725<>""NAV"")+LEN(T725)*(T725<>""N/A"")*(T725<>""NAV"")))",Backend UI Toggle
Rent Comp Profiles,H726,"=1/((I726=""Show"")+(I726<>""Hide"")*(LEN(N726)*(N726<>""N/A"")*(N726<>""NAV"")+LEN(T726)*(T726<>""N/A"")*(T726<>""NAV"")))",Backend UI Toggle
Rent Comp Profiles,H727,"=1/((I727=""Show"")+(I727<>""Hide"")*(LEN(N727)*(N727<>""N/A"")*(N727<>""NAV"")+LEN(T727)*(T727<>""N/A"")*(T727<>""NAV"")))",Backend UI Toggle
Rent Comp Profiles,H728,"=1/((I728=""Show"")+(I728<>""Hide"")*(LEN(N728)*(N728<>""N/A"")*(N728<>""NAV"")+LEN(T728)*(T728<>""N/A"")*(T728<>""NAV"")))",Backend UI Toggle
Rent Comp Profiles,H729,"=1/((I729=""Show"")+(I729<>""Hide"")*(LEN(N729)*(N729<>""N/A"")*(N729<>""NAV"")+LEN(T729)*(T729<>""N/A"")*(T729<>""NAV"")))",Backend UI Toggle
Rent Comp Profiles,H730,"=1/((I730=""Show"")+(I730<>""Hide"")*(LEN(N730)*(N730<>""N/A"")*(N730<>""NAV"")+LEN(T730)*(T730<>""N/A"")*(T730<>""NAV"")))",Backend UI Toggle
Rent Comp Profiles,H731,"=1/((I731=""Show"")+(I731<>""Hide"")*(LEN(N731)*(N731<>""N/A"")*(N731<>""NAV"")+LEN(T731)*(T731<>""N/A"")*(T731<>""NAV"")))",Backend UI Toggle
Rent Comp Profiles,H732,"=1/((I732=""Show"")+(I732<>""Hide"")*(LEN(N732)*(N732<>""N/A"")*(N732<>""NAV"")+LEN(T732)*(T732<>""N/A"")*(T732<>""NAV"")))",Backend UI Toggle
Rent Comp Profiles,H733,"=1/((I733=""Show"")+(I733<>""Hide"")*(LEN(N733)*(N733<>""N/A"")*(N733<>""NAV"")+LEN(T733)*(T733<>""N/A"")*(T733<>""NAV"")))",Backend UI Toggle
Rent Comp Profiles,H734,"=1/((I734=""Show"")+(I734<>""Hide"")*(LEN(N734)*(N734<>""N/A"")*(N734<>""NAV"")+LEN(T734)*(T734<>""N/A"")*(T734<>""NAV"")))",Backend UI Toggle
Rent Comp Profiles,H735,"=1/((I735=""Show"")+(I735<>""Hide"")*(LEN(N735)*(N735<>""N/A"")*(N735<>""NAV"")+LEN(T735)*(T735<>""N/A"")*(T735<>""NAV"")))",Backend UI Toggle
Rent Comp Profiles,H736,"=1/((I736=""Show"")+(I736<>""Hide"")*(LEN(N736)*(N736<>""N/A"")*(N736<>""NAV"")+LEN(T736)*(T736<>""N/A"")*(T736<>""NAV"")))",Backend UI Toggle
Rent Comp Profiles,H737,"=1/((I737=""Show"")+(I737<>""Hide"")*(LEN(N737)*(N737<>""N/A"")*(N737<>""NAV"")+LEN(T737)*(T737<>""N/A"")*(T737<>""NAV"")))",Backend UI Toggle
Rent Comp Profiles,H740,"=1/((I740=""Show"")+(I740<>""Hide"")*(LEN(L740)*(L740<>""N/A"")*(L740<>""NAV"")*(pvaPropertyTypeKey<>""Senior Housing|All"")))",Backend UI Toggle
Rent Comp Profiles,H743,"=1/((I743=""Show"")+(I743<>""Hide"")*(LEN(L743)*(L743<>""N/A"")*(L743<>""NAV"")*(pvaPropertyTypeKey<>""Senior Housing|All"")))",Backend UI Toggle
Rent Comp Profiles,H746,"=1/((I746=""Show"")+(I746<>""Hide"")*(LEN(L746)*(L746<>""N/A"")*(L746<>""NAV"")*(pvaPropertyTypeKey<>""Senior Housing|All"")))",Backend UI Toggle
Rent Comp Profiles,H749,"=1/((I749=""Show"")+(I749<>""Hide"")*(pvaPropertyTypeKey=""Self-Storage|All"")*(LEN(N749)*(N749<>""N/A"")*(N749<>""NAV"")+LEN(T749)*(T749<>""N/A"")*(T749<>""NAV"")))",Backend UI Toggle
Rent Comp Profiles,H750,"=1/((I750=""Show"")+(I750<>""Hide"")*(pvaPropertyTypeKey=""Self-Storage|All"")*(LEN(N750)*(N750<>""N/A"")*(N750<>""NAV"")+LEN(T750)*(T750<>""N/A"")*(T750<>""NAV"")))",Backend UI Toggle
Rent Comp Profiles,H751,"=1/((I751=""Show"")+(I751<>""Hide"")*(pvaPropertyTypeKey=""Self-Storage|All"")*(LEN(N751)*(N751<>""N/A"")*(N751<>""NAV"")+LEN(T751)*(T751<>""N/A"")*(T751<>""NAV"")))",Backend UI Toggle
Rent Comp Profiles,H755,"=1/((pvaPropertyTypeKey=""Self-Storage|All"")*(SUM(N755:V755)>0))",Backend UI Toggle
Rent Comp Profiles,H756,"=1/((pvaPropertyTypeKey=""Self-Storage|All"")*(SUM(N756:V756)>0))",Backend UI Toggle
Rent Comp Profiles,H758,"=1/((pvaPropertyTypeKey=""Self-Storage|All"")*(SUM(N758:V758)>0))",Backend UI Toggle
Rent Comp Profiles,H759,"=1/((pvaPropertyTypeKey=""Self-Storage|All"")*(SUM(N759:V759)>0))",Backend UI Toggle
Rent Comp Profiles,H761,"=1/((pvaPropertyTypeKey=""Self-Storage|All"")*(SUM(N761:V761)>0))",Backend UI Toggle
Rent Comp Profiles,H762,"=1/((pvaPropertyTypeKey=""Self-Storage|All"")*(SUM(N762:V762)>0))",Backend UI Toggle
Rent Comp Profiles,H764,"=1/((pvaPropertyTypeKey=""Self-Storage|All"")*(SUM(N764:V764)>0))",Backend UI Toggle
Rent Comp Profiles,H765,"=1/((pvaPropertyTypeKey=""Self-Storage|All"")*(SUM(N765:V765)>0))",Backend UI Toggle
Rent Comp Profiles,H767,"=1/((pvaPropertyTypeKey=""Self-Storage|All"")*(SUM(N767:V767)>0))",Backend UI Toggle
Rent Comp Profiles,H768,"=1/((pvaPropertyTypeKey=""Self-Storage|All"")*(SUM(N768:V768)>0))",Backend UI Toggle
Rent Comp Profiles,H772,"=1/((pvaPropertyTypeKey=""Senior Housing|All"")*SUM(M772:V772))",Backend UI Toggle
Rent Comp Profiles,H773,"=1/((pvaPropertyTypeKey=""Senior Housing|All"")*SUM(M773:V773))",Backend UI Toggle
Rent Comp Profiles,H774,"=1/((pvaPropertyTypeKey=""Senior Housing|All"")*SUM(M774:V774))",Backend UI Toggle
Rent Comp Profiles,H775,"=1/((pvaPropertyTypeKey=""Senior Housing|All"")*SUM(M775:V775))",Backend UI Toggle
Rent Comp Profiles,H776,"=1/((pvaPropertyTypeKey=""Senior Housing|All"")*SUM(M776:V776))",Backend UI Toggle
Rent Comp Profiles,H781,"=1/((I781=""Show"")+(I781<>""Hide"")*(LEN(L781)*(L781<>""N/A"")*(L781<>""NAV"")*(pvaPropertyTypeKey<>""Senior Housing|All"")))",Backend UI Toggle
Rent Comp Profiles,H782,"=1/((I782=""Show"")+(I782<>""Hide"")*(LEN(L782)*(L782<>""N/A"")*(L782<>""NAV"")*(pvaPropertyTypeKey<>""Senior Housing|All"")))",Backend UI Toggle
Rent Comp Profiles,H783,"=1/((I783=""Show"")+(I783<>""Hide"")*(LEN(L783)*(L783<>""N/A"")*(L783<>""NAV"")*(pvaPropertyTypeKey<>""Senior Housing|All"")))",Backend UI Toggle
Rent Comp Profiles,H784,"=1/((I784=""Show"")+(I784<>""Hide"")*(LEN(L784)*(L784<>""N/A"")*(L784<>""NAV"")*(pvaPropertyTypeKey<>""Senior Housing|All"")))",Backend UI Toggle
Rent Comp Profiles,H785,"=1/((I785=""Show"")+(I785<>""Hide"")*(LEN(L785)*(L785<>""N/A"")*(L785<>""NAV"")*(pvaPropertyTypeKey<>""Senior Housing|All"")))",Backend UI Toggle
Rent Comp Profiles,H786,"=1/((I786=""Show"")+(I786<>""Hide"")*(LEN(L786)*(L786<>""N/A"")*(L786<>""NAV"")*(pvaPropertyTypeKey<>""Senior Housing|All"")))",Backend UI Toggle
Rent Comp Profiles,H787,"=1/((I787=""Show"")+(I787<>""Hide"")*(LEN(L787)*(L787<>""N/A"")*(L787<>""NAV"")*(pvaPropertyTypeKey<>""Senior Housing|All"")))",Backend UI Toggle
Rent Comp Profiles,H788,"=1/((I788=""Show"")+(I788<>""Hide"")*(LEN(L788)*(L788<>""N/A"")*(L788<>""NAV"")*(pvaPropertyTypeKey<>""Senior Housing|All"")))",Backend UI Toggle
Rent Comp Profiles,H789,"=1/((I789=""Show"")+(I789<>""Hide"")*(LEN(L789)*(L789<>""N/A"")*(L789<>""NAV"")*(pvaPropertyTypeKey<>""Senior Housing|All"")))",Backend UI Toggle
Rent Comp Profiles,H790,"=1/((I790=""Show"")+(I790<>""Hide"")*(LEN(L790)*(L790<>""N/A"")*(L790<>""NAV"")*(pvaPropertyTypeKey<>""Senior Housing|All"")))",Backend UI Toggle
Rent Comp Profiles,H791,"=1/((I791=""Show"")+(I791<>""Hide"")*(LEN(L791)*(L791<>""N/A"")*(L791<>""NAV"")*(pvaPropertyTypeKey<>""Senior Housing|All"")))",Backend UI Toggle
Rent Comp Profiles,H792,"=1/((I792=""Show"")+(I792<>""Hide"")*(LEN(L792)*(L792<>""N/A"")*(L792<>""NAV"")*(pvaPropertyTypeKey<>""Senior Housing|All"")))",Backend UI Toggle
Rent Comp Profiles,H793,"=1/((I793=""Show"")+(I793<>""Hide"")*(LEN(L793)*(L793<>""N/A"")*(L793<>""NAV"")*(pvaPropertyTypeKey<>""Senior Housing|All"")))",Backend UI Toggle
Rent Comp Profiles,H794,"=1/((I794=""Show"")+(I794<>""Hide"")*(LEN(L794)*(L794<>""N/A"")*(L794<>""NAV"")*(pvaPropertyTypeKey<>""Senior Housing|All"")))",Backend UI Toggle
Rent Comp Profiles,H795,"=1/((I795=""Show"")+(I795<>""Hide"")*(LEN(L795)*(L795<>""N/A"")*(L795<>""NAV"")*(pvaPropertyTypeKey<>""Senior Housing|All"")))",Backend UI Toggle
Rent Comp Profiles,H796,"=1/((I796=""Show"")+(I796<>""Hide"")*(LEN(L796)*(L796<>""N/A"")*(L796<>""NAV"")*(pvaPropertyTypeKey<>""Senior Housing|All"")))",Backend UI Toggle
Rent Comp Profiles,H797,"=1/((I797=""Show"")+(I797<>""Hide"")*(LEN(L797)*(L797<>""N/A"")*(L797<>""NAV"")*(pvaPropertyTypeKey<>""Senior Housing|All"")))",Backend UI Toggle
Rent Comp Profiles,H798,"=1/((I798=""Show"")+(I798<>""Hide"")*(LEN(L798)*(L798<>""N/A"")*(L798<>""NAV"")*(pvaPropertyTypeKey<>""Senior Housing|All"")))",Backend UI Toggle
Rent Comp Profiles,H799,"=1/((I799=""Show"")+(I799<>""Hide"")*(LEN(L799)*(L799<>""N/A"")*(L799<>""NAV"")*(pvaPropertyTypeKey<>""Senior Housing|All"")))",Backend UI Toggle
Rent Comp Profiles,H800,"=1/((I800=""Show"")+(I800<>""Hide"")*(LEN(L800)*(L800<>""N/A"")*(L800<>""NAV"")*(pvaPropertyTypeKey<>""Senior Housing|All"")))",Backend UI Toggle
Rent Comp Profiles,H805,"=1/(Y805*(pvaPropertyTypeKey=""Senior Housing|All""))",Backend UI Toggle
Rent Comp Profiles,H806,"=1/(Y806*(pvaPropertyTypeKey=""Senior Housing|All""))",Backend UI Toggle
Rent Comp Profiles,H807,"=1/(Y807*(pvaPropertyTypeKey=""Senior Housing|All""))",Backend UI Toggle
Rent Comp Profiles,H808,"=1/(Y808*(pvaPropertyTypeKey=""Senior Housing|All""))",Backend UI Toggle
Rent Comp Profiles,H809,"=1/(Y809*(pvaPropertyTypeKey=""Senior Housing|All""))",Backend UI Toggle
Rent Comp Profiles,H810,"=1/(Y810*(pvaPropertyTypeKey=""Senior Housing|All""))",Backend UI Toggle
Rent Comp Profiles,H811,"=1/(Y811*(pvaPropertyTypeKey=""Senior Housing|All""))",Backend UI Toggle
Rent Comp Profiles,H812,"=1/(Y812*(pvaPropertyTypeKey=""Senior Housing|All""))",Backend UI Toggle
Rent Comp Profiles,H813,"=1/(Y813*(pvaPropertyTypeKey=""Senior Housing|All""))",Backend UI Toggle
Rent Comp Profiles,H814,"=1/(Y814*(pvaPropertyTypeKey=""Senior Housing|All""))",Backend UI Toggle
Rent Comp Profiles,H815,"=1/(Y815*(pvaPropertyTypeKey=""Senior Housing|All""))",Backend UI Toggle
Rent Comp Profiles,H816,"=1/(Y816*(pvaPropertyTypeKey=""Senior Housing|All""))",Backend UI Toggle
Rent Comp Profiles,H817,"=1/(Y817*(pvaPropertyTypeKey=""Senior Housing|All""))",Backend UI Toggle
Rent Comp Profiles,H818,"=1/(Y818*(pvaPropertyTypeKey=""Senior Housing|All""))",Backend UI Toggle
Rent Comp Profiles,H819,"=1/(Y819*(pvaPropertyTypeKey=""Senior Housing|All""))",Backend UI Toggle
Rent Comp Profiles,H820,"=1/(Y820*(pvaPropertyTypeKey=""Senior Housing|All""))",Backend UI Toggle
Rent Comp Profiles,H821,"=1/(Y821*(pvaPropertyTypeKey=""Senior Housing|All""))",Backend UI Toggle
Rent Comp Profiles,H822,"=1/(Y822*(pvaPropertyTypeKey=""Senior Housing|All""))",Backend UI Toggle
Rent Comp Profiles,H823,"=1/(Y823*(pvaPropertyTypeKey=""Senior Housing|All""))",Backend UI Toggle
Rent Comp Profiles,H824,"=1/(Y824*(pvaPropertyTypeKey=""Senior Housing|All""))",Backend UI Toggle
Rent Comp Profiles,H825,"=1/(Y825*(pvaPropertyTypeKey=""Senior Housing|All""))",Backend UI Toggle
Rent Comp Profiles,H826,"=1/(Y826*(pvaPropertyTypeKey=""Senior Housing|All""))",Backend UI Toggle
Rent Comp Profiles,H827,"=1/(Y827*(pvaPropertyTypeKey=""Senior Housing|All""))",Backend UI Toggle
Rent Comp Profiles,H828,"=1/(Y828*(pvaPropertyTypeKey=""Senior Housing|All""))",Backend UI Toggle
Rent Comp Profiles,H829,"=1/(Y829*(pvaPropertyTypeKey=""Senior Housing|All""))",Backend UI Toggle
Rent Comp Profiles,H830,"=1/(Y830*(pvaPropertyTypeKey=""Senior Housing|All""))",Backend UI Toggle
Rent Comp Profiles,H831,"=1/(Y831*(pvaPropertyTypeKey=""Senior Housing|All""))",Backend UI Toggle
Rent Comp Profiles,H832,"=1/(Y832*(pvaPropertyTypeKey=""Senior Housing|All""))",Backend UI Toggle
Rent Comp Profiles,H833,"=1/(Y833*(pvaPropertyTypeKey=""Senior Housing|All""))",Backend UI Toggle
Rent Comp Profiles,H834,"=1/(Y834*(pvaPropertyTypeKey=""Senior Housing|All""))",Backend UI Toggle
Rent Comp Profiles,H835,"=1/(Y835*(pvaPropertyTypeKey=""Senior Housing|All""))",Backend UI Toggle
Rent Comp Profiles,H836,"=1/(Y836*(pvaPropertyTypeKey=""Senior Housing|All""))",Backend UI Toggle
Rent Comp Profiles,H837,"=1/(Y837*(pvaPropertyTypeKey=""Senior Housing|All""))",Backend UI Toggle
Rent Comp Profiles,H838,"=1/(Y838*(pvaPropertyTypeKey=""Senior Housing|All""))",Backend UI Toggle
Rent Comp Profiles,H839,"=1/(Y839*(pvaPropertyTypeKey=""Senior Housing|All""))",Backend UI Toggle
Rent Comp Profiles,H840,"=1/(Y840*(pvaPropertyTypeKey=""Senior Housing|All""))",Backend UI Toggle
Rent Comp Profiles,H841,"=1/(Y841*(pvaPropertyTypeKey=""Senior Housing|All""))",Backend UI Toggle
Rent Comp Profiles,H842,"=1/(Y842*(pvaPropertyTypeKey=""Senior Housing|All""))",Backend UI Toggle
Rent Comp Profiles,H843,"=1/(Y843*(pvaPropertyTypeKey=""Senior Housing|All""))",Backend UI Toggle
Rent Comp Profiles,H844,"=1/(Y844*(pvaPropertyTypeKey=""Senior Housing|All""))",Backend UI Toggle
Rent Comp Profiles,H856,"=1/((pvaPropertyTypeKey=""Lodging & Hospitality|All"")*(I875=""Yes""))",Backend UI Toggle
Rent Comp Profiles,H857,"=1/(H856*(I857<>""Hide""))",Backend UI Toggle
Rent Comp Profiles,H858,"=1/(H857*(I858<>""Hide""))",Backend UI Toggle
Rent Comp Profiles,H859,"=1/(H858*(I859<>""Hide""))",Backend UI Toggle
Rent Comp Profiles,H860,"=1/(H859*(I860<>""Hide""))",Backend UI Toggle
Rent Comp Profiles,H861,"=1/(H860*(I861<>""Hide""))",Backend UI Toggle
Rent Comp Profiles,H862,"=1/(H861*(I862<>""Hide""))",Backend UI Toggle
Rent Comp Profiles,H863,"=1/(H862*(I863<>""Hide""))",Backend UI Toggle
Rent Comp Profiles,H864,"=1/(H863*(I864<>""Hide""))",Backend UI Toggle
Rent Comp Profiles,H865,"=1/(H864*(I865<>""Hide""))",Backend UI Toggle
Rent Comp Profiles,H866,"=1/(H865*(I866<>""Hide""))",Backend UI Toggle
Rent Comp Profiles,H867,"=1/(H866*(I867<>""Hide""))",Backend UI Toggle
Rent Comp Profiles,H868,"=1/(H867*(I868<>""Hide""))",Backend UI Toggle
Rent Comp Profiles,H869,"=1/(H868*(I869<>""Hide""))",Backend UI Toggle
Rent Comp Profiles,H870,"=1/(H869*(I870<>""Hide""))",Backend UI Toggle
Rent Comp Profiles,H873,"=1/((I873=""Show"")+(I873<>""Hide"")*(LEN(L873)*(L873<>""N/A"")*(L873<>""NAV"")))",Backend UI Toggle
Rent Comp Profiles,H884,"=1/((I884=""Show"")+(I884<>""Hide"")*LEN(N884)*(N884<>""N/A"")*(N884<>""NAV""))",Backend UI Toggle
Rent Comp Profiles,H885,"=1/(I885<>""Hide"")",Backend UI Toggle
Rent Comp Profiles,H886,"=1/((I886=""Show"")+(I886<>""Hide"")*LEN(N886)*(N886<>""N/A"")*(N886<>""NAV""))",Backend UI Toggle
Rent Comp Profiles,H887,"=1/((I887=""Show"")+(I887<>""Hide"")*LEN(N887)*(N887<>""N/A"")*(N887<>""NAV""))",Backend UI Toggle
Rent Comp Profiles,H888,"=1/((I888=""Show"")+(I888<>""Hide"")*LEN(N888)*(N888<>""N/A"")*(N888<>""NAV""))",Backend UI Toggle
Rent Comp Profiles,H889,"=1/((I889=""Show"")+(I889<>""Hide"")*LEN(N889)*(N889<>""N/A"")*(N889<>""NAV""))",Backend UI Toggle
Rent Comp Profiles,H890,"=1/((I890=""Show"")+(I890<>""Hide"")*LEN(N890)*(N890<>""N/A"")*(N890<>""NAV""))",Backend UI Toggle
Rent Comp Profiles,H891,"=1/((I891=""Show"")+(I891<>""Hide"")*LEN(N891)*(N891<>""N/A"")*(N891<>""NAV""))",Backend UI Toggle
Rent Comp Profiles,H892,"=1/((I892=""Show"")+(I892<>""Hide"")*LEN(N892)*(N892<>""N/A"")*(N892<>""NAV""))",Backend UI Toggle
Rent Comp Profiles,H893,"=1/((I893=""Show"")+(I893<>""Hide"")*LEN(N893)*(N893<>""N/A"")*(N893<>""NAV""))",Backend UI Toggle
Rent Comp Profiles,H894,"=1/((I894=""Show"")+(I894<>""Hide"")*LEN(N894)*(N894<>""N/A"")*(N894<>""NAV""))",Backend UI Toggle
Rent Comp Profiles,H895,"=1/((I895=""Show"")+(I895<>""Hide"")*LEN(N895)*(N895<>""N/A"")*(N895<>""NAV""))",Backend UI Toggle
Rent Comp Profiles,H896,"=1/((I896=""Show"")+(I896<>""Hide"")*LEN(N896)*(N896<>""N/A"")*(N896<>""NAV""))",Backend UI Toggle
Rent Comp Profiles,H897,"=1/((I897=""Show"")+(I897<>""Hide"")*LEN(N897)*(N897<>""N/A"")*(N897<>""NAV""))",Backend UI Toggle
Rent Comp Profiles,H898,"=1/((I898=""Show"")+(I898<>""Hide"")*LEN(N898)*(N898<>""N/A"")*(N898<>""NAV""))",Backend UI Toggle
Rent Comp Profiles,H899,"=1/((I899=""Show"")+(I899<>""Hide"")*LEN(N899)*(N899<>""N/A"")*(N899<>""NAV""))",Backend UI Toggle
Rent Comp Profiles,H900,"=1/((I900=""Show"")+(I900<>""Hide"")*LEN(N900)*(N900<>""N/A"")*(N900<>""NAV""))",Backend UI Toggle
Rent Comp Profiles,H903,"=1/((I903=""Show"")+(I903<>""Hide"")*(LEN(N903)*(N903<>""N/A"")*(N903<>""NAV"")+LEN(T903)*(T903<>""N/A"")*(T903<>""NAV"")))",Backend UI Toggle
Rent Comp Profiles,H904,"=1/((I904=""Show"")+(I904<>""Hide"")*(LEN(N904)*(N904<>""N/A"")*(N904<>""NAV"")+LEN(T904)*(T904<>""N/A"")*(T904<>""NAV"")))",Backend UI Toggle
Rent Comp Profiles,H905,"=1/((I905=""Show"")+(I905<>""Hide"")*(LEN(N905)*(N905<>""N/A"")*(N905<>""NAV"")+LEN(T905)*(T905<>""N/A"")*(T905<>""NAV"")))",Backend UI Toggle
Rent Comp Profiles,H906,"=1/((I906=""Show"")+(I906<>""Hide"")*(LEN(N906)*(N906<>""N/A"")*(N906<>""NAV"")+LEN(T906)*(T906<>""N/A"")*(T906<>""NAV"")))",Backend UI Toggle
Rent Comp Profiles,H907,"=1/((I907=""Show"")+(I907<>""Hide"")*(LEN(N907)*(N907<>""N/A"")*(N907<>""NAV"")+LEN(T907)*(T907<>""N/A"")*(T907<>""NAV"")))",Backend UI Toggle
Rent Comp Profiles,H908,"=1/((I908=""Show"")+(I908<>""Hide"")*(LEN(N908)*(N908<>""N/A"")*(N908<>""NAV"")+LEN(T908)*(T908<>""N/A"")*(T908<>""NAV"")))",Backend UI Toggle
Rent Comp Profiles,H909,"=1/((I909=""Show"")+(I909<>""Hide"")*(LEN(N909)*(N909<>""N/A"")*(N909<>""NAV"")+LEN(T909)*(T909<>""N/A"")*(T909<>""NAV"")))",Backend UI Toggle
Rent Comp Profiles,H910,"=1/((I910=""Show"")+(I910<>""Hide"")*(LEN(N910)*(N910<>""N/A"")*(N910<>""NAV"")+LEN(T910)*(T910<>""N/A"")*(T910<>""NAV"")))",Backend UI Toggle
Rent Comp Profiles,H911,"=1/((I911=""Show"")+(I911<>""Hide"")*(LEN(N911)*(N911<>""N/A"")*(N911<>""NAV"")+LEN(T911)*(T911<>""N/A"")*(T911<>""NAV"")))",Backend UI Toggle
Rent Comp Profiles,H912,"=1/((I912=""Show"")+(I912<>""Hide"")*(LEN(N912)*(N912<>""N/A"")*(N912<>""NAV"")+LEN(T912)*(T912<>""N/A"")*(T912<>""NAV"")))",Backend UI Toggle
Rent Comp Profiles,H913,"=1/((I913=""Show"")+(I913<>""Hide"")*(LEN(N913)*(N913<>""N/A"")*(N913<>""NAV"")+LEN(T913)*(T913<>""N/A"")*(T913<>""NAV"")))",Backend UI Toggle
Rent Comp Profiles,H914,"=1/((I914=""Show"")+(I914<>""Hide"")*(LEN(N914)*(N914<>""N/A"")*(N914<>""NAV"")+LEN(T914)*(T914<>""N/A"")*(T914<>""NAV"")))",Backend UI Toggle
Rent Comp Profiles,H915,"=1/((I915=""Show"")+(I915<>""Hide"")*(LEN(N915)*(N915<>""N/A"")*(N915<>""NAV"")+LEN(T915)*(T915<>""N/A"")*(T915<>""NAV"")))",Backend UI Toggle
Rent Comp Profiles,H918,"=1/((I918=""Show"")+(I918<>""Hide"")*(LEN(L918)*(L918<>""N/A"")*(L918<>""NAV"")*(pvaPropertyTypeKey<>""Senior Housing|All"")))",Backend UI Toggle
Rent Comp Profiles,H921,"=1/((I921=""Show"")+(I921<>""Hide"")*(LEN(L921)*(L921<>""N/A"")*(L921<>""NAV"")*(pvaPropertyTypeKey<>""Senior Housing|All"")))",Backend UI Toggle
Rent Comp Profiles,H924,"=1/((I924=""Show"")+(I924<>""Hide"")*(LEN(L924)*(L924<>""N/A"")*(L924<>""NAV"")*(pvaPropertyTypeKey<>""Senior Housing|All"")))",Backend UI Toggle
Rent Comp Profiles,H927,"=1/((I927=""Show"")+(I927<>""Hide"")*(pvaPropertyTypeKey=""Self-Storage|All"")*(LEN(N927)*(N927<>""N/A"")*(N927<>""NAV"")+LEN(T927)*(T927<>""N/A"")*(T927<>""NAV"")))",Backend UI Toggle
Rent Comp Profiles,H928,"=1/((I928=""Show"")+(I928<>""Hide"")*(pvaPropertyTypeKey=""Self-Storage|All"")*(LEN(N928)*(N928<>""N/A"")*(N928<>""NAV"")+LEN(T928)*(T928<>""N/A"")*(T928<>""NAV"")))",Backend UI Toggle
Rent Comp Profiles,H929,"=1/((I929=""Show"")+(I929<>""Hide"")*(pvaPropertyTypeKey=""Self-Storage|All"")*(LEN(N929)*(N929<>""N/A"")*(N929<>""NAV"")+LEN(T929)*(T929<>""N/A"")*(T929<>""NAV"")))",Backend UI Toggle
Rent Comp Profiles,H933,"=1/((pvaPropertyTypeKey=""Self-Storage|All"")*(SUM(N933:V933)>0))",Backend UI Toggle
Rent Comp Profiles,H934,"=1/((pvaPropertyTypeKey=""Self-Storage|All"")*(SUM(N934:V934)>0))",Backend UI Toggle
Rent Comp Profiles,H936,"=1/((pvaPropertyTypeKey=""Self-Storage|All"")*(SUM(N936:V936)>0))",Backend UI Toggle
Rent Comp Profiles,H937,"=1/((pvaPropertyTypeKey=""Self-Storage|All"")*(SUM(N937:V937)>0))",Backend UI Toggle
Rent Comp Profiles,H939,"=1/((pvaPropertyTypeKey=""Self-Storage|All"")*(SUM(N939:V939)>0))",Backend UI Toggle
Rent Comp Profiles,H940,"=1/((pvaPropertyTypeKey=""Self-Storage|All"")*(SUM(N940:V940)>0))",Backend UI Toggle
Rent Comp Profiles,H942,"=1/((pvaPropertyTypeKey=""Self-Storage|All"")*(SUM(N942:V942)>0))",Backend UI Toggle
Rent Comp Profiles,H943,"=1/((pvaPropertyTypeKey=""Self-Storage|All"")*(SUM(N943:V943)>0))",Backend UI Toggle
Rent Comp Profiles,H945,"=1/((pvaPropertyTypeKey=""Self-Storage|All"")*(SUM(N945:V945)>0))",Backend UI Toggle
Rent Comp Profiles,H946,"=1/((pvaPropertyTypeKey=""Self-Storage|All"")*(SUM(N946:V946)>0))",Backend UI Toggle
Rent Comp Profiles,H950,"=1/((pvaPropertyTypeKey=""Senior Housing|All"")*SUM(M950:V950))",Backend UI Toggle
Rent Comp Profiles,H951,"=1/((pvaPropertyTypeKey=""Senior Housing|All"")*SUM(M951:V951))",Backend UI Toggle
Rent Comp Profiles,H952,"=1/((pvaPropertyTypeKey=""Senior Housing|All"")*SUM(M952:V952))",Backend UI Toggle
Rent Comp Profiles,H953,"=1/((pvaPropertyTypeKey=""Senior Housing|All"")*SUM(M953:V953))",Backend UI Toggle
Rent Comp Profiles,H954,"=1/((pvaPropertyTypeKey=""Senior Housing|All"")*SUM(M954:V954))",Backend UI Toggle
Rent Comp Profiles,H959,"=1/((I959=""Show"")+(I959<>""Hide"")*(LEN(L959)*(L959<>""N/A"")*(L959<>""NAV"")*(pvaPropertyTypeKey<>""Senior Housing|All"")))",Backend UI Toggle
Rent Comp Profiles,H960,"=1/((I960=""Show"")+(I960<>""Hide"")*(LEN(L960)*(L960<>""N/A"")*(L960<>""NAV"")*(pvaPropertyTypeKey<>""Senior Housing|All"")))",Backend UI Toggle
Rent Comp Profiles,H961,"=1/((I961=""Show"")+(I961<>""Hide"")*(LEN(L961)*(L961<>""N/A"")*(L961<>""NAV"")*(pvaPropertyTypeKey<>""Senior Housing|All"")))",Backend UI Toggle
Rent Comp Profiles,H962,"=1/((I962=""Show"")+(I962<>""Hide"")*(LEN(L962)*(L962<>""N/A"")*(L962<>""NAV"")*(pvaPropertyTypeKey<>""Senior Housing|All"")))",Backend UI Toggle
Rent Comp Profiles,H963,"=1/((I963=""Show"")+(I963<>""Hide"")*(LEN(L963)*(L963<>""N/A"")*(L963<>""NAV"")*(pvaPropertyTypeKey<>""Senior Housing|All"")))",Backend UI Toggle
Rent Comp Profiles,H964,"=1/((I964=""Show"")+(I964<>""Hide"")*(LEN(L964)*(L964<>""N/A"")*(L964<>""NAV"")*(pvaPropertyTypeKey<>""Senior Housing|All"")))",Backend UI Toggle
Rent Comp Profiles,H965,"=1/((I965=""Show"")+(I965<>""Hide"")*(LEN(L965)*(L965<>""N/A"")*(L965<>""NAV"")*(pvaPropertyTypeKey<>""Senior Housing|All"")))",Backend UI Toggle
Rent Comp Profiles,H966,"=1/((I966=""Show"")+(I966<>""Hide"")*(LEN(L966)*(L966<>""N/A"")*(L966<>""NAV"")*(pvaPropertyTypeKey<>""Senior Housing|All"")))",Backend UI Toggle
Rent Comp Profiles,H967,"=1/((I967=""Show"")+(I967<>""Hide"")*(LEN(L967)*(L967<>""N/A"")*(L967<>""NAV"")*(pvaPropertyTypeKey<>""Senior Housing|All"")))",Backend UI Toggle
Rent Comp Profiles,H968,"=1/((I968=""Show"")+(I968<>""Hide"")*(LEN(L968)*(L968<>""N/A"")*(L968<>""NAV"")*(pvaPropertyTypeKey<>""Senior Housing|All"")))",Backend UI Toggle
Rent Comp Profiles,H969,"=1/((I969=""Show"")+(I969<>""Hide"")*(LEN(L969)*(L969<>""N/A"")*(L969<>""NAV"")*(pvaPropertyTypeKey<>""Senior Housing|All"")))",Backend UI Toggle
Rent Comp Profiles,H970,"=1/((I970=""Show"")+(I970<>""Hide"")*(LEN(L970)*(L970<>""N/A"")*(L970<>""NAV"")*(pvaPropertyTypeKey<>""Senior Housing|All"")))",Backend UI Toggle
Rent Comp Profiles,H971,"=1/((I971=""Show"")+(I971<>""Hide"")*(LEN(L971)*(L971<>""N/A"")*(L971<>""NAV"")*(pvaPropertyTypeKey<>""Senior Housing|All"")))",Backend UI Toggle
Rent Comp Profiles,H972,"=1/((I972=""Show"")+(I972<>""Hide"")*(LEN(L972)*(L972<>""N/A"")*(L972<>""NAV"")*(pvaPropertyTypeKey<>""Senior Housing|All"")))",Backend UI Toggle
Rent Comp Profiles,H973,"=1/((I973=""Show"")+(I973<>""Hide"")*(LEN(L973)*(L973<>""N/A"")*(L973<>""NAV"")*(pvaPropertyTypeKey<>""Senior Housing|All"")))",Backend UI Toggle
Rent Comp Profiles,H974,"=1/((I974=""Show"")+(I974<>""Hide"")*(LEN(L974)*(L974<>""N/A"")*(L974<>""NAV"")*(pvaPropertyTypeKey<>""Senior Housing|All"")))",Backend UI Toggle
Rent Comp Profiles,H975,"=1/((I975=""Show"")+(I975<>""Hide"")*(LEN(L975)*(L975<>""N/A"")*(L975<>""NAV"")*(pvaPropertyTypeKey<>""Senior Housing|All"")))",Backend UI Toggle
Rent Comp Profiles,H976,"=1/((I976=""Show"")+(I976<>""Hide"")*(LEN(L976)*(L976<>""N/A"")*(L976<>""NAV"")*(pvaPropertyTypeKey<>""Senior Housing|All"")))",Backend UI Toggle
Rent Comp Profiles,H977,"=1/((I977=""Show"")+(I977<>""Hide"")*(LEN(L977)*(L977<>""N/A"")*(L977<>""NAV"")*(pvaPropertyTypeKey<>""Senior Housing|All"")))",Backend UI Toggle
Rent Comp Profiles,H978,"=1/((I978=""Show"")+(I978<>""Hide"")*(LEN(L978)*(L978<>""N/A"")*(L978<>""NAV"")*(pvaPropertyTypeKey<>""Senior Housing|All"")))",Backend UI Toggle
Rent Comp Profiles,H983,"=1/(Y983*(pvaPropertyTypeKey=""Senior Housing|All""))",Backend UI Toggle
Rent Comp Profiles,H984,"=1/(Y984*(pvaPropertyTypeKey=""Senior Housing|All""))",Backend UI Toggle
Rent Comp Profiles,H985,"=1/(Y985*(pvaPropertyTypeKey=""Senior Housing|All""))",Backend UI Toggle
Rent Comp Profiles,H986,"=1/(Y986*(pvaPropertyTypeKey=""Senior Housing|All""))",Backend UI Toggle
Rent Comp Profiles,H987,"=1/(Y987*(pvaPropertyTypeKey=""Senior Housing|All""))",Backend UI Toggle
Rent Comp Profiles,H988,"=1/(Y988*(pvaPropertyTypeKey=""Senior Housing|All""))",Backend UI Toggle
Rent Comp Profiles,H989,"=1/(Y989*(pvaPropertyTypeKey=""Senior Housing|All""))",Backend UI Toggle
Rent Comp Profiles,H990,"=1/(Y990*(pvaPropertyTypeKey=""Senior Housing|All""))",Backend UI Toggle
Rent Comp Profiles,H991,"=1/(Y991*(pvaPropertyTypeKey=""Senior Housing|All""))",Backend UI Toggle
Rent Comp Profiles,H992,"=1/(Y992*(pvaPropertyTypeKey=""Senior Housing|All""))",Backend UI Toggle
Rent Comp Profiles,H993,"=1/(Y993*(pvaPropertyTypeKey=""Senior Housing|All""))",Backend UI Toggle
Rent Comp Profiles,H994,"=1/(Y994*(pvaPropertyTypeKey=""Senior Housing|All""))",Backend UI Toggle
Rent Comp Profiles,H995,"=1/(Y995*(pvaPropertyTypeKey=""Senior Housing|All""))",Backend UI Toggle
Rent Comp Profiles,H996,"=1/(Y996*(pvaPropertyTypeKey=""Senior Housing|All""))",Backend UI Toggle
Rent Comp Profiles,H997,"=1/(Y997*(pvaPropertyTypeKey=""Senior Housing|All""))",Backend UI Toggle
Rent Comp Profiles,H998,"=1/(Y998*(pvaPropertyTypeKey=""Senior Housing|All""))",Backend UI Toggle
Rent Comp Profiles,H999,"=1/(Y999*(pvaPropertyTypeKey=""Senior Housing|All""))",Backend UI Toggle
Rent Comp Profiles,H1000,"=1/(Y1000*(pvaPropertyTypeKey=""Senior Housing|All""))",Backend UI Toggle
Rent Comp Profiles,H1001,"=1/(Y1001*(pvaPropertyTypeKey=""Senior Housing|All""))",Backend UI Toggle
Rent Comp Profiles,H1002,"=1/(Y1002*(pvaPropertyTypeKey=""Senior Housing|All""))",Backend UI Toggle
Rent Comp Profiles,H1003,"=1/(Y1003*(pvaPropertyTypeKey=""Senior Housing|All""))",Backend UI Toggle
Rent Comp Profiles,H1004,"=1/(Y1004*(pvaPropertyTypeKey=""Senior Housing|All""))",Backend UI Toggle
Rent Comp Profiles,H1005,"=1/(Y1005*(pvaPropertyTypeKey=""Senior Housing|All""))",Backend UI Toggle
Rent Comp Profiles,H1006,"=1/(Y1006*(pvaPropertyTypeKey=""Senior Housing|All""))",Backend UI Toggle
Rent Comp Profiles,H1007,"=1/(Y1007*(pvaPropertyTypeKey=""Senior Housing|All""))",Backend UI Toggle
Rent Comp Profiles,H1008,"=1/(Y1008*(pvaPropertyTypeKey=""Senior Housing|All""))",Backend UI Toggle
Rent Comp Profiles,H1009,"=1/(Y1009*(pvaPropertyTypeKey=""Senior Housing|All""))",Backend UI Toggle
Rent Comp Profiles,H1010,"=1/(Y1010*(pvaPropertyTypeKey=""Senior Housing|All""))",Backend UI Toggle
Rent Comp Profiles,H1011,"=1/(Y1011*(pvaPropertyTypeKey=""Senior Housing|All""))",Backend UI Toggle
Rent Comp Profiles,H1012,"=1/(Y1012*(pvaPropertyTypeKey=""Senior Housing|All""))",Backend UI Toggle
Rent Comp Profiles,H1013,"=1/(Y1013*(pvaPropertyTypeKey=""Senior Housing|All""))",Backend UI Toggle
Rent Comp Profiles,H1014,"=1/(Y1014*(pvaPropertyTypeKey=""Senior Housing|All""))",Backend UI Toggle
Rent Comp Profiles,H1015,"=1/(Y1015*(pvaPropertyTypeKey=""Senior Housing|All""))",Backend UI Toggle
Rent Comp Profiles,H1016,"=1/(Y1016*(pvaPropertyTypeKey=""Senior Housing|All""))",Backend UI Toggle
Rent Comp Profiles,H1017,"=1/(Y1017*(pvaPropertyTypeKey=""Senior Housing|All""))",Backend UI Toggle
Rent Comp Profiles,H1018,"=1/(Y1018*(pvaPropertyTypeKey=""Senior Housing|All""))",Backend UI Toggle
Rent Comp Profiles,H1019,"=1/(Y1019*(pvaPropertyTypeKey=""Senior Housing|All""))",Backend UI Toggle
Rent Comp Profiles,H1020,"=1/(Y1020*(pvaPropertyTypeKey=""Senior Housing|All""))",Backend UI Toggle
Rent Comp Profiles,H1021,"=1/(Y1021*(pvaPropertyTypeKey=""Senior Housing|All""))",Backend UI Toggle
Rent Comp Profiles,H1022,"=1/(Y1022*(pvaPropertyTypeKey=""Senior Housing|All""))",Backend UI Toggle
Rent Comp Profiles,H1034,"=1/((pvaPropertyTypeKey=""Lodging & Hospitality|All"")*(I1053=""Yes""))",Backend UI Toggle
Rent Comp Profiles,H1035,"=1/(H1034*(I1035<>""Hide""))",Backend UI Toggle
Rent Comp Profiles,H1036,"=1/(H1035*(I1036<>""Hide""))",Backend UI Toggle
Rent Comp Profiles,H1037,"=1/(H1036*(I1037<>""Hide""))",Backend UI Toggle
Rent Comp Profiles,H1038,"=1/(H1037*(I1038<>""Hide""))",Backend UI Toggle
Rent Comp Profiles,H1039,"=1/(H1038*(I1039<>""Hide""))",Backend UI Toggle
Rent Comp Profiles,H1040,"=1/(H1039*(I1040<>""Hide""))",Backend UI Toggle
Rent Comp Profiles,H1041,"=1/(H1040*(I1041<>""Hide""))",Backend UI Toggle
Rent Comp Profiles,H1042,"=1/(H1041*(I1042<>""Hide""))",Backend UI Toggle
Rent Comp Profiles,H1043,"=1/(H1042*(I1043<>""Hide""))",Backend UI Toggle
Rent Comp Profiles,H1044,"=1/(H1043*(I1044<>""Hide""))",Backend UI Toggle
Rent Comp Profiles,H1045,"=1/(H1044*(I1045<>""Hide""))",Backend UI Toggle
Rent Comp Profiles,H1046,"=1/(H1045*(I1046<>""Hide""))",Backend UI Toggle
Rent Comp Profiles,H1047,"=1/(H1046*(I1047<>""Hide""))",Backend UI Toggle
Rent Comp Profiles,H1048,"=1/(H1047*(I1048<>""Hide""))",Backend UI Toggle
Rent Comp Profiles,H1051,"=1/((I1051=""Show"")+(I1051<>""Hide"")*(LEN(L1051)*(L1051<>""N/A"")*(L1051<>""NAV"")))",Backend UI Toggle
Rent Comp Profiles,H1062,"=1/((I1062=""Show"")+(I1062<>""Hide"")*LEN(N1062)*(N1062<>""N/A"")*(N1062<>""NAV""))",Backend UI Toggle
Rent Comp Profiles,H1063,"=1/(I1063<>""Hide"")",Backend UI Toggle
Rent Comp Profiles,H1064,"=1/((I1064=""Show"")+(I1064<>""Hide"")*LEN(N1064)*(N1064<>""N/A"")*(N1064<>""NAV""))",Backend UI Toggle
Rent Comp Profiles,H1065,"=1/((I1065=""Show"")+(I1065<>""Hide"")*LEN(N1065)*(N1065<>""N/A"")*(N1065<>""NAV""))",Backend UI Toggle
Rent Comp Profiles,H1066,"=1/((I1066=""Show"")+(I1066<>""Hide"")*LEN(N1066)*(N1066<>""N/A"")*(N1066<>""NAV""))",Backend UI Toggle
Rent Comp Profiles,H1067,"=1/((I1067=""Show"")+(I1067<>""Hide"")*LEN(N1067)*(N1067<>""N/A"")*(N1067<>""NAV""))",Backend UI Toggle
Rent Comp Profiles,H1068,"=1/((I1068=""Show"")+(I1068<>""Hide"")*LEN(N1068)*(N1068<>""N/A"")*(N1068<>""NAV""))",Backend UI Toggle
Rent Comp Profiles,H1069,"=1/((I1069=""Show"")+(I1069<>""Hide"")*LEN(N1069)*(N1069<>""N/A"")*(N1069<>""NAV""))",Backend UI Toggle
Rent Comp Profiles,H1070,"=1/((I1070=""Show"")+(I1070<>""Hide"")*LEN(N1070)*(N1070<>""N/A"")*(N1070<>""NAV""))",Backend UI Toggle
Rent Comp Profiles,H1071,"=1/((I1071=""Show"")+(I1071<>""Hide"")*LEN(N1071)*(N1071<>""N/A"")*(N1071<>""NAV""))",Backend UI Toggle
Rent Comp Profiles,H1072,"=1/((I1072=""Show"")+(I1072<>""Hide"")*LEN(N1072)*(N1072<>""N/A"")*(N1072<>""NAV""))",Backend UI Toggle
Rent Comp Profiles,H1073,"=1/((I1073=""Show"")+(I1073<>""Hide"")*LEN(N1073)*(N1073<>""N/A"")*(N1073<>""NAV""))",Backend UI Toggle
Rent Comp Profiles,H1074,"=1/((I1074=""Show"")+(I1074<>""Hide"")*LEN(N1074)*(N1074<>""N/A"")*(N1074<>""NAV""))",Backend UI Toggle
Rent Comp Profiles,H1075,"=1/((I1075=""Show"")+(I1075<>""Hide"")*LEN(N1075)*(N1075<>""N/A"")*(N1075<>""NAV""))",Backend UI Toggle
Rent Comp Profiles,H1076,"=1/((I1076=""Show"")+(I1076<>""Hide"")*LEN(N1076)*(N1076<>""N/A"")*(N1076<>""NAV""))",Backend UI Toggle
Rent Comp Profiles,H1077,"=1/((I1077=""Show"")+(I1077<>""Hide"")*LEN(N1077)*(N1077<>""N/A"")*(N1077<>""NAV""))",Backend UI Toggle
Rent Comp Profiles,H1078,"=1/((I1078=""Show"")+(I1078<>""Hide"")*LEN(N1078)*(N1078<>""N/A"")*(N1078<>""NAV""))",Backend UI Toggle
Rent Comp Profiles,H1081,"=1/((I1081=""Show"")+(I1081<>""Hide"")*(LEN(N1081)*(N1081<>""N/A"")*(N1081<>""NAV"")+LEN(T1081)*(T1081<>""N/A"")*(T1081<>""NAV"")))",Backend UI Toggle
Rent Comp Profiles,H1082,"=1/((I1082=""Show"")+(I1082<>""Hide"")*(LEN(N1082)*(N1082<>""N/A"")*(N1082<>""NAV"")+LEN(T1082)*(T1082<>""N/A"")*(T1082<>""NAV"")))",Backend UI Toggle
Rent Comp Profiles,H1083,"=1/((I1083=""Show"")+(I1083<>""Hide"")*(LEN(N1083)*(N1083<>""N/A"")*(N1083<>""NAV"")+LEN(T1083)*(T1083<>""N/A"")*(T1083<>""NAV"")))",Backend UI Toggle
Rent Comp Profiles,H1084,"=1/((I1084=""Show"")+(I1084<>""Hide"")*(LEN(N1084)*(N1084<>""N/A"")*(N1084<>""NAV"")+LEN(T1084)*(T1084<>""N/A"")*(T1084<>""NAV"")))",Backend UI Toggle
Rent Comp Profiles,H1085,"=1/((I1085=""Show"")+(I1085<>""Hide"")*(LEN(N1085)*(N1085<>""N/A"")*(N1085<>""NAV"")+LEN(T1085)*(T1085<>""N/A"")*(T1085<>""NAV"")))",Backend UI Toggle
Rent Comp Profiles,H1086,"=1/((I1086=""Show"")+(I1086<>""Hide"")*(LEN(N1086)*(N1086<>""N/A"")*(N1086<>""NAV"")+LEN(T1086)*(T1086<>""N/A"")*(T1086<>""NAV"")))",Backend UI Toggle
Rent Comp Profiles,H1087,"=1/((I1087=""Show"")+(I1087<>""Hide"")*(LEN(N1087)*(N1087<>""N/A"")*(N1087<>""NAV"")+LEN(T1087)*(T1087<>""N/A"")*(T1087<>""NAV"")))",Backend UI Toggle
Rent Comp Profiles,H1088,"=1/((I1088=""Show"")+(I1088<>""Hide"")*(LEN(N1088)*(N1088<>""N/A"")*(N1088<>""NAV"")+LEN(T1088)*(T1088<>""N/A"")*(T1088<>""NAV"")))",Backend UI Toggle
Rent Comp Profiles,H1089,"=1/((I1089=""Show"")+(I1089<>""Hide"")*(LEN(N1089)*(N1089<>""N/A"")*(N1089<>""NAV"")+LEN(T1089)*(T1089<>""N/A"")*(T1089<>""NAV"")))",Backend UI Toggle
Rent Comp Profiles,H1090,"=1/((I1090=""Show"")+(I1090<>""Hide"")*(LEN(N1090)*(N1090<>""N/A"")*(N1090<>""NAV"")+LEN(T1090)*(T1090<>""N/A"")*(T1090<>""NAV"")))",Backend UI Toggle
Rent Comp Profiles,H1091,"=1/((I1091=""Show"")+(I1091<>""Hide"")*(LEN(N1091)*(N1091<>""N/A"")*(N1091<>""NAV"")+LEN(T1091)*(T1091<>""N/A"")*(T1091<>""NAV"")))",Backend UI Toggle
Rent Comp Profiles,H1092,"=1/((I1092=""Show"")+(I1092<>""Hide"")*(LEN(N1092)*(N1092<>""N/A"")*(N1092<>""NAV"")+LEN(T1092)*(T1092<>""N/A"")*(T1092<>""NAV"")))",Backend UI Toggle
Rent Comp Profiles,H1093,"=1/((I1093=""Show"")+(I1093<>""Hide"")*(LEN(N1093)*(N1093<>""N/A"")*(N1093<>""NAV"")+LEN(T1093)*(T1093<>""N/A"")*(T1093<>""NAV"")))",Backend UI Toggle
Rent Comp Profiles,H1096,"=1/((I1096=""Show"")+(I1096<>""Hide"")*(LEN(L1096)*(L1096<>""N/A"")*(L1096<>""NAV"")*(pvaPropertyTypeKey<>""Senior Housing|All"")))",Backend UI Toggle
Rent Comp Profiles,H1099,"=1/((I1099=""Show"")+(I1099<>""Hide"")*(LEN(L1099)*(L1099<>""N/A"")*(L1099<>""NAV"")*(pvaPropertyTypeKey<>""Senior Housing|All"")))",Backend UI Toggle
Rent Comp Profiles,H1102,"=1/((I1102=""Show"")+(I1102<>""Hide"")*(LEN(L1102)*(L1102<>""N/A"")*(L1102<>""NAV"")*(pvaPropertyTypeKey<>""Senior Housing|All"")))",Backend UI Toggle
Rent Comp Profiles,H1105,"=1/((I1105=""Show"")+(I1105<>""Hide"")*(pvaPropertyTypeKey=""Self-Storage|All"")*(LEN(N1105)*(N1105<>""N/A"")*(N1105<>""NAV"")+LEN(T1105)*(T1105<>""N/A"")*(T1105<>""NAV"")))",Backend UI Toggle
Rent Comp Profiles,H1106,"=1/((I1106=""Show"")+(I1106<>""Hide"")*(pvaPropertyTypeKey=""Self-Storage|All"")*(LEN(N1106)*(N1106<>""N/A"")*(N1106<>""NAV"")+LEN(T1106)*(T1106<>""N/A"")*(T1106<>""NAV"")))",Backend UI Toggle
Rent Comp Profiles,H1107,"=1/((I1107=""Show"")+(I1107<>""Hide"")*(pvaPropertyTypeKey=""Self-Storage|All"")*(LEN(N1107)*(N1107<>""N/A"")*(N1107<>""NAV"")+LEN(T1107)*(T1107<>""N/A"")*(T1107<>""NAV"")))",Backend UI Toggle
Rent Comp Profiles,H1111,"=1/((pvaPropertyTypeKey=""Self-Storage|All"")*(SUM(N1111:V1111)>0))",Backend UI Toggle
Rent Comp Profiles,H1112,"=1/((pvaPropertyTypeKey=""Self-Storage|All"")*(SUM(N1112:V1112)>0))",Backend UI Toggle
Rent Comp Profiles,H1114,"=1/((pvaPropertyTypeKey=""Self-Storage|All"")*(SUM(N1114:V1114)>0))",Backend UI Toggle
Rent Comp Profiles,H1115,"=1/((pvaPropertyTypeKey=""Self-Storage|All"")*(SUM(N1115:V1115)>0))",Backend UI Toggle
Rent Comp Profiles,H1117,"=1/((pvaPropertyTypeKey=""Self-Storage|All"")*(SUM(N1117:V1117)>0))",Backend UI Toggle
Rent Comp Profiles,H1118,"=1/((pvaPropertyTypeKey=""Self-Storage|All"")*(SUM(N1118:V1118)>0))",Backend UI Toggle
Rent Comp Profiles,H1120,"=1/((pvaPropertyTypeKey=""Self-Storage|All"")*(SUM(N1120:V1120)>0))",Backend UI Toggle
Rent Comp Profiles,H1121,"=1/((pvaPropertyTypeKey=""Self-Storage|All"")*(SUM(N1121:V1121)>0))",Backend UI Toggle
Rent Comp Profiles,H1123,"=1/((pvaPropertyTypeKey=""Self-Storage|All"")*(SUM(N1123:V1123)>0))",Backend UI Toggle
Rent Comp Profiles,H1124,"=1/((pvaPropertyTypeKey=""Self-Storage|All"")*(SUM(N1124:V1124)>0))",Backend UI Toggle
Rent Comp Profiles,H1128,"=1/((pvaPropertyTypeKey=""Senior Housing|All"")*SUM(M1128:V1128))",Backend UI Toggle
Rent Comp Profiles,H1129,"=1/((pvaPropertyTypeKey=""Senior Housing|All"")*SUM(M1129:V1129))",Backend UI Toggle
Rent Comp Profiles,H1130,"=1/((pvaPropertyTypeKey=""Senior Housing|All"")*SUM(M1130:V1130))",Backend UI Toggle
Rent Comp Profiles,H1131,"=1/((pvaPropertyTypeKey=""Senior Housing|All"")*SUM(M1131:V1131))",Backend UI Toggle
Rent Comp Profiles,H1132,"=1/((pvaPropertyTypeKey=""Senior Housing|All"")*SUM(M1132:V1132))",Backend UI Toggle
Rent Comp Profiles,H1137,"=1/((I1137=""Show"")+(I1137<>""Hide"")*(LEN(L1137)*(L1137<>""N/A"")*(L1137<>""NAV"")*(pvaPropertyTypeKey<>""Senior Housing|All"")))",Backend UI Toggle
Rent Comp Profiles,H1138,"=1/((I1138=""Show"")+(I1138<>""Hide"")*(LEN(L1138)*(L1138<>""N/A"")*(L1138<>""NAV"")*(pvaPropertyTypeKey<>""Senior Housing|All"")))",Backend UI Toggle
Rent Comp Profiles,H1139,"=1/((I1139=""Show"")+(I1139<>""Hide"")*(LEN(L1139)*(L1139<>""N/A"")*(L1139<>""NAV"")*(pvaPropertyTypeKey<>""Senior Housing|All"")))",Backend UI Toggle
Rent Comp Profiles,H1140,"=1/((I1140=""Show"")+(I1140<>""Hide"")*(LEN(L1140)*(L1140<>""N/A"")*(L1140<>""NAV"")*(pvaPropertyTypeKey<>""Senior Housing|All"")))",Backend UI Toggle
Rent Comp Profiles,H1141,"=1/((I1141=""Show"")+(I1141<>""Hide"")*(LEN(L1141)*(L1141<>""N/A"")*(L1141<>""NAV"")*(pvaPropertyTypeKey<>""Senior Housing|All"")))",Backend UI Toggle
Rent Comp Profiles,H1142,"=1/((I1142=""Show"")+(I1142<>""Hide"")*(LEN(L1142)*(L1142<>""N/A"")*(L1142<>""NAV"")*(pvaPropertyTypeKey<>""Senior Housing|All"")))",Backend UI Toggle
Rent Comp Profiles,H1143,"=1/((I1143=""Show"")+(I1143<>""Hide"")*(LEN(L1143)*(L1143<>""N/A"")*(L1143<>""NAV"")*(pvaPropertyTypeKey<>""Senior Housing|All"")))",Backend UI Toggle
Rent Comp Profiles,H1144,"=1/((I1144=""Show"")+(I1144<>""Hide"")*(LEN(L1144)*(L1144<>""N/A"")*(L1144<>""NAV"")*(pvaPropertyTypeKey<>""Senior Housing|All"")))",Backend UI Toggle
Rent Comp Profiles,H1145,"=1/((I1145=""Show"")+(I1145<>""Hide"")*(LEN(L1145)*(L1145<>""N/A"")*(L1145<>""NAV"")*(pvaPropertyTypeKey<>""Senior Housing|All"")))",Backend UI Toggle
Rent Comp Profiles,H1146,"=1/((I1146=""Show"")+(I1146<>""Hide"")*(LEN(L1146)*(L1146<>""N/A"")*(L1146<>""NAV"")*(pvaPropertyTypeKey<>""Senior Housing|All"")))",Backend UI Toggle
Rent Comp Profiles,H1147,"=1/((I1147=""Show"")+(I1147<>""Hide"")*(LEN(L1147)*(L1147<>""N/A"")*(L1147<>""NAV"")*(pvaPropertyTypeKey<>""Senior Housing|All"")))",Backend UI Toggle
Rent Comp Profiles,H1148,"=1/((I1148=""Show"")+(I1148<>""Hide"")*(LEN(L1148)*(L1148<>""N/A"")*(L1148<>""NAV"")*(pvaPropertyTypeKey<>""Senior Housing|All"")))",Backend UI Toggle
Rent Comp Profiles,H1149,"=1/((I1149=""Show"")+(I1149<>""Hide"")*(LEN(L1149)*(L1149<>""N/A"")*(L1149<>""NAV"")*(pvaPropertyTypeKey<>""Senior Housing|All"")))",Backend UI Toggle
Rent Comp Profiles,H1150,"=1/((I1150=""Show"")+(I1150<>""Hide"")*(LEN(L1150)*(L1150<>""N/A"")*(L1150<>""NAV"")*(pvaPropertyTypeKey<>""Senior Housing|All"")))",Backend UI Toggle
Rent Comp Profiles,H1151,"=1/((I1151=""Show"")+(I1151<>""Hide"")*(LEN(L1151)*(L1151<>""N/A"")*(L1151<>""NAV"")*(pvaPropertyTypeKey<>""Senior Housing|All"")))",Backend UI Toggle
Rent Comp Profiles,H1152,"=1/((I1152=""Show"")+(I1152<>""Hide"")*(LEN(L1152)*(L1152<>""N/A"")*(L1152<>""NAV"")*(pvaPropertyTypeKey<>""Senior Housing|All"")))",Backend UI Toggle
Rent Comp Profiles,H1153,"=1/((I1153=""Show"")+(I1153<>""Hide"")*(LEN(L1153)*(L1153<>""N/A"")*(L1153<>""NAV"")*(pvaPropertyTypeKey<>""Senior Housing|All"")))",Backend UI Toggle
Rent Comp Profiles,H1154,"=1/((I1154=""Show"")+(I1154<>""Hide"")*(LEN(L1154)*(L1154<>""N/A"")*(L1154<>""NAV"")*(pvaPropertyTypeKey<>""Senior Housing|All"")))",Backend UI Toggle
Rent Comp Profiles,H1155,"=1/((I1155=""Show"")+(I1155<>""Hide"")*(LEN(L1155)*(L1155<>""N/A"")*(L1155<>""NAV"")*(pvaPropertyTypeKey<>""Senior Housing|All"")))",Backend UI Toggle
Rent Comp Profiles,H1156,"=1/((I1156=""Show"")+(I1156<>""Hide"")*(LEN(L1156)*(L1156<>""N/A"")*(L1156<>""NAV"")*(pvaPropertyTypeKey<>""Senior Housing|All"")))",Backend UI Toggle
Rent Comp Profiles,H1161,"=1/(Y1161*(pvaPropertyTypeKey=""Senior Housing|All""))",Backend UI Toggle
Rent Comp Profiles,H1162,"=1/(Y1162*(pvaPropertyTypeKey=""Senior Housing|All""))",Backend UI Toggle
Rent Comp Profiles,H1163,"=1/(Y1163*(pvaPropertyTypeKey=""Senior Housing|All""))",Backend UI Toggle
Rent Comp Profiles,H1164,"=1/(Y1164*(pvaPropertyTypeKey=""Senior Housing|All""))",Backend UI Toggle
Rent Comp Profiles,H1165,"=1/(Y1165*(pvaPropertyTypeKey=""Senior Housing|All""))",Backend UI Toggle
Rent Comp Profiles,H1166,"=1/(Y1166*(pvaPropertyTypeKey=""Senior Housing|All""))",Backend UI Toggle
Rent Comp Profiles,H1167,"=1/(Y1167*(pvaPropertyTypeKey=""Senior Housing|All""))",Backend UI Toggle
Rent Comp Profiles,H1168,"=1/(Y1168*(pvaPropertyTypeKey=""Senior Housing|All""))",Backend UI Toggle
Rent Comp Profiles,H1169,"=1/(Y1169*(pvaPropertyTypeKey=""Senior Housing|All""))",Backend UI Toggle
Rent Comp Profiles,H1170,"=1/(Y1170*(pvaPropertyTypeKey=""Senior Housing|All""))",Backend UI Toggle
Rent Comp Profiles,H1171,"=1/(Y1171*(pvaPropertyTypeKey=""Senior Housing|All""))",Backend UI Toggle
Rent Comp Profiles,H1172,"=1/(Y1172*(pvaPropertyTypeKey=""Senior Housing|All""))",Backend UI Toggle
Rent Comp Profiles,H1173,"=1/(Y1173*(pvaPropertyTypeKey=""Senior Housing|All""))",Backend UI Toggle
Rent Comp Profiles,H1174,"=1/(Y1174*(pvaPropertyTypeKey=""Senior Housing|All""))",Backend UI Toggle
Rent Comp Profiles,H1175,"=1/(Y1175*(pvaPropertyTypeKey=""Senior Housing|All""))",Backend UI Toggle
Rent Comp Profiles,H1176,"=1/(Y1176*(pvaPropertyTypeKey=""Senior Housing|All""))",Backend UI Toggle
Rent Comp Profiles,H1177,"=1/(Y1177*(pvaPropertyTypeKey=""Senior Housing|All""))",Backend UI Toggle
Rent Comp Profiles,H1178,"=1/(Y1178*(pvaPropertyTypeKey=""Senior Housing|All""))",Backend UI Toggle
Rent Comp Profiles,H1179,"=1/(Y1179*(pvaPropertyTypeKey=""Senior Housing|All""))",Backend UI Toggle
Rent Comp Profiles,H1180,"=1/(Y1180*(pvaPropertyTypeKey=""Senior Housing|All""))",Backend UI Toggle
Rent Comp Profiles,H1181,"=1/(Y1181*(pvaPropertyTypeKey=""Senior Housing|All""))",Backend UI Toggle
Rent Comp Profiles,H1182,"=1/(Y1182*(pvaPropertyTypeKey=""Senior Housing|All""))",Backend UI Toggle
Rent Comp Profiles,H1183,"=1/(Y1183*(pvaPropertyTypeKey=""Senior Housing|All""))",Backend UI Toggle
Rent Comp Profiles,H1184,"=1/(Y1184*(pvaPropertyTypeKey=""Senior Housing|All""))",Backend UI Toggle
Rent Comp Profiles,H1185,"=1/(Y1185*(pvaPropertyTypeKey=""Senior Housing|All""))",Backend UI Toggle
Rent Comp Profiles,H1186,"=1/(Y1186*(pvaPropertyTypeKey=""Senior Housing|All""))",Backend UI Toggle
Rent Comp Profiles,H1187,"=1/(Y1187*(pvaPropertyTypeKey=""Senior Housing|All""))",Backend UI Toggle
Rent Comp Profiles,H1188,"=1/(Y1188*(pvaPropertyTypeKey=""Senior Housing|All""))",Backend UI Toggle
Rent Comp Profiles,H1189,"=1/(Y1189*(pvaPropertyTypeKey=""Senior Housing|All""))",Backend UI Toggle
Rent Comp Profiles,H1190,"=1/(Y1190*(pvaPropertyTypeKey=""Senior Housing|All""))",Backend UI Toggle
Rent Comp Profiles,H1191,"=1/(Y1191*(pvaPropertyTypeKey=""Senior Housing|All""))",Backend UI Toggle
Rent Comp Profiles,H1192,"=1/(Y1192*(pvaPropertyTypeKey=""Senior Housing|All""))",Backend UI Toggle
Rent Comp Profiles,H1193,"=1/(Y1193*(pvaPropertyTypeKey=""Senior Housing|All""))",Backend UI Toggle
Rent Comp Profiles,H1194,"=1/(Y1194*(pvaPropertyTypeKey=""Senior Housing|All""))",Backend UI Toggle
Rent Comp Profiles,H1195,"=1/(Y1195*(pvaPropertyTypeKey=""Senior Housing|All""))",Backend UI Toggle
Rent Comp Profiles,H1196,"=1/(Y1196*(pvaPropertyTypeKey=""Senior Housing|All""))",Backend UI Toggle
Rent Comp Profiles,H1197,"=1/(Y1197*(pvaPropertyTypeKey=""Senior Housing|All""))",Backend UI Toggle
Rent Comp Profiles,H1198,"=1/(Y1198*(pvaPropertyTypeKey=""Senior Housing|All""))",Backend UI Toggle
Rent Comp Profiles,H1199,"=1/(Y1199*(pvaPropertyTypeKey=""Senior Housing|All""))",Backend UI Toggle
Rent Comp Profiles,H1200,"=1/(Y1200*(pvaPropertyTypeKey=""Senior Housing|All""))",Backend UI Toggle
Rent Comp Profiles,H1212,"=1/((pvaPropertyTypeKey=""Lodging & Hospitality|All"")*(I1231=""Yes""))",Backend UI Toggle
Rent Comp Profiles,H1213,"=1/(H1212*(I1213<>""Hide""))",Backend UI Toggle
Rent Comp Profiles,H1214,"=1/(H1213*(I1214<>""Hide""))",Backend UI Toggle
Rent Comp Profiles,H1215,"=1/(H1214*(I1215<>""Hide""))",Backend UI Toggle
Rent Comp Profiles,H1216,"=1/(H1215*(I1216<>""Hide""))",Backend UI Toggle
Rent Comp Profiles,H1217,"=1/(H1216*(I1217<>""Hide""))",Backend UI Toggle
Rent Comp Profiles,H1218,"=1/(H1217*(I1218<>""Hide""))",Backend UI Toggle
Rent Comp Profiles,H1219,"=1/(H1218*(I1219<>""Hide""))",Backend UI Toggle
Rent Comp Profiles,H1220,"=1/(H1219*(I1220<>""Hide""))",Backend UI Toggle
Rent Comp Profiles,H1221,"=1/(H1220*(I1221<>""Hide""))",Backend UI Toggle
Rent Comp Profiles,H1222,"=1/(H1221*(I1222<>""Hide""))",Backend UI Toggle
Rent Comp Profiles,H1223,"=1/(H1222*(I1223<>""Hide""))",Backend UI Toggle
Rent Comp Profiles,H1224,"=1/(H1223*(I1224<>""Hide""))",Backend UI Toggle
Rent Comp Profiles,H1225,"=1/(H1224*(I1225<>""Hide""))",Backend UI Toggle
Rent Comp Profiles,H1226,"=1/(H1225*(I1226<>""Hide""))",Backend UI Toggle
Rent Comp Profiles,H1229,"=1/((I1229=""Show"")+(I1229<>""Hide"")*(LEN(L1229)*(L1229<>""N/A"")*(L1229<>""NAV"")))",Backend UI Toggle
Rent Comp Profiles,H1240,"=1/((I1240=""Show"")+(I1240<>""Hide"")*LEN(N1240)*(N1240<>""N/A"")*(N1240<>""NAV""))",Backend UI Toggle
Rent Comp Profiles,H1241,"=1/(I1241<>""Hide"")",Backend UI Toggle
Rent Comp Profiles,H1242,"=1/((I1242=""Show"")+(I1242<>""Hide"")*LEN(N1242)*(N1242<>""N/A"")*(N1242<>""NAV""))",Backend UI Toggle
Rent Comp Profiles,H1243,"=1/((I1243=""Show"")+(I1243<>""Hide"")*LEN(N1243)*(N1243<>""N/A"")*(N1243<>""NAV""))",Backend UI Toggle
Rent Comp Profiles,H1244,"=1/((I1244=""Show"")+(I1244<>""Hide"")*LEN(N1244)*(N1244<>""N/A"")*(N1244<>""NAV""))",Backend UI Toggle
Rent Comp Profiles,H1245,"=1/((I1245=""Show"")+(I1245<>""Hide"")*LEN(N1245)*(N1245<>""N/A"")*(N1245<>""NAV""))",Backend UI Toggle
Rent Comp Profiles,H1246,"=1/((I1246=""Show"")+(I1246<>""Hide"")*LEN(N1246)*(N1246<>""N/A"")*(N1246<>""NAV""))",Backend UI Toggle
Rent Comp Profiles,H1247,"=1/((I1247=""Show"")+(I1247<>""Hide"")*LEN(N1247)*(N1247<>""N/A"")*(N1247<>""NAV""))",Backend UI Toggle
Rent Comp Profiles,H1248,"=1/((I1248=""Show"")+(I1248<>""Hide"")*LEN(N1248)*(N1248<>""N/A"")*(N1248<>""NAV""))",Backend UI Toggle
Rent Comp Profiles,H1249,"=1/((I1249=""Show"")+(I1249<>""Hide"")*LEN(N1249)*(N1249<>""N/A"")*(N1249<>""NAV""))",Backend UI Toggle
Rent Comp Profiles,H1250,"=1/((I1250=""Show"")+(I1250<>""Hide"")*LEN(N1250)*(N1250<>""N/A"")*(N1250<>""NAV""))",Backend UI Toggle
Rent Comp Profiles,H1251,"=1/((I1251=""Show"")+(I1251<>""Hide"")*LEN(N1251)*(N1251<>""N/A"")*(N1251<>""NAV""))",Backend UI Toggle
Rent Comp Profiles,H1252,"=1/((I1252=""Show"")+(I1252<>""Hide"")*LEN(N1252)*(N1252<>""N/A"")*(N1252<>""NAV""))",Backend UI Toggle
Rent Comp Profiles,H1253,"=1/((I1253=""Show"")+(I1253<>""Hide"")*LEN(N1253)*(N1253<>""N/A"")*(N1253<>""NAV""))",Backend UI Toggle
Rent Comp Profiles,H1254,"=1/((I1254=""Show"")+(I1254<>""Hide"")*LEN(N1254)*(N1254<>""N/A"")*(N1254<>""NAV""))",Backend UI Toggle
Rent Comp Profiles,H1255,"=1/((I1255=""Show"")+(I1255<>""Hide"")*LEN(N1255)*(N1255<>""N/A"")*(N1255<>""NAV""))",Backend UI Toggle
Rent Comp Profiles,H1256,"=1/((I1256=""Show"")+(I1256<>""Hide"")*LEN(N1256)*(N1256<>""N/A"")*(N1256<>""NAV""))",Backend UI Toggle
Rent Comp Profiles,H1259,"=1/((I1259=""Show"")+(I1259<>""Hide"")*(LEN(N1259)*(N1259<>""N/A"")*(N1259<>""NAV"")+LEN(T1259)*(T1259<>""N/A"")*(T1259<>""NAV"")))",Backend UI Toggle
Rent Comp Profiles,H1260,"=1/((I1260=""Show"")+(I1260<>""Hide"")*(LEN(N1260)*(N1260<>""N/A"")*(N1260<>""NAV"")+LEN(T1260)*(T1260<>""N/A"")*(T1260<>""NAV"")))",Backend UI Toggle
Rent Comp Profiles,H1261,"=1/((I1261=""Show"")+(I1261<>""Hide"")*(LEN(N1261)*(N1261<>""N/A"")*(N1261<>""NAV"")+LEN(T1261)*(T1261<>""N/A"")*(T1261<>""NAV"")))",Backend UI Toggle
Rent Comp Profiles,H1262,"=1/((I1262=""Show"")+(I1262<>""Hide"")*(LEN(N1262)*(N1262<>""N/A"")*(N1262<>""NAV"")+LEN(T1262)*(T1262<>""N/A"")*(T1262<>""NAV"")))",Backend UI Toggle
Rent Comp Profiles,H1263,"=1/((I1263=""Show"")+(I1263<>""Hide"")*(LEN(N1263)*(N1263<>""N/A"")*(N1263<>""NAV"")+LEN(T1263)*(T1263<>""N/A"")*(T1263<>""NAV"")))",Backend UI Toggle
Rent Comp Profiles,H1264,"=1/((I1264=""Show"")+(I1264<>""Hide"")*(LEN(N1264)*(N1264<>""N/A"")*(N1264<>""NAV"")+LEN(T1264)*(T1264<>""N/A"")*(T1264<>""NAV"")))",Backend UI Toggle
Rent Comp Profiles,H1265,"=1/((I1265=""Show"")+(I1265<>""Hide"")*(LEN(N1265)*(N1265<>""N/A"")*(N1265<>""NAV"")+LEN(T1265)*(T1265<>""N/A"")*(T1265<>""NAV"")))",Backend UI Toggle
Rent Comp Profiles,H1266,"=1/((I1266=""Show"")+(I1266<>""Hide"")*(LEN(N1266)*(N1266<>""N/A"")*(N1266<>""NAV"")+LEN(T1266)*(T1266<>""N/A"")*(T1266<>""NAV"")))",Backend UI Toggle
Rent Comp Profiles,H1267,"=1/((I1267=""Show"")+(I1267<>""Hide"")*(LEN(N1267)*(N1267<>""N/A"")*(N1267<>""NAV"")+LEN(T1267)*(T1267<>""N/A"")*(T1267<>""NAV"")))",Backend UI Toggle
Rent Comp Profiles,H1268,"=1/((I1268=""Show"")+(I1268<>""Hide"")*(LEN(N1268)*(N1268<>""N/A"")*(N1268<>""NAV"")+LEN(T1268)*(T1268<>""N/A"")*(T1268<>""NAV"")))",Backend UI Toggle
Rent Comp Profiles,H1269,"=1/((I1269=""Show"")+(I1269<>""Hide"")*(LEN(N1269)*(N1269<>""N/A"")*(N1269<>""NAV"")+LEN(T1269)*(T1269<>""N/A"")*(T1269<>""NAV"")))",Backend UI Toggle
Rent Comp Profiles,H1270,"=1/((I1270=""Show"")+(I1270<>""Hide"")*(LEN(N1270)*(N1270<>""N/A"")*(N1270<>""NAV"")+LEN(T1270)*(T1270<>""N/A"")*(T1270<>""NAV"")))",Backend UI Toggle
Rent Comp Profiles,H1271,"=1/((I1271=""Show"")+(I1271<>""Hide"")*(LEN(N1271)*(N1271<>""N/A"")*(N1271<>""NAV"")+LEN(T1271)*(T1271<>""N/A"")*(T1271<>""NAV"")))",Backend UI Toggle
Rent Comp Profiles,H1274,"=1/((I1274=""Show"")+(I1274<>""Hide"")*(LEN(L1274)*(L1274<>""N/A"")*(L1274<>""NAV"")*(pvaPropertyTypeKey<>""Senior Housing|All"")))",Backend UI Toggle
Rent Comp Profiles,H1277,"=1/((I1277=""Show"")+(I1277<>""Hide"")*(LEN(L1277)*(L1277<>""N/A"")*(L1277<>""NAV"")*(pvaPropertyTypeKey<>""Senior Housing|All"")))",Backend UI Toggle
Rent Comp Profiles,H1280,"=1/((I1280=""Show"")+(I1280<>""Hide"")*(LEN(L1280)*(L1280<>""N/A"")*(L1280<>""NAV"")*(pvaPropertyTypeKey<>""Senior Housing|All"")))",Backend UI Toggle
Rent Comp Profiles,H1283,"=1/((I1283=""Show"")+(I1283<>""Hide"")*(pvaPropertyTypeKey=""Self-Storage|All"")*(LEN(N1283)*(N1283<>""N/A"")*(N1283<>""NAV"")+LEN(T1283)*(T1283<>""N/A"")*(T1283<>""NAV"")))",Backend UI Toggle
Rent Comp Profiles,H1284,"=1/((I1284=""Show"")+(I1284<>""Hide"")*(pvaPropertyTypeKey=""Self-Storage|All"")*(LEN(N1284)*(N1284<>""N/A"")*(N1284<>""NAV"")+LEN(T1284)*(T1284<>""N/A"")*(T1284<>""NAV"")))",Backend UI Toggle
Rent Comp Profiles,H1285,"=1/((I1285=""Show"")+(I1285<>""Hide"")*(pvaPropertyTypeKey=""Self-Storage|All"")*(LEN(N1285)*(N1285<>""N/A"")*(N1285<>""NAV"")+LEN(T1285)*(T1285<>""N/A"")*(T1285<>""NAV"")))",Backend UI Toggle
Rent Comp Profiles,H1289,"=1/((pvaPropertyTypeKey=""Self-Storage|All"")*(SUM(N1289:V1289)>0))",Backend UI Toggle
Rent Comp Profiles,H1290,"=1/((pvaPropertyTypeKey=""Self-Storage|All"")*(SUM(N1290:V1290)>0))",Backend UI Toggle
Rent Comp Profiles,H1292,"=1/((pvaPropertyTypeKey=""Self-Storage|All"")*(SUM(N1292:V1292)>0))",Backend UI Toggle
Rent Comp Profiles,H1293,"=1/((pvaPropertyTypeKey=""Self-Storage|All"")*(SUM(N1293:V1293)>0))",Backend UI Toggle
Rent Comp Profiles,H1295,"=1/((pvaPropertyTypeKey=""Self-Storage|All"")*(SUM(N1295:V1295)>0))",Backend UI Toggle
Rent Comp Profiles,H1296,"=1/((pvaPropertyTypeKey=""Self-Storage|All"")*(SUM(N1296:V1296)>0))",Backend UI Toggle
Rent Comp Profiles,H1298,"=1/((pvaPropertyTypeKey=""Self-Storage|All"")*(SUM(N1298:V1298)>0))",Backend UI Toggle
Rent Comp Profiles,H1299,"=1/((pvaPropertyTypeKey=""Self-Storage|All"")*(SUM(N1299:V1299)>0))",Backend UI Toggle
Rent Comp Profiles,H1301,"=1/((pvaPropertyTypeKey=""Self-Storage|All"")*(SUM(N1301:V1301)>0))",Backend UI Toggle
Rent Comp Profiles,H1302,"=1/((pvaPropertyTypeKey=""Self-Storage|All"")*(SUM(N1302:V1302)>0))",Backend UI Toggle
Rent Comp Profiles,H1306,"=1/((pvaPropertyTypeKey=""Senior Housing|All"")*SUM(M1306:V1306))",Backend UI Toggle
Rent Comp Profiles,H1307,"=1/((pvaPropertyTypeKey=""Senior Housing|All"")*SUM(M1307:V1307))",Backend UI Toggle
Rent Comp Profiles,H1308,"=1/((pvaPropertyTypeKey=""Senior Housing|All"")*SUM(M1308:V1308))",Backend UI Toggle
Rent Comp Profiles,H1309,"=1/((pvaPropertyTypeKey=""Senior Housing|All"")*SUM(M1309:V1309))",Backend UI Toggle
Rent Comp Profiles,H1310,"=1/((pvaPropertyTypeKey=""Senior Housing|All"")*SUM(M1310:V1310))",Backend UI Toggle
Rent Comp Profiles,H1315,"=1/((I1315=""Show"")+(I1315<>""Hide"")*(LEN(L1315)*(L1315<>""N/A"")*(L1315<>""NAV"")*(pvaPropertyTypeKey<>""Senior Housing|All"")))",Backend UI Toggle
Rent Comp Profiles,H1316,"=1/((I1316=""Show"")+(I1316<>""Hide"")*(LEN(L1316)*(L1316<>""N/A"")*(L1316<>""NAV"")*(pvaPropertyTypeKey<>""Senior Housing|All"")))",Backend UI Toggle
Rent Comp Profiles,H1317,"=1/((I1317=""Show"")+(I1317<>""Hide"")*(LEN(L1317)*(L1317<>""N/A"")*(L1317<>""NAV"")*(pvaPropertyTypeKey<>""Senior Housing|All"")))",Backend UI Toggle
Rent Comp Profiles,H1318,"=1/((I1318=""Show"")+(I1318<>""Hide"")*(LEN(L1318)*(L1318<>""N/A"")*(L1318<>""NAV"")*(pvaPropertyTypeKey<>""Senior Housing|All"")))",Backend UI Toggle
Rent Comp Profiles,H1319,"=1/((I1319=""Show"")+(I1319<>""Hide"")*(LEN(L1319)*(L1319<>""N/A"")*(L1319<>""NAV"")*(pvaPropertyTypeKey<>""Senior Housing|All"")))",Backend UI Toggle
Rent Comp Profiles,H1320,"=1/((I1320=""Show"")+(I1320<>""Hide"")*(LEN(L1320)*(L1320<>""N/A"")*(L1320<>""NAV"")*(pvaPropertyTypeKey<>""Senior Housing|All"")))",Backend UI Toggle
Rent Comp Profiles,H1321,"=1/((I1321=""Show"")+(I1321<>""Hide"")*(LEN(L1321)*(L1321<>""N/A"")*(L1321<>""NAV"")*(pvaPropertyTypeKey<>""Senior Housing|All"")))",Backend UI Toggle
Rent Comp Profiles,H1322,"=1/((I1322=""Show"")+(I1322<>""Hide"")*(LEN(L1322)*(L1322<>""N/A"")*(L1322<>""NAV"")*(pvaPropertyTypeKey<>""Senior Housing|All"")))",Backend UI Toggle
Rent Comp Profiles,H1323,"=1/((I1323=""Show"")+(I1323<>""Hide"")*(LEN(L1323)*(L1323<>""N/A"")*(L1323<>""NAV"")*(pvaPropertyTypeKey<>""Senior Housing|All"")))",Backend UI Toggle
Rent Comp Profiles,H1324,"=1/((I1324=""Show"")+(I1324<>""Hide"")*(LEN(L1324)*(L1324<>""N/A"")*(L1324<>""NAV"")*(pvaPropertyTypeKey<>""Senior Housing|All"")))",Backend UI Toggle
Rent Comp Profiles,H1325,"=1/((I1325=""Show"")+(I1325<>""Hide"")*(LEN(L1325)*(L1325<>""N/A"")*(L1325<>""NAV"")*(pvaPropertyTypeKey<>""Senior Housing|All"")))",Backend UI Toggle
Rent Comp Profiles,H1326,"=1/((I1326=""Show"")+(I1326<>""Hide"")*(LEN(L1326)*(L1326<>""N/A"")*(L1326<>""NAV"")*(pvaPropertyTypeKey<>""Senior Housing|All"")))",Backend UI Toggle
Rent Comp Profiles,H1327,"=1/((I1327=""Show"")+(I1327<>""Hide"")*(LEN(L1327)*(L1327<>""N/A"")*(L1327<>""NAV"")*(pvaPropertyTypeKey<>""Senior Housing|All"")))",Backend UI Toggle
Rent Comp Profiles,H1328,"=1/((I1328=""Show"")+(I1328<>""Hide"")*(LEN(L1328)*(L1328<>""N/A"")*(L1328<>""NAV"")*(pvaPropertyTypeKey<>""Senior Housing|All"")))",Backend UI Toggle
Rent Comp Profiles,H1329,"=1/((I1329=""Show"")+(I1329<>""Hide"")*(LEN(L1329)*(L1329<>""N/A"")*(L1329<>""NAV"")*(pvaPropertyTypeKey<>""Senior Housing|All"")))",Backend UI Toggle
Rent Comp Profiles,H1330,"=1/((I1330=""Show"")+(I1330<>""Hide"")*(LEN(L1330)*(L1330<>""N/A"")*(L1330<>""NAV"")*(pvaPropertyTypeKey<>""Senior Housing|All"")))",Backend UI Toggle
Rent Comp Profiles,H1331,"=1/((I1331=""Show"")+(I1331<>""Hide"")*(LEN(L1331)*(L1331<>""N/A"")*(L1331<>""NAV"")*(pvaPropertyTypeKey<>""Senior Housing|All"")))",Backend UI Toggle
Rent Comp Profiles,H1332,"=1/((I1332=""Show"")+(I1332<>""Hide"")*(LEN(L1332)*(L1332<>""N/A"")*(L1332<>""NAV"")*(pvaPropertyTypeKey<>""Senior Housing|All"")))",Backend UI Toggle
Rent Comp Profiles,H1333,"=1/((I1333=""Show"")+(I1333<>""Hide"")*(LEN(L1333)*(L1333<>""N/A"")*(L1333<>""NAV"")*(pvaPropertyTypeKey<>""Senior Housing|All"")))",Backend UI Toggle
Rent Comp Profiles,H1334,"=1/((I1334=""Show"")+(I1334<>""Hide"")*(LEN(L1334)*(L1334<>""N/A"")*(L1334<>""NAV"")*(pvaPropertyTypeKey<>""Senior Housing|All"")))",Backend UI Toggle
Rent Comp Profiles,H1339,"=1/(Y1339*(pvaPropertyTypeKey=""Senior Housing|All""))",Backend UI Toggle
Rent Comp Profiles,H1340,"=1/(Y1340*(pvaPropertyTypeKey=""Senior Housing|All""))",Backend UI Toggle
Rent Comp Profiles,H1341,"=1/(Y1341*(pvaPropertyTypeKey=""Senior Housing|All""))",Backend UI Toggle
Rent Comp Profiles,H1342,"=1/(Y1342*(pvaPropertyTypeKey=""Senior Housing|All""))",Backend UI Toggle
Rent Comp Profiles,H1343,"=1/(Y1343*(pvaPropertyTypeKey=""Senior Housing|All""))",Backend UI Toggle
Rent Comp Profiles,H1344,"=1/(Y1344*(pvaPropertyTypeKey=""Senior Housing|All""))",Backend UI Toggle
Rent Comp Profiles,H1345,"=1/(Y1345*(pvaPropertyTypeKey=""Senior Housing|All""))",Backend UI Toggle
Rent Comp Profiles,H1346,"=1/(Y1346*(pvaPropertyTypeKey=""Senior Housing|All""))",Backend UI Toggle
Rent Comp Profiles,H1347,"=1/(Y1347*(pvaPropertyTypeKey=""Senior Housing|All""))",Backend UI Toggle
Rent Comp Profiles,H1348,"=1/(Y1348*(pvaPropertyTypeKey=""Senior Housing|All""))",Backend UI Toggle
Rent Comp Profiles,H1349,"=1/(Y1349*(pvaPropertyTypeKey=""Senior Housing|All""))",Backend UI Toggle
Rent Comp Profiles,H1350,"=1/(Y1350*(pvaPropertyTypeKey=""Senior Housing|All""))",Backend UI Toggle
Rent Comp Profiles,H1351,"=1/(Y1351*(pvaPropertyTypeKey=""Senior Housing|All""))",Backend UI Toggle
Rent Comp Profiles,H1352,"=1/(Y1352*(pvaPropertyTypeKey=""Senior Housing|All""))",Backend UI Toggle
Rent Comp Profiles,H1353,"=1/(Y1353*(pvaPropertyTypeKey=""Senior Housing|All""))",Backend UI Toggle
Rent Comp Profiles,H1354,"=1/(Y1354*(pvaPropertyTypeKey=""Senior Housing|All""))",Backend UI Toggle
Rent Comp Profiles,H1355,"=1/(Y1355*(pvaPropertyTypeKey=""Senior Housing|All""))",Backend UI Toggle
Rent Comp Profiles,H1356,"=1/(Y1356*(pvaPropertyTypeKey=""Senior Housing|All""))",Backend UI Toggle
Rent Comp Profiles,H1357,"=1/(Y1357*(pvaPropertyTypeKey=""Senior Housing|All""))",Backend UI Toggle
Rent Comp Profiles,H1358,"=1/(Y1358*(pvaPropertyTypeKey=""Senior Housing|All""))",Backend UI Toggle
Rent Comp Profiles,H1359,"=1/(Y1359*(pvaPropertyTypeKey=""Senior Housing|All""))",Backend UI Toggle
Rent Comp Profiles,H1360,"=1/(Y1360*(pvaPropertyTypeKey=""Senior Housing|All""))",Backend UI Toggle
Rent Comp Profiles,H1361,"=1/(Y1361*(pvaPropertyTypeKey=""Senior Housing|All""))",Backend UI Toggle
Rent Comp Profiles,H1362,"=1/(Y1362*(pvaPropertyTypeKey=""Senior Housing|All""))",Backend UI Toggle
Rent Comp Profiles,H1363,"=1/(Y1363*(pvaPropertyTypeKey=""Senior Housing|All""))",Backend UI Toggle
Rent Comp Profiles,H1364,"=1/(Y1364*(pvaPropertyTypeKey=""Senior Housing|All""))",Backend UI Toggle
Rent Comp Profiles,H1365,"=1/(Y1365*(pvaPropertyTypeKey=""Senior Housing|All""))",Backend UI Toggle
Rent Comp Profiles,H1366,"=1/(Y1366*(pvaPropertyTypeKey=""Senior Housing|All""))",Backend UI Toggle
Rent Comp Profiles,H1367,"=1/(Y1367*(pvaPropertyTypeKey=""Senior Housing|All""))",Backend UI Toggle
Rent Comp Profiles,H1368,"=1/(Y1368*(pvaPropertyTypeKey=""Senior Housing|All""))",Backend UI Toggle
Rent Comp Profiles,H1369,"=1/(Y1369*(pvaPropertyTypeKey=""Senior Housing|All""))",Backend UI Toggle
Rent Comp Profiles,H1370,"=1/(Y1370*(pvaPropertyTypeKey=""Senior Housing|All""))",Backend UI Toggle
Rent Comp Profiles,H1371,"=1/(Y1371*(pvaPropertyTypeKey=""Senior Housing|All""))",Backend UI Toggle
Rent Comp Profiles,H1372,"=1/(Y1372*(pvaPropertyTypeKey=""Senior Housing|All""))",Backend UI Toggle
Rent Comp Profiles,H1373,"=1/(Y1373*(pvaPropertyTypeKey=""Senior Housing|All""))",Backend UI Toggle
Rent Comp Profiles,H1374,"=1/(Y1374*(pvaPropertyTypeKey=""Senior Housing|All""))",Backend UI Toggle
Rent Comp Profiles,H1375,"=1/(Y1375*(pvaPropertyTypeKey=""Senior Housing|All""))",Backend UI Toggle
Rent Comp Profiles,H1376,"=1/(Y1376*(pvaPropertyTypeKey=""Senior Housing|All""))",Backend UI Toggle
Rent Comp Profiles,H1377,"=1/(Y1377*(pvaPropertyTypeKey=""Senior Housing|All""))",Backend UI Toggle
Rent Comp Profiles,H1378,"=1/(Y1378*(pvaPropertyTypeKey=""Senior Housing|All""))",Backend UI Toggle
Rent Comp Profiles,H1390,"=1/((pvaPropertyTypeKey=""Lodging & Hospitality|All"")*(I1409=""Yes""))",Backend UI Toggle
Rent Comp Profiles,H1391,"=1/(H1390*(I1391<>""Hide""))",Backend UI Toggle
Rent Comp Profiles,H1392,"=1/(H1391*(I1392<>""Hide""))",Backend UI Toggle
Rent Comp Profiles,H1393,"=1/(H1392*(I1393<>""Hide""))",Backend UI Toggle
Rent Comp Profiles,H1394,"=1/(H1393*(I1394<>""Hide""))",Backend UI Toggle
Rent Comp Profiles,H1395,"=1/(H1394*(I1395<>""Hide""))",Backend UI Toggle
Rent Comp Profiles,H1396,"=1/(H1395*(I1396<>""Hide""))",Backend UI Toggle
Rent Comp Profiles,H1397,"=1/(H1396*(I1397<>""Hide""))",Backend UI Toggle
Rent Comp Profiles,H1398,"=1/(H1397*(I1398<>""Hide""))",Backend UI Toggle
Rent Comp Profiles,H1399,"=1/(H1398*(I1399<>""Hide""))",Backend UI Toggle
Rent Comp Profiles,H1400,"=1/(H1399*(I1400<>""Hide""))",Backend UI Toggle
Rent Comp Profiles,H1401,"=1/(H1400*(I1401<>""Hide""))",Backend UI Toggle
Rent Comp Profiles,H1402,"=1/(H1401*(I1402<>""Hide""))",Backend UI Toggle
Rent Comp Profiles,H1403,"=1/(H1402*(I1403<>""Hide""))",Backend UI Toggle
Rent Comp Profiles,H1404,"=1/(H1403*(I1404<>""Hide""))",Backend UI Toggle
Rent Comp Profiles,H1407,"=1/((I1407=""Show"")+(I1407<>""Hide"")*(LEN(L1407)*(L1407<>""N/A"")*(L1407<>""NAV"")))",Backend UI Toggle
Capitalization and Multipliers,J150,"=1/((J151=""Show"")+(J151<>""Hide""))",Backend UI Toggle
Capitalization and Multipliers,K150,"=1/((K151=""Show"")+(K151<>""Hide""))",Backend UI Toggle
Capitalization and Multipliers,L150,"=1/((L151=""Show"")+(L151<>""Hide"")*(pvaPropertyTypeKey<>""Lodging & Hospitality|All""))",Backend UI Toggle
Capitalization and Multipliers,M150,"=1/((M151=""Show"")+(M151<>""Hide""))",Backend UI Toggle
Capitalization and Multipliers,N150,"=1/((N151=""Show"")+(N151<>""Hide""))",Backend UI Toggle
Capitalization and Multipliers,O150,"=1/((O151=""Show"")+(O151<>""Hide"")*(pvaPropertyTypeKey=""Senior Housing|All""))",Backend UI Toggle
Capitalization and Multipliers,B181,"=1/((C181=""Show"")+(C181<>""Hide"")*SUM(I181:K181))",Backend UI Toggle
Capitalization and Multipliers,B183,"=1/((C183=""Show"")+(C183<>""Hide"")*SUM(I183:K183))",Backend UI Toggle
Capitalization and Multipliers,B185,"=1/((C185=""Show"")+(C185<>""Hide"")*SUM(I185:K185))",Backend UI Toggle
Capitalization and Multipliers,B188,"=1/((C188=""Show"")+(C188<>""Hide""))",Backend UI Toggle
Capitalization and Multipliers,B197,"=1/(F197<>"""")",Backend UI Toggle
Capitalization and Multipliers,B198,"=1/(F198<>"""")",Backend UI Toggle
Capitalization and Multipliers,B199,"=1/(F199<>"""")",Backend UI Toggle
Capitalization and Multipliers,AG398,"=1/((AG399=""Show"")+(AG399<>""Hide"")*(COUNTIF(AG405:AG416,"""")<>COUNTA(AG405:AG416)))",Backend UI Toggle
Capitalization and Multipliers,AH398,"=1/((AH399=""Show"")+(AH399<>""Hide"")*(COUNTIF(AH405:AH416,"""")<>COUNTA(AH405:AH416)))",Backend UI Toggle
Capitalization and Multipliers,AI398,"=1/((AI399=""Show"")+(AI399<>""Hide"")*(COUNTIF(AI405:AI416,"""")<>COUNTA(AI405:AI416)))",Backend UI Toggle
Capitalization and Multipliers,AJ398,"=1/((AJ399=""Show"")+(AJ399<>""Hide"")*(COUNTIF(AJ405:AJ416,"""")<>COUNTA(AJ405:AJ416)))",Backend UI Toggle
Capitalization and Multipliers,AK398,"=1/((AK399=""Show"")+(AK399<>""Hide"")*(COUNTIF(AK405:AK416,"""")<>COUNTA(AK405:AK416)))",Backend UI Toggle
Capitalization and Multipliers,AM398,"=1/((AM399=""Show"")+(AM399<>""Hide"")*(COUNTIF(AM405:AM416,"""")<>COUNTA(AM405:AM416)))",Backend UI Toggle
Capitalization and Multipliers,AN398,"=1/((AN399=""Show"")+(AN399<>""Hide"")*(COUNTIF(AN405:AN416,"""")<>COUNTA(AN405:AN416)))",Backend UI Toggle
Capitalization and Multipliers,AO398,"=1/((AO399=""Show"")+(AO399<>""Hide"")*(COUNTIF(AO405:AO416,"""")<>COUNTA(AO405:AO416)))",Backend UI Toggle
Capitalization and Multipliers,AQ398,"=1/((AQ399=""Show"")+(AQ399<>""Hide"")*(COUNTIF(AQ405:AQ416,"""")<>COUNTA(AQ405:AQ416)))",Backend UI Toggle
Capitalization and Multipliers,AR398,"=1/((AR399=""Show"")+(AR399<>""Hide"")*(COUNTIF(AR405:AR416,"""")<>COUNTA(AR405:AR416)))",Backend UI Toggle
Capitalization and Multipliers,AS398,"=1/((AS399=""Show"")+(AS399<>""Hide"")*(COUNTIF(AS405:AS416,"""")<>COUNTA(AS405:AS416)))",Backend UI Toggle
Capitalization and Multipliers,AA402,"=1/($AE$379=""Office|All"")",Backend UI Toggle
Capitalization and Multipliers,AA405,"=1/(COUNTIF(AG405:AS405,"""")<>COUNTA(AG405:AS405))",Backend UI Toggle
Capitalization and Multipliers,AA408,"=1/(COUNTIF(AG408:AS408,"""")<>COUNTA(AG408:AS408))",Backend UI Toggle
Capitalization and Multipliers,AA409,"=1/(COUNTIF(AG409:AS409,"""")<>COUNTA(AG409:AS409))",Backend UI Toggle
Capitalization and Multipliers,AA412,"=1/(COUNTIF(AG412:AS412,"""")<>COUNTA(AG412:AS412))",Backend UI Toggle
Capitalization and Multipliers,AA413,"=1/(COUNTIF(AG413:AS413,"""")<>COUNTA(AG413:AS413))",Backend UI Toggle
Capitalization and Multipliers,AA416,"=1/(COUNTIF(AG416:AS416,"""")<>COUNTA(AG416:AS416))",Backend UI Toggle
Capitalization and Multipliers,BF445,"=1/((BF446=""Show"")+(BF446<>""Hide"")*(pvaPropertyTypeKey=""Self-Storage|All"")*(COUNTIF(BF451:BF462,"""")<>COUNTA(BF451:BF462)))",Backend UI Toggle
Capitalization and Multipliers,BG445,"=1/((BG446=""Show"")+(BG446<>""Hide"")*(COUNTIF(BG451:BG462,"""")<>COUNTA(BG451:BG462)))",Backend UI Toggle
Capitalization and Multipliers,BH445,"=1/((BH446=""Show"")+(BH446<>""Hide"")*(COUNTIF(BH451:BH462,"""")<>COUNTA(BH451:BH462)))",Backend UI Toggle
Capitalization and Multipliers,BL445,"=1/((BL446=""Show"")+(BL446<>""Hide"")*(pvaPropertyTypeKey=""Self-Storage|All"")*(COUNTIF(BL451:BL462,"""")<>COUNTA(BL451:BL462)))",Backend UI Toggle
Capitalization and Multipliers,BM445,"=1/((BM446=""Show"")+(BM446<>""Hide"")*(COUNTIF(BM451:BM462,"""")<>COUNTA(BM451:BM462)))",Backend UI Toggle
Capitalization and Multipliers,BN445,"=1/((BN446=""Show"")+(BN446<>""Hide"")*(COUNTIF(BN451:BN462,"""")<>COUNTA(BN451:BN462)))",Backend UI Toggle
Capitalization and Multipliers,AY451,"=1/(COUNTIF(BF451:BO451,"""")<>COUNTA(BF451:BO451))",Backend UI Toggle
Capitalization and Multipliers,AY454,"=1/(COUNTIF(BF454:BO454,"""")<>COUNTA(BF454:BO454))",Backend UI Toggle
Capitalization and Multipliers,AY455,"=1/(COUNTIF(BF455:BO455,"""")<>COUNTA(BF455:BO455))",Backend UI Toggle
Capitalization and Multipliers,AY458,"=1/(COUNTIF(BF458:BO458,"""")<>COUNTA(BF458:BO458))",Backend UI Toggle
Capitalization and Multipliers,AY459,"=1/(COUNTIF(BF459:BO459,"""")<>COUNTA(BF459:BO459))",Backend UI Toggle
Capitalization and Multipliers,AY462,"=1/(COUNTIF(BF462:BO462,"""")<>COUNTA(BF462:BO462))",Backend UI Toggle
Capitalization and Multipliers,CB477,"=1/((CB478=""Show"")+(CB478<>""Hide"")*(COUNTIF(CB485:CB492,"""")<>COUNTA(CB485:CB492)))",Backend UI Toggle
Capitalization and Multipliers,CC477,"=1/((CC478=""Show"")+(CC478<>""Hide"")*(COUNTIF(CC485:CC492,"""")<>COUNTA(CC485:CC492)))",Backend UI Toggle
Capitalization and Multipliers,CD477,"=1/((CD478=""Show"")+(CD478<>""Hide"")*(COUNTIF(CD485:CD492,"""")<>COUNTA(CD485:CD492)))",Backend UI Toggle
Capitalization and Multipliers,CE477,"=1/((CE478=""Show"")+(CE478<>""Hide"")*(COUNTIF(CE485:CE492,"""")<>COUNTA(CE485:CE492)))",Backend UI Toggle
Capitalization and Multipliers,CF477,"=1/((CF478=""Show"")+(CF478<>""Hide"")*(COUNTIF(CF485:CF492,"""")<>COUNTA(CF485:CF492)))",Backend UI Toggle
Capitalization and Multipliers,CG477,"=1/((CG478=""Show"")+(CG478<>""Hide"")*(COUNTIF(CG485:CG492,"""")<>COUNTA(CG485:CG492)))",Backend UI Toggle
Capitalization and Multipliers,CH477,"=1/((CH478=""Show"")+(CH478<>""Hide"")*(COUNTIF(CH485:CH492,"""")<>COUNTA(CH485:CH492)))",Backend UI Toggle
Capitalization and Multipliers,CI477,"=1/((CI478=""Show"")+(CI478<>""Hide"")*(COUNTIF(CI485:CI492,"""")<>COUNTA(CI485:CI492)))",Backend UI Toggle
Capitalization and Multipliers,CJ477,"=1/((CJ478=""Show"")+(CJ478<>""Hide"")*(COUNTIF(CJ485:CJ492,"""")<>COUNTA(CJ485:CJ492)))",Backend UI Toggle
Capitalization and Multipliers,CK477,"=1/((CK478=""Show"")+(CK478<>""Hide"")*(COUNTIF(CK485:CK492,"""")<>COUNTA(CK485:CK492)))",Backend UI Toggle
Capitalization and Multipliers,CL477,"=1/((CL478=""Show"")+(CL478<>""Hide"")*(COUNTIF(CL485:CL492,"""")<>COUNTA(CL485:CL492)))",Backend UI Toggle
Capitalization and Multipliers,CM477,"=1/((CM478=""Show"")+(CM478<>""Hide"")*(COUNTIF(CM485:CM492,"""")<>COUNTA(CM485:CM492)))",Backend UI Toggle
Capitalization and Multipliers,CN477,"=1/((CN478=""Show"")+(CN478<>""Hide"")*(COUNTIF(CN485:CN492,"""")<>COUNTA(CN485:CN492)))",Backend UI Toggle
Capitalization and Multipliers,BV485,"=1/(COUNTIF(CB485:CN485,"""")<>COUNTA(CB485:CN485))",Backend UI Toggle
Capitalization and Multipliers,BV488,"=1/(COUNTIF(CB488:CN488,"""")<>COUNTA(CB488:CN488))",Backend UI Toggle
Capitalization and Multipliers,BV489,"=1/(COUNTIF(CB489:CN489,"""")<>COUNTA(CB489:CN489))",Backend UI Toggle
Capitalization and Multipliers,BV492,"=1/(COUNTIF(CB492:CN492,"""")<>COUNTA(CB492:CN492))",Backend UI Toggle
Capitalization and Multipliers,BV493,"=1/(pvaPropertyTypeKey=""Self-Storage|All"")",Backend UI Toggle
Capitalization and Multipliers,BV494,"=1/(pvaPropertyTypeKey=""Self-Storage|All"")",Backend UI Toggle
Capitalization and Multipliers,CZ503,"=1/((CZ504=""Show"")+(CZ504<>""Hide"")*(COUNTIF(CZ510:CZ513,"""")<>COUNTA(CZ510:CZ513)))",Backend UI Toggle
Capitalization and Multipliers,DA503,"=1/((DA504=""Show"")+(DA504<>""Hide"")*(COUNTIF(DA510:DA513,"""")<>COUNTA(DA510:DA513)))",Backend UI Toggle
Capitalization and Multipliers,DB503,"=1/((DB504=""Show"")+(DB504<>""Hide"")*(COUNTIF(DB510:DB513,"""")<>COUNTA(DB510:DB513)))",Backend UI Toggle
Capitalization and Multipliers,DC503,"=1/((DC504=""Show"")+(DC504<>""Hide"")*(COUNTIF(DC510:DC513,"""")<>COUNTA(DC510:DC513)))",Backend UI Toggle
Capitalization and Multipliers,DD503,"=1/((DD504=""Show"")+(DD504<>""Hide"")*(COUNTIF(DD510:DD513,"""")<>COUNTA(DD510:DD513)))",Backend UI Toggle
Capitalization and Multipliers,DF503,"=1/((DF504=""Show"")+(DF504<>""Hide"")*(COUNTIF(DF510:DF513,"""")<>COUNTA(DF510:DF513)))",Backend UI Toggle
Capitalization and Multipliers,DG503,"=1/((DG504=""Show"")+(DG504<>""Hide"")*(COUNTIF(DG510:DG513,"""")<>COUNTA(DG510:DG513)))",Backend UI Toggle
Capitalization and Multipliers,DH503,"=1/((DH504=""Show"")+(DH504<>""Hide"")*(COUNTIF(DH510:DH513,"""")<>COUNTA(DH510:DH513)))",Backend UI Toggle
Capitalization and Multipliers,DJ503,"=1/((DJ504=""Show"")+(DJ504<>""Hide"")*(COUNTIF(DJ510:DJ513,"""")<>COUNTA(DJ510:DJ513)))",Backend UI Toggle
Capitalization and Multipliers,DK503,"=1/((DK504=""Show"")+(DK504<>""Hide"")*(COUNTIF(DK510:DK513,"""")<>COUNTA(DK510:DK513)))",Backend UI Toggle
Capitalization and Multipliers,DL503,"=1/((DL504=""Show"")+(DL504<>""Hide"")*(COUNTIF(DL510:DL513,"""")<>COUNTA(DL510:DL513)))",Backend UI Toggle
Capitalization and Multipliers,CT510,"=1/(COUNTIF(CZ510:DL510,"""")<>COUNTA(CZ510:DL510))",Backend UI Toggle
Capitalization and Multipliers,CT513,"=1/(COUNTIF(CZ513:DL513,"""")<>COUNTA(CZ513:DL513))",Backend UI Toggle
Capitalization and Multipliers,DZ521,"=1/(((DZ522=""Show""))+(DZ522<>""Hide"")*(NOT(ISERROR(DZ525))))",Backend UI Toggle
Capitalization and Multipliers,EA521,"=1/(((EA522=""Show""))+(EA522<>""Hide"")*(NOT(ISERROR(EA525))))",Backend UI Toggle
Capitalization and Multipliers,EB521,"=1/(((EB522=""Show""))+(EB522<>""Hide"")*(NOT(ISERROR(EB525))))",Backend UI Toggle
Capitalization and Multipliers,DU526,"=1/(((DV526=""Show""))+(DV526<>""Hide""))",Backend UI Toggle
Capitalization and Multipliers,DU527,"=1/(((DV527=""Show""))+(DV527<>""Hide""))",Backend UI Toggle
Capitalization and Multipliers,DU528,"=1/(((DV528=""Show""))+(DV528<>""Hide""))",Backend UI Toggle
Capitalization and Multipliers,DU529,"=1/(((DV529=""Show""))+(DV529<>""Hide""))",Backend UI Toggle
Capitalization and Multipliers,DU530,"=1/(((DV530=""Show""))+(DV530<>""Hide""))",Backend UI Toggle
Capitalization and Multipliers,DU531,"=1/(((DV531=""Show""))+(DV531<>""Hide""))",Backend UI Toggle
Capitalization and Multipliers,DU535,"=1/(((DV535=""Show""))+(DV535<>""Hide""))",Backend UI Toggle
Capitalization and Multipliers,DU536,"=1/(((DV536=""Show""))+(DV536<>""Hide""))",Backend UI Toggle
Capitalization and Multipliers,EJ544,"=1/((EJ546=""Show"")+(EJ546<>""Hide""))",Backend UI Toggle
Capitalization and Multipliers,EK544,"=1/((EK546=""Show"")+(EK546<>""Hide""))",Backend UI Toggle
Capitalization and Multipliers,EL544,"=1/((EL546=""Show"")+(EL546<>""Hide""))",Backend UI Toggle
Capitalization and Multipliers,EM544,"=1/((EM546=""Show"")+(EM546<>""Hide""))",Backend UI Toggle
Capitalization and Multipliers,EF550,"=1/(((EG550=""Show""))+(EG550<>""Hide""))",Backend UI Toggle
Capitalization and Multipliers,EF551,"=1/(((EG551=""Show""))+(EG551<>""Hide""))",Backend UI Toggle
Capitalization and Multipliers,EF552,"=1/(((EG552=""Show""))+(EG552<>""Hide""))",Backend UI Toggle
Capitalization and Multipliers,EF553,"=1/(((EG553=""Show""))+(EG553<>""Hide""))",Backend UI Toggle
Capitalization and Multipliers,EF554,"=1/(((EG554=""Show""))+(EG554<>""Hide""))",Backend UI Toggle
Capitalization and Multipliers,EF555,"=1/(((EG555=""Show""))+(EG555<>""Hide""))",Backend UI Toggle
Capitalization and Multipliers,EF556,"=1/(((EG556=""Show""))+(EG556<>""Hide""))",Backend UI Toggle
Capitalization and Multipliers,EF557,"=1/(((EG557=""Show""))+(EG557<>""Hide""))",Backend UI Toggle
Capitalization and Multipliers,EF558,"=1/(((EG558=""Show""))+(EG558<>""Hide""))",Backend UI Toggle
Capitalization and Multipliers,EF559,"=1/(((EG559=""Show""))+(EG559<>""Hide""))",Backend UI Toggle
Capitalization and Multipliers,EF560,"=1/(((EG560=""Show""))+(EG560<>""Hide""))",Backend UI Toggle
Capitalization and Multipliers,EF561,"=1/(((EG561=""Show""))+(EG561<>""Hide""))",Backend UI Toggle
Capitalization and Multipliers,EF562,"=1/(((EG562=""Show""))+(EG562<>""Hide""))",Backend UI Toggle
Capitalization and Multipliers,EF563,"=1/(((EG563=""Show""))+(EG563<>""Hide""))",Backend UI Toggle
Capitalization and Multipliers,EF564,"=1/(((EG564=""Show""))+(EG564<>""Hide""))",Backend UI Toggle
Capitalization and Multipliers,EF565,"=1/(((EG565=""Show""))+(EG565<>""Hide""))",Backend UI Toggle
Capitalization and Multipliers,EF566,"=1/(((EG566=""Show""))+(EG566<>""Hide""))",Backend UI Toggle
Capitalization and Multipliers,EF567,"=1/(((EG567=""Show""))+(EG567<>""Hide""))",Backend UI Toggle
Capitalization and Multipliers,EF568,"=1/(((EG568=""Show""))+(EG568<>""Hide""))",Backend UI Toggle
Capitalization and Multipliers,EF569,"=1/(((EG569=""Show""))+(EG569<>""Hide""))",Backend UI Toggle
Capitalization and Multipliers,EF570,"=1/(((EG570=""Show""))+(EG570<>""Hide""))",Backend UI Toggle
Capitalization and Multipliers,EF571,"=1/(((EG571=""Show""))+(EG571<>""Hide""))",Backend UI Toggle
Capitalization and Multipliers,EF572,"=1/(((EG572=""Show""))+(EG572<>""Hide""))",Backend UI Toggle
Capitalization and Multipliers,EF573,"=1/(((EG573=""Show""))+(EG573<>""Hide""))",Backend UI Toggle
Capitalization and Multipliers,EF574,"=1/(((EG574=""Show""))+(EG574<>""Hide""))",Backend UI Toggle
Capitalization and Multipliers,EF575,"=1/(((EG575=""Show""))+(EG575<>""Hide""))",Backend UI Toggle
Capitalization and Multipliers,EF576,"=1/(((EG576=""Show""))+(EG576<>""Hide""))",Backend UI Toggle
Capitalization and Multipliers,EF577,"=1/(((EG577=""Show""))+(EG577<>""Hide""))",Backend UI Toggle
Capitalization and Multipliers,EF578,"=1/(((EG578=""Show""))+(EG578<>""Hide""))",Backend UI Toggle
Capitalization and Multipliers,EF579,"=1/(((EG579=""Show""))+(EG579<>""Hide""))",Backend UI Toggle
Capitalization and Multipliers,EF580,"=1/(((EG580=""Show""))+(EG580<>""Hide""))",Backend UI Toggle
Capitalization and Multipliers,EF581,"=1/(((EG581=""Show""))+(EG581<>""Hide""))",Backend UI Toggle
Capitalization and Multipliers,EF582,"=1/(((EG582=""Show""))+(EG582<>""Hide""))",Backend UI Toggle
Capitalization and Multipliers,EF583,"=1/(((EG583=""Show""))+(EG583<>""Hide""))",Backend UI Toggle
Capitalization and Multipliers,EF584,"=1/(((EG584=""Show""))+(EG584<>""Hide"")*(LEFT(EJ565,1)=""*""))",Backend UI Toggle
Capitalization and Multipliers,EF585,"=1/(((EG585=""Show""))+(EG585<>""Hide""))",Backend UI Toggle
Investor Survey Input,F7,"=1/((F8=""Show"")+(F8<>""Hide""))",Backend UI Toggle
Investor Survey Input,G7,"=1/((G8=""Show"")+(G8<>""Hide""))",Backend UI Toggle
Investor Survey Input,I7,"=1/((I8=""Show"")+(I8<>""Hide""))",Backend UI Toggle
Investor Survey Input,K7,"=1/((K8=""Show"")+(K8<>""Hide""))",Backend UI Toggle
Investor Survey Input,M7,"=1/((M8=""Show"")+(M8<>""Hide""))",Backend UI Toggle
Investor Survey Input,O7,"=1/((O8=""Show"")+(O8<>""Hide""))",Backend UI Toggle
Investor Survey Input,P7,"=1/((P8=""Show"")+(P8<>""Hide""))",Backend UI Toggle
Investor Survey Input,Q7,"=1/((Q8=""Show"")+(Q8<>""Hide""))",Backend UI Toggle
Investor Survey Input,R7,"=1/((R8=""Show"")+(R8<>""Hide""))",Backend UI Toggle
Investor Survey Input,S7,"=1/((S8=""Show"")+(S8<>""Hide""))",Backend UI Toggle
Investor Survey Input,T7,"=1/((T8=""Show"")+(T8<>""Hide""))",Backend UI Toggle
Investor Survey Input,U7,"=1/((U8=""Show"")+(U8<>""Hide""))",Backend UI Toggle
Investor Survey Input,V7,"=1/((V8=""Show"")+(V8<>""Hide""))",Backend UI Toggle
Investor Survey Input,B12,"=1/(((C12=""Show""))+(C12<>""Hide""))",Backend UI Toggle
Investor Survey Input,B13,"=1/(((C13=""Show""))+(C13<>""Hide""))",Backend UI Toggle
Investor Survey Input,B14,"=1/(((C14=""Show""))+(C14<>""Hide""))",Backend UI Toggle
Investor Survey Input,B15,"=1/(((C15=""Show""))+(C15<>""Hide""))",Backend UI Toggle
Investor Survey Input,B16,"=1/(((C16=""Show""))+(C16<>""Hide""))",Backend UI Toggle
Investor Survey Input,B17,"=1/(((C17=""Show""))+(C17<>""Hide""))",Backend UI Toggle
Investor Survey Input,B18,"=1/(((C18=""Show""))+(C18<>""Hide""))",Backend UI Toggle
Investor Survey Input,B19,"=1/(((C19=""Show""))+(C19<>""Hide""))",Backend UI Toggle
Investor Survey Input,B20,"=1/(((C20=""Show""))+(C20<>""Hide""))",Backend UI Toggle
Investor Survey Input,B21,"=1/(((C21=""Show""))+(C21<>""Hide""))",Backend UI Toggle
Investor Survey Input,B22,"=1/(((C22=""Show""))+(C22<>""Hide""))",Backend UI Toggle
Investor Survey Input,B23,"=1/(((C23=""Show""))+(C23<>""Hide""))",Backend UI Toggle
Investor Survey Input,B24,"=1/(((C24=""Show""))+(C24<>""Hide""))",Backend UI Toggle
Investor Survey Input,B25,"=1/(((C25=""Show""))+(C25<>""Hide""))",Backend UI Toggle
Investor Survey Input,B26,"=1/(((C26=""Show""))+(C26<>""Hide""))",Backend UI Toggle
Investor Survey Input,B27,"=1/(((C27=""Show""))+(C27<>""Hide""))",Backend UI Toggle
Investor Survey Input,B28,"=1/(((C28=""Show""))+(C28<>""Hide""))",Backend UI Toggle
Investor Survey Input,B29,"=1/(((C29=""Show""))+(C29<>""Hide""))",Backend UI Toggle
Investor Survey Input,B30,"=1/(((C30=""Show""))+(C30<>""Hide""))",Backend UI Toggle
Investor Survey Input,B31,"=1/(((C31=""Show""))+(C31<>""Hide""))",Backend UI Toggle
Investor Survey Input,B32,"=1/(((C32=""Show""))+(C32<>""Hide""))",Backend UI Toggle
Investor Survey Input,B33,"=1/(((C33=""Show""))+(C33<>""Hide""))",Backend UI Toggle
Investor Survey Input,B34,"=1/(((C34=""Show""))+(C34<>""Hide""))",Backend UI Toggle
Investor Survey Input,B35,"=1/(((C35=""Show""))+(C35<>""Hide""))",Backend UI Toggle
Investor Survey Input,B36,"=1/(((C36=""Show""))+(C36<>""Hide""))",Backend UI Toggle
Investor Survey Input,B37,"=1/(((C37=""Show""))+(C37<>""Hide""))",Backend UI Toggle
Investor Survey Input,B38,"=1/(((C38=""Show""))+(C38<>""Hide""))",Backend UI Toggle
Investor Survey Input,B39,"=1/(((C39=""Show""))+(C39<>""Hide""))",Backend UI Toggle
Investor Survey Output,P18,"=1/(((P19=""Show""))+(P19<>""Hide""))",Backend UI Toggle
Investor Survey Output,N22,"=1/(((O22=""Show""))+(O22<>""Hide""))",Backend UI Toggle
Investor Survey Output,N23,"=1/(((O23=""Show""))+(O23<>""Hide""))",Backend UI Toggle
Investor Survey Output,N24,"=1/(((O24=""Show""))+(O24<>""Hide""))",Backend UI Toggle
Investor Survey Output,N25,"=1/(((O25=""Show""))+(O25<>""Hide""))",Backend UI Toggle
Investor Survey Output,N26,"=1/(((O26=""Show""))+(O26<>""Hide""))",Backend UI Toggle
Investor Survey Output,N27,"=1/(((O27=""Show""))+(O27<>""Hide""))",Backend UI Toggle
Investor Survey Output,N28,"=1/(((O28=""Show""))+(O28<>""Hide""))",Backend UI Toggle
Investor Survey Output,N29,"=1/(((O29=""Show""))+(O29<>""Hide""))",Backend UI Toggle
Investor Survey Output,N30,"=1/(((O30=""Show""))+(O30<>""Hide""))",Backend UI Toggle
Investor Survey Output,N31,"=1/(((O31=""Show""))+(O31<>""Hide""))",Backend UI Toggle
Investor Survey Output,N32,"=1/(((O32=""Show""))+(O32<>""Hide""))",Backend UI Toggle
Investor Survey Output,N33,"=1/(((O33=""Show""))+(O33<>""Hide""))",Backend UI Toggle
Investor Survey Output,N34,"=1/(((O34=""Show""))+(O34<>""Hide""))",Backend UI Toggle
Investor Survey Output,N35,"=1/(((O35=""Show""))+(O35<>""Hide""))",Backend UI Toggle
Investor Survey Output,AI52,"=1/(((AJ52=""Show""))+(AJ52<>""Hide"")*(ABS(SUM(AS52:AT52))<>0))",Backend UI Toggle
Investor Survey Output,AI53,"=1/(((AJ53=""Show""))+(AJ53<>""Hide"")*(ABS(SUM(AS53:AT53))<>0))",Backend UI Toggle
Investor Survey Output,AI54,"=1/(((AJ54=""Show""))+(AJ54<>""Hide"")*(ABS(SUM(AS54:AT54))<>0))",Backend UI Toggle
Investor Survey Output,AI55,"=1/(((AJ55=""Show""))+(AJ55<>""Hide"")*(ABS(SUM(AS55:AT55))<>0))",Backend UI Toggle
Investor Survey Output,AI56,"=1/(((AJ56=""Show""))+(AJ56<>""Hide"")*(ABS(SUM(AS56:AT56))<>0))",Backend UI Toggle
Investor Survey Output,AI57,"=1/(((AJ57=""Show""))+(AJ57<>""Hide"")*(ABS(SUM(AS57:AT57))<>0))",Backend UI Toggle
Investor Survey Output,AI58,"=1/(((AJ58=""Show""))+(AJ58<>""Hide"")*(ABS(SUM(AS58:AT58))<>0))",Backend UI Toggle
Investor Survey Output,AI59,"=1/(((AJ59=""Show""))+(AJ59<>""Hide"")*(ABS(SUM(AS59:AT59))<>0))",Backend UI Toggle
Investor Survey Output,AI60,"=1/(((AJ60=""Show""))+(AJ60<>""Hide"")*(ABS(SUM(AS60:AT60))<>0))",Backend UI Toggle
Investor Survey Output,AI61,"=1/(((AJ61=""Show""))+(AJ61<>""Hide"")*(ABS(SUM(AS61:AT61))<>0))",Backend UI Toggle
Investor Survey Output,AI62,"=1/(((AJ62=""Show""))+(AJ62<>""Hide"")*(ABS(SUM(AS62:AT62))<>0))",Backend UI Toggle
Investor Survey Output,AI63,"=1/(((AJ63=""Show""))+(AJ63<>""Hide"")*(ABS(SUM(AS63:AT63))<>0))",Backend UI Toggle
Investor Survey Output,AI64,"=1/(((AJ64=""Show""))+(AJ64<>""Hide"")*(ABS(SUM(AS64:AT64))<>0))",Backend UI Toggle
Investor Survey Output,AI65,"=1/(((AJ65=""Show""))+(AJ65<>""Hide"")*(ABS(SUM(AS65:AT65))<>0))",Backend UI Toggle
Investor Survey Output,AI66,"=1/(((AJ66=""Show""))+(AJ66<>""Hide"")*(ABS(SUM(AS66:AT66))<>0))",Backend UI Toggle
Investor Survey Output,AI67,"=1/(((AJ67=""Show""))+(AJ67<>""Hide"")*(ABS(SUM(AS67:AT67))<>0))",Backend UI Toggle
Investor Survey Output,AI68,"=1/(((AJ68=""Show""))+(AJ68<>""Hide"")*(ABS(SUM(AS68:AT68))<>0))",Backend UI Toggle
Investor Survey Output,AI69,"=1/(((AJ69=""Show""))+(AJ69<>""Hide"")*(ABS(SUM(AS69:AT69))<>0))",Backend UI Toggle
Investor Survey Output,AI70,"=1/(((AJ70=""Show""))+(AJ70<>""Hide"")*(ABS(SUM(AS70:AT70))<>0))",Backend UI Toggle
Investor Survey Output,AI71,"=1/(((AJ71=""Show""))+(AJ71<>""Hide"")*(ABS(SUM(AS71:AT71))<>0))",Backend UI Toggle
Investor Survey Output,AI72,"=1/(((AJ72=""Show""))+(AJ72<>""Hide"")*(ABS(SUM(AS72:AT72))<>0))",Backend UI Toggle
Investor Survey Output,AI73,"=1/(((AJ73=""Show""))+(AJ73<>""Hide"")*(ABS(SUM(AS73:AT73))<>0))",Backend UI Toggle
Investor Survey Output,AI74,"=1/(((AJ74=""Show""))+(AJ74<>""Hide"")*(ABS(SUM(AS74:AT74))<>0))",Backend UI Toggle
Investor Survey Output,AI75,"=1/(((AJ75=""Show""))+(AJ75<>""Hide"")*(ABS(SUM(AS75:AT75))<>0))",Backend UI Toggle
Investor Survey Output,AI76,"=1/(((AJ76=""Show""))+(AJ76<>""Hide"")*(ABS(SUM(AS76:AT76))<>0))",Backend UI Toggle
Investor Survey Output,AI77,"=1/(((AJ77=""Show""))+(AJ77<>""Hide"")*(ABS(SUM(AS77:AT77))<>0))",Backend UI Toggle
Investor Survey Output,AI78,"=1/(((AJ78=""Show""))+(AJ78<>""Hide"")*(ABS(SUM(AS78:AT78))<>0))",Backend UI Toggle
Investor Survey Output,AI79,"=1/(((AJ79=""Show""))+(AJ79<>""Hide"")*(ABS(SUM(AS79:AT79))<>0))",Backend UI Toggle
Investor Survey Output,AI80,"=1/(((AJ80=""Show""))+(AJ80<>""Hide"")*(ABS(SUM(AS80:AT80))<>0))",Backend UI Toggle
Investor Survey Output,AI81,"=1/(((AJ81=""Show""))+(AJ81<>""Hide"")*(ABS(SUM(AS81:AT81))<>0))",Backend UI Toggle
Investor Survey Output,AI82,"=1/(((AJ82=""Show""))+(AJ82<>""Hide"")*(ABS(SUM(AS82:AT82))<>0))",Backend UI Toggle
Investor Survey Output,AI83,"=1/(((AJ83=""Show""))+(AJ83<>""Hide"")*(ABS(SUM(AS83:AT83))<>0))",Backend UI Toggle
Investor Survey Output,AI84,"=1/(((AJ84=""Show""))+(AJ84<>""Hide"")*(ABS(SUM(AS84:AT84))<>0))",Backend UI Toggle
Investor Survey Output,AI85,"=1/(((AJ85=""Show""))+(AJ85<>""Hide"")*(ABS(SUM(AS85:AT85))<>0))",Backend UI Toggle
Investor Survey Output,AI86,"=1/(((AJ86=""Show""))+(AJ86<>""Hide"")*(ABS(SUM(AS86:AT86))<>0))",Backend UI Toggle
Investor Survey Output,AI87,"=1/(((AJ87=""Show""))+(AJ87<>""Hide"")*(ABS(SUM(AS87:AT87))<>0))",Backend UI Toggle
Investor Survey Output,AI88,"=1/(((AJ88=""Show""))+(AJ88<>""Hide"")*(ABS(SUM(AS88:AT88))<>0))",Backend UI Toggle
Investor Survey Output,AI89,"=1/(((AJ89=""Show""))+(AJ89<>""Hide"")*(ABS(SUM(AS89:AT89))<>0))",Backend UI Toggle
Investor Survey Output,AI90,"=1/(((AJ90=""Show""))+(AJ90<>""Hide"")*(ABS(SUM(AW90:AZ90))<>0))",Backend UI Toggle
Investor Survey Output,BL100,"=1/((BL101=""Show"")+(BL101<>""Hide""))",Backend UI Toggle
Investor Survey Output,BM100,"=1/((BM101=""Show"")+(BM101<>""Hide""))",Backend UI Toggle
Investor Survey Output,BN100,"=1/((BN101=""Show"")+(BN101<>""Hide""))",Backend UI Toggle
Investor Survey Output,BO100,"=1/((BO101=""Show"")+(BO101<>""Hide""))",Backend UI Toggle
Investor Survey Output,BP100,"=1/((BP101=""Show"")+(BP101<>""Hide""))",Backend UI Toggle
Investor Survey Output,BQ100,"=1/((BQ101=""Show"")+(BQ101<>""Hide""))",Backend UI Toggle
Investor Survey Output,BR100,"=1/((BR101=""Show"")+(BR101<>""Hide""))",Backend UI Toggle
Investor Survey Output,BS100,"=1/((BS101=""Show"")+(BS101<>""Hide""))",Backend UI Toggle
Investor Survey Output,BT100,"=1/((BT101=""Show"")+(BT101<>""Hide""))",Backend UI Toggle
Investor Survey Output,BU100,"=1/((BU101=""Show"")+(BU101<>""Hide""))",Backend UI Toggle
Investor Survey Output,BV100,"=1/((BV101=""Show"")+(BV101<>""Hide""))",Backend UI Toggle
Investor Survey Output,BW100,"=1/((BW101=""Show"")+(BW101<>""Hide""))",Backend UI Toggle
Investor Survey Output,BH144,"=1/(((BI144=""Show""))+(BI144<>""Hide"")*(ABS(SUM(BQ144:BT144))<>0))",Backend UI Toggle
Investor Survey Output,CK160,"=1/((CK161=""Show"")+(CK161<>""Hide""))",Backend UI Toggle
Investor Survey Output,CL160,"=1/((CL161=""Show"")+(CL161<>""Hide""))",Backend UI Toggle
Investor Survey Output,CM160,"=1/((CM161=""Show"")+(CM161<>""Hide""))",Backend UI Toggle
Investor Survey Output,CN160,"=1/((CN161=""Show"")+(CN161<>""Hide""))",Backend UI Toggle
Investor Survey Output,CO160,"=1/((CO161=""Show"")+(CO161<>""Hide""))",Backend UI Toggle
Investor Survey Output,CP160,"=1/((CP161=""Show"")+(CP161<>""Hide""))",Backend UI Toggle
Investor Survey Output,CQ160,"=1/((CQ161=""Show"")+(CQ161<>""Hide""))",Backend UI Toggle
Investor Survey Output,CR160,"=1/((CR161=""Show"")+(CR161<>""Hide""))",Backend UI Toggle
Investor Survey Output,CS160,"=1/((CS161=""Show"")+(CS161<>""Hide""))",Backend UI Toggle
Investor Survey Output,CT160,"=1/((CT161=""Show"")+(CT161<>""Hide""))",Backend UI Toggle
Investor Survey Output,CU160,"=1/((CU161=""Show"")+(CU161<>""Hide""))",Backend UI Toggle
Investor Survey Output,CV160,"=1/((CV161=""Show"")+(CV161<>""Hide""))",Backend UI Toggle
Investor Survey Output,CG204,"=1/(((CH204=""Show""))+(CH204<>""Hide"")*(ABS(SUM(CP204:CS204))<>0))",Backend UI Toggle
Investor Survey Output,DJ218,"=1/((DJ219=""Show"")+(DJ219<>""Hide""))",Backend UI Toggle
Investor Survey Output,DK218,"=1/((DK219=""Show"")+(DK219<>""Hide""))",Backend UI Toggle
Investor Survey Output,DL218,"=1/((DL219=""Show"")+(DL219<>""Hide""))",Backend UI Toggle
Investor Survey Output,DM218,"=1/((DM219=""Show"")+(DM219<>""Hide""))",Backend UI Toggle
Investor Survey Output,DN218,"=1/((DN219=""Show"")+(DN219<>""Hide""))",Backend UI Toggle
Investor Survey Output,DO218,"=1/((DO219=""Show"")+(DO219<>""Hide""))",Backend UI Toggle
Investor Survey Output,DP218,"=1/((DP219=""Show"")+(DP219<>""Hide""))",Backend UI Toggle
Investor Survey Output,DQ218,"=1/((DQ219=""Show"")+(DQ219<>""Hide""))",Backend UI Toggle
Investor Survey Output,DR218,"=1/((DR219=""Show"")+(DR219<>""Hide""))",Backend UI Toggle
Investor Survey Output,DS218,"=1/((DS219=""Show"")+(DS219<>""Hide""))",Backend UI Toggle
Investor Survey Output,DT218,"=1/((DT219=""Show"")+(DT219<>""Hide""))",Backend UI Toggle
Investor Survey Output,DU218,"=1/((DU219=""Show"")+(DU219<>""Hide""))",Backend UI Toggle
Investor Survey Output,DF262,"=1/(((DG262=""Show""))+(DG262<>""Hide"")*(ABS(SUM(DO262:DR262))<>0))",Backend UI Toggle
MF Lease Up,J4,"=1/((J5=""Show"")+(J5<>""Hide""))",Backend UI Toggle
MF Lease Up,K4,"=1/((K5=""Show"")+(K5<>""Hide""))",Backend UI Toggle
MF Lease Up,L4,"=1/((L5=""Show"")+(L5<>""Hide""))",Backend UI Toggle
MF Lease Up,M4,"=1/((M5=""Show"")+(M5<>""Hide""))",Backend UI Toggle
MF Lease Up,N4,"=1/((N5=""Show"")+(N5<>""Hide""))",Backend UI Toggle
MF Lease Up,O4,"=1/((O5=""Show"")+(O5<>""Hide""))",Backend UI Toggle
MF Lease Up,P4,"=1/((P5=""Show"")+(P5<>""Hide""))",Backend UI Toggle
MF Lease Up,O12,"=IFERROR(O11/(1-U12),0)",Backend UI Toggle
MF Lease Up,B17,"=1/(((C17=""Show""))+(C17<>""Hide"")*(F17<=$O$13))",Backend UI Toggle
MF Lease Up,B18,"=1/(((C18=""Show""))+(C18<>""Hide"")*(F18<=$O$13))",Backend UI Toggle
MF Lease Up,B19,"=1/(((C19=""Show""))+(C19<>""Hide"")*(F19<=$O$13))",Backend UI Toggle
MF Lease Up,B20,"=1/(((C20=""Show""))+(C20<>""Hide"")*(F20<=$O$13))",Backend UI Toggle
MF Lease Up,B21,"=1/(((C21=""Show""))+(C21<>""Hide"")*(F21<=$O$13))",Backend UI Toggle
MF Lease Up,P21,=$O21/((1+$S$10/12)^$F21),Backend UI Toggle
MF Lease Up,B22,"=1/(((C22=""Show""))+(C22<>""Hide"")*(F22<=$O$13))",Backend UI Toggle
MF Lease Up,B23,"=1/(((C23=""Show""))+(C23<>""Hide"")*(F23<=$O$13))",Backend UI Toggle
MF Lease Up,B24,"=1/(((C24=""Show""))+(C24<>""Hide"")*(F24<=$O$13))",Backend UI Toggle
MF Lease Up,B25,"=1/(((C25=""Show""))+(C25<>""Hide"")*(F25<=$O$13))",Backend UI Toggle
MF Lease Up,B26,"=1/(((C26=""Show""))+(C26<>""Hide"")*(F26<=$O$13))",Backend UI Toggle
MF Lease Up,B27,"=1/(((C27=""Show""))+(C27<>""Hide"")*(F27<=$O$13))",Backend UI Toggle
MF Lease Up,B28,"=1/(((C28=""Show""))+(C28<>""Hide"")*(F28<=$O$13))",Backend UI Toggle
MF Lease Up,B29,"=1/(((C29=""Show""))+(C29<>""Hide"")*(F29<=$O$13))",Backend UI Toggle
MF Lease Up,B30,"=1/(((C30=""Show""))+(C30<>""Hide"")*(F30<=$O$13))",Backend UI Toggle
MF Lease Up,B31,"=1/(((C31=""Show""))+(C31<>""Hide"")*(F31<=$O$13))",Backend UI Toggle
MF Lease Up,P31,=$O31/((1+$S$10/12)^$F31),Backend UI Toggle
MF Lease Up,B32,"=1/(((C32=""Show""))+(C32<>""Hide"")*(F32<=$O$13))",Backend UI Toggle
MF Lease Up,B33,"=1/(((C33=""Show""))+(C33<>""Hide"")*(F33<=$O$13))",Backend UI Toggle
MF Lease Up,B34,"=1/(((C34=""Show""))+(C34<>""Hide"")*(F34<=$O$13))",Backend UI Toggle
MF Lease Up,B35,"=1/(((C35=""Show""))+(C35<>""Hide"")*(F35<=$O$13))",Backend UI Toggle
MF Lease Up,B36,"=1/(((C36=""Show""))+(C36<>""Hide"")*(F36<=$O$13))",Backend UI Toggle
MF Lease Up,B37,"=1/(((C37=""Show""))+(C37<>""Hide"")*(F37<=$O$13))",Backend UI Toggle
MF Lease Up,B38,"=1/(((C38=""Show""))+(C38<>""Hide"")*(F38<=$O$13))",Backend UI Toggle
MF Lease Up,B39,"=1/(((C39=""Show""))+(C39<>""Hide"")*(F39<=$O$13))",Backend UI Toggle
MF Lease Up,B40,"=1/(((C40=""Show""))+(C40<>""Hide"")*(F40<=$O$13))",Backend UI Toggle
MF Lease Up,B41,"=1/(((C41=""Show""))+(C41<>""Hide"")*(F41<=$O$13))",Backend UI Toggle
MF Lease Up,P41,=$O41/((1+$S$10/12)^$F41),Backend UI Toggle
MF Lease Up,B42,"=1/(((C42=""Show""))+(C42<>""Hide"")*(F42<=$O$13))",Backend UI Toggle
MF Lease Up,B43,"=1/(((C43=""Show""))+(C43<>""Hide"")*(F43<=$O$13))",Backend UI Toggle
MF Lease Up,B44,"=1/(((C44=""Show""))+(C44<>""Hide"")*(F44<=$O$13))",Backend UI Toggle
MF Lease Up,B45,"=1/(((C45=""Show""))+(C45<>""Hide"")*(F45<=$O$13))",Backend UI Toggle
MF Lease Up,B46,"=1/(((C46=""Show""))+(C46<>""Hide"")*(F46<=$O$13))",Backend UI Toggle
MF Lease Up,B47,"=1/(((C47=""Show""))+(C47<>""Hide"")*(F47<=$O$13))",Backend UI Toggle
MF Lease Up,B48,"=1/(((C48=""Show""))+(C48<>""Hide"")*(F48<=$O$13))",Backend UI Toggle
MF Lease Up,B49,"=1/(((C49=""Show""))+(C49<>""Hide"")*(F49<=$O$13))",Backend UI Toggle
MF Lease Up,B50,"=1/(((C50=""Show""))+(C50<>""Hide"")*(F50<=$O$13))",Backend UI Toggle
MF Lease Up,B51,"=1/(((C51=""Show""))+(C51<>""Hide"")*(F51<=$O$13))",Backend UI Toggle
MF Lease Up,P51,=$O51/((1+$S$10/12)^$F51),Backend UI Toggle
MF Lease Up,B52,"=1/(((C52=""Show""))+(C52<>""Hide"")*(F52<=$O$13))",Backend UI Toggle
MF Lease Up,B53,"=1/(((C53=""Show""))+(C53<>""Hide"")*(F53<=$O$13))",Backend UI Toggle
MF Lease Up,B54,"=1/(((C54=""Show""))+(C54<>""Hide"")*(F54<=$O$13))",Backend UI Toggle
MF Lease Up,B55,"=1/(((C55=""Show""))+(C55<>""Hide"")*(F55<=$O$13))",Backend UI Toggle
MF Lease Up,B56,"=1/(((C56=""Show""))+(C56<>""Hide"")*(F56<=$O$13))",Backend UI Toggle
MF Lease Up,B57,"=1/(((C57=""Show""))+(C57<>""Hide"")*(F57<=$O$13))",Backend UI Toggle
MF Lease Up,B58,"=1/(((C58=""Show""))+(C58<>""Hide"")*(F58<=$O$13))",Backend UI Toggle
MF Lease Up,B59,"=1/(((C59=""Show""))+(C59<>""Hide"")*(F59<=$O$13))",Backend UI Toggle
MF Lease Up,B60,"=1/(((C60=""Show""))+(C60<>""Hide"")*(F60<=$O$13))",Backend UI Toggle
MF Lease Up,B61,"=1/(((C61=""Show""))+(C61<>""Hide"")*(F61<=$O$13))",Backend UI Toggle
MF Lease Up,P61,=$O61/((1+$S$10/12)^$F61),Backend UI Toggle
MF Lease Up,B62,"=1/(((C62=""Show""))+(C62<>""Hide"")*(F62<=$O$13))",Backend UI Toggle
MF Lease Up,B63,"=1/(((C63=""Show""))+(C63<>""Hide"")*(F63<=$O$13))",Backend UI Toggle
MF Lease Up,B64,"=1/(((C64=""Show""))+(C64<>""Hide"")*(F64<=$O$13))",Backend UI Toggle
MF Lease Up,B65,"=1/(((C65=""Show""))+(C65<>""Hide"")*(F65<=$O$13))",Backend UI Toggle
MF Lease Up,B66,"=1/(((C66=""Show""))+(C66<>""Hide"")*(F66<=$O$13))",Backend UI Toggle
MF Lease Up,B67,"=1/(((C67=""Show""))+(C67<>""Hide"")*(F67<=$O$13))",Backend UI Toggle
MF Lease Up,B68,"=1/(((C68=""Show""))+(C68<>""Hide"")*(F68<=$O$13))",Backend UI Toggle
MF Lease Up,B69,"=1/(((C69=""Show""))+(C69<>""Hide"")*(F69<=$O$13))",Backend UI Toggle
MF Lease Up,B70,"=1/(((C70=""Show""))+(C70<>""Hide"")*(F70<=$O$13))",Backend UI Toggle
MF Lease Up,B71,"=1/(((C71=""Show""))+(C71<>""Hide"")*(F71<=$O$13))",Backend UI Toggle
MF Lease Up,P71,=$O71/((1+$S$10/12)^$F71),Backend UI Toggle
MF Lease Up,B72,"=1/(((C72=""Show""))+(C72<>""Hide"")*(F72<=$O$13))",Backend UI Toggle
MF Lease Up,B73,"=1/(((C73=""Show""))+(C73<>""Hide"")*(F73<=$O$13))",Backend UI Toggle
MF Lease Up,B74,"=1/(((C74=""Show""))+(C74<>""Hide"")*(F74<=$O$13))",Backend UI Toggle
MF Lease Up,B75,"=1/(((C75=""Show""))+(C75<>""Hide"")*(F75<=$O$13))",Backend UI Toggle
MF Lease Up,B76,"=1/(((C76=""Show""))+(C76<>""Hide"")*(F76<=$O$13))",Backend UI Toggle
MF Lease Up,B78,"=1/(((C78=""Show""))+(C78<>""Hide"")*(J78+O78))",Backend UI Toggle
MF Lease Up,B79,"=1/(((C79=""Show""))+(C79<>""Hide"")*(J79+O79))",Backend UI Toggle
MF Lease Up,AG91,"=1/((AG92=""Show"")+(AG92<>""Hide""))",Backend UI Toggle
MF Lease Up,AH91,"=1/((AH92=""Show"")+(AH92<>""Hide""))",Backend UI Toggle
MF Lease Up,AI91,"=1/((AI92=""Show"")+(AI92<>""Hide""))",Backend UI Toggle
MF Lease Up,AJ91,"=1/((AJ92=""Show"")+(AJ92<>""Hide""))",Backend UI Toggle
MF Lease Up,AK91,"=1/((AK92=""Show"")+(AK92<>""Hide""))",Backend UI Toggle
MF Lease Up,AL91,"=1/((AL92=""Show"")+(AL92<>""Hide""))",Backend UI Toggle
MF Lease Up,AM91,"=1/((AM92=""Show"")+(AM92<>""Hide""))",Backend UI Toggle
MF Lease Up,Y104,"=1/(((Z104=""Show""))+(Z104<>""Hide"")*(AC104<=$AL$100))",Backend UI Toggle
MF Lease Up,Y105,"=1/(((Z105=""Show""))+(Z105<>""Hide"")*(AC105<=$AL$100))",Backend UI Toggle
MF Lease Up,Y106,"=1/(((Z106=""Show""))+(Z106<>""Hide"")*(AC106<=$AL$100))",Backend UI Toggle
MF Lease Up,Y107,"=1/(((Z107=""Show""))+(Z107<>""Hide"")*(AC107<=$AL$100))",Backend UI Toggle
MF Lease Up,Y108,"=1/(((Z108=""Show""))+(Z108<>""Hide"")*(AC108<=$AL$100))",Backend UI Toggle
MF Lease Up,Y109,"=1/(((Z109=""Show""))+(Z109<>""Hide"")*(AC109<=$AL$100))",Backend UI Toggle
MF Lease Up,Y110,"=1/(((Z110=""Show""))+(Z110<>""Hide"")*(AC110<=$AL$100))",Backend UI Toggle
MF Lease Up,Y111,"=1/(((Z111=""Show""))+(Z111<>""Hide"")*(AC111<=$AL$100))",Backend UI Toggle
MF Lease Up,AM111,=$AL111/((1+$AP$97/12)^$AC111),Backend UI Toggle
MF Lease Up,Y112,"=1/(((Z112=""Show""))+(Z112<>""Hide"")*(AC112<=$AL$100))",Backend UI Toggle
MF Lease Up,Y113,"=1/(((Z113=""Show""))+(Z113<>""Hide"")*(AC113<=$AL$100))",Backend UI Toggle
MF Lease Up,Y114,"=1/(((Z114=""Show""))+(Z114<>""Hide"")*(AC114<=$AL$100))",Backend UI Toggle
MF Lease Up,Y115,"=1/(((Z115=""Show""))+(Z115<>""Hide"")*(AC115<=$AL$100))",Backend UI Toggle
MF Lease Up,Y116,"=1/(((Z116=""Show""))+(Z116<>""Hide"")*(AC116<=$AL$100))",Backend UI Toggle
MF Lease Up,Y117,"=1/(((Z117=""Show""))+(Z117<>""Hide"")*(AC117<=$AL$100))",Backend UI Toggle
MF Lease Up,Y118,"=1/(((Z118=""Show""))+(Z118<>""Hide"")*(AC118<=$AL$100))",Backend UI Toggle
MF Lease Up,Y119,"=1/(((Z119=""Show""))+(Z119<>""Hide"")*(AC119<=$AL$100))",Backend UI Toggle
MF Lease Up,Y120,"=1/(((Z120=""Show""))+(Z120<>""Hide"")*(AC120<=$AL$100))",Backend UI Toggle
MF Lease Up,Y121,"=1/(((Z121=""Show""))+(Z121<>""Hide"")*(AC121<=$AL$100))",Backend UI Toggle
MF Lease Up,AM121,=$AL121/((1+$AP$97/12)^$AC121),Backend UI Toggle
MF Lease Up,Y122,"=1/(((Z122=""Show""))+(Z122<>""Hide"")*(AC122<=$AL$100))",Backend UI Toggle
MF Lease Up,Y123,"=1/(((Z123=""Show""))+(Z123<>""Hide"")*(AC123<=$AL$100))",Backend UI Toggle
MF Lease Up,Y124,"=1/(((Z124=""Show""))+(Z124<>""Hide"")*(AC124<=$AL$100))",Backend UI Toggle
MF Lease Up,Y125,"=1/(((Z125=""Show""))+(Z125<>""Hide"")*(AC125<=$AL$100))",Backend UI Toggle
MF Lease Up,Y126,"=1/(((Z126=""Show""))+(Z126<>""Hide"")*(AC126<=$AL$100))",Backend UI Toggle
MF Lease Up,Y127,"=1/(((Z127=""Show""))+(Z127<>""Hide"")*(AC127<=$AL$100))",Backend UI Toggle
MF Lease Up,Y128,"=1/(((Z128=""Show""))+(Z128<>""Hide"")*(AC128<=$AL$100))",Backend UI Toggle
MF Lease Up,Y129,"=1/(((Z129=""Show""))+(Z129<>""Hide"")*(AC129<=$AL$100))",Backend UI Toggle
MF Lease Up,Y130,"=1/(((Z130=""Show""))+(Z130<>""Hide"")*(AC130<=$AL$100))",Backend UI Toggle
MF Lease Up,Y131,"=1/(((Z131=""Show""))+(Z131<>""Hide"")*(AC131<=$AL$100))",Backend UI Toggle
MF Lease Up,AM131,=$AL131/((1+$AP$97/12)^$AC131),Backend UI Toggle
MF Lease Up,Y132,"=1/(((Z132=""Show""))+(Z132<>""Hide"")*(AC132<=$AL$100))",Backend UI Toggle
MF Lease Up,Y133,"=1/(((Z133=""Show""))+(Z133<>""Hide"")*(AC133<=$AL$100))",Backend UI Toggle
MF Lease Up,Y134,"=1/(((Z134=""Show""))+(Z134<>""Hide"")*(AC134<=$AL$100))",Backend UI Toggle
MF Lease Up,Y135,"=1/(((Z135=""Show""))+(Z135<>""Hide"")*(AC135<=$AL$100))",Backend UI Toggle
MF Lease Up,Y136,"=1/(((Z136=""Show""))+(Z136<>""Hide"")*(AC136<=$AL$100))",Backend UI Toggle
MF Lease Up,Y137,"=1/(((Z137=""Show""))+(Z137<>""Hide"")*(AC137<=$AL$100))",Backend UI Toggle
MF Lease Up,Y138,"=1/(((Z138=""Show""))+(Z138<>""Hide"")*(AC138<=$AL$100))",Backend UI Toggle
MF Lease Up,Y139,"=1/(((Z139=""Show""))+(Z139<>""Hide"")*(AC139<=$AL$100))",Backend UI Toggle
MF Lease Up,Y140,"=1/(((Z140=""Show""))+(Z140<>""Hide"")*(AC140<=$AL$100))",Backend UI Toggle
MF Lease Up,Y141,"=1/(((Z141=""Show""))+(Z141<>""Hide"")*(AC141<=$AL$100))",Backend UI Toggle
MF Lease Up,AM141,=$AL141/((1+$AP$97/12)^$AC141),Backend UI Toggle
MF Lease Up,Y142,"=1/(((Z142=""Show""))+(Z142<>""Hide"")*(AC142<=$AL$100))",Backend UI Toggle
MF Lease Up,Y143,"=1/(((Z143=""Show""))+(Z143<>""Hide"")*(AC143<=$AL$100))",Backend UI Toggle
MF Lease Up,Y144,"=1/(((Z144=""Show""))+(Z144<>""Hide"")*(AC144<=$AL$100))",Backend UI Toggle
MF Lease Up,Y145,"=1/(((Z145=""Show""))+(Z145<>""Hide"")*(AC145<=$AL$100))",Backend UI Toggle
MF Lease Up,Y146,"=1/(((Z146=""Show""))+(Z146<>""Hide"")*(AC146<=$AL$100))",Backend UI Toggle
MF Lease Up,Y147,"=1/(((Z147=""Show""))+(Z147<>""Hide"")*(AC147<=$AL$100))",Backend UI Toggle
MF Lease Up,Y148,"=1/(((Z148=""Show""))+(Z148<>""Hide"")*(AC148<=$AL$100))",Backend UI Toggle
MF Lease Up,Y149,"=1/(((Z149=""Show""))+(Z149<>""Hide"")*(AC149<=$AL$100))",Backend UI Toggle
MF Lease Up,Y150,"=1/(((Z150=""Show""))+(Z150<>""Hide"")*(AC150<=$AL$100))",Backend UI Toggle
MF Lease Up,Y151,"=1/(((Z151=""Show""))+(Z151<>""Hide"")*(AC151<=$AL$100))",Backend UI Toggle
MF Lease Up,AM151,=$AL151/((1+$AP$97/12)^$AC151),Backend UI Toggle
MF Lease Up,Y152,"=1/(((Z152=""Show""))+(Z152<>""Hide"")*(AC152<=$AL$100))",Backend UI Toggle
MF Lease Up,Y153,"=1/(((Z153=""Show""))+(Z153<>""Hide"")*(AC153<=$AL$100))",Backend UI Toggle
MF Lease Up,Y154,"=1/(((Z154=""Show""))+(Z154<>""Hide"")*(AC154<=$AL$100))",Backend UI Toggle
MF Lease Up,Y155,"=1/(((Z155=""Show""))+(Z155<>""Hide"")*(AC155<=$AL$100))",Backend UI Toggle
MF Lease Up,Y156,"=1/(((Z156=""Show""))+(Z156<>""Hide"")*(AC156<=$AL$100))",Backend UI Toggle
MF Lease Up,Y157,"=1/(((Z157=""Show""))+(Z157<>""Hide"")*(AC157<=$AL$100))",Backend UI Toggle
MF Lease Up,Y158,"=1/(((Z158=""Show""))+(Z158<>""Hide"")*(AC158<=$AL$100))",Backend UI Toggle
MF Lease Up,Y159,"=1/(((Z159=""Show""))+(Z159<>""Hide"")*(AC159<=$AL$100))",Backend UI Toggle
MF Lease Up,Y160,"=1/(((Z160=""Show""))+(Z160<>""Hide"")*(AC160<=$AL$100))",Backend UI Toggle
MF Lease Up,Y161,"=1/(((Z161=""Show""))+(Z161<>""Hide"")*(AC161<=$AL$100))",Backend UI Toggle
MF Lease Up,AM161,=$AL161/((1+$AP$97/12)^$AC161),Backend UI Toggle
MF Lease Up,Y162,"=1/(((Z162=""Show""))+(Z162<>""Hide"")*(AC162<=$AL$100))",Backend UI Toggle
MF Lease Up,Y163,"=1/(((Z163=""Show""))+(Z163<>""Hide"")*(AC163<=$AL$100))",Backend UI Toggle
MF Lease Up,Y165,"=1/(((Z165=""Show""))+(Z165<>""Hide"")*(AG165+AL165))",Backend UI Toggle
MF Lease Up,Y166,"=1/(((Z166=""Show""))+(Z166<>""Hide"")*(AG166+AL166))",Backend UI Toggle
MF Lease Up,BJ194,"=1/(((BJ195=""Show""))+(BJ195<>""Hide"")*($BI$193))",Backend UI Toggle
MF Lease Up,BK194,"=1/(((BK195=""Show""))+(BK195<>""Hide"")*(NOT($BI$192)))",Backend UI Toggle
MF Lease Up,BL194,"=1/(((BL195=""Show""))+(BL195<>""Hide""))",Backend UI Toggle
MF Lease Up,BM194,"=1/(((BM195=""Show""))+(BM195<>""Hide""))",Backend UI Toggle
MF Lease Up,BN194,"=1/(((BN195=""Show""))+(BN195<>""Hide"")*(NOT($BI$192)))",Backend UI Toggle
MF Lease Up,BO194,"=1/(((BO195=""Show""))+(BO195<>""Hide""))",Backend UI Toggle
MF Lease Up,BP194,"=1/(((BP195=""Show""))+(BP195<>""Hide""))",Backend UI Toggle
MF Lease Up,BQ194,"=1/(((BQ195=""Show""))+(BQ195<>""Hide"")*(NOT($BI$192)))",Backend UI Toggle
MF Lease Up,BE199,"=1/(((BF199=""Show""))+(BF199<>""Hide"")*(BI199<>"""")*(BP199<>""""))",Backend UI Toggle
MF Lease Up,BE200,"=1/(((BF200=""Show""))+(BF200<>""Hide"")*(BI200<>"""")*(BP200<>""""))",Backend UI Toggle
MF Lease Up,BE201,"=1/(((BF201=""Show""))+(BF201<>""Hide"")*(BI201<>"""")*(BP201<>""""))",Backend UI Toggle
MF Lease Up,BE202,"=1/(((BF202=""Show""))+(BF202<>""Hide"")*(BI202<>"""")*(BP202<>""""))",Backend UI Toggle
MF Lease Up,BE203,"=1/(((BF203=""Show""))+(BF203<>""Hide"")*(BI203<>"""")*(BP203<>""""))",Backend UI Toggle
MF Lease Up,BE204,"=1/(((BF204=""Show""))+(BF204<>""Hide"")*(BI204<>"""")*(BP204<>""""))",Backend UI Toggle
MF Lease Up,BE205,"=1/(((BF205=""Show""))+(BF205<>""Hide"")*(BI205<>"""")*(BP205<>""""))",Backend UI Toggle
MF Lease Up,BE206,"=1/(((BF206=""Show""))+(BF206<>""Hide"")*(BI206<>"""")*(BP206<>""""))",Backend UI Toggle
MF Lease Up,BE207,"=1/(((BF207=""Show""))+(BF207<>""Hide"")*(BI207<>"""")*(BP207<>""""))",Backend UI Toggle
MF Lease Up,BE208,"=1/(((BF208=""Show""))+(BF208<>""Hide"")*(BI208<>"""")*(BP208<>""""))",Backend UI Toggle
MF Lease Up,BE209,"=1/(((BF209=""Show""))+(BF209<>""Hide"")*(BI209<>"""")*(BP209<>""""))",Backend UI Toggle
MF Lease Up,BE210,"=1/(((BF210=""Show""))+(BF210<>""Hide"")*(BI210<>"""")*(BP210<>""""))",Backend UI Toggle
MF Lease Up,BE211,"=1/(((BF211=""Show""))+(BF211<>""Hide"")*(BI211<>"""")*(BP211<>""""))",Backend UI Toggle
MF Lease Up,BE212,"=1/(((BF212=""Show""))+(BF212<>""Hide"")*($BI$193))",Backend UI Toggle
MF Lease Up,CB231,"=1/((CC231=""Show"")+(CC231<>""Hide""))",Backend UI Toggle
MF Lease Up,CB232,"=1/((CC232=""Show"")+(CC232<>""Hide"")*(CL232>0))",Backend UI Toggle
MF Lease Up,CB233,"=1/((CC233=""Show"")+(CC233<>""Hide"")*(CL233>0))",Backend UI Toggle
MF Lease Up,CB234,"=1/((CC234=""Show"")+(CC234<>""Hide"")*(CL234>0))",Backend UI Toggle
MF Lease Up,CB235,"=1/((CC235=""Show"")+(CC235<>""Hide"")*(CL235>0))",Backend UI Toggle
MF Lease Up,CB236,"=1/((CC236=""Show"")+(CC236<>""Hide"")*(CL236>0))",Backend UI Toggle
MF Lease Up,CB237,"=1/((CC237=""Show"")+(CC237<>""Hide"")*(CL237>0))",Backend UI Toggle
MF Lease Up,CB238,"=1/((CC238=""Show"")+(CC238<>""Hide"")*(CL238>0))",Backend UI Toggle
MF Lease Up,CB239,"=1/((CC239=""Show"")+(CC239<>""Hide"")*(CL239>0))",Backend UI Toggle
MF Lease Up,CB240,"=1/((CC240=""Show"")+(CC240<>""Hide"")*(CL240>0))",Backend UI Toggle
MF Lease Up,CB241,"=1/((CC241=""Show"")+(CC241<>""Hide"")*(CL241>0))",Backend UI Toggle
MF Lease Up,CM241,=CL241/(1+$CM$229)^CF241,Backend UI Toggle
MF Lease Up,CB242,"=1/((CC242=""Show"")+(CC242<>""Hide"")*(CL242>0))",Backend UI Toggle
MF Lease Up,CB243,"=1/((CC243=""Show"")+(CC243<>""Hide"")*(CL243>0))",Backend UI Toggle
MF Lease Up,CB244,"=1/((CC244=""Show"")+(CC244<>""Hide"")*(CL244>0))",Backend UI Toggle
MF Lease Up,CB245,"=1/((CC245=""Show"")+(CC245<>""Hide"")*(CL245>0))",Backend UI Toggle
MF Lease Up,CB246,"=1/((CC246=""Show"")+(CC246<>""Hide"")*(CL246>0))",Backend UI Toggle
MF Lease Up,CB247,"=1/((CC247=""Show"")+(CC247<>""Hide"")*(CL247>0))",Backend UI Toggle
MF Lease Up,CB248,"=1/((CC248=""Show"")+(CC248<>""Hide"")*(CL248>0))",Backend UI Toggle
MF Lease Up,CB249,"=1/((CC249=""Show"")+(CC249<>""Hide"")*(CL249>0))",Backend UI Toggle
MF Lease Up,CB250,"=1/((CC250=""Show"")+(CC250<>""Hide"")*(CL250>0))",Backend UI Toggle
MF Lease Up,CB251,"=1/((CC251=""Show"")+(CC251<>""Hide"")*(CL251>0))",Backend UI Toggle
MF Lease Up,CM251,=CL251/(1+$CM$229)^CF251,Backend UI Toggle
MF Lease Up,CB252,"=1/((CC252=""Show"")+(CC252<>""Hide""))",Backend UI Toggle
MF Lease Up,CB253,"=1/((CC253=""Show"")+(CC253<>""Hide""))",Backend UI Toggle
MF Lease Up,CB254,"=1/((CC254=""Show"")+(CC254<>""Hide""))",Backend UI Toggle
MF Lease Up,CB255,"=1/((CC255=""Show"")+(CC255<>""Hide""))",Backend UI Toggle
MF Lease Up,CR267,"=1/((CS267=""Show"")+(CS267<>""Hide"")*(CV267<>""""))",Backend UI Toggle
MF Lease Up,CR270,"=1/((CS270=""Show"")+(CS270<>""Hide"")*(CV270<>""""))",Backend UI Toggle
MF Lease Up,CR273,"=1/((CS273=""Show"")+(CS273<>""Hide"")*(CV273<>""""))",Backend UI Toggle
MF Lease Up,CR276,"=1/((CS276=""Show"")+(CS276<>""Hide"")*(CV276<>""""))",Backend UI Toggle
MF Lease Up,DY295,"=1/((DY296=""Show"")+(DY296<>""Hide""))",Backend UI Toggle
MF Lease Up,DZ295,"=1/((DZ296=""Show"")+(DZ296<>""Hide""))",Backend UI Toggle
MF Lease Up,EK306,"=1/((EK307=""Show"")+(EK307<>""Hide""))",Backend UI Toggle
MF Lease Up,EL306,"=1/((EL307=""Show"")+(EL307<>""Hide""))",Backend UI Toggle
MF Lease Up,EM306,"=1/((EM307=""Show"")+(EM307<>""Hide""))",Backend UI Toggle
MF Lease Up,EN306,"=1/((EN307=""Show"")+(EN307<>""Hide""))",Backend UI Toggle
MF Lease Up,EO306,"=1/((EO307=""Show"")+(EO307<>""Hide""))",Backend UI Toggle
MF Lease Up,EP306,"=1/((EP307=""Show"")+(EP307<>""Hide""))",Backend UI Toggle
MF Lease Up,EQ306,"=1/((EQ307=""Show"")+(EQ307<>""Hide""))",Backend UI Toggle
MF Lease Up,ER306,"=1/((ER307=""Show"")+(ER307<>""Hide""))",Backend UI Toggle
MF Lease Up,ES306,"=1/((ES307=""Show"")+(ES307<>""Hide""))",Backend UI Toggle
MF Lease Up,ET306,"=1/((ET307=""Show"")+(ET307<>""Hide""))",Backend UI Toggle
MF Lease Up,EF312,"=1/((EG312=""Show"")+(EG312<>""Hide"")*(EM312>0))",Backend UI Toggle
MF Lease Up,EF313,"=1/((EG313=""Show"")+(EG313<>""Hide"")*(EM313>0))",Backend UI Toggle
MF Lease Up,EF314,"=1/((EG314=""Show"")+(EG314<>""Hide"")*(EM314>0))",Backend UI Toggle
MF Lease Up,EF315,"=1/((EG315=""Show"")+(EG315<>""Hide"")*(EM315>0))",Backend UI Toggle
MF Lease Up,EF316,"=1/((EG316=""Show"")+(EG316<>""Hide"")*(EM316>0))",Backend UI Toggle
MF Lease Up,EF317,"=1/((EG317=""Show"")+(EG317<>""Hide"")*(EM317>0))",Backend UI Toggle
MF Lease Up,EF318,"=1/((EG318=""Show"")+(EG318<>""Hide"")*(EM318>0))",Backend UI Toggle
MF Lease Up,EF319,"=1/((EG319=""Show"")+(EG319<>""Hide"")*(EM319>0))",Backend UI Toggle
MF Lease Up,EF320,"=1/((EG320=""Show"")+(EG320<>""Hide"")*(EM320>0))",Backend UI Toggle
MF Lease Up,EF321,"=1/((EG321=""Show"")+(EG321<>""Hide"")*(EM321>0))",Backend UI Toggle
MF Lease Up,EF324,"=1/((EG324=""Show"")+(EG324<>""Hide"")*(EM324>0))",Backend UI Toggle
MF Lease Up,EF325,"=1/((EG325=""Show"")+(EG325<>""Hide"")*(EM325>0))",Backend UI Toggle
MF Lease Up,EF326,"=1/((EG326=""Show"")+(EG326<>""Hide"")*(EM326>0))",Backend UI Toggle
MF Lease Up,EF327,"=1/((EG327=""Show"")+(EG327<>""Hide"")*(EM327>0))",Backend UI Toggle
MF Lease Up,EF328,"=1/((EG328=""Show"")+(EG328<>""Hide"")*(EM328>0))",Backend UI Toggle
MF Lease Up,EF329,"=1/((EG329=""Show"")+(EG329<>""Hide"")*(EM329>0))",Backend UI Toggle
MF Lease Up,EF330,"=1/((EG330=""Show"")+(EG330<>""Hide"")*(EM330>0))",Backend UI Toggle
MF Lease Up,EF331,"=1/((EG331=""Show"")+(EG331<>""Hide"")*(EM331>0))",Backend UI Toggle
MF Lease Up,EF332,"=1/((EG332=""Show"")+(EG332<>""Hide"")*(EM332>0))",Backend UI Toggle
MF Lease Up,EF333,"=1/((EG333=""Show"")+(EG333<>""Hide"")*(EM333>0))",Backend UI Toggle
MF Lease Up,EF336,"=1/((EG336=""Show"")+(EG336<>""Hide"")*(EM336>0))",Backend UI Toggle
MF Lease Up,EF337,"=1/((EG337=""Show"")+(EG337<>""Hide"")*(EM337>0))",Backend UI Toggle
MF Lease Up,EF338,"=1/((EG338=""Show"")+(EG338<>""Hide"")*(EM338>0))",Backend UI Toggle
MF Lease Up,EF339,"=1/((EG339=""Show"")+(EG339<>""Hide"")*(EM339>0))",Backend UI Toggle
MF Lease Up,EF340,"=1/((EG340=""Show"")+(EG340<>""Hide"")*(EM340>0))",Backend UI Toggle
MF Lease Up,EF343,"=1/((EG343=""Show"")+(EG343<>""Hide"")*(EM343>0))",Backend UI Toggle
MF Lease Up,EF344,"=1/((EG344=""Show"")+(EG344<>""Hide"")*(EM344>0))",Backend UI Toggle
MF Lease Up,EF345,"=1/((EG345=""Show"")+(EG345<>""Hide"")*(EM345>0))",Backend UI Toggle
MF Lease Up,EF346,"=1/((EG346=""Show"")+(EG346<>""Hide"")*(EM346>0))",Backend UI Toggle
MF Lease Up,EF347,"=1/((EG347=""Show"")+(EG347<>""Hide"")*(EM347>0))",Backend UI Toggle
DirectCapConclusion,B7,"=1/(((C7=""Show""))+(C7<>""Hide"")*(F7<>""""))",Backend UI Toggle
DirectCapConclusion,B8,"=1/(((C8=""Show""))+(C8<>""Hide"")*(F8<>""""))",Backend UI Toggle
DirectCapConclusion,B9,"=1/(((C9=""Show""))+(C9<>""Hide"")*(F9<>""""))",Backend UI Toggle
DirectCapConclusion,B10,"=1/(((C10=""Show""))+(C10<>""Hide"")*(F10<>""""))",Backend UI Toggle
DirectCapConclusion,B11,"=1/(((C11=""Show""))+(C11<>""Hide"")*(F11<>""""))",Backend UI Toggle
DirectCapConclusion,B12,"=1/(((C12=""Show""))+(C12<>""Hide"")*(F12<>"""")*(OR(pvaPropertyTypeKey=""Multi-Family|Affordable"",pvaPropertyTypeKey=""Multi-Family|Mobile/Manufactured Home Park"")))",Backend UI Toggle
DirectCapConclusion,B13,"=1/(((C13=""Show""))+(C13<>""Hide"")*(F13<>"""")*(OR(pvaPropertyTypeKey=""Multi-Family|Affordable"",pvaPropertyTypeKey=""Multi-Family|Mobile/Manufactured Home Park"")))",Backend UI Toggle
DirectCapConclusion,B14,"=1/(((C14=""Show""))+(C14<>""Hide"")*(F14<>""""))",Backend UI Toggle
DirectCapConclusion,S20,"=1/((S21=""Show"")+(S21<>""Hide"")*(pvaPropertyTypeKey=""Lodging & Hospitality|All""))",Backend UI Toggle
DirectCapConclusion,T20,"=1/((T21=""Show"")+(T21<>""Hide"")*(pvaPropertyTypeKey=""Lodging & Hospitality|All""))",Backend UI Toggle
DirectCapConclusion,U20,"=1/((U21=""Show"")+(U21<>""Hide"")*(pvaPropertyTypeKey=""Lodging & Hospitality|All""))",Backend UI Toggle
DirectCapConclusion,V20,"=1/((V21=""Show"")+(V21<>""Hide"")*(pvaPropertyTypeKey=""Lodging & Hospitality|All""))",Backend UI Toggle
DirectCapConclusion,W20,"=1/((W21=""Show"")+(W21<>""Hide"")*(pvaPropertyTypeKey=""Lodging & Hospitality|All""))",Backend UI Toggle
DirectCapConclusion,X20,"=1/((X21=""Show"")+(X21<>""Hide"")*(pvaPropertyTypeKey=""Lodging & Hospitality|All""))",Backend UI Toggle
DirectCapConclusion,Y20,"=1/((Y21=""Show"")+(Y21<>""Hide"")*(pvaPropertyTypeKey=""Lodging & Hospitality|All""))",Backend UI Toggle
DirectCapConclusion,Z20,"=1/((Z21=""Show"")+(Z21<>""Hide"")*(pvaPropertyTypeKey=""Lodging & Hospitality|All""))",Backend UI Toggle
DirectCapConclusion,AA20,"=1/((AA21=""Show"")+(AA21<>""Hide"")*(pvaPropertyTypeKey=""Lodging & Hospitality|All""))",Backend UI Toggle
DirectCapConclusion,AB20,"=1/((AB21=""Show"")+(AB21<>""Hide"")*(pvaPropertyTypeKey=""Lodging & Hospitality|All""))",Backend UI Toggle
DirectCapConclusion,AC20,"=1/((AC21=""Show"")+(AC21<>""Hide"")*(pvaPropertyTypeKey=""Lodging & Hospitality|All""))",Backend UI Toggle
DirectCapConclusion,AD20,"=1/((AD21=""Show"")+(AD21<>""Hide"")*(pvaPropertyTypeKey=""Lodging & Hospitality|All""))",Backend UI Toggle
DirectCapConclusion,AE20,"=1/((AE21=""Show"")+(AE21<>""Hide"")*SUBTOTAL(109,AE32,AE45,AE58))",Backend UI Toggle
DirectCapConclusion,AF20,"=1/((AF21=""Show"")+(AF21<>""Hide"")*SUBTOTAL(109,AF32,AF45,AF58))",Backend UI Toggle
DirectCapConclusion,AG20,"=1/((AG21=""Show"")+(AG21<>""Hide"")*SUBTOTAL(109,AG32,AG45,AG58))",Backend UI Toggle
DirectCapConclusion,AH20,"=1/((AH21=""Show"")+(AH21<>""Hide"")*SUBTOTAL(109,AH32,AH45,AH58))",Backend UI Toggle
DirectCapConclusion,AI20,"=1/((AI21=""Show"")+(AI21<>""Hide"")*SUBTOTAL(109,AI32,AI45,AI58))",Backend UI Toggle
DirectCapConclusion,AJ20,"=1/((AJ21=""Show"")+(AJ21<>""Hide"")*SUBTOTAL(109,AJ32,AJ45,AJ58))",Backend UI Toggle
DirectCapConclusion,AK20,"=1/((AK21=""Show"")+(AK21<>""Hide"")*SUBTOTAL(109,AK32,AK45,AK58))",Backend UI Toggle
DirectCapConclusion,AL20,"=1/((AL21=""Show"")+(AL21<>""Hide"")*(pvaPropertyTypeKey=""Lodging & Hospitality|All""))",Backend UI Toggle
DirectCapConclusion,N24,"=1/((O24=""Show"")+(O24<>""Hide"")*(AF24<>""""))",Backend UI Toggle
DirectCapConclusion,N25,"=1/((O25=""Show"")+(O25<>""Hide"")*(AF25)*(N$24)*(pvaPropertyTypeKey<>""Lodging & Hospitality|All""))",Backend UI Toggle
DirectCapConclusion,N26,"=1/((O26=""Show"")+(O26<>""Hide"")*(AF26)*(N$24)*(pvaPropertyTypeKey<>""Lodging & Hospitality|All""))",Backend UI Toggle
DirectCapConclusion,N27,"=1/((O27=""Show"")+(O27<>""Hide"")*(AF27)*(N$24))",Backend UI Toggle
DirectCapConclusion,N28,"=1/((O28=""Show"")+(O28<>""Hide"")*(AF28)*(N$24)*(pvaPropertyTypeKey=""Lodging & Hospitality|All""))",Backend UI Toggle
DirectCapConclusion,N29,"=1/((O29=""Show"")+(O29<>""Hide"")*(AF29)*(N$24)*(pvaPropertyTypeKey=""Lodging & Hospitality|All""))",Backend UI Toggle
DirectCapConclusion,N30,"=1/((O30=""Show"")+(O30<>""Hide"")*(AF30)*(N$24))",Backend UI Toggle
DirectCapConclusion,N31,"=1/((O31=""Show"")+(O31<>""Hide"")*(((N1AsStabilizedValueDate<>"""")+(pvaPropertyTypeKey=""Lodging & Hospitality|All""))))",Backend UI Toggle
DirectCapConclusion,N32,"=1/((O32=""Show"")+(O32<>""Hide"")*(N1AsStabilizedValueDate)*(pvaPropertyTypeKey<>""Lodging & Hospitality|All""))",Backend UI Toggle
DirectCapConclusion,N34,"=1/((O34=""Show"")+(O34<>""Hide"")*AF34*NOT(AF34=AF24))",Backend UI Toggle
DirectCapConclusion,N35,"=1/((O35=""Show"")+(O35<>""Hide"")*(R35<>"""")*(N$34)*SUM(S35:AL35))",Backend UI Toggle
DirectCapConclusion,N37,"=1/((O37=""Show"")+(O37<>""Hide"")*(R37<>"""")*(N$34)*SUM(S37:AL37))",Backend UI Toggle
DirectCapConclusion,N38,"=1/((O38=""Show"")+(O38<>""Hide"")*(R38<>"""")*(N$34)*SUM(S38:AL38))",Backend UI Toggle
DirectCapConclusion,N39,"=1/((O39=""Show"")+(O39<>""Hide"")*(R39<>"""")*(N$34)*SUM(S39:AL39))",Backend UI Toggle
DirectCapConclusion,N40,"=1/((O40=""Show"")+(O40<>""Hide"")*(R40<>"""")*(N$34)*SUM(S40:AL40))",Backend UI Toggle
DirectCapConclusion,N41,"=1/((O41=""Show"")+(O41<>""Hide"")*(R41<>"""")*(N$34)*SUM(S41:AL41))",Backend UI Toggle
DirectCapConclusion,N42,"=1/((O42=""Show"")+(O42<>""Hide"")*(R42<>"""")*(N$34)*SUM(S42:AL42))",Backend UI Toggle
DirectCapConclusion,N43,"=1/((O43=""Show"")+(O43<>""Hide"")*(R43<>"""")*(N$34)*SUM(S43:AL43))",Backend UI Toggle
DirectCapConclusion,N44,"=1/((O44=""Show"")+(O44<>""Hide"")*(N1AsCompleteValueDate))",Backend UI Toggle
DirectCapConclusion,N45,"=1/((O45=""Show"")+(O45<>""Hide"")*(N1AsCompleteValueDate))",Backend UI Toggle
DirectCapConclusion,N47,"=1/((O47=""Show"")+(O47<>""Hide"")*AF47*(NOT(AF47=AF24))*(pvaPropertyTypeKey<>""Lodging & Hospitality|All""))",Backend UI Toggle
DirectCapConclusion,N48,"=1/((O48=""Show"")+(O48<>""Hide"")*(R48<>"""")*(N$47)*SUM(S48:AL48)*(pvaPropertyTypeKey<>""Lodging & Hospitality|All""))",Backend UI Toggle
DirectCapConclusion,N50,"=1/((O50=""Show"")+(O50<>""Hide"")*(R50<>"""")*(NOT(ISERROR($N$47))+(pvaPropertyTypeKey=""Lodging & Hospitality|All""))*SUM(S50:AL50))",Backend UI Toggle
DirectCapConclusion,N51,"=1/((O51=""Show"")+(O51<>""Hide"")*(R51<>"""")*(NOT(ISERROR($N$47))+(pvaPropertyTypeKey=""Lodging & Hospitality|All""))*SUM(S51:AL51))",Backend UI Toggle
DirectCapConclusion,N52,"=1/((O52=""Show"")+(O52<>""Hide"")*(R52<>"""")*(NOT(ISERROR($N$47))+(pvaPropertyTypeKey=""Lodging & Hospitality|All""))*SUM(S52:AL52))",Backend UI Toggle
DirectCapConclusion,N53,"=1/((O53=""Show"")+(O53<>""Hide"")*(R53<>"""")*(NOT(ISERROR($N$47))+(pvaPropertyTypeKey=""Lodging & Hospitality|All""))*SUM(S53:AL53))",Backend UI Toggle
DirectCapConclusion,N54,"=1/((O54=""Show"")+(O54<>""Hide"")*(R54<>"""")*(NOT(ISERROR($N$47))+(pvaPropertyTypeKey=""Lodging & Hospitality|All""))*SUM(S54:AL54))",Backend UI Toggle
DirectCapConclusion,N55,"=1/((O55=""Show"")+(O55<>""Hide"")*(R55<>"""")*(NOT(ISERROR($N$47))+(pvaPropertyTypeKey=""Lodging & Hospitality|All""))*SUM(S55:AL55))",Backend UI Toggle
DirectCapConclusion,N56,"=1/((O56=""Show"")+(O56<>""Hide"")*(R56<>"""")*(NOT(ISERROR($N$47))+(pvaPropertyTypeKey=""Lodging & Hospitality|All""))*SUM(S56:AL56))",Backend UI Toggle
DirectCapConclusion,N57,"=1/((O57=""Show"")+(O57<>""Hide"")*(N1AsIsValueDate))",Backend UI Toggle
DirectCapConclusion,N58,"=1/((O58=""Show"")+(O58<>""Hide"")*(N1AsIsValueDate))",Backend UI Toggle
DirectCapConclusion,N59,"=1/((O59=""Show"")+(O59<>""Hide"")*(SUM(AF59:AL59)>0)*(NOT(ISERROR(N$47))+(pvaPropertyTypeKey=""Lodging & Hospitality|All"")))",Backend UI Toggle
DirectCapConclusion,BG66,"=1/((BG67=""Show"")+(BG67<>""Hide"")*SUM(BG84,BG116,BG118))",Backend UI Toggle
DirectCapConclusion,BH66,"=1/((BH67=""Show"")+(BH67<>""Hide"")*SUM(BH84,BH116,BH118))",Backend UI Toggle
DirectCapConclusion,BI66,"=1/((BI67=""Show"")+(BI67<>""Hide"")*SUM(BI84,BI116,BI118))",Backend UI Toggle
DirectCapConclusion,BJ66,"=1/((BJ67=""Show"")+(BJ67<>""Hide"")*SUM(BJ84,BJ116,BJ118))",Backend UI Toggle
DirectCapConclusion,BK66,"=1/((BK67=""Show"")+(BK67<>""Hide"")*SUM(BK84,BK116,BK118))",Backend UI Toggle
DirectCapConclusion,BL66,"=1/((BL67=""Show"")+(BL67<>""Hide"")*SUM(BL84,BL116,BL118))",Backend UI Toggle
DirectCapConclusion,BB73,"=1/((BC73=""Show"")+(BC73<>""Hide"")*((BF73<>"""")*SUM(BG73:BL73))*$BA$70)",Backend UI Toggle
DirectCapConclusion,BB74,"=1/((BC74=""Show"")+(BC74<>""Hide"")*((BF74<>"""")*SUM(BG74:BL74))*$BA$70)",Backend UI Toggle
DirectCapConclusion,BB75,"=1/((BC75=""Show"")+(BC75<>""Hide"")*((BF75<>"""")*SUM(BG75:BL75))*$BA$70)",Backend UI Toggle
DirectCapConclusion,BB76,"=1/((BC76=""Show"")+(BC76<>""Hide"")*((BF76<>"""")*SUM(BG76:BL76))*$BA$70)",Backend UI Toggle
DirectCapConclusion,BB77,"=1/((BC77=""Show"")+(BC77<>""Hide"")*((BF77<>"""")*SUM(BG77:BL77))*$BA$70)",Backend UI Toggle
DirectCapConclusion,BB78,"=1/((BC78=""Show"")+(BC78<>""Hide"")*((BF78<>"""")*SUM(BG78:BL78))*$BA$70)",Backend UI Toggle
DirectCapConclusion,BB79,"=1/((BC79=""Show"")+(BC79<>""Hide"")*((BF79<>"""")*SUM(BG79:BL79))*$BA$70)",Backend UI Toggle
DirectCapConclusion,BB80,"=1/((BC80=""Show"")+(BC80<>""Hide"")*((BF80<>"""")*SUM(BG80:BL80))*$BA$70)",Backend UI Toggle
DirectCapConclusion,BB81,"=1/((BC81=""Show"")+(BC81<>""Hide"")*((BF81<>"""")*SUM(BG81:BL81))*$BA$70)",Backend UI Toggle
DirectCapConclusion,BB82,"=1/((BC82=""Show"")+(BC82<>""Hide"")*((BF82<>"""")*SUM(BG82:BL82))*$BA$70)",Backend UI Toggle
DirectCapConclusion,BB83,"=1/((BC83=""Show"")+(BC83<>""Hide"")*((BF83<>"""")*SUM(BG83:BL83))*$BA$70)",Backend UI Toggle
DirectCapConclusion,BB86,"=1/((BC86=""Show"")+(BC86<>""Hide"")*((BF86<>"""")*SUM(BG86:BL86))*$BA$70)",Backend UI Toggle
DirectCapConclusion,BB87,"=1/((BC87=""Show"")+(BC87<>""Hide"")*((BF87<>"""")*SUM(BG87:BL87))*$BA$70)",Backend UI Toggle
DirectCapConclusion,BB88,"=1/((BC88=""Show"")+(BC88<>""Hide"")*((BF88<>"""")*SUM(BG88:BL88))*$BA$70)",Backend UI Toggle
DirectCapConclusion,BB89,"=1/((BC89=""Show"")+(BC89<>""Hide"")*((BF89<>"""")*SUM(BG89:BL89))*$BA$70)",Backend UI Toggle
DirectCapConclusion,BB90,"=1/((BC90=""Show"")+(BC90<>""Hide"")*((BF90<>"""")*SUM(BG90:BL90))*$BA$70)",Backend UI Toggle
DirectCapConclusion,BB91,"=1/((BC91=""Show"")+(BC91<>""Hide"")*((BF91<>"""")*SUM(BG91:BL91))*$BA$70)",Backend UI Toggle
DirectCapConclusion,BB92,"=1/((BC92=""Show"")+(BC92<>""Hide"")*((BF92<>"""")*SUM(BG92:BL92))*$BA$70)",Backend UI Toggle
DirectCapConclusion,BB93,"=1/((BC93=""Show"")+(BC93<>""Hide"")*((BF93<>"""")*SUM(BG93:BL93))*$BA$70)",Backend UI Toggle
DirectCapConclusion,BB94,"=1/((BC94=""Show"")+(BC94<>""Hide"")*((BF94<>"""")*SUM(BG94:BL94))*$BA$70)",Backend UI Toggle
DirectCapConclusion,BB95,"=1/((BC95=""Show"")+(BC95<>""Hide"")*((BF95<>"""")*SUM(BG95:BL95))*$BA$70)",Backend UI Toggle
DirectCapConclusion,BB96,"=1/((BC96=""Show"")+(BC96<>""Hide"")*((BF96<>"""")*SUM(BG96:BL96))*$BA$70)",Backend UI Toggle
DirectCapConclusion,BB97,"=1/((BC97=""Show"")+(BC97<>""Hide"")*((BF97<>"""")*SUM(BG97:BL97))*$BA$70)",Backend UI Toggle
DirectCapConclusion,BB98,"=1/((BC98=""Show"")+(BC98<>""Hide"")*((BF98<>"""")*SUM(BG98:BL98))*$BA$70)",Backend UI Toggle
DirectCapConclusion,BB99,"=1/((BC99=""Show"")+(BC99<>""Hide"")*((BF99<>"""")*SUM(BG99:BL99))*$BA$70)",Backend UI Toggle
DirectCapConclusion,BB100,"=1/((BC100=""Show"")+(BC100<>""Hide"")*((BF100<>"""")*SUM(BG100:BL100))*$BA$70)",Backend UI Toggle
DirectCapConclusion,BB101,"=1/((BC101=""Show"")+(BC101<>""Hide"")*((BF101<>"""")*SUM(BG101:BL101))*$BA$70)",Backend UI Toggle
DirectCapConclusion,BB102,"=1/((BC102=""Show"")+(BC102<>""Hide"")*((BF102<>"""")*SUM(BG102:BL102))*$BA$70)",Backend UI Toggle
DirectCapConclusion,BB103,"=1/((BC103=""Show"")+(BC103<>""Hide"")*((BF103<>"""")*SUM(BG103:BL103))*$BA$70)",Backend UI Toggle
DirectCapConclusion,BB104,"=1/((BC104=""Show"")+(BC104<>""Hide"")*((BF104<>"""")*SUM(BG104:BL104))*$BA$70)",Backend UI Toggle
DirectCapConclusion,BB105,"=1/((BC105=""Show"")+(BC105<>""Hide"")*((BF105<>"""")*SUM(BG105:BL105))*$BA$70)",Backend UI Toggle
DirectCapConclusion,BB106,"=1/((BC106=""Show"")+(BC106<>""Hide"")*((BF106<>"""")*SUM(BG106:BL106))*$BA$70)",Backend UI Toggle
DirectCapConclusion,BB107,"=1/((BC107=""Show"")+(BC107<>""Hide"")*((BF107<>"""")*SUM(BG107:BL107))*$BA$70)",Backend UI Toggle
DirectCapConclusion,BB108,"=1/((BC108=""Show"")+(BC108<>""Hide"")*((BF108<>"""")*SUM(BG108:BL108))*$BA$70)",Backend UI Toggle
DirectCapConclusion,BB109,"=1/((BC109=""Show"")+(BC109<>""Hide"")*((BF109<>"""")*SUM(BG109:BL109))*$BA$70)",Backend UI Toggle
DirectCapConclusion,BB110,"=1/((BC110=""Show"")+(BC110<>""Hide"")*((BF110<>"""")*SUM(BG110:BL110))*$BA$70)",Backend UI Toggle
DirectCapConclusion,BB111,"=1/((BC111=""Show"")+(BC111<>""Hide"")*((BF111<>"""")*SUM(BG111:BL111))*$BA$70)",Backend UI Toggle
DirectCapConclusion,BB112,"=1/((BC112=""Show"")+(BC112<>""Hide"")*((BF112<>"""")*SUM(BG112:BL112))*$BA$70)",Backend UI Toggle
DirectCapConclusion,BB113,"=1/((BC113=""Show"")+(BC113<>""Hide"")*((BF113<>"""")*SUM(BG113:BL113))*$BA$70)",Backend UI Toggle
DirectCapConclusion,BB114,"=1/((BC114=""Show"")+(BC114<>""Hide"")*((BF114<>"""")*SUM(BG114:BL114))*$BA$70)",Backend UI Toggle
DirectCapConclusion,BB115,"=1/((BC115=""Show"")+(BC115<>""Hide"")*((BF115<>"""")*SUM(BG115:BL115))*$BA$70)",Backend UI Toggle
DirectCapConclusion,BB117,"=1/((BC117=""Show"")+(BC117<>""Hide"")*((BF117<>"""")*SUM(BG117:BL117))*$BA$70)",Backend UI Toggle
DirectCapConclusion,BB122,"=1/((BC122=""Show"")+(BC122<>""Hide"")*((BF122<>"""")*SUM(BG122:BL122)))",Backend UI Toggle
DirectCapConclusion,BB123,"=1/((BC123=""Show"")+(BC123<>""Hide"")*((BF123<>"""")*SUM(BG123:BL123)))",Backend UI Toggle
DirectCapConclusion,BB124,"=1/((BC124=""Show"")+(BC124<>""Hide"")*((BF124<>"""")*SUM(BG124:BL124)))",Backend UI Toggle
DirectCapConclusion,BB125,"=1/((BC125=""Show"")+(BC125<>""Hide"")*((BF125<>"""")*SUM(BG125:BL125)))",Backend UI Toggle
DirectCapConclusion,BB126,"=1/((BC126=""Show"")+(BC126<>""Hide"")*((BF126<>"""")*SUM(BG126:BL126)))",Backend UI Toggle
DirectCapConclusion,BB127,"=1/((BC127=""Show"")+(BC127<>""Hide"")*((BF127<>"""")*SUM(BG127:BL127)))",Backend UI Toggle
DirectCapConclusion,BB128,"=1/((BC128=""Show"")+(BC128<>""Hide"")*((BF128<>"""")*SUM(BG128:BL128)))",Backend UI Toggle
DirectCapConclusion,BB131,"=1/((BC131=""Show"")+(BC131<>""Hide"")*(BF131<>"""")*$BA$70*(NOT(pvaIsJobSeniors)))",Backend UI Toggle
DirectCapConclusion,BU139,"=1/((BU140=""Show"")+(BU140<>""Hide""))",Backend UI Toggle
DirectCapConclusion,BV139,"=1/((BV140=""Show"")+(BV140<>""Hide""))",Backend UI Toggle
DirectCapConclusion,BW139,"=1/((BW140=""Show"")+(BW140<>""Hide""))",Backend UI Toggle
DirectCapConclusion,BP144,"=1/((BQ144=""Show"")+(BQ144<>""Hide""))",Backend UI Toggle
DirectCapConclusion,BP145,"=1/((BQ145=""Show"")+(BQ145<>""Hide"")*SUM(BU145:BW145))",Backend UI Toggle
DirectCapConclusion,BP146,"=1/((BQ146=""Show"")+(BQ146<>""Hide"")*SUM(BU146:BW146)*(pvaPropertyTypeKey=""Lodging & Hospitality|All""))",Backend UI Toggle
DirectCapConclusion,BP148,"=1/((BQ148=""Show"")+(BQ148<>""Hide"")*SUM(BU148:BW148)*(pvaPropertyTypeKey=""Lodging & Hospitality|All""))",Backend UI Toggle
DirectCapConclusion,BP149,"=1/((BQ149=""Show"")+(BQ149<>""Hide"")*SUM(BU149:BW149)*(pvaPropertyTypeKey=""Lodging & Hospitality|All""))",Backend UI Toggle
DirectCapConclusion,BP153,"=1/((BQ153=""Show"")+(BQ153<>""Hide"")*SUM(BU153:BW153)*(pvaPropertyTypeKey=""Lodging & Hospitality|All""))",Backend UI Toggle
DirectCapConclusion,CE163,"=1/((CE161=""Show"")+(CE161<>""Hide"")*CE171)",Backend UI Toggle
DirectCapConclusion,CF163,"=1/((CF161=""Show"")+(CF161<>""Hide"")*CF171)",Backend UI Toggle
DirectCapConclusion,CG163,"=1/((CG161=""Show"")+(CG161<>""Hide"")*CG171)",Backend UI Toggle
DirectCapConclusion,CH163,"=1/((CH161=""Show"")+(CH161<>""Hide"")*CH171)",Backend UI Toggle
DirectCapConclusion,CI163,"=1/((CI161=""Show"")+(CI161<>""Hide"")*CI171)",Backend UI Toggle
DirectCapConclusion,CJ163,"=1/((CJ161=""Show"")+(CJ161<>""Hide"")*CJ171)",Backend UI Toggle
DirectCapConclusion,CM189,"=1/(((CN189=""Show""))+(CN189<>""Hide""))",Backend UI Toggle
DirectCapConclusion,CM190,"=1/(((CN190=""Show""))+(CN190<>""Hide""))",Backend UI Toggle
DirectCapConclusion,CM191,"=1/(((CN191=""Show""))+(CN191<>""Hide""))",Backend UI Toggle
DirectCapConclusion,DX265,"=1/((DX266=""Show"")+(DX266<>""Hide"")*((DX271<>0)+(DX272<>0)))",Backend UI Toggle
DirectCapConclusion,DY265,"=1/((DY266=""Show"")+(DY266<>""Hide"")*((DY271<>0)+(DY272<>0)))",Backend UI Toggle
DirectCapConclusion,DZ265,"=1/((DZ266=""Show"")+(DZ266<>""Hide"")*((DZ271<>0)+(DZ272<>0)))",Backend UI Toggle
DirectCapConclusion,EA265,"=1/((EA266=""Show"")+(EA266<>""Hide"")*((EA271<>0)+(EA272<>0)))",Backend UI Toggle
DirectCapConclusion,EB265,"=1/((EB266=""Show"")+(EB266<>""Hide"")*((EB271<>0)+(EB272<>0)))",Backend UI Toggle
DirectCapConclusion,EC265,"=1/((EC266=""Show"")+(EC266<>""Hide"")*((EC271<>0)+(EC272<>0)))",Backend UI Toggle
DirectCapConclusion,ED265,"=1/((ED266=""Show"")+(ED266<>""Hide"")*((ED271<>0)+(ED272<>0)))",Backend UI Toggle
DirectCapConclusion,EE265,"=1/((EE266=""Show"")+(EE266<>""Hide"")*((EE271<>0)+(EE272<>0)))",Backend UI Toggle
DirectCapConclusion,EF265,"=1/((EF266=""Show"")+(EF266<>""Hide"")*((EF271<>0)+(EF272<>0)))",Backend UI Toggle
DirectCapConclusion,EG265,"=1/((EG266=""Show"")+(EG266<>""Hide"")*((EG271<>0)+(EG272<>0)))",Backend UI Toggle
DirectCapConclusion,EH265,"=1/((EH266=""Show"")+(EH266<>""Hide"")*((EH271<>0)+(EH272<>0)))",Backend UI Toggle
DirectCapConclusion,EI265,"=1/((EI266=""Show"")+(EI266<>""Hide"")*((EI271<>0)+(EI272<>0)))",Backend UI Toggle
DirectCapConclusion,EJ265,"=1/((EJ266=""Show"")+(EJ266<>""Hide"")*((EJ271<>0)+(EJ272<>0)))",Backend UI Toggle
DirectCapConclusion,EK265,"=1/((EK266=""Show"")+(EK266<>""Hide"")*((EK271<>0)+(EK272<>0)))",Backend UI Toggle
DirectCapConclusion,EL265,"=1/((EL266=""Show"")+(EL266<>""Hide"")*((EL271<>0)+(EL272<>0)))",Backend UI Toggle
DirectCapConclusion,EM265,"=1/((EM266=""Show"")+(EM266<>""Hide"")*((EM271<>0)+(EM272<>0)))",Backend UI Toggle
DirectCapConclusion,EN265,"=1/((EN266=""Show"")+(EN266<>""Hide"")*((EN271<>0)+(EN272<>0)))",Backend UI Toggle
DirectCapConclusion,EO265,"=1/((EO266=""Show"")+(EO266<>""Hide"")*((EO271<>0)+(EO272<>0)))",Backend UI Toggle
DirectCapConclusion,EP265,"=1/((EP266=""Show"")+(EP266<>""Hide"")*((EP271<>0)+(EP272<>0)))",Backend UI Toggle
DirectCapConclusion,EQ265,"=1/((EQ266=""Show"")+(EQ266<>""Hide"")*((EQ271<>0)+(EQ272<>0)))",Backend UI Toggle
DirectCapConclusion,DS269,"=1/((DT269=""Show"")+(DT269<>""Hide""))",Backend UI Toggle
DirectCapConclusion,DS270,"=1/((DT270=""Show"")+(DT270<>""Hide""))",Backend UI Toggle
DirectCapConclusion,DS271,"=1/((DT271=""Show"")+(DT271<>""Hide""))",Backend UI Toggle
DirectCapConclusion,DS272,"=1/((DT272=""Show"")+(DT272<>""Hide""))",Backend UI Toggle
DirectCapConclusion,DS273,"=1/((DT273=""Show"")+(DT273<>""Hide""))",Backend UI Toggle
DirectCapConclusion,DS274,"=1/((DT274=""Show"")+(DT274<>""Hide""))",Backend UI Toggle
DirectCapConclusion,DS275,"=1/((DT275=""Show"")+(DT275<>""Hide""))",Backend UI Toggle
